Year,Month,Day,Hour,Minute,Wind Speed at 100m (m/s)
2018,1,1,0,0,7.146666666666666
2018,1,1,1,0,6.846666666666668
2018,1,1,2,0,7.596666666666667
2018,1,1,3,0,7.010000000000001
2018,1,1,4,0,6.916666666666667
2018,1,1,5,0,7.03
2018,1,1,6,0,6.97
2018,1,1,7,0,7.013333333333333
2018,1,1,8,0,7.176666666666667
2018,1,1,9,0,6.283333333333334
2018,1,1,10,0,6.396666666666666
2018,1,1,11,0,7.363333333333333
2018,1,1,12,0,8.183333333333332
2018,1,1,13,0,8.343333333333332
2018,1,1,14,0,8.103333333333333
2018,1,1,15,0,7.903333333333333
2018,1,1,16,0,8.93
2018,1,1,17,0,9.726666666666667
2018,1,1,18,0,10.546666666666667
2018,1,1,19,0,10.506666666666666
2018,1,1,20,0,10.113333333333332
2018,1,1,21,0,8.903333333333332
2018,1,1,22,0,8.236666666666666
2018,1,1,23,0,6.716666666666666
2018,1,2,0,0,6.133333333333333
2018,1,2,1,0,5.896666666666667
2018,1,2,2,0,5.566666666666666
2018,1,2,3,0,5.666666666666667
2018,1,2,4,0,5.180000000000001
2018,1,2,5,0,6.760000000000001
2018,1,2,6,0,8.046666666666667
2018,1,2,7,0,9.553333333333335
2018,1,2,8,0,11.219999999999999
2018,1,2,9,0,9.253333333333332
2018,1,2,10,0,7.583333333333333
2018,1,2,11,0,6.72
2018,1,2,12,0,6.7
2018,1,2,13,0,7.3066666666666675
2018,1,2,14,0,7.986666666666667
2018,1,2,15,0,8.950000000000001
2018,1,2,16,0,8.5
2018,1,2,17,0,8.74
2018,1,2,18,0,10.29
2018,1,2,19,0,11.543333333333335
2018,1,2,20,0,11.956666666666665
2018,1,2,21,0,12.193333333333335
2018,1,2,22,0,11.78
2018,1,2,23,0,11.323333333333332
2018,1,3,0,0,10.916666666666666
2018,1,3,1,0,11.003333333333332
2018,1,3,2,0,10.986666666666666
2018,1,3,3,0,10.203333333333333
2018,1,3,4,0,9.103333333333333
2018,1,3,5,0,8.65
2018,1,3,6,0,8.433333333333332
2018,1,3,7,0,7.4366666666666665
2018,1,3,8,0,7.0566666666666675
2018,1,3,9,0,5.453333333333333
2018,1,3,10,0,3.3033333333333332
2018,1,3,11,0,2.8333333333333335
2018,1,3,12,0,2.9433333333333334
2018,1,3,13,0,2.77
2018,1,3,14,0,2.8699999999999997
2018,1,3,15,0,2.7366666666666664
2018,1,3,16,0,3.5833333333333335
2018,1,3,17,0,5.170000000000001
2018,1,3,18,0,7.330000000000001
2018,1,3,19,0,7.47
2018,1,3,20,0,7.930000000000001
2018,1,3,21,0,6.996666666666666
2018,1,3,22,0,7.1000000000000005
2018,1,3,23,0,7.18
2018,1,4,0,0,6.183333333333334
2018,1,4,1,0,4.5633333333333335
2018,1,4,2,0,3.72
2018,1,4,3,0,3.7833333333333337
2018,1,4,4,0,5.12
2018,1,4,5,0,7.69
2018,1,4,6,0,7.8933333333333335
2018,1,4,7,0,8.92
2018,1,4,8,0,9.65
2018,1,4,9,0,9.146666666666667
2018,1,4,10,0,6.593333333333334
2018,1,4,11,0,5.77
2018,1,4,12,0,5.266666666666667
2018,1,4,13,0,4.923333333333333
2018,1,4,14,0,4.88
2018,1,4,15,0,4.696666666666666
2018,1,4,16,0,4.786666666666666
2018,1,4,17,0,4.656666666666666
2018,1,4,18,0,4.086666666666667
2018,1,4,19,0,3.8866666666666667
2018,1,4,20,0,2.2033333333333336
2018,1,4,21,0,1.4799999999999998
2018,1,4,22,0,2.67
2018,1,4,23,0,3.396666666666667
2018,1,5,0,0,3.483333333333333
2018,1,5,1,0,4.69
2018,1,5,2,0,5.496666666666667
2018,1,5,3,0,5.926666666666667
2018,1,5,4,0,5.930000000000001
2018,1,5,5,0,4.61
2018,1,5,6,0,6.113333333333333
2018,1,5,7,0,5.659999999999999
2018,1,5,8,0,5.653333333333333
2018,1,5,9,0,5.87
2018,1,5,10,0,4.533333333333333
2018,1,5,11,0,4.16
2018,1,5,12,0,4.176666666666667
2018,1,5,13,0,4.423333333333333
2018,1,5,14,0,4.12
2018,1,5,15,0,4.03
2018,1,5,16,0,4.31
2018,1,5,17,0,5.453333333333333
2018,1,5,18,0,7.6000000000000005
2018,1,5,19,0,6.390000000000001
2018,1,5,20,0,6.390000000000001
2018,1,5,21,0,5.543333333333333
2018,1,5,22,0,5.260000000000001
2018,1,5,23,0,5.01
2018,1,6,0,0,4.77
2018,1,6,1,0,3.1566666666666667
2018,1,6,2,0,3.1133333333333333
2018,1,6,3,0,3.83
2018,1,6,4,0,4.390000000000001
2018,1,6,5,0,4.72
2018,1,6,6,0,4.686666666666667
2018,1,6,7,0,4.66
2018,1,6,8,0,4.5
2018,1,6,9,0,4.3500000000000005
2018,1,6,10,0,2.7466666666666666
2018,1,6,11,0,3.1666666666666665
2018,1,6,12,0,4.8133333333333335
2018,1,6,13,0,5.343333333333334
2018,1,6,14,0,5.95
2018,1,6,15,0,5.81
2018,1,6,16,0,6.223333333333334
2018,1,6,17,0,7.57
2018,1,6,18,0,8.16
2018,1,6,19,0,7.45
2018,1,6,20,0,7.006666666666667
2018,1,6,21,0,7.28
2018,1,6,22,0,7.489999999999999
2018,1,6,23,0,6.623333333333334
2018,1,7,0,0,11.093333333333334
2018,1,7,1,0,12.53
2018,1,7,2,0,11.979999999999999
2018,1,7,3,0,10.953333333333333
2018,1,7,4,0,13.25
2018,1,7,5,0,15.666666666666666
2018,1,7,6,0,15.123333333333333
2018,1,7,7,0,13.69
2018,1,7,8,0,14.290000000000001
2018,1,7,9,0,12.673333333333332
2018,1,7,10,0,11.173333333333334
2018,1,7,11,0,11.1
2018,1,7,12,0,10.590000000000002
2018,1,7,13,0,9.806666666666667
2018,1,7,14,0,9.61
2018,1,7,15,0,8.44
2018,1,7,16,0,7.333333333333333
2018,1,7,17,0,7.68
2018,1,7,18,0,6.566666666666667
2018,1,7,19,0,5.843333333333334
2018,1,7,20,0,4.816666666666667
2018,1,7,21,0,4.63
2018,1,7,22,0,3.733333333333333
2018,1,7,23,0,3.58
2018,1,8,0,0,3.84
2018,1,8,1,0,4.403333333333333
2018,1,8,2,0,5.989999999999999
2018,1,8,3,0,8.07
2018,1,8,4,0,8.276666666666666
2018,1,8,5,0,7.873333333333334
2018,1,8,6,0,7.563333333333333
2018,1,8,7,0,8.133333333333333
2018,1,8,8,0,8.57
2018,1,8,9,0,9.12
2018,1,8,10,0,6.636666666666667
2018,1,8,11,0,5.236666666666667
2018,1,8,12,0,5.1066666666666665
2018,1,8,13,0,5.63
2018,1,8,14,0,6.426666666666667
2018,1,8,15,0,6.976666666666667
2018,1,8,16,0,7.096666666666667
2018,1,8,17,0,8.673333333333334
2018,1,8,18,0,10.24
2018,1,8,19,0,10.593333333333334
2018,1,8,20,0,9.493333333333332
2018,1,8,21,0,9.290000000000001
2018,1,8,22,0,8.853333333333333
2018,1,8,23,0,9.266666666666667
2018,1,9,0,0,8.659999999999998
2018,1,9,1,0,9.38
2018,1,9,2,0,10.433333333333334
2018,1,9,3,0,12.49
2018,1,9,4,0,12.90333333333333
2018,1,9,5,0,10.183333333333334
2018,1,9,6,0,8.973333333333333
2018,1,9,7,0,7.716666666666668
2018,1,9,8,0,6.343333333333334
2018,1,9,9,0,4.906666666666667
2018,1,9,10,0,4.23
2018,1,9,11,0,4.506666666666667
2018,1,9,12,0,5.183333333333334
2018,1,9,13,0,4.9
2018,1,9,14,0,4.903333333333333
2018,1,9,15,0,5.463333333333334
2018,1,9,16,0,7.486666666666667
2018,1,9,17,0,9.366666666666667
2018,1,9,18,0,11.486666666666666
2018,1,9,19,0,11.07
2018,1,9,20,0,7.4433333333333325
2018,1,9,21,0,11.18
2018,1,9,22,0,10.936666666666667
2018,1,9,23,0,10.159999999999998
2018,1,10,0,0,12.573333333333332
2018,1,10,1,0,12.223333333333334
2018,1,10,2,0,11.603333333333333
2018,1,10,3,0,11.776666666666666
2018,1,10,4,0,11.773333333333333
2018,1,10,5,0,10.65
2018,1,10,6,0,9.963333333333333
2018,1,10,7,0,8.133333333333333
2018,1,10,8,0,7.613333333333333
2018,1,10,9,0,5.053333333333334
2018,1,10,10,0,4.183333333333334
2018,1,10,11,0,4.756666666666667
2018,1,10,12,0,6.640000000000001
2018,1,10,13,0,6.419999999999999
2018,1,10,14,0,7.080000000000001
2018,1,10,15,0,6.976666666666667
2018,1,10,16,0,6.386666666666667
2018,1,10,17,0,7.953333333333333
2018,1,10,18,0,13.183333333333332
2018,1,10,19,0,16.846666666666668
2018,1,10,20,0,18.046666666666667
2018,1,10,21,0,19.856666666666666
2018,1,10,22,0,20.12
2018,1,10,23,0,17.900000000000002
2018,1,11,0,0,17.876666666666665
2018,1,11,1,0,16.333333333333332
2018,1,11,2,0,17.106666666666666
2018,1,11,3,0,14.743333333333334
2018,1,11,4,0,12.65333333333333
2018,1,11,5,0,14.376666666666667
2018,1,11,6,0,12.88
2018,1,11,7,0,13.516666666666667
2018,1,11,8,0,12.67
2018,1,11,9,0,12.156666666666666
2018,1,11,10,0,11.206666666666669
2018,1,11,11,0,10.156666666666666
2018,1,11,12,0,8.386666666666667
2018,1,11,13,0,7.636666666666667
2018,1,11,14,0,6.506666666666667
2018,1,11,15,0,4.98
2018,1,11,16,0,4.953333333333333
2018,1,11,17,0,5.07
2018,1,11,18,0,5.55
2018,1,11,19,0,6.890000000000001
2018,1,11,20,0,6.713333333333334
2018,1,11,21,0,7.893333333333334
2018,1,11,22,0,8.013333333333334
2018,1,11,23,0,7.29
2018,1,12,0,0,7.466666666666668
2018,1,12,1,0,9.603333333333333
2018,1,12,2,0,9.43
2018,1,12,3,0,8.63
2018,1,12,4,0,7.903333333333333
2018,1,12,5,0,7.463333333333334
2018,1,12,6,0,8.08
2018,1,12,7,0,7.346666666666668
2018,1,12,8,0,6.836666666666667
2018,1,12,9,0,4.223333333333334
2018,1,12,10,0,4.95
2018,1,12,11,0,5.373333333333334
2018,1,12,12,0,4.956666666666667
2018,1,12,13,0,5.423333333333333
2018,1,12,14,0,8.936666666666667
2018,1,12,15,0,7.66
2018,1,12,16,0,7.0566666666666675
2018,1,12,17,0,6.043333333333333
2018,1,12,18,0,5.803333333333334
2018,1,12,19,0,7.64
2018,1,12,20,0,4.52
2018,1,12,21,0,3.1566666666666663
2018,1,12,22,0,2.5533333333333332
2018,1,12,23,0,2.8866666666666667
2018,1,13,0,0,4.013333333333334
2018,1,13,1,0,4.176666666666667
2018,1,13,2,0,5.7700000000000005
2018,1,13,3,0,5.97
2018,1,13,4,0,6.329999999999999
2018,1,13,5,0,5.753333333333334
2018,1,13,6,0,5.37
2018,1,13,7,0,4.906666666666666
2018,1,13,8,0,4.576666666666667
2018,1,13,9,0,4.636666666666667
2018,1,13,10,0,4.596666666666667
2018,1,13,11,0,3.4299999999999997
2018,1,13,12,0,3.3266666666666667
2018,1,13,13,0,3.25
2018,1,13,14,0,2.39
2018,1,13,15,0,1.9466666666666665
2018,1,13,16,0,2.89
2018,1,13,17,0,5.210000000000001
2018,1,13,18,0,5.646666666666666
2018,1,13,19,0,5.633333333333334
2018,1,13,20,0,4.793333333333333
2018,1,13,21,0,3.61
2018,1,13,22,0,5.41
2018,1,13,23,0,4.44
2018,1,14,0,0,9.386666666666665
2018,1,14,1,0,8.85
2018,1,14,2,0,9.913333333333332
2018,1,14,3,0,10.159999999999998
2018,1,14,4,0,10.353333333333333
2018,1,14,5,0,8.973333333333334
2018,1,14,6,0,8.643333333333333
2018,1,14,7,0,8.496666666666668
2018,1,14,8,0,7.29
2018,1,14,9,0,6.993333333333333
2018,1,14,10,0,6.75
2018,1,14,11,0,6.486666666666667
2018,1,14,12,0,6.256666666666667
2018,1,14,13,0,5.6433333333333335
2018,1,14,14,0,6.099999999999999
2018,1,14,15,0,6.5566666666666675
2018,1,14,16,0,5.413333333333334
2018,1,14,17,0,5.156666666666666
2018,1,14,18,0,7.12
2018,1,14,19,0,9.34
2018,1,14,20,0,7.97
2018,1,14,21,0,9.273333333333333
2018,1,14,22,0,8.703333333333333
2018,1,14,23,0,9.46
2018,1,15,0,0,10.57
2018,1,15,1,0,10.906666666666666
2018,1,15,2,0,10.446666666666665
2018,1,15,3,0,10.553333333333335
2018,1,15,4,0,9.953333333333335
2018,1,15,5,0,9.540000000000001
2018,1,15,6,0,9.520000000000001
2018,1,15,7,0,9.436666666666667
2018,1,15,8,0,9.053333333333335
2018,1,15,9,0,9.83
2018,1,15,10,0,9.496666666666668
2018,1,15,11,0,9.356666666666667
2018,1,15,12,0,9.846666666666666
2018,1,15,13,0,9.556666666666667
2018,1,15,14,0,9.546666666666667
2018,1,15,15,0,10.68
2018,1,15,16,0,10.216666666666667
2018,1,15,17,0,10.056666666666667
2018,1,15,18,0,9.01
2018,1,15,19,0,8.016666666666666
2018,1,15,20,0,6.783333333333334
2018,1,15,21,0,6.563333333333333
2018,1,15,22,0,6.243333333333333
2018,1,15,23,0,6.390000000000001
2018,1,16,0,0,6.216666666666666
2018,1,16,1,0,5.98
2018,1,16,2,0,5.706666666666667
2018,1,16,3,0,5.626666666666666
2018,1,16,4,0,5.4799999999999995
2018,1,16,5,0,5.756666666666668
2018,1,16,6,0,4.906666666666667
2018,1,16,7,0,4.593333333333334
2018,1,16,8,0,5.14
2018,1,16,9,0,3.6466666666666665
2018,1,16,10,0,1.72
2018,1,16,11,0,1.5833333333333333
2018,1,16,12,0,1.5999999999999999
2018,1,16,13,0,1.7666666666666668
2018,1,16,14,0,2.0966666666666667
2018,1,16,15,0,2.77
2018,1,16,16,0,3.39
2018,1,16,17,0,5.646666666666667
2018,1,16,18,0,7.383333333333333
2018,1,16,19,0,8.583333333333334
2018,1,16,20,0,9.540000000000001
2018,1,16,21,0,10.06
2018,1,16,22,0,10.273333333333333
2018,1,16,23,0,11.013333333333334
2018,1,17,0,0,11.043333333333335
2018,1,17,1,0,10.093333333333334
2018,1,17,2,0,7.916666666666667
2018,1,17,3,0,5.996666666666666
2018,1,17,4,0,4.57
2018,1,17,5,0,3.68
2018,1,17,6,0,4.323333333333333
2018,1,17,7,0,2.8766666666666665
2018,1,17,8,0,3.6
2018,1,17,9,0,4.8999999999999995
2018,1,17,10,0,4.973333333333334
2018,1,17,11,0,3.5866666666666673
2018,1,17,12,0,5.32
2018,1,17,13,0,5.076666666666667
2018,1,17,14,0,4.216666666666667
2018,1,17,15,0,4.253333333333333
2018,1,17,16,0,5.116666666666667
2018,1,17,17,0,5.646666666666666
2018,1,17,18,0,5.84
2018,1,17,19,0,4.823333333333333
2018,1,17,20,0,3.84
2018,1,17,21,0,3.5400000000000005
2018,1,17,22,0,4.333333333333333
2018,1,17,23,0,4.9433333333333325
2018,1,18,0,0,6.206666666666667
2018,1,18,1,0,7.0
2018,1,18,2,0,7.426666666666667
2018,1,18,3,0,8.4
2018,1,18,4,0,8.58
2018,1,18,5,0,7.0
2018,1,18,6,0,4.7299999999999995
2018,1,18,7,0,4.580000000000001
2018,1,18,8,0,4.673333333333334
2018,1,18,9,0,7.31
2018,1,18,10,0,5.743333333333333
2018,1,18,11,0,4.42
2018,1,18,12,0,3.41
2018,1,18,13,0,3.936666666666667
2018,1,18,14,0,4.053333333333334
2018,1,18,15,0,4.2
2018,1,18,16,0,3.8266666666666667
2018,1,18,17,0,4.890000000000001
2018,1,18,18,0,4.66
2018,1,18,19,0,5.746666666666666
2018,1,18,20,0,7.03
2018,1,18,21,0,8.463333333333333
2018,1,18,22,0,7.183333333333334
2018,1,18,23,0,7.66
2018,1,19,0,0,8.193333333333333
2018,1,19,1,0,8.896666666666667
2018,1,19,2,0,8.753333333333332
2018,1,19,3,0,8.61
2018,1,19,4,0,9.11
2018,1,19,5,0,9.126666666666667
2018,1,19,6,0,8.213333333333333
2018,1,19,7,0,8.013333333333334
2018,1,19,8,0,7.343333333333334
2018,1,19,9,0,9.013333333333334
2018,1,19,10,0,7.156666666666666
2018,1,19,11,0,5.11
2018,1,19,12,0,3.823333333333333
2018,1,19,13,0,3.823333333333333
2018,1,19,14,0,2.1633333333333336
2018,1,19,15,0,3.2566666666666664
2018,1,19,16,0,1.376666666666667
2018,1,19,17,0,3.856666666666666
2018,1,19,18,0,4.286666666666667
2018,1,19,19,0,3.396666666666667
2018,1,19,20,0,3.186666666666667
2018,1,19,21,0,4.906666666666666
2018,1,19,22,0,4.6866666666666665
2018,1,19,23,0,7.740000000000001
2018,1,20,0,0,7.016666666666667
2018,1,20,1,0,8.99
2018,1,20,2,0,11.016666666666666
2018,1,20,3,0,10.22
2018,1,20,4,0,10.923333333333334
2018,1,20,5,0,11.663333333333332
2018,1,20,6,0,9.67
2018,1,20,7,0,9.323333333333332
2018,1,20,8,0,8.716666666666667
2018,1,20,9,0,9.263333333333334
2018,1,20,10,0,8.063333333333333
2018,1,20,11,0,7.556666666666666
2018,1,20,12,0,5.823333333333334
2018,1,20,13,0,5.043333333333333
2018,1,20,14,0,6.343333333333334
2018,1,20,15,0,6.640000000000001
2018,1,20,16,0,5.95
2018,1,20,17,0,7.510000000000001
2018,1,20,18,0,10.626666666666667
2018,1,20,19,0,9.33
2018,1,20,20,0,10.363333333333333
2018,1,20,21,0,9.896666666666667
2018,1,20,22,0,8.726666666666667
2018,1,20,23,0,8.799999999999999
2018,1,21,0,0,7.8566666666666665
2018,1,21,1,0,8.233333333333333
2018,1,21,2,0,7.0200000000000005
2018,1,21,3,0,5.8933333333333335
2018,1,21,4,0,7.166666666666667
2018,1,21,5,0,6.9799999999999995
2018,1,21,6,0,6.95
2018,1,21,7,0,8.323333333333332
2018,1,21,8,0,7.95
2018,1,21,9,0,8.020000000000001
2018,1,21,10,0,8.906666666666666
2018,1,21,11,0,8.270000000000001
2018,1,21,12,0,9.253333333333332
2018,1,21,13,0,9.8
2018,1,21,14,0,11.450000000000001
2018,1,21,15,0,13.233333333333334
2018,1,21,16,0,14.040000000000001
2018,1,21,17,0,16.886666666666667
2018,1,21,18,0,17.959999999999997
2018,1,21,19,0,19.026666666666667
2018,1,21,20,0,19.439999999999998
2018,1,21,21,0,19.636666666666667
2018,1,21,22,0,19.743333333333336
2018,1,21,23,0,19.900000000000002
2018,1,22,0,0,20.016666666666666
2018,1,22,1,0,19.423333333333332
2018,1,22,2,0,18.546666666666667
2018,1,22,3,0,18.53
2018,1,22,4,0,18.65
2018,1,22,5,0,17.613333333333333
2018,1,22,6,0,17.313333333333333
2018,1,22,7,0,16.28
2018,1,22,8,0,15.473333333333334
2018,1,22,9,0,13.796666666666667
2018,1,22,10,0,12.469999999999999
2018,1,22,11,0,12.14
2018,1,22,12,0,11.686666666666667
2018,1,22,13,0,11.363333333333332
2018,1,22,14,0,10.770000000000001
2018,1,22,15,0,10.18
2018,1,22,16,0,10.166666666666666
2018,1,22,17,0,9.540000000000001
2018,1,22,18,0,12.203333333333333
2018,1,22,19,0,12.82
2018,1,22,20,0,10.54
2018,1,22,21,0,10.969999999999999
2018,1,22,22,0,10.729999999999999
2018,1,22,23,0,7.623333333333334
2018,1,23,0,0,7.233333333333334
2018,1,23,1,0,8.023333333333333
2018,1,23,2,0,8.586666666666666
2018,1,23,3,0,8.576666666666666
2018,1,23,4,0,6.659999999999999
2018,1,23,5,0,7.153333333333333
2018,1,23,6,0,6.183333333333334
2018,1,23,7,0,8.146666666666667
2018,1,23,8,0,7.376666666666668
2018,1,23,9,0,6.739999999999999
2018,1,23,10,0,5.19
2018,1,23,11,0,5.32
2018,1,23,12,0,4.896666666666667
2018,1,23,13,0,5.673333333333333
2018,1,23,14,0,5.216666666666668
2018,1,23,15,0,4.956666666666667
2018,1,23,16,0,5.613333333333333
2018,1,23,17,0,6.126666666666668
2018,1,23,18,0,6.776666666666666
2018,1,23,19,0,6.3566666666666665
2018,1,23,20,0,6.580000000000001
2018,1,23,21,0,3.69
2018,1,23,22,0,5.0
2018,1,23,23,0,4.416666666666667
2018,1,24,0,0,4.916666666666667
2018,1,24,1,0,5.716666666666666
2018,1,24,2,0,8.036666666666667
2018,1,24,3,0,9.506666666666668
2018,1,24,4,0,10.15
2018,1,24,5,0,9.54
2018,1,24,6,0,9.09
2018,1,24,7,0,8.486666666666666
2018,1,24,8,0,7.336666666666666
2018,1,24,9,0,7.696666666666666
2018,1,24,10,0,7.303333333333334
2018,1,24,11,0,6.1499999999999995
2018,1,24,12,0,4.680000000000001
2018,1,24,13,0,4.81
2018,1,24,14,0,5.666666666666667
2018,1,24,15,0,4.93
2018,1,24,16,0,5.31
2018,1,24,17,0,6.039999999999999
2018,1,24,18,0,6.8
2018,1,24,19,0,8.07
2018,1,24,20,0,6.733333333333333
2018,1,24,21,0,6.890000000000001
2018,1,24,22,0,6.536666666666666
2018,1,24,23,0,6.9366666666666665
2018,1,25,0,0,6.433333333333334
2018,1,25,1,0,5.88
2018,1,25,2,0,5.72
2018,1,25,3,0,4.736666666666667
2018,1,25,4,0,4.583333333333334
2018,1,25,5,0,6.263333333333333
2018,1,25,6,0,4.846666666666667
2018,1,25,7,0,4.2
2018,1,25,8,0,6.07
2018,1,25,9,0,8.573333333333332
2018,1,25,10,0,8.06
2018,1,25,11,0,8.3
2018,1,25,12,0,9.770000000000001
2018,1,25,13,0,10.44
2018,1,25,14,0,11.266666666666666
2018,1,25,15,0,11.926666666666668
2018,1,25,16,0,11.663333333333332
2018,1,25,17,0,12.32
2018,1,25,18,0,13.219999999999999
2018,1,25,19,0,14.286666666666667
2018,1,25,20,0,16.403333333333332
2018,1,25,21,0,15.146666666666667
2018,1,25,22,0,13.43
2018,1,25,23,0,13.520000000000001
2018,1,26,0,0,13.823333333333332
2018,1,26,1,0,13.836666666666668
2018,1,26,2,0,14.406666666666666
2018,1,26,3,0,12.726666666666667
2018,1,26,4,0,12.18
2018,1,26,5,0,12.043333333333335
2018,1,26,6,0,12.326666666666666
2018,1,26,7,0,11.436666666666667
2018,1,26,8,0,11.61
2018,1,26,9,0,10.37
2018,1,26,10,0,12.213333333333333
2018,1,26,11,0,11.896666666666667
2018,1,26,12,0,12.366666666666667
2018,1,26,13,0,11.286666666666667
2018,1,26,14,0,10.956666666666669
2018,1,26,15,0,10.83
2018,1,26,16,0,10.583333333333334
2018,1,26,17,0,10.383333333333333
2018,1,26,18,0,10.956666666666665
2018,1,26,19,0,10.076666666666666
2018,1,26,20,0,11.483333333333334
2018,1,26,21,0,12.126666666666665
2018,1,26,22,0,10.413333333333334
2018,1,26,23,0,9.87
2018,1,27,0,0,9.046666666666667
2018,1,27,1,0,7.84
2018,1,27,2,0,7.766666666666666
2018,1,27,3,0,8.31
2018,1,27,4,0,8.026666666666666
2018,1,27,5,0,7.986666666666667
2018,1,27,6,0,7.816666666666667
2018,1,27,7,0,8.113333333333335
2018,1,27,8,0,8.93
2018,1,27,9,0,8.176666666666668
2018,1,27,10,0,5.793333333333334
2018,1,27,11,0,5.45
2018,1,27,12,0,5.06
2018,1,27,13,0,5.37
2018,1,27,14,0,4.823333333333333
2018,1,27,15,0,3.716666666666667
2018,1,27,16,0,3.5
2018,1,27,17,0,6.256666666666668
2018,1,27,18,0,8.336666666666666
2018,1,27,19,0,8.6
2018,1,27,20,0,8.493333333333334
2018,1,27,21,0,7.169999999999999
2018,1,27,22,0,6.493333333333333
2018,1,27,23,0,5.246666666666667
2018,1,28,0,0,7.023333333333333
2018,1,28,1,0,6.736666666666667
2018,1,28,2,0,7.046666666666667
2018,1,28,3,0,7.359999999999999
2018,1,28,4,0,7.723333333333334
2018,1,28,5,0,8.906666666666666
2018,1,28,6,0,9.446666666666667
2018,1,28,7,0,9.799999999999999
2018,1,28,8,0,9.24
2018,1,28,9,0,9.153333333333334
2018,1,28,10,0,7.966666666666666
2018,1,28,11,0,6.176666666666667
2018,1,28,12,0,5.336666666666666
2018,1,28,13,0,4.693333333333333
2018,1,28,14,0,5.79
2018,1,28,15,0,5.946666666666666
2018,1,28,16,0,7.55
2018,1,28,17,0,11.093333333333334
2018,1,28,18,0,10.500000000000002
2018,1,28,19,0,8.146666666666667
2018,1,28,20,0,7.580000000000001
2018,1,28,21,0,5.676666666666667
2018,1,28,22,0,3.1266666666666665
2018,1,28,23,0,3.5400000000000005
2018,1,29,0,0,4.1433333333333335
2018,1,29,1,0,4.206666666666667
2018,1,29,2,0,4.38
2018,1,29,3,0,5.303333333333334
2018,1,29,4,0,5.3133333333333335
2018,1,29,5,0,5.859999999999999
2018,1,29,6,0,5.3
2018,1,29,7,0,4.489999999999999
2018,1,29,8,0,4.323333333333333
2018,1,29,9,0,5.546666666666667
2018,1,29,10,0,4.2700000000000005
2018,1,29,11,0,2.8699999999999997
2018,1,29,12,0,2.43
2018,1,29,13,0,3.78
2018,1,29,14,0,3.603333333333333
2018,1,29,15,0,2.77
2018,1,29,16,0,2.19
2018,1,29,17,0,4.746666666666666
2018,1,29,18,0,6.080000000000001
2018,1,29,19,0,7.483333333333334
2018,1,29,20,0,8.716666666666667
2018,1,29,21,0,9.229999999999999
2018,1,29,22,0,9.363333333333333
2018,1,29,23,0,10.03
2018,1,30,0,0,10.159999999999998
2018,1,30,1,0,10.53
2018,1,30,2,0,9.899999999999999
2018,1,30,3,0,10.426666666666668
2018,1,30,4,0,10.843333333333334
2018,1,30,5,0,10.296666666666667
2018,1,30,6,0,10.216666666666667
2018,1,30,7,0,10.63
2018,1,30,8,0,6.86
2018,1,30,9,0,9.82
2018,1,30,10,0,11.5
2018,1,30,11,0,8.896666666666667
2018,1,30,12,0,10.153333333333334
2018,1,30,13,0,9.786666666666667
2018,1,30,14,0,8.450000000000001
2018,1,30,15,0,7.803333333333335
2018,1,30,16,0,6.433333333333334
2018,1,30,17,0,6.773333333333333
2018,1,30,18,0,9.683333333333334
2018,1,30,19,0,10.143333333333333
2018,1,30,20,0,9.81
2018,1,30,21,0,11.433333333333335
2018,1,30,22,0,12.766666666666667
2018,1,30,23,0,14.58
2018,1,31,0,0,15.466666666666669
2018,1,31,1,0,14.729999999999999
2018,1,31,2,0,14.173333333333332
2018,1,31,3,0,14.216666666666667
2018,1,31,4,0,8.446666666666667
2018,1,31,5,0,8.203333333333333
2018,1,31,6,0,6.083333333333333
2018,1,31,7,0,5.1499999999999995
2018,1,31,8,0,3.7900000000000005
2018,1,31,9,0,3.4633333333333334
2018,1,31,10,0,2.486666666666667
2018,1,31,11,0,3.5400000000000005
2018,1,31,12,0,3.7266666666666666
2018,1,31,13,0,4.32
2018,1,31,14,0,4.053333333333334
2018,1,31,15,0,3.3333333333333335
2018,1,31,16,0,2.8033333333333332
2018,1,31,17,0,6.243333333333333
2018,1,31,18,0,6.236666666666667
2018,1,31,19,0,9.106666666666667
2018,1,31,20,0,7.986666666666667
2018,1,31,21,0,7.6933333333333325
2018,1,31,22,0,8.01
2018,1,31,23,0,9.263333333333334
2018,2,1,0,0,7.653333333333333
2018,2,1,1,0,7.503333333333333
2018,2,1,2,0,6.45
2018,2,1,3,0,6.843333333333334
2018,2,1,4,0,5.836666666666666
2018,2,1,5,0,5.113333333333333
2018,2,1,6,0,4.69
2018,2,1,7,0,4.386666666666667
2018,2,1,8,0,5.5
2018,2,1,9,0,6.1000000000000005
2018,2,1,10,0,5.19
2018,2,1,11,0,4.713333333333334
2018,2,1,12,0,2.6933333333333334
2018,2,1,13,0,2.1799999999999997
2018,2,1,14,0,2.0966666666666667
2018,2,1,15,0,1.3933333333333333
2018,2,1,16,0,2.0766666666666667
2018,2,1,17,0,4.546666666666667
2018,2,1,18,0,6.026666666666667
2018,2,1,19,0,6.506666666666667
2018,2,1,20,0,7.123333333333334
2018,2,1,21,0,7.16
2018,2,1,22,0,7.3500000000000005
2018,2,1,23,0,10.31
2018,2,2,0,0,10.05
2018,2,2,1,0,9.413333333333334
2018,2,2,2,0,9.37
2018,2,2,3,0,9.616666666666667
2018,2,2,4,0,9.396666666666667
2018,2,2,5,0,8.213333333333333
2018,2,2,6,0,7.593333333333334
2018,2,2,7,0,8.36
2018,2,2,8,0,8.483333333333334
2018,2,2,9,0,6.396666666666667
2018,2,2,10,0,3.4599999999999995
2018,2,2,11,0,1.6966666666666665
2018,2,2,12,0,2.4033333333333338
2018,2,2,13,0,3.5
2018,2,2,14,0,4.586666666666667
2018,2,2,15,0,4.2
2018,2,2,16,0,4.283333333333333
2018,2,2,17,0,5.843333333333334
2018,2,2,18,0,4.983333333333333
2018,2,2,19,0,6.266666666666667
2018,2,2,20,0,6.323333333333333
2018,2,2,21,0,6.663333333333334
2018,2,2,22,0,6.3933333333333335
2018,2,2,23,0,8.799999999999999
2018,2,3,0,0,7.210000000000001
2018,2,3,1,0,6.936666666666667
2018,2,3,2,0,7.653333333333333
2018,2,3,3,0,8.313333333333333
2018,2,3,4,0,9.533333333333333
2018,2,3,5,0,11.89
2018,2,3,6,0,11.036666666666667
2018,2,3,7,0,12.420000000000002
2018,2,3,8,0,11.643333333333333
2018,2,3,9,0,10.006666666666666
2018,2,3,10,0,8.536666666666667
2018,2,3,11,0,8.113333333333333
2018,2,3,12,0,7.6000000000000005
2018,2,3,13,0,6.876666666666666
2018,2,3,14,0,6.150000000000001
2018,2,3,15,0,7.913333333333334
2018,2,3,16,0,6.813333333333333
2018,2,3,17,0,8.716666666666667
2018,2,3,18,0,8.83
2018,2,3,19,0,8.16
2018,2,3,20,0,6.653333333333333
2018,2,3,21,0,11.083333333333334
2018,2,3,22,0,9.39
2018,2,3,23,0,7.913333333333334
2018,2,4,0,0,5.1866666666666665
2018,2,4,1,0,4.763333333333333
2018,2,4,2,0,4.79
2018,2,4,3,0,3.4633333333333334
2018,2,4,4,0,4.913333333333333
2018,2,4,5,0,4.609999999999999
2018,2,4,6,0,7.223333333333334
2018,2,4,7,0,7.383333333333333
2018,2,4,8,0,7.226666666666667
2018,2,4,9,0,6.146666666666667
2018,2,4,10,0,5.840000000000001
2018,2,4,11,0,4.239999999999999
2018,2,4,12,0,3.016666666666667
2018,2,4,13,0,3.3833333333333333
2018,2,4,14,0,3.9433333333333334
2018,2,4,15,0,2.973333333333333
2018,2,4,16,0,4.016666666666667
2018,2,4,17,0,5.13
2018,2,4,18,0,6.6433333333333335
2018,2,4,19,0,8.08
2018,2,4,20,0,9.386666666666667
2018,2,4,21,0,10.293333333333335
2018,2,4,22,0,10.576666666666666
2018,2,4,23,0,10.65
2018,2,5,0,0,9.823333333333332
2018,2,5,1,0,10.843333333333334
2018,2,5,2,0,9.963333333333333
2018,2,5,3,0,10.396666666666667
2018,2,5,4,0,11.44
2018,2,5,5,0,13.286666666666667
2018,2,5,6,0,17.05
2018,2,5,7,0,16.926666666666666
2018,2,5,8,0,14.623333333333333
2018,2,5,9,0,14.64
2018,2,5,10,0,12.090000000000002
2018,2,5,11,0,11.329999999999998
2018,2,5,12,0,12.076666666666668
2018,2,5,13,0,10.443333333333333
2018,2,5,14,0,9.056666666666667
2018,2,5,15,0,10.136666666666667
2018,2,5,16,0,10.493333333333334
2018,2,5,17,0,9.46
2018,2,5,18,0,8.213333333333333
2018,2,5,19,0,6.080000000000001
2018,2,5,20,0,5.046666666666667
2018,2,5,21,0,3.4333333333333336
2018,2,5,22,0,3.7100000000000004
2018,2,5,23,0,4.91
2018,2,6,0,0,6.28
2018,2,6,1,0,6.896666666666666
2018,2,6,2,0,7.846666666666667
2018,2,6,3,0,6.516666666666667
2018,2,6,4,0,8.87
2018,2,6,5,0,8.716666666666667
2018,2,6,6,0,8.746666666666668
2018,2,6,7,0,8.28
2018,2,6,8,0,7.0566666666666675
2018,2,6,9,0,6.873333333333334
2018,2,6,10,0,6.44
2018,2,6,11,0,5.103333333333333
2018,2,6,12,0,4.663333333333333
2018,2,6,13,0,4.023333333333333
2018,2,6,14,0,2.8200000000000003
2018,2,6,15,0,1.82
2018,2,6,16,0,2.9
2018,2,6,17,0,2.58
2018,2,6,18,0,3.89
2018,2,6,19,0,3.98
2018,2,6,20,0,4.83
2018,2,6,21,0,7.156666666666667
2018,2,6,22,0,6.413333333333333
2018,2,6,23,0,6.413333333333334
2018,2,7,0,0,7.383333333333333
2018,2,7,1,0,7.609999999999999
2018,2,7,2,0,6.453333333333333
2018,2,7,3,0,5.2733333333333325
2018,2,7,4,0,4.796666666666667
2018,2,7,5,0,4.3933333333333335
2018,2,7,6,0,4.98
2018,2,7,7,0,6.266666666666667
2018,2,7,8,0,6.716666666666666
2018,2,7,9,0,5.913333333333334
2018,2,7,10,0,5.43
2018,2,7,11,0,6.503333333333333
2018,2,7,12,0,6.923333333333335
2018,2,7,13,0,6.829999999999999
2018,2,7,14,0,6.683333333333334
2018,2,7,15,0,5.5200000000000005
2018,2,7,16,0,4.283333333333333
2018,2,7,17,0,4.56
2018,2,7,18,0,5.826666666666667
2018,2,7,19,0,7.203333333333333
2018,2,7,20,0,6.12
2018,2,7,21,0,5.093333333333334
2018,2,7,22,0,3.376666666666667
2018,2,7,23,0,4.44
2018,2,8,0,0,4.876666666666667
2018,2,8,1,0,6.996666666666667
2018,2,8,2,0,8.49
2018,2,8,3,0,8.83
2018,2,8,4,0,7.723333333333334
2018,2,8,5,0,6.136666666666667
2018,2,8,6,0,5.853333333333334
2018,2,8,7,0,5.216666666666667
2018,2,8,8,0,4.510000000000001
2018,2,8,9,0,5.333333333333333
2018,2,8,10,0,5.673333333333333
2018,2,8,11,0,4.873333333333334
2018,2,8,12,0,5.6000000000000005
2018,2,8,13,0,4.446666666666667
2018,2,8,14,0,4.966666666666667
2018,2,8,15,0,5.586666666666666
2018,2,8,16,0,5.849999999999999
2018,2,8,17,0,5.6066666666666665
2018,2,8,18,0,5.406666666666666
2018,2,8,19,0,6.973333333333334
2018,2,8,20,0,8.366666666666667
2018,2,8,21,0,6.8500000000000005
2018,2,8,22,0,8.296666666666667
2018,2,8,23,0,7.733333333333334
2018,2,9,0,0,9.21
2018,2,9,1,0,7.72
2018,2,9,2,0,9.413333333333334
2018,2,9,3,0,8.43
2018,2,9,4,0,6.633333333333333
2018,2,9,5,0,9.219999999999999
2018,2,9,6,0,9.096666666666666
2018,2,9,7,0,7.28
2018,2,9,8,0,5.793333333333334
2018,2,9,9,0,4.673333333333334
2018,2,9,10,0,4.3
2018,2,9,11,0,4.680000000000001
2018,2,9,12,0,3.4899999999999998
2018,2,9,13,0,4.006666666666667
2018,2,9,14,0,5.053333333333334
2018,2,9,15,0,6.266666666666667
2018,2,9,16,0,5.656666666666667
2018,2,9,17,0,6.153333333333333
2018,2,9,18,0,5.826666666666667
2018,2,9,19,0,5.346666666666667
2018,2,9,20,0,6.876666666666666
2018,2,9,21,0,6.89
2018,2,9,22,0,5.989999999999999
2018,2,9,23,0,6.233333333333333
2018,2,10,0,0,3.85
2018,2,10,1,0,4.5
2018,2,10,2,0,3.7900000000000005
2018,2,10,3,0,4.1866666666666665
2018,2,10,4,0,4.276666666666666
2018,2,10,5,0,4.34
2018,2,10,6,0,4.406666666666667
2018,2,10,7,0,5.06
2018,2,10,8,0,4.343333333333334
2018,2,10,9,0,3.0
2018,2,10,10,0,3.553333333333333
2018,2,10,11,0,3.66
2018,2,10,12,0,3.3699999999999997
2018,2,10,13,0,3.1733333333333333
2018,2,10,14,0,3.6300000000000003
2018,2,10,15,0,4.166666666666667
2018,2,10,16,0,3.91
2018,2,10,17,0,2.92
2018,2,10,18,0,4.046666666666666
2018,2,10,19,0,5.53
2018,2,10,20,0,6.3933333333333335
2018,2,10,21,0,9.713333333333333
2018,2,10,22,0,11.01
2018,2,10,23,0,11.85
2018,2,11,0,0,11.543333333333335
2018,2,11,1,0,11.64
2018,2,11,2,0,11.523333333333333
2018,2,11,3,0,11.19
2018,2,11,4,0,10.386666666666668
2018,2,11,5,0,10.79
2018,2,11,6,0,10.536666666666667
2018,2,11,7,0,9.566666666666668
2018,2,11,8,0,8.31
2018,2,11,9,0,7.243333333333333
2018,2,11,10,0,4.733333333333333
2018,2,11,11,0,4.890000000000001
2018,2,11,12,0,4.51
2018,2,11,13,0,4.903333333333333
2018,2,11,14,0,5.093333333333334
2018,2,11,15,0,4.79
2018,2,11,16,0,4.7
2018,2,11,17,0,6.343333333333334
2018,2,11,18,0,8.243333333333332
2018,2,11,19,0,9.263333333333334
2018,2,11,20,0,8.643333333333333
2018,2,11,21,0,9.723333333333333
2018,2,11,22,0,11.076666666666668
2018,2,11,23,0,11.42
2018,2,12,0,0,11.836666666666666
2018,2,12,1,0,11.583333333333334
2018,2,12,2,0,10.88
2018,2,12,3,0,9.863333333333333
2018,2,12,4,0,9.67
2018,2,12,5,0,10.823333333333332
2018,2,12,6,0,10.61
2018,2,12,7,0,9.716666666666667
2018,2,12,8,0,10.426666666666668
2018,2,12,9,0,10.17
2018,2,12,10,0,9.816666666666668
2018,2,12,11,0,10.573333333333332
2018,2,12,12,0,11.606666666666667
2018,2,12,13,0,11.969999999999999
2018,2,12,14,0,12.290000000000001
2018,2,12,15,0,13.266666666666666
2018,2,12,16,0,13.12
2018,2,12,17,0,12.216666666666667
2018,2,12,18,0,10.31
2018,2,12,19,0,11.096666666666666
2018,2,12,20,0,10.676666666666668
2018,2,12,21,0,11.663333333333334
2018,2,12,22,0,10.770000000000001
2018,2,12,23,0,9.973333333333334
2018,2,13,0,0,9.383333333333335
2018,2,13,1,0,6.186666666666667
2018,2,13,2,0,7.253333333333334
2018,2,13,3,0,6.870000000000001
2018,2,13,4,0,7.773333333333333
2018,2,13,5,0,8.873333333333333
2018,2,13,6,0,9.916666666666666
2018,2,13,7,0,10.133333333333333
2018,2,13,8,0,10.066666666666666
2018,2,13,9,0,8.436666666666667
2018,2,13,10,0,6.6066666666666665
2018,2,13,11,0,4.843333333333334
2018,2,13,12,0,5.0
2018,2,13,13,0,4.553333333333334
2018,2,13,14,0,5.466666666666666
2018,2,13,15,0,5.5566666666666675
2018,2,13,16,0,5.6933333333333325
2018,2,13,17,0,6.6066666666666665
2018,2,13,18,0,6.783333333333334
2018,2,13,19,0,9.22
2018,2,13,20,0,10.936666666666667
2018,2,13,21,0,10.116666666666665
2018,2,13,22,0,10.42
2018,2,13,23,0,9.666666666666666
2018,2,14,0,0,9.193333333333333
2018,2,14,1,0,8.783333333333333
2018,2,14,2,0,7.599999999999999
2018,2,14,3,0,7.25
2018,2,14,4,0,7.7
2018,2,14,5,0,8.756666666666666
2018,2,14,6,0,7.623333333333334
2018,2,14,7,0,6.7299999999999995
2018,2,14,8,0,6.04
2018,2,14,9,0,5.206666666666667
2018,2,14,10,0,3.22
2018,2,14,11,0,4.89
2018,2,14,12,0,6.756666666666667
2018,2,14,13,0,8.233333333333333
2018,2,14,14,0,9.433333333333334
2018,2,14,15,0,10.33
2018,2,14,16,0,9.88
2018,2,14,17,0,8.506666666666666
2018,2,14,18,0,9.253333333333334
2018,2,14,19,0,11.286666666666667
2018,2,14,20,0,12.533333333333333
2018,2,14,21,0,13.399999999999999
2018,2,14,22,0,11.903333333333334
2018,2,14,23,0,11.023333333333333
2018,2,15,0,0,8.973333333333334
2018,2,15,1,0,10.209999999999999
2018,2,15,2,0,10.57
2018,2,15,3,0,11.173333333333334
2018,2,15,4,0,12.44
2018,2,15,5,0,13.213333333333333
2018,2,15,6,0,12.926666666666668
2018,2,15,7,0,12.426666666666668
2018,2,15,8,0,11.006666666666666
2018,2,15,9,0,8.64
2018,2,15,10,0,9.453333333333333
2018,2,15,11,0,7.09
2018,2,15,12,0,7.303333333333334
2018,2,15,13,0,7.54
2018,2,15,14,0,8.41
2018,2,15,15,0,7.713333333333334
2018,2,15,16,0,7.453333333333333
2018,2,15,17,0,12.823333333333332
2018,2,15,18,0,12.766666666666666
2018,2,15,19,0,12.736666666666666
2018,2,15,20,0,13.67
2018,2,15,21,0,12.646666666666667
2018,2,15,22,0,11.206666666666669
2018,2,15,23,0,10.836666666666666
2018,2,16,0,0,10.536666666666667
2018,2,16,1,0,8.81
2018,2,16,2,0,8.313333333333333
2018,2,16,3,0,7.316666666666666
2018,2,16,4,0,5.41
2018,2,16,5,0,4.3566666666666665
2018,2,16,6,0,4.396666666666667
2018,2,16,7,0,5.173333333333334
2018,2,16,8,0,3.986666666666667
2018,2,16,9,0,4.523333333333333
2018,2,16,10,0,5.87
2018,2,16,11,0,6.696666666666666
2018,2,16,12,0,8.093333333333334
2018,2,16,13,0,9.003333333333332
2018,2,16,14,0,9.916666666666666
2018,2,16,15,0,10.036666666666667
2018,2,16,16,0,10.766666666666667
2018,2,16,17,0,9.37
2018,2,16,18,0,10.200000000000001
2018,2,16,19,0,10.086666666666666
2018,2,16,20,0,8.013333333333334
2018,2,16,21,0,8.51
2018,2,16,22,0,8.573333333333332
2018,2,16,23,0,9.32
2018,2,17,0,0,8.546666666666667
2018,2,17,1,0,12.0
2018,2,17,2,0,11.913333333333334
2018,2,17,3,0,11.06
2018,2,17,4,0,10.043333333333331
2018,2,17,5,0,10.34
2018,2,17,6,0,10.043333333333335
2018,2,17,7,0,10.99
2018,2,17,8,0,10.883333333333333
2018,2,17,9,0,9.660000000000002
2018,2,17,10,0,8.636666666666667
2018,2,17,11,0,5.913333333333334
2018,2,17,12,0,4.906666666666666
2018,2,17,13,0,4.406666666666666
2018,2,17,14,0,4.096666666666667
2018,2,17,15,0,5.5566666666666675
2018,2,17,16,0,7.506666666666668
2018,2,17,17,0,8.793333333333333
2018,2,17,18,0,10.743333333333332
2018,2,17,19,0,12.553333333333333
2018,2,17,20,0,14.253333333333332
2018,2,17,21,0,14.44
2018,2,17,22,0,13.780000000000001
2018,2,17,23,0,12.916666666666666
2018,2,18,0,0,12.616666666666667
2018,2,18,1,0,13.126666666666667
2018,2,18,2,0,12.316666666666668
2018,2,18,3,0,12.966666666666667
2018,2,18,4,0,13.6
2018,2,18,5,0,13.606666666666667
2018,2,18,6,0,13.646666666666667
2018,2,18,7,0,13.803333333333335
2018,2,18,8,0,12.12
2018,2,18,9,0,9.753333333333334
2018,2,18,10,0,8.84
2018,2,18,11,0,8.116666666666665
2018,2,18,12,0,8.446666666666667
2018,2,18,13,0,9.39
2018,2,18,14,0,11.836666666666666
2018,2,18,15,0,12.826666666666668
2018,2,18,16,0,13.283333333333333
2018,2,18,17,0,10.113333333333332
2018,2,18,18,0,13.866666666666667
2018,2,18,19,0,15.336666666666666
2018,2,18,20,0,15.37
2018,2,18,21,0,13.786666666666667
2018,2,18,22,0,12.716666666666667
2018,2,18,23,0,11.516666666666666
2018,2,19,0,0,11.456666666666669
2018,2,19,1,0,10.87
2018,2,19,2,0,9.526666666666667
2018,2,19,3,0,8.553333333333335
2018,2,19,4,0,7.7700000000000005
2018,2,19,5,0,6.22
2018,2,19,6,0,5.79
2018,2,19,7,0,5.463333333333334
2018,2,19,8,0,4.693333333333333
2018,2,19,9,0,4.863333333333333
2018,2,19,10,0,3.893333333333333
2018,2,19,11,0,3.276666666666667
2018,2,19,12,0,2.72
2018,2,19,13,0,3.5533333333333332
2018,2,19,14,0,6.38
2018,2,19,15,0,7.0
2018,2,19,16,0,7.670000000000001
2018,2,19,17,0,8.513333333333334
2018,2,19,18,0,8.97
2018,2,19,19,0,7.57
2018,2,19,20,0,7.670000000000001
2018,2,19,21,0,8.24
2018,2,19,22,0,8.013333333333334
2018,2,19,23,0,7.446666666666666
2018,2,20,0,0,7.743333333333333
2018,2,20,1,0,7.406666666666667
2018,2,20,2,0,7.82
2018,2,20,3,0,8.226666666666667
2018,2,20,4,0,8.203333333333333
2018,2,20,5,0,8.506666666666666
2018,2,20,6,0,9.256666666666666
2018,2,20,7,0,9.673333333333334
2018,2,20,8,0,8.886666666666667
2018,2,20,9,0,8.280000000000001
2018,2,20,10,0,7.026666666666666
2018,2,20,11,0,6.05
2018,2,20,12,0,5.916666666666667
2018,2,20,13,0,4.723333333333333
2018,2,20,14,0,3.9899999999999998
2018,2,20,15,0,5.213333333333334
2018,2,20,16,0,5.283333333333334
2018,2,20,17,0,6.016666666666667
2018,2,20,18,0,6.433333333333334
2018,2,20,19,0,5.739999999999999
2018,2,20,20,0,4.340000000000001
2018,2,20,21,0,3.4500000000000006
2018,2,20,22,0,4.226666666666667
2018,2,20,23,0,4.403333333333333
2018,2,21,0,0,4.4
2018,2,21,1,0,3.16
2018,2,21,2,0,4.183333333333333
2018,2,21,3,0,3.926666666666667
2018,2,21,4,0,4.023333333333333
2018,2,21,5,0,4.206666666666667
2018,2,21,6,0,3.5400000000000005
2018,2,21,7,0,3.723333333333333
2018,2,21,8,0,2.4766666666666666
2018,2,21,9,0,2.733333333333333
2018,2,21,10,0,5.45
2018,2,21,11,0,6.216666666666668
2018,2,21,12,0,6.553333333333334
2018,2,21,13,0,7.963333333333334
2018,2,21,14,0,7.31
2018,2,21,15,0,7.31
2018,2,21,16,0,7.903333333333333
2018,2,21,17,0,8.046666666666667
2018,2,21,18,0,8.203333333333333
2018,2,21,19,0,8.943333333333333
2018,2,21,20,0,8.6
2018,2,21,21,0,7.493333333333333
2018,2,21,22,0,7.013333333333333
2018,2,21,23,0,6.73
2018,2,22,0,0,5.890000000000001
2018,2,22,1,0,5.830000000000001
2018,2,22,2,0,5.483333333333334
2018,2,22,3,0,6.289999999999999
2018,2,22,4,0,5.8566666666666665
2018,2,22,5,0,6.866666666666667
2018,2,22,6,0,6.283333333333334
2018,2,22,7,0,6.583333333333333
2018,2,22,8,0,6.896666666666667
2018,2,22,9,0,5.919999999999999
2018,2,22,10,0,4.993333333333333
2018,2,22,11,0,5.7700000000000005
2018,2,22,12,0,5.81
2018,2,22,13,0,6.396666666666667
2018,2,22,14,0,6.773333333333333
2018,2,22,15,0,7.303333333333335
2018,2,22,16,0,6.676666666666667
2018,2,22,17,0,4.613333333333333
2018,2,22,18,0,7.04
2018,2,22,19,0,6.103333333333333
2018,2,22,20,0,9.393333333333334
2018,2,22,21,0,8.543333333333333
2018,2,22,22,0,7.226666666666667
2018,2,22,23,0,7.489999999999999
2018,2,23,0,0,5.536666666666666
2018,2,23,1,0,6.9700000000000015
2018,2,23,2,0,5.636666666666667
2018,2,23,3,0,4.243333333333333
2018,2,23,4,0,3.14
2018,2,23,5,0,2.016666666666667
2018,2,23,6,0,1.7233333333333334
2018,2,23,7,0,1.24
2018,2,23,8,0,1.9233333333333336
2018,2,23,9,0,2.0466666666666664
2018,2,23,10,0,2.706666666666667
2018,2,23,11,0,5.010000000000001
2018,2,23,12,0,6.363333333333333
2018,2,23,13,0,6.8500000000000005
2018,2,23,14,0,7.5633333333333335
2018,2,23,15,0,7.593333333333334
2018,2,23,16,0,8.293333333333335
2018,2,23,17,0,9.25
2018,2,23,18,0,8.886666666666668
2018,2,23,19,0,8.136666666666665
2018,2,23,20,0,8.143333333333333
2018,2,23,21,0,7.239999999999999
2018,2,23,22,0,6.453333333333333
2018,2,23,23,0,5.026666666666666
2018,2,24,0,0,4.896666666666667
2018,2,24,1,0,4.18
2018,2,24,2,0,4.12
2018,2,24,3,0,4.010000000000001
2018,2,24,4,0,4.61
2018,2,24,5,0,5.1433333333333335
2018,2,24,6,0,5.196666666666666
2018,2,24,7,0,5.873333333333332
2018,2,24,8,0,7.163333333333334
2018,2,24,9,0,10.036666666666667
2018,2,24,10,0,10.47
2018,2,24,11,0,10.89
2018,2,24,12,0,10.853333333333333
2018,2,24,13,0,11.196666666666667
2018,2,24,14,0,11.176666666666668
2018,2,24,15,0,11.373333333333333
2018,2,24,16,0,11.59666666666667
2018,2,24,17,0,9.72
2018,2,24,18,0,7.433333333333334
2018,2,24,19,0,8.036666666666667
2018,2,24,20,0,9.016666666666667
2018,2,24,21,0,7.433333333333333
2018,2,24,22,0,9.176666666666668
2018,2,24,23,0,10.106666666666667
2018,2,25,0,0,9.29
2018,2,25,1,0,9.126666666666667
2018,2,25,2,0,6.95
2018,2,25,3,0,6.623333333333332
2018,2,25,4,0,6.823333333333333
2018,2,25,5,0,9.193333333333333
2018,2,25,6,0,9.053333333333335
2018,2,25,7,0,8.14
2018,2,25,8,0,7.5566666666666675
2018,2,25,9,0,5.8933333333333335
2018,2,25,10,0,5.920000000000001
2018,2,25,11,0,5.706666666666666
2018,2,25,12,0,7.31
2018,2,25,13,0,7.783333333333334
2018,2,25,14,0,8.54
2018,2,25,15,0,8.333333333333334
2018,2,25,16,0,7.493333333333333
2018,2,25,17,0,6.87
2018,2,25,18,0,4.39
2018,2,25,19,0,3.9633333333333334
2018,2,25,20,0,3.796666666666667
2018,2,25,21,0,3.5033333333333334
2018,2,25,22,0,5.216666666666667
2018,2,25,23,0,7.343333333333334
2018,2,26,0,0,7.466666666666666
2018,2,26,1,0,7.203333333333333
2018,2,26,2,0,6.876666666666666
2018,2,26,3,0,6.933333333333333
2018,2,26,4,0,7.006666666666667
2018,2,26,5,0,5.193333333333333
2018,2,26,6,0,4.753333333333333
2018,2,26,7,0,3.7900000000000005
2018,2,26,8,0,4.326666666666666
2018,2,26,9,0,3.17
2018,2,26,10,0,4.376666666666667
2018,2,26,11,0,6.446666666666666
2018,2,26,12,0,6.6066666666666665
2018,2,26,13,0,7.303333333333334
2018,2,26,14,0,7.4433333333333325
2018,2,26,15,0,8.423333333333334
2018,2,26,16,0,10.493333333333334
2018,2,26,17,0,9.95
2018,2,26,18,0,9.733333333333334
2018,2,26,19,0,11.59666666666667
2018,2,26,20,0,11.903333333333334
2018,2,26,21,0,12.263333333333335
2018,2,26,22,0,11.51
2018,2,26,23,0,10.383333333333335
2018,2,27,0,0,11.516666666666666
2018,2,27,1,0,11.959999999999999
2018,2,27,2,0,11.773333333333333
2018,2,27,3,0,12.143333333333333
2018,2,27,4,0,11.206666666666665
2018,2,27,5,0,11.126666666666667
2018,2,27,6,0,10.436666666666666
2018,2,27,7,0,9.006666666666666
2018,2,27,8,0,8.273333333333333
2018,2,27,9,0,6.566666666666667
2018,2,27,10,0,5.069999999999999
2018,2,27,11,0,5.253333333333333
2018,2,27,12,0,5.753333333333333
2018,2,27,13,0,5.873333333333334
2018,2,27,14,0,7.680000000000001
2018,2,27,15,0,6.449999999999999
2018,2,27,16,0,6.383333333333334
2018,2,27,17,0,5.923333333333333
2018,2,27,18,0,5.5
2018,2,27,19,0,5.86
2018,2,27,20,0,8.883333333333335
2018,2,27,21,0,7.763333333333333
2018,2,27,22,0,7.3566666666666665
2018,2,27,23,0,6.843333333333333
2018,2,28,0,0,3.4133333333333336
2018,2,28,1,0,2.9166666666666665
2018,2,28,2,0,4.236666666666667
2018,2,28,3,0,5.563333333333333
2018,2,28,4,0,6.646666666666667
2018,2,28,5,0,9.596666666666668
2018,2,28,6,0,10.02
2018,2,28,7,0,10.616666666666667
2018,2,28,8,0,11.763333333333334
2018,2,28,9,0,8.796666666666667
2018,2,28,10,0,7.926666666666667
2018,2,28,11,0,7.003333333333334
2018,2,28,12,0,6.986666666666667
2018,2,28,13,0,7.3933333333333335
2018,2,28,14,0,8.443333333333333
2018,2,28,15,0,8.493333333333334
2018,2,28,16,0,9.553333333333333
2018,2,28,17,0,9.126666666666667
2018,2,28,18,0,9.803333333333333
2018,2,28,19,0,9.506666666666666
2018,2,28,20,0,8.993333333333334
2018,2,28,21,0,9.043333333333333
2018,2,28,22,0,8.803333333333333
2018,2,28,23,0,8.526666666666667
2018,3,1,0,0,6.343333333333334
2018,3,1,1,0,4.66
2018,3,1,2,0,2.8233333333333337
2018,3,1,3,0,3.57
2018,3,1,4,0,4.556666666666667
2018,3,1,5,0,4.3566666666666665
2018,3,1,6,0,4.293333333333333
2018,3,1,7,0,4.87
2018,3,1,8,0,5.323333333333333
2018,3,1,9,0,5.216666666666666
2018,3,1,10,0,5.47
2018,3,1,11,0,7.226666666666667
2018,3,1,12,0,8.42
2018,3,1,13,0,9.416666666666666
2018,3,1,14,0,10.293333333333333
2018,3,1,15,0,10.433333333333332
2018,3,1,16,0,11.083333333333334
2018,3,1,17,0,11.770000000000001
2018,3,1,18,0,12.446666666666667
2018,3,1,19,0,13.950000000000001
2018,3,1,20,0,14.32
2018,3,1,21,0,14.319999999999999
2018,3,1,22,0,13.180000000000001
2018,3,1,23,0,12.800000000000002
2018,3,2,0,0,12.666666666666666
2018,3,2,1,0,11.56
2018,3,2,2,0,11.403333333333334
2018,3,2,3,0,11.03
2018,3,2,4,0,9.463333333333333
2018,3,2,5,0,10.013333333333334
2018,3,2,6,0,10.51
2018,3,2,7,0,7.853333333333334
2018,3,2,8,0,5.293333333333334
2018,3,2,9,0,4.453333333333333
2018,3,2,10,0,3.8699999999999997
2018,3,2,11,0,4.886666666666667
2018,3,2,12,0,6.75
2018,3,2,13,0,7.490000000000001
2018,3,2,14,0,8.336666666666666
2018,3,2,15,0,8.88
2018,3,2,16,0,9.889999999999999
2018,3,2,17,0,9.763333333333334
2018,3,2,18,0,10.153333333333334
2018,3,2,19,0,10.306666666666667
2018,3,2,20,0,11.64
2018,3,2,21,0,10.493333333333334
2018,3,2,22,0,12.560000000000002
2018,3,2,23,0,13.386666666666665
2018,3,3,0,0,13.513333333333334
2018,3,3,1,0,12.76
2018,3,3,2,0,13.913333333333332
2018,3,3,3,0,12.833333333333334
2018,3,3,4,0,11.123333333333335
2018,3,3,5,0,8.99
2018,3,3,6,0,7.703333333333333
2018,3,3,7,0,6.8933333333333335
2018,3,3,8,0,6.083333333333333
2018,3,3,9,0,3.91
2018,3,3,10,0,4.243333333333333
2018,3,3,11,0,3.7099999999999995
2018,3,3,12,0,4.963333333333333
2018,3,3,13,0,6.090000000000001
2018,3,3,14,0,7.9766666666666675
2018,3,3,15,0,6.553333333333334
2018,3,3,16,0,7.646666666666667
2018,3,3,17,0,8.123333333333333
2018,3,3,18,0,9.08
2018,3,3,19,0,11.079999999999998
2018,3,3,20,0,12.64
2018,3,3,21,0,11.383333333333333
2018,3,3,22,0,11.81
2018,3,3,23,0,11.866666666666665
2018,3,4,0,0,12.85
2018,3,4,1,0,13.026666666666666
2018,3,4,2,0,13.806666666666667
2018,3,4,3,0,13.026666666666666
2018,3,4,4,0,11.479999999999999
2018,3,4,5,0,10.956666666666665
2018,3,4,6,0,10.443333333333333
2018,3,4,7,0,11.659999999999998
2018,3,4,8,0,11.770000000000001
2018,3,4,9,0,8.856666666666667
2018,3,4,10,0,9.403333333333334
2018,3,4,11,0,7.91
2018,3,4,12,0,10.413333333333332
2018,3,4,13,0,11.033333333333333
2018,3,4,14,0,10.036666666666667
2018,3,4,15,0,12.656666666666666
2018,3,4,16,0,15.843333333333334
2018,3,4,17,0,12.200000000000001
2018,3,4,18,0,14.506666666666668
2018,3,4,19,0,16.16
2018,3,4,20,0,15.219999999999999
2018,3,4,21,0,16.09
2018,3,4,22,0,15.743333333333334
2018,3,4,23,0,12.856666666666667
2018,3,5,0,0,13.163333333333332
2018,3,5,1,0,11.423333333333334
2018,3,5,2,0,13.12
2018,3,5,3,0,11.863333333333332
2018,3,5,4,0,12.333333333333334
2018,3,5,5,0,13.839999999999998
2018,3,5,6,0,15.593333333333334
2018,3,5,7,0,14.31
2018,3,5,8,0,15.89
2018,3,5,9,0,16.72
2018,3,5,10,0,16.536666666666665
2018,3,5,11,0,16.55
2018,3,5,12,0,15.12
2018,3,5,13,0,14.799999999999999
2018,3,5,14,0,15.459999999999999
2018,3,5,15,0,15.653333333333336
2018,3,5,16,0,17.25
2018,3,5,17,0,15.336666666666668
2018,3,5,18,0,11.67
2018,3,5,19,0,12.266666666666666
2018,3,5,20,0,13.87
2018,3,5,21,0,12.736666666666666
2018,3,5,22,0,12.363333333333335
2018,3,5,23,0,11.233333333333334
2018,3,6,0,0,13.230000000000002
2018,3,6,1,0,13.466666666666669
2018,3,6,2,0,12.64
2018,3,6,3,0,13.32
2018,3,6,4,0,13.25
2018,3,6,5,0,14.103333333333333
2018,3,6,6,0,13.49
2018,3,6,7,0,13.579999999999998
2018,3,6,8,0,12.293333333333331
2018,3,6,9,0,12.403333333333334
2018,3,6,10,0,12.33
2018,3,6,11,0,12.68
2018,3,6,12,0,13.040000000000001
2018,3,6,13,0,12.743333333333334
2018,3,6,14,0,13.173333333333332
2018,3,6,15,0,12.476666666666667
2018,3,6,16,0,12.209999999999999
2018,3,6,17,0,10.15
2018,3,6,18,0,8.746666666666668
2018,3,6,19,0,9.646666666666667
2018,3,6,20,0,9.593333333333334
2018,3,6,21,0,6.686666666666667
2018,3,6,22,0,4.996666666666666
2018,3,6,23,0,4.010000000000001
2018,3,7,0,0,3.926666666666667
2018,3,7,1,0,4.046666666666667
2018,3,7,2,0,4.476666666666667
2018,3,7,3,0,6.8066666666666675
2018,3,7,4,0,6.766666666666667
2018,3,7,5,0,6.756666666666667
2018,3,7,6,0,7.0633333333333335
2018,3,7,7,0,7.083333333333333
2018,3,7,8,0,6.920000000000001
2018,3,7,9,0,4.913333333333333
2018,3,7,10,0,3.5499999999999994
2018,3,7,11,0,2.233333333333333
2018,3,7,12,0,2.9033333333333338
2018,3,7,13,0,3.34
2018,3,7,14,0,5.836666666666666
2018,3,7,15,0,5.876666666666668
2018,3,7,16,0,5.326666666666667
2018,3,7,17,0,5.94
2018,3,7,18,0,5.920000000000001
2018,3,7,19,0,4.823333333333333
2018,3,7,20,0,6.676666666666667
2018,3,7,21,0,6.833333333333333
2018,3,7,22,0,6.543333333333333
2018,3,7,23,0,6.829999999999999
2018,3,8,0,0,8.123333333333333
2018,3,8,1,0,9.14
2018,3,8,2,0,9.44
2018,3,8,3,0,8.946666666666667
2018,3,8,4,0,8.806666666666667
2018,3,8,5,0,9.18
2018,3,8,6,0,8.546666666666667
2018,3,8,7,0,7.2
2018,3,8,8,0,5.986666666666667
2018,3,8,9,0,4.216666666666667
2018,3,8,10,0,2.9200000000000004
2018,3,8,11,0,3.936666666666667
2018,3,8,12,0,4.19
2018,3,8,13,0,3.9066666666666667
2018,3,8,14,0,4.503333333333333
2018,3,8,15,0,2.986666666666667
2018,3,8,16,0,2.9766666666666666
2018,3,8,17,0,3.0766666666666667
2018,3,8,18,0,4.583333333333333
2018,3,8,19,0,7.8566666666666665
2018,3,8,20,0,8.583333333333334
2018,3,8,21,0,6.489999999999999
2018,3,8,22,0,7.226666666666667
2018,3,8,23,0,6.3999999999999995
2018,3,9,0,0,6.573333333333333
2018,3,9,1,0,9.22
2018,3,9,2,0,8.726666666666667
2018,3,9,3,0,9.296666666666667
2018,3,9,4,0,9.25
2018,3,9,5,0,13.39
2018,3,9,6,0,13.65
2018,3,9,7,0,13.243333333333334
2018,3,9,8,0,10.636666666666667
2018,3,9,9,0,8.613333333333333
2018,3,9,10,0,7.52
2018,3,9,11,0,7.0566666666666675
2018,3,9,12,0,6.213333333333334
2018,3,9,13,0,4.86
2018,3,9,14,0,4.97
2018,3,9,15,0,3.5733333333333337
2018,3,9,16,0,3.9233333333333333
2018,3,9,17,0,4.633333333333334
2018,3,9,18,0,4.096666666666667
2018,3,9,19,0,3.436666666666667
2018,3,9,20,0,7.783333333333334
2018,3,9,21,0,7.06
2018,3,9,22,0,8.826666666666666
2018,3,9,23,0,9.01
2018,3,10,0,0,9.633333333333333
2018,3,10,1,0,9.326666666666666
2018,3,10,2,0,9.063333333333334
2018,3,10,3,0,9.660000000000002
2018,3,10,4,0,9.28
2018,3,10,5,0,11.246666666666664
2018,3,10,6,0,9.393333333333333
2018,3,10,7,0,11.176666666666668
2018,3,10,8,0,10.33
2018,3,10,9,0,10.446666666666667
2018,3,10,10,0,8.726666666666667
2018,3,10,11,0,8.88
2018,3,10,12,0,8.47
2018,3,10,13,0,9.853333333333333
2018,3,10,14,0,9.366666666666667
2018,3,10,15,0,10.163333333333332
2018,3,10,16,0,10.503333333333336
2018,3,10,17,0,12.073333333333332
2018,3,10,18,0,13.116666666666667
2018,3,10,19,0,12.82
2018,3,10,20,0,12.263333333333334
2018,3,10,21,0,11.246666666666664
2018,3,10,22,0,11.246666666666664
2018,3,10,23,0,11.13
2018,3,11,0,0,11.463333333333333
2018,3,11,1,0,11.036666666666667
2018,3,11,2,0,10.290000000000001
2018,3,11,3,0,10.493333333333332
2018,3,11,4,0,11.373333333333335
2018,3,11,5,0,10.453333333333333
2018,3,11,6,0,10.06
2018,3,11,7,0,9.736666666666666
2018,3,11,8,0,8.1
2018,3,11,9,0,8.133333333333335
2018,3,11,10,0,7.420000000000001
2018,3,11,11,0,7.763333333333333
2018,3,11,12,0,7.713333333333334
2018,3,11,13,0,6.996666666666667
2018,3,11,14,0,5.8500000000000005
2018,3,11,15,0,5.71
2018,3,11,16,0,4.626666666666667
2018,3,11,17,0,4.066666666666666
2018,3,11,18,0,3.8800000000000003
2018,3,11,19,0,4.386666666666667
2018,3,11,20,0,5.646666666666667
2018,3,11,21,0,4.34
2018,3,11,22,0,3.7733333333333334
2018,3,11,23,0,3.6
2018,3,12,0,0,4.083333333333333
2018,3,12,1,0,4.010000000000001
2018,3,12,2,0,5.11
2018,3,12,3,0,6.163333333333334
2018,3,12,4,0,6.663333333333334
2018,3,12,5,0,5.0633333333333335
2018,3,12,6,0,5.123333333333334
2018,3,12,7,0,4.916666666666667
2018,3,12,8,0,4.336666666666667
2018,3,12,9,0,3.3833333333333333
2018,3,12,10,0,4.616666666666667
2018,3,12,11,0,5.72
2018,3,12,12,0,6.496666666666666
2018,3,12,13,0,6.213333333333334
2018,3,12,14,0,6.223333333333334
2018,3,12,15,0,5.62
2018,3,12,16,0,4.796666666666667
2018,3,12,17,0,6.266666666666666
2018,3,12,18,0,8.63
2018,3,12,19,0,10.340000000000002
2018,3,12,20,0,10.229999999999999
2018,3,12,21,0,10.886666666666665
2018,3,12,22,0,9.94
2018,3,12,23,0,9.783333333333333
2018,3,13,0,0,8.67
2018,3,13,1,0,7.6000000000000005
2018,3,13,2,0,6.386666666666667
2018,3,13,3,0,5.516666666666667
2018,3,13,4,0,4.07
2018,3,13,5,0,4.72
2018,3,13,6,0,4.78
2018,3,13,7,0,4.406666666666666
2018,3,13,8,0,3.7566666666666664
2018,3,13,9,0,4.156666666666667
2018,3,13,10,0,5.213333333333334
2018,3,13,11,0,5.573333333333333
2018,3,13,12,0,6.12
2018,3,13,13,0,6.473333333333333
2018,3,13,14,0,6.95
2018,3,13,15,0,6.010000000000001
2018,3,13,16,0,6.956666666666667
2018,3,13,17,0,7.19
2018,3,13,18,0,8.459999999999999
2018,3,13,19,0,10.553333333333333
2018,3,13,20,0,10.623333333333333
2018,3,13,21,0,10.926666666666668
2018,3,13,22,0,11.180000000000001
2018,3,13,23,0,11.450000000000001
2018,3,14,0,0,11.21
2018,3,14,1,0,10.953333333333333
2018,3,14,2,0,10.13
2018,3,14,3,0,11.446666666666667
2018,3,14,4,0,9.066666666666666
2018,3,14,5,0,8.326666666666666
2018,3,14,6,0,8.883333333333333
2018,3,14,7,0,9.403333333333334
2018,3,14,8,0,7.25
2018,3,14,9,0,3.99
2018,3,14,10,0,2.3000000000000003
2018,3,14,11,0,1.2733333333333332
2018,3,14,12,0,1.9133333333333333
2018,3,14,13,0,1.986666666666667
2018,3,14,14,0,2.283333333333333
2018,3,14,15,0,2.703333333333333
2018,3,14,16,0,3.853333333333333
2018,3,14,17,0,5.303333333333334
2018,3,14,18,0,7.489999999999999
2018,3,14,19,0,9.51
2018,3,14,20,0,11.079999999999998
2018,3,14,21,0,11.08
2018,3,14,22,0,9.416666666666666
2018,3,14,23,0,9.486666666666666
2018,3,15,0,0,8.799999999999999
2018,3,15,1,0,7.11
2018,3,15,2,0,6.2700000000000005
2018,3,15,3,0,6.04
2018,3,15,4,0,6.5133333333333345
2018,3,15,5,0,6.506666666666667
2018,3,15,6,0,7.036666666666666
2018,3,15,7,0,6.319999999999999
2018,3,15,8,0,5.12
2018,3,15,9,0,5.376666666666666
2018,3,15,10,0,6.993333333333333
2018,3,15,11,0,6.78
2018,3,15,12,0,6.8933333333333335
2018,3,15,13,0,8.273333333333333
2018,3,15,14,0,9.533333333333333
2018,3,15,15,0,9.86
2018,3,15,16,0,10.776666666666666
2018,3,15,17,0,11.926666666666668
2018,3,15,18,0,11.896666666666667
2018,3,15,19,0,11.13
2018,3,15,20,0,13.156666666666666
2018,3,15,21,0,13.51
2018,3,15,22,0,14.913333333333334
2018,3,15,23,0,15.020000000000001
2018,3,16,0,0,17.676666666666666
2018,3,16,1,0,17.533333333333335
2018,3,16,2,0,14.866666666666667
2018,3,16,3,0,15.143333333333333
2018,3,16,4,0,14.280000000000001
2018,3,16,5,0,13.13
2018,3,16,6,0,12.653333333333334
2018,3,16,7,0,12.046666666666667
2018,3,16,8,0,11.656666666666666
2018,3,16,9,0,12.76
2018,3,16,10,0,12.08
2018,3,16,11,0,10.75
2018,3,16,12,0,10.290000000000001
2018,3,16,13,0,11.229999999999999
2018,3,16,14,0,13.173333333333334
2018,3,16,15,0,11.82
2018,3,16,16,0,10.933333333333335
2018,3,16,17,0,10.876666666666667
2018,3,16,18,0,9.776666666666666
2018,3,16,19,0,8.633333333333335
2018,3,16,20,0,7.453333333333333
2018,3,16,21,0,5.896666666666666
2018,3,16,22,0,4.470000000000001
2018,3,16,23,0,6.016666666666667
2018,3,17,0,0,7.3566666666666665
2018,3,17,1,0,6.573333333333333
2018,3,17,2,0,7.29
2018,3,17,3,0,6.966666666666668
2018,3,17,4,0,6.273333333333333
2018,3,17,5,0,6.013333333333333
2018,3,17,6,0,5.800000000000001
2018,3,17,7,0,6.45
2018,3,17,8,0,4.776666666666666
2018,3,17,9,0,4.536666666666666
2018,3,17,10,0,6.766666666666667
2018,3,17,11,0,8.22
2018,3,17,12,0,8.756666666666668
2018,3,17,13,0,9.02
2018,3,17,14,0,9.893333333333333
2018,3,17,15,0,9.903333333333334
2018,3,17,16,0,10.323333333333332
2018,3,17,17,0,11.086666666666666
2018,3,17,18,0,11.303333333333333
2018,3,17,19,0,13.520000000000001
2018,3,17,20,0,13.466666666666667
2018,3,17,21,0,12.766666666666666
2018,3,17,22,0,11.946666666666667
2018,3,17,23,0,11.243333333333334
2018,3,18,0,0,10.129999999999999
2018,3,18,1,0,10.14
2018,3,18,2,0,9.046666666666667
2018,3,18,3,0,8.39
2018,3,18,4,0,7.423333333333335
2018,3,18,5,0,5.6866666666666665
2018,3,18,6,0,6.153333333333333
2018,3,18,7,0,4.496666666666667
2018,3,18,8,0,3.6366666666666667
2018,3,18,9,0,4.04
2018,3,18,10,0,5.083333333333333
2018,3,18,11,0,7.626666666666668
2018,3,18,12,0,8.06
2018,3,18,13,0,9.590000000000002
2018,3,18,14,0,6.45
2018,3,18,15,0,11.149999999999999
2018,3,18,16,0,12.433333333333332
2018,3,18,17,0,13.246666666666668
2018,3,18,18,0,13.176666666666668
2018,3,18,19,0,12.040000000000001
2018,3,18,20,0,14.003333333333332
2018,3,18,21,0,14.659999999999998
2018,3,18,22,0,15.713333333333331
2018,3,18,23,0,15.893333333333333
2018,3,19,0,0,15.083333333333334
2018,3,19,1,0,17.643333333333334
2018,3,19,2,0,16.44333333333333
2018,3,19,3,0,15.76
2018,3,19,4,0,16.406666666666666
2018,3,19,5,0,17.01
2018,3,19,6,0,15.786666666666667
2018,3,19,7,0,15.550000000000002
2018,3,19,8,0,15.846666666666666
2018,3,19,9,0,15.346666666666666
2018,3,19,10,0,14.033333333333333
2018,3,19,11,0,12.836666666666668
2018,3,19,12,0,12.116666666666667
2018,3,19,13,0,12.39
2018,3,19,14,0,11.51
2018,3,19,15,0,10.926666666666668
2018,3,19,16,0,11.040000000000001
2018,3,19,17,0,9.71
2018,3,19,18,0,8.433333333333334
2018,3,19,19,0,8.649999999999999
2018,3,19,20,0,8.22
2018,3,19,21,0,7.303333333333335
2018,3,19,22,0,6.6833333333333345
2018,3,19,23,0,4.25
2018,3,20,0,0,3.3433333333333337
2018,3,20,1,0,5.400000000000001
2018,3,20,2,0,6.466666666666666
2018,3,20,3,0,6.476666666666667
2018,3,20,4,0,7.226666666666667
2018,3,20,5,0,7.4366666666666665
2018,3,20,6,0,7.403333333333333
2018,3,20,7,0,9.236666666666666
2018,3,20,8,0,9.273333333333332
2018,3,20,9,0,7.37
2018,3,20,10,0,5.900000000000001
2018,3,20,11,0,6.663333333333334
2018,3,20,12,0,7.013333333333333
2018,3,20,13,0,8.24
2018,3,20,14,0,8.776666666666667
2018,3,20,15,0,8.6
2018,3,20,16,0,10.306666666666667
2018,3,20,17,0,9.33
2018,3,20,18,0,7.546666666666667
2018,3,20,19,0,5.580000000000001
2018,3,20,20,0,6.896666666666666
2018,3,20,21,0,7.3500000000000005
2018,3,20,22,0,6.640000000000001
2018,3,20,23,0,6.346666666666667
2018,3,21,0,0,6.403333333333333
2018,3,21,1,0,5.956666666666667
2018,3,21,2,0,7.21
2018,3,21,3,0,8.293333333333335
2018,3,21,4,0,8.223333333333334
2018,3,21,5,0,7.226666666666667
2018,3,21,6,0,7.666666666666667
2018,3,21,7,0,8.976666666666667
2018,3,21,8,0,8.37
2018,3,21,9,0,8.19
2018,3,21,10,0,7.77
2018,3,21,11,0,7.276666666666666
2018,3,21,12,0,6.710000000000001
2018,3,21,13,0,6.406666666666666
2018,3,21,14,0,5.906666666666666
2018,3,21,15,0,5.403333333333333
2018,3,21,16,0,4.72
2018,3,21,17,0,5.046666666666667
2018,3,21,18,0,5.066666666666667
2018,3,21,19,0,8.909999999999998
2018,3,21,20,0,10.246666666666668
2018,3,21,21,0,9.73
2018,3,21,22,0,10.686666666666667
2018,3,21,23,0,9.03
2018,3,22,0,0,7.526666666666666
2018,3,22,1,0,8.533333333333333
2018,3,22,2,0,8.066666666666668
2018,3,22,3,0,8.46
2018,3,22,4,0,10.42
2018,3,22,5,0,11.38
2018,3,22,6,0,10.363333333333335
2018,3,22,7,0,8.776666666666666
2018,3,22,8,0,6.173333333333335
2018,3,22,9,0,3.4566666666666666
2018,3,22,10,0,2.716666666666667
2018,3,22,11,0,3.176666666666667
2018,3,22,12,0,3.53
2018,3,22,13,0,3.4633333333333334
2018,3,22,14,0,4.793333333333334
2018,3,22,15,0,5.84
2018,3,22,16,0,6.003333333333334
2018,3,22,17,0,6.800000000000001
2018,3,22,18,0,7.7633333333333345
2018,3,22,19,0,9.606666666666667
2018,3,22,20,0,12.526666666666666
2018,3,22,21,0,12.409999999999998
2018,3,22,22,0,10.523333333333333
2018,3,22,23,0,9.463333333333333
2018,3,23,0,0,8.053333333333335
2018,3,23,1,0,8.996666666666668
2018,3,23,2,0,9.506666666666666
2018,3,23,3,0,9.393333333333333
2018,3,23,4,0,9.686666666666666
2018,3,23,5,0,11.343333333333334
2018,3,23,6,0,10.476666666666667
2018,3,23,7,0,9.84
2018,3,23,8,0,8.376666666666667
2018,3,23,9,0,8.293333333333335
2018,3,23,10,0,10.28
2018,3,23,11,0,11.543333333333335
2018,3,23,12,0,13.139999999999999
2018,3,23,13,0,14.056666666666667
2018,3,23,14,0,13.016666666666666
2018,3,23,15,0,16.816666666666666
2018,3,23,16,0,16.220000000000002
2018,3,23,17,0,12.803333333333335
2018,3,23,18,0,10.94
2018,3,23,19,0,10.186666666666666
2018,3,23,20,0,9.733333333333334
2018,3,23,21,0,9.269999999999998
2018,3,23,22,0,11.200000000000001
2018,3,23,23,0,11.586666666666666
2018,3,24,0,0,11.426666666666668
2018,3,24,1,0,11.473333333333334
2018,3,24,2,0,11.606666666666667
2018,3,24,3,0,10.66
2018,3,24,4,0,9.163333333333334
2018,3,24,5,0,9.41
2018,3,24,6,0,8.63
2018,3,24,7,0,6.95
2018,3,24,8,0,4.763333333333333
2018,3,24,9,0,4.253333333333333
2018,3,24,10,0,2.76
2018,3,24,11,0,3.3800000000000003
2018,3,24,12,0,3.9766666666666666
2018,3,24,13,0,5.536666666666666
2018,3,24,14,0,6.966666666666668
2018,3,24,15,0,8.24
2018,3,24,16,0,9.603333333333333
2018,3,24,17,0,11.766666666666667
2018,3,24,18,0,12.126666666666667
2018,3,24,19,0,13.533333333333333
2018,3,24,20,0,13.606666666666667
2018,3,24,21,0,12.983333333333334
2018,3,24,22,0,12.436666666666667
2018,3,24,23,0,12.536666666666667
2018,3,25,0,0,10.863333333333335
2018,3,25,1,0,10.776666666666666
2018,3,25,2,0,10.263333333333334
2018,3,25,3,0,9.71
2018,3,25,4,0,8.923333333333334
2018,3,25,5,0,6.483333333333333
2018,3,25,6,0,6.033333333333334
2018,3,25,7,0,4.19
2018,3,25,8,0,2.5
2018,3,25,9,0,2.7466666666666666
2018,3,25,10,0,2.6999999999999997
2018,3,25,11,0,3.1133333333333333
2018,3,25,12,0,4.56
2018,3,25,13,0,5.79
2018,3,25,14,0,6.526666666666667
2018,3,25,15,0,8.403333333333334
2018,3,25,16,0,9.486666666666666
2018,3,25,17,0,10.806666666666667
2018,3,25,18,0,10.043333333333333
2018,3,25,19,0,12.03
2018,3,25,20,0,11.446666666666665
2018,3,25,21,0,10.606666666666667
2018,3,25,22,0,8.443333333333333
2018,3,25,23,0,4.316666666666666
2018,3,26,0,0,4.44
2018,3,26,1,0,4.67
2018,3,26,2,0,4.2
2018,3,26,3,0,5.033333333333334
2018,3,26,4,0,5.640000000000001
2018,3,26,5,0,2.9933333333333336
2018,3,26,6,0,2.6533333333333338
2018,3,26,7,0,2.0900000000000003
2018,3,26,8,0,3.5700000000000003
2018,3,26,9,0,4.293333333333333
2018,3,26,10,0,3.4133333333333336
2018,3,26,11,0,3.2733333333333334
2018,3,26,12,0,2.8666666666666667
2018,3,26,13,0,2.723333333333333
2018,3,26,14,0,3.4899999999999998
2018,3,26,15,0,5.253333333333333
2018,3,26,16,0,7.126666666666668
2018,3,26,17,0,7.430000000000001
2018,3,26,18,0,6.446666666666666
2018,3,26,19,0,7.336666666666667
2018,3,26,20,0,8.603333333333333
2018,3,26,21,0,6.960000000000001
2018,3,26,22,0,8.790000000000001
2018,3,26,23,0,8.479999999999999
2018,3,27,0,0,9.81
2018,3,27,1,0,8.91
2018,3,27,2,0,9.1
2018,3,27,3,0,9.126666666666667
2018,3,27,4,0,8.643333333333333
2018,3,27,5,0,7.043333333333333
2018,3,27,6,0,6.090000000000001
2018,3,27,7,0,5.746666666666667
2018,3,27,8,0,5.053333333333334
2018,3,27,9,0,3.9233333333333333
2018,3,27,10,0,3.2933333333333334
2018,3,27,11,0,3.0600000000000005
2018,3,27,12,0,2.9299999999999997
2018,3,27,13,0,2.75
2018,3,27,14,0,3.03
2018,3,27,15,0,2.4333333333333336
2018,3,27,16,0,3.15
2018,3,27,17,0,4.523333333333333
2018,3,27,18,0,5.863333333333333
2018,3,27,19,0,8.363333333333335
2018,3,27,20,0,8.023333333333333
2018,3,27,21,0,10.34
2018,3,27,22,0,10.373333333333335
2018,3,27,23,0,10.853333333333333
2018,3,28,0,0,9.540000000000001
2018,3,28,1,0,8.453333333333333
2018,3,28,2,0,7.853333333333334
2018,3,28,3,0,7.3133333333333335
2018,3,28,4,0,6.373333333333332
2018,3,28,5,0,11.153333333333334
2018,3,28,6,0,10.660000000000002
2018,3,28,7,0,8.78
2018,3,28,8,0,9.096666666666666
2018,3,28,9,0,10.836666666666666
2018,3,28,10,0,10.229999999999999
2018,3,28,11,0,9.263333333333334
2018,3,28,12,0,7.540000000000002
2018,3,28,13,0,7.333333333333333
2018,3,28,14,0,5.916666666666667
2018,3,28,15,0,5.873333333333334
2018,3,28,16,0,7.39
2018,3,28,17,0,8.360000000000001
2018,3,28,18,0,8.576666666666666
2018,3,28,19,0,7.23
2018,3,28,20,0,7.206666666666667
2018,3,28,21,0,7.6499999999999995
2018,3,28,22,0,7.6933333333333325
2018,3,28,23,0,5.760000000000001
2018,3,29,0,0,4.8533333333333335
2018,3,29,1,0,5.44
2018,3,29,2,0,4.776666666666666
2018,3,29,3,0,4.016666666666667
2018,3,29,4,0,3.5333333333333337
2018,3,29,5,0,4.33
2018,3,29,6,0,4.6866666666666665
2018,3,29,7,0,4.186666666666667
2018,3,29,8,0,4.98
2018,3,29,9,0,3.9466666666666668
2018,3,29,10,0,3.876666666666667
2018,3,29,11,0,4.63
2018,3,29,12,0,6.966666666666666
2018,3,29,13,0,6.706666666666667
2018,3,29,14,0,7.653333333333333
2018,3,29,15,0,8.08
2018,3,29,16,0,8.39
2018,3,29,17,0,6.983333333333333
2018,3,29,18,0,9.393333333333334
2018,3,29,19,0,7.123333333333335
2018,3,29,20,0,7.0200000000000005
2018,3,29,21,0,5.823333333333333
2018,3,29,22,0,5.26
2018,3,29,23,0,4.493333333333333
2018,3,30,0,0,4.14
2018,3,30,1,0,6.576666666666667
2018,3,30,2,0,7.94
2018,3,30,3,0,7.3133333333333335
2018,3,30,4,0,7.4366666666666665
2018,3,30,5,0,8.290000000000001
2018,3,30,6,0,8.886666666666667
2018,3,30,7,0,9.383333333333333
2018,3,30,8,0,7.946666666666666
2018,3,30,9,0,8.840000000000002
2018,3,30,10,0,9.286666666666667
2018,3,30,11,0,8.873333333333333
2018,3,30,12,0,9.143333333333333
2018,3,30,13,0,8.660000000000002
2018,3,30,14,0,8.39
2018,3,30,15,0,8.479999999999999
2018,3,30,16,0,8.200000000000001
2018,3,30,17,0,8.67
2018,3,30,18,0,8.223333333333334
2018,3,30,19,0,8.046666666666667
2018,3,30,20,0,10.116666666666665
2018,3,30,21,0,8.756666666666666
2018,3,30,22,0,10.22
2018,3,30,23,0,11.219999999999999
2018,3,31,0,0,11.683333333333332
2018,3,31,1,0,12.62
2018,3,31,2,0,12.653333333333334
2018,3,31,3,0,11.493333333333334
2018,3,31,4,0,11.72
2018,3,31,5,0,12.030000000000001
2018,3,31,6,0,9.56
2018,3,31,7,0,9.959999999999999
2018,3,31,8,0,8.106666666666667
2018,3,31,9,0,5.573333333333333
2018,3,31,10,0,5.173333333333333
2018,3,31,11,0,5.196666666666666
2018,3,31,12,0,5.056666666666667
2018,3,31,13,0,4.8500000000000005
2018,3,31,14,0,6.033333333333334
2018,3,31,15,0,6.116666666666667
2018,3,31,16,0,7.05
2018,3,31,17,0,7.9799999999999995
2018,3,31,18,0,9.28
2018,3,31,19,0,10.926666666666668
2018,3,31,20,0,10.273333333333335
2018,3,31,21,0,8.42
2018,3,31,22,0,6.816666666666666
2018,3,31,23,0,5.653333333333333
2018,4,1,0,0,5.7700000000000005
2018,4,1,1,0,5.1433333333333335
2018,4,1,2,0,5.580000000000001
2018,4,1,3,0,6.546666666666667
2018,4,1,4,0,6.223333333333334
2018,4,1,5,0,5.753333333333333
2018,4,1,6,0,6.490000000000001
2018,4,1,7,0,5.6499999999999995
2018,4,1,8,0,5.84
2018,4,1,9,0,5.003333333333334
2018,4,1,10,0,4.510000000000001
2018,4,1,11,0,5.34
2018,4,1,12,0,3.99
2018,4,1,13,0,3.97
2018,4,1,14,0,4.56
2018,4,1,15,0,5.2700000000000005
2018,4,1,16,0,6.41
2018,4,1,17,0,8.49
2018,4,1,18,0,8.57
2018,4,1,19,0,9.926666666666668
2018,4,1,20,0,11.14
2018,4,1,21,0,11.030000000000001
2018,4,1,22,0,10.786666666666667
2018,4,1,23,0,10.979999999999999
2018,4,2,0,0,10.076666666666666
2018,4,2,1,0,9.446666666666667
2018,4,2,2,0,9.979999999999999
2018,4,2,3,0,10.85
2018,4,2,4,0,11.61
2018,4,2,5,0,10.62
2018,4,2,6,0,10.283333333333333
2018,4,2,7,0,10.770000000000001
2018,4,2,8,0,7.590000000000001
2018,4,2,9,0,4.74
2018,4,2,10,0,4.6066666666666665
2018,4,2,11,0,3.7533333333333334
2018,4,2,12,0,4.94
2018,4,2,13,0,6.2700000000000005
2018,4,2,14,0,6.536666666666666
2018,4,2,15,0,6.793333333333333
2018,4,2,16,0,8.116666666666665
2018,4,2,17,0,8.549999999999999
2018,4,2,18,0,9.933333333333332
2018,4,2,19,0,10.456666666666665
2018,4,2,20,0,13.173333333333332
2018,4,2,21,0,13.623333333333333
2018,4,2,22,0,12.723333333333334
2018,4,2,23,0,12.523333333333333
2018,4,3,0,0,14.409999999999998
2018,4,3,1,0,13.593333333333334
2018,4,3,2,0,14.743333333333332
2018,4,3,3,0,17.096666666666668
2018,4,3,4,0,16.823333333333334
2018,4,3,5,0,16.400000000000002
2018,4,3,6,0,17.286666666666665
2018,4,3,7,0,16.37
2018,4,3,8,0,17.746666666666666
2018,4,3,9,0,15.753333333333336
2018,4,3,10,0,14.843333333333334
2018,4,3,11,0,14.746666666666668
2018,4,3,12,0,13.036666666666667
2018,4,3,13,0,11.246666666666664
2018,4,3,14,0,10.19
2018,4,3,15,0,7.660000000000001
2018,4,3,16,0,7.169999999999999
2018,4,3,17,0,6.859999999999999
2018,4,3,18,0,4.633333333333334
2018,4,3,19,0,5.523333333333333
2018,4,3,20,0,6.483333333333334
2018,4,3,21,0,7.406666666666666
2018,4,3,22,0,7.82
2018,4,3,23,0,8.063333333333334
2018,4,4,0,0,9.123333333333333
2018,4,4,1,0,8.533333333333333
2018,4,4,2,0,8.496666666666668
2018,4,4,3,0,8.74
2018,4,4,4,0,8.336666666666668
2018,4,4,5,0,8.700000000000001
2018,4,4,6,0,8.556666666666667
2018,4,4,7,0,9.35
2018,4,4,8,0,7.943333333333334
2018,4,4,9,0,5.933333333333334
2018,4,4,10,0,5.433333333333334
2018,4,4,11,0,5.593333333333334
2018,4,4,12,0,7.353333333333334
2018,4,4,13,0,8.193333333333333
2018,4,4,14,0,8.16
2018,4,4,15,0,8.036666666666667
2018,4,4,16,0,10.08
2018,4,4,17,0,7.303333333333334
2018,4,4,18,0,7.823333333333334
2018,4,4,19,0,5.976666666666667
2018,4,4,20,0,6.419999999999999
2018,4,4,21,0,5.823333333333333
2018,4,4,22,0,3.443333333333334
2018,4,4,23,0,4.526666666666666
2018,4,5,0,0,6.286666666666666
2018,4,5,1,0,6.316666666666667
2018,4,5,2,0,5.713333333333334
2018,4,5,3,0,4.386666666666666
2018,4,5,4,0,5.47
2018,4,5,5,0,5.376666666666666
2018,4,5,6,0,5.21
2018,4,5,7,0,5.066666666666667
2018,4,5,8,0,3.92
2018,4,5,9,0,3.49
2018,4,5,10,0,3.266666666666667
2018,4,5,11,0,4.45
2018,4,5,12,0,3.47
2018,4,5,13,0,4.526666666666666
2018,4,5,14,0,5.66
2018,4,5,15,0,4.883333333333334
2018,4,5,16,0,4.423333333333333
2018,4,5,17,0,5.716666666666666
2018,4,5,18,0,6.026666666666666
2018,4,5,19,0,7.963333333333332
2018,4,5,20,0,12.1
2018,4,5,21,0,11.723333333333334
2018,4,5,22,0,11.38
2018,4,5,23,0,10.46
2018,4,6,0,0,7.859999999999999
2018,4,6,1,0,7.086666666666667
2018,4,6,2,0,7.53
2018,4,6,3,0,9.23
2018,4,6,4,0,7.609999999999999
2018,4,6,5,0,8.613333333333335
2018,4,6,6,0,8.216666666666667
2018,4,6,7,0,7.476666666666667
2018,4,6,8,0,5.866666666666667
2018,4,6,9,0,6.580000000000001
2018,4,6,10,0,8.479999999999999
2018,4,6,11,0,8.99
2018,4,6,12,0,9.133333333333333
2018,4,6,13,0,8.773333333333333
2018,4,6,14,0,8.840000000000002
2018,4,6,15,0,7.88
2018,4,6,16,0,7.599999999999999
2018,4,6,17,0,6.7299999999999995
2018,4,6,18,0,6.073333333333333
2018,4,6,19,0,6.116666666666666
2018,4,6,20,0,5.5633333333333335
2018,4,6,21,0,4.913333333333333
2018,4,6,22,0,5.093333333333333
2018,4,6,23,0,4.77
2018,4,7,0,0,4.906666666666666
2018,4,7,1,0,4.96
2018,4,7,2,0,4.793333333333334
2018,4,7,3,0,3.93
2018,4,7,4,0,3.606666666666667
2018,4,7,5,0,4.75
2018,4,7,6,0,5.489999999999999
2018,4,7,7,0,5.753333333333334
2018,4,7,8,0,5.760000000000001
2018,4,7,9,0,5.566666666666667
2018,4,7,10,0,6.303333333333335
2018,4,7,11,0,6.62
2018,4,7,12,0,6.4433333333333325
2018,4,7,13,0,6.686666666666667
2018,4,7,14,0,7.45
2018,4,7,15,0,7.903333333333333
2018,4,7,16,0,8.479999999999999
2018,4,7,17,0,9.066666666666668
2018,4,7,18,0,9.65
2018,4,7,19,0,10.530000000000001
2018,4,7,20,0,11.163333333333332
2018,4,7,21,0,11.316666666666668
2018,4,7,22,0,10.006666666666666
2018,4,7,23,0,9.713333333333333
2018,4,8,0,0,10.923333333333332
2018,4,8,1,0,12.523333333333333
2018,4,8,2,0,11.506666666666666
2018,4,8,3,0,12.333333333333334
2018,4,8,4,0,11.473333333333334
2018,4,8,5,0,10.596666666666666
2018,4,8,6,0,10.906666666666666
2018,4,8,7,0,8.876666666666667
2018,4,8,8,0,13.206666666666669
2018,4,8,9,0,11.296666666666667
2018,4,8,10,0,10.913333333333334
2018,4,8,11,0,10.133333333333335
2018,4,8,12,0,10.796666666666667
2018,4,8,13,0,11.200000000000001
2018,4,8,14,0,10.063333333333334
2018,4,8,15,0,7.960000000000001
2018,4,8,16,0,6.173333333333333
2018,4,8,17,0,7.633333333333333
2018,4,8,18,0,7.3999999999999995
2018,4,8,19,0,8.803333333333333
2018,4,8,20,0,8.81
2018,4,8,21,0,8.479999999999999
2018,4,8,22,0,6.2
2018,4,8,23,0,4.523333333333333
2018,4,9,0,0,5.586666666666667
2018,4,9,1,0,5.539999999999999
2018,4,9,2,0,4.863333333333333
2018,4,9,3,0,6.5
2018,4,9,4,0,6.61
2018,4,9,5,0,9.566666666666668
2018,4,9,6,0,8.32
2018,4,9,7,0,8.513333333333334
2018,4,9,8,0,9.43
2018,4,9,9,0,11.14
2018,4,9,10,0,10.306666666666667
2018,4,9,11,0,9.323333333333332
2018,4,9,12,0,7.330000000000001
2018,4,9,13,0,8.110000000000001
2018,4,9,14,0,6.513333333333333
2018,4,9,15,0,7.553333333333334
2018,4,9,16,0,5.963333333333334
2018,4,9,17,0,4.183333333333333
2018,4,9,18,0,5.33
2018,4,9,19,0,4.626666666666667
2018,4,9,20,0,3.8466666666666662
2018,4,9,21,0,6.036666666666666
2018,4,9,22,0,8.203333333333333
2018,4,9,23,0,9.486666666666666
2018,4,10,0,0,9.756666666666666
2018,4,10,1,0,9.206666666666667
2018,4,10,2,0,9.799999999999999
2018,4,10,3,0,10.826666666666668
2018,4,10,4,0,10.450000000000001
2018,4,10,5,0,10.943333333333333
2018,4,10,6,0,10.556666666666667
2018,4,10,7,0,9.846666666666668
2018,4,10,8,0,7.723333333333334
2018,4,10,9,0,6.3066666666666675
2018,4,10,10,0,5.47
2018,4,10,11,0,4.666666666666667
2018,4,10,12,0,5.026666666666666
2018,4,10,13,0,5.283333333333334
2018,4,10,14,0,5.376666666666666
2018,4,10,15,0,4.203333333333333
2018,4,10,16,0,5.376666666666668
2018,4,10,17,0,4.583333333333334
2018,4,10,18,0,2.9233333333333333
2018,4,10,19,0,4.19
2018,4,10,20,0,8.203333333333333
2018,4,10,21,0,8.753333333333334
2018,4,10,22,0,9.756666666666666
2018,4,10,23,0,8.533333333333333
2018,4,11,0,0,9.856666666666667
2018,4,11,1,0,9.13
2018,4,11,2,0,10.016666666666667
2018,4,11,3,0,11.25
2018,4,11,4,0,10.526666666666666
2018,4,11,5,0,8.276666666666667
2018,4,11,6,0,7.776666666666667
2018,4,11,7,0,9.643333333333334
2018,4,11,8,0,6.34
2018,4,11,9,0,4.466666666666666
2018,4,11,10,0,5.013333333333334
2018,4,11,11,0,5.33
2018,4,11,12,0,6.19
2018,4,11,13,0,8.166666666666666
2018,4,11,14,0,7.623333333333334
2018,4,11,15,0,7.23
2018,4,11,16,0,6.3933333333333335
2018,4,11,17,0,8.003333333333334
2018,4,11,18,0,8.38
2018,4,11,19,0,9.843333333333334
2018,4,11,20,0,9.299999999999999
2018,4,11,21,0,7.016666666666667
2018,4,11,22,0,6.420000000000001
2018,4,11,23,0,10.933333333333335
2018,4,12,0,0,10.373333333333333
2018,4,12,1,0,11.073333333333332
2018,4,12,2,0,10.053333333333335
2018,4,12,3,0,10.306666666666667
2018,4,12,4,0,11.533333333333333
2018,4,12,5,0,11.19
2018,4,12,6,0,6.866666666666666
2018,4,12,7,0,8.153333333333334
2018,4,12,8,0,7.236666666666667
2018,4,12,9,0,6.530000000000001
2018,4,12,10,0,8.826666666666666
2018,4,12,11,0,9.886666666666665
2018,4,12,12,0,9.17
2018,4,12,13,0,10.33
2018,4,12,14,0,10.106666666666667
2018,4,12,15,0,12.416666666666666
2018,4,12,16,0,13.366666666666667
2018,4,12,17,0,14.24
2018,4,12,18,0,11.433333333333332
2018,4,12,19,0,13.783333333333333
2018,4,12,20,0,12.280000000000001
2018,4,12,21,0,13.906666666666666
2018,4,12,22,0,13.790000000000001
2018,4,12,23,0,16.326666666666668
2018,4,13,0,0,14.826666666666668
2018,4,13,1,0,15.736666666666665
2018,4,13,2,0,15.346666666666666
2018,4,13,3,0,15.066666666666668
2018,4,13,4,0,15.516666666666666
2018,4,13,5,0,14.703333333333333
2018,4,13,6,0,14.126666666666667
2018,4,13,7,0,15.209999999999999
2018,4,13,8,0,17.009999999999998
2018,4,13,9,0,16.96
2018,4,13,10,0,17.580000000000002
2018,4,13,11,0,20.19666666666667
2018,4,13,12,0,21.51
2018,4,13,13,0,21.14
2018,4,13,14,0,22.179999999999996
2018,4,13,15,0,21.816666666666666
2018,4,13,16,0,21.346666666666668
2018,4,13,17,0,20.153333333333332
2018,4,13,18,0,18.763333333333332
2018,4,13,19,0,17.763333333333335
2018,4,13,20,0,17.023333333333337
2018,4,13,21,0,18.253333333333334
2018,4,13,22,0,19.836666666666666
2018,4,13,23,0,19.28
2018,4,14,0,0,19.240000000000002
2018,4,14,1,0,19.233333333333334
2018,4,14,2,0,18.6
2018,4,14,3,0,18.27
2018,4,14,4,0,17.513333333333335
2018,4,14,5,0,17.026666666666667
2018,4,14,6,0,16.44
2018,4,14,7,0,17.389999999999997
2018,4,14,8,0,18.653333333333332
2018,4,14,9,0,18.216666666666665
2018,4,14,10,0,17.626666666666665
2018,4,14,11,0,17.03666666666667
2018,4,14,12,0,16.803333333333335
2018,4,14,13,0,16.07
2018,4,14,14,0,15.700000000000001
2018,4,14,15,0,15.166666666666666
2018,4,14,16,0,14.549999999999999
2018,4,14,17,0,13.920000000000002
2018,4,14,18,0,11.776666666666666
2018,4,14,19,0,10.786666666666667
2018,4,14,20,0,9.653333333333334
2018,4,14,21,0,8.293333333333335
2018,4,14,22,0,7.8933333333333335
2018,4,14,23,0,8.44
2018,4,15,0,0,8.110000000000001
2018,4,15,1,0,10.17
2018,4,15,2,0,10.603333333333333
2018,4,15,3,0,10.836666666666666
2018,4,15,4,0,10.316666666666666
2018,4,15,5,0,7.563333333333333
2018,4,15,6,0,7.1433333333333335
2018,4,15,7,0,7.103333333333333
2018,4,15,8,0,5.04
2018,4,15,9,0,4.3533333333333335
2018,4,15,10,0,3.5133333333333336
2018,4,15,11,0,3.236666666666667
2018,4,15,12,0,4.053333333333334
2018,4,15,13,0,4.116666666666667
2018,4,15,14,0,3.28
2018,4,15,15,0,2.63
2018,4,15,16,0,3.03
2018,4,15,17,0,3.9599999999999995
2018,4,15,18,0,3.7266666666666666
2018,4,15,19,0,8.83
2018,4,15,20,0,8.700000000000001
2018,4,15,21,0,8.86
2018,4,15,22,0,8.836666666666668
2018,4,15,23,0,9.093333333333334
2018,4,16,0,0,8.816666666666668
2018,4,16,1,0,9.290000000000001
2018,4,16,2,0,8.44
2018,4,16,3,0,8.656666666666666
2018,4,16,4,0,7.836666666666666
2018,4,16,5,0,7.186666666666667
2018,4,16,6,0,7.289999999999999
2018,4,16,7,0,6.873333333333332
2018,4,16,8,0,5.723333333333334
2018,4,16,9,0,5.136666666666667
2018,4,16,10,0,4.676666666666667
2018,4,16,11,0,3.86
2018,4,16,12,0,5.3100000000000005
2018,4,16,13,0,5.986666666666667
2018,4,16,14,0,7.496666666666667
2018,4,16,15,0,7.04
2018,4,16,16,0,7.096666666666667
2018,4,16,17,0,10.006666666666666
2018,4,16,18,0,11.003333333333332
2018,4,16,19,0,12.333333333333334
2018,4,16,20,0,11.093333333333334
2018,4,16,21,0,10.219999999999999
2018,4,16,22,0,7.763333333333333
2018,4,16,23,0,7.546666666666667
2018,4,17,0,0,9.590000000000002
2018,4,17,1,0,11.11
2018,4,17,2,0,10.38
2018,4,17,3,0,10.626666666666667
2018,4,17,4,0,9.883333333333333
2018,4,17,5,0,13.709999999999999
2018,4,17,6,0,12.713333333333333
2018,4,17,7,0,12.726666666666667
2018,4,17,8,0,13.066666666666665
2018,4,17,9,0,12.296666666666667
2018,4,17,10,0,14.153333333333334
2018,4,17,11,0,14.910000000000002
2018,4,17,12,0,14.950000000000001
2018,4,17,13,0,19.086666666666666
2018,4,17,14,0,22.096666666666664
2018,4,17,15,0,18.970000000000002
2018,4,17,16,0,21.093333333333334
2018,4,17,17,0,19.150000000000002
2018,4,17,18,0,18.886666666666667
2018,4,17,19,0,17.53
2018,4,17,20,0,19.516666666666666
2018,4,17,21,0,16.67
2018,4,17,22,0,17.456666666666667
2018,4,17,23,0,16.400000000000002
2018,4,18,0,0,15.166666666666666
2018,4,18,1,0,14.479999999999999
2018,4,18,2,0,13.923333333333332
2018,4,18,3,0,13.976666666666667
2018,4,18,4,0,13.443333333333333
2018,4,18,5,0,12.916666666666666
2018,4,18,6,0,11.823333333333332
2018,4,18,7,0,11.283333333333333
2018,4,18,8,0,12.373333333333333
2018,4,18,9,0,13.356666666666667
2018,4,18,10,0,14.343333333333334
2018,4,18,11,0,13.200000000000001
2018,4,18,12,0,13.156666666666666
2018,4,18,13,0,11.773333333333333
2018,4,18,14,0,10.18
2018,4,18,15,0,9.943333333333333
2018,4,18,16,0,7.246666666666667
2018,4,18,17,0,7.650000000000001
2018,4,18,18,0,5.890000000000001
2018,4,18,19,0,6.36
2018,4,18,20,0,7.633333333333333
2018,4,18,21,0,7.660000000000001
2018,4,18,22,0,7.373333333333334
2018,4,18,23,0,6.943333333333334
2018,4,19,0,0,6.163333333333334
2018,4,19,1,0,6.886666666666667
2018,4,19,2,0,7.740000000000001
2018,4,19,3,0,8.03
2018,4,19,4,0,8.213333333333333
2018,4,19,5,0,9.586666666666668
2018,4,19,6,0,10.360000000000001
2018,4,19,7,0,8.896666666666667
2018,4,19,8,0,9.383333333333335
2018,4,19,9,0,10.17
2018,4,19,10,0,11.076666666666666
2018,4,19,11,0,11.613333333333335
2018,4,19,12,0,12.573333333333332
2018,4,19,13,0,12.853333333333333
2018,4,19,14,0,13.456666666666665
2018,4,19,15,0,14.373333333333335
2018,4,19,16,0,15.083333333333334
2018,4,19,17,0,15.526666666666666
2018,4,19,18,0,15.763333333333334
2018,4,19,19,0,14.816666666666668
2018,4,19,20,0,15.696666666666667
2018,4,19,21,0,16.13
2018,4,19,22,0,16.176666666666666
2018,4,19,23,0,15.203333333333333
2018,4,20,0,0,14.816666666666668
2018,4,20,1,0,14.216666666666667
2018,4,20,2,0,14.006666666666668
2018,4,20,3,0,14.053333333333335
2018,4,20,4,0,14.386666666666668
2018,4,20,5,0,13.68
2018,4,20,6,0,13.823333333333332
2018,4,20,7,0,13.770000000000001
2018,4,20,8,0,13.353333333333333
2018,4,20,9,0,13.479999999999999
2018,4,20,10,0,11.676666666666668
2018,4,20,11,0,11.82
2018,4,20,12,0,12.200000000000001
2018,4,20,13,0,12.386666666666665
2018,4,20,14,0,12.843333333333334
2018,4,20,15,0,12.26
2018,4,20,16,0,12.473333333333334
2018,4,20,17,0,9.020000000000001
2018,4,20,18,0,8.906666666666666
2018,4,20,19,0,8.786666666666667
2018,4,20,20,0,8.626666666666667
2018,4,20,21,0,8.700000000000001
2018,4,20,22,0,6.8566666666666665
2018,4,20,23,0,5.423333333333333
2018,4,21,0,0,4.56
2018,4,21,1,0,5.096666666666667
2018,4,21,2,0,4.963333333333334
2018,4,21,3,0,4.963333333333334
2018,4,21,4,0,4.953333333333334
2018,4,21,5,0,2.5033333333333334
2018,4,21,6,0,3.0933333333333337
2018,4,21,7,0,2.89
2018,4,21,8,0,2.1733333333333333
2018,4,21,9,0,2.1
2018,4,21,10,0,2.7900000000000005
2018,4,21,11,0,3.77
2018,4,21,12,0,5.1499999999999995
2018,4,21,13,0,5.0633333333333335
2018,4,21,14,0,5.353333333333333
2018,4,21,15,0,5.576666666666667
2018,4,21,16,0,4.683333333333333
2018,4,21,17,0,5.183333333333334
2018,4,21,18,0,4.743333333333334
2018,4,21,19,0,4.346666666666667
2018,4,21,20,0,4.16
2018,4,21,21,0,3.7566666666666664
2018,4,21,22,0,3.016666666666667
2018,4,21,23,0,3.5066666666666664
2018,4,22,0,0,3.6133333333333333
2018,4,22,1,0,3.5033333333333334
2018,4,22,2,0,2.53
2018,4,22,3,0,2.0500000000000003
2018,4,22,4,0,2.1533333333333333
2018,4,22,5,0,1.79
2018,4,22,6,0,2.1366666666666667
2018,4,22,7,0,1.7400000000000002
2018,4,22,8,0,1.8366666666666667
2018,4,22,9,0,1.9733333333333334
2018,4,22,10,0,1.623333333333333
2018,4,22,11,0,2.3866666666666667
2018,4,22,12,0,3.77
2018,4,22,13,0,4.766666666666667
2018,4,22,14,0,4.319999999999999
2018,4,22,15,0,4.286666666666666
2018,4,22,16,0,4.506666666666667
2018,4,22,17,0,5.010000000000001
2018,4,22,18,0,5.713333333333334
2018,4,22,19,0,7.56
2018,4,22,20,0,7.503333333333333
2018,4,22,21,0,7.483333333333333
2018,4,22,22,0,7.53
2018,4,22,23,0,7.5
2018,4,23,0,0,7.323333333333333
2018,4,23,1,0,6.920000000000001
2018,4,23,2,0,7.099999999999999
2018,4,23,3,0,7.8
2018,4,23,4,0,7.936666666666667
2018,4,23,5,0,8.17
2018,4,23,6,0,7.876666666666666
2018,4,23,7,0,6.346666666666667
2018,4,23,8,0,6.25
2018,4,23,9,0,6.396666666666666
2018,4,23,10,0,6.580000000000001
2018,4,23,11,0,6.453333333333333
2018,4,23,12,0,6.636666666666667
2018,4,23,13,0,6.526666666666666
2018,4,23,14,0,7.576666666666667
2018,4,23,15,0,6.876666666666668
2018,4,23,16,0,7.56
2018,4,23,17,0,7.763333333333333
2018,4,23,18,0,8.236666666666666
2018,4,23,19,0,10.303333333333333
2018,4,23,20,0,11.136666666666665
2018,4,23,21,0,9.656666666666668
2018,4,23,22,0,8.423333333333334
2018,4,23,23,0,10.116666666666667
2018,4,24,0,0,10.173333333333334
2018,4,24,1,0,11.909999999999998
2018,4,24,2,0,12.233333333333334
2018,4,24,3,0,12.83
2018,4,24,4,0,13.39
2018,4,24,5,0,12.0
2018,4,24,6,0,13.086666666666666
2018,4,24,7,0,12.126666666666667
2018,4,24,8,0,12.51
2018,4,24,9,0,13.11
2018,4,24,10,0,12.676666666666668
2018,4,24,11,0,11.993333333333332
2018,4,24,12,0,11.660000000000002
2018,4,24,13,0,11.38
2018,4,24,14,0,11.479999999999999
2018,4,24,15,0,11.74
2018,4,24,16,0,12.206666666666665
2018,4,24,17,0,9.743333333333334
2018,4,24,18,0,9.746666666666666
2018,4,24,19,0,9.663333333333332
2018,4,24,20,0,8.58
2018,4,24,21,0,9.946666666666667
2018,4,24,22,0,9.433333333333335
2018,4,24,23,0,9.26
2018,4,25,0,0,9.629999999999999
2018,4,25,1,0,10.633333333333335
2018,4,25,2,0,10.146666666666667
2018,4,25,3,0,10.096666666666668
2018,4,25,4,0,9.576666666666666
2018,4,25,5,0,9.106666666666667
2018,4,25,6,0,8.013333333333334
2018,4,25,7,0,6.333333333333333
2018,4,25,8,0,5.546666666666667
2018,4,25,9,0,5.453333333333333
2018,4,25,10,0,5.523333333333333
2018,4,25,11,0,4.669999999999999
2018,4,25,12,0,4.533333333333334
2018,4,25,13,0,4.3566666666666665
2018,4,25,14,0,3.6999999999999997
2018,4,25,15,0,2.3866666666666667
2018,4,25,16,0,2.276666666666667
2018,4,25,17,0,1.1333333333333335
2018,4,25,18,0,1.7366666666666666
2018,4,25,19,0,5.04
2018,4,25,20,0,7.276666666666667
2018,4,25,21,0,9.403333333333334
2018,4,25,22,0,10.376666666666665
2018,4,25,23,0,10.566666666666668
2018,4,26,0,0,10.716666666666667
2018,4,26,1,0,10.363333333333333
2018,4,26,2,0,11.863333333333332
2018,4,26,3,0,11.786666666666667
2018,4,26,4,0,15.31
2018,4,26,5,0,14.43
2018,4,26,6,0,16.206666666666667
2018,4,26,7,0,17.31
2018,4,26,8,0,17.136666666666667
2018,4,26,9,0,16.396666666666665
2018,4,26,10,0,15.986666666666665
2018,4,26,11,0,15.576666666666668
2018,4,26,12,0,14.61
2018,4,26,13,0,14.033333333333333
2018,4,26,14,0,12.973333333333334
2018,4,26,15,0,10.906666666666666
2018,4,26,16,0,9.36
2018,4,26,17,0,9.016666666666667
2018,4,26,18,0,8.466666666666667
2018,4,26,19,0,6.3
2018,4,26,20,0,6.13
2018,4,26,21,0,4.33
2018,4,26,22,0,3.7100000000000004
2018,4,26,23,0,2.2600000000000002
2018,4,27,0,0,3.143333333333333
2018,4,27,1,0,4.6033333333333335
2018,4,27,2,0,5.7
2018,4,27,3,0,6.866666666666667
2018,4,27,4,0,8.113333333333333
2018,4,27,5,0,9.209999999999999
2018,4,27,6,0,9.576666666666668
2018,4,27,7,0,7.953333333333333
2018,4,27,8,0,5.33
2018,4,27,9,0,3.56
2018,4,27,10,0,3.2533333333333334
2018,4,27,11,0,2.7433333333333336
2018,4,27,12,0,2.2333333333333334
2018,4,27,13,0,2.2399999999999998
2018,4,27,14,0,2.53
2018,4,27,15,0,2.06
2018,4,27,16,0,2.4033333333333333
2018,4,27,17,0,3.6266666666666665
2018,4,27,18,0,5.21
2018,4,27,19,0,7.1499999999999995
2018,4,27,20,0,9.856666666666667
2018,4,27,21,0,9.229999999999999
2018,4,27,22,0,10.556666666666667
2018,4,27,23,0,12.003333333333332
2018,4,28,0,0,11.06
2018,4,28,1,0,10.383333333333333
2018,4,28,2,0,10.663333333333334
2018,4,28,3,0,10.4
2018,4,28,4,0,9.146666666666667
2018,4,28,5,0,10.29
2018,4,28,6,0,9.14
2018,4,28,7,0,7.046666666666667
2018,4,28,8,0,6.4433333333333325
2018,4,28,9,0,6.68
2018,4,28,10,0,8.020000000000001
2018,4,28,11,0,8.879999999999999
2018,4,28,12,0,9.613333333333333
2018,4,28,13,0,10.296666666666667
2018,4,28,14,0,10.616666666666667
2018,4,28,15,0,10.173333333333334
2018,4,28,16,0,10.06
2018,4,28,17,0,11.18
2018,4,28,18,0,10.18
2018,4,28,19,0,11.99
2018,4,28,20,0,15.226666666666668
2018,4,28,21,0,13.906666666666666
2018,4,28,22,0,13.466666666666669
2018,4,28,23,0,10.97
2018,4,29,0,0,12.25
2018,4,29,1,0,12.123333333333335
2018,4,29,2,0,11.713333333333333
2018,4,29,3,0,11.82
2018,4,29,4,0,10.803333333333333
2018,4,29,5,0,12.446666666666667
2018,4,29,6,0,10.933333333333332
2018,4,29,7,0,9.413333333333334
2018,4,29,8,0,9.136666666666667
2018,4,29,9,0,9.256666666666666
2018,4,29,10,0,10.38
2018,4,29,11,0,10.66
2018,4,29,12,0,10.313333333333333
2018,4,29,13,0,10.703333333333333
2018,4,29,14,0,13.38
2018,4,29,15,0,12.466666666666669
2018,4,29,16,0,13.969999999999999
2018,4,29,17,0,14.306666666666665
2018,4,29,18,0,13.450000000000001
2018,4,29,19,0,13.336666666666668
2018,4,29,20,0,17.263333333333335
2018,4,29,21,0,15.113333333333332
2018,4,29,22,0,13.403333333333336
2018,4,29,23,0,16.89
2018,4,30,0,0,17.71666666666667
2018,4,30,1,0,17.716666666666665
2018,4,30,2,0,17.083333333333332
2018,4,30,3,0,16.436666666666667
2018,4,30,4,0,15.426666666666668
2018,4,30,5,0,15.656666666666666
2018,4,30,6,0,14.083333333333334
2018,4,30,7,0,11.443333333333333
2018,4,30,8,0,9.796666666666667
2018,4,30,9,0,7.833333333333332
2018,4,30,10,0,8.75
2018,4,30,11,0,9.526666666666667
2018,4,30,12,0,9.953333333333333
2018,4,30,13,0,9.866666666666667
2018,4,30,14,0,10.15
2018,4,30,15,0,9.823333333333334
2018,4,30,16,0,10.713333333333333
2018,4,30,17,0,9.706666666666667
2018,4,30,18,0,10.229999999999999
2018,4,30,19,0,10.443333333333333
2018,4,30,20,0,12.796666666666667
2018,4,30,21,0,11.626666666666665
2018,4,30,22,0,12.420000000000002
2018,4,30,23,0,14.31
2018,5,1,0,0,12.959999999999999
2018,5,1,1,0,13.37
2018,5,1,2,0,11.196666666666667
2018,5,1,3,0,9.053333333333333
2018,5,1,4,0,8.26
2018,5,1,5,0,6.506666666666667
2018,5,1,6,0,5.330000000000001
2018,5,1,7,0,6.256666666666667
2018,5,1,8,0,6.546666666666667
2018,5,1,9,0,4.726666666666667
2018,5,1,10,0,4.08
2018,5,1,11,0,3.073333333333333
2018,5,1,12,0,3.4333333333333336
2018,5,1,13,0,4.83
2018,5,1,14,0,7.353333333333333
2018,5,1,15,0,7.573333333333333
2018,5,1,16,0,9.053333333333333
2018,5,1,17,0,7.07
2018,5,1,18,0,6.196666666666666
2018,5,1,19,0,10.726666666666667
2018,5,1,20,0,11.81
2018,5,1,21,0,12.646666666666667
2018,5,1,22,0,11.966666666666667
2018,5,1,23,0,10.840000000000002
2018,5,2,0,0,9.33
2018,5,2,1,0,8.35
2018,5,2,2,0,8.806666666666667
2018,5,2,3,0,6.423333333333333
2018,5,2,4,0,5.493333333333333
2018,5,2,5,0,3.986666666666667
2018,5,2,6,0,3.393333333333333
2018,5,2,7,0,2.9299999999999997
2018,5,2,8,0,3.233333333333333
2018,5,2,9,0,2.6533333333333333
2018,5,2,10,0,3.3000000000000003
2018,5,2,11,0,3.723333333333333
2018,5,2,12,0,4.55
2018,5,2,13,0,5.919999999999999
2018,5,2,14,0,6.086666666666667
2018,5,2,15,0,7.293333333333334
2018,5,2,16,0,10.23
2018,5,2,17,0,9.54
2018,5,2,18,0,8.283333333333333
2018,5,2,19,0,7.739999999999999
2018,5,2,20,0,10.903333333333334
2018,5,2,21,0,9.413333333333334
2018,5,2,22,0,9.076666666666666
2018,5,2,23,0,6.16
2018,5,3,0,0,4.1066666666666665
2018,5,3,1,0,7.156666666666666
2018,5,3,2,0,4.3566666666666665
2018,5,3,3,0,4.523333333333333
2018,5,3,4,0,7.420000000000001
2018,5,3,5,0,5.3066666666666675
2018,5,3,6,0,5.163333333333334
2018,5,3,7,0,4.633333333333334
2018,5,3,8,0,7.69
2018,5,3,9,0,6.216666666666666
2018,5,3,10,0,6.960000000000001
2018,5,3,11,0,8.62
2018,5,3,12,0,9.21
2018,5,3,13,0,13.643333333333333
2018,5,3,14,0,12.659999999999998
2018,5,3,15,0,11.87
2018,5,3,16,0,12.173333333333334
2018,5,3,17,0,12.42
2018,5,3,18,0,10.25
2018,5,3,19,0,11.123333333333335
2018,5,3,20,0,10.826666666666668
2018,5,3,21,0,10.036666666666667
2018,5,3,22,0,10.910000000000002
2018,5,3,23,0,11.183333333333332
2018,5,4,0,0,11.443333333333335
2018,5,4,1,0,11.649999999999999
2018,5,4,2,0,11.776666666666666
2018,5,4,3,0,11.706666666666669
2018,5,4,4,0,11.799999999999999
2018,5,4,5,0,11.703333333333333
2018,5,4,6,0,10.770000000000001
2018,5,4,7,0,8.863333333333333
2018,5,4,8,0,6.216666666666666
2018,5,4,9,0,5.73
2018,5,4,10,0,5.486666666666667
2018,5,4,11,0,5.0633333333333335
2018,5,4,12,0,4.8933333333333335
2018,5,4,13,0,3.0533333333333332
2018,5,4,14,0,5.083333333333333
2018,5,4,15,0,4.713333333333334
2018,5,4,16,0,3.0133333333333336
2018,5,4,17,0,4.11
2018,5,4,18,0,3.6233333333333335
2018,5,4,19,0,5.446666666666668
2018,5,4,20,0,5.96
2018,5,4,21,0,5.853333333333333
2018,5,4,22,0,6.963333333333334
2018,5,4,23,0,7.420000000000001
2018,5,5,0,0,7.0566666666666675
2018,5,5,1,0,8.21
2018,5,5,2,0,9.503333333333334
2018,5,5,3,0,10.556666666666667
2018,5,5,4,0,10.763333333333334
2018,5,5,5,0,10.003333333333332
2018,5,5,6,0,9.056666666666667
2018,5,5,7,0,7.603333333333334
2018,5,5,8,0,5.003333333333333
2018,5,5,9,0,4.086666666666667
2018,5,5,10,0,3.356666666666667
2018,5,5,11,0,4.5
2018,5,5,12,0,4.236666666666667
2018,5,5,13,0,5.646666666666667
2018,5,5,14,0,4.673333333333334
2018,5,5,15,0,3.9966666666666675
2018,5,5,16,0,5.46
2018,5,5,17,0,4.676666666666667
2018,5,5,18,0,5.59
2018,5,5,19,0,5.066666666666667
2018,5,5,20,0,5.773333333333333
2018,5,5,21,0,7.41
2018,5,5,22,0,7.3066666666666675
2018,5,5,23,0,5.710000000000001
2018,5,6,0,0,4.846666666666667
2018,5,6,1,0,4.786666666666666
2018,5,6,2,0,3.836666666666666
2018,5,6,3,0,5.26
2018,5,6,4,0,5.123333333333333
2018,5,6,5,0,6.093333333333334
2018,5,6,6,0,4.89
2018,5,6,7,0,3.453333333333333
2018,5,6,8,0,3.3699999999999997
2018,5,6,9,0,3.44
2018,5,6,10,0,4.156666666666667
2018,5,6,11,0,5.24
2018,5,6,12,0,5.69
2018,5,6,13,0,4.49
2018,5,6,14,0,4.206666666666667
2018,5,6,15,0,2.8866666666666667
2018,5,6,16,0,3.9133333333333336
2018,5,6,17,0,3.623333333333333
2018,5,6,18,0,7.146666666666667
2018,5,6,19,0,11.033333333333333
2018,5,6,20,0,12.660000000000002
2018,5,6,21,0,12.770000000000001
2018,5,6,22,0,10.959999999999999
2018,5,6,23,0,10.9
2018,5,7,0,0,10.636666666666665
2018,5,7,1,0,12.346666666666666
2018,5,7,2,0,9.85
2018,5,7,3,0,8.386666666666667
2018,5,7,4,0,7.57
2018,5,7,5,0,3.42
2018,5,7,6,0,5.476666666666667
2018,5,7,7,0,4.956666666666667
2018,5,7,8,0,5.616666666666667
2018,5,7,9,0,6.359999999999999
2018,5,7,10,0,5.903333333333333
2018,5,7,11,0,5.419999999999999
2018,5,7,12,0,5.173333333333333
2018,5,7,13,0,4.763333333333333
2018,5,7,14,0,3.83
2018,5,7,15,0,4.8999999999999995
2018,5,7,16,0,4.346666666666667
2018,5,7,17,0,5.053333333333334
2018,5,7,18,0,7.579999999999999
2018,5,7,19,0,8.14
2018,5,7,20,0,8.020000000000001
2018,5,7,21,0,6.423333333333333
2018,5,7,22,0,8.15
2018,5,7,23,0,8.573333333333334
2018,5,8,0,0,7.346666666666667
2018,5,8,1,0,6.716666666666666
2018,5,8,2,0,6.006666666666668
2018,5,8,3,0,6.716666666666666
2018,5,8,4,0,10.653333333333334
2018,5,8,5,0,13.366666666666667
2018,5,8,6,0,11.6
2018,5,8,7,0,10.896666666666667
2018,5,8,8,0,10.44
2018,5,8,9,0,9.383333333333333
2018,5,8,10,0,9.606666666666667
2018,5,8,11,0,9.229999999999999
2018,5,8,12,0,8.530000000000001
2018,5,8,13,0,8.556666666666667
2018,5,8,14,0,7.54
2018,5,8,15,0,6.993333333333333
2018,5,8,16,0,7.203333333333333
2018,5,8,17,0,6.960000000000001
2018,5,8,18,0,6.68
2018,5,8,19,0,7.713333333333334
2018,5,8,20,0,6.57
2018,5,8,21,0,6.726666666666667
2018,5,8,22,0,6.683333333333333
2018,5,8,23,0,6.8566666666666665
2018,5,9,0,0,5.853333333333333
2018,5,9,1,0,4.96
2018,5,9,2,0,4.420000000000001
2018,5,9,3,0,5.803333333333334
2018,5,9,4,0,5.753333333333334
2018,5,9,5,0,5.859999999999999
2018,5,9,6,0,5.6000000000000005
2018,5,9,7,0,5.5633333333333335
2018,5,9,8,0,6.333333333333333
2018,5,9,9,0,6.363333333333333
2018,5,9,10,0,5.88
2018,5,9,11,0,4.99
2018,5,9,12,0,3.466666666666667
2018,5,9,13,0,3.1833333333333336
2018,5,9,14,0,3.66
2018,5,9,15,0,3.686666666666667
2018,5,9,16,0,3.3033333333333332
2018,5,9,17,0,4.21
2018,5,9,18,0,4.006666666666667
2018,5,9,19,0,7.12
2018,5,9,20,0,3.47
2018,5,9,21,0,3.7000000000000006
2018,5,9,22,0,8.603333333333333
2018,5,9,23,0,7.176666666666667
2018,5,10,0,0,6.346666666666667
2018,5,10,1,0,5.626666666666668
2018,5,10,2,0,3.626666666666667
2018,5,10,3,0,5.073333333333333
2018,5,10,4,0,6.036666666666666
2018,5,10,5,0,7.489999999999999
2018,5,10,6,0,6.12
2018,5,10,7,0,4.816666666666666
2018,5,10,8,0,4.1866666666666665
2018,5,10,9,0,5.44
2018,5,10,10,0,6.5
2018,5,10,11,0,7.833333333333333
2018,5,10,12,0,9.063333333333334
2018,5,10,13,0,10.38
2018,5,10,14,0,10.793333333333335
2018,5,10,15,0,11.799999999999999
2018,5,10,16,0,13.49
2018,5,10,17,0,11.82
2018,5,10,18,0,11.11
2018,5,10,19,0,12.89
2018,5,10,20,0,11.763333333333334
2018,5,10,21,0,8.71
2018,5,10,22,0,8.413333333333332
2018,5,10,23,0,14.58
2018,5,11,0,0,15.019999999999998
2018,5,11,1,0,15.066666666666668
2018,5,11,2,0,14.583333333333334
2018,5,11,3,0,11.966666666666667
2018,5,11,4,0,11.229999999999999
2018,5,11,5,0,8.956666666666667
2018,5,11,6,0,7.876666666666666
2018,5,11,7,0,5.886666666666667
2018,5,11,8,0,5.483333333333333
2018,5,11,9,0,3.953333333333333
2018,5,11,10,0,2.9866666666666664
2018,5,11,11,0,3.176666666666667
2018,5,11,12,0,3.72
2018,5,11,13,0,5.373333333333334
2018,5,11,14,0,6.760000000000001
2018,5,11,15,0,8.266666666666667
2018,5,11,16,0,9.383333333333333
2018,5,11,17,0,10.523333333333332
2018,5,11,18,0,9.346666666666666
2018,5,11,19,0,12.15
2018,5,11,20,0,10.676666666666668
2018,5,11,21,0,11.016666666666666
2018,5,11,22,0,9.316666666666665
2018,5,11,23,0,8.126666666666667
2018,5,12,0,0,6.676666666666667
2018,5,12,1,0,6.226666666666667
2018,5,12,2,0,6.78
2018,5,12,3,0,7.126666666666668
2018,5,12,4,0,5.933333333333334
2018,5,12,5,0,4.693333333333333
2018,5,12,6,0,4.6433333333333335
2018,5,12,7,0,5.286666666666667
2018,5,12,8,0,4.34
2018,5,12,9,0,4.243333333333333
2018,5,12,10,0,4.783333333333334
2018,5,12,11,0,4.52
2018,5,12,12,0,4.72
2018,5,12,13,0,5.506666666666667
2018,5,12,14,0,6.533333333333334
2018,5,12,15,0,8.043333333333333
2018,5,12,16,0,8.653333333333334
2018,5,12,17,0,10.0
2018,5,12,18,0,9.723333333333334
2018,5,12,19,0,9.83
2018,5,12,20,0,7.726666666666667
2018,5,12,21,0,7.1433333333333335
2018,5,12,22,0,8.556666666666667
2018,5,12,23,0,7.6866666666666665
2018,5,13,0,0,6.55
2018,5,13,1,0,5.683333333333333
2018,5,13,2,0,3.8633333333333337
2018,5,13,3,0,4.760000000000001
2018,5,13,4,0,4.706666666666667
2018,5,13,5,0,4.1000000000000005
2018,5,13,6,0,3.3800000000000003
2018,5,13,7,0,2.3033333333333332
2018,5,13,8,0,1.7633333333333334
2018,5,13,9,0,2.19
2018,5,13,10,0,2.84
2018,5,13,11,0,2.8200000000000003
2018,5,13,12,0,2.936666666666667
2018,5,13,13,0,4.25
2018,5,13,14,0,5.94
2018,5,13,15,0,6.989999999999999
2018,5,13,16,0,7.833333333333333
2018,5,13,17,0,6.523333333333333
2018,5,13,18,0,7.006666666666667
2018,5,13,19,0,8.58
2018,5,13,20,0,10.03
2018,5,13,21,0,8.076666666666668
2018,5,13,22,0,7.706666666666667
2018,5,13,23,0,8.236666666666666
2018,5,14,0,0,9.436666666666667
2018,5,14,1,0,4.82
2018,5,14,2,0,3.5233333333333334
2018,5,14,3,0,5.21
2018,5,14,4,0,6.640000000000001
2018,5,14,5,0,6.583333333333333
2018,5,14,6,0,6.316666666666666
2018,5,14,7,0,5.903333333333333
2018,5,14,8,0,5.069999999999999
2018,5,14,9,0,5.210000000000001
2018,5,14,10,0,4.8566666666666665
2018,5,14,11,0,4.04
2018,5,14,12,0,4.0
2018,5,14,13,0,2.7166666666666663
2018,5,14,14,0,4.080000000000001
2018,5,14,15,0,4.616666666666667
2018,5,14,16,0,5.28
2018,5,14,17,0,7.316666666666666
2018,5,14,18,0,6.0633333333333335
2018,5,14,19,0,6.256666666666667
2018,5,14,20,0,7.52
2018,5,14,21,0,10.993333333333332
2018,5,14,22,0,7.7733333333333325
2018,5,14,23,0,8.386666666666667
2018,5,15,0,0,7.97
2018,5,15,1,0,6.333333333333333
2018,5,15,2,0,5.98
2018,5,15,3,0,6.163333333333334
2018,5,15,4,0,6.423333333333333
2018,5,15,5,0,5.343333333333334
2018,5,15,6,0,3.8733333333333335
2018,5,15,7,0,2.533333333333333
2018,5,15,8,0,2.13
2018,5,15,9,0,2.5633333333333335
2018,5,15,10,0,2.5233333333333334
2018,5,15,11,0,3.1
2018,5,15,12,0,4.13
2018,5,15,13,0,4.89
2018,5,15,14,0,6.21
2018,5,15,15,0,6.21
2018,5,15,16,0,7.096666666666667
2018,5,15,17,0,7.796666666666666
2018,5,15,18,0,7.09
2018,5,15,19,0,12.233333333333334
2018,5,15,20,0,6.916666666666667
2018,5,15,21,0,12.563333333333333
2018,5,15,22,0,8.746666666666668
2018,5,15,23,0,6.1066666666666665
2018,5,16,0,0,3.0700000000000003
2018,5,16,1,0,4.28
2018,5,16,2,0,5.390000000000001
2018,5,16,3,0,5.446666666666666
2018,5,16,4,0,5.456666666666667
2018,5,16,5,0,5.126666666666667
2018,5,16,6,0,6.493333333333333
2018,5,16,7,0,4.4799999999999995
2018,5,16,8,0,2.5233333333333334
2018,5,16,9,0,3.0366666666666666
2018,5,16,10,0,2.676666666666667
2018,5,16,11,0,2.7266666666666666
2018,5,16,12,0,2.893333333333333
2018,5,16,13,0,3.3000000000000003
2018,5,16,14,0,4.39
2018,5,16,15,0,4.496666666666667
2018,5,16,16,0,5.866666666666667
2018,5,16,17,0,6.7200000000000015
2018,5,16,18,0,8.773333333333333
2018,5,16,19,0,9.386666666666665
2018,5,16,20,0,9.41
2018,5,16,21,0,10.743333333333332
2018,5,16,22,0,11.216666666666669
2018,5,16,23,0,11.950000000000001
2018,5,17,0,0,12.116666666666667
2018,5,17,1,0,11.82
2018,5,17,2,0,11.660000000000002
2018,5,17,3,0,11.89
2018,5,17,4,0,11.82
2018,5,17,5,0,9.996666666666668
2018,5,17,6,0,8.633333333333333
2018,5,17,7,0,8.716666666666667
2018,5,17,8,0,8.08
2018,5,17,9,0,8.946666666666667
2018,5,17,10,0,9.040000000000001
2018,5,17,11,0,9.219999999999999
2018,5,17,12,0,10.51
2018,5,17,13,0,10.533333333333333
2018,5,17,14,0,11.18
2018,5,17,15,0,12.096666666666666
2018,5,17,16,0,11.450000000000001
2018,5,17,17,0,11.806666666666667
2018,5,17,18,0,14.476666666666667
2018,5,17,19,0,14.023333333333333
2018,5,17,20,0,15.833333333333334
2018,5,17,21,0,14.943333333333333
2018,5,17,22,0,14.546666666666667
2018,5,17,23,0,14.446666666666667
2018,5,18,0,0,12.176666666666668
2018,5,18,1,0,12.106666666666667
2018,5,18,2,0,8.160000000000002
2018,5,18,3,0,8.5
2018,5,18,4,0,11.29
2018,5,18,5,0,11.053333333333333
2018,5,18,6,0,10.403333333333332
2018,5,18,7,0,10.696666666666667
2018,5,18,8,0,8.666666666666666
2018,5,18,9,0,6.213333333333334
2018,5,18,10,0,4.98
2018,5,18,11,0,4.66
2018,5,18,12,0,5.333333333333333
2018,5,18,13,0,6.053333333333334
2018,5,18,14,0,7.536666666666666
2018,5,18,15,0,5.983333333333333
2018,5,18,16,0,7.0
2018,5,18,17,0,7.286666666666666
2018,5,18,18,0,8.013333333333334
2018,5,18,19,0,10.943333333333333
2018,5,18,20,0,12.426666666666668
2018,5,18,21,0,12.243333333333334
2018,5,18,22,0,11.89
2018,5,18,23,0,11.666666666666666
2018,5,19,0,0,11.590000000000002
2018,5,19,1,0,11.813333333333333
2018,5,19,2,0,7.2366666666666655
2018,5,19,3,0,8.496666666666666
2018,5,19,4,0,6.976666666666667
2018,5,19,5,0,5.53
2018,5,19,6,0,6.383333333333333
2018,5,19,7,0,7.22
2018,5,19,8,0,10.136666666666667
2018,5,19,9,0,10.876666666666667
2018,5,19,10,0,10.729999999999999
2018,5,19,11,0,10.49
2018,5,19,12,0,10.610000000000001
2018,5,19,13,0,10.016666666666666
2018,5,19,14,0,9.89
2018,5,19,15,0,10.286666666666667
2018,5,19,16,0,11.413333333333332
2018,5,19,17,0,13.093333333333334
2018,5,19,18,0,12.366666666666667
2018,5,19,19,0,11.406666666666666
2018,5,19,20,0,11.683333333333335
2018,5,19,21,0,10.876666666666667
2018,5,19,22,0,9.036666666666667
2018,5,19,23,0,9.33
2018,5,20,0,0,8.200000000000001
2018,5,20,1,0,8.686666666666666
2018,5,20,2,0,6.853333333333334
2018,5,20,3,0,7.133333333333334
2018,5,20,4,0,7.330000000000001
2018,5,20,5,0,6.859999999999999
2018,5,20,6,0,7.036666666666666
2018,5,20,7,0,6.740000000000001
2018,5,20,8,0,6.016666666666667
2018,5,20,9,0,4.98
2018,5,20,10,0,4.319999999999999
2018,5,20,11,0,3.6366666666666667
2018,5,20,12,0,2.78
2018,5,20,13,0,1.7033333333333331
2018,5,20,14,0,3.216666666666667
2018,5,20,15,0,4.59
2018,5,20,16,0,4.163333333333333
2018,5,20,17,0,4.263333333333334
2018,5,20,18,0,5.0
2018,5,20,19,0,4.466666666666667
2018,5,20,20,0,6.966666666666666
2018,5,20,21,0,6.989999999999999
2018,5,20,22,0,6.786666666666666
2018,5,20,23,0,6.923333333333333
2018,5,21,0,0,8.753333333333332
2018,5,21,1,0,10.9
2018,5,21,2,0,9.373333333333333
2018,5,21,3,0,9.28
2018,5,21,4,0,9.126666666666667
2018,5,21,5,0,8.103333333333333
2018,5,21,6,0,7.756666666666668
2018,5,21,7,0,7.1433333333333335
2018,5,21,8,0,7.333333333333333
2018,5,21,9,0,6.886666666666667
2018,5,21,10,0,7.013333333333333
2018,5,21,11,0,8.133333333333333
2018,5,21,12,0,8.299999999999999
2018,5,21,13,0,8.386666666666665
2018,5,21,14,0,7.859999999999999
2018,5,21,15,0,8.540000000000001
2018,5,21,16,0,10.323333333333332
2018,5,21,17,0,7.916666666666667
2018,5,21,18,0,8.216666666666667
2018,5,21,19,0,10.666666666666666
2018,5,21,20,0,10.813333333333333
2018,5,21,21,0,10.956666666666669
2018,5,21,22,0,8.966666666666667
2018,5,21,23,0,8.623333333333335
2018,5,22,0,0,9.946666666666667
2018,5,22,1,0,7.366666666666667
2018,5,22,2,0,9.843333333333334
2018,5,22,3,0,8.846666666666666
2018,5,22,4,0,7.989999999999999
2018,5,22,5,0,6.346666666666667
2018,5,22,6,0,6.406666666666666
2018,5,22,7,0,4.916666666666667
2018,5,22,8,0,4.196666666666666
2018,5,22,9,0,4.94
2018,5,22,10,0,5.673333333333333
2018,5,22,11,0,6.583333333333333
2018,5,22,12,0,6.8933333333333335
2018,5,22,13,0,8.909999999999998
2018,5,22,14,0,10.020000000000001
2018,5,22,15,0,10.526666666666667
2018,5,22,16,0,12.376666666666665
2018,5,22,17,0,11.573333333333332
2018,5,22,18,0,13.206666666666669
2018,5,22,19,0,12.85
2018,5,22,20,0,11.229999999999999
2018,5,22,21,0,12.913333333333334
2018,5,22,22,0,10.393333333333333
2018,5,22,23,0,13.433333333333332
2018,5,23,0,0,10.213333333333333
2018,5,23,1,0,8.623333333333333
2018,5,23,2,0,9.08
2018,5,23,3,0,7.026666666666666
2018,5,23,4,0,7.783333333333334
2018,5,23,5,0,8.52
2018,5,23,6,0,6.746666666666666
2018,5,23,7,0,6.239999999999999
2018,5,23,8,0,7.283333333333334
2018,5,23,9,0,7.583333333333333
2018,5,23,10,0,8.48
2018,5,23,11,0,9.1
2018,5,23,12,0,10.216666666666667
2018,5,23,13,0,12.21
2018,5,23,14,0,12.886666666666665
2018,5,23,15,0,11.743333333333334
2018,5,23,16,0,12.950000000000001
2018,5,23,17,0,10.719999999999999
2018,5,23,18,0,12.58
2018,5,23,19,0,11.579999999999998
2018,5,23,20,0,10.670000000000002
2018,5,23,21,0,12.469999999999999
2018,5,23,22,0,12.983333333333334
2018,5,23,23,0,12.473333333333334
2018,5,24,0,0,12.363333333333335
2018,5,24,1,0,11.729999999999999
2018,5,24,2,0,10.316666666666666
2018,5,24,3,0,12.223333333333334
2018,5,24,4,0,11.946666666666665
2018,5,24,5,0,10.476666666666667
2018,5,24,6,0,10.396666666666668
2018,5,24,7,0,8.156666666666666
2018,5,24,8,0,7.266666666666667
2018,5,24,9,0,7.243333333333332
2018,5,24,10,0,5.196666666666666
2018,5,24,11,0,4.333333333333333
2018,5,24,12,0,8.340000000000002
2018,5,24,13,0,8.25
2018,5,24,14,0,7.560000000000001
2018,5,24,15,0,4.713333333333334
2018,5,24,16,0,5.083333333333333
2018,5,24,17,0,6.810000000000001
2018,5,24,18,0,5.609999999999999
2018,5,24,19,0,7.340000000000001
2018,5,24,20,0,8.263333333333334
2018,5,24,21,0,7.433333333333333
2018,5,24,22,0,5.493333333333333
2018,5,24,23,0,4.55
2018,5,25,0,0,5.266666666666667
2018,5,25,1,0,4.46
2018,5,25,2,0,4.183333333333334
2018,5,25,3,0,4.3933333333333335
2018,5,25,4,0,7.483333333333333
2018,5,25,5,0,7.330000000000001
2018,5,25,6,0,7.396666666666666
2018,5,25,7,0,6.419999999999999
2018,5,25,8,0,4.706666666666667
2018,5,25,9,0,3.8766666666666665
2018,5,25,10,0,3.66
2018,5,25,11,0,4.023333333333333
2018,5,25,12,0,4.6433333333333335
2018,5,25,13,0,3.6933333333333334
2018,5,25,14,0,4.316666666666666
2018,5,25,15,0,6.136666666666667
2018,5,25,16,0,4.403333333333333
2018,5,25,17,0,6.326666666666667
2018,5,25,18,0,6.47
2018,5,25,19,0,9.53
2018,5,25,20,0,10.159999999999998
2018,5,25,21,0,8.503333333333334
2018,5,25,22,0,10.003333333333332
2018,5,25,23,0,9.733333333333333
2018,5,26,0,0,8.746666666666668
2018,5,26,1,0,9.389999999999999
2018,5,26,2,0,10.213333333333333
2018,5,26,3,0,10.57
2018,5,26,4,0,11.346666666666666
2018,5,26,5,0,10.083333333333334
2018,5,26,6,0,8.63
2018,5,26,7,0,6.946666666666666
2018,5,26,8,0,7.096666666666667
2018,5,26,9,0,8.383333333333333
2018,5,26,10,0,8.996666666666668
2018,5,26,11,0,9.486666666666666
2018,5,26,12,0,10.46
2018,5,26,13,0,10.87
2018,5,26,14,0,11.456666666666669
2018,5,26,15,0,11.636666666666665
2018,5,26,16,0,13.116666666666667
2018,5,26,17,0,13.780000000000001
2018,5,26,18,0,13.766666666666666
2018,5,26,19,0,14.88
2018,5,26,20,0,14.596666666666666
2018,5,26,21,0,15.5
2018,5,26,22,0,15.743333333333334
2018,5,26,23,0,15.969999999999999
2018,5,27,0,0,14.643333333333333
2018,5,27,1,0,14.103333333333333
2018,5,27,2,0,12.803333333333333
2018,5,27,3,0,12.13
2018,5,27,4,0,11.383333333333333
2018,5,27,5,0,11.933333333333332
2018,5,27,6,0,11.85
2018,5,27,7,0,11.206666666666665
2018,5,27,8,0,9.586666666666668
2018,5,27,9,0,8.299999999999999
2018,5,27,10,0,8.686666666666666
2018,5,27,11,0,9.243333333333332
2018,5,27,12,0,10.38
2018,5,27,13,0,11.770000000000001
2018,5,27,14,0,15.043333333333335
2018,5,27,15,0,13.83
2018,5,27,16,0,12.706666666666669
2018,5,27,17,0,12.096666666666666
2018,5,27,18,0,11.813333333333333
2018,5,27,19,0,12.013333333333334
2018,5,27,20,0,14.78
2018,5,27,21,0,14.506666666666668
2018,5,27,22,0,14.806666666666665
2018,5,27,23,0,13.823333333333332
2018,5,28,0,0,12.603333333333333
2018,5,28,1,0,11.033333333333333
2018,5,28,2,0,11.716666666666667
2018,5,28,3,0,11.839999999999998
2018,5,28,4,0,11.089999999999998
2018,5,28,5,0,9.006666666666668
2018,5,28,6,0,7.629999999999999
2018,5,28,7,0,8.806666666666667
2018,5,28,8,0,7.5
2018,5,28,9,0,7.9333333333333345
2018,5,28,10,0,8.976666666666667
2018,5,28,11,0,8.17
2018,5,28,12,0,8.09
2018,5,28,13,0,7.843333333333334
2018,5,28,14,0,8.423333333333334
2018,5,28,15,0,8.176666666666668
2018,5,28,16,0,12.146666666666668
2018,5,28,17,0,11.06
2018,5,28,18,0,7.91
2018,5,28,19,0,8.913333333333332
2018,5,28,20,0,15.246666666666668
2018,5,28,21,0,11.196666666666667
2018,5,28,22,0,7.943333333333334
2018,5,28,23,0,9.383333333333333
2018,5,29,0,0,6.7299999999999995
2018,5,29,1,0,8.023333333333333
2018,5,29,2,0,7.323333333333333
2018,5,29,3,0,4.876666666666667
2018,5,29,4,0,5.75
2018,5,29,5,0,5.866666666666667
2018,5,29,6,0,4.420000000000001
2018,5,29,7,0,4.34
2018,5,29,8,0,3.966666666666667
2018,5,29,9,0,3.7366666666666664
2018,5,29,10,0,3.366666666666667
2018,5,29,11,0,3.1733333333333333
2018,5,29,12,0,2.4633333333333334
2018,5,29,13,0,3.3866666666666667
2018,5,29,14,0,3.516666666666667
2018,5,29,15,0,5.006666666666667
2018,5,29,16,0,6.1066666666666665
2018,5,29,17,0,5.243333333333333
2018,5,29,18,0,5.593333333333334
2018,5,29,19,0,4.133333333333334
2018,5,29,20,0,5.3566666666666665
2018,5,29,21,0,5.613333333333333
2018,5,29,22,0,7.053333333333334
2018,5,29,23,0,7.733333333333333
2018,5,30,0,0,6.353333333333333
2018,5,30,1,0,5.38
2018,5,30,2,0,4.43
2018,5,30,3,0,4.63
2018,5,30,4,0,5.1033333333333335
2018,5,30,5,0,4.206666666666666
2018,5,30,6,0,3.5399999999999996
2018,5,30,7,0,3.293333333333333
2018,5,30,8,0,3.606666666666667
2018,5,30,9,0,4.783333333333333
2018,5,30,10,0,6.07
2018,5,30,11,0,6.283333333333334
2018,5,30,12,0,5.7
2018,5,30,13,0,4.986666666666667
2018,5,30,14,0,6.073333333333333
2018,5,30,15,0,6.169999999999999
2018,5,30,16,0,7.713333333333334
2018,5,30,17,0,10.32
2018,5,30,18,0,8.840000000000002
2018,5,30,19,0,10.696666666666667
2018,5,30,20,0,9.793333333333335
2018,5,30,21,0,8.41
2018,5,30,22,0,5.203333333333333
2018,5,30,23,0,8.203333333333333
2018,5,31,0,0,6.266666666666667
2018,5,31,1,0,4.87
2018,5,31,2,0,6.7700000000000005
2018,5,31,3,0,8.23
2018,5,31,4,0,10.04
2018,5,31,5,0,10.043333333333335
2018,5,31,6,0,8.396666666666667
2018,5,31,7,0,5.263333333333334
2018,5,31,8,0,3.1500000000000004
2018,5,31,9,0,2.3233333333333337
2018,5,31,10,0,2.4066666666666667
2018,5,31,11,0,3.823333333333333
2018,5,31,12,0,3.4599999999999995
2018,5,31,13,0,3.7099999999999995
2018,5,31,14,0,5.1866666666666665
2018,5,31,15,0,4.623333333333333
2018,5,31,16,0,5.6066666666666665
2018,5,31,17,0,8.69
2018,5,31,18,0,9.803333333333333
2018,5,31,19,0,11.726666666666667
2018,5,31,20,0,13.42
2018,5,31,21,0,14.949999999999998
2018,5,31,22,0,14.486666666666666
2018,5,31,23,0,13.676666666666668
2018,6,1,0,0,11.936666666666667
2018,6,1,1,0,13.396666666666667
2018,6,1,2,0,12.083333333333334
2018,6,1,3,0,10.276666666666666
2018,6,1,4,0,9.376666666666667
2018,6,1,5,0,10.183333333333332
2018,6,1,6,0,9.566666666666668
2018,6,1,7,0,9.363333333333332
2018,6,1,8,0,7.59
2018,6,1,9,0,7.599999999999999
2018,6,1,10,0,7.233333333333333
2018,6,1,11,0,8.520000000000001
2018,6,1,12,0,9.033333333333333
2018,6,1,13,0,9.533333333333333
2018,6,1,14,0,8.326666666666666
2018,6,1,15,0,8.94
2018,6,1,16,0,9.120000000000001
2018,6,1,17,0,6.57
2018,6,1,18,0,9.0
2018,6,1,19,0,9.413333333333332
2018,6,1,20,0,15.006666666666666
2018,6,1,21,0,15.446666666666667
2018,6,1,22,0,14.310000000000002
2018,6,1,23,0,15.456666666666669
2018,6,2,0,0,15.520000000000001
2018,6,2,1,0,15.503333333333332
2018,6,2,2,0,14.85
2018,6,2,3,0,14.316666666666668
2018,6,2,4,0,12.813333333333334
2018,6,2,5,0,12.316666666666668
2018,6,2,6,0,10.74
2018,6,2,7,0,10.013333333333334
2018,6,2,8,0,9.28
2018,6,2,9,0,8.96
2018,6,2,10,0,7.2
2018,6,2,11,0,6.0566666666666675
2018,6,2,12,0,5.760000000000001
2018,6,2,13,0,5.556666666666666
2018,6,2,14,0,5.05
2018,6,2,15,0,4.086666666666667
2018,6,2,16,0,4.31
2018,6,2,17,0,4.153333333333333
2018,6,2,18,0,4.173333333333333
2018,6,2,19,0,5.733333333333333
2018,6,2,20,0,7.326666666666668
2018,6,2,21,0,6.433333333333333
2018,6,2,22,0,6.796666666666668
2018,6,2,23,0,6.260000000000001
2018,6,3,0,0,5.45
2018,6,3,1,0,6.3500000000000005
2018,6,3,2,0,6.576666666666667
2018,6,3,3,0,6.746666666666666
2018,6,3,4,0,7.376666666666666
2018,6,3,5,0,7.960000000000001
2018,6,3,6,0,7.36
2018,6,3,7,0,6.256666666666667
2018,6,3,8,0,6.89
2018,6,3,9,0,7.6866666666666665
2018,6,3,10,0,9.236666666666666
2018,6,3,11,0,9.043333333333333
2018,6,3,12,0,8.700000000000001
2018,6,3,13,0,9.719999999999999
2018,6,3,14,0,10.683333333333332
2018,6,3,15,0,10.506666666666666
2018,6,3,16,0,11.99
2018,6,3,17,0,10.663333333333334
2018,6,3,18,0,10.163333333333334
2018,6,3,19,0,11.396666666666667
2018,6,3,20,0,10.86
2018,6,3,21,0,10.446666666666667
2018,6,3,22,0,9.616666666666667
2018,6,3,23,0,10.316666666666666
2018,6,4,0,0,10.143333333333333
2018,6,4,1,0,9.746666666666668
2018,6,4,2,0,6.6866666666666665
2018,6,4,3,0,6.78
2018,6,4,4,0,7.78
2018,6,4,5,0,7.496666666666666
2018,6,4,6,0,6.57
2018,6,4,7,0,4.086666666666667
2018,6,4,8,0,4.293333333333334
2018,6,4,9,0,4.38
2018,6,4,10,0,4.41
2018,6,4,11,0,4.093333333333334
2018,6,4,12,0,3.9966666666666666
2018,6,4,13,0,3.6633333333333336
2018,6,4,14,0,4.543333333333333
2018,6,4,15,0,5.510000000000001
2018,6,4,16,0,5.7
2018,6,4,17,0,5.84
2018,6,4,18,0,6.576666666666667
2018,6,4,19,0,7.616666666666667
2018,6,4,20,0,8.736666666666666
2018,6,4,21,0,9.256666666666666
2018,6,4,22,0,8.99
2018,6,4,23,0,9.093333333333334
2018,6,5,0,0,8.200000000000001
2018,6,5,1,0,8.47
2018,6,5,2,0,8.796666666666667
2018,6,5,3,0,8.573333333333332
2018,6,5,4,0,8.983333333333334
2018,6,5,5,0,8.556666666666667
2018,6,5,6,0,8.653333333333334
2018,6,5,7,0,7.116666666666667
2018,6,5,8,0,4.56
2018,6,5,9,0,5.406666666666667
2018,6,5,10,0,5.686666666666667
2018,6,5,11,0,4.109999999999999
2018,6,5,12,0,4.9366666666666665
2018,6,5,13,0,3.796666666666667
2018,6,5,14,0,6.160000000000001
2018,6,5,15,0,7.166666666666667
2018,6,5,16,0,8.146666666666667
2018,6,5,17,0,5.523333333333333
2018,6,5,18,0,7.82
2018,6,5,19,0,12.473333333333334
2018,6,5,20,0,14.589999999999998
2018,6,5,21,0,13.523333333333333
2018,6,5,22,0,14.223333333333334
2018,6,5,23,0,13.096666666666666
2018,6,6,0,0,10.893333333333333
2018,6,6,1,0,10.950000000000001
2018,6,6,2,0,13.440000000000003
2018,6,6,3,0,10.246666666666668
2018,6,6,4,0,9.020000000000001
2018,6,6,5,0,7.993333333333335
2018,6,6,6,0,7.846666666666667
2018,6,6,7,0,6.3
2018,6,6,8,0,4.906666666666667
2018,6,6,9,0,5.56
2018,6,6,10,0,4.3500000000000005
2018,6,6,11,0,5.146666666666667
2018,6,6,12,0,4.6066666666666665
2018,6,6,13,0,4.256666666666667
2018,6,6,14,0,5.0566666666666675
2018,6,6,15,0,6.283333333333334
2018,6,6,16,0,8.92
2018,6,6,17,0,9.84
2018,6,6,18,0,11.673333333333332
2018,6,6,19,0,7.94
2018,6,6,20,0,13.496666666666668
2018,6,6,21,0,12.083333333333334
2018,6,6,22,0,13.606666666666667
2018,6,6,23,0,11.913333333333334
2018,6,7,0,0,8.766666666666667
2018,6,7,1,0,6.993333333333332
2018,6,7,2,0,9.74
2018,6,7,3,0,7.206666666666666
2018,6,7,4,0,8.203333333333333
2018,6,7,5,0,9.236666666666666
2018,6,7,6,0,7.603333333333334
2018,6,7,7,0,3.23
2018,6,7,8,0,2.3699999999999997
2018,6,7,9,0,4.173333333333333
2018,6,7,10,0,3.5966666666666662
2018,6,7,11,0,3.4599999999999995
2018,6,7,12,0,3.983333333333333
2018,6,7,13,0,4.506666666666667
2018,6,7,14,0,4.933333333333334
2018,6,7,15,0,5.913333333333334
2018,6,7,16,0,7.326666666666667
2018,6,7,17,0,6.62
2018,6,7,18,0,7.5
2018,6,7,19,0,12.023333333333333
2018,6,7,20,0,11.47
2018,6,7,21,0,12.706666666666669
2018,6,7,22,0,9.753333333333332
2018,6,7,23,0,11.553333333333333
2018,6,8,0,0,9.666666666666666
2018,6,8,1,0,9.336666666666666
2018,6,8,2,0,9.42
2018,6,8,3,0,7.756666666666667
2018,6,8,4,0,4.406666666666667
2018,6,8,5,0,7.426666666666667
2018,6,8,6,0,6.406666666666666
2018,6,8,7,0,5.27
2018,6,8,8,0,6.210000000000001
2018,6,8,9,0,5.56
2018,6,8,10,0,4.986666666666667
2018,6,8,11,0,4.989999999999999
2018,6,8,12,0,5.346666666666667
2018,6,8,13,0,7.05
2018,6,8,14,0,6.54
2018,6,8,15,0,8.626666666666667
2018,6,8,16,0,8.433333333333334
2018,6,8,17,0,7.983333333333334
2018,6,8,18,0,7.846666666666667
2018,6,8,19,0,10.006666666666666
2018,6,8,20,0,10.966666666666667
2018,6,8,21,0,10.936666666666666
2018,6,8,22,0,9.783333333333333
2018,6,8,23,0,12.850000000000001
2018,6,9,0,0,13.856666666666667
2018,6,9,1,0,13.876666666666665
2018,6,9,2,0,10.486666666666666
2018,6,9,3,0,10.656666666666668
2018,6,9,4,0,8.840000000000002
2018,6,9,5,0,9.546666666666665
2018,6,9,6,0,10.163333333333332
2018,6,9,7,0,7.54
2018,6,9,8,0,6.273333333333333
2018,6,9,9,0,5.55
2018,6,9,10,0,5.596666666666668
2018,6,9,11,0,3.9499999999999997
2018,6,9,12,0,4.433333333333334
2018,6,9,13,0,3.4333333333333336
2018,6,9,14,0,5.739999999999999
2018,6,9,15,0,6.6499999999999995
2018,6,9,16,0,6.333333333333333
2018,6,9,17,0,7.5566666666666675
2018,6,9,18,0,7.21
2018,6,9,19,0,9.396666666666667
2018,6,9,20,0,10.34
2018,6,9,21,0,13.953333333333333
2018,6,9,22,0,12.036666666666667
2018,6,9,23,0,12.153333333333334
2018,6,10,0,0,13.353333333333333
2018,6,10,1,0,13.113333333333335
2018,6,10,2,0,13.1
2018,6,10,3,0,11.113333333333335
2018,6,10,4,0,12.21
2018,6,10,5,0,11.469999999999999
2018,6,10,6,0,10.886666666666665
2018,6,10,7,0,6.956666666666666
2018,6,10,8,0,6.236666666666667
2018,6,10,9,0,5.96
2018,6,10,10,0,5.739999999999999
2018,6,10,11,0,6.1000000000000005
2018,6,10,12,0,5.6499999999999995
2018,6,10,13,0,5.510000000000001
2018,6,10,14,0,8.08
2018,6,10,15,0,8.583333333333334
2018,6,10,16,0,6.126666666666666
2018,6,10,17,0,9.596666666666666
2018,6,10,18,0,9.07
2018,6,10,19,0,9.466666666666667
2018,6,10,20,0,11.543333333333335
2018,6,10,21,0,14.046666666666667
2018,6,10,22,0,13.189999999999998
2018,6,10,23,0,13.586666666666666
2018,6,11,0,0,14.156666666666666
2018,6,11,1,0,17.436666666666664
2018,6,11,2,0,16.58
2018,6,11,3,0,16.323333333333334
2018,6,11,4,0,18.393333333333334
2018,6,11,5,0,17.153333333333332
2018,6,11,6,0,16.263333333333332
2018,6,11,7,0,14.686666666666666
2018,6,11,8,0,14.173333333333332
2018,6,11,9,0,13.683333333333332
2018,6,11,10,0,11.37
2018,6,11,11,0,9.623333333333333
2018,6,11,12,0,7.713333333333334
2018,6,11,13,0,5.93
2018,6,11,14,0,5.180000000000001
2018,6,11,15,0,5.623333333333334
2018,6,11,16,0,5.496666666666667
2018,6,11,17,0,6.566666666666667
2018,6,11,18,0,6.186666666666667
2018,6,11,19,0,8.32
2018,6,11,20,0,9.600000000000001
2018,6,11,21,0,9.226666666666667
2018,6,11,22,0,9.523333333333333
2018,6,11,23,0,8.110000000000001
2018,6,12,0,0,7.349999999999999
2018,6,12,1,0,7.413333333333334
2018,6,12,2,0,6.8500000000000005
2018,6,12,3,0,7.036666666666666
2018,6,12,4,0,6.736666666666667
2018,6,12,5,0,5.760000000000001
2018,6,12,6,0,5.243333333333333
2018,6,12,7,0,4.036666666666667
2018,6,12,8,0,3.4233333333333333
2018,6,12,9,0,2.53
2018,6,12,10,0,3.67
2018,6,12,11,0,3.2866666666666666
2018,6,12,12,0,3.063333333333334
2018,6,12,13,0,2.6366666666666667
2018,6,12,14,0,3.0433333333333334
2018,6,12,15,0,3.2566666666666664
2018,6,12,16,0,4.1000000000000005
2018,6,12,17,0,4.503333333333333
2018,6,12,18,0,5.989999999999999
2018,6,12,19,0,6.633333333333334
2018,6,12,20,0,9.893333333333333
2018,6,12,21,0,10.263333333333334
2018,6,12,22,0,10.746666666666664
2018,6,12,23,0,9.026666666666666
2018,6,13,0,0,9.003333333333332
2018,6,13,1,0,8.863333333333335
2018,6,13,2,0,8.676666666666668
2018,6,13,3,0,11.93
2018,6,13,4,0,11.450000000000001
2018,6,13,5,0,7.876666666666668
2018,6,13,6,0,9.58
2018,6,13,7,0,10.056666666666667
2018,6,13,8,0,10.290000000000001
2018,6,13,9,0,9.65
2018,6,13,10,0,9.353333333333333
2018,6,13,11,0,10.543333333333331
2018,6,13,12,0,11.020000000000001
2018,6,13,13,0,10.133333333333335
2018,6,13,14,0,9.776666666666667
2018,6,13,15,0,9.19
2018,6,13,16,0,11.463333333333333
2018,6,13,17,0,12.396666666666667
2018,6,13,18,0,12.806666666666667
2018,6,13,19,0,11.973333333333334
2018,6,13,20,0,9.663333333333334
2018,6,13,21,0,9.81
2018,6,13,22,0,10.12
2018,6,13,23,0,12.579999999999998
2018,6,14,0,0,10.93
2018,6,14,1,0,10.333333333333334
2018,6,14,2,0,9.113333333333335
2018,6,14,3,0,10.296666666666667
2018,6,14,4,0,10.44
2018,6,14,5,0,10.186666666666667
2018,6,14,6,0,8.86
2018,6,14,7,0,7.053333333333332
2018,6,14,8,0,7.503333333333334
2018,6,14,9,0,8.286666666666667
2018,6,14,10,0,7.926666666666667
2018,6,14,11,0,8.11
2018,6,14,12,0,7.75
2018,6,14,13,0,9.049999999999999
2018,6,14,14,0,8.3
2018,6,14,15,0,12.096666666666666
2018,6,14,16,0,8.183333333333334
2018,6,14,17,0,8.656666666666666
2018,6,14,18,0,10.323333333333332
2018,6,14,19,0,10.126666666666667
2018,6,14,20,0,10.033333333333333
2018,6,14,21,0,9.683333333333334
2018,6,14,22,0,13.996666666666668
2018,6,14,23,0,10.969999999999999
2018,6,15,0,0,14.573333333333332
2018,6,15,1,0,10.256666666666668
2018,6,15,2,0,9.623333333333333
2018,6,15,3,0,8.530000000000001
2018,6,15,4,0,8.520000000000001
2018,6,15,5,0,8.023333333333333
2018,6,15,6,0,8.94
2018,6,15,7,0,6.243333333333332
2018,6,15,8,0,3.8800000000000003
2018,6,15,9,0,4.3500000000000005
2018,6,15,10,0,4.38
2018,6,15,11,0,5.48
2018,6,15,12,0,4.786666666666666
2018,6,15,13,0,6.580000000000001
2018,6,15,14,0,6.333333333333333
2018,6,15,15,0,7.8933333333333335
2018,6,15,16,0,6.1066666666666665
2018,6,15,17,0,6.916666666666667
2018,6,15,18,0,10.74
2018,6,15,19,0,11.816666666666665
2018,6,15,20,0,10.37
2018,6,15,21,0,13.816666666666668
2018,6,15,22,0,13.953333333333333
2018,6,15,23,0,11.57
2018,6,16,0,0,13.213333333333333
2018,6,16,1,0,14.770000000000001
2018,6,16,2,0,10.340000000000002
2018,6,16,3,0,10.363333333333335
2018,6,16,4,0,9.706666666666665
2018,6,16,5,0,9.116666666666667
2018,6,16,6,0,8.936666666666667
2018,6,16,7,0,7.913333333333334
2018,6,16,8,0,10.533333333333333
2018,6,16,9,0,9.143333333333333
2018,6,16,10,0,10.520000000000001
2018,6,16,11,0,11.603333333333333
2018,6,16,12,0,13.436666666666667
2018,6,16,13,0,13.343333333333334
2018,6,16,14,0,12.92
2018,6,16,15,0,13.243333333333334
2018,6,16,16,0,15.13
2018,6,16,17,0,10.013333333333334
2018,6,16,18,0,10.913333333333334
2018,6,16,19,0,10.790000000000001
2018,6,16,20,0,10.173333333333334
2018,6,16,21,0,9.163333333333334
2018,6,16,22,0,9.976666666666667
2018,6,16,23,0,9.433333333333334
2018,6,17,0,0,12.246666666666668
2018,6,17,1,0,11.329999999999998
2018,6,17,2,0,10.273333333333333
2018,6,17,3,0,8.156666666666666
2018,6,17,4,0,8.126666666666667
2018,6,17,5,0,7.646666666666666
2018,6,17,6,0,8.903333333333334
2018,6,17,7,0,7.583333333333333
2018,6,17,8,0,6.853333333333334
2018,6,17,9,0,5.913333333333334
2018,6,17,10,0,6.05
2018,6,17,11,0,6.216666666666666
2018,6,17,12,0,6.3133333333333335
2018,6,17,13,0,8.06
2018,6,17,14,0,8.790000000000001
2018,6,17,15,0,8.623333333333333
2018,6,17,16,0,6.413333333333334
2018,6,17,17,0,11.693333333333333
2018,6,17,18,0,11.276666666666666
2018,6,17,19,0,12.266666666666666
2018,6,17,20,0,11.29
2018,6,17,21,0,11.576666666666666
2018,6,17,22,0,9.316666666666666
2018,6,17,23,0,10.023333333333333
2018,6,18,0,0,9.646666666666667
2018,6,18,1,0,8.756666666666668
2018,6,18,2,0,9.196666666666667
2018,6,18,3,0,8.083333333333334
2018,6,18,4,0,7.663333333333334
2018,6,18,5,0,8.073333333333332
2018,6,18,6,0,8.036666666666667
2018,6,18,7,0,6.173333333333333
2018,6,18,8,0,4.293333333333334
2018,6,18,9,0,3.1466666666666665
2018,6,18,10,0,1.8800000000000001
2018,6,18,11,0,2.763333333333333
2018,6,18,12,0,3.6500000000000004
2018,6,18,13,0,4.430000000000001
2018,6,18,14,0,3.896666666666667
2018,6,18,15,0,5.07
2018,6,18,16,0,5.68
2018,6,18,17,0,7.346666666666667
2018,6,18,18,0,8.606666666666667
2018,6,18,19,0,11.416666666666666
2018,6,18,20,0,12.623333333333335
2018,6,18,21,0,12.340000000000002
2018,6,18,22,0,12.903333333333334
2018,6,18,23,0,13.113333333333332
2018,6,19,0,0,12.783333333333333
2018,6,19,1,0,9.9
2018,6,19,2,0,8.623333333333333
2018,6,19,3,0,8.396666666666667
2018,6,19,4,0,9.076666666666666
2018,6,19,5,0,9.646666666666667
2018,6,19,6,0,9.729999999999999
2018,6,19,7,0,10.01
2018,6,19,8,0,9.636666666666667
2018,6,19,9,0,6.82
2018,6,19,10,0,5.706666666666666
2018,6,19,11,0,6.276666666666666
2018,6,19,12,0,6.763333333333333
2018,6,19,13,0,7.41
2018,6,19,14,0,9.08
2018,6,19,15,0,10.576666666666668
2018,6,19,16,0,12.216666666666667
2018,6,19,17,0,8.556666666666667
2018,6,19,18,0,12.040000000000001
2018,6,19,19,0,10.553333333333333
2018,6,19,20,0,12.023333333333333
2018,6,19,21,0,12.026666666666669
2018,6,19,22,0,11.333333333333334
2018,6,19,23,0,11.196666666666665
2018,6,20,0,0,6.683333333333334
2018,6,20,1,0,9.840000000000002
2018,6,20,2,0,10.59
2018,6,20,3,0,9.763333333333334
2018,6,20,4,0,9.603333333333332
2018,6,20,5,0,10.81
2018,6,20,6,0,9.643333333333333
2018,6,20,7,0,6.456666666666666
2018,6,20,8,0,5.823333333333333
2018,6,20,9,0,6.400000000000001
2018,6,20,10,0,5.703333333333333
2018,6,20,11,0,5.906666666666666
2018,6,20,12,0,7.0566666666666675
2018,6,20,13,0,6.97
2018,6,20,14,0,6.8066666666666675
2018,6,20,15,0,6.516666666666667
2018,6,20,16,0,6.72
2018,6,20,17,0,7.666666666666667
2018,6,20,18,0,8.263333333333334
2018,6,20,19,0,8.213333333333333
2018,6,20,20,0,7.406666666666666
2018,6,20,21,0,8.063333333333333
2018,6,20,22,0,6.19
2018,6,20,23,0,4.930000000000001
2018,6,21,0,0,4.973333333333334
2018,6,21,1,0,4.5
2018,6,21,2,0,4.239999999999999
2018,6,21,3,0,4.1866666666666665
2018,6,21,4,0,4.73
2018,6,21,5,0,4.996666666666667
2018,6,21,6,0,4.066666666666667
2018,6,21,7,0,3.0933333333333337
2018,6,21,8,0,3.6033333333333335
2018,6,21,9,0,3.873333333333333
2018,6,21,10,0,3.603333333333333
2018,6,21,11,0,2.7600000000000002
2018,6,21,12,0,1.9566666666666668
2018,6,21,13,0,3.56
2018,6,21,14,0,4.656666666666667
2018,6,21,15,0,5.6433333333333335
2018,6,21,16,0,5.3933333333333335
2018,6,21,17,0,8.223333333333333
2018,6,21,18,0,7.556666666666666
2018,6,21,19,0,9.453333333333333
2018,6,21,20,0,9.376666666666667
2018,6,21,21,0,8.246666666666666
2018,6,21,22,0,6.080000000000001
2018,6,21,23,0,9.043333333333333
2018,6,22,0,0,8.553333333333333
2018,6,22,1,0,7.323333333333334
2018,6,22,2,0,6.09
2018,6,22,3,0,7.553333333333334
2018,6,22,4,0,6.396666666666667
2018,6,22,5,0,6.830000000000001
2018,6,22,6,0,5.62
2018,6,22,7,0,5.613333333333333
2018,6,22,8,0,6.3933333333333335
2018,6,22,9,0,6.646666666666666
2018,6,22,10,0,6.489999999999999
2018,6,22,11,0,6.960000000000001
2018,6,22,12,0,6.103333333333333
2018,6,22,13,0,10.63
2018,6,22,14,0,9.15
2018,6,22,15,0,10.78
2018,6,22,16,0,6.6499999999999995
2018,6,22,17,0,7.366666666666667
2018,6,22,18,0,7.403333333333333
2018,6,22,19,0,6.836666666666667
2018,6,22,20,0,8.026666666666667
2018,6,22,21,0,7.88
2018,6,22,22,0,4.1433333333333335
2018,6,22,23,0,4.803333333333334
2018,6,23,0,0,7.313333333333333
2018,6,23,1,0,7.276666666666666
2018,6,23,2,0,7.090000000000001
2018,6,23,3,0,7.7
2018,6,23,4,0,7.616666666666667
2018,6,23,5,0,6.156666666666666
2018,6,23,6,0,5.846666666666667
2018,6,23,7,0,3.946666666666667
2018,6,23,8,0,4.58
2018,6,23,9,0,5.03
2018,6,23,10,0,4.923333333333334
2018,6,23,11,0,5.576666666666667
2018,6,23,12,0,6.123333333333334
2018,6,23,13,0,7.233333333333334
2018,6,23,14,0,6.82
2018,6,23,15,0,7.363333333333333
2018,6,23,16,0,8.86
2018,6,23,17,0,6.3999999999999995
2018,6,23,18,0,8.93
2018,6,23,19,0,10.803333333333333
2018,6,23,20,0,8.113333333333333
2018,6,23,21,0,11.023333333333333
2018,6,23,22,0,9.17
2018,6,23,23,0,7.61
2018,6,24,0,0,7.09
2018,6,24,1,0,7.87
2018,6,24,2,0,7.373333333333332
2018,6,24,3,0,7.38
2018,6,24,4,0,8.09
2018,6,24,5,0,4.77
2018,6,24,6,0,7.843333333333334
2018,6,24,7,0,5.496666666666667
2018,6,24,8,0,3.0833333333333335
2018,6,24,9,0,3.106666666666667
2018,6,24,10,0,2.28
2018,6,24,11,0,2.7100000000000004
2018,6,24,12,0,3.4966666666666666
2018,6,24,13,0,7.340000000000001
2018,6,24,14,0,6.3566666666666665
2018,6,24,15,0,8.603333333333333
2018,6,24,16,0,13.296666666666667
2018,6,24,17,0,6.493333333333333
2018,6,24,18,0,11.473333333333334
2018,6,24,19,0,11.729999999999999
2018,6,24,20,0,9.526666666666666
2018,6,24,21,0,7.489999999999999
2018,6,24,22,0,10.216666666666667
2018,6,24,23,0,9.816666666666666
2018,6,25,0,0,12.076666666666668
2018,6,25,1,0,12.916666666666666
2018,6,25,2,0,12.18
2018,6,25,3,0,13.99
2018,6,25,4,0,12.229999999999999
2018,6,25,5,0,11.583333333333334
2018,6,25,6,0,10.523333333333333
2018,6,25,7,0,8.046666666666667
2018,6,25,8,0,6.836666666666666
2018,6,25,9,0,6.426666666666667
2018,6,25,10,0,6.28
2018,6,25,11,0,6.053333333333334
2018,6,25,12,0,6.253333333333334
2018,6,25,13,0,7.203333333333333
2018,6,25,14,0,3.73
2018,6,25,15,0,5.866666666666667
2018,6,25,16,0,4.406666666666666
2018,6,25,17,0,3.5566666666666666
2018,6,25,18,0,4.16
2018,6,25,19,0,6.406666666666666
2018,6,25,20,0,5.796666666666667
2018,6,25,21,0,5.373333333333334
2018,6,25,22,0,7.6433333333333335
2018,6,25,23,0,7.260000000000001
2018,6,26,0,0,7.163333333333333
2018,6,26,1,0,9.256666666666666
2018,6,26,2,0,9.456666666666665
2018,6,26,3,0,8.763333333333334
2018,6,26,4,0,9.653333333333334
2018,6,26,5,0,9.01
2018,6,26,6,0,9.333333333333334
2018,6,26,7,0,6.713333333333334
2018,6,26,8,0,4.433333333333334
2018,6,26,9,0,2.6133333333333333
2018,6,26,10,0,2.376666666666667
2018,6,26,11,0,2.4733333333333336
2018,6,26,12,0,3.5400000000000005
2018,6,26,13,0,3.0766666666666667
2018,6,26,14,0,4.1499999999999995
2018,6,26,15,0,5.436666666666667
2018,6,26,16,0,3.83
2018,6,26,17,0,3.716666666666667
2018,6,26,18,0,4.653333333333333
2018,6,26,19,0,8.63
2018,6,26,20,0,10.58
2018,6,26,21,0,10.780000000000001
2018,6,26,22,0,11.229999999999999
2018,6,26,23,0,11.89
2018,6,27,0,0,11.756666666666666
2018,6,27,1,0,10.623333333333333
2018,6,27,2,0,9.193333333333333
2018,6,27,3,0,8.896666666666667
2018,6,27,4,0,8.416666666666666
2018,6,27,5,0,9.116666666666667
2018,6,27,6,0,9.78
2018,6,27,7,0,7.933333333333334
2018,6,27,8,0,5.956666666666667
2018,6,27,9,0,5.223333333333334
2018,6,27,10,0,5.473333333333334
2018,6,27,11,0,5.38
2018,6,27,12,0,5.609999999999999
2018,6,27,13,0,6.3
2018,6,27,14,0,7.03
2018,6,27,15,0,7.336666666666667
2018,6,27,16,0,7.32
2018,6,27,17,0,8.91
2018,6,27,18,0,10.223333333333334
2018,6,27,19,0,12.013333333333334
2018,6,27,20,0,12.226666666666667
2018,6,27,21,0,13.229999999999999
2018,6,27,22,0,13.086666666666668
2018,6,27,23,0,13.046666666666667
2018,6,28,0,0,10.336666666666666
2018,6,28,1,0,7.283333333333332
2018,6,28,2,0,7.569999999999999
2018,6,28,3,0,7.713333333333334
2018,6,28,4,0,6.7299999999999995
2018,6,28,5,0,8.546666666666667
2018,6,28,6,0,7.456666666666666
2018,6,28,7,0,6.72
2018,6,28,8,0,6.919999999999999
2018,6,28,9,0,6.256666666666667
2018,6,28,10,0,5.923333333333333
2018,6,28,11,0,7.010000000000001
2018,6,28,12,0,7.546666666666667
2018,6,28,13,0,7.78
2018,6,28,14,0,6.580000000000001
2018,6,28,15,0,7.803333333333335
2018,6,28,16,0,9.866666666666667
2018,6,28,17,0,8.89
2018,6,28,18,0,15.556666666666667
2018,6,28,19,0,13.113333333333335
2018,6,28,20,0,13.1
2018,6,28,21,0,13.266666666666666
2018,6,28,22,0,12.909999999999998
2018,6,28,23,0,12.606666666666667
2018,6,29,0,0,15.016666666666666
2018,6,29,1,0,15.836666666666668
2018,6,29,2,0,12.946666666666665
2018,6,29,3,0,11.743333333333334
2018,6,29,4,0,10.63
2018,6,29,5,0,13.153333333333334
2018,6,29,6,0,12.233333333333334
2018,6,29,7,0,11.013333333333334
2018,6,29,8,0,7.756666666666668
2018,6,29,9,0,7.196666666666668
2018,6,29,10,0,7.16
2018,6,29,11,0,6.930000000000001
2018,6,29,12,0,6.830000000000001
2018,6,29,13,0,6.7
2018,6,29,14,0,5.676666666666667
2018,6,29,15,0,6.283333333333334
2018,6,29,16,0,7.383333333333334
2018,6,29,17,0,7.303333333333334
2018,6,29,18,0,10.396666666666667
2018,6,29,19,0,10.120000000000001
2018,6,29,20,0,13.406666666666666
2018,6,29,21,0,11.17
2018,6,29,22,0,13.643333333333333
2018,6,29,23,0,11.783333333333333
2018,6,30,0,0,10.943333333333333
2018,6,30,1,0,12.403333333333334
2018,6,30,2,0,12.903333333333334
2018,6,30,3,0,15.183333333333332
2018,6,30,4,0,14.63
2018,6,30,5,0,12.623333333333335
2018,6,30,6,0,12.883333333333333
2018,6,30,7,0,11.576666666666668
2018,6,30,8,0,11.176666666666668
2018,6,30,9,0,10.266666666666666
2018,6,30,10,0,8.743333333333332
2018,6,30,11,0,7.88
2018,6,30,12,0,6.93
2018,6,30,13,0,6.133333333333333
2018,6,30,14,0,6.573333333333333
2018,6,30,15,0,6.6433333333333335
2018,6,30,16,0,6.5200000000000005
2018,6,30,17,0,5.180000000000001
2018,6,30,18,0,11.003333333333336
2018,6,30,19,0,10.910000000000002
2018,6,30,20,0,8.466666666666667
2018,6,30,21,0,13.24
2018,6,30,22,0,11.473333333333334
2018,6,30,23,0,9.056666666666667
2018,7,1,0,0,9.016666666666667
2018,7,1,1,0,7.906666666666666
2018,7,1,2,0,8.656666666666668
2018,7,1,3,0,7.57
2018,7,1,4,0,7.1000000000000005
2018,7,1,5,0,6.793333333333334
2018,7,1,6,0,7.140000000000001
2018,7,1,7,0,5.166666666666667
2018,7,1,8,0,4.236666666666667
2018,7,1,9,0,4.253333333333334
2018,7,1,10,0,4.066666666666667
2018,7,1,11,0,4.243333333333333
2018,7,1,12,0,4.146666666666667
2018,7,1,13,0,3.97
2018,7,1,14,0,4.82
2018,7,1,15,0,4.63
2018,7,1,16,0,6.609999999999999
2018,7,1,17,0,7.386666666666667
2018,7,1,18,0,7.436666666666667
2018,7,1,19,0,11.113333333333332
2018,7,1,20,0,11.6
2018,7,1,21,0,12.81
2018,7,1,22,0,11.39
2018,7,1,23,0,13.616666666666667
2018,7,2,0,0,12.306666666666667
2018,7,2,1,0,12.780000000000001
2018,7,2,2,0,10.969999999999999
2018,7,2,3,0,10.67
2018,7,2,4,0,10.270000000000001
2018,7,2,5,0,8.066666666666666
2018,7,2,6,0,6.09
2018,7,2,7,0,6.06
2018,7,2,8,0,7.010000000000001
2018,7,2,9,0,6.3066666666666675
2018,7,2,10,0,5.726666666666667
2018,7,2,11,0,5.93
2018,7,2,12,0,7.636666666666667
2018,7,2,13,0,9.223333333333334
2018,7,2,14,0,8.83
2018,7,2,15,0,8.593333333333332
2018,7,2,16,0,8.16
2018,7,2,17,0,5.833333333333333
2018,7,2,18,0,12.403333333333334
2018,7,2,19,0,16.136666666666667
2018,7,2,20,0,11.156666666666666
2018,7,2,21,0,10.366666666666667
2018,7,2,22,0,11.656666666666666
2018,7,2,23,0,11.096666666666666
2018,7,3,0,0,10.719999999999999
2018,7,3,1,0,7.82
2018,7,3,2,0,7.156666666666666
2018,7,3,3,0,8.263333333333334
2018,7,3,4,0,7.68
2018,7,3,5,0,8.926666666666668
2018,7,3,6,0,7.760000000000001
2018,7,3,7,0,7.066666666666666
2018,7,3,8,0,5.656666666666666
2018,7,3,9,0,6.640000000000001
2018,7,3,10,0,6.84
2018,7,3,11,0,7.2
2018,7,3,12,0,7.8566666666666665
2018,7,3,13,0,7.16
2018,7,3,14,0,7.133333333333333
2018,7,3,15,0,6.16
2018,7,3,16,0,7.366666666666667
2018,7,3,17,0,8.073333333333332
2018,7,3,18,0,8.966666666666667
2018,7,3,19,0,8.283333333333333
2018,7,3,20,0,7.95
2018,7,3,21,0,9.383333333333335
2018,7,3,22,0,10.01
2018,7,3,23,0,8.873333333333333
2018,7,4,0,0,10.026666666666666
2018,7,4,1,0,10.826666666666668
2018,7,4,2,0,9.883333333333333
2018,7,4,3,0,10.526666666666666
2018,7,4,4,0,9.173333333333334
2018,7,4,5,0,9.366666666666667
2018,7,4,6,0,8.44
2018,7,4,7,0,6.383333333333334
2018,7,4,8,0,3.69
2018,7,4,9,0,1.93
2018,7,4,10,0,2.1366666666666667
2018,7,4,11,0,3.2066666666666666
2018,7,4,12,0,3.816666666666667
2018,7,4,13,0,5.246666666666667
2018,7,4,14,0,12.453333333333333
2018,7,4,15,0,7.8066666666666675
2018,7,4,16,0,8.18
2018,7,4,17,0,9.82
2018,7,4,18,0,12.553333333333335
2018,7,4,19,0,12.040000000000001
2018,7,4,20,0,14.053333333333333
2018,7,4,21,0,13.153333333333334
2018,7,4,22,0,10.036666666666667
2018,7,4,23,0,3.796666666666667
2018,7,5,0,0,4.6433333333333335
2018,7,5,1,0,8.81
2018,7,5,2,0,9.463333333333333
2018,7,5,3,0,7.753333333333333
2018,7,5,4,0,5.583333333333333
2018,7,5,5,0,5.6499999999999995
2018,7,5,6,0,5.38
2018,7,5,7,0,4.396666666666667
2018,7,5,8,0,4.046666666666667
2018,7,5,9,0,4.1033333333333335
2018,7,5,10,0,4.9366666666666665
2018,7,5,11,0,7.226666666666667
2018,7,5,12,0,7.556666666666666
2018,7,5,13,0,7.116666666666667
2018,7,5,14,0,8.906666666666666
2018,7,5,15,0,6.873333333333332
2018,7,5,16,0,7.906666666666667
2018,7,5,17,0,7.38
2018,7,5,18,0,8.573333333333332
2018,7,5,19,0,8.2
2018,7,5,20,0,9.466666666666667
2018,7,5,21,0,8.793333333333335
2018,7,5,22,0,7.57
2018,7,5,23,0,7.583333333333333
2018,7,6,0,0,7.11
2018,7,6,1,0,6.766666666666667
2018,7,6,2,0,6.31
2018,7,6,3,0,5.623333333333334
2018,7,6,4,0,5.523333333333333
2018,7,6,5,0,4.576666666666667
2018,7,6,6,0,2.64
2018,7,6,7,0,2.3833333333333333
2018,7,6,8,0,3.41
2018,7,6,9,0,3.786666666666667
2018,7,6,10,0,4.576666666666667
2018,7,6,11,0,6.12
2018,7,6,12,0,6.066666666666666
2018,7,6,13,0,5.316666666666667
2018,7,6,14,0,5.816666666666667
2018,7,6,15,0,6.996666666666667
2018,7,6,16,0,6.98
2018,7,6,17,0,7.7299999999999995
2018,7,6,18,0,10.406666666666668
2018,7,6,19,0,10.216666666666667
2018,7,6,20,0,11.383333333333333
2018,7,6,21,0,10.729999999999999
2018,7,6,22,0,11.056666666666667
2018,7,6,23,0,10.42
2018,7,7,0,0,10.5
2018,7,7,1,0,10.51
2018,7,7,2,0,10.36
2018,7,7,3,0,10.586666666666666
2018,7,7,4,0,10.530000000000001
2018,7,7,5,0,9.306666666666667
2018,7,7,6,0,8.136666666666667
2018,7,7,7,0,7.273333333333333
2018,7,7,8,0,7.45
2018,7,7,9,0,8.346666666666666
2018,7,7,10,0,9.296666666666665
2018,7,7,11,0,9.266666666666667
2018,7,7,12,0,9.21
2018,7,7,13,0,8.663333333333334
2018,7,7,14,0,8.246666666666666
2018,7,7,15,0,8.613333333333333
2018,7,7,16,0,8.793333333333333
2018,7,7,17,0,9.356666666666667
2018,7,7,18,0,10.326666666666668
2018,7,7,19,0,11.950000000000001
2018,7,7,20,0,11.969999999999999
2018,7,7,21,0,12.033333333333333
2018,7,7,22,0,12.606666666666667
2018,7,7,23,0,13.063333333333333
2018,7,8,0,0,12.08
2018,7,8,1,0,11.333333333333334
2018,7,8,2,0,10.943333333333333
2018,7,8,3,0,10.13
2018,7,8,4,0,10.356666666666667
2018,7,8,5,0,10.209999999999999
2018,7,8,6,0,9.333333333333334
2018,7,8,7,0,8.423333333333332
2018,7,8,8,0,8.53
2018,7,8,9,0,8.856666666666667
2018,7,8,10,0,8.413333333333334
2018,7,8,11,0,7.6933333333333325
2018,7,8,12,0,7.116666666666667
2018,7,8,13,0,6.323333333333333
2018,7,8,14,0,7.236666666666667
2018,7,8,15,0,8.270000000000001
2018,7,8,16,0,8.71
2018,7,8,17,0,8.946666666666667
2018,7,8,18,0,10.0
2018,7,8,19,0,11.26
2018,7,8,20,0,11.76
2018,7,8,21,0,11.903333333333334
2018,7,8,22,0,10.773333333333333
2018,7,8,23,0,10.893333333333333
2018,7,9,0,0,10.233333333333333
2018,7,9,1,0,9.713333333333333
2018,7,9,2,0,9.506666666666666
2018,7,9,3,0,8.956666666666669
2018,7,9,4,0,8.343333333333334
2018,7,9,5,0,7.673333333333333
2018,7,9,6,0,6.373333333333332
2018,7,9,7,0,3.8333333333333335
2018,7,9,8,0,3.4599999999999995
2018,7,9,9,0,4.0200000000000005
2018,7,9,10,0,5.8566666666666665
2018,7,9,11,0,5.706666666666666
2018,7,9,12,0,6.036666666666666
2018,7,9,13,0,6.583333333333333
2018,7,9,14,0,6.72
2018,7,9,15,0,6.69
2018,7,9,16,0,7.43
2018,7,9,17,0,8.02
2018,7,9,18,0,7.566666666666666
2018,7,9,19,0,10.39
2018,7,9,20,0,11.333333333333334
2018,7,9,21,0,11.83
2018,7,9,22,0,10.979999999999999
2018,7,9,23,0,10.430000000000001
2018,7,10,0,0,9.653333333333334
2018,7,10,1,0,9.53
2018,7,10,2,0,8.99
2018,7,10,3,0,9.303333333333333
2018,7,10,4,0,8.636666666666667
2018,7,10,5,0,9.476666666666667
2018,7,10,6,0,7.97
2018,7,10,7,0,5.330000000000001
2018,7,10,8,0,6.94
2018,7,10,9,0,8.826666666666668
2018,7,10,10,0,8.953333333333333
2018,7,10,11,0,8.696666666666667
2018,7,10,12,0,7.756666666666668
2018,7,10,13,0,7.38
2018,7,10,14,0,8.223333333333334
2018,7,10,15,0,7.466666666666666
2018,7,10,16,0,8.586666666666666
2018,7,10,17,0,9.556666666666667
2018,7,10,18,0,10.096666666666666
2018,7,10,19,0,10.406666666666666
2018,7,10,20,0,11.353333333333333
2018,7,10,21,0,12.863333333333332
2018,7,10,22,0,13.173333333333332
2018,7,10,23,0,13.25
2018,7,11,0,0,12.33
2018,7,11,1,0,12.32
2018,7,11,2,0,11.436666666666667
2018,7,11,3,0,10.296666666666667
2018,7,11,4,0,9.093333333333334
2018,7,11,5,0,9.523333333333333
2018,7,11,6,0,8.17
2018,7,11,7,0,7.38
2018,7,11,8,0,6.706666666666667
2018,7,11,9,0,8.17
2018,7,11,10,0,9.556666666666667
2018,7,11,11,0,8.176666666666668
2018,7,11,12,0,7.533333333333334
2018,7,11,13,0,6.846666666666667
2018,7,11,14,0,8.236666666666666
2018,7,11,15,0,7.886666666666667
2018,7,11,16,0,8.319999999999999
2018,7,11,17,0,10.876666666666665
2018,7,11,18,0,11.199999999999998
2018,7,11,19,0,10.766666666666666
2018,7,11,20,0,12.416666666666666
2018,7,11,21,0,10.873333333333335
2018,7,11,22,0,10.906666666666666
2018,7,11,23,0,10.686666666666667
2018,7,12,0,0,10.746666666666668
2018,7,12,1,0,10.61
2018,7,12,2,0,10.693333333333333
2018,7,12,3,0,11.353333333333333
2018,7,12,4,0,10.466666666666667
2018,7,12,5,0,8.823333333333332
2018,7,12,6,0,7.216666666666666
2018,7,12,7,0,6.210000000000001
2018,7,12,8,0,6.273333333333333
2018,7,12,9,0,5.87
2018,7,12,10,0,6.023333333333333
2018,7,12,11,0,5.646666666666667
2018,7,12,12,0,6.039999999999999
2018,7,12,13,0,7.47
2018,7,12,14,0,8.376666666666667
2018,7,12,15,0,7.1000000000000005
2018,7,12,16,0,13.409999999999998
2018,7,12,17,0,13.14
2018,7,12,18,0,15.603333333333332
2018,7,12,19,0,8.266666666666667
2018,7,12,20,0,6.246666666666667
2018,7,12,21,0,8.606666666666667
2018,7,12,22,0,9.23
2018,7,12,23,0,7.836666666666667
2018,7,13,0,0,7.213333333333334
2018,7,13,1,0,7.596666666666667
2018,7,13,2,0,9.1
2018,7,13,3,0,9.853333333333333
2018,7,13,4,0,10.416666666666666
2018,7,13,5,0,9.713333333333333
2018,7,13,6,0,8.783333333333333
2018,7,13,7,0,7.8566666666666665
2018,7,13,8,0,7.1066666666666665
2018,7,13,9,0,6.576666666666667
2018,7,13,10,0,5.416666666666667
2018,7,13,11,0,5.323333333333333
2018,7,13,12,0,4.99
2018,7,13,13,0,4.086666666666667
2018,7,13,14,0,4.663333333333334
2018,7,13,15,0,4.926666666666667
2018,7,13,16,0,6.2
2018,7,13,17,0,6.826666666666667
2018,7,13,18,0,4.793333333333333
2018,7,13,19,0,5.366666666666667
2018,7,13,20,0,6.3500000000000005
2018,7,13,21,0,7.41
2018,7,13,22,0,8.223333333333333
2018,7,13,23,0,6.006666666666667
2018,7,14,0,0,5.353333333333334
2018,7,14,1,0,4.83
2018,7,14,2,0,4.37
2018,7,14,3,0,4.956666666666667
2018,7,14,4,0,4.596666666666667
2018,7,14,5,0,4.413333333333333
2018,7,14,6,0,4.066666666666666
2018,7,14,7,0,3.2933333333333334
2018,7,14,8,0,3.1566666666666667
2018,7,14,9,0,3.3000000000000003
2018,7,14,10,0,3.953333333333333
2018,7,14,11,0,4.63
2018,7,14,12,0,4.983333333333333
2018,7,14,13,0,4.776666666666666
2018,7,14,14,0,4.883333333333334
2018,7,14,15,0,4.646666666666667
2018,7,14,16,0,4.72
2018,7,14,17,0,4.846666666666667
2018,7,14,18,0,5.4366666666666665
2018,7,14,19,0,6.316666666666666
2018,7,14,20,0,8.270000000000001
2018,7,14,21,0,9.1
2018,7,14,22,0,8.756666666666666
2018,7,14,23,0,7.726666666666667
2018,7,15,0,0,6.976666666666667
2018,7,15,1,0,5.546666666666667
2018,7,15,2,0,4.38
2018,7,15,3,0,2.8266666666666667
2018,7,15,4,0,2.856666666666667
2018,7,15,5,0,3.5333333333333337
2018,7,15,6,0,3.3000000000000003
2018,7,15,7,0,2.9
2018,7,15,8,0,3.7900000000000005
2018,7,15,9,0,4.3533333333333335
2018,7,15,10,0,4.873333333333334
2018,7,15,11,0,5.72
2018,7,15,12,0,7.03
2018,7,15,13,0,6.866666666666667
2018,7,15,14,0,6.05
2018,7,15,15,0,7.72
2018,7,15,16,0,7.993333333333333
2018,7,15,17,0,8.610000000000001
2018,7,15,18,0,8.293333333333333
2018,7,15,19,0,7.336666666666667
2018,7,15,20,0,6.453333333333334
2018,7,15,21,0,8.209999999999999
2018,7,15,22,0,7.9366666666666665
2018,7,15,23,0,7.043333333333333
2018,7,16,0,0,5.78
2018,7,16,1,0,5.623333333333332
2018,7,16,2,0,3.8800000000000003
2018,7,16,3,0,3.513333333333333
2018,7,16,4,0,2.8800000000000003
2018,7,16,5,0,2.2066666666666666
2018,7,16,6,0,2.5533333333333332
2018,7,16,7,0,3.89
2018,7,16,8,0,4.286666666666667
2018,7,16,9,0,3.6966666666666668
2018,7,16,10,0,3.8400000000000003
2018,7,16,11,0,4.333333333333334
2018,7,16,12,0,4.293333333333333
2018,7,16,13,0,4.636666666666667
2018,7,16,14,0,5.1033333333333335
2018,7,16,15,0,6.256666666666667
2018,7,16,16,0,6.210000000000001
2018,7,16,17,0,7.2366666666666655
2018,7,16,18,0,6.766666666666667
2018,7,16,19,0,7.1066666666666665
2018,7,16,20,0,8.913333333333334
2018,7,16,21,0,8.303333333333333
2018,7,16,22,0,6.676666666666667
2018,7,16,23,0,5.3933333333333335
2018,7,17,0,0,5.7299999999999995
2018,7,17,1,0,5.503333333333333
2018,7,17,2,0,5.1000000000000005
2018,7,17,3,0,3.78
2018,7,17,4,0,4.723333333333334
2018,7,17,5,0,5.11
2018,7,17,6,0,5.423333333333333
2018,7,17,7,0,4.456666666666667
2018,7,17,8,0,4.3933333333333335
2018,7,17,9,0,4.04
2018,7,17,10,0,2.6566666666666667
2018,7,17,11,0,1.89
2018,7,17,12,0,2.283333333333333
2018,7,17,13,0,3.016666666666667
2018,7,17,14,0,3.646666666666667
2018,7,17,15,0,4.303333333333334
2018,7,17,16,0,3.25
2018,7,17,17,0,5.116666666666667
2018,7,17,18,0,6.923333333333333
2018,7,17,19,0,6.3500000000000005
2018,7,17,20,0,4.956666666666666
2018,7,17,21,0,6.276666666666667
2018,7,17,22,0,9.14
2018,7,17,23,0,8.3
2018,7,18,0,0,7.09
2018,7,18,1,0,7.256666666666667
2018,7,18,2,0,8.176666666666666
2018,7,18,3,0,8.683333333333332
2018,7,18,4,0,8.566666666666666
2018,7,18,5,0,5.986666666666667
2018,7,18,6,0,4.28
2018,7,18,7,0,5.273333333333333
2018,7,18,8,0,4.723333333333334
2018,7,18,9,0,5.133333333333334
2018,7,18,10,0,4.14
2018,7,18,11,0,4.933333333333333
2018,7,18,12,0,5.396666666666667
2018,7,18,13,0,5.116666666666666
2018,7,18,14,0,5.483333333333334
2018,7,18,15,0,4.783333333333334
2018,7,18,16,0,4.476666666666667
2018,7,18,17,0,3.9800000000000004
2018,7,18,18,0,5.240000000000001
2018,7,18,19,0,6.386666666666667
2018,7,18,20,0,6.203333333333333
2018,7,18,21,0,7.969999999999999
2018,7,18,22,0,8.200000000000001
2018,7,18,23,0,8.596666666666666
2018,7,19,0,0,8.816666666666668
2018,7,19,1,0,8.58
2018,7,19,2,0,6.973333333333334
2018,7,19,3,0,6.740000000000001
2018,7,19,4,0,5.86
2018,7,19,5,0,5.346666666666667
2018,7,19,6,0,5.96
2018,7,19,7,0,4.533333333333333
2018,7,19,8,0,4.046666666666667
2018,7,19,9,0,5.4433333333333325
2018,7,19,10,0,5.863333333333333
2018,7,19,11,0,5.54
2018,7,19,12,0,4.223333333333334
2018,7,19,13,0,5.926666666666667
2018,7,19,14,0,5.786666666666666
2018,7,19,15,0,4.823333333333333
2018,7,19,16,0,5.1866666666666665
2018,7,19,17,0,9.856666666666667
2018,7,19,18,0,7.386666666666667
2018,7,19,19,0,7.903333333333333
2018,7,19,20,0,8.296666666666667
2018,7,19,21,0,7.78
2018,7,19,22,0,7.633333333333333
2018,7,19,23,0,7.563333333333333
2018,7,20,0,0,7.866666666666667
2018,7,20,1,0,6.846666666666667
2018,7,20,2,0,8.17
2018,7,20,3,0,8.003333333333334
2018,7,20,4,0,7.489999999999999
2018,7,20,5,0,8.299999999999999
2018,7,20,6,0,7.556666666666666
2018,7,20,7,0,5.993333333333333
2018,7,20,8,0,6.0200000000000005
2018,7,20,9,0,5.386666666666667
2018,7,20,10,0,4.676666666666667
2018,7,20,11,0,5.366666666666667
2018,7,20,12,0,6.163333333333334
2018,7,20,13,0,7.759999999999999
2018,7,20,14,0,12.523333333333333
2018,7,20,15,0,9.196666666666667
2018,7,20,16,0,8.29
2018,7,20,17,0,10.526666666666666
2018,7,20,18,0,10.893333333333333
2018,7,20,19,0,9.453333333333333
2018,7,20,20,0,8.933333333333332
2018,7,20,21,0,9.483333333333333
2018,7,20,22,0,9.206666666666667
2018,7,20,23,0,6.036666666666666
2018,7,21,0,0,8.336666666666668
2018,7,21,1,0,7.646666666666667
2018,7,21,2,0,9.03
2018,7,21,3,0,4.69
2018,7,21,4,0,5.28
2018,7,21,5,0,8.046666666666667
2018,7,21,6,0,6.486666666666667
2018,7,21,7,0,5.703333333333333
2018,7,21,8,0,6.053333333333334
2018,7,21,9,0,5.523333333333333
2018,7,21,10,0,5.776666666666667
2018,7,21,11,0,6.696666666666666
2018,7,21,12,0,8.136666666666667
2018,7,21,13,0,8.15
2018,7,21,14,0,8.466666666666667
2018,7,21,15,0,9.776666666666666
2018,7,21,16,0,10.766666666666666
2018,7,21,17,0,11.373333333333333
2018,7,21,18,0,13.163333333333332
2018,7,21,19,0,9.166666666666666
2018,7,21,20,0,7.833333333333333
2018,7,21,21,0,7.286666666666666
2018,7,21,22,0,11.703333333333333
2018,7,21,23,0,7.966666666666666
2018,7,22,0,0,5.093333333333334
2018,7,22,1,0,5.260000000000001
2018,7,22,2,0,4.776666666666667
2018,7,22,3,0,4.546666666666666
2018,7,22,4,0,6.1000000000000005
2018,7,22,5,0,5.923333333333335
2018,7,22,6,0,7.083333333333333
2018,7,22,7,0,6.8
2018,7,22,8,0,5.023333333333333
2018,7,22,9,0,5.24
2018,7,22,10,0,4.61
2018,7,22,11,0,5.033333333333334
2018,7,22,12,0,5.13
2018,7,22,13,0,5.376666666666668
2018,7,22,14,0,6.169999999999999
2018,7,22,15,0,6.736666666666667
2018,7,22,16,0,7.43
2018,7,22,17,0,7.733333333333334
2018,7,22,18,0,6.72
2018,7,22,19,0,8.606666666666667
2018,7,22,20,0,10.87
2018,7,22,21,0,14.563333333333333
2018,7,22,22,0,9.273333333333333
2018,7,22,23,0,8.993333333333334
2018,7,23,0,0,5.673333333333333
2018,7,23,1,0,6.593333333333334
2018,7,23,2,0,7.616666666666667
2018,7,23,3,0,7.329999999999999
2018,7,23,4,0,5.486666666666667
2018,7,23,5,0,10.116666666666667
2018,7,23,6,0,9.506666666666668
2018,7,23,7,0,7.813333333333333
2018,7,23,8,0,6.803333333333334
2018,7,23,9,0,5.903333333333333
2018,7,23,10,0,5.316666666666666
2018,7,23,11,0,5.2700000000000005
2018,7,23,12,0,5.173333333333333
2018,7,23,13,0,6.05
2018,7,23,14,0,6.636666666666667
2018,7,23,15,0,7.580000000000001
2018,7,23,16,0,7.153333333333333
2018,7,23,17,0,7.136666666666667
2018,7,23,18,0,7.580000000000001
2018,7,23,19,0,7.826666666666667
2018,7,23,20,0,4.493333333333333
2018,7,23,21,0,3.8699999999999997
2018,7,23,22,0,8.983333333333334
2018,7,23,23,0,5.943333333333334
2018,7,24,0,0,6.303333333333334
2018,7,24,1,0,5.16
2018,7,24,2,0,5.073333333333333
2018,7,24,3,0,5.5
2018,7,24,4,0,6.030000000000001
2018,7,24,5,0,6.713333333333334
2018,7,24,6,0,5.866666666666667
2018,7,24,7,0,5.6000000000000005
2018,7,24,8,0,4.44
2018,7,24,9,0,4.723333333333334
2018,7,24,10,0,5.47
2018,7,24,11,0,6.03
2018,7,24,12,0,6.406666666666666
2018,7,24,13,0,6.453333333333333
2018,7,24,14,0,5.646666666666667
2018,7,24,15,0,6.4799999999999995
2018,7,24,16,0,7.62
2018,7,24,17,0,8.58
2018,7,24,18,0,8.923333333333334
2018,7,24,19,0,8.016666666666667
2018,7,24,20,0,7.973333333333334
2018,7,24,21,0,9.336666666666668
2018,7,24,22,0,8.799999999999999
2018,7,24,23,0,8.41
2018,7,25,0,0,8.286666666666667
2018,7,25,1,0,7.683333333333333
2018,7,25,2,0,7.669999999999999
2018,7,25,3,0,7.743333333333333
2018,7,25,4,0,7.956666666666667
2018,7,25,5,0,6.82
2018,7,25,6,0,6.636666666666667
2018,7,25,7,0,5.54
2018,7,25,8,0,4.1433333333333335
2018,7,25,9,0,4.46
2018,7,25,10,0,5.996666666666667
2018,7,25,11,0,7.056666666666666
2018,7,25,12,0,6.863333333333333
2018,7,25,13,0,5.456666666666667
2018,7,25,14,0,5.543333333333334
2018,7,25,15,0,5.696666666666666
2018,7,25,16,0,6.006666666666667
2018,7,25,17,0,5.326666666666667
2018,7,25,18,0,8.803333333333335
2018,7,25,19,0,9.993333333333334
2018,7,25,20,0,9.203333333333333
2018,7,25,21,0,10.666666666666666
2018,7,25,22,0,6.083333333333333
2018,7,25,23,0,8.043333333333333
2018,7,26,0,0,6.626666666666668
2018,7,26,1,0,4.73
2018,7,26,2,0,6.373333333333334
2018,7,26,3,0,4.986666666666666
2018,7,26,4,0,5.596666666666667
2018,7,26,5,0,5.273333333333333
2018,7,26,6,0,4.123333333333334
2018,7,26,7,0,3.4500000000000006
2018,7,26,8,0,3.0533333333333332
2018,7,26,9,0,3.17
2018,7,26,10,0,2.97
2018,7,26,11,0,3.2099999999999995
2018,7,26,12,0,3.09
2018,7,26,13,0,3.3333333333333335
2018,7,26,14,0,3.73
2018,7,26,15,0,4.513333333333334
2018,7,26,16,0,4.723333333333334
2018,7,26,17,0,6.546666666666667
2018,7,26,18,0,7.276666666666666
2018,7,26,19,0,5.573333333333334
2018,7,26,20,0,6.416666666666667
2018,7,26,21,0,4.91
2018,7,26,22,0,6.54
2018,7,26,23,0,7.046666666666667
2018,7,27,0,0,5.486666666666667
2018,7,27,1,0,3.56
2018,7,27,2,0,5.44
2018,7,27,3,0,6.54
2018,7,27,4,0,6.066666666666667
2018,7,27,5,0,7.876666666666666
2018,7,27,6,0,6.973333333333333
2018,7,27,7,0,6.243333333333333
2018,7,27,8,0,4.293333333333334
2018,7,27,9,0,5.036666666666667
2018,7,27,10,0,4.926666666666667
2018,7,27,11,0,6.586666666666667
2018,7,27,12,0,6.79
2018,7,27,13,0,7.213333333333334
2018,7,27,14,0,8.353333333333333
2018,7,27,15,0,9.58
2018,7,27,16,0,9.37
2018,7,27,17,0,9.106666666666667
2018,7,27,18,0,6.789999999999999
2018,7,27,19,0,10.946666666666667
2018,7,27,20,0,7.653333333333333
2018,7,27,21,0,7.293333333333333
2018,7,27,22,0,6.28
2018,7,27,23,0,5.033333333333334
2018,7,28,0,0,4.046666666666667
2018,7,28,1,0,5.376666666666668
2018,7,28,2,0,5.866666666666666
2018,7,28,3,0,6.296666666666667
2018,7,28,4,0,6.54
2018,7,28,5,0,7.1933333333333325
2018,7,28,6,0,6.546666666666667
2018,7,28,7,0,4.446666666666666
2018,7,28,8,0,4.293333333333334
2018,7,28,9,0,3.9766666666666666
2018,7,28,10,0,3.8633333333333333
2018,7,28,11,0,2.4033333333333333
2018,7,28,12,0,2.8800000000000003
2018,7,28,13,0,3.2933333333333334
2018,7,28,14,0,3.6033333333333335
2018,7,28,15,0,4.446666666666666
2018,7,28,16,0,8.430000000000001
2018,7,28,17,0,7.109999999999999
2018,7,28,18,0,5.773333333333333
2018,7,28,19,0,8.46
2018,7,28,20,0,5.976666666666667
2018,7,28,21,0,8.959999999999999
2018,7,28,22,0,6.8566666666666665
2018,7,28,23,0,7.69
2018,7,29,0,0,5.456666666666667
2018,7,29,1,0,4.8999999999999995
2018,7,29,2,0,4.573333333333333
2018,7,29,3,0,5.633333333333333
2018,7,29,4,0,4.246666666666667
2018,7,29,5,0,2.89
2018,7,29,6,0,2.3833333333333333
2018,7,29,7,0,2.106666666666667
2018,7,29,8,0,2.5900000000000003
2018,7,29,9,0,2.5733333333333333
2018,7,29,10,0,3.02
2018,7,29,11,0,2.5833333333333335
2018,7,29,12,0,2.94
2018,7,29,13,0,4.69
2018,7,29,14,0,4.093333333333334
2018,7,29,15,0,4.456666666666667
2018,7,29,16,0,7.146666666666667
2018,7,29,17,0,8.266666666666667
2018,7,29,18,0,6.43
2018,7,29,19,0,5.6499999999999995
2018,7,29,20,0,7.833333333333333
2018,7,29,21,0,8.896666666666667
2018,7,29,22,0,7.38
2018,7,29,23,0,7.416666666666667
2018,7,30,0,0,8.04
2018,7,30,1,0,4.8933333333333335
2018,7,30,2,0,5.843333333333334
2018,7,30,3,0,6.343333333333334
2018,7,30,4,0,7.496666666666667
2018,7,30,5,0,7.346666666666667
2018,7,30,6,0,6.37
2018,7,30,7,0,6.283333333333332
2018,7,30,8,0,5.963333333333334
2018,7,30,9,0,6.760000000000001
2018,7,30,10,0,6.596666666666667
2018,7,30,11,0,6.449999999999999
2018,7,30,12,0,6.88
2018,7,30,13,0,6.420000000000001
2018,7,30,14,0,7.573333333333333
2018,7,30,15,0,7.846666666666667
2018,7,30,16,0,7.043333333333334
2018,7,30,17,0,7.013333333333333
2018,7,30,18,0,6.746666666666667
2018,7,30,19,0,5.823333333333333
2018,7,30,20,0,7.413333333333334
2018,7,30,21,0,6.093333333333334
2018,7,30,22,0,6.553333333333334
2018,7,30,23,0,6.306666666666666
2018,7,31,0,0,4.506666666666667
2018,7,31,1,0,3.1999999999999997
2018,7,31,2,0,3.233333333333333
2018,7,31,3,0,3.7133333333333334
2018,7,31,4,0,4.166666666666667
2018,7,31,5,0,5.623333333333334
2018,7,31,6,0,5.066666666666667
2018,7,31,7,0,4.333333333333333
2018,7,31,8,0,3.16
2018,7,31,9,0,2.7533333333333334
2018,7,31,10,0,2.23
2018,7,31,11,0,2.6833333333333336
2018,7,31,12,0,3.456666666666667
2018,7,31,13,0,3.573333333333333
2018,7,31,14,0,3.2466666666666666
2018,7,31,15,0,3.4033333333333338
2018,7,31,16,0,3.3633333333333333
2018,7,31,17,0,4.116666666666666
2018,7,31,18,0,4.796666666666667
2018,7,31,19,0,6.396666666666667
2018,7,31,20,0,7.343333333333334
2018,7,31,21,0,7.226666666666667
2018,7,31,22,0,7.75
2018,7,31,23,0,6.963333333333334
2018,8,1,0,0,7.359999999999999
2018,8,1,1,0,8.14
2018,8,1,2,0,8.35
2018,8,1,3,0,6.97
2018,8,1,4,0,5.93
2018,8,1,5,0,4.680000000000001
2018,8,1,6,0,3.5
2018,8,1,7,0,4.1000000000000005
2018,8,1,8,0,2.7433333333333336
2018,8,1,9,0,2.6200000000000006
2018,8,1,10,0,3.4766666666666666
2018,8,1,11,0,3.9133333333333336
2018,8,1,12,0,3.953333333333333
2018,8,1,13,0,3.866666666666666
2018,8,1,14,0,3.796666666666667
2018,8,1,15,0,4.126666666666667
2018,8,1,16,0,4.823333333333334
2018,8,1,17,0,4.653333333333333
2018,8,1,18,0,4.493333333333333
2018,8,1,19,0,5.943333333333334
2018,8,1,20,0,6.906666666666666
2018,8,1,21,0,8.343333333333334
2018,8,1,22,0,7.11
2018,8,1,23,0,6.5
2018,8,2,0,0,5.436666666666667
2018,8,2,1,0,7.276666666666667
2018,8,2,2,0,6.763333333333333
2018,8,2,3,0,4.3566666666666665
2018,8,2,4,0,4.716666666666666
2018,8,2,5,0,5.336666666666666
2018,8,2,6,0,5.566666666666666
2018,8,2,7,0,4.513333333333333
2018,8,2,8,0,3.4933333333333336
2018,8,2,9,0,2.7166666666666663
2018,8,2,10,0,3.643333333333333
2018,8,2,11,0,5.32
2018,8,2,12,0,5.52
2018,8,2,13,0,5.093333333333334
2018,8,2,14,0,4.276666666666666
2018,8,2,15,0,4.1866666666666665
2018,8,2,16,0,4.97
2018,8,2,17,0,6.173333333333335
2018,8,2,18,0,7.413333333333334
2018,8,2,19,0,8.590000000000002
2018,8,2,20,0,8.566666666666666
2018,8,2,21,0,9.973333333333334
2018,8,2,22,0,11.043333333333331
2018,8,2,23,0,10.68
2018,8,3,0,0,11.44
2018,8,3,1,0,11.13
2018,8,3,2,0,10.456666666666665
2018,8,3,3,0,11.106666666666667
2018,8,3,4,0,9.126666666666667
2018,8,3,5,0,7.843333333333334
2018,8,3,6,0,6.803333333333334
2018,8,3,7,0,5.883333333333334
2018,8,3,8,0,4.81
2018,8,3,9,0,4.586666666666667
2018,8,3,10,0,4.666666666666667
2018,8,3,11,0,6.956666666666667
2018,8,3,12,0,7.846666666666667
2018,8,3,13,0,8.23
2018,8,3,14,0,8.116666666666667
2018,8,3,15,0,10.659999999999998
2018,8,3,16,0,9.71
2018,8,3,17,0,9.76
2018,8,3,18,0,8.796666666666667
2018,8,3,19,0,5.523333333333333
2018,8,3,20,0,3.8433333333333333
2018,8,3,21,0,6.483333333333333
2018,8,3,22,0,7.43
2018,8,3,23,0,8.139999999999999
2018,8,4,0,0,9.57
2018,8,4,1,0,8.776666666666666
2018,8,4,2,0,9.223333333333334
2018,8,4,3,0,7.7633333333333345
2018,8,4,4,0,7.233333333333333
2018,8,4,5,0,7.090000000000001
2018,8,4,6,0,7.436666666666667
2018,8,4,7,0,6.3133333333333335
2018,8,4,8,0,4.773333333333333
2018,8,4,9,0,3.81
2018,8,4,10,0,3.8633333333333333
2018,8,4,11,0,3.026666666666667
2018,8,4,12,0,2.5533333333333332
2018,8,4,13,0,2.983333333333333
2018,8,4,14,0,3.06
2018,8,4,15,0,4.303333333333334
2018,8,4,16,0,5.69
2018,8,4,17,0,6.866666666666667
2018,8,4,18,0,7.640000000000001
2018,8,4,19,0,9.296666666666667
2018,8,4,20,0,9.673333333333334
2018,8,4,21,0,10.74
2018,8,4,22,0,11.013333333333334
2018,8,4,23,0,12.99
2018,8,5,0,0,8.826666666666666
2018,8,5,1,0,8.773333333333333
2018,8,5,2,0,10.173333333333334
2018,8,5,3,0,9.493333333333334
2018,8,5,4,0,9.836666666666668
2018,8,5,5,0,6.506666666666667
2018,8,5,6,0,5.396666666666667
2018,8,5,7,0,5.256666666666667
2018,8,5,8,0,6.896666666666666
2018,8,5,9,0,7.18
2018,8,5,10,0,6.3133333333333335
2018,8,5,11,0,5.336666666666666
2018,8,5,12,0,3.973333333333334
2018,8,5,13,0,6.223333333333334
2018,8,5,14,0,6.47
2018,8,5,15,0,5.006666666666667
2018,8,5,16,0,6.239999999999999
2018,8,5,17,0,5.920000000000001
2018,8,5,18,0,8.296666666666667
2018,8,5,19,0,9.25
2018,8,5,20,0,11.146666666666667
2018,8,5,21,0,10.479999999999999
2018,8,5,22,0,11.9
2018,8,5,23,0,11.143333333333333
2018,8,6,0,0,9.563333333333334
2018,8,6,1,0,7.803333333333335
2018,8,6,2,0,9.14
2018,8,6,3,0,10.670000000000002
2018,8,6,4,0,9.69
2018,8,6,5,0,7.5566666666666675
2018,8,6,6,0,7.1066666666666665
2018,8,6,7,0,6.0566666666666675
2018,8,6,8,0,5.743333333333335
2018,8,6,9,0,6.206666666666666
2018,8,6,10,0,6.213333333333334
2018,8,6,11,0,6.19
2018,8,6,12,0,5.63
2018,8,6,13,0,5.123333333333333
2018,8,6,14,0,5.1933333333333325
2018,8,6,15,0,5.84
2018,8,6,16,0,5.093333333333334
2018,8,6,17,0,5.1033333333333335
2018,8,6,18,0,6.636666666666667
2018,8,6,19,0,5.3
2018,8,6,20,0,7.640000000000001
2018,8,6,21,0,5.3933333333333335
2018,8,6,22,0,7.423333333333333
2018,8,6,23,0,7.69
2018,8,7,0,0,1.9566666666666668
2018,8,7,1,0,5.413333333333333
2018,8,7,2,0,4.2700000000000005
2018,8,7,3,0,3.576666666666666
2018,8,7,4,0,4.06
2018,8,7,5,0,5.359999999999999
2018,8,7,6,0,4.543333333333334
2018,8,7,7,0,3.01
2018,8,7,8,0,2.3366666666666664
2018,8,7,9,0,2.143333333333333
2018,8,7,10,0,2.356666666666667
2018,8,7,11,0,3.06
2018,8,7,12,0,4.03
2018,8,7,13,0,3.98
2018,8,7,14,0,4.6033333333333335
2018,8,7,15,0,4.93
2018,8,7,16,0,5.843333333333334
2018,8,7,17,0,8.376666666666667
2018,8,7,18,0,6.966666666666666
2018,8,7,19,0,7.710000000000001
2018,8,7,20,0,8.486666666666666
2018,8,7,21,0,8.406666666666666
2018,8,7,22,0,10.143333333333334
2018,8,7,23,0,8.113333333333333
2018,8,8,0,0,6.9433333333333325
2018,8,8,1,0,9.396666666666667
2018,8,8,2,0,9.086666666666666
2018,8,8,3,0,7.233333333333333
2018,8,8,4,0,6.713333333333334
2018,8,8,5,0,6.773333333333333
2018,8,8,6,0,5.363333333333334
2018,8,8,7,0,7.496666666666667
2018,8,8,8,0,7.973333333333334
2018,8,8,9,0,8.89
2018,8,8,10,0,4.26
2018,8,8,11,0,5.8133333333333335
2018,8,8,12,0,5.29
2018,8,8,13,0,2.233333333333333
2018,8,8,14,0,2.64
2018,8,8,15,0,3.1199999999999997
2018,8,8,16,0,5.836666666666666
2018,8,8,17,0,4.23
2018,8,8,18,0,4.8999999999999995
2018,8,8,19,0,4.7
2018,8,8,20,0,4.743333333333333
2018,8,8,21,0,3.9033333333333338
2018,8,8,22,0,5.173333333333333
2018,8,8,23,0,5.07
2018,8,9,0,0,5.696666666666666
2018,8,9,1,0,5.22
2018,8,9,2,0,5.526666666666666
2018,8,9,3,0,5.816666666666666
2018,8,9,4,0,5.686666666666667
2018,8,9,5,0,6.816666666666667
2018,8,9,6,0,6.673333333333333
2018,8,9,7,0,4.883333333333333
2018,8,9,8,0,2.7566666666666664
2018,8,9,9,0,2.3466666666666667
2018,8,9,10,0,2.2733333333333334
2018,8,9,11,0,2.846666666666667
2018,8,9,12,0,2.49
2018,8,9,13,0,2.3633333333333333
2018,8,9,14,0,3.063333333333333
2018,8,9,15,0,3.14
2018,8,9,16,0,5.3933333333333335
2018,8,9,17,0,5.273333333333333
2018,8,9,18,0,4.776666666666666
2018,8,9,19,0,5.573333333333333
2018,8,9,20,0,6.016666666666666
2018,8,9,21,0,7.093333333333334
2018,8,9,22,0,7.723333333333334
2018,8,9,23,0,7.833333333333333
2018,8,10,0,0,7.486666666666667
2018,8,10,1,0,7.31
2018,8,10,2,0,6.456666666666667
2018,8,10,3,0,5.69
2018,8,10,4,0,3.936666666666667
2018,8,10,5,0,5.21
2018,8,10,6,0,4.703333333333333
2018,8,10,7,0,5.1000000000000005
2018,8,10,8,0,3.323333333333333
2018,8,10,9,0,6.55
2018,8,10,10,0,4.86
2018,8,10,11,0,4.986666666666666
2018,8,10,12,0,4.970000000000001
2018,8,10,13,0,5.1499999999999995
2018,8,10,14,0,5.166666666666667
2018,8,10,15,0,4.746666666666667
2018,8,10,16,0,4.206666666666667
2018,8,10,17,0,3.6266666666666665
2018,8,10,18,0,4.06
2018,8,10,19,0,6.62
2018,8,10,20,0,4.723333333333334
2018,8,10,21,0,7.286666666666666
2018,8,10,22,0,7.593333333333334
2018,8,10,23,0,8.12
2018,8,11,0,0,8.299999999999999
2018,8,11,1,0,7.723333333333333
2018,8,11,2,0,7.12
2018,8,11,3,0,6.966666666666666
2018,8,11,4,0,6.456666666666667
2018,8,11,5,0,6.373333333333334
2018,8,11,6,0,5.473333333333334
2018,8,11,7,0,4.146666666666667
2018,8,11,8,0,3.2566666666666664
2018,8,11,9,0,2.8733333333333335
2018,8,11,10,0,4.083333333333333
2018,8,11,11,0,4.819999999999999
2018,8,11,12,0,4.596666666666667
2018,8,11,13,0,5.06
2018,8,11,14,0,4.98
2018,8,11,15,0,4.926666666666667
2018,8,11,16,0,5.243333333333333
2018,8,11,17,0,6.46
2018,8,11,18,0,7.453333333333333
2018,8,11,19,0,7.406666666666666
2018,8,11,20,0,7.326666666666667
2018,8,11,21,0,9.236666666666666
2018,8,11,22,0,10.25
2018,8,11,23,0,9.91
2018,8,12,0,0,8.97
2018,8,12,1,0,8.733333333333334
2018,8,12,2,0,8.136666666666667
2018,8,12,3,0,7.900000000000001
2018,8,12,4,0,7.5566666666666675
2018,8,12,5,0,7.599999999999999
2018,8,12,6,0,7.436666666666667
2018,8,12,7,0,5.54
2018,8,12,8,0,4.353333333333334
2018,8,12,9,0,5.66
2018,8,12,10,0,6.493333333333332
2018,8,12,11,0,7.376666666666668
2018,8,12,12,0,7.753333333333333
2018,8,12,13,0,7.890000000000001
2018,8,12,14,0,7.859999999999999
2018,8,12,15,0,7.7700000000000005
2018,8,12,16,0,8.46
2018,8,12,17,0,8.23
2018,8,12,18,0,9.276666666666666
2018,8,12,19,0,9.409999999999998
2018,8,12,20,0,10.106666666666667
2018,8,12,21,0,10.026666666666667
2018,8,12,22,0,10.556666666666667
2018,8,12,23,0,9.65
2018,8,13,0,0,9.343333333333334
2018,8,13,1,0,8.816666666666668
2018,8,13,2,0,8.903333333333334
2018,8,13,3,0,9.216666666666667
2018,8,13,4,0,8.983333333333334
2018,8,13,5,0,8.456666666666665
2018,8,13,6,0,8.57
2018,8,13,7,0,5.8066666666666675
2018,8,13,8,0,4.8933333333333335
2018,8,13,9,0,5.826666666666667
2018,8,13,10,0,7.25
2018,8,13,11,0,8.03
2018,8,13,12,0,8.016666666666666
2018,8,13,13,0,7.56
2018,8,13,14,0,6.86
2018,8,13,15,0,7.316666666666667
2018,8,13,16,0,5.853333333333333
2018,8,13,17,0,9.083333333333334
2018,8,13,18,0,9.333333333333334
2018,8,13,19,0,9.853333333333333
2018,8,13,20,0,10.38
2018,8,13,21,0,8.936666666666666
2018,8,13,22,0,7.123333333333334
2018,8,13,23,0,6.136666666666668
2018,8,14,0,0,4.95
2018,8,14,1,0,5.023333333333333
2018,8,14,2,0,2.7099999999999995
2018,8,14,3,0,3.1466666666666665
2018,8,14,4,0,2.1866666666666665
2018,8,14,5,0,1.9433333333333334
2018,8,14,6,0,1.9633333333333332
2018,8,14,7,0,2.68
2018,8,14,8,0,3.22
2018,8,14,9,0,4.29
2018,8,14,10,0,4.94
2018,8,14,11,0,6.683333333333334
2018,8,14,12,0,6.63
2018,8,14,13,0,5.57
2018,8,14,14,0,5.836666666666667
2018,8,14,15,0,4.8566666666666665
2018,8,14,16,0,4.61
2018,8,14,17,0,6.496666666666666
2018,8,14,18,0,6.44
2018,8,14,19,0,7.576666666666667
2018,8,14,20,0,6.873333333333332
2018,8,14,21,0,5.47
2018,8,14,22,0,9.003333333333332
2018,8,14,23,0,7.023333333333333
2018,8,15,0,0,6.739999999999999
2018,8,15,1,0,6.376666666666666
2018,8,15,2,0,7.82
2018,8,15,3,0,8.59
2018,8,15,4,0,6.3999999999999995
2018,8,15,5,0,4.923333333333333
2018,8,15,6,0,4.766666666666667
2018,8,15,7,0,5.006666666666667
2018,8,15,8,0,5.3999999999999995
2018,8,15,9,0,6.413333333333334
2018,8,15,10,0,5.91
2018,8,15,11,0,5.473333333333333
2018,8,15,12,0,4.6433333333333335
2018,8,15,13,0,3.8333333333333335
2018,8,15,14,0,4.983333333333333
2018,8,15,15,0,6.22
2018,8,15,16,0,6.02
2018,8,15,17,0,7.776666666666667
2018,8,15,18,0,8.17
2018,8,15,19,0,8.293333333333335
2018,8,15,20,0,8.596666666666666
2018,8,15,21,0,8.386666666666667
2018,8,15,22,0,9.19
2018,8,15,23,0,7.98
2018,8,16,0,0,6.226666666666667
2018,8,16,1,0,6.870000000000001
2018,8,16,2,0,6.9866666666666655
2018,8,16,3,0,6.626666666666668
2018,8,16,4,0,7.033333333333334
2018,8,16,5,0,8.436666666666666
2018,8,16,6,0,9.973333333333334
2018,8,16,7,0,9.013333333333334
2018,8,16,8,0,5.973333333333334
2018,8,16,9,0,4.873333333333333
2018,8,16,10,0,4.203333333333333
2018,8,16,11,0,4.033333333333334
2018,8,16,12,0,4.443333333333333
2018,8,16,13,0,4.63
2018,8,16,14,0,4.443333333333333
2018,8,16,15,0,5.026666666666667
2018,8,16,16,0,5.583333333333333
2018,8,16,17,0,6.326666666666667
2018,8,16,18,0,5.79
2018,8,16,19,0,7.533333333333334
2018,8,16,20,0,7.550000000000001
2018,8,16,21,0,7.43
2018,8,16,22,0,7.640000000000001
2018,8,16,23,0,8.13
2018,8,17,0,0,7.733333333333334
2018,8,17,1,0,7.083333333333333
2018,8,17,2,0,5.326666666666667
2018,8,17,3,0,4.486666666666666
2018,8,17,4,0,4.506666666666667
2018,8,17,5,0,4.723333333333334
2018,8,17,6,0,4.676666666666667
2018,8,17,7,0,3.25
2018,8,17,8,0,2.8233333333333337
2018,8,17,9,0,3.4233333333333333
2018,8,17,10,0,4.066666666666667
2018,8,17,11,0,4.8566666666666665
2018,8,17,12,0,5.733333333333333
2018,8,17,13,0,6.04
2018,8,17,14,0,7.076666666666665
2018,8,17,15,0,8.336666666666668
2018,8,17,16,0,8.153333333333334
2018,8,17,17,0,8.723333333333333
2018,8,17,18,0,6.293333333333333
2018,8,17,19,0,10.856666666666667
2018,8,17,20,0,8.56
2018,8,17,21,0,4.773333333333333
2018,8,17,22,0,4.423333333333333
2018,8,17,23,0,4.97
2018,8,18,0,0,8.266666666666667
2018,8,18,1,0,7.3
2018,8,18,2,0,5.993333333333333
2018,8,18,3,0,5.713333333333334
2018,8,18,4,0,5.69
2018,8,18,5,0,6.253333333333334
2018,8,18,6,0,5.976666666666667
2018,8,18,7,0,5.180000000000001
2018,8,18,8,0,5.41
2018,8,18,9,0,6.496666666666667
2018,8,18,10,0,7.173333333333333
2018,8,18,11,0,7.783333333333334
2018,8,18,12,0,6.513333333333333
2018,8,18,13,0,5.8999999999999995
2018,8,18,14,0,6.366666666666667
2018,8,18,15,0,6.816666666666666
2018,8,18,16,0,8.013333333333334
2018,8,18,17,0,11.233333333333334
2018,8,18,18,0,10.87
2018,8,18,19,0,8.973333333333334
2018,8,18,20,0,4.636666666666667
2018,8,18,21,0,6.166666666666667
2018,8,18,22,0,6.293333333333334
2018,8,18,23,0,8.803333333333335
2018,8,19,0,0,11.230000000000002
2018,8,19,1,0,10.523333333333333
2018,8,19,2,0,9.423333333333334
2018,8,19,3,0,10.200000000000001
2018,8,19,4,0,11.030000000000001
2018,8,19,5,0,12.113333333333332
2018,8,19,6,0,11.856666666666667
2018,8,19,7,0,11.463333333333333
2018,8,19,8,0,11.143333333333333
2018,8,19,9,0,10.503333333333334
2018,8,19,10,0,10.780000000000001
2018,8,19,11,0,12.506666666666666
2018,8,19,12,0,12.093333333333334
2018,8,19,13,0,12.293333333333335
2018,8,19,14,0,13.136666666666665
2018,8,19,15,0,14.443333333333333
2018,8,19,16,0,13.51
2018,8,19,17,0,14.293333333333335
2018,8,19,18,0,12.909999999999998
2018,8,19,19,0,12.173333333333332
2018,8,19,20,0,11.956666666666665
2018,8,19,21,0,10.556666666666667
2018,8,19,22,0,10.656666666666666
2018,8,19,23,0,10.519999999999998
2018,8,20,0,0,10.246666666666668
2018,8,20,1,0,10.64
2018,8,20,2,0,10.28
2018,8,20,3,0,9.926666666666668
2018,8,20,4,0,9.303333333333333
2018,8,20,5,0,9.923333333333334
2018,8,20,6,0,9.886666666666665
2018,8,20,7,0,8.950000000000001
2018,8,20,8,0,7.823333333333333
2018,8,20,9,0,6.670000000000001
2018,8,20,10,0,6.22
2018,8,20,11,0,5.579999999999999
2018,8,20,12,0,5.1033333333333335
2018,8,20,13,0,4.493333333333333
2018,8,20,14,0,3.9500000000000006
2018,8,20,15,0,3.466666666666667
2018,8,20,16,0,3.5666666666666664
2018,8,20,17,0,3.106666666666667
2018,8,20,18,0,4.5
2018,8,20,19,0,6.53
2018,8,20,20,0,7.1866666666666665
2018,8,20,21,0,6.683333333333334
2018,8,20,22,0,5.693333333333334
2018,8,20,23,0,5.640000000000001
2018,8,21,0,0,5.859999999999999
2018,8,21,1,0,6.433333333333334
2018,8,21,2,0,5.663333333333334
2018,8,21,3,0,5.896666666666667
2018,8,21,4,0,5.88
2018,8,21,5,0,6.076666666666667
2018,8,21,6,0,7.006666666666667
2018,8,21,7,0,5.626666666666668
2018,8,21,8,0,5.316666666666666
2018,8,21,9,0,6.216666666666666
2018,8,21,10,0,6.496666666666667
2018,8,21,11,0,5.68
2018,8,21,12,0,5.473333333333334
2018,8,21,13,0,5.196666666666666
2018,8,21,14,0,5.696666666666666
2018,8,21,15,0,7.25
2018,8,21,16,0,8.020000000000001
2018,8,21,17,0,8.876666666666667
2018,8,21,18,0,7.5200000000000005
2018,8,21,19,0,7.986666666666667
2018,8,21,20,0,8.43
2018,8,21,21,0,7.293333333333334
2018,8,21,22,0,5.243333333333333
2018,8,21,23,0,7.846666666666667
2018,8,22,0,0,7.756666666666667
2018,8,22,1,0,4.136666666666667
2018,8,22,2,0,6.966666666666666
2018,8,22,3,0,5.739999999999999
2018,8,22,4,0,5.6066666666666665
2018,8,22,5,0,7.156666666666666
2018,8,22,6,0,6.956666666666666
2018,8,22,7,0,6.926666666666667
2018,8,22,8,0,5.41
2018,8,22,9,0,5.706666666666667
2018,8,22,10,0,5.686666666666667
2018,8,22,11,0,5.353333333333334
2018,8,22,12,0,5.406666666666666
2018,8,22,13,0,5.716666666666668
2018,8,22,14,0,6.876666666666666
2018,8,22,15,0,7.3500000000000005
2018,8,22,16,0,7.676666666666667
2018,8,22,17,0,7.933333333333334
2018,8,22,18,0,8.113333333333335
2018,8,22,19,0,6.97
2018,8,22,20,0,7.823333333333334
2018,8,22,21,0,6.473333333333334
2018,8,22,22,0,6.48
2018,8,22,23,0,6.933333333333334
2018,8,23,0,0,7.239999999999999
2018,8,23,1,0,6.766666666666667
2018,8,23,2,0,5.553333333333334
2018,8,23,3,0,5.946666666666666
2018,8,23,4,0,5.623333333333334
2018,8,23,5,0,5.426666666666667
2018,8,23,6,0,6.2700000000000005
2018,8,23,7,0,7.116666666666667
2018,8,23,8,0,7.033333333333334
2018,8,23,9,0,6.243333333333333
2018,8,23,10,0,5.316666666666666
2018,8,23,11,0,4.303333333333334
2018,8,23,12,0,3.366666666666667
2018,8,23,13,0,6.1066666666666665
2018,8,23,14,0,6.296666666666667
2018,8,23,15,0,5.28
2018,8,23,16,0,5.256666666666667
2018,8,23,17,0,4.296666666666667
2018,8,23,18,0,5.170000000000001
2018,8,23,19,0,5.859999999999999
2018,8,23,20,0,4.859999999999999
2018,8,23,21,0,6.169999999999999
2018,8,23,22,0,7.146666666666666
2018,8,23,23,0,8.676666666666668
2018,8,24,0,0,9.479999999999999
2018,8,24,1,0,10.700000000000001
2018,8,24,2,0,9.306666666666667
2018,8,24,3,0,11.51
2018,8,24,4,0,11.660000000000002
2018,8,24,5,0,11.9
2018,8,24,6,0,11.336666666666666
2018,8,24,7,0,9.476666666666667
2018,8,24,8,0,6.5
2018,8,24,9,0,5.023333333333333
2018,8,24,10,0,4.8
2018,8,24,11,0,4.48
2018,8,24,12,0,4.583333333333333
2018,8,24,13,0,4.010000000000001
2018,8,24,14,0,3.5700000000000003
2018,8,24,15,0,4.456666666666667
2018,8,24,16,0,6.773333333333333
2018,8,24,17,0,6.436666666666667
2018,8,24,18,0,6.63
2018,8,24,19,0,6.533333333333334
2018,8,24,20,0,6.489999999999999
2018,8,24,21,0,6.79
2018,8,24,22,0,7.32
2018,8,24,23,0,7.080000000000001
2018,8,25,0,0,7.953333333333333
2018,8,25,1,0,8.743333333333332
2018,8,25,2,0,9.116666666666667
2018,8,25,3,0,9.143333333333333
2018,8,25,4,0,9.22
2018,8,25,5,0,8.586666666666666
2018,8,25,6,0,7.913333333333334
2018,8,25,7,0,6.6933333333333325
2018,8,25,8,0,5.19
2018,8,25,9,0,4.783333333333334
2018,8,25,10,0,4.246666666666667
2018,8,25,11,0,4.783333333333333
2018,8,25,12,0,5.75
2018,8,25,13,0,6.036666666666666
2018,8,25,14,0,6.796666666666667
2018,8,25,15,0,7.093333333333334
2018,8,25,16,0,10.33
2018,8,25,17,0,11.520000000000001
2018,8,25,18,0,8.823333333333332
2018,8,25,19,0,8.173333333333334
2018,8,25,20,0,7.406666666666666
2018,8,25,21,0,8.976666666666668
2018,8,25,22,0,8.503333333333334
2018,8,25,23,0,8.973333333333334
2018,8,26,0,0,8.583333333333334
2018,8,26,1,0,7.699999999999999
2018,8,26,2,0,6.636666666666667
2018,8,26,3,0,6.359999999999999
2018,8,26,4,0,6.966666666666668
2018,8,26,5,0,8.456666666666667
2018,8,26,6,0,10.67
2018,8,26,7,0,9.623333333333333
2018,8,26,8,0,8.200000000000001
2018,8,26,9,0,7.009999999999999
2018,8,26,10,0,6.22
2018,8,26,11,0,5.286666666666666
2018,8,26,12,0,4.523333333333333
2018,8,26,13,0,4.24
2018,8,26,14,0,4.3
2018,8,26,15,0,3.533333333333333
2018,8,26,16,0,5.083333333333334
2018,8,26,17,0,8.613333333333333
2018,8,26,18,0,12.626666666666665
2018,8,26,19,0,5.203333333333333
2018,8,26,20,0,7.966666666666668
2018,8,26,21,0,5.390000000000001
2018,8,26,22,0,4.933333333333334
2018,8,26,23,0,6.376666666666668
2018,8,27,0,0,8.573333333333332
2018,8,27,1,0,8.076666666666666
2018,8,27,2,0,7.57
2018,8,27,3,0,7.793333333333334
2018,8,27,4,0,6.993333333333333
2018,8,27,5,0,9.58
2018,8,27,6,0,9.683333333333332
2018,8,27,7,0,8.623333333333333
2018,8,27,8,0,8.396666666666667
2018,8,27,9,0,8.030000000000001
2018,8,27,10,0,7.213333333333334
2018,8,27,11,0,7.25
2018,8,27,12,0,6.6000000000000005
2018,8,27,13,0,6.46
2018,8,27,14,0,7.433333333333334
2018,8,27,15,0,8.196666666666667
2018,8,27,16,0,9.573333333333332
2018,8,27,17,0,8.653333333333334
2018,8,27,18,0,8.799999999999999
2018,8,27,19,0,7.766666666666666
2018,8,27,20,0,8.93
2018,8,27,21,0,6.346666666666667
2018,8,27,22,0,11.213333333333333
2018,8,27,23,0,13.196666666666667
2018,8,28,0,0,13.036666666666667
2018,8,28,1,0,13.776666666666666
2018,8,28,2,0,13.076666666666668
2018,8,28,3,0,12.656666666666666
2018,8,28,4,0,12.203333333333333
2018,8,28,5,0,10.843333333333334
2018,8,28,6,0,10.96
2018,8,28,7,0,11.040000000000001
2018,8,28,8,0,9.423333333333334
2018,8,28,9,0,7.466666666666666
2018,8,28,10,0,6.956666666666667
2018,8,28,11,0,6.02
2018,8,28,12,0,5.890000000000001
2018,8,28,13,0,5.3566666666666665
2018,8,28,14,0,5.876666666666668
2018,8,28,15,0,6.553333333333334
2018,8,28,16,0,7.390000000000001
2018,8,28,17,0,7.493333333333332
2018,8,28,18,0,7.883333333333333
2018,8,28,19,0,8.963333333333333
2018,8,28,20,0,8.713333333333333
2018,8,28,21,0,7.170000000000001
2018,8,28,22,0,6.426666666666667
2018,8,28,23,0,6.5
2018,8,29,0,0,5.176666666666667
2018,8,29,1,0,5.0566666666666675
2018,8,29,2,0,5.403333333333333
2018,8,29,3,0,5.33
2018,8,29,4,0,5.03
2018,8,29,5,0,4.986666666666667
2018,8,29,6,0,5.043333333333334
2018,8,29,7,0,4.510000000000001
2018,8,29,8,0,5.03
2018,8,29,9,0,5.466666666666666
2018,8,29,10,0,5.710000000000001
2018,8,29,11,0,6.236666666666667
2018,8,29,12,0,7.390000000000001
2018,8,29,13,0,8.153333333333334
2018,8,29,14,0,8.933333333333334
2018,8,29,15,0,9.643333333333333
2018,8,29,16,0,9.623333333333333
2018,8,29,17,0,10.256666666666668
2018,8,29,18,0,11.223333333333334
2018,8,29,19,0,10.983333333333333
2018,8,29,20,0,10.996666666666668
2018,8,29,21,0,9.38
2018,8,29,22,0,10.446666666666667
2018,8,29,23,0,10.770000000000001
2018,8,30,0,0,10.896666666666667
2018,8,30,1,0,10.11
2018,8,30,2,0,8.686666666666667
2018,8,30,3,0,6.1933333333333325
2018,8,30,4,0,5.740000000000001
2018,8,30,5,0,6.260000000000001
2018,8,30,6,0,7.273333333333333
2018,8,30,7,0,6.07
2018,8,30,8,0,5.043333333333334
2018,8,30,9,0,3.8699999999999997
2018,8,30,10,0,3.16
2018,8,30,11,0,2.6833333333333336
2018,8,30,12,0,3.653333333333333
2018,8,30,13,0,3.24
2018,8,30,14,0,4.243333333333333
2018,8,30,15,0,4.596666666666667
2018,8,30,16,0,4.6866666666666665
2018,8,30,17,0,4.36
2018,8,30,18,0,4.026666666666666
2018,8,30,19,0,6.883333333333334
2018,8,30,20,0,8.166666666666666
2018,8,30,21,0,10.373333333333333
2018,8,30,22,0,10.486666666666666
2018,8,30,23,0,11.276666666666666
2018,8,31,0,0,9.593333333333334
2018,8,31,1,0,7.513333333333333
2018,8,31,2,0,7.95
2018,8,31,3,0,10.09
2018,8,31,4,0,9.790000000000001
2018,8,31,5,0,10.57
2018,8,31,6,0,8.543333333333333
2018,8,31,7,0,6.86
2018,8,31,8,0,6.593333333333334
2018,8,31,9,0,5.693333333333334
2018,8,31,10,0,4.553333333333334
2018,8,31,11,0,4.91
2018,8,31,12,0,4.196666666666666
2018,8,31,13,0,3.43
2018,8,31,14,0,2.3733333333333335
2018,8,31,15,0,7.586666666666667
2018,8,31,16,0,6.123333333333332
2018,8,31,17,0,8.633333333333333
2018,8,31,18,0,6.773333333333333
2018,8,31,19,0,12.826666666666668
2018,8,31,20,0,7.896666666666667
2018,8,31,21,0,11.42
2018,8,31,22,0,9.110000000000001
2018,8,31,23,0,9.453333333333333
2018,9,1,0,0,9.61
2018,9,1,1,0,7.046666666666667
2018,9,1,2,0,6.949999999999999
2018,9,1,3,0,5.006666666666667
2018,9,1,4,0,5.286666666666666
2018,9,1,5,0,4.37
2018,9,1,6,0,4.693333333333333
2018,9,1,7,0,4.75
2018,9,1,8,0,3.6633333333333336
2018,9,1,9,0,2.0333333333333337
2018,9,1,10,0,1.39
2018,9,1,11,0,2.983333333333333
2018,9,1,12,0,3.203333333333333
2018,9,1,13,0,5.08
2018,9,1,14,0,5.81
2018,9,1,15,0,9.076666666666666
2018,9,1,16,0,9.273333333333333
2018,9,1,17,0,9.396666666666667
2018,9,1,18,0,8.746666666666668
2018,9,1,19,0,13.076666666666668
2018,9,1,20,0,11.773333333333333
2018,9,1,21,0,9.6
2018,9,1,22,0,10.036666666666667
2018,9,1,23,0,7.986666666666667
2018,9,2,0,0,8.736666666666666
2018,9,2,1,0,7.886666666666667
2018,9,2,2,0,5.53
2018,9,2,3,0,5.3133333333333335
2018,9,2,4,0,6.666666666666667
2018,9,2,5,0,7.386666666666667
2018,9,2,6,0,6.506666666666667
2018,9,2,7,0,6.186666666666667
2018,9,2,8,0,4.266666666666667
2018,9,2,9,0,3.4466666666666668
2018,9,2,10,0,3.723333333333334
2018,9,2,11,0,3.5700000000000003
2018,9,2,12,0,4.37
2018,9,2,13,0,4.94
2018,9,2,14,0,5.673333333333335
2018,9,2,15,0,5.8066666666666675
2018,9,2,16,0,6.866666666666667
2018,9,2,17,0,5.27
2018,9,2,18,0,7.046666666666667
2018,9,2,19,0,5.326666666666667
2018,9,2,20,0,6.173333333333333
2018,9,2,21,0,5.8
2018,9,2,22,0,6.423333333333335
2018,9,2,23,0,6.66
2018,9,3,0,0,4.503333333333334
2018,9,3,1,0,3.5766666666666667
2018,9,3,2,0,2.8633333333333333
2018,9,3,3,0,3.36
2018,9,3,4,0,3.4666666666666672
2018,9,3,5,0,3.4933333333333336
2018,9,3,6,0,2.74
2018,9,3,7,0,2.7366666666666664
2018,9,3,8,0,2.026666666666667
2018,9,3,9,0,2.3966666666666665
2018,9,3,10,0,3.1366666666666667
2018,9,3,11,0,4.6433333333333335
2018,9,3,12,0,4.12
2018,9,3,13,0,4.163333333333333
2018,9,3,14,0,5.596666666666667
2018,9,3,15,0,5.3
2018,9,3,16,0,4.983333333333333
2018,9,3,17,0,5.41
2018,9,3,18,0,5.57
2018,9,3,19,0,6.6000000000000005
2018,9,3,20,0,6.523333333333333
2018,9,3,21,0,5.913333333333334
2018,9,3,22,0,5.023333333333333
2018,9,3,23,0,6.453333333333333
2018,9,4,0,0,6.113333333333333
2018,9,4,1,0,6.586666666666667
2018,9,4,2,0,5.036666666666666
2018,9,4,3,0,4.4
2018,9,4,4,0,4.233333333333333
2018,9,4,5,0,4.496666666666667
2018,9,4,6,0,4.53
2018,9,4,7,0,3.5833333333333335
2018,9,4,8,0,3.24
2018,9,4,9,0,2.1933333333333334
2018,9,4,10,0,1.6933333333333334
2018,9,4,11,0,2.3766666666666665
2018,9,4,12,0,3.3800000000000003
2018,9,4,13,0,3.7366666666666664
2018,9,4,14,0,4.946666666666666
2018,9,4,15,0,4.653333333333333
2018,9,4,16,0,8.796666666666667
2018,9,4,17,0,5.636666666666667
2018,9,4,18,0,5.703333333333333
2018,9,4,19,0,7.859999999999999
2018,9,4,20,0,7.88
2018,9,4,21,0,9.133333333333333
2018,9,4,22,0,8.136666666666668
2018,9,4,23,0,6.506666666666667
2018,9,5,0,0,6.326666666666667
2018,9,5,1,0,4.626666666666666
2018,9,5,2,0,6.136666666666667
2018,9,5,3,0,5.623333333333334
2018,9,5,4,0,6.330000000000001
2018,9,5,5,0,4.56
2018,9,5,6,0,5.333333333333333
2018,9,5,7,0,5.913333333333334
2018,9,5,8,0,5.656666666666666
2018,9,5,9,0,5.44
2018,9,5,10,0,5.8066666666666675
2018,9,5,11,0,5.333333333333333
2018,9,5,12,0,4.433333333333334
2018,9,5,13,0,4.74
2018,9,5,14,0,5.409999999999999
2018,9,5,15,0,5.513333333333333
2018,9,5,16,0,6.0200000000000005
2018,9,5,17,0,6.836666666666667
2018,9,5,18,0,7.136666666666668
2018,9,5,19,0,6.696666666666666
2018,9,5,20,0,5.553333333333334
2018,9,5,21,0,4.476666666666667
2018,9,5,22,0,4.826666666666667
2018,9,5,23,0,3.236666666666667
2018,9,6,0,0,2.56
2018,9,6,1,0,2.2733333333333334
2018,9,6,2,0,3.233333333333333
2018,9,6,3,0,2.8833333333333333
2018,9,6,4,0,2.8033333333333332
2018,9,6,5,0,2.6666666666666665
2018,9,6,6,0,2.77
2018,9,6,7,0,3.1300000000000003
2018,9,6,8,0,3.2466666666666666
2018,9,6,9,0,3.6266666666666665
2018,9,6,10,0,3.2866666666666666
2018,9,6,11,0,4.206666666666667
2018,9,6,12,0,3.3033333333333332
2018,9,6,13,0,3.4066666666666663
2018,9,6,14,0,5.383333333333333
2018,9,6,15,0,6.483333333333333
2018,9,6,16,0,6.053333333333334
2018,9,6,17,0,5.260000000000001
2018,9,6,18,0,7.066666666666666
2018,9,6,19,0,6.216666666666666
2018,9,6,20,0,5.546666666666667
2018,9,6,21,0,5.383333333333333
2018,9,6,22,0,3.59
2018,9,6,23,0,3.866666666666667
2018,9,7,0,0,4.1866666666666665
2018,9,7,1,0,2.763333333333333
2018,9,7,2,0,3.0233333333333334
2018,9,7,3,0,2.47
2018,9,7,4,0,1.9333333333333336
2018,9,7,5,0,1.4733333333333334
2018,9,7,6,0,2.1366666666666667
2018,9,7,7,0,1.9133333333333333
2018,9,7,8,0,1.7133333333333336
2018,9,7,9,0,2.1033333333333335
2018,9,7,10,0,2.1633333333333336
2018,9,7,11,0,2.6166666666666667
2018,9,7,12,0,2.6
2018,9,7,13,0,2.766666666666667
2018,9,7,14,0,3.2100000000000004
2018,9,7,15,0,5.656666666666666
2018,9,7,16,0,6.053333333333334
2018,9,7,17,0,5.273333333333333
2018,9,7,18,0,4.84
2018,9,7,19,0,4.826666666666667
2018,9,7,20,0,5.273333333333333
2018,9,7,21,0,5.256666666666667
2018,9,7,22,0,6.183333333333334
2018,9,7,23,0,5.840000000000001
2018,9,8,0,0,3.8666666666666667
2018,9,8,1,0,2.83
2018,9,8,2,0,2.8433333333333333
2018,9,8,3,0,2.296666666666667
2018,9,8,4,0,2.7266666666666666
2018,9,8,5,0,2.5866666666666664
2018,9,8,6,0,3.5866666666666664
2018,9,8,7,0,3.36
2018,9,8,8,0,3.3666666666666667
2018,9,8,9,0,3.4066666666666667
2018,9,8,10,0,3.5133333333333336
2018,9,8,11,0,2.966666666666667
2018,9,8,12,0,4.08
2018,9,8,13,0,5.513333333333333
2018,9,8,14,0,5.596666666666667
2018,9,8,15,0,5.933333333333334
2018,9,8,16,0,6.653333333333333
2018,9,8,17,0,7.613333333333334
2018,9,8,18,0,8.506666666666668
2018,9,8,19,0,9.57
2018,9,8,20,0,9.626666666666667
2018,9,8,21,0,9.219999999999999
2018,9,8,22,0,7.97
2018,9,8,23,0,7.2
2018,9,9,0,0,7.583333333333333
2018,9,9,1,0,7.516666666666666
2018,9,9,2,0,8.336666666666666
2018,9,9,3,0,7.44
2018,9,9,4,0,7.280000000000001
2018,9,9,5,0,6.533333333333334
2018,9,9,6,0,6.159999999999999
2018,9,9,7,0,6.830000000000001
2018,9,9,8,0,6.343333333333334
2018,9,9,9,0,5.396666666666667
2018,9,9,10,0,5.166666666666667
2018,9,9,11,0,4.403333333333333
2018,9,9,12,0,5.236666666666667
2018,9,9,13,0,6.18
2018,9,9,14,0,6.093333333333334
2018,9,9,15,0,8.203333333333333
2018,9,9,16,0,8.549999999999999
2018,9,9,17,0,8.040000000000001
2018,9,9,18,0,8.89
2018,9,9,19,0,8.543333333333333
2018,9,9,20,0,8.143333333333333
2018,9,9,21,0,9.08
2018,9,9,22,0,9.276666666666667
2018,9,9,23,0,7.969999999999999
2018,9,10,0,0,6.926666666666667
2018,9,10,1,0,5.626666666666668
2018,9,10,2,0,5.3133333333333335
2018,9,10,3,0,6.046666666666667
2018,9,10,4,0,5.213333333333334
2018,9,10,5,0,5.013333333333334
2018,9,10,6,0,3.9433333333333334
2018,9,10,7,0,2.6966666666666668
2018,9,10,8,0,2.1733333333333333
2018,9,10,9,0,2.56
2018,9,10,10,0,3.1733333333333333
2018,9,10,11,0,3.9933333333333336
2018,9,10,12,0,5.553333333333334
2018,9,10,13,0,6.509999999999999
2018,9,10,14,0,8.106666666666667
2018,9,10,15,0,8.783333333333333
2018,9,10,16,0,8.593333333333334
2018,9,10,17,0,9.583333333333334
2018,9,10,18,0,9.113333333333335
2018,9,10,19,0,10.5
2018,9,10,20,0,11.733333333333334
2018,9,10,21,0,12.183333333333332
2018,9,10,22,0,13.08
2018,9,10,23,0,12.186666666666667
2018,9,11,0,0,10.65
2018,9,11,1,0,10.056666666666667
2018,9,11,2,0,9.67
2018,9,11,3,0,9.51
2018,9,11,4,0,8.76
2018,9,11,5,0,9.909999999999998
2018,9,11,6,0,8.993333333333332
2018,9,11,7,0,8.393333333333333
2018,9,11,8,0,7.75
2018,9,11,9,0,8.126666666666667
2018,9,11,10,0,8.873333333333333
2018,9,11,11,0,9.193333333333333
2018,9,11,12,0,9.473333333333334
2018,9,11,13,0,9.78
2018,9,11,14,0,10.34
2018,9,11,15,0,10.146666666666667
2018,9,11,16,0,10.523333333333333
2018,9,11,17,0,11.793333333333335
2018,9,11,18,0,9.42
2018,9,11,19,0,11.343333333333334
2018,9,11,20,0,11.9
2018,9,11,21,0,10.536666666666667
2018,9,11,22,0,10.526666666666667
2018,9,11,23,0,9.396666666666667
2018,9,12,0,0,7.926666666666667
2018,9,12,1,0,7.3566666666666665
2018,9,12,2,0,7.586666666666667
2018,9,12,3,0,6.536666666666666
2018,9,12,4,0,6.3999999999999995
2018,9,12,5,0,6.21
2018,9,12,6,0,6.186666666666667
2018,9,12,7,0,5.533333333333332
2018,9,12,8,0,4.57
2018,9,12,9,0,4.233333333333333
2018,9,12,10,0,5.12
2018,9,12,11,0,5.866666666666667
2018,9,12,12,0,6.793333333333333
2018,9,12,13,0,7.133333333333333
2018,9,12,14,0,9.19
2018,9,12,15,0,10.673333333333334
2018,9,12,16,0,11.256666666666666
2018,9,12,17,0,11.953333333333333
2018,9,12,18,0,12.116666666666667
2018,9,12,19,0,10.776666666666666
2018,9,12,20,0,12.563333333333333
2018,9,12,21,0,11.226666666666667
2018,9,12,22,0,10.766666666666667
2018,9,12,23,0,9.576666666666666
2018,9,13,0,0,10.81
2018,9,13,1,0,11.213333333333333
2018,9,13,2,0,10.839999999999998
2018,9,13,3,0,9.266666666666666
2018,9,13,4,0,7.816666666666666
2018,9,13,5,0,7.386666666666667
2018,9,13,6,0,8.03
2018,9,13,7,0,6.563333333333333
2018,9,13,8,0,5.693333333333334
2018,9,13,9,0,3.3666666666666667
2018,9,13,10,0,3.543333333333333
2018,9,13,11,0,4.56
2018,9,13,12,0,5.086666666666667
2018,9,13,13,0,6.239999999999999
2018,9,13,14,0,7.096666666666667
2018,9,13,15,0,8.343333333333332
2018,9,13,16,0,9.493333333333334
2018,9,13,17,0,8.513333333333334
2018,9,13,18,0,9.066666666666666
2018,9,13,19,0,10.653333333333332
2018,9,13,20,0,10.073333333333334
2018,9,13,21,0,10.653333333333332
2018,9,13,22,0,9.996666666666668
2018,9,13,23,0,9.753333333333336
2018,9,14,0,0,8.833333333333334
2018,9,14,1,0,10.343333333333334
2018,9,14,2,0,9.843333333333334
2018,9,14,3,0,10.226666666666667
2018,9,14,4,0,10.546666666666667
2018,9,14,5,0,10.096666666666666
2018,9,14,6,0,9.34
2018,9,14,7,0,9.323333333333332
2018,9,14,8,0,6.746666666666667
2018,9,14,9,0,6.140000000000001
2018,9,14,10,0,5.3500000000000005
2018,9,14,11,0,5.753333333333334
2018,9,14,12,0,5.62
2018,9,14,13,0,5.783333333333334
2018,9,14,14,0,5.823333333333334
2018,9,14,15,0,5.6499999999999995
2018,9,14,16,0,5.3566666666666665
2018,9,14,17,0,7.04
2018,9,14,18,0,7.1066666666666665
2018,9,14,19,0,7.756666666666665
2018,9,14,20,0,9.163333333333332
2018,9,14,21,0,10.13
2018,9,14,22,0,10.633333333333333
2018,9,14,23,0,11.266666666666666
2018,9,15,0,0,10.126666666666667
2018,9,15,1,0,9.923333333333334
2018,9,15,2,0,9.78
2018,9,15,3,0,9.716666666666667
2018,9,15,4,0,8.983333333333333
2018,9,15,5,0,8.0
2018,9,15,6,0,7.153333333333333
2018,9,15,7,0,6.789999999999999
2018,9,15,8,0,6.54
2018,9,15,9,0,7.053333333333334
2018,9,15,10,0,8.860000000000001
2018,9,15,11,0,10.69
2018,9,15,12,0,10.533333333333333
2018,9,15,13,0,10.63
2018,9,15,14,0,9.986666666666666
2018,9,15,15,0,11.616666666666665
2018,9,15,16,0,12.773333333333333
2018,9,15,17,0,13.276666666666666
2018,9,15,18,0,12.56
2018,9,15,19,0,12.839999999999998
2018,9,15,20,0,12.86
2018,9,15,21,0,12.153333333333334
2018,9,15,22,0,11.416666666666666
2018,9,15,23,0,11.026666666666666
2018,9,16,0,0,10.533333333333333
2018,9,16,1,0,9.910000000000002
2018,9,16,2,0,9.48
2018,9,16,3,0,9.006666666666668
2018,9,16,4,0,7.876666666666668
2018,9,16,5,0,6.56
2018,9,16,6,0,6.733333333333333
2018,9,16,7,0,6.19
2018,9,16,8,0,6.32
2018,9,16,9,0,6.126666666666668
2018,9,16,10,0,5.723333333333334
2018,9,16,11,0,5.22
2018,9,16,12,0,5.3566666666666665
2018,9,16,13,0,6.16
2018,9,16,14,0,6.943333333333334
2018,9,16,15,0,7.216666666666666
2018,9,16,16,0,8.43
2018,9,16,17,0,7.62
2018,9,16,18,0,8.586666666666668
2018,9,16,19,0,10.193333333333333
2018,9,16,20,0,11.049999999999999
2018,9,16,21,0,11.596666666666666
2018,9,16,22,0,10.746666666666664
2018,9,16,23,0,10.213333333333333
2018,9,17,0,0,9.34
2018,9,17,1,0,7.456666666666667
2018,9,17,2,0,6.313333333333333
2018,9,17,3,0,5.996666666666667
2018,9,17,4,0,5.746666666666667
2018,9,17,5,0,4.503333333333333
2018,9,17,6,0,6.083333333333333
2018,9,17,7,0,5.88
2018,9,17,8,0,4.633333333333334
2018,9,17,9,0,4.08
2018,9,17,10,0,4.403333333333333
2018,9,17,11,0,4.973333333333334
2018,9,17,12,0,4.546666666666667
2018,9,17,13,0,4.586666666666667
2018,9,17,14,0,5.079999999999999
2018,9,17,15,0,4.743333333333333
2018,9,17,16,0,6.566666666666666
2018,9,17,17,0,6.666666666666667
2018,9,17,18,0,8.256666666666666
2018,9,17,19,0,9.076666666666666
2018,9,17,20,0,9.526666666666666
2018,9,17,21,0,9.923333333333334
2018,9,17,22,0,8.950000000000001
2018,9,17,23,0,7.993333333333333
2018,9,18,0,0,8.19
2018,9,18,1,0,6.923333333333333
2018,9,18,2,0,7.22
2018,9,18,3,0,5.87
2018,9,18,4,0,7.283333333333334
2018,9,18,5,0,7.25
2018,9,18,6,0,6.493333333333333
2018,9,18,7,0,8.066666666666666
2018,9,18,8,0,6.669999999999999
2018,9,18,9,0,6.263333333333333
2018,9,18,10,0,6.296666666666667
2018,9,18,11,0,6.69
2018,9,18,12,0,6.566666666666666
2018,9,18,13,0,6.586666666666667
2018,9,18,14,0,5.73
2018,9,18,15,0,5.726666666666667
2018,9,18,16,0,6.503333333333334
2018,9,18,17,0,8.226666666666667
2018,9,18,18,0,9.083333333333334
2018,9,18,19,0,9.913333333333332
2018,9,18,20,0,12.270000000000001
2018,9,18,21,0,11.723333333333334
2018,9,18,22,0,11.26
2018,9,18,23,0,10.89
2018,9,19,0,0,11.92
2018,9,19,1,0,11.603333333333333
2018,9,19,2,0,9.216666666666667
2018,9,19,3,0,6.82
2018,9,19,4,0,6.283333333333334
2018,9,19,5,0,7.330000000000001
2018,9,19,6,0,7.953333333333333
2018,9,19,7,0,8.933333333333334
2018,9,19,8,0,8.07
2018,9,19,9,0,7.6933333333333325
2018,9,19,10,0,8.523333333333333
2018,9,19,11,0,8.036666666666667
2018,9,19,12,0,8.270000000000001
2018,9,19,13,0,8.976666666666667
2018,9,19,14,0,9.11
2018,9,19,15,0,9.966666666666667
2018,9,19,16,0,8.47
2018,9,19,17,0,9.853333333333333
2018,9,19,18,0,9.6
2018,9,19,19,0,10.703333333333333
2018,9,19,20,0,12.716666666666669
2018,9,19,21,0,13.956666666666665
2018,9,19,22,0,12.526666666666666
2018,9,19,23,0,11.133333333333333
2018,9,20,0,0,10.363333333333335
2018,9,20,1,0,9.233333333333333
2018,9,20,2,0,8.163333333333334
2018,9,20,3,0,7.78
2018,9,20,4,0,7.583333333333333
2018,9,20,5,0,8.856666666666667
2018,9,20,6,0,6.82
2018,9,20,7,0,3.8533333333333335
2018,9,20,8,0,3.41
2018,9,20,9,0,3.3366666666666664
2018,9,20,10,0,3.8366666666666664
2018,9,20,11,0,4.613333333333333
2018,9,20,12,0,6.336666666666666
2018,9,20,13,0,4.713333333333334
2018,9,20,14,0,7.023333333333333
2018,9,20,15,0,7.960000000000001
2018,9,20,16,0,5.293333333333334
2018,9,20,17,0,3.9733333333333327
2018,9,20,18,0,4.673333333333333
2018,9,20,19,0,4.666666666666667
2018,9,20,20,0,8.143333333333333
2018,9,20,21,0,7.6000000000000005
2018,9,20,22,0,6.3566666666666665
2018,9,20,23,0,11.033333333333333
2018,9,21,0,0,10.270000000000001
2018,9,21,1,0,7.726666666666667
2018,9,21,2,0,8.946666666666665
2018,9,21,3,0,9.076666666666666
2018,9,21,4,0,10.066666666666666
2018,9,21,5,0,11.183333333333332
2018,9,21,6,0,9.453333333333333
2018,9,21,7,0,7.12
2018,9,21,8,0,5.003333333333333
2018,9,21,9,0,4.07
2018,9,21,10,0,3.716666666666667
2018,9,21,11,0,4.250000000000001
2018,9,21,12,0,4.8933333333333335
2018,9,21,13,0,5.636666666666667
2018,9,21,14,0,6.216666666666668
2018,9,21,15,0,7.053333333333334
2018,9,21,16,0,8.37
2018,9,21,17,0,9.196666666666667
2018,9,21,18,0,9.770000000000001
2018,9,21,19,0,9.973333333333334
2018,9,21,20,0,10.866666666666667
2018,9,21,21,0,10.526666666666667
2018,9,21,22,0,10.663333333333334
2018,9,21,23,0,10.366666666666665
2018,9,22,0,0,10.576666666666666
2018,9,22,1,0,10.553333333333335
2018,9,22,2,0,10.456666666666665
2018,9,22,3,0,10.083333333333334
2018,9,22,4,0,9.91
2018,9,22,5,0,8.716666666666667
2018,9,22,6,0,8.233333333333334
2018,9,22,7,0,7.466666666666666
2018,9,22,8,0,6.826666666666667
2018,9,22,9,0,7.293333333333333
2018,9,22,10,0,6.8133333333333335
2018,9,22,11,0,5.91
2018,9,22,12,0,5.03
2018,9,22,13,0,4.54
2018,9,22,14,0,5.1866666666666665
2018,9,22,15,0,5.826666666666667
2018,9,22,16,0,5.91
2018,9,22,17,0,8.956666666666667
2018,9,22,18,0,10.416666666666666
2018,9,22,19,0,11.319999999999999
2018,9,22,20,0,12.083333333333334
2018,9,22,21,0,11.803333333333333
2018,9,22,22,0,10.913333333333334
2018,9,22,23,0,9.97
2018,9,23,0,0,9.776666666666666
2018,9,23,1,0,9.166666666666666
2018,9,23,2,0,8.433333333333332
2018,9,23,3,0,7.62
2018,9,23,4,0,8.716666666666667
2018,9,23,5,0,7.66
2018,9,23,6,0,7.54
2018,9,23,7,0,6.456666666666666
2018,9,23,8,0,4.37
2018,9,23,9,0,3.436666666666667
2018,9,23,10,0,3.15
2018,9,23,11,0,3.4066666666666663
2018,9,23,12,0,5.739999999999999
2018,9,23,13,0,5.613333333333333
2018,9,23,14,0,7.363333333333333
2018,9,23,15,0,8.313333333333333
2018,9,23,16,0,9.106666666666667
2018,9,23,17,0,10.1
2018,9,23,18,0,9.606666666666667
2018,9,23,19,0,7.956666666666667
2018,9,23,20,0,9.906666666666666
2018,9,23,21,0,10.703333333333333
2018,9,23,22,0,9.589999999999998
2018,9,23,23,0,11.183333333333332
2018,9,24,0,0,9.706666666666665
2018,9,24,1,0,8.936666666666666
2018,9,24,2,0,8.836666666666668
2018,9,24,3,0,8.163333333333334
2018,9,24,4,0,8.96
2018,9,24,5,0,13.57
2018,9,24,6,0,13.476666666666667
2018,9,24,7,0,11.463333333333333
2018,9,24,8,0,11.476666666666668
2018,9,24,9,0,8.45
2018,9,24,10,0,7.003333333333334
2018,9,24,11,0,6.05
2018,9,24,12,0,4.96
2018,9,24,13,0,4.386666666666667
2018,9,24,14,0,3.3333333333333335
2018,9,24,15,0,3.9899999999999998
2018,9,24,16,0,3.796666666666667
2018,9,24,17,0,6.736666666666667
2018,9,24,18,0,8.47
2018,9,24,19,0,7.863333333333333
2018,9,24,20,0,8.043333333333333
2018,9,24,21,0,6.816666666666667
2018,9,24,22,0,7.773333333333333
2018,9,24,23,0,6.903333333333333
2018,9,25,0,0,7.723333333333334
2018,9,25,1,0,5.8999999999999995
2018,9,25,2,0,5.583333333333333
2018,9,25,3,0,12.0
2018,9,25,4,0,15.346666666666666
2018,9,25,5,0,15.983333333333334
2018,9,25,6,0,14.31
2018,9,25,7,0,14.856666666666667
2018,9,25,8,0,15.103333333333333
2018,9,25,9,0,13.896666666666667
2018,9,25,10,0,13.146666666666667
2018,9,25,11,0,11.693333333333333
2018,9,25,12,0,10.293333333333333
2018,9,25,13,0,9.676666666666668
2018,9,25,14,0,8.493333333333334
2018,9,25,15,0,8.036666666666667
2018,9,25,16,0,8.483333333333333
2018,9,25,17,0,6.7700000000000005
2018,9,25,18,0,6.946666666666668
2018,9,25,19,0,7.3566666666666665
2018,9,25,20,0,6.46
2018,9,25,21,0,6.576666666666667
2018,9,25,22,0,6.62
2018,9,25,23,0,6.563333333333333
2018,9,26,0,0,6.026666666666666
2018,9,26,1,0,4.946666666666666
2018,9,26,2,0,3.9000000000000004
2018,9,26,3,0,3.2066666666666666
2018,9,26,4,0,3.1833333333333336
2018,9,26,5,0,3.6633333333333336
2018,9,26,6,0,4.936666666666667
2018,9,26,7,0,5.736666666666667
2018,9,26,8,0,5.083333333333334
2018,9,26,9,0,5.98
2018,9,26,10,0,7.596666666666667
2018,9,26,11,0,9.023333333333333
2018,9,26,12,0,9.736666666666666
2018,9,26,13,0,9.660000000000002
2018,9,26,14,0,9.450000000000001
2018,9,26,15,0,9.493333333333334
2018,9,26,16,0,9.446666666666665
2018,9,26,17,0,9.543333333333333
2018,9,26,18,0,9.833333333333334
2018,9,26,19,0,10.223333333333334
2018,9,26,20,0,10.76
2018,9,26,21,0,10.466666666666667
2018,9,26,22,0,9.496666666666666
2018,9,26,23,0,8.76
2018,9,27,0,0,7.8566666666666665
2018,9,27,1,0,8.216666666666667
2018,9,27,2,0,9.043333333333333
2018,9,27,3,0,9.4
2018,9,27,4,0,10.68
2018,9,27,5,0,8.5
2018,9,27,6,0,8.903333333333334
2018,9,27,7,0,9.17
2018,9,27,8,0,5.2700000000000005
2018,9,27,9,0,3.3833333333333333
2018,9,27,10,0,2.3366666666666664
2018,9,27,11,0,2.236666666666667
2018,9,27,12,0,2.2433333333333336
2018,9,27,13,0,1.88
2018,9,27,14,0,2.2800000000000002
2018,9,27,15,0,3.063333333333334
2018,9,27,16,0,3.2266666666666666
2018,9,27,17,0,4.523333333333333
2018,9,27,18,0,7.349999999999999
2018,9,27,19,0,9.026666666666666
2018,9,27,20,0,9.533333333333333
2018,9,27,21,0,9.943333333333333
2018,9,27,22,0,9.62
2018,9,27,23,0,8.093333333333334
2018,9,28,0,0,7.37
2018,9,28,1,0,8.223333333333334
2018,9,28,2,0,7.093333333333334
2018,9,28,3,0,7.156666666666666
2018,9,28,4,0,6.983333333333334
2018,9,28,5,0,7.426666666666667
2018,9,28,6,0,8.093333333333334
2018,9,28,7,0,8.209999999999999
2018,9,28,8,0,7.633333333333333
2018,9,28,9,0,6.989999999999999
2018,9,28,10,0,6.41
2018,9,28,11,0,6.486666666666667
2018,9,28,12,0,5.910000000000001
2018,9,28,13,0,5.93
2018,9,28,14,0,5.9799999999999995
2018,9,28,15,0,5.176666666666667
2018,9,28,16,0,5.913333333333334
2018,9,28,17,0,6.066666666666667
2018,9,28,18,0,5.22
2018,9,28,19,0,5.706666666666667
2018,9,28,20,0,6.843333333333334
2018,9,28,21,0,6.433333333333334
2018,9,28,22,0,6.326666666666667
2018,9,28,23,0,7.596666666666667
2018,9,29,0,0,8.26
2018,9,29,1,0,7.973333333333334
2018,9,29,2,0,7.816666666666666
2018,9,29,3,0,8.843333333333334
2018,9,29,4,0,8.573333333333332
2018,9,29,5,0,8.709999999999999
2018,9,29,6,0,8.333333333333334
2018,9,29,7,0,8.913333333333334
2018,9,29,8,0,7.933333333333334
2018,9,29,9,0,7.276666666666666
2018,9,29,10,0,6.863333333333333
2018,9,29,11,0,5.493333333333333
2018,9,29,12,0,4.163333333333333
2018,9,29,13,0,3.4133333333333336
2018,9,29,14,0,3.646666666666667
2018,9,29,15,0,4.55
2018,9,29,16,0,7.009999999999999
2018,9,29,17,0,7.93
2018,9,29,18,0,9.323333333333334
2018,9,29,19,0,10.553333333333333
2018,9,29,20,0,10.89
2018,9,29,21,0,10.333333333333334
2018,9,29,22,0,9.036666666666667
2018,9,29,23,0,8.673333333333334
2018,9,30,0,0,10.223333333333334
2018,9,30,1,0,11.25
2018,9,30,2,0,11.263333333333334
2018,9,30,3,0,10.676666666666668
2018,9,30,4,0,10.74
2018,9,30,5,0,9.89
2018,9,30,6,0,8.616666666666667
2018,9,30,7,0,9.11
2018,9,30,8,0,8.703333333333333
2018,9,30,9,0,7.2
2018,9,30,10,0,5.8933333333333335
2018,9,30,11,0,4.816666666666666
2018,9,30,12,0,4.446666666666666
2018,9,30,13,0,5.203333333333334
2018,9,30,14,0,5.293333333333334
2018,9,30,15,0,5.920000000000001
2018,9,30,16,0,6.6933333333333325
2018,9,30,17,0,7.260000000000001
2018,9,30,18,0,6.963333333333332
2018,9,30,19,0,5.773333333333333
2018,9,30,20,0,5.25
2018,9,30,21,0,5.496666666666667
2018,9,30,22,0,5.473333333333334
2018,9,30,23,0,5.756666666666668
2018,10,1,0,0,5.993333333333332
2018,10,1,1,0,5.896666666666667
2018,10,1,2,0,4.743333333333333
2018,10,1,3,0,4.420000000000001
2018,10,1,4,0,3.6166666666666667
2018,10,1,5,0,3.3000000000000003
2018,10,1,6,0,2.956666666666667
2018,10,1,7,0,3.7900000000000005
2018,10,1,8,0,3.046666666666667
2018,10,1,9,0,2.35
2018,10,1,10,0,1.88
2018,10,1,11,0,2.4000000000000004
2018,10,1,12,0,2.7433333333333336
2018,10,1,13,0,2.5366666666666666
2018,10,1,14,0,5.16
2018,10,1,15,0,5.66
2018,10,1,16,0,5.8066666666666675
2018,10,1,17,0,6.016666666666667
2018,10,1,18,0,5.743333333333333
2018,10,1,19,0,5.66
2018,10,1,20,0,6.953333333333333
2018,10,1,21,0,6.873333333333334
2018,10,1,22,0,5.326666666666667
2018,10,1,23,0,6.136666666666667
2018,10,2,0,0,6.616666666666667
2018,10,2,1,0,6.996666666666667
2018,10,2,2,0,6.2
2018,10,2,3,0,6.359999999999999
2018,10,2,4,0,6.973333333333333
2018,10,2,5,0,8.0
2018,10,2,6,0,7.116666666666667
2018,10,2,7,0,7.096666666666667
2018,10,2,8,0,5.346666666666667
2018,10,2,9,0,4.7266666666666675
2018,10,2,10,0,4.496666666666667
2018,10,2,11,0,5.853333333333333
2018,10,2,12,0,6.52
2018,10,2,13,0,7.066666666666666
2018,10,2,14,0,7.656666666666666
2018,10,2,15,0,5.113333333333333
2018,10,2,16,0,11.633333333333333
2018,10,2,17,0,8.766666666666667
2018,10,2,18,0,9.443333333333333
2018,10,2,19,0,8.786666666666667
2018,10,2,20,0,7.156666666666666
2018,10,2,21,0,8.946666666666665
2018,10,2,22,0,6.6066666666666665
2018,10,2,23,0,8.756666666666668
2018,10,3,0,0,8.629999999999999
2018,10,3,1,0,9.040000000000001
2018,10,3,2,0,10.673333333333332
2018,10,3,3,0,11.186666666666667
2018,10,3,4,0,9.206666666666667
2018,10,3,5,0,9.823333333333332
2018,10,3,6,0,8.916666666666666
2018,10,3,7,0,8.97
2018,10,3,8,0,7.996666666666667
2018,10,3,9,0,7.239999999999999
2018,10,3,10,0,6.773333333333333
2018,10,3,11,0,6.56
2018,10,3,12,0,5.896666666666666
2018,10,3,13,0,6.383333333333333
2018,10,3,14,0,5.8933333333333335
2018,10,3,15,0,6.140000000000001
2018,10,3,16,0,7.3933333333333335
2018,10,3,17,0,9.373333333333333
2018,10,3,18,0,9.946666666666667
2018,10,3,19,0,10.923333333333334
2018,10,3,20,0,14.01
2018,10,3,21,0,13.420000000000002
2018,10,3,22,0,13.01
2018,10,3,23,0,11.813333333333333
2018,10,4,0,0,10.356666666666667
2018,10,4,1,0,9.263333333333334
2018,10,4,2,0,6.6933333333333325
2018,10,4,3,0,5.9433333333333325
2018,10,4,4,0,4.973333333333334
2018,10,4,5,0,5.093333333333334
2018,10,4,6,0,5.443333333333334
2018,10,4,7,0,5.1466666666666665
2018,10,4,8,0,5.523333333333333
2018,10,4,9,0,5.986666666666667
2018,10,4,10,0,5.743333333333333
2018,10,4,11,0,6.823333333333333
2018,10,4,12,0,7.836666666666667
2018,10,4,13,0,8.466666666666667
2018,10,4,14,0,10.11
2018,10,4,15,0,11.343333333333334
2018,10,4,16,0,10.549999999999999
2018,10,4,17,0,10.666666666666666
2018,10,4,18,0,6.3933333333333335
2018,10,4,19,0,6.846666666666667
2018,10,4,20,0,6.796666666666667
2018,10,4,21,0,7.253333333333334
2018,10,4,22,0,7.816666666666667
2018,10,4,23,0,7.036666666666666
2018,10,5,0,0,6.760000000000001
2018,10,5,1,0,7.476666666666667
2018,10,5,2,0,6.353333333333333
2018,10,5,3,0,5.683333333333334
2018,10,5,4,0,6.0
2018,10,5,5,0,6.383333333333333
2018,10,5,6,0,7.493333333333333
2018,10,5,7,0,7.103333333333334
2018,10,5,8,0,6.890000000000001
2018,10,5,9,0,6.210000000000001
2018,10,5,10,0,6.426666666666667
2018,10,5,11,0,6.753333333333334
2018,10,5,12,0,6.683333333333333
2018,10,5,13,0,6.636666666666667
2018,10,5,14,0,8.839999999999998
2018,10,5,15,0,9.246666666666668
2018,10,5,16,0,8.89
2018,10,5,17,0,11.909999999999998
2018,10,5,18,0,11.723333333333334
2018,10,5,19,0,10.833333333333334
2018,10,5,20,0,14.906666666666666
2018,10,5,21,0,12.626666666666667
2018,10,5,22,0,10.413333333333332
2018,10,5,23,0,9.126666666666667
2018,10,6,0,0,7.34
2018,10,6,1,0,6.506666666666667
2018,10,6,2,0,4.973333333333333
2018,10,6,3,0,3.6333333333333333
2018,10,6,4,0,3.0966666666666662
2018,10,6,5,0,4.016666666666667
2018,10,6,6,0,3.143333333333333
2018,10,6,7,0,3.4166666666666665
2018,10,6,8,0,2.983333333333334
2018,10,6,9,0,3.7266666666666666
2018,10,6,10,0,4.956666666666667
2018,10,6,11,0,5.47
2018,10,6,12,0,5.8933333333333335
2018,10,6,13,0,6.23
2018,10,6,14,0,7.236666666666667
2018,10,6,15,0,7.843333333333334
2018,10,6,16,0,8.566666666666668
2018,10,6,17,0,8.806666666666667
2018,10,6,18,0,9.229999999999999
2018,10,6,19,0,9.350000000000001
2018,10,6,20,0,9.633333333333333
2018,10,6,21,0,8.426666666666668
2018,10,6,22,0,8.066666666666666
2018,10,6,23,0,7.616666666666667
2018,10,7,0,0,8.756666666666668
2018,10,7,1,0,7.916666666666667
2018,10,7,2,0,7.593333333333334
2018,10,7,3,0,7.016666666666667
2018,10,7,4,0,6.593333333333334
2018,10,7,5,0,6.603333333333333
2018,10,7,6,0,6.43
2018,10,7,7,0,5.5200000000000005
2018,10,7,8,0,4.986666666666667
2018,10,7,9,0,5.286666666666666
2018,10,7,10,0,5.363333333333333
2018,10,7,11,0,5.090000000000001
2018,10,7,12,0,4.196666666666666
2018,10,7,13,0,4.59
2018,10,7,14,0,5.57
2018,10,7,15,0,5.513333333333333
2018,10,7,16,0,5.353333333333334
2018,10,7,17,0,7.673333333333333
2018,10,7,18,0,7.813333333333333
2018,10,7,19,0,7.38
2018,10,7,20,0,7.963333333333334
2018,10,7,21,0,5.6000000000000005
2018,10,7,22,0,8.216666666666667
2018,10,7,23,0,8.103333333333333
2018,10,8,0,0,8.46
2018,10,8,1,0,7.646666666666667
2018,10,8,2,0,11.306666666666667
2018,10,8,3,0,6.526666666666666
2018,10,8,4,0,8.5
2018,10,8,5,0,7.863333333333333
2018,10,8,6,0,7.463333333333334
2018,10,8,7,0,7.3066666666666675
2018,10,8,8,0,7.913333333333334
2018,10,8,9,0,7.683333333333333
2018,10,8,10,0,7.926666666666667
2018,10,8,11,0,8.013333333333334
2018,10,8,12,0,6.79
2018,10,8,13,0,6.61
2018,10,8,14,0,5.5566666666666675
2018,10,8,15,0,6.3133333333333335
2018,10,8,16,0,5.863333333333333
2018,10,8,17,0,6.43
2018,10,8,18,0,6.796666666666667
2018,10,8,19,0,6.316666666666666
2018,10,8,20,0,6.213333333333334
2018,10,8,21,0,5.946666666666668
2018,10,8,22,0,6.163333333333334
2018,10,8,23,0,6.206666666666667
2018,10,9,0,0,6.583333333333333
2018,10,9,1,0,7.173333333333333
2018,10,9,2,0,7.4366666666666665
2018,10,9,3,0,8.243333333333334
2018,10,9,4,0,8.090000000000002
2018,10,9,5,0,8.833333333333334
2018,10,9,6,0,8.953333333333333
2018,10,9,7,0,9.496666666666666
2018,10,9,8,0,10.413333333333334
2018,10,9,9,0,9.836666666666666
2018,10,9,10,0,9.866666666666667
2018,10,9,11,0,9.713333333333333
2018,10,9,12,0,10.553333333333333
2018,10,9,13,0,10.07
2018,10,9,14,0,10.48
2018,10,9,15,0,10.076666666666668
2018,10,9,16,0,9.306666666666667
2018,10,9,17,0,8.709999999999999
2018,10,9,18,0,8.713333333333333
2018,10,9,19,0,9.086666666666668
2018,10,9,20,0,9.0
2018,10,9,21,0,10.06
2018,10,9,22,0,9.99
2018,10,9,23,0,9.066666666666668
2018,10,10,0,0,9.209999999999999
2018,10,10,1,0,8.270000000000001
2018,10,10,2,0,7.84
2018,10,10,3,0,7.5566666666666675
2018,10,10,4,0,7.6066666666666665
2018,10,10,5,0,7.233333333333333
2018,10,10,6,0,6.826666666666667
2018,10,10,7,0,6.98
2018,10,10,8,0,6.923333333333335
2018,10,10,9,0,5.923333333333335
2018,10,10,10,0,4.973333333333334
2018,10,10,11,0,3.723333333333334
2018,10,10,12,0,4.22
2018,10,10,13,0,4.626666666666666
2018,10,10,14,0,4.493333333333333
2018,10,10,15,0,4.81
2018,10,10,16,0,5.233333333333333
2018,10,10,17,0,6.013333333333333
2018,10,10,18,0,5.95
2018,10,10,19,0,5.446666666666666
2018,10,10,20,0,4.803333333333334
2018,10,10,21,0,4.093333333333334
2018,10,10,22,0,3.946666666666667
2018,10,10,23,0,3.0100000000000002
2018,10,11,0,0,2.81
2018,10,11,1,0,3.1633333333333336
2018,10,11,2,0,3.286666666666667
2018,10,11,3,0,3.106666666666666
2018,10,11,4,0,4.216666666666668
2018,10,11,5,0,4.926666666666667
2018,10,11,6,0,5.303333333333334
2018,10,11,7,0,5.989999999999999
2018,10,11,8,0,6.033333333333334
2018,10,11,9,0,5.896666666666667
2018,10,11,10,0,6.93
2018,10,11,11,0,7.213333333333334
2018,10,11,12,0,7.726666666666667
2018,10,11,13,0,8.026666666666666
2018,10,11,14,0,8.256666666666666
2018,10,11,15,0,8.193333333333333
2018,10,11,16,0,6.473333333333334
2018,10,11,17,0,6.44
2018,10,11,18,0,6.173333333333333
2018,10,11,19,0,6.416666666666667
2018,10,11,20,0,6.640000000000001
2018,10,11,21,0,6.123333333333334
2018,10,11,22,0,5.956666666666667
2018,10,11,23,0,4.4766666666666675
2018,10,12,0,0,4.07
2018,10,12,1,0,4.22
2018,10,12,2,0,5.4799999999999995
2018,10,12,3,0,7.173333333333333
2018,10,12,4,0,8.56
2018,10,12,5,0,8.466666666666667
2018,10,12,6,0,9.85
2018,10,12,7,0,9.230000000000002
2018,10,12,8,0,8.706666666666667
2018,10,12,9,0,7.210000000000001
2018,10,12,10,0,6.13
2018,10,12,11,0,5.213333333333334
2018,10,12,12,0,4.536666666666666
2018,10,12,13,0,4.96
2018,10,12,14,0,4.3
2018,10,12,15,0,4.166666666666667
2018,10,12,16,0,4.416666666666667
2018,10,12,17,0,4.69
2018,10,12,18,0,6.18
2018,10,12,19,0,8.253333333333332
2018,10,12,20,0,10.613333333333333
2018,10,12,21,0,11.033333333333333
2018,10,12,22,0,11.066666666666665
2018,10,12,23,0,11.0
2018,10,13,0,0,10.073333333333332
2018,10,13,1,0,9.036666666666667
2018,10,13,2,0,9.086666666666668
2018,10,13,3,0,8.703333333333333
2018,10,13,4,0,8.946666666666667
2018,10,13,5,0,9.126666666666667
2018,10,13,6,0,8.643333333333334
2018,10,13,7,0,7.3999999999999995
2018,10,13,8,0,8.233333333333334
2018,10,13,9,0,7.933333333333334
2018,10,13,10,0,7.216666666666666
2018,10,13,11,0,6.8
2018,10,13,12,0,6.2200000000000015
2018,10,13,13,0,5.296666666666667
2018,10,13,14,0,4.57
2018,10,13,15,0,4.623333333333334
2018,10,13,16,0,4.890000000000001
2018,10,13,17,0,6.88
2018,10,13,18,0,8.686666666666667
2018,10,13,19,0,10.690000000000003
2018,10,13,20,0,11.076666666666668
2018,10,13,21,0,9.956666666666667
2018,10,13,22,0,10.603333333333333
2018,10,13,23,0,11.326666666666668
2018,10,14,0,0,10.873333333333333
2018,10,14,1,0,13.103333333333333
2018,10,14,2,0,16.94333333333333
2018,10,14,3,0,16.076666666666664
2018,10,14,4,0,14.603333333333332
2018,10,14,5,0,13.58
2018,10,14,6,0,12.736666666666666
2018,10,14,7,0,11.983333333333333
2018,10,14,8,0,11.81
2018,10,14,9,0,11.693333333333333
2018,10,14,10,0,10.766666666666666
2018,10,14,11,0,10.176666666666668
2018,10,14,12,0,9.51
2018,10,14,13,0,9.340000000000002
2018,10,14,14,0,9.523333333333333
2018,10,14,15,0,8.860000000000001
2018,10,14,16,0,8.306666666666667
2018,10,14,17,0,8.233333333333333
2018,10,14,18,0,8.799999999999999
2018,10,14,19,0,8.483333333333333
2018,10,14,20,0,6.53
2018,10,14,21,0,6.506666666666667
2018,10,14,22,0,6.7266666666666675
2018,10,14,23,0,6.913333333333333
2018,10,15,0,0,8.573333333333332
2018,10,15,1,0,8.666666666666666
2018,10,15,2,0,8.583333333333334
2018,10,15,3,0,8.46
2018,10,15,4,0,8.963333333333333
2018,10,15,5,0,8.576666666666666
2018,10,15,6,0,8.926666666666668
2018,10,15,7,0,8.766666666666666
2018,10,15,8,0,7.986666666666667
2018,10,15,9,0,6.633333333333333
2018,10,15,10,0,6.206666666666667
2018,10,15,11,0,5.546666666666667
2018,10,15,12,0,5.276666666666666
2018,10,15,13,0,5.239999999999999
2018,10,15,14,0,4.343333333333334
2018,10,15,15,0,3.9233333333333333
2018,10,15,16,0,4.236666666666667
2018,10,15,17,0,4.3533333333333335
2018,10,15,18,0,4.17
2018,10,15,19,0,2.81
2018,10,15,20,0,4.12
2018,10,15,21,0,5.953333333333333
2018,10,15,22,0,8.186666666666666
2018,10,15,23,0,8.646666666666667
2018,10,16,0,0,9.386666666666667
2018,10,16,1,0,9.143333333333333
2018,10,16,2,0,9.766666666666667
2018,10,16,3,0,9.866666666666665
2018,10,16,4,0,9.52
2018,10,16,5,0,9.033333333333333
2018,10,16,6,0,8.99
2018,10,16,7,0,8.833333333333334
2018,10,16,8,0,8.176666666666668
2018,10,16,9,0,7.093333333333334
2018,10,16,10,0,6.8
2018,10,16,11,0,6.863333333333333
2018,10,16,12,0,7.126666666666668
2018,10,16,13,0,6.533333333333334
2018,10,16,14,0,6.516666666666667
2018,10,16,15,0,6.343333333333334
2018,10,16,16,0,6.32
2018,10,16,17,0,5.416666666666667
2018,10,16,18,0,4.78
2018,10,16,19,0,4.09
2018,10,16,20,0,6.536666666666666
2018,10,16,21,0,6.363333333333334
2018,10,16,22,0,7.010000000000001
2018,10,16,23,0,6.640000000000001
2018,10,17,0,0,6.760000000000001
2018,10,17,1,0,5.48
2018,10,17,2,0,4.3133333333333335
2018,10,17,3,0,4.516666666666667
2018,10,17,4,0,4.376666666666666
2018,10,17,5,0,4.0633333333333335
2018,10,17,6,0,3.4800000000000004
2018,10,17,7,0,3.313333333333334
2018,10,17,8,0,2.6300000000000003
2018,10,17,9,0,1.63
2018,10,17,10,0,2.5933333333333333
2018,10,17,11,0,3.69
2018,10,17,12,0,4.8500000000000005
2018,10,17,13,0,5.43
2018,10,17,14,0,6.363333333333333
2018,10,17,15,0,7.289999999999999
2018,10,17,16,0,7.44
2018,10,17,17,0,6.793333333333334
2018,10,17,18,0,6.47
2018,10,17,19,0,7.696666666666668
2018,10,17,20,0,9.023333333333333
2018,10,17,21,0,9.313333333333333
2018,10,17,22,0,9.476666666666667
2018,10,17,23,0,10.163333333333334
2018,10,18,0,0,10.39
2018,10,18,1,0,11.006666666666668
2018,10,18,2,0,11.356666666666667
2018,10,18,3,0,10.883333333333335
2018,10,18,4,0,11.159999999999998
2018,10,18,5,0,11.193333333333333
2018,10,18,6,0,11.253333333333336
2018,10,18,7,0,10.996666666666668
2018,10,18,8,0,10.473333333333334
2018,10,18,9,0,10.933333333333332
2018,10,18,10,0,10.823333333333332
2018,10,18,11,0,12.656666666666666
2018,10,18,12,0,12.923333333333334
2018,10,18,13,0,13.026666666666666
2018,10,18,14,0,12.353333333333333
2018,10,18,15,0,11.993333333333332
2018,10,18,16,0,12.823333333333332
2018,10,18,17,0,11.996666666666664
2018,10,18,18,0,10.936666666666667
2018,10,18,19,0,8.733333333333333
2018,10,18,20,0,7.68
2018,10,18,21,0,6.753333333333334
2018,10,18,22,0,6.526666666666667
2018,10,18,23,0,7.553333333333335
2018,10,19,0,0,8.513333333333334
2018,10,19,1,0,9.043333333333333
2018,10,19,2,0,9.56
2018,10,19,3,0,11.790000000000001
2018,10,19,4,0,11.616666666666665
2018,10,19,5,0,11.973333333333334
2018,10,19,6,0,12.593333333333334
2018,10,19,7,0,11.753333333333332
2018,10,19,8,0,10.85
2018,10,19,9,0,11.08
2018,10,19,10,0,11.073333333333332
2018,10,19,11,0,10.866666666666667
2018,10,19,12,0,10.276666666666666
2018,10,19,13,0,9.85
2018,10,19,14,0,9.17
2018,10,19,15,0,8.926666666666668
2018,10,19,16,0,7.989999999999999
2018,10,19,17,0,7.693333333333334
2018,10,19,18,0,6.936666666666667
2018,10,19,19,0,6.419999999999999
2018,10,19,20,0,6.543333333333334
2018,10,19,21,0,5.486666666666667
2018,10,19,22,0,4.826666666666666
2018,10,19,23,0,5.11
2018,10,20,0,0,4.636666666666667
2018,10,20,1,0,4.516666666666667
2018,10,20,2,0,5.666666666666667
2018,10,20,3,0,6.426666666666667
2018,10,20,4,0,6.989999999999999
2018,10,20,5,0,7.1066666666666665
2018,10,20,6,0,6.973333333333334
2018,10,20,7,0,6.25
2018,10,20,8,0,4.616666666666666
2018,10,20,9,0,2.643333333333333
2018,10,20,10,0,2.276666666666667
2018,10,20,11,0,2.91
2018,10,20,12,0,3.0500000000000003
2018,10,20,13,0,3.1333333333333333
2018,10,20,14,0,3.063333333333333
2018,10,20,15,0,3.5766666666666667
2018,10,20,16,0,4.826666666666667
2018,10,20,17,0,6.1066666666666665
2018,10,20,18,0,7.536666666666666
2018,10,20,19,0,9.469999999999999
2018,10,20,20,0,11.413333333333334
2018,10,20,21,0,11.716666666666669
2018,10,20,22,0,11.44
2018,10,20,23,0,11.153333333333334
2018,10,21,0,0,11.07
2018,10,21,1,0,10.049999999999999
2018,10,21,2,0,9.813333333333333
2018,10,21,3,0,9.476666666666667
2018,10,21,4,0,8.816666666666668
2018,10,21,5,0,8.436666666666667
2018,10,21,6,0,9.366666666666667
2018,10,21,7,0,9.056666666666667
2018,10,21,8,0,7.810000000000001
2018,10,21,9,0,6.866666666666666
2018,10,21,10,0,6.7633333333333345
2018,10,21,11,0,6.45
2018,10,21,12,0,5.823333333333333
2018,10,21,13,0,5.55
2018,10,21,14,0,4.87
2018,10,21,15,0,4.510000000000001
2018,10,21,16,0,5.546666666666667
2018,10,21,17,0,6.043333333333334
2018,10,21,18,0,6.886666666666667
2018,10,21,19,0,6.013333333333333
2018,10,21,20,0,6.133333333333333
2018,10,21,21,0,5.743333333333333
2018,10,21,22,0,5.736666666666667
2018,10,21,23,0,5.266666666666667
2018,10,22,0,0,5.78
2018,10,22,1,0,5.12
2018,10,22,2,0,4.75
2018,10,22,3,0,4.663333333333333
2018,10,22,4,0,4.9366666666666665
2018,10,22,5,0,6.333333333333333
2018,10,22,6,0,5.956666666666667
2018,10,22,7,0,6.373333333333334
2018,10,22,8,0,5.653333333333333
2018,10,22,9,0,4.636666666666667
2018,10,22,10,0,4.06
2018,10,22,11,0,4.193333333333333
2018,10,22,12,0,4.65
2018,10,22,13,0,5.12
2018,10,22,14,0,5.79
2018,10,22,15,0,6.736666666666667
2018,10,22,16,0,7.9433333333333325
2018,10,22,17,0,7.960000000000001
2018,10,22,18,0,9.14
2018,10,22,19,0,10.323333333333332
2018,10,22,20,0,10.55
2018,10,22,21,0,9.796666666666667
2018,10,22,22,0,8.963333333333333
2018,10,22,23,0,8.276666666666666
2018,10,23,0,0,6.933333333333333
2018,10,23,1,0,6.3500000000000005
2018,10,23,2,0,5.273333333333333
2018,10,23,3,0,4.016666666666667
2018,10,23,4,0,3.65
2018,10,23,5,0,4.633333333333334
2018,10,23,6,0,4.573333333333333
2018,10,23,7,0,4.456666666666666
2018,10,23,8,0,3.356666666666667
2018,10,23,9,0,3.8000000000000003
2018,10,23,10,0,4.836666666666667
2018,10,23,11,0,5.566666666666666
2018,10,23,12,0,6.776666666666667
2018,10,23,13,0,7.460000000000001
2018,10,23,14,0,7.330000000000001
2018,10,23,15,0,8.046666666666667
2018,10,23,16,0,8.956666666666665
2018,10,23,17,0,9.46
2018,10,23,18,0,9.913333333333334
2018,10,23,19,0,10.296666666666667
2018,10,23,20,0,11.22
2018,10,23,21,0,11.096666666666666
2018,10,23,22,0,10.9
2018,10,23,23,0,9.706666666666665
2018,10,24,0,0,9.076666666666666
2018,10,24,1,0,8.223333333333334
2018,10,24,2,0,8.103333333333333
2018,10,24,3,0,8.103333333333333
2018,10,24,4,0,7.506666666666667
2018,10,24,5,0,7.923333333333335
2018,10,24,6,0,7.616666666666666
2018,10,24,7,0,7.32
2018,10,24,8,0,7.276666666666666
2018,10,24,9,0,6.87
2018,10,24,10,0,8.14
2018,10,24,11,0,5.966666666666666
2018,10,24,12,0,6.603333333333334
2018,10,24,13,0,6.026666666666666
2018,10,24,14,0,6.756666666666668
2018,10,24,15,0,7.113333333333334
2018,10,24,16,0,7.150000000000001
2018,10,24,17,0,6.206666666666667
2018,10,24,18,0,7.390000000000001
2018,10,24,19,0,5.28
2018,10,24,20,0,5.62
2018,10,24,21,0,5.346666666666667
2018,10,24,22,0,5.403333333333333
2018,10,24,23,0,5.3
2018,10,25,0,0,5.170000000000001
2018,10,25,1,0,5.443333333333334
2018,10,25,2,0,5.006666666666667
2018,10,25,3,0,5.786666666666666
2018,10,25,4,0,5.496666666666667
2018,10,25,5,0,5.176666666666667
2018,10,25,6,0,6.536666666666666
2018,10,25,7,0,8.14
2018,10,25,8,0,9.706666666666669
2018,10,25,9,0,8.81
2018,10,25,10,0,8.436666666666667
2018,10,25,11,0,8.333333333333334
2018,10,25,12,0,8.203333333333333
2018,10,25,13,0,8.0
2018,10,25,14,0,7.936666666666667
2018,10,25,15,0,8.066666666666668
2018,10,25,16,0,8.823333333333334
2018,10,25,17,0,9.103333333333333
2018,10,25,18,0,6.920000000000001
2018,10,25,19,0,5.45
2018,10,25,20,0,6.7700000000000005
2018,10,25,21,0,5.903333333333333
2018,10,25,22,0,6.12
2018,10,25,23,0,5.116666666666666
2018,10,26,0,0,4.723333333333334
2018,10,26,1,0,5.376666666666666
2018,10,26,2,0,5.816666666666667
2018,10,26,3,0,8.286666666666667
2018,10,26,4,0,8.263333333333334
2018,10,26,5,0,7.996666666666667
2018,10,26,6,0,8.19
2018,10,26,7,0,8.79
2018,10,26,8,0,7.3933333333333335
2018,10,26,9,0,5.973333333333334
2018,10,26,10,0,4.816666666666666
2018,10,26,11,0,4.32
2018,10,26,12,0,4.079999999999999
2018,10,26,13,0,4.636666666666667
2018,10,26,14,0,6.09
2018,10,26,15,0,6.0
2018,10,26,16,0,6.176666666666667
2018,10,26,17,0,7.06
2018,10,26,18,0,5.033333333333334
2018,10,26,19,0,3.7066666666666666
2018,10,26,20,0,4.46
2018,10,26,21,0,4.96
2018,10,26,22,0,6.446666666666666
2018,10,26,23,0,5.763333333333333
2018,10,27,0,0,6.986666666666667
2018,10,27,1,0,7.896666666666667
2018,10,27,2,0,8.656666666666666
2018,10,27,3,0,9.67
2018,10,27,4,0,8.39
2018,10,27,5,0,7.363333333333333
2018,10,27,6,0,8.703333333333333
2018,10,27,7,0,10.313333333333334
2018,10,27,8,0,9.479999999999999
2018,10,27,9,0,8.496666666666668
2018,10,27,10,0,8.553333333333333
2018,10,27,11,0,8.486666666666666
2018,10,27,12,0,7.02
2018,10,27,13,0,7.150000000000001
2018,10,27,14,0,6.776666666666666
2018,10,27,15,0,8.273333333333333
2018,10,27,16,0,8.1
2018,10,27,17,0,8.426666666666668
2018,10,27,18,0,9.0
2018,10,27,19,0,7.47
2018,10,27,20,0,7.083333333333333
2018,10,27,21,0,7.953333333333333
2018,10,27,22,0,6.91
2018,10,27,23,0,8.08
2018,10,28,0,0,9.823333333333332
2018,10,28,1,0,9.753333333333332
2018,10,28,2,0,8.706666666666665
2018,10,28,3,0,7.923333333333335
2018,10,28,4,0,7.333333333333333
2018,10,28,5,0,4.920000000000001
2018,10,28,6,0,5.016666666666667
2018,10,28,7,0,5.463333333333334
2018,10,28,8,0,4.073333333333333
2018,10,28,9,0,2.893333333333333
2018,10,28,10,0,3.6033333333333335
2018,10,28,11,0,4.72
2018,10,28,12,0,5.493333333333333
2018,10,28,13,0,6.0633333333333335
2018,10,28,14,0,6.3999999999999995
2018,10,28,15,0,7.203333333333333
2018,10,28,16,0,7.636666666666667
2018,10,28,17,0,8.243333333333334
2018,10,28,18,0,9.576666666666666
2018,10,28,19,0,10.610000000000001
2018,10,28,20,0,10.423333333333334
2018,10,28,21,0,10.046666666666667
2018,10,28,22,0,9.683333333333334
2018,10,28,23,0,8.4
2018,10,29,0,0,8.273333333333333
2018,10,29,1,0,9.153333333333334
2018,10,29,2,0,9.743333333333332
2018,10,29,3,0,10.326666666666666
2018,10,29,4,0,10.99
2018,10,29,5,0,10.476666666666667
2018,10,29,6,0,10.290000000000001
2018,10,29,7,0,11.259999999999998
2018,10,29,8,0,8.66
2018,10,29,9,0,6.116666666666667
2018,10,29,10,0,5.59
2018,10,29,11,0,5.266666666666667
2018,10,29,12,0,5.3133333333333335
2018,10,29,13,0,5.136666666666667
2018,10,29,14,0,5.496666666666667
2018,10,29,15,0,4.8933333333333335
2018,10,29,16,0,4.796666666666667
2018,10,29,17,0,5.71
2018,10,29,18,0,5.426666666666667
2018,10,29,19,0,6.81
2018,10,29,20,0,9.216666666666667
2018,10,29,21,0,13.923333333333332
2018,10,29,22,0,15.293333333333331
2018,10,29,23,0,14.656666666666666
2018,10,30,0,0,13.466666666666669
2018,10,30,1,0,13.18
2018,10,30,2,0,13.003333333333332
2018,10,30,3,0,12.209999999999999
2018,10,30,4,0,11.596666666666666
2018,10,30,5,0,9.883333333333333
2018,10,30,6,0,9.816666666666668
2018,10,30,7,0,9.073333333333332
2018,10,30,8,0,8.733333333333334
2018,10,30,9,0,7.423333333333335
2018,10,30,10,0,6.52
2018,10,30,11,0,6.623333333333334
2018,10,30,12,0,6.43
2018,10,30,13,0,6.170000000000001
2018,10,30,14,0,6.239999999999999
2018,10,30,15,0,6.21
2018,10,30,16,0,5.4366666666666665
2018,10,30,17,0,5.6433333333333335
2018,10,30,18,0,5.830000000000001
2018,10,30,19,0,6.340000000000001
2018,10,30,20,0,6.09
2018,10,30,21,0,6.053333333333335
2018,10,30,22,0,4.833333333333334
2018,10,30,23,0,5.233333333333333
2018,10,31,0,0,6.386666666666667
2018,10,31,1,0,8.436666666666666
2018,10,31,2,0,8.746666666666668
2018,10,31,3,0,8.083333333333334
2018,10,31,4,0,7.406666666666666
2018,10,31,5,0,7.260000000000001
2018,10,31,6,0,6.803333333333332
2018,10,31,7,0,5.989999999999999
2018,10,31,8,0,5.72
2018,10,31,9,0,4.78
2018,10,31,10,0,4.016666666666667
2018,10,31,11,0,2.39
2018,10,31,12,0,2.066666666666667
2018,10,31,13,0,1.93
2018,10,31,14,0,2.1533333333333338
2018,10,31,15,0,3.163333333333334
2018,10,31,16,0,4.3566666666666665
2018,10,31,17,0,4.276666666666666
2018,10,31,18,0,3.6733333333333333
2018,10,31,19,0,3.8066666666666666
2018,10,31,20,0,4.74
2018,10,31,21,0,6.173333333333333
2018,10,31,22,0,6.6433333333333335
2018,10,31,23,0,7.66
2018,11,1,0,0,7.876666666666666
2018,11,1,1,0,7.29
2018,11,1,2,0,6.7299999999999995
2018,11,1,3,0,6.5633333333333335
2018,11,1,4,0,5.3999999999999995
2018,11,1,5,0,9.049999999999999
2018,11,1,6,0,9.703333333333333
2018,11,1,7,0,8.463333333333333
2018,11,1,8,0,8.72
2018,11,1,9,0,8.423333333333332
2018,11,1,10,0,7.653333333333333
2018,11,1,11,0,8.116666666666667
2018,11,1,12,0,9.173333333333334
2018,11,1,13,0,9.403333333333334
2018,11,1,14,0,9.456666666666665
2018,11,1,15,0,10.806666666666667
2018,11,1,16,0,10.563333333333333
2018,11,1,17,0,7.846666666666667
2018,11,1,18,0,5.863333333333333
2018,11,1,19,0,6.890000000000001
2018,11,1,20,0,7.173333333333335
2018,11,1,21,0,5.5
2018,11,1,22,0,6.846666666666667
2018,11,1,23,0,5.8500000000000005
2018,11,2,0,0,4.1933333333333325
2018,11,2,1,0,4.53
2018,11,2,2,0,4.920000000000001
2018,11,2,3,0,4.816666666666666
2018,11,2,4,0,6.116666666666667
2018,11,2,5,0,5.686666666666667
2018,11,2,6,0,3.4000000000000004
2018,11,2,7,0,3.9333333333333336
2018,11,2,8,0,4.9799999999999995
2018,11,2,9,0,4.566666666666666
2018,11,2,10,0,4.816666666666666
2018,11,2,11,0,4.816666666666666
2018,11,2,12,0,5.41
2018,11,2,13,0,4.8566666666666665
2018,11,2,14,0,5.633333333333334
2018,11,2,15,0,6.083333333333333
2018,11,2,16,0,5.2
2018,11,2,17,0,7.6433333333333335
2018,11,2,18,0,7.413333333333333
2018,11,2,19,0,9.106666666666667
2018,11,2,20,0,7.580000000000001
2018,11,2,21,0,7.026666666666667
2018,11,2,22,0,10.28
2018,11,2,23,0,11.953333333333333
2018,11,3,0,0,12.329999999999998
2018,11,3,1,0,14.116666666666667
2018,11,3,2,0,11.69
2018,11,3,3,0,11.516666666666666
2018,11,3,4,0,10.796666666666667
2018,11,3,5,0,11.026666666666666
2018,11,3,6,0,11.866666666666665
2018,11,3,7,0,11.153333333333334
2018,11,3,8,0,12.656666666666666
2018,11,3,9,0,14.233333333333334
2018,11,3,10,0,14.51
2018,11,3,11,0,14.273333333333333
2018,11,3,12,0,12.893333333333333
2018,11,3,13,0,13.043333333333335
2018,11,3,14,0,13.013333333333334
2018,11,3,15,0,12.563333333333333
2018,11,3,16,0,13.61
2018,11,3,17,0,10.213333333333333
2018,11,3,18,0,10.063333333333334
2018,11,3,19,0,9.313333333333334
2018,11,3,20,0,8.326666666666666
2018,11,3,21,0,7.756666666666668
2018,11,3,22,0,7.916666666666667
2018,11,3,23,0,7.616666666666666
2018,11,4,0,0,6.946666666666666
2018,11,4,1,0,7.363333333333333
2018,11,4,2,0,7.13
2018,11,4,3,0,6.44
2018,11,4,4,0,6.283333333333334
2018,11,4,5,0,7.053333333333334
2018,11,4,6,0,6.91
2018,11,4,7,0,7.3
2018,11,4,8,0,6.066666666666666
2018,11,4,9,0,4.596666666666667
2018,11,4,10,0,5.2
2018,11,4,11,0,5.466666666666666
2018,11,4,12,0,6.283333333333334
2018,11,4,13,0,7.3566666666666665
2018,11,4,14,0,7.213333333333334
2018,11,4,15,0,7.4366666666666665
2018,11,4,16,0,8.566666666666666
2018,11,4,17,0,7.170000000000001
2018,11,4,18,0,6.373333333333334
2018,11,4,19,0,7.033333333333334
2018,11,4,20,0,7.796666666666667
2018,11,4,21,0,7.260000000000001
2018,11,4,22,0,10.5
2018,11,4,23,0,9.28
2018,11,5,0,0,7.596666666666667
2018,11,5,1,0,8.523333333333333
2018,11,5,2,0,6.7299999999999995
2018,11,5,3,0,6.489999999999999
2018,11,5,4,0,5.543333333333333
2018,11,5,5,0,6.760000000000001
2018,11,5,6,0,5.960000000000001
2018,11,5,7,0,7.716666666666666
2018,11,5,8,0,6.609999999999999
2018,11,5,9,0,6.3066666666666675
2018,11,5,10,0,6.366666666666667
2018,11,5,11,0,8.393333333333333
2018,11,5,12,0,8.873333333333333
2018,11,5,13,0,7.603333333333334
2018,11,5,14,0,7.203333333333333
2018,11,5,15,0,7.676666666666667
2018,11,5,16,0,8.446666666666667
2018,11,5,17,0,4.2
2018,11,5,18,0,3.6266666666666665
2018,11,5,19,0,3.61
2018,11,5,20,0,4.743333333333333
2018,11,5,21,0,4.46
2018,11,5,22,0,4.206666666666667
2018,11,5,23,0,4.13
2018,11,6,0,0,5.303333333333334
2018,11,6,1,0,6.413333333333334
2018,11,6,2,0,5.216666666666666
2018,11,6,3,0,6.109999999999999
2018,11,6,4,0,4.546666666666667
2018,11,6,5,0,4.916666666666667
2018,11,6,6,0,5.736666666666667
2018,11,6,7,0,5.573333333333333
2018,11,6,8,0,4.723333333333334
2018,11,6,9,0,4.943333333333333
2018,11,6,10,0,2.99
2018,11,6,11,0,3.9133333333333336
2018,11,6,12,0,3.436666666666667
2018,11,6,13,0,2.823333333333333
2018,11,6,14,0,2.973333333333333
2018,11,6,15,0,5.37
2018,11,6,16,0,5.613333333333333
2018,11,6,17,0,6.44
2018,11,6,18,0,6.323333333333333
2018,11,6,19,0,7.13
2018,11,6,20,0,6.216666666666666
2018,11,6,21,0,5.77
2018,11,6,22,0,6.543333333333333
2018,11,6,23,0,6.086666666666666
2018,11,7,0,0,5.023333333333333
2018,11,7,1,0,4.45
2018,11,7,2,0,5.29
2018,11,7,3,0,4.726666666666667
2018,11,7,4,0,4.623333333333334
2018,11,7,5,0,3.9766666666666666
2018,11,7,6,0,2.533333333333333
2018,11,7,7,0,3.4899999999999998
2018,11,7,8,0,3.106666666666666
2018,11,7,9,0,2.35
2018,11,7,10,0,3.5466666666666664
2018,11,7,11,0,4.920000000000001
2018,11,7,12,0,5.543333333333333
2018,11,7,13,0,5.796666666666667
2018,11,7,14,0,6.326666666666668
2018,11,7,15,0,7.146666666666667
2018,11,7,16,0,7.836666666666666
2018,11,7,17,0,8.07
2018,11,7,18,0,8.246666666666666
2018,11,7,19,0,7.31
2018,11,7,20,0,6.38
2018,11,7,21,0,6.91
2018,11,7,22,0,5.650000000000001
2018,11,7,23,0,5.68
2018,11,8,0,0,6.04
2018,11,8,1,0,4.243333333333333
2018,11,8,2,0,4.453333333333334
2018,11,8,3,0,4.6899999999999995
2018,11,8,4,0,4.286666666666666
2018,11,8,5,0,4.72
2018,11,8,6,0,5.146666666666667
2018,11,8,7,0,3.5399999999999996
2018,11,8,8,0,3.176666666666667
2018,11,8,9,0,2.3533333333333335
2018,11,8,10,0,4.159999999999999
2018,11,8,11,0,3.623333333333333
2018,11,8,12,0,5.05
2018,11,8,13,0,6.786666666666666
2018,11,8,14,0,7.533333333333334
2018,11,8,15,0,7.013333333333333
2018,11,8,16,0,6.346666666666667
2018,11,8,17,0,5.346666666666667
2018,11,8,18,0,4.49
2018,11,8,19,0,4.8133333333333335
2018,11,8,20,0,4.066666666666667
2018,11,8,21,0,3.953333333333333
2018,11,8,22,0,4.943333333333333
2018,11,8,23,0,5.260000000000001
2018,11,9,0,0,6.423333333333333
2018,11,9,1,0,7.0566666666666675
2018,11,9,2,0,6.913333333333334
2018,11,9,3,0,8.953333333333333
2018,11,9,4,0,9.053333333333333
2018,11,9,5,0,8.75
2018,11,9,6,0,8.473333333333334
2018,11,9,7,0,7.336666666666666
2018,11,9,8,0,7.233333333333334
2018,11,9,9,0,5.36
2018,11,9,10,0,3.3533333333333335
2018,11,9,11,0,3.2100000000000004
2018,11,9,12,0,3.233333333333333
2018,11,9,13,0,3.846666666666667
2018,11,9,14,0,4.416666666666667
2018,11,9,15,0,5.140000000000001
2018,11,9,16,0,5.986666666666667
2018,11,9,17,0,7.3066666666666675
2018,11,9,18,0,8.486666666666666
2018,11,9,19,0,9.63
2018,11,9,20,0,9.92
2018,11,9,21,0,10.356666666666667
2018,11,9,22,0,10.293333333333335
2018,11,9,23,0,9.106666666666667
2018,11,10,0,0,8.743333333333334
2018,11,10,1,0,7.863333333333333
2018,11,10,2,0,8.056666666666667
2018,11,10,3,0,8.416666666666666
2018,11,10,4,0,9.436666666666666
2018,11,10,5,0,8.959999999999999
2018,11,10,6,0,7.8133333333333335
2018,11,10,7,0,8.806666666666667
2018,11,10,8,0,6.38
2018,11,10,9,0,5.489999999999999
2018,11,10,10,0,4.883333333333334
2018,11,10,11,0,5.2
2018,11,10,12,0,5.303333333333334
2018,11,10,13,0,5.180000000000001
2018,11,10,14,0,4.533333333333333
2018,11,10,15,0,4.363333333333333
2018,11,10,16,0,4.223333333333334
2018,11,10,17,0,7.09
2018,11,10,18,0,9.15
2018,11,10,19,0,9.833333333333334
2018,11,10,20,0,9.11
2018,11,10,21,0,7.866666666666667
2018,11,10,22,0,11.013333333333334
2018,11,10,23,0,10.556666666666667
2018,11,11,0,0,10.24
2018,11,11,1,0,10.586666666666668
2018,11,11,2,0,10.006666666666668
2018,11,11,3,0,9.093333333333332
2018,11,11,4,0,8.956666666666665
2018,11,11,5,0,8.106666666666667
2018,11,11,6,0,7.460000000000001
2018,11,11,7,0,6.926666666666667
2018,11,11,8,0,7.846666666666667
2018,11,11,9,0,7.723333333333334
2018,11,11,10,0,7.446666666666668
2018,11,11,11,0,7.626666666666666
2018,11,11,12,0,7.48
2018,11,11,13,0,7.396666666666667
2018,11,11,14,0,6.48
2018,11,11,15,0,5.836666666666666
2018,11,11,16,0,6.806666666666666
2018,11,11,17,0,6.223333333333334
2018,11,11,18,0,5.736666666666667
2018,11,11,19,0,7.423333333333335
2018,11,11,20,0,8.48
2018,11,11,21,0,8.133333333333333
2018,11,11,22,0,8.37
2018,11,11,23,0,8.376666666666667
2018,11,12,0,0,8.166666666666666
2018,11,12,1,0,7.993333333333333
2018,11,12,2,0,7.48
2018,11,12,3,0,7.43
2018,11,12,4,0,8.233333333333334
2018,11,12,5,0,8.700000000000001
2018,11,12,6,0,7.909999999999999
2018,11,12,7,0,7.533333333333334
2018,11,12,8,0,7.460000000000001
2018,11,12,9,0,7.18
2018,11,12,10,0,7.07
2018,11,12,11,0,7.196666666666666
2018,11,12,12,0,7.390000000000001
2018,11,12,13,0,7.466666666666668
2018,11,12,14,0,7.786666666666666
2018,11,12,15,0,7.536666666666666
2018,11,12,16,0,6.326666666666667
2018,11,12,17,0,6.6433333333333335
2018,11,12,18,0,5.6000000000000005
2018,11,12,19,0,7.053333333333334
2018,11,12,20,0,5.94
2018,11,12,21,0,6.503333333333334
2018,11,12,22,0,7.383333333333333
2018,11,12,23,0,8.086666666666666
2018,11,13,0,0,9.023333333333333
2018,11,13,1,0,10.076666666666666
2018,11,13,2,0,10.773333333333333
2018,11,13,3,0,11.216666666666669
2018,11,13,4,0,10.246666666666666
2018,11,13,5,0,9.163333333333334
2018,11,13,6,0,8.836666666666666
2018,11,13,7,0,8.426666666666668
2018,11,13,8,0,8.246666666666668
2018,11,13,9,0,7.77
2018,11,13,10,0,7.39
2018,11,13,11,0,7.493333333333333
2018,11,13,12,0,7.136666666666667
2018,11,13,13,0,7.146666666666666
2018,11,13,14,0,7.176666666666667
2018,11,13,15,0,6.43
2018,11,13,16,0,6.433333333333334
2018,11,13,17,0,5.56
2018,11,13,18,0,5.849999999999999
2018,11,13,19,0,6.406666666666666
2018,11,13,20,0,7.793333333333333
2018,11,13,21,0,8.406666666666666
2018,11,13,22,0,8.92
2018,11,13,23,0,8.479999999999999
2018,11,14,0,0,9.06
2018,11,14,1,0,8.346666666666666
2018,11,14,2,0,7.743333333333333
2018,11,14,3,0,8.443333333333333
2018,11,14,4,0,9.456666666666665
2018,11,14,5,0,9.096666666666666
2018,11,14,6,0,8.423333333333334
2018,11,14,7,0,8.083333333333334
2018,11,14,8,0,7.38
2018,11,14,9,0,6.053333333333335
2018,11,14,10,0,4.646666666666667
2018,11,14,11,0,3.793333333333333
2018,11,14,12,0,3.6533333333333338
2018,11,14,13,0,3.35
2018,11,14,14,0,3.146666666666667
2018,11,14,15,0,2.953333333333333
2018,11,14,16,0,3.35
2018,11,14,17,0,4.53
2018,11,14,18,0,5.086666666666667
2018,11,14,19,0,6.333333333333333
2018,11,14,20,0,7.423333333333335
2018,11,14,21,0,8.493333333333334
2018,11,14,22,0,8.646666666666667
2018,11,14,23,0,9.036666666666667
2018,11,15,0,0,9.226666666666667
2018,11,15,1,0,11.200000000000001
2018,11,15,2,0,11.436666666666667
2018,11,15,3,0,11.76
2018,11,15,4,0,11.64
2018,11,15,5,0,11.193333333333333
2018,11,15,6,0,11.35
2018,11,15,7,0,11.073333333333332
2018,11,15,8,0,10.503333333333334
2018,11,15,9,0,9.093333333333334
2018,11,15,10,0,7.046666666666667
2018,11,15,11,0,7.086666666666666
2018,11,15,12,0,8.566666666666668
2018,11,15,13,0,8.97
2018,11,15,14,0,7.0
2018,11,15,15,0,5.849999999999999
2018,11,15,16,0,5.483333333333334
2018,11,15,17,0,5.359999999999999
2018,11,15,18,0,4.306666666666667
2018,11,15,19,0,5.9433333333333325
2018,11,15,20,0,6.140000000000001
2018,11,15,21,0,4.903333333333333
2018,11,15,22,0,3.52
2018,11,15,23,0,4.816666666666666
2018,11,16,0,0,4.986666666666667
2018,11,16,1,0,5.413333333333334
2018,11,16,2,0,6.829999999999999
2018,11,16,3,0,8.536666666666667
2018,11,16,4,0,9.06
2018,11,16,5,0,9.75
2018,11,16,6,0,9.583333333333334
2018,11,16,7,0,9.399999999999999
2018,11,16,8,0,9.173333333333334
2018,11,16,9,0,8.363333333333333
2018,11,16,10,0,7.236666666666667
2018,11,16,11,0,6.583333333333333
2018,11,16,12,0,5.47
2018,11,16,13,0,5.05
2018,11,16,14,0,4.146666666666667
2018,11,16,15,0,4.093333333333333
2018,11,16,16,0,3.5500000000000003
2018,11,16,17,0,5.573333333333333
2018,11,16,18,0,5.3500000000000005
2018,11,16,19,0,8.33
2018,11,16,20,0,9.956666666666665
2018,11,16,21,0,9.83
2018,11,16,22,0,11.173333333333334
2018,11,16,23,0,12.296666666666667
2018,11,17,0,0,12.170000000000002
2018,11,17,1,0,12.496666666666668
2018,11,17,2,0,11.716666666666667
2018,11,17,3,0,11.126666666666665
2018,11,17,4,0,10.103333333333333
2018,11,17,5,0,9.46
2018,11,17,6,0,8.873333333333333
2018,11,17,7,0,8.409999999999998
2018,11,17,8,0,7.969999999999999
2018,11,17,9,0,8.023333333333333
2018,11,17,10,0,7.546666666666667
2018,11,17,11,0,7.416666666666667
2018,11,17,12,0,6.853333333333334
2018,11,17,13,0,6.47
2018,11,17,14,0,6.616666666666667
2018,11,17,15,0,6.523333333333333
2018,11,17,16,0,6.406666666666666
2018,11,17,17,0,6.413333333333334
2018,11,17,18,0,6.143333333333334
2018,11,17,19,0,5.603333333333333
2018,11,17,20,0,5.03
2018,11,17,21,0,4.053333333333334
2018,11,17,22,0,3.5066666666666673
2018,11,17,23,0,3.1666666666666665
2018,11,18,0,0,2.91
2018,11,18,1,0,3.11
2018,11,18,2,0,3.8266666666666667
2018,11,18,3,0,3.9733333333333327
2018,11,18,4,0,4.46
2018,11,18,5,0,4.55
2018,11,18,6,0,5.1066666666666665
2018,11,18,7,0,5.476666666666667
2018,11,18,8,0,4.903333333333333
2018,11,18,9,0,3.723333333333334
2018,11,18,10,0,2.91
2018,11,18,11,0,2.983333333333333
2018,11,18,12,0,3.7300000000000004
2018,11,18,13,0,4.216666666666666
2018,11,18,14,0,3.7600000000000002
2018,11,18,15,0,4.83
2018,11,18,16,0,5.326666666666667
2018,11,18,17,0,4.366666666666666
2018,11,18,18,0,5.0
2018,11,18,19,0,5.956666666666667
2018,11,18,20,0,6.670000000000001
2018,11,18,21,0,8.026666666666667
2018,11,18,22,0,8.42
2018,11,18,23,0,8.546666666666667
2018,11,19,0,0,7.210000000000001
2018,11,19,1,0,6.343333333333334
2018,11,19,2,0,7.243333333333333
2018,11,19,3,0,8.026666666666666
2018,11,19,4,0,9.9
2018,11,19,5,0,10.24
2018,11,19,6,0,8.916666666666666
2018,11,19,7,0,8.843333333333334
2018,11,19,8,0,10.0
2018,11,19,9,0,8.69
2018,11,19,10,0,6.976666666666667
2018,11,19,11,0,6.203333333333333
2018,11,19,12,0,5.32
2018,11,19,13,0,5.253333333333334
2018,11,19,14,0,5.12
2018,11,19,15,0,4.956666666666667
2018,11,19,16,0,4.71
2018,11,19,17,0,4.4366666666666665
2018,11,19,18,0,3.0866666666666664
2018,11,19,19,0,3.5733333333333337
2018,11,19,20,0,3.3266666666666667
2018,11,19,21,0,2.0433333333333334
2018,11,19,22,0,1.6966666666666665
2018,11,19,23,0,2.5833333333333335
2018,11,20,0,0,3.2433333333333336
2018,11,20,1,0,4.923333333333333
2018,11,20,2,0,6.116666666666667
2018,11,20,3,0,7.776666666666666
2018,11,20,4,0,8.443333333333333
2018,11,20,5,0,7.746666666666667
2018,11,20,6,0,7.94
2018,11,20,7,0,7.953333333333333
2018,11,20,8,0,8.42
2018,11,20,9,0,6.976666666666667
2018,11,20,10,0,5.3133333333333335
2018,11,20,11,0,3.9899999999999998
2018,11,20,12,0,3.723333333333333
2018,11,20,13,0,3.18
2018,11,20,14,0,2.42
2018,11,20,15,0,2.3000000000000003
2018,11,20,16,0,1.93
2018,11,20,17,0,2.15
2018,11,20,18,0,1.53
2018,11,20,19,0,2.0033333333333334
2018,11,20,20,0,1.2366666666666666
2018,11,20,21,0,1.9533333333333331
2018,11,20,22,0,2.94
2018,11,20,23,0,2.9933333333333336
2018,11,21,0,0,4.2
2018,11,21,1,0,6.326666666666667
2018,11,21,2,0,6.653333333333333
2018,11,21,3,0,6.463333333333334
2018,11,21,4,0,6.3566666666666665
2018,11,21,5,0,5.760000000000001
2018,11,21,6,0,5.753333333333333
2018,11,21,7,0,5.8500000000000005
2018,11,21,8,0,5.3999999999999995
2018,11,21,9,0,4.326666666666667
2018,11,21,10,0,2.893333333333333
2018,11,21,11,0,2.94
2018,11,21,12,0,2.6999999999999997
2018,11,21,13,0,2.5833333333333335
2018,11,21,14,0,3.1300000000000003
2018,11,21,15,0,3.6199999999999997
2018,11,21,16,0,4.33
2018,11,21,17,0,5.376666666666666
2018,11,21,18,0,5.993333333333333
2018,11,21,19,0,7.366666666666667
2018,11,21,20,0,7.739999999999999
2018,11,21,21,0,8.84
2018,11,21,22,0,8.729999999999999
2018,11,21,23,0,8.606666666666667
2018,11,22,0,0,7.683333333333333
2018,11,22,1,0,8.040000000000001
2018,11,22,2,0,8.770000000000001
2018,11,22,3,0,8.416666666666666
2018,11,22,4,0,8.036666666666667
2018,11,22,5,0,6.5633333333333335
2018,11,22,6,0,5.736666666666667
2018,11,22,7,0,5.773333333333333
2018,11,22,8,0,4.91
2018,11,22,9,0,4.166666666666667
2018,11,22,10,0,3.646666666666667
2018,11,22,11,0,3.47
2018,11,22,12,0,3.9466666666666668
2018,11,22,13,0,5.2700000000000005
2018,11,22,14,0,7.07
2018,11,22,15,0,7.830000000000001
2018,11,22,16,0,7.260000000000001
2018,11,22,17,0,9.01
2018,11,22,18,0,8.506666666666666
2018,11,22,19,0,8.673333333333334
2018,11,22,20,0,10.17
2018,11,22,21,0,11.163333333333334
2018,11,22,22,0,13.64
2018,11,22,23,0,12.416666666666666
2018,11,23,0,0,13.116666666666667
2018,11,23,1,0,12.266666666666667
2018,11,23,2,0,14.549999999999999
2018,11,23,3,0,12.909999999999998
2018,11,23,4,0,13.64
2018,11,23,5,0,14.393333333333333
2018,11,23,6,0,12.479999999999999
2018,11,23,7,0,12.799999999999999
2018,11,23,8,0,12.663333333333332
2018,11,23,9,0,11.783333333333333
2018,11,23,10,0,12.496666666666664
2018,11,23,11,0,13.39
2018,11,23,12,0,13.1
2018,11,23,13,0,12.719999999999999
2018,11,23,14,0,13.15
2018,11,23,15,0,13.456666666666665
2018,11,23,16,0,11.453333333333333
2018,11,23,17,0,9.526666666666666
2018,11,23,18,0,9.906666666666666
2018,11,23,19,0,10.203333333333333
2018,11,23,20,0,8.566666666666668
2018,11,23,21,0,8.11
2018,11,23,22,0,8.106666666666667
2018,11,23,23,0,4.026666666666666
2018,11,24,0,0,4.1066666666666665
2018,11,24,1,0,4.656666666666667
2018,11,24,2,0,4.37
2018,11,24,3,0,6.216666666666666
2018,11,24,4,0,8.966666666666667
2018,11,24,5,0,8.373333333333333
2018,11,24,6,0,8.790000000000001
2018,11,24,7,0,8.856666666666667
2018,11,24,8,0,8.296666666666667
2018,11,24,9,0,7.956666666666667
2018,11,24,10,0,8.796666666666667
2018,11,24,11,0,8.980000000000002
2018,11,24,12,0,8.333333333333334
2018,11,24,13,0,6.566666666666666
2018,11,24,14,0,4.41
2018,11,24,15,0,6.086666666666667
2018,11,24,16,0,14.35666666666667
2018,11,24,17,0,13.716666666666669
2018,11,24,18,0,13.623333333333333
2018,11,24,19,0,14.040000000000001
2018,11,24,20,0,11.079999999999998
2018,11,24,21,0,9.533333333333333
2018,11,24,22,0,8.376666666666667
2018,11,24,23,0,9.409999999999998
2018,11,25,0,0,14.799999999999999
2018,11,25,1,0,16.08666666666667
2018,11,25,2,0,17.396666666666665
2018,11,25,3,0,16.256666666666668
2018,11,25,4,0,17.246666666666666
2018,11,25,5,0,15.783333333333331
2018,11,25,6,0,15.236666666666665
2018,11,25,7,0,15.483333333333334
2018,11,25,8,0,15.313333333333333
2018,11,25,9,0,15.18
2018,11,25,10,0,14.426666666666668
2018,11,25,11,0,13.57
2018,11,25,12,0,13.253333333333336
2018,11,25,13,0,11.763333333333334
2018,11,25,14,0,9.786666666666667
2018,11,25,15,0,8.596666666666666
2018,11,25,16,0,7.843333333333334
2018,11,25,17,0,7.573333333333333
2018,11,25,18,0,6.646666666666667
2018,11,25,19,0,4.996666666666666
2018,11,25,20,0,5.426666666666667
2018,11,25,21,0,5.533333333333334
2018,11,25,22,0,5.8
2018,11,25,23,0,6.5200000000000005
2018,11,26,0,0,7.260000000000001
2018,11,26,1,0,10.543333333333333
2018,11,26,2,0,10.363333333333333
2018,11,26,3,0,9.58
2018,11,26,4,0,7.316666666666667
2018,11,26,5,0,7.016666666666666
2018,11,26,6,0,7.163333333333334
2018,11,26,7,0,6.18
2018,11,26,8,0,5.506666666666667
2018,11,26,9,0,5.036666666666666
2018,11,26,10,0,3.4266666666666663
2018,11,26,11,0,3.3200000000000003
2018,11,26,12,0,4.263333333333333
2018,11,26,13,0,3.9133333333333336
2018,11,26,14,0,3.2900000000000005
2018,11,26,15,0,3.733333333333333
2018,11,26,16,0,3.0266666666666673
2018,11,26,17,0,3.5566666666666666
2018,11,26,18,0,5.006666666666667
2018,11,26,19,0,5.693333333333334
2018,11,26,20,0,7.2700000000000005
2018,11,26,21,0,7.509999999999999
2018,11,26,22,0,7.573333333333333
2018,11,26,23,0,7.303333333333334
2018,11,27,0,0,8.216666666666667
2018,11,27,1,0,9.87
2018,11,27,2,0,10.166666666666668
2018,11,27,3,0,9.63
2018,11,27,4,0,9.43
2018,11,27,5,0,6.953333333333333
2018,11,27,6,0,5.27
2018,11,27,7,0,4.126666666666666
2018,11,27,8,0,4.216666666666667
2018,11,27,9,0,3.84
2018,11,27,10,0,3.2866666666666666
2018,11,27,11,0,4.123333333333334
2018,11,27,12,0,4.286666666666666
2018,11,27,13,0,4.993333333333333
2018,11,27,14,0,4.096666666666667
2018,11,27,15,0,4.446666666666666
2018,11,27,16,0,5.793333333333333
2018,11,27,17,0,5.986666666666667
2018,11,27,18,0,6.526666666666666
2018,11,27,19,0,6.3999999999999995
2018,11,27,20,0,7.34
2018,11,27,21,0,8.046666666666667
2018,11,27,22,0,6.253333333333334
2018,11,27,23,0,5.736666666666667
2018,11,28,0,0,7.650000000000001
2018,11,28,1,0,7.983333333333334
2018,11,28,2,0,9.323333333333332
2018,11,28,3,0,10.203333333333333
2018,11,28,4,0,9.456666666666665
2018,11,28,5,0,7.136666666666667
2018,11,28,6,0,9.013333333333334
2018,11,28,7,0,8.38
2018,11,28,8,0,10.366666666666667
2018,11,28,9,0,7.786666666666666
2018,11,28,10,0,7.329999999999999
2018,11,28,11,0,7.763333333333333
2018,11,28,12,0,7.07
2018,11,28,13,0,5.8566666666666665
2018,11,28,14,0,7.506666666666667
2018,11,28,15,0,6.206666666666667
2018,11,28,16,0,4.3933333333333335
2018,11,28,17,0,3.48
2018,11,28,18,0,4.5566666666666675
2018,11,28,19,0,5.976666666666667
2018,11,28,20,0,7.586666666666666
2018,11,28,21,0,8.653333333333334
2018,11,28,22,0,9.82
2018,11,28,23,0,8.173333333333334
2018,11,29,0,0,6.73
2018,11,29,1,0,5.8999999999999995
2018,11,29,2,0,6.239999999999999
2018,11,29,3,0,4.533333333333333
2018,11,29,4,0,2.19
2018,11,29,5,0,5.706666666666667
2018,11,29,6,0,7.78
2018,11,29,7,0,9.500000000000002
2018,11,29,8,0,10.366666666666667
2018,11,29,9,0,8.633333333333333
2018,11,29,10,0,6.876666666666668
2018,11,29,11,0,6.6433333333333335
2018,11,29,12,0,4.906666666666666
2018,11,29,13,0,3.233333333333333
2018,11,29,14,0,3.08
2018,11,29,15,0,2.5666666666666664
2018,11,29,16,0,3.1266666666666665
2018,11,29,17,0,6.366666666666667
2018,11,29,18,0,7.95
2018,11,29,19,0,7.390000000000001
2018,11,29,20,0,8.933333333333335
2018,11,29,21,0,9.26
2018,11,29,22,0,9.67
2018,11,29,23,0,9.536666666666667
2018,11,30,0,0,9.226666666666668
2018,11,30,1,0,7.923333333333333
2018,11,30,2,0,7.576666666666667
2018,11,30,3,0,7.156666666666666
2018,11,30,4,0,7.3999999999999995
2018,11,30,5,0,5.876666666666666
2018,11,30,6,0,6.239999999999999
2018,11,30,7,0,7.140000000000001
2018,11,30,8,0,6.88
2018,11,30,9,0,5.55
2018,11,30,10,0,5.34
2018,11,30,11,0,5.166666666666667
2018,11,30,12,0,5.13
2018,11,30,13,0,6.233333333333333
2018,11,30,14,0,5.946666666666666
2018,11,30,15,0,7.593333333333334
2018,11,30,16,0,7.353333333333333
2018,11,30,17,0,7.330000000000001
2018,11,30,18,0,7.383333333333334
2018,11,30,19,0,6.7700000000000005
2018,11,30,20,0,7.8566666666666665
2018,11,30,21,0,9.569999999999999
2018,11,30,22,0,10.110000000000001
2018,11,30,23,0,10.636666666666668
2018,12,1,0,0,11.156666666666666
2018,12,1,1,0,11.51
2018,12,1,2,0,11.163333333333334
2018,12,1,3,0,11.683333333333332
2018,12,1,4,0,12.546666666666667
2018,12,1,5,0,12.046666666666667
2018,12,1,6,0,12.76
2018,12,1,7,0,12.373333333333333
2018,12,1,8,0,13.076666666666668
2018,12,1,9,0,14.483333333333334
2018,12,1,10,0,14.856666666666667
2018,12,1,11,0,14.973333333333334
2018,12,1,12,0,14.556666666666667
2018,12,1,13,0,15.163333333333332
2018,12,1,14,0,15.936666666666667
2018,12,1,15,0,16.116666666666664
2018,12,1,16,0,15.69
2018,12,1,17,0,14.56
2018,12,1,18,0,13.183333333333332
2018,12,1,19,0,13.589999999999998
2018,12,1,20,0,11.466666666666667
2018,12,1,21,0,11.39
2018,12,1,22,0,11.149999999999999
2018,12,1,23,0,10.693333333333333
2018,12,2,0,0,10.916666666666666
2018,12,2,1,0,10.799999999999999
2018,12,2,2,0,10.916666666666666
2018,12,2,3,0,10.463333333333333
2018,12,2,4,0,10.01
2018,12,2,5,0,9.049999999999999
2018,12,2,6,0,8.723333333333334
2018,12,2,7,0,8.176666666666668
2018,12,2,8,0,8.206666666666665
2018,12,2,9,0,7.219999999999999
2018,12,2,10,0,7.080000000000001
2018,12,2,11,0,6.566666666666667
2018,12,2,12,0,6.293333333333334
2018,12,2,13,0,6.703333333333333
2018,12,2,14,0,5.613333333333333
2018,12,2,15,0,4.55
2018,12,2,16,0,4.306666666666667
2018,12,2,17,0,5.553333333333334
2018,12,2,18,0,5.333333333333333
2018,12,2,19,0,5.46
2018,12,2,20,0,6.3933333333333335
2018,12,2,21,0,5.803333333333334
2018,12,2,22,0,4.3
2018,12,2,23,0,3.77
2018,12,3,0,0,3.7600000000000002
2018,12,3,1,0,3.9299999999999997
2018,12,3,2,0,4.303333333333334
2018,12,3,3,0,4.11
2018,12,3,4,0,4.203333333333333
2018,12,3,5,0,3.9166666666666665
2018,12,3,6,0,3.443333333333334
2018,12,3,7,0,3.3066666666666666
2018,12,3,8,0,3.2433333333333336
2018,12,3,9,0,2.893333333333333
2018,12,3,10,0,2.6799999999999997
2018,12,3,11,0,2.2533333333333334
2018,12,3,12,0,2.4
2018,12,3,13,0,2.183333333333333
2018,12,3,14,0,2.41
2018,12,3,15,0,2.6133333333333337
2018,12,3,16,0,4.013333333333334
2018,12,3,17,0,4.296666666666667
2018,12,3,18,0,3.69
2018,12,3,19,0,3.7733333333333334
2018,12,3,20,0,5.086666666666667
2018,12,3,21,0,4.206666666666667
2018,12,3,22,0,5.046666666666667
2018,12,3,23,0,4.516666666666667
2018,12,4,0,0,3.5733333333333337
2018,12,4,1,0,2.793333333333333
2018,12,4,2,0,2.9566666666666666
2018,12,4,3,0,4.21
2018,12,4,4,0,5.216666666666667
2018,12,4,5,0,5.423333333333333
2018,12,4,6,0,7.616666666666667
2018,12,4,7,0,8.963333333333333
2018,12,4,8,0,10.293333333333335
2018,12,4,9,0,9.486666666666666
2018,12,4,10,0,9.036666666666667
2018,12,4,11,0,7.59
2018,12,4,12,0,6.183333333333334
2018,12,4,13,0,5.953333333333333
2018,12,4,14,0,5.676666666666667
2018,12,4,15,0,5.206666666666667
2018,12,4,16,0,5.04
2018,12,4,17,0,4.413333333333333
2018,12,4,18,0,3.9299999999999997
2018,12,4,19,0,3.556666666666667
2018,12,4,20,0,3.5500000000000003
2018,12,4,21,0,4.033333333333334
2018,12,4,22,0,5.6499999999999995
2018,12,4,23,0,6.796666666666667
2018,12,5,0,0,8.299999999999999
2018,12,5,1,0,8.17
2018,12,5,2,0,7.076666666666668
2018,12,5,3,0,6.41
2018,12,5,4,0,5.870000000000001
2018,12,5,5,0,3.6500000000000004
2018,12,5,6,0,3.1999999999999997
2018,12,5,7,0,3.896666666666667
2018,12,5,8,0,3.263333333333333
2018,12,5,9,0,3.2100000000000004
2018,12,5,10,0,2.46
2018,12,5,11,0,1.4233333333333336
2018,12,5,12,0,1.9500000000000002
2018,12,5,13,0,2.77
2018,12,5,14,0,4.11
2018,12,5,15,0,4.0633333333333335
2018,12,5,16,0,4.3133333333333335
2018,12,5,17,0,5.713333333333334
2018,12,5,18,0,7.436666666666667
2018,12,5,19,0,10.866666666666667
2018,12,5,20,0,10.486666666666666
2018,12,5,21,0,10.13
2018,12,5,22,0,9.84
2018,12,5,23,0,8.833333333333334
2018,12,6,0,0,8.856666666666667
2018,12,6,1,0,8.736666666666666
2018,12,6,2,0,8.08
2018,12,6,3,0,8.066666666666668
2018,12,6,4,0,7.3
2018,12,6,5,0,7.043333333333334
2018,12,6,6,0,5.763333333333333
2018,12,6,7,0,5.32
2018,12,6,8,0,4.069999999999999
2018,12,6,9,0,2.7833333333333337
2018,12,6,10,0,3.1999999999999997
2018,12,6,11,0,2.966666666666667
2018,12,6,12,0,3.9
2018,12,6,13,0,4.3566666666666665
2018,12,6,14,0,4.963333333333334
2018,12,6,15,0,5.196666666666666
2018,12,6,16,0,5.28
2018,12,6,17,0,5.59
2018,12,6,18,0,6.303333333333334
2018,12,6,19,0,7.14
2018,12,6,20,0,6.946666666666666
2018,12,6,21,0,8.166666666666666
2018,12,6,22,0,8.01
2018,12,6,23,0,7.543333333333333
2018,12,7,0,0,7.293333333333334
2018,12,7,1,0,6.903333333333333
2018,12,7,2,0,5.906666666666666
2018,12,7,3,0,5.91
2018,12,7,4,0,5.329999999999999
2018,12,7,5,0,5.0633333333333335
2018,12,7,6,0,5.113333333333333
2018,12,7,7,0,5.739999999999999
2018,12,7,8,0,6.6433333333333335
2018,12,7,9,0,4.516666666666667
2018,12,7,10,0,2.97
2018,12,7,11,0,2.1233333333333335
2018,12,7,12,0,1.96
2018,12,7,13,0,2.6666666666666665
2018,12,7,14,0,3.276666666666667
2018,12,7,15,0,3.11
2018,12,7,16,0,3.216666666666667
2018,12,7,17,0,4.430000000000001
2018,12,7,18,0,4.586666666666667
2018,12,7,19,0,4.03
2018,12,7,20,0,5.743333333333333
2018,12,7,21,0,5.1866666666666665
2018,12,7,22,0,4.946666666666666
2018,12,7,23,0,5.920000000000001
2018,12,8,0,0,6.683333333333334
2018,12,8,1,0,6.3133333333333335
2018,12,8,2,0,6.163333333333334
2018,12,8,3,0,6.3999999999999995
2018,12,8,4,0,6.04
2018,12,8,5,0,5.21
2018,12,8,6,0,5.173333333333333
2018,12,8,7,0,4.806666666666667
2018,12,8,8,0,5.163333333333333
2018,12,8,9,0,5.363333333333333
2018,12,8,10,0,4.203333333333333
2018,12,8,11,0,3.7866666666666666
2018,12,8,12,0,3.0400000000000005
2018,12,8,13,0,2.5700000000000003
2018,12,8,14,0,2.9566666666666666
2018,12,8,15,0,3.7433333333333336
2018,12,8,16,0,4.276666666666666
2018,12,8,17,0,5.233333333333333
2018,12,8,18,0,4.91
2018,12,8,19,0,4.510000000000001
2018,12,8,20,0,5.013333333333333
2018,12,8,21,0,4.973333333333334
2018,12,8,22,0,5.82
2018,12,8,23,0,4.833333333333333
2018,12,9,0,0,3.3733333333333335
2018,12,9,1,0,4.11
2018,12,9,2,0,3.9466666666666668
2018,12,9,3,0,5.26
2018,12,9,4,0,7.046666666666667
2018,12,9,5,0,7.776666666666666
2018,12,9,6,0,8.223333333333334
2018,12,9,7,0,8.576666666666666
2018,12,9,8,0,8.573333333333332
2018,12,9,9,0,7.273333333333333
2018,12,9,10,0,7.19
2018,12,9,11,0,5.873333333333334
2018,12,9,12,0,6.72
2018,12,9,13,0,6.656666666666666
2018,12,9,14,0,7.286666666666666
2018,12,9,15,0,7.876666666666668
2018,12,9,16,0,7.483333333333334
2018,12,9,17,0,7.336666666666667
2018,12,9,18,0,6.803333333333334
2018,12,9,19,0,6.640000000000001
2018,12,9,20,0,7.21
2018,12,9,21,0,6.81
2018,12,9,22,0,6.3500000000000005
2018,12,9,23,0,6.84
2018,12,10,0,0,7.6433333333333335
2018,12,10,1,0,8.666666666666666
2018,12,10,2,0,9.27
2018,12,10,3,0,8.896666666666667
2018,12,10,4,0,7.623333333333334
2018,12,10,5,0,8.530000000000001
2018,12,10,6,0,7.599999999999999
2018,12,10,7,0,6.6499999999999995
2018,12,10,8,0,5.43
2018,12,10,9,0,5.283333333333333
2018,12,10,10,0,4.303333333333334
2018,12,10,11,0,4.333333333333333
2018,12,10,12,0,3.893333333333333
2018,12,10,13,0,3.186666666666666
2018,12,10,14,0,3.143333333333334
2018,12,10,15,0,3.23
2018,12,10,16,0,4.61
2018,12,10,17,0,6.723333333333334
2018,12,10,18,0,7.27
2018,12,10,19,0,7.573333333333333
2018,12,10,20,0,7.243333333333333
2018,12,10,21,0,8.23
2018,12,10,22,0,7.6000000000000005
2018,12,10,23,0,7.316666666666666
2018,12,11,0,0,7.960000000000001
2018,12,11,1,0,7.010000000000001
2018,12,11,2,0,7.669999999999999
2018,12,11,3,0,8.146666666666667
2018,12,11,4,0,11.226666666666665
2018,12,11,5,0,11.406666666666666
2018,12,11,6,0,11.136666666666668
2018,12,11,7,0,10.143333333333333
2018,12,11,8,0,9.826666666666668
2018,12,11,9,0,9.183333333333334
2018,12,11,10,0,8.013333333333334
2018,12,11,11,0,7.1433333333333335
2018,12,11,12,0,7.0566666666666675
2018,12,11,13,0,6.1066666666666665
2018,12,11,14,0,8.06
2018,12,11,15,0,7.333333333333333
2018,12,11,16,0,6.386666666666667
2018,12,11,17,0,6.206666666666667
2018,12,11,18,0,7.163333333333334
2018,12,11,19,0,5.960000000000001
2018,12,11,20,0,4.943333333333333
2018,12,11,21,0,6.63
2018,12,11,22,0,5.303333333333334
2018,12,11,23,0,8.076666666666666
2018,12,12,0,0,9.163333333333334
2018,12,12,1,0,9.246666666666668
2018,12,12,2,0,10.19
2018,12,12,3,0,9.32
2018,12,12,4,0,7.89
2018,12,12,5,0,9.39
2018,12,12,6,0,8.433333333333332
2018,12,12,7,0,7.473333333333334
2018,12,12,8,0,9.110000000000001
2018,12,12,9,0,6.19
2018,12,12,10,0,3.8366666666666664
2018,12,12,11,0,3.3333333333333335
2018,12,12,12,0,2.5466666666666664
2018,12,12,13,0,3.2533333333333334
2018,12,12,14,0,3.7399999999999998
2018,12,12,15,0,3.6566666666666667
2018,12,12,16,0,6.586666666666667
2018,12,12,17,0,8.450000000000001
2018,12,12,18,0,8.086666666666668
2018,12,12,19,0,11.053333333333333
2018,12,12,20,0,11.483333333333334
2018,12,12,21,0,14.403333333333334
2018,12,12,22,0,15.236666666666666
2018,12,12,23,0,16.993333333333336
2018,12,13,0,0,15.973333333333334
2018,12,13,1,0,17.103333333333335
2018,12,13,2,0,17.156666666666666
2018,12,13,3,0,17.18
2018,12,13,4,0,17.096666666666668
2018,12,13,5,0,15.579999999999998
2018,12,13,6,0,15.136666666666665
2018,12,13,7,0,14.476666666666667
2018,12,13,8,0,15.166666666666666
2018,12,13,9,0,15.65
2018,12,13,10,0,14.969999999999999
2018,12,13,11,0,14.093333333333334
2018,12,13,12,0,13.233333333333334
2018,12,13,13,0,11.376666666666667
2018,12,13,14,0,11.146666666666667
2018,12,13,15,0,11.006666666666668
2018,12,13,16,0,9.870000000000001
2018,12,13,17,0,7.96
2018,12,13,18,0,7.336666666666666
2018,12,13,19,0,8.159999999999998
2018,12,13,20,0,8.27
2018,12,13,21,0,8.956666666666665
2018,12,13,22,0,9.406666666666666
2018,12,13,23,0,9.523333333333333
2018,12,14,0,0,9.31
2018,12,14,1,0,8.986666666666666
2018,12,14,2,0,10.116666666666667
2018,12,14,3,0,10.436666666666667
2018,12,14,4,0,10.479999999999999
2018,12,14,5,0,9.416666666666666
2018,12,14,6,0,8.333333333333334
2018,12,14,7,0,7.37
2018,12,14,8,0,6.896666666666666
2018,12,14,9,0,6.783333333333334
2018,12,14,10,0,6.703333333333333
2018,12,14,11,0,5.88
2018,12,14,12,0,4.33
2018,12,14,13,0,3.236666666666667
2018,12,14,14,0,2.2933333333333334
2018,12,14,15,0,0.9666666666666668
2018,12,14,16,0,1.3933333333333333
2018,12,14,17,0,1.8566666666666667
2018,12,14,18,0,2.22
2018,12,14,19,0,3.53
2018,12,14,20,0,3.986666666666667
2018,12,14,21,0,5.3133333333333335
2018,12,14,22,0,6.943333333333334
2018,12,14,23,0,7.773333333333333
2018,12,15,0,0,8.376666666666667
2018,12,15,1,0,8.133333333333335
2018,12,15,2,0,7.136666666666667
2018,12,15,3,0,5.890000000000001
2018,12,15,4,0,5.963333333333334
2018,12,15,5,0,5.783333333333334
2018,12,15,6,0,4.7266666666666675
2018,12,15,7,0,3.78
2018,12,15,8,0,3.74
2018,12,15,9,0,4.866666666666667
2018,12,15,10,0,3.53
2018,12,15,11,0,2.41
2018,12,15,12,0,2.893333333333333
2018,12,15,13,0,4.666666666666667
2018,12,15,14,0,4.976666666666667
2018,12,15,15,0,4.556666666666667
2018,12,15,16,0,4.28
2018,12,15,17,0,7.096666666666667
2018,12,15,18,0,6.043333333333333
2018,12,15,19,0,5.176666666666667
2018,12,15,20,0,4.663333333333334
2018,12,15,21,0,4.533333333333333
2018,12,15,22,0,4.45
2018,12,15,23,0,4.13
2018,12,16,0,0,4.596666666666667
2018,12,16,1,0,5.286666666666666
2018,12,16,2,0,6.493333333333333
2018,12,16,3,0,6.796666666666667
2018,12,16,4,0,7.896666666666666
2018,12,16,5,0,3.426666666666667
2018,12,16,6,0,3.813333333333333
2018,12,16,7,0,3.4800000000000004
2018,12,16,8,0,3.503333333333334
2018,12,16,9,0,4.390000000000001
2018,12,16,10,0,2.5933333333333333
2018,12,16,11,0,2.393333333333333
2018,12,16,12,0,2.846666666666667
2018,12,16,13,0,3.1799999999999997
2018,12,16,14,0,3.046666666666667
2018,12,16,15,0,3.3633333333333333
2018,12,16,16,0,4.693333333333333
2018,12,16,17,0,5.8
2018,12,16,18,0,7.04
2018,12,16,19,0,7.400000000000001
2018,12,16,20,0,9.156666666666666
2018,12,16,21,0,10.59
2018,12,16,22,0,10.4
2018,12,16,23,0,9.709999999999999
2018,12,17,0,0,9.613333333333333
2018,12,17,1,0,8.943333333333333
2018,12,17,2,0,8.896666666666667
2018,12,17,3,0,7.973333333333334
2018,12,17,4,0,7.273333333333333
2018,12,17,5,0,8.63
2018,12,17,6,0,8.726666666666667
2018,12,17,7,0,9.053333333333333
2018,12,17,8,0,9.313333333333334
2018,12,17,9,0,7.390000000000001
2018,12,17,10,0,5.916666666666667
2018,12,17,11,0,5.71
2018,12,17,12,0,5.420000000000001
2018,12,17,13,0,5.196666666666667
2018,12,17,14,0,5.78
2018,12,17,15,0,5.583333333333333
2018,12,17,16,0,6.146666666666667
2018,12,17,17,0,6.56
2018,12,17,18,0,7.263333333333333
2018,12,17,19,0,7.82
2018,12,17,20,0,8.816666666666666
2018,12,17,21,0,9.893333333333333
2018,12,17,22,0,9.680000000000001
2018,12,17,23,0,9.953333333333333
2018,12,18,0,0,9.936666666666666
2018,12,18,1,0,9.253333333333332
2018,12,18,2,0,9.426666666666668
2018,12,18,3,0,9.286666666666667
2018,12,18,4,0,10.163333333333334
2018,12,18,5,0,9.096666666666666
2018,12,18,6,0,9.193333333333333
2018,12,18,7,0,8.516666666666667
2018,12,18,8,0,9.49
2018,12,18,9,0,9.25
2018,12,18,10,0,8.556666666666667
2018,12,18,11,0,6.8133333333333335
2018,12,18,12,0,6.526666666666666
2018,12,18,13,0,6.196666666666666
2018,12,18,14,0,6.186666666666667
2018,12,18,15,0,5.55
2018,12,18,16,0,4.736666666666666
2018,12,18,17,0,3.3066666666666666
2018,12,18,18,0,2.8666666666666667
2018,12,18,19,0,1.5599999999999998
2018,12,18,20,0,3.296666666666667
2018,12,18,21,0,5.04
2018,12,18,22,0,5.829999999999999
2018,12,18,23,0,5.8133333333333335
2018,12,19,0,0,7.276666666666666
2018,12,19,1,0,8.093333333333334
2018,12,19,2,0,7.063333333333333
2018,12,19,3,0,7.94
2018,12,19,4,0,11.71
2018,12,19,5,0,11.233333333333334
2018,12,19,6,0,9.743333333333334
2018,12,19,7,0,10.876666666666665
2018,12,19,8,0,9.656666666666666
2018,12,19,9,0,9.873333333333333
2018,12,19,10,0,11.463333333333333
2018,12,19,11,0,11.199999999999998
2018,12,19,12,0,11.76
2018,12,19,13,0,14.246666666666664
2018,12,19,14,0,13.186666666666667
2018,12,19,15,0,14.006666666666668
2018,12,19,16,0,13.733333333333334
2018,12,19,17,0,12.713333333333333
2018,12,19,18,0,10.976666666666667
2018,12,19,19,0,12.243333333333332
2018,12,19,20,0,13.993333333333332
2018,12,19,21,0,13.096666666666666
2018,12,19,22,0,13.216666666666667
2018,12,19,23,0,13.299999999999999
2018,12,20,0,0,12.983333333333334
2018,12,20,1,0,13.0
2018,12,20,2,0,12.976666666666667
2018,12,20,3,0,12.156666666666666
2018,12,20,4,0,12.223333333333334
2018,12,20,5,0,13.443333333333333
2018,12,20,6,0,12.336666666666668
2018,12,20,7,0,10.47
2018,12,20,8,0,10.303333333333333
2018,12,20,9,0,10.74
2018,12,20,10,0,9.729999999999999
2018,12,20,11,0,8.336666666666666
2018,12,20,12,0,8.016666666666667
2018,12,20,13,0,7.946666666666666
2018,12,20,14,0,7.293333333333333
2018,12,20,15,0,6.06
2018,12,20,16,0,4.983333333333333
2018,12,20,17,0,4.056666666666667
2018,12,20,18,0,2.9466666666666668
2018,12,20,19,0,3.296666666666667
2018,12,20,20,0,3.736666666666667
2018,12,20,21,0,4.983333333333333
2018,12,20,22,0,4.46
2018,12,20,23,0,5.273333333333333
2018,12,21,0,0,5.913333333333334
2018,12,21,1,0,6.989999999999999
2018,12,21,2,0,8.723333333333334
2018,12,21,3,0,9.16
2018,12,21,4,0,8.493333333333334
2018,12,21,5,0,6.079999999999999
2018,12,21,6,0,6.473333333333334
2018,12,21,7,0,6.5633333333333335
2018,12,21,8,0,5.46
2018,12,21,9,0,5.9433333333333325
2018,12,21,10,0,6.263333333333333
2018,12,21,11,0,4.116666666666666
2018,12,21,12,0,4.123333333333334
2018,12,21,13,0,6.103333333333333
2018,12,21,14,0,4.033333333333334
2018,12,21,15,0,6.523333333333333
2018,12,21,16,0,5.136666666666667
2018,12,21,17,0,5.416666666666667
2018,12,21,18,0,6.5633333333333335
2018,12,21,19,0,6.013333333333333
2018,12,21,20,0,8.39
2018,12,21,21,0,10.076666666666666
2018,12,21,22,0,7.266666666666668
2018,12,21,23,0,5.326666666666667
2018,12,22,0,0,7.3133333333333335
2018,12,22,1,0,5.993333333333333
2018,12,22,2,0,4.476666666666667
2018,12,22,3,0,3.8800000000000003
2018,12,22,4,0,4.996666666666667
2018,12,22,5,0,4.513333333333333
2018,12,22,6,0,3.7433333333333336
2018,12,22,7,0,3.8333333333333335
2018,12,22,8,0,2.9966666666666666
2018,12,22,9,0,3.6766666666666663
2018,12,22,10,0,4.053333333333334
2018,12,22,11,0,4.63
2018,12,22,12,0,3.956666666666667
2018,12,22,13,0,6.203333333333333
2018,12,22,14,0,8.49
2018,12,22,15,0,8.493333333333334
2018,12,22,16,0,8.713333333333333
2018,12,22,17,0,7.533333333333334
2018,12,22,18,0,7.760000000000001
2018,12,22,19,0,8.46
2018,12,22,20,0,7.989999999999999
2018,12,22,21,0,6.06
2018,12,22,22,0,5.32
2018,12,22,23,0,4.513333333333333
2018,12,23,0,0,4.946666666666666
2018,12,23,1,0,6.036666666666666
2018,12,23,2,0,6.080000000000001
2018,12,23,3,0,7.136666666666667
2018,12,23,4,0,6.88
2018,12,23,5,0,5.2700000000000005
2018,12,23,6,0,4.553333333333334
2018,12,23,7,0,4.736666666666666
2018,12,23,8,0,3.7399999999999998
2018,12,23,9,0,3.4233333333333333
2018,12,23,10,0,2.953333333333333
2018,12,23,11,0,3.066666666666667
2018,12,23,12,0,4.12
2018,12,23,13,0,3.546666666666667
2018,12,23,14,0,3.956666666666667
2018,12,23,15,0,4.28
2018,12,23,16,0,5.286666666666666
2018,12,23,17,0,6.079999999999999
2018,12,23,18,0,7.8566666666666665
2018,12,23,19,0,8.9
2018,12,23,20,0,8.64
2018,12,23,21,0,7.656666666666666
2018,12,23,22,0,7.146666666666667
2018,12,23,23,0,6.710000000000001
2018,12,24,0,0,7.826666666666665
2018,12,24,1,0,6.650000000000001
2018,12,24,2,0,4.926666666666667
2018,12,24,3,0,6.390000000000001
2018,12,24,4,0,7.1433333333333335
2018,12,24,5,0,6.696666666666666
2018,12,24,6,0,7.010000000000001
2018,12,24,7,0,5.816666666666667
2018,12,24,8,0,6.506666666666668
2018,12,24,9,0,4.550000000000001
2018,12,24,10,0,4.423333333333333
2018,12,24,11,0,5.083333333333333
2018,12,24,12,0,5.026666666666667
2018,12,24,13,0,4.013333333333334
2018,12,24,14,0,3.59
2018,12,24,15,0,3.2900000000000005
2018,12,24,16,0,3.09
2018,12,24,17,0,2.94
2018,12,24,18,0,3.39
2018,12,24,19,0,3.5933333333333333
2018,12,24,20,0,3.9666666666666672
2018,12,24,21,0,3.09
2018,12,24,22,0,2.9800000000000004
2018,12,24,23,0,3.5766666666666667
2018,12,25,0,0,3.9233333333333333
2018,12,25,1,0,3.97
2018,12,25,2,0,4.043333333333334
2018,12,25,3,0,5.183333333333333
2018,12,25,4,0,4.203333333333333
2018,12,25,5,0,4.556666666666667
2018,12,25,6,0,3.94
2018,12,25,7,0,4.5
2018,12,25,8,0,4.666666666666667
2018,12,25,9,0,4.913333333333333
2018,12,25,10,0,4.546666666666667
2018,12,25,11,0,5.140000000000001
2018,12,25,12,0,7.48
2018,12,25,13,0,8.559999999999999
2018,12,25,14,0,9.563333333333333
2018,12,25,15,0,10.303333333333333
2018,12,25,16,0,10.79
2018,12,25,17,0,9.88
2018,12,25,18,0,10.553333333333333
2018,12,25,19,0,10.700000000000001
2018,12,25,20,0,11.14
2018,12,25,21,0,10.693333333333335
2018,12,25,22,0,10.456666666666665
2018,12,25,23,0,9.959999999999999
2018,12,26,0,0,9.696666666666667
2018,12,26,1,0,9.4
2018,12,26,2,0,8.703333333333333
2018,12,26,3,0,7.243333333333333
2018,12,26,4,0,6.710000000000001
2018,12,26,5,0,6.483333333333333
2018,12,26,6,0,6.2
2018,12,26,7,0,5.6000000000000005
2018,12,26,8,0,5.21
2018,12,26,9,0,6.91
2018,12,26,10,0,4.846666666666667
2018,12,26,11,0,3.4866666666666664
2018,12,26,12,0,3.1400000000000006
2018,12,26,13,0,3.74
2018,12,26,14,0,3.936666666666667
2018,12,26,15,0,4.66
2018,12,26,16,0,8.746666666666666
2018,12,26,17,0,9.643333333333333
2018,12,26,18,0,11.063333333333333
2018,12,26,19,0,12.456666666666665
2018,12,26,20,0,14.293333333333331
2018,12,26,21,0,16.826666666666668
2018,12,26,22,0,17.37666666666667
2018,12,26,23,0,17.816666666666666
2018,12,27,0,0,17.863333333333333
2018,12,27,1,0,17.94666666666667
2018,12,27,2,0,17.28
2018,12,27,3,0,17.866666666666664
2018,12,27,4,0,16.206666666666667
2018,12,27,5,0,16.669999999999998
2018,12,27,6,0,16.26
2018,12,27,7,0,16.253333333333334
2018,12,27,8,0,15.016666666666666
2018,12,27,9,0,15.323333333333332
2018,12,27,10,0,15.673333333333332
2018,12,27,11,0,15.386666666666665
2018,12,27,12,0,15.716666666666669
2018,12,27,13,0,15.573333333333332
2018,12,27,14,0,15.456666666666665
2018,12,27,15,0,15.49
2018,12,27,16,0,14.396666666666667
2018,12,27,17,0,12.216666666666667
2018,12,27,18,0,10.746666666666668
2018,12,27,19,0,10.846666666666666
2018,12,27,20,0,11.023333333333333
2018,12,27,21,0,10.493333333333334
2018,12,27,22,0,10.4
2018,12,27,23,0,10.966666666666667
2018,12,28,0,0,10.4
2018,12,28,1,0,10.733333333333334
2018,12,28,2,0,10.42
2018,12,28,3,0,10.780000000000001
2018,12,28,4,0,10.44
2018,12,28,5,0,9.793333333333333
2018,12,28,6,0,9.25
2018,12,28,7,0,8.946666666666665
2018,12,28,8,0,8.67
2018,12,28,9,0,8.763333333333334
2018,12,28,10,0,8.546666666666665
2018,12,28,11,0,9.08
2018,12,28,12,0,7.3999999999999995
2018,12,28,13,0,7.109999999999999
2018,12,28,14,0,5.866666666666667
2018,12,28,15,0,4.953333333333334
2018,12,28,16,0,4.24
2018,12,28,17,0,3.926666666666667
2018,12,28,18,0,3.16
2018,12,28,19,0,2.4266666666666663
2018,12,28,20,0,2.866666666666667
2018,12,28,21,0,3.0133333333333336
2018,12,28,22,0,3.4499999999999997
2018,12,28,23,0,4.13
2018,12,29,0,0,4.863333333333333
2018,12,29,1,0,5.343333333333334
2018,12,29,2,0,5.373333333333334
2018,12,29,3,0,6.09
2018,12,29,4,0,6.8933333333333335
2018,12,29,5,0,6.91
2018,12,29,6,0,7.093333333333334
2018,12,29,7,0,7.716666666666666
2018,12,29,8,0,8.463333333333333
2018,12,29,9,0,6.396666666666666
2018,12,29,10,0,4.183333333333334
2018,12,29,11,0,3.216666666666667
2018,12,29,12,0,3.1
2018,12,29,13,0,3.0833333333333335
2018,12,29,14,0,3.59
2018,12,29,15,0,3.706666666666667
2018,12,29,16,0,3.486666666666667
2018,12,29,17,0,4.496666666666667
2018,12,29,18,0,5.66
2018,12,29,19,0,7.62
2018,12,29,20,0,9.673333333333334
2018,12,29,21,0,10.106666666666667
2018,12,29,22,0,9.83
2018,12,29,23,0,9.366666666666667
2018,12,30,0,0,8.59
2018,12,30,1,0,8.13
2018,12,30,2,0,6.896666666666666
2018,12,30,3,0,6.2
2018,12,30,4,0,5.656666666666666
2018,12,30,5,0,7.246666666666667
2018,12,30,6,0,6.4433333333333325
2018,12,30,7,0,7.3566666666666665
2018,12,30,8,0,5.1466666666666665
2018,12,30,9,0,5.28
2018,12,30,10,0,5.173333333333333
2018,12,30,11,0,4.78
2018,12,30,12,0,5.083333333333333
2018,12,30,13,0,4.586666666666667
2018,12,30,14,0,5.033333333333333
2018,12,30,15,0,6.116666666666667
2018,12,30,16,0,9.263333333333334
2018,12,30,17,0,10.386666666666667
2018,12,30,18,0,10.336666666666668
2018,12,30,19,0,8.950000000000001
2018,12,30,20,0,6.003333333333334
2018,12,30,21,0,5.77
2018,12,30,22,0,6.98
2018,12,30,23,0,8.910000000000002
2018,12,31,0,0,10.436666666666666
2018,12,31,1,0,10.159999999999998
2018,12,31,2,0,10.066666666666666
2018,12,31,3,0,10.403333333333334
2018,12,31,4,0,11.42
2018,12,31,5,0,12.993333333333334
2018,12,31,6,0,12.909999999999998
2018,12,31,7,0,13.863333333333332
2018,12,31,8,0,15.893333333333333
2018,12,31,9,0,14.743333333333334
2018,12,31,10,0,14.94
2018,12,31,11,0,15.473333333333334
2018,12,31,12,0,15.133333333333333
2018,12,31,13,0,14.256666666666666
2018,12,31,14,0,14.363333333333332
2018,12,31,15,0,12.296666666666667
2018,12,31,16,0,13.196666666666665
2018,12,31,17,0,6.5200000000000005
2018,12,31,18,0,7.073333333333334
2018,12,31,19,0,7.140000000000001
2018,12,31,20,0,7.423333333333335
2018,12,31,21,0,7.046666666666667
2018,12,31,22,0,7.333333333333333
2018,12,31,23,0,7.03
