datetime,Denver_cf,East_cf,Mountain_cf,North_cf,South_cf,West_cf
2018-01-01 00:30:00,0.0,0.0,0.0,0.0,0.0,0.0
2018-01-01 01:30:00,0.0,0.0,0.0,0.0,0.0,0.0
2018-01-01 02:30:00,0.0,0.0,0.0,0.0,0.0,0.0
2018-01-01 03:30:00,0.0,0.0,0.0,0.0,0.0,0.0
2018-01-01 04:30:00,0.0,0.0,0.0,0.0,0.0,0.0
2018-01-01 05:30:00,0.0,0.0,0.0,0.0,0.0,0.0
2018-01-01 06:30:00,0.0,0.0,0.0,0.0,0.0,0.0
2018-01-01 07:30:00,-0.0,0.06808697901958204,-0.0,-0.0,0.03457024538788092,0.0
2018-01-01 08:30:00,0.13704924767897733,0.5172347905675659,0.04804270090082587,0.015942878712046773,0.16476558818105627,0.15904027791999822
2018-01-01 09:30:00,0.11429361101118116,0.5711959946979678,0.10410345954417638,0.03168350167335277,0.5918336218666892,0.5696438812975592
2018-01-01 10:30:00,0.3150096074246504,0.5273768953866114,0.36991057251131865,0.03960120295065213,0.5416308707894717,0.38550401767094594
2018-01-01 11:30:00,0.34555546223245615,0.46743564121351794,0.45355303845910433,0.0359856951077789,0.4812157883654,0.4184820397693471
2018-01-01 12:30:00,0.4265658244146545,0.471134305183851,0.3756083010286569,0.14385336391810172,0.39239066361779557,0.40415480177092045
2018-01-01 13:30:00,0.48092823289637215,0.5325363938724209,0.3144077887175179,0.08305301068623276,0.3620846193093928,0.24116056519470935
2018-01-01 14:30:00,0.14496610066316298,0.5605180801586037,0.42104606439912035,0.07403393694096043,0.2606362162289501,0.2924721393999161
2018-01-01 15:30:00,0.18373047738062653,0.4497504805525702,0.19374196081563325,0.4367686456338967,0.5111841047396242,0.05041196222501057
2018-01-01 16:30:00,0.0043032414633465636,0.0008390935912844173,0.014128057482998354,0.0007937806755354482,0.1005999521697407,0.00541443613460385
2018-01-01 17:30:00,0.0,0.0,0.0,0.0,0.0,0.0
2018-01-01 18:30:00,0.0,0.0,0.0,0.0,0.0,0.0
2018-01-01 19:30:00,0.0,0.0,0.0,0.0,0.0,0.0
2018-01-01 20:30:00,0.0,0.0,0.0,0.0,0.0,0.0
2018-01-01 21:30:00,0.0,0.0,0.0,0.0,0.0,0.0
2018-01-01 22:30:00,0.0,0.0,0.0,0.0,0.0,0.0
2018-01-01 23:30:00,0.0,0.0,0.0,0.0,0.0,0.0
2018-01-02 00:30:00,0.0,0.0,0.0,0.0,0.0,0.0
2018-01-02 01:30:00,0.0,0.0,0.0,0.0,0.0,0.0
2018-01-02 02:30:00,0.0,0.0,0.0,0.0,0.0,0.0
2018-01-02 03:30:00,0.0,0.0,0.0,0.0,0.0,0.0
2018-01-02 04:30:00,0.0,0.0,0.0,0.0,0.0,0.0
2018-01-02 05:30:00,0.0,0.0,0.0,0.0,0.0,0.0
2018-01-02 06:30:00,0.0,0.0,0.0,0.0,0.0,0.0
2018-01-02 07:30:00,0.017314777259785016,0.06600397471753591,-0.0,-0.0,0.03234924501513657,0.0
2018-01-02 08:30:00,0.4519756305848473,0.5131365268546556,0.4338428742724567,0.44818282540711635,0.5036316557492463,0.1112739556798989
2018-01-02 09:30:00,0.5733068867422705,0.5783903371818275,0.5839490254478756,0.5703645235249686,0.6003970516338534,0.593717985655051
2018-01-02 10:30:00,0.5316498594824431,0.531184550424271,0.5472902103014291,0.5287015419924002,0.5634513167684583,0.5695383964042336
2018-01-02 11:30:00,0.4615492399299181,0.46839269340768236,0.47406080954926677,0.4563943733721922,0.501238575531877,0.5011842969159285
2018-01-02 12:30:00,0.45493281483580816,0.47022474532119857,0.45945645145085373,0.45122968909821176,0.4910435873732006,0.47781098196205457
2018-01-02 13:30:00,0.5190131762009402,0.5321454151732724,0.5167883251817919,0.5183027131639558,0.5436127257630695,0.5294156171986104
2018-01-02 14:30:00,0.5637259621321069,0.5682068569517194,0.41942806453904763,0.5483765122363111,0.5892683056076604,0.5883613145319024
2018-01-02 15:30:00,0.5134852650376738,0.4714435437969179,0.5448160548110079,0.4679325219195693,0.5522609543596704,0.5714419260173021
2018-01-02 16:30:00,0.05003311630988432,0.025704470809850995,0.1120534280565693,0.03179949889561263,0.11844911500420123,0.18232427932238024
2018-01-02 17:30:00,0.0,0.0,0.0,0.0,0.0,0.0
2018-01-02 18:30:00,0.0,0.0,0.0,0.0,0.0,0.0
2018-01-02 19:30:00,0.0,0.0,0.0,0.0,0.0,0.0
2018-01-02 20:30:00,0.0,0.0,0.0,0.0,0.0,0.0
2018-01-02 21:30:00,0.0,0.0,0.0,0.0,0.0,0.0
2018-01-02 22:30:00,0.0,0.0,0.0,0.0,0.0,0.0
2018-01-02 23:30:00,0.0,0.0,0.0,0.0,0.0,0.0
2018-01-03 00:30:00,0.0,0.0,0.0,0.0,0.0,0.0
2018-01-03 01:30:00,0.0,0.0,0.0,0.0,0.0,0.0
2018-01-03 02:30:00,0.0,0.0,0.0,0.0,0.0,0.0
2018-01-03 03:30:00,0.0,0.0,0.0,0.0,0.0,0.0
2018-01-03 04:30:00,0.0,0.0,0.0,0.0,0.0,0.0
2018-01-03 05:30:00,0.0,0.0,0.0,0.0,0.0,0.0
2018-01-03 06:30:00,0.0,0.0,0.0,0.0,0.0,0.0
2018-01-03 07:30:00,0.016963495976844843,0.06756691694668024,-0.0,-0.0,0.0024461270147679514,0.0
2018-01-03 08:30:00,0.432147375961602,0.4803115198193106,0.4261677944994515,0.40198129055238685,0.5235479899280004,0.4147142322228725
2018-01-03 09:30:00,0.5352674332589089,0.5302176213811461,0.3002084012863436,0.5207363792578695,0.5959504328125048,0.2574292384238339
2018-01-03 10:30:00,0.4992184034171237,0.4900948311261083,0.3788239769471634,0.4904252456540454,0.556026282421913,0.4054932656168921
2018-01-03 11:30:00,0.4342001685189108,0.4365522059807609,0.3911861008386839,0.4290200650497113,0.380736675063505,0.42992074646425127
2018-01-03 12:30:00,0.4234663686706016,0.4434155511925678,0.3867297742015181,0.4239489166948439,0.3306797877547662,0.4174174839405775
2018-01-03 13:30:00,0.38865505523932453,0.5064461171447389,0.5022977863642053,0.48166081246017,0.3482738429653025,0.4263625791387785
2018-01-03 14:30:00,0.09561316324201545,0.5384496078418158,0.41824031834539527,0.5198292039618048,0.4028884678976295,0.5147995539399992
2018-01-03 15:30:00,0.12728843129741388,0.1731604726879075,0.5196822618909627,0.15272233579847963,0.5360847940580995,0.24716824946002683
2018-01-03 16:30:00,0.005833857687666458,0.0018943665429388117,0.10909258076931781,0.03235423424385129,0.0260903652453636,0.0798557000020189
2018-01-03 17:30:00,0.0,0.0,0.0,0.0,0.0,0.0
2018-01-03 18:30:00,0.0,0.0,0.0,0.0,0.0,0.0
2018-01-03 19:30:00,0.0,0.0,0.0,0.0,0.0,0.0
2018-01-03 20:30:00,0.0,0.0,0.0,0.0,0.0,0.0
2018-01-03 21:30:00,0.0,0.0,0.0,0.0,0.0,0.0
2018-01-03 22:30:00,0.0,0.0,0.0,0.0,0.0,0.0
2018-01-03 23:30:00,0.0,0.0,0.0,0.0,0.0,0.0
2018-01-04 00:30:00,0.0,0.0,0.0,0.0,0.0,0.0
2018-01-04 01:30:00,0.0,0.0,0.0,0.0,0.0,0.0
2018-01-04 02:30:00,0.0,0.0,0.0,0.0,0.0,0.0
2018-01-04 03:30:00,0.0,0.0,0.0,0.0,0.0,0.0
2018-01-04 04:30:00,0.0,0.0,0.0,0.0,0.0,0.0
2018-01-04 05:30:00,0.0,0.0,0.0,0.0,0.0,0.0
2018-01-04 06:30:00,0.0,0.0,0.0,0.0,0.0,0.0
2018-01-04 07:30:00,0.01649900738107478,0.07003825187118333,-0.0,-0.0,0.0031407075139985897,0.0
2018-01-04 08:30:00,0.4240140385095516,0.5005063737493063,0.41591854264752026,0.3954531775240003,0.17009367210466358,0.40481236070263465
2018-01-04 09:30:00,0.5249496295949018,0.5476346743503931,0.559689630214953,0.5099535198252151,0.24954070138594936,0.5806747905952909
2018-01-04 10:30:00,0.4901382666524632,0.5010447618094328,0.5272655455580472,0.4713129271520597,0.33640083536550375,0.554224382959829
2018-01-04 11:30:00,0.4266249427183254,0.4408353320864191,0.4599922415909017,0.40737832298985804,0.4766388294104613,0.48816077356851234
2018-01-04 12:30:00,0.4188004656439047,0.4423516839158659,0.4449355538358251,0.4055470460547595,0.46903297658743653,0.46552355354926184
2018-01-04 13:30:00,0.4818617694885726,0.49698706530478487,0.49997679432322745,0.46336984829223277,0.5188323208096879,0.516469518269971
2018-01-04 14:30:00,0.5281846301266352,0.5281081028682882,0.5527405667398054,0.5027613958440567,0.5658872169248448,0.5731620244698312
2018-01-04 15:30:00,0.48463391713442894,0.44878415706808605,0.5296378326647121,0.4452313295451768,0.5369849914424699,0.5589436755780434
2018-01-04 16:30:00,0.06719753999492094,0.02601939954419003,0.11811523070249577,0.03320642588760592,0.12392729213558033,0.09092498111231441
2018-01-04 17:30:00,0.0,0.0,0.0,0.0,0.0,0.0
2018-01-04 18:30:00,0.0,0.0,0.0,0.0,0.0,0.0
2018-01-04 19:30:00,0.0,0.0,0.0,0.0,0.0,0.0
2018-01-04 20:30:00,0.0,0.0,0.0,0.0,0.0,0.0
2018-01-04 21:30:00,0.0,0.0,0.0,0.0,0.0,0.0
2018-01-04 22:30:00,0.0,0.0,0.0,0.0,0.0,0.0
2018-01-04 23:30:00,0.0,0.0,0.0,0.0,0.0,0.0
2018-01-05 00:30:00,0.0,0.0,0.0,0.0,0.0,0.0
2018-01-05 01:30:00,0.0,0.0,0.0,0.0,0.0,0.0
2018-01-05 02:30:00,0.0,0.0,0.0,0.0,0.0,0.0
2018-01-05 03:30:00,0.0,0.0,0.0,0.0,0.0,0.0
2018-01-05 04:30:00,0.0,0.0,0.0,0.0,0.0,0.0
2018-01-05 05:30:00,0.0,0.0,0.0,0.0,0.0,0.0
2018-01-05 06:30:00,0.0,0.0,0.0,0.0,0.0,0.0
2018-01-05 07:30:00,-0.0,0.0689541703394887,-0.0,-0.0,0.03198703281037973,0.0
2018-01-05 08:30:00,0.10363094555842964,0.48438576395076677,0.09235732708565653,0.006705929083301277,0.15753080985742374,0.13109014583933296
2018-01-05 09:30:00,0.06518163254765215,0.28007766230449527,0.26173254543987096,0.0005035104629214671,0.18474579125556004,0.3735901986875425
2018-01-05 10:30:00,0.11396377847771784,0.1810841640225853,0.31050463978776227,0.20544548912999483,0.20305015800878107,0.3584208226000915
2018-01-05 11:30:00,0.13093651845297666,0.30195847996196873,0.44715734261860224,0.06975027815619447,0.35655630610502076,0.47646182545094673
2018-01-05 12:30:00,0.11021254764813794,0.23853581397621812,0.38290507824705344,0.05869201473834364,0.21687448385175906,0.455048020465255
2018-01-05 13:30:00,0.03580747687550862,0.20834349559517878,0.4120025296884328,0.22985026221703975,0.5037100820252076,0.5022975608405612
2018-01-05 14:30:00,0.3218820355104545,0.0859626661213542,0.315418714528516,0.2805012381727153,0.5431016215333141,0.5531939667303618
2018-01-05 15:30:00,0.08823592225996113,0.0974345350128958,0.07059326617827068,0.08471749130905228,0.5081522800179841,0.5338768837458635
2018-01-05 16:30:00,0.0077062833867583055,0.024967864130480008,0.008352063029471078,0.030805113428252595,0.11881129432887769,0.0492305712247233
2018-01-05 17:30:00,0.0,0.0,0.0,0.0,0.0,0.0
2018-01-05 18:30:00,0.0,0.0,0.0,0.0,0.0,0.0
2018-01-05 19:30:00,0.0,0.0,0.0,0.0,0.0,0.0
2018-01-05 20:30:00,0.0,0.0,0.0,0.0,0.0,0.0
2018-01-05 21:30:00,0.0,0.0,0.0,0.0,0.0,0.0
2018-01-05 22:30:00,0.0,0.0,0.0,0.0,0.0,0.0
2018-01-05 23:30:00,0.0,0.0,0.0,0.0,0.0,0.0
2018-01-06 00:30:00,0.0,0.0,0.0,0.0,0.0,0.0
2018-01-06 01:30:00,0.0,0.0,0.0,0.0,0.0,0.0
2018-01-06 02:30:00,0.0,0.0,0.0,0.0,0.0,0.0
2018-01-06 03:30:00,0.0,0.0,0.0,0.0,0.0,0.0
2018-01-06 04:30:00,0.0,0.0,0.0,0.0,0.0,0.0
2018-01-06 05:30:00,0.0,0.0,0.0,0.0,0.0,0.0
2018-01-06 06:30:00,0.0,0.0,0.0,0.0,0.0,0.0
2018-01-06 07:30:00,-0.0,0.003819107104089435,-0.0,-0.0,0.0017233079908323087,0.0
2018-01-06 08:30:00,0.06213487271675466,0.10407125343546499,0.09161033851266441,0.07277505692401162,0.2138788729784838,0.038091990452516336
2018-01-06 09:30:00,0.18259728858238994,0.10357866156546423,0.20366158856546573,0.19088540921731068,0.24144342394400892,0.23245465056082915
2018-01-06 10:30:00,0.2290576535666707,0.31514402577812234,0.26855619788613005,0.20506581092554632,0.2276920687832901,0.2917259901885986
2018-01-06 11:30:00,0.3150246748221913,0.3165702680059071,0.31675025089894376,0.1873153017836171,0.29775338598730167,0.28636459263126546
2018-01-06 12:30:00,0.41172262406671994,0.27733396157479945,0.2884504643726277,0.22891911917625432,0.2611219621782057,0.1885692747955137
2018-01-06 13:30:00,0.4594438977061615,0.21774220485217335,0.29763033562476654,0.12214668907506686,0.2932562053356524,0.24295216703592515
2018-01-06 14:30:00,0.4912147311408697,0.0681650045105196,0.2665365450242566,0.06723226853645276,0.10070260509719142,0.0665079443996048
2018-01-06 15:30:00,0.443314413207595,0.025028602770494113,0.0596397843813138,0.02697615038420231,0.13066072645861576,0.08245191636268413
2018-01-06 16:30:00,0.014432259106618816,0.00010862475066841023,0.01047408726501026,0.002202217731912412,0.015401955465562096,0.008093012570367836
2018-01-06 17:30:00,0.0,0.0,0.0,0.0,0.0,0.0
2018-01-06 18:30:00,0.0,0.0,0.0,0.0,0.0,0.0
2018-01-06 19:30:00,0.0,0.0,0.0,0.0,0.0,0.0
2018-01-06 20:30:00,0.0,0.0,0.0,0.0,0.0,0.0
2018-01-06 21:30:00,0.0,0.0,0.0,0.0,0.0,0.0
2018-01-06 22:30:00,0.0,0.0,0.0,0.0,0.0,0.0
2018-01-06 23:30:00,0.0,0.0,0.0,0.0,0.0,0.0
2018-01-07 00:30:00,0.0,0.0,0.0,0.0,0.0,0.0
2018-01-07 01:30:00,0.0,0.0,0.0,0.0,0.0,0.0
2018-01-07 02:30:00,0.0,0.0,0.0,0.0,0.0,0.0
2018-01-07 03:30:00,0.0,0.0,0.0,0.0,0.0,0.0
2018-01-07 04:30:00,0.0,0.0,0.0,0.0,0.0,0.0
2018-01-07 05:30:00,0.0,0.0,0.0,0.0,0.0,0.0
2018-01-07 06:30:00,0.0,0.0,0.0,0.0,0.0,0.0
2018-01-07 07:30:00,0.013009644452020627,0.05755444686900453,-0.0,-0.0,0.027932869869704943,0.0
2018-01-07 08:30:00,0.4179996362809925,0.4832538411122114,0.10578655019855455,0.39982831409442765,0.49267989829767395,0.39394666552766816
2018-01-07 09:30:00,0.31831539711021517,0.5468379783367197,0.1197470999742264,0.5156894072516618,0.5760623693117916,0.5737132911182773
2018-01-07 10:30:00,0.5016469733617089,0.5092498350808932,0.3459987500996306,0.48618152240789514,0.5432231593376821,0.5556497694600557
2018-01-07 11:30:00,0.44236596213692353,0.4486696842627959,0.46480827768107263,0.42400881451271966,0.4868703226622468,0.49145870865959723
2018-01-07 12:30:00,0.43362107275091744,0.45043509472235266,0.44841380136034326,0.41626463986761447,0.4776571142512245,0.4668151222944792
2018-01-07 13:30:00,0.48719932490570983,0.5048606691346536,0.5004048260047941,0.4735007484967604,0.5258915903359229,0.5130482598525862
2018-01-07 14:30:00,0.5226862018221642,0.5359130898872576,0.30092781018836856,0.5135269777457062,0.572708566935708,0.56687711960145
2018-01-07 15:30:00,0.47689826632381477,0.46877067225901353,0.521636927051599,0.4600192295592763,0.5374025333872648,0.5477023202527262
2018-01-07 16:30:00,0.07961951451545687,0.03670748647151958,0.02595347567138539,0.043588702228858106,0.13836596034857526,0.20572670587882258
2018-01-07 17:30:00,0.0,0.0,0.0,0.0,0.0,0.0
2018-01-07 18:30:00,0.0,0.0,0.0,0.0,0.0,0.0
2018-01-07 19:30:00,0.0,0.0,0.0,0.0,0.0,0.0
2018-01-07 20:30:00,0.0,0.0,0.0,0.0,0.0,0.0
2018-01-07 21:30:00,0.0,0.0,0.0,0.0,0.0,0.0
2018-01-07 22:30:00,0.0,0.0,0.0,0.0,0.0,0.0
2018-01-07 23:30:00,0.0,0.0,0.0,0.0,0.0,0.0
2018-01-08 00:30:00,0.0,0.0,0.0,0.0,0.0,0.0
2018-01-08 01:30:00,0.0,0.0,0.0,0.0,0.0,0.0
2018-01-08 02:30:00,0.0,0.0,0.0,0.0,0.0,0.0
2018-01-08 03:30:00,0.0,0.0,0.0,0.0,0.0,0.0
2018-01-08 04:30:00,0.0,0.0,0.0,0.0,0.0,0.0
2018-01-08 05:30:00,0.0,0.0,0.0,0.0,0.0,0.0
2018-01-08 06:30:00,0.0,0.0,0.0,0.0,0.0,0.0
2018-01-08 07:30:00,-0.0,0.006677338263404045,-0.0,-0.0,0.0030295477513366587,0.0
2018-01-08 08:30:00,0.007841995182652392,0.21661456486838446,0.03143745765974577,0.045908970489877826,0.062241679633345155,0.09648100051750294
2018-01-08 09:30:00,0.046671777747241724,0.11393862614274902,0.12392946864992925,0.18357347597267057,0.240599876397731,0.28703164418140475
2018-01-08 10:30:00,0.025035246881719656,0.1029015193371356,0.3385952141909549,0.10136067366718049,0.29168381637408647,0.43326021528785535
2018-01-08 11:30:00,0.052659770583278726,0.30652093798676716,0.3831353727429446,0.11054451884474507,0.36446906587739347,0.39986992493080936
2018-01-08 12:30:00,0.0346766363083282,0.31216681315744915,0.43112878854958575,0.09093515535058837,0.3942154045250423,0.41144957651403297
2018-01-08 13:30:00,0.0063163139572467025,0.3396021009975534,0.3823064515515763,0.047593619886267376,0.24672458509149323,0.38353590558193634
2018-01-08 14:30:00,0.040339348799737704,0.3479407727137265,0.5400024629526982,0.06158861062234179,0.02299313273994747,0.41808438215595445
2018-01-08 15:30:00,0.061532113025146565,0.18451519134533137,0.14835741067045796,0.017352527801911145,0.16265452826282284,0.09177295429485273
2018-01-08 16:30:00,0.009036759305245442,0.006511447607631346,0.032540740730526874,0.004407988152224149,0.024259877832768537,0.010002532913787042
2018-01-08 17:30:00,0.0,0.0,0.0,0.0,0.0,0.0
2018-01-08 18:30:00,0.0,0.0,0.0,0.0,0.0,0.0
2018-01-08 19:30:00,0.0,0.0,0.0,0.0,0.0,0.0
2018-01-08 20:30:00,0.0,0.0,0.0,0.0,0.0,0.0
2018-01-08 21:30:00,0.0,0.0,0.0,0.0,0.0,0.0
2018-01-08 22:30:00,0.0,0.0,0.0,0.0,0.0,0.0
2018-01-08 23:30:00,0.0,0.0,0.0,0.0,0.0,0.0
2018-01-09 00:30:00,0.0,0.0,0.0,0.0,0.0,0.0
2018-01-09 01:30:00,0.0,0.0,0.0,0.0,0.0,0.0
2018-01-09 02:30:00,0.0,0.0,0.0,0.0,0.0,0.0
2018-01-09 03:30:00,0.0,0.0,0.0,0.0,0.0,0.0
2018-01-09 04:30:00,0.0,0.0,0.0,0.0,0.0,0.0
2018-01-09 05:30:00,0.0,0.0,0.0,0.0,0.0,0.0
2018-01-09 06:30:00,0.0,0.0,0.0,0.0,0.0,0.0
2018-01-09 07:30:00,0.015918048586542145,0.0669645515599021,-0.0,-0.0,0.03207574895084702,0.0
2018-01-09 08:30:00,0.40820023626643687,0.46171734173382784,0.38944118238251973,0.381557563200641,0.4949051729826003,0.06309926007616783
2018-01-09 09:30:00,0.513683437870346,0.5176347106695633,0.1255570326769073,0.49833510795836394,0.5725101952737305,0.05293343421250032
2018-01-09 10:30:00,0.4807821685878238,0.4876863133243568,0.34597942372679785,0.469325071924224,0.5367716820811498,0.28420179830915165
2018-01-09 11:30:00,0.42349200956409816,0.4373277698826845,0.39264059360685094,0.4083542323043487,0.47625995293479434,0.08794629372210981
2018-01-09 12:30:00,0.4135894229120357,0.4390510194224455,0.43752185773878527,0.4001279535641969,0.46605613970170623,0.13308430898686427
2018-01-09 13:30:00,0.4619667949825163,0.49145987767211835,0.4863828500524876,0.20046100692685004,0.5130772065357935,0.3321473734282707
2018-01-09 14:30:00,0.5001795938067407,0.5222255268523062,0.5334371104273183,0.4852885144591803,0.5600523077309704,0.06080388015804133
2018-01-09 15:30:00,0.46021489456605835,0.463723991875745,0.5087161278293967,0.4350284724330394,0.527733865418295,0.10116235750689538
2018-01-09 16:30:00,0.08695990059807025,0.03952576975003624,0.023918546152032566,0.004969104839654248,0.14832135121144557,0.0319728013075666
2018-01-09 17:30:00,0.0,0.0,0.0,0.0,0.0,0.0
2018-01-09 18:30:00,0.0,0.0,0.0,0.0,0.0,0.0
2018-01-09 19:30:00,0.0,0.0,0.0,0.0,0.0,0.0
2018-01-09 20:30:00,0.0,0.0,0.0,0.0,0.0,0.0
2018-01-09 21:30:00,0.0,0.0,0.0,0.0,0.0,0.0
2018-01-09 22:30:00,0.0,0.0,0.0,0.0,0.0,0.0
2018-01-09 23:30:00,0.0,0.0,0.0,0.0,0.0,0.0
2018-01-10 00:30:00,0.0,0.0,0.0,0.0,0.0,0.0
2018-01-10 01:30:00,0.0,0.0,0.0,0.0,0.0,0.0
2018-01-10 02:30:00,0.0,0.0,0.0,0.0,0.0,0.0
2018-01-10 03:30:00,0.0,0.0,0.0,0.0,0.0,0.0
2018-01-10 04:30:00,0.0,0.0,0.0,0.0,0.0,0.0
2018-01-10 05:30:00,0.0,0.0,0.0,0.0,0.0,0.0
2018-01-10 06:30:00,0.0,0.0,0.0,0.0,0.0,0.0
2018-01-10 07:30:00,-0.0,0.00537058070887332,-0.0,-0.0,0.0016674188838478674,0.0
2018-01-10 08:30:00,0.006561163612047924,0.011448017871328696,0.09673519973469806,0.012723497324673335,0.1273851507453318,0.040216113919977564
2018-01-10 09:30:00,0.03218170274724266,0.03022953327464545,0.32381247464155716,0.005896836626005175,0.05185380782900008,0.03369351549400446
2018-01-10 10:30:00,0.10773035677791479,0.4813334069076312,0.005513352892412706,0.012921495196575181,0.08960501175457711,0.12580713424569256
2018-01-10 11:30:00,0.12270055467675822,0.4253720404370667,0.3252284702743515,0.06078054494216764,0.2729814927250993,0.17889797074016078
2018-01-10 12:30:00,0.24562441768891388,0.4224661148085896,0.32000222703518644,0.07682451474608337,0.2014439008240475,0.1019449889700509
2018-01-10 13:30:00,0.17565896040611373,0.36615383714176086,0.34099512447540575,0.050376076970831754,0.05310072861781657,0.2719195139727413
2018-01-10 14:30:00,0.06686907927381674,0.3853574944920078,0.1677879734185856,0.03735985445244221,0.13787708304778593,0.08139746207064036
2018-01-10 15:30:00,0.031099655420128238,0.07784641256174535,0.03775404127377782,0.01356567438804993,0.006176208487428134,0.05042827122944462
2018-01-10 16:30:00,0.002052936358070622,0.0024142311809583978,0.013059672551315885,0.0024813734770401615,0.016662979578601106,0.018077275054558993
2018-01-10 17:30:00,0.0,0.0,0.0,0.0,0.0,0.0
2018-01-10 18:30:00,0.0,0.0,0.0,0.0,0.0,0.0
2018-01-10 19:30:00,0.0,0.0,0.0,0.0,0.0,0.0
2018-01-10 20:30:00,0.0,0.0,0.0,0.0,0.0,0.0
2018-01-10 21:30:00,0.0,0.0,0.0,0.0,0.0,0.0
2018-01-10 22:30:00,0.0,0.0,0.0,0.0,0.0,0.0
2018-01-10 23:30:00,0.0,0.0,0.0,0.0,0.0,0.0
2018-01-11 00:30:00,0.0,0.0,0.0,0.0,0.0,0.0
2018-01-11 01:30:00,0.0,0.0,0.0,0.0,0.0,0.0
2018-01-11 02:30:00,0.0,0.0,0.0,0.0,0.0,0.0
2018-01-11 03:30:00,0.0,0.0,0.0,0.0,0.0,0.0
2018-01-11 04:30:00,0.0,0.0,0.0,0.0,0.0,0.0
2018-01-11 05:30:00,0.0,0.0,0.0,0.0,0.0,0.0
2018-01-11 06:30:00,0.0,0.0,0.0,0.0,0.0,0.0
2018-01-11 07:30:00,0.019598754517354156,0.0755053453740166,-0.0,-0.0,0.0037313013066356984,0.0
2018-01-11 08:30:00,0.4587554192784776,0.523256852903091,0.008076142537936743,0.42593502624148766,0.5404134825528675,0.4067134168221942
2018-01-11 09:30:00,0.5699175174927744,0.5791935784081734,0.3458742252400504,0.5478175006933291,0.6233922060739331,0.3522921346241337
2018-01-11 10:30:00,0.5363469981290606,0.5365215383815748,0.23331599313474044,0.5151770746621912,0.5867602290519182,0.4086550434673134
2018-01-11 11:30:00,0.47320225005109906,0.47840014444790646,0.22380045588769684,0.4498158426926783,0.5283147076873073,0.4334267510896467
2018-01-11 12:30:00,0.456508840421292,0.476965872288284,0.2387562351612559,0.43908470663031,0.5157091792240663,0.40132821616234743
2018-01-11 13:30:00,0.5101947258790006,0.5300748478369678,0.23712602076335765,0.49592123640780184,0.5653420663473628,0.26231786152607794
2018-01-11 14:30:00,0.5559298566585107,0.5648063903870203,0.21577228993338796,0.534070040173235,0.6060064531686139,0.2995785881927233
2018-01-11 15:30:00,0.5117658242863634,0.503606334162489,0.0724152969397803,0.4843154421246199,0.5686968926821433,0.16595870589102338
2018-01-11 16:30:00,0.10199905212148765,0.07437704369422254,0.029193898184729023,0.0766293365117632,0.17414851635426412,0.03745745563761866
2018-01-11 17:30:00,0.0,0.0,0.0,0.0,0.0,0.0
2018-01-11 18:30:00,0.0,0.0,0.0,0.0,0.0,0.0
2018-01-11 19:30:00,0.0,0.0,0.0,0.0,0.0,0.0
2018-01-11 20:30:00,0.0,0.0,0.0,0.0,0.0,0.0
2018-01-11 21:30:00,0.0,0.0,0.0,0.0,0.0,0.0
2018-01-11 22:30:00,0.0,0.0,0.0,0.0,0.0,0.0
2018-01-11 23:30:00,0.0,0.0,0.0,0.0,0.0,0.0
2018-01-12 00:30:00,0.0,0.0,0.0,0.0,0.0,0.0
2018-01-12 01:30:00,0.0,0.0,0.0,0.0,0.0,0.0
2018-01-12 02:30:00,0.0,0.0,0.0,0.0,0.0,0.0
2018-01-12 03:30:00,0.0,0.0,0.0,0.0,0.0,0.0
2018-01-12 04:30:00,0.0,0.0,0.0,0.0,0.0,0.0
2018-01-12 05:30:00,0.0,0.0,0.0,0.0,0.0,0.0
2018-01-12 06:30:00,0.0,0.0,0.0,0.0,0.0,0.0
2018-01-12 07:30:00,0.0007066995502836183,0.009076825400810356,-0.0,-0.0,0.03718725981171239,0.0
2018-01-12 08:30:00,0.09894187869328097,0.16338323262921653,0.005851719952877706,0.035239173651592674,0.5326460233507365,0.030222583720182838
2018-01-12 09:30:00,0.03567860606970145,0.07197586055309288,0.20130413331847702,-0.0,0.6119224374938681,0.44397737502688855
2018-01-12 10:30:00,0.05534448948391526,0.06284280093822978,0.07510131695645268,0.0017354024714930731,0.5743472283003861,0.575343261178321
2018-01-12 11:30:00,0.03796342746343386,0.08071708273130997,0.36383846519685636,0.003514079519261412,0.5141626763449034,0.5131408882651196
2018-01-12 12:30:00,0.06400446050419674,0.18642686830773272,0.3181129006373215,0.261499609868481,0.502048363015171,0.4874563544923544
2018-01-12 13:30:00,0.49913341164555053,0.152586045764029,0.3774360068405447,0.48765313533819343,0.5434456118676095,0.3839626234627578
2018-01-12 14:30:00,0.01433537152719098,0.28996220904955833,0.09599236941356469,0.38364758400802346,0.19688860289568058,0.24829202576068826
2018-01-12 15:30:00,0.17501909655042672,0.4922763308811235,0.06318602738439952,0.03353940112036713,0.043878615853613946,0.017141838818496367
2018-01-12 16:30:00,0.00493770431848419,0.07299809847692953,0.04453218468243309,0.08737702880634579,0.005356035585772253,0.0344367553587374
2018-01-12 17:30:00,0.0,0.0,0.0,0.0,0.0,0.0
2018-01-12 18:30:00,0.0,0.0,0.0,0.0,0.0,0.0
2018-01-12 19:30:00,0.0,0.0,0.0,0.0,0.0,0.0
2018-01-12 20:30:00,0.0,0.0,0.0,0.0,0.0,0.0
2018-01-12 21:30:00,0.0,0.0,0.0,0.0,0.0,0.0
2018-01-12 22:30:00,0.0,0.0,0.0,0.0,0.0,0.0
2018-01-12 23:30:00,0.0,0.0,0.0,0.0,0.0,0.0
2018-01-13 00:30:00,0.0,0.0,0.0,0.0,0.0,0.0
2018-01-13 01:30:00,0.0,0.0,0.0,0.0,0.0,0.0
2018-01-13 02:30:00,0.0,0.0,0.0,0.0,0.0,0.0
2018-01-13 03:30:00,0.0,0.0,0.0,0.0,0.0,0.0
2018-01-13 04:30:00,0.0,0.0,0.0,0.0,0.0,0.0
2018-01-13 05:30:00,0.0,0.0,0.0,0.0,0.0,0.0
2018-01-13 06:30:00,0.0,0.0,0.0,0.0,0.0,0.0
2018-01-13 07:30:00,0.020564764125470345,0.0038254890630994936,-0.0,-0.0,0.0024893078291200084,-0.0
2018-01-13 08:30:00,0.1716379568566766,0.5023847042907391,0.18881407624171898,0.06944132836231738,0.13679192629932507,0.40781246289446016
2018-01-13 09:30:00,0.15266972339077822,0.556214846921178,0.28070999284905845,0.07929693522761772,0.5994894875738188,0.5842151419316384
2018-01-13 10:30:00,0.2890602066607623,0.5139299755986192,0.37430895346047327,0.23984737556039848,0.5611790863120162,0.380270378246067
2018-01-13 11:30:00,0.455498420567568,0.45845288795821576,0.41474270355576304,0.142009124147398,0.4992426732373274,0.4429311327331511
2018-01-13 12:30:00,0.442779813326294,0.3429507088896246,0.37046004408718636,0.27217939092996296,0.48803563038919817,0.41988303221725615
2018-01-13 13:30:00,0.10795246464149708,0.30228323801498036,0.05907022315301055,0.27240757809367705,0.41451728028068746,0.4368724022646031
2018-01-13 14:30:00,0.2511653453589929,0.5312129615310032,0.06614121839500665,0.17739474844815628,0.316575981747578,0.395104971554723
2018-01-13 15:30:00,0.15600285061895697,0.4768755496360698,0.0503854102778033,0.16057370552720604,0.5436452593836983,0.26572630268252506
2018-01-13 16:30:00,0.024750822899894463,0.012128804685344656,0.037096830704980294,0.0867705924416453,0.1809652534885313,0.07055145986483867
2018-01-13 17:30:00,0.0,0.0,0.0,0.0,0.0,0.0
2018-01-13 18:30:00,0.0,0.0,0.0,0.0,0.0,0.0
2018-01-13 19:30:00,0.0,0.0,0.0,0.0,0.0,0.0
2018-01-13 20:30:00,0.0,0.0,0.0,0.0,0.0,0.0
2018-01-13 21:30:00,0.0,0.0,0.0,0.0,0.0,0.0
2018-01-13 22:30:00,0.0,0.0,0.0,0.0,0.0,0.0
2018-01-13 23:30:00,0.0,0.0,0.0,0.0,0.0,0.0
2018-01-14 00:30:00,0.0,0.0,0.0,0.0,0.0,0.0
2018-01-14 01:30:00,0.0,0.0,0.0,0.0,0.0,0.0
2018-01-14 02:30:00,0.0,0.0,0.0,0.0,0.0,0.0
2018-01-14 03:30:00,0.0,0.0,0.0,0.0,0.0,0.0
2018-01-14 04:30:00,0.0,0.0,0.0,0.0,0.0,0.0
2018-01-14 05:30:00,0.0,0.0,0.0,0.0,0.0,0.0
2018-01-14 06:30:00,0.0,0.0,0.0,0.0,0.0,0.0
2018-01-14 07:30:00,0.02224904645993494,0.07621084304863666,-0.0,0.01657635388829488,0.0425987926312338,-0.0
2018-01-14 08:30:00,0.45467719927582234,0.4995131078914783,0.4385252073233918,0.4266438648781021,0.5393496064525164,0.4345090318691729
2018-01-14 09:30:00,0.5538533835923074,0.552556783642204,0.5817333882122895,0.5333429940833709,0.618785511181341,0.6087490809762017
2018-01-14 10:30:00,0.5180342548511143,0.5128759984953088,0.5543688477367127,0.5014555371378548,0.57523097606491,0.5793608096991505
2018-01-14 11:30:00,0.45659788850174465,0.4597419722472212,0.4861366931571695,0.4419837350740969,0.5061801373644309,0.5155187396396417
2018-01-14 12:30:00,0.44621064753305606,0.4577496625356171,0.4669551160198364,0.43182085551671273,0.4928455267870077,0.48960702660525196
2018-01-14 13:30:00,0.30253184037226594,0.5047058593680069,0.42767135110980425,0.48155803270897135,0.5371484432613891,0.5313769185364285
2018-01-14 14:30:00,0.35698676418819636,0.5359340081833696,0.5650907848587537,0.5231450189362482,0.5853959712576493,0.5885814246697597
2018-01-14 15:30:00,0.360874133623821,0.48312242156121654,0.5473577562191595,0.26672041798821916,0.5607212312936256,0.5831719527936078
2018-01-14 16:30:00,0.1232850334636875,0.08583506797220784,0.19405514160279164,0.014188027246616476,0.2088836699812628,0.27354627913569013
2018-01-14 17:30:00,0.0,0.0,0.0,0.0,0.0,0.0
2018-01-14 18:30:00,0.0,0.0,0.0,0.0,0.0,0.0
2018-01-14 19:30:00,0.0,0.0,0.0,0.0,0.0,0.0
2018-01-14 20:30:00,0.0,0.0,0.0,0.0,0.0,0.0
2018-01-14 21:30:00,0.0,0.0,0.0,0.0,0.0,0.0
2018-01-14 22:30:00,0.0,0.0,0.0,0.0,0.0,0.0
2018-01-14 23:30:00,0.0,0.0,0.0,0.0,0.0,0.0
2018-01-15 00:30:00,0.0,0.0,0.0,0.0,0.0,0.0
2018-01-15 01:30:00,0.0,0.0,0.0,0.0,0.0,0.0
2018-01-15 02:30:00,0.0,0.0,0.0,0.0,0.0,0.0
2018-01-15 03:30:00,0.0,0.0,0.0,0.0,0.0,0.0
2018-01-15 04:30:00,0.0,0.0,0.0,0.0,0.0,0.0
2018-01-15 05:30:00,0.0,0.0,0.0,0.0,0.0,0.0
2018-01-15 06:30:00,0.0,0.0,0.0,0.0,0.0,0.0
2018-01-15 07:30:00,-0.0,-0.0,-0.0,-0.0,0.035643728716751255,-0.0
2018-01-15 08:30:00,0.02111237395418922,0.011779975398525582,0.43111303171945003,0.01770465289387527,0.05017292192840495,0.1031024041512095
2018-01-15 09:30:00,0.007132831193232867,0.009103877463082402,0.14619151745467968,0.013069785523729812,0.08761164540222756,0.5847857372326606
2018-01-15 10:30:00,0.0709581483155413,0.0429450382479524,0.1794700157735496,0.1430216985153462,0.10974767162083841,0.5697353645242996
2018-01-15 11:30:00,0.14285889194036822,0.13651627864891624,0.07666971579385404,0.33047529429737654,0.08893118673772551,0.5125219768956216
2018-01-15 12:30:00,0.17245631236680461,0.09059696332514985,0.09503358032391308,0.23712341554165745,0.09485035752186566,0.4931438469328251
2018-01-15 13:30:00,0.15048312141068154,0.20576626072204926,0.30093751866965784,0.5555254701120167,0.06417477767308939,0.5362309960436896
2018-01-15 14:30:00,0.22727108883008384,0.6160219908113131,0.3414198278403703,0.608744609636103,0.09153524947038522,0.5958590565362191
2018-01-15 15:30:00,0.11070264633322499,0.5817901626686491,0.10451645268775919,0.569995803708504,0.5704952315179573,0.5895926132086141
2018-01-15 16:30:00,0.026268031031462052,0.1126201952276419,0.006996217909365076,0.12511336800440645,0.19990397618762862,0.28922742377042565
2018-01-15 17:30:00,0.0,0.0,0.0,0.0,0.0,0.0
2018-01-15 18:30:00,0.0,0.0,0.0,0.0,0.0,0.0
2018-01-15 19:30:00,0.0,0.0,0.0,0.0,0.0,0.0
2018-01-15 20:30:00,0.0,0.0,0.0,0.0,0.0,0.0
2018-01-15 21:30:00,0.0,0.0,0.0,0.0,0.0,0.0
2018-01-15 22:30:00,0.0,0.0,0.0,0.0,0.0,0.0
2018-01-15 23:30:00,0.0,0.0,0.0,0.0,0.0,0.0
2018-01-16 00:30:00,0.0,0.0,0.0,0.0,0.0,0.0
2018-01-16 01:30:00,0.0,0.0,0.0,0.0,0.0,0.0
2018-01-16 02:30:00,0.0,0.0,0.0,0.0,0.0,0.0
2018-01-16 03:30:00,0.0,0.0,0.0,0.0,0.0,0.0
2018-01-16 04:30:00,0.0,0.0,0.0,0.0,0.0,0.0
2018-01-16 05:30:00,0.0,0.0,0.0,0.0,0.0,0.0
2018-01-16 06:30:00,0.0,0.0,0.0,0.0,0.0,0.0
2018-01-16 07:30:00,0.0020533246108643917,0.014881599718940305,-0.0,0.023647807272600883,0.005230167328495313,-0.0
2018-01-16 08:30:00,0.5015975267438263,0.575748930044066,0.47708536913354965,0.4781222448884857,0.566571385218571,0.23248502395265586
2018-01-16 09:30:00,0.5843314574108867,0.6060828690484981,0.6169067262426732,0.23188273463336556,0.6279002860867877,0.6262959469899577
2018-01-16 10:30:00,0.5532312629467709,0.5587235213965912,0.5787208748510582,0.5532669578634194,0.5894799680830416,0.5954387377669796
2018-01-16 11:30:00,0.4940663554407806,0.4995276426991535,0.5136702340637533,0.4855423807664711,0.5180420767492413,0.5306377132403546
2018-01-16 12:30:00,0.480752468976742,0.49527162292269794,0.48306472364876324,0.4703313938750226,0.5047574268804027,0.503148234689993
2018-01-16 13:30:00,0.5300354049080714,0.545064184589143,0.5302016562631813,0.5227989705043758,0.547814108520077,0.5411285745083702
2018-01-16 14:30:00,0.5794029202517648,0.5880161763796977,0.5858217246861517,0.5741170274761896,0.6036709129415004,0.6024936447415516
2018-01-16 15:30:00,0.5501407218301243,0.5455543887912044,0.577532699104721,0.5425010630065502,0.5889012289963194,0.6051136593167125
2018-01-16 16:30:00,0.16292905753433817,0.11483740505987144,0.22442636535388155,0.12393986026957562,0.2311681713396495,0.14885636717105843
2018-01-16 17:30:00,0.0,0.0,0.0,0.0,0.0,0.0
2018-01-16 18:30:00,0.0,0.0,0.0,0.0,0.0,0.0
2018-01-16 19:30:00,0.0,0.0,0.0,0.0,0.0,0.0
2018-01-16 20:30:00,0.0,0.0,0.0,0.0,0.0,0.0
2018-01-16 21:30:00,0.0,0.0,0.0,0.0,0.0,0.0
2018-01-16 22:30:00,0.0,0.0,0.0,0.0,0.0,0.0
2018-01-16 23:30:00,0.0,0.0,0.0,0.0,0.0,0.0
2018-01-17 00:30:00,0.0,0.0,0.0,0.0,0.0,0.0
2018-01-17 01:30:00,0.0,0.0,0.0,0.0,0.0,0.0
2018-01-17 02:30:00,0.0,0.0,0.0,0.0,0.0,0.0
2018-01-17 03:30:00,0.0,0.0,0.0,0.0,0.0,0.0
2018-01-17 04:30:00,0.0,0.0,0.0,0.0,0.0,0.0
2018-01-17 05:30:00,0.0,0.0,0.0,0.0,0.0,0.0
2018-01-17 06:30:00,0.0,0.0,0.0,0.0,0.0,0.0
2018-01-17 07:30:00,0.02875768140642052,0.0924857103319548,-0.0,0.02265518038499885,0.04990863118584983,-0.0
2018-01-17 08:30:00,0.484475410529441,0.5372244697859608,0.45387843795155586,0.46175039818436864,0.560235671903101,0.44516183100076867
2018-01-17 09:30:00,0.5674415824404746,0.586549028867576,0.590442035099626,0.5652259033500833,0.6164884426416294,0.6103571841107269
2018-01-17 10:30:00,0.5328995929429836,0.5426718971744189,0.5590354443101359,0.5288831754958342,0.5686477076989974,0.5867223178684823
2018-01-17 11:30:00,0.476287581881586,0.4831058190428201,0.49711669284329324,0.46464522389720175,0.513818463721342,0.5234870961660651
2018-01-17 12:30:00,0.4635442632500252,0.4801762525417517,0.4759381385320342,0.45118334146997413,0.5059263034942361,0.49835625712013004
2018-01-17 13:30:00,0.5118633484848344,0.5313184746820078,0.5204614180815009,0.5039365029736892,0.5522801150562786,0.5382671953557715
2018-01-17 14:30:00,0.559495361315899,0.5725913837518226,0.5738144770315132,0.5506368479453356,0.6042535081035548,0.5945455345265602
2018-01-17 15:30:00,0.5297076325450528,0.5285361064424411,0.5606777839793157,0.5159347111908563,0.5856494794106684,0.586862067073016
2018-01-17 16:30:00,0.15951734145880778,0.1141610625288183,0.22288398260838274,0.12770942802522614,0.23623782547919106,0.2976683026745636
2018-01-17 17:30:00,0.0,0.0,0.0,0.0,0.0,0.0
2018-01-17 18:30:00,0.0,0.0,0.0,0.0,0.0,0.0
2018-01-17 19:30:00,0.0,0.0,0.0,0.0,0.0,0.0
2018-01-17 20:30:00,0.0,0.0,0.0,0.0,0.0,0.0
2018-01-17 21:30:00,0.0,0.0,0.0,0.0,0.0,0.0
2018-01-17 22:30:00,0.0,0.0,0.0,0.0,0.0,0.0
2018-01-17 23:30:00,0.0,0.0,0.0,0.0,0.0,0.0
2018-01-18 00:30:00,0.0,0.0,0.0,0.0,0.0,0.0
2018-01-18 01:30:00,0.0,0.0,0.0,0.0,0.0,0.0
2018-01-18 02:30:00,0.0,0.0,0.0,0.0,0.0,0.0
2018-01-18 03:30:00,0.0,0.0,0.0,0.0,0.0,0.0
2018-01-18 04:30:00,0.0,0.0,0.0,0.0,0.0,0.0
2018-01-18 05:30:00,0.0,0.0,0.0,0.0,0.0,0.0
2018-01-18 06:30:00,0.0,0.0,0.0,0.0,0.0,0.0
2018-01-18 07:30:00,0.0018087890746529825,0.014652141067272455,-0.0,0.0006461911442279373,0.0042968562244599905,-0.0
2018-01-18 08:30:00,0.24888997908789906,0.2374701530541852,0.07318356904338989,0.1178627103752188,0.4150891825827319,0.09522518626455241
2018-01-18 09:30:00,0.24074251852614195,0.22221090952199407,0.123586853946698,0.20379932991893288,0.26805430176328826,0.19758449325380542
2018-01-18 10:30:00,0.3575894989099778,0.339372467678961,0.39826393709364494,0.20769446165818595,0.31112515553158787,0.41763287988755105
2018-01-18 11:30:00,0.2836492452885605,0.30169150760046065,0.4154422488270178,0.2723795893288782,0.37338328129615667,0.44583303198253227
2018-01-18 12:30:00,0.23570165408996263,0.3379426462464994,0.3936929609649109,0.33317303293304956,0.3892010995787963,0.48912855508080716
2018-01-18 13:30:00,0.2215260045853736,0.3043487236712923,0.5143300946164296,0.3230443944021125,0.39091771818223026,0.4420638570980774
2018-01-18 14:30:00,0.41827060080745293,0.23461900567958102,0.5191581125796482,0.5215940774418467,0.3171233255665914,0.47467221670198395
2018-01-18 15:30:00,0.3741628606327252,0.1321496030367118,0.2330286334992327,0.4944238323479589,0.35129701831243054,0.4313656349384831
2018-01-18 16:30:00,0.042545837715933336,0.03699338194604418,0.05799388128466264,0.028692253377133353,0.23605290059207884,0.07925908706515947
2018-01-18 17:30:00,0.0,0.0,0.0,0.0,0.0,0.0
2018-01-18 18:30:00,0.0,0.0,0.0,0.0,0.0,0.0
2018-01-18 19:30:00,0.0,0.0,0.0,0.0,0.0,0.0
2018-01-18 20:30:00,0.0,0.0,0.0,0.0,0.0,0.0
2018-01-18 21:30:00,0.0,0.0,0.0,0.0,0.0,0.0
2018-01-18 22:30:00,0.0,0.0,0.0,0.0,0.0,0.0
2018-01-18 23:30:00,0.0,0.0,0.0,0.0,0.0,0.0
2018-01-19 00:30:00,0.0,0.0,0.0,0.0,0.0,0.0
2018-01-19 01:30:00,0.0,0.0,0.0,0.0,0.0,0.0
2018-01-19 02:30:00,0.0,0.0,0.0,0.0,0.0,0.0
2018-01-19 03:30:00,0.0,0.0,0.0,0.0,0.0,0.0
2018-01-19 04:30:00,0.0,0.0,0.0,0.0,0.0,0.0
2018-01-19 05:30:00,0.0,0.0,0.0,0.0,0.0,0.0
2018-01-19 06:30:00,0.0,0.0,0.0,0.0,0.0,0.0
2018-01-19 07:30:00,-0.0,0.019159399111112387,-0.0,-0.0,0.0010840340551600998,-0.0
2018-01-19 08:30:00,0.0004165399774178356,0.22298229499600408,0.43929857350866275,0.003466933578679947,0.14065036730492161,0.4276315013953914
2018-01-19 09:30:00,-0.0,0.20584501211458384,0.5724367295307635,0.0004186268305503447,0.17809024877010501,0.5973424120424239
2018-01-19 10:30:00,0.12785513991365274,0.1526538038526233,0.549751990882851,0.0010293336061462197,0.3108006950940981,0.3560500192780508
2018-01-19 11:30:00,0.14074559900057948,0.23694982258478015,0.48935539842955444,0.014978576704456696,0.3124476539014671,0.4583896540993229
2018-01-19 12:30:00,0.24904766662640343,0.3137318619918893,0.4707722842374223,0.016343223813373185,0.35838182608676145,0.49333690518786094
2018-01-19 13:30:00,0.24340910941341148,0.19960592934899038,0.5129119201760822,0.08403919794067045,0.3509112999786336,0.4605669076810381
2018-01-19 14:30:00,0.2825935830787789,0.275636060652243,0.5639299971238431,0.09617058849547608,0.4044828786435233,0.4486204004916764
2018-01-19 15:30:00,0.34642957945085007,0.06690857567717669,0.54862507598391,0.15510000686125253,0.16492120857117937,0.40135861563650294
2018-01-19 16:30:00,0.04063790754772046,0.021686393668364088,0.23081460778968207,0.03405942507366123,0.053657430917199454,0.09202613378039606
2018-01-19 17:30:00,0.0,0.0,0.0,0.0,0.0,0.0
2018-01-19 18:30:00,0.0,0.0,0.0,0.0,0.0,0.0
2018-01-19 19:30:00,0.0,0.0,0.0,0.0,0.0,0.0
2018-01-19 20:30:00,0.0,0.0,0.0,0.0,0.0,0.0
2018-01-19 21:30:00,0.0,0.0,0.0,0.0,0.0,0.0
2018-01-19 22:30:00,0.0,0.0,0.0,0.0,0.0,0.0
2018-01-19 23:30:00,0.0,0.0,0.0,0.0,0.0,0.0
2018-01-20 00:30:00,0.0,0.0,0.0,0.0,0.0,0.0
2018-01-20 01:30:00,0.0,0.0,0.0,0.0,0.0,0.0
2018-01-20 02:30:00,0.0,0.0,0.0,0.0,0.0,0.0
2018-01-20 03:30:00,0.0,0.0,0.0,0.0,0.0,0.0
2018-01-20 04:30:00,0.0,0.0,0.0,0.0,0.0,0.0
2018-01-20 05:30:00,0.0,0.0,0.0,0.0,0.0,0.0
2018-01-20 06:30:00,0.0,0.0,0.0,0.0,0.0,0.0
2018-01-20 07:30:00,0.0034961456989633165,0.0136973458022734,-0.0,6.685367678012854e-05,0.004746602373967156,-0.0
2018-01-20 08:30:00,0.19913833939381273,0.30400175499908,0.21315651503068603,0.019496938413372793,0.17599137553482858,0.05451532140335835
2018-01-20 09:30:00,0.3556010138079892,0.2699709344042341,0.3111287758806686,0.23193603408596786,0.6113279567991888,0.06347021601000043
2018-01-20 10:30:00,0.35123073807712635,0.3232899860908212,0.30024845783483134,0.2735557838203905,0.5777592967314145,0.071555100472257
2018-01-20 11:30:00,0.4674050117471072,0.3585677448129743,0.35953711942027333,0.3062758370168935,0.5212867265058968,0.14092699607760112
2018-01-20 12:30:00,0.4505620886079942,0.4651969928641797,0.37392169743677034,0.21416939313897104,0.5076517416432069,0.16363749639377156
2018-01-20 13:30:00,0.49201623072046335,0.4038773134214101,0.3583004140372335,0.34763333039322586,0.549188155739799,0.10999615837149966
2018-01-20 14:30:00,0.478684696810169,0.24608822001086486,0.24411692921584605,0.3723321945166244,0.6003266851333097,0.07615438382257951
2018-01-20 15:30:00,0.15362809547943548,0.11477292572496306,0.03505621028793425,0.12737770007256985,0.57785867962766,0.038125906914549965
2018-01-20 16:30:00,0.04586254470615743,0.02916777743499141,0.023343522678939462,0.014069009600538867,0.24715918982291224,0.026191506198035727
2018-01-20 17:30:00,0.0,0.0,0.0,0.0,0.0,0.0
2018-01-20 18:30:00,0.0,0.0,0.0,0.0,0.0,0.0
2018-01-20 19:30:00,0.0,0.0,0.0,0.0,0.0,0.0
2018-01-20 20:30:00,0.0,0.0,0.0,0.0,0.0,0.0
2018-01-20 21:30:00,0.0,0.0,0.0,0.0,0.0,0.0
2018-01-20 22:30:00,0.0,0.0,0.0,0.0,0.0,0.0
2018-01-20 23:30:00,0.0,0.0,0.0,0.0,0.0,0.0
2018-01-21 00:30:00,0.0,0.0,0.0,0.0,0.0,0.0
2018-01-21 01:30:00,0.0,0.0,0.0,0.0,0.0,0.0
2018-01-21 02:30:00,0.0,0.0,0.0,0.0,0.0,0.0
2018-01-21 03:30:00,0.0,0.0,0.0,0.0,0.0,0.0
2018-01-21 04:30:00,0.0,0.0,0.0,0.0,0.0,0.0
2018-01-21 05:30:00,0.0,0.0,0.0,0.0,0.0,0.0
2018-01-21 06:30:00,0.0,0.0,0.0,0.0,0.0,0.0
2018-01-21 07:30:00,0.0014030520187072574,-0.0,-0.0,0.0012851448167560213,0.0024445359809869855,-0.0
2018-01-21 08:30:00,0.041135241580319185,0.004452851760192275,0.080172650191667,0.027891792115352986,0.04087014442306818,0.07020653035914391
2018-01-21 09:30:00,0.0038498433122384932,0.006962444661482917,0.018708616440900088,0.0031683879859435308,0.02791913220427205,0.1591365270337897
2018-01-21 10:30:00,0.007929501978151251,0.010143565316823363,0.07196665688533091,0.03968991577656116,0.002121520953431414,0.460896101258777
2018-01-21 11:30:00,0.041206351614499176,0.043804220502245854,0.10233596644299728,0.012269364241406915,0.06280868393020662,0.451208386505449
2018-01-21 12:30:00,0.023606871585220273,0.01336791737260178,0.18576989942156336,0.017698923028728348,0.08290975213603953,0.4077391411668863
2018-01-21 13:30:00,0.10116537736781747,0.0042685798408338225,0.07405860530880601,0.053460122621570974,0.08887824705845486,0.45130991044720936
2018-01-21 14:30:00,0.06090460032363092,0.0006287231295420125,0.03650210767193781,0.004424958231449982,0.09545508472809495,0.40597315802616063
2018-01-21 15:30:00,0.04760398323397984,0.016299612842546475,0.10002162644588224,0.050953962950619776,0.021434911708126437,0.2934949890575891
2018-01-21 16:30:00,0.014287327123421767,0.01342178137806793,0.049681580146325524,0.00933456902645985,0.044548890547789266,0.05235144996300993
2018-01-21 17:30:00,0.0,0.0,0.0,0.0,0.0,0.0
2018-01-21 18:30:00,0.0,0.0,0.0,0.0,0.0,0.0
2018-01-21 19:30:00,0.0,0.0,0.0,0.0,0.0,0.0
2018-01-21 20:30:00,0.0,0.0,0.0,0.0,0.0,0.0
2018-01-21 21:30:00,0.0,0.0,0.0,0.0,0.0,0.0
2018-01-21 22:30:00,0.0,0.0,0.0,0.0,0.0,0.0
2018-01-21 23:30:00,0.0,0.0,0.0,0.0,0.0,0.0
2018-01-22 00:30:00,0.0,0.0,0.0,0.0,0.0,0.0
2018-01-22 01:30:00,0.0,0.0,0.0,0.0,0.0,0.0
2018-01-22 02:30:00,0.0,0.0,0.0,0.0,0.0,0.0
2018-01-22 03:30:00,0.0,0.0,0.0,0.0,0.0,0.0
2018-01-22 04:30:00,0.0,0.0,0.0,0.0,0.0,0.0
2018-01-22 05:30:00,0.0,0.0,0.0,0.0,0.0,0.0
2018-01-22 06:30:00,0.0,0.0,0.0,0.0,0.0,0.0
2018-01-22 07:30:00,0.004869700608050632,0.01796516889635524,-0.0,0.003556316054195138,0.005954088746034801,-0.0
2018-01-22 08:30:00,0.5409307287958004,0.5711220022650156,0.5118580019611128,0.5161304569867354,0.6212851477920053,0.12059090723095763
2018-01-22 09:30:00,0.6249616638631531,0.018553313775517975,0.6417793651328162,0.6101631881778995,0.6811710380745564,0.642690379417702
2018-01-22 10:30:00,0.5896444023609713,0.04598070790192277,0.613571327149504,0.5742221793720127,0.6410729879137738,0.6261638704761582
2018-01-22 11:30:00,0.5280763735526631,0.08730087776668054,0.5492265796369028,0.5110546244375077,0.5789390419053003,0.5648062438970773
2018-01-22 12:30:00,0.5141947204566236,0.14503376641271967,0.5165451207569607,0.49665685627937,0.5615725669363659,0.5379610565369901
2018-01-22 13:30:00,0.5612658082179454,0.06643417639774947,0.5588509812537992,0.5489652433430007,0.6051275443092139,0.4859954224627031
2018-01-22 14:30:00,0.6124943690447346,0.6243933020059381,0.6152653768995521,0.5997209736923761,0.6583793683392457,0.4452042850189844
2018-01-22 15:30:00,0.5846054600930324,0.5845437618517395,0.6043464615357279,0.5683870316539432,0.6386327989847354,0.2749009626856114
2018-01-22 16:30:00,0.22416764240264977,0.1769392985613794,0.08192576907305328,0.19194164605061,0.29969377565695665,0.0987247432539579
2018-01-22 17:30:00,0.0,0.0,0.0,0.0,0.0,0.0
2018-01-22 18:30:00,0.0,0.0,0.0,0.0,0.0,0.0
2018-01-22 19:30:00,0.0,0.0,0.0,0.0,0.0,0.0
2018-01-22 20:30:00,0.0,0.0,0.0,0.0,0.0,0.0
2018-01-22 21:30:00,0.0,0.0,0.0,0.0,0.0,0.0
2018-01-22 22:30:00,0.0,0.0,0.0,0.0,0.0,0.0
2018-01-22 23:30:00,0.0,0.0,0.0,0.0,0.0,0.0
2018-01-23 00:30:00,0.0,0.0,0.0,0.0,0.0,0.0
2018-01-23 01:30:00,0.0,0.0,0.0,0.0,0.0,0.0
2018-01-23 02:30:00,0.0,0.0,0.0,0.0,0.0,0.0
2018-01-23 03:30:00,0.0,0.0,0.0,0.0,0.0,0.0
2018-01-23 04:30:00,0.0,0.0,0.0,0.0,0.0,0.0
2018-01-23 05:30:00,0.0,0.0,0.0,0.0,0.0,0.0
2018-01-23 06:30:00,0.0,0.0,0.0,0.0,0.0,0.0
2018-01-23 07:30:00,0.03970182219064807,0.020773768562911736,-0.0,0.003552085251431481,0.0861722179948259,-0.0
2018-01-23 08:30:00,0.5353806823234779,0.5464039468895678,0.10515170954001739,0.4986536060519023,0.5941680688317367,0.21844961684562283
2018-01-23 09:30:00,0.6221672428292913,0.6041425867190888,0.23460150091636553,0.5930764973426769,0.3274503444956271,0.6357820637055721
2018-01-23 10:30:00,0.5898438223597232,0.5712270982867068,0.4370260203968833,0.569402586671085,0.6206428829767956,0.618598706828784
2018-01-23 11:30:00,0.5220651485741241,0.5211232633100947,0.4555118157058351,0.5030371758332031,0.5629274034420708,0.5567388466465159
2018-01-23 12:30:00,0.5071336236874621,0.521205648754349,0.5192049128335368,0.4890032250208088,0.5452314721348335,0.5300357387248144
2018-01-23 13:30:00,0.5500443692670074,0.5649322015421603,0.5612839399926991,0.5350072413047704,0.585242525520478,0.3197966713247333
2018-01-23 14:30:00,0.5976651020964971,0.6000303873119975,0.616822629449287,0.5800044590641226,0.6332499087476507,0.6285057663127426
2018-01-23 15:30:00,0.5664299364541442,0.5608755150883318,0.60504217491394,0.5478584716582798,0.6145707634530544,0.6280853184365004
2018-01-23 16:30:00,0.21829519650457466,0.17567125214118678,0.2858939909715291,0.1875415644037465,0.29886083824167636,0.1509318614460246
2018-01-23 17:30:00,0.0,0.0,0.0,0.0,0.0,0.0
2018-01-23 18:30:00,0.0,0.0,0.0,0.0,0.0,0.0
2018-01-23 19:30:00,0.0,0.0,0.0,0.0,0.0,0.0
2018-01-23 20:30:00,0.0,0.0,0.0,0.0,0.0,0.0
2018-01-23 21:30:00,0.0,0.0,0.0,0.0,0.0,0.0
2018-01-23 22:30:00,0.0,0.0,0.0,0.0,0.0,0.0
2018-01-23 23:30:00,0.0,0.0,0.0,0.0,0.0,0.0
2018-01-24 00:30:00,0.0,0.0,0.0,0.0,0.0,0.0
2018-01-24 01:30:00,0.0,0.0,0.0,0.0,0.0,0.0
2018-01-24 02:30:00,0.0,0.0,0.0,0.0,0.0,0.0
2018-01-24 03:30:00,0.0,0.0,0.0,0.0,0.0,0.0
2018-01-24 04:30:00,0.0,0.0,0.0,0.0,0.0,0.0
2018-01-24 05:30:00,0.0,0.0,0.0,0.0,0.0,0.0
2018-01-24 06:30:00,0.0,0.0,0.0,0.0,0.0,0.0
2018-01-24 07:30:00,0.004746881384331706,0.1099417321508396,0.019880482698618293,0.005230919605669421,0.01735391133426193,-0.0
2018-01-24 08:30:00,0.17854383565778995,0.5521674625908297,0.08185902630957305,0.14688575261623013,0.5813771851197469,0.18750938883711588
2018-01-24 09:30:00,0.40840087817917337,0.38878513940265197,0.40104130851097625,0.14912930696592705,0.32467435934300704,0.6321544925537393
2018-01-24 10:30:00,0.48507710780212937,0.5049914829306443,0.4380015926265112,0.06305309837493486,0.4344087577995086,0.6131294723587075
2018-01-24 11:30:00,0.09790374536198021,0.44736081906052616,0.5285707929286839,0.08924925869299656,0.480819267942026,0.5514679800946275
2018-01-24 12:30:00,0.11944113960275855,0.2399685291262878,0.5096332728560652,0.2857235729184587,0.5148598298066009,0.5251946680444435
2018-01-24 13:30:00,0.1311704733833032,0.5456807502549437,0.5486237753737271,0.3101577230792783,0.4491562215295409,0.5609413653749048
2018-01-24 14:30:00,0.06044527531584321,0.583550683609576,0.6025477154096862,0.5691803119354727,0.6233133940703931,0.6139589980760771
2018-01-24 15:30:00,0.292209005169264,0.5498578563469751,0.5913687164203433,0.5373405612537419,0.5996207594062534,0.35290752130347647
2018-01-24 16:30:00,0.10572486232556484,0.17959009548775515,0.2926434343356085,0.08950304062767842,0.29347214956329737,0.1344125959704996
2018-01-24 17:30:00,0.0,0.0,0.0,0.0,0.0,0.0
2018-01-24 18:30:00,0.0,0.0,0.0,0.0,0.0,0.0
2018-01-24 19:30:00,0.0,0.0,0.0,0.0,0.0,0.0
2018-01-24 20:30:00,0.0,0.0,0.0,0.0,0.0,0.0
2018-01-24 21:30:00,0.0,0.0,0.0,0.0,0.0,0.0
2018-01-24 22:30:00,0.0,0.0,0.0,0.0,0.0,0.0
2018-01-24 23:30:00,0.0,0.0,0.0,0.0,0.0,0.0
2018-01-25 00:30:00,0.0,0.0,0.0,0.0,0.0,0.0
2018-01-25 01:30:00,0.0,0.0,0.0,0.0,0.0,0.0
2018-01-25 02:30:00,0.0,0.0,0.0,0.0,0.0,0.0
2018-01-25 03:30:00,0.0,0.0,0.0,0.0,0.0,0.0
2018-01-25 04:30:00,0.0,0.0,0.0,0.0,0.0,0.0
2018-01-25 05:30:00,0.0,0.0,0.0,0.0,0.0,0.0
2018-01-25 06:30:00,0.0,0.0,0.0,0.0,0.0,0.0
2018-01-25 07:30:00,0.008306054804759027,0.11249023583447416,0.0012789228404341548,0.005061084034461296,0.014800443549711986,-0.0
2018-01-25 08:30:00,0.29928677404811554,0.5563400388619483,0.21059036390914912,0.02141918167695896,0.611826756849005,0.03763519525099836
2018-01-25 09:30:00,0.05552973589621824,0.6129385208827219,0.4148642162670302,0.05215147443067707,0.6699687043618823,0.07252160153570424
2018-01-25 10:30:00,0.10181637946925798,0.5833993544551137,0.42378255948330584,0.1087597822310407,0.6311101546094352,0.14846033296502817
2018-01-25 11:30:00,0.16553509611234266,0.5304387067900367,0.3227734669123679,0.12657732468214808,0.25660347500871394,0.18342603280305103
2018-01-25 12:30:00,0.16823022145024835,0.5247130957657901,0.4426982883612595,0.15312112402823985,0.09592773397475765,0.42131993129074974
2018-01-25 13:30:00,0.128049175162154,0.5706295041468865,0.48931231487614,0.08881121092550304,0.06677940403865576,0.16008176299647903
2018-01-25 14:30:00,0.20864254599771995,0.3869785343064882,0.6102370556894485,0.07660132040476146,0.6584243297512777,0.14399782906354275
2018-01-25 15:30:00,0.3677024702708146,0.07594553185736891,0.6019161970749951,0.025981694653557364,0.6483483994104442,0.05693006698239244
2018-01-25 16:30:00,0.07898439125564845,0.08295720732373793,0.09160798945776116,0.0977758476280708,0.06663189787199543,0.04436077227794805
2018-01-25 17:30:00,0.0,0.0,0.0,0.0,0.0,0.0
2018-01-25 18:30:00,0.0,0.0,0.0,0.0,0.0,0.0
2018-01-25 19:30:00,0.0,0.0,0.0,0.0,0.0,0.0
2018-01-25 20:30:00,0.0,0.0,0.0,0.0,0.0,0.0
2018-01-25 21:30:00,0.0,0.0,0.0,0.0,0.0,0.0
2018-01-25 22:30:00,0.0,0.0,0.0,0.0,0.0,0.0
2018-01-25 23:30:00,0.0,0.0,0.0,0.0,0.0,0.0
2018-01-26 00:30:00,0.0,0.0,0.0,0.0,0.0,0.0
2018-01-26 01:30:00,0.0,0.0,0.0,0.0,0.0,0.0
2018-01-26 02:30:00,0.0,0.0,0.0,0.0,0.0,0.0
2018-01-26 03:30:00,0.0,0.0,0.0,0.0,0.0,0.0
2018-01-26 04:30:00,0.0,0.0,0.0,0.0,0.0,0.0
2018-01-26 05:30:00,0.0,0.0,0.0,0.0,0.0,0.0
2018-01-26 06:30:00,0.0,0.0,0.0,0.0,0.0,0.0
2018-01-26 07:30:00,0.014556569457088121,0.10506689023343499,0.000681016979406989,0.02431174866707889,0.08333990416294984,-0.0
2018-01-26 08:30:00,0.03111691506943033,0.09140188316315966,0.11019609590459341,0.1384476435142025,0.590764674195205,0.5075062984720422
2018-01-26 09:30:00,0.36417417855009776,0.5922265800286461,0.1381079433301966,0.5685880122428967,0.3134795815957195,0.50304312287638
2018-01-26 10:30:00,0.44243879764880195,0.5596281581660952,0.3988423404906298,0.5607125252615642,0.6350661627883062,0.4916712685957487
2018-01-26 11:30:00,0.10406163728059252,0.5143776333740065,0.44593117800177795,0.25273860368044604,0.3535208888854079,0.5245229446788375
2018-01-26 12:30:00,0.3982436043814338,0.5108048492616905,0.4676749041795529,0.44446500862045946,0.563243794977449,0.552138949291567
2018-01-26 13:30:00,0.44211325734260964,0.5552450796701204,0.4150483805887489,0.5483113429546469,0.6069282884577497,0.555994934213872
2018-01-26 14:30:00,0.6223786298703248,0.11025579238565825,0.29408997104884693,0.6132449866955959,0.665074058708446,0.4278518845191083
2018-01-26 15:30:00,0.5994510538156024,0.20534613482843078,0.27428571708713906,0.5918698973740841,0.654410829073189,0.3586830879523356
2018-01-26 16:30:00,0.2589956602897994,0.07940134177335768,0.04152216855059525,0.23480941232806415,0.34895103590026966,0.40762415744916364
2018-01-26 17:30:00,0.0,0.0,0.0,0.0,0.0,0.0
2018-01-26 18:30:00,0.0,0.0,0.0,0.0,0.0,0.0
2018-01-26 19:30:00,0.0,0.0,0.0,0.0,0.0,0.0
2018-01-26 20:30:00,0.0,0.0,0.0,0.0,0.0,0.0
2018-01-26 21:30:00,0.0,0.0,0.0,0.0,0.0,0.0
2018-01-26 22:30:00,0.0,0.0,0.0,0.0,0.0,0.0
2018-01-26 23:30:00,0.0,0.0,0.0,0.0,0.0,0.0
2018-01-27 00:30:00,0.0,0.0,0.0,0.0,0.0,0.0
2018-01-27 01:30:00,0.0,0.0,0.0,0.0,0.0,0.0
2018-01-27 02:30:00,0.0,0.0,0.0,0.0,0.0,0.0
2018-01-27 03:30:00,0.0,0.0,0.0,0.0,0.0,0.0
2018-01-27 04:30:00,0.0,0.0,0.0,0.0,0.0,0.0
2018-01-27 05:30:00,0.0,0.0,0.0,0.0,0.0,0.0
2018-01-27 06:30:00,0.0,0.0,0.0,0.0,0.0,0.0
2018-01-27 07:30:00,0.016016259382371674,0.13404340592326444,0.0020869233736001873,0.005899870935764906,0.014174371247284254,-0.0
2018-01-27 08:30:00,0.22183542851200488,0.5547318754763498,0.2992059150136716,0.08335547814155811,0.6133288716843803,0.2123471258840546
2018-01-27 09:30:00,0.34843307541100565,0.24080892719343522,0.407804925383576,0.07828501957787416,0.6667060054392027,0.39380950581561347
2018-01-27 10:30:00,0.42922661863660694,0.3716847595721334,0.4423357758255461,0.2339723955849258,0.6254367324961744,0.5136636993645596
2018-01-27 11:30:00,0.4619978297383104,0.38228705510433963,0.47003950170789055,0.3520902024531822,0.5656950208802938,0.571132139109412
2018-01-27 12:30:00,0.45182173134946313,0.4036284311075006,0.4832449077916533,0.2467684731749502,0.5489077976810067,0.5453152155442504
2018-01-27 13:30:00,0.4571967187593973,0.4393155357408558,0.416674299454401,0.10535219492129275,0.5878613313191515,0.5442351198321468
2018-01-27 14:30:00,0.5291320152351251,0.43390971252530464,0.4729197280161055,0.19181106438810286,0.6288572692274466,0.4084622535709327
2018-01-27 15:30:00,0.37593886077836103,0.5549119815661048,0.2914870752627005,0.06767564605200904,0.6076163343654921,0.30065906136605286
2018-01-27 16:30:00,0.01861584100455102,0.19964773626096824,0.0844957106546374,0.004036180062219422,0.09444575423290469,0.08935073657656896
2018-01-27 17:30:00,0.0,0.0,0.0,0.0,0.0,0.0
2018-01-27 18:30:00,0.0,0.0,0.0,0.0,0.0,0.0
2018-01-27 19:30:00,0.0,0.0,0.0,0.0,0.0,0.0
2018-01-27 20:30:00,0.0,0.0,0.0,0.0,0.0,0.0
2018-01-27 21:30:00,0.0,0.0,0.0,0.0,0.0,0.0
2018-01-27 22:30:00,0.0,0.0,0.0,0.0,0.0,0.0
2018-01-27 23:30:00,0.0,0.0,0.0,0.0,0.0,0.0
2018-01-28 00:30:00,0.0,0.0,0.0,0.0,0.0,0.0
2018-01-28 01:30:00,0.0,0.0,0.0,0.0,0.0,0.0
2018-01-28 02:30:00,0.0,0.0,0.0,0.0,0.0,0.0
2018-01-28 03:30:00,0.0,0.0,0.0,0.0,0.0,0.0
2018-01-28 04:30:00,0.0,0.0,0.0,0.0,0.0,0.0
2018-01-28 05:30:00,0.0,0.0,0.0,0.0,0.0,0.0
2018-01-28 06:30:00,0.0,0.0,0.0,0.0,0.0,0.0
2018-01-28 07:30:00,0.009094919328195863,0.028011973956490525,0.0038819793357233287,0.06598564303383961,0.10715228894085549,-0.0
2018-01-28 08:30:00,0.5375525190116955,0.3122892469322639,0.0394572821711139,0.5148420840287042,0.592297072134201,0.49902338251996814
2018-01-28 09:30:00,0.3852197409465508,0.6009463078063167,0.056777328938582866,0.58473026191218,0.6481131621856945,0.3938684043039179
2018-01-28 10:30:00,0.45634351556381714,0.559618933850667,0.09263376834134224,0.5560100498791812,0.6084465352952597,0.6182704633855499
2018-01-28 11:30:00,0.4346135634048512,0.5097602203031294,0.13514463684931147,0.12630233639712837,0.550713360833941,0.560619410107082
2018-01-28 12:30:00,0.4668863853130144,0.23602782711308992,0.15275666986046801,0.22377688946092825,0.5334498165001634,0.533980323289492
2018-01-28 13:30:00,0.4540486013703684,0.41950479913103306,0.3889777354946405,0.2073261144345639,0.5707287682119341,0.4803644653191493
2018-01-28 14:30:00,0.49822621048908466,0.5959378644307652,0.23631605177261408,0.12784007431557845,0.6177411444754148,0.5107306610645469
2018-01-28 15:30:00,0.5656521534319986,0.5558620896812138,0.3609381286397767,0.25603971591753183,0.6034800074347072,0.6283231802914191
2018-01-28 16:30:00,0.2552460035455589,0.2098218219244356,0.09760279854092775,0.07065554012419625,0.08586966390604335,0.4116154243631112
2018-01-28 17:30:00,0.0,0.0,0.0,0.0,0.0,0.0
2018-01-28 18:30:00,0.0,0.0,0.0,0.0,0.0,0.0
2018-01-28 19:30:00,0.0,0.0,0.0,0.0,0.0,0.0
2018-01-28 20:30:00,0.0,0.0,0.0,0.0,0.0,0.0
2018-01-28 21:30:00,0.0,0.0,0.0,0.0,0.0,0.0
2018-01-28 22:30:00,0.0,0.0,0.0,0.0,0.0,0.0
2018-01-28 23:30:00,0.0,0.0,0.0,0.0,0.0,0.0
2018-01-29 00:30:00,0.0,0.0,0.0,0.0,0.0,0.0
2018-01-29 01:30:00,0.0,0.0,0.0,0.0,0.0,0.0
2018-01-29 02:30:00,0.0,0.0,0.0,0.0,0.0,0.0
2018-01-29 03:30:00,0.0,0.0,0.0,0.0,0.0,0.0
2018-01-29 04:30:00,0.0,0.0,0.0,0.0,0.0,0.0
2018-01-29 05:30:00,0.0,0.0,0.0,0.0,0.0,0.0
2018-01-29 06:30:00,0.0,0.0,0.0,0.0,0.0,0.0
2018-01-29 07:30:00,0.009957643198634635,0.13717229276954412,0.002548908357791448,0.06500339398217733,0.01782692834280466,0.0006785768965854931
2018-01-29 08:30:00,0.28563633581801906,0.5380889003657423,0.2390263346106966,0.5095818775037425,0.34298860811963044,0.21071671089524274
2018-01-29 09:30:00,0.3616202006829416,0.5835567764432635,0.4054982409863677,0.5750300217567896,0.29582865258732627,0.6231037208234886
2018-01-29 10:30:00,0.5525062618852615,0.5450338082068186,0.4418122577351783,0.5466770380345314,0.5947038887380048,0.5976134325766522
2018-01-29 11:30:00,0.5001207551001929,0.4970523680927661,0.532058900393813,0.492586771149837,0.5408163795232591,0.5485471122678918
2018-01-29 12:30:00,0.4864669734371622,0.4923482274361836,0.5107121109314131,0.336562098550168,0.5230862781582473,0.5258517487831127
2018-01-29 13:30:00,0.5265877654686493,0.5325639512739846,0.46460347696375626,0.5184085703446655,0.5596068142134885,0.5586403958509665
2018-01-29 14:30:00,0.15705930955103004,0.5676699185195416,0.4691829996256696,0.5608628630981277,0.6043924135239347,0.611624108172618
2018-01-29 15:30:00,0.5421194924097154,0.5321797940619066,0.5917373190088042,0.5378010868916653,0.5878316586247321,0.47128914183974063
2018-01-29 16:30:00,0.14779982425104488,0.21164055740897456,0.3358680402547866,0.05842800201479724,0.32837249563961934,0.16773551409253631
2018-01-29 17:30:00,0.0,0.0,0.0,0.0,0.0,0.0
2018-01-29 18:30:00,0.0,0.0,0.0,0.0,0.0,0.0
2018-01-29 19:30:00,0.0,0.0,0.0,0.0,0.0,0.0
2018-01-29 20:30:00,0.0,0.0,0.0,0.0,0.0,0.0
2018-01-29 21:30:00,0.0,0.0,0.0,0.0,0.0,0.0
2018-01-29 22:30:00,0.0,0.0,0.0,0.0,0.0,0.0
2018-01-29 23:30:00,0.0,0.0,0.0,0.0,0.0,0.0
2018-01-30 00:30:00,0.0,0.0,0.0,0.0,0.0,0.0
2018-01-30 01:30:00,0.0,0.0,0.0,0.0,0.0,0.0
2018-01-30 02:30:00,0.0,0.0,0.0,0.0,0.0,0.0
2018-01-30 03:30:00,0.0,0.0,0.0,0.0,0.0,0.0
2018-01-30 04:30:00,0.0,0.0,0.0,0.0,0.0,0.0
2018-01-30 05:30:00,0.0,0.0,0.0,0.0,0.0,0.0
2018-01-30 06:30:00,0.0,0.0,0.0,0.0,0.0,0.0
2018-01-30 07:30:00,0.0047979724283280425,0.03066094737186614,0.004378609190401648,0.0030281426755606883,0.013854553005770882,0.0012423545756445032
2018-01-30 08:30:00,0.004089753105324067,0.20661464003194266,0.1530802527376965,0.025820423489258393,0.24393855079717255,0.5150554596810623
2018-01-30 09:30:00,-0.0,0.1734332873143811,0.6213994976005366,-0.0,0.18937169496734357,0.6373961784654221
2018-01-30 10:30:00,0.0016567882610302534,0.28019796894093446,0.5962628024061142,0.0017064002803149315,0.3842887696809115,0.5096770832218277
2018-01-30 11:30:00,0.003951686489462823,0.23921951514630554,0.47047601226900365,0.010658216652458192,0.4005082390217725,0.5610895228669792
2018-01-30 12:30:00,0.021004157815377875,0.39931910289070455,0.4692561653918586,0.011957773550475552,0.41841537121394085,0.535535369116673
2018-01-30 13:30:00,0.07953751187862652,0.14948645756708717,0.5055031510558494,0.14380794448222103,0.4467429916306345,0.18755422896018772
2018-01-30 14:30:00,0.16478965238637527,0.08967718178585775,0.6150547157306107,0.12897554113604567,0.22045531518222647,0.5786877566521825
2018-01-30 15:30:00,0.0999918895999848,0.03586005448717059,0.5342128442635241,0.2076286892346116,0.20814060195943213,0.5243561572024442
2018-01-30 16:30:00,0.07550952709975103,0.0020035312114792454,0.13182926171368242,0.04122940440761848,0.0964253660012147,0.16745070475943888
2018-01-30 17:30:00,0.0,0.0,0.0,0.0,0.0,-0.0
2018-01-30 18:30:00,0.0,0.0,0.0,0.0,0.0,0.0
2018-01-30 19:30:00,0.0,0.0,0.0,0.0,0.0,0.0
2018-01-30 20:30:00,0.0,0.0,0.0,0.0,0.0,0.0
2018-01-30 21:30:00,0.0,0.0,0.0,0.0,0.0,0.0
2018-01-30 22:30:00,0.0,0.0,0.0,0.0,0.0,0.0
2018-01-30 23:30:00,0.0,0.0,0.0,0.0,0.0,0.0
2018-01-31 00:30:00,0.0,0.0,0.0,0.0,0.0,0.0
2018-01-31 01:30:00,0.0,0.0,0.0,0.0,0.0,0.0
2018-01-31 02:30:00,0.0,0.0,0.0,0.0,0.0,0.0
2018-01-31 03:30:00,0.0,0.0,0.0,0.0,0.0,0.0
2018-01-31 04:30:00,0.0,0.0,0.0,0.0,0.0,0.0
2018-01-31 05:30:00,0.0,0.0,0.0,0.0,0.0,0.0
2018-01-31 06:30:00,0.0,0.0,0.0,0.0,0.0,0.0
2018-01-31 07:30:00,0.016624232150062923,0.007969271315096184,0.004299881545817065,0.06890005981668412,0.013449695665818889,0.0024848256851340337
2018-01-31 08:30:00,0.2036252511759644,0.19983741245381023,0.08851434590794231,0.510187715860255,0.46938137035764776,0.12131356011791561
2018-01-31 09:30:00,0.19568574903996958,0.5962457792403205,0.22547055961284657,0.13048211424133427,0.640416553061453,0.058569612748694475
2018-01-31 10:30:00,0.3016767163612963,0.3672260933357591,0.2607569240760792,0.293214246635475,0.6099274646870794,0.0696658102844326
2018-01-31 11:30:00,0.4020292704592076,0.4093509158503418,0.3909420824581825,0.14642580958090917,0.5613423718026238,0.36690789507177374
2018-01-31 12:30:00,0.30632983953290255,0.3055023112505187,0.44274308248583966,0.20915378807686077,0.5464650527261385,0.4690030739908144
2018-01-31 13:30:00,0.28818366991984684,0.18545633069984224,0.37466530530399766,0.3572215822946767,0.5141786737191395,0.4079142749465602
2018-01-31 14:30:00,0.42130107397236666,0.34488141394308114,0.4233986741228567,0.24448924110975376,0.5780760101868622,0.12544421399459996
2018-01-31 15:30:00,0.3371324151481124,0.2600125766757908,0.40195298534029633,0.023328045874945087,0.43480771987231787,0.07669840582129088
2018-01-31 16:30:00,0.04257004728229182,0.06889156914150282,0.09272236775877454,0.04041035992139742,0.11069757811574375,0.06524569752040689
2018-01-31 17:30:00,0.0,0.0,0.0,0.0,0.0,-0.0
2018-01-31 18:30:00,0.0,0.0,0.0,0.0,0.0,0.0
2018-01-31 19:30:00,0.0,0.0,0.0,0.0,0.0,0.0
2018-01-31 20:30:00,0.0,0.0,0.0,0.0,0.0,0.0
2018-01-31 21:30:00,0.0,0.0,0.0,0.0,0.0,0.0
2018-01-31 22:30:00,0.0,0.0,0.0,0.0,0.0,0.0
2018-01-31 23:30:00,0.0,0.0,0.0,0.0,0.0,0.0
2018-02-01 00:30:00,0.0,0.0,0.0,0.0,0.0,0.0
2018-02-01 01:30:00,0.0,0.0,0.0,0.0,0.0,0.0
2018-02-01 02:30:00,0.0,0.0,0.0,0.0,0.0,0.0
2018-02-01 03:30:00,0.0,0.0,0.0,0.0,0.0,0.0
2018-02-01 04:30:00,0.0,0.0,0.0,0.0,0.0,0.0
2018-02-01 05:30:00,0.0,0.0,0.0,0.0,0.0,0.0
2018-02-01 06:30:00,0.0,0.0,0.0,0.0,0.0,0.0
2018-02-01 07:30:00,0.011505846504930459,0.15642956363111188,0.006789235100504557,0.004352374717161721,0.031783308248677006,0.0037906555523254887
2018-02-01 08:30:00,0.12462368078752249,0.04872896615021816,0.14075362677076467,0.03365114766556933,0.28435800990877563,0.1509495022165991
2018-02-01 09:30:00,0.09751883936359913,0.053696480090492146,0.16801873242969842,0.0037334496277075073,0.6441983634718595,0.043689760594269864
2018-02-01 10:30:00,0.15778524599942967,0.10891078838243294,0.10069362316214199,0.007782896647577079,0.6107776884255325,0.37249121652904155
2018-02-01 11:30:00,0.0828424392274256,0.156978989068964,0.2610181096313668,0.04812516333243357,0.5544983210806549,0.48620738384030787
2018-02-01 12:30:00,0.04619352291423464,0.18636187459701342,0.13164436420946882,0.010926386739241218,0.5383718292356474,0.4748825084296669
2018-02-01 13:30:00,0.09829335848868434,0.13309739811827873,0.2721975022988742,0.06748474860130195,0.5742979325726857,0.4017487209442534
2018-02-01 14:30:00,0.07229715529805707,0.19503149097458883,0.40934872307824405,0.023429299016554064,0.6226073800470476,0.16006818634441292
2018-02-01 15:30:00,0.10206619049067385,0.5643966900881379,0.23450128368833276,0.006216622857094926,0.6131209180631187,0.08985652984257904
2018-02-01 16:30:00,0.11284560212628068,0.06423140764147706,0.11269939425081246,0.018976725999349606,0.36601432223902736,0.07375845227043343
2018-02-01 17:30:00,0.0,0.0,0.0,0.0,0.0,-0.0
2018-02-01 18:30:00,0.0,0.0,0.0,0.0,0.0,0.0
2018-02-01 19:30:00,0.0,0.0,0.0,0.0,0.0,0.0
2018-02-01 20:30:00,0.0,0.0,0.0,0.0,0.0,0.0
2018-02-01 21:30:00,0.0,0.0,0.0,0.0,0.0,0.0
2018-02-01 22:30:00,0.0,0.0,0.0,0.0,0.0,0.0
2018-02-01 23:30:00,0.0,0.0,0.0,0.0,0.0,0.0
2018-02-02 00:30:00,0.0,0.0,0.0,0.0,0.0,0.0
2018-02-02 01:30:00,0.0,0.0,0.0,0.0,0.0,0.0
2018-02-02 02:30:00,0.0,0.0,0.0,0.0,0.0,0.0
2018-02-02 03:30:00,0.0,0.0,0.0,0.0,0.0,0.0
2018-02-02 04:30:00,0.0,0.0,0.0,0.0,0.0,0.0
2018-02-02 05:30:00,0.0,0.0,0.0,0.0,0.0,0.0
2018-02-02 06:30:00,0.0,0.0,0.0,0.0,0.0,0.0
2018-02-02 07:30:00,0.09687251127817746,0.02700881021743636,0.006894815663130389,0.003747045002309841,0.016695346682331056,0.03594141849430879
2018-02-02 08:30:00,0.532185587640376,0.1504588081476552,0.09840682381910905,0.14757791234665252,0.3037266478560683,0.14657625437984878
2018-02-02 09:30:00,0.5910770878236083,0.5900466539449488,0.12495661671985074,0.3858333073064524,0.6386664952958802,0.6409642394845082
2018-02-02 10:30:00,0.5585576474969823,0.5503714958481507,0.24635087132548775,0.4922737062140045,0.605554784986614,0.6222425420141847
2018-02-02 11:30:00,0.5049480082917359,0.5067932401189016,0.4654635332086632,0.5065738521359562,0.5528288229456655,0.5663503632550374
2018-02-02 12:30:00,0.4921830757578092,0.503523621783956,0.5202514303111929,0.39884377745268695,0.5388935075961248,0.5398294644032564
2018-02-02 13:30:00,0.3929127311155493,0.5459660096190821,0.5557645865594538,0.48961729936823367,0.5756730334525249,0.5708383409966569
2018-02-02 14:30:00,0.3391452475293715,0.32048175118096606,0.48994460775552057,0.5632603145539707,0.6251657866042659,0.46298558141031465
2018-02-02 15:30:00,0.011554571620339515,0.036989390799448116,0.603782280645884,0.4464139078642619,0.6120989827447525,0.6302944432527037
2018-02-02 16:30:00,0.14004081445945976,0.005943024557536226,0.05110583213439419,0.07653038194979286,0.07590319549674289,0.15141465669982293
2018-02-02 17:30:00,0.0,0.0,0.0,0.0,0.0,-0.0
2018-02-02 18:30:00,0.0,0.0,0.0,0.0,0.0,0.0
2018-02-02 19:30:00,0.0,0.0,0.0,0.0,0.0,0.0
2018-02-02 20:30:00,0.0,0.0,0.0,0.0,0.0,0.0
2018-02-02 21:30:00,0.0,0.0,0.0,0.0,0.0,0.0
2018-02-02 22:30:00,0.0,0.0,0.0,0.0,0.0,0.0
2018-02-02 23:30:00,0.0,0.0,0.0,0.0,0.0,0.0
2018-02-03 00:30:00,0.0,0.0,0.0,0.0,0.0,0.0
2018-02-03 01:30:00,0.0,0.0,0.0,0.0,0.0,0.0
2018-02-03 02:30:00,0.0,0.0,0.0,0.0,0.0,0.0
2018-02-03 03:30:00,0.0,0.0,0.0,0.0,0.0,0.0
2018-02-03 04:30:00,0.0,0.0,0.0,0.0,0.0,0.0
2018-02-03 05:30:00,0.0,0.0,0.0,0.0,0.0,0.0
2018-02-03 06:30:00,0.0,0.0,0.0,0.0,0.0,0.0
2018-02-03 07:30:00,0.10736551182110785,0.020766479775395173,0.0020948051080800427,0.09603053642723544,0.14395758848374743,0.03841161198248716
2018-02-03 08:30:00,0.5506077852634013,0.560294282307166,0.05681710564078433,0.549520427308797,0.6081024780708243,0.0776628723511292
2018-02-03 09:30:00,0.6155770711259628,0.6112575055604265,0.29192046047774917,0.4106360898362854,0.6649665284507126,0.28695208137027683
2018-02-03 10:30:00,0.5847858125933877,0.5725049561044189,0.3658072062302941,0.4509092260242839,0.6298123136915851,0.20065093484311355
2018-02-03 11:30:00,0.42355095044316926,0.5247971510426748,0.40672219028498263,0.40390927140506344,0.5767595175362049,0.39948284112220234
2018-02-03 12:30:00,0.4472457550271109,0.518139852618548,0.3874037751136336,0.5120743621227558,0.5624850484863919,0.338756893015815
2018-02-03 13:30:00,0.33967643866241604,0.2996848046493811,0.40155937505398454,0.15274176697152814,0.4978232252801955,0.5850387564235564
2018-02-03 14:30:00,0.2149491232454446,0.4578131278498092,0.029434884596825008,0.5084693827744451,0.6462578843457784,0.6390237084273267
2018-02-03 15:30:00,0.5890692721154193,0.3259698391772327,0.1533077710150638,0.5806104392639383,0.6336214381894852,0.3846370828011823
2018-02-03 16:30:00,0.32120417371585597,0.06359936084451176,0.05780222155234181,0.28580005871441605,0.39524743536243295,0.46342069188439433
2018-02-03 17:30:00,0.0,0.0,0.0,0.0,0.0,-0.0
2018-02-03 18:30:00,0.0,0.0,0.0,0.0,0.0,0.0
2018-02-03 19:30:00,0.0,0.0,0.0,0.0,0.0,0.0
2018-02-03 20:30:00,0.0,0.0,0.0,0.0,0.0,0.0
2018-02-03 21:30:00,0.0,0.0,0.0,0.0,0.0,0.0
2018-02-03 22:30:00,0.0,0.0,0.0,0.0,0.0,0.0
2018-02-03 23:30:00,0.0,0.0,0.0,0.0,0.0,0.0
2018-02-04 00:30:00,0.0,0.0,0.0,0.0,0.0,0.0
2018-02-04 01:30:00,0.0,0.0,0.0,0.0,0.0,0.0
2018-02-04 02:30:00,0.0,0.0,0.0,0.0,0.0,0.0
2018-02-04 03:30:00,0.0,0.0,0.0,0.0,0.0,0.0
2018-02-04 04:30:00,0.0,0.0,0.0,0.0,0.0,0.0
2018-02-04 05:30:00,0.0,0.0,0.0,0.0,0.0,0.0
2018-02-04 06:30:00,0.0,0.0,0.0,0.0,0.0,0.0
2018-02-04 07:30:00,0.0005864956466704827,0.17830545013499996,0.004534928969633075,0.008260011279973603,0.026141154318482435,0.04066404435459709
2018-02-04 08:30:00,0.008290562924730507,0.018118999485567413,0.1437811764091445,0.08530904509603819,0.6047038891815044,0.5491382405305976
2018-02-04 09:30:00,0.02784369081869009,0.07783971544315314,0.35957821501596127,0.07414611668771423,0.6572773890752506,0.4087705660841966
2018-02-04 10:30:00,0.1004551465407656,0.6073982806882527,0.3964911258987914,0.15718516190187398,0.6171025189705993,0.5292192563310077
2018-02-04 11:30:00,0.23751900990749986,0.33214165787301525,0.4804560178460631,0.133747065951202,0.5623516960270918,0.4261601473706624
2018-02-04 12:30:00,0.32080808553440615,0.4007067989294105,0.5315314998239113,0.35384867674938086,0.5465182358483751,0.3328266491159754
2018-02-04 13:30:00,0.5540029916288223,0.5801595741887329,0.46502925568411263,0.233086288984286,0.5826387735199122,0.35796622882266677
2018-02-04 14:30:00,0.5224570299382896,0.6250913731611223,0.10255141852759027,0.22123834107446777,0.6320242676962609,0.24344647769366207
2018-02-04 15:30:00,0.33724154584080474,0.5955526808701594,0.062232335825805986,0.09592536378825836,0.6153849769158404,0.08848370500758626
2018-02-04 16:30:00,0.06032400503345951,0.08936609064932433,0.020135396948851195,0.058043893830459006,0.39614509737276066,0.1647821334634284
2018-02-04 17:30:00,0.0,0.0,0.0,0.0,0.0,-0.0
2018-02-04 18:30:00,0.0,0.0,0.0,0.0,0.0,0.0
2018-02-04 19:30:00,0.0,0.0,0.0,0.0,0.0,0.0
2018-02-04 20:30:00,0.0,0.0,0.0,0.0,0.0,0.0
2018-02-04 21:30:00,0.0,0.0,0.0,0.0,0.0,0.0
2018-02-04 22:30:00,0.0,0.0,0.0,0.0,0.0,0.0
2018-02-04 23:30:00,0.0,0.0,0.0,0.0,0.0,0.0
2018-02-05 00:30:00,0.0,0.0,0.0,0.0,0.0,0.0
2018-02-05 01:30:00,0.0,0.0,0.0,0.0,0.0,0.0
2018-02-05 02:30:00,0.0,0.0,0.0,0.0,0.0,0.0
2018-02-05 03:30:00,0.0,0.0,0.0,0.0,0.0,0.0
2018-02-05 04:30:00,0.0,0.0,0.0,0.0,0.0,0.0
2018-02-05 05:30:00,0.0,0.0,0.0,0.0,0.0,0.0
2018-02-05 06:30:00,0.0,0.0,0.0,0.0,0.0,0.0
2018-02-05 07:30:00,0.025149960181434266,0.19537091227478862,0.00507285329218299,0.012064897272393764,0.16571372360023734,0.048737619309308554
2018-02-05 08:30:00,0.33024308337612546,0.577514337769778,0.0429586275509786,0.5537101209431567,0.6270049633926662,0.5676005304975927
2018-02-05 09:30:00,0.33425004947710135,0.6319766394964051,0.18664560485552079,0.6154437039519676,0.677831078659205,0.4496268393776094
2018-02-05 10:30:00,0.5922723215804344,0.5975618376649917,0.24921775822460893,0.5820116914411989,0.6409692583627109,0.2663417681982497
2018-02-05 11:30:00,0.38367195674156124,0.5535089266368387,0.3060365024075252,0.43104975869909845,0.5872537509756961,0.17813386389802405
2018-02-05 12:30:00,0.5289973565558767,0.5472064333804355,0.5482949104296762,0.29593872135995686,0.5727630962159237,0.20776844832236036
2018-02-05 13:30:00,0.5668181584147004,0.5911445357789129,0.4540289017478263,0.5530709855809145,0.6085603953229315,0.19637715610137643
2018-02-05 14:30:00,0.6167493658725516,0.6391155491882251,0.43409526840375934,0.6028943651765927,0.47685883538899937,0.10166086411278688
2018-02-05 15:30:00,0.598796228743601,0.6147637412513357,0.2906186839121132,0.06670262311727126,-0.0,0.07446981358505878
2018-02-05 16:30:00,0.34127664326447255,0.020672542153580328,0.05391628665887665,0.03916579697719306,0.07438691586277639,0.04291845740957437
2018-02-05 17:30:00,0.0,0.0,-0.0,0.0,0.0,-0.0
2018-02-05 18:30:00,0.0,0.0,0.0,0.0,0.0,0.0
2018-02-05 19:30:00,0.0,0.0,0.0,0.0,0.0,0.0
2018-02-05 20:30:00,0.0,0.0,0.0,0.0,0.0,0.0
2018-02-05 21:30:00,0.0,0.0,0.0,0.0,0.0,0.0
2018-02-05 22:30:00,0.0,0.0,0.0,0.0,0.0,0.0
2018-02-05 23:30:00,0.0,0.0,0.0,0.0,0.0,0.0
2018-02-06 00:30:00,0.0,0.0,0.0,0.0,0.0,0.0
2018-02-06 01:30:00,0.0,0.0,0.0,0.0,0.0,0.0
2018-02-06 02:30:00,0.0,0.0,0.0,0.0,0.0,0.0
2018-02-06 03:30:00,0.0,0.0,0.0,0.0,0.0,0.0
2018-02-06 04:30:00,0.0,0.0,0.0,0.0,0.0,0.0
2018-02-06 05:30:00,0.0,0.0,0.0,0.0,0.0,0.0
2018-02-06 06:30:00,0.0,0.0,0.0,0.0,0.0,0.0
2018-02-06 07:30:00,0.0075967000936323385,0.0067286378149496225,0.009438301792227786,0.015209630552350981,0.00539316547767266,0.0025088295479532177
2018-02-06 08:30:00,0.06849405910533127,0.05198569815906382,0.133504046280691,0.08517044170564558,-0.0,0.010477559410770845
2018-02-06 09:30:00,0.22676898647822566,0.005081389515102503,0.3114132917425101,0.05307389403331795,0.22846147323370777,0.6809716175376528
2018-02-06 10:30:00,0.3150245960242504,0.06698987696989116,0.3861461992225762,0.4062068790371188,0.03854942544571547,0.4670306810753923
2018-02-06 11:30:00,0.17964551354469555,0.06326892680796407,0.38157971852933986,0.5341029004257704,0.05188343957692101,0.3051458037084842
2018-02-06 12:30:00,0.5341597328771837,0.1610580677959122,0.5622862029892142,0.5203254812249699,0.2164353740658887,0.5059174296289937
2018-02-06 13:30:00,0.575995472585633,0.40890812178788283,0.2622165936559387,0.5568956858032926,0.016652403669643694,0.2844782391005948
2018-02-06 14:30:00,0.07097992878197919,0.6262208990661012,0.26900895361089006,0.2628575664761507,0.6632403951499481,0.33264045530638203
2018-02-06 15:30:00,0.10932770499767021,0.5983976597907242,0.3132062283555582,0.5844065678728942,0.6521890167808347,0.6821542921464534
2018-02-06 16:30:00,0.3592374175808078,0.3081132048226025,0.2095307413214671,0.3232985672400203,0.4337314854103645,0.05061194931832395
2018-02-06 17:30:00,0.0,0.0,-0.0,0.0,0.0,-0.0
2018-02-06 18:30:00,0.0,0.0,0.0,0.0,0.0,0.0
2018-02-06 19:30:00,0.0,0.0,0.0,0.0,0.0,0.0
2018-02-06 20:30:00,0.0,0.0,0.0,0.0,0.0,0.0
2018-02-06 21:30:00,0.0,0.0,0.0,0.0,0.0,0.0
2018-02-06 22:30:00,0.0,0.0,0.0,0.0,0.0,0.0
2018-02-06 23:30:00,0.0,0.0,0.0,0.0,0.0,0.0
2018-02-07 00:30:00,0.0,0.0,0.0,0.0,0.0,0.0
2018-02-07 01:30:00,0.0,0.0,0.0,0.0,0.0,0.0
2018-02-07 02:30:00,0.0,0.0,0.0,0.0,0.0,0.0
2018-02-07 03:30:00,0.0,0.0,0.0,0.0,0.0,0.0
2018-02-07 04:30:00,0.0,0.0,0.0,0.0,0.0,0.0
2018-02-07 05:30:00,0.0,0.0,0.0,0.0,0.0,0.0
2018-02-07 06:30:00,0.0,0.0,0.0,0.0,0.0,0.0
2018-02-07 07:30:00,0.03169720236120064,0.2254847259767846,0.1145592297267937,0.0045999127764239705,0.1932820792720853,0.005606287704806975
2018-02-07 08:30:00,0.5883987961689153,0.07448341473123085,0.15509152129279363,0.565587380110999,0.6497512607486641,0.610618114853397
2018-02-07 09:30:00,0.638921818686712,0.16975006859630148,0.6669935398792279,0.29172346442557945,0.7025262061333096,0.676544655804247
2018-02-07 10:30:00,0.4123887676939322,0.25717251247648726,0.6338602511686484,0.3638669292775094,0.6573409805281593,0.6546660528184215
2018-02-07 11:30:00,0.5476976594424775,0.4026388839651159,0.5787726660776655,0.407263860888206,0.6048635963135544,0.595545111295135
2018-02-07 12:30:00,0.5313469661590592,0.5589921832583672,0.5539776298547839,0.5191663056304278,0.5890369146286585,0.5706051146451745
2018-02-07 13:30:00,0.42420371439281945,0.5951749594314671,0.4627615312172323,0.31760869465782626,0.6180206784857881,0.600213038606883
2018-02-07 14:30:00,0.4331418675329119,0.6297726123115995,0.3524446201423168,0.18812659362236392,0.6666430465073154,0.6543228698506421
2018-02-07 15:30:00,0.59605713488988,0.6017720453292601,0.6345815343756314,0.07939193318233785,0.6555111253208092,0.6648675153117425
2018-02-07 16:30:00,0.35276816744011175,0.30540624753159323,0.07567008597214485,0.04615053786207862,0.4411530036622957,0.5261035926222513
2018-02-07 17:30:00,0.0,0.0,-0.0,0.0,-0.0,0.001222829526288623
2018-02-07 18:30:00,0.0,0.0,0.0,0.0,0.0,0.0
2018-02-07 19:30:00,0.0,0.0,0.0,0.0,0.0,0.0
2018-02-07 20:30:00,0.0,0.0,0.0,0.0,0.0,0.0
2018-02-07 21:30:00,0.0,0.0,0.0,0.0,0.0,0.0
2018-02-07 22:30:00,0.0,0.0,0.0,0.0,0.0,0.0
2018-02-07 23:30:00,0.0,0.0,0.0,0.0,0.0,0.0
2018-02-08 00:30:00,0.0,0.0,0.0,0.0,0.0,0.0
2018-02-08 01:30:00,0.0,0.0,0.0,0.0,0.0,0.0
2018-02-08 02:30:00,0.0,0.0,0.0,0.0,0.0,0.0
2018-02-08 03:30:00,0.0,0.0,0.0,0.0,0.0,0.0
2018-02-08 04:30:00,0.0,0.0,0.0,0.0,0.0,0.0
2018-02-08 05:30:00,0.0,0.0,0.0,0.0,0.0,0.0
2018-02-08 06:30:00,0.0,0.0,0.0,0.0,0.0,0.0
2018-02-08 07:30:00,0.04009766904302283,0.04217216299620742,0.02885929653390545,0.02965870454084771,0.03619003346169624,0.01183725664651218
2018-02-08 08:30:00,0.21259756115275144,0.11118431926082879,0.1480853885111651,0.11563448061875095,0.17896969632837406,0.11513035186465503
2018-02-08 09:30:00,0.24696259091430298,0.16631409127473237,0.28638196043823333,0.12193751818378062,0.3617746560697811,0.3528292650136985
2018-02-08 10:30:00,0.30006688501494966,0.15344461968452675,0.34418087741514886,0.16289895457176648,0.3558758857025527,0.27346977035792613
2018-02-08 11:30:00,0.4086135788836226,0.22247573629531667,0.4321132257755727,0.34138727819731496,0.4668976427541038,0.46040887598844654
2018-02-08 12:30:00,0.4071147063648818,0.2300927906908903,0.47075630953480413,0.3525366963958252,0.47803424817210677,0.509747312119587
2018-02-08 13:30:00,0.3766863839967117,0.2983626462787865,0.4152746053435708,0.3136129146369793,0.49149755900865283,0.5380139779271316
2018-02-08 14:30:00,0.333847420823813,0.3357763391206562,0.5091407965130507,0.3261158017109158,0.49786097385160466,0.007880631207251949
2018-02-08 15:30:00,0.35194508884250886,0.39173200625294674,0.3138247480180159,0.2016232062730513,0.3200992804548837,0.6557136386031086
2018-02-08 16:30:00,0.04641530704215956,0.11233277653964452,0.10674075087269576,0.05171574963796848,0.17415415169430584,0.19612788046430765
2018-02-08 17:30:00,0.0,0.0,-0.0,0.0,-0.0,0.003748689733637126
2018-02-08 18:30:00,0.0,0.0,0.0,0.0,0.0,0.0
2018-02-08 19:30:00,0.0,0.0,0.0,0.0,0.0,0.0
2018-02-08 20:30:00,0.0,0.0,0.0,0.0,0.0,0.0
2018-02-08 21:30:00,0.0,0.0,0.0,0.0,0.0,0.0
2018-02-08 22:30:00,0.0,0.0,0.0,0.0,0.0,0.0
2018-02-08 23:30:00,0.0,0.0,0.0,0.0,0.0,0.0
2018-02-09 00:30:00,0.0,0.0,0.0,0.0,0.0,0.0
2018-02-09 01:30:00,0.0,0.0,0.0,0.0,0.0,0.0
2018-02-09 02:30:00,0.0,0.0,0.0,0.0,0.0,0.0
2018-02-09 03:30:00,0.0,0.0,0.0,0.0,0.0,0.0
2018-02-09 04:30:00,0.0,0.0,0.0,0.0,0.0,0.0
2018-02-09 05:30:00,0.0,0.0,0.0,0.0,0.0,0.0
2018-02-09 06:30:00,0.0,0.0,0.0,0.0,0.0,0.0
2018-02-09 07:30:00,0.0038148284602466335,0.012599960370332995,0.01810273090673819,0.005061758623887961,0.05213228341602382,0.008438036617764072
2018-02-09 08:30:00,0.01653408792986772,0.01849671131027811,0.08465707427821295,0.013045786064969877,0.6184273915907458,0.07379282955661225
2018-02-09 09:30:00,0.0004679337675833499,0.012277769429467844,0.1892461592425963,0.08729335687344195,0.13813387976894984,0.03085799024853641
2018-02-09 10:30:00,0.07550851773707706,0.05624790171916289,0.4887229780462402,0.0039820312810873336,0.183498578182305,0.2502927963643284
2018-02-09 11:30:00,0.2586674999918596,0.08374935095159518,0.47439600734681975,0.006591033026290598,0.30569946708411644,0.5674185204234354
2018-02-09 12:30:00,0.4081071032494515,0.05720255183809021,0.5591766913849895,0.0736902061880096,0.47373939907834983,0.5233555394440095
2018-02-09 13:30:00,0.4948573090736118,0.10189680046012166,0.5886522503728533,0.09992339428991333,0.6114284500152631,0.49521909245778567
2018-02-09 14:30:00,0.6183991826425579,0.18574148514798977,0.6370472601126355,0.05476638751912134,0.4627402389236293,0.4045455331038497
2018-02-09 15:30:00,0.11733687806182536,0.03279221448502833,0.4742434476841668,0.0005724533951190755,0.18851150501520683,0.150483157763477
2018-02-09 16:30:00,0.00540683623996717,0.01960643701515905,0.43782771237440216,0.013991819326532992,0.29755764902112825,0.0976866336046824
2018-02-09 17:30:00,0.0,0.0,-0.0,0.0,-0.0,0.0030954123530550714
2018-02-09 18:30:00,0.0,0.0,0.0,0.0,0.0,0.0
2018-02-09 19:30:00,0.0,0.0,0.0,0.0,0.0,0.0
2018-02-09 20:30:00,0.0,0.0,0.0,0.0,0.0,0.0
2018-02-09 21:30:00,0.0,0.0,0.0,0.0,0.0,0.0
2018-02-09 22:30:00,0.0,0.0,0.0,0.0,0.0,0.0
2018-02-09 23:30:00,0.0,0.0,0.0,0.0,0.0,0.0
2018-02-10 00:30:00,0.0,0.0,0.0,0.0,0.0,0.0
2018-02-10 01:30:00,0.0,0.0,0.0,0.0,0.0,0.0
2018-02-10 02:30:00,0.0,0.0,0.0,0.0,0.0,0.0
2018-02-10 03:30:00,0.0,0.0,0.0,0.0,0.0,0.0
2018-02-10 04:30:00,0.0,0.0,0.0,0.0,0.0,0.0
2018-02-10 05:30:00,0.0,0.0,0.0,0.0,0.0,0.0
2018-02-10 06:30:00,0.0,0.0,0.0,0.0,0.0,0.0
2018-02-10 07:30:00,0.009626049146733626,0.02365638294083409,0.015613682987551124,0.010537040544191604,0.20228482082677557,0.005899911600937937
2018-02-10 08:30:00,0.0019409088334916128,0.005382471088754134,0.0611662092429327,0.0020301232994182957,0.5169400948038093,0.06230719033435591
2018-02-10 09:30:00,0.018771998314614204,0.07619491664155167,0.08674505054441899,0.042346113425891715,0.293909933712974,0.06734944382043641
2018-02-10 10:30:00,0.05207357146528171,0.02228120912573721,0.08149293448923225,0.01167602274817909,0.1211026484475972,0.14898301120207846
2018-02-10 11:30:00,0.031362943193029624,0.050713699973473775,0.30920660882293466,0.04710432486424985,0.4064701377243466,0.18647442869545902
2018-02-10 12:30:00,0.04609984996807658,0.17292538527349038,0.2968911581976983,0.07162219140369597,0.3306343840614587,0.29029991095574326
2018-02-10 13:30:00,0.037489776206611564,0.14668878515990577,0.2134780849358581,0.04868203206394862,0.1403660866762466,0.2764849806406163
2018-02-10 14:30:00,0.03300972995887195,0.032127680584597335,0.1412869317750192,0.029614398210194504,0.14683802527017506,0.1734267954409928
2018-02-10 15:30:00,0.06570200495112843,0.05463320075746367,0.08633291239853622,0.0562076059390841,0.07784281789451414,0.07568698528289508
2018-02-10 16:30:00,0.030896754170424555,0.027322098871540617,0.0958589670781956,0.10057028671469644,0.041932818572375845,0.04741295839198518
2018-02-10 17:30:00,-0.0,0.0,-0.0,0.0,-0.0,0.0025796917594268073
2018-02-10 18:30:00,0.0,0.0,0.0,0.0,0.0,0.0
2018-02-10 19:30:00,0.0,0.0,0.0,0.0,0.0,0.0
2018-02-10 20:30:00,0.0,0.0,0.0,0.0,0.0,0.0
2018-02-10 21:30:00,0.0,0.0,0.0,0.0,0.0,0.0
2018-02-10 22:30:00,0.0,0.0,0.0,0.0,0.0,0.0
2018-02-10 23:30:00,0.0,0.0,0.0,0.0,0.0,0.0
2018-02-11 00:30:00,0.0,0.0,0.0,0.0,0.0,0.0
2018-02-11 01:30:00,0.0,0.0,0.0,0.0,0.0,0.0
2018-02-11 02:30:00,0.0,0.0,0.0,0.0,0.0,0.0
2018-02-11 03:30:00,0.0,0.0,0.0,0.0,0.0,0.0
2018-02-11 04:30:00,0.0,0.0,0.0,0.0,0.0,0.0
2018-02-11 05:30:00,0.0,0.0,0.0,0.0,0.0,0.0
2018-02-11 06:30:00,0.0,0.0,0.0,0.0,0.0,0.0
2018-02-11 07:30:00,0.07374426139021463,0.28750533161510544,0.1704892494534745,0.19378676138226852,0.026210569880487703,0.032880437962544536
2018-02-11 08:30:00,0.652539633253455,0.6717725856293066,0.6667911315619065,0.6319389301051934,0.7062246094480964,0.671054627344145
2018-02-11 09:30:00,0.6990457712541345,0.7107172378123411,0.7042003624326026,0.6855237402987284,0.746268656716418,0.44797903312621246
2018-02-11 10:30:00,0.654958190765378,0.6661367108571832,0.6721073619021284,0.6460099323917681,0.7109964677849301,0.7006277687828614
2018-02-11 11:30:00,0.5922518365767891,0.6167380509139694,0.6153361900984783,0.5903544132780849,0.6575322809620953,0.5635126608137722
2018-02-11 12:30:00,0.5747820445881767,0.609033586123051,0.49346152674680455,0.5739529045284877,0.6409479508208138,0.620296322045238
2018-02-11 13:30:00,0.5671161501932886,0.6491738972706852,0.47173640641185416,0.5532485601092803,0.6741789090502587,0.6540053166010533
2018-02-11 14:30:00,0.6425041721603463,0.6942988852773987,0.6801727736474802,0.3355905885656308,0.7246142833919131,0.7147698476328757
2018-02-11 15:30:00,0.5593280732438473,0.6717780340750383,0.6855336263782641,0.41175144099317057,0.7182189909864736,0.7278872166047968
2018-02-11 16:30:00,0.4378645346473014,0.3965470430326766,0.5208026426660191,0.17234805994663022,0.5238553774254845,0.3200001023057165
2018-02-11 17:30:00,-0.0,0.0,-0.0,0.0,-0.0,0.007795435861435639
2018-02-11 18:30:00,0.0,0.0,0.0,0.0,0.0,0.0
2018-02-11 19:30:00,0.0,0.0,0.0,0.0,0.0,0.0
2018-02-11 20:30:00,0.0,0.0,0.0,0.0,0.0,0.0
2018-02-11 21:30:00,0.0,0.0,0.0,0.0,0.0,0.0
2018-02-11 22:30:00,0.0,0.0,0.0,0.0,0.0,0.0
2018-02-11 23:30:00,0.0,0.0,0.0,0.0,0.0,0.0
2018-02-12 00:30:00,0.0,0.0,0.0,0.0,0.0,0.0
2018-02-12 01:30:00,0.0,0.0,0.0,0.0,0.0,0.0
2018-02-12 02:30:00,0.0,0.0,0.0,0.0,0.0,0.0
2018-02-12 03:30:00,0.0,0.0,0.0,0.0,0.0,0.0
2018-02-12 04:30:00,0.0,0.0,0.0,0.0,0.0,0.0
2018-02-12 05:30:00,0.0,0.0,0.0,0.0,0.0,0.0
2018-02-12 06:30:00,0.0,0.0,0.0,0.0,0.0,0.0
2018-02-12 07:30:00,0.01048140569134773,0.016432030397738738,0.00948035454897293,0.013614856650610319,0.04083661834926915,0.00834713753210272
2018-02-12 08:30:00,0.04466189283647338,0.05468006752492665,0.08749656966759653,0.04863543209111084,0.04215871059626118,0.021889763396304267
2018-02-12 09:30:00,0.07185553425054667,0.1158322298424319,0.23859126418623197,0.17500334416291535,0.05852865053488558,0.014815176385095127
2018-02-12 10:30:00,0.11519026502173584,0.36216745265239497,0.43245972290346457,0.026709102261510416,0.18086896016820397,0.2747382888995
2018-02-12 11:30:00,0.05700438751154074,0.321834697503549,0.4263547718464428,0.423622281823446,0.1392763604719366,0.218228790825881
2018-02-12 12:30:00,0.3827763111354986,0.24527299435153732,0.44455511606944287,0.3351548888830731,0.18036585806796113,0.2989193375841461
2018-02-12 13:30:00,0.12943364663565113,0.2952212460629495,0.42251585237809525,0.17539087240174495,0.14656468426285255,0.2562871892837598
2018-02-12 14:30:00,0.05918756046082977,0.11733735585146528,0.32155464453177207,0.12691141094677494,0.4109784089043777,0.42230466529171706
2018-02-12 15:30:00,0.06523662932943972,0.05264787530743921,0.35142015277609845,0.09466073185401441,0.10945845348807469,0.013537474941938125
2018-02-12 16:30:00,0.40099813229864845,0.09945346772424037,0.11479044376340072,0.38726847323035035,0.029497155178560254,0.00521883944314666
2018-02-12 17:30:00,-0.0,0.0,-0.0,-0.0,-0.0,0.003131357041281334
2018-02-12 18:30:00,0.0,0.0,0.0,0.0,0.0,0.0
2018-02-12 19:30:00,0.0,0.0,0.0,0.0,0.0,0.0
2018-02-12 20:30:00,0.0,0.0,0.0,0.0,0.0,0.0
2018-02-12 21:30:00,0.0,0.0,0.0,0.0,0.0,0.0
2018-02-12 22:30:00,0.0,0.0,0.0,0.0,0.0,0.0
2018-02-12 23:30:00,0.0,0.0,0.0,0.0,0.0,0.0
2018-02-13 00:30:00,0.0,0.0,0.0,0.0,0.0,0.0
2018-02-13 01:30:00,0.0,0.0,0.0,0.0,0.0,0.0
2018-02-13 02:30:00,0.0,0.0,0.0,0.0,0.0,0.0
2018-02-13 03:30:00,0.0,0.0,0.0,0.0,0.0,0.0
2018-02-13 04:30:00,0.0,0.0,0.0,0.0,0.0,0.0
2018-02-13 05:30:00,0.0,0.0,0.0,0.0,0.0,0.0
2018-02-13 06:30:00,0.0,0.0,0.0,0.0,0.0,0.0
2018-02-13 07:30:00,0.205976749601684,0.10691163164552056,0.02367096959152161,0.18703760559036126,0.001140815959026591,0.007185853963275172
2018-02-13 08:30:00,0.5981237876293563,0.6056972178817015,0.6170742532931142,0.5909130669524275,0.2772763849163907,0.06032300315540418
2018-02-13 09:30:00,0.6495094195272108,0.6439226205895376,0.6761321999879814,0.6497052625554274,0.04099075129406314,0.028013141464085484
2018-02-13 10:30:00,0.6168027106453711,0.6121015854927885,0.49338757424470425,0.6189214298141783,0.5539855853609822,0.18891557240622175
2018-02-13 11:30:00,0.5693745417797699,0.571780977141802,0.516249723594421,0.5687839460300775,0.5667438248811256,0.08636899503785549
2018-02-13 12:30:00,0.5578762909991372,0.5651084204576315,0.4894527043791378,0.5547694975937074,0.6156472356469564,0.5718863879028292
2018-02-13 13:30:00,0.5942201530468437,0.6022222654317395,0.03937434498622755,0.5896407409670646,0.4194842856245666,0.034928362119852216
2018-02-13 14:30:00,0.6426341994998614,0.6436901579176318,0.3892986505192799,0.6341784619302215,0.5510707776798857,0.369587355356439
2018-02-13 15:30:00,0.6318555880434024,0.6190766274431722,0.44553005434175985,0.6226194008000047,0.6912355815788526,0.08237283978467044
2018-02-13 16:30:00,0.43712493113399553,0.3789149776576915,0.07558602412859049,0.41188823051221407,0.5277091201097959,0.03599648552250176
2018-02-13 17:30:00,-0.0,0.0,0.0006005983638506546,-0.0,-0.0,0.004701427492310425
2018-02-13 18:30:00,0.0,0.0,0.0,0.0,0.0,0.0
2018-02-13 19:30:00,0.0,0.0,0.0,0.0,0.0,0.0
2018-02-13 20:30:00,0.0,0.0,0.0,0.0,0.0,0.0
2018-02-13 21:30:00,0.0,0.0,0.0,0.0,0.0,0.0
2018-02-13 22:30:00,0.0,0.0,0.0,0.0,0.0,0.0
2018-02-13 23:30:00,0.0,0.0,0.0,0.0,0.0,0.0
2018-02-14 00:30:00,0.0,0.0,0.0,0.0,0.0,0.0
2018-02-14 01:30:00,0.0,0.0,0.0,0.0,0.0,0.0
2018-02-14 02:30:00,0.0,0.0,0.0,0.0,0.0,0.0
2018-02-14 03:30:00,0.0,0.0,0.0,0.0,0.0,0.0
2018-02-14 04:30:00,0.0,0.0,0.0,0.0,0.0,0.0
2018-02-14 05:30:00,0.0,0.0,0.0,0.0,0.0,0.0
2018-02-14 06:30:00,0.0,0.0,0.0,0.0,0.0,0.0
2018-02-14 07:30:00,0.04520555573619608,0.0027705225652377243,0.016450655219514786,0.03978758402085217,0.06649488164984997,0.015541048630033416
2018-02-14 08:30:00,0.24510995463948698,0.06589869253750867,0.15273833122758165,0.16873157440775824,0.28762087849723755,0.0928669506761366
2018-02-14 09:30:00,0.6617742650891948,0.2953950130587016,0.17059475092515058,0.26134091533087583,0.38069303580362707,0.13070546743676006
2018-02-14 10:30:00,0.14439405898473673,0.3908661306249017,0.3527805786165947,0.6140214938045946,0.4655576683234306,0.33715381119640886
2018-02-14 11:30:00,0.3410156617905028,0.36106026102669064,0.4330668606707653,0.4504098983876936,0.5338456119546802,0.3098830109007844
2018-02-14 12:30:00,0.35782899065737106,0.4243903215281371,0.5208619706200552,0.305206573612912,0.5022807380190702,0.2726937150374371
2018-02-14 13:30:00,0.5987982851930963,0.1917651520647194,0.3985649494285358,0.5894544113321543,0.19573747088067606,0.4360756307595822
2018-02-14 14:30:00,0.646735139863919,0.08691217880050894,0.2625317824471159,0.6383424308376868,0.13038905041763407,0.18927376731441256
2018-02-14 15:30:00,0.39922888884746965,0.04934963957826346,0.1094492506076372,0.626576940881507,0.05741065142378738,0.11201978638118971
2018-02-14 16:30:00,0.10561143862250688,0.024659752625726197,0.06557646166018238,0.41660136396081854,0.03312881752102433,0.058468104521553634
2018-02-14 17:30:00,-0.0,0.0,0.002335736765388722,-0.0,-0.0,0.004013541290773451
2018-02-14 18:30:00,0.0,0.0,0.0,0.0,0.0,0.0
2018-02-14 19:30:00,0.0,0.0,0.0,0.0,0.0,0.0
2018-02-14 20:30:00,0.0,0.0,0.0,0.0,0.0,0.0
2018-02-14 21:30:00,0.0,0.0,0.0,0.0,0.0,0.0
2018-02-14 22:30:00,0.0,0.0,0.0,0.0,0.0,0.0
2018-02-14 23:30:00,0.0,0.0,0.0,0.0,0.0,0.0
2018-02-15 00:30:00,0.0,0.0,0.0,0.0,0.0,0.0
2018-02-15 01:30:00,0.0,0.0,0.0,0.0,0.0,0.0
2018-02-15 02:30:00,0.0,0.0,0.0,0.0,0.0,0.0
2018-02-15 03:30:00,0.0,0.0,0.0,0.0,0.0,0.0
2018-02-15 04:30:00,0.0,0.0,0.0,0.0,0.0,0.0
2018-02-15 05:30:00,0.0,0.0,0.0,0.0,0.0,0.0
2018-02-15 06:30:00,0.0,0.0,0.0,0.0,0.0,0.0
2018-02-15 07:30:00,0.0639460946208796,0.07765786691317335,-0.0,0.2023490014241774,0.032032478364902965,0.007941972605101525
2018-02-15 08:30:00,0.2841663460088579,0.2081137549061747,0.17096614725415393,0.5960585944449281,0.40575278603492154,0.2613778769609098
2018-02-15 09:30:00,0.375434334538215,0.6706379762289056,0.3174256122488966,0.6543442334840989,0.4280525461437856,0.20869906680633765
2018-02-15 10:30:00,0.458819390824583,0.6286774743354687,0.3513876712914772,0.6230753200875951,0.5246245653774009,0.46735142866695734
2018-02-15 11:30:00,0.5716004882537166,0.39405382354176505,0.5128789238553737,0.1993031686284799,0.5411800385243835,0.48457854479235435
2018-02-15 12:30:00,0.17496535085282566,0.48249118195721,0.3568684141067005,0.5608763121846634,0.61425026694003,0.2259569187034906
2018-02-15 13:30:00,0.2191517944639988,0.6096115974646585,0.4453796385055216,0.17720536197297904,0.6644781779952829,0.24460769690493683
2018-02-15 14:30:00,0.09327698121123644,0.6495224674563201,0.4171448970559055,0.15322925720728017,0.4079282221072113,0.15664996253313102
2018-02-15 15:30:00,0.0040949916756890265,0.6246201446018004,0.19643312487751002,0.08585198421823992,0.3194047191551095,0.2820902304977333
2018-02-15 16:30:00,0.024408010506226163,0.057315813973790514,0.012585204245850893,0.04362775725145213,0.08346835893530223,0.12981721523030634
2018-02-15 17:30:00,-0.0,0.0,0.0012491641959016097,-0.0,-0.0,0.007572830262557393
2018-02-15 18:30:00,0.0,0.0,0.0,0.0,0.0,0.0
2018-02-15 19:30:00,0.0,0.0,0.0,0.0,0.0,0.0
2018-02-15 20:30:00,0.0,0.0,0.0,0.0,0.0,0.0
2018-02-15 21:30:00,0.0,0.0,0.0,0.0,0.0,0.0
2018-02-15 22:30:00,0.0,0.0,0.0,0.0,0.0,0.0
2018-02-15 23:30:00,0.0,0.0,0.0,0.0,0.0,0.0
2018-02-16 00:30:00,0.0,0.0,0.0,0.0,0.0,0.0
2018-02-16 01:30:00,0.0,0.0,0.0,0.0,0.0,0.0
2018-02-16 02:30:00,0.0,0.0,0.0,0.0,0.0,0.0
2018-02-16 03:30:00,0.0,0.0,0.0,0.0,0.0,0.0
2018-02-16 04:30:00,0.0,0.0,0.0,0.0,0.0,0.0
2018-02-16 05:30:00,0.0,0.0,0.0,0.0,0.0,0.0
2018-02-16 06:30:00,0.0,0.0,0.0,0.0,0.0,0.0
2018-02-16 07:30:00,0.2592032143703331,0.3293389621474621,0.23669342164231832,0.25304122464971196,0.08062864068989307,0.029021564889820037
2018-02-16 08:30:00,0.6586764570234447,0.16658360463036376,0.6949675769046957,0.10543864559444988,0.3366502257886221,0.35139425020177
2018-02-16 09:30:00,0.6905884224074822,0.7062293072727138,0.7428200925138158,0.6935173121253068,0.42456197353681807,0.45855688954929363
2018-02-16 10:30:00,0.6446683103154173,0.6672963135624241,0.707295763591826,0.6416135121472164,0.5362386446663577,0.5391192905385461
2018-02-16 11:30:00,0.46261828027036095,0.6228510901472407,0.6393838259309425,0.5881822762408733,0.5605300444035269,0.5557293121884519
2018-02-16 12:30:00,0.48857976869957165,0.4685415666751816,0.565898405696329,0.5750355191842146,0.5750403397151908,0.49395699029636486
2018-02-16 13:30:00,0.4672913381645328,0.523658054395209,0.5670022680818191,0.6136704803042792,0.5708682366883024,0.563123113562158
2018-02-16 14:30:00,0.44924228051224985,0.47773439275448415,0.5686661985974601,0.6576033557530236,0.26584196573733215,0.5447205136638481
2018-02-16 15:30:00,0.3385471653293341,0.19858655285895582,0.5235684868532217,0.6480062528414128,0.41915231904603084,0.5605296920188325
2018-02-16 16:30:00,0.1667642620355763,0.11844708844385804,0.23942824882142505,0.18888035132910208,0.2057010413523633,0.2683276788627306
2018-02-16 17:30:00,-0.0,-0.0,0.0025492346267035407,-0.0,0.0036738147543831146,0.01603388307266018
2018-02-16 18:30:00,0.0,0.0,0.0,0.0,0.0,0.0
2018-02-16 19:30:00,0.0,0.0,0.0,0.0,0.0,0.0
2018-02-16 20:30:00,0.0,0.0,0.0,0.0,0.0,0.0
2018-02-16 21:30:00,0.0,0.0,0.0,0.0,0.0,0.0
2018-02-16 22:30:00,0.0,0.0,0.0,0.0,0.0,0.0
2018-02-16 23:30:00,0.0,0.0,0.0,0.0,0.0,0.0
2018-02-17 00:30:00,0.0,0.0,0.0,0.0,0.0,0.0
2018-02-17 01:30:00,0.0,0.0,0.0,0.0,0.0,0.0
2018-02-17 02:30:00,0.0,0.0,0.0,0.0,0.0,0.0
2018-02-17 03:30:00,0.0,0.0,0.0,0.0,0.0,0.0
2018-02-17 04:30:00,0.0,0.0,0.0,0.0,0.0,0.0
2018-02-17 05:30:00,0.0,0.0,0.0,0.0,0.0,0.0
2018-02-17 06:30:00,0.0,0.0,0.0,0.0,0.0,0.0
2018-02-17 07:30:00,0.26701593222484293,0.3434135076354624,0.06326656068027069,0.25958614681156744,0.3100043383206513,0.20209929132457732
2018-02-17 08:30:00,0.6574347404419543,0.6751541661550592,0.22764792722444638,0.6570617653675643,0.7128938897522203,0.6886948507052296
2018-02-17 09:30:00,0.7011667616639095,0.7084280591676354,0.7247629892574396,0.7003350950836864,0.746268656716418,0.7370533329203446
2018-02-17 10:30:00,0.6589571901701731,0.6589163475730863,0.6893608580759425,0.6489114895472249,0.7070112729093592,0.7090877018759301
2018-02-17 11:30:00,0.5998837288233356,0.6019757324188759,0.6354725337445073,0.5943770363085651,0.6543850789071866,0.653030406329878
2018-02-17 12:30:00,0.5838849077262496,0.5920391487304154,0.6099091673299188,0.5799655216876995,0.6325529576292661,0.6289144142426368
2018-02-17 13:30:00,0.6166093894217148,0.6293370142480451,0.6420088789415406,0.6097087005369042,0.6661917596293231,0.6573394849300823
2018-02-17 14:30:00,0.6600235705090499,0.6825950136782479,0.6946289312395227,0.6579328147005093,0.7188990877342671,0.7115914435761127
2018-02-17 15:30:00,0.6561233151115071,0.6730767500817628,0.6986778872055068,0.6437623921936556,0.7212906415754137,0.7252234192576358
2018-02-17 16:30:00,0.49170265716516826,0.4394051531721216,0.5788970892250681,0.4575015971201901,0.587382973372762,0.649252329678562
2018-02-17 17:30:00,0.015397193293672388,-0.0,0.04524368721881379,-0.0,0.03671420904188107,0.12253167245398079
2018-02-17 18:30:00,0.0,0.0,0.0,0.0,0.0,0.0
2018-02-17 19:30:00,0.0,0.0,0.0,0.0,0.0,0.0
2018-02-17 20:30:00,0.0,0.0,0.0,0.0,0.0,0.0
2018-02-17 21:30:00,0.0,0.0,0.0,0.0,0.0,0.0
2018-02-17 22:30:00,0.0,0.0,0.0,0.0,0.0,0.0
2018-02-17 23:30:00,0.0,0.0,0.0,0.0,0.0,0.0
2018-02-18 00:30:00,0.0,0.0,0.0,0.0,0.0,0.0
2018-02-18 01:30:00,0.0,0.0,0.0,0.0,0.0,0.0
2018-02-18 02:30:00,0.0,0.0,0.0,0.0,0.0,0.0
2018-02-18 03:30:00,0.0,0.0,0.0,0.0,0.0,0.0
2018-02-18 04:30:00,0.0,0.0,0.0,0.0,0.0,0.0
2018-02-18 05:30:00,0.0,0.0,0.0,0.0,0.0,0.0
2018-02-18 06:30:00,0.0,0.0,0.0,0.0,0.0,0.0
2018-02-18 07:30:00,0.07894866250797729,0.012783397578938628,0.07035960918222392,0.2510629924197085,0.07980528524124679,0.20573201808038524
2018-02-18 08:30:00,0.43363099012357764,0.0022064109516007893,0.6572081474475808,0.6131360606598467,0.1968038942535308,0.6817371331937718
2018-02-18 09:30:00,0.29316697308422407,0.020285079995238594,0.7109499018064908,0.659949766107509,0.23952715466717925,0.746268656716418
2018-02-18 10:30:00,0.4535666143744316,0.22636471711018316,0.6818029395604385,0.4036911994182234,0.7130028597404813,0.7234077462192929
2018-02-18 11:30:00,0.6022660969803018,0.5960260274601028,0.6327358817633,0.5792260032374954,0.6623136992456874,0.6633091133451026
2018-02-18 12:30:00,0.5853911298650226,0.48829585702505257,0.6140604878710515,0.5685371778724602,0.6403826480988887,0.6130307372953101
2018-02-18 13:30:00,0.6201715982289272,0.6258603655025357,0.6458418894847062,0.6043491285883881,0.6750328698318991,0.6699426965055626
2018-02-18 14:30:00,0.6700983306130626,0.665593266284166,0.6958319503138976,0.6532806520921176,0.5488437776980944,0.7238652299998793
2018-02-18 15:30:00,0.665602989747986,0.44920294405855665,0.701043022793483,0.6431372229884026,0.18840030724942416,0.7380340619705682
2018-02-18 16:30:00,0.5000939555101339,0.0542039567077046,0.585246685588695,0.46124132775205945,0.28396961888585515,0.017607496849588716
2018-02-18 17:30:00,0.018456886131858724,-0.0,0.006711795388539156,-0.0,0.00540864438268462,-0.0
2018-02-18 18:30:00,0.0,0.0,0.0,0.0,0.0,0.0
2018-02-18 19:30:00,0.0,0.0,0.0,0.0,0.0,0.0
2018-02-18 20:30:00,0.0,0.0,0.0,0.0,0.0,0.0
2018-02-18 21:30:00,0.0,0.0,0.0,0.0,0.0,0.0
2018-02-18 22:30:00,0.0,0.0,0.0,0.0,0.0,0.0
2018-02-18 23:30:00,0.0,0.0,0.0,0.0,0.0,0.0
2018-02-19 00:30:00,0.0,0.0,0.0,0.0,0.0,0.0
2018-02-19 01:30:00,0.0,0.0,0.0,0.0,0.0,0.0
2018-02-19 02:30:00,0.0,0.0,0.0,0.0,0.0,0.0
2018-02-19 03:30:00,0.0,0.0,0.0,0.0,0.0,0.0
2018-02-19 04:30:00,0.0,0.0,0.0,0.0,0.0,0.0
2018-02-19 05:30:00,0.0,0.0,0.0,0.0,0.0,0.0
2018-02-19 06:30:00,0.0,0.0,0.0,0.0,0.0,0.0
2018-02-19 07:30:00,0.2664889346618875,0.352213070518755,0.059267742501223464,0.2629084563070684,0.3074456311457125,0.00428321409326514
2018-02-19 08:30:00,0.035320357823839056,0.10021026220916517,0.18173569763797875,0.027067173955822536,0.6855695326119832,0.02992099547820581
2018-02-19 09:30:00,0.06065616093530126,0.15209711825467903,0.3909504888726256,0.05162611505794486,0.7348425300793926,0.40707240708832604
2018-02-19 10:30:00,0.14034286905988552,0.23613705546841768,0.4674457942729925,0.12978628674297704,0.04600108668220967,0.04614832230025511
2018-02-19 11:30:00,0.15092068623832203,0.38736432295316375,0.5139779930498213,0.13065607690493514,0.2668363973925457,0.3421316426995828
2018-02-19 12:30:00,0.2363723375522381,0.3457064472272941,0.26275040456962606,0.03387554914118503,0.1126201717722359,0.17347699476373518
2018-02-19 13:30:00,0.032722720883911115,0.16526326189761356,0.39693484899474635,0.06737070839475424,0.20586945843254897,0.32857664531344893
2018-02-19 14:30:00,0.29976178471685966,0.15077917047565567,0.09828837685754124,0.09551553400874144,0.19871191468504446,0.4715840777057937
2018-02-19 15:30:00,0.07455516388449247,0.0838768770697591,0.09168219399482092,0.2973955474249694,0.006735089237957591,0.3204844749374157
2018-02-19 16:30:00,0.03483997144572278,0.458000277593368,0.037134069327302156,0.04370171530585236,0.08032910304567689,0.09981058516162031
2018-02-19 17:30:00,0.0008340766343301119,-0.0,0.0040236400001997605,-0.0,0.0023193922183529277,0.009536025019368333
2018-02-19 18:30:00,0.0,0.0,0.0,0.0,0.0,0.0
2018-02-19 19:30:00,0.0,0.0,0.0,0.0,0.0,0.0
2018-02-19 20:30:00,0.0,0.0,0.0,0.0,0.0,0.0
2018-02-19 21:30:00,0.0,0.0,0.0,0.0,0.0,0.0
2018-02-19 22:30:00,0.0,0.0,0.0,0.0,0.0,0.0
2018-02-19 23:30:00,0.0,0.0,0.0,0.0,0.0,0.0
2018-02-20 00:30:00,0.0,0.0,0.0,0.0,0.0,0.0
2018-02-20 01:30:00,0.0,0.0,0.0,0.0,0.0,0.0
2018-02-20 02:30:00,0.0,0.0,0.0,0.0,0.0,0.0
2018-02-20 03:30:00,0.0,0.0,0.0,0.0,0.0,0.0
2018-02-20 04:30:00,0.0,0.0,0.0,0.0,0.0,0.0
2018-02-20 05:30:00,0.0,0.0,0.0,0.0,0.0,0.0
2018-02-20 06:30:00,0.0,0.0,0.0,0.0,0.0,0.0
2018-02-20 07:30:00,0.06028832249288081,0.38257517228872684,0.05797666208913428,0.03494439287724324,0.3429204254043312,0.02452449793294172
2018-02-20 08:30:00,0.36261611111059444,0.7218534479550033,0.11182452282714665,0.6745038400206479,0.73571722995923,0.010989429426456252
2018-02-20 09:30:00,0.5153376563468026,0.746268656716418,0.380142030008148,0.7316586587194548,0.746268656716418,0.07160541858459234
2018-02-20 10:30:00,0.6098242901386629,0.7217243814936911,0.5509761323121163,0.3266778009167802,0.746268656716418,0.158096893878925
2018-02-20 11:30:00,0.5715402100805924,0.6750311013007042,0.40477889358411284,0.4013756221147478,0.7017760961371782,0.33162872863742315
2018-02-20 12:30:00,0.5547404493179984,0.6660751345002291,0.35291007761584653,0.6259000380964054,0.6890705432861592,0.3321772510159714
2018-02-20 13:30:00,0.5165805629919896,0.7006065614983863,0.4361207765980801,0.5116861311542149,0.7224971086598659,0.2772514398859756
2018-02-20 14:30:00,0.43905948253628296,0.746268656716418,0.3262985789161303,0.48061868857641443,0.746268656716418,0.21613529207216187
2018-02-20 15:30:00,0.3700130110973609,0.7221432821765755,0.3308861421710926,0.38167815310197506,0.746268656716418,0.1359439867586681
2018-02-20 16:30:00,0.15593921011889378,0.2243802710293701,0.17331966329187024,0.08346086758493415,0.6412209302777598,0.16224987999919915
2018-02-20 17:30:00,0.0037646852322567904,-0.0,0.01138108673009779,0.0008378037769476154,0.0056899147634683345,0.006259002041820492
2018-02-20 18:30:00,0.0,0.0,0.0,0.0,0.0,0.0
2018-02-20 19:30:00,0.0,0.0,0.0,0.0,0.0,0.0
2018-02-20 20:30:00,0.0,0.0,0.0,0.0,0.0,0.0
2018-02-20 21:30:00,0.0,0.0,0.0,0.0,0.0,0.0
2018-02-20 22:30:00,0.0,0.0,0.0,0.0,0.0,0.0
2018-02-20 23:30:00,0.0,0.0,0.0,0.0,0.0,0.0
2018-02-21 00:30:00,0.0,0.0,0.0,0.0,0.0,0.0
2018-02-21 01:30:00,0.0,0.0,0.0,0.0,0.0,0.0
2018-02-21 02:30:00,0.0,0.0,0.0,0.0,0.0,0.0
2018-02-21 03:30:00,0.0,0.0,0.0,0.0,0.0,0.0
2018-02-21 04:30:00,0.0,0.0,0.0,0.0,0.0,0.0
2018-02-21 05:30:00,0.0,0.0,0.0,0.0,0.0,0.0
2018-02-21 06:30:00,0.0,0.0,0.0,0.0,0.0,0.0
2018-02-21 07:30:00,0.1485804617632893,0.41341871442642975,0.3037516320753071,0.31639469433282086,0.36570372431314463,0.05102936281942615
2018-02-21 08:30:00,0.7006465382970024,0.738733778105816,0.7219077913604994,0.6898438968546383,0.739154130242089,0.7340879962010673
2018-02-21 09:30:00,0.7389162607832669,0.746268656716418,0.746268656716418,0.7351500807578346,0.1236266841201343,0.5237858008163124
2018-02-21 10:30:00,0.7023463690643728,0.7166672594979041,0.7134227487830977,0.6988481625344813,0.35122982081138615,0.5973573019682433
2018-02-21 11:30:00,0.6532013582893172,0.6719254808495612,0.6630460585179484,0.6407918113957466,0.6760874556654636,0.6204610419887606
2018-02-21 12:30:00,0.6392996757669203,0.6630412158239757,0.5622840536387298,0.6247011722924147,0.6610943484454921,0.5363664515518632
2018-02-21 13:30:00,0.6689927392571994,0.6970333906190874,0.5594899788687385,0.6530977290139758,0.49773709021236867,0.5214719078730868
2018-02-21 14:30:00,0.7027583497067884,0.7384335748913066,0.37346675034540605,0.6892343188038044,0.4729928757872986,0.240504305600864
2018-02-21 15:30:00,0.6974154626030927,0.7223749705595671,0.43765235496892324,0.6782816212695355,0.7236228344636914,0.12120047236139869
2018-02-21 16:30:00,0.542709565956842,0.30939984055440567,0.17570487583310956,0.22476293456256174,0.6031870689426728,0.08877522114111372
2018-02-21 17:30:00,0.02458573355318055,-0.0,0.013749079731381857,0.0013347885730781697,0.01136408415491193,0.028433192789940703
2018-02-21 18:30:00,0.0,0.0,0.0,0.0,0.0,0.0
2018-02-21 19:30:00,0.0,0.0,0.0,0.0,0.0,0.0
2018-02-21 20:30:00,0.0,0.0,0.0,0.0,0.0,0.0
2018-02-21 21:30:00,0.0,0.0,0.0,0.0,0.0,0.0
2018-02-21 22:30:00,0.0,0.0,0.0,0.0,0.0,0.0
2018-02-21 23:30:00,0.0,0.0,0.0,0.0,0.0,0.0
2018-02-22 00:30:00,0.0,0.0,0.0,0.0,0.0,0.0
2018-02-22 01:30:00,0.0,0.0,0.0,0.0,0.0,0.0
2018-02-22 02:30:00,0.0,0.0,0.0,0.0,0.0,0.0
2018-02-22 03:30:00,0.0,0.0,0.0,0.0,0.0,0.0
2018-02-22 04:30:00,0.0,0.0,0.0,0.0,0.0,0.0
2018-02-22 05:30:00,0.0,0.0,0.0,0.0,0.0,0.0
2018-02-22 06:30:00,0.0,0.0,0.0,0.0,0.0,0.0
2018-02-22 07:30:00,0.021729931470031657,0.08500850293062943,0.026792679313023215,0.020880547553296172,0.10790144347920129,0.05552996755221459
2018-02-22 08:30:00,0.6265098252191942,0.6598663532112132,0.12956158680413069,0.07200604808201677,0.004542186269614281,0.32562882362126466
2018-02-22 09:30:00,0.6932897364659412,0.7111091628745947,0.48160954151318647,0.37103408738955534,0.1572137068781653,0.24239788359477707
2018-02-22 10:30:00,0.5493377159862187,0.682693029570298,0.37548982541377557,0.31811168751655444,0.2582053035094991,0.5515647375319231
2018-02-22 11:30:00,0.5515533618554441,0.6442149769430332,0.4648219971402932,0.5190029191442538,0.1975375567129694,0.5761774913750205
2018-02-22 12:30:00,0.5345647596421343,0.6333036225813236,0.566406887334376,0.559300517995089,0.25490983460343675,0.20318411486072907
2018-02-22 13:30:00,0.6476411909947385,0.6539402452157259,0.48940180641083836,0.5178593944347114,0.15528356676491556,0.3149101578793954
2018-02-22 14:30:00,0.40459800119886125,0.6897790067912635,0.4105953270781151,0.3843836588564069,0.0687246338955428,0.2036267364808267
2018-02-22 15:30:00,0.24693405402765015,0.6652839505955425,0.3745921856249833,0.20930219066252218,0.44609455809676823,0.34537406280186717
2018-02-22 16:30:00,0.10330261612201322,0.14890096635258912,0.2037843305846553,0.04242980042077765,0.08287215835755156,0.15167600263237166
2018-02-22 17:30:00,0.0036711572103355393,-0.0,0.018042055489673785,0.0018357180060664877,0.013987656643638685,0.018533090582583053
2018-02-22 18:30:00,0.0,0.0,0.0,0.0,0.0,0.0
2018-02-22 19:30:00,0.0,0.0,0.0,0.0,0.0,0.0
2018-02-22 20:30:00,0.0,0.0,0.0,0.0,0.0,0.0
2018-02-22 21:30:00,0.0,0.0,0.0,0.0,0.0,0.0
2018-02-22 22:30:00,0.0,0.0,0.0,0.0,0.0,0.0
2018-02-22 23:30:00,0.0,0.0,0.0,0.0,0.0,0.0
2018-02-23 00:30:00,0.0,0.0,0.0,0.0,0.0,0.0
2018-02-23 01:30:00,0.0,0.0,0.0,0.0,0.0,0.0
2018-02-23 02:30:00,0.0,0.0,0.0,0.0,0.0,0.0
2018-02-23 03:30:00,0.0,0.0,0.0,0.0,0.0,0.0
2018-02-23 04:30:00,0.0,0.0,0.0,0.0,0.0,0.0
2018-02-23 05:30:00,0.0,0.0,0.0,0.0,0.0,0.0
2018-02-23 06:30:00,0.0,0.0,0.0,0.0,0.0,0.0
2018-02-23 07:30:00,0.06558139556139585,0.40101047074392787,0.08523911052070252,0.29410086228630317,0.11647044204381188,0.027314655845407293
2018-02-23 08:30:00,0.5368922758684468,0.6843378435621881,0.6817886126911271,0.6384525648986398,0.7357309283620832,0.042126895963281494
2018-02-23 09:30:00,0.44362916719900886,0.7148845092435187,0.7374555516190416,0.702304115174634,0.746268656716418,0.10875786767927623
2018-02-23 10:30:00,0.6801870209430242,0.6783875398006257,0.7055039952068082,0.6807844160901179,0.737067568096989,0.2224148885748629
2018-02-23 11:30:00,0.6428409761218392,0.3650876345763292,0.4232469688690006,0.37754760399331777,0.6949351932320108,0.4026415564719666
2018-02-23 12:30:00,0.6341686897816905,0.3069438512207029,0.5621221802011146,0.4807679491884694,0.683390080710944,0.5250728456238071
2018-02-23 13:30:00,0.6675262348201558,0.3739214484981563,0.5094852519876949,0.30916765885684694,0.7131665457437902,0.5214279134816703
2018-02-23 14:30:00,0.31912268464886673,0.7034565066237366,0.4330384629058673,0.48173527907652486,0.746268656716418,0.2505967361583125
2018-02-23 15:30:00,0.04792646513446898,0.1176798798213719,0.24452438834731674,0.38181991783571445,0.46774432748707967,0.1318921411439718
2018-02-23 16:30:00,0.12117803658836292,0.47882190916084666,0.14810056865711435,0.06132861311625991,0.1799290051186417,0.1414338556354525
2018-02-23 17:30:00,0.0030494260318515817,0.009548384166241247,0.009285852852811678,0.0029706158403675765,0.013129429097650344,0.03300366632821326
2018-02-23 18:30:00,0.0,0.0,0.0,0.0,0.0,0.0
2018-02-23 19:30:00,0.0,0.0,0.0,0.0,0.0,0.0
2018-02-23 20:30:00,0.0,0.0,0.0,0.0,0.0,0.0
2018-02-23 21:30:00,0.0,0.0,0.0,0.0,0.0,0.0
2018-02-23 22:30:00,0.0,0.0,0.0,0.0,0.0,0.0
2018-02-23 23:30:00,0.0,0.0,0.0,0.0,0.0,0.0
2018-02-24 00:30:00,0.0,0.0,0.0,0.0,0.0,0.0
2018-02-24 01:30:00,0.0,0.0,0.0,0.0,0.0,0.0
2018-02-24 02:30:00,0.0,0.0,0.0,0.0,0.0,0.0
2018-02-24 03:30:00,0.0,0.0,0.0,0.0,0.0,0.0
2018-02-24 04:30:00,0.0,0.0,0.0,0.0,0.0,0.0
2018-02-24 05:30:00,0.0,0.0,0.0,0.0,0.0,0.0
2018-02-24 06:30:00,0.0,0.0,0.0,0.0,0.0,0.0
2018-02-24 07:30:00,0.3505664749012211,0.17698680861518712,0.07834382161677549,0.34637849380480673,0.09138668780185322,0.08552679403301035
2018-02-24 08:30:00,0.7203578705339404,0.18510711955741546,0.3938191463060545,0.7366153853697518,0.746268656716418,0.43804294694359597
2018-02-24 09:30:00,0.746268656716418,0.4154685226812713,0.4879717316490303,0.746268656716418,0.746268656716418,0.24522005584937673
2018-02-24 10:30:00,0.7366237936291108,0.7024953107555281,0.5697029710235156,0.7275034617593292,0.6471479681102474,0.6557175348165653
2018-02-24 11:30:00,0.6899606982220221,0.6702575434551087,0.5788713042747329,0.6774472627743932,0.69165334269423,0.6823528785864504
2018-02-24 12:30:00,0.6775778273526035,0.6651279740655068,0.6102393398108326,0.6577670578255556,0.7284120782023207,0.5820116774363774
2018-02-24 13:30:00,0.7108759035850115,0.7013455833374009,0.6204555107343823,0.6456926580486683,0.6705219844401427,0.6140053675378676
2018-02-24 14:30:00,0.746268656716418,0.746268656716418,0.6065210224568869,0.7446953462925864,0.6335967621201483,0.5629191551136287
2018-02-24 15:30:00,0.746268656716418,0.7301135594314773,0.746268656716418,0.7362203010074341,0.746268656716418,0.49303909541677937
2018-02-24 16:30:00,0.6191384114230312,0.5414130884311038,0.17961108377255247,0.5808497227372734,0.45968275657186164,0.1005707101694174
2018-02-24 17:30:00,0.06507484259396719,0.018493080739827944,0.026070409118557215,0.03459412410296729,0.017699249820976728,0.036645522752670974
2018-02-24 18:30:00,0.0,0.0,0.0,0.0,0.0,0.0
2018-02-24 19:30:00,0.0,0.0,0.0,0.0,0.0,0.0
2018-02-24 20:30:00,0.0,0.0,0.0,0.0,0.0,0.0
2018-02-24 21:30:00,0.0,0.0,0.0,0.0,0.0,0.0
2018-02-24 22:30:00,0.0,0.0,0.0,0.0,0.0,0.0
2018-02-24 23:30:00,0.0,0.0,0.0,0.0,0.0,0.0
2018-02-25 00:30:00,0.0,0.0,0.0,0.0,0.0,0.0
2018-02-25 01:30:00,0.0,0.0,0.0,0.0,0.0,0.0
2018-02-25 02:30:00,0.0,0.0,0.0,0.0,0.0,0.0
2018-02-25 03:30:00,0.0,0.0,0.0,0.0,0.0,0.0
2018-02-25 04:30:00,0.0,0.0,0.0,0.0,0.0,0.0
2018-02-25 05:30:00,0.0,0.0,0.0,0.0,0.0,0.0
2018-02-25 06:30:00,0.0,0.0,0.0,0.0,0.0,0.0
2018-02-25 07:30:00,0.3836669382294531,0.42722741907577644,0.05172639183935416,0.18333496060736465,0.40043804882755973,0.07161977516269172
2018-02-25 08:30:00,0.7231330519734145,0.6964392480970277,0.722503686219044,0.7243632834698316,0.35653761472409445,0.42398644551712183
2018-02-25 09:30:00,0.746268656716418,0.7327482687754037,0.46316946184366514,0.746268656716418,0.3888241997573121,0.538260722681814
2018-02-25 10:30:00,0.7202269187373738,0.6973482915486222,0.5156347475926398,0.723424994686708,0.5717784828505834,0.5238124024816408
2018-02-25 11:30:00,0.6721271542897272,0.6567234709702027,0.4953208617851479,0.6755544971052809,0.7253724945199034,0.31681364789430216
2018-02-25 12:30:00,0.6606907778941558,0.6527202984008418,0.5964708987796612,0.6562163173882684,0.7133239505303651,0.6962633177085292
2018-02-25 13:30:00,0.6866180362619295,0.6980186218238076,0.6011658955363067,0.6916302236888828,0.7444921280822193,0.6360359418660534
2018-02-25 14:30:00,0.7346072544808087,0.7436413158780191,0.5224713002859345,0.7399596411557924,0.746268656716418,0.5584465373998739
2018-02-25 15:30:00,0.7248837338286415,0.7252343502988556,0.746268656716418,0.7331747974051636,0.746268656716418,0.5815377363157513
2018-02-25 16:30:00,0.6003569939965149,0.5476802524816325,0.6688706954145718,0.5783215056775571,0.6802383480356021,0.23606368761770605
2018-02-25 17:30:00,0.06709542819465708,0.019496767387147007,0.028763110473759686,0.03926041100265558,0.10403949375981897,0.03939704919107949
2018-02-25 18:30:00,0.0,0.0,0.0,0.0,0.0,0.0
2018-02-25 19:30:00,0.0,0.0,0.0,0.0,0.0,0.0
2018-02-25 20:30:00,0.0,0.0,0.0,0.0,0.0,0.0
2018-02-25 21:30:00,0.0,0.0,0.0,0.0,0.0,0.0
2018-02-25 22:30:00,0.0,0.0,0.0,0.0,0.0,0.0
2018-02-25 23:30:00,0.0,0.0,0.0,0.0,0.0,0.0
2018-02-26 00:30:00,0.0,0.0,0.0,0.0,0.0,0.0
2018-02-26 01:30:00,0.0,0.0,0.0,0.0,0.0,0.0
2018-02-26 02:30:00,0.0,0.0,0.0,0.0,0.0,0.0
2018-02-26 03:30:00,0.0,0.0,0.0,0.0,0.0,0.0
2018-02-26 04:30:00,0.0,0.0,0.0,0.0,0.0,0.0
2018-02-26 05:30:00,0.0,0.0,0.0,0.0,0.0,0.0
2018-02-26 06:30:00,0.0,-0.0,0.0,0.0,0.0,0.0
2018-02-26 07:30:00,0.3799280543808985,0.462101094940628,0.353705850041629,0.3562706839056827,0.4307854436645201,0.31637628098451914
2018-02-26 08:30:00,0.6838218293612958,0.7095877756020417,0.7138730676955558,0.6749163994800016,0.746268656716418,0.7354782422891945
2018-02-26 09:30:00,0.7117954054480545,0.7324613181813361,0.746268656716418,0.7134996018734923,0.746268656716418,0.746268656716418
2018-02-26 10:30:00,0.67456899777218,0.687605511441142,0.7215109751137196,0.6789082670046794,0.746268656716418,0.746268656716418
2018-02-26 11:30:00,0.6333480283614503,0.6468239203318517,0.5973744756923118,0.635690391719571,0.7092537072497849,0.7142502582711113
2018-02-26 12:30:00,0.623221114618779,0.6402939360586317,0.6614039468014151,0.6247813592757555,0.6969485620904464,0.6955900383586304
2018-02-26 13:30:00,0.6556415661122423,0.6738446570487417,0.6891951577868322,0.6550543311750678,0.7302293885151947,0.7222810449907952
2018-02-26 14:30:00,0.6993855146165915,0.71295427864181,0.7346495804544645,0.6946569083072656,0.746268656716418,0.746268656716418
2018-02-26 15:30:00,0.6932828358317071,0.6996389164423896,0.7381436320222322,0.6871669592477981,0.746268656716418,0.746268656716418
2018-02-26 16:30:00,0.5843831711332729,0.5509718021050883,0.6538380545790605,0.559817551735974,0.6729498234557257,0.3509763821114799
2018-02-26 17:30:00,0.07407321894785314,0.023892426038878853,0.13576143958147224,0.05868187831782457,0.019300769550950784,0.059143990359293526
2018-02-26 18:30:00,0.0,0.0,0.0,0.0,0.0,0.0
2018-02-26 19:30:00,0.0,0.0,0.0,0.0,0.0,0.0
2018-02-26 20:30:00,0.0,0.0,0.0,0.0,0.0,0.0
2018-02-26 21:30:00,0.0,0.0,0.0,0.0,0.0,0.0
2018-02-26 22:30:00,0.0,0.0,0.0,0.0,0.0,0.0
2018-02-26 23:30:00,0.0,0.0,0.0,0.0,0.0,0.0
2018-02-27 00:30:00,0.0,0.0,0.0,0.0,0.0,0.0
2018-02-27 01:30:00,0.0,0.0,0.0,0.0,0.0,0.0
2018-02-27 02:30:00,0.0,0.0,0.0,0.0,0.0,0.0
2018-02-27 03:30:00,0.0,0.0,0.0,0.0,0.0,0.0
2018-02-27 04:30:00,0.0,0.0,0.0,0.0,0.0,0.0
2018-02-27 05:30:00,0.0,0.0,0.0,0.0,0.0,0.0
2018-02-27 06:30:00,0.0,-0.0,0.0,0.0,0.0,0.0
2018-02-27 07:30:00,0.3976791054169901,0.46812602369721196,0.3614632066743621,0.3678530530036772,0.450552329521027,0.10580330981620005
2018-02-27 08:30:00,0.6921623631337616,0.7127207685909408,0.7052976230205651,0.6588967015323958,0.746268656716418,0.4799232710781758
2018-02-27 09:30:00,0.7252327087425825,0.738143372726757,0.7441978503740269,0.6893856276899241,0.746268656716418,0.746268656716418
2018-02-27 10:30:00,0.6831545479599703,0.6944416423233942,0.7152486298454304,0.6504545084518423,0.7445370215182288,0.746268656716418
2018-02-27 11:30:00,0.6388891348788497,0.6525460069527632,0.6640445684543579,0.6067618155304728,0.6996647547113912,0.7024971225060932
2018-02-27 12:30:00,0.6287627303440861,0.6391078160202768,0.6494222790910731,0.5965978849367167,0.6884187235463581,0.6831621083883285
2018-02-27 13:30:00,0.6539840271553123,0.672265211494876,0.6780643046936256,0.6244337520580608,0.7198257731131803,0.7087404422927283
2018-02-27 14:30:00,0.6921195170469204,0.7112465088588449,0.7176674249119794,0.6621768995760045,0.746268656716418,0.746268656716418
2018-02-27 15:30:00,0.6785190529832401,0.6869646221707358,0.7168512933343708,0.6616338942472444,0.746268656716418,0.746268656716418
2018-02-27 16:30:00,0.5760548412353717,0.532915551825462,0.6406055516726081,0.5560801062448528,0.6637458386705246,0.6861444192057079
2018-02-27 17:30:00,0.07412753178990918,0.025014181537455285,0.13707583795878708,0.06186892644876375,0.11960800007523802,0.21371417721445543
2018-02-27 18:30:00,0.0,0.0,0.0,0.0,0.0,0.0
2018-02-27 19:30:00,0.0,0.0,0.0,0.0,0.0,0.0
2018-02-27 20:30:00,0.0,0.0,0.0,0.0,0.0,0.0
2018-02-27 21:30:00,0.0,0.0,0.0,0.0,0.0,0.0
2018-02-27 22:30:00,0.0,0.0,0.0,0.0,0.0,0.0
2018-02-27 23:30:00,0.0,0.0,0.0,0.0,0.0,0.0
2018-02-28 00:30:00,0.0,0.0,0.0,0.0,0.0,0.0
2018-02-28 01:30:00,0.0,0.0,0.0,0.0,0.0,0.0
2018-02-28 02:30:00,0.0,0.0,0.0,0.0,0.0,0.0
2018-02-28 03:30:00,0.0,0.0,0.0,0.0,0.0,0.0
2018-02-28 04:30:00,0.0,0.0,0.0,0.0,0.0,0.0
2018-02-28 05:30:00,0.0,0.0,0.0,0.0,0.0,0.0
2018-02-28 06:30:00,0.0,-0.0,0.0,0.0,0.0,0.0
2018-02-28 07:30:00,0.3515901635684343,0.4413341664225854,0.09968683171191489,0.028743237731843757,0.4312707792783585,0.07076778887951651
2018-02-28 08:30:00,0.6430608065197027,0.6825167973739481,0.6811623540946143,0.6334409055325144,0.7272580356433486,0.6996234632688583
2018-02-28 09:30:00,0.6959932043897024,0.7151122074814122,0.36308640231602934,0.6885328352356196,0.746268656716418,0.746268656716418
2018-02-28 10:30:00,0.6624022361337205,0.6801399517828903,0.43281414287413056,0.6552389462231589,0.7228196554326349,0.7374805593442818
2018-02-28 11:30:00,0.6317178309754905,0.6486625841052087,0.38025363402876583,0.618256089693463,0.6820786647767958,0.6047607055182739
2018-02-28 12:30:00,0.4965999225141842,0.6450307219684895,0.604514341878493,0.4385719214990096,0.6657629494972115,0.5668836693364557
2018-02-28 13:30:00,0.647838090121237,0.6788430914853256,0.5344696914144784,0.4252372858324495,0.17460798585550125,0.5999400648993334
2018-02-28 14:30:00,0.6872382848840203,0.7181632713354646,0.3477946209329628,0.17749467484894174,0.13621691735769745,0.6046553937028695
2018-02-28 15:30:00,0.13123261481231518,0.6993235323556373,0.5112427993864935,0.18177555445461785,0.3843411275349112,0.746268656716418
2018-02-28 16:30:00,0.04416055790909352,0.5413246775204494,0.19624373854692861,0.29519270795817854,0.06561080564656,0.6860285255842573
2018-02-28 17:30:00,0.0079519732024758,0.027107398235656336,0.02334448532431792,0.008539127073628677,0.008760557849521526,0.2197382399901512
2018-02-28 18:30:00,0.0,0.0,0.0,0.0,0.0,0.0
2018-02-28 19:30:00,0.0,0.0,0.0,0.0,0.0,0.0
2018-02-28 20:30:00,0.0,0.0,0.0,0.0,0.0,0.0
2018-02-28 21:30:00,0.0,0.0,0.0,0.0,0.0,0.0
2018-02-28 22:30:00,0.0,0.0,0.0,0.0,0.0,0.0
2018-02-28 23:30:00,0.0,0.0,0.0,0.0,0.0,0.0
2018-03-01 00:30:00,0.0,0.0,0.0,0.0,0.0,0.0
2018-03-01 01:30:00,0.0,0.0,0.0,0.0,0.0,0.0
2018-03-01 02:30:00,0.0,0.0,0.0,0.0,0.0,0.0
2018-03-01 03:30:00,0.0,0.0,0.0,0.0,0.0,0.0
2018-03-01 04:30:00,0.0,0.0,0.0,0.0,0.0,0.0
2018-03-01 05:30:00,0.0,0.0,0.0,0.0,0.0,0.0
2018-03-01 06:30:00,0.0,-0.0,0.0,0.0,0.0,0.0
2018-03-01 07:30:00,0.42043059837229085,0.48491579917219585,0.0949253747499531,0.3979859925748436,0.4647095837031167,0.1022515413198009
2018-03-01 08:30:00,0.689942613918816,0.7076472626392358,0.713691857547406,0.6701290464522696,0.746268656716418,0.5328984372523229
2018-03-01 09:30:00,0.7091150299797944,0.737265740133515,0.746268656716418,0.7042176401635631,0.746268656716418,0.746268656716418
2018-03-01 10:30:00,0.6657833952951264,0.6978421746850413,0.71077101218316,0.6644475391422768,0.728862048602731,0.746268656716418
2018-03-01 11:30:00,0.6274755162939749,0.6580366795613923,0.6675106349348304,0.6193546284238293,0.6888540772977598,0.7127802479390082
2018-03-01 12:30:00,0.6191535645862791,0.6504532856584703,0.4206244088272867,0.48563429560763816,0.6808807273773804,0.5323235457886605
2018-03-01 13:30:00,0.6483605525937971,0.6801890242403067,0.593892998806468,0.6426461093928205,0.42450421436591596,0.6070194560873432
2018-03-01 14:30:00,0.6876906122131069,0.716106678237704,0.16148786918778615,0.5451520838695878,0.746268656716418,0.5850631651861251
2018-03-01 15:30:00,0.6787748478499381,0.6964956313450358,0.2638147902250407,0.6740571117514721,0.746268656716418,0.16135192174860596
2018-03-01 16:30:00,0.20494984516076972,0.06366469671983252,0.08336733781052584,0.23067806698076304,0.3489467391185907,0.2338734146223001
2018-03-01 17:30:00,0.08632448725092268,0.004470352516406472,0.026270671146589392,0.015252445756813292,0.04909012449535111,0.019495662886553966
2018-03-01 18:30:00,0.0,0.0,0.0,0.0,0.0,0.0
2018-03-01 19:30:00,0.0,0.0,0.0,0.0,0.0,0.0
2018-03-01 20:30:00,0.0,0.0,0.0,0.0,0.0,0.0
2018-03-01 21:30:00,0.0,0.0,0.0,0.0,0.0,0.0
2018-03-01 22:30:00,0.0,0.0,0.0,0.0,0.0,0.0
2018-03-01 23:30:00,0.0,0.0,0.0,0.0,0.0,0.0
2018-03-02 00:30:00,0.0,0.0,0.0,0.0,0.0,0.0
2018-03-02 01:30:00,0.0,0.0,0.0,0.0,0.0,0.0
2018-03-02 02:30:00,0.0,0.0,0.0,0.0,0.0,0.0
2018-03-02 03:30:00,0.0,0.0,0.0,0.0,0.0,0.0
2018-03-02 04:30:00,0.0,0.0,0.0,0.0,0.0,0.0
2018-03-02 05:30:00,0.0,0.0,0.0,0.0,0.0,0.0
2018-03-02 06:30:00,0.0,-0.0,0.0,0.0,0.0,0.0
2018-03-02 07:30:00,0.4308686177922805,0.48990295806158835,0.12120724865306184,0.4179931484472956,0.48403696064288654,0.35988161140770425
2018-03-02 08:30:00,0.7019226938319396,0.7019095556650938,0.7174344247259149,0.6864718548987081,0.746268656716418,0.7411902285260605
2018-03-02 09:30:00,0.7333654382381245,0.726610814745851,0.746268656716418,0.719814195949957,0.746268656716418,0.746268656716418
2018-03-02 10:30:00,0.693408569689726,0.6876909920120509,0.7247582381831155,0.6780286544246359,0.746268656716418,0.746268656716418
2018-03-02 11:30:00,0.6440917178782485,0.6520108156995508,0.6808153814827249,0.6272596853860931,0.7076908965425863,0.7147249774664135
2018-03-02 12:30:00,0.634096066367685,0.642846346950114,0.6656524108942347,0.6171413834818289,0.6963310804093477,0.6957656222240937
2018-03-02 13:30:00,0.6629998770126729,0.6756114233667168,0.6917423582456793,0.6467581775382882,0.7171945315006737,0.7213204027267797
2018-03-02 14:30:00,0.7020818521926069,0.7176946691773353,0.733751670144216,0.6902160667007972,0.746268656716418,0.746268656716418
2018-03-02 15:30:00,0.6970467511135761,0.7057594087191573,0.7367637133702094,0.6807655436250913,0.746268656716418,0.746268656716418
2018-03-02 16:30:00,0.600600565099443,0.5721105362898821,0.6574280483146997,0.5819742451810768,0.6873797840113673,0.7082580364065034
2018-03-02 17:30:00,0.1013891205483824,0.039626502853587216,0.17912006222384297,0.08652988205978145,0.15678221082098906,0.24976528538392118
2018-03-02 18:30:00,0.0,0.0,0.0,0.0,0.0,0.0
2018-03-02 19:30:00,0.0,0.0,0.0,0.0,0.0,0.0
2018-03-02 20:30:00,0.0,0.0,0.0,0.0,0.0,0.0
2018-03-02 21:30:00,0.0,0.0,0.0,0.0,0.0,0.0
2018-03-02 22:30:00,0.0,0.0,0.0,0.0,0.0,0.0
2018-03-02 23:30:00,0.0,0.0,0.0,0.0,0.0,0.0
2018-03-03 00:30:00,0.0,0.0,0.0,0.0,0.0,0.0
2018-03-03 01:30:00,0.0,0.0,0.0,0.0,0.0,0.0
2018-03-03 02:30:00,0.0,0.0,0.0,0.0,0.0,0.0
2018-03-03 03:30:00,0.0,0.0,0.0,0.0,0.0,0.0
2018-03-03 04:30:00,0.0,0.0,0.0,0.0,0.0,0.0
2018-03-03 05:30:00,0.0,0.0,0.0,0.0,0.0,0.0
2018-03-03 06:30:00,-0.0,0.016006526729464315,0.0,-0.0,-0.0,0.0
2018-03-03 07:30:00,0.4599561741892215,0.532330842138051,0.42372052746381067,0.4395583955371184,0.5096404333933736,0.38578034710576004
2018-03-03 08:30:00,0.7181719323616453,0.7251098491405148,0.7267217185923494,0.6929662788887284,0.746268656716418,0.746268656716418
2018-03-03 09:30:00,0.737544245049488,0.7385347706475804,0.746268656716418,0.71422581660816,0.746268656716418,0.746268656716418
2018-03-03 10:30:00,0.6920619135398177,0.6937500592454049,0.722729496278085,0.6691107032924783,0.746268656716418,0.746268656716418
2018-03-03 11:30:00,0.6390427104880234,0.6549645189779991,0.6781415469971596,0.6246663092243371,0.7047154202476167,0.6594773839854877
2018-03-03 12:30:00,0.6285679618793089,0.6526420354135601,0.6626104755003488,0.6092766775204497,0.6930892826525327,0.6424066646653577
2018-03-03 13:30:00,0.6588721265451453,0.6777884407565257,0.6816409471013374,0.6405657373486011,0.7232535185765604,0.7257355580017958
2018-03-03 14:30:00,0.7040347470835346,0.7198442977125812,0.7233606507914428,0.6824480312708279,0.746268656716418,0.746268656716418
2018-03-03 15:30:00,0.7027205945038174,0.7079085641079473,0.6578247680140921,0.6751501039197053,0.746268656716418,0.746268656716418
2018-03-03 16:30:00,0.6129608344567959,0.5848690177771093,0.6655386625155603,0.5821554076083001,0.6883503234607967,0.4991137510836958
2018-03-03 17:30:00,0.11517003867720892,0.061955195593379676,0.19461790032054493,0.03369499749314742,0.16920020908763062,0.0617959154712409
2018-03-03 18:30:00,0.0,0.0,0.0,0.0,0.0,0.0
2018-03-03 19:30:00,0.0,0.0,0.0,0.0,0.0,0.0
2018-03-03 20:30:00,0.0,0.0,0.0,0.0,0.0,0.0
2018-03-03 21:30:00,0.0,0.0,0.0,0.0,0.0,0.0
2018-03-03 22:30:00,0.0,0.0,0.0,0.0,0.0,0.0
2018-03-03 23:30:00,0.0,0.0,0.0,0.0,0.0,0.0
2018-03-04 00:30:00,0.0,0.0,0.0,0.0,0.0,0.0
2018-03-04 01:30:00,0.0,0.0,0.0,0.0,0.0,0.0
2018-03-04 02:30:00,0.0,0.0,0.0,0.0,0.0,0.0
2018-03-04 03:30:00,0.0,0.0,0.0,0.0,0.0,0.0
2018-03-04 04:30:00,0.0,0.0,0.0,0.0,0.0,0.0
2018-03-04 05:30:00,0.0,0.0,0.0,0.0,0.0,0.0
2018-03-04 06:30:00,-0.0,0.002263309202363281,0.0,-0.0,-0.0,0.0
2018-03-04 07:30:00,0.47751890273471315,0.42148129267133716,0.4293999617293837,0.45690757581435343,0.5174042908923555,0.08860147368564218
2018-03-04 08:30:00,0.7328408859994295,0.746268656716418,0.7302774237090202,0.7081174212652743,0.746268656716418,0.4821631814217018
2018-03-04 09:30:00,0.746268656716418,0.746268656716418,0.746268656716418,0.7347681810488343,0.08641976188833254,0.38853391073844257
2018-03-04 10:30:00,0.7095062625759724,0.7165503087594457,0.727295279167927,0.6852897841594374,0.746268656716418,0.14474661758710713
2018-03-04 11:30:00,0.6606884418316387,0.6673165397857561,0.6872043127612905,0.6417447721990208,0.7166066762842662,0.5940758384751974
2018-03-04 12:30:00,0.6473060402759204,0.6638387385959224,0.6706473074819609,0.6236518873764616,0.7074539197084677,0.467955404967694
2018-03-04 13:30:00,0.6797036186564813,0.6900831561355298,0.5772663130866006,0.6551055190620584,0.7315929431863359,0.5984350709652136
2018-03-04 14:30:00,0.7211101765531441,0.7273829582686043,0.5131336074033671,0.6968312883451007,0.746268656716418,0.528645715871618
2018-03-04 15:30:00,0.7195030133715011,0.7170159927849142,0.35966249443845366,0.6907420793522168,0.746268656716418,0.4345253566087882
2018-03-04 16:30:00,0.4297942467688752,0.5851532852264347,0.006526951904751457,0.0811107081848514,0.6920810836802056,0.040538850432381375
2018-03-04 17:30:00,0.02565943541278153,0.06623653859729528,0.01180131018700004,0.008747773448477466,0.015224103438087232,0.022097318271861382
2018-03-04 18:30:00,0.0,0.0,0.0,0.0,0.0,0.0
2018-03-04 19:30:00,0.0,0.0,0.0,0.0,0.0,0.0
2018-03-04 20:30:00,0.0,0.0,0.0,0.0,0.0,0.0
2018-03-04 21:30:00,0.0,0.0,0.0,0.0,0.0,0.0
2018-03-04 22:30:00,0.0,0.0,0.0,0.0,0.0,0.0
2018-03-04 23:30:00,0.0,0.0,0.0,0.0,0.0,0.0
2018-03-05 00:30:00,0.0,0.0,0.0,0.0,0.0,0.0
2018-03-05 01:30:00,0.0,0.0,0.0,0.0,0.0,0.0
2018-03-05 02:30:00,0.0,0.0,0.0,0.0,0.0,0.0
2018-03-05 03:30:00,0.0,0.0,0.0,0.0,0.0,0.0
2018-03-05 04:30:00,0.0,0.0,0.0,0.0,0.0,0.0
2018-03-05 05:30:00,0.0,0.0,0.0,0.0,0.0,0.0
2018-03-05 06:30:00,-0.0,0.02975031161513915,0.0,-0.0,-0.0,0.0
2018-03-05 07:30:00,0.5110842411208772,0.5944106285778917,0.12379084599885751,0.49278041121072447,0.564813322290529,0.008764356252677595
2018-03-05 08:30:00,0.746268656716418,0.746268656716418,0.4338669908325877,0.746268656716418,0.29298845734969475,0.3817736906024992
2018-03-05 09:30:00,0.746268656716418,0.746268656716418,0.3407837360936274,0.746268656716418,0.746268656716418,0.5819391002978251
2018-03-05 10:30:00,0.746268656716418,0.746268656716418,0.5854127573741958,0.746268656716418,0.746268656716418,0.7174978902718692
2018-03-05 11:30:00,0.7100590554462779,0.710369932185765,0.6732203997814264,0.7012700850223559,0.746268656716418,0.746268656716418
2018-03-05 12:30:00,0.7011660126645137,0.7059787864693154,0.6612398341220533,0.6927349645699167,0.7442001873294966,0.7419729928296752
2018-03-05 13:30:00,0.7348575073324205,0.7412433790555122,0.6480250505728741,0.728419787768231,0.746268656716418,0.746268656716418
2018-03-05 14:30:00,0.746268656716418,0.746268656716418,0.618508907017607,0.746268656716418,0.746268656716418,0.746268656716418
2018-03-05 15:30:00,0.746268656716418,0.746268656716418,0.4567703379596917,0.746268656716418,0.746268656716418,0.5179127217657579
2018-03-05 16:30:00,0.6891325646715096,0.658567553252258,0.2292182917165568,0.6703153084507624,0.739228172882191,0.5541325809074584
2018-03-05 17:30:00,0.14897130943395345,0.08707978545960775,0.01702008491205898,0.12364894420611468,0.1991607013850139,0.2996169465762813
2018-03-05 18:30:00,0.0,0.0,0.0,0.0,0.0,0.0
2018-03-05 19:30:00,0.0,0.0,0.0,0.0,0.0,0.0
2018-03-05 20:30:00,0.0,0.0,0.0,0.0,0.0,0.0
2018-03-05 21:30:00,0.0,0.0,0.0,0.0,0.0,0.0
2018-03-05 22:30:00,0.0,0.0,0.0,0.0,0.0,0.0
2018-03-05 23:30:00,0.0,0.0,0.0,0.0,0.0,0.0
2018-03-06 00:30:00,0.0,0.0,0.0,0.0,0.0,0.0
2018-03-06 01:30:00,0.0,0.0,0.0,0.0,0.0,0.0
2018-03-06 02:30:00,0.0,0.0,0.0,0.0,0.0,0.0
2018-03-06 03:30:00,0.0,0.0,0.0,0.0,0.0,0.0
2018-03-06 04:30:00,0.0,0.0,0.0,0.0,0.0,0.0
2018-03-06 05:30:00,0.0,0.0,0.0,0.0,0.0,0.0
2018-03-06 06:30:00,-0.0,0.03578645008406592,0.0,-0.0,-0.0,0.0
2018-03-06 07:30:00,0.5230170236208624,0.6081432745574262,0.47753958642031374,0.5062039339704558,0.5721135773567415,0.1336383859763297
2018-03-06 08:30:00,0.746268656716418,0.746268656716418,0.746268656716418,0.746268656716418,0.746268656716418,0.5578905916116937
2018-03-06 09:30:00,0.746268656716418,0.746268656716418,0.746268656716418,0.746268656716418,0.746268656716418,0.666254521639554
2018-03-06 10:30:00,0.7450200370011285,0.7420637344653395,0.746268656716418,0.7308694147856447,0.746268656716418,0.746268656716418
2018-03-06 11:30:00,0.7005575473209161,0.7026501492708771,0.7145822785446624,0.6856693312359217,0.7356929034806127,0.7341487031084702
2018-03-06 12:30:00,0.6807115758445765,0.6992389470476251,0.7009751083372986,0.6744966526228426,0.7089588315462317,0.7172198910709316
2018-03-06 13:30:00,0.7095166101939442,0.7310648465185102,0.7252479466886196,0.7054160770894059,0.7340970032726039,0.7415445213895646
2018-03-06 14:30:00,0.746268656716418,0.746268656716418,0.6379718512800687,0.7443237117603108,0.746268656716418,0.746268656716418
2018-03-06 15:30:00,0.746268656716418,0.746268656716418,0.60771726036875,0.7374585473942737,0.746268656716418,0.746268656716418
2018-03-06 16:30:00,0.6501563102937766,0.6441236887235585,0.6985763505917976,0.6347776358876803,0.693887920165381,0.7371107958337779
2018-03-06 17:30:00,0.14741384491016726,0.08750537534274483,0.2266448583808773,0.1257996302220837,0.19726690572693525,0.29882301422510354
2018-03-06 18:30:00,0.0,0.0,0.0,0.0,0.0,0.0
2018-03-06 19:30:00,0.0,0.0,0.0,0.0,0.0,0.0
2018-03-06 20:30:00,0.0,0.0,0.0,0.0,0.0,0.0
2018-03-06 21:30:00,0.0,0.0,0.0,0.0,0.0,0.0
2018-03-06 22:30:00,0.0,0.0,0.0,0.0,0.0,0.0
2018-03-06 23:30:00,0.0,0.0,0.0,0.0,0.0,0.0
2018-03-07 00:30:00,0.0,0.0,0.0,0.0,0.0,0.0
2018-03-07 01:30:00,0.0,0.0,0.0,0.0,0.0,0.0
2018-03-07 02:30:00,0.0,0.0,0.0,0.0,0.0,0.0
2018-03-07 03:30:00,0.0,0.0,0.0,0.0,0.0,0.0
2018-03-07 04:30:00,0.0,0.0,0.0,0.0,0.0,0.0
2018-03-07 05:30:00,0.0,0.0,0.0,0.0,0.0,0.0
2018-03-07 06:30:00,-0.0,0.03976580068343728,-0.0,-0.0,-0.0,0.0
2018-03-07 07:30:00,0.5278045220130456,0.6016907193462282,0.5071200929886982,0.514181824458053,0.5738895560559407,0.18339799042846325
2018-03-07 08:30:00,0.746268656716418,0.746268656716418,0.746268656716418,0.7351568142477676,0.746268656716418,0.41472745137537337
2018-03-07 09:30:00,0.746268656716418,0.746268656716418,0.746268656716418,0.746268656716418,0.746268656716418,0.6495754478739294
2018-03-07 10:30:00,0.7329139036128471,0.7253465815983838,0.746268656716418,0.7148171390979942,0.746268656716418,0.746268656716418
2018-03-07 11:30:00,0.6908350507947896,0.690566171440203,0.7046932378162654,0.6708443636062822,0.7125968168837129,0.6461006263067562
2018-03-07 12:30:00,0.6794197841511,0.6874529353666093,0.6913911263087188,0.6601547470236101,0.6187276907442986,0.660779948802417
2018-03-07 13:30:00,0.6986506759566371,0.718042263782088,0.7158335160304179,0.689864295130638,0.6191721200883277,0.6414749266498959
2018-03-07 14:30:00,0.7399178257796479,0.746268656716418,0.6796697327414803,0.7310983391044696,0.746268656716418,0.6666068427425358
2018-03-07 15:30:00,0.7334800087576034,0.7425865816512264,0.5583788959499936,0.7221551705885721,0.6637025571026353,0.746268656716418
2018-03-07 16:30:00,0.4860571604511115,0.6301382038536677,0.5746923625926094,0.6297989730136442,0.5380400763660464,0.5167148814697528
2018-03-07 17:30:00,0.04547740519040115,0.09082929265358293,0.1021631353203093,0.13250589128500156,0.06071314776184875,0.12028094405294568
2018-03-07 18:30:00,0.0,0.0,0.0,0.0,0.0,0.0
2018-03-07 19:30:00,0.0,0.0,0.0,0.0,0.0,0.0
2018-03-07 20:30:00,0.0,0.0,0.0,0.0,0.0,0.0
2018-03-07 21:30:00,0.0,0.0,0.0,0.0,0.0,0.0
2018-03-07 22:30:00,0.0,0.0,0.0,0.0,0.0,0.0
2018-03-07 23:30:00,0.0,0.0,0.0,0.0,0.0,0.0
2018-03-08 00:30:00,0.0,0.0,0.0,0.0,0.0,0.0
2018-03-08 01:30:00,0.0,0.0,0.0,0.0,0.0,0.0
2018-03-08 02:30:00,0.0,0.0,0.0,0.0,0.0,0.0
2018-03-08 03:30:00,0.0,0.0,0.0,0.0,0.0,0.0
2018-03-08 04:30:00,0.0,0.0,0.0,0.0,0.0,0.0
2018-03-08 05:30:00,0.0,0.0,0.0,0.0,0.0,0.0
2018-03-08 06:30:00,-0.0,0.003202409581323298,-0.0,-0.0,-0.0,0.0
2018-03-08 07:30:00,0.0582408287973641,0.10570186076291746,0.08334644125462738,0.09152123413583525,0.5419594760046782,0.44465725662049044
2018-03-08 08:30:00,0.23986573975002826,0.3675991092528919,0.7280955888672834,0.7079449922345373,0.746268656716418,0.746268656716418
2018-03-08 09:30:00,0.7335693208286357,0.7351733735724874,0.746268656716418,0.7319486034822386,0.746268656716418,0.746268656716418
2018-03-08 10:30:00,0.696811448562132,0.6981913772790633,0.730329041019114,0.6915334758836414,0.7443092474012022,0.746268656716418
2018-03-08 11:30:00,0.6593852375469312,0.6637489463082287,0.692892253679635,0.653065915316159,0.7055319039284423,0.7206456471508346
2018-03-08 12:30:00,0.6514038293706536,0.6579844070387292,0.6812974204723956,0.6464736195613278,0.6969051524192662,0.6418303002283301
2018-03-08 13:30:00,0.6791556684041584,0.6789391922675817,0.7055097217396322,0.677105179416829,0.7225576346725018,0.6608471767037108
2018-03-08 14:30:00,0.718541825709615,0.7097043474962141,0.6908404532403795,0.720690978625893,0.6572548011329284,0.6285501829631523
2018-03-08 15:30:00,0.7114845125507806,0.691658167078474,0.6468935435859198,0.634909871243963,0.746268656716418,0.5006366795694602
2018-03-08 16:30:00,0.44061772686586864,0.5982098085805889,0.6810559777772797,0.4942111622641776,0.39550013672147694,0.4374520943389417
2018-03-08 17:30:00,0.1580109833091718,0.03436789518315622,0.1093683284188131,0.03895087566757704,0.07544999327810084,0.08270920767262736
2018-03-08 18:30:00,0.0,0.0,0.0,0.0,0.0,0.0
2018-03-08 19:30:00,0.0,0.0,0.0,0.0,0.0,0.0
2018-03-08 20:30:00,0.0,0.0,0.0,0.0,0.0,0.0
2018-03-08 21:30:00,0.0,0.0,0.0,0.0,0.0,0.0
2018-03-08 22:30:00,0.0,0.0,0.0,0.0,0.0,0.0
2018-03-08 23:30:00,0.0,0.0,0.0,0.0,0.0,0.0
2018-03-09 00:30:00,0.0,0.0,0.0,0.0,0.0,0.0
2018-03-09 01:30:00,0.0,0.0,0.0,0.0,0.0,0.0
2018-03-09 02:30:00,0.0,0.0,0.0,0.0,0.0,0.0
2018-03-09 03:30:00,0.0,0.0,0.0,0.0,0.0,0.0
2018-03-09 04:30:00,0.0,0.0,0.0,0.0,0.0,0.0
2018-03-09 05:30:00,0.0,0.0,0.0,0.0,0.0,0.0
2018-03-09 06:30:00,0.001287451722677887,0.007562768984203917,-0.0,0.01500144695578787,0.0004908966093993333,0.0
2018-03-09 07:30:00,0.26635749140967874,0.5843972293465195,0.10126338703943447,0.5094496169239404,0.21886664673626655,0.12017520775257849
2018-03-09 08:30:00,0.35594483578977626,0.7149485704122132,0.2584882530295491,0.7103180752467358,0.3211635050332306,0.4875013917508567
2018-03-09 09:30:00,0.48308404444680797,0.7342908816652468,0.47570200268719137,0.45778212398830165,0.4489556701654798,0.6304496208826458
2018-03-09 10:30:00,0.5337505926652039,0.5029355865465871,0.5073189795270184,0.48802606967416323,0.5292996687230496,0.628739653551614
2018-03-09 11:30:00,0.5439500234519744,0.6646557041888193,0.5622773432193442,0.5174407241962112,0.559832183531004,0.4031462391387275
2018-03-09 12:30:00,0.5565988507145994,0.6533839406793268,0.34750673059169246,0.5146389993246644,0.5500034960880946,0.6543596879053392
2018-03-09 13:30:00,0.6782756886040818,0.6764395693502622,0.2770616012844976,0.4921231850917017,0.39798580964732777,0.6528468814292039
2018-03-09 14:30:00,0.37060858605221836,0.7019950916640626,0.19773488869546235,0.4227486176365642,0.18256452889574934,0.6496928376460979
2018-03-09 15:30:00,0.08599238511024945,0.14797120662213034,0.12435901851319073,0.31456905356065246,0.23913322732738207,0.472566112427469
2018-03-09 16:30:00,0.002771569909523839,0.052293041649461414,0.045330341109981076,0.07725987722417658,0.17086574615297914,0.12420534303817213
2018-03-09 17:30:00,0.0224649152204691,0.01529497026591947,0.012603949903067594,0.028970771037115754,0.05603856040046527,0.04470583293507589
2018-03-09 18:30:00,0.0,0.0,0.0,0.0,0.0,0.0
2018-03-09 19:30:00,0.0,0.0,0.0,0.0,0.0,0.0
2018-03-09 20:30:00,0.0,0.0,0.0,0.0,0.0,0.0
2018-03-09 21:30:00,0.0,0.0,0.0,0.0,0.0,0.0
2018-03-09 22:30:00,0.0,0.0,0.0,0.0,0.0,0.0
2018-03-09 23:30:00,0.0,0.0,0.0,0.0,0.0,0.0
2018-03-10 00:30:00,0.0,0.0,0.0,0.0,0.0,0.0
2018-03-10 01:30:00,0.0,0.0,0.0,0.0,0.0,0.0
2018-03-10 02:30:00,0.0,0.0,0.0,0.0,0.0,0.0
2018-03-10 03:30:00,0.0,0.0,0.0,0.0,0.0,0.0
2018-03-10 04:30:00,0.0,0.0,0.0,0.0,0.0,0.0
2018-03-10 05:30:00,0.0,0.0,0.0,0.0,0.0,0.0
2018-03-10 06:30:00,0.0012172214712294015,0.004098282132019447,-0.0,0.002848061351809989,0.0023568164346203136,0.0
2018-03-10 07:30:00,0.23877883785180626,0.053889049175291734,0.12387611854697271,0.11074980908348242,0.5576935663425412,0.16564093491346152
2018-03-10 08:30:00,0.4811651725900042,0.10754686731724869,0.3733695520983437,0.21906461856657508,0.7460686460534104,0.3107856666021197
2018-03-10 09:30:00,0.4830925613591096,0.2469457027874358,0.14922883697662323,0.4190278241624678,0.5298208460899612,0.6295816359547185
2018-03-10 10:30:00,0.4978257151385019,0.3627209676071219,0.3139512188903101,0.4422604791234753,0.744683142899785,0.746268656716418
2018-03-10 11:30:00,0.09434162720433233,0.6752523449394813,0.45333489536860155,0.6695441851349921,0.7114738369269099,0.6808666476972486
2018-03-10 12:30:00,0.6627941990643477,0.6737932319815325,0.3096471073807873,0.42966016667942675,0.7040090380910796,0.7113963667829453
2018-03-10 13:30:00,0.4126970325015336,0.358663660931414,0.5703953262113215,0.702860856254874,0.7308393512129726,0.7349476736239102
2018-03-10 14:30:00,0.7341306741382757,0.4353573077348824,0.22264147491029995,0.746268656716418,0.746268656716418,0.6934677702471472
2018-03-10 15:30:00,0.1605890957389029,0.43790711079954164,0.3111886622775874,0.746268656716418,0.4071478802177238,0.5694335509652064
2018-03-10 16:30:00,0.006028901115871677,0.06116425689292057,0.287138102043067,0.6596536115296039,0.6738051472464993,0.4638634101995407
2018-03-10 17:30:00,0.015918609088569947,0.02174879141487384,0.050509749828026,0.1677772274162022,0.05126995378672805,0.05490089175849427
2018-03-10 18:30:00,0.0,0.0,0.0,0.0,0.0,0.0
2018-03-10 19:30:00,0.0,0.0,0.0,0.0,0.0,0.0
2018-03-10 20:30:00,0.0,0.0,0.0,0.0,0.0,0.0
2018-03-10 21:30:00,0.0,0.0,0.0,0.0,0.0,0.0
2018-03-10 22:30:00,0.0,0.0,0.0,0.0,0.0,0.0
2018-03-10 23:30:00,0.0,0.0,0.0,0.0,0.0,0.0
2018-03-11 00:30:00,0.0,0.0,0.0,0.0,0.0,0.0
2018-03-11 01:30:00,0.0,0.0,0.0,0.0,0.0,0.0
2018-03-11 02:30:00,0.0,0.0,0.0,0.0,0.0,0.0
2018-03-11 03:30:00,0.0,0.0,0.0,0.0,0.0,0.0
2018-03-11 04:30:00,0.0,0.0,0.0,0.0,0.0,0.0
2018-03-11 05:30:00,0.0,0.0,0.0,0.0,0.0,0.0
2018-03-11 06:30:00,0.027717424253902914,0.08846035604770093,-0.0,0.02833042318866808,0.0017945154899723682,-0.0
2018-03-11 07:30:00,0.5602297662895106,0.6527901626037763,0.552977751261059,0.5554797584320379,0.1758295028734906,0.16216700252096217
2018-03-11 08:30:00,0.7449475535448273,0.746268656716418,0.5374971918041423,0.7298763009143479,0.746268656716418,0.5140710446726183
2018-03-11 09:30:00,0.746268656716418,0.746268656716418,0.5608323925402696,0.746268656716418,0.49398045207917196,0.595838097997666
2018-03-11 10:30:00,0.7389599446677428,0.746268656716418,0.746268656716418,0.7182269786304737,0.746268656716418,0.6100866323609069
2018-03-11 11:30:00,0.7025121745840631,0.710505393155552,0.7019668428904196,0.6806028168718921,0.5767086927085922,0.5298835115875588
2018-03-11 12:30:00,0.6947201132872454,0.7059388690398443,0.687690360707013,0.6832844134770291,0.5768279364547787,0.5200664205573948
2018-03-11 13:30:00,0.7220212823018106,0.7336727773173856,0.7111297559455337,0.713219088690302,0.47293765506397045,0.5762081748844515
2018-03-11 14:30:00,0.746268656716418,0.746268656716418,0.746268656716418,0.746268656716418,0.5788629031615311,0.6008413861694322
2018-03-11 15:30:00,0.746268656716418,0.746268656716418,0.7438917693529243,0.746268656716418,0.3549324964360728,0.746268656716418
2018-03-11 16:30:00,0.6621306506747578,0.6466402859947613,0.527197392826447,0.6590665319374287,0.30249698359717375,0.6252070394384428
2018-03-11 17:30:00,0.19270165849255094,0.12535704162399713,0.07395035109744373,0.1796900478279388,0.04695777244655329,0.0735083804562103
2018-03-11 18:30:00,0.0,0.0,0.0,0.0,0.0,0.0
2018-03-11 19:30:00,0.0,0.0,0.0,0.0,0.0,0.0
2018-03-11 20:30:00,0.0,0.0,0.0,0.0,0.0,0.0
2018-03-11 21:30:00,0.0,0.0,0.0,0.0,0.0,0.0
2018-03-11 22:30:00,0.0,0.0,0.0,0.0,0.0,0.0
2018-03-11 23:30:00,0.0,0.0,0.0,0.0,0.0,0.0
2018-03-12 00:30:00,0.0,0.0,0.0,0.0,0.0,0.0
2018-03-12 01:30:00,0.0,0.0,0.0,0.0,0.0,0.0
2018-03-12 02:30:00,0.0,0.0,0.0,0.0,0.0,0.0
2018-03-12 03:30:00,0.0,0.0,0.0,0.0,0.0,0.0
2018-03-12 04:30:00,0.0,0.0,0.0,0.0,0.0,0.0
2018-03-12 05:30:00,0.0,0.0,0.0,0.0,0.0,0.0
2018-03-12 06:30:00,0.031145558476245123,0.0972401885710416,-0.0,0.0344603195651251,0.034499928024293504,-0.0
2018-03-12 07:30:00,0.13202154598961743,0.6404389337635443,0.10763709352367606,0.5638029772742104,0.5815049026375056,0.06469225878678446
2018-03-12 08:30:00,0.43550177375775284,0.746268656716418,0.29563143512081314,0.7100762025738641,0.7282240358617387,0.22310921676933435
2018-03-12 09:30:00,0.48465435239328286,0.746268656716418,0.27290718538436753,0.40870963264953397,0.7371371186267175,0.3371256478861794
2018-03-12 10:30:00,0.7027997516342767,0.7258490303965821,0.5570008105721103,0.47388960012468595,0.703697431736293,0.5030066487415947
2018-03-12 11:30:00,0.6648712602040169,0.688295381460336,0.522989745772023,0.64287297957541,0.6797282538364884,0.5132659381608773
2018-03-12 12:30:00,0.6584985804851011,0.679600919658699,0.5610636534821518,0.5174090707005362,0.6745959157652125,0.36482424259704255
2018-03-12 13:30:00,0.5317634007915348,0.4978898423180512,0.5650590155629537,0.3870382848771655,0.7007454194909358,0.2641051697626936
2018-03-12 14:30:00,0.7105268996081524,0.551188009029931,0.4753800548361958,0.18898062922579584,0.7410157209068343,0.48604752194866535
2018-03-12 15:30:00,0.3490009858150037,0.7205142703766563,0.17616383119864065,0.378860836796591,0.746268656716418,0.25099627993651674
2018-03-12 16:30:00,0.5984779685474126,0.3453486888571963,0.32806951001981993,0.06790206038119355,0.661402306441316,0.518481679059829
2018-03-12 17:30:00,0.16472468805482787,0.03002337392415311,0.07871666594624666,0.027297769076184777,0.22080722502146832,0.32650356586483087
2018-03-12 18:30:00,0.0,0.0,0.0,0.0,0.0,0.0
2018-03-12 19:30:00,0.0,0.0,0.0,0.0,0.0,0.0
2018-03-12 20:30:00,0.0,0.0,0.0,0.0,0.0,0.0
2018-03-12 21:30:00,0.0,0.0,0.0,0.0,0.0,0.0
2018-03-12 22:30:00,0.0,0.0,0.0,0.0,0.0,0.0
2018-03-12 23:30:00,0.0,0.0,0.0,0.0,0.0,0.0
2018-03-13 00:30:00,0.0,0.0,0.0,0.0,0.0,0.0
2018-03-13 01:30:00,0.0,0.0,0.0,0.0,0.0,0.0
2018-03-13 02:30:00,0.0,0.0,0.0,0.0,0.0,0.0
2018-03-13 03:30:00,0.0,0.0,0.0,0.0,0.0,0.0
2018-03-13 04:30:00,0.0,0.0,0.0,0.0,0.0,0.0
2018-03-13 05:30:00,0.0,0.0,0.0,0.0,0.0,0.0
2018-03-13 06:30:00,0.05663532247815289,0.10625548952528927,0.02170858589645536,0.05843002642926295,0.03860860062294663,-0.0
2018-03-13 07:30:00,0.5631656118950502,0.6159649470323764,0.5562588316727564,0.5664176496051578,0.5973757657305007,0.5104434623115053
2018-03-13 08:30:00,0.70192444983019,0.7340612490014936,0.7361377654122351,0.7138220930228824,0.746268656716418,0.7433957521762404
2018-03-13 09:30:00,0.7354294906928038,0.746268656716418,0.746268656716418,0.7430004609060494,0.746268656716418,0.44187959782189296
2018-03-13 10:30:00,0.7027688126192737,0.7171658611372531,0.5988494225849521,0.7071265793746268,0.7397727604546285,0.45249090136535963
2018-03-13 11:30:00,0.6722766596604844,0.6862404665808954,0.6138381338127041,0.6697514071711015,0.7057202518237694,0.6444578991966524
2018-03-13 12:30:00,0.6659432844757827,0.683763786337091,0.6161040485823144,0.6612943953202709,0.6978687476828658,0.6325479462408771
2018-03-13 13:30:00,0.689515102627912,0.7123222488802249,0.6972519226163056,0.6886259376932968,0.7212766451741477,0.6099684978182733
2018-03-13 14:30:00,0.7275433840803471,0.746268656716418,0.5965719257072073,0.727758919926375,0.746268656716418,0.3083863353353003
2018-03-13 15:30:00,0.7237675048634541,0.7296140304227835,0.45619183709153777,0.7258155248972905,0.746268656716418,0.746268656716418
2018-03-13 16:30:00,0.6389942635801497,0.6244591904403798,0.6573146227613846,0.6333807247287827,0.1341392924494674,0.7032230537941123
2018-03-13 17:30:00,0.188853941576494,0.13003995464871243,0.2515223440972606,0.18237660303689276,0.06356347602927205,0.33688893417240534
2018-03-13 18:30:00,0.0,0.0,0.0,0.0,0.0,0.0
2018-03-13 19:30:00,0.0,0.0,0.0,0.0,0.0,0.0
2018-03-13 20:30:00,0.0,0.0,0.0,0.0,0.0,0.0
2018-03-13 21:30:00,0.0,0.0,0.0,0.0,0.0,0.0
2018-03-13 22:30:00,0.0,0.0,0.0,0.0,0.0,0.0
2018-03-13 23:30:00,0.0,0.0,0.0,0.0,0.0,0.0
2018-03-14 00:30:00,0.0,0.0,0.0,0.0,0.0,0.0
2018-03-14 01:30:00,0.0,0.0,0.0,0.0,0.0,0.0
2018-03-14 02:30:00,0.0,0.0,0.0,0.0,0.0,0.0
2018-03-14 03:30:00,0.0,0.0,0.0,0.0,0.0,0.0
2018-03-14 04:30:00,0.0,0.0,0.0,0.0,0.0,0.0
2018-03-14 05:30:00,0.0,0.0,0.0,0.0,0.0,0.0
2018-03-14 06:30:00,0.0673292631952189,0.11629967743132229,0.02843083591496924,0.06862601914267127,0.07304371212206286,-0.0
2018-03-14 07:30:00,0.5893020017347389,0.6207914545562986,0.09614336647886643,0.5804911582006188,0.6270572992511966,0.16785415165030956
2018-03-14 08:30:00,0.7067360149178662,0.7169123666573978,0.4193385545196501,0.7029908278620539,0.3501687201762056,0.3940483223615055
2018-03-14 09:30:00,0.4806695259383156,0.7283637381995571,0.52563012175897,0.715081609011201,0.746268656716418,0.33321020884836944
2018-03-14 10:30:00,0.5066307983939332,0.68894210203282,0.4348440973013254,0.6770109665113923,0.5396733801677046,0.5784119301528821
2018-03-14 11:30:00,0.499081737034606,0.6606747776335999,0.6008840597932781,0.6449758440627186,0.5644159521139119,0.5889722454351863
2018-03-14 12:30:00,0.5128720961114291,0.5511846955093981,0.5979620073717717,0.5509752035334999,0.6023452682865652,0.6508002698403674
2018-03-14 13:30:00,0.48328359837746515,0.6926293884471777,0.5158661216896839,0.4851259889481941,0.7139503432426011,0.3939070235953353
2018-03-14 14:30:00,0.35820953091712815,0.5441283564996239,0.4896625983743052,0.5319464978286876,0.746268656716418,0.3568367738077711
2018-03-14 15:30:00,0.3537954389885516,0.4246674464984069,0.4400494824686549,0.3548535218497369,0.746268656716418,0.3705989943252524
2018-03-14 16:30:00,0.2854532627785142,0.20176115547332513,0.36283388665612526,0.23244526501645973,0.670080088103163,0.706192321362612
2018-03-14 17:30:00,0.07893097667644076,0.04032947617938309,0.0753270157687846,0.030492322442687486,0.05127838725844243,0.1431589700247731
2018-03-14 18:30:00,0.0,0.0,0.0,0.0,0.0,0.0
2018-03-14 19:30:00,0.0,0.0,0.0,0.0,0.0,0.0
2018-03-14 20:30:00,0.0,0.0,0.0,0.0,0.0,0.0
2018-03-14 21:30:00,0.0,0.0,0.0,0.0,0.0,0.0
2018-03-14 22:30:00,0.0,0.0,0.0,0.0,0.0,0.0
2018-03-14 23:30:00,0.0,0.0,0.0,0.0,0.0,0.0
2018-03-15 00:30:00,0.0,0.0,0.0,0.0,0.0,0.0
2018-03-15 01:30:00,0.0,0.0,0.0,0.0,0.0,0.0
2018-03-15 02:30:00,0.0,0.0,0.0,0.0,0.0,0.0
2018-03-15 03:30:00,0.0,0.0,0.0,0.0,0.0,0.0
2018-03-15 04:30:00,0.0,0.0,0.0,0.0,0.0,0.0
2018-03-15 05:30:00,0.0,0.0,0.0,0.0,0.0,0.0
2018-03-15 06:30:00,0.014168779014678425,0.038854415417038636,0.028668552567063976,0.016622143973157668,0.008450813171343231,-0.0
2018-03-15 07:30:00,0.29369951049699494,0.271136013433565,0.2693339756282172,0.5767408503558927,0.6477760842215359,0.05713657382190507
2018-03-15 08:30:00,0.44077830285591857,0.39308202922176005,0.7260202700238094,0.7042963164826471,0.746268656716418,0.05928190230365419
2018-03-15 09:30:00,0.7277001546813273,0.7247270370702998,0.2548822109589434,0.7242325926273911,0.746268656716418,0.17896563502769183
2018-03-15 10:30:00,0.6849020677927701,0.6819629840747038,0.5001516897754296,0.6900992901571699,0.746268656716418,0.34452595241329115
2018-03-15 11:30:00,0.6555914124842609,0.6537526766139216,0.19521349762981072,0.6576274536426979,0.7237189348326869,0.3057248770625189
2018-03-15 12:30:00,0.6541521707072371,0.6540633696743514,0.43629415122335086,0.6546277304595457,0.7198904311343907,0.4248755799042176
2018-03-15 13:30:00,0.1403545803507411,0.6848882494555678,0.5371851171663431,0.6813671156021642,0.746268656716418,0.3062720932679071
2018-03-15 14:30:00,0.14129133567049246,0.7240450479044661,0.4620271106339034,0.4868642348082461,0.2875521810143135,0.20476461763710976
2018-03-15 15:30:00,0.038534452016572775,0.7127885973082453,0.09859522341619925,0.45822532007930017,0.6072920345634057,0.10216107256928095
2018-03-15 16:30:00,-0.0,0.36348671988304404,0.042793315852253745,0.02012744546354418,0.4362412518739052,0.05516830407444841
2018-03-15 17:30:00,0.011731083242643311,0.038715096466064816,0.01593007074764299,0.00907004594143742,0.007258736304772867,0.014337995547305546
2018-03-15 18:30:00,0.0,0.0,0.0,0.0,0.0,0.0
2018-03-15 19:30:00,0.0,0.0,0.0,0.0,0.0,0.0
2018-03-15 20:30:00,0.0,0.0,0.0,0.0,0.0,0.0
2018-03-15 21:30:00,0.0,0.0,0.0,0.0,0.0,0.0
2018-03-15 22:30:00,0.0,0.0,0.0,0.0,0.0,0.0
2018-03-15 23:30:00,0.0,0.0,0.0,0.0,0.0,0.0
2018-03-16 00:30:00,0.0,0.0,0.0,0.0,0.0,0.0
2018-03-16 01:30:00,0.0,0.0,0.0,0.0,0.0,0.0
2018-03-16 02:30:00,0.0,0.0,0.0,0.0,0.0,0.0
2018-03-16 03:30:00,0.0,0.0,0.0,0.0,0.0,0.0
2018-03-16 04:30:00,0.0,0.0,0.0,0.0,0.0,0.0
2018-03-16 05:30:00,0.0,0.0,0.0,0.0,0.0,0.0
2018-03-16 06:30:00,0.019967155463983137,0.010123991399549209,0.0024107966789086743,0.0052375933132322175,0.10549672703162226,-0.0
2018-03-16 07:30:00,0.6296702515909455,0.051252533149725346,0.10380211936255289,0.047699227995303066,0.7101268087369104,0.12853087541283925
2018-03-16 08:30:00,0.746268656716418,0.746268656716418,0.5519503242242685,0.04001853526685254,0.746268656716418,0.4797679736836154
2018-03-16 09:30:00,0.746268656716418,0.746268656716418,0.48857926188360595,0.15242657992118594,0.746268656716418,0.06772570443073538
2018-03-16 10:30:00,0.746268656716418,0.7354194413398155,0.5033451038195313,0.5510344012627965,0.746268656716418,0.5058664167633978
2018-03-16 11:30:00,0.7176179473879155,0.7035069313336654,0.6553829856424824,0.7050264241588663,0.746268656716418,0.6516422068117974
2018-03-16 12:30:00,0.7118315615914718,0.7052856401123898,0.6861623876962811,0.7029247268887687,0.746268656716418,0.7399237188030872
2018-03-16 13:30:00,0.746268656716418,0.7327469586157555,0.746268656716418,0.7319458901971542,0.746268656716418,0.7015669057426542
2018-03-16 14:30:00,0.746268656716418,0.746268656716418,0.746268656716418,0.49273894627707066,0.746268656716418,0.746268656716418
2018-03-16 15:30:00,0.746268656716418,0.746268656716418,0.746268656716418,0.746268656716418,0.746268656716418,0.746268656716418
2018-03-16 16:30:00,0.6859099172953504,0.6537275209276575,0.7270852192093732,0.6868881135339714,0.7306941317286065,0.746268656716418
2018-03-16 17:30:00,0.23480680522304204,0.16582877627452436,0.31813105159809185,0.22448569284148026,0.2800161504490621,0.386357256889106
2018-03-16 18:30:00,0.0,0.0,0.0,0.0,0.0,0.0
2018-03-16 19:30:00,0.0,0.0,0.0,0.0,0.0,0.0
2018-03-16 20:30:00,0.0,0.0,0.0,0.0,0.0,0.0
2018-03-16 21:30:00,0.0,0.0,0.0,0.0,0.0,0.0
2018-03-16 22:30:00,0.0,0.0,0.0,0.0,0.0,0.0
2018-03-16 23:30:00,0.0,0.0,0.0,0.0,0.0,0.0
2018-03-17 00:30:00,0.0,0.0,0.0,0.0,0.0,0.0
2018-03-17 01:30:00,0.0,0.0,0.0,0.0,0.0,0.0
2018-03-17 02:30:00,0.0,0.0,0.0,0.0,0.0,0.0
2018-03-17 03:30:00,0.0,0.0,0.0,0.0,0.0,0.0
2018-03-17 04:30:00,0.0,0.0,0.0,0.0,0.0,0.0
2018-03-17 05:30:00,0.0,0.0,0.0,0.0,0.0,0.0
2018-03-17 06:30:00,0.09691397675168122,0.16035777606666168,0.07182829791742112,0.09865550831954906,0.1100626745421901,0.00187202719016935
2018-03-17 07:30:00,0.6375995456564553,0.65129405883353,0.62352324042565,0.6365543621150312,0.6846268691603813,0.5852787171755968
2018-03-17 08:30:00,0.746268656716418,0.746268656716418,0.746268656716418,0.746268656716418,0.746268656716418,0.746268656716418
2018-03-17 09:30:00,0.746268656716418,0.746268656716418,0.746268656716418,0.746268656716418,0.746268656716418,0.746268656716418
2018-03-17 10:30:00,0.7313307505821023,0.7401560885055841,0.746268656716418,0.7267169270243545,0.746268656716418,0.746268656716418
2018-03-17 11:30:00,0.6980821891563657,0.7082295543198884,0.7181889807303465,0.6852312162675058,0.746268656716418,0.7284749951730569
2018-03-17 12:30:00,0.6878055452007136,0.70541160407077,0.709268080236461,0.6786261193773463,0.7423992659227449,0.5794668448752082
2018-03-17 13:30:00,0.7142803307829214,0.7313775083771819,0.7325819468384278,0.7034940538113936,0.746268656716418,0.746268656716418
2018-03-17 14:30:00,0.746268656716418,0.746268656716418,0.6395616704295748,0.7391981553583482,0.746268656716418,0.746268656716418
2018-03-17 15:30:00,0.41487317276101254,0.746268656716418,0.746268656716418,0.7328521365701136,0.746268656716418,0.6240861588831818
2018-03-17 16:30:00,0.2548826301300462,0.6457260228530427,0.6928129675134047,0.2503571925990137,0.7257649131043641,0.6072066089777223
2018-03-17 17:30:00,0.04697776755109361,0.1634978283771658,0.31123685224874886,0.08504223274088057,0.28214367607070134,0.08352232412231475
2018-03-17 18:30:00,0.0,0.0,0.0,0.0,0.0,0.0
2018-03-17 19:30:00,0.0,0.0,0.0,0.0,0.0,0.0
2018-03-17 20:30:00,0.0,0.0,0.0,0.0,0.0,0.0
2018-03-17 21:30:00,0.0,0.0,0.0,0.0,0.0,0.0
2018-03-17 22:30:00,0.0,0.0,0.0,0.0,0.0,0.0
2018-03-17 23:30:00,0.0,0.0,0.0,0.0,0.0,0.0
2018-03-18 00:30:00,0.0,0.0,0.0,0.0,0.0,0.0
2018-03-18 01:30:00,0.0,0.0,0.0,0.0,0.0,0.0
2018-03-18 02:30:00,0.0,0.0,0.0,0.0,0.0,0.0
2018-03-18 03:30:00,0.0,0.0,0.0,0.0,0.0,0.0
2018-03-18 04:30:00,0.0,0.0,0.0,0.0,0.0,0.0
2018-03-18 05:30:00,0.0,0.0,0.0,0.0,0.0,0.0
2018-03-18 06:30:00,0.0114477715240218,0.019856181983749267,0.07358747676222119,0.020180020166441978,0.12122236600800881,0.0012557685903009427
2018-03-18 07:30:00,0.6122094648029635,0.625514352368485,0.6157743624261495,0.13287456187338945,0.6945602712812589,0.06252364034323683
2018-03-18 08:30:00,0.7133289339741874,0.41816089057341876,0.746268656716418,0.25792131831781545,0.746268656716418,0.10105015779176481
2018-03-18 09:30:00,0.7358743677954014,0.47211892071269623,0.5271666515229265,0.5025112970834401,0.746268656716418,0.21231331621528468
2018-03-18 10:30:00,0.7134543672893784,0.7282922865797132,0.512430611983749,0.7120526990174618,0.746268656716418,0.21419291287264866
2018-03-18 11:30:00,0.6848212070384436,0.7019703691061687,0.47195349988297575,0.6801028946162119,0.746268656716418,0.441671686128789
2018-03-18 12:30:00,0.45742710240912576,0.7034236574008484,0.3051126669279847,0.49042544858441284,0.746268656716418,0.3901540417273951
2018-03-18 13:30:00,0.07122952890268434,0.729823993869054,0.2624356020158922,0.7076832092384168,0.31885418964715523,0.3620527639783883
2018-03-18 14:30:00,0.029685685905604397,0.746268656716418,0.22195490229031378,0.15802032698314347,0.38010844214827677,0.2629363990536141
2018-03-18 15:30:00,0.029840967286935978,0.48689747815942114,0.1775967861477117,0.3809075008846009,0.6383247491756199,0.25937797646748784
2018-03-18 16:30:00,0.020126259349212708,0.154247530517613,0.09388313068845411,0.47225466526366244,0.17687007548691616,0.23950531049022072
2018-03-18 17:30:00,0.013377740058737021,0.009488189540732288,0.020754651000556523,0.025372829459118427,0.04715465003037973,0.08857745122697047
2018-03-18 18:30:00,0.0,0.0,0.0,0.0,0.0,0.0
2018-03-18 19:30:00,0.0,0.0,0.0,0.0,0.0,0.0
2018-03-18 20:30:00,0.0,0.0,0.0,0.0,0.0,0.0
2018-03-18 21:30:00,0.0,0.0,0.0,0.0,0.0,0.0
2018-03-18 22:30:00,0.0,0.0,0.0,0.0,0.0,0.0
2018-03-18 23:30:00,0.0,0.0,0.0,0.0,0.0,0.0
2018-03-19 00:30:00,0.0,0.0,0.0,0.0,0.0,0.0
2018-03-19 01:30:00,0.0,0.0,0.0,0.0,0.0,0.0
2018-03-19 02:30:00,0.0,0.0,0.0,0.0,0.0,0.0
2018-03-19 03:30:00,0.0,0.0,0.0,0.0,0.0,0.0
2018-03-19 04:30:00,0.0,0.0,0.0,0.0,0.0,0.0
2018-03-19 05:30:00,0.0,0.0,0.0,0.0,0.0,0.0
2018-03-19 06:30:00,0.025620399230360868,0.17791016190202552,0.009829128623259095,0.011077593317893548,0.12403901315598728,0.006502093152278626
2018-03-19 07:30:00,0.0905468698578571,0.11722759135806236,0.13198215545726166,0.15115589230170098,0.6827007976069711,0.6111223707366795
2018-03-19 08:30:00,0.1925550952975612,0.038824981421368754,0.2724617169275733,0.1777789566747991,0.746268656716418,0.6332653431982701
2018-03-19 09:30:00,0.746268656716418,0.08108435178285486,0.2946551757547862,0.5293361626535488,0.746268656716418,0.3198933217471549
2018-03-19 10:30:00,0.746268656716418,0.15826040111412665,0.746268656716418,0.746268656716418,0.746268656716418,0.30118042413508517
2018-03-19 11:30:00,0.736733345297083,0.17111156438260766,0.55954998669021,0.7196259071388701,0.49709018871516236,0.620092129039836
2018-03-19 12:30:00,0.7305526904406953,0.3449256655319078,0.6386202445604278,0.7152635030974503,0.2741402444255212,0.5805623674488627
2018-03-19 13:30:00,0.5736636575971845,0.5309304014622609,0.5680817886257324,0.7426159905032513,0.5221367475899943,0.6209551758041155
2018-03-19 14:30:00,0.46725644770540264,0.746268656716418,0.5393950766144553,0.746268656716418,0.30507672552144816,0.6642618742428086
2018-03-19 15:30:00,0.2870978346198804,0.746268656716418,0.49644078596490265,0.746268656716418,0.4019074387562875,0.6832472213550596
2018-03-19 16:30:00,0.21572143536695293,0.673516076686009,0.3827832476017322,0.0857211309530457,0.40815523057517433,0.4264618712236867
2018-03-19 17:30:00,0.04721582807492339,0.18273395071820722,0.06291199506112422,0.07339671937735175,0.0846120933604492,0.05065228932385031
2018-03-19 18:30:00,0.0,0.0,0.0,0.0,0.0,0.0
2018-03-19 19:30:00,0.0,0.0,0.0,0.0,0.0,0.0
2018-03-19 20:30:00,0.0,0.0,0.0,0.0,0.0,0.0
2018-03-19 21:30:00,0.0,0.0,0.0,0.0,0.0,0.0
2018-03-19 22:30:00,0.0,0.0,0.0,0.0,0.0,0.0
2018-03-19 23:30:00,0.0,0.0,0.0,0.0,0.0,0.0
2018-03-20 00:30:00,0.0,0.0,0.0,0.0,0.0,0.0
2018-03-20 01:30:00,0.0,0.0,0.0,0.0,0.0,0.0
2018-03-20 02:30:00,0.0,0.0,0.0,0.0,0.0,0.0
2018-03-20 03:30:00,0.0,0.0,0.0,0.0,0.0,0.0
2018-03-20 04:30:00,0.0,0.0,0.0,0.0,0.0,0.0
2018-03-20 05:30:00,0.0,0.0,0.0,0.0,0.0,0.0
2018-03-20 06:30:00,0.1401576482412531,0.0632313328322926,0.02262411386685484,0.026365493181496866,0.14456711682928772,0.0058005927987309185
2018-03-20 07:30:00,0.6570048596582034,0.6677197247867037,0.18820230963567805,0.18575920513178254,0.698408601542422,0.2913143065840816
2018-03-20 08:30:00,0.746268656716418,0.746268656716418,0.3167014058912958,0.746268656716418,0.746268656716418,0.49900016084925963
2018-03-20 09:30:00,0.746268656716418,0.746268656716418,0.3653642316357126,0.746268656716418,0.746268656716418,0.6869205053719238
2018-03-20 10:30:00,0.746268656716418,0.746268656716418,0.2564136367219542,0.746268656716418,0.746268656716418,0.746268656716418
2018-03-20 11:30:00,0.6703295544882252,0.729218420743004,0.4426132483008399,0.5636682689656998,0.746268656716418,0.746268656716418
2018-03-20 12:30:00,0.7342842206306597,0.5509928683324917,0.6094775149733479,0.7154404163941719,0.746268656716418,0.6989268147154043
2018-03-20 13:30:00,0.746268656716418,0.38259445578680434,0.6617290561084667,0.7417501207474068,0.746268656716418,0.7424617184925536
2018-03-20 14:30:00,0.746268656716418,0.746268656716418,0.541995840836197,0.746268656716418,0.7031583424175113,0.7098258892363427
2018-03-20 15:30:00,0.05929608741255144,0.746268656716418,0.425029987733545,0.6472990707975569,0.746268656716418,0.6784892563786685
2018-03-20 16:30:00,0.6861225126197912,0.21977184240272912,0.3528037546919571,0.6727692122681245,0.4178228564486186,0.746268656716418
2018-03-20 17:30:00,0.2507374528941386,0.05190298639614227,0.10352400555659626,0.12235844257652947,0.3085992710704208,0.13120338908379964
2018-03-20 18:30:00,0.0,0.0,0.0,0.0,0.0,0.0
2018-03-20 19:30:00,0.0,0.0,0.0,0.0,0.0,0.0
2018-03-20 20:30:00,0.0,0.0,0.0,0.0,0.0,0.0
2018-03-20 21:30:00,0.0,0.0,0.0,0.0,0.0,0.0
2018-03-20 22:30:00,0.0,0.0,0.0,0.0,0.0,0.0
2018-03-20 23:30:00,0.0,0.0,0.0,0.0,0.0,0.0
2018-03-21 00:30:00,0.0,0.0,0.0,0.0,0.0,0.0
2018-03-21 01:30:00,0.0,0.0,0.0,0.0,0.0,0.0
2018-03-21 02:30:00,0.0,0.0,0.0,0.0,0.0,0.0
2018-03-21 03:30:00,0.0,0.0,0.0,0.0,0.0,0.0
2018-03-21 04:30:00,0.0,0.0,0.0,0.0,0.0,0.0
2018-03-21 05:30:00,0.0,0.0,0.0,0.0,0.0,0.0
2018-03-21 06:30:00,0.1507387513116998,0.03629526921005237,0.012370024589844967,0.15497317066014912,0.0277314527676586,0.004669163068363167
2018-03-21 07:30:00,0.6411884898676777,0.18081996975744613,0.6534667177283026,0.28665228090913775,0.10580178585494872,0.06514467991394603
2018-03-21 08:30:00,0.7255272150147493,0.3726332571825587,0.13414453880647173,0.23117996672319047,0.3715125081429211,0.3995825727920144
2018-03-21 09:30:00,0.7260971726053458,0.31021033380760094,0.17613905735894617,0.25061709050316205,0.746268656716418,0.399656081985928
2018-03-21 10:30:00,0.6843335695691134,0.46983219480431493,0.2844035554350922,0.40017722447739523,0.746268656716418,0.5701404042543727
2018-03-21 11:30:00,0.6551878867664934,0.49895345729581,0.31262817678982835,0.5173872022122626,0.39634973671120177,0.09059254630200558
2018-03-21 12:30:00,0.6470086788502188,0.3567520857531608,0.4655746455897155,0.6733742706869832,0.49999194817053844,0.15588931778343917
2018-03-21 13:30:00,0.5959978450424471,0.566188801752383,0.6317181941239565,0.6928938623507517,0.5282400694324387,0.17148095282411574
2018-03-21 14:30:00,0.5001982576226056,0.652961744921032,0.5557615557280052,0.7255999464813583,0.5592140310610407,0.5424213342129008
2018-03-21 15:30:00,0.09459997779584298,0.7359022850994853,0.5172159948612672,0.7180375099839464,0.18374120795651783,0.5212703351165159
2018-03-21 16:30:00,0.17880824931085132,0.6419702245986908,0.3133666480098717,0.3104530649226088,0.19000504033883941,0.6019713216288635
2018-03-21 17:30:00,0.04194300301532282,0.19530999178984532,0.03140873128184571,0.07141798020881555,0.06351447872269057,0.40649651416481597
2018-03-21 18:30:00,0.0,0.0,0.0,0.0,0.0,0.0
2018-03-21 19:30:00,0.0,0.0,0.0,0.0,0.0,0.0
2018-03-21 20:30:00,0.0,0.0,0.0,0.0,0.0,0.0
2018-03-21 21:30:00,0.0,0.0,0.0,0.0,0.0,0.0
2018-03-21 22:30:00,0.0,0.0,0.0,0.0,0.0,0.0
2018-03-21 23:30:00,0.0,0.0,0.0,0.0,0.0,0.0
2018-03-22 00:30:00,0.0,0.0,0.0,0.0,0.0,0.0
2018-03-22 01:30:00,0.0,0.0,0.0,0.0,0.0,0.0
2018-03-22 02:30:00,0.0,0.0,0.0,0.0,0.0,0.0
2018-03-22 03:30:00,0.0,0.0,0.0,0.0,0.0,0.0
2018-03-22 04:30:00,0.0,0.0,0.0,0.0,0.0,0.0
2018-03-22 05:30:00,0.0,0.0,0.0,0.0,0.0,0.0
2018-03-22 06:30:00,0.1632316211116453,0.23133092014786757,0.12379350950220101,0.03157916344569575,0.04059524082255505,0.001537205991725297
2018-03-22 07:30:00,0.6231188517630744,0.6555949815311459,0.6339947732119784,0.29978169510656383,0.6603509100812076,0.08419072207171939
2018-03-22 08:30:00,0.7192227656168317,0.728931533072283,0.16765801173239897,0.7070981969476431,0.6911658069993895,0.2032780389727424
2018-03-22 09:30:00,0.7350173234301958,0.7224279099332616,0.4622340172142712,0.7239788373555562,0.746268656716418,0.1556341881176089
2018-03-22 10:30:00,0.7016338912562167,0.6868880536604347,0.36452643432334375,0.6919874493809329,0.7381219457460049,0.36267029274211376
2018-03-22 11:30:00,0.6716974405777575,0.6723147709619546,0.5619277641248265,0.5400241132823983,0.3578269001078967,0.5520179881211301
2018-03-22 12:30:00,0.663080005870676,0.6764855690271789,0.5913626643716312,0.5296007563192966,0.4829337527050108,0.2772061993015303
2018-03-22 13:30:00,0.47206530152549775,0.7043129851859934,0.2891940349283582,0.6767967257564561,0.6084325846437333,0.3122103544059769
2018-03-22 14:30:00,0.1951739746438917,0.7344803166907887,0.44856373324798005,0.4357639497494521,0.1062063629826232,0.3250020995999688
2018-03-22 15:30:00,0.01945014139759788,0.7192475179164204,0.45977135378777934,0.0087555902977535,0.009038689946690678,0.16686873741868344
2018-03-22 16:30:00,0.06428968511377811,0.45928953173618686,0.35349183350785274,0.17188522986292654,0.017426702117918115,0.3241100842330713
2018-03-22 17:30:00,0.06337818639547575,0.08793585064263951,0.03380355864700145,0.0782553769330353,0.07386583686018645,0.02116543201149892
2018-03-22 18:30:00,0.0,0.0,0.0,0.0,0.0,0.0
2018-03-22 19:30:00,0.0,0.0,0.0,0.0,0.0,0.0
2018-03-22 20:30:00,0.0,0.0,0.0,0.0,0.0,0.0
2018-03-22 21:30:00,0.0,0.0,0.0,0.0,0.0,0.0
2018-03-22 22:30:00,0.0,0.0,0.0,0.0,0.0,0.0
2018-03-22 23:30:00,0.0,0.0,0.0,0.0,0.0,0.0
2018-03-23 00:30:00,0.0,0.0,0.0,0.0,0.0,0.0
2018-03-23 01:30:00,0.0,0.0,0.0,0.0,0.0,0.0
2018-03-23 02:30:00,0.0,0.0,0.0,0.0,0.0,0.0
2018-03-23 03:30:00,0.0,0.0,0.0,0.0,0.0,0.0
2018-03-23 04:30:00,0.0,0.0,0.0,0.0,0.0,0.0
2018-03-23 05:30:00,0.0,0.0,0.0,0.0,0.0,0.0
2018-03-23 06:30:00,0.18018889644125868,0.0578150604271953,0.008072852639878505,0.179517316170034,0.18616439343055868,0.0033718807929514097
2018-03-23 07:30:00,0.6479177018191731,0.26739227012700145,0.0011708887459351473,0.619319599402811,0.6876700868363592,0.04068222634565048
2018-03-23 08:30:00,0.746268656716418,0.7449497275037402,0.005370296891055012,0.7203986108964782,0.32490359248478873,0.07274414770085834
2018-03-23 09:30:00,0.746268656716418,0.746268656716418,0.08471948112754983,0.43344473028458186,0.40647243473530265,0.1277700018742218
2018-03-23 10:30:00,0.2778272469031489,0.7203477107935277,0.5230980568294623,0.06625076043452473,0.02526980512193003,0.5752668541671766
2018-03-23 11:30:00,0.2754054693943862,0.6969030643301876,0.3472467545918146,0.053403773387100575,0.3158511753320257,0.13521536489082717
2018-03-23 12:30:00,0.7042374796709291,0.6972002516072504,0.48775807373550534,0.31224907769862964,0.16625778809739733,0.6692892393107032
2018-03-23 13:30:00,0.7300260646748828,0.7254565003137444,0.6020952060042476,0.7032209304740639,0.746268656716418,0.6649606565582994
2018-03-23 14:30:00,0.746268656716418,0.3252402607338574,0.746268656716418,0.37616833624437396,0.746268656716418,0.5066518317821871
2018-03-23 15:30:00,0.746268656716418,0.5791645949851314,0.1252077153537428,0.11839723581419767,0.4548016554685593,0.5238039252942799
2018-03-23 16:30:00,0.6660360372415388,0.43411001133906413,0.010000169010253458,0.5713898882768126,0.25523820216056636,0.5576482765102605
2018-03-23 17:30:00,0.13905333931306468,0.20010538982367465,0.046572156537038056,0.055946093375302104,0.12096542496860298,0.048026531146536044
2018-03-23 18:30:00,0.0,0.0,0.0,0.0,0.0,0.0
2018-03-23 19:30:00,0.0,0.0,0.0,0.0,0.0,0.0
2018-03-23 20:30:00,0.0,0.0,0.0,0.0,0.0,0.0
2018-03-23 21:30:00,0.0,0.0,0.0,0.0,0.0,0.0
2018-03-23 22:30:00,0.0,0.0,0.0,0.0,0.0,0.0
2018-03-23 23:30:00,0.0,0.0,0.0,0.0,0.0,0.0
2018-03-24 00:30:00,0.0,0.0,0.0,0.0,0.0,0.0
2018-03-24 01:30:00,0.0,0.0,0.0,0.0,0.0,0.0
2018-03-24 02:30:00,0.0,0.0,0.0,0.0,0.0,0.0
2018-03-24 03:30:00,0.0,0.0,0.0,0.0,0.0,0.0
2018-03-24 04:30:00,0.0,0.0,0.0,0.0,0.0,0.0
2018-03-24 05:30:00,0.0,0.0,0.0,0.0,0.0,0.0
2018-03-24 06:30:00,0.18319312467872728,0.2414358507679862,0.1479055336374299,0.192499126098448,0.20113715058036225,0.012977296555686232
2018-03-24 07:30:00,0.6476943444935905,0.644719999911877,0.21972798778815258,0.6384941580725579,0.7019907341629659,0.3849508813999712
2018-03-24 08:30:00,0.4785222991307679,0.724610575825081,0.746268656716418,0.3556448035984039,0.746268656716418,0.4190821908926707
2018-03-24 09:30:00,0.746268656716418,0.746268656716418,0.746268656716418,0.462922823765627,0.746268656716418,0.7339952246168662
2018-03-24 10:30:00,0.5957976911542777,0.7288146693336152,0.5980457326166254,0.46951071947451783,0.6050859445285691,0.6016161357561406
2018-03-24 11:30:00,0.7106996954204915,0.7101336293068784,0.6363747498267442,0.5912880252184637,0.6487817308009111,0.7263248317985243
2018-03-24 12:30:00,0.626821818753147,0.7130261899470499,0.7250999004565689,0.6011928802657103,0.49672008170863946,0.41064786129474445
2018-03-24 13:30:00,0.7307906676191713,0.7378953848300173,0.6596319067047559,0.7268982117040671,0.5213348117711831,0.3534026230948261
2018-03-24 14:30:00,0.746268656716418,0.6368057827576522,0.5996178063275261,0.746268656716418,0.5123273109036915,0.19443513660696418
2018-03-24 15:30:00,0.45267692684547917,0.746268656716418,0.5894064404683295,0.746268656716418,0.7042179822667696,0.12650627701123004
2018-03-24 16:30:00,0.22063173149762608,0.5515260510711267,0.5058399436647112,0.55049092275077,0.4749682146123157,0.04825870887448333
2018-03-24 17:30:00,0.043250160532018744,0.08865213466174272,0.05329067803058382,0.038061685744512797,0.11193191655350097,0.025713286870314413
2018-03-24 18:30:00,0.0,0.0,0.0,0.0,0.0,0.0
2018-03-24 19:30:00,0.0,0.0,0.0,0.0,0.0,0.0
2018-03-24 20:30:00,0.0,0.0,0.0,0.0,0.0,0.0
2018-03-24 21:30:00,0.0,0.0,0.0,0.0,0.0,0.0
2018-03-24 22:30:00,0.0,0.0,0.0,0.0,0.0,0.0
2018-03-24 23:30:00,0.0,0.0,0.0,0.0,0.0,0.0
2018-03-25 00:30:00,0.0,0.0,0.0,0.0,0.0,0.0
2018-03-25 01:30:00,0.0,0.0,0.0,0.0,0.0,0.0
2018-03-25 02:30:00,0.0,0.0,0.0,0.0,0.0,0.0
2018-03-25 03:30:00,0.0,0.0,0.0,0.0,0.0,0.0
2018-03-25 04:30:00,0.0,0.0,0.0,0.0,0.0,0.0
2018-03-25 05:30:00,0.0,0.0,0.0,0.0,0.0,0.0
2018-03-25 06:30:00,0.1961169799954156,0.26178913676829196,0.16174263700819458,0.06061500271001475,0.22099908349867123,0.015133405588297203
2018-03-25 07:30:00,0.6454821580819101,0.027575988401894434,0.39714234948635885,0.29958369864743106,0.7265449117791981,0.22146496731112625
2018-03-25 08:30:00,0.730786917201867,0.07065371449650595,0.746268656716418,0.7297169924184722,0.746268656716418,0.6092696365396285
2018-03-25 09:30:00,0.7338284507199118,0.14925877877011862,0.541521760763195,0.7441769782555296,0.746268656716418,0.746268656716418
2018-03-25 10:30:00,0.7113494185442363,0.7135437901947367,0.746268656716418,0.7209090859932128,0.746268656716418,0.7314516252730295
2018-03-25 11:30:00,0.6942498591604719,0.6976726617394756,0.6422798236345959,0.6983591533945724,0.746268656716418,0.6313386112231119
2018-03-25 12:30:00,0.6202168614542034,0.7062285613669333,0.6553729689304212,0.6986339673984642,0.5368475485565235,0.29908558181248995
2018-03-25 13:30:00,0.546474178614223,0.7344662959023702,0.6435829197292264,0.5647216351351371,0.746268656716418,0.3554733714775326
2018-03-25 14:30:00,0.4247450408940304,0.522409878480277,0.28148243172908877,0.36835805214186923,0.4368745323829326,0.22961336421464007
2018-03-25 15:30:00,0.40951433509310253,0.5503051573768305,0.476640402665895,0.5764075010332566,0.5942008016382957,0.12969217587933696
2018-03-25 16:30:00,0.6416369469365972,0.40343834641945164,0.5413433862121866,0.21338858875667552,0.7245058273024536,0.04606102316310131
2018-03-25 17:30:00,0.07991837397076978,0.04911102903523811,0.06196920745705698,0.03766469122898969,0.3353560471394048,0.03781841531847247
2018-03-25 18:30:00,0.0,0.0,0.0,0.0,0.0,0.0
2018-03-25 19:30:00,0.0,0.0,0.0,0.0,0.0,0.0
2018-03-25 20:30:00,0.0,0.0,0.0,0.0,0.0,0.0
2018-03-25 21:30:00,0.0,0.0,0.0,0.0,0.0,0.0
2018-03-25 22:30:00,0.0,0.0,0.0,0.0,0.0,0.0
2018-03-25 23:30:00,0.0,0.0,0.0,0.0,0.0,0.0
2018-03-26 00:30:00,0.0,0.0,0.0,0.0,0.0,0.0
2018-03-26 01:30:00,0.0,0.0,0.0,0.0,0.0,0.0
2018-03-26 02:30:00,0.0,0.0,0.0,0.0,0.0,0.0
2018-03-26 03:30:00,0.0,0.0,0.0,0.0,0.0,0.0
2018-03-26 04:30:00,0.0,0.0,0.0,0.0,0.0,0.0
2018-03-26 05:30:00,0.0,0.0,0.0,0.0,0.0,0.0
2018-03-26 06:30:00,0.2122418390386159,0.02390958203606421,0.030712342302524807,0.19776958067806788,0.10178200434984237,0.021189340677004845
2018-03-26 07:30:00,0.6652321074088035,0.09999501051059544,0.18881129171863759,0.6239827221669901,0.2935276532400995,0.18986548320484883
2018-03-26 08:30:00,0.746268656716418,0.1331386633908661,0.308792011530536,0.17401303394032813,0.746268656716418,0.6498961896701085
2018-03-26 09:30:00,0.746268656716418,0.3259275494615999,0.5022287887087595,0.4406778317474057,0.5774013392159548,0.746268656716418
2018-03-26 10:30:00,0.719781721376887,0.5219791206553692,0.2724469692745667,0.7118171254101978,0.65332010660447,0.746268656716418
2018-03-26 11:30:00,0.6911941835460803,0.563040417307977,0.5355819380342114,0.6853600466169097,0.6212541753509458,0.7274839357817083
2018-03-26 12:30:00,0.6947159896355548,0.5938358903637856,0.6413692504896658,0.684485316730913,0.6139463626928855,0.746268656716418
2018-03-26 13:30:00,0.4763925463984044,0.605484843898961,0.5222549869282789,0.7145542046886839,0.6549632883879267,0.6676668227534243
2018-03-26 14:30:00,0.04484464018669229,0.556795141103518,0.036542079991162144,0.026319335457304336,0.5121808462933359,0.746268656716418
2018-03-26 15:30:00,0.07496019540009376,0.5805295488738909,0.14420622224533575,0.03765719440393733,0.32824268356371017,0.746268656716418
2018-03-26 16:30:00,0.053020802224048987,0.304325451536748,0.17253341716750922,0.090990590111055,0.7152264084279855,0.06786794231885566
2018-03-26 17:30:00,0.039852167727870175,0.06513978632915665,0.36540649940154313,0.024761640485691266,0.10258366118031506,0.05568459289716364
2018-03-26 18:30:00,0.0,0.0,0.0,0.0,0.0,0.0
2018-03-26 19:30:00,0.0,0.0,0.0,0.0,0.0,0.0
2018-03-26 20:30:00,0.0,0.0,0.0,0.0,0.0,0.0
2018-03-26 21:30:00,0.0,0.0,0.0,0.0,0.0,0.0
2018-03-26 22:30:00,0.0,0.0,0.0,0.0,0.0,0.0
2018-03-26 23:30:00,0.0,0.0,0.0,0.0,0.0,0.0
2018-03-27 00:30:00,0.0,0.0,0.0,0.0,0.0,0.0
2018-03-27 01:30:00,0.0,0.0,0.0,0.0,0.0,0.0
2018-03-27 02:30:00,0.0,0.0,0.0,0.0,0.0,0.0
2018-03-27 03:30:00,0.0,0.0,0.0,0.0,0.0,0.0
2018-03-27 04:30:00,0.0,0.0,0.0,0.0,0.0,0.0
2018-03-27 05:30:00,0.0,0.0,0.0,0.0,0.0,0.0
2018-03-27 06:30:00,0.02045660007486194,0.0011098175336598163,0.1819712126334822,0.22788478891186262,0.03122990264433094,0.14576814626100731
2018-03-27 07:30:00,0.6373423632093885,0.04448900737117655,0.6482061749992624,0.6462834202940306,0.0025643239383651793,0.68178650896219
2018-03-27 08:30:00,0.746268656716418,0.14596785686013672,0.746268656716418,0.7451852982797993,0.00811472978716016,0.746268656716418
2018-03-27 09:30:00,0.3681572193267136,0.3715225365965813,0.746268656716418,0.746268656716418,0.02467801457976954,0.746268656716418
2018-03-27 10:30:00,0.4664067331107211,0.7329894895307131,0.746268656716418,0.33995123442942415,0.21947293102230597,0.746268656716418
2018-03-27 11:30:00,0.510744738067644,0.6979541943943944,0.7271472063443153,0.7196100374865284,0.4231441054003553,0.746268656716418
2018-03-27 12:30:00,0.7336406398575195,0.693970339313449,0.7239334723295736,0.7192825121762964,0.45949205328504056,0.746268656716418
2018-03-27 13:30:00,0.746268656716418,0.7151759723432951,0.6398998190172345,0.7434090779181424,0.37491697339348795,0.746268656716418
2018-03-27 14:30:00,0.746268656716418,0.7452368280036263,0.47874142146805243,0.746268656716418,0.5727862256233242,0.746268656716418
2018-03-27 15:30:00,0.746268656716418,0.743380660745121,0.746268656716418,0.746268656716418,0.3409079552901702,0.24691269003808275
2018-03-27 16:30:00,0.6851954849570785,0.6401233554747293,0.7245441705878268,0.6732450698201864,0.7265576488757508,0.6104631561847793
2018-03-27 17:30:00,0.30268415308393787,0.2372421263857183,0.39361898017124836,0.28985092422507097,0.35526187837445944,0.4799788454361461
2018-03-27 18:30:00,0.0,0.0,0.0,0.0,0.0,-0.0
2018-03-27 19:30:00,0.0,0.0,0.0,0.0,0.0,0.0
2018-03-27 20:30:00,0.0,0.0,0.0,0.0,0.0,0.0
2018-03-27 21:30:00,0.0,0.0,0.0,0.0,0.0,0.0
2018-03-27 22:30:00,0.0,0.0,0.0,0.0,0.0,0.0
2018-03-27 23:30:00,0.0,0.0,0.0,0.0,0.0,0.0
2018-03-28 00:30:00,0.0,0.0,0.0,0.0,0.0,0.0
2018-03-28 01:30:00,0.0,0.0,0.0,0.0,0.0,0.0
2018-03-28 02:30:00,0.0,0.0,0.0,0.0,0.0,0.0
2018-03-28 03:30:00,0.0,0.0,0.0,0.0,0.0,0.0
2018-03-28 04:30:00,0.0,0.0,0.0,0.0,0.0,0.0
2018-03-28 05:30:00,0.0,0.0,0.0,0.0,0.0,0.0
2018-03-28 06:30:00,0.041345008253848105,0.3032601905115379,0.023988961246054933,0.004654150738264564,0.25506235851259196,0.014288576418372658
2018-03-28 07:30:00,0.14261929751498792,0.7049865486845595,0.028902662132138445,0.17691017605581805,0.7238087648823396,0.17690136483511454
2018-03-28 08:30:00,0.5778784450039696,0.746268656716418,0.43626035703573235,0.016724804415730602,0.746268656716418,0.19972506275888552
2018-03-28 09:30:00,0.5961284302766461,0.746268656716418,0.1959552500494916,0.34049251094104127,0.746268656716418,0.16495004136048855
2018-03-28 10:30:00,0.07780087286795505,0.5844585034462875,0.32298790975854913,0.17069391368932113,0.746268656716418,0.2735114143800003
2018-03-28 11:30:00,0.3250111227931148,0.5186678602418207,0.654805207515649,0.09144609286101155,0.6281808698268834,0.5231094834340284
2018-03-28 12:30:00,0.52657478212459,0.5100272552191174,0.671408075166845,0.31429014586978504,0.6305946982321006,0.6990660808584106
2018-03-28 13:30:00,0.5881420581680407,0.746268656716418,0.08174490519907313,0.03562229144653474,0.5269553785662048,0.5681968628713919
2018-03-28 14:30:00,0.2221850106071086,0.58081177304727,0.5083360589029458,0.053188443361181476,0.5174520316904223,0.590451100463517
2018-03-28 15:30:00,0.0912537905795726,0.37013697053447586,0.257228832883298,0.004739474129463919,0.22024269603526803,0.746268656716418
2018-03-28 16:30:00,0.3733349959695384,0.1655729357672897,0.0809381328473727,0.14428287314072952,0.09444018968420628,0.05419936866912088
2018-03-28 17:30:00,0.02969822125152363,0.05443865034714908,0.09599666720306534,0.01623890871332681,0.34140511740487073,0.10522988970615445
2018-03-28 18:30:00,0.0,0.0,0.0,0.0,0.0,-0.0
2018-03-28 19:30:00,0.0,0.0,0.0,0.0,0.0,0.0
2018-03-28 20:30:00,0.0,0.0,0.0,0.0,0.0,0.0
2018-03-28 21:30:00,0.0,0.0,0.0,0.0,0.0,0.0
2018-03-28 22:30:00,0.0,0.0,0.0,0.0,0.0,0.0
2018-03-28 23:30:00,0.0,0.0,0.0,0.0,0.0,0.0
2018-03-29 00:30:00,0.0,0.0,0.0,0.0,0.0,0.0
2018-03-29 01:30:00,0.0,0.0,0.0,0.0,0.0,0.0
2018-03-29 02:30:00,0.0,0.0,0.0,0.0,0.0,0.0
2018-03-29 03:30:00,0.0,0.0,0.0,0.0,0.0,0.0
2018-03-29 04:30:00,0.0,0.0,0.0,0.0,0.0,0.0
2018-03-29 05:30:00,0.0,0.0,0.0,0.0,0.0,0.0
2018-03-29 06:30:00,0.2549838119456868,0.3071174569189665,0.2146687431878061,0.014190913304903909,0.014748880433099774,0.041717654790405956
2018-03-29 07:30:00,0.6822453686037806,0.69462649319753,0.6816020183792906,0.34723431931870613,0.7273214905510422,0.5574371160051276
2018-03-29 08:30:00,0.746268656716418,0.746268656716418,0.3286796522041685,0.11134281070403422,0.746268656716418,0.5054255606152898
2018-03-29 09:30:00,0.746268656716418,0.746268656716418,0.18193016200376966,0.2282990460406777,0.746268656716418,0.6038168456001602
2018-03-29 10:30:00,0.746268656716418,0.746268656716418,0.2705649385818933,0.517452818380596,0.746268656716418,0.4166107110341544
2018-03-29 11:30:00,0.7280970738416754,0.5478900096276075,0.3354743079966559,0.08341612790773019,0.746268656716418,0.6506035868272598
2018-03-29 12:30:00,0.7309891940160119,0.5647546711102293,0.498237204409181,0.33417552159791386,0.6781277546780775,0.7259895620238895
2018-03-29 13:30:00,0.746268656716418,0.746268656716418,0.4196955827843316,0.09363893139887527,0.6579623908494223,0.4239282795967057
2018-03-29 14:30:00,0.14431281883354277,0.051086882280127394,0.452505969431018,0.1016435201504571,0.4919765631216676,0.637011398467059
2018-03-29 15:30:00,0.002228772200944755,0.7301514928677137,0.46590832141559646,0.06303129561455553,0.34423258585626837,0.7207017123276679
2018-03-29 16:30:00,0.19843140461465325,0.003553003728854703,0.4346016152806586,0.2969033604070771,0.16515417305977867,0.6634401701522055
2018-03-29 17:30:00,0.06179319480739197,0.012777031121800822,0.13170063230575774,0.2978487553998076,0.0700900792198695,0.11908838889050818
2018-03-29 18:30:00,0.0,0.0,0.0,0.0,0.0,-0.0
2018-03-29 19:30:00,0.0,0.0,0.0,0.0,0.0,0.0
2018-03-29 20:30:00,0.0,0.0,0.0,0.0,0.0,0.0
2018-03-29 21:30:00,0.0,0.0,0.0,0.0,0.0,0.0
2018-03-29 22:30:00,0.0,0.0,0.0,0.0,0.0,0.0
2018-03-29 23:30:00,0.0,0.0,0.0,0.0,0.0,0.0
2018-03-30 00:30:00,0.0,0.0,0.0,0.0,0.0,0.0
2018-03-30 01:30:00,0.0,0.0,0.0,0.0,0.0,0.0
2018-03-30 02:30:00,0.0,0.0,0.0,0.0,0.0,0.0
2018-03-30 03:30:00,0.0,0.0,0.0,0.0,0.0,0.0
2018-03-30 04:30:00,0.0,0.0,0.0,0.0,0.0,0.0
2018-03-30 05:30:00,0.0,0.0,0.0,0.0,0.0,0.0
2018-03-30 06:30:00,0.25918749534712865,0.32637274552095885,0.2402469284805521,0.2649222405316034,0.28304697147460295,0.03936629400184507
2018-03-30 07:30:00,0.6833553232379171,0.7139381079416577,0.31346936264843356,0.6667014883861866,0.7328241505078289,0.4366610996880232
2018-03-30 08:30:00,0.746268656716418,0.746268656716418,0.746268656716418,0.746268656716418,0.17963731619315446,0.746268656716418
2018-03-30 09:30:00,0.746268656716418,0.746268656716418,0.563595320153755,0.746268656716418,0.746268656716418,0.736942440121278
2018-03-30 10:30:00,0.746268656716418,0.746268656716418,0.638295192000957,0.7413859317939043,0.579022630987591,0.746268656716418
2018-03-30 11:30:00,0.7254287057168928,0.74508694146978,0.6810493998634283,0.7145170307245562,0.746268656716418,0.746268656716418
2018-03-30 12:30:00,0.6074305192563144,0.7348953966742038,0.746268656716418,0.6231732968279151,0.746268656716418,0.746268656716418
2018-03-30 13:30:00,0.45744031956368036,0.746268656716418,0.670966740956013,0.7344528218137881,0.746268656716418,0.7338161692752314
2018-03-30 14:30:00,0.6791362005891508,0.746268656716418,0.5852807402656872,0.6759450696622927,0.6676078709815996,0.7083738576993356
2018-03-30 15:30:00,0.14050512833146309,0.5232606784299987,0.6432892854850732,0.37005593739938847,0.6082459527978095,0.6839633326523176
2018-03-30 16:30:00,0.2018374673311964,0.5450747215270989,0.3251999614356474,0.4979838788767668,0.5991303936831753,0.4169640159080605
2018-03-30 17:30:00,0.0650770336182513,0.06906008518292074,0.09886516153483373,0.0586258023581595,0.23845057931636013,0.003102146761507988
2018-03-30 18:30:00,0.0,0.0,0.0,0.0,0.0,-0.0
2018-03-30 19:30:00,0.0,0.0,0.0,0.0,0.0,0.0
2018-03-30 20:30:00,0.0,0.0,0.0,0.0,0.0,0.0
2018-03-30 21:30:00,0.0,0.0,0.0,0.0,0.0,0.0
2018-03-30 22:30:00,0.0,0.0,0.0,0.0,0.0,0.0
2018-03-30 23:30:00,0.0,0.0,0.0,0.0,0.0,0.0
2018-03-31 00:30:00,0.0,0.0,0.0,0.0,0.0,0.0
2018-03-31 01:30:00,0.0,0.0,0.0,0.0,0.0,0.0
2018-03-31 02:30:00,0.0,0.0,0.0,0.0,0.0,0.0
2018-03-31 03:30:00,0.0,0.0,0.0,0.0,0.0,0.0
2018-03-31 04:30:00,0.0,0.0,0.0,0.0,0.0,0.0
2018-03-31 05:30:00,0.0,0.0,0.0,0.0,0.0,0.0
2018-03-31 06:30:00,0.2620315451807753,0.33598763649102936,0.02779941782640003,0.2629581346304664,0.13429024625860358,0.06530346663104679
2018-03-31 07:30:00,0.6414657231381675,0.699288063943547,0.18915575220823996,0.6479302808828338,0.4273908475073516,0.4595409389937368
2018-03-31 08:30:00,0.4216743480799959,0.746268656716418,0.42851325754386066,0.746268656716418,0.4590071028771615,0.6511169845311039
2018-03-31 09:30:00,0.746268656716418,0.746268656716418,0.47967141571664357,0.746268656716418,0.746268656716418,0.7391415403846712
2018-03-31 10:30:00,0.7302360111044747,0.7364197128020397,0.347892206854422,0.7353442117430105,0.746268656716418,0.7013355880373403
2018-03-31 11:30:00,0.5597899618836079,0.7229565286079233,0.6441385836895591,0.7107063972118158,0.6290795662757248,0.7221538019828506
2018-03-31 12:30:00,0.7076517324150094,0.728385170588269,0.5382124609071889,0.7085262591906815,0.6421941412756262,0.7136561310810349
2018-03-31 13:30:00,0.7273218070744502,0.746268656716418,0.37955945382345635,0.7289727158086137,0.705485223358146,0.746268656716418
2018-03-31 14:30:00,0.5501243043219841,0.746268656716418,0.6211796581077361,0.746268656716418,0.746268656716418,0.746268656716418
2018-03-31 15:30:00,0.4925584525532069,0.746268656716418,0.5166965135032652,0.4948418848904012,0.713989822325781,0.6494692344923226
2018-03-31 16:30:00,0.3294709762317037,0.6722983872015491,0.1364026072671944,0.37950224700264656,0.505169301715636,0.06177066518030987
2018-03-31 17:30:00,0.31387325207309186,0.11253830247019253,0.052581681649660754,0.049482237338701066,0.12250986279861147,0.16616419838953417
2018-03-31 18:30:00,0.0,0.0,0.0,0.0,0.0,-0.0
2018-03-31 19:30:00,0.0,0.0,0.0,0.0,0.0,0.0
2018-03-31 20:30:00,0.0,0.0,0.0,0.0,0.0,0.0
2018-03-31 21:30:00,0.0,0.0,0.0,0.0,0.0,0.0
2018-03-31 22:30:00,0.0,0.0,0.0,0.0,0.0,0.0
2018-03-31 23:30:00,0.0,0.0,0.0,0.0,0.0,0.0
2018-04-01 00:30:00,0.0,0.0,0.0,0.0,0.0,0.0
2018-04-01 01:30:00,0.0,0.0,0.0,0.0,0.0,0.0
2018-04-01 02:30:00,0.0,0.0,0.0,0.0,0.0,0.0
2018-04-01 03:30:00,0.0,0.0,0.0,0.0,0.0,0.0
2018-04-01 04:30:00,0.0,0.0,0.0,0.0,0.0,0.0
2018-04-01 05:30:00,0.0,0.0,0.0,0.0,0.0,0.0
2018-04-01 06:30:00,0.017760184829471466,0.3236648305096063,0.01452876964502898,0.03566505677960237,0.10115740085196494,0.054002549069551
2018-04-01 07:30:00,0.15730209491242236,0.09461525065121502,0.15960599685361773,0.12632503949401322,0.37085237388449016,0.41565660035042107
2018-04-01 08:30:00,0.746268656716418,0.746268656716418,0.746268656716418,0.1899564855195133,0.4003809794372589,0.5726881160745134
2018-04-01 09:30:00,0.746268656716418,0.746268656716418,0.5127409480662289,0.3407312568693231,0.5083803459683541,0.729953742534114
2018-04-01 10:30:00,0.746268656716418,0.746268656716418,0.6243775013234024,0.38066407462085217,0.6003316804743185,0.7139527889839172
2018-04-01 11:30:00,0.7218453242062653,0.6297419620434047,0.5318379721404523,0.41458242095561976,0.6081171226225757,0.7443364137235027
2018-04-01 12:30:00,0.7142691893676979,0.6090238388109033,0.6808359545514707,0.7179191843167411,0.6100793400688547,0.7416560400211676
2018-04-01 13:30:00,0.6551824597257287,0.6193933737843593,0.6097454802174489,0.7368561647780519,0.5535732008727989,0.7258464510661086
2018-04-01 14:30:00,0.6651914513696396,0.5823029231162111,0.746268656716418,0.746268656716418,0.50702349864974,0.746268656716418
2018-04-01 15:30:00,0.640747753760876,0.4448686995674186,0.746268656716418,0.746268656716418,0.5955488517907179,0.6957551350378632
2018-04-01 16:30:00,0.5522563680626217,0.33493120633329887,0.7205218117842741,0.665171984247906,0.4235004876177859,0.746268656716418
2018-04-01 17:30:00,0.24603339276714997,0.09503272243181564,0.41782278467253914,0.3147164452825928,0.1931628399603392,0.28921290817178313
2018-04-01 18:30:00,0.0,0.0,-0.0,0.0,0.0,-0.0
2018-04-01 19:30:00,0.0,0.0,0.0,0.0,0.0,0.0
2018-04-01 20:30:00,0.0,0.0,0.0,0.0,0.0,0.0
2018-04-01 21:30:00,0.0,0.0,0.0,0.0,0.0,0.0
2018-04-01 22:30:00,0.0,0.0,0.0,0.0,0.0,0.0
2018-04-01 23:30:00,0.0,0.0,0.0,0.0,0.0,0.0
2018-04-02 00:30:00,0.0,0.0,0.0,0.0,0.0,0.0
2018-04-02 01:30:00,0.0,0.0,0.0,0.0,0.0,0.0
2018-04-02 02:30:00,0.0,0.0,0.0,0.0,0.0,0.0
2018-04-02 03:30:00,0.0,0.0,0.0,0.0,0.0,0.0
2018-04-02 04:30:00,0.0,0.0,0.0,0.0,0.0,0.0
2018-04-02 05:30:00,0.0,0.0,0.0,0.0,0.0,0.0
2018-04-02 06:30:00,0.14237340907938728,0.05983551164989194,0.25922812760562647,0.2905340946092784,0.16591288064856272,0.03969841960688884
2018-04-02 07:30:00,0.40546735235520937,0.11590069229432041,0.6937133840483136,0.6531043554988952,0.6154732483591389,0.7081731164651676
2018-04-02 08:30:00,0.48114619435158795,0.4841993031459158,0.746268656716418,0.4730494052080393,0.5948435384019417,0.746268656716418
2018-04-02 09:30:00,0.5483744600587893,0.746268656716418,0.746268656716418,0.4730142535194816,0.5799596194623258,0.746268656716418
2018-04-02 10:30:00,0.5890252777080718,0.6381038587775483,0.6453795843169716,0.381601392871334,0.657293085104563,0.746268656716418
2018-04-02 11:30:00,0.6089461026540711,0.7185020090077102,0.746268656716418,0.5603534751509057,0.5690573074530687,0.746268656716418
2018-04-02 12:30:00,0.6550654286264221,0.7185655390067316,0.742114950439874,0.5711714255579271,0.746268656716418,0.5674729892675398
2018-04-02 13:30:00,0.3897057723964985,0.732963513329031,0.6220990565551222,0.6283313975712613,0.746268656716418,0.32581465546965566
2018-04-02 14:30:00,0.3639181182529351,0.746268656716418,0.30068942225238554,0.24175907910284186,0.746268656716418,0.17277175343135318
2018-04-02 15:30:00,0.14422359763409365,0.570058155507715,0.5528831631251911,0.42382096854266704,0.746268656716418,0.08765475313522106
2018-04-02 16:30:00,0.23101227478349917,0.523350642040094,0.13861150954502327,0.3459576134285181,0.44810707421141843,0.03712738421912509
2018-04-02 17:30:00,0.14162128445114305,0.10919400115238334,0.08650545665775243,0.04330306913737217,0.08648589876964312,0.012433438787913073
2018-04-02 18:30:00,0.0,0.0,-0.0,0.0,0.0,-0.0
2018-04-02 19:30:00,0.0,0.0,0.0,0.0,0.0,0.0
2018-04-02 20:30:00,0.0,0.0,0.0,0.0,0.0,0.0
2018-04-02 21:30:00,0.0,0.0,0.0,0.0,0.0,0.0
2018-04-02 22:30:00,0.0,0.0,0.0,0.0,0.0,0.0
2018-04-02 23:30:00,0.0,0.0,0.0,0.0,0.0,0.0
2018-04-03 00:30:00,0.0,0.0,0.0,0.0,0.0,0.0
2018-04-03 01:30:00,0.0,0.0,0.0,0.0,0.0,0.0
2018-04-03 02:30:00,0.0,0.0,0.0,0.0,0.0,0.0
2018-04-03 03:30:00,0.0,0.0,0.0,0.0,0.0,0.0
2018-04-03 04:30:00,0.0,0.0,0.0,0.0,0.0,0.0
2018-04-03 05:30:00,0.0,0.0,0.0,0.0,0.0,0.0
2018-04-03 06:30:00,0.28975977134161296,0.35774361779725694,0.2590448645398907,0.31544675777723236,0.3031433365596973,0.09460970267237051
2018-04-03 07:30:00,0.7002731725719264,0.7413749424813543,0.40714195597376257,0.7250388695360092,0.7337345250327059,0.7284346357715917
2018-04-03 08:30:00,0.746268656716418,0.746268656716418,0.746268656716418,0.746268656716418,0.746268656716418,0.746268656716418
2018-04-03 09:30:00,0.746268656716418,0.746268656716418,0.746268656716418,0.746268656716418,0.746268656716418,0.746268656716418
2018-04-03 10:30:00,0.746268656716418,0.746268656716418,0.746268656716418,0.746268656716418,0.746268656716418,0.746268656716418
2018-04-03 11:30:00,0.746268656716418,0.746268656716418,0.746268656716418,0.746268656716418,0.746268656716418,0.746268656716418
2018-04-03 12:30:00,0.746268656716418,0.746268656716418,0.746268656716418,0.746268656716418,0.5297424568727434,0.746268656716418
2018-04-03 13:30:00,0.746268656716418,0.746268656716418,0.746268656716418,0.746268656716418,0.746268656716418,0.746268656716418
2018-04-03 14:30:00,0.746268656716418,0.746268656716418,0.746268656716418,0.746268656716418,0.746268656716418,0.746268656716418
2018-04-03 15:30:00,0.746268656716418,0.746268656716418,0.746268656716418,0.746268656716418,0.746268656716418,0.746268656716418
2018-04-03 16:30:00,0.673493001850091,0.6721768546668073,0.7339875132077677,0.5531548249203949,0.7455584948516639,0.746268656716418
2018-04-03 17:30:00,0.3178944432311466,0.2663324446992911,0.41677869648229604,0.31339248293779176,0.3210075201602139,0.24136433274962166
2018-04-03 18:30:00,0.0,0.0,-0.0,0.0,0.0,-0.0
2018-04-03 19:30:00,0.0,0.0,0.0,0.0,0.0,0.0
2018-04-03 20:30:00,0.0,0.0,0.0,0.0,0.0,0.0
2018-04-03 21:30:00,0.0,0.0,0.0,0.0,0.0,0.0
2018-04-03 22:30:00,0.0,0.0,0.0,0.0,0.0,0.0
2018-04-03 23:30:00,0.0,0.0,0.0,0.0,0.0,0.0
2018-04-04 00:30:00,0.0,0.0,0.0,0.0,0.0,0.0
2018-04-04 01:30:00,0.0,0.0,0.0,0.0,0.0,0.0
2018-04-04 02:30:00,0.0,0.0,0.0,0.0,0.0,0.0
2018-04-04 03:30:00,0.0,0.0,0.0,0.0,0.0,0.0
2018-04-04 04:30:00,0.0,0.0,0.0,0.0,0.0,0.0
2018-04-04 05:30:00,0.0,0.0,0.0,0.0,0.0,0.0
2018-04-04 06:30:00,0.08314933432955805,0.14360514750060058,0.10162264534342172,0.32457992018692083,0.3454430454108137,0.021078615408333945
2018-04-04 07:30:00,0.30385749993412303,0.7109483696184129,0.16550201723288943,0.68004547506272,0.746268656716418,0.06301101514031499
2018-04-04 08:30:00,0.5439911237006338,0.511573547102862,0.746268656716418,0.746268656716418,0.3123874719573692,0.15247698452922495
2018-04-04 09:30:00,0.746268656716418,0.5896727943717057,0.5872570197283862,0.5607235542426771,0.36338055139304987,0.2560800177287641
2018-04-04 10:30:00,0.746268656716418,0.7429216663329442,0.6154944509185911,0.746268656716418,0.746268656716418,0.3544787867851373
2018-04-04 11:30:00,0.7301506525412538,0.7190191826863085,0.3345485210347629,0.6247706025363788,0.6737770246186832,0.5307367721644538
2018-04-04 12:30:00,0.6448865160308774,0.7146316145786397,0.22208889538919097,0.5704562479701999,0.6695496343310522,0.4180050208043954
2018-04-04 13:30:00,0.6257649020180481,0.7195716808253168,0.36092574517773385,0.4163730556857871,0.6876023437998569,0.6377924800595139
2018-04-04 14:30:00,0.571971146404882,0.5093039517649882,0.2881850355268738,0.22054511591465492,0.30986137683553,0.4643388907123743
2018-04-04 15:30:00,0.07461592449801414,0.6254109748339265,0.4326699121413944,0.19211926878927635,0.6138249246063854,0.20234861845495541
2018-04-04 16:30:00,0.0924359192530771,0.16417091897980296,0.17905630800072692,0.11156641127365505,0.11757101094543207,0.08837131596844414
2018-04-04 17:30:00,0.045699923434110536,0.02158682771085715,0.036347873453723104,0.06553902778917894,0.1374796719626891,0.06512315606751305
2018-04-04 18:30:00,0.0,0.0,-0.0,0.0,0.0,-0.0
2018-04-04 19:30:00,0.0,0.0,0.0,0.0,0.0,0.0
2018-04-04 20:30:00,0.0,0.0,0.0,0.0,0.0,0.0
2018-04-04 21:30:00,0.0,0.0,0.0,0.0,0.0,0.0
2018-04-04 22:30:00,0.0,0.0,0.0,0.0,0.0,0.0
2018-04-04 23:30:00,0.0,0.0,0.0,0.0,0.0,0.0
2018-04-05 00:30:00,0.0,0.0,0.0,0.0,0.0,0.0
2018-04-05 01:30:00,0.0,0.0,0.0,0.0,0.0,0.0
2018-04-05 02:30:00,0.0,0.0,0.0,0.0,0.0,0.0
2018-04-05 03:30:00,0.0,0.0,0.0,0.0,0.0,0.0
2018-04-05 04:30:00,0.0,0.0,0.0,0.0,0.0,0.0
2018-04-05 05:30:00,0.0,0.0,0.0,0.0,0.0,0.0
2018-04-05 06:30:00,0.1376987615767761,0.3838904335198816,0.09439366306308832,0.32597192517593676,0.10115322760019735,0.07963687433321767
2018-04-05 07:30:00,0.30187361347129327,0.6892915380758361,0.45095878185955773,0.6718604866841917,0.4102584700670967,0.7082335619447333
2018-04-05 08:30:00,0.5020455852914228,0.746268656716418,0.5680528250383572,0.5274126188889373,0.746268656716418,0.6692747159180386
2018-04-05 09:30:00,0.44084634149777,0.746268656716418,0.6224581906073926,0.5625030613869936,0.746268656716418,0.6430847819504112
2018-04-05 10:30:00,0.2794060878284528,0.7314215315002172,0.6704560640707642,0.6112307541968224,0.5924824141875108,0.746268656716418
2018-04-05 11:30:00,0.5266735080912287,0.5594700519988872,0.6272222286848546,0.564646089290774,0.6367663794963463,0.7387665636148476
2018-04-05 12:30:00,0.5818877843002428,0.5502127911653844,0.6669374409922487,0.48551850394023194,0.6456361989105812,0.7238568307011946
2018-04-05 13:30:00,0.4878837499023712,0.6048241535975886,0.3406730521334575,0.34989519504088995,0.6854928558387203,0.3184059146237442
2018-04-05 14:30:00,0.3427457427988438,0.48090567191214045,0.19890455237522853,0.17102088248939762,0.6269155082801304,0.24537659166104211
2018-04-05 15:30:00,0.22917002213588744,0.46348465581785675,0.28989055771269856,0.14930436441174547,0.24531081783973097,0.5274318290999618
2018-04-05 16:30:00,0.13402485531918826,0.3036396049170746,0.13095384582138925,0.1392815078378697,0.020776642849805408,0.29224467037706264
2018-04-05 17:30:00,0.05951391222756332,0.10176659826766447,0.025408354578164864,0.009337601982875096,0.04105094168835085,0.05711884501687327
2018-04-05 18:30:00,0.0,0.0,-0.0,0.0,0.0,0.0010772417330518864
2018-04-05 19:30:00,0.0,0.0,0.0,0.0,0.0,0.0
2018-04-05 20:30:00,0.0,0.0,0.0,0.0,0.0,0.0
2018-04-05 21:30:00,0.0,0.0,0.0,0.0,0.0,0.0
2018-04-05 22:30:00,0.0,0.0,0.0,0.0,0.0,0.0
2018-04-05 23:30:00,0.0,0.0,0.0,0.0,0.0,0.0
2018-04-06 00:30:00,0.0,0.0,0.0,0.0,0.0,0.0
2018-04-06 01:30:00,0.0,0.0,0.0,0.0,0.0,0.0
2018-04-06 02:30:00,0.0,0.0,0.0,0.0,0.0,0.0
2018-04-06 03:30:00,0.0,0.0,0.0,0.0,0.0,0.0
2018-04-06 04:30:00,0.0,0.0,0.0,0.0,0.0,0.0
2018-04-06 05:30:00,0.0,-0.0,0.0,0.0,0.0,0.0
2018-04-06 06:30:00,0.052568612779871016,0.3420460188996102,0.028064910173057962,0.0184224614096391,0.11932414279645097,0.027580204680503498
2018-04-06 07:30:00,0.092315573331634,0.3274193802120841,0.010684214706279213,0.017821134313374794,0.3801761454931716,0.07836807985248782
2018-04-06 08:30:00,0.4213797391362529,0.03900124535742168,0.03100303159592795,0.020165918797923746,0.46703253379610227,0.16123430371113032
2018-04-06 09:30:00,0.057900997331813774,0.03433528826701991,0.10125228188217894,0.04545261715988094,0.4293556662228171,0.43679613977576526
2018-04-06 10:30:00,0.06914436930562079,0.0755731158014238,0.1323574072046533,0.08238518616134582,0.41251264405279076,0.45556787365363477
2018-04-06 11:30:00,0.10150368704270431,0.0345676012634882,0.30169119340328066,0.22418329823183333,0.24872070366025964,0.49147338110496386
2018-04-06 12:30:00,0.2638809690320291,0.06192267592436974,0.29990423675163846,0.24298627329317699,0.14535554431490444,0.5860146798973845
2018-04-06 13:30:00,0.22179266947390014,0.032502597122759734,0.2897176000266844,0.31076921978778127,0.10421022229343871,0.6051055261381377
2018-04-06 14:30:00,0.08244685803808968,0.07656932906237719,0.249202546550692,0.13514572563182914,0.530264447239296,0.19348552289237791
2018-04-06 15:30:00,0.00913967373107556,0.0676735542431181,0.1061284240008217,0.08298156648380689,0.5933471621948272,0.1653617800943197
2018-04-06 16:30:00,0.01192186136148699,0.023669940423642524,0.09691867460395369,0.2890845950350641,0.20980288851017742,0.39701696158000443
2018-04-06 17:30:00,0.020558869623027526,0.010932237010849187,0.03631203396807413,0.009584928987475155,0.01799587650291232,0.04045734895598074
2018-04-06 18:30:00,0.0,0.0,-0.0,0.0,0.0,-0.0
2018-04-06 19:30:00,0.0,0.0,0.0,0.0,0.0,0.0
2018-04-06 20:30:00,0.0,0.0,0.0,0.0,0.0,0.0
2018-04-06 21:30:00,0.0,0.0,0.0,0.0,0.0,0.0
2018-04-06 22:30:00,0.0,0.0,0.0,0.0,0.0,0.0
2018-04-06 23:30:00,0.0,0.0,0.0,0.0,0.0,0.0
2018-04-07 00:30:00,0.0,0.0,0.0,0.0,0.0,0.0
2018-04-07 01:30:00,0.0,0.0,0.0,0.0,0.0,0.0
2018-04-07 02:30:00,0.0,0.0,0.0,0.0,0.0,0.0
2018-04-07 03:30:00,0.0,0.0,0.0,0.0,0.0,0.0
2018-04-07 04:30:00,0.0,0.0,0.0,0.0,0.0,0.0
2018-04-07 05:30:00,0.0,-0.0,0.0,0.0,0.0,0.0
2018-04-07 06:30:00,0.31495543895825606,0.38798000010480177,0.013997757261415207,0.0215992273196036,0.010264521196210503,0.021311230219786488
2018-04-07 07:30:00,0.6518461339806072,0.0669837288906091,0.08820319375942272,0.6457517532649728,0.10217108705063532,0.1725666387194858
2018-04-07 08:30:00,0.7358338090391834,0.19250422356652375,0.1847070658588584,0.5862712462343028,0.17919192799362144,0.3934035355177198
2018-04-07 09:30:00,0.5692934100037402,0.20440311548632945,0.22276667375906598,0.746268656716418,0.746268656716418,0.25785013493849845
2018-04-07 10:30:00,0.716637055066295,0.2711496656938001,0.4120652061691527,0.7446859988527025,0.4933188593500076,0.28807378702589426
2018-04-07 11:30:00,0.6943587710939776,0.5064804232791257,0.4371815135526845,0.692825034479242,0.33634542309358306,0.5279772838512065
2018-04-07 12:30:00,0.6005889613779894,0.746268656716418,0.6617040305663552,0.6830979406336731,0.4534727413207762,0.2049874665955278
2018-04-07 13:30:00,0.5741300188867378,0.746268656716418,0.5079041431328228,0.6851368857330257,0.32285658638302356,0.299747422957881
2018-04-07 14:30:00,0.35818810714664523,0.746268656716418,0.1838324832870008,0.2909982057231169,0.5793027694028268,0.2709665145194213
2018-04-07 15:30:00,0.1377564699468364,0.5415393661609209,0.19570504831199811,0.10416776295411848,0.7241473400370119,0.17768251216533867
2018-04-07 16:30:00,0.6480575605627763,0.028780436417588286,0.16717911391410503,0.23849148495422995,0.04994204100314531,0.37167955118105483
2018-04-07 17:30:00,0.1710284458865366,-0.0,0.004329677288965268,0.035502543511890944,0.0656040284389043,0.005481649559727712
2018-04-07 18:30:00,0.0,0.0,-0.0,0.0,0.0,0.0010499807816694777
2018-04-07 19:30:00,0.0,0.0,0.0,0.0,0.0,0.0
2018-04-07 20:30:00,0.0,0.0,0.0,0.0,0.0,0.0
2018-04-07 21:30:00,0.0,0.0,0.0,0.0,0.0,0.0
2018-04-07 22:30:00,0.0,0.0,0.0,0.0,0.0,0.0
2018-04-07 23:30:00,0.0,0.0,0.0,0.0,0.0,0.0
2018-04-08 00:30:00,0.0,0.0,0.0,0.0,0.0,0.0
2018-04-08 01:30:00,0.0,0.0,0.0,0.0,0.0,0.0
2018-04-08 02:30:00,0.0,0.0,0.0,0.0,0.0,0.0
2018-04-08 03:30:00,0.0,0.0,0.0,0.0,0.0,0.0
2018-04-08 04:30:00,0.0,0.0,0.0,0.0,0.0,0.0
2018-04-08 05:30:00,0.0,-0.0,0.0,0.0,0.0,0.0
2018-04-08 06:30:00,0.06136011703348099,0.35439085000329434,0.02038584111125361,0.37353730630179877,0.004185348977686495,0.2961461478284743
2018-04-08 07:30:00,0.7133998307137137,0.0033627984258225315,0.055484611875470546,0.7058643450805369,0.042849002029831204,0.7292418527155353
2018-04-08 08:30:00,0.746268656716418,0.313500346139395,0.1890374826444908,0.746268656716418,0.746268656716418,0.6168610153216698
2018-04-08 09:30:00,0.746268656716418,0.746268656716418,0.5431582009519312,0.746268656716418,0.746268656716418,0.746268656716418
2018-04-08 10:30:00,0.746268656716418,0.746268656716418,0.325647646813126,0.746268656716418,0.5914879752343495,0.5130701021355005
2018-04-08 11:30:00,0.746268656716418,0.746268656716418,0.3180907859171577,0.746268656716418,0.746268656716418,0.746268656716418
2018-04-08 12:30:00,0.746268656716418,0.746268656716418,0.621210977046006,0.7461120915542105,0.746268656716418,0.746268656716418
2018-04-08 13:30:00,0.746268656716418,0.746268656716418,0.572829563938019,0.746268656716418,0.746268656716418,0.746268656716418
2018-04-08 14:30:00,0.746268656716418,0.746268656716418,0.35639788036496167,0.746268656716418,0.746268656716418,0.3684775269261687
2018-04-08 15:30:00,0.746268656716418,0.060648582209444614,0.65342856365703,0.39211692360638095,0.746268656716418,0.746268656716418
2018-04-08 16:30:00,0.6840240574077137,0.32801812541595343,0.16621912422344803,0.21750427869578312,0.746268656716418,0.746268656716418
2018-04-08 17:30:00,0.11087671150339345,0.05518576973512521,0.035926430296118986,0.061760317960620655,0.45119329338146374,0.24824885154629048
2018-04-08 18:30:00,-0.0,0.0,-0.0,-0.0,-0.0,0.021022498510243248
2018-04-08 19:30:00,0.0,0.0,0.0,0.0,0.0,0.0
2018-04-08 20:30:00,0.0,0.0,0.0,0.0,0.0,0.0
2018-04-08 21:30:00,0.0,0.0,0.0,0.0,0.0,0.0
2018-04-08 22:30:00,0.0,0.0,0.0,0.0,0.0,0.0
2018-04-08 23:30:00,0.0,0.0,0.0,0.0,0.0,0.0
2018-04-09 00:30:00,0.0,0.0,0.0,0.0,0.0,0.0
2018-04-09 01:30:00,0.0,0.0,0.0,0.0,0.0,0.0
2018-04-09 02:30:00,0.0,0.0,0.0,0.0,0.0,0.0
2018-04-09 03:30:00,0.0,0.0,0.0,0.0,0.0,0.0
2018-04-09 04:30:00,0.0,0.0,0.0,0.0,0.0,0.0
2018-04-09 05:30:00,0.0,-0.0,0.0,-0.0,0.0,0.0
2018-04-09 06:30:00,0.35209270957508554,0.13111244702922195,0.03486628950682463,0.10104033108787466,0.39301337550599286,0.09220267254514097
2018-04-09 07:30:00,0.01830503762586382,0.13311430854380737,0.11277090336516238,0.7092403979923839,0.746268656716418,0.7383506206240844
2018-04-09 08:30:00,0.5066415650154834,0.21864646910049226,0.37792316894984573,0.17299958846757527,0.746268656716418,0.4943030364068345
2018-04-09 09:30:00,0.746268656716418,0.4058841156573757,0.42711083097035396,0.746268656716418,0.746268656716418,0.7230674489549535
2018-04-09 10:30:00,0.746268656716418,0.4497854155922474,0.746268656716418,0.5706198015243672,0.746268656716418,0.7218680804256133
2018-04-09 11:30:00,0.7386423624389052,0.746268656716418,0.6485638171001105,0.5259276118193628,0.746268656716418,0.6422517610731991
2018-04-09 12:30:00,0.7410981135776928,0.4747453616336587,0.6973637220894758,0.4219517636906832,0.746268656716418,0.746268656716418
2018-04-09 13:30:00,0.746268656716418,0.46778991226981265,0.6920678767563229,0.44971686892424656,0.746268656716418,0.746268656716418
2018-04-09 14:30:00,0.746268656716418,0.746268656716418,0.04526489961719892,0.27160435296385504,0.6013987836976314,0.5452978906573243
2018-04-09 15:30:00,0.746268656716418,0.39790429278551837,0.44389008250446194,0.5337012507899925,0.48153908759573344,0.46740018781955395
2018-04-09 16:30:00,0.6710919430527433,0.6551746582056643,0.3714363191126778,0.6723468657785477,0.41694730140759784,0.746268656716418
2018-04-09 17:30:00,0.37638413665740844,0.11959716996821473,0.4922756254193883,0.11719733406177187,0.06487845139556746,0.5818030001461172
2018-04-09 18:30:00,-0.0,0.0,-0.0,-0.0,-0.0,0.031641455997306486
2018-04-09 19:30:00,0.0,0.0,0.0,0.0,0.0,0.0
2018-04-09 20:30:00,0.0,0.0,0.0,0.0,0.0,0.0
2018-04-09 21:30:00,0.0,0.0,0.0,0.0,0.0,0.0
2018-04-09 22:30:00,0.0,0.0,0.0,0.0,0.0,0.0
2018-04-09 23:30:00,0.0,0.0,0.0,0.0,0.0,0.0
2018-04-10 00:30:00,0.0,0.0,0.0,0.0,0.0,0.0
2018-04-10 01:30:00,0.0,0.0,0.0,0.0,0.0,0.0
2018-04-10 02:30:00,0.0,0.0,0.0,0.0,0.0,0.0
2018-04-10 03:30:00,0.0,0.0,0.0,0.0,0.0,0.0
2018-04-10 04:30:00,0.0,0.0,0.0,0.0,0.0,0.0
2018-04-10 05:30:00,-0.0,-0.0,0.0,-0.0,0.0,0.0
2018-04-10 06:30:00,0.393355648329337,0.450753288015672,0.3792483133729043,0.3963327329459319,0.41923094967629965,0.32059737572458336
2018-04-10 07:30:00,0.7086531568656715,0.7113412033594565,0.42560434574998685,0.6984708767030453,0.746268656716418,0.48824116037142
2018-04-10 08:30:00,0.746268656716418,0.746268656716418,0.746268656716418,0.746268656716418,0.746268656716418,0.5930132958023233
2018-04-10 09:30:00,0.746268656716418,0.746268656716418,0.746268656716418,0.5826644885867929,0.746268656716418,0.666459395415487
2018-04-10 10:30:00,0.746268656716418,0.746268656716418,0.746268656716418,0.746268656716418,0.746268656716418,0.7290108620224139
2018-04-10 11:30:00,0.6639340620402191,0.6521227698575635,0.746268656716418,0.7285302054845739,0.746268656716418,0.746268656716418
2018-04-10 12:30:00,0.6097489252043681,0.7333431589321501,0.7395654274487026,0.7236481458192597,0.6642864350377803,0.7268039079106339
2018-04-10 13:30:00,0.6635146273364108,0.7418043116334833,0.7045594396321011,0.7413170506897684,0.695814440438023,0.746268656716418
2018-04-10 14:30:00,0.6867532636004943,0.7460947125528702,0.7009099203775763,0.7164480401500031,0.7139342662076271,0.7154256358651424
2018-04-10 15:30:00,0.5129665737030206,0.7300490242915354,0.2624416636000204,0.5071768721921907,0.7188459702009735,0.6786202569221317
2018-04-10 16:30:00,0.28062831026292057,0.5771091316146213,0.2889338220876961,0.4381908338812466,0.4551586005295539,0.4970962878499404
2018-04-10 17:30:00,0.06062559345719375,0.13165593571436898,0.12349057147001431,0.06377227216785707,0.09479526921327394,0.1380922249337437
2018-04-10 18:30:00,-0.0,0.0,0.000474204513788845,-0.0,-0.0,0.004035941194349226
2018-04-10 19:30:00,0.0,0.0,0.0,0.0,0.0,0.0
2018-04-10 20:30:00,0.0,0.0,0.0,0.0,0.0,0.0
2018-04-10 21:30:00,0.0,0.0,0.0,0.0,0.0,0.0
2018-04-10 22:30:00,0.0,0.0,0.0,0.0,0.0,0.0
2018-04-10 23:30:00,0.0,0.0,0.0,0.0,0.0,0.0
2018-04-11 00:30:00,0.0,0.0,0.0,0.0,0.0,0.0
2018-04-11 01:30:00,0.0,0.0,0.0,0.0,0.0,0.0
2018-04-11 02:30:00,0.0,0.0,0.0,0.0,0.0,0.0
2018-04-11 03:30:00,0.0,0.0,0.0,0.0,0.0,0.0
2018-04-11 04:30:00,0.0,0.0,0.0,0.0,0.0,0.0
2018-04-11 05:30:00,-0.0,-0.0,0.0,-0.0,0.0,0.0
2018-04-11 06:30:00,0.07023029902478992,0.02554975127674079,0.02388394879918973,0.0581625076397852,0.15216210482040207,0.023605702172061017
2018-04-11 07:30:00,0.5027705008547705,0.08100661912621211,0.19414190300310102,0.2550786723868112,0.36271265090995597,0.07216867513939809
2018-04-11 08:30:00,0.5446442490767407,0.0999651635032904,0.1103248877830361,0.4476851736865509,0.5115767486671683,0.138202295897455
2018-04-11 09:30:00,0.746268656716418,0.1051200425930665,0.550728930353773,0.746268656716418,0.543924557710535,0.6949308443031835
2018-04-11 10:30:00,0.6426744239190287,0.2571770643822061,0.6537640604750411,0.5774528116072803,0.33129047556656943,0.746268656716418
2018-04-11 11:30:00,0.7455845702733863,0.4935535650388833,0.746268656716418,0.7357644009244294,0.6530097871136878,0.746268656716418
2018-04-11 12:30:00,0.7457652354498663,0.7227713859972588,0.746268656716418,0.733087955106291,0.746268656716418,0.746268656716418
2018-04-11 13:30:00,0.746268656716418,0.5415207456164516,0.746268656716418,0.746268656716418,0.746268656716418,0.746268656716418
2018-04-11 14:30:00,0.746268656716418,0.5034935980613652,0.5683092787426661,0.746268656716418,0.746268656716418,0.746268656716418
2018-04-11 15:30:00,0.746268656716418,0.7449357488830132,0.6900755197286534,0.746268656716418,0.746268656716418,0.746268656716418
2018-04-11 16:30:00,0.6732444701973251,0.6464253095980101,0.20279987213417897,0.6668703098679541,0.7360758387523351,0.07709345389307523
2018-04-11 17:30:00,0.26449604157237294,0.3239736399839035,0.3205335963920644,0.26795791119921597,0.4413433043606964,0.22330022980315062
2018-04-11 18:30:00,-0.0,0.0,0.0010510424010649305,-0.0,-0.0,0.03254146708532977
2018-04-11 19:30:00,0.0,0.0,0.0,0.0,0.0,0.0
2018-04-11 20:30:00,0.0,0.0,0.0,0.0,0.0,0.0
2018-04-11 21:30:00,0.0,0.0,0.0,0.0,0.0,0.0
2018-04-11 22:30:00,0.0,0.0,0.0,0.0,0.0,0.0
2018-04-11 23:30:00,0.0,0.0,0.0,0.0,0.0,0.0
2018-04-12 00:30:00,0.0,0.0,0.0,0.0,0.0,0.0
2018-04-12 01:30:00,0.0,0.0,0.0,0.0,0.0,0.0
2018-04-12 02:30:00,0.0,0.0,0.0,0.0,0.0,0.0
2018-04-12 03:30:00,0.0,0.0,0.0,0.0,0.0,0.0
2018-04-12 04:30:00,0.0,0.0,0.0,0.0,0.0,0.0
2018-04-12 05:30:00,-0.0,0.0005115623898096572,0.0,-0.0,-0.0,0.0
2018-04-12 06:30:00,0.07000494033770115,0.06837053937840327,0.14805311004833635,0.03623784494968007,0.16455629418470255,0.018418289700941438
2018-04-12 07:30:00,0.43281279792090854,0.07861290828425457,0.3923576163362851,0.360081865073359,0.10982370621908495,0.07191714555053837
2018-04-12 08:30:00,0.21025999334964152,0.5665536210627181,0.5133518074569742,0.503543888238871,0.13016749291408083,0.09879823711480522
2018-04-12 09:30:00,0.5301136366593595,0.3248633331139845,0.5540793134743528,0.3451988382527244,0.342475112899493,0.22310739643360172
2018-04-12 10:30:00,0.6149777345179082,0.24651634333244857,0.6404875670424475,0.5554551521432436,0.559243262176691,0.2449387522054792
2018-04-12 11:30:00,0.5734358223869189,0.38799810669008283,0.7067370626919391,0.6155850150983981,0.6648237590269163,0.3034425738390215
2018-04-12 12:30:00,0.6071891057552935,0.5046301758416968,0.6482524390911178,0.7072963783179289,0.5277560100366464,0.28938969775532575
2018-04-12 13:30:00,0.5830924027359752,0.5454075193264641,0.35731203076215545,0.7265702096248907,0.5715264930926791,0.5552438176033795
2018-04-12 14:30:00,0.3575845452970211,0.5807111342270304,0.5223303037509639,0.6280041256428333,0.5122877752649844,0.6728070320907497
2018-04-12 15:30:00,0.6856920133082691,0.5013250500672308,0.13046917638499086,0.746268656716418,0.5080749658945379,0.29377923577175175
2018-04-12 16:30:00,0.7010327464643089,0.27781707538092754,0.17416745700371425,0.35853134821402505,0.538250691348164,0.08535414956399774
2018-04-12 17:30:00,0.06977145367583627,0.046592225283358185,0.03339045523499182,0.08879998906542,0.12614412266501682,0.04692264305660748
2018-04-12 18:30:00,-0.0,0.0,0.001049200949038608,-0.0,-0.0,0.004530133792866031
2018-04-12 19:30:00,0.0,0.0,0.0,0.0,0.0,0.0
2018-04-12 20:30:00,0.0,0.0,0.0,0.0,0.0,0.0
2018-04-12 21:30:00,0.0,0.0,0.0,0.0,0.0,0.0
2018-04-12 22:30:00,0.0,0.0,0.0,0.0,0.0,0.0
2018-04-12 23:30:00,0.0,0.0,0.0,0.0,0.0,0.0
2018-04-13 00:30:00,0.0,0.0,0.0,0.0,0.0,0.0
2018-04-13 01:30:00,0.0,0.0,0.0,0.0,0.0,0.0
2018-04-13 02:30:00,0.0,0.0,0.0,0.0,0.0,0.0
2018-04-13 03:30:00,0.0,0.0,0.0,0.0,0.0,0.0
2018-04-13 04:30:00,0.0,0.0,0.0,0.0,0.0,0.0
2018-04-13 05:30:00,-0.0,0.0006086551206367567,0.0,-0.0,-0.0,0.0
2018-04-13 06:30:00,0.06000341881981632,0.04228576095123241,0.09746205198564199,0.01956135366286766,0.11226692844787654,0.11872511040192016
2018-04-13 07:30:00,0.1875972027619747,0.004119456216337046,0.08955721676441182,0.0017042779950749308,0.4170597707454529,0.45078797640963664
2018-04-13 08:30:00,0.0922189214239675,0.033776502928361415,0.22578466561418511,0.10512600891255493,0.45546733547843204,0.6527584950523466
2018-04-13 09:30:00,0.17093988675324961,0.06621407788064407,0.3913192645887143,0.09153611125332717,0.5764355121246597,0.746268656716418
2018-04-13 10:30:00,0.25660997802979385,0.325440972196727,0.3061916164863549,0.15619228286756595,0.7354060644864155,0.746268656716418
2018-04-13 11:30:00,0.37569922366345937,0.429172072988887,0.551026073067392,0.1860109733244889,0.7235390030177309,0.746268656716418
2018-04-13 12:30:00,0.41643624821441266,0.5169662325056882,0.5491767583167412,0.2181763639362017,0.7305964854074952,0.746268656716418
2018-04-13 13:30:00,0.17502137054370684,0.6004659278777021,0.6209583578467233,0.2085136783823152,0.745126821331378,0.746268656716418
2018-04-13 14:30:00,0.2251814409371205,0.5486253461847619,0.48299405214404467,0.14781020853771687,0.7346229533154834,0.746268656716418
2018-04-13 15:30:00,0.12098519102802806,0.4360564271977996,0.15882224676840043,0.24884247661078654,0.5339490188078609,0.746268656716418
2018-04-13 16:30:00,0.050280194941765874,0.2072153314884514,0.21241708280907876,0.09101438773688943,0.3694852992573474,0.46769426418611254
2018-04-13 17:30:00,0.03702446506197586,0.022535501417769537,0.005822194323943594,0.02186284430636919,0.08854215755956414,0.08385586662226502
2018-04-13 18:30:00,-0.0,0.0,0.0011790415921360663,-0.0,-0.0,-0.0
2018-04-13 19:30:00,0.0,0.0,0.0,0.0,0.0,0.0
2018-04-13 20:30:00,0.0,0.0,0.0,0.0,0.0,0.0
2018-04-13 21:30:00,0.0,0.0,0.0,0.0,0.0,0.0
2018-04-13 22:30:00,0.0,0.0,0.0,0.0,0.0,0.0
2018-04-13 23:30:00,0.0,0.0,0.0,0.0,0.0,0.0
2018-04-14 00:30:00,0.0,0.0,0.0,0.0,0.0,0.0
2018-04-14 01:30:00,0.0,0.0,0.0,0.0,0.0,0.0
2018-04-14 02:30:00,0.0,0.0,0.0,0.0,0.0,0.0
2018-04-14 03:30:00,0.0,0.0,0.0,0.0,0.0,0.0
2018-04-14 04:30:00,0.0,0.0,0.0,0.0,0.0,0.0
2018-04-14 05:30:00,-0.0,0.0013344044069679636,-0.0,0.007878539302826006,-0.0,0.0
2018-04-14 06:30:00,0.46274075482291255,0.5301509488532847,0.06656995714254398,0.4717373295421921,0.5067117566830636,0.13516197261102125
2018-04-14 07:30:00,0.746268656716418,0.5754992801236011,0.2413695552147755,0.746268656716418,0.746268656716418,0.746268656716418
2018-04-14 08:30:00,0.746268656716418,0.6743622251881681,0.6069174698265503,0.746268656716418,0.746268656716418,0.5906645402611074
2018-04-14 09:30:00,0.746268656716418,0.5415052847574815,0.6898776350522512,0.746268656716418,0.746268656716418,0.746268656716418
2018-04-14 10:30:00,0.746268656716418,0.7076095472924218,0.746268656716418,0.746268656716418,0.746268656716418,0.746268656716418
2018-04-14 11:30:00,0.746268656716418,0.746268656716418,0.746268656716418,0.746268656716418,0.746268656716418,0.746268656716418
2018-04-14 12:30:00,0.746268656716418,0.746268656716418,0.746268656716418,0.746268656716418,0.746268656716418,0.746268656716418
2018-04-14 13:30:00,0.746268656716418,0.746268656716418,0.746268656716418,0.746268656716418,0.746268656716418,0.746268656716418
2018-04-14 14:30:00,0.6588465237437305,0.746268656716418,0.746268656716418,0.746268656716418,0.746268656716418,0.7315214681288115
2018-04-14 15:30:00,0.33090840624840323,0.746268656716418,0.746268656716418,0.746268656716418,0.746268656716418,0.746268656716418
2018-04-14 16:30:00,0.26132709338719884,0.6955157813195714,0.746268656716418,0.7037908454028288,0.746268656716418,0.746268656716418
2018-04-14 17:30:00,0.0436817318822344,0.33953111276641307,0.09464760862224102,0.2620224863269358,0.4862209286861798,0.6103726233581873
2018-04-14 18:30:00,-0.0,0.0,0.0029675155576258327,-0.0,-0.0,0.07261196237847879
2018-04-14 19:30:00,0.0,0.0,0.0,0.0,0.0,0.0
2018-04-14 20:30:00,0.0,0.0,0.0,0.0,0.0,0.0
2018-04-14 21:30:00,0.0,0.0,0.0,0.0,0.0,0.0
2018-04-14 22:30:00,0.0,0.0,0.0,0.0,0.0,0.0
2018-04-14 23:30:00,0.0,0.0,0.0,0.0,0.0,0.0
2018-04-15 00:30:00,0.0,0.0,0.0,0.0,0.0,0.0
2018-04-15 01:30:00,0.0,0.0,0.0,0.0,0.0,0.0
2018-04-15 02:30:00,0.0,0.0,0.0,0.0,0.0,0.0
2018-04-15 03:30:00,0.0,0.0,0.0,0.0,0.0,0.0
2018-04-15 04:30:00,0.0,0.0,0.0,0.0,0.0,0.0
2018-04-15 05:30:00,0.006414965424380698,0.02036266006670295,-0.0,-0.0,-0.0,0.0
2018-04-15 06:30:00,0.45382467677171306,0.5206964444565261,0.12015277183444756,0.05552142808137075,0.4848397128617825,0.3960069998446939
2018-04-15 07:30:00,0.718102467953807,0.7418001137291343,0.48508715175755757,0.6988020161020384,0.746268656716418,0.7439891649772367
2018-04-15 08:30:00,0.746268656716418,0.746268656716418,0.746268656716418,0.746268656716418,0.746268656716418,0.746268656716418
2018-04-15 09:30:00,0.746268656716418,0.746268656716418,0.746268656716418,0.746268656716418,0.746268656716418,0.746268656716418
2018-04-15 10:30:00,0.746268656716418,0.746268656716418,0.6604895019590314,0.746268656716418,0.746268656716418,0.746268656716418
2018-04-15 11:30:00,0.7462525061262358,0.746268656716418,0.7187582882987618,0.5441242740061741,0.746268656716418,0.6998944700904617
2018-04-15 12:30:00,0.7374491323113581,0.746268656716418,0.6711695917676387,0.4604872344128298,0.746268656716418,0.7317774092466451
2018-04-15 13:30:00,0.7447016704149321,0.746268656716418,0.641065766701128,0.717323158101359,0.5328812037509522,0.746268656716418
2018-04-15 14:30:00,0.7394061055986727,0.746268656716418,0.6491715579021391,0.7213323554147533,0.43230571697654147,0.6174297585458379
2018-04-15 15:30:00,0.6417477623855196,0.7416690539543254,0.6502848223768478,0.7139748485844838,0.3797911434731979,0.6233814216457332
2018-04-15 16:30:00,0.26068553615630646,0.42689735859640277,0.4589289722890078,0.4684427992223677,0.1133764425243532,0.746268656716418
2018-04-15 17:30:00,0.06275562630113267,0.34645651175992487,0.09704457813614083,0.15491433776028188,0.07842238207537211,0.2585068230605915
2018-04-15 18:30:00,-0.0,0.0,0.0028427956744230144,-0.0,-0.0,0.07824823816616029
2018-04-15 19:30:00,0.0,0.0,0.0,0.0,0.0,0.0
2018-04-15 20:30:00,0.0,0.0,0.0,0.0,0.0,0.0
2018-04-15 21:30:00,0.0,0.0,0.0,0.0,0.0,0.0
2018-04-15 22:30:00,0.0,0.0,0.0,0.0,0.0,0.0
2018-04-15 23:30:00,0.0,0.0,0.0,0.0,0.0,0.0
2018-04-16 00:30:00,0.0,0.0,0.0,0.0,0.0,0.0
2018-04-16 01:30:00,0.0,0.0,0.0,0.0,0.0,0.0
2018-04-16 02:30:00,0.0,0.0,0.0,0.0,0.0,0.0
2018-04-16 03:30:00,0.0,0.0,0.0,0.0,0.0,0.0
2018-04-16 04:30:00,0.0,0.0,0.0,0.0,0.0,0.0
2018-04-16 05:30:00,7.015651774755134e-05,0.0502622040141095,-0.0,0.01126136347283,-0.0,0.0
2018-04-16 06:30:00,0.0517454719341869,0.5397447061412268,0.11540443805093673,0.20775141444137427,0.5004485227842452,0.12309207874060768
2018-04-16 07:30:00,0.31596703191837144,0.746268656716418,0.0794120053809792,0.24862080690248203,0.746268656716418,0.4735361027162299
2018-04-16 08:30:00,0.5627736173128797,0.746268656716418,0.4304415838019697,0.43862010440962035,0.746268656716418,0.10218582536660753
2018-04-16 09:30:00,0.5917983915428485,0.746268656716418,0.2834217437570965,0.4544447915845705,0.746268656716418,0.2218564345896371
2018-04-16 10:30:00,0.593505652265118,0.746268656716418,0.5837666030265041,0.3545309097363521,0.746268656716418,0.35796091601508007
2018-04-16 11:30:00,0.6277720050948256,0.746268656716418,0.48236644937034806,0.331610721799506,0.746268656716418,0.40511510297093983
2018-04-16 12:30:00,0.5063583722434919,0.746268656716418,0.60957300070503,0.3425652300472695,0.746268656716418,0.4556343669579224
2018-04-16 13:30:00,0.45684919931582635,0.746268656716418,0.32677257205173127,0.49932836696653077,0.661378962671239,0.34183526716676893
2018-04-16 14:30:00,0.28143320375827874,0.746268656716418,0.24852297346222518,0.4297085460799594,0.3740784240154387,0.2705447124815684
2018-04-16 15:30:00,0.29006737242518166,0.746268656716418,0.13262611891696918,0.1546913373039656,0.35619484068139023,0.18268790975206564
2018-04-16 16:30:00,0.43961943829757427,0.6811323231178991,0.06256321480680821,0.2476893019300834,0.1040253927876339,0.08055117858305222
2018-04-16 17:30:00,0.1742010381304886,0.1710574056564125,0.21746454743437316,0.06220635926379439,0.00459773038434193,0.024800941535415663
2018-04-16 18:30:00,-0.0,-0.0,0.008560233205585395,-0.0,-0.0,0.018627976136506217
2018-04-16 19:30:00,0.0,0.0,0.0,0.0,0.0,0.0
2018-04-16 20:30:00,0.0,0.0,0.0,0.0,0.0,0.0
2018-04-16 21:30:00,0.0,0.0,0.0,0.0,0.0,0.0
2018-04-16 22:30:00,0.0,0.0,0.0,0.0,0.0,0.0
2018-04-16 23:30:00,0.0,0.0,0.0,0.0,0.0,0.0
2018-04-17 00:30:00,0.0,0.0,0.0,0.0,0.0,0.0
2018-04-17 01:30:00,0.0,0.0,0.0,0.0,0.0,0.0
2018-04-17 02:30:00,0.0,0.0,0.0,0.0,0.0,0.0
2018-04-17 03:30:00,0.0,0.0,0.0,0.0,0.0,0.0
2018-04-17 04:30:00,0.0,0.0,0.0,0.0,0.0,0.0
2018-04-17 05:30:00,0.009937443100982732,0.05029627415068778,-0.0,0.013409978905083726,-0.0,0.0
2018-04-17 06:30:00,0.47803965399460824,0.5394896218222993,0.29589211529007514,0.47350782370513483,0.4933492604809562,0.10039482166275512
2018-04-17 07:30:00,0.7398295047912535,0.45634915304656043,0.3199821459656448,0.7185658922358712,0.746268656716418,0.5781374876072288
2018-04-17 08:30:00,0.746268656716418,0.746268656716418,0.60396619121289,0.746268656716418,0.746268656716418,0.5719592652719413
2018-04-17 09:30:00,0.746268656716418,0.746268656716418,0.69039566393992,0.746268656716418,0.746268656716418,0.6841888220057507
2018-04-17 10:30:00,0.746268656716418,0.746268656716418,0.45118834370038785,0.746268656716418,0.746268656716418,0.6265882629375057
2018-04-17 11:30:00,0.746268656716418,0.746268656716418,0.5506406953185485,0.6197922982455564,0.746268656716418,0.746268656716418
2018-04-17 12:30:00,0.644319439609325,0.746268656716418,0.7059601479621986,0.37638450507943405,0.7000410938851173,0.4492665157964626
2018-04-17 13:30:00,0.6994409270325265,0.746268656716418,0.44411331657487674,0.24820896191016992,0.627169018057572,0.746268656716418
2018-04-17 14:30:00,0.6365729420817507,0.746268656716418,0.34326899053633797,0.37366717423519924,0.746268656716418,0.746268656716418
2018-04-17 15:30:00,0.746268656716418,0.746268656716418,0.5248507367416092,0.21849413827249953,0.746268656716418,0.746268656716418
2018-04-17 16:30:00,0.746268656716418,0.5102787799564354,0.2904667650751494,0.5818421523789283,0.746268656716418,0.746268656716418
2018-04-17 17:30:00,0.49583679304965206,0.09755398282653917,0.05475331278820905,0.050547606737497294,0.5641668694747437,0.3955191493701638
2018-04-17 18:30:00,0.012208425643917133,-0.0,0.0017968288455058367,0.007625765571364414,0.01575093999632955,0.01846597681418519
2018-04-17 19:30:00,0.0,0.0,0.0,0.0,0.0,0.0
2018-04-17 20:30:00,0.0,0.0,0.0,0.0,0.0,0.0
2018-04-17 21:30:00,0.0,0.0,0.0,0.0,0.0,0.0
2018-04-17 22:30:00,0.0,0.0,0.0,0.0,0.0,0.0
2018-04-17 23:30:00,0.0,0.0,0.0,0.0,0.0,0.0
2018-04-18 00:30:00,0.0,0.0,0.0,0.0,0.0,0.0
2018-04-18 01:30:00,0.0,0.0,0.0,0.0,0.0,0.0
2018-04-18 02:30:00,0.0,0.0,0.0,0.0,0.0,0.0
2018-04-18 03:30:00,0.0,0.0,0.0,0.0,0.0,0.0
2018-04-18 04:30:00,0.0,0.0,0.0,0.0,0.0,0.0
2018-04-18 05:30:00,0.018211091197015535,0.0677829759889469,-0.0,0.024738705841638328,0.012921504531580115,0.0
2018-04-18 06:30:00,0.5217723797215239,0.6003976454560519,0.4920861704544422,0.5417049233534484,0.5437736602849261,0.2100424003726877
2018-04-18 07:30:00,0.746268656716418,0.746268656716418,0.746268656716418,0.746268656716418,0.746268656716418,0.746268656716418
2018-04-18 08:30:00,0.746268656716418,0.746268656716418,0.746268656716418,0.746268656716418,0.746268656716418,0.746268656716418
2018-04-18 09:30:00,0.746268656716418,0.746268656716418,0.746268656716418,0.746268656716418,0.746268656716418,0.746268656716418
2018-04-18 10:30:00,0.746268656716418,0.746268656716418,0.746268656716418,0.746268656716418,0.746268656716418,0.746268656716418
2018-04-18 11:30:00,0.746268656716418,0.746268656716418,0.746268656716418,0.746268656716418,0.746268656716418,0.746268656716418
2018-04-18 12:30:00,0.746268656716418,0.746268656716418,0.746268656716418,0.746268656716418,0.746268656716418,0.746268656716418
2018-04-18 13:30:00,0.746268656716418,0.746268656716418,0.7358799279099311,0.746268656716418,0.746268656716418,0.746268656716418
2018-04-18 14:30:00,0.746268656716418,0.746268656716418,0.746268656716418,0.746268656716418,0.746268656716418,0.746268656716418
2018-04-18 15:30:00,0.746268656716418,0.746268656716418,0.7398047349777952,0.746268656716418,0.746268656716418,0.746268656716418
2018-04-18 16:30:00,0.7428812022034005,0.7170371179132381,0.589369341374187,0.47894903816079243,0.746268656716418,0.6853419657579762
2018-04-18 17:30:00,0.48735532404014936,0.4098575824116526,0.25705336411121865,0.4608134492548252,0.5372651270374297,0.28327142558213436
2018-04-18 18:30:00,0.011403732270576743,-0.0,0.01776098446628687,0.010374784519128157,0.014990578887980954,0.029085280070225886
2018-04-18 19:30:00,0.0,0.0,0.0,0.0,0.0,0.0
2018-04-18 20:30:00,0.0,0.0,0.0,0.0,0.0,0.0
2018-04-18 21:30:00,0.0,0.0,0.0,0.0,0.0,0.0
2018-04-18 22:30:00,0.0,0.0,0.0,0.0,0.0,0.0
2018-04-18 23:30:00,0.0,0.0,0.0,0.0,0.0,0.0
2018-04-19 00:30:00,0.0,0.0,0.0,0.0,0.0,0.0
2018-04-19 01:30:00,0.0,0.0,0.0,0.0,0.0,0.0
2018-04-19 02:30:00,0.0,0.0,0.0,0.0,0.0,0.0
2018-04-19 03:30:00,0.0,0.0,0.0,0.0,0.0,0.0
2018-04-19 04:30:00,0.0,0.0,0.0,0.0,0.0,0.0
2018-04-19 05:30:00,0.004764398500515837,0.06607393386448396,-0.0,0.021155817512245427,0.01246032143998677,-0.0
2018-04-19 06:30:00,0.35426446756567215,0.5503590169374413,0.15859409172411212,0.2594201347046938,0.5082280335661601,0.04333557980090157
2018-04-19 07:30:00,0.4806241351304136,0.746268656716418,0.7224676634911144,0.5176995490090797,0.746268656716418,0.19414584098478613
2018-04-19 08:30:00,0.5792107249950241,0.5683450702200554,0.746268656716418,0.641890908588177,0.746268656716418,0.746268656716418
2018-04-19 09:30:00,0.5837104209074954,0.746268656716418,0.746268656716418,0.519655758873884,0.746268656716418,0.746268656716418
2018-04-19 10:30:00,0.40077184117996223,0.746268656716418,0.746268656716418,0.5900909258450251,0.746268656716418,0.7301274046951631
2018-04-19 11:30:00,0.6477279483887538,0.746268656716418,0.6976418575525534,0.6763142976397042,0.7079762665003455,0.746268656716418
2018-04-19 12:30:00,0.746268656716418,0.6423334913878745,0.641294669683331,0.746268656716418,0.6640939538518958,0.658471137415199
2018-04-19 13:30:00,0.7458395695089307,0.5534553190168751,0.7061601064476487,0.693787041639249,0.746268656716418,0.3057763371623621
2018-04-19 14:30:00,0.484346367188816,0.32251312195458753,0.3019698225848264,0.45124781682432835,0.746268656716418,0.2780574301161589
2018-04-19 15:30:00,0.24657930896301908,0.6943455646974431,0.17849767957452348,0.4381691691672907,0.3838059535139732,0.15342498613915692
2018-04-19 16:30:00,0.24786500220222818,0.4338328579870864,0.16601225442718015,0.25145586220443245,0.15800822991348093,0.08304143108347879
2018-04-19 17:30:00,0.12132564005980823,0.09079541280620763,0.0030247774235639996,0.02033906911463732,0.0015948960085230479,0.02207585914656243
2018-04-19 18:30:00,0.0026950716052600195,-0.0,0.0037422513252851368,0.001966361337355923,0.0020644818447718627,0.007796697342242743
2018-04-19 19:30:00,0.0,0.0,0.0,0.0,0.0,0.0
2018-04-19 20:30:00,0.0,0.0,0.0,0.0,0.0,0.0
2018-04-19 21:30:00,0.0,0.0,0.0,0.0,0.0,0.0
2018-04-19 22:30:00,0.0,0.0,0.0,0.0,0.0,0.0
2018-04-19 23:30:00,0.0,0.0,0.0,0.0,0.0,0.0
2018-04-20 00:30:00,0.0,0.0,0.0,0.0,0.0,0.0
2018-04-20 01:30:00,0.0,0.0,0.0,0.0,0.0,0.0
2018-04-20 02:30:00,0.0,0.0,0.0,0.0,0.0,0.0
2018-04-20 03:30:00,0.0,0.0,0.0,0.0,0.0,0.0
2018-04-20 04:30:00,0.0,0.0,0.0,0.0,0.0,0.0
2018-04-20 05:30:00,0.01488521212330148,0.0025241699106766623,0.00047565548442163053,0.00927804784440448,-0.0,-0.0
2018-04-20 06:30:00,0.44375451697808327,0.061270805031401185,0.020622706145310667,0.07192075349409542,0.445386154063003,0.06845165115795551
2018-04-20 07:30:00,0.6780154712665576,0.006571750187413675,0.036535670467957686,0.40287747658762024,0.0016852614892018673,0.4426919137040801
2018-04-20 08:30:00,0.746268656716418,0.015229411335763618,0.050004547817455704,0.746268656716418,0.013220846603179116,0.12678992619439317
2018-04-20 09:30:00,0.5912165589133882,0.021885773473497874,0.2617579277362734,0.5464393650110205,0.01989057291885911,0.3014014334915535
2018-04-20 10:30:00,0.746268656716418,0.026554369385192827,0.21989994538876212,0.746268656716418,0.746268656716418,0.35141630018614145
2018-04-20 11:30:00,0.5205512548185585,0.02965975105179835,0.17291075281832727,0.562501410739172,0.1485933810387808,0.43097908853639233
2018-04-20 12:30:00,0.37725079766411407,0.17271861351820356,0.19337766531316775,0.746268656716418,0.16657191685843484,0.49186803991766204
2018-04-20 13:30:00,0.1188886250582584,0.08315463741972721,0.10914787142062275,0.5416672707157764,0.6443472534871789,0.4740851979638422
2018-04-20 14:30:00,0.12967223234570469,0.14790032352042193,0.42942196189106463,0.525621339698901,0.5949469931565114,0.746268656716418
2018-04-20 15:30:00,0.005128119760384252,0.025490333037135566,0.5291900498447931,0.040727490981375306,0.33356214488993,0.43508458895356655
2018-04-20 16:30:00,0.06543805757714875,0.02155732818855312,0.24310612617563082,0.004005691281051882,0.3314977984225561,0.39687208680768954
2018-04-20 17:30:00,0.04108643296002771,0.017147403721788804,0.059515704199754146,0.019325990220233215,0.10294766388022926,0.06872252743726205
2018-04-20 18:30:00,0.0017456864406527317,-0.0,0.002657827633526611,0.0005655963322940747,0.0016733605807124669,0.004642059537479537
2018-04-20 19:30:00,0.0,0.0,0.0,0.0,0.0,0.0
2018-04-20 20:30:00,0.0,0.0,0.0,0.0,0.0,0.0
2018-04-20 21:30:00,0.0,0.0,0.0,0.0,0.0,0.0
2018-04-20 22:30:00,0.0,0.0,0.0,0.0,0.0,0.0
2018-04-20 23:30:00,0.0,0.0,0.0,0.0,0.0,0.0
2018-04-21 00:30:00,0.0,0.0,0.0,0.0,0.0,0.0
2018-04-21 01:30:00,0.0,0.0,0.0,0.0,0.0,0.0
2018-04-21 02:30:00,0.0,0.0,0.0,0.0,0.0,0.0
2018-04-21 03:30:00,0.0,0.0,0.0,0.0,0.0,0.0
2018-04-21 04:30:00,0.0,0.0,0.0,0.0,0.0,0.0
2018-04-21 05:30:00,0.0005537176910245351,-0.0,-0.0,0.002597228919469095,0.0005364710234327592,-0.0
2018-04-21 06:30:00,0.036457614164086334,-0.0,0.03048675696481936,0.04059194822822834,0.11476034400793905,0.028222166925246647
2018-04-21 07:30:00,0.07955928819038446,0.00792291789294499,0.1019306978466278,0.023353195228937737,0.4497713645256545,0.10994881319988846
2018-04-21 08:30:00,0.17368425347533492,0.014579678653821884,0.07458832704666422,0.17801053597088742,0.5597742605096678,0.15936439324713667
2018-04-21 09:30:00,0.14897544307002064,0.011035900088700317,0.06437809456436545,0.23384174443492842,0.5660776849414637,0.18703626381287733
2018-04-21 10:30:00,0.2811387481458446,0.17793677387623516,0.11905617717764691,0.3508498254858988,0.6465369705214639,0.28669056736112036
2018-04-21 11:30:00,0.2864546729844122,0.16720737196754717,0.34867465130940184,0.49338357907208086,0.6744009227111726,0.6199684204435207
2018-04-21 12:30:00,0.17931869492146757,0.3092965053751366,0.2816516274748111,0.2803099991146284,0.7099168142928657,0.38378210221611675
2018-04-21 13:30:00,0.10710781248733747,0.3225310966079294,0.1685953587719196,0.3685834202583489,0.6139759814910507,0.28069643050355986
2018-04-21 14:30:00,0.14888826277531855,0.4198035190863329,0.1835384384186161,0.28073183590131934,0.18722826948173582,0.6552461253368964
2018-04-21 15:30:00,0.0739426521889604,0.49051585619997967,0.10061366230665639,0.08875499138015411,0.2513158097344567,0.746268656716418
2018-04-21 16:30:00,0.027438298200497337,0.6955258434875271,0.13796340800203546,0.022746859636582052,0.4531829573339811,0.746268656716418
2018-04-21 17:30:00,0.03817606090495465,0.4098429195507332,0.05740781861861269,0.027060970774023717,0.05963443667007631,0.6269523608348032
2018-04-21 18:30:00,-0.0,-0.0,0.07439465929912802,-0.0,0.018054782144779916,0.11358303030853323
2018-04-21 19:30:00,0.0,0.0,0.0,0.0,0.0,0.0
2018-04-21 20:30:00,0.0,0.0,0.0,0.0,0.0,0.0
2018-04-21 21:30:00,0.0,0.0,0.0,0.0,0.0,0.0
2018-04-21 22:30:00,0.0,0.0,0.0,0.0,0.0,0.0
2018-04-21 23:30:00,0.0,0.0,0.0,0.0,0.0,0.0
2018-04-22 00:30:00,0.0,0.0,0.0,0.0,0.0,0.0
2018-04-22 01:30:00,0.0,0.0,0.0,0.0,0.0,0.0
2018-04-22 02:30:00,0.0,0.0,0.0,0.0,0.0,0.0
2018-04-22 03:30:00,0.0,0.0,0.0,0.0,0.0,0.0
2018-04-22 04:30:00,0.0,0.0,0.0,0.0,0.0,0.0
2018-04-22 05:30:00,0.05840544505120424,0.09604022409927641,0.020938709949673253,0.06677382672469419,0.028913784079165897,-0.0
2018-04-22 06:30:00,0.5327880479101524,0.04685193159170844,0.5110445889207941,0.5407015179405498,0.5647428427443286,0.46872563231707265
2018-04-22 07:30:00,0.7369427517731617,0.12012928359438148,0.7234654920522732,0.7338864622918561,0.746268656716418,0.7432926217229464
2018-04-22 08:30:00,0.746268656716418,0.37116313022318037,0.746268656716418,0.746268656716418,0.746268656716418,0.746268656716418
2018-04-22 09:30:00,0.746268656716418,0.746268656716418,0.746268656716418,0.746268656716418,0.746268656716418,0.746268656716418
2018-04-22 10:30:00,0.746268656716418,0.746268656716418,0.746268656716418,0.746268656716418,0.746268656716418,0.746268656716418
2018-04-22 11:30:00,0.746268656716418,0.630131811686319,0.746268656716418,0.746268656716418,0.746268656716418,0.746268656716418
2018-04-22 12:30:00,0.746268656716418,0.746268656716418,0.7430409698381334,0.746268656716418,0.6600885139236542,0.7211488003250944
2018-04-22 13:30:00,0.746268656716418,0.746268656716418,0.746268656716418,0.746268656716418,0.22979109574965495,0.6734525115198631
2018-04-22 14:30:00,0.746268656716418,0.5037893163853331,0.746268656716418,0.746268656716418,0.2323303110082613,0.6437291383545952
2018-04-22 15:30:00,0.746268656716418,0.746268656716418,0.658954886668108,0.746268656716418,0.23132470680870998,0.6940778146249055
2018-04-22 16:30:00,0.701352475354305,0.6966821543749948,0.6945112596683575,0.7065059911398588,0.7368520970985486,0.5079153919810574
2018-04-22 17:30:00,0.4805964084443843,0.41957315185372523,0.5325825584600838,0.48215609968329665,0.19737539423051498,0.19820052658722714
2018-04-22 18:30:00,0.019820148068540586,-0.0,0.00976834778904607,0.02179734419784195,0.0032852974247056226,0.058202449718350834
2018-04-22 19:30:00,0.0,0.0,0.0,0.0,0.0,0.0
2018-04-22 20:30:00,0.0,0.0,0.0,0.0,0.0,0.0
2018-04-22 21:30:00,0.0,0.0,0.0,0.0,0.0,0.0
2018-04-22 22:30:00,0.0,0.0,0.0,0.0,0.0,0.0
2018-04-22 23:30:00,0.0,0.0,0.0,0.0,0.0,0.0
2018-04-23 00:30:00,0.0,0.0,0.0,0.0,0.0,0.0
2018-04-23 01:30:00,0.0,0.0,0.0,0.0,0.0,0.0
2018-04-23 02:30:00,0.0,0.0,0.0,0.0,0.0,0.0
2018-04-23 03:30:00,0.0,0.0,0.0,0.0,0.0,0.0
2018-04-23 04:30:00,0.0,0.0,0.0,0.0,0.0,0.0
2018-04-23 05:30:00,0.0609542200248136,0.1026263061978476,0.019795645404078428,0.06712105230251231,0.004079167960038698,-0.0
2018-04-23 06:30:00,0.5205198061344781,0.570618615128551,0.47826175637711166,0.5061543570328703,0.37815787009218826,0.4583330684925192
2018-04-23 07:30:00,0.704306891870259,0.7285393290939823,0.6960605248320242,0.6842607637611476,0.746268656716418,0.746268656716418
2018-04-23 08:30:00,0.5729908216918504,0.746268656716418,0.746268656716418,0.26857520439520105,0.746268656716418,0.746268656716418
2018-04-23 09:30:00,0.4783277845591279,0.746268656716418,0.746268656716418,0.4951770860711305,0.6324962031871582,0.746268656716418
2018-04-23 10:30:00,0.5574449110506413,0.746268656716418,0.746268656716418,0.5823770925482468,0.6427553279326791,0.5584114379880792
2018-04-23 11:30:00,0.7330345802999337,0.746268656716418,0.6006238342424716,0.7253244465749227,0.5241872372311817,0.746268656716418
2018-04-23 12:30:00,0.7282512811442888,0.746268656716418,0.4872361730492625,0.7235167101416002,0.5502081755070011,0.746268656716418
2018-04-23 13:30:00,0.5420210174895255,0.5633163381961969,0.4930193670346862,0.5377984378244192,0.6880476117674937,0.746268656716418
2018-04-23 14:30:00,0.7425256023219226,0.746268656716418,0.37117582828660717,0.733694982577538,0.4610911469297456,0.746268656716418
2018-04-23 15:30:00,0.7318845195560101,0.746268656716418,0.746268656716418,0.24360023782019652,0.746268656716418,0.6620178783740629
2018-04-23 16:30:00,0.6130392756982611,0.6627331377870465,0.17131885218663306,0.6368621556977806,0.7006264922316299,0.3908209089295075
2018-04-23 17:30:00,0.15177146803155636,0.11456125049088782,0.17877806312275363,0.10060517664819667,0.4969510210180945,0.15213408648392193
2018-04-23 18:30:00,0.0030549424594842316,-0.0,0.005928005262292525,0.00347339341141235,0.005617642730355052,0.03198982712480427
2018-04-23 19:30:00,0.0,0.0,0.0,0.0,0.0,0.0
2018-04-23 20:30:00,0.0,0.0,0.0,0.0,0.0,0.0
2018-04-23 21:30:00,0.0,0.0,0.0,0.0,0.0,0.0
2018-04-23 22:30:00,0.0,0.0,0.0,0.0,0.0,0.0
2018-04-23 23:30:00,0.0,0.0,0.0,0.0,0.0,0.0
2018-04-24 00:30:00,0.0,0.0,0.0,0.0,0.0,0.0
2018-04-24 01:30:00,0.0,0.0,0.0,0.0,0.0,0.0
2018-04-24 02:30:00,0.0,0.0,0.0,0.0,0.0,0.0
2018-04-24 03:30:00,0.0,0.0,0.0,0.0,0.0,0.0
2018-04-24 04:30:00,0.0,0.0,0.0,0.0,0.0,0.0
2018-04-24 05:30:00,0.0010898747393189201,0.0012769050866714702,0.01995272659970903,0.003113883888292381,0.055284255659140275,-0.0
2018-04-24 06:30:00,0.4959242198264252,0.0043138357588461814,0.49462133049704965,0.011320120909407407,0.5414152244639887,0.07569898686923139
2018-04-24 07:30:00,0.010516431692460559,0.007968010217692093,0.3687669731594725,0.14103237018406517,0.0684240116320663,0.38211368787950845
2018-04-24 08:30:00,0.04172109605149079,0.0281308412713302,0.27750704393439657,0.09241576946282302,0.2440551355281554,0.746268656716418
2018-04-24 09:30:00,0.046561498838548286,0.08105824233143812,0.44250249907824946,0.22880889296438628,0.29171202934778045,0.746268656716418
2018-04-24 10:30:00,0.07741175328472875,0.14716921700616867,0.4779748354276204,0.41637308531973294,0.3433431843110321,0.746268656716418
2018-04-24 11:30:00,0.22627502664136098,0.22499767473793494,0.17427990892863585,0.4286498106444255,0.21555970060244883,0.688125570800688
2018-04-24 12:30:00,0.09795446552471605,0.21143854498621623,0.07122565761138537,0.5086850998208161,0.12148506992153245,0.7458834401863179
2018-04-24 13:30:00,0.20502624582433407,0.22773452901159003,0.10469121264654839,0.20168884607139614,0.20081994529726943,0.746268656716418
2018-04-24 14:30:00,0.09034787987582263,0.11204243583811008,0.030539824089236594,0.14610219279431633,0.05282999413229431,0.746268656716418
2018-04-24 15:30:00,0.09006458498192928,0.11514759888517889,0.2343120590788071,0.13158716300383985,0.03560475159817283,0.746268656716418
2018-04-24 16:30:00,0.06816902641475976,0.039635380833249176,0.12219548783403529,0.08870776415034716,0.011752852447741689,0.746268656716418
2018-04-24 17:30:00,0.0438743824054952,0.017615302662518345,0.0024347113906539116,0.09359050725755606,0.0367310697070546,0.6803689615040339
2018-04-24 18:30:00,-0.0,-0.0,0.01199122395732712,0.005619852584892079,-0.0,0.14431823177950365
2018-04-24 19:30:00,0.0,0.0,0.0,0.0,0.0,0.0
2018-04-24 20:30:00,0.0,0.0,0.0,0.0,0.0,0.0
2018-04-24 21:30:00,0.0,0.0,0.0,0.0,0.0,0.0
2018-04-24 22:30:00,0.0,0.0,0.0,0.0,0.0,0.0
2018-04-24 23:30:00,0.0,0.0,0.0,0.0,0.0,0.0
2018-04-25 00:30:00,0.0,0.0,0.0,0.0,0.0,0.0
2018-04-25 01:30:00,0.0,0.0,0.0,0.0,0.0,0.0
2018-04-25 02:30:00,0.0,0.0,0.0,0.0,0.0,0.0
2018-04-25 03:30:00,0.0,0.0,0.0,0.0,0.0,0.0
2018-04-25 04:30:00,0.0,0.0,0.0,0.0,0.0,0.0
2018-04-25 05:30:00,0.07578306037784889,0.1272593225870971,0.0325613879556107,0.08267656011232974,0.07042359084201921,0.013745900599223121
2018-04-25 06:30:00,0.5697788680578973,0.6145228575398203,0.5572303921045798,0.5843273574122415,0.6096405411623164,0.5445949470280805
2018-04-25 07:30:00,0.7421491224225643,0.746268656716418,0.746268656716418,0.746268656716418,0.746268656716418,0.746268656716418
2018-04-25 08:30:00,0.746268656716418,0.746268656716418,0.746268656716418,0.746268656716418,0.746268656716418,0.746268656716418
2018-04-25 09:30:00,0.746268656716418,0.746268656716418,0.746268656716418,0.746268656716418,0.746268656716418,0.746268656716418
2018-04-25 10:30:00,0.746268656716418,0.746268656716418,0.746268656716418,0.746268656716418,0.746268656716418,0.746268656716418
2018-04-25 11:30:00,0.746268656716418,0.746268656716418,0.746268656716418,0.746268656716418,0.746268656716418,0.746268656716418
2018-04-25 12:30:00,0.746268656716418,0.746268656716418,0.746268656716418,0.746268656716418,0.746268656716418,0.746268656716418
2018-04-25 13:30:00,0.746268656716418,0.746268656716418,0.746268656716418,0.746268656716418,0.746268656716418,0.746268656716418
2018-04-25 14:30:00,0.746268656716418,0.746268656716418,0.746268656716418,0.746268656716418,0.746268656716418,0.746268656716418
2018-04-25 15:30:00,0.746268656716418,0.746268656716418,0.746268656716418,0.746268656716418,0.746268656716418,0.746268656716418
2018-04-25 16:30:00,0.7085956943944797,0.6866721416415676,0.7460432491837709,0.7132629956790695,0.746268656716418,0.746268656716418
2018-04-25 17:30:00,0.512647382307642,0.4473621321621598,0.6188649340044715,0.5081754458584633,0.5728347455567289,0.6703202404975175
2018-04-25 18:30:00,0.05515375576130379,0.007150846045318872,0.02275031208700471,0.014701593112912033,0.059613973530176244,0.14674372799910537
2018-04-25 19:30:00,0.0,0.0,0.0,0.0,0.0,0.0
2018-04-25 20:30:00,0.0,0.0,0.0,0.0,0.0,0.0
2018-04-25 21:30:00,0.0,0.0,0.0,0.0,0.0,0.0
2018-04-25 22:30:00,0.0,0.0,0.0,0.0,0.0,0.0
2018-04-25 23:30:00,0.0,0.0,0.0,0.0,0.0,0.0
2018-04-26 00:30:00,0.0,0.0,0.0,0.0,0.0,0.0
2018-04-26 01:30:00,0.0,0.0,0.0,0.0,0.0,0.0
2018-04-26 02:30:00,0.0,0.0,0.0,0.0,0.0,0.0
2018-04-26 03:30:00,0.0,0.0,0.0,0.0,0.0,0.0
2018-04-26 04:30:00,0.0,0.0,0.0,0.0,0.0,0.0
2018-04-26 05:30:00,0.005847507178342671,0.004157280188932959,0.055183813538986486,0.08623009522906593,0.0761623058997642,0.012215581618001146
2018-04-26 06:30:00,0.0010893214270669507,0.5898914031309384,0.5186074961825928,0.10919981505130118,0.5932380161169517,0.5058732569842924
2018-04-26 07:30:00,0.04169136310933591,0.746268656716418,0.7227260052569724,0.35052761553515527,0.746268656716418,0.746268656716418
2018-04-26 08:30:00,0.09381771959450586,0.746268656716418,0.5397687268001152,0.746268656716418,0.746268656716418,0.746268656716418
2018-04-26 09:30:00,0.1877638976205726,0.746268656716418,0.746268656716418,0.17448340786553948,0.746268656716418,0.746268656716418
2018-04-26 10:30:00,0.13472422068737513,0.746268656716418,0.746268656716418,0.5669383444993668,0.658598634157033,0.746268656716418
2018-04-26 11:30:00,0.5781715296775003,0.746268656716418,0.746268656716418,0.6114737538375099,0.746268656716418,0.746268656716418
2018-04-26 12:30:00,0.6588153370089581,0.2920903898902143,0.746268656716418,0.746268656716418,0.746268656716418,0.746268656716418
2018-04-26 13:30:00,0.746268656716418,0.6585599854845801,0.746268656716418,0.3934993946937432,0.746268656716418,0.746268656716418
2018-04-26 14:30:00,0.746268656716418,0.746268656716418,0.746268656716418,0.746268656716418,0.5175222958132748,0.746268656716418
2018-04-26 15:30:00,0.746268656716418,0.5738591173256936,0.746268656716418,0.746268656716418,0.746268656716418,0.746268656716418
2018-04-26 16:30:00,0.6861606255000756,0.6890686621286115,0.7331920583535373,0.6622174451083979,0.746268656716418,0.746268656716418
2018-04-26 17:30:00,0.4524487333705671,0.40137910521458314,0.5894090780680312,0.4530768557704495,0.5495910586602378,0.6443726933813839
2018-04-26 18:30:00,0.04456858104971832,0.004617824120307554,0.10556618914372178,0.048532935690459966,0.05622589966227805,0.1557122170768491
2018-04-26 19:30:00,0.0,0.0,0.0,0.0,0.0,0.0
2018-04-26 20:30:00,0.0,0.0,0.0,0.0,0.0,0.0
2018-04-26 21:30:00,0.0,0.0,0.0,0.0,0.0,0.0
2018-04-26 22:30:00,0.0,0.0,0.0,0.0,0.0,0.0
2018-04-26 23:30:00,0.0,0.0,0.0,0.0,0.0,0.0
2018-04-27 00:30:00,0.0,0.0,0.0,0.0,0.0,0.0
2018-04-27 01:30:00,0.0,0.0,0.0,0.0,0.0,0.0
2018-04-27 02:30:00,0.0,0.0,0.0,0.0,0.0,0.0
2018-04-27 03:30:00,0.0,0.0,0.0,0.0,0.0,0.0
2018-04-27 04:30:00,0.0,0.0,0.0,0.0,0.0,0.0
2018-04-27 05:30:00,0.0854106862255573,0.13438612536083716,0.06867969397351514,0.10128000178595477,0.08183142119474711,0.016905353523121395
2018-04-27 06:30:00,0.5634987797385009,0.6016455358099695,0.554050235021,0.5722610675765999,0.605551399863411,0.524596218215627
2018-04-27 07:30:00,0.7173831057372431,0.746268656716418,0.7303550970660287,0.7180957569689306,0.746268656716418,0.6083173893723064
2018-04-27 08:30:00,0.746268656716418,0.746268656716418,0.746268656716418,0.746268656716418,0.746268656716418,0.6476803923620161
2018-04-27 09:30:00,0.746268656716418,0.746268656716418,0.746268656716418,0.746268656716418,0.746268656716418,0.746268656716418
2018-04-27 10:30:00,0.746268656716418,0.746268656716418,0.746268656716418,0.746268656716418,0.746268656716418,0.7414117611193143
2018-04-27 11:30:00,0.746268656716418,0.746268656716418,0.746268656716418,0.7402228887579335,0.746268656716418,0.746268656716418
2018-04-27 12:30:00,0.746268656716418,0.746268656716418,0.746268656716418,0.7434333598098831,0.746268656716418,0.746268656716418
2018-04-27 13:30:00,0.746268656716418,0.746268656716418,0.7291583233018537,0.746268656716418,0.746268656716418,0.746268656716418
2018-04-27 14:30:00,0.746268656716418,0.746268656716418,0.7277876735781136,0.746268656716418,0.5904728202515107,0.746268656716418
2018-04-27 15:30:00,0.746268656716418,0.746268656716418,0.746268656716418,0.746268656716418,0.746268656716418,0.7150797415760205
2018-04-27 16:30:00,0.7074613161453025,0.6763305891472837,0.724837728501896,0.703404123042662,0.5215008799527439,0.746268656716418
2018-04-27 17:30:00,0.5108191208001606,0.44315200435959345,0.5834617039626019,0.5154880383160608,0.21918366425792835,0.6278308533160117
2018-04-27 18:30:00,0.05835281462529706,0.009492897695112123,0.11013041279732029,0.060058529832832865,0.008073395505564698,0.15378324408363347
2018-04-27 19:30:00,0.0,0.0,0.0,0.0,0.0,0.0
2018-04-27 20:30:00,0.0,0.0,0.0,0.0,0.0,0.0
2018-04-27 21:30:00,0.0,0.0,0.0,0.0,0.0,0.0
2018-04-27 22:30:00,0.0,0.0,0.0,0.0,0.0,0.0
2018-04-27 23:30:00,0.0,0.0,0.0,0.0,0.0,0.0
2018-04-28 00:30:00,0.0,0.0,0.0,0.0,0.0,0.0
2018-04-28 01:30:00,0.0,0.0,0.0,0.0,0.0,0.0
2018-04-28 02:30:00,0.0,0.0,0.0,0.0,0.0,0.0
2018-04-28 03:30:00,0.0,0.0,0.0,0.0,0.0,0.0
2018-04-28 04:30:00,0.0,0.0,0.0,0.0,0.0,0.0
2018-04-28 05:30:00,0.09619336639771164,0.13992280608407262,0.07801950066200987,0.11141762358872104,0.08712984377836605,0.02304839750382001
2018-04-28 06:30:00,0.5565876777644865,0.5854712228560398,0.551328324325003,0.5763109832448595,0.5931958310327481,0.5229732919373591
2018-04-28 07:30:00,0.7152464578671143,0.7428764629396034,0.7202943707172592,0.735892237382381,0.7350830424179138,0.746268656716418
2018-04-28 08:30:00,0.746268656716418,0.746268656716418,0.746268656716418,0.746268656716418,0.746268656716418,0.746268656716418
2018-04-28 09:30:00,0.746268656716418,0.746268656716418,0.746268656716418,0.746268656716418,0.746268656716418,0.746268656716418
2018-04-28 10:30:00,0.746268656716418,0.746268656716418,0.746268656716418,0.746268656716418,0.34855274415937276,0.746268656716418
2018-04-28 11:30:00,0.7460573767612547,0.746268656716418,0.745512696022952,0.746268656716418,0.060612584275269096,0.746268656716418
2018-04-28 12:30:00,0.6525993033341054,0.746268656716418,0.7426069196740556,0.746268656716418,0.13321259479318295,0.7268489475055739
2018-04-28 13:30:00,0.2068168015479348,0.746268656716418,0.746268656716418,0.6685330068799356,0.2840120115846357,0.38814342673284963
2018-04-28 14:30:00,0.746268656716418,0.746268656716418,0.746268656716418,0.5843036243452925,0.5691419294935088,0.323663370099237
2018-04-28 15:30:00,0.45912189525191405,0.746268656716418,0.6669870839964671,0.746268656716418,0.035917590034691485,0.48130823805843886
2018-04-28 16:30:00,0.6619709589377821,0.6671271142598779,0.2808000959692709,0.6742347158687259,0.31722099055149355,0.38536354281058377
2018-04-28 17:30:00,0.344290024423292,0.2289127435084754,0.003484458562969436,0.27847969599104,0.06336346182902787,0.3764758875520399
2018-04-28 18:30:00,0.011077502803456929,0.0018614101816254048,0.02198007229295839,0.013434275922875683,0.007611497152046886,0.004516793077138948
2018-04-28 19:30:00,0.0,0.0,0.0,0.0,0.0,0.0
2018-04-28 20:30:00,0.0,0.0,0.0,0.0,0.0,0.0
2018-04-28 21:30:00,0.0,0.0,0.0,0.0,0.0,0.0
2018-04-28 22:30:00,0.0,0.0,0.0,0.0,0.0,0.0
2018-04-28 23:30:00,0.0,0.0,0.0,0.0,0.0,0.0
2018-04-29 00:30:00,0.0,0.0,0.0,0.0,0.0,0.0
2018-04-29 01:30:00,0.0,0.0,0.0,0.0,0.0,0.0
2018-04-29 02:30:00,0.0,0.0,0.0,0.0,0.0,0.0
2018-04-29 03:30:00,0.0,0.0,0.0,0.0,0.0,0.0
2018-04-29 04:30:00,0.0,0.0,0.0,0.0,0.0,0.0
2018-04-29 05:30:00,0.02739540140078842,0.1289389733805327,0.08014383673873025,0.02798528872620746,0.01800375288443513,0.027934304604220132
2018-04-29 06:30:00,-0.0,0.5276261508108855,0.5646438566827013,0.2948098313160328,0.37024582656692345,0.5594755672312633
2018-04-29 07:30:00,0.39084229105799895,0.33729890438707366,0.7460732894228562,0.6965102763953245,0.746268656716418,0.746268656716418
2018-04-29 08:30:00,0.746268656716418,0.746268656716418,0.746268656716418,0.746268656716418,0.746268656716418,0.6150678645591138
2018-04-29 09:30:00,0.746268656716418,0.5397680992995875,0.746268656716418,0.746268656716418,0.5175261198409993,0.5816123191185107
2018-04-29 10:30:00,0.6742477897541529,0.6183370190947853,0.746268656716418,0.746268656716418,0.6117871015855477,0.47409634453303046
2018-04-29 11:30:00,0.6834998026575416,0.7460504464112258,0.655357147452044,0.6431821660290962,0.746268656716418,0.746268656716418
2018-04-29 12:30:00,0.6814279052091239,0.746268656716418,0.6666892101913036,0.7424005323910834,0.6859781591618034,0.746268656716418
2018-04-29 13:30:00,0.5408794575309147,0.746268656716418,0.7102539491991636,0.43204642905824475,0.6361212099692382,0.3026245509839399
2018-04-29 14:30:00,0.3250611541061125,0.6406740925234302,0.3549572991824543,0.3624311488207903,0.2778773708649234,0.28010360962003217
2018-04-29 15:30:00,0.4067301999164064,0.5796682975144448,0.4586376497325976,0.2588131370821975,0.5789650491019619,0.1597062992911255
2018-04-29 16:30:00,0.23502577249577583,0.5540892458432335,0.29300076155548854,0.2279567647526732,0.6899797395733025,0.07237192888996928
2018-04-29 17:30:00,0.18413506132410168,0.21512083053528352,0.09267024647917027,0.10407061814773487,0.37370134784080017,0.0334547037372975
2018-04-29 18:30:00,0.02407851196877688,0.002799140082478666,0.011070029162598317,0.012808562314067984,0.007273641014987866,0.02006178560927441
2018-04-29 19:30:00,0.0,0.0,0.0,0.0,0.0,0.0
2018-04-29 20:30:00,0.0,0.0,0.0,0.0,0.0,0.0
2018-04-29 21:30:00,0.0,0.0,0.0,0.0,0.0,0.0
2018-04-29 22:30:00,0.0,0.0,0.0,0.0,0.0,0.0
2018-04-29 23:30:00,0.0,0.0,0.0,0.0,0.0,0.0
2018-04-30 00:30:00,0.0,0.0,0.0,0.0,0.0,0.0
2018-04-30 01:30:00,0.0,0.0,0.0,0.0,0.0,0.0
2018-04-30 02:30:00,0.0,0.0,0.0,0.0,0.0,0.0
2018-04-30 03:30:00,0.0,0.0,0.0,0.0,0.0,0.0
2018-04-30 04:30:00,0.0,0.0,0.0,0.0,0.0,0.0
2018-04-30 05:30:00,0.027365746079407068,0.02332858339095767,0.08866375388248605,0.04690473571704314,0.028750999361178576,0.0011332231029679914
2018-04-30 06:30:00,0.3379835147641081,0.02433866752183832,0.5688976830280688,0.2746143150700573,0.38900732076847294,0.14997148972431507
2018-04-30 07:30:00,0.7052640275156077,0.2843173630689379,0.739082236324195,0.7139547841958728,0.746268656716418,0.746268656716418
2018-04-30 08:30:00,0.746268656716418,0.2913956610126089,0.746268656716418,0.746268656716418,0.5680507320314225,0.5767334518852333
2018-04-30 09:30:00,0.746268656716418,0.5330305478651213,0.746268656716418,0.746268656716418,0.746268656716418,0.6496894174896345
2018-04-30 10:30:00,0.746268656716418,0.43334798554077514,0.7263026413665653,0.746268656716418,0.746268656716418,0.30395088860934244
2018-04-30 11:30:00,0.7216489960427761,0.5171630174295438,0.746268656716418,0.7300140236803122,0.746268656716418,0.36953781351332127
2018-04-30 12:30:00,0.746268656716418,0.5198876569859973,0.746268656716418,0.7310441761570278,0.746268656716418,0.30937351470011215
2018-04-30 13:30:00,0.746268656716418,0.5710612350095878,0.746268656716418,0.7455123574037936,0.746268656716418,0.3235569942708765
2018-04-30 14:30:00,0.5369182939737953,0.6702784214232176,0.6959527734025498,0.7452142379973125,0.23868769966726205,0.24618132983400157
2018-04-30 15:30:00,0.4825204427592781,0.746268656716418,0.41236687850339887,0.3354624019350939,0.6318985384801051,0.2063152766682576
2018-04-30 16:30:00,0.010600199132088893,0.6789224298750849,0.5321601816786644,0.0401445084799064,0.746268656716418,0.6272719393136731
2018-04-30 17:30:00,0.07161176721961486,0.4344365279978042,0.2626764264703326,0.05226158239429699,0.3741165538280959,0.39582191292170915
2018-04-30 18:30:00,0.021226780864249027,0.012616420067440116,0.024534025704711873,0.006423213293569058,0.015351625573582243,0.0389459868299182
2018-04-30 19:30:00,0.0,0.0,0.0,0.0,0.0,0.0
2018-04-30 20:30:00,0.0,0.0,0.0,0.0,0.0,0.0
2018-04-30 21:30:00,0.0,0.0,0.0,0.0,0.0,0.0
2018-04-30 22:30:00,0.0,0.0,0.0,0.0,0.0,0.0
2018-04-30 23:30:00,0.0,0.0,0.0,0.0,0.0,0.0
2018-05-01 00:30:00,0.0,0.0,0.0,0.0,0.0,0.0
2018-05-01 01:30:00,0.0,0.0,0.0,0.0,0.0,0.0
2018-05-01 02:30:00,0.0,0.0,0.0,0.0,0.0,0.0
2018-05-01 03:30:00,0.0,0.0,0.0,0.0,0.0,0.0
2018-05-01 04:30:00,0.0,0.0,0.0,0.0,0.0,0.0
2018-05-01 05:30:00,0.0018244858793759963,0.02766881623388793,0.004972295703392041,0.006524476159216903,0.03168535588562805,0.0036574381853712993
2018-05-01 06:30:00,0.001031473447380332,0.05684374248653217,0.04161445472258947,0.006546727835376888,0.30181344124779236,0.08419352113649722
2018-05-01 07:30:00,0.05484208756031389,0.061282604639974536,0.380642748522198,0.179591998157601,0.4546457588748097,0.38106587790381163
2018-05-01 08:30:00,0.746268656716418,0.10615684223154973,0.38898280307676214,0.079725896038228,0.4944726659310558,0.5304344191284848
2018-05-01 09:30:00,0.746268656716418,0.19731627121468173,0.6928758196123295,0.3720719175397785,0.5870145268329273,0.3505890693046513
2018-05-01 10:30:00,0.746268656716418,0.5755011352515935,0.5648823479047371,0.5497359389145527,0.746268656716418,0.7229562082701553
2018-05-01 11:30:00,0.746268656716418,0.746268656716418,0.295595252460182,0.5148789860494069,0.746268656716418,0.7253935284585605
2018-05-01 12:30:00,0.746268656716418,0.746268656716418,0.5888983424551412,0.6095771391582897,0.746268656716418,0.746268656716418
2018-05-01 13:30:00,0.18738995700209665,0.746268656716418,0.0989025830035841,0.21752663474402434,0.746268656716418,0.5676842231312293
2018-05-01 14:30:00,0.29671941357591286,0.746268656716418,0.6140983150863697,0.746268656716418,0.5037128501114816,0.4051441964675438
2018-05-01 15:30:00,0.554902616018973,0.7291431062546525,0.39076015290340044,0.5053860332070164,0.746268656716418,0.3279070608802823
2018-05-01 16:30:00,0.5479725610261122,0.2895190251025732,0.39120113631839676,0.4624104679802122,0.746268656716418,0.31189686270477757
2018-05-01 17:30:00,0.32912543892291446,0.4213247362830023,0.567728319469492,0.20345327097744806,0.5988659873853185,0.2802947500734812
2018-05-01 18:30:00,0.026398350102550018,0.012569777576396978,0.13386008413921946,0.048068583874169325,0.08766676208119496,0.03201768766660323
2018-05-01 19:30:00,0.0,0.0,0.0,0.0,0.0,0.0
2018-05-01 20:30:00,0.0,0.0,0.0,0.0,0.0,0.0
2018-05-01 21:30:00,0.0,0.0,0.0,0.0,0.0,0.0
2018-05-01 22:30:00,0.0,0.0,0.0,0.0,0.0,0.0
2018-05-01 23:30:00,0.0,0.0,0.0,0.0,0.0,0.0
2018-05-02 00:30:00,0.0,0.0,0.0,0.0,0.0,0.0
2018-05-02 01:30:00,0.0,0.0,0.0,0.0,0.0,0.0
2018-05-02 02:30:00,0.0,0.0,0.0,0.0,0.0,0.0
2018-05-02 03:30:00,0.0,0.0,0.0,0.0,0.0,0.0
2018-05-02 04:30:00,0.0,0.0,0.0,0.0,0.0,0.0
2018-05-02 05:30:00,0.0030233969578737172,0.006178790657227534,0.0043649459506412995,0.008358142308623811,0.007432917912499751,0.0021522887938732363
2018-05-02 06:30:00,0.026939659779140115,0.0152741696978213,0.007477114071838499,0.014683882673102272,0.10706385469417033,0.06424837296878286
2018-05-02 07:30:00,0.050632493124574886,0.03188544826432321,0.5401801112874726,0.002158700740490695,0.35590470831533194,0.1025415417076778
2018-05-02 08:30:00,0.004418120409588903,0.26179454739384433,0.42013201507684134,0.021028487865838795,0.2050809149774491,0.13945757821817864
2018-05-02 09:30:00,0.1374482079036148,0.3265552870345895,0.42587562422518327,0.11091271671388866,0.3876553236911718,0.18123533308158657
2018-05-02 10:30:00,0.2527504499017377,0.27355512474042076,0.33489723726315107,0.017878962034340428,0.2450747725869801,0.4043051637129978
2018-05-02 11:30:00,0.140423079381409,0.2519141463212142,0.4397994753748618,0.11928171046750154,0.19196271265830409,0.6150816981183301
2018-05-02 12:30:00,0.4690806902237336,0.2502660613439339,0.4003186045562717,0.15073538338757614,0.1116992143189703,0.4935364037236242
2018-05-02 13:30:00,0.1297917215139968,0.3012500901210672,0.32529428076801625,0.1460278418653637,0.13101855352201122,0.4588153267168622
2018-05-02 14:30:00,0.13615335867712186,0.746268656716418,0.24133946990136737,0.15148221945478607,0.43434853163743015,0.29479195329774227
2018-05-02 15:30:00,0.007268315856861716,0.7443199873754012,0.0674382246927337,0.07117906861176787,0.28231056121230597,0.1700025632767871
2018-05-02 16:30:00,0.0009079333286765955,0.21071971706576542,0.39283915007714015,0.0021169873833876457,0.3201508707750336,0.09222180407185461
2018-05-02 17:30:00,0.036489750386282,0.04428030654085722,0.02970664067960171,0.020940886854401295,0.007838162034317113,0.037848326219978454
2018-05-02 18:30:00,0.002474212652809319,0.009296523027183597,0.008354037966718766,0.007104628407568728,0.01025482085439722,0.0017674389110309387
2018-05-02 19:30:00,0.0,0.0,0.0,0.0,0.0,0.0
2018-05-02 20:30:00,0.0,0.0,0.0,0.0,0.0,0.0
2018-05-02 21:30:00,0.0,0.0,0.0,0.0,0.0,0.0
2018-05-02 22:30:00,0.0,0.0,0.0,0.0,0.0,0.0
2018-05-02 23:30:00,0.0,0.0,0.0,0.0,0.0,0.0
2018-05-03 00:30:00,0.0,0.0,0.0,0.0,0.0,0.0
2018-05-03 01:30:00,0.0,0.0,0.0,0.0,0.0,0.0
2018-05-03 02:30:00,0.0,0.0,0.0,0.0,0.0,0.0
2018-05-03 03:30:00,0.0,0.0,0.0,0.0,0.0,0.0
2018-05-03 04:30:00,0.0,0.0,0.0,0.0,0.0,0.0
2018-05-03 05:30:00,0.009800246225598813,0.0003212803119722812,0.005130333916439227,0.005663374617890129,0.12827548606503705,0.007607887715204992
2018-05-03 06:30:00,-0.0,0.5870313840876883,0.03082579278713678,-0.0,0.36005896140693544,0.04272853553196983
2018-05-03 07:30:00,0.0010825677488387813,0.14649004499977314,0.005499384459752872,0.006010127061605289,0.44309657649352574,0.3883474846697625
2018-05-03 08:30:00,0.031184270538200883,0.2929845403383976,0.016030180902563463,0.0952620493141077,0.18680334625277698,0.18276642130931386
2018-05-03 09:30:00,0.07783564974464643,0.3565166815237455,0.12623066643627245,0.21674338761609002,0.12147826271144894,0.2386781133193281
2018-05-03 10:30:00,0.16767925577981024,0.4146619912933276,0.062397929552240376,0.1863252836695957,0.5240130438230292,0.28979920450814317
2018-05-03 11:30:00,0.24624290266102963,0.19862178418700308,0.23538838999953482,0.253508159413646,0.6155657020427653,0.41861886418611705
2018-05-03 12:30:00,0.09727183540901581,0.5147928078128196,0.2710106816239886,0.18703706559913397,0.35763935010174946,0.746268656716418
2018-05-03 13:30:00,0.4288245390256443,0.5818148649663943,0.5284213611098622,0.25018006867569886,0.4974120001133818,0.6958146463715698
2018-05-03 14:30:00,0.08442666984948456,0.23101493791919228,0.02561639622771185,0.36457647021224143,0.13123448324515882,0.4318031332883236
2018-05-03 15:30:00,0.2454506671329258,0.2657409783190369,0.6674947154949977,0.746268656716418,0.4634701554357344,0.746268656716418
2018-05-03 16:30:00,0.2209507545786689,0.37075112039965175,0.5456291816418894,0.08213636538596068,0.2535874137992467,0.3216868356574284
2018-05-03 17:30:00,0.08882208110855241,0.09899743201455866,0.1516526232091726,0.021467402011739627,0.0029523383386165837,0.5857939823425861
2018-05-03 18:30:00,0.0025413603202067586,0.006024044464694016,0.004059026131200248,0.08085683647666099,0.02502047112185396,0.02385630725697956
2018-05-03 19:30:00,0.0,0.0,0.0,0.0,0.0,0.0
2018-05-03 20:30:00,0.0,0.0,0.0,0.0,0.0,0.0
2018-05-03 21:30:00,0.0,0.0,0.0,0.0,0.0,0.0
2018-05-03 22:30:00,0.0,0.0,0.0,0.0,0.0,0.0
2018-05-03 23:30:00,0.0,0.0,0.0,0.0,0.0,0.0
2018-05-04 00:30:00,0.0,0.0,0.0,0.0,0.0,0.0
2018-05-04 01:30:00,0.0,0.0,0.0,0.0,0.0,0.0
2018-05-04 02:30:00,0.0,0.0,0.0,0.0,0.0,0.0
2018-05-04 03:30:00,0.0,0.0,0.0,0.0,0.0,0.0
2018-05-04 04:30:00,0.0,0.0,0.0,0.0,0.0,0.0
2018-05-04 05:30:00,0.13256210523709125,0.18332465508681473,0.10701901984868409,0.1379618199719708,0.13094730473099436,0.0700564122871651
2018-05-04 06:30:00,0.5556542818222319,0.598715323592276,0.5565441872591443,0.5514948906335786,0.6026140305866499,0.5614545440563945
2018-05-04 07:30:00,0.7231772732074606,0.74474729539209,0.7281490851677841,0.7187841425897926,0.746268656716418,0.746268656716418
2018-05-04 08:30:00,0.746268656716418,0.746268656716418,0.746268656716418,0.746268656716418,0.746268656716418,0.746268656716418
2018-05-04 09:30:00,0.746268656716418,0.746268656716418,0.746268656716418,0.746268656716418,0.746268656716418,0.5840425727004994
2018-05-04 10:30:00,0.746268656716418,0.746268656716418,0.5553597921615944,0.746268656716418,0.746268656716418,0.4468369063293525
2018-05-04 11:30:00,0.746268656716418,0.532047847922703,0.746268656716418,0.746268656716418,0.6054734077459053,0.5904126540782124
2018-05-04 12:30:00,0.746268656716418,0.746268656716418,0.6672053689268067,0.7460935332745314,0.746268656716418,0.224421091814366
2018-05-04 13:30:00,0.746268656716418,0.746268656716418,0.746268656716418,0.7451988303763775,0.5706881375941002,0.5314981459385829
2018-05-04 14:30:00,0.746268656716418,0.746268656716418,0.6056946915439766,0.746268656716418,0.3799741505385177,0.20910932973976015
2018-05-04 15:30:00,0.746268656716418,0.746268656716418,0.20995762783854735,0.7368255020503783,0.6678199264286481,0.43735241694705657
2018-05-04 16:30:00,0.6955142064284796,0.6758600258417805,0.7307261548081279,0.6745464985475609,0.40505051267722175,0.48886687528168715
2018-05-04 17:30:00,0.5380660759513894,0.46964394205185234,0.5940729549470306,0.527389448226575,0.581650567279054,0.5238534400880572
2018-05-04 18:30:00,0.09360577892767233,0.04541216779019565,0.16282738016740264,0.09652334536358603,0.10231777394527916,0.20524137630157696
2018-05-04 19:30:00,0.0,0.0,0.0,0.0,0.0,0.0
2018-05-04 20:30:00,0.0,0.0,0.0,0.0,0.0,0.0
2018-05-04 21:30:00,0.0,0.0,0.0,0.0,0.0,0.0
2018-05-04 22:30:00,0.0,0.0,0.0,0.0,0.0,0.0
2018-05-04 23:30:00,0.0,0.0,0.0,0.0,0.0,0.0
2018-05-05 00:30:00,0.0,0.0,0.0,0.0,0.0,0.0
2018-05-05 01:30:00,0.0,0.0,0.0,0.0,0.0,0.0
2018-05-05 02:30:00,0.0,0.0,0.0,0.0,0.0,0.0
2018-05-05 03:30:00,0.0,0.0,0.0,0.0,0.0,0.0
2018-05-05 04:30:00,0.0,0.0,0.0,0.0,0.0,0.0
2018-05-05 05:30:00,0.15119862202412077,0.19064276429385674,0.032821382898813915,0.164599718162974,0.14321630696647786,0.08456235052006209
2018-05-05 06:30:00,0.22564940673748402,0.6017928368453563,0.5788508904954406,0.58141798022562,0.6114441278380233,0.5921865582314467
2018-05-05 07:30:00,0.2509499383526865,0.734723698295031,0.7260722449859103,0.3556779406153978,0.746268656716418,0.746268656716418
2018-05-05 08:30:00,0.6045082777097521,0.5547788652026325,0.746268656716418,0.586460837684379,0.746268656716418,0.746268656716418
2018-05-05 09:30:00,0.746268656716418,0.5097000793360114,0.746268656716418,0.746268656716418,0.746268656716418,0.746268656716418
2018-05-05 10:30:00,0.7391307197734988,0.6260050894947002,0.6293041006348831,0.746268656716418,0.746268656716418,0.746268656716418
2018-05-05 11:30:00,0.729216721918782,0.613014046921177,0.746268656716418,0.6306467055962603,0.746268656716418,0.746268656716418
2018-05-05 12:30:00,0.7304117970630833,0.6344531687617981,0.699797658778055,0.746268656716418,0.746268656716418,0.746268656716418
2018-05-05 13:30:00,0.7451052416196995,0.746268656716418,0.5481903048793174,0.746268656716418,0.746268656716418,0.746268656716418
2018-05-05 14:30:00,0.746268656716418,0.746268656716418,0.39598833975835235,0.0492197875002685,0.746268656716418,0.7241851393280168
2018-05-05 15:30:00,0.30385970117123073,0.746268656716418,0.5466507932415245,0.5739045393542184,0.746268656716418,0.746268656716418
2018-05-05 16:30:00,0.6650805895862248,0.6621970201778447,0.46667690469859163,0.6079389338433995,0.7289203957169255,0.746268656716418
2018-05-05 17:30:00,0.3987135156701943,0.45866560428219966,0.27388724337952663,0.19142786855974045,0.3912388811621548,0.6555825622105138
2018-05-05 18:30:00,0.0887846351845569,0.012283366865637852,0.05297217842014542,0.02467157757337906,0.02025804330464642,0.06592761242768856
2018-05-05 19:30:00,0.0,0.0,0.0,0.0,0.0,0.0
2018-05-05 20:30:00,0.0,0.0,0.0,0.0,0.0,0.0
2018-05-05 21:30:00,0.0,0.0,0.0,0.0,0.0,0.0
2018-05-05 22:30:00,0.0,0.0,0.0,0.0,0.0,0.0
2018-05-05 23:30:00,0.0,0.0,0.0,0.0,0.0,0.0
2018-05-06 00:30:00,0.0,0.0,0.0,0.0,0.0,0.0
2018-05-06 01:30:00,0.0,0.0,0.0,0.0,0.0,0.0
2018-05-06 02:30:00,0.0,0.0,0.0,0.0,0.0,0.0
2018-05-06 03:30:00,0.0,0.0,0.0,0.0,0.0,0.0
2018-05-06 04:30:00,0.0,0.0,0.0,0.0,0.0,0.0
2018-05-06 05:30:00,0.15538679832663965,0.18554199333085966,0.1384311011054651,0.16073294793746645,0.1547673070492145,0.014279090387153614
2018-05-06 06:30:00,0.576285340184181,0.559472668002907,0.5800065051438575,0.5613135812321848,0.6136216096718852,0.33019971491361966
2018-05-06 07:30:00,0.7168794905555897,0.7045555905649967,0.5346667987633672,0.4792248087720362,0.746268656716418,0.29841743219199013
2018-05-06 08:30:00,0.746268656716418,0.746268656716418,0.6043291336350303,0.5375601312273319,0.746268656716418,0.36769684478831965
2018-05-06 09:30:00,0.6114724436241226,0.746268656716418,0.6358044671449319,0.4463550062963353,0.6469495602952784,0.746268656716418
2018-05-06 10:30:00,0.5192881952075299,0.6446176738627561,0.6768452188220122,0.4463540783522155,0.6464868260436998,0.734856178967705
2018-05-06 11:30:00,0.36065788859972403,0.5034377130190429,0.6785962134365104,0.6079420030554296,0.42599410151434675,0.7413659700927112
2018-05-06 12:30:00,0.5845678667116695,0.46623175586230065,0.5967382770908167,0.7235627925715312,0.21445987579631165,0.6734062306441803
2018-05-06 13:30:00,0.6868388890525379,0.5093050209583426,0.616372812184859,0.7307621410340451,0.746268656716418,0.746268656716418
2018-05-06 14:30:00,0.6996450465054654,0.5183647736683245,0.5302866845076196,0.73371469644907,0.5231568259759832,0.7452243137719838
2018-05-06 15:30:00,0.5864183798623,0.3694377105512609,0.6361655562422194,0.3975001351825368,0.3662755915996197,0.5438891987359792
2018-05-06 16:30:00,0.43496620744281034,0.6567490991721392,0.3682063807948643,0.09806040073174248,0.43099765064679146,0.25416368413413787
2018-05-06 17:30:00,0.2236709129878132,0.30045524652808814,0.17642864774452172,0.09065556051361588,0.1310349499520224,0.5533108205572016
2018-05-06 18:30:00,0.0344686300143072,0.0130391927837386,0.0766124637309773,0.023718075930348293,0.023484999759679402,0.04745030684279348
2018-05-06 19:30:00,0.0,0.0,0.0,0.0,0.0,0.0
2018-05-06 20:30:00,0.0,0.0,0.0,0.0,0.0,0.0
2018-05-06 21:30:00,0.0,0.0,0.0,0.0,0.0,0.0
2018-05-06 22:30:00,0.0,0.0,0.0,0.0,0.0,0.0
2018-05-06 23:30:00,0.0,0.0,0.0,0.0,0.0,0.0
2018-05-07 00:30:00,0.0,0.0,0.0,0.0,0.0,0.0
2018-05-07 01:30:00,0.0,0.0,0.0,0.0,0.0,0.0
2018-05-07 02:30:00,0.0,0.0,0.0,0.0,0.0,0.0
2018-05-07 03:30:00,0.0,0.0,0.0,0.0,0.0,0.0
2018-05-07 04:30:00,0.0,0.0,0.0,0.0,0.0,0.0
2018-05-07 05:30:00,0.03604752066971551,0.07699454842398401,0.1482979936480837,0.028789092453372325,0.03880570039328975,0.028089638580827764
2018-05-07 06:30:00,0.0504629217019241,0.20502219278607153,0.5874022519142714,0.1659488248030552,0.6282548878700313,0.1008533039841945
2018-05-07 07:30:00,0.19671225842414097,0.49985844931294743,0.7186985601110211,0.29530816529839016,0.5310593954697115,0.6132596758219881
2018-05-07 08:30:00,0.07054643385312133,0.5529074515714205,0.746268656716418,0.4474437147409245,0.493823413684291,0.5022370261254718
2018-05-07 09:30:00,0.1624642216985317,0.6082447295420015,0.746268656716418,0.43622448115841617,0.4578881549378244,0.6687071673292402
2018-05-07 10:30:00,0.3081078105570998,0.48012858847279677,0.54190641250861,0.6112416024621233,0.35764706077560937,0.6233632992640149
2018-05-07 11:30:00,0.3979264848727011,0.4360090800840246,0.517582290308291,0.4360979612439569,0.29212406162132876,0.5701093855435043
2018-05-07 12:30:00,0.25505404691163436,0.6205525295936358,0.4729268781648943,0.41783717923251684,0.23172243989940364,0.5982157941675497
2018-05-07 13:30:00,0.34862599692262886,0.5015275769314438,0.6262288289287551,0.35096566718127636,0.28539784630924114,0.41574001523938947
2018-05-07 14:30:00,0.14104437706184494,0.49696607953266436,0.5234322141300939,0.20073432923472403,0.5337923436199576,0.4718852972397296
2018-05-07 15:30:00,0.19912347483978537,0.6544154577759934,0.7108820615764088,0.3290524526960143,0.6343147199274625,0.20951535936926985
2018-05-07 16:30:00,0.45794469675584626,0.5705245485696362,0.40945834503757594,0.6778900319123681,0.1477818714364949,0.297418018561576
2018-05-07 17:30:00,0.18612341689739786,0.17616487504745254,0.22876770075282618,0.13379617140723254,0.09360992840264332,0.17123861932812648
2018-05-07 18:30:00,0.019207773194102034,0.015146448740619607,0.009999600525945663,0.02499976061151398,0.02284811342288478,0.0076261982072650635
2018-05-07 19:30:00,0.0,0.0,0.0,0.0,0.0,0.0
2018-05-07 20:30:00,0.0,0.0,0.0,0.0,0.0,0.0
2018-05-07 21:30:00,0.0,0.0,0.0,0.0,0.0,0.0
2018-05-07 22:30:00,0.0,0.0,0.0,0.0,0.0,0.0
2018-05-07 23:30:00,0.0,0.0,0.0,0.0,0.0,0.0
2018-05-08 00:30:00,0.0,0.0,0.0,0.0,0.0,0.0
2018-05-08 01:30:00,0.0,0.0,0.0,0.0,0.0,0.0
2018-05-08 02:30:00,0.0,0.0,0.0,0.0,0.0,0.0
2018-05-08 03:30:00,0.0,0.0,0.0,0.0,0.0,0.0
2018-05-08 04:30:00,0.0,0.0,0.0,0.0,0.0,0.0
2018-05-08 05:30:00,0.1680816455421643,0.01364015154311168,0.15662665224064584,0.1884668099387322,0.031201001069258348,0.10330720077126834
2018-05-08 06:30:00,0.5797106831319998,0.08286486790900523,0.6002739453399294,0.5949397419073629,0.60473412391408,0.5901319391601124
2018-05-08 07:30:00,0.7292152406563223,0.2188874872430021,0.7355711827715521,0.7342395079737623,0.746268656716418,0.7426210807147995
2018-05-08 08:30:00,0.746268656716418,0.746268656716418,0.746268656716418,0.746268656716418,0.746268656716418,0.746268656716418
2018-05-08 09:30:00,0.746268656716418,0.746268656716418,0.746268656716418,0.746268656716418,0.746268656716418,0.746268656716418
2018-05-08 10:30:00,0.746268656716418,0.746268656716418,0.746268656716418,0.746268656716418,0.746268656716418,0.746268656716418
2018-05-08 11:30:00,0.746268656716418,0.746268656716418,0.746268656716418,0.7406184711644375,0.746268656716418,0.746268656716418
2018-05-08 12:30:00,0.746268656716418,0.746268656716418,0.746268656716418,0.7392161046480978,0.746268656716418,0.746268656716418
2018-05-08 13:30:00,0.746268656716418,0.746268656716418,0.746268656716418,0.746268656716418,0.746268656716418,0.746268656716418
2018-05-08 14:30:00,0.746268656716418,0.746268656716418,0.746268656716418,0.746268656716418,0.746268656716418,0.746268656716418
2018-05-08 15:30:00,0.746268656716418,0.746268656716418,0.746268656716418,0.746268656716418,0.13300912105082244,0.746268656716418
2018-05-08 16:30:00,0.7080190848192093,0.4481042204118665,0.7338149515733494,0.706281520054622,0.43535709857992,0.746268656716418
2018-05-08 17:30:00,0.5626488960547011,0.4962241869994831,0.6145714813178872,0.5557643973769694,0.022529264001727462,0.6586134073233161
2018-05-08 18:30:00,0.13167049273350664,0.060635921613885986,0.195991675423997,0.13293240600322304,0.12702635072114232,0.24290989260945664
2018-05-08 19:30:00,0.0,0.0,0.0,0.0,0.0,0.0
2018-05-08 20:30:00,0.0,0.0,0.0,0.0,0.0,0.0
2018-05-08 21:30:00,0.0,0.0,0.0,0.0,0.0,0.0
2018-05-08 22:30:00,0.0,0.0,0.0,0.0,0.0,0.0
2018-05-08 23:30:00,0.0,0.0,0.0,0.0,0.0,0.0
2018-05-09 00:30:00,0.0,0.0,0.0,0.0,0.0,0.0
2018-05-09 01:30:00,0.0,0.0,0.0,0.0,0.0,0.0
2018-05-09 02:30:00,0.0,0.0,0.0,0.0,0.0,0.0
2018-05-09 03:30:00,0.0,0.0,0.0,0.0,0.0,0.0
2018-05-09 04:30:00,0.0,0.0,0.0,0.0,0.0,0.0
2018-05-09 05:30:00,0.05623403467894766,0.22502342930951677,0.16635530781381166,0.2021662550490688,0.17867962818673805,0.03203302221570069
2018-05-09 06:30:00,0.07128630785073863,0.6070247398507346,0.6063896428947391,0.6054574785841053,0.6453180169316661,0.5964576689135602
2018-05-09 07:30:00,0.35793545959264694,0.7419444259351582,0.7223449895780398,0.7341509629858554,0.746268656716418,0.594797565733327
2018-05-09 08:30:00,0.3174828457787824,0.746268656716418,0.614555273874373,0.746268656716418,0.5988921034297132,0.6790396398076397
2018-05-09 09:30:00,0.4674312402775853,0.746268656716418,0.6645264598196017,0.6778787321232975,0.5528005873164475,0.5520780825954152
2018-05-09 10:30:00,0.5308129105283923,0.6462426711389455,0.6091915561946949,0.6128995136560975,0.5764809867041002,0.6573790949298808
2018-05-09 11:30:00,0.38068474284553966,0.7379705019177709,0.5410192211323934,0.5106692961149094,0.4438692278635241,0.5690574104474606
2018-05-09 12:30:00,0.7413196162235257,0.3501354741414215,0.44836150333754743,0.6388269213542931,0.560186857060555,0.7141976355354924
2018-05-09 13:30:00,0.5852031969105415,0.7346362906698727,0.29107389892305907,0.6723633500428129,0.48037388104168827,0.4401534806859892
2018-05-09 14:30:00,0.4265831498172233,0.3242525012467936,0.09935851778488694,0.6982704198407383,0.4736261404682413,0.5832612163771351
2018-05-09 15:30:00,0.31308647327100747,0.14294164644044102,0.2634661130510338,0.5948122480352915,0.0436118312943308,0.5667729041198074
2018-05-09 16:30:00,0.10096221266467897,0.4955860719367588,0.5505375473593836,0.3705796917695709,0.012482326133340367,0.746268656716418
2018-05-09 17:30:00,0.0910931929527707,0.1306614292792931,0.21507878166446093,0.5196257098596688,0.012865609919752802,0.6465963462052903
2018-05-09 18:30:00,0.03872760640901754,0.00882177307829811,0.05827343652879617,0.13037475188638473,0.023671775273234233,0.10154198637295718
2018-05-09 19:30:00,0.0,0.0,0.0,0.0,0.0,0.0
2018-05-09 20:30:00,0.0,0.0,0.0,0.0,0.0,0.0
2018-05-09 21:30:00,0.0,0.0,0.0,0.0,0.0,0.0
2018-05-09 22:30:00,0.0,0.0,0.0,0.0,0.0,0.0
2018-05-09 23:30:00,0.0,0.0,0.0,0.0,0.0,0.0
2018-05-10 00:30:00,0.0,0.0,0.0,0.0,0.0,0.0
2018-05-10 01:30:00,0.0,0.0,0.0,0.0,0.0,0.0
2018-05-10 02:30:00,0.0,0.0,0.0,0.0,0.0,0.0
2018-05-10 03:30:00,0.0,0.0,0.0,0.0,0.0,0.0
2018-05-10 04:30:00,0.0,0.0,0.0,0.0,0.0,0.0
2018-05-10 05:30:00,0.19099971170658914,0.21774698669629655,0.16313389868635003,0.19318032959954298,0.1867202007637491,0.11754803529964172
2018-05-10 06:30:00,0.6029708441389562,0.5936383976970773,0.5979900322225112,0.5758103036414577,0.6445504715224802,0.6259393891018764
2018-05-10 07:30:00,0.730482356578689,0.731664250578493,0.7220266847370048,0.7002191044834487,0.746268656716418,0.746268656716418
2018-05-10 08:30:00,0.5918571567810526,0.746268656716418,0.746268656716418,0.5849055925649503,0.746268656716418,0.746268656716418
2018-05-10 09:30:00,0.746268656716418,0.746268656716418,0.746268656716418,0.746268656716418,0.746268656716418,0.746268656716418
2018-05-10 10:30:00,0.746268656716418,0.746268656716418,0.746268656716418,0.7227326198832144,0.6603042034859561,0.746268656716418
2018-05-10 11:30:00,0.746268656716418,0.746268656716418,0.746268656716418,0.6308253671636614,0.6912007271697453,0.746268656716418
2018-05-10 12:30:00,0.43726484705698176,0.746268656716418,0.4966008455559455,0.6935403830576681,0.746268656716418,0.41726707273518987
2018-05-10 13:30:00,0.30371093593389353,0.746268656716418,0.6396141875359432,0.545863040173676,0.746268656716418,0.7180637329445989
2018-05-10 14:30:00,0.36826282988974723,0.746268656716418,0.746268656716418,0.6012944825990484,0.746268656716418,0.544030031178457
2018-05-10 15:30:00,0.6308458328963107,0.6981121461486586,0.3330757565575887,0.7288378196285683,0.746268656716418,0.746268656716418
2018-05-10 16:30:00,0.2689652791590765,0.5319729477855631,0.5347360195586736,0.2978006046259708,0.746268656716418,0.4498896471248317
2018-05-10 17:30:00,0.10762074284964986,0.14611561008978005,0.5781324336714309,0.5276396950654366,0.6154490529459722,0.28988869504892656
2018-05-10 18:30:00,0.03799664768986965,0.010723631283552386,0.04439459281990388,0.12715002314958465,0.03128909731742536,0.03998313180009812
2018-05-10 19:30:00,0.0,0.0,0.0,0.0,0.0,0.0
2018-05-10 20:30:00,0.0,0.0,0.0,0.0,0.0,0.0
2018-05-10 21:30:00,0.0,0.0,0.0,0.0,0.0,0.0
2018-05-10 22:30:00,0.0,0.0,0.0,0.0,0.0,0.0
2018-05-10 23:30:00,0.0,0.0,0.0,0.0,0.0,0.0
2018-05-11 00:30:00,0.0,0.0,0.0,0.0,0.0,0.0
2018-05-11 01:30:00,0.0,0.0,0.0,0.0,0.0,0.0
2018-05-11 02:30:00,0.0,0.0,0.0,0.0,0.0,0.0
2018-05-11 03:30:00,0.0,0.0,0.0,0.0,0.0,0.0
2018-05-11 04:30:00,0.0,0.0,0.0,0.0,0.0,0.0
2018-05-11 05:30:00,0.16331933199207116,0.2357725791028042,0.15900338140147216,0.17637841996938744,0.18855603556617873,0.006254484689607613
2018-05-11 06:30:00,0.5475637804672173,0.013589620681398318,0.574435294268525,0.534301309255345,0.637736943679052,0.04411774566291796
2018-05-11 07:30:00,0.22435827803860914,0.0025073047588067676,0.7098417056778645,0.4650648403752475,0.746268656716418,0.10372881630091267
2018-05-11 08:30:00,0.6361628996348883,0.19347686703891792,0.6076252829745521,0.5691346339059085,0.01893705485971635,0.19026549606850893
2018-05-11 09:30:00,0.746268656716418,0.21965384313393216,0.746268656716418,0.6663382364574789,0.3212383084595756,0.6616168574689453
2018-05-11 10:30:00,0.5700545477905755,0.3978146884928521,0.5767676632532698,0.746268656716418,0.7143102902080535,0.746268656716418
2018-05-11 11:30:00,0.746268656716418,0.31376180190498304,0.4576295120439271,0.7439957147574566,0.3439289636434333,0.746268656716418
2018-05-11 12:30:00,0.6082847535065128,0.3849793893347625,0.746268656716418,0.7457454712136012,0.7338237402264437,0.6910162478702006
2018-05-11 13:30:00,0.626256443433633,0.21459325642967636,0.6186934270708985,0.5433618812799824,0.6553554066114663,0.3786806304316471
2018-05-11 14:30:00,0.2256244153629596,0.2714761086824552,0.5328667484203106,0.746268656716418,0.6698949720187567,0.22376715674471923
2018-05-11 15:30:00,0.2846152515080808,0.6098202683550418,0.4193471743356233,0.5299155750844589,0.48216047737526685,0.19165412941405738
2018-05-11 16:30:00,0.10444614825894483,0.4665907076099072,0.29534869242558204,0.24897334733884444,0.4937638871008383,0.3569951871263135
2018-05-11 17:30:00,0.1848268897161286,0.08931990934100623,0.1958545891761444,0.14734903019182075,0.3220092585441073,0.04664384680502525
2018-05-11 18:30:00,0.030064663166500277,0.011698640772636413,0.026114562054921662,0.013222904916083269,0.03380782160279169,0.01330864106984492
2018-05-11 19:30:00,0.0,0.0,0.0,0.0,0.0,0.0
2018-05-11 20:30:00,0.0,0.0,0.0,0.0,0.0,0.0
2018-05-11 21:30:00,0.0,0.0,0.0,0.0,0.0,0.0
2018-05-11 22:30:00,0.0,0.0,0.0,0.0,0.0,0.0
2018-05-11 23:30:00,0.0,0.0,0.0,0.0,0.0,0.0
2018-05-12 00:30:00,0.0,0.0,0.0,0.0,0.0,0.0
2018-05-12 01:30:00,0.0,0.0,0.0,0.0,0.0,0.0
2018-05-12 02:30:00,0.0,0.0,0.0,0.0,0.0,0.0
2018-05-12 03:30:00,0.0,0.0,0.0,0.0,0.0,0.0
2018-05-12 04:30:00,0.0,0.0,0.0,0.0,0.0,0.0
2018-05-12 05:30:00,0.16057472637981485,0.02017707419148295,0.17859107247734657,0.16290350064241846,0.07330246761531621,0.025515110527661262
2018-05-12 06:30:00,0.037769580269358984,0.002165071117615797,0.6028275687140271,0.024671618580563184,0.38656095075118474,0.11927645715376375
2018-05-12 07:30:00,0.015150216290174646,0.003220908637921342,0.7257172366794701,0.05542107871575466,0.4435501533493687,0.2690944714013968
2018-05-12 08:30:00,0.11718858830968112,0.008947195866822829,0.746268656716418,0.07358189926977102,0.5441507561631953,0.6975252509964864
2018-05-12 09:30:00,0.746268656716418,0.01711101004379547,0.746268656716418,0.11928855428213343,0.6375849076693118,0.7123293332763136
2018-05-12 10:30:00,0.5005431134145699,0.1271726708441424,0.7103569088109256,0.2048402238844898,0.6354819101691216,0.746268656716418
2018-05-12 11:30:00,0.36119366171636286,0.31193548457971815,0.5913347784895743,0.20222831419425277,0.6579767734188467,0.746268656716418
2018-05-12 12:30:00,0.41860916407272847,0.537925285062878,0.676938853514178,0.1666505662219887,0.5830794967451014,0.746268656716418
2018-05-12 13:30:00,0.5715344639505839,0.5882713527478525,0.6760030816925032,0.2621954649499905,0.6352908604098101,0.6114163779791846
2018-05-12 14:30:00,0.39280331972706745,0.6432043978417763,0.45572576752845406,0.24727400034297323,0.16649793497657817,0.2539390840177847
2018-05-12 15:30:00,0.017148994113777048,0.45311533189415343,0.470149918462543,0.746268656716418,0.4150789187497869,0.33609158020740937
2018-05-12 16:30:00,0.7032816186625749,0.3160740258627636,0.3587480741256528,0.19885280866962893,0.03399396930965914,0.23295117474867508
2018-05-12 17:30:00,0.545641435563132,0.4947845157556641,0.2794609236345226,0.501044608191681,0.23362042849249623,0.33414941824289457
2018-05-12 18:30:00,0.13391134137007266,0.07045722587071274,0.043725538494414726,0.005879321817302889,0.03326390386569483,0.02163077513495967
2018-05-12 19:30:00,0.0,0.0,0.0,0.0,0.0,0.0
2018-05-12 20:30:00,0.0,0.0,0.0,0.0,0.0,0.0
2018-05-12 21:30:00,0.0,0.0,0.0,0.0,0.0,0.0
2018-05-12 22:30:00,0.0,0.0,0.0,0.0,0.0,0.0
2018-05-12 23:30:00,0.0,0.0,0.0,0.0,0.0,0.0
2018-05-13 00:30:00,0.0,0.0,0.0,0.0,0.0,0.0
2018-05-13 01:30:00,0.0,0.0,0.0,0.0,0.0,0.0
2018-05-13 02:30:00,0.0,0.0,0.0,0.0,0.0,0.0
2018-05-13 03:30:00,0.0,0.0,0.0,0.0,0.0,0.0
2018-05-13 04:30:00,0.0,0.0,0.0,0.0,0.0,0.0
2018-05-13 05:30:00,0.1832549350386246,0.22026882870576148,0.1820026682196586,0.20224599347817457,0.20249184228510222,0.00993755699655007
2018-05-13 06:30:00,0.022576901886882623,0.5862352642149692,0.6048179576976493,0.002751542232829254,0.6609343536424563,0.25363565616180545
2018-05-13 07:30:00,0.050350991663024695,0.7187172156978971,0.4385388521799942,0.018904153264499995,0.746268656716418,0.3727405614297785
2018-05-13 08:30:00,0.1380633306234578,0.19583285190382563,0.6224635918975755,0.10129196112168028,0.746268656716418,0.746268656716418
2018-05-13 09:30:00,0.3656511394772736,0.18803448033984363,0.4002260310452052,0.10906236139234929,0.746268656716418,0.746268656716418
2018-05-13 10:30:00,0.5091856327077182,0.5322610892241156,0.21986165661080495,0.1313473671079931,0.746268656716418,0.746268656716418
2018-05-13 11:30:00,0.2668178337713461,0.746268656716418,0.594813125161766,0.23477938232262083,0.4918089923950901,0.746268656716418
2018-05-13 12:30:00,0.1141315874534907,0.746268656716418,0.6145799031583209,0.339830122354265,0.57736122918207,0.7200604698543897
2018-05-13 13:30:00,0.1425876381872509,0.746268656716418,0.22169469497872776,0.5363667324715404,0.5610142971098685,0.746268656716418
2018-05-13 14:30:00,0.060977879866159046,0.746268656716418,0.42689317325337295,0.7414917097674252,0.14379956530242521,0.6906132907113076
2018-05-13 15:30:00,0.746268656716418,0.742144411150691,0.018153733811367843,0.6024385074914893,0.29266064247652557,0.5382373235267298
2018-05-13 16:30:00,0.19257423921603178,0.6718299548381182,0.2760831396695685,0.6702853409803139,0.08307538263104991,0.5080625580292156
2018-05-13 17:30:00,0.5240866858393045,0.5091717672928032,0.03745429032993055,0.5054302265666824,0.2754562519123579,0.29580136579858946
2018-05-13 18:30:00,0.012680369427680579,0.07812902055102955,0.02213121680729855,0.012558187858425642,0.04256840784779158,0.2624125939364261
2018-05-13 19:30:00,0.0,0.0,0.0,0.0,0.0,0.0
2018-05-13 20:30:00,0.0,0.0,0.0,0.0,0.0,0.0
2018-05-13 21:30:00,0.0,0.0,0.0,0.0,0.0,0.0
2018-05-13 22:30:00,0.0,0.0,0.0,0.0,0.0,0.0
2018-05-13 23:30:00,0.0,0.0,0.0,0.0,0.0,0.0
2018-05-14 00:30:00,0.0,0.0,0.0,0.0,0.0,0.0
2018-05-14 01:30:00,0.0,0.0,0.0,0.0,0.0,0.0
2018-05-14 02:30:00,0.0,0.0,0.0,0.0,0.0,0.0
2018-05-14 03:30:00,0.0,0.0,0.0,0.0,0.0,0.0
2018-05-14 04:30:00,0.0,0.0,0.0,0.0,0.0,0.0
2018-05-14 05:30:00,0.16326470908306215,0.23120151140888734,0.19166542914797752,0.02006977447764932,0.19116102107078997,0.14969569226326673
2018-05-14 06:30:00,0.006980897790520708,0.0027068233301255793,0.6030500299999003,0.5375995666887691,0.06244978334382102,0.623159411301097
2018-05-14 07:30:00,0.2864659464928146,0.3967049202373025,0.7239048688508501,0.41793468518099786,0.746268656716418,0.746268656716418
2018-05-14 08:30:00,0.746268656716418,0.5391497117061941,0.6023794854327847,0.37897949587475893,0.746268656716418,0.746268656716418
2018-05-14 09:30:00,0.746268656716418,0.44979958306585494,0.47324465720659487,0.3913144664676949,0.746268656716418,0.746268656716418
2018-05-14 10:30:00,0.2723929505912583,0.5475532735464937,0.3791459437367925,0.5606974068557331,0.567076453287451,0.746268656716418
2018-05-14 11:30:00,0.029993618607128673,0.7147888878131397,0.5921490907449427,0.3008727014022777,0.4775894257460264,0.746268656716418
2018-05-14 12:30:00,0.22679934965530446,0.49985512426039064,0.4472740874610459,0.21266801680076441,0.6719857441382042,0.746268656716418
2018-05-14 13:30:00,0.43791580713993905,0.7254141904284752,0.6488635099907487,0.746268656716418,0.6992137759733829,0.746268656716418
2018-05-14 14:30:00,0.746268656716418,0.7308334154594394,0.6636508522358048,0.746268656716418,0.506464186265164,0.746268656716418
2018-05-14 15:30:00,0.746268656716418,0.4580173821662074,0.5703748937754077,0.5634778905819503,0.47952204309064606,0.746268656716418
2018-05-14 16:30:00,0.6878077733094048,0.30930617775729985,0.3537492789224875,0.10257422287348182,0.4284977964345164,0.746268656716418
2018-05-14 17:30:00,0.3882823740424391,0.5187396573849238,0.6116942336314197,0.5271679534262141,0.3631278214528922,0.669922599389649
2018-05-14 18:30:00,0.03306785824342022,0.0893922360573923,0.2189413149159662,0.14015657239315968,0.16633446698951562,0.27030871193586364
2018-05-14 19:30:00,0.0,0.0,0.0,0.0,0.0,0.0
2018-05-14 20:30:00,0.0,0.0,0.0,0.0,0.0,0.0
2018-05-14 21:30:00,0.0,0.0,0.0,0.0,0.0,0.0
2018-05-14 22:30:00,0.0,0.0,0.0,0.0,0.0,0.0
2018-05-14 23:30:00,0.0,0.0,0.0,0.0,0.0,0.0
2018-05-15 00:30:00,0.0,0.0,0.0,0.0,0.0,0.0
2018-05-15 01:30:00,0.0,0.0,0.0,0.0,0.0,0.0
2018-05-15 02:30:00,0.0,0.0,0.0,0.0,0.0,0.0
2018-05-15 03:30:00,0.0,0.0,0.0,0.0,0.0,0.0
2018-05-15 04:30:00,0.0,0.0,0.0,0.0,0.0,0.0
2018-05-15 05:30:00,0.19822467518899947,0.2265701528212459,0.2023528108323567,0.21694742627855906,0.19036284651063676,0.15456712997847052
2018-05-15 06:30:00,0.5845318192977434,0.57330701450443,0.6180858702492262,0.5803446963314141,0.6077833272156277,0.6472828023707281
2018-05-15 07:30:00,0.7284356729403536,0.6903058654266964,0.7347703831697712,0.7223358787443881,0.18396475320168265,0.746268656716418
2018-05-15 08:30:00,0.746268656716418,0.746268656716418,0.746268656716418,0.746268656716418,0.746268656716418,0.746268656716418
2018-05-15 09:30:00,0.746268656716418,0.746268656716418,0.6453363344726125,0.746268656716418,0.746268656716418,0.746268656716418
2018-05-15 10:30:00,0.746268656716418,0.746268656716418,0.746268656716418,0.746268656716418,0.746268656716418,0.746268656716418
2018-05-15 11:30:00,0.746268656716418,0.746268656716418,0.746268656716418,0.746268656716418,0.746268656716418,0.746268656716418
2018-05-15 12:30:00,0.746268656716418,0.746268656716418,0.746268656716418,0.746268656716418,0.746268656716418,0.746268656716418
2018-05-15 13:30:00,0.43454214890972037,0.746268656716418,0.746268656716418,0.746268656716418,0.5439389141768904,0.746268656716418
2018-05-15 14:30:00,0.2276611151650319,0.746268656716418,0.6523962035043458,0.746268656716418,0.6007528390202249,0.746268656716418
2018-05-15 15:30:00,0.02302486803520057,0.2428361477011477,0.3437052720027206,0.746268656716418,0.7347598100000916,0.746268656716418
2018-05-15 16:30:00,0.00864807138112119,0.439083901354332,0.6232175496575251,0.6861030417341516,0.7348799590535408,0.746268656716418
2018-05-15 17:30:00,0.33387038121921925,0.07711452330406639,0.6149924984128865,0.5413188000647877,0.5996065354900484,0.6727320486318724
2018-05-15 18:30:00,0.07671960609943454,0.0164091878986316,0.2277689868261716,0.07244421645565116,0.04389081251819302,0.2859063734549898
2018-05-15 19:30:00,0.0,0.0,0.0,0.0,0.0,0.0
2018-05-15 20:30:00,0.0,0.0,0.0,0.0,0.0,0.0
2018-05-15 21:30:00,0.0,0.0,0.0,0.0,0.0,0.0
2018-05-15 22:30:00,0.0,0.0,0.0,0.0,0.0,0.0
2018-05-15 23:30:00,0.0,0.0,0.0,0.0,0.0,0.0
2018-05-16 00:30:00,0.0,0.0,0.0,0.0,0.0,0.0
2018-05-16 01:30:00,0.0,0.0,0.0,0.0,0.0,0.0
2018-05-16 02:30:00,0.0,0.0,0.0,0.0,0.0,0.0
2018-05-16 03:30:00,0.0,0.0,0.0,0.0,0.0,0.0
2018-05-16 04:30:00,0.0,0.0,0.0,0.0,0.0,0.0
2018-05-16 05:30:00,0.23033745575083694,0.2482918800043554,0.21029926109471705,0.24348038874053488,0.2099670123200016,0.1645605809350553
2018-05-16 06:30:00,0.6137215436831175,0.6007528350760067,0.6286004877004346,0.6093811820051538,0.6435773844125134,0.6479877117845164
2018-05-16 07:30:00,0.7300079620816845,0.7301319633256899,0.738061961716405,0.7136435925103911,0.746268656716418,0.746268656716418
2018-05-16 08:30:00,0.746268656716418,0.746268656716418,0.746268656716418,0.7458990908962128,0.746268656716418,0.746268656716418
2018-05-16 09:30:00,0.746268656716418,0.746268656716418,0.746268656716418,0.7399337470478937,0.746268656716418,0.746268656716418
2018-05-16 10:30:00,0.746268656716418,0.7451029097301766,0.746268656716418,0.7350507275402862,0.746268656716418,0.746268656716418
2018-05-16 11:30:00,0.746268656716418,0.7374901356351262,0.746268656716418,0.7368585079481313,0.746268656716418,0.746268656716418
2018-05-16 12:30:00,0.746268656716418,0.7430476113941241,0.746268656716418,0.746268656716418,0.746268656716418,0.746268656716418
2018-05-16 13:30:00,0.746268656716418,0.746268656716418,0.746268656716418,0.746268656716418,0.746268656716418,0.746268656716418
2018-05-16 14:30:00,0.746268656716418,0.746268656716418,0.746268656716418,0.746268656716418,0.746268656716418,0.746268656716418
2018-05-16 15:30:00,0.746268656716418,0.746268656716418,0.7153663207543883,0.746268656716418,0.746268656716418,0.746268656716418
2018-05-16 16:30:00,0.7106371971941493,0.672876589965734,0.3512509480723169,0.7060447934482933,0.741953613006097,0.746268656716418
2018-05-16 17:30:00,0.5740147340451333,0.5107197901766363,0.6170566417804525,0.5606877708013446,0.6136658716373843,0.6845911082600168
2018-05-16 18:30:00,0.1680593243044226,0.0969053817602536,0.2337916025397537,0.17003431593113968,0.05700904024922154,0.30078182445024465
2018-05-16 19:30:00,0.0,0.0,0.0,0.0,0.0,0.0
2018-05-16 20:30:00,0.0,0.0,0.0,0.0,0.0,0.0
2018-05-16 21:30:00,0.0,0.0,0.0,0.0,0.0,0.0
2018-05-16 22:30:00,0.0,0.0,0.0,0.0,0.0,0.0
2018-05-16 23:30:00,0.0,0.0,0.0,0.0,0.0,0.0
2018-05-17 00:30:00,0.0,0.0,0.0,0.0,0.0,0.0
2018-05-17 01:30:00,0.0,0.0,0.0,0.0,0.0,0.0
2018-05-17 02:30:00,0.0,0.0,0.0,0.0,0.0,0.0
2018-05-17 03:30:00,0.0,0.0,0.0,0.0,0.0,0.0
2018-05-17 04:30:00,0.0,0.0,0.0,0.0,0.0,0.0
2018-05-17 05:30:00,0.24207173508242621,0.2613879747646302,0.21069834110645486,0.24431613583061226,0.06391297466433901,0.16798270226196652
2018-05-17 06:30:00,0.6313405260107747,0.6233240974859986,0.6202030965292417,0.6011312858232846,0.4703460381368041,0.643909026033248
2018-05-17 07:30:00,0.7356150103431995,0.746268656716418,0.7263869693129068,0.714352670455353,0.746268656716418,0.746268656716418
2018-05-17 08:30:00,0.746268656716418,0.746268656716418,0.746268656716418,0.746268656716418,0.746268656716418,0.746268656716418
2018-05-17 09:30:00,0.746268656716418,0.746268656716418,0.746268656716418,0.746268656716418,0.746268656716418,0.746268656716418
2018-05-17 10:30:00,0.746268656716418,0.746268656716418,0.746268656716418,0.746268656716418,0.746268656716418,0.746268656716418
2018-05-17 11:30:00,0.746268656716418,0.746268656716418,0.746268656716418,0.746268656716418,0.7346236836113175,0.746268656716418
2018-05-17 12:30:00,0.6287842724834154,0.6801886991855541,0.746268656716418,0.746268656716418,0.7444043869668675,0.746268656716418
2018-05-17 13:30:00,0.6388632668675884,0.6393164331600472,0.746268656716418,0.746268656716418,0.6724687417154303,0.746268656716418
2018-05-17 14:30:00,0.746268656716418,0.746268656716418,0.746268656716418,0.746268656716418,0.6622213546474784,0.746268656716418
2018-05-17 15:30:00,0.726050763153455,0.4397298330668532,0.528355279254677,0.018972394990520072,0.5496122846079637,0.746268656716418
2018-05-17 16:30:00,0.3128402857346426,0.29255113451940107,0.03705498399785304,0.5525183638227495,0.31230147858987006,0.746268656716418
2018-05-17 17:30:00,0.5514644034238242,0.2854239886691656,0.22632012533398718,0.5111814238277191,0.307814584401068,0.6724630071325339
2018-05-17 18:30:00,0.031992178403174976,0.050300084429929504,0.025093362439462967,0.04571353413777029,0.08298593654187336,0.293396207939762
2018-05-17 19:30:00,0.0,0.0,0.0,0.0,0.0,0.0
2018-05-17 20:30:00,0.0,0.0,0.0,0.0,0.0,0.0
2018-05-17 21:30:00,0.0,0.0,0.0,0.0,0.0,0.0
2018-05-17 22:30:00,0.0,0.0,0.0,0.0,0.0,0.0
2018-05-17 23:30:00,0.0,0.0,0.0,0.0,0.0,0.0
2018-05-18 00:30:00,0.0,0.0,0.0,0.0,0.0,0.0
2018-05-18 01:30:00,0.0,0.0,0.0,0.0,0.0,0.0
2018-05-18 02:30:00,0.0,0.0,0.0,0.0,0.0,0.0
2018-05-18 03:30:00,0.0,0.0,0.0,0.0,0.0,0.0
2018-05-18 04:30:00,0.0,0.0,0.0,0.0,0.0,0.0
2018-05-18 05:30:00,0.22699799283235494,0.2660400923740382,0.21517371900703322,0.24725398859275627,0.2249896113938273,0.03816170773213141
2018-05-18 06:30:00,0.0075000556368143255,0.026519078191997243,0.6235919164566371,0.020409834587704682,0.642257075964168,0.032520562590259025
2018-05-18 07:30:00,0.018767103127096712,0.008899608482460072,0.7340245696687052,0.06767799394291503,0.746268656716418,0.746268656716418
2018-05-18 08:30:00,0.08021561051627006,0.027813819115693715,0.746268656716418,0.23447658721594647,0.746268656716418,0.746268656716418
2018-05-18 09:30:00,0.3716799220799708,0.07345773647186168,0.414816124091038,0.15134020948568144,0.746268656716418,0.746268656716418
2018-05-18 10:30:00,0.746268656716418,0.07711944048375918,0.20193007140460031,0.23599199999367423,0.746268656716418,0.746268656716418
2018-05-18 11:30:00,0.6364423010335283,0.12160039774750547,0.45894803304126225,0.3226630506564502,0.746268656716418,0.746268656716418
2018-05-18 12:30:00,0.25457332082540846,0.6131380272487343,0.09098103455876913,0.5478351832617087,0.746268656716418,0.746268656716418
2018-05-18 13:30:00,0.08362527319657556,0.4290491006926709,0.6117184128172574,0.5193353178216809,0.3893201932399982,0.746268656716418
2018-05-18 14:30:00,0.033746161410906,0.6062742637070431,0.6824719462740478,0.15935248601800578,0.29177055148445763,0.6634590552436409
2018-05-18 15:30:00,0.08954288957756362,0.6447701238257181,0.21918204833536603,0.06127080842534347,0.3269734050106063,0.531563214334008
2018-05-18 16:30:00,0.08943384375307352,0.3255302842409886,0.20644407115193525,0.02476052891805863,0.22138045911306897,0.6266375750470705
2018-05-18 17:30:00,0.05244819530824601,0.0395195308983736,0.19489773370582736,0.08149901714411513,0.2677860378045285,0.09412596584051826
2018-05-18 18:30:00,0.01070978995588073,0.005948112780441406,0.012835869886686089,0.012522169585163778,0.035770145586589114,0.02592753553139588
2018-05-18 19:30:00,0.0,0.0,0.0,0.0,0.0,0.0
2018-05-18 20:30:00,0.0,0.0,0.0,0.0,0.0,0.0
2018-05-18 21:30:00,0.0,0.0,0.0,0.0,0.0,0.0
2018-05-18 22:30:00,0.0,0.0,0.0,0.0,0.0,0.0
2018-05-18 23:30:00,0.0,0.0,0.0,0.0,0.0,0.0
2018-05-19 00:30:00,0.0,0.0,0.0,0.0,0.0,0.0
2018-05-19 01:30:00,0.0,0.0,0.0,0.0,0.0,0.0
2018-05-19 02:30:00,0.0,0.0,0.0,0.0,0.0,0.0
2018-05-19 03:30:00,0.0,0.0,0.0,0.0,0.0,0.0
2018-05-19 04:30:00,0.0,0.0,0.0,0.0,0.0,0.0
2018-05-19 05:30:00,0.0003626729808211997,0.007405853792506743,0.007892498704825205,-0.0,0.03183903408046318,0.17525712708136487
2018-05-19 06:30:00,0.002841697878409239,0.016838498541100498,0.07694657154948492,0.0022127256655060062,0.21220041829060227,0.6219538855352278
2018-05-19 07:30:00,0.02386490330825448,0.39355722299254314,0.14721654843636076,0.02258392610148474,0.12905852960125486,0.746268656716418
2018-05-19 08:30:00,0.032973264001391084,0.35800371581118406,0.30818553023256823,0.03754317881347776,0.42504369617018006,0.746268656716418
2018-05-19 09:30:00,0.07059450902991224,0.5651502459605966,0.41151145510111736,0.0612599386345965,0.746268656716418,0.746268656716418
2018-05-19 10:30:00,0.14267851425699923,0.746268656716418,0.5619070293504445,0.1409512965711485,0.746268656716418,0.746268656716418
2018-05-19 11:30:00,0.11362594906270546,0.746268656716418,0.5753891556497346,0.09795335486823548,0.746268656716418,0.746268656716418
2018-05-19 12:30:00,0.14064735735240932,0.746268656716418,0.5370901499993612,0.17475753733212104,0.746268656716418,0.6794847549111251
2018-05-19 13:30:00,0.07778206740723026,0.746268656716418,0.17794816746312694,0.36672936485221547,0.1862324275984036,0.518927958700358
2018-05-19 14:30:00,0.09922675561526569,0.746268656716418,0.038036821037821265,0.4353844915212677,0.04735462079305324,0.14969302562865747
2018-05-19 15:30:00,0.08058342307222592,0.3367421142521512,0.17792573446833035,0.34618716598330335,0.06298967540782593,0.14835431710974664
2018-05-19 16:30:00,0.3055609042976703,0.51481550387627,0.31265858728945056,0.11467575389231623,0.07493081931796433,0.525323498384405
2018-05-19 17:30:00,0.10236777901290009,0.13830652074763605,0.22301987697939485,0.09147349799073808,0.08787466052777831,0.5675677619102919
2018-05-19 18:30:00,0.015244798988775798,0.0319051067367525,0.019662718753173245,0.00937202090952271,0.02437332387496068,0.07185884497612059
2018-05-19 19:30:00,0.0,0.0,0.0,0.0,0.0,0.0
2018-05-19 20:30:00,0.0,0.0,0.0,0.0,0.0,0.0
2018-05-19 21:30:00,0.0,0.0,0.0,0.0,0.0,0.0
2018-05-19 22:30:00,0.0,0.0,0.0,0.0,0.0,0.0
2018-05-19 23:30:00,0.0,0.0,0.0,0.0,0.0,0.0
2018-05-20 00:30:00,0.0,0.0,0.0,0.0,0.0,0.0
2018-05-20 01:30:00,0.0,0.0,0.0,0.0,0.0,0.0
2018-05-20 02:30:00,0.0,0.0,0.0,0.0,0.0,0.0
2018-05-20 03:30:00,0.0,0.0,0.0,0.0,0.0,0.0
2018-05-20 04:30:00,0.0,0.0,0.0,0.0,0.0,0.0
2018-05-20 05:30:00,0.24065729388459986,0.2933988941198102,0.22867445298576963,0.2570903790893021,0.20808848685394926,0.18353045224158976
2018-05-20 06:30:00,0.016587048935291313,0.6347942523812192,0.6254374687175447,0.017330079489832,0.602466833533114,0.6420507307207658
2018-05-20 07:30:00,0.14523036007350038,0.746268656716418,0.7291442600446684,0.0970410395415326,0.746268656716418,0.746268656716418
2018-05-20 08:30:00,0.12029740091003818,0.746268656716418,0.632464826232316,0.19694430890926976,0.6286752516922778,0.7162120601219616
2018-05-20 09:30:00,0.3087321174484303,0.746268656716418,0.7032797813296124,0.3910504978820612,0.746268656716418,0.6881334637139159
2018-05-20 10:30:00,0.513236046345828,0.746268656716418,0.746268656716418,0.4683326072431636,0.746268656716418,0.746268656716418
2018-05-20 11:30:00,0.2642738823358765,0.7429877376923166,0.5406242186451962,0.746268656716418,0.746268656716418,0.7345112140187505
2018-05-20 12:30:00,0.20065107222261325,0.30923378385971395,0.6319164244662936,0.3851403062411106,0.6186579233637184,0.727050335206665
2018-05-20 13:30:00,0.19915575483747958,0.32655467140414524,0.5359539960319754,0.16827103583457267,0.2732519597621799,0.46516223813046936
2018-05-20 14:30:00,0.5502786802588318,0.746268656716418,0.3574095049949528,0.3742682502023217,0.06554797678166224,0.49098940628062127
2018-05-20 15:30:00,0.08610470430370054,0.746268656716418,0.34420282697195076,0.10995383201688007,0.07306341491294777,0.31522768558030456
2018-05-20 16:30:00,0.08670465002495154,0.3590350332317373,0.36127702286401536,0.4866856544114414,0.0766496395103466,0.4517420920512037
2018-05-20 17:30:00,0.034308130607182276,0.19607386057764675,0.22648130543976452,0.11851591130105042,0.5827932776627336,0.29998715927911784
2018-05-20 18:30:00,0.03649635148170764,0.0377971123233224,0.016430614103212483,0.03774995653552881,0.04430510878873829,0.10813842501178128
2018-05-20 19:30:00,0.0,0.0,0.0,0.0,0.0,0.0
2018-05-20 20:30:00,0.0,0.0,0.0,0.0,0.0,0.0
2018-05-20 21:30:00,0.0,0.0,0.0,0.0,0.0,0.0
2018-05-20 22:30:00,0.0,0.0,0.0,0.0,0.0,0.0
2018-05-20 23:30:00,0.0,0.0,0.0,0.0,0.0,0.0
2018-05-21 00:30:00,0.0,0.0,0.0,0.0,0.0,0.0
2018-05-21 01:30:00,0.0,0.0,0.0,0.0,0.0,0.0
2018-05-21 02:30:00,0.0,0.0,0.0,0.0,0.0,0.0
2018-05-21 03:30:00,0.0,0.0,0.0,0.0,0.0,0.0
2018-05-21 04:30:00,0.0,0.0,0.0,0.0,0.0,0.0
2018-05-21 05:30:00,0.22245319449905349,0.01444589195065863,0.20790506144441068,0.24525321258813584,0.05677882830989371,0.1744049664269618
2018-05-21 06:30:00,0.5902677067722919,0.09027011774103347,0.5843140359107809,0.6014210718339315,0.3074842451221366,0.6226020002713532
2018-05-21 07:30:00,0.7189770029451144,0.37339268513597834,0.7108384924740734,0.7225942887855532,0.4879910264902126,0.746268656716418
2018-05-21 08:30:00,0.6339819036628858,0.5593615551328232,0.746268656716418,0.746268656716418,0.5891072993550522,0.746268656716418
2018-05-21 09:30:00,0.6540677000605629,0.6432221402213653,0.746268656716418,0.7414420701679643,0.6356244632412595,0.746268656716418
2018-05-21 10:30:00,0.6117823384843443,0.5955785760666454,0.746268656716418,0.729336332383808,0.6568984519698298,0.746268656716418
2018-05-21 11:30:00,0.6093600840963785,0.6432220466405401,0.7415109408697695,0.7343954577743211,0.5672830364504151,0.7232418129793358
2018-05-21 12:30:00,0.7419939023316959,0.6801672428435399,0.6165027670355653,0.7433237097610321,0.49440413496399543,0.6596457622770654
2018-05-21 13:30:00,0.28580975573759454,0.6070523348734947,0.5453631474304533,0.746268656716418,0.06069743368470609,0.683382943834668
2018-05-21 14:30:00,0.623554518369628,0.33876898775448155,0.5596871650832322,0.746268656716418,0.3657842827441342,0.6339382143232899
2018-05-21 15:30:00,0.7409215317098901,0.6207408109332956,0.5955499072450432,0.746268656716418,0.48349663115808017,0.2406155912342741
2018-05-21 16:30:00,0.40099356799858543,0.4896154073261236,0.284126732850565,0.6775979161035428,0.2238003505713197,0.42444176696165165
2018-05-21 17:30:00,0.33929293335113964,0.26486618316901944,0.2730703262617695,0.42092916140543285,0.08013511937063772,0.0567370589346029
2018-05-21 18:30:00,0.05974113001869113,0.03324874640957088,0.0846304473746561,0.05829040357064237,0.031937630024015055,0.027043931735678074
2018-05-21 19:30:00,0.0,0.0,0.0,0.0,0.0,0.0
2018-05-21 20:30:00,0.0,0.0,0.0,0.0,0.0,0.0
2018-05-21 21:30:00,0.0,0.0,0.0,0.0,0.0,0.0
2018-05-21 22:30:00,0.0,0.0,0.0,0.0,0.0,0.0
2018-05-21 23:30:00,0.0,0.0,0.0,0.0,0.0,0.0
2018-05-22 00:30:00,0.0,0.0,0.0,0.0,0.0,0.0
2018-05-22 01:30:00,0.0,0.0,0.0,0.0,0.0,0.0
2018-05-22 02:30:00,0.0,0.0,0.0,0.0,0.0,0.0
2018-05-22 03:30:00,0.0,0.0,0.0,0.0,0.0,0.0
2018-05-22 04:30:00,0.0,0.0,0.0,0.0,0.0,0.0
2018-05-22 05:30:00,0.09232496279750088,0.017710572605054053,0.09078922001555972,0.0686195064902953,0.043031983387308646,0.04606324403147389
2018-05-22 06:30:00,0.311787452635267,0.1193120315329014,0.2811663017607304,0.327013444758862,0.27172901095426316,0.590826805923255
2018-05-22 07:30:00,0.5448534039026955,0.3868428647328851,0.7117825400931124,0.5445055269439585,0.47109483915162054,0.7376674046684859
2018-05-22 08:30:00,0.7377552435257154,0.746268656716418,0.746268656716418,0.746268656716418,0.746268656716418,0.746268656716418
2018-05-22 09:30:00,0.746268656716418,0.6627813016983176,0.746268656716418,0.746268656716418,0.746268656716418,0.6622584321138826
2018-05-22 10:30:00,0.746268656716418,0.5185392864377284,0.619830999962374,0.746268656716418,0.746268656716418,0.5964007916506793
2018-05-22 11:30:00,0.746268656716418,0.48611830058336986,0.33389407486170203,0.6717522115657794,0.746268656716418,0.11501624677087777
2018-05-22 12:30:00,0.7108086385457707,0.4805198781069729,0.3939012354728512,0.6379815503573262,0.746268656716418,0.5190347463653191
2018-05-22 13:30:00,0.746268656716418,0.41526530774021486,0.14726527411417392,0.6609885863644956,0.547241327943677,0.746268656716418
2018-05-22 14:30:00,0.5841905074396022,0.41421888715384464,0.3751348600990872,0.746268656716418,0.6571555969729421,0.09386786582227194
2018-05-22 15:30:00,0.07167345381275494,0.6647950781204112,0.007848945886343604,0.6680101419966135,0.38620208324697225,0.7094201529195412
2018-05-22 16:30:00,0.3264786908457321,0.3212891302208388,0.06780945241004853,0.06814948513895612,0.181756257293646,0.13730667086855033
2018-05-22 17:30:00,0.22423622115921335,0.03842949918360679,0.44687613993805075,0.4595480021146618,0.5858813406275943,0.4342499985671756
2018-05-22 18:30:00,0.19855347899787923,0.016789195442185916,0.2575497139120487,0.029784132624328195,0.05766161059314059,0.022172888350310834
2018-05-22 19:30:00,0.0,0.0,0.0,0.0,0.0,0.0
2018-05-22 20:30:00,0.0,0.0,0.0,0.0,0.0,0.0
2018-05-22 21:30:00,0.0,0.0,0.0,0.0,0.0,0.0
2018-05-22 22:30:00,0.0,0.0,0.0,0.0,0.0,0.0
2018-05-22 23:30:00,0.0,0.0,0.0,0.0,0.0,0.0
2018-05-23 00:30:00,0.0,0.0,0.0,0.0,0.0,0.0
2018-05-23 01:30:00,0.0,0.0,0.0,0.0,0.0,0.0
2018-05-23 02:30:00,0.0,0.0,0.0,0.0,0.0,0.0
2018-05-23 03:30:00,0.0,0.0,0.0,0.0,0.0,0.0
2018-05-23 04:30:00,0.0,0.0,0.0,0.0,0.0,0.0
2018-05-23 05:30:00,0.06459812832551737,0.04783313826267189,0.2278663315269655,0.26987126027093844,0.07987502773983438,0.02566533878296825
2018-05-23 06:30:00,0.5897558381626388,0.11336050901020839,0.596973089332089,0.30691156442427164,0.3167897976931971,0.166728442365743
2018-05-23 07:30:00,0.7119488180608549,0.2657188824923429,0.7129375205284523,0.7021702855434743,0.746268656716418,0.3827581980611725
2018-05-23 08:30:00,0.746268656716418,0.5879801032418018,0.746268656716418,0.746268656716418,0.746268656716418,0.746268656716418
2018-05-23 09:30:00,0.746268656716418,0.6347474045803397,0.746268656716418,0.746268656716418,0.746268656716418,0.746268656716418
2018-05-23 10:30:00,0.6191932291960173,0.5419671053758399,0.2932509685696929,0.746268656716418,0.746268656716418,0.746268656716418
2018-05-23 11:30:00,0.746268656716418,0.6463337207573037,0.6066970445468141,0.746268656716418,0.746268656716418,0.746268656716418
2018-05-23 12:30:00,0.27492239779297184,0.746268656716418,0.2592628019200779,0.746268656716418,0.44866064666729455,0.746268656716418
2018-05-23 13:30:00,0.746268656716418,0.746268656716418,0.556049874338138,0.11580773534209227,0.746268656716418,0.746268656716418
2018-05-23 14:30:00,0.746268656716418,0.6279754901793402,0.5110463441428175,0.7363859387696228,0.6157699021602739,0.746268656716418
2018-05-23 15:30:00,0.6188475654178458,0.746268656716418,0.746268656716418,0.714008816161768,0.5982022007502825,0.746268656716418
2018-05-23 16:30:00,0.5053932336211057,0.6596682913681313,0.4566384950967617,0.5233412137856509,0.6320967511756116,0.746268656716418
2018-05-23 17:30:00,0.5294776192196334,0.48017310614064856,0.609858884542702,0.5278831709703294,0.3060996239724105,0.6615673296461417
2018-05-23 18:30:00,0.05655124533758223,0.046592543716525665,0.2617993377215753,0.17944522779598218,0.2064970024576282,0.3170580928215701
2018-05-23 19:30:00,0.0,0.0,0.0,0.0,0.0,0.0
2018-05-23 20:30:00,0.0,0.0,0.0,0.0,0.0,0.0
2018-05-23 21:30:00,0.0,0.0,0.0,0.0,0.0,0.0
2018-05-23 22:30:00,0.0,0.0,0.0,0.0,0.0,0.0
2018-05-23 23:30:00,0.0,0.0,0.0,0.0,0.0,0.0
2018-05-24 00:30:00,0.0,0.0,0.0,0.0,0.0,0.0
2018-05-24 01:30:00,0.0,0.0,0.0,0.0,0.0,0.0
2018-05-24 02:30:00,0.0,0.0,0.0,0.0,0.0,0.0
2018-05-24 03:30:00,0.0,0.0,0.0,0.0,0.0,0.0
2018-05-24 04:30:00,0.0,0.0,0.0,0.0,0.0,0.0
2018-05-24 05:30:00,0.2516028785761631,0.07910123035739366,0.23722117436174228,0.27181864770761116,0.24399017401578094,0.19388857600933823
2018-05-24 06:30:00,0.5971028056753019,0.24957801489850462,0.6128971030383524,0.6053974985171015,0.6346238501345637,0.6277892590971526
2018-05-24 07:30:00,0.7143482888213396,0.7130678838357211,0.7231374879709527,0.717928743819654,0.746268656716418,0.746268656716418
2018-05-24 08:30:00,0.746268656716418,0.746268656716418,0.746268656716418,0.746268656716418,0.746268656716418,0.746268656716418
2018-05-24 09:30:00,0.746268656716418,0.746268656716418,0.746268656716418,0.746268656716418,0.746268656716418,0.746268656716418
2018-05-24 10:30:00,0.7357010829541245,0.7409260111734987,0.746268656716418,0.746268656716418,0.746268656716418,0.746268656716418
2018-05-24 11:30:00,0.7235060534050425,0.7271387412033237,0.5695209926736602,0.7437566473364228,0.746268656716418,0.746268656716418
2018-05-24 12:30:00,0.7194976974771164,0.5395410417517282,0.746268656716418,0.7428392873312449,0.746268656716418,0.746268656716418
2018-05-24 13:30:00,0.5670296380464128,0.23524214679519106,0.746268656716418,0.44993805373540824,0.746268656716418,0.746268656716418
2018-05-24 14:30:00,0.5781158018978997,0.025662278229683488,0.45418206517613025,0.746268656716418,0.6882609680214465,0.6535858797631816
2018-05-24 15:30:00,0.6410634092265401,0.7177462099339296,0.1370765331809035,0.628188983222071,0.746268656716418,0.6670597157976885
2018-05-24 16:30:00,0.12930665777189831,0.6478765510944013,0.5462752245322023,0.46174601499567086,0.7233743680129888,0.746268656716418
2018-05-24 17:30:00,0.558390129012043,0.48996180900959624,0.49319104159622706,0.5506443903143076,0.5940576745999319,0.6520272525486663
2018-05-24 18:30:00,0.19888163883601817,0.12262966510229989,0.2822374922590368,0.057646228961580954,0.06588047899997215,0.32264797685777286
2018-05-24 19:30:00,0.0,0.0,0.0,0.0,0.0,0.0
2018-05-24 20:30:00,0.0,0.0,0.0,0.0,0.0,0.0
2018-05-24 21:30:00,0.0,0.0,0.0,0.0,0.0,0.0
2018-05-24 22:30:00,0.0,0.0,0.0,0.0,0.0,0.0
2018-05-24 23:30:00,0.0,0.0,0.0,0.0,0.0,0.0
2018-05-25 00:30:00,0.0,0.0,0.0,0.0,0.0,0.0
2018-05-25 01:30:00,0.0,0.0,0.0,0.0,0.0,0.0
2018-05-25 02:30:00,0.0,0.0,0.0,0.0,0.0,0.0
2018-05-25 03:30:00,0.0,0.0,0.0,0.0,0.0,0.0
2018-05-25 04:30:00,0.0,0.0,0.0,0.0,0.0,0.0
2018-05-25 05:30:00,0.26033130847061287,0.2837121446197939,0.24904862782176096,0.2790535351347914,0.24662797846734322,0.2038251995460861
2018-05-25 06:30:00,0.6062386885779545,0.5850923838933236,0.6240783331122782,0.6064383737500655,0.642288716539731,0.6394238242384234
2018-05-25 07:30:00,0.714440469671936,0.6895791817183751,0.7253151364983894,0.7105335392069864,0.746268656716418,0.746268656716418
2018-05-25 08:30:00,0.746268656716418,0.739619676002283,0.746268656716418,0.7375086857373578,0.746268656716418,0.746268656716418
2018-05-25 09:30:00,0.746268656716418,0.746268656716418,0.746268656716418,0.7354486700563057,0.746268656716418,0.746268656716418
2018-05-25 10:30:00,0.738567645187069,0.7403893207445096,0.746268656716418,0.7219792257679621,0.746268656716418,0.746268656716418
2018-05-25 11:30:00,0.7261507556868928,0.737726226541603,0.746268656716418,0.7153324506642775,0.746268656716418,0.746268656716418
2018-05-25 12:30:00,0.7289087628104794,0.7380906464850253,0.7450846842657642,0.719146773136681,0.746268656716418,0.746268656716418
2018-05-25 13:30:00,0.7460441224279082,0.5606757883300197,0.746268656716418,0.7320423644506273,0.746268656716418,0.746268656716418
2018-05-25 14:30:00,0.746268656716418,0.7396798878704458,0.746268656716418,0.7433922451510001,0.746268656716418,0.746268656716418
2018-05-25 15:30:00,0.746268656716418,0.5469987602963282,0.746268656716418,0.7425514388106096,0.746268656716418,0.746268656716418
2018-05-25 16:30:00,0.6996199739661662,0.6493799242598126,0.7151982336105437,0.6941490580801922,0.7354514942347309,0.746268656716418
2018-05-25 17:30:00,0.5586557416339643,0.48957065506416847,0.6189040982498668,0.5627614425893338,0.6117368140628711,0.6897327236206424
2018-05-25 18:30:00,0.1975150909801652,0.1263374957621207,0.29332199976517626,0.2110327694637678,0.21546128119127192,0.3504885165567801
2018-05-25 19:30:00,0.0,0.0,0.0,0.0,0.0,0.0
2018-05-25 20:30:00,0.0,0.0,0.0,0.0,0.0,0.0
2018-05-25 21:30:00,0.0,0.0,0.0,0.0,0.0,0.0
2018-05-25 22:30:00,0.0,0.0,0.0,0.0,0.0,0.0
2018-05-25 23:30:00,0.0,0.0,0.0,0.0,0.0,0.0
2018-05-26 00:30:00,0.0,0.0,0.0,0.0,0.0,0.0
2018-05-26 01:30:00,0.0,0.0,0.0,0.0,0.0,0.0
2018-05-26 02:30:00,0.0,0.0,0.0,0.0,0.0,0.0
2018-05-26 03:30:00,0.0,0.0,0.0,0.0,0.0,0.0
2018-05-26 04:30:00,0.0,0.0,0.0,0.0,0.0,0.0
2018-05-26 05:30:00,0.281901883674691,0.3064011030735888,0.26723849420444246,0.29155337651987434,0.2772865248708617,0.2193136993303956
2018-05-26 06:30:00,0.6417831219390525,0.6252101192511003,0.6378502039765743,0.6273406142194792,0.6767931866714036,0.6573498531974796
2018-05-26 07:30:00,0.7391045935183107,0.746268656716418,0.7422040970872472,0.719607739107548,0.5575342436905122,0.746268656716418
2018-05-26 08:30:00,0.746268656716418,0.746268656716418,0.746268656716418,0.7433009035308158,0.5783623440454432,0.746268656716418
2018-05-26 09:30:00,0.746268656716418,0.746268656716418,0.746268656716418,0.7428673297594695,0.5698348966470411,0.746268656716418
2018-05-26 10:30:00,0.746268656716418,0.670758799610082,0.746268656716418,0.7414923468419178,0.6124486140525882,0.746268656716418
2018-05-26 11:30:00,0.6094887661938092,0.6237496048003771,0.6791988773020766,0.7427204904467005,0.5672901480655159,0.746268656716418
2018-05-26 12:30:00,0.6615326561398748,0.6579464829361056,0.6551159806374333,0.746268656716418,0.672639311304274,0.746268656716418
2018-05-26 13:30:00,0.5522054330387327,0.746268656716418,0.3283854588477581,0.5847504884302337,0.5804036550238968,0.7277606214210803
2018-05-26 14:30:00,0.30688475465399156,0.6320412685447254,0.16558388052188486,0.4077967394662437,0.4513891051954898,0.6270834332139963
2018-05-26 15:30:00,0.2807865092337144,0.6727762988764281,0.08866093774657414,0.3570639802010912,0.07947338055242135,0.04078056641345676
2018-05-26 16:30:00,0.2331802597285709,0.668985352263837,0.07637454219112447,0.24717637116259294,0.29088392428877763,0.19178492702496985
2018-05-26 17:30:00,0.23410020663702327,0.26924000157381167,0.17972129354199004,0.12139099574270745,0.24062307860980534,0.41174059396923735
2018-05-26 18:30:00,0.05893018406567689,0.07147264028462297,0.026465185127369062,0.04204718213609316,0.08266671297518906,0.01703396769436637
2018-05-26 19:30:00,0.0,0.0,0.0,0.0,0.0,0.0
2018-05-26 20:30:00,0.0,0.0,0.0,0.0,0.0,0.0
2018-05-26 21:30:00,0.0,0.0,0.0,0.0,0.0,0.0
2018-05-26 22:30:00,0.0,0.0,0.0,0.0,0.0,0.0
2018-05-26 23:30:00,0.0,0.0,0.0,0.0,0.0,0.0
2018-05-27 00:30:00,0.0,0.0,0.0,0.0,0.0,0.0
2018-05-27 01:30:00,0.0,0.0,0.0,0.0,0.0,0.0
2018-05-27 02:30:00,0.0,0.0,0.0,0.0,0.0,0.0
2018-05-27 03:30:00,0.0,0.0,0.0,0.0,0.0,0.0
2018-05-27 04:30:00,0.0,0.0,0.0,0.0,0.0,0.0
2018-05-27 05:30:00,0.05350049550393323,0.041518906025593806,0.21095428271221087,0.08039926815273404,0.19841120539228743,0.1981434243032546
2018-05-27 06:30:00,0.3484734279328958,0.36127058235293563,0.5621678257493585,0.14181023706996035,0.5529071685894631,0.6294179897227914
2018-05-27 07:30:00,0.6021883537057849,0.6698474459967824,0.6922976790161101,0.07638185183955233,0.7132956481321269,0.746268656716418
2018-05-27 08:30:00,0.6915317287121061,0.6037190108879948,0.7381493185688273,0.6925316520512061,0.746268656716418,0.746268656716418
2018-05-27 09:30:00,0.7326599397733876,0.42649545441847264,0.7444720070586974,0.7201985635552739,0.746268656716418,0.746268656716418
2018-05-27 10:30:00,0.6557804729108961,0.35557617309957623,0.6733985841119778,0.7301013255147322,0.746268656716418,0.746268656716418
2018-05-27 11:30:00,0.5341835079403465,0.4752012409564596,0.572666851288419,0.670033691596568,0.746268656716418,0.746268656716418
2018-05-27 12:30:00,0.5776272798479187,0.7304694888210496,0.46162257255001227,0.6380126812124912,0.746268656716418,0.746268656716418
2018-05-27 13:30:00,0.459653038989765,0.6597976874989637,0.3309422093294265,0.05237148881562404,0.746268656716418,0.746268656716418
2018-05-27 14:30:00,0.746268656716418,0.04094353547987882,0.0767996455718762,0.46613470373378385,0.746268656716418,0.746268656716418
2018-05-27 15:30:00,0.05386990568727395,0.04511386749409507,0.11925045687041783,0.014421068724644586,0.746268656716418,0.746268656716418
2018-05-27 16:30:00,0.6799615073620234,0.30375665561167586,0.056931134253860476,0.18733491544000788,0.746268656716418,0.746268656716418
2018-05-27 17:30:00,0.458091070895953,0.0722636748665843,0.20757871640224737,0.06056222542833975,0.6537384699789397,0.664802394930822
2018-05-27 18:30:00,0.06054437608379509,0.043212969221141526,0.10290525501233859,0.0484607598167867,0.24883764465409527,0.3296631150797373
2018-05-27 19:30:00,0.0,0.0,0.0,0.0,0.0,0.0
2018-05-27 20:30:00,0.0,0.0,0.0,0.0,0.0,0.0
2018-05-27 21:30:00,0.0,0.0,0.0,0.0,0.0,0.0
2018-05-27 22:30:00,0.0,0.0,0.0,0.0,0.0,0.0
2018-05-27 23:30:00,0.0,0.0,0.0,0.0,0.0,0.0
2018-05-28 00:30:00,0.0,0.0,0.0,0.0,0.0,0.0
2018-05-28 01:30:00,0.0,0.0,0.0,0.0,0.0,0.0
2018-05-28 02:30:00,0.0,0.0,0.0,0.0,0.0,0.0
2018-05-28 03:30:00,0.0,0.0,0.0,0.0,0.0,0.0
2018-05-28 04:30:00,0.0,-0.0,0.0,0.0,0.0,0.0
2018-05-28 05:30:00,0.23140413644463623,0.28794747421050404,0.24050075269742535,0.2631137152366337,0.255864513026968,0.20685671980983214
2018-05-28 06:30:00,0.020940983932107235,0.009615285214808164,0.5949375008946232,0.08913222797888677,0.6262485812992256,0.6355377892660969
2018-05-28 07:30:00,0.6899902913087946,0.1467261761988158,0.7164958660163652,0.17632296214734428,0.733581500267158,0.562154885430419
2018-05-28 08:30:00,0.746268656716418,0.07595447388278806,0.746268656716418,0.08155995624406608,0.746268656716418,0.5245021068921879
2018-05-28 09:30:00,0.746268656716418,0.22341182934594989,0.6571870523380915,0.1275704090951051,0.746268656716418,0.5340350039907171
2018-05-28 10:30:00,0.3008123503829281,0.3419494364528545,0.4450052525796538,0.22258004875553225,0.746268656716418,0.5711092185115461
2018-05-28 11:30:00,0.5642671768609095,0.711134498488992,0.37841585854915194,0.2509470174196708,0.746268656716418,0.6390974324561076
2018-05-28 12:30:00,0.5652260409756081,0.7200658123462054,0.6490499999088395,0.32171170509652,0.562124621237766,0.7196030305125941
2018-05-28 13:30:00,0.5131556694737017,0.7364654825624599,0.047131394171312416,0.5484800108912894,0.5067311123445314,0.746268656716418
2018-05-28 14:30:00,0.02111008526904461,0.7401730131082309,0.07017886698362376,0.4233930582060961,0.39580736409064726,0.6514388784573448
2018-05-28 15:30:00,0.17913425172736003,0.6710265604118592,0.26373523831739615,0.07247837824585585,0.5062839003233115,0.47948705991662116
2018-05-28 16:30:00,0.05116005657457819,0.46984771426297556,0.09215423284020864,0.34310747123524965,0.746268656716418,0.6888618238379098
2018-05-28 17:30:00,0.18333989337184292,0.49095295341174805,0.32243308796111464,0.059407825903361036,0.6263910465270716,0.6638712483949994
2018-05-28 18:30:00,0.04966042995040139,0.041444239722290825,0.07603421655652907,0.031871446778823725,0.23382506655336613,0.03993699293663626
2018-05-28 19:30:00,0.0,0.0,0.0,0.0,0.0,0.0
2018-05-28 20:30:00,0.0,0.0,0.0,0.0,0.0,0.0
2018-05-28 21:30:00,0.0,0.0,0.0,0.0,0.0,0.0
2018-05-28 22:30:00,0.0,0.0,0.0,0.0,0.0,0.0
2018-05-28 23:30:00,0.0,0.0,0.0,0.0,0.0,0.0
2018-05-29 00:30:00,0.0,0.0,0.0,0.0,0.0,0.0
2018-05-29 01:30:00,0.0,0.0,0.0,0.0,0.0,0.0
2018-05-29 02:30:00,0.0,0.0,0.0,0.0,0.0,0.0
2018-05-29 03:30:00,0.0,0.0,0.0,0.0,0.0,0.0
2018-05-29 04:30:00,0.0,-0.0,0.0,0.0,0.0,0.0
2018-05-29 05:30:00,0.2632339952440814,0.0901515493999419,0.02128102275999545,0.06316888192877729,0.01903801880319135,0.022147313012246875
2018-05-29 06:30:00,0.12600779353561067,0.14044660050912625,0.6118997782036542,0.5993931584491193,0.17121353331167932,0.6158076629630599
2018-05-29 07:30:00,0.7225241805534943,0.05409797118245816,0.7236831245293999,0.7157259651508839,0.37557435957124363,0.74068960770374
2018-05-29 08:30:00,0.746268656716418,0.14366989178217682,0.746268656716418,0.746268656716418,0.29939591949232497,0.746268656716418
2018-05-29 09:30:00,0.746268656716418,0.40683308286281256,0.28513562596382735,0.5222841953885061,0.5728191769326795,0.588683359504456
2018-05-29 10:30:00,0.6578129667296395,0.30164651689013056,0.16605052724475117,0.5756303165536045,0.746268656716418,0.5066565333739116
2018-05-29 11:30:00,0.6553317975342225,0.44843010865535177,0.3970323985507051,0.5673077996260975,0.6723111765598363,0.3534927700576895
2018-05-29 12:30:00,0.5897200394752018,0.7368579326668676,0.18540585221720732,0.6269810701189553,0.5698087893132868,0.43036470649985115
2018-05-29 13:30:00,0.6286062955462767,0.4833667881942347,0.15835821681400797,0.5780474147763812,0.5848278429274323,0.6476243049133974
2018-05-29 14:30:00,0.746268656716418,0.500353844771263,0.4935515362505309,0.6677263913228992,0.746268656716418,0.21142762449090344
2018-05-29 15:30:00,0.491940924017097,0.0833751934022027,0.38517685106883115,0.5430081039276754,0.6758609945864724,0.5492982569236076
2018-05-29 16:30:00,0.44451386471913945,0.47067052959864875,0.14367385916761388,0.5655104864464697,0.7366054478768345,0.746268656716418
2018-05-29 17:30:00,0.23637412714212253,0.4412045317726875,0.10336093406951188,0.2817813882592646,0.3039423268292604,0.23786400080278905
2018-05-29 18:30:00,0.23119026297415962,0.1478916647146383,0.0784969334129975,0.06801628378953278,0.09804801546017528,0.36563386933730796
2018-05-29 19:30:00,0.0,0.0,0.0,0.0,0.0,0.0
2018-05-29 20:30:00,0.0,0.0,0.0,0.0,0.0,0.0
2018-05-29 21:30:00,0.0,0.0,0.0,0.0,0.0,0.0
2018-05-29 22:30:00,0.0,0.0,0.0,0.0,0.0,0.0
2018-05-29 23:30:00,0.0,0.0,0.0,0.0,0.0,0.0
2018-05-30 00:30:00,0.0,0.0,0.0,0.0,0.0,0.0
2018-05-30 01:30:00,0.0,0.0,0.0,0.0,0.0,0.0
2018-05-30 02:30:00,0.0,0.0,0.0,0.0,0.0,0.0
2018-05-30 03:30:00,0.0,0.0,0.0,0.0,0.0,0.0
2018-05-30 04:30:00,0.0,-0.0,0.0,0.0,0.0,0.0
2018-05-30 05:30:00,0.29117162100460603,0.3248839243681519,0.27897289232100686,0.30255820325782423,0.27486111174618216,0.22529057038310163
2018-05-30 06:30:00,0.631650966247646,0.6249328010337765,0.6229563470035948,0.6155081202897348,0.6324991490174047,0.6245240797795516
2018-05-30 07:30:00,0.7322811311687328,0.7292437367620529,0.7244801927379872,0.7218496615075524,0.7444887736172895,0.7413663479950134
2018-05-30 08:30:00,0.746268656716418,0.746268656716418,0.5737715911781626,0.746268656716418,0.746268656716418,0.33216558753642816
2018-05-30 09:30:00,0.746268656716418,0.746268656716418,0.3400705068636704,0.746268656716418,0.746268656716418,0.5804291191481656
2018-05-30 10:30:00,0.746268656716418,0.746268656716418,0.4597919565472938,0.7339361101337722,0.4834188082699357,0.14991554112220867
2018-05-30 11:30:00,0.7376313266270388,0.746268656716418,0.5636932198581762,0.7208228322484649,0.746268656716418,0.746268656716418
2018-05-30 12:30:00,0.7379881340930878,0.746268656716418,0.7449097655938953,0.7198130645126385,0.5972961250157771,0.4077989879085916
2018-05-30 13:30:00,0.6505567206580535,0.45191648236825166,0.5334670909424234,0.7251358288244607,0.5909828577334231,0.40386135549615804
2018-05-30 14:30:00,0.525366695246363,0.746268656716418,0.33193603180171927,0.7348817638741869,0.37155485366430435,0.250985908832476
2018-05-30 15:30:00,0.7083145496316632,0.10044265440334436,0.5510903168955443,0.7272769038947755,0.6043412446480201,0.11192868364580474
2018-05-30 16:30:00,0.06702516520843586,0.0011266898929413623,0.6248583231968281,0.6790021026963168,0.746268656716418,0.687276798625163
2018-05-30 17:30:00,0.026906031952532754,0.06976436673538018,0.021541902747331317,0.004605539408633842,0.25841948261161946,0.6669137384319932
2018-05-30 18:30:00,0.06584381791219307,0.03143131350935137,0.05743514715537458,0.041654923630371765,0.037707032711280924,0.17371318159465998
2018-05-30 19:30:00,0.0,0.0,0.0,0.0,0.0,-0.0
2018-05-30 20:30:00,0.0,0.0,0.0,0.0,0.0,0.0
2018-05-30 21:30:00,0.0,0.0,0.0,0.0,0.0,0.0
2018-05-30 22:30:00,0.0,0.0,0.0,0.0,0.0,0.0
2018-05-30 23:30:00,0.0,0.0,0.0,0.0,0.0,0.0
2018-05-31 00:30:00,0.0,0.0,0.0,0.0,0.0,0.0
2018-05-31 01:30:00,0.0,0.0,0.0,0.0,0.0,0.0
2018-05-31 02:30:00,0.0,0.0,0.0,0.0,0.0,0.0
2018-05-31 03:30:00,0.0,0.0,0.0,0.0,0.0,0.0
2018-05-31 04:30:00,0.0,-0.0,0.0,0.0,0.0,0.0
2018-05-31 05:30:00,0.3065195713947749,0.3228682852223525,0.2700952711752729,0.3152906317787812,0.2916399892035406,0.2184307195936992
2018-05-31 06:30:00,0.6292756481361738,0.6218292784426825,0.6132304583828649,0.6282779570237329,0.6619570330072303,0.47576374697168666
2018-05-31 07:30:00,0.7226052790919666,0.7093764449944449,0.7148291419234934,0.7006437828601401,0.746268656716418,0.746268656716418
2018-05-31 08:30:00,0.746268656716418,0.7384562117702083,0.746268656716418,0.7355227801416749,0.746268656716418,0.746268656716418
2018-05-31 09:30:00,0.7454488440057578,0.7299259727703444,0.746268656716418,0.746268656716418,0.746268656716418,0.746268656716418
2018-05-31 10:30:00,0.744377590213052,0.7265124827087676,0.746268656716418,0.746268656716418,0.746268656716418,0.746268656716418
2018-05-31 11:30:00,0.746268656716418,0.7266883608871099,0.6705069360125051,0.746268656716418,0.746268656716418,0.746268656716418
2018-05-31 12:30:00,0.746268656716418,0.7366852191995954,0.7409368680354341,0.746268656716418,0.746268656716418,0.746268656716418
2018-05-31 13:30:00,0.746268656716418,0.746268656716418,0.746268656716418,0.6726051760699258,0.746268656716418,0.746268656716418
2018-05-31 14:30:00,0.746268656716418,0.746268656716418,0.5805404417493077,0.746268656716418,0.746268656716418,0.746268656716418
2018-05-31 15:30:00,0.746268656716418,0.746268656716418,0.746268656716418,0.746268656716418,0.746268656716418,0.746268656716418
2018-05-31 16:30:00,0.6356375420780809,0.7003459800793853,0.5750349811881157,0.7087287809852828,0.746268656716418,0.6924535267903015
2018-05-31 17:30:00,0.6037673692549946,0.5672261100523877,0.43679925849174117,0.5775343260839937,0.6618272481490702,0.5385423003680609
2018-05-31 18:30:00,0.06913979218706143,0.18097924241909205,0.3364337218564211,0.23779002249818187,0.27489144747252575,0.21375369440658507
2018-05-31 19:30:00,0.0,0.0,0.0,0.0,0.0,-0.0
2018-05-31 20:30:00,0.0,0.0,0.0,0.0,0.0,0.0
2018-05-31 21:30:00,0.0,0.0,0.0,0.0,0.0,0.0
2018-05-31 22:30:00,0.0,0.0,0.0,0.0,0.0,0.0
2018-05-31 23:30:00,0.0,0.0,0.0,0.0,0.0,0.0
2018-06-01 00:30:00,0.0,0.0,0.0,0.0,0.0,0.0
2018-06-01 01:30:00,0.0,0.0,0.0,0.0,0.0,0.0
2018-06-01 02:30:00,0.0,0.0,0.0,0.0,0.0,0.0
2018-06-01 03:30:00,0.0,0.0,0.0,0.0,0.0,0.0
2018-06-01 04:30:00,0.0,-0.0,0.0,0.0,0.0,0.0
2018-06-01 05:30:00,0.3015321228321307,0.30743217293803415,0.2702787679358888,0.31390595427527584,0.28243191861693934,0.21678917636744138
2018-06-01 06:30:00,0.6466378328538359,0.6250373932955026,0.6269379882718026,0.6445840200487742,0.6805717275530948,0.6381039298854696
2018-06-01 07:30:00,0.746268656716418,0.746268656716418,0.7350055755979159,0.746268656716418,0.746268656716418,0.746268656716418
2018-06-01 08:30:00,0.746268656716418,0.746268656716418,0.746268656716418,0.746268656716418,0.746268656716418,0.746268656716418
2018-06-01 09:30:00,0.746268656716418,0.746268656716418,0.746268656716418,0.746268656716418,0.746268656716418,0.746268656716418
2018-06-01 10:30:00,0.746268656716418,0.746268656716418,0.746268656716418,0.746268656716418,0.746268656716418,0.746268656716418
2018-06-01 11:30:00,0.746268656716418,0.746268656716418,0.746268656716418,0.746268656716418,0.746268656716418,0.746268656716418
2018-06-01 12:30:00,0.746268656716418,0.746268656716418,0.746268656716418,0.746268656716418,0.746268656716418,0.746268656716418
2018-06-01 13:30:00,0.746268656716418,0.746268656716418,0.746268656716418,0.746268656716418,0.746268656716418,0.746268656716418
2018-06-01 14:30:00,0.746268656716418,0.746268656716418,0.746268656716418,0.746268656716418,0.746268656716418,0.746268656716418
2018-06-01 15:30:00,0.746268656716418,0.746268656716418,0.6793902983842112,0.746268656716418,0.746268656716418,0.6008515306830012
2018-06-01 16:30:00,0.3423229106850757,0.6917455622943322,0.7293577908493395,0.7063216569397759,0.746268656716418,0.746268656716418
2018-06-01 17:30:00,0.09198784401901242,0.543857855308953,0.6266957613171118,0.3803387743811342,0.6485762653666837,0.6923712984684567
2018-06-01 18:30:00,0.24759181064642793,0.17064193377754813,0.3108950431287649,0.03616347389412571,0.25108964581425086,0.37982954352152987
2018-06-01 19:30:00,0.0,0.0,0.0,0.0,0.0,-0.0
2018-06-01 20:30:00,0.0,0.0,0.0,0.0,0.0,0.0
2018-06-01 21:30:00,0.0,0.0,0.0,0.0,0.0,0.0
2018-06-01 22:30:00,0.0,0.0,0.0,0.0,0.0,0.0
2018-06-01 23:30:00,0.0,0.0,0.0,0.0,0.0,0.0
2018-06-02 00:30:00,0.0,0.0,0.0,0.0,0.0,0.0
2018-06-02 01:30:00,0.0,0.0,0.0,0.0,0.0,0.0
2018-06-02 02:30:00,0.0,0.0,0.0,0.0,0.0,0.0
2018-06-02 03:30:00,0.0,0.0,0.0,0.0,0.0,0.0
2018-06-02 04:30:00,0.0,-0.0,0.0,-0.0,0.0,0.0
2018-06-02 05:30:00,0.30189407604436214,0.33582691474372134,0.29440170906432944,0.31907784101340014,0.27938219193881086,0.24221054366759892
2018-06-02 06:30:00,0.6422267435239094,0.65845855591378,0.6564763228979745,0.6495310437711396,0.651600433208604,0.6697894782617898
2018-06-02 07:30:00,0.746268656716418,0.746268656716418,0.746268656716418,0.746268656716418,0.746268656716418,0.746268656716418
2018-06-02 08:30:00,0.746268656716418,0.746268656716418,0.746268656716418,0.746268656716418,0.746268656716418,0.746268656716418
2018-06-02 09:30:00,0.746268656716418,0.746268656716418,0.746268656716418,0.746268656716418,0.746268656716418,0.746268656716418
2018-06-02 10:30:00,0.746268656716418,0.746268656716418,0.746268656716418,0.746268656716418,0.746268656716418,0.746268656716418
2018-06-02 11:30:00,0.746268656716418,0.746268656716418,0.746268656716418,0.746268656716418,0.746268656716418,0.746268656716418
2018-06-02 12:30:00,0.746268656716418,0.746268656716418,0.746268656716418,0.746268656716418,0.746268656716418,0.746268656716418
2018-06-02 13:30:00,0.746268656716418,0.746268656716418,0.746268656716418,0.746268656716418,0.746268656716418,0.746268656716418
2018-06-02 14:30:00,0.746268656716418,0.746268656716418,0.746268656716418,0.746268656716418,0.746268656716418,0.746268656716418
2018-06-02 15:30:00,0.746268656716418,0.746268656716418,0.746268656716418,0.746268656716418,0.746268656716418,0.746268656716418
2018-06-02 16:30:00,0.7392495085617344,0.694951461269027,0.7339481970489863,0.7226943548796326,0.746268656716418,0.746268656716418
2018-06-02 17:30:00,0.6087437811078132,0.5496217027471386,0.6428197788685012,0.6032275882471134,0.6242051577379283,0.682820396913582
2018-06-02 18:30:00,0.2531546713129459,0.17378322675919022,0.34596181800284986,0.262553416411005,0.24095590316252966,0.39573421797769287
2018-06-02 19:30:00,0.0,0.0,0.0,0.0,0.0,-0.0
2018-06-02 20:30:00,0.0,0.0,0.0,0.0,0.0,0.0
2018-06-02 21:30:00,0.0,0.0,0.0,0.0,0.0,0.0
2018-06-02 22:30:00,0.0,0.0,0.0,0.0,0.0,0.0
2018-06-02 23:30:00,0.0,0.0,0.0,0.0,0.0,0.0
2018-06-03 00:30:00,0.0,0.0,0.0,0.0,0.0,0.0
2018-06-03 01:30:00,0.0,0.0,0.0,0.0,0.0,0.0
2018-06-03 02:30:00,0.0,0.0,0.0,0.0,0.0,0.0
2018-06-03 03:30:00,0.0,0.0,0.0,0.0,0.0,0.0
2018-06-03 04:30:00,0.0,-0.0,0.0,-0.0,0.0,0.0
2018-06-03 05:30:00,0.060558523759196126,0.27328188986191304,0.0846992120634954,0.2843356591108482,0.030927426077147317,0.05477716110683496
2018-06-03 06:30:00,0.2578611490439951,0.5669728516918489,0.3590092593194309,0.2324235764810031,0.00769651300005483,0.06332796682800514
2018-06-03 07:30:00,0.39987941442332076,0.6746044327664297,0.35504902007018374,0.6992757990244385,0.1743142095754351,0.17575266040662507
2018-06-03 08:30:00,0.15273351695104892,0.7147612375413075,0.49618831461652474,0.7452880873355382,0.16495224946297538,0.7135950757154677
2018-06-03 09:30:00,0.23519795123364898,0.5476577354042921,0.6103559608091146,0.746268656716418,0.4126762749796195,0.746268656716418
2018-06-03 10:30:00,0.38504380515967596,0.5042713838122989,0.6301607230981938,0.746268656716418,0.40094550593424666,0.48587026613476963
2018-06-03 11:30:00,0.5748637579866209,0.5119838297840168,0.570603593673922,0.6819890275247881,0.04503075018636048,0.31065981972664525
2018-06-03 12:30:00,0.4297319690021215,0.2849944447807257,0.4286613402947989,0.746268656716418,0.04484856778750195,0.18567253437780362
2018-06-03 13:30:00,0.332706546700952,0.4618112841994516,0.20008182906621533,0.5410481427034896,0.10546098777582605,0.029206168490978648
2018-06-03 14:30:00,0.3022341864236696,0.44967188287597026,0.16695562514573065,0.3339858538285705,0.13987670831742066,0.1540969525149621
2018-06-03 15:30:00,0.20263661322984136,0.1270359803168723,0.1415054469921424,0.17460225137352858,0.05598110233989832,0.21402718575603397
2018-06-03 16:30:00,0.4034447557353192,0.1284699517742588,0.05089040923074398,0.2146773749027154,0.04490548180797346,0.30617648676414144
2018-06-03 17:30:00,0.47496269527942436,0.07551827173629344,0.11256404259790678,0.10169174969917325,0.5490413095271771,0.40159801859966887
2018-06-03 18:30:00,0.0863343936487949,0.029878380039915733,0.030352473764156535,0.05874587087278516,0.03591985487985519,0.015580786888711595
2018-06-03 19:30:00,0.0,0.0,0.0,0.0,0.0,-0.0
2018-06-03 20:30:00,0.0,0.0,0.0,0.0,0.0,0.0
2018-06-03 21:30:00,0.0,0.0,0.0,0.0,0.0,0.0
2018-06-03 22:30:00,0.0,0.0,0.0,0.0,0.0,0.0
2018-06-03 23:30:00,0.0,0.0,0.0,0.0,0.0,0.0
2018-06-04 00:30:00,0.0,0.0,0.0,0.0,0.0,0.0
2018-06-04 01:30:00,0.0,0.0,0.0,0.0,0.0,0.0
2018-06-04 02:30:00,0.0,0.0,0.0,0.0,0.0,0.0
2018-06-04 03:30:00,0.0,0.0,0.0,0.0,0.0,0.0
2018-06-04 04:30:00,0.0,-0.0,0.0,-0.0,0.0,0.0
2018-06-04 05:30:00,0.2851580615231692,0.29220342271264027,0.2728247095826514,0.30193094087193595,0.2813528176719258,0.2343802063380189
2018-06-04 06:30:00,0.6082189382964508,0.5830512067555064,0.6161073923910808,0.6112030526981251,0.6589627018033624,0.634505209422113
2018-06-04 07:30:00,0.7181548960186247,0.6995335042423081,0.7161779272196483,0.7156369583659015,0.746268656716418,0.746268656716418
2018-06-04 08:30:00,0.746268656716418,0.743935113450743,0.746268656716418,0.7441940809914558,0.746268656716418,0.746268656716418
2018-06-04 09:30:00,0.746268656716418,0.746268656716418,0.746268656716418,0.738936364475081,0.746268656716418,0.746268656716418
2018-06-04 10:30:00,0.746268656716418,0.7449687328269131,0.746268656716418,0.7308382526540804,0.746268656716418,0.746268656716418
2018-06-04 11:30:00,0.746268656716418,0.7363863307036365,0.746268656716418,0.7239592646870725,0.746268656716418,0.746268656716418
2018-06-04 12:30:00,0.7457459801149859,0.740029494889542,0.7427048191269157,0.728076826359324,0.746268656716418,0.746268656716418
2018-06-04 13:30:00,0.746268656716418,0.746268656716418,0.3246060613535585,0.7426253740252764,0.746268656716418,0.3411953665625165
2018-06-04 14:30:00,0.746268656716418,0.746268656716418,0.5955128568891369,0.15406947994570094,0.746268656716418,0.6431455745474615
2018-06-04 15:30:00,0.6340755838986805,0.7418614493153917,0.5853252943715905,0.6768060918943004,0.13404407944891936,0.35412601577880126
2018-06-04 16:30:00,0.586818821014851,0.6817950974617546,0.5423110040390927,0.2049262398604031,0.6057559494771912,0.4305965424879627
2018-06-04 17:30:00,0.350997568331124,0.5356684701607659,0.3654968763733676,0.575263854850704,0.5996685599272652,0.2456312115764687
2018-06-04 18:30:00,0.10037937283682717,0.17273459106201486,0.11337503644150347,0.04403318244349811,0.1275056688891319,0.20952884831221846
2018-06-04 19:30:00,0.0,0.0,-0.0,0.0,0.0,-0.0
2018-06-04 20:30:00,0.0,0.0,0.0,0.0,0.0,0.0
2018-06-04 21:30:00,0.0,0.0,0.0,0.0,0.0,0.0
2018-06-04 22:30:00,0.0,0.0,0.0,0.0,0.0,0.0
2018-06-04 23:30:00,0.0,0.0,0.0,0.0,0.0,0.0
2018-06-05 00:30:00,0.0,0.0,0.0,0.0,0.0,0.0
2018-06-05 01:30:00,0.0,0.0,0.0,0.0,0.0,0.0
2018-06-05 02:30:00,0.0,0.0,0.0,0.0,0.0,0.0
2018-06-05 03:30:00,0.0,0.0,0.0,0.0,0.0,0.0
2018-06-05 04:30:00,0.0,-0.0,0.0,-0.0,0.0,0.0
2018-06-05 05:30:00,0.3003814008630673,0.3272987680311448,0.2834703473778246,0.3115230816530789,0.2828163196684844,0.23343182003133975
2018-06-05 06:30:00,0.6271152619566943,0.6143349995315855,0.6076651878755355,0.6126827503864778,0.6385420059800884,0.6303818016196392
2018-06-05 07:30:00,0.7269908328044852,0.7133839647960929,0.7044561250451554,0.7097639811347755,0.746268656716418,0.746268656716418
2018-06-05 08:30:00,0.746268656716418,0.746268656716418,0.7462361634077923,0.7444461036603014,0.746268656716418,0.746268656716418
2018-06-05 09:30:00,0.746268656716418,0.746268656716418,0.746268656716418,0.7413831483945048,0.746268656716418,0.746268656716418
2018-06-05 10:30:00,0.7271216138913262,0.746268656716418,0.6601008426673172,0.7351040314007145,0.746268656716418,0.746268656716418
2018-06-05 11:30:00,0.7086774058808807,0.7356786199258825,0.727585281629483,0.7252288702093181,0.746268656716418,0.7059321670108275
2018-06-05 12:30:00,0.7017790485707366,0.7349512902609905,0.6218793499688261,0.7242954574786173,0.746268656716418,0.746268656716418
2018-06-05 13:30:00,0.5858871179338304,0.7402824139799167,0.29604696335477654,0.7292669869976233,0.746268656716418,0.7315923461361864
2018-06-05 14:30:00,0.2051118285720191,0.7419922194394039,0.4264010391371438,0.7299646192535996,0.746268656716418,0.746268656716418
2018-06-05 15:30:00,0.15362092895557966,0.5698465062080789,0.5818750216891564,0.6285139119778246,0.746268656716418,0.746268656716418
2018-06-05 16:30:00,0.19798057475302167,0.6594952398386701,0.703384825042173,0.27313789054747306,0.5120789986441744,0.746268656716418
2018-06-05 17:30:00,0.17484293832421186,0.1514356164366002,0.39865058182101226,0.11239666617955965,0.4403355522314924,0.5939242054251095
2018-06-05 18:30:00,0.05234645617963633,0.07169882487361989,0.1342967466848185,0.102011188026372,0.11936842056896153,0.3024505134073607
2018-06-05 19:30:00,0.0,0.0,-0.0,0.0,0.0,-0.0
2018-06-05 20:30:00,0.0,0.0,0.0,0.0,0.0,0.0
2018-06-05 21:30:00,0.0,0.0,0.0,0.0,0.0,0.0
2018-06-05 22:30:00,0.0,0.0,0.0,0.0,0.0,0.0
2018-06-05 23:30:00,0.0,0.0,0.0,0.0,0.0,0.0
2018-06-06 00:30:00,0.0,0.0,0.0,0.0,0.0,0.0
2018-06-06 01:30:00,0.0,0.0,0.0,0.0,0.0,0.0
2018-06-06 02:30:00,0.0,0.0,0.0,0.0,0.0,0.0
2018-06-06 03:30:00,0.0,0.0,0.0,0.0,0.0,0.0
2018-06-06 04:30:00,0.0,-0.0,0.0,-0.0,0.0,0.0
2018-06-06 05:30:00,0.152133330309115,0.08857881555019746,0.09312649951199593,0.10917354433816698,0.11392200571449941,0.23687052302509304
2018-06-06 06:30:00,0.6173842548135298,0.5794328109716225,0.44969891072328116,0.6265971954524328,0.6470870863015621,0.6276721264133862
2018-06-06 07:30:00,0.725627087607694,0.6929366061706377,0.48900435068017933,0.7349039026853698,0.41425079234031176,0.746268656716418
2018-06-06 08:30:00,0.746268656716418,0.73731251709622,0.6214788742999264,0.746268656716418,0.6334952114345443,0.746268656716418
2018-06-06 09:30:00,0.746268656716418,0.7426599731261097,0.6592098509190294,0.746268656716418,0.6151753843367228,0.746268656716418
2018-06-06 10:30:00,0.6953754434720768,0.7335923377220676,0.6665408007642558,0.6655452228541568,0.6493861187199854,0.746268656716418
2018-06-06 11:30:00,0.746268656716418,0.6306189711364653,0.6854260687720222,0.6666711388814215,0.6223372415213133,0.746268656716418
2018-06-06 12:30:00,0.746268656716418,0.6483620062337543,0.6826791456980228,0.746268656716418,0.6278022151251204,0.746268656716418
2018-06-06 13:30:00,0.708344252048286,0.6430828606670502,0.612979827488824,0.746268656716418,0.6387906627495976,0.7237116951868232
2018-06-06 14:30:00,0.11193501708735887,0.5333603550275267,0.6739426752883007,0.746268656716418,0.746268656716418,0.746268656716418
2018-06-06 15:30:00,0.4990702303023504,0.34427182647734544,0.0233962132716749,0.6556776470788318,0.6461398022359144,0.746268656716418
2018-06-06 16:30:00,0.328911488189601,0.26915934851709983,0.22136600326913497,0.5122891160688876,0.5237708526340016,0.5435853684773987
2018-06-06 17:30:00,0.49985454105208266,0.2824351229800398,0.2547428979133983,-0.0,0.4242593845173453,0.5534530715652503
2018-06-06 18:30:00,0.038626290086401845,0.048350346835787074,0.11199392770357257,0.01970837502844602,0.09650036504029585,0.14343599843846525
2018-06-06 19:30:00,0.0,0.0,-0.0,0.0,0.0,-0.0
2018-06-06 20:30:00,0.0,0.0,0.0,0.0,0.0,0.0
2018-06-06 21:30:00,0.0,0.0,0.0,0.0,0.0,0.0
2018-06-06 22:30:00,0.0,0.0,0.0,0.0,0.0,0.0
2018-06-06 23:30:00,0.0,0.0,0.0,0.0,0.0,0.0
2018-06-07 00:30:00,0.0,0.0,0.0,0.0,0.0,0.0
2018-06-07 01:30:00,0.0,0.0,0.0,0.0,0.0,0.0
2018-06-07 02:30:00,0.0,0.0,0.0,0.0,0.0,0.0
2018-06-07 03:30:00,0.0,0.0,0.0,0.0,0.0,0.0
2018-06-07 04:30:00,0.0,-0.0,0.0,-0.0,0.0,0.0
2018-06-07 05:30:00,0.14664280852718814,0.3100606061680222,0.2988676875996545,0.08029497443610566,0.030877677003361824,0.0599185699461522
2018-06-07 06:30:00,0.6467818989084637,0.6223375848706172,0.6290882581431706,0.63807473944486,0.3273771565334322,0.6307453727941452
2018-06-07 07:30:00,0.746268656716418,0.746268656716418,0.7243265735765517,0.746268656716418,0.746268656716418,0.746268656716418
2018-06-07 08:30:00,0.746268656716418,0.746268656716418,0.557620934181797,0.746268656716418,0.746268656716418,0.746268656716418
2018-06-07 09:30:00,0.746268656716418,0.6506028146529864,0.746268656716418,0.746268656716418,0.746268656716418,0.746268656716418
2018-06-07 10:30:00,0.5619259574792617,0.746268656716418,0.746268656716418,0.746268656716418,0.746268656716418,0.746268656716418
2018-06-07 11:30:00,0.734905069846558,0.5350298739444181,0.739086424315882,0.7270582624682658,0.746268656716418,0.746268656716418
2018-06-07 12:30:00,0.6432560855533865,0.5950898977670874,0.735599990774558,0.6244651923258164,0.6360157312228502,0.746268656716418
2018-06-07 13:30:00,0.6471588505062634,0.746268656716418,0.7423046546168584,0.6349303840230217,0.746268656716418,0.746268656716418
2018-06-07 14:30:00,0.09904625429219432,0.746268656716418,0.746268656716418,0.6269635548980325,0.746268656716418,0.746268656716418
2018-06-07 15:30:00,0.5560107276508691,0.6810529987707555,0.746268656716418,0.746268656716418,0.6238423597595599,0.746268656716418
2018-06-07 16:30:00,0.37512743182495967,0.4752703710022138,0.7128857999553629,0.34682198876245524,0.7159362759018488,0.746268656716418
2018-06-07 17:30:00,0.2759809605332001,0.4461623278533699,0.623327275747832,0.5737528794297628,0.5699215360706366,0.6947917131395072
2018-06-07 18:30:00,0.12258443077508206,0.02892030925852864,0.3555592343782559,0.2624390878259725,0.22936079846436822,0.4153421836535535
2018-06-07 19:30:00,0.0,0.0,-0.0,0.0,0.0,-0.0
2018-06-07 20:30:00,0.0,0.0,0.0,0.0,0.0,0.0
2018-06-07 21:30:00,0.0,0.0,0.0,0.0,0.0,0.0
2018-06-07 22:30:00,0.0,0.0,0.0,0.0,0.0,0.0
2018-06-07 23:30:00,0.0,0.0,0.0,0.0,0.0,0.0
2018-06-08 00:30:00,0.0,0.0,0.0,0.0,0.0,0.0
2018-06-08 01:30:00,0.0,0.0,0.0,0.0,0.0,0.0
2018-06-08 02:30:00,0.0,0.0,0.0,0.0,0.0,0.0
2018-06-08 03:30:00,0.0,0.0,0.0,0.0,0.0,0.0
2018-06-08 04:30:00,0.0,-0.0,0.0,-0.0,0.0,0.0
2018-06-08 05:30:00,0.3029338176017964,0.30987195763304765,0.2950374884046567,0.3381648023779672,0.2958328452069866,0.2323912704225101
2018-06-08 06:30:00,0.6230813735135611,0.6032667407388317,0.6196413339864678,0.6474699234930502,0.6503516903600749,0.6278895136215444
2018-06-08 07:30:00,0.719153264585083,0.7136333032828303,0.7198616772707739,0.737197548987427,0.746268656716418,0.746268656716418
2018-06-08 08:30:00,0.746268656716418,0.7458113816775604,0.746268656716418,0.746268656716418,0.746268656716418,0.746268656716418
2018-06-08 09:30:00,0.7462096012858525,0.7446916357107546,0.746268656716418,0.7434544496842311,0.746268656716418,0.746268656716418
2018-06-08 10:30:00,0.7423331833443654,0.7304147358791564,0.746268656716418,0.7254983840059483,0.6932743087483405,0.746268656716418
2018-06-08 11:30:00,0.6868591916448057,0.7188080256212471,0.6482405458987307,0.6310126277610594,0.746268656716418,0.746268656716418
2018-06-08 12:30:00,0.5937935092910374,0.7135620800658784,0.6768771985886186,0.7351680241183156,0.746268656716418,0.746268656716418
2018-06-08 13:30:00,0.4883280531112687,0.7283720653223542,0.7436485022075832,0.5996171478630874,0.746268656716418,0.746268656716418
2018-06-08 14:30:00,0.42804170427912286,0.7361613668967733,0.746268656716418,0.5526007962287899,0.37430183059131306,0.746268656716418
2018-06-08 15:30:00,0.5174011995276533,0.7286207419957035,0.746268656716418,0.2852731439480951,0.746268656716418,0.746268656716418
2018-06-08 16:30:00,0.6683750232902463,0.2627816059913276,0.7173279407852798,0.6979481078070517,0.746268656716418,0.746268656716418
2018-06-08 17:30:00,0.5476482768795541,0.07211843292600853,0.6287057542713289,0.20843411426679703,0.637743895465321,0.6881125569933898
2018-06-08 18:30:00,0.24301428467091413,0.06283890607380171,0.3635775843423226,0.2618265338927284,0.28319093881993657,0.4143346253267411
2018-06-08 19:30:00,0.0,0.0,-0.0,0.0,0.0,-0.0
2018-06-08 20:30:00,0.0,0.0,0.0,0.0,0.0,0.0
2018-06-08 21:30:00,0.0,0.0,0.0,0.0,0.0,0.0
2018-06-08 22:30:00,0.0,0.0,0.0,0.0,0.0,0.0
2018-06-08 23:30:00,0.0,0.0,0.0,0.0,0.0,0.0
2018-06-09 00:30:00,0.0,0.0,0.0,0.0,0.0,0.0
2018-06-09 01:30:00,0.0,0.0,0.0,0.0,0.0,0.0
2018-06-09 02:30:00,0.0,0.0,0.0,0.0,0.0,0.0
2018-06-09 03:30:00,0.0,0.0,0.0,0.0,0.0,0.0
2018-06-09 04:30:00,0.0,-0.0,0.0,-0.0,0.0,0.0
2018-06-09 05:30:00,0.313099681451668,0.3394079310368098,0.2961501931236789,0.33278715104610085,0.26732544542878006,0.2187359213865927
2018-06-09 06:30:00,0.6441500481483317,0.6323467863237523,0.6221839906517075,0.6451050382393528,0.6109029416089444,0.5975730575204483
2018-06-09 07:30:00,0.7431115422146457,0.7383634648970937,0.7228933151333374,0.7354319514406564,0.7370029572661932,0.7314626539047572
2018-06-09 08:30:00,0.746268656716418,0.746268656716418,0.746268656716418,0.746268656716418,0.746268656716418,0.746268656716418
2018-06-09 09:30:00,0.746268656716418,0.746268656716418,0.746268656716418,0.746268656716418,0.746268656716418,0.746268656716418
2018-06-09 10:30:00,0.746268656716418,0.746268656716418,0.746268656716418,0.7257258644002194,0.746268656716418,0.746268656716418
2018-06-09 11:30:00,0.7244237813040549,0.7350338316923485,0.7412490359432071,0.7120166635919285,0.746268656716418,0.746268656716418
2018-06-09 12:30:00,0.7188733375013194,0.7199611604381774,0.7340303479419278,0.7191866401857843,0.746268656716418,0.746268656716418
2018-06-09 13:30:00,0.738111024427111,0.7214398951629182,0.7406215762040468,0.7346926837808688,0.746268656716418,0.746268656716418
2018-06-09 14:30:00,0.6064813316807403,0.7371961510053713,0.746268656716418,0.746268656716418,0.5657187279752679,0.746268656716418
2018-06-09 15:30:00,0.34723161280956516,0.7353870391048756,0.746268656716418,0.746268656716418,0.5053201422273418,0.746268656716418
2018-06-09 16:30:00,0.4251980375951145,0.6786916896922003,0.7094959849676056,0.7075680191260433,0.4607713469719278,0.746268656716418
2018-06-09 17:30:00,0.5387624266078286,0.5379050131742719,0.6224661775884012,0.5877427566135082,0.5047738064081553,0.6804750264745346
2018-06-09 18:30:00,0.0982618636477219,0.192139419037106,0.3455933937954882,0.2683304280616315,0.24333889975774764,0.38691283154285083
2018-06-09 19:30:00,0.0,0.0,-0.0,0.0,0.0,-0.0
2018-06-09 20:30:00,0.0,0.0,0.0,0.0,0.0,0.0
2018-06-09 21:30:00,0.0,0.0,0.0,0.0,0.0,0.0
2018-06-09 22:30:00,0.0,0.0,0.0,0.0,0.0,0.0
2018-06-09 23:30:00,0.0,0.0,0.0,0.0,0.0,0.0
2018-06-10 00:30:00,0.0,0.0,0.0,0.0,0.0,0.0
2018-06-10 01:30:00,0.0,0.0,0.0,0.0,0.0,0.0
2018-06-10 02:30:00,0.0,0.0,0.0,0.0,0.0,0.0
2018-06-10 03:30:00,0.0,0.0,0.0,0.0,0.0,0.0
2018-06-10 04:30:00,0.0,-0.0,0.0,-0.0,0.0,0.0
2018-06-10 05:30:00,0.2796148554502906,0.08245462964832469,0.2829949602677457,0.29370183839579533,0.028873574208530574,0.2327286137110507
2018-06-10 06:30:00,0.32796212429868,0.3173658648657381,0.6201966799554078,0.6088040112371444,0.1822527917838965,0.6369942396856395
2018-06-10 07:30:00,0.5493402135575814,0.24523197144689815,0.7269892961584122,0.7335866221241863,0.046507658083153165,0.746268656716418
2018-06-10 08:30:00,0.4505209164250625,0.34806845337132086,0.746268656716418,0.746268656716418,0.4758179464128485,0.746268656716418
2018-06-10 09:30:00,0.6875816733385799,0.32915058330382757,0.746268656716418,0.746268656716418,0.746268656716418,0.746268656716418
2018-06-10 10:30:00,0.746268656716418,0.6174087248283991,0.6366833766087722,0.746268656716418,0.746268656716418,0.746268656716418
2018-06-10 11:30:00,0.746268656716418,0.7375540694521165,0.746268656716418,0.7376021453250967,0.746268656716418,0.746268656716418
2018-06-10 12:30:00,0.746268656716418,0.7404388744631057,0.6373463879046938,0.7271511244551578,0.746268656716418,0.746268656716418
2018-06-10 13:30:00,0.7457707177564598,0.746268656716418,0.5537690069876496,0.7270299536453912,0.746268656716418,0.746268656716418
2018-06-10 14:30:00,0.7435078539725392,0.746268656716418,0.746268656716418,0.728002848260619,0.746268656716418,0.746268656716418
2018-06-10 15:30:00,0.5321201842920416,0.36840045447252445,0.746268656716418,0.662079293379165,0.746268656716418,0.746268656716418
2018-06-10 16:30:00,0.6105860378680851,0.6677480742514412,0.6986990607048463,0.6708987352949524,0.746268656716418,0.746268656716418
2018-06-10 17:30:00,0.569315551387285,0.5112792926960129,0.6036398392795447,0.5567909209984248,0.6165594348042553,0.6758049682674235
2018-06-10 18:30:00,0.26140258109362147,0.16523077403588676,0.33188673351119086,0.1218247428351418,0.26240681469731764,0.39145298052116395
2018-06-10 19:30:00,0.0,0.0,-0.0,0.0,0.0,-0.0
2018-06-10 20:30:00,0.0,0.0,0.0,0.0,0.0,0.0
2018-06-10 21:30:00,0.0,0.0,0.0,0.0,0.0,0.0
2018-06-10 22:30:00,0.0,0.0,0.0,0.0,0.0,0.0
2018-06-10 23:30:00,0.0,0.0,0.0,0.0,0.0,0.0
2018-06-11 00:30:00,0.0,0.0,0.0,0.0,0.0,0.0
2018-06-11 01:30:00,0.0,0.0,0.0,0.0,0.0,0.0
2018-06-11 02:30:00,0.0,0.0,0.0,0.0,0.0,0.0
2018-06-11 03:30:00,0.0,0.0,0.0,0.0,0.0,0.0
2018-06-11 04:30:00,0.0,-0.0,0.0,-0.0,0.0,0.0
2018-06-11 05:30:00,0.2712198656946475,0.3268419865201652,0.2790445291373837,0.2984843890376087,0.27548003360335777,0.22469631214858332
2018-06-11 06:30:00,0.5913708184399787,0.639074827497559,0.6229450037691876,0.6242045095547254,0.6278774291889454,0.6153075670467584
2018-06-11 07:30:00,0.7171554773266864,0.746268656716418,0.7404387939198253,0.746268656716418,0.7368999837404614,0.746268656716418
2018-06-11 08:30:00,0.746268656716418,0.746268656716418,0.746268656716418,0.746268656716418,0.746268656716418,0.746268656716418
2018-06-11 09:30:00,0.746268656716418,0.746268656716418,0.746268656716418,0.746268656716418,0.746268656716418,0.746268656716418
2018-06-11 10:30:00,0.746268656716418,0.746268656716418,0.746268656716418,0.746268656716418,0.746268656716418,0.746268656716418
2018-06-11 11:30:00,0.746268656716418,0.746268656716418,0.746268656716418,0.746268656716418,0.746268656716418,0.746268656716418
2018-06-11 12:30:00,0.746268656716418,0.746268656716418,0.746268656716418,0.746268656716418,0.746268656716418,0.746268656716418
2018-06-11 13:30:00,0.746268656716418,0.746268656716418,0.746268656716418,0.746268656716418,0.746268656716418,0.746268656716418
2018-06-11 14:30:00,0.746268656716418,0.746268656716418,0.746268656716418,0.746268656716418,0.746268656716418,0.746268656716418
2018-06-11 15:30:00,0.746268656716418,0.746268656716418,0.746268656716418,0.746268656716418,0.746268656716418,0.746268656716418
2018-06-11 16:30:00,0.7007927836144796,0.691900295302839,0.7297673372227553,0.7224092878090178,0.7340268523642846,0.746268656716418
2018-06-11 17:30:00,0.5763198832763404,0.5468645869538385,0.6398767145534101,0.5924378645295044,0.6083552895881271,0.6806457508204656
2018-06-11 18:30:00,0.2661152561451085,0.18947464599091515,0.37027857713617973,0.2759455163396201,0.26963155024366847,0.39295870411400086
2018-06-11 19:30:00,0.0,0.0,-0.0,0.0,0.0,-0.0
2018-06-11 20:30:00,0.0,0.0,0.0,0.0,0.0,0.0
2018-06-11 21:30:00,0.0,0.0,0.0,0.0,0.0,0.0
2018-06-11 22:30:00,0.0,0.0,0.0,0.0,0.0,0.0
2018-06-11 23:30:00,0.0,0.0,0.0,0.0,0.0,0.0
2018-06-12 00:30:00,0.0,0.0,0.0,0.0,0.0,0.0
2018-06-12 01:30:00,0.0,0.0,0.0,0.0,0.0,0.0
2018-06-12 02:30:00,0.0,0.0,0.0,0.0,0.0,0.0
2018-06-12 03:30:00,0.0,0.0,0.0,0.0,0.0,0.0
2018-06-12 04:30:00,0.0,-0.0,0.0,-0.0,0.0,0.0
2018-06-12 05:30:00,0.20887316459998298,0.27231253262152133,0.20958147157878096,0.25419790872058234,0.26998117510851655,0.18588458853088766
2018-06-12 06:30:00,0.5080187924494631,0.5523970801816325,0.5219028185017796,0.574491632067771,0.615136220382106,0.5417705435159549
2018-06-12 07:30:00,0.6662334873982705,0.6702332650510672,0.652175665486543,0.7256653250747882,0.7311751586454642,0.6811500967072579
2018-06-12 08:30:00,0.7325867472667997,0.7214020256480083,0.7151744172754101,0.746268656716418,0.746268656716418,0.746268656716418
2018-06-12 09:30:00,0.7417651511712279,0.7329067617957619,0.7300067122507397,0.746268656716418,0.746268656716418,0.746268656716418
2018-06-12 10:30:00,0.7393059021888713,0.7288224056596777,0.7231778441251324,0.746268656716418,0.746268656716418,0.746268656716418
2018-06-12 11:30:00,0.746268656716418,0.7241209053702261,0.7326872957149626,0.746268656716418,0.746268656716418,0.746268656716418
2018-06-12 12:30:00,0.746268656716418,0.723452005090943,0.7294520630221474,0.746268656716418,0.746268656716418,0.746268656716418
2018-06-12 13:30:00,0.746268656716418,0.7286454260740347,0.7344661541991842,0.746268656716418,0.746268656716418,0.6867645757854451
2018-06-12 14:30:00,0.746268656716418,0.742455659909273,0.7414071141037607,0.746268656716418,0.746268656716418,0.6529251683129016
2018-06-12 15:30:00,0.7262289783160633,0.7220035533145802,0.5760522290693203,0.746268656716418,0.6896162727053781,0.6393688120184208
2018-06-12 16:30:00,0.6516957997395197,0.6486932178249372,0.6596605875475721,0.6500067323603992,0.2669064653322687,0.7024724958020928
2018-06-12 17:30:00,0.5056335658406245,0.48846638957661115,0.4166933126951006,0.3707891142146064,0.4730553923109843,0.3010218784336485
2018-06-12 18:30:00,0.11796643772337344,0.05885612924812585,0.1715385891599556,0.25699293384264177,0.20215496551787898,0.13873731553384883
2018-06-12 19:30:00,0.0,0.0,-0.0,0.0,0.0,-0.0
2018-06-12 20:30:00,0.0,0.0,0.0,0.0,0.0,0.0
2018-06-12 21:30:00,0.0,0.0,0.0,0.0,0.0,0.0
2018-06-12 22:30:00,0.0,0.0,0.0,0.0,0.0,0.0
2018-06-12 23:30:00,0.0,0.0,0.0,0.0,0.0,0.0
2018-06-13 00:30:00,0.0,0.0,0.0,0.0,0.0,0.0
2018-06-13 01:30:00,0.0,0.0,0.0,0.0,0.0,0.0
2018-06-13 02:30:00,0.0,0.0,0.0,0.0,0.0,0.0
2018-06-13 03:30:00,0.0,0.0,0.0,0.0,0.0,0.0
2018-06-13 04:30:00,0.0,-0.0,0.0,-0.0,0.0,0.0
2018-06-13 05:30:00,0.2490606619537225,0.037077746565064774,0.27696396852077004,0.26828058865371684,0.23020115821633405,0.23365890174284612
2018-06-13 06:30:00,0.5730451261650665,0.3596891594057004,0.6065471288531042,0.5692591075718842,0.5784012637299849,0.6204269372076753
2018-06-13 07:30:00,0.6998079457811247,0.6673769713392858,0.7060026018691645,0.6929338301050978,0.7116490998745865,0.7350415491279045
2018-06-13 08:30:00,0.7453272428808604,0.7378199326950049,0.746268656716418,0.7411443910245512,0.746268656716418,0.746268656716418
2018-06-13 09:30:00,0.746268656716418,0.746268656716418,0.746268656716418,0.7347999180994131,0.746268656716418,0.746268656716418
2018-06-13 10:30:00,0.7427295475619238,0.746268656716418,0.7388884677990853,0.723640097510533,0.746268656716418,0.746268656716418
2018-06-13 11:30:00,0.7315552100526432,0.746268656716418,0.7307250527330974,0.7197040739490338,0.44072395207035114,0.746268656716418
2018-06-13 12:30:00,0.1910128647849428,0.743747570214187,0.7260962092460131,0.7082839509246166,0.05997041377735289,0.746268656716418
2018-06-13 13:30:00,0.2172838968521519,0.745726557335998,0.7319544590963347,0.6496198858315138,0.746268656716418,0.4117130350195919
2018-06-13 14:30:00,0.12446608595931022,0.7402046683278586,0.7396825024474496,0.6927018846630971,0.6537838984687021,0.2741622522098897
2018-06-13 15:30:00,0.48569041244065886,0.39081614885264565,0.7388918464139473,0.6965652475446589,0.21426829541577902,0.4952147210784012
2018-06-13 16:30:00,0.6803524206144644,0.0647577533374867,0.7033093414185938,0.48696147452800226,0.3417824114223881,0.47805404811259355
2018-06-13 17:30:00,0.30149543474405105,0.02065206562914185,0.6147386625838959,0.161385442879585,0.09769304864339914,0.6623490267588185
2018-06-13 18:30:00,0.26672685104098853,0.024585842971589267,0.36043721039882015,0.10516614115085202,0.12278008712422556,0.18725905501835455
2018-06-13 19:30:00,0.0,0.0,-0.0,-0.0,0.0,-0.0
2018-06-13 20:30:00,0.0,0.0,0.0,0.0,0.0,0.0
2018-06-13 21:30:00,0.0,0.0,0.0,0.0,0.0,0.0
2018-06-13 22:30:00,0.0,0.0,0.0,0.0,0.0,0.0
2018-06-13 23:30:00,0.0,0.0,0.0,0.0,0.0,0.0
2018-06-14 00:30:00,0.0,0.0,0.0,0.0,0.0,0.0
2018-06-14 01:30:00,0.0,0.0,0.0,0.0,0.0,0.0
2018-06-14 02:30:00,0.0,0.0,0.0,0.0,0.0,0.0
2018-06-14 03:30:00,0.0,0.0,0.0,0.0,0.0,0.0
2018-06-14 04:30:00,0.0,-0.0,0.0,-0.0,0.0,0.0
2018-06-14 05:30:00,0.29022707852500507,0.30460904669546823,0.046882714071955836,0.3000670602505823,0.05922441697325032,0.015752779272865405
2018-06-14 06:30:00,0.5987627664892496,0.5873003698601248,0.012925141850626648,0.38197496133458486,0.16213693921296304,0.18613055502623163
2018-06-14 07:30:00,0.4546076053509497,0.6927222946999331,0.10793125282653439,0.4051879924412582,0.28528107583311624,0.7235442005396311
2018-06-14 08:30:00,0.13443456853143576,0.7231251792848375,0.5851282837314671,0.746268656716418,0.6990283152765324,0.746268656716418
2018-06-14 09:30:00,0.5387665813396966,0.7271517954582474,0.49003819494756073,0.5872041006025212,0.6091375167348566,0.5378291325580217
2018-06-14 10:30:00,0.5943723689766041,0.7281112102520498,0.6329072011216955,0.5530537193536588,0.746268656716418,0.6607666243853864
2018-06-14 11:30:00,0.720491758519896,0.7226649393617532,0.7294793790844818,0.621695673708782,0.746268656716418,0.0922474242233529
2018-06-14 12:30:00,0.6217346323697898,0.7275033001004201,0.7248678718787607,0.5976219308903311,0.6708067036851831,0.5062173771881634
2018-06-14 13:30:00,0.7347846608978252,0.733817544246266,0.36526653805021214,0.6325546408038457,0.746268656716418,0.2538190050544856
2018-06-14 14:30:00,0.1402813857765143,0.7347451537955021,0.7268325813788016,0.731985503486304,0.43561995820406035,0.746268656716418
2018-06-14 15:30:00,0.728715158831108,0.6214675416998819,0.5633891715829012,0.6194979124031178,0.4057943331598575,0.5491392966580979
2018-06-14 16:30:00,0.5047617105582101,0.025900972744940493,0.6743746720368677,0.6747548003965228,0.6860970767610062,0.4367737344350388
2018-06-14 17:30:00,0.05155824654192708,-0.0,0.576517057911465,0.5467599329671041,0.5353963382567251,0.2865702234341855
2018-06-14 18:30:00,0.07571853468741668,0.051139349339371976,0.3324244914572685,0.1217158978695927,0.2241613505971526,0.02256340501277291
2018-06-14 19:30:00,0.0,0.0,-0.0,-0.0,0.0,-0.0
2018-06-14 20:30:00,0.0,0.0,0.0,0.0,0.0,0.0
2018-06-14 21:30:00,0.0,0.0,0.0,0.0,0.0,0.0
2018-06-14 22:30:00,0.0,0.0,0.0,0.0,0.0,0.0
2018-06-14 23:30:00,0.0,0.0,0.0,0.0,0.0,0.0
2018-06-15 00:30:00,0.0,0.0,0.0,0.0,0.0,0.0
2018-06-15 01:30:00,0.0,0.0,0.0,0.0,0.0,0.0
2018-06-15 02:30:00,0.0,0.0,0.0,0.0,0.0,0.0
2018-06-15 03:30:00,0.0,0.0,0.0,0.0,0.0,0.0
2018-06-15 04:30:00,0.0,-0.0,0.0,-0.0,0.0,0.0
2018-06-15 05:30:00,0.05596421596169137,0.2741008526734707,0.05150245599957288,0.07426642335961307,0.044948277189418774,0.21292375701715113
2018-06-15 06:30:00,0.5772723487101227,0.5530993273275502,0.29794249978193493,0.5059727655155943,0.6245011142620451,0.04533884363276972
2018-06-15 07:30:00,0.6903704349788301,0.6772475535645842,0.6678357545825169,0.6464893823968866,0.746268656716418,0.004714225284352747
2018-06-15 08:30:00,0.7390632439433301,0.7215547077250434,0.7263271930609044,0.7106487059528086,0.746268656716418,0.1599731509904117
2018-06-15 09:30:00,0.7360315686738963,0.7195049012627571,0.7307564277863918,0.612984321003166,0.746268656716418,0.15229789016537013
2018-06-15 10:30:00,0.7309207886226904,0.716377751308491,0.2110008240874726,0.7153865200734583,0.746268656716418,0.746268656716418
2018-06-15 11:30:00,0.7380102281885833,0.7166690899899375,0.7231799523706393,0.731989385870924,0.746268656716418,0.746268656716418
2018-06-15 12:30:00,0.5212627651411958,0.7171713176502464,0.7193186092073774,0.6457657373530634,0.746268656716418,0.746268656716418
2018-06-15 13:30:00,0.023015918128286288,0.720722974329234,0.7195764238200187,0.14235126666215012,0.4243843788692901,0.746268656716418
2018-06-15 14:30:00,0.7335022113896137,0.7181031854149574,0.7271425193256469,0.7377455288326719,0.746268656716418,0.463776206726518
2018-06-15 15:30:00,0.5161579211873073,0.7104134070194221,0.7272183680086294,0.6352112505742495,0.49199202749464865,0.10153221058135624
2018-06-15 16:30:00,0.14139782730285108,0.6445490915106359,0.6871789445020496,0.05979819724864484,0.5797033832552961,0.3706418074383059
2018-06-15 17:30:00,0.3352956664952725,0.1543458036436438,0.3740520073634385,0.2583480767770345,0.48015784040916065,0.004111856725576172
2018-06-15 18:30:00,0.044500408520012684,0.03740456154684719,0.33932463822034425,0.0789451681808693,0.07524308263848167,0.018212775308552257
2018-06-15 19:30:00,0.0,0.0,-0.0,-0.0,0.0,-0.0
2018-06-15 20:30:00,0.0,0.0,0.0,0.0,0.0,0.0
2018-06-15 21:30:00,0.0,0.0,0.0,0.0,0.0,0.0
2018-06-15 22:30:00,0.0,0.0,0.0,0.0,0.0,0.0
2018-06-15 23:30:00,0.0,0.0,0.0,0.0,0.0,0.0
2018-06-16 00:30:00,0.0,0.0,0.0,0.0,0.0,0.0
2018-06-16 01:30:00,0.0,0.0,0.0,0.0,0.0,0.0
2018-06-16 02:30:00,0.0,0.0,0.0,0.0,0.0,0.0
2018-06-16 03:30:00,0.0,0.0,0.0,0.0,0.0,0.0
2018-06-16 04:30:00,0.0,-0.0,0.0,-0.0,0.0,0.0
2018-06-16 05:30:00,0.04350817445757402,0.15499313387382294,0.050176407097640895,0.06095138384546972,0.061408046222330814,0.05583478122604544
2018-06-16 06:30:00,0.3608535202803282,0.28894217414311496,0.15501863278256764,0.35451581301794244,0.1273448310221582,0.0032837141923624646
2018-06-16 07:30:00,0.6703136267135155,0.5209296712929283,0.06397721367910515,0.6590897098513584,0.26396662466087556,0.09622438603304335
2018-06-16 08:30:00,0.5760338361085722,0.4296229124916127,0.24490859040357085,0.283981587990125,0.16948877003896998,0.08470555789618904
2018-06-16 09:30:00,0.5516943310017152,0.3498825890568828,0.3117383614239054,0.592509503465363,0.19431705744399327,0.10289895181759738
2018-06-16 10:30:00,0.518740536409913,0.445842438066512,0.506644233449679,0.6181146280429252,0.2787141918631809,0.20447471472709816
2018-06-16 11:30:00,0.24483268572743477,0.3925512393250761,0.41237715668933134,0.6103678712511525,0.30750139540497634,0.1952837302506316
2018-06-16 12:30:00,0.15348082212482977,0.35932391931265173,0.18422655332657725,0.5045101046670462,0.537784323542055,0.40891902176041534
2018-06-16 13:30:00,0.19983042011284996,0.13948057642826342,0.16839762693765767,0.09406665549603452,0.2850778556006315,0.5091943039287629
2018-06-16 14:30:00,0.559405332872037,0.2822073303417138,0.14537410274042567,0.07111944400649212,0.17722489621798154,0.1720787079625196
2018-06-16 15:30:00,0.6259971953409027,0.2758368961313477,0.4907344346040493,0.4032471601257043,0.24666615177292997,0.30307422404407847
2018-06-16 16:30:00,0.24360264800857842,0.1056440514646769,0.17529474398067152,0.19321207623310807,0.407716718929764,0.24318101013687896
2018-06-16 17:30:00,0.012808059477726636,0.061563901295724886,0.2678982777954009,0.049474617002901386,0.6183571604941287,0.043668337897358446
2018-06-16 18:30:00,0.05090428572601778,0.014776119399594308,0.011330628458081138,0.2424048114294288,0.2950490487573131,0.013308773451684028
2018-06-16 19:30:00,0.0,0.0,-0.0,-0.0,0.0,-0.0
2018-06-16 20:30:00,0.0,0.0,0.0,0.0,0.0,0.0
2018-06-16 21:30:00,0.0,0.0,0.0,0.0,0.0,0.0
2018-06-16 22:30:00,0.0,0.0,0.0,0.0,0.0,0.0
2018-06-16 23:30:00,0.0,0.0,0.0,0.0,0.0,0.0
2018-06-17 00:30:00,0.0,0.0,0.0,0.0,0.0,0.0
2018-06-17 01:30:00,0.0,0.0,0.0,0.0,0.0,0.0
2018-06-17 02:30:00,0.0,0.0,0.0,0.0,0.0,0.0
2018-06-17 03:30:00,0.0,0.0,0.0,0.0,0.0,0.0
2018-06-17 04:30:00,0.0,-0.0,0.0,-0.0,0.0,0.0
2018-06-17 05:30:00,0.06950725180063443,0.3159887563053545,-0.0,0.25772714551532694,0.2762141053579596,0.0021862503023739126
2018-06-17 06:30:00,0.12783269527108126,0.5900616270661969,0.005196663291349529,0.062159869200994505,0.23261765422982425,0.0450138956313521
2018-06-17 07:30:00,0.11823163872708169,0.7002715393666517,0.04517316360379121,0.09959141641146782,0.738669848633772,0.10205937107674842
2018-06-17 08:30:00,0.4069199199033908,0.7387521467561766,0.2590209019783369,0.09188925306805797,0.746268656716418,0.09577331093212958
2018-06-17 09:30:00,0.502369490104724,0.5532823408843486,0.41033631830614054,0.26905300083476386,0.12008560961954105,0.01935815463456767
2018-06-17 10:30:00,0.17918531491451645,0.5232056345466647,0.45193711358485833,0.44335051902520844,0.746268656716418,0.19454305320376428
2018-06-17 11:30:00,0.7321217670595731,0.7009909883582318,0.392539024318847,0.7385355949166654,0.746268656716418,0.3163620449681012
2018-06-17 12:30:00,0.22501802928623638,0.7058205569031553,0.26998589874343293,0.30688133088354325,0.5376349021867904,0.5496133866238712
2018-06-17 13:30:00,0.27369759801897975,0.7180458914910924,0.2444138246140209,0.3860476374176827,0.47809017834417733,0.746268656716418
2018-06-17 14:30:00,0.045302005063858876,0.3105394705595127,0.4166121502490926,0.2113718361811519,0.30449205883795405,0.746268656716418
2018-06-17 15:30:00,0.01362782977315591,0.44526502083329783,0.06160025354073358,0.474869509530014,0.07423355187860509,0.35838443798100955
2018-06-17 16:30:00,0.05663540952897116,0.20387204727386576,0.06350401148885944,0.12706357391511322,0.2710496640685129,0.4326772506892572
2018-06-17 17:30:00,0.14211320157862994,0.5109173792532666,0.0038619419240483416,0.040692985210165136,0.20885477098846403,0.517226760122416
2018-06-17 18:30:00,0.01371611604710113,0.01680008885567963,0.011376059890353455,0.017366624510677768,0.28870298665423993,0.041411294546029355
2018-06-17 19:30:00,0.0,0.0,-0.0,-0.0,0.0,-0.0
2018-06-17 20:30:00,0.0,0.0,0.0,0.0,0.0,0.0
2018-06-17 21:30:00,0.0,0.0,0.0,0.0,0.0,0.0
2018-06-17 22:30:00,0.0,0.0,0.0,0.0,0.0,0.0
2018-06-17 23:30:00,0.0,0.0,0.0,0.0,0.0,0.0
2018-06-18 00:30:00,0.0,0.0,0.0,0.0,0.0,0.0
2018-06-18 01:30:00,0.0,0.0,0.0,0.0,0.0,0.0
2018-06-18 02:30:00,0.0,0.0,0.0,0.0,0.0,0.0
2018-06-18 03:30:00,0.0,0.0,0.0,0.0,0.0,0.0
2018-06-18 04:30:00,0.0,-0.0,0.0,-0.0,0.0,0.0
2018-06-18 05:30:00,0.2557379278996076,0.05534902596508614,0.27918102755417484,0.03327251407462123,0.2826546833469754,0.23080876699348443
2018-06-18 06:30:00,0.5637911809403856,0.08032179588096065,0.614834204230769,0.5692044110019516,0.6406547785277239,0.6283518848991145
2018-06-18 07:30:00,0.09717903132281003,0.7063126546648476,0.7155830099091591,0.6863061998293684,0.746268656716418,0.746268656716418
2018-06-18 08:30:00,0.18529074287659617,0.7412146077933796,0.746268656716418,0.3667807851663457,0.746268656716418,0.746268656716418
2018-06-18 09:30:00,0.22905152315361185,0.7357435821103321,0.746268656716418,0.7380403580324398,0.746268656716418,0.746268656716418
2018-06-18 10:30:00,0.3832121285447221,0.7195255864482635,0.5209318234873227,0.31175951878722513,0.746268656716418,0.746268656716418
2018-06-18 11:30:00,0.6166331845485731,0.7184240148953609,0.7385252169481166,0.4596060657348009,0.746268656716418,0.746268656716418
2018-06-18 12:30:00,0.746268656716418,0.7307699619944691,0.7355179607492458,0.746268656716418,0.746268656716418,0.746268656716418
2018-06-18 13:30:00,0.746268656716418,0.7386237621789266,0.7408578373422626,0.746268656716418,0.746268656716418,0.6020677398524766
2018-06-18 14:30:00,0.746268656716418,0.7456617414594612,0.746268656716418,0.746268656716418,0.746268656716418,0.746268656716418
2018-06-18 15:30:00,0.746268656716418,0.7323712850924111,0.746268656716418,0.6475703259259468,0.746268656716418,0.746268656716418
2018-06-18 16:30:00,0.6998569161474656,0.6747775559219203,0.7133571470482672,0.3473661104956046,0.746268656716418,0.746268656716418
2018-06-18 17:30:00,0.5797472613836445,0.5394928832995467,0.6257981149687509,0.012853464997488453,0.6464567457875193,0.6937667177208562
2018-06-18 18:30:00,0.28170272973881955,0.2037531539510369,0.3812274770853808,0.021310838525647708,0.32486892908828235,0.4387404069208606
2018-06-18 19:30:00,-0.0,0.0,-0.0,-0.0,0.0,0.014368216619059352
2018-06-18 20:30:00,0.0,0.0,0.0,0.0,0.0,0.0
2018-06-18 21:30:00,0.0,0.0,0.0,0.0,0.0,0.0
2018-06-18 22:30:00,0.0,0.0,0.0,0.0,0.0,0.0
2018-06-18 23:30:00,0.0,0.0,0.0,0.0,0.0,0.0
2018-06-19 00:30:00,0.0,0.0,0.0,0.0,0.0,0.0
2018-06-19 01:30:00,0.0,0.0,0.0,0.0,0.0,0.0
2018-06-19 02:30:00,0.0,0.0,0.0,0.0,0.0,0.0
2018-06-19 03:30:00,0.0,0.0,0.0,0.0,0.0,0.0
2018-06-19 04:30:00,0.0,-0.0,0.0,-0.0,0.0,0.0
2018-06-19 05:30:00,0.2743932749592937,0.332570432448907,0.2771790687678102,0.29016768745039623,0.2861366197584238,0.23330406434602333
2018-06-19 06:30:00,0.009071859410005326,0.6147547383407529,0.6029013104569171,0.03579798598873253,0.6328938583380472,0.628572145919083
2018-06-19 07:30:00,0.7085332268291564,0.7174782427526294,0.7064326534705738,0.20179882989185824,0.746268656716418,0.746268656716418
2018-06-19 08:30:00,0.15927413638755092,0.746268656716418,0.746268656716418,0.24626330638420346,0.746268656716418,0.746268656716418
2018-06-19 09:30:00,0.4722439029934507,0.746268656716418,0.746268656716418,0.746268656716418,0.746268656716418,0.746268656716418
2018-06-19 10:30:00,0.5923061236583168,0.725974724539267,0.746268656716418,0.313777747635964,0.746268656716418,0.746268656716418
2018-06-19 11:30:00,0.40987588242275697,0.7010320800623009,0.7427343537328384,0.030733379917929522,0.7069096020100452,0.746268656716418
2018-06-19 12:30:00,0.030752790383573928,0.7066701061335016,0.7403286594732404,0.03140005909644349,0.5587496472411116,0.746268656716418
2018-06-19 13:30:00,0.6230368427182409,0.7257205308627122,0.746268656716418,0.4532236073050344,0.746268656716418,0.746268656716418
2018-06-19 14:30:00,0.06323930189707093,0.7298502275170449,0.746268656716418,0.746268656716418,0.746268656716418,0.746268656716418
2018-06-19 15:30:00,0.5293753542654418,0.5990561163039413,0.5210288085252412,0.6044679829203731,0.746268656716418,0.746268656716418
2018-06-19 16:30:00,0.46821777059444514,0.13219437483793164,0.713433378776929,0.00289731147036858,0.746268656716418,0.746268656716418
2018-06-19 17:30:00,0.050090306587792226,0.08611152074122552,0.6184026311588496,0.014883902572483192,0.6315888853019722,0.6999760180572939
2018-06-19 18:30:00,0.05035586704019535,0.05243547392904593,0.3689489076181099,0.027729729985040873,0.3129756456048948,0.44259385933816153
2018-06-19 19:30:00,-0.0,0.0,-0.0,-0.0,0.0,0.01617825428708946
2018-06-19 20:30:00,0.0,0.0,0.0,0.0,0.0,0.0
2018-06-19 21:30:00,0.0,0.0,0.0,0.0,0.0,0.0
2018-06-19 22:30:00,0.0,0.0,0.0,0.0,0.0,0.0
2018-06-19 23:30:00,0.0,0.0,0.0,0.0,0.0,0.0
2018-06-20 00:30:00,0.0,0.0,0.0,0.0,0.0,0.0
2018-06-20 01:30:00,0.0,0.0,0.0,0.0,0.0,0.0
2018-06-20 02:30:00,0.0,0.0,0.0,0.0,0.0,0.0
2018-06-20 03:30:00,0.0,0.0,0.0,0.0,0.0,0.0
2018-06-20 04:30:00,0.0,-0.0,0.0,-0.0,0.0,0.0
2018-06-20 05:30:00,0.2892091510978528,0.33161377119242397,0.28767465341187815,0.2985947071225369,0.28271488514409177,0.23760255509328118
2018-06-20 06:30:00,0.6071419820366377,0.6223148573071283,0.6177043459216581,0.6022794715275803,0.6361646968854547,0.6214337997194537
2018-06-20 07:30:00,0.719233779334796,0.7242531116838536,0.7220410448741953,0.7306419422433154,0.746268656716418,0.7421083666251199
2018-06-20 08:30:00,0.746268656716418,0.746268656716418,0.746268656716418,0.746268656716418,0.746268656716418,0.746268656716418
2018-06-20 09:30:00,0.746268656716418,0.746268656716418,0.746268656716418,0.746268656716418,0.746268656716418,0.746268656716418
2018-06-20 10:30:00,0.746268656716418,0.746268656716418,0.746268656716418,0.746268656716418,0.746268656716418,0.746268656716418
2018-06-20 11:30:00,0.746268656716418,0.746268656716418,0.7450408636793463,0.2303529741962137,0.746268656716418,0.746268656716418
2018-06-20 12:30:00,0.746268656716418,0.746268656716418,0.7385613541032409,0.1376155536897606,0.746268656716418,0.746268656716418
2018-06-20 13:30:00,0.746268656716418,0.746268656716418,0.616316394346665,0.14514946427180792,0.746268656716418,0.746268656716418
2018-06-20 14:30:00,0.4119552203448387,0.746268656716418,0.746268656716418,0.746268656716418,0.746268656716418,0.746268656716418
2018-06-20 15:30:00,0.5716011639218257,0.4752524958507057,0.4832183863616751,0.3980440133131097,0.5975553599630005,0.746268656716418
2018-06-20 16:30:00,0.5607174624498863,0.26387733055899093,0.720230845967202,0.2899146544871067,0.746268656716418,0.746268656716418
2018-06-20 17:30:00,0.1228706355443949,0.27913009824722834,0.6345889663630623,0.15026678957521558,0.6355583378039025,0.6899853013566581
2018-06-20 18:30:00,0.07424747186511292,0.0662636458581664,0.39386140722347746,0.2973387002467469,0.31295592336808975,0.4475387832484059
2018-06-20 19:30:00,-0.0,0.0,-0.0,-0.0,0.0,0.017530113615850017
2018-06-20 20:30:00,0.0,0.0,0.0,0.0,0.0,0.0
2018-06-20 21:30:00,0.0,0.0,0.0,0.0,0.0,0.0
2018-06-20 22:30:00,0.0,0.0,0.0,0.0,0.0,0.0
2018-06-20 23:30:00,0.0,0.0,0.0,0.0,0.0,0.0
2018-06-21 00:30:00,0.0,0.0,0.0,0.0,0.0,0.0
2018-06-21 01:30:00,0.0,0.0,0.0,0.0,0.0,0.0
2018-06-21 02:30:00,0.0,0.0,0.0,0.0,0.0,0.0
2018-06-21 03:30:00,0.0,0.0,0.0,0.0,0.0,0.0
2018-06-21 04:30:00,0.0,-0.0,0.0,-0.0,0.0,0.0
2018-06-21 05:30:00,0.29483457013175285,0.3216286795924555,0.291168435597806,0.30190207052685264,0.2841256092800922,0.23673863831996841
2018-06-21 06:30:00,0.6180908369720202,0.6096893347023368,0.6152652380175042,0.594809134874993,0.6379333604267641,0.6316609191462528
2018-06-21 07:30:00,0.7313176421213727,0.7271801115399619,0.7143112611321475,0.695098335579355,0.746268656716418,0.7402798502473747
2018-06-21 08:30:00,0.746268656716418,0.746268656716418,0.746268656716418,0.7436692978508231,0.746268656716418,0.746268656716418
2018-06-21 09:30:00,0.746268656716418,0.746268656716418,0.746268656716418,0.746268656716418,0.746268656716418,0.746268656716418
2018-06-21 10:30:00,0.746268656716418,0.746268656716418,0.7386128784751514,0.746268656716418,0.746268656716418,0.746268656716418
2018-06-21 11:30:00,0.746268656716418,0.746268656716418,0.7289340032469659,0.736440721027182,0.746268656716418,0.746268656716418
2018-06-21 12:30:00,0.746268656716418,0.746268656716418,0.36571058596650546,0.7342376682010872,0.746268656716418,0.746268656716418
2018-06-21 13:30:00,0.746268656716418,0.746268656716418,0.03259904841567576,0.5525149912846944,0.746268656716418,0.6843794267397045
2018-06-21 14:30:00,0.746268656716418,0.746268656716418,0.37532199168250113,0.746268656716418,0.5875081866356623,0.746268656716418
2018-06-21 15:30:00,0.41165612891135733,0.746268656716418,0.5727989932040974,0.28550803937024427,0.746268656716418,0.5490136269267443
2018-06-21 16:30:00,0.3811702518233263,0.7009566228264643,0.20503649198121265,0.7057872141795286,0.7331428527022749,0.746268656716418
2018-06-21 17:30:00,0.5968754555329816,0.5626687280039586,0.18715582993853763,0.26376852360406244,0.13223543991126138,0.6811778401498336
2018-06-21 18:30:00,0.16063761894850284,0.08742214764397009,0.03719039780673635,0.28267252448695135,0.10214745225022018,0.2622358520855589
2018-06-21 19:30:00,-0.0,0.0,-0.0,-0.0,0.0,0.00022627371253320424
2018-06-21 20:30:00,0.0,0.0,0.0,0.0,0.0,0.0
2018-06-21 21:30:00,0.0,0.0,0.0,0.0,0.0,0.0
2018-06-21 22:30:00,0.0,0.0,0.0,0.0,0.0,0.0
2018-06-21 23:30:00,0.0,0.0,0.0,0.0,0.0,0.0
2018-06-22 00:30:00,0.0,0.0,0.0,0.0,0.0,0.0
2018-06-22 01:30:00,0.0,0.0,0.0,0.0,0.0,0.0
2018-06-22 02:30:00,0.0,0.0,0.0,0.0,0.0,0.0
2018-06-22 03:30:00,0.0,0.0,0.0,0.0,0.0,0.0
2018-06-22 04:30:00,0.0,-0.0,0.0,-0.0,0.0,0.0
2018-06-22 05:30:00,0.2724279664695594,0.2853616650414087,0.22732831994601085,0.039820131095245445,0.275378019387669,0.05618135600919341
2018-06-22 06:30:00,0.5696388925391388,0.5786374859738861,-0.0,0.027255482320431446,0.6316085059288317,0.20080312617040383
2018-06-22 07:30:00,0.6854779326711251,0.7020515577020343,0.09985653498532303,0.020522103416452456,0.746268656716418,0.0019242908896666678
2018-06-22 08:30:00,0.42526892242568637,0.746268656716418,0.29125527018016945,0.021190320832357622,0.746268656716418,0.4721992379911783
2018-06-22 09:30:00,0.6004108570277458,0.746268656716418,0.5790534542338392,0.10070283794788468,0.746268656716418,0.746268656716418
2018-06-22 10:30:00,0.049651100216788216,0.746268656716418,0.7389126802580732,0.16600287911921147,0.6138725458019728,0.746268656716418
2018-06-22 11:30:00,0.746268656716418,0.38818437862522076,0.5855257376361145,0.6087124739637869,0.5572184764097086,0.746268656716418
2018-06-22 12:30:00,0.746268656716418,0.22101327118597064,0.507099484678956,0.6139649726043429,0.746268656716418,0.746268656716418
2018-06-22 13:30:00,0.6552218286003891,0.12106558972227528,0.6579536341210922,0.5627664826639762,0.4817830624197313,0.746268656716418
2018-06-22 14:30:00,0.2883105123876664,0.025522278384027968,0.7011294337695739,0.746268656716418,0.5975482535160347,0.6631728874785372
2018-06-22 15:30:00,0.1469863408722221,0.711829687559892,0.026179003432522115,0.6421767561597943,0.28661179933625336,0.746268656716418
2018-06-22 16:30:00,0.3857362094867858,0.6547247288310573,0.26759731590021124,0.610199126045683,0.1190310083569611,0.746268656716418
2018-06-22 17:30:00,-0.0,0.5283108855076524,0.4890005602521904,0.16827959511226848,0.2466169818004423,0.6990509257871032
2018-06-22 18:30:00,0.06134229291832086,0.057889992623267536,0.38862974350747104,0.08263323255812517,0.18462879615751537,0.4421354560823987
2018-06-22 19:30:00,-0.0,0.0,-0.0,-0.0,0.0,0.016963852134887693
2018-06-22 20:30:00,0.0,0.0,0.0,0.0,0.0,0.0
2018-06-22 21:30:00,0.0,0.0,0.0,0.0,0.0,0.0
2018-06-22 22:30:00,0.0,0.0,0.0,0.0,0.0,0.0
2018-06-22 23:30:00,0.0,0.0,0.0,0.0,0.0,0.0
2018-06-23 00:30:00,0.0,0.0,0.0,0.0,0.0,0.0
2018-06-23 01:30:00,0.0,0.0,0.0,0.0,0.0,0.0
2018-06-23 02:30:00,0.0,0.0,0.0,0.0,0.0,0.0
2018-06-23 03:30:00,0.0,0.0,0.0,0.0,0.0,0.0
2018-06-23 04:30:00,0.0,-0.0,0.0,-0.0,0.0,0.0
2018-06-23 05:30:00,0.28018256245171774,0.2946974035584878,0.27090732068644274,0.28881281466534237,0.2540328606385733,0.22250521295720455
2018-06-23 06:30:00,0.5856949746353148,0.5728489368106042,0.6099545299798664,0.5820132304924198,0.6103269497163758,0.6091533213772088
2018-06-23 07:30:00,0.5652519358311593,0.6978697578027013,0.7096169239865686,0.6980463574802807,0.7315894909595769,0.7397839280932805
2018-06-23 08:30:00,0.6089550268175067,0.746268656716418,0.746268656716418,0.7422090974598962,0.746268656716418,0.746268656716418
2018-06-23 09:30:00,0.5735141981981144,0.746268656716418,0.746268656716418,0.547985032243514,0.746268656716418,0.7210388572955784
2018-06-23 10:30:00,0.6128840930247775,0.746268656716418,0.746268656716418,0.6559003696245189,0.746268656716418,0.658888133234399
2018-06-23 11:30:00,0.5804998574800397,0.746268656716418,0.503882909691954,0.6115711011548955,0.727514797582996,0.746268656716418
2018-06-23 12:30:00,0.7314897418476929,0.7451237687713695,0.5351600235532457,0.7194170841962603,0.6476431651322756,0.746268656716418
2018-06-23 13:30:00,0.7382803698160744,0.17121132982771517,0.7391497839643545,0.7161644623778453,0.746268656716418,0.4957154288296698
2018-06-23 14:30:00,0.7462130671338124,0.06877326149772772,0.746268656716418,0.7298653715423588,0.746268656716418,0.746268656716418
2018-06-23 15:30:00,0.5882326421854037,0.06889284306195018,0.3952984275797565,0.7403229621054649,0.746268656716418,0.746268656716418
2018-06-23 16:30:00,0.5376244673393608,0.23322820771224534,0.7102623083601008,0.6999422825263767,0.6314090801739328,0.746268656716418
2018-06-23 17:30:00,0.5803145896116622,0.013374548506049454,0.34964680142625687,0.31208414122746686,0.16734659868353566,0.6848030500166598
2018-06-23 18:30:00,0.29467155920495003,0.018162559894773344,0.16663519241468472,0.11469228670212528,0.3161105540149273,0.2383449434075318
2018-06-23 19:30:00,-0.0,0.0,-0.0,-0.0,0.0,0.0002449872331756908
2018-06-23 20:30:00,0.0,0.0,0.0,0.0,0.0,0.0
2018-06-23 21:30:00,0.0,0.0,0.0,0.0,0.0,0.0
2018-06-23 22:30:00,0.0,0.0,0.0,0.0,0.0,0.0
2018-06-23 23:30:00,0.0,0.0,0.0,0.0,0.0,0.0
2018-06-24 00:30:00,0.0,0.0,0.0,0.0,0.0,0.0
2018-06-24 01:30:00,0.0,0.0,0.0,0.0,0.0,0.0
2018-06-24 02:30:00,0.0,0.0,0.0,0.0,0.0,0.0
2018-06-24 03:30:00,0.0,0.0,0.0,0.0,0.0,0.0
2018-06-24 04:30:00,0.0,-0.0,0.0,-0.0,0.0,0.0
2018-06-24 05:30:00,0.02746952989823065,0.2750507786348611,0.27496207231591197,0.2607039987720389,0.24849217370940285,0.057896864059893305
2018-06-24 06:30:00,0.5567865667964603,0.030546299277059655,0.6133782510532284,0.5635452154774357,0.6033559556329716,0.6165007623212548
2018-06-24 07:30:00,0.6863677177848281,0.08353942952038872,0.5672087545038583,0.6894668240398839,0.7246780786963471,0.746268656716418
2018-06-24 08:30:00,0.738519879861504,0.746268656716418,0.746268656716418,0.7255461321112633,0.746268656716418,0.746268656716418
2018-06-24 09:30:00,0.3698469181731212,0.746268656716418,0.0783211559994622,0.2002395124053192,0.746268656716418,0.746268656716418
2018-06-24 10:30:00,0.06581848096388877,0.4082469229577594,0.026953109334310336,0.08577083389015781,0.746268656716418,0.746268656716418
2018-06-24 11:30:00,0.2176827723749972,0.4734039713181411,0.04077273474625519,0.03177386107148422,0.4186502394071777,0.746268656716418
2018-06-24 12:30:00,0.17117348764087326,0.746268656716418,0.03977685213764923,0.030399113976866093,0.4829876502313995,0.746268656716418
2018-06-24 13:30:00,0.059876248531914505,0.24352206742138482,0.39236862616881724,0.05737469735538672,0.03550445818072346,0.746268656716418
2018-06-24 14:30:00,0.03776571179862898,0.08274363213320737,0.746268656716418,0.14505185263323941,0.3857670689797316,0.746268656716418
2018-06-24 15:30:00,0.5603964871159466,0.06425652535596013,0.20920015547134596,0.7359981923069997,0.17724933999318215,0.746268656716418
2018-06-24 16:30:00,0.5202377015576275,0.0019282384938928573,0.6100892460602021,0.4776738096998571,0.5699982167139029,0.746268656716418
2018-06-24 17:30:00,0.5486776632409922,-0.0,0.48633066046132223,0.19125685024661962,0.2328684695463967,0.7056117504715484
2018-06-24 18:30:00,0.09907810280626864,0.018889115860837264,0.4032633491160324,0.021179807013736517,0.08286132130754142,0.46018803095683003
2018-06-24 19:30:00,-0.0,0.0,-0.0,-0.0,0.0,0.01990647545590184
2018-06-24 20:30:00,0.0,0.0,0.0,0.0,0.0,0.0
2018-06-24 21:30:00,0.0,0.0,0.0,0.0,0.0,0.0
2018-06-24 22:30:00,0.0,0.0,0.0,0.0,0.0,0.0
2018-06-24 23:30:00,0.0,0.0,0.0,0.0,0.0,0.0
2018-06-25 00:30:00,0.0,0.0,0.0,0.0,0.0,0.0
2018-06-25 01:30:00,0.0,0.0,0.0,0.0,0.0,0.0
2018-06-25 02:30:00,0.0,0.0,0.0,0.0,0.0,0.0
2018-06-25 03:30:00,0.0,0.0,0.0,0.0,0.0,0.0
2018-06-25 04:30:00,0.0,-0.0,0.0,-0.0,0.0,0.0
2018-06-25 05:30:00,0.28576937157602766,0.32559753646432565,0.2773188838195015,0.2907936596812961,0.2800161090922873,0.2260259926794175
2018-06-25 06:30:00,0.6068631436304052,0.24920849193335978,0.6140602972796712,0.5929417679552027,0.6427019383521319,0.6293114176562957
2018-06-25 07:30:00,0.7162932743269219,0.6460081751609215,0.7173068264747728,0.7032494744130903,0.746268656716418,0.7406613769360221
2018-06-25 08:30:00,0.746268656716418,0.746268656716418,0.746268656716418,0.746268656716418,0.746268656716418,0.746268656716418
2018-06-25 09:30:00,0.746268656716418,0.746268656716418,0.746268656716418,0.746268656716418,0.746268656716418,0.746268656716418
2018-06-25 10:30:00,0.746268656716418,0.6982998491534542,0.746268656716418,0.746268656716418,0.746268656716418,0.746268656716418
2018-06-25 11:30:00,0.746268656716418,0.746268656716418,0.7426276061797209,0.746268656716418,0.746268656716418,0.746268656716418
2018-06-25 12:30:00,0.746268656716418,0.746268656716418,0.7389803998314326,0.746268656716418,0.746268656716418,0.746268656716418
2018-06-25 13:30:00,0.746268656716418,0.746268656716418,0.744080400161214,0.746268656716418,0.746268656716418,0.746268656716418
2018-06-25 14:30:00,0.746268656716418,0.746268656716418,0.746268656716418,0.746268656716418,0.746268656716418,0.746268656716418
2018-06-25 15:30:00,0.746268656716418,0.746268656716418,0.746268656716418,0.746268656716418,0.746268656716418,0.746268656716418
2018-06-25 16:30:00,0.7098837822998183,0.6848963192691825,0.7252020966329796,0.7083860635313484,0.3343823751378365,0.746268656716418
2018-06-25 17:30:00,0.6016613086595353,0.5665678323304703,0.6466789994361447,0.5083337510204333,0.5483797944876047,0.6870869657087447
2018-06-25 18:30:00,0.3197482963025636,0.24031983897719822,0.4042214450895526,0.32382969289476193,0.33679442177339197,0.4506962662379371
2018-06-25 19:30:00,-0.0,0.0,-0.0,-0.0,0.0,0.020392988039351197
2018-06-25 20:30:00,0.0,0.0,0.0,0.0,0.0,0.0
2018-06-25 21:30:00,0.0,0.0,0.0,0.0,0.0,0.0
2018-06-25 22:30:00,0.0,0.0,0.0,0.0,0.0,0.0
2018-06-25 23:30:00,0.0,0.0,0.0,0.0,0.0,0.0
2018-06-26 00:30:00,0.0,0.0,0.0,0.0,0.0,0.0
2018-06-26 01:30:00,0.0,0.0,0.0,0.0,0.0,0.0
2018-06-26 02:30:00,0.0,0.0,0.0,0.0,0.0,0.0
2018-06-26 03:30:00,0.0,0.0,0.0,0.0,0.0,0.0
2018-06-26 04:30:00,0.0,-0.0,0.0,-0.0,0.0,0.0
2018-06-26 05:30:00,0.29914658107109804,0.3202695649260469,0.2855879826143285,0.31819174438661957,0.2846069634893302,0.22706727878897912
2018-06-26 06:30:00,0.622824578257633,0.6199068338447765,0.6178664002966239,0.623576225400188,0.650992267950023,0.6135136273852491
2018-06-26 07:30:00,0.7228371429923439,0.7182517544637579,0.707763902053035,0.7227374936132835,0.746268656716418,0.7254317646713251
2018-06-26 08:30:00,0.746268656716418,0.746268656716418,0.7453847671126915,0.746268656716418,0.746268656716418,0.746268656716418
2018-06-26 09:30:00,0.746268656716418,0.746268656716418,0.7418930479596337,0.746268656716418,0.746268656716418,0.746268656716418
2018-06-26 10:30:00,0.746268656716418,0.746268656716418,0.7305390760686461,0.746268656716418,0.746268656716418,0.746268656716418
2018-06-26 11:30:00,0.746268656716418,0.7418120921245441,0.7198219932536262,0.736201593067514,0.746268656716418,0.746268656716418
2018-06-26 12:30:00,0.7411681824356949,0.7434705298053836,0.7164569059014884,0.7289962270815054,0.746268656716418,0.746268656716418
2018-06-26 13:30:00,0.7384012297698231,0.746268656716418,0.7194927353932776,0.7303272352043644,0.746268656716418,0.746268656716418
2018-06-26 14:30:00,0.7329112068773249,0.746268656716418,0.7271736929720986,0.7267562650432879,0.746268656716418,0.746268656716418
2018-06-26 15:30:00,0.7174929004076961,0.7402663861748734,0.727629611899508,0.7060634821699691,0.4451337096013997,0.6367007356329675
2018-06-26 16:30:00,0.5973888952828353,0.6826497891272797,0.6125974654957888,0.6578829595968484,0.5858265065729088,0.746268656716418
2018-06-26 17:30:00,0.44326754471932284,0.5641805273240592,0.43591285729620116,0.5556519586872756,0.3157449431096386,0.6682148697613589
2018-06-26 18:30:00,0.12129969584362753,0.23478954046893682,0.3727976321519321,0.13073473268877311,0.31862406867835286,0.4369771215033799
2018-06-26 19:30:00,-0.0,0.0,-0.0,-0.0,0.0,0.016735041633122765
2018-06-26 20:30:00,0.0,0.0,0.0,0.0,0.0,0.0
2018-06-26 21:30:00,0.0,0.0,0.0,0.0,0.0,0.0
2018-06-26 22:30:00,0.0,0.0,0.0,0.0,0.0,0.0
2018-06-26 23:30:00,0.0,0.0,0.0,0.0,0.0,0.0
2018-06-27 00:30:00,0.0,0.0,0.0,0.0,0.0,0.0
2018-06-27 01:30:00,0.0,0.0,0.0,0.0,0.0,0.0
2018-06-27 02:30:00,0.0,0.0,0.0,0.0,0.0,0.0
2018-06-27 03:30:00,0.0,0.0,0.0,0.0,0.0,0.0
2018-06-27 04:30:00,0.0,-0.0,0.0,0.0,0.0,0.0
2018-06-27 05:30:00,0.2643058434404911,0.3027526065595967,0.24485730024594843,0.27706110621124236,0.2565203745343128,0.21439057463399672
2018-06-27 06:30:00,0.5661489979852026,0.590611447574794,0.5765439727544469,0.24555216506897753,0.6137363461428805,0.6060899270330199
2018-06-27 07:30:00,0.6683430146271279,0.6910415962197514,0.6751575515913069,0.681265595183863,0.7196216913411172,0.730570441160807
2018-06-27 08:30:00,0.7108270860995586,0.7233761912580469,0.7199772200539383,0.7218467397932629,0.746268656716418,0.746268656716418
2018-06-27 09:30:00,0.7234773602439518,0.7334322732329707,0.724637434729889,0.728094334637783,0.574934242486079,0.746268656716418
2018-06-27 10:30:00,0.7231677710314488,0.7278447527982459,0.7160918347677105,0.725132913205636,0.17037729629267911,0.746268656716418
2018-06-27 11:30:00,0.7240934581421741,0.7212876221788945,0.7091677564408828,0.7228592245232893,0.5355060910959667,0.746268656716418
2018-06-27 12:30:00,0.7247606198856189,0.7229488997534192,0.7067198647163918,0.7254257466159927,0.5357173042173177,0.746268656716418
2018-06-27 13:30:00,0.6344478613281129,0.7336409600526963,0.7125150628042788,0.7308614311283717,0.5071639815664216,0.724610054347424
2018-06-27 14:30:00,0.44263674007264703,0.7435522980109291,0.7159886888939617,0.7310883671840254,0.746268656716418,0.7150248446120404
2018-06-27 15:30:00,0.600890419472601,0.7362860229436172,0.713280197088632,0.317842678248902,0.746268656716418,0.7010447590086509
2018-06-27 16:30:00,0.3031221637670019,0.6841518751337342,0.6786050057579106,0.24518000982788038,0.4224482547757196,0.746268656716418
2018-06-27 17:30:00,0.5428470464425635,0.5532668859131291,0.5999188530570412,0.44388232612969614,0.6163639108673523,0.22063287067919948
2018-06-27 18:30:00,0.07316238557332332,0.22587156461173452,0.3596644475243092,0.055760993863808374,0.29959926684166843,0.15157305920248854
2018-06-27 19:30:00,-0.0,0.0,-0.0,-0.0,0.0,-0.0
2018-06-27 20:30:00,0.0,0.0,0.0,0.0,0.0,0.0
2018-06-27 21:30:00,0.0,0.0,0.0,0.0,0.0,0.0
2018-06-27 22:30:00,0.0,0.0,0.0,0.0,0.0,0.0
2018-06-27 23:30:00,0.0,0.0,0.0,0.0,0.0,0.0
2018-06-28 00:30:00,0.0,0.0,0.0,0.0,0.0,0.0
2018-06-28 01:30:00,0.0,0.0,0.0,0.0,0.0,0.0
2018-06-28 02:30:00,0.0,0.0,0.0,0.0,0.0,0.0
2018-06-28 03:30:00,0.0,0.0,0.0,0.0,0.0,0.0
2018-06-28 04:30:00,0.0,-0.0,0.0,0.0,0.0,0.0
2018-06-28 05:30:00,0.27836123655445644,0.28550680465005274,0.27540175704128933,0.07878523260285829,0.2451218140530968,0.215624467928416
2018-06-28 06:30:00,0.6136888298096572,0.5831727654799739,0.6009177424980365,0.22813066362672677,0.596782204592859,0.6120978651476464
2018-06-28 07:30:00,0.7150557734601043,0.6952153371165184,0.6986005700027013,0.7232475387696436,0.7206209503702226,0.7386570732112179
2018-06-28 08:30:00,0.746268656716418,0.7365117830984023,0.74170070592234,0.746268656716418,0.746268656716418,0.746268656716418
2018-06-28 09:30:00,0.746268656716418,0.7404349427072863,0.7403695344038921,0.746268656716418,0.746268656716418,0.746268656716418
2018-06-28 10:30:00,0.746268656716418,0.7339081522397388,0.7303412195521864,0.746268656716418,0.746268656716418,0.746268656716418
2018-06-28 11:30:00,0.7433951783346806,0.721141826190366,0.7196693128185186,0.7365443133450323,0.21585941151702273,0.746268656716418
2018-06-28 12:30:00,0.7375922798770448,0.7222198725160323,0.5649720240525363,0.7291906481084526,0.7131360734567846,0.746268656716418
2018-06-28 13:30:00,0.7403909291449644,0.7278280879041793,0.7206513518764113,0.727400069647064,0.6456796889806199,0.746268656716418
2018-06-28 14:30:00,0.570998147225579,0.735376284554269,0.7295635573118819,0.7289341606309904,0.6345720075227764,0.746268656716418
2018-06-28 15:30:00,0.3484038978114902,0.6016759162356059,0.6818448385852149,0.5264493178979779,0.16422400131356035,0.746268656716418
2018-06-28 16:30:00,0.06122213825611503,0.32613398017053336,0.6082254052849841,0.3237795985580061,0.40917968624783074,0.746268656716418
2018-06-28 17:30:00,0.39337016641873784,0.2570266556560634,0.34553423205162703,0.25351956768143147,0.37946042755498177,0.26961900364068364
2018-06-28 18:30:00,0.07051532546490746,0.05683692045040597,0.14194271677024636,0.06272760179035496,0.05614356928842345,0.15374491177285649
2018-06-28 19:30:00,-0.0,0.0,-0.0,-0.0,0.0,0.0013979046658785415
2018-06-28 20:30:00,0.0,0.0,0.0,0.0,0.0,0.0
2018-06-28 21:30:00,0.0,0.0,0.0,0.0,0.0,0.0
2018-06-28 22:30:00,0.0,0.0,0.0,0.0,0.0,0.0
2018-06-28 23:30:00,0.0,0.0,0.0,0.0,0.0,0.0
2018-06-29 00:30:00,0.0,0.0,0.0,0.0,0.0,0.0
2018-06-29 01:30:00,0.0,0.0,0.0,0.0,0.0,0.0
2018-06-29 02:30:00,0.0,0.0,0.0,0.0,0.0,0.0
2018-06-29 03:30:00,0.0,0.0,0.0,0.0,0.0,0.0
2018-06-29 04:30:00,0.0,-0.0,0.0,0.0,0.0,0.0
2018-06-29 05:30:00,0.11589485524881588,0.07761072006300473,0.2461505255405934,0.07149219867219941,0.06198393217184533,0.19566775215331234
2018-06-29 06:30:00,0.09410936329933355,0.5112172736889291,0.5831013759323025,0.2308406237249945,0.21241557967405203,0.5969131104207503
2018-06-29 07:30:00,0.16294227795685517,0.4959807118151248,0.6881226546821043,0.47897919563899144,0.36245909911611196,0.7335409147820532
2018-06-29 08:30:00,0.4786685885884031,0.6066875909852145,0.7394003467040784,0.746268656716418,0.6330079521782433,0.746268656716418
2018-06-29 09:30:00,0.746268656716418,0.5268656941404914,0.7446887952027043,0.7397053125129209,0.5593375822248124,0.746268656716418
2018-06-29 10:30:00,0.7317628862399641,0.5611241973761247,0.7329738048028077,0.7287327090089302,0.47120186940314773,0.746268656716418
2018-06-29 11:30:00,0.7313445118330091,0.7159701091916336,0.7253203632961556,0.7322053002919598,0.5637483785646773,0.746268656716418
2018-06-29 12:30:00,0.7376141787961241,0.7231517702046867,0.7223278819993666,0.7369217349430186,0.508337887322714,0.746268656716418
2018-06-29 13:30:00,0.5288087568837491,0.6283682522314765,0.7239014205062279,0.7409922106575364,0.5879970026080905,0.746268656716418
2018-06-29 14:30:00,0.4610904692471533,0.7265895205636969,0.7330751353873634,0.5116545964330225,0.41830657240796865,0.746268656716418
2018-06-29 15:30:00,0.3864979233566754,0.6009220000255067,0.7324953138068786,0.1829099538691151,0.39416525424290605,0.7102074767027956
2018-06-29 16:30:00,0.388120390436874,0.615996751625925,0.7003773191750036,0.17738926685070616,0.34114531414206684,0.48024053332611166
2018-06-29 17:30:00,0.2813364006121109,0.24514812434650488,0.6169716386631016,0.0016475947457737137,0.27643267689887985,0.18812778465519825
2018-06-29 18:30:00,0.1190197084303094,0.07338955901532247,0.3815830251225938,0.09423942847785506,0.12065759549130904,0.19495962483352877
2018-06-29 19:30:00,-0.0,0.0,-0.0,-0.0,0.0,0.00026000696959762877
2018-06-29 20:30:00,0.0,0.0,0.0,0.0,0.0,0.0
2018-06-29 21:30:00,0.0,0.0,0.0,0.0,0.0,0.0
2018-06-29 22:30:00,0.0,0.0,0.0,0.0,0.0,0.0
2018-06-29 23:30:00,0.0,0.0,0.0,0.0,0.0,0.0
2018-06-30 00:30:00,0.0,0.0,0.0,0.0,0.0,0.0
2018-06-30 01:30:00,0.0,0.0,0.0,0.0,0.0,0.0
2018-06-30 02:30:00,0.0,0.0,0.0,0.0,0.0,0.0
2018-06-30 03:30:00,0.0,0.0,0.0,0.0,0.0,0.0
2018-06-30 04:30:00,0.0,-0.0,0.0,0.0,0.0,0.0
2018-06-30 05:30:00,0.041794693422032285,0.18540481812881554,0.2513313702652137,0.2544878488005416,0.09395501114156067,0.19078331696976253
2018-06-30 06:30:00,0.0639136011664295,0.4583976924584511,0.5906150038262071,0.10706203548579556,0.5681258762763137,0.5857533030750601
2018-06-30 07:30:00,0.06865456718114477,0.6262903940597401,0.6850501449387199,0.08895993232181343,0.7090556203150309,0.7293142168857726
2018-06-30 08:30:00,0.746268656716418,0.7252446122410635,0.7278783613200497,0.23641980152029976,0.746268656716418,0.746268656716418
2018-06-30 09:30:00,0.746268656716418,0.746268656716418,0.7322637467279342,0.2424209478242321,0.746268656716418,0.746268656716418
2018-06-30 10:30:00,0.746268656716418,0.746268656716418,0.7254562882744848,0.4684848629322862,0.6732042861480214,0.746268656716418
2018-06-30 11:30:00,0.5920082107318351,0.746268656716418,0.6580578312720323,0.2654702430294523,0.746268656716418,0.746268656716418
2018-06-30 12:30:00,0.20544483816649337,0.7458462449439996,0.721778463442475,0.08770282364702894,0.746268656716418,0.746268656716418
2018-06-30 13:30:00,0.3384679408048347,0.746268656716418,0.5013139564580263,0.746268656716418,0.6585862083018063,0.746268656716418
2018-06-30 14:30:00,0.5241549071485893,0.746268656716418,0.4697407585283336,0.02036193203995133,0.31666685881435513,0.746268656716418
2018-06-30 15:30:00,0.046853661100127245,0.7302857142961985,0.6319136340621098,0.14034059060148177,0.3563863103094926,0.746268656716418
2018-06-30 16:30:00,0.2758586665869374,0.18848303431812155,0.7083524337902884,0.5785461554834377,0.35737720175865717,0.746268656716418
2018-06-30 17:30:00,0.062321144211067825,0.1698163955437068,0.6245921466602748,0.3084259208928931,0.20327584564871626,0.693891091774515
2018-06-30 18:30:00,0.22537284995546505,0.021842425889127343,0.38913725823732326,0.04718349822246382,0.014347071118912895,0.4550512364625691
2018-06-30 19:30:00,-0.0,0.0,-0.0,-0.0,0.0,0.020119255918912855
2018-06-30 20:30:00,0.0,0.0,0.0,0.0,0.0,0.0
2018-06-30 21:30:00,0.0,0.0,0.0,0.0,0.0,0.0
2018-06-30 22:30:00,0.0,0.0,0.0,0.0,0.0,0.0
2018-06-30 23:30:00,0.0,0.0,0.0,0.0,0.0,0.0
2018-07-01 00:30:00,0.0,0.0,0.0,0.0,0.0,0.0
2018-07-01 01:30:00,0.0,0.0,0.0,0.0,0.0,0.0
2018-07-01 02:30:00,0.0,0.0,0.0,0.0,0.0,0.0
2018-07-01 03:30:00,0.0,0.0,0.0,0.0,0.0,0.0
2018-07-01 04:30:00,0.0,-0.0,0.0,0.0,0.0,0.0
2018-07-01 05:30:00,0.26283161382818926,0.28826841314367707,0.2668440847802553,0.3054821910009162,0.12951356546178128,0.21545124921132564
2018-07-01 06:30:00,0.5836826472132213,0.597254142160163,0.6136698415500104,0.6230107376794806,0.40053101188897605,0.6192989018401931
2018-07-01 07:30:00,0.7037919590491467,0.7152917948821662,0.722171513927306,0.7367875525683484,0.5875739393196119,0.746268656716418
2018-07-01 08:30:00,0.746268656716418,0.746268656716418,0.746268656716418,0.746268656716418,0.6843054605909673,0.746268656716418
2018-07-01 09:30:00,0.7369180753295255,0.746268656716418,0.746268656716418,0.746268656716418,0.7121354020672137,0.746268656716418
2018-07-01 10:30:00,0.7184932510148856,0.746268656716418,0.746268656716418,0.7438711590174009,0.7145940051015923,0.746268656716418
2018-07-01 11:30:00,0.7243361043790107,0.746268656716418,0.7420157660181331,0.7184863592061915,0.7304332331349157,0.746268656716418
2018-07-01 12:30:00,0.7323253106671338,0.746268656716418,0.7380952316267674,0.7106473777985353,0.711855689629667,0.746268656716418
2018-07-01 13:30:00,0.7438687352809095,0.746268656716418,0.7437844654206694,0.720851704511541,0.6923436379761996,0.746268656716418
2018-07-01 14:30:00,0.7449375953076136,0.746268656716418,0.746268656716418,0.7324989677491194,0.7319939224422639,0.746268656716418
2018-07-01 15:30:00,0.7386438155727899,0.7395878798341943,0.746268656716418,0.7369401565657573,0.26531803614048216,0.746268656716418
2018-07-01 16:30:00,0.6869335732109129,0.6617322490204648,0.7228907149382628,0.6968030609346552,0.0033080868369197223,0.746268656716418
2018-07-01 17:30:00,0.5649208727105464,0.5175946739844104,0.6433940793821977,0.6010285032140873,0.20453518089441525,0.702978916300812
2018-07-01 18:30:00,0.28030184879894615,0.19479140777694187,0.40781267682371736,0.32202975604611783,0.04113324170552125,0.464564316774547
2018-07-01 19:30:00,-0.0,0.0,-0.0,-0.0,0.0,0.020838321635887076
2018-07-01 20:30:00,0.0,0.0,0.0,0.0,0.0,0.0
2018-07-01 21:30:00,0.0,0.0,0.0,0.0,0.0,0.0
2018-07-01 22:30:00,0.0,0.0,0.0,0.0,0.0,0.0
2018-07-01 23:30:00,0.0,0.0,0.0,0.0,0.0,0.0
2018-07-02 00:30:00,0.0,0.0,0.0,0.0,0.0,0.0
2018-07-02 01:30:00,0.0,0.0,0.0,0.0,0.0,0.0
2018-07-02 02:30:00,0.0,0.0,0.0,0.0,0.0,0.0
2018-07-02 03:30:00,0.0,0.0,0.0,0.0,0.0,0.0
2018-07-02 04:30:00,0.0,0.0,0.0,0.0,0.0,0.0
2018-07-02 05:30:00,0.26870328655536607,0.23311530118049062,0.26406343939826044,0.2855189207393627,0.18694663934774378,0.20484134755836492
2018-07-02 06:30:00,0.611941916051872,0.5192514283388628,0.6113944973608353,0.6048368324919655,0.5266112334530718,0.6053770598145299
2018-07-02 07:30:00,0.7131820762325728,0.12161205272198093,0.7108440315512512,0.7025171115004987,0.6873451924947604,0.7268268155212124
2018-07-02 08:30:00,0.746268656716418,0.7013175218776652,0.746268656716418,0.7316172219498884,0.746268656716418,0.746268656716418
2018-07-02 09:30:00,0.7389456747688361,0.7134064665634297,0.746268656716418,0.7244983889993287,0.746268656716418,0.746268656716418
2018-07-02 10:30:00,0.7195801960422713,0.7079415302974319,0.7398166235460989,0.724790870318364,0.746268656716418,0.746268656716418
2018-07-02 11:30:00,0.7089734787152198,0.6980225766538236,0.7293438552935045,0.7218713925819472,0.746268656716418,0.746268656716418
2018-07-02 12:30:00,0.713530535649731,0.707397749611531,0.7262414934606702,0.7228467733820629,0.746268656716418,0.746268656716418
2018-07-02 13:30:00,0.7199879479768995,0.7195996232147494,0.7286082531837988,0.7324229578425119,0.746268656716418,0.746268656716418
2018-07-02 14:30:00,0.7261372905590859,0.7287839682511942,0.7365941004063293,0.74095304815683,0.746268656716418,0.6405731446221602
2018-07-02 15:30:00,0.7159113667490159,0.7187292708511899,0.738945541316017,0.741849754638032,0.5594255795893089,0.560971482315364
2018-07-02 16:30:00,0.6618766992243965,0.5058086847453874,0.7087145655486868,0.6964229639407151,0.6871303815700021,0.3719010499601109
2018-07-02 17:30:00,0.5327781782968607,0.18982927700942098,0.6305626758146003,0.5841268907872913,0.33655698710561877,0.6855995544548192
2018-07-02 18:30:00,0.15618031688823633,0.06271733343524424,0.40143322775747553,0.11917614239593881,0.228638611209454,0.4434600124070177
2018-07-02 19:30:00,-0.0,0.0,-0.0,-0.0,0.0,0.017774646660885247
2018-07-02 20:30:00,0.0,0.0,0.0,0.0,0.0,0.0
2018-07-02 21:30:00,0.0,0.0,0.0,0.0,0.0,0.0
2018-07-02 22:30:00,0.0,0.0,0.0,0.0,0.0,0.0
2018-07-02 23:30:00,0.0,0.0,0.0,0.0,0.0,0.0
2018-07-03 00:30:00,0.0,0.0,0.0,0.0,0.0,0.0
2018-07-03 01:30:00,0.0,0.0,0.0,0.0,0.0,0.0
2018-07-03 02:30:00,0.0,0.0,0.0,0.0,0.0,0.0
2018-07-03 03:30:00,0.0,0.0,0.0,0.0,0.0,0.0
2018-07-03 04:30:00,0.0,0.0,0.0,0.0,0.0,0.0
2018-07-03 05:30:00,0.2575047045603618,0.19770192707273687,0.23070993715952243,0.2637097519497036,0.20674338304952752,0.18877060531982542
2018-07-03 06:30:00,0.6004345359144141,0.4568337339406796,0.575314647890312,0.5724063401109176,0.577300305827483,0.141336135287535
2018-07-03 07:30:00,0.701138836218692,0.5966617735551759,0.6769113468282086,0.6901308981843799,0.7239029893154573,0.7220714138313999
2018-07-03 08:30:00,0.7424981009445588,0.673938263944419,0.7284872974217746,0.729827280132496,0.746268656716418,0.35439802156936673
2018-07-03 09:30:00,0.7406053687091216,0.694222436149521,0.734140771295301,0.726707240511861,0.746268656716418,0.5506139529701077
2018-07-03 10:30:00,0.7220296734904649,0.6843688269688494,0.7255757419957036,0.720258662564938,0.7247380942386091,0.39413080525860666
2018-07-03 11:30:00,0.7104555080809904,0.6769197378234902,0.7175826059633956,0.721638076394956,0.7059780446474099,0.746268656716418
2018-07-03 12:30:00,0.11631041305135019,0.6895104040071978,0.714496097513481,0.7244337399357329,0.6772816787130062,0.746268656716418
2018-07-03 13:30:00,0.1895421642334814,0.7028924768485602,0.7169046375891628,0.7278293725378218,0.4412291397270657,0.746268656716418
2018-07-03 14:30:00,0.5196473533310841,0.6989931801394766,0.6600105665185702,0.7261893055582024,0.26390650103478464,0.6771608298040522
2018-07-03 15:30:00,0.21274792437752457,0.6707018239972105,0.49368505864622514,0.7211641436540698,0.40712013655028534,0.5480687479320391
2018-07-03 16:30:00,0.22971097175688807,0.5907645371867324,0.07060838367378387,0.37979602191335665,0.39308504762781127,0.19608759933822906
2018-07-03 17:30:00,0.08199285872121646,0.4354876973800343,0.00018515837336301386,0.1559155181271421,0.23128112355293148,0.2364690024705375
2018-07-03 18:30:00,0.02375114440894341,0.15217781359391538,0.10435137466366208,0.05828618725805861,0.059580002978189835,0.045933479817441364
2018-07-03 19:30:00,-0.0,0.0,-0.0,-0.0,0.0,0.012936573157728124
2018-07-03 20:30:00,0.0,0.0,0.0,0.0,0.0,0.0
2018-07-03 21:30:00,0.0,0.0,0.0,0.0,0.0,0.0
2018-07-03 22:30:00,0.0,0.0,0.0,0.0,0.0,0.0
2018-07-03 23:30:00,0.0,0.0,0.0,0.0,0.0,0.0
2018-07-04 00:30:00,0.0,0.0,0.0,0.0,0.0,0.0
2018-07-04 01:30:00,0.0,0.0,0.0,0.0,0.0,0.0
2018-07-04 02:30:00,0.0,0.0,0.0,0.0,0.0,0.0
2018-07-04 03:30:00,0.0,0.0,0.0,0.0,0.0,0.0
2018-07-04 04:30:00,0.0,0.0,0.0,0.0,0.0,0.0
2018-07-04 05:30:00,0.1649312658830729,0.07296544871299909,0.21956806379796626,0.09898963397016475,0.23685727105797816,0.18015953833724074
2018-07-04 06:30:00,0.467871368391341,0.13167664395045484,0.5589522649670486,0.07259112935033413,0.618117927022135,0.5774748632371796
2018-07-04 07:30:00,0.622503137735661,0.3990032835905964,0.670726664319481,0.37037758548362665,0.7278567994250336,0.7179167313912611
2018-07-04 08:30:00,0.695301866965569,0.6749334730969562,0.7178772934037825,0.6810138080002135,0.746268656716418,0.746268656716418
2018-07-04 09:30:00,0.723718727870313,0.6936655042926112,0.7205255949355186,0.7218658290790082,0.746268656716418,0.746268656716418
2018-07-04 10:30:00,0.7266320495863557,0.6952683781600691,0.7076605593854187,0.7238755658397549,0.746268656716418,0.746268656716418
2018-07-04 11:30:00,0.6795963506269652,0.7033694270491678,0.7075716633898135,0.7355837478109518,0.733123970528337,0.746268656716418
2018-07-04 12:30:00,0.7335344401540554,0.707213062080859,0.6941280486471686,0.7348656716925941,0.7314163035048967,0.746268656716418
2018-07-04 13:30:00,0.7379286914129058,0.7120220914672215,0.685564863413659,0.7371613699029357,0.5318667784874089,0.746268656716418
2018-07-04 14:30:00,0.7403926984329311,0.19696553513803544,0.3767436586485224,0.3734243951848881,0.5690524862953609,0.746268656716418
2018-07-04 15:30:00,0.7255738848531654,0.0056874681075177284,0.21884577839209032,0.5432367466787836,0.46297859797357943,0.746268656716418
2018-07-04 16:30:00,0.532258867930543,0.6189595636710546,0.4658727843171527,0.052878039626315064,0.6476840774436387,0.746268656716418
2018-07-04 17:30:00,0.16773134228986683,0.374166751211324,0.4200595518464107,0.32097220609800386,0.17458982432562206,0.6559803381303028
2018-07-04 18:30:00,0.2128335622759023,0.04031564671170682,0.0707289126925521,0.037347267727065925,0.09616868320073345,0.18593603810019377
2018-07-04 19:30:00,-0.0,0.0,-0.0,-0.0,0.0,-0.0
2018-07-04 20:30:00,0.0,0.0,0.0,0.0,0.0,0.0
2018-07-04 21:30:00,0.0,0.0,0.0,0.0,0.0,0.0
2018-07-04 22:30:00,0.0,0.0,0.0,0.0,0.0,0.0
2018-07-04 23:30:00,0.0,0.0,0.0,0.0,0.0,0.0
2018-07-05 00:30:00,0.0,0.0,0.0,0.0,0.0,0.0
2018-07-05 01:30:00,0.0,0.0,0.0,0.0,0.0,0.0
2018-07-05 02:30:00,0.0,0.0,0.0,0.0,0.0,0.0
2018-07-05 03:30:00,0.0,0.0,0.0,0.0,0.0,0.0
2018-07-05 04:30:00,0.0,0.0,0.0,0.0,0.0,0.0
2018-07-05 05:30:00,0.17395597204796343,0.07874838071374328,0.17946811226107443,0.15639746153166637,0.03551537798623177,0.1680638337823687
2018-07-05 06:30:00,0.19332525885346977,0.49919011524706586,0.5120016422299037,0.4342163277512512,0.3183801263553516,0.5570494127793512
2018-07-05 07:30:00,0.40723917411004157,0.28263614853482155,0.6392409603739927,0.5887326552256504,0.6943224333188162,0.7001267417656895
2018-07-05 08:30:00,0.7025826620900403,0.49334322455597895,0.6887294346547619,0.6812983648474449,0.746268656716418,0.42783774671546476
2018-07-05 09:30:00,0.5800169916127251,0.5832579054155672,0.4298335878964813,0.7179860850562423,0.513917809898067,0.746268656716418
2018-07-05 10:30:00,0.7160180339791739,0.733560205136676,0.017612408869440994,0.720023903250396,0.746268656716418,0.746268656716418
2018-07-05 11:30:00,0.7091847617968337,0.4808910116239132,0.6033475301396641,0.7281759976445211,0.5259750894533852,0.746268656716418
2018-07-05 12:30:00,0.7104638249630493,0.56305060324669,0.25757160137408597,0.7319312756354333,0.6285581771762232,0.7375828874999677
2018-07-05 13:30:00,0.5705875396776992,0.5472529464515915,0.5158715300665608,0.739293852588561,0.410612279080674,0.3429960093201606
2018-07-05 14:30:00,0.0656973743265565,0.701618936352891,0.2224374068445868,0.5746616550215286,0.4149981597277743,0.6680497385553138
2018-07-05 15:30:00,0.038679657690998265,0.6708774491872918,0.17768395290505887,0.2667628983995685,0.30215772678344943,0.4826784795230449
2018-07-05 16:30:00,0.014810904201118903,0.3653447899569188,0.3724732429159181,0.07501219031817222,0.10904738046600873,0.7191427066412974
2018-07-05 17:30:00,0.08827326309929782,0.11389345737763279,0.16037669471606938,0.10915021611181536,0.02923725482013332,0.09935146429947327
2018-07-05 18:30:00,0.0720959201900911,0.051525583599116985,0.018510249979963943,0.0914874819525567,0.026784143261380153,0.02962869575391984
2018-07-05 19:30:00,-0.0,0.0,-0.0,-0.0,0.0,0.000819843949769684
2018-07-05 20:30:00,0.0,0.0,0.0,0.0,0.0,0.0
2018-07-05 21:30:00,0.0,0.0,0.0,0.0,0.0,0.0
2018-07-05 22:30:00,0.0,0.0,0.0,0.0,0.0,0.0
2018-07-05 23:30:00,0.0,0.0,0.0,0.0,0.0,0.0
2018-07-06 00:30:00,0.0,0.0,0.0,0.0,0.0,0.0
2018-07-06 01:30:00,0.0,0.0,0.0,0.0,0.0,0.0
2018-07-06 02:30:00,0.0,0.0,0.0,0.0,0.0,0.0
2018-07-06 03:30:00,0.0,0.0,0.0,0.0,0.0,0.0
2018-07-06 04:30:00,0.0,0.0,0.0,0.0,0.0,0.0
2018-07-06 05:30:00,0.21976425134772407,0.22056382443624514,0.20633306193170559,0.2242785883923113,0.20884603038991886,0.1542101729870921
2018-07-06 06:30:00,0.5523406182978007,0.5263617468123446,0.5483465857232953,0.5403662579728452,0.5738752366455053,0.5280658436358242
2018-07-06 07:30:00,0.6675499611534599,0.6675380364145849,0.661061674043342,0.6715690030977499,0.7038597676098636,0.6711820789417227
2018-07-06 08:30:00,0.7158913957944381,0.7307154912749041,0.7083731837145261,0.736977400057592,0.7420646665838182,0.746268656716418
2018-07-06 09:30:00,0.7367806775428484,0.7395933120437911,0.7149129293500255,0.7393271106483519,0.7437830494919048,0.746268656716418
2018-07-06 10:30:00,0.7369012410984515,0.7393289986670761,0.7049330465901299,0.7311614235578744,0.746268656716418,0.746268656716418
2018-07-06 11:30:00,0.7325759092303431,0.7387660747953041,0.698179127585885,0.7204575802610231,0.746268656716418,0.746268656716418
2018-07-06 12:30:00,0.7335097671113069,0.7389635374497028,0.6114045041565059,0.7136595105565405,0.5706909406969044,0.746268656716418
2018-07-06 13:30:00,0.7362589058823281,0.746268656716418,0.6914765451970688,0.7161516774964595,0.746268656716418,0.746268656716418
2018-07-06 14:30:00,0.7391755047392689,0.746268656716418,0.6974294837454003,0.7169502586933195,0.60141387132864,0.46197789845985243
2018-07-06 15:30:00,0.7249967761667475,0.7393162533908633,0.6446775986566736,0.7153605274454977,0.5870582915014427,0.746268656716418
2018-07-06 16:30:00,0.669933051584281,0.6786124252419075,0.6398466394621172,0.659930967785498,0.7293403464072548,0.003858552894051847
2018-07-06 17:30:00,0.5418573326645332,0.5348184484935419,0.5356125611184637,0.5450135830319613,0.455380494052041,0.43765587497435127
2018-07-06 18:30:00,0.2509448472166172,0.2032930789879377,0.29951403494622075,0.2650460717536166,0.2949818746327268,0.38588957167670035
2018-07-06 19:30:00,-0.0,0.0,-0.0,-0.0,0.0,0.0007177760603053835
2018-07-06 20:30:00,0.0,0.0,0.0,0.0,0.0,0.0
2018-07-06 21:30:00,0.0,0.0,0.0,0.0,0.0,0.0
2018-07-06 22:30:00,0.0,0.0,0.0,0.0,0.0,0.0
2018-07-06 23:30:00,0.0,0.0,0.0,0.0,0.0,0.0
2018-07-07 00:30:00,0.0,0.0,0.0,0.0,0.0,0.0
2018-07-07 01:30:00,0.0,0.0,0.0,0.0,0.0,0.0
2018-07-07 02:30:00,0.0,0.0,0.0,0.0,0.0,0.0
2018-07-07 03:30:00,0.0,0.0,0.0,0.0,0.0,0.0
2018-07-07 04:30:00,0.0,0.0,0.0,0.0,0.0,0.0
2018-07-07 05:30:00,0.23686192729377228,0.2664303065045412,0.19357256645868698,0.24266580444079294,0.2267421293813569,0.1586283621603732
2018-07-07 06:30:00,0.5629735558472115,0.5862767516818701,0.5234367182987708,0.5475395188402576,0.5956469178145529,0.5435035925156386
2018-07-07 07:30:00,0.6624466652479903,0.7087512510003512,0.6373275479666346,0.6620247565589752,0.7014562499788709,0.6746290285097241
2018-07-07 08:30:00,0.7092531185464701,0.746268656716418,0.6905698709398366,0.7088287044463805,0.746268656716418,0.7235817367460954
2018-07-07 09:30:00,0.7266229468176393,0.746268656716418,0.6902496074229207,0.7154782052458185,0.746268656716418,0.7334335894220172
2018-07-07 10:30:00,0.7265624706098888,0.746268656716418,0.6876860779167502,0.7114590741081276,0.26635588424363005,0.726145653565838
2018-07-07 11:30:00,0.7221318541952725,0.746268656716418,0.6914665723091664,0.7059999457677362,0.746268656716418,0.4134985137628279
2018-07-07 12:30:00,0.7236713075608071,0.746268656716418,0.5827226623126683,0.7089525016848998,0.746268656716418,0.6374116214115328
2018-07-07 13:30:00,0.5787075126823071,0.746268656716418,0.5217808527702169,0.7159795315069829,0.746268656716418,0.03780056840116901
2018-07-07 14:30:00,0.08494556878033938,0.746268656716418,0.3244359713665949,0.7228974880286334,0.746268656716418,0.6775474689151497
2018-07-07 15:30:00,0.3696426940606492,0.7413066096062294,0.11538582573880117,0.6158841215201858,0.746268656716418,0.5909320363636381
2018-07-07 16:30:00,0.22644578613404182,0.6860200664419898,0.2364989495123482,0.6673862908216756,0.734611548399654,0.2616619744101214
2018-07-07 17:30:00,0.35527663621160344,0.5570514901202089,0.3886698146123592,0.54867329688399,0.4888001289675039,0.05191685605375236
2018-07-07 18:30:00,0.06982025534085429,0.22242565712583293,0.0876585618619827,0.2678660087067049,0.07603326216941472,0.01834196539563139
2018-07-07 19:30:00,-0.0,0.0,-0.0,-0.0,0.0,-0.0
2018-07-07 20:30:00,0.0,0.0,0.0,0.0,0.0,0.0
2018-07-07 21:30:00,0.0,0.0,0.0,0.0,0.0,0.0
2018-07-07 22:30:00,0.0,0.0,0.0,0.0,0.0,0.0
2018-07-07 23:30:00,0.0,0.0,0.0,0.0,0.0,0.0
2018-07-08 00:30:00,0.0,0.0,0.0,0.0,0.0,0.0
2018-07-08 01:30:00,0.0,0.0,0.0,0.0,0.0,0.0
2018-07-08 02:30:00,0.0,0.0,0.0,0.0,0.0,0.0
2018-07-08 03:30:00,0.0,0.0,0.0,0.0,0.0,0.0
2018-07-08 04:30:00,0.0,0.0,0.0,0.0,0.0,0.0
2018-07-08 05:30:00,0.22586355579647668,0.28682374481927175,0.199607588895424,0.2328077307940835,0.21291551236765588,0.15434377916771067
2018-07-08 06:30:00,0.5503107900603834,0.6177937508669944,0.5381625115634738,0.5416358738679847,0.5855675940149755,0.5512543920559624
2018-07-08 07:30:00,0.6734740222959826,0.7265554557233465,0.6540417439892685,0.6581626998453588,0.6935886819776171,0.6810480947203957
2018-07-08 08:30:00,0.7255318026972302,0.746268656716418,0.6974882459333399,0.7184069706040476,0.746268656716418,0.7325833205622777
2018-07-08 09:30:00,0.7352032199237525,0.746268656716418,0.7023885394555514,0.7227022662907994,0.746268656716418,0.746268656716418
2018-07-08 10:30:00,0.7277709724737309,0.746268656716418,0.6955154029889153,0.7192198012060531,0.746268656716418,0.746268656716418
2018-07-08 11:30:00,0.7223817866285112,0.746268656716418,0.6937278143263783,0.7180651199372888,0.746268656716418,0.7426265797005279
2018-07-08 12:30:00,0.7192961145916023,0.746268656716418,0.692382214505484,0.714467072331246,0.746268656716418,0.1357061279707218
2018-07-08 13:30:00,0.724639386601634,0.746268656716418,0.18694906463820996,0.717904583659949,0.746268656716418,0.5533687861445177
2018-07-08 14:30:00,0.7224856666254862,0.746268656716418,0.390737807124356,0.7179861258850326,0.746268656716418,0.45284779013610066
2018-07-08 15:30:00,0.7182860994384882,0.7439051739101177,0.007145401517068781,0.7141608691499239,0.746268656716418,0.027605116873945627
2018-07-08 16:30:00,0.09911357016677896,0.6921491155312206,0.15050744454509876,0.23935013221279258,0.7355393801154523,0.0290978597322785
2018-07-08 17:30:00,0.40574014511628925,0.5625961013215465,0.02495830507724751,0.36942013112867755,0.6224424849647998,0.06976110488024766
2018-07-08 18:30:00,0.035309002962466834,0.22687556944172838,0.04479399970407282,0.09968568444989634,0.3075862182718493,0.029189632333212673
2018-07-08 19:30:00,0.0,0.0,-0.0,-0.0,0.0,-0.0
2018-07-08 20:30:00,0.0,0.0,0.0,0.0,0.0,0.0
2018-07-08 21:30:00,0.0,0.0,0.0,0.0,0.0,0.0
2018-07-08 22:30:00,0.0,0.0,0.0,0.0,0.0,0.0
2018-07-08 23:30:00,0.0,0.0,0.0,0.0,0.0,0.0
2018-07-09 00:30:00,0.0,0.0,0.0,0.0,0.0,0.0
2018-07-09 01:30:00,0.0,0.0,0.0,0.0,0.0,0.0
2018-07-09 02:30:00,0.0,0.0,0.0,0.0,0.0,0.0
2018-07-09 03:30:00,0.0,0.0,0.0,0.0,0.0,0.0
2018-07-09 04:30:00,0.0,0.0,0.0,0.0,0.0,0.0
2018-07-09 05:30:00,0.23156915618394427,0.2782908307195219,0.21083809874441922,0.23333224990682686,0.21904979092409219,0.15919883916233518
2018-07-09 06:30:00,0.564015883541922,0.5879955598339738,0.5706426818326987,0.5520584712128039,0.6025640872237882,0.5774955609703802
2018-07-09 07:30:00,0.6934680001013274,0.6980940818377672,0.6746945666853605,0.68264205037943,0.7244966114757305,0.7056864976779897
2018-07-09 08:30:00,0.746268656716418,0.746268656716418,0.7215829826009941,0.7406854948010482,0.746268656716418,0.746268656716418
2018-07-09 09:30:00,0.746268656716418,0.746268656716418,0.7250764662033735,0.746268656716418,0.746268656716418,0.746268656716418
2018-07-09 10:30:00,0.746268656716418,0.746268656716418,0.7145635643477277,0.746268656716418,0.746268656716418,0.746268656716418
2018-07-09 11:30:00,0.746268656716418,0.7454228859843023,0.7055999441015132,0.740524503637092,0.746268656716418,0.7431824452494106
2018-07-09 12:30:00,0.746268656716418,0.7458450233193088,0.7018925901675812,0.7397158918634561,0.746268656716418,0.7416651405568283
2018-07-09 13:30:00,0.746268656716418,0.746268656716418,0.7077938990610718,0.746268656716418,0.746268656716418,0.746268656716418
2018-07-09 14:30:00,0.746268656716418,0.746268656716418,0.7157659775745612,0.746268656716418,0.746268656716418,0.746268656716418
2018-07-09 15:30:00,0.746268656716418,0.7452927369233066,0.7171628640528499,0.746268656716418,0.746268656716418,0.746268656716418
2018-07-09 16:30:00,0.7111607357896997,0.6941252936088296,0.6877061973728926,0.711680861702997,0.732564711287771,0.7332744352155407
2018-07-09 17:30:00,0.6031930670772397,0.5642664722509774,0.6037116268625171,0.606362971658483,0.61934714610886,0.6394777707292191
2018-07-09 18:30:00,0.294913298460932,0.22911621163182044,0.3608875095357273,0.3021652632375254,0.2901127004966036,0.384824100146441
2018-07-09 19:30:00,0.0,0.0,-0.0,-0.0,0.0,-0.0
2018-07-09 20:30:00,0.0,0.0,0.0,0.0,0.0,0.0
2018-07-09 21:30:00,0.0,0.0,0.0,0.0,0.0,0.0
2018-07-09 22:30:00,0.0,0.0,0.0,0.0,0.0,0.0
2018-07-09 23:30:00,0.0,0.0,0.0,0.0,0.0,0.0
2018-07-10 00:30:00,0.0,0.0,0.0,0.0,0.0,0.0
2018-07-10 01:30:00,0.0,0.0,0.0,0.0,0.0,0.0
2018-07-10 02:30:00,0.0,0.0,0.0,0.0,0.0,0.0
2018-07-10 03:30:00,0.0,0.0,0.0,0.0,0.0,0.0
2018-07-10 04:30:00,0.0,0.0,0.0,0.0,0.0,0.0
2018-07-10 05:30:00,0.2393505878961306,0.2761455013870121,0.20243161851552205,0.25261131254702246,0.2130210529040679,0.15559789142082173
2018-07-10 06:30:00,0.5847766202705404,0.6019860506713408,0.5520647263005716,0.5888378902618784,0.6027712471498028,0.5552292235342117
2018-07-10 07:30:00,0.6777145923309681,0.7177316472003319,0.663489914706351,0.6996945780062511,0.7038281527155992,0.6959997254985256
2018-07-10 08:30:00,0.7295536846750452,0.746268656716418,0.7133818163968747,0.746268656716418,0.746268656716418,0.746268656716418
2018-07-10 09:30:00,0.7413955149986549,0.746268656716418,0.7170500135704997,0.746268656716418,0.746268656716418,0.746268656716418
2018-07-10 10:30:00,0.7383759600573713,0.746268656716418,0.7080562872551739,0.7446559627057412,0.746268656716418,0.746268656716418
2018-07-10 11:30:00,0.7307087917626933,0.746268656716418,0.6966840618896255,0.7334208383958015,0.41574950865350285,0.5805983155472925
2018-07-10 12:30:00,0.7322209780560293,0.746268656716418,0.6897220633819063,0.7304555147571326,0.44730474009077786,0.4137044317718511
2018-07-10 13:30:00,0.743510179111017,0.746268656716418,0.6927536301990246,0.7378452563237355,0.42427398817905565,0.5573668015769895
2018-07-10 14:30:00,0.746268656716418,0.746268656716418,0.6977887715801372,0.7445981235483226,0.444167595340254,0.19465322408263566
2018-07-10 15:30:00,0.746268656716418,0.746268656716418,0.22938346847453955,0.7439153561894551,0.746268656716418,0.14024218284266066
2018-07-10 16:30:00,0.7081638724000813,0.6990878289929666,0.23708754738112844,0.6975533531359441,0.7417843165426369,0.061849832622775686
2018-07-10 17:30:00,0.6024690668895466,0.5658305104910455,0.4485532073139339,0.5915619797435545,0.6337746402795358,0.10712275672299601
2018-07-10 18:30:00,0.2935646723381526,0.2216422829603324,0.0909459853586139,0.2971086974819469,0.3016438358193514,0.02188039130604223
2018-07-10 19:30:00,0.0,0.0,-0.0,-0.0,0.0,-0.0
2018-07-10 20:30:00,0.0,0.0,0.0,0.0,0.0,0.0
2018-07-10 21:30:00,0.0,0.0,0.0,0.0,0.0,0.0
2018-07-10 22:30:00,0.0,0.0,0.0,0.0,0.0,0.0
2018-07-10 23:30:00,0.0,0.0,0.0,0.0,0.0,0.0
2018-07-11 00:30:00,0.0,0.0,0.0,0.0,0.0,0.0
2018-07-11 01:30:00,0.0,0.0,0.0,0.0,0.0,0.0
2018-07-11 02:30:00,0.0,0.0,0.0,0.0,0.0,0.0
2018-07-11 03:30:00,0.0,0.0,0.0,0.0,0.0,0.0
2018-07-11 04:30:00,0.0,0.0,0.0,0.0,0.0,0.0
2018-07-11 05:30:00,0.22393990555326138,0.26186456720358314,0.2005006957187604,0.23965911273323498,0.20469883151897741,0.15198246809173982
2018-07-11 06:30:00,0.5716076494473873,0.5841271266236665,0.5647257474025249,0.5643086139537185,0.5881396534761169,0.5514862540158585
2018-07-11 07:30:00,0.689837250211527,0.7004787457746103,0.6682637214420041,0.6840851787621767,0.6972913746230552,0.6836089387724833
2018-07-11 08:30:00,0.746268656716418,0.746268656716418,0.713143064528444,0.7274936956618958,0.746268656716418,0.746268656716418
2018-07-11 09:30:00,0.746268656716418,0.746268656716418,0.7159484331487417,0.7329646633497539,0.746268656716418,0.746268656716418
2018-07-11 10:30:00,0.746268656716418,0.746268656716418,0.7045851761476304,0.7252829991698705,0.746268656716418,0.746268656716418
2018-07-11 11:30:00,0.7383484996134151,0.739503354223331,0.6957229980262003,0.7194595034884974,0.746268656716418,0.6957270087423587
2018-07-11 12:30:00,0.7354783275615174,0.738852650679572,0.692512482024293,0.7203460573831457,0.746268656716418,0.5080804019938294
2018-07-11 13:30:00,0.7421703381079064,0.7449188601328052,0.5301480067150344,0.7314623065442031,0.6157029595262283,0.417476641645254
2018-07-11 14:30:00,0.746268656716418,0.746268656716418,0.7079310199571553,0.7457496681265241,0.746268656716418,0.746268656716418
2018-07-11 15:30:00,0.746268656716418,0.7334843145686079,0.7118414475124074,0.7461947117660769,0.746268656716418,0.04622614925646609
2018-07-11 16:30:00,0.6967727297278363,0.674514249814269,0.6781363845794688,0.6985895426749407,0.7160206920385566,0.12987977122186528
2018-07-11 17:30:00,0.5827741526004399,0.5384663541182099,0.2651751683127073,0.5868628292471849,0.5910027737697325,0.07970081748416889
2018-07-11 18:30:00,0.27331443755778245,0.09562676808663537,0.12760339736384865,0.2830575323844234,0.2667906175240709,0.029832914185838784
2018-07-11 19:30:00,0.0,0.0,-0.0,-0.0,0.0,-0.0
2018-07-11 20:30:00,0.0,0.0,0.0,0.0,0.0,0.0
2018-07-11 21:30:00,0.0,0.0,0.0,0.0,0.0,0.0
2018-07-11 22:30:00,0.0,0.0,0.0,0.0,0.0,0.0
2018-07-11 23:30:00,0.0,0.0,0.0,0.0,0.0,0.0
2018-07-12 00:30:00,0.0,0.0,0.0,0.0,0.0,0.0
2018-07-12 01:30:00,0.0,0.0,0.0,0.0,0.0,0.0
2018-07-12 02:30:00,0.0,0.0,0.0,0.0,0.0,0.0
2018-07-12 03:30:00,0.0,0.0,0.0,0.0,0.0,0.0
2018-07-12 04:30:00,0.0,0.0,0.0,0.0,0.0,0.0
2018-07-12 05:30:00,0.19831627344738867,0.23413622120758226,0.032131194268373416,0.21691660084398431,0.19919501329333364,0.026643177811169212
2018-07-12 06:30:00,0.5465566442235055,0.5579467559282157,0.11125579021236844,0.5523436874218048,0.5848156456867213,0.25451897754684916
2018-07-12 07:30:00,0.6841437234318858,0.6816276975444873,0.28175155758372006,0.6792912830041513,0.7081263122162259,0.38368155577480173
2018-07-12 08:30:00,0.7391097745279059,0.7313588463754138,0.540404220519234,0.7252298293391699,0.746268656716418,0.4065350463845473
2018-07-12 09:30:00,0.746268656716418,0.7398142633529456,0.4947680720721341,0.7308156582705773,0.2841348109497996,0.5214681245449913
2018-07-12 10:30:00,0.7399031679837575,0.7326976294025761,0.7095546748559004,0.7205307524411887,0.4948281742760054,0.26394155493344157
2018-07-12 11:30:00,0.7280720087735445,0.7236540205181314,0.7082444724491063,0.7110912039616325,0.18904126891749598,0.3839197133895762
2018-07-12 12:30:00,0.7236568471081544,0.7223106485721074,0.7069974197443223,0.7119516148880064,0.5474774470675698,0.746268656716418
2018-07-12 13:30:00,0.6628905331987635,0.726104535929855,0.5568275596490053,0.2557388021278249,0.7366376406673624,0.6581777162574316
2018-07-12 14:30:00,0.4589162719358914,0.7235378100577761,0.2821532631907362,0.06893064470579495,0.05657234350582191,0.5332608171009086
2018-07-12 15:30:00,0.5577723928565974,0.600720637209579,0.4561639281786033,0.03864571894815306,0.17985850028401656,0.262469330140538
2018-07-12 16:30:00,0.3089796794757303,0.23919813066325143,0.07799342611952309,0.05519325350112996,0.30550015939471775,0.4161460102143726
2018-07-12 17:30:00,0.34643819335286474,0.22863973599084,0.13374559616775636,0.020216119921818307,0.4650661298307886,0.6449991097610231
2018-07-12 18:30:00,0.10373683104196313,0.010026345130526386,0.08505748008943251,0.2712169847275951,0.24209840639530175,0.028689498561535395
2018-07-12 19:30:00,0.0,0.0,-0.0,0.0,0.0,-0.0
2018-07-12 20:30:00,0.0,0.0,0.0,0.0,0.0,0.0
2018-07-12 21:30:00,0.0,0.0,0.0,0.0,0.0,0.0
2018-07-12 22:30:00,0.0,0.0,0.0,0.0,0.0,0.0
2018-07-12 23:30:00,0.0,0.0,0.0,0.0,0.0,0.0
2018-07-13 00:30:00,0.0,0.0,0.0,0.0,0.0,0.0
2018-07-13 01:30:00,0.0,0.0,0.0,0.0,0.0,0.0
2018-07-13 02:30:00,0.0,0.0,0.0,0.0,0.0,0.0
2018-07-13 03:30:00,0.0,0.0,0.0,0.0,0.0,0.0
2018-07-13 04:30:00,0.0,0.0,0.0,0.0,0.0,0.0
2018-07-13 05:30:00,0.2054812904627441,0.23579498317278472,0.19725123141650175,0.22876373851176993,0.18570940027956293,0.14646582288198806
2018-07-13 06:30:00,0.5557309441299705,0.06703296316002338,0.08092555271049057,0.5690110042287928,0.5635615990022106,0.5623748555152052
2018-07-13 07:30:00,0.6903843343979738,0.06404565937119357,0.6729711322286327,0.6884096185195048,0.7078024167826199,0.6822631249486238
2018-07-13 08:30:00,0.7444056612495311,0.11865806776045282,0.5441797079473698,0.744637939299769,0.746268656716418,0.7386447078500786
2018-07-13 09:30:00,0.746268656716418,0.18100759336694197,0.7257531612764068,0.746268656716418,0.746268656716418,0.7457924199310152
2018-07-13 10:30:00,0.746268656716418,0.26277982906887515,0.7161372622559025,0.7426832797919124,0.4826200479082554,0.7397539496480869
2018-07-13 11:30:00,0.7387541597100035,0.7307316945991054,0.7050939549152024,0.7304115963028561,0.746268656716418,0.1555685814720369
2018-07-13 12:30:00,0.7368217388403963,0.7289389267457762,0.7014563321069724,0.7281275264778825,0.746268656716418,0.5520440217666118
2018-07-13 13:30:00,0.742288687501266,0.7339069742145907,0.6242490986966557,0.7362906388574045,0.4792094235068081,0.746268656716418
2018-07-13 14:30:00,0.7441611238878313,0.7396490343875443,0.4467802621541868,0.7431686131728185,0.5306593079072169,0.27822039995552694
2018-07-13 15:30:00,0.6860939062145818,0.7294944171799772,0.5374046592305664,0.7378779494007622,0.346040670099735,0.5829729023152014
2018-07-13 16:30:00,0.6808201617246862,0.6814171662849676,0.41430697241161085,0.6859507765332195,0.7207730103338091,0.6337357451967265
2018-07-13 17:30:00,0.322970214441453,0.5546120294379173,0.42579915324343875,0.5730244335267096,0.0001917226152352806,0.4101465276490973
2018-07-13 18:30:00,0.2549776208178937,0.21352883211537027,0.337177862998315,0.274206902648322,0.05612711032525944,0.4012318700170454
2018-07-13 19:30:00,0.0,0.0,-0.0,0.0,0.0,-0.0
2018-07-13 20:30:00,0.0,0.0,0.0,0.0,0.0,0.0
2018-07-13 21:30:00,0.0,0.0,0.0,0.0,0.0,0.0
2018-07-13 22:30:00,0.0,0.0,0.0,0.0,0.0,0.0
2018-07-13 23:30:00,0.0,0.0,0.0,0.0,0.0,0.0
2018-07-14 00:30:00,0.0,0.0,0.0,0.0,0.0,0.0
2018-07-14 01:30:00,0.0,0.0,0.0,0.0,0.0,0.0
2018-07-14 02:30:00,0.0,0.0,0.0,0.0,0.0,0.0
2018-07-14 03:30:00,0.0,0.0,0.0,0.0,0.0,0.0
2018-07-14 04:30:00,0.0,0.0,0.0,0.0,0.0,0.0
2018-07-14 05:30:00,0.20478654075592995,0.2462189671791948,0.18975364934331226,0.2228391349148899,0.18939646505445565,0.03492486852585205
2018-07-14 06:30:00,0.553599060750093,0.5795913655104453,0.5657419149920538,0.563394331512173,0.5718877515535937,0.5547876448338538
2018-07-14 07:30:00,0.6658239948281012,0.6967927073965273,0.6722877378162603,0.6814118837708654,0.6848220304019852,0.6787004910894064
2018-07-14 08:30:00,0.7292119889600359,0.7460792117293303,0.7240286034233755,0.7359801559615627,0.7370897354630344,0.7423961119551062
2018-07-14 09:30:00,0.7461108766697595,0.746268656716418,0.7277294112796598,0.7436352018428196,0.746268656716418,0.746268656716418
2018-07-14 10:30:00,0.7414750362001719,0.7443180976661995,0.6420893745728499,0.7332805032594841,0.3972052247094046,0.746268656716418
2018-07-14 11:30:00,0.7312348859213605,0.7329137544622505,0.5703945882692489,0.7247719373645606,0.22988762941141905,0.21429114911763344
2018-07-14 12:30:00,0.7277282627374462,0.7332468461082611,0.6971101027473714,0.7231639457158724,0.14108632670696913,0.5585808558380448
2018-07-14 13:30:00,0.7337393302582793,0.7376192531272823,0.7007924907100436,0.7306488655269131,0.30401794555310513,0.6499903889277048
2018-07-14 14:30:00,0.7421103931209345,0.7442389031528969,0.28904787687837247,0.7400848186685629,0.746268656716418,0.3427903368689729
2018-07-14 15:30:00,0.7334792016089118,0.7360882596541914,0.1710908697547038,0.7356046706674214,0.3857311618849896,0.2489358385101695
2018-07-14 16:30:00,0.6844123447341403,0.6846369162233193,0.4499791179630682,0.6911072325388031,0.7128536568366147,0.20674599646515004
2018-07-14 17:30:00,0.55663980234087,0.5566365357977165,0.5815069103619921,0.5697281406231421,0.5836917198136791,0.3814895104076385
2018-07-14 18:30:00,0.24840806191581027,0.21229552689706235,0.15290668954547038,0.26784618036455166,0.2585374678775739,0.07004354806070243
2018-07-14 19:30:00,0.0,0.0,-0.0,0.0,0.0,-0.0
2018-07-14 20:30:00,0.0,0.0,0.0,0.0,0.0,0.0
2018-07-14 21:30:00,0.0,0.0,0.0,0.0,0.0,0.0
2018-07-14 22:30:00,0.0,0.0,0.0,0.0,0.0,0.0
2018-07-14 23:30:00,0.0,0.0,0.0,0.0,0.0,0.0
2018-07-15 00:30:00,0.0,0.0,0.0,0.0,0.0,0.0
2018-07-15 01:30:00,0.0,0.0,0.0,0.0,0.0,0.0
2018-07-15 02:30:00,0.0,0.0,0.0,0.0,0.0,0.0
2018-07-15 03:30:00,0.0,0.0,0.0,0.0,0.0,0.0
2018-07-15 04:30:00,0.0,0.0,0.0,0.0,0.0,0.0
2018-07-15 05:30:00,0.040510977478529664,0.24280611082641673,0.002020528821646382,0.018509292569539315,0.17795445655349837,0.015321770776015852
2018-07-15 06:30:00,0.18082708825226518,0.5717736162094461,0.030736357665062674,0.13920679327444602,0.5646544673497367,0.16529166290851352
2018-07-15 07:30:00,0.1263272337056674,0.6946913748112973,0.022481636095430038,0.6632276597294302,0.69201373644943,0.13893052781572743
2018-07-15 08:30:00,0.0686781180758339,0.746268656716418,0.13152754430587923,0.08453125659577945,0.746268656716418,0.07846545344021877
2018-07-15 09:30:00,0.31858968087152506,0.746268656716418,0.03611742709539691,0.009894444154599098,0.17035686235018066,0.19971699667157752
2018-07-15 10:30:00,0.22008310211878018,0.746268656716418,0.07285138419194007,0.176502231877509,0.10441507302652667,0.468163335153155
2018-07-15 11:30:00,0.05499717318162572,0.7383558402988091,0.11898501714319729,0.10928073337868068,0.08366728582945422,0.13990648313238763
2018-07-15 12:30:00,0.0859480278276228,0.7356441597813095,0.43083616117229284,0.02504434329241149,0.3254781698598236,0.6025464939547811
2018-07-15 13:30:00,0.06560437742105373,0.6364118594650205,0.38400090213075005,0.08182466001843784,0.4575656082692007,0.15225076154070025
2018-07-15 14:30:00,0.10396112621994001,0.6889945175471244,0.2820364631705392,0.08122457981703222,0.32271912531376257,0.10602140301784474
2018-07-15 15:30:00,0.032922668203089284,0.43201781759118957,0.349011447226802,0.060811301368144055,0.07615779952356642,0.1174689535640149
2018-07-15 16:30:00,0.04335636841845926,0.5152883710631224,0.2505490791868168,0.05412836642888796,0.026533159392647238,0.01833953283584413
2018-07-15 17:30:00,0.11225002407394402,0.5354103772057114,0.006739966047554445,0.22824553236507023,0.3475910663654119,0.0025408170057841456
2018-07-15 18:30:00,0.009526584573899865,0.023484108628928014,0.040030056209182464,0.25314481871566363,0.04553395010081373,0.09064509077415075
2018-07-15 19:30:00,0.0,0.0,-0.0,0.0,0.0,-0.0
2018-07-15 20:30:00,0.0,0.0,0.0,0.0,0.0,0.0
2018-07-15 21:30:00,0.0,0.0,0.0,0.0,0.0,0.0
2018-07-15 22:30:00,0.0,0.0,0.0,0.0,0.0,0.0
2018-07-15 23:30:00,0.0,0.0,0.0,0.0,0.0,0.0
2018-07-16 00:30:00,0.0,0.0,0.0,0.0,0.0,0.0
2018-07-16 01:30:00,0.0,0.0,0.0,0.0,0.0,0.0
2018-07-16 02:30:00,0.0,0.0,0.0,0.0,0.0,0.0
2018-07-16 03:30:00,0.0,0.0,0.0,0.0,0.0,0.0
2018-07-16 04:30:00,0.0,0.0,0.0,0.0,0.0,0.0
2018-07-16 05:30:00,0.1836827853779081,0.011212958388601119,0.1895951915337609,0.19672529378715922,0.1712096172889974,0.1357698927085449
2018-07-16 06:30:00,0.540137012755161,0.013720072850525133,0.5704529625918842,0.5356487788628808,0.05443732805495105,0.5696017686855809
2018-07-16 07:30:00,0.6696296500618661,0.297573075397142,0.6794100691968674,0.0752869486168885,0.10530756778704517,0.6853578776823925
2018-07-16 08:30:00,0.727938680695271,0.7194606100768944,0.7275408778640114,0.14831109938597659,0.7334810095861503,0.746268656716418
2018-07-16 09:30:00,0.746268656716418,0.7242548171727742,0.7283387657637649,0.36924923939586113,0.746268656716418,0.746268656716418
2018-07-16 10:30:00,0.7437981891850812,0.3994712942794544,0.7136526826966051,0.7308784353099878,0.10049219916373059,0.746268656716418
2018-07-16 11:30:00,0.7361629506886375,0.7244182310471671,0.7006633317657683,0.7215533359936901,0.022763329231848473,0.746268656716418
2018-07-16 12:30:00,0.7342703799608671,0.7265961472172564,0.6948638320834,0.7210819981869916,0.05558249815991888,0.3785399286591655
2018-07-16 13:30:00,0.7403551391189026,0.6324803239746473,0.6985975931839834,0.7269120744860152,0.0683986768002283,0.24611727893325056
2018-07-16 14:30:00,0.7415798410989187,0.45431677276719584,0.5332338728366577,0.730783888411009,0.04627272520224527,0.6801941248285134
2018-07-16 15:30:00,0.731710379788854,0.6517516386394847,0.2668839117283413,0.6865791972330599,0.1064026401220176,0.586877775300784
2018-07-16 16:30:00,0.678903251457995,0.537873662430551,0.3634876806001146,0.6564970919468875,0.34978086435800226,0.31658406510507814
2018-07-16 17:30:00,0.04030826753605834,0.18804863587962212,0.14218095824209848,0.06992691972860042,0.3879124273675853,0.5460094458591095
2018-07-16 18:30:00,0.04515470731929416,0.027473692425207388,0.10998186041232338,0.22286071674244173,0.05012096907431077,0.12512779572682536
2018-07-16 19:30:00,0.0,0.0,-0.0,0.0,0.0,-0.0
2018-07-16 20:30:00,0.0,0.0,0.0,0.0,0.0,0.0
2018-07-16 21:30:00,0.0,0.0,0.0,0.0,0.0,0.0
2018-07-16 22:30:00,0.0,0.0,0.0,0.0,0.0,0.0
2018-07-16 23:30:00,0.0,0.0,0.0,0.0,0.0,0.0
2018-07-17 00:30:00,0.0,0.0,0.0,0.0,0.0,0.0
2018-07-17 01:30:00,0.0,0.0,0.0,0.0,0.0,0.0
2018-07-17 02:30:00,0.0,0.0,0.0,0.0,0.0,0.0
2018-07-17 03:30:00,0.0,0.0,0.0,0.0,0.0,0.0
2018-07-17 04:30:00,0.0,0.0,0.0,0.0,0.0,0.0
2018-07-17 05:30:00,0.01163329003653504,0.01291925258995959,0.04349781976280647,0.04500145997269029,0.01087471621713752,0.024208180594863866
2018-07-17 06:30:00,0.005373272514957735,0.10115807319771157,0.5614297212876921,0.49161313264628664,0.13192945232703923,0.13993601005421558
2018-07-17 07:30:00,0.06868700676923561,0.6652576440759366,0.3186481881748207,0.641657429091498,0.692240272736496,0.6829156580746707
2018-07-17 08:30:00,0.7146717600134763,0.7261074723129404,0.7233091049105622,0.7052159892863951,0.7462518166927906,0.745789106484204
2018-07-17 09:30:00,0.5366540898901727,0.7283492725048957,0.7284667306456278,0.7088064675972853,0.746268656716418,0.6770161145675362
2018-07-17 10:30:00,0.7233708607157383,0.7204661132038389,0.7164198111454853,0.7108671165969973,0.5814536652468625,0.6671827916648121
2018-07-17 11:30:00,0.7199366829274345,0.7130035024572223,0.13821012277215133,0.5883306467590345,0.5917150616027224,0.5421433581021797
2018-07-17 12:30:00,0.718848178491183,0.7114248267567925,0.036523005541930054,0.7082749979759823,0.38049303002055823,0.46182712518670194
2018-07-17 13:30:00,0.7209568234484457,0.7211950050944002,0.3645231144517544,0.5418996492019319,0.019248326958333437,0.746268656716418
2018-07-17 14:30:00,0.7154138737557332,0.7290692626597338,0.7133852525260895,0.25792371600473124,0.04424681513500118,0.5587241748753426
2018-07-17 15:30:00,0.160194727994354,0.7229537863686992,0.27133211517419953,0.34935277392588526,0.008563375376302456,0.16494194589668842
2018-07-17 16:30:00,0.1171626463480577,0.6689655466863744,0.43662046597244275,0.3866112669010336,0.11377060394103501,0.6446313661704375
2018-07-17 17:30:00,0.5232926655113225,0.4594238537950988,0.264874474984866,0.05027746057845178,0.015617961692759781,0.2563737762301808
2018-07-17 18:30:00,0.23191629414938264,0.01230532492245454,0.1482106708840511,0.25211731267043225,0.02950491706419481,0.1277140587019594
2018-07-17 19:30:00,0.0,0.0,-0.0,0.0,0.0,-0.0
2018-07-17 20:30:00,0.0,0.0,0.0,0.0,0.0,0.0
2018-07-17 21:30:00,0.0,0.0,0.0,0.0,0.0,0.0
2018-07-17 22:30:00,0.0,0.0,0.0,0.0,0.0,0.0
2018-07-17 23:30:00,0.0,0.0,0.0,0.0,0.0,0.0
2018-07-18 00:30:00,0.0,0.0,0.0,0.0,0.0,0.0
2018-07-18 01:30:00,0.0,0.0,0.0,0.0,0.0,0.0
2018-07-18 02:30:00,0.0,0.0,0.0,0.0,0.0,0.0
2018-07-18 03:30:00,0.0,0.0,0.0,0.0,0.0,0.0
2018-07-18 04:30:00,0.0,0.0,0.0,0.0,0.0,0.0
2018-07-18 05:30:00,0.04730372501425291,0.07003458107272276,0.1657272498142501,0.21303098401581508,0.03190700576148869,0.028952187146070195
2018-07-18 06:30:00,0.5617397991105697,0.5245291497093794,0.5450990788053751,0.5800554130425745,0.3451719281715928,0.3724729943829955
2018-07-18 07:30:00,0.6913853152559933,0.6627913333502897,0.6690786997631185,0.701522310622396,0.7073658268354279,0.6830466064362322
2018-07-18 08:30:00,0.7389359224725318,0.7296165550299879,0.7238339684268956,0.746268656716418,0.746268656716418,0.746268656716418
2018-07-18 09:30:00,0.6532306366934705,0.746268656716418,0.7311972394775215,0.746268656716418,0.6639401890841148,0.746268656716418
2018-07-18 10:30:00,0.6606463908753409,0.7425017045135474,0.7202774247974534,0.7409728627345499,0.746268656716418,0.746268656716418
2018-07-18 11:30:00,0.7141106397275045,0.7343439790858695,0.47596472167283593,0.7298957774078505,0.7317407034314686,0.5939040296413711
2018-07-18 12:30:00,0.7121273136450568,0.7305590637919965,0.7057645767688794,0.7281236657952672,0.7192915209770012,0.23417566372981985
2018-07-18 13:30:00,0.7190906897807465,0.7315387149166135,0.5582911780766342,0.7389096075301156,0.7197868366315147,0.746268656716418
2018-07-18 14:30:00,0.7240148017173973,0.7255989448446009,0.49013534287169463,0.746268656716418,0.592453695865876,0.5781306963685465
2018-07-18 15:30:00,0.7201345582101223,0.7035562291066403,0.5527196779828906,0.746268656716418,0.5144902339012136,0.1485157703360445
2018-07-18 16:30:00,0.6708633828097492,0.6387462271874859,0.45888523044532653,0.7023988111051596,0.07857766787242713,0.4410339371359021
2018-07-18 17:30:00,0.4834752401318054,0.5032010794245789,0.40991219719627353,0.387638516444423,0.4348341136003827,0.4446358439646379
2018-07-18 18:30:00,0.24698876574786424,0.04952022375806823,0.3269892880095921,0.12872643133038839,0.06376077771033788,0.1443598637960112
2018-07-18 19:30:00,0.0,0.0,-0.0,0.0,0.0,-0.0
2018-07-18 20:30:00,0.0,0.0,0.0,0.0,0.0,0.0
2018-07-18 21:30:00,0.0,0.0,0.0,0.0,0.0,0.0
2018-07-18 22:30:00,0.0,0.0,0.0,0.0,0.0,0.0
2018-07-18 23:30:00,0.0,0.0,0.0,0.0,0.0,0.0
2018-07-19 00:30:00,0.0,0.0,0.0,0.0,0.0,0.0
2018-07-19 01:30:00,0.0,0.0,0.0,0.0,0.0,0.0
2018-07-19 02:30:00,0.0,0.0,0.0,0.0,0.0,0.0
2018-07-19 03:30:00,0.0,0.0,0.0,0.0,0.0,0.0
2018-07-19 04:30:00,0.0,0.0,0.0,0.0,0.0,0.0
2018-07-19 05:30:00,0.06518287796005212,0.08274649830154204,0.040334508445817,0.20780880667702742,0.04535345435899717,0.02626045172961475
2018-07-19 06:30:00,0.3442360686541739,0.13922278028837975,0.553272555638731,0.5659297054303037,0.17803257269396544,0.4269689949818868
2018-07-19 07:30:00,0.4732645107666487,0.372977531116132,0.6693497834489316,0.6647434019836307,0.3291617669886784,0.689283368760044
2018-07-19 08:30:00,0.5005084609897195,0.7124871062607288,0.5510257571248656,0.7132116014468055,0.44137807744350105,0.746268656716418
2018-07-19 09:30:00,0.6691507412017698,0.7255114852577221,0.726270228477439,0.720921928952448,0.5357407293678506,0.746268656716418
2018-07-19 10:30:00,0.65103204110306,0.7270734926876299,0.716642998934916,0.7107160810421103,0.60740546977491,0.7060929129797654
2018-07-19 11:30:00,0.6647719084834859,0.7242819595849526,0.6542132398661326,0.7003445924739736,0.7219538111230002,0.746268656716418
2018-07-19 12:30:00,0.7006033430079375,0.7274278925648715,0.7026590724644527,0.6944337721589152,0.6002049303596964,0.5353570393004063
2018-07-19 13:30:00,0.707825108900232,0.7358182934780916,0.7056271444563679,0.7000686929462732,0.7128910305174118,0.6483158930913389
2018-07-19 14:30:00,0.7144700661597562,0.7364716206015771,0.369382593206589,0.7090550434739533,0.5480048778634362,0.576385739879835
2018-07-19 15:30:00,0.7058546352265951,0.7236288185301857,0.4364525536038312,0.71146915027495,0.4290953228608605,0.6466799375738471
2018-07-19 16:30:00,0.6641631274108011,0.6664505068342742,0.09637904503551686,0.6723797054049493,0.18341903363116474,0.6024867420922866
2018-07-19 17:30:00,0.5489688514899767,0.5351532676032013,0.37332142621504405,0.5565883070303246,0.0318032037639243,0.3862422838175331
2018-07-19 18:30:00,0.2447011602153993,0.09474736426900178,0.20392812645551175,0.09261933093589868,0.10882204739651376,0.09397121200960663
2018-07-19 19:30:00,0.0,0.0,-0.0,0.0,0.0,-0.0
2018-07-19 20:30:00,0.0,0.0,0.0,0.0,0.0,0.0
2018-07-19 21:30:00,0.0,0.0,0.0,0.0,0.0,0.0
2018-07-19 22:30:00,0.0,0.0,0.0,0.0,0.0,0.0
2018-07-19 23:30:00,0.0,0.0,0.0,0.0,0.0,0.0
2018-07-20 00:30:00,0.0,0.0,0.0,0.0,0.0,0.0
2018-07-20 01:30:00,0.0,0.0,0.0,0.0,0.0,0.0
2018-07-20 02:30:00,0.0,0.0,0.0,0.0,0.0,0.0
2018-07-20 03:30:00,0.0,0.0,0.0,0.0,0.0,0.0
2018-07-20 04:30:00,0.0,0.0,0.0,0.0,0.0,0.0
2018-07-20 05:30:00,0.03401500136711492,0.045832984814359747,0.158761697958382,0.03378527165106528,0.1392208541161482,0.01809018177302793
2018-07-20 06:30:00,0.03432595818177843,0.2180036852166216,0.3371977562956778,0.13612957538385184,0.5248573153733613,0.21214247071287032
2018-07-20 07:30:00,0.24769171510685412,0.37249626136535935,0.48918336861616435,0.26701428893256474,0.6800122240322257,0.10924131211279789
2018-07-20 08:30:00,0.3810681075568633,0.6662530865836764,0.4161455291541032,0.3267727149454967,0.746268656716418,0.3728303631726094
2018-07-20 09:30:00,0.5610463864614598,0.689194925559712,0.4777440655508866,0.626842656978685,0.746268656716418,0.4678840648359281
2018-07-20 10:30:00,0.6432652060877877,0.5965429795825673,0.5462339883261257,0.5766855789586828,0.3012168154796762,0.746268656716418
2018-07-20 11:30:00,0.719941866277259,0.6710200375257732,0.5291187966824215,0.716989728517231,0.04343992422399068,0.657227615717759
2018-07-20 12:30:00,0.7007902441572247,0.6783969934890448,0.4815864535476907,0.7145791558962544,0.08009737352790088,0.21150460607775956
2018-07-20 13:30:00,0.6937078037723029,0.7021093420145534,0.5885055267546611,0.7165331603304534,0.46492290550570203,0.618166607593392
2018-07-20 14:30:00,0.6856251399548516,0.7174230261725827,0.2676622062813216,0.7165728116071386,0.290918948819838,0.08662162139948197
2018-07-20 15:30:00,0.44557048610219524,0.7107767742302825,0.09630753403691218,0.701469271506354,0.29592917471533664,0.059398045954236985
2018-07-20 16:30:00,0.10094130434420324,0.654565102555112,0.12417769356156236,0.6297437665252249,0.031037958725092105,0.3046837704396613
2018-07-20 17:30:00,0.12970588107281958,0.10926294108466056,0.1575043143646294,0.5044066626358926,0.4589898483135188,0.14246382390348764
2018-07-20 18:30:00,0.023434544134589303,0.17436541657692592,0.03791275221709354,0.22467155747483428,0.023122175196377968,0.03243092070420921
2018-07-20 19:30:00,0.0,0.0,0.0,0.0,0.0,-0.0
2018-07-20 20:30:00,0.0,0.0,0.0,0.0,0.0,0.0
2018-07-20 21:30:00,0.0,0.0,0.0,0.0,0.0,0.0
2018-07-20 22:30:00,0.0,0.0,0.0,0.0,0.0,0.0
2018-07-20 23:30:00,0.0,0.0,0.0,0.0,0.0,0.0
2018-07-21 00:30:00,0.0,0.0,0.0,0.0,0.0,0.0
2018-07-21 01:30:00,0.0,0.0,0.0,0.0,0.0,0.0
2018-07-21 02:30:00,0.0,0.0,0.0,0.0,0.0,0.0
2018-07-21 03:30:00,0.0,0.0,0.0,0.0,0.0,0.0
2018-07-21 04:30:00,0.0,0.0,0.0,0.0,0.0,0.0
2018-07-21 05:30:00,0.1644002017760368,0.010253282846579982,0.12426370315536939,0.0342336684422996,0.022357734793236488,0.020695654773320648
2018-07-21 06:30:00,0.5228756980256605,0.15365041582299765,0.47346332313117034,0.5065702377894977,0.5351919437625131,0.17530584681345396
2018-07-21 07:30:00,0.6506316782532294,0.3924546704244516,0.6016803036090363,0.6397054062283876,0.6820902710496007,0.6463217591885516
2018-07-21 08:30:00,0.6988928127932512,0.7230701058192617,0.6594179589201802,0.6936491133214827,0.2945939284930723,0.7421086895475076
2018-07-21 09:30:00,0.7042858108795518,0.721130357284965,0.6765035841384528,0.10907832141022769,0.7394194486273526,0.746268656716418
2018-07-21 10:30:00,0.6942410041117477,0.7124394763788817,0.30421116207920185,0.6786126578318041,0.7317762473059899,0.746268656716418
2018-07-21 11:30:00,0.6221989742647699,0.706822840217705,0.4577140210884426,0.6699352585116853,0.7299535122251357,0.731393952644278
2018-07-21 12:30:00,0.6838422681944633,0.7091099746650208,0.03321059039212038,0.664853409414968,0.47688164958221146,0.5786208325147968
2018-07-21 13:30:00,0.46856570833543393,0.7156539510066253,0.4114452527406964,0.5127200065913593,0.47939136826093803,0.5459488502605139
2018-07-21 14:30:00,0.11806234857402434,0.7236853187535782,0.11284226304663397,0.6135302234040146,0.22974676291994384,0.35615073829239113
2018-07-21 15:30:00,0.05179683049831618,0.7166710189867107,0.26643456319807796,0.3563557103095052,0.30803801848861984,0.23488666951827453
2018-07-21 16:30:00,0.27683360450644384,0.6470788988334235,0.10118433743946645,0.5118860879084823,0.5647231568463923,0.1972399068120566
2018-07-21 17:30:00,0.4943881730042605,0.5082523209114342,0.043160950696299966,0.4589911630238272,0.2538561626186921,0.623244485749916
2018-07-21 18:30:00,0.05698177704862903,0.015373147473696428,0.002555037369902215,0.04671964967748221,0.0642157795265446,0.35273897511502017
2018-07-21 19:30:00,0.0,0.0,0.0,0.0,0.0,-0.0
2018-07-21 20:30:00,0.0,0.0,0.0,0.0,0.0,0.0
2018-07-21 21:30:00,0.0,0.0,0.0,0.0,0.0,0.0
2018-07-21 22:30:00,0.0,0.0,0.0,0.0,0.0,0.0
2018-07-21 23:30:00,0.0,0.0,0.0,0.0,0.0,0.0
2018-07-22 00:30:00,0.0,0.0,0.0,0.0,0.0,0.0
2018-07-22 01:30:00,0.0,0.0,0.0,0.0,0.0,0.0
2018-07-22 02:30:00,0.0,0.0,0.0,0.0,0.0,0.0
2018-07-22 03:30:00,0.0,0.0,0.0,0.0,0.0,0.0
2018-07-22 04:30:00,0.0,0.0,0.0,0.0,0.0,0.0
2018-07-22 05:30:00,0.03126874749247737,0.19136615223989278,0.005329252799827572,0.03491052693116769,0.15199064993954864,0.017873230594585114
2018-07-22 06:30:00,0.11815564778072973,0.5282324160791094,0.20853182727441757,0.5121096967174424,0.5386082434155122,0.5215221750661843
2018-07-22 07:30:00,0.4400728575647336,0.6573600708302834,0.625692683675173,0.10804545253137154,0.6671579766967428,0.663050569911149
2018-07-22 08:30:00,0.5003430993632952,0.7170502888788339,0.684641356480735,0.1730856478530117,0.735777134955267,0.7397384834903765
2018-07-22 09:30:00,0.7058480375426842,0.7192593362163605,0.6847632342369083,0.37052227373202645,0.4804673424710403,0.746268656716418
2018-07-22 10:30:00,0.5300301501860056,0.7012997538357578,0.6739358404191689,0.43781016571118275,0.743437806775607,0.746268656716418
2018-07-22 11:30:00,0.6399724051480856,0.7043368382437863,0.4267410584861079,0.18000903232657822,0.746268656716418,0.744472102320557
2018-07-22 12:30:00,0.6840040950500581,0.7040598809349752,0.6569038542420447,0.18694663441842094,0.4296225395623561,0.7454097528778274
2018-07-22 13:30:00,0.5143537873025693,0.7086366912118413,0.42844097957745053,0.7128549623610815,0.7255804239382915,0.746268656716418
2018-07-22 14:30:00,0.14762504039914975,0.7057485821951658,0.25963920187798034,0.07722186124386721,0.18180050628154173,0.746268656716418
2018-07-22 15:30:00,0.26727465823564117,0.528670447486234,0.3626213149492474,0.407315807148211,0.1004290671373524,0.746268656716418
2018-07-22 16:30:00,0.1376373654426918,0.15831862915935146,0.5345934961378879,0.04919238635583386,0.001707727004204134,0.546705839074575
2018-07-22 17:30:00,0.0712936029662781,0.01928173396425361,0.3795185865315542,0.3092016410171649,0.44378068976706614,0.14509677330840745
2018-07-22 18:30:00,0.007462374725310735,0.006687764570832675,0.13562974263973293,0.00913597260277533,0.054125770929302625,0.11991786551126207
2018-07-22 19:30:00,0.0,0.0,0.0,0.0,0.0,-0.0
2018-07-22 20:30:00,0.0,0.0,0.0,0.0,0.0,0.0
2018-07-22 21:30:00,0.0,0.0,0.0,0.0,0.0,0.0
2018-07-22 22:30:00,0.0,0.0,0.0,0.0,0.0,0.0
2018-07-22 23:30:00,0.0,0.0,0.0,0.0,0.0,0.0
2018-07-23 00:30:00,0.0,0.0,0.0,0.0,0.0,0.0
2018-07-23 01:30:00,0.0,0.0,0.0,0.0,0.0,0.0
2018-07-23 02:30:00,0.0,0.0,0.0,0.0,0.0,0.0
2018-07-23 03:30:00,0.0,0.0,0.0,0.0,0.0,0.0
2018-07-23 04:30:00,0.0,0.0,0.0,0.0,0.0,0.0
2018-07-23 05:30:00,0.13517287336389933,0.051968985608246095,0.13269925541721075,0.013002023357464334,0.12081866349959988,0.09666079639447177
2018-07-23 06:30:00,0.1319230658092151,0.5333397759844055,0.5125927991190479,0.051130938010356564,0.5157728194138199,0.5562060855659176
2018-07-23 07:30:00,0.627209419923223,0.6712211317499484,0.6433878032383222,0.01852254054195448,0.677639802373482,0.6862639977894142
2018-07-23 08:30:00,0.3109381999045212,0.7343528743290934,0.6907706543351237,0.22751716953616075,0.746268656716418,0.746268656716418
2018-07-23 09:30:00,0.6066581001581297,0.7424490844069286,0.6976518350384687,0.028548549590961113,0.746268656716418,0.746268656716418
2018-07-23 10:30:00,0.7294900389273038,0.7344333868248866,0.6926948021508167,0.15463853872130193,0.746268656716418,0.746268656716418
2018-07-23 11:30:00,0.2625314467654162,0.7205603269474359,0.4991974697465049,0.21026329088488657,0.746268656716418,0.746268656716418
2018-07-23 12:30:00,0.3521357800842451,0.482466817770541,0.02858063479519604,0.5237084768922979,0.746268656716418,0.746268656716418
2018-07-23 13:30:00,0.05984882727619124,0.7232135230216873,0.5130588824085026,0.46033851515551727,0.3116507298966559,0.674692591480408
2018-07-23 14:30:00,0.07312366222731387,0.7273831932084025,0.22841976727361837,0.07859660411231546,0.2544912662227978,0.5381558399245807
2018-07-23 15:30:00,0.04297230699832722,0.2478260563493762,0.5095268502666384,0.07268882191253734,0.42985779403057134,0.746268656716418
2018-07-23 16:30:00,0.02593857803768781,0.15356894694325043,0.02635332625151424,0.28166071237158474,0.022795685771146434,0.7210590403364312
2018-07-23 17:30:00,0.20100028849746207,0.11002928956150679,0.1854346606647176,-0.0,0.24948395827592815,0.63290793794765
2018-07-23 18:30:00,0.010575924784695245,0.005674274794062634,0.04688584258828193,0.05486181017986578,0.02743382377519222,0.35503036957274187
2018-07-23 19:30:00,0.0,0.0,0.0,0.0,0.0,-0.0
2018-07-23 20:30:00,0.0,0.0,0.0,0.0,0.0,0.0
2018-07-23 21:30:00,0.0,0.0,0.0,0.0,0.0,0.0
2018-07-23 22:30:00,0.0,0.0,0.0,0.0,0.0,0.0
2018-07-23 23:30:00,0.0,0.0,0.0,0.0,0.0,0.0
2018-07-24 00:30:00,0.0,0.0,0.0,0.0,0.0,0.0
2018-07-24 01:30:00,0.0,0.0,0.0,0.0,0.0,0.0
2018-07-24 02:30:00,0.0,0.0,0.0,0.0,0.0,0.0
2018-07-24 03:30:00,0.0,0.0,0.0,0.0,0.0,0.0
2018-07-24 04:30:00,0.0,0.0,0.0,0.0,0.0,0.0
2018-07-24 05:30:00,0.13820353548600653,0.17920357994787497,0.14355733913314175,0.14967619707457364,0.13114122034863246,0.09013744985693983
2018-07-24 06:30:00,0.4957360769476564,0.535551130926172,0.5497721371831076,0.4953216937566263,0.5255500552312276,0.5367560374659548
2018-07-24 07:30:00,0.6468355771007888,0.6738986104369727,0.6626441463992058,0.6420180723246919,0.6707638055970577,0.09995255790957445
2018-07-24 08:30:00,0.7193432655785115,0.7314430018219659,0.7143484107734684,0.7071743441286069,0.734214717824047,0.746268656716418
2018-07-24 09:30:00,0.7260100308822982,0.7410226498199064,0.7188053558929548,0.7138050442653953,0.746268656716418,0.746268656716418
2018-07-24 10:30:00,0.7192561448444915,0.7328593844301337,0.7016762722009167,0.7108812284464826,0.7462152781359217,0.746268656716418
2018-07-24 11:30:00,0.7169501547798472,0.7273923773364405,0.6888187532040546,0.7080464719482142,0.7416672080794793,0.746268656716418
2018-07-24 12:30:00,0.7139200693771701,0.7228743285650591,0.682418857477509,0.7066629103110167,0.5544572896566807,0.5092186677871752
2018-07-24 13:30:00,0.7175716760188205,0.7299601469600092,0.5765054817641795,0.7133107313733693,0.2468790582699036,0.5867754888755864
2018-07-24 14:30:00,0.7144639925950917,0.7347360717685679,0.25880013169651067,0.7153683917031222,0.4919343949781058,0.5871176508055785
2018-07-24 15:30:00,0.468532596853481,0.7247631209908828,0.33720740487997974,0.07186256427151212,0.07860551662994134,0.746268656716418
2018-07-24 16:30:00,0.05019117726415155,0.6696130566143568,0.3858479352396432,0.3553048111024527,0.04223831023365037,0.48754799521973313
2018-07-24 17:30:00,0.051093779760299426,0.25999872226433246,0.25688173432305506,0.47251328097720624,-0.0,0.3554273609378881
2018-07-24 18:30:00,0.06764901482381117,0.024744836392608462,0.29017145827482793,0.1663456497862691,0.018089071281293386,0.144729499755908
2018-07-24 19:30:00,0.0,0.0,0.0,0.0,0.0,-0.0
2018-07-24 20:30:00,0.0,0.0,0.0,0.0,0.0,0.0
2018-07-24 21:30:00,0.0,0.0,0.0,0.0,0.0,0.0
2018-07-24 22:30:00,0.0,0.0,0.0,0.0,0.0,0.0
2018-07-24 23:30:00,0.0,0.0,0.0,0.0,0.0,0.0
2018-07-25 00:30:00,0.0,0.0,0.0,0.0,0.0,0.0
2018-07-25 01:30:00,0.0,0.0,0.0,0.0,0.0,0.0
2018-07-25 02:30:00,0.0,0.0,0.0,0.0,0.0,0.0
2018-07-25 03:30:00,0.0,0.0,0.0,0.0,0.0,0.0
2018-07-25 04:30:00,0.0,0.0,0.0,0.0,0.0,0.0
2018-07-25 05:30:00,0.153575707949427,0.20757905071257773,0.009797149933516821,0.17664657211165358,0.14254479350633192,0.010089703961338901
2018-07-25 06:30:00,0.5458392773852668,0.5686592664095195,0.007882621746385848,0.5638451805730281,0.5676843640471095,0.06230847127231263
2018-07-25 07:30:00,0.4405341951997104,0.6869333156693135,0.04417164671337483,0.702392888811818,0.7026254942019055,0.6628297242281046
2018-07-25 08:30:00,0.746268656716418,0.7273422879179203,0.35274494508513443,0.1515055459530473,0.746268656716418,0.7308326340536074
2018-07-25 09:30:00,0.5987897290291043,0.7319456226412737,0.5544114521197141,0.746268656716418,0.746268656716418,0.3597116212190286
2018-07-25 10:30:00,0.545779060428589,0.7224618078056515,0.6927691678466256,0.7361842942009593,0.7404555362020204,0.13139226620844496
2018-07-25 11:30:00,0.7304517966424046,0.7151901932659986,0.30738171042843976,0.7261592158309134,0.19033221569863354,0.5637794556297243
2018-07-25 12:30:00,0.7200603271253311,0.7149608202163544,0.26560676548288137,0.7213928416300422,0.24135844324125366,0.23968316677727575
2018-07-25 13:30:00,0.7201556589327043,0.7256116471256484,0.04475997373275899,0.7258488173399847,0.4458640869783923,0.4984232403638248
2018-07-25 14:30:00,0.07851982064857875,0.7345952412657033,0.02552968230971928,0.2098571424480814,0.569962399983139,0.5130198327621807
2018-07-25 15:30:00,0.11439325761623866,0.7299644328255018,0.5501215061180587,0.00671711277548718,0.23600421173650152,0.746268656716418
2018-07-25 16:30:00,0.4506707391034991,0.35212715934513167,0.17931240145670324,0.01034031053221958,0.035661154609475956,0.33474130966978805
2018-07-25 17:30:00,0.28454031199550245,0.002923220775214535,0.5625400701798889,0.030130695289135125,0.367615597419899,0.6466147358057417
2018-07-25 18:30:00,0.016266987883041217,0.02003947792672827,0.07735968351107439,0.053123757352199305,0.04675785018107667,0.10932123543497095
2018-07-25 19:30:00,0.0,0.0,0.0,0.0,0.0,0.0
2018-07-25 20:30:00,0.0,0.0,0.0,0.0,0.0,0.0
2018-07-25 21:30:00,0.0,0.0,0.0,0.0,0.0,0.0
2018-07-25 22:30:00,0.0,0.0,0.0,0.0,0.0,0.0
2018-07-25 23:30:00,0.0,0.0,0.0,0.0,0.0,0.0
2018-07-26 00:30:00,0.0,0.0,0.0,0.0,0.0,0.0
2018-07-26 01:30:00,0.0,0.0,0.0,0.0,0.0,0.0
2018-07-26 02:30:00,0.0,0.0,0.0,0.0,0.0,0.0
2018-07-26 03:30:00,0.0,0.0,0.0,0.0,0.0,0.0
2018-07-26 04:30:00,0.0,0.0,0.0,0.0,0.0,0.0
2018-07-26 05:30:00,0.13500716876855504,0.008130431803721994,0.12965232647106276,0.13197858898029494,0.1372435818939645,0.011844866164083144
2018-07-26 06:30:00,0.5055976540756455,0.5257524498697739,0.5157307886375553,0.46400670199210914,0.5507718735600049,0.2860853151561147
2018-07-26 07:30:00,0.639955847504333,0.668476414120359,0.6416256038908879,0.6137680934629648,0.6815491231303059,0.6571799449374225
2018-07-26 08:30:00,0.409172470423893,0.7254840918331005,0.7009643380084367,0.6959107998849062,0.746268656716418,0.7304706702248033
2018-07-26 09:30:00,0.381573296831664,0.7328869915936097,0.7039547985827083,0.725344603914565,0.746268656716418,0.7419615547056162
2018-07-26 10:30:00,0.7248075424664946,0.7271744390322639,0.6971006215919467,0.7208836640398233,0.746268656716418,0.7383528025246003
2018-07-26 11:30:00,0.728115031388007,0.7235628168664856,0.06872225962587597,0.7190948634570029,0.745555828173095,0.7456525255158342
2018-07-26 12:30:00,0.5916127883865779,0.7268861977961689,0.37528777432967286,0.7173629639396382,0.4686668746581122,0.5583790777301001
2018-07-26 13:30:00,0.4230709238212904,0.7363285919594974,0.7051203500942651,0.724379249507775,0.12891397404431768,0.37525143754288104
2018-07-26 14:30:00,0.4649386147568629,0.7337350864088941,0.7189247126451759,0.7305498415749616,0.40502170715537794,0.746268656716418
2018-07-26 15:30:00,0.4842917385423511,0.12866003172988028,0.4073379811298334,0.12444107326867562,0.5173799979646243,0.746268656716418
2018-07-26 16:30:00,0.5087267193768958,0.07528711592437108,0.4076508670260528,0.08285052165821792,0.3692333323139743,0.7343669948139213
2018-07-26 17:30:00,0.2821952480690461,0.025127697030594098,0.6009217328594092,0.5379639108797717,0.07101869854485365,0.6359718103551704
2018-07-26 18:30:00,0.18648903560419647,0.1486519063852658,0.2916569173800788,0.03836971998138627,0.18833009608821316,0.32677381211887285
2018-07-26 19:30:00,0.0,0.0,0.0,0.0,0.0,0.0
2018-07-26 20:30:00,0.0,0.0,0.0,0.0,0.0,0.0
2018-07-26 21:30:00,0.0,0.0,0.0,0.0,0.0,0.0
2018-07-26 22:30:00,0.0,0.0,0.0,0.0,0.0,0.0
2018-07-26 23:30:00,0.0,0.0,0.0,0.0,0.0,0.0
2018-07-27 00:30:00,0.0,0.0,0.0,0.0,0.0,0.0
2018-07-27 01:30:00,0.0,0.0,0.0,0.0,0.0,0.0
2018-07-27 02:30:00,0.0,0.0,0.0,0.0,0.0,0.0
2018-07-27 03:30:00,0.0,0.0,0.0,0.0,0.0,0.0
2018-07-27 04:30:00,0.0,0.0,0.0,0.0,0.0,0.0
2018-07-27 05:30:00,0.025999855379648686,0.15285819308633383,0.11938365035507684,0.1295479229666583,0.11217139669692264,0.07178372129117179
2018-07-27 06:30:00,0.19736883125263255,0.5049157662478901,0.0009199710125412596,0.022501092587100736,0.5400193876529904,0.4932605108858656
2018-07-27 07:30:00,0.6696010457279334,0.6652525614050441,0.285588365657735,0.17438997013452365,0.7060300176909077,0.6498861832157075
2018-07-27 08:30:00,0.6250978107645944,0.7422053688110081,0.6856404119030508,0.6134382038378065,0.746268656716418,0.7127723019337899
2018-07-27 09:30:00,0.4022100223150624,0.746268656716418,0.7083000221266338,0.4866279496740916,0.746268656716418,0.6091365110842033
2018-07-27 10:30:00,0.600686124868392,0.7416258413902856,0.7014241164130601,0.7241266541975061,0.746268656716418,0.2714851129659593
2018-07-27 11:30:00,0.715600715068718,0.728821544191461,0.286699556637035,0.7023075596314532,0.7455349256032547,0.5201930241417372
2018-07-27 12:30:00,0.706864292836964,0.7210234681722723,0.5599268335517555,0.6188540944144599,0.6077554214178369,0.16941568138418345
2018-07-27 13:30:00,0.5084742600600326,0.7246252014928694,0.6879587529453699,0.03759771493819012,0.062038686119972805,0.6305856602039042
2018-07-27 14:30:00,0.4024115138975613,0.6253178116680985,0.12167968085364288,0.2685934226707527,0.16247032538303605,0.746268656716418
2018-07-27 15:30:00,0.1546775380966608,0.1334285538060977,0.007771808789579043,0.7078804109156153,0.08021106715140941,0.5845514319779985
2018-07-27 16:30:00,0.08591676181519795,0.0016391616538878391,0.4335075454234606,0.6398047114010239,0.3440942414831651,0.5045276201385233
2018-07-27 17:30:00,0.04129552757847744,0.0051660447523783305,0.3516371421634897,0.4507391021443985,0.5619434073060425,0.25369508453170453
2018-07-27 18:30:00,0.05543266318903247,0.02209092401490645,0.03699975948358985,0.04801760610251615,0.011545188227041248,0.04948887214006044
2018-07-27 19:30:00,0.0,0.0,0.0,0.0,0.0,0.0
2018-07-27 20:30:00,0.0,0.0,0.0,0.0,0.0,0.0
2018-07-27 21:30:00,0.0,0.0,0.0,0.0,0.0,0.0
2018-07-27 22:30:00,0.0,0.0,0.0,0.0,0.0,0.0
2018-07-27 23:30:00,0.0,0.0,0.0,0.0,0.0,0.0
2018-07-28 00:30:00,0.0,0.0,0.0,0.0,0.0,0.0
2018-07-28 01:30:00,0.0,0.0,0.0,0.0,0.0,0.0
2018-07-28 02:30:00,0.0,0.0,0.0,0.0,0.0,0.0
2018-07-28 03:30:00,0.0,0.0,0.0,0.0,0.0,0.0
2018-07-28 04:30:00,0.0,0.0,0.0,0.0,0.0,0.0
2018-07-28 05:30:00,0.12033061755352539,0.1661213863154147,0.10667277278587166,0.12808928546784423,0.11298111108279263,0.07255131009748317
2018-07-28 06:30:00,0.06751472847879911,0.5325139284388274,-0.0,0.4732765573888273,0.5324790681729531,0.23476784852352667
2018-07-28 07:30:00,0.05802495075084572,0.669845071441504,0.37448316209134574,0.07964460311925904,0.6781281655895562,0.2552410930471737
2018-07-28 08:30:00,0.7090098247479689,0.726498359253876,0.07040442443730541,0.17848619149561815,0.7357766421930174,0.004545915847902127
2018-07-28 09:30:00,0.722281568353092,0.7171283299551314,0.5562089292502002,0.17627867300599348,0.7314168172995099,0.02471333968696279
2018-07-28 10:30:00,0.7080209334834691,0.6989319815071892,0.5513951549966679,0.3382115284303674,0.7246962283275741,0.09812496112416196
2018-07-28 11:30:00,0.6082842778291376,0.6828774931224482,0.076986118779554,0.11725096140850942,0.7192946650531222,0.08736971295390585
2018-07-28 12:30:00,0.15124642682532682,0.6768394326602899,0.591147732051184,0.617333404037198,0.23889615826686114,0.5776839065938458
2018-07-28 13:30:00,0.2962290496590407,0.6363887544956665,0.03846347151436988,0.18563176316945268,0.25612097290874797,0.7270932178449804
2018-07-28 14:30:00,0.44235079352301904,0.5009015171974268,0.2113745957245894,0.49233462797991656,0.7432917259467167,0.6440533418945508
2018-07-28 15:30:00,0.4083362904247483,0.06322375414823016,0.07007473900740814,0.05305950886595218,0.19362560205263546,0.3624184723453433
2018-07-28 16:30:00,0.22586300418428623,0.011353522646405375,0.10026996569060237,0.001688427627871382,0.5409352285459598,0.14888192369102915
2018-07-28 17:30:00,0.07536182196295031,0.024941343249944826,0.07040278716934495,0.12704598822869406,0.33800199198691,0.08047947903803059
2018-07-28 18:30:00,0.0380542444183227,0.02381285516427652,0.026655089869509072,0.022082883231582737,0.08751217365776683,0.15060289640041832
2018-07-28 19:30:00,0.0,0.0,0.0,0.0,0.0,0.0
2018-07-28 20:30:00,0.0,0.0,0.0,0.0,0.0,0.0
2018-07-28 21:30:00,0.0,0.0,0.0,0.0,0.0,0.0
2018-07-28 22:30:00,0.0,0.0,0.0,0.0,0.0,0.0
2018-07-28 23:30:00,0.0,0.0,0.0,0.0,0.0,0.0
2018-07-29 00:30:00,0.0,0.0,0.0,0.0,0.0,0.0
2018-07-29 01:30:00,0.0,0.0,0.0,0.0,0.0,0.0
2018-07-29 02:30:00,0.0,0.0,0.0,0.0,0.0,0.0
2018-07-29 03:30:00,0.0,0.0,0.0,0.0,0.0,0.0
2018-07-29 04:30:00,0.0,0.0,0.0,0.0,0.0,0.0
2018-07-29 05:30:00,0.09997238243821323,0.1378928869083288,0.07655189161845273,0.10731244517977416,0.1070327867860469,0.05871429770094935
2018-07-29 06:30:00,0.41867298179674006,0.024881152106479024,0.4172256688037015,0.4145723864055122,0.5332559984809501,0.46994627318483434
2018-07-29 07:30:00,0.05925563719781871,0.10364642382150832,0.5919793676064752,0.5817755360658894,0.6878454862773247,0.657733915599245
2018-07-29 08:30:00,0.11450427724330739,0.1830738134042327,0.674381804365793,0.6743220750136759,0.746268656716418,0.7392720501794137
2018-07-29 09:30:00,0.24131371804043703,0.26903981946570477,0.6946395467305877,0.6948552219190576,0.7435937108086907,0.746268656716418
2018-07-29 10:30:00,0.545903652364869,0.6932508355882137,0.6908770521981634,0.692536681190646,0.7263770020419418,0.746268656716418
2018-07-29 11:30:00,0.6913664090087407,0.686302620133565,0.6713954522331947,0.6856611017751124,0.7084283689344683,0.746268656716418
2018-07-29 12:30:00,0.6845153682674883,0.6857846334757639,0.04378849177664984,0.6788227890646866,0.7067188011306967,0.5390181358207579
2018-07-29 13:30:00,0.6811201130207869,0.6957436611696163,0.6134479048038244,0.6867070027509914,0.7113129074059217,0.6206620435461717
2018-07-29 14:30:00,0.6502135318443525,0.7119171922376747,0.6701874666733295,0.6809695561535857,0.7165726289632269,0.5040207722068607
2018-07-29 15:30:00,0.6073767131288471,0.6754728497228568,0.6692434551479589,0.6478887578793959,0.49685544043217345,0.3685208705566644
2018-07-29 16:30:00,0.5348461849708886,0.07709744689552246,0.61785830865769,0.5716580161536781,0.12034357045972095,0.19530398085588174
2018-07-29 17:30:00,0.39301257744957485,0.011247096438299733,0.4901620010132425,0.009461117761909615,0.22891608302482716,0.11619350202976833
2018-07-29 18:30:00,0.11606982655272115,0.006151171333900632,0.19607999295002235,0.012290133570314776,0.15089397756704026,0.24085585537320564
2018-07-29 19:30:00,0.0,0.0,0.0,0.0,0.0,0.0
2018-07-29 20:30:00,0.0,0.0,0.0,0.0,0.0,0.0
2018-07-29 21:30:00,0.0,0.0,0.0,0.0,0.0,0.0
2018-07-29 22:30:00,0.0,0.0,0.0,0.0,0.0,0.0
2018-07-29 23:30:00,0.0,0.0,0.0,0.0,0.0,0.0
2018-07-30 00:30:00,0.0,0.0,0.0,0.0,0.0,0.0
2018-07-30 01:30:00,0.0,0.0,0.0,0.0,0.0,0.0
2018-07-30 02:30:00,0.0,0.0,0.0,0.0,0.0,0.0
2018-07-30 03:30:00,0.0,0.0,0.0,0.0,0.0,0.0
2018-07-30 04:30:00,0.0,0.0,0.0,0.0,0.0,0.0
2018-07-30 05:30:00,0.10164654995242554,0.12268047050944728,0.10085461219863202,0.1396759204871507,0.08664370001514889,0.06056253338119042
2018-07-30 06:30:00,0.44236263362536965,0.47148092146397624,0.5223124829513252,0.5478902161592129,0.46584370395018415,0.4946776978601325
2018-07-30 07:30:00,0.6398028029145696,0.6724346866196423,0.6699393256146962,0.7080555852633013,0.6392808803286004,0.6975877828548046
2018-07-30 08:30:00,0.7355229706211627,0.746268656716418,0.7323943597873626,0.746268656716418,0.7211914902403794,0.746268656716418
2018-07-30 09:30:00,0.746268656716418,0.746268656716418,0.7412563521884822,0.746268656716418,0.7454386665584961,0.746268656716418
2018-07-30 10:30:00,0.746268656716418,0.746268656716418,0.7325836328946232,0.5742289809115784,0.746268656716418,0.746268656716418
2018-07-30 11:30:00,0.746268656716418,0.746268656716418,0.666402287101843,0.746268656716418,0.522799531004784,0.746268656716418
2018-07-30 12:30:00,0.746268656716418,0.746268656716418,0.7159905994967621,0.746268656716418,0.746268656716418,0.746268656716418
2018-07-30 13:30:00,0.746268656716418,0.746268656716418,0.4514857609844898,0.746268656716418,0.2767257874898669,0.746268656716418
2018-07-30 14:30:00,0.746268656716418,0.746268656716418,0.7354127542673865,0.746268656716418,0.30379972473725336,0.746268656716418
2018-07-30 15:30:00,0.746268656716418,0.746268656716418,0.7406614141349903,0.746268656716418,0.746268656716418,0.746268656716418
2018-07-30 16:30:00,0.7228331960990406,0.7157686749607673,0.7079727092514614,0.7153988725608734,0.7046093050868438,0.746268656716418
2018-07-30 17:30:00,0.5975280205636251,0.566016955337256,0.4608754297085229,0.5911683116187022,0.5628994528451642,0.6643282198942085
2018-07-30 18:30:00,0.21242893661641288,0.15828351038045274,0.2906770067909485,0.21357641257015078,0.1890739583512036,0.33566044293555053
2018-07-30 19:30:00,0.0,0.0,0.0,0.0,0.0,0.0
2018-07-30 20:30:00,0.0,0.0,0.0,0.0,0.0,0.0
2018-07-30 21:30:00,0.0,0.0,0.0,0.0,0.0,0.0
2018-07-30 22:30:00,0.0,0.0,0.0,0.0,0.0,0.0
2018-07-30 23:30:00,0.0,0.0,0.0,0.0,0.0,0.0
2018-07-31 00:30:00,0.0,0.0,0.0,0.0,0.0,0.0
2018-07-31 01:30:00,0.0,0.0,0.0,0.0,0.0,0.0
2018-07-31 02:30:00,0.0,0.0,0.0,0.0,0.0,0.0
2018-07-31 03:30:00,0.0,0.0,0.0,0.0,0.0,0.0
2018-07-31 04:30:00,0.0,0.0,0.0,0.0,0.0,0.0
2018-07-31 05:30:00,0.1380919822996704,0.1759553365966445,0.10922697034246255,0.14898287522061587,0.11015941180147855,0.061371282526643
2018-07-31 06:30:00,0.5600929218583398,0.5754902807780635,0.5609959890759679,0.5689977052049934,0.5525435741025194,0.5004484044308704
2018-07-31 07:30:00,0.6970755288359017,0.7108151785992852,0.6763219063395816,0.6965352818982007,0.6952824850646575,0.6883951285446337
2018-07-31 08:30:00,0.746268656716418,0.746268656716418,0.7293440867390182,0.746268656716418,0.746268656716418,0.746268656716418
2018-07-31 09:30:00,0.746268656716418,0.746268656716418,0.733339998542044,0.746250037485966,0.746268656716418,0.746268656716418
2018-07-31 10:30:00,0.746268656716418,0.7277927730740772,0.7186772501102013,0.7276856065463481,0.746268656716418,0.746268656716418
2018-07-31 11:30:00,0.746268656716418,0.7081364452152301,0.7028817249624071,0.7239812233560984,0.746268656716418,0.746268656716418
2018-07-31 12:30:00,0.746268656716418,0.7056528772499306,0.6963788808438472,0.7271525217606436,0.746268656716418,0.6343993338066355
2018-07-31 13:30:00,0.746268656716418,0.7209299382972606,0.6983836338474904,0.7384685383219615,0.746268656716418,0.7453862149423144
2018-07-31 14:30:00,0.746268656716418,0.7302797061805956,0.7089094514611688,0.746268656716418,0.746268656716418,0.746268656716418
2018-07-31 15:30:00,0.746268656716418,0.7251971191265603,0.7044008828050888,0.7433440240435937,0.746268656716418,0.746268656716418
2018-07-31 16:30:00,0.706517365500765,0.6750029602898173,0.6629990558121451,0.6961067868483694,0.7219977375154114,0.7048450929033582
2018-07-31 17:30:00,0.5711715576124795,0.5326489802741016,0.5566420094178216,0.45154724295261567,0.5785608689536217,0.5876032828783412
2018-07-31 18:30:00,0.20191867132869834,0.1430872866986586,0.24221365693883853,0.20156815155106336,0.19572257986465885,0.26632802976148123
2018-07-31 19:30:00,0.0,0.0,0.0,0.0,0.0,0.0
2018-07-31 20:30:00,0.0,0.0,0.0,0.0,0.0,0.0
2018-07-31 21:30:00,0.0,0.0,0.0,0.0,0.0,0.0
2018-07-31 22:30:00,0.0,0.0,0.0,0.0,0.0,0.0
2018-07-31 23:30:00,0.0,0.0,0.0,0.0,0.0,0.0
2018-08-01 00:30:00,0.0,0.0,0.0,0.0,0.0,0.0
2018-08-01 01:30:00,0.0,0.0,0.0,0.0,0.0,0.0
2018-08-01 02:30:00,0.0,0.0,0.0,0.0,0.0,0.0
2018-08-01 03:30:00,0.0,0.0,0.0,0.0,0.0,0.0
2018-08-01 04:30:00,0.0,0.0,0.0,0.0,0.0,0.0
2018-08-01 05:30:00,0.10690993816800379,0.14659865537122216,0.07155407212911033,0.024088069955558185,0.095608469675884,0.006283811470082328
2018-08-01 06:30:00,0.4759587542085786,0.4979103795720845,0.053876269297579035,0.13362964322826532,0.5263529137471762,0.4148919777547696
2018-08-01 07:30:00,0.6232695303523095,0.6166275377392023,0.09676641260313217,0.5899010804273592,0.6675797754247748,0.6052512322938864
2018-08-01 08:30:00,0.37424448409885985,0.6733110888262398,0.3442554503592496,0.6673979758734828,0.7221645853169346,0.6871336244509849
2018-08-01 09:30:00,0.4758536338902864,0.6910379513955692,0.22947258049883218,0.6969677085225059,0.730365998506829,0.7190492583732847
2018-08-01 10:30:00,0.220850723007608,0.6925211335999968,0.3530479787915356,0.7008648290330222,0.7282565155880518,0.7215443979755423
2018-08-01 11:30:00,0.42915944921350707,0.6940311736190513,0.29457493377205846,0.6903849028389047,0.714096500499274,0.20317814121786043
2018-08-01 12:30:00,0.3871489415992183,0.6992513965160307,0.30039921935913355,0.6874020410615715,0.6895401402967056,0.23705996005842989
2018-08-01 13:30:00,0.5461648301241362,0.70707614298072,0.24529975025789869,0.36793496657726193,0.1756505774541063,0.2266021976643783
2018-08-01 14:30:00,0.13685724142136146,0.6941201590533467,0.23750870461797366,0.4416510322089516,0.4682421700116937,0.3739591403648379
2018-08-01 15:30:00,0.14535779887218098,0.6439921967426537,0.10331061740598976,0.12889938960295988,0.13181682695418187,0.13691922080880897
2018-08-01 16:30:00,0.31875268624229613,0.30666125817333867,0.15892462040348157,0.03524752932199506,0.07550076473752303,0.0454541244989967
2018-08-01 17:30:00,0.4070544851015629,0.1326651467482085,0.44435792970078397,0.07942734187427807,0.14684735090614637,0.035915733846364775
2018-08-01 18:30:00,0.060768162694653405,0.016453527462698618,0.1638058194475659,0.05284806116451472,0.06028455186649915,0.08686700631823968
2018-08-01 19:30:00,0.0,0.0,0.0,0.0,0.0,0.0
2018-08-01 20:30:00,0.0,0.0,0.0,0.0,0.0,0.0
2018-08-01 21:30:00,0.0,0.0,0.0,0.0,0.0,0.0
2018-08-01 22:30:00,0.0,0.0,0.0,0.0,0.0,0.0
2018-08-01 23:30:00,0.0,0.0,0.0,0.0,0.0,0.0
2018-08-02 00:30:00,0.0,0.0,0.0,0.0,0.0,0.0
2018-08-02 01:30:00,0.0,0.0,0.0,0.0,0.0,0.0
2018-08-02 02:30:00,0.0,0.0,0.0,0.0,0.0,0.0
2018-08-02 03:30:00,0.0,0.0,0.0,0.0,0.0,0.0
2018-08-02 04:30:00,0.0,0.0,0.0,0.0,0.0,0.0
2018-08-02 05:30:00,0.094053647609063,0.12048964730848538,0.06417459951218778,0.1158134152376561,0.07186732586175154,0.01861951198731528
2018-08-02 06:30:00,0.4596410293368305,0.46370121064334463,0.42191949066319795,0.4854793848690056,0.4543265489881869,0.4180623870775582
2018-08-02 07:30:00,0.6114064479208867,0.6292490751841974,0.5955997229330466,0.6277944115214689,0.6338679144127168,0.6230831897300475
2018-08-02 08:30:00,0.6857782517365306,0.7070269159873759,0.5534485711123852,0.6854934612465788,0.7058828987917612,0.6887401124323375
2018-08-02 09:30:00,0.6224522162198527,0.7264582137070221,0.68146972413835,0.6915545121536532,0.7065850805678769,0.5738219536850917
2018-08-02 10:30:00,0.6937533473756742,0.7131429782910886,0.6700450125688919,0.588517989302526,0.7019748305549733,0.6411545202931542
2018-08-02 11:30:00,0.6063715399069208,0.7079243388485427,0.6632150506187646,0.588134339069106,0.7061418807572484,0.6673480583545824
2018-08-02 12:30:00,0.6172984670131941,0.6146172316449597,0.5673674096723402,0.5684511741015184,0.7078374218699272,0.5847118475581505
2018-08-02 13:30:00,0.5335600387457857,0.7052043342361313,0.40174580943617294,0.66389162997829,0.43644728253847626,0.559558785556975
2018-08-02 14:30:00,0.5864797264993316,0.7114428644757969,0.48679403931587645,0.5944775056995271,0.11969333163278768,0.5081021267669423
2018-08-02 15:30:00,0.4878400621909521,0.6927359766748509,0.5281357858397493,0.4222215584619003,0.2167484014381071,0.4178378685391568
2018-08-02 16:30:00,0.3703148126472881,0.3818063631549098,0.18146569404911875,0.42714229874570825,0.00397685852198702,0.5061933793346914
2018-08-02 17:30:00,0.27609183587268316,0.3564399768251894,0.1269416664897334,0.20558411143681937,0.06940978125971099,0.3935122328641177
2018-08-02 18:30:00,0.050362941627275545,0.054447725463944566,0.05401064899776664,0.05125514550103731,0.12920035628235754,0.07568318554583404
2018-08-02 19:30:00,0.0,0.0,0.0,0.0,0.0,0.0
2018-08-02 20:30:00,0.0,0.0,0.0,0.0,0.0,0.0
2018-08-02 21:30:00,0.0,0.0,0.0,0.0,0.0,0.0
2018-08-02 22:30:00,0.0,0.0,0.0,0.0,0.0,0.0
2018-08-02 23:30:00,0.0,0.0,0.0,0.0,0.0,0.0
2018-08-03 00:30:00,0.0,0.0,0.0,0.0,0.0,0.0
2018-08-03 01:30:00,0.0,0.0,0.0,0.0,0.0,0.0
2018-08-03 02:30:00,0.0,0.0,0.0,0.0,0.0,0.0
2018-08-03 03:30:00,0.0,0.0,0.0,0.0,0.0,0.0
2018-08-03 04:30:00,0.0,0.0,0.0,0.0,0.0,0.0
2018-08-03 05:30:00,0.00939205849527338,0.04405928220054412,0.000621738148182289,0.004757217699442462,0.002212044090614246,-0.0
2018-08-03 06:30:00,0.0007318126914039756,0.2862268460064249,0.04008978668731913,0.04370382330988437,0.0020346553297003757,0.02588243976037022
2018-08-03 07:30:00,0.18511514118935588,0.6297937870229986,0.11455671357306359,0.00285409693553803,0.38329727574890454,0.17243157514973761
2018-08-03 08:30:00,0.007360326160311995,0.41478392068866743,0.026061304119355512,0.12852944908422848,0.728176611990686,0.24372026633461635
2018-08-03 09:30:00,0.20950022967474624,0.6801283216642987,0.054556957263987876,0.027986088088679792,0.5340568684621199,0.1601797575148099
2018-08-03 10:30:00,0.5544935724853368,0.6752612850591422,0.03526614087568484,0.12604694400478528,0.14051529960543624,0.02278446292537684
2018-08-03 11:30:00,0.3621309684269754,0.6094149176111945,0.20180051759396828,0.2160998098598904,0.5548021429768453,0.04283663517505353
2018-08-03 12:30:00,0.21864305055073446,0.050669002940596265,0.33976684440935656,0.34020952507534735,0.5519969498563859,0.5965043197107198
2018-08-03 13:30:00,0.01959350519898168,0.2324735018789057,0.35514303956853993,0.08153081797802131,0.1351096915657141,0.4664791723371421
2018-08-03 14:30:00,0.048284652846942985,0.699480356046926,0.5666698819296967,0.24660292192397662,0.0532845205151315,0.6182134183254978
2018-08-03 15:30:00,0.09982671659654367,0.22553956994219643,0.7064377408465183,0.3144517056516156,0.40319306738629945,0.746268656716418
2018-08-03 16:30:00,0.6293154549125556,0.30190889979764296,0.6534464520842111,0.5423308971168574,0.5470705588126291,0.24078677106002883
2018-08-03 17:30:00,0.4911665212509048,0.1902195487119914,0.4475566978634765,0.45134938270698743,0.5190145429073602,0.26165168266372485
2018-08-03 18:30:00,0.151206687852142,0.013652811986689021,0.02820325287669859,0.03759375118988465,0.03944759458965746,0.11330871196799554
2018-08-03 19:30:00,0.0,0.0,0.0,0.0,0.0,0.0
2018-08-03 20:30:00,0.0,0.0,0.0,0.0,0.0,0.0
2018-08-03 21:30:00,0.0,0.0,0.0,0.0,0.0,0.0
2018-08-03 22:30:00,0.0,0.0,0.0,0.0,0.0,0.0
2018-08-03 23:30:00,0.0,0.0,0.0,0.0,0.0,0.0
2018-08-04 00:30:00,0.0,0.0,0.0,0.0,0.0,0.0
2018-08-04 01:30:00,0.0,0.0,0.0,0.0,0.0,0.0
2018-08-04 02:30:00,0.0,0.0,0.0,0.0,0.0,0.0
2018-08-04 03:30:00,0.0,0.0,0.0,0.0,0.0,0.0
2018-08-04 04:30:00,0.0,0.0,0.0,0.0,0.0,0.0
2018-08-04 05:30:00,0.09820547030571974,0.13446855851977602,0.08077226610584376,0.10936716791322869,0.08866699019201907,0.017789886494111624
2018-08-04 06:30:00,0.5146738101960971,0.5241288028833059,0.5010250529922874,0.49558105286814264,0.5497867425651559,0.4252573509548101
2018-08-04 07:30:00,0.6575664238179542,0.6698926722162292,0.6469408833950013,0.6432430946783629,0.7025014042313722,0.6406704273958754
2018-08-04 08:30:00,0.7064664380516851,0.7315798006293907,0.6942044079469941,0.7026969271577721,0.7436509575259319,0.7195537061656624
2018-08-04 09:30:00,0.7029807976929843,0.7280599380853845,0.7003635101241673,0.7034839698630341,0.7353796646269131,0.7437593954820438
2018-08-04 10:30:00,0.7004480021665725,0.7047944815775754,0.6896327298204674,0.6781255222155158,0.7280053280715353,0.7375451413501507
2018-08-04 11:30:00,0.6956178461012944,0.6820691907716454,0.687655966120522,0.6707801955006092,0.7279679937338233,0.7422759765454371
2018-08-04 12:30:00,0.5979012955443702,0.6804127255434738,0.22383890199320583,0.6697912919309796,0.732475527590761,0.667991743256578
2018-08-04 13:30:00,0.5437572131570242,0.7050825295935489,0.5397755345077787,0.34956757371927494,0.7440602003790111,0.6411082894009155
2018-08-04 14:30:00,0.037358540238209115,0.7162626616305066,0.2420600242269587,0.6894898783711154,0.16253987502568895,0.47344020735939585
2018-08-04 15:30:00,0.5591764474184047,0.6419144719653805,0.48989525978204373,0.5986016440968406,0.12428132239563104,0.3309524818643907
2018-08-04 16:30:00,0.14905997009804553,0.2687204344434971,0.1498873391725248,0.47427454663797186,0.38287634189016384,0.022773961591197118
2018-08-04 17:30:00,0.3471237509024538,0.09896156982311782,0.08596070826657168,0.35063855332348515,0.2572566916740787,-0.0
2018-08-04 18:30:00,0.030782305267993984,0.022197207912208087,0.03830365130956292,0.033410759466602276,0.026092643060622096,0.06124263219532374
2018-08-04 19:30:00,0.0,0.0,0.0,0.0,0.0,0.0
2018-08-04 20:30:00,0.0,0.0,0.0,0.0,0.0,0.0
2018-08-04 21:30:00,0.0,0.0,0.0,0.0,0.0,0.0
2018-08-04 22:30:00,0.0,0.0,0.0,0.0,0.0,0.0
2018-08-04 23:30:00,0.0,0.0,0.0,0.0,0.0,0.0
2018-08-05 00:30:00,0.0,0.0,0.0,0.0,0.0,0.0
2018-08-05 01:30:00,0.0,0.0,0.0,0.0,0.0,0.0
2018-08-05 02:30:00,0.0,0.0,0.0,0.0,0.0,0.0
2018-08-05 03:30:00,0.0,0.0,0.0,0.0,0.0,0.0
2018-08-05 04:30:00,0.0,0.0,0.0,0.0,0.0,0.0
2018-08-05 05:30:00,0.007550515751620549,0.03464720078719135,0.000632687042334449,0.0014921342579044081,0.014615693159932287,0.018719653695927048
2018-08-05 06:30:00,0.01066291499164369,0.12173444506225463,0.17308488356745905,-0.0,0.12725447946804766,0.45495845018596553
2018-08-05 07:30:00,0.10207527728654954,0.37425121742004563,0.12218371725614895,0.004810292654462588,0.46168015527834794,0.6760496186431155
2018-08-05 08:30:00,0.006154405283650872,0.3483945606963565,0.5741429156441711,0.4353799428690105,0.5767100790568448,0.746268656716418
2018-08-05 09:30:00,0.3790669243475728,0.7193213449299297,0.7199852560086066,0.5057687334335759,0.1308243947257093,0.746268656716418
2018-08-05 10:30:00,0.5164581644279137,0.5613302742047526,0.6182205143153164,0.5887484492241493,0.5017642230625808,0.746268656716418
2018-08-05 11:30:00,0.08313973982354671,0.5427589799290872,0.6980561721989348,0.32113092668095644,0.4792386821584207,0.746268656716418
2018-08-05 12:30:00,0.5888677659261923,0.0917888492524749,0.6928661455571331,0.43809928029992945,0.47579344172200144,0.6832935165557944
2018-08-05 13:30:00,0.6526618593854054,0.6753920358325712,0.6975724850992829,0.6831435267902353,0.5777115357044141,0.5691147622130106
2018-08-05 14:30:00,0.49025628372577906,0.6810614718023487,0.7065939754775046,0.3183314270386988,0.2162401532646143,0.746268656716418
2018-08-05 15:30:00,0.6948460181018754,0.10458573604664974,0.707077508093759,0.013712660051453517,0.017358715019715497,0.746268656716418
2018-08-05 16:30:00,0.43536227114176107,0.0005465671728878193,0.6674499884198705,0.5034219686678555,0.0016736923747552156,0.29140756256827166
2018-08-05 17:30:00,0.4877952107064047,0.40627380289749104,0.5705224589056442,0.17781882224260037,0.45135485389563507,0.6320090947915241
2018-08-05 18:30:00,0.04710418645369979,0.08562978539825074,0.21995248633267128,0.03941555189328496,0.04622481050316573,0.26912642265866293
2018-08-05 19:30:00,0.0,0.0,0.0,0.0,0.0,0.0
2018-08-05 20:30:00,0.0,0.0,0.0,0.0,0.0,0.0
2018-08-05 21:30:00,0.0,0.0,0.0,0.0,0.0,0.0
2018-08-05 22:30:00,0.0,0.0,0.0,0.0,0.0,0.0
2018-08-05 23:30:00,0.0,0.0,0.0,0.0,0.0,0.0
2018-08-06 00:30:00,0.0,0.0,0.0,0.0,0.0,0.0
2018-08-06 01:30:00,0.0,0.0,0.0,0.0,0.0,0.0
2018-08-06 02:30:00,0.0,0.0,0.0,0.0,0.0,0.0
2018-08-06 03:30:00,0.0,0.0,0.0,0.0,0.0,0.0
2018-08-06 04:30:00,0.0,0.0,0.0,0.0,0.0,0.0
2018-08-06 05:30:00,0.012625215622357504,0.11434171420664355,0.060346797988204484,0.056463956780660476,0.0779787692851794,0.01582388005491807
2018-08-06 06:30:00,0.4018796977028281,0.4851792846290127,0.4393127254910797,0.349708956723476,0.5498355721055974,0.4316675296049231
2018-08-06 07:30:00,0.5819317423594141,0.08515728332485688,0.6047324378085003,0.5423229536003441,0.6968808746787964,0.6432702582210306
2018-08-06 08:30:00,0.6732274814375868,0.7228183759419007,0.2960440960786017,0.6382598127158217,0.43895827281593247,0.73685321463373
2018-08-06 09:30:00,0.7021274684885787,0.7248324289917969,0.6943192035136061,0.6772104029758218,0.746268656716418,0.746268656716418
2018-08-06 10:30:00,0.6994302583004314,0.7138440263835768,0.6883142528908428,0.6807895733202467,0.6276018723970447,0.746268656716418
2018-08-06 11:30:00,0.23449761757075782,0.7081454599147776,0.6894934962270888,0.6882657451655527,0.6295412221624969,0.746268656716418
2018-08-06 12:30:00,0.3477385818623343,0.7074620483262886,0.68731333841944,0.687113377353723,0.720363847769625,0.746268656716418
2018-08-06 13:30:00,0.2576310034391685,0.7139262023505701,0.5469310354498397,0.6932099812197289,0.7295585091138571,0.746268656716418
2018-08-06 14:30:00,0.600667038012552,0.07011857162968387,0.5218018356359607,0.6955035094235139,0.7419351366388979,0.746268656716418
2018-08-06 15:30:00,0.6844137033763394,0.05949624359525923,0.347851905882953,0.06801316826926108,0.7437613774364201,0.746268656716418
2018-08-06 16:30:00,0.5995094817090463,0.1142511096891122,0.6538023491921946,0.31068654848319177,0.08117132796260265,0.7320306050833391
2018-08-06 17:30:00,0.4373233957505717,0.1541521920103173,0.5272207186635858,0.1870350740812884,0.2463117480707861,0.5979836994446748
2018-08-06 18:30:00,0.011660417115338764,0.011918060926722079,0.17970426621253957,0.010049799742298183,0.1353296554841025,0.2377248558410251
2018-08-06 19:30:00,0.0,0.0,0.0,0.0,0.0,0.0
2018-08-06 20:30:00,0.0,0.0,0.0,0.0,0.0,0.0
2018-08-06 21:30:00,0.0,0.0,0.0,0.0,0.0,0.0
2018-08-06 22:30:00,0.0,0.0,0.0,0.0,0.0,0.0
2018-08-06 23:30:00,0.0,0.0,0.0,0.0,0.0,0.0
2018-08-07 00:30:00,0.0,0.0,0.0,0.0,0.0,0.0
2018-08-07 01:30:00,0.0,0.0,0.0,0.0,0.0,0.0
2018-08-07 02:30:00,0.0,0.0,0.0,0.0,0.0,0.0
2018-08-07 03:30:00,0.0,0.0,0.0,0.0,0.0,0.0
2018-08-07 04:30:00,0.0,0.0,0.0,0.0,0.0,0.0
2018-08-07 05:30:00,0.06167127830081863,0.09970680214821834,0.05189100719434726,0.0733896980775194,0.05886685290624694,0.012365616853807392
2018-08-07 06:30:00,0.41229358982741793,0.46230207439763693,0.4274316312768669,0.3913882467198583,0.45090890950053186,0.4283299243625357
2018-08-07 07:30:00,0.6014005131908693,0.6296125328300975,0.6107115637733106,0.5652916751496906,0.640224788513542,0.6507064606521528
2018-08-07 08:30:00,0.6950655946691786,0.7048886284023932,0.680110527578358,0.6730528821881485,0.7201862924388753,0.7384808769553924
2018-08-07 09:30:00,0.7143595124572557,0.7224074654078283,0.6979461001841691,0.7023780948071051,0.742487381964317,0.746268656716418
2018-08-07 10:30:00,0.7061988734362555,0.7166342106367589,0.6899234817640768,0.6915611518399262,0.7352249766390551,0.746268656716418
2018-08-07 11:30:00,0.6969965998911863,0.7063134957747245,0.6778129933020031,0.6857659469804364,0.7366068018046805,0.746268656716418
2018-08-07 12:30:00,0.6888046027888485,0.7040857839568768,0.6728963561082363,0.6828965481584913,0.7349116177785051,0.746268656716418
2018-08-07 13:30:00,0.6936303281613542,0.7146540677414019,0.5379841004932392,0.692132751357736,0.7431895290384364,0.746268656716418
2018-08-07 14:30:00,0.4208138702827264,0.7190843144019158,0.3349847417206554,0.7041322910902607,0.746268656716418,0.746268656716418
2018-08-07 15:30:00,0.3659007552030347,0.6988123552352581,0.5280360798769682,0.6788267164874747,0.25628082521959,0.746268656716418
2018-08-07 16:30:00,0.6038897477709224,0.40851518411758925,0.24462731472759788,0.08129778546765716,0.6206351381148463,0.7386323457259457
2018-08-07 17:30:00,0.4479501230659775,0.047170378704495364,0.16219288726959363,0.34586599685880387,0.04632131853110031,0.6228454139299799
2018-08-07 18:30:00,0.042534746798955504,0.022406511126535383,0.11011197866481655,0.08687556013985188,0.01819056308331852,0.24986639621176732
2018-08-07 19:30:00,0.0,0.0,0.0,0.0,0.0,0.0
2018-08-07 20:30:00,0.0,0.0,0.0,0.0,0.0,0.0
2018-08-07 21:30:00,0.0,0.0,0.0,0.0,0.0,0.0
2018-08-07 22:30:00,0.0,0.0,0.0,0.0,0.0,0.0
2018-08-07 23:30:00,0.0,0.0,0.0,0.0,0.0,0.0
2018-08-08 00:30:00,0.0,0.0,0.0,0.0,0.0,0.0
2018-08-08 01:30:00,0.0,0.0,0.0,0.0,0.0,0.0
2018-08-08 02:30:00,0.0,0.0,0.0,0.0,0.0,0.0
2018-08-08 03:30:00,0.0,0.0,0.0,0.0,0.0,0.0
2018-08-08 04:30:00,0.0,0.0,0.0,0.0,0.0,0.0
2018-08-08 05:30:00,0.0721732488957731,0.09722267225253164,0.06467070187108677,0.08172171946160676,0.06427382950156131,0.014460621301913461
2018-08-08 06:30:00,0.4826159849076417,0.4525065578541165,0.497483577321408,0.1234530443490769,0.5090289350285533,0.44664398614873013
2018-08-08 07:30:00,0.6404258359123403,0.3731409360019924,0.6645419600667586,0.17636153109953323,0.6786219368176314,0.66801621639926
2018-08-08 08:30:00,0.06644281904115394,0.7304798823778412,0.7172968200143462,0.48362017314468725,0.7417647966550361,0.7378261514221481
2018-08-08 09:30:00,0.12089991370114124,0.013009553087058557,0.7210320448217692,0.270977089892042,0.746268656716418,0.746268656716418
2018-08-08 10:30:00,0.3128443151939819,0.3888388113977605,0.7064276063577003,0.7089397158919196,0.746268656716418,0.746268656716418
2018-08-08 11:30:00,0.7128608367682017,0.47556040674450883,0.6939332063677788,0.7026980013207225,0.22736528002508913,0.746268656716418
2018-08-08 12:30:00,0.7133003385449048,0.5925625783755336,0.6868157414950486,0.6992060314639545,0.0388755788096802,0.746268656716418
2018-08-08 13:30:00,0.7228324644592612,0.629363175022422,0.6987450649916788,0.7049572834033321,0.06361314536018721,0.746268656716418
2018-08-08 14:30:00,0.7316553779719773,0.6322068194161328,0.5603937941816706,0.7116810857117334,0.10099423000349847,0.746268656716418
2018-08-08 15:30:00,0.730403686234091,0.5777064771231978,0.552591376648485,0.7056483752423907,0.746268656716418,0.746268656716418
2018-08-08 16:30:00,0.603821713264736,0.6677798209250017,0.5757872739236524,0.6594425967692294,0.6866259264804739,0.746268656716418
2018-08-08 17:30:00,0.524599873802843,0.5192022639728682,0.49880326642852846,0.5260552441213995,0.5238486417508824,0.6396164581604648
2018-08-08 18:30:00,0.13818673053739003,0.08875366103921982,0.20038878681695968,0.1456858877616749,0.12578782933348812,0.26301110559257723
2018-08-08 19:30:00,0.0,0.0,0.0,0.0,0.0,0.0
2018-08-08 20:30:00,0.0,0.0,0.0,0.0,0.0,0.0
2018-08-08 21:30:00,0.0,0.0,0.0,0.0,0.0,0.0
2018-08-08 22:30:00,0.0,0.0,0.0,0.0,0.0,0.0
2018-08-08 23:30:00,0.0,0.0,0.0,0.0,0.0,0.0
2018-08-09 00:30:00,0.0,0.0,0.0,0.0,0.0,0.0
2018-08-09 01:30:00,0.0,0.0,0.0,0.0,0.0,0.0
2018-08-09 02:30:00,0.0,0.0,0.0,0.0,0.0,0.0
2018-08-09 03:30:00,0.0,0.0,0.0,0.0,0.0,0.0
2018-08-09 04:30:00,0.0,0.0,0.0,0.0,0.0,0.0
2018-08-09 05:30:00,0.07420499205920117,0.11883512534920862,0.058636931574069635,0.08899725808507604,0.049499449318905465,0.014263134626734512
2018-08-09 06:30:00,0.49768551005238054,0.5182810082867859,0.4761027834702693,0.5070055651344118,0.43900769186196775,0.4607573687715706
2018-08-09 07:30:00,0.6517164927679685,0.6586417307274246,0.6514624242521246,0.6594353126793456,0.62359987058405,0.6804127224020691
2018-08-09 08:30:00,0.7197901412526442,0.7170520776028074,0.7083512974439056,0.7196717079837198,0.7003377767452568,0.7445769150829985
2018-08-09 09:30:00,0.7337099100262405,0.7248174468029164,0.7159818659496795,0.7257365695927886,0.7345353161055845,0.746268656716418
2018-08-09 10:30:00,0.7269628699453567,0.715217020294187,0.7016392712520809,0.7132128439990876,0.7317896103418247,0.7435765481011533
2018-08-09 11:30:00,0.7198246284781411,0.7064800627775127,0.687940721108082,0.7032130634013499,0.5163988815290294,0.7322126026224759
2018-08-09 12:30:00,0.7195089090353202,0.7076089829346821,0.6838383965486656,0.7032589400252803,0.10512568903407409,0.7282388672144336
2018-08-09 13:30:00,0.7316305368607195,0.7173873811959218,0.691353881347134,0.7138015171228532,0.2775985821033014,0.7403803809799359
2018-08-09 14:30:00,0.7408396125757468,0.7247660499716914,0.6998878514887994,0.7235201118855409,0.2853225748926067,0.4842014974033983
2018-08-09 15:30:00,0.7321586976204879,0.7111911725826084,0.7008973430414461,0.7175170135131945,0.5851839404638285,0.746268656716418
2018-08-09 16:30:00,0.6776604943603255,0.6436196093699231,0.6614795982037582,0.39718785652399735,0.5909728556760426,0.7280397061033779
2018-08-09 17:30:00,0.5310126239661255,0.48491967738028574,0.5441903580009709,0.5224962194860959,0.35776201193056273,0.6204231564568561
2018-08-09 18:30:00,0.13698284061311947,0.07218227760579195,0.18332681963009578,0.13458781220719995,0.0299289504323293,0.17616242590175082
2018-08-09 19:30:00,0.0,0.0,0.0,0.0,0.0,0.0
2018-08-09 20:30:00,0.0,0.0,0.0,0.0,0.0,0.0
2018-08-09 21:30:00,0.0,0.0,0.0,0.0,0.0,0.0
2018-08-09 22:30:00,0.0,0.0,0.0,0.0,0.0,0.0
2018-08-09 23:30:00,0.0,0.0,0.0,0.0,0.0,0.0
2018-08-10 00:30:00,0.0,0.0,0.0,0.0,0.0,0.0
2018-08-10 01:30:00,0.0,0.0,0.0,0.0,0.0,0.0
2018-08-10 02:30:00,0.0,0.0,0.0,0.0,0.0,0.0
2018-08-10 03:30:00,0.0,0.0,0.0,0.0,0.0,0.0
2018-08-10 04:30:00,0.0,0.0,0.0,0.0,0.0,0.0
2018-08-10 05:30:00,0.07234451676072315,0.10527357576704377,0.055205803822870166,0.08113163865687356,0.0628270257093305,0.010102010322015575
2018-08-10 06:30:00,0.5039080266148835,0.1959542102749652,0.4974166825410769,0.5049056615653803,0.5179713229839844,0.43820598260437893
2018-08-10 07:30:00,0.6504667162169098,0.15576848626827555,0.6624927828068571,0.6495909288747966,0.6803237141412123,0.6712912131150248
2018-08-10 08:30:00,0.7097439047651956,0.0071771109631241555,0.7218437396489311,0.7089241301888308,0.746268656716418,0.725462454737945
2018-08-10 09:30:00,0.7275160214890485,0.038187326254351325,0.7257289663411994,0.7187014835685155,0.3088611226159782,0.7285945377036651
2018-08-10 10:30:00,0.7217761531673188,0.3557782038749443,0.7085000386840241,0.7049444224434389,0.12916091556736142,0.7158107212402732
2018-08-10 11:30:00,0.7138798317476414,0.35184540549686893,0.6919168654319532,0.6953674726662068,0.746268656716418,0.7152981339662118
2018-08-10 12:30:00,0.5579263331181185,0.5976923518837255,0.687237871910682,0.6967446132840619,0.5816916452665661,0.5933132486589354
2018-08-10 13:30:00,0.7290035461407046,0.591396720891733,0.6944944852020309,0.7118753167900166,0.23354840128811735,0.4142047751333231
2018-08-10 14:30:00,0.7403667493670207,0.7303457650334281,0.4484594972085904,0.7277999854308552,0.6280337848656082,0.6754824110720169
2018-08-10 15:30:00,0.7374319285411166,0.7216288325145307,0.4467761834375549,0.7257555903307487,0.5006876913648817,0.16188109049299565
2018-08-10 16:30:00,0.6854948572349574,0.6637518194010827,0.5604601188707837,0.6760070922273012,0.7200298792281538,0.2269881386054631
2018-08-10 17:30:00,0.5442062824288728,0.5067395486945975,0.39408706410747857,0.5360686904701449,0.5835549473565159,0.6123357238568924
2018-08-10 18:30:00,0.13617146493540466,0.07430521250185448,0.1881880831264151,0.13603109653136575,0.14541969415369332,0.23286198823431278
2018-08-10 19:30:00,0.0,0.0,0.0,0.0,0.0,0.0
2018-08-10 20:30:00,0.0,0.0,0.0,0.0,0.0,0.0
2018-08-10 21:30:00,0.0,0.0,0.0,0.0,0.0,0.0
2018-08-10 22:30:00,0.0,0.0,0.0,0.0,0.0,0.0
2018-08-10 23:30:00,0.0,0.0,0.0,0.0,0.0,0.0
2018-08-11 00:30:00,0.0,0.0,0.0,0.0,0.0,0.0
2018-08-11 01:30:00,0.0,0.0,0.0,0.0,0.0,0.0
2018-08-11 02:30:00,0.0,0.0,0.0,0.0,0.0,0.0
2018-08-11 03:30:00,0.0,0.0,0.0,0.0,0.0,0.0
2018-08-11 04:30:00,0.0,0.0,0.0,0.0,0.0,0.0
2018-08-11 05:30:00,0.0719367232080405,0.10222360428232728,0.03590922383535165,0.07921054251106661,0.06023048907160287,-0.0
2018-08-11 06:30:00,0.5342400491777218,0.5114181640348224,0.5001563587908854,0.534823325298583,0.5335463242144795,0.4284035304893618
2018-08-11 07:30:00,0.6874926487037433,0.6619929515448034,0.6607784164048125,0.684900726999338,0.7099042553875594,0.6692729369874479
2018-08-11 08:30:00,0.746268656716418,0.7343275736992981,0.7142563857390765,0.746268656716418,0.746268656716418,0.7413896973590125
2018-08-11 09:30:00,0.746268656716418,0.7387809726569018,0.717982665424666,0.746268656716418,0.746268656716418,0.746268656716418
2018-08-11 10:30:00,0.7358145423999977,0.7278148681598244,0.7042423222042575,0.7347721090026311,0.746268656716418,0.7409658042398424
2018-08-11 11:30:00,0.7262138772425748,0.7197233220105055,0.6887621059856361,0.7171709906398769,0.746268656716418,0.7330016229065672
2018-08-11 12:30:00,0.7257152660409729,0.7183343130263273,0.6840359631159617,0.7163669647477936,0.5409185932127982,0.7272988836837836
2018-08-11 13:30:00,0.7393434031221535,0.7292225616330715,0.6927101577274374,0.7282750103582655,0.746268656716418,0.7378701286925764
2018-08-11 14:30:00,0.746268656716418,0.736972913744931,0.7009084994327158,0.746138709386613,0.5443848445823833,0.5788760993956406
2018-08-11 15:30:00,0.746268656716418,0.7207518447685135,0.7048313609592677,0.7451634731932875,0.746268656716418,0.5718251509989913
2018-08-11 16:30:00,0.6927416911742865,0.6471299656425608,0.6660307951987322,0.6876413183081563,0.7421880470490129,0.5541067843490137
2018-08-11 17:30:00,0.5606793997087841,0.4676810426701758,0.5705531969961792,0.5524667225918309,0.6063331094396157,0.4613588555026691
2018-08-11 18:30:00,0.13510853819506616,0.05975924905836136,0.18433014589787233,0.13380206410107098,0.1359183206558181,0.1814595003103834
2018-08-11 19:30:00,0.0,0.0,0.0,0.0,0.0,0.0
2018-08-11 20:30:00,0.0,0.0,0.0,0.0,0.0,0.0
2018-08-11 21:30:00,0.0,0.0,0.0,0.0,0.0,0.0
2018-08-11 22:30:00,0.0,0.0,0.0,0.0,0.0,0.0
2018-08-11 23:30:00,0.0,0.0,0.0,0.0,0.0,0.0
2018-08-12 00:30:00,0.0,0.0,0.0,0.0,0.0,0.0
2018-08-12 01:30:00,0.0,0.0,0.0,0.0,0.0,0.0
2018-08-12 02:30:00,0.0,0.0,0.0,0.0,0.0,0.0
2018-08-12 03:30:00,0.0,0.0,0.0,0.0,0.0,0.0
2018-08-12 04:30:00,0.0,0.0,0.0,0.0,0.0,0.0
2018-08-12 05:30:00,0.0685492768138654,0.08861732433762459,0.029260424545054464,0.07685474233481385,0.03413645611604973,-0.0
2018-08-12 06:30:00,0.5199460685521738,0.48506949622959317,0.478607535127019,0.5237836040874045,0.5179878084012496,0.40949760480915953
2018-08-12 07:30:00,0.6960168477764391,0.6526969592841786,0.65134942292379,0.6953102388247812,0.6931166082357822,0.6586100292812704
2018-08-12 08:30:00,0.746268656716418,0.7291470335192505,0.7104237375759839,0.746268656716418,0.746268656716418,0.7308350361614463
2018-08-12 09:30:00,0.746268656716418,0.7369560267078101,0.7150484379228222,0.746268656716418,0.746268656716418,0.7454837891432268
2018-08-12 10:30:00,0.746268656716418,0.7244503151728876,0.6994871310413022,0.7441922494506502,0.746268656716418,0.7344200991800286
2018-08-12 11:30:00,0.7279836502262488,0.6943177495339382,0.68362347264167,0.725035170145228,0.746268656716418,0.7209924801738655
2018-08-12 12:30:00,0.7259763010147889,0.6924015326352829,0.6791116314385623,0.7204351173219695,0.746268656716418,0.7168305295249348
2018-08-12 13:30:00,0.7373136341142689,0.7040012528364153,0.6889933672182801,0.731053914205406,0.746268656716418,0.7241102992455072
2018-08-12 14:30:00,0.746268656716418,0.6770057932543777,0.6965384969796485,0.7401229684915868,0.746268656716418,0.46256941464840406
2018-08-12 15:30:00,0.7459888050664493,0.490950098940506,0.5767142068930793,0.7346686850631556,0.746268656716418,0.055952414629506904
2018-08-12 16:30:00,0.6741678930200059,0.45642326215333967,0.3360835657682417,0.6575174761547463,0.724757691332578,0.11339176183449834
2018-08-12 17:30:00,0.5026725719254923,0.35774420140236146,0.414410926360489,0.4787974191209518,0.56318306005184,0.3739251667006789
2018-08-12 18:30:00,0.10088644280716157,0.011935997681386614,0.04491094310825977,0.0929349470061488,0.1189004869622555,0.05400776155180094
2018-08-12 19:30:00,0.0,0.0,0.0,0.0,0.0,0.0
2018-08-12 20:30:00,0.0,0.0,0.0,0.0,0.0,0.0
2018-08-12 21:30:00,0.0,0.0,0.0,0.0,0.0,0.0
2018-08-12 22:30:00,0.0,0.0,0.0,0.0,0.0,0.0
2018-08-12 23:30:00,0.0,0.0,0.0,0.0,0.0,0.0
2018-08-13 00:30:00,0.0,0.0,0.0,0.0,0.0,0.0
2018-08-13 01:30:00,0.0,0.0,0.0,0.0,0.0,0.0
2018-08-13 02:30:00,0.0,0.0,0.0,0.0,0.0,0.0
2018-08-13 03:30:00,0.0,0.0,0.0,0.0,0.0,0.0
2018-08-13 04:30:00,0.0,0.0,0.0,0.0,0.0,0.0
2018-08-13 05:30:00,0.05912632083262016,0.08059142209691156,0.003155809328751204,0.06471954318554184,0.022949689788053146,-0.0
2018-08-13 06:30:00,0.49063334507611484,0.4896345342615791,0.3571932241017324,0.4765178831809394,0.47076397202774495,0.30771612122675585
2018-08-13 07:30:00,0.6703856012809833,0.6579547083041197,0.5552147201839219,0.6533848955337137,0.6719006515767879,0.5801295593033555
2018-08-13 08:30:00,0.7422531702267189,0.728331391123534,0.6389934406544701,0.7251357163138852,0.746268656716418,0.6981657807138894
2018-08-13 09:30:00,0.7441554922516125,0.735325801276206,0.660247148756614,0.732575751552564,0.746268656716418,0.733952933624484
2018-08-13 10:30:00,0.7344070673662195,0.7152103011109431,0.6516654840531855,0.7201052888958502,0.746268656716418,0.7296688449202517
2018-08-13 11:30:00,0.7214338864876652,0.704445781144811,0.6594167240445477,0.7049516640395533,0.746268656716418,0.7287034521282785
2018-08-13 12:30:00,0.7180833653431189,0.7017442895698904,0.6349750705391276,0.7021443070848302,0.746268656716418,0.7217701685361267
2018-08-13 13:30:00,0.7266312436439436,0.6542493146619808,0.5845581439901693,0.7112657113855345,0.746268656716418,0.48117998433623044
2018-08-13 14:30:00,0.7350750404790425,0.6222168847547578,0.34689027407026923,0.7192524537610576,0.746268656716418,0.3333675013621488
2018-08-13 15:30:00,0.7283948140119176,0.47638952381267585,0.1803830156130357,0.7144926930506165,0.746268656716418,0.3480204232784407
2018-08-13 16:30:00,0.6478925807714944,0.6410340374734425,0.0380702082004902,0.6446396318745442,0.6685971769774104,0.5498504873087172
2018-08-13 17:30:00,0.4791655926812038,0.44650697327537764,0.34405774920452153,0.47945850754489594,0.48513788129685764,0.3283594791454233
2018-08-13 18:30:00,0.09193708723351185,0.04879149781813229,0.004878670252603211,0.09328773746416037,0.040042596430305756,0.05755965050321828
2018-08-13 19:30:00,0.0,0.0,0.0,0.0,0.0,0.0
2018-08-13 20:30:00,0.0,0.0,0.0,0.0,0.0,0.0
2018-08-13 21:30:00,0.0,0.0,0.0,0.0,0.0,0.0
2018-08-13 22:30:00,0.0,0.0,0.0,0.0,0.0,0.0
2018-08-13 23:30:00,0.0,0.0,0.0,0.0,0.0,0.0
2018-08-14 00:30:00,0.0,0.0,0.0,0.0,0.0,0.0
2018-08-14 01:30:00,0.0,0.0,0.0,0.0,0.0,0.0
2018-08-14 02:30:00,0.0,0.0,0.0,0.0,0.0,0.0
2018-08-14 03:30:00,0.0,0.0,0.0,0.0,0.0,0.0
2018-08-14 04:30:00,0.0,0.0,0.0,0.0,0.0,0.0
2018-08-14 05:30:00,0.04527894604142157,0.0861462555400299,0.008308604545640598,0.05463102454590298,0.012456062955293544,-0.0
2018-08-14 06:30:00,0.42412803470167015,0.5283207665483027,0.3374723939097125,0.43794786902293986,0.38830582055793605,0.341128852642372
2018-08-14 07:30:00,0.6185120807222915,0.6847159596706497,0.5467038512075814,0.6229403298497583,0.6057282830349515,0.5952979509098408
2018-08-14 08:30:00,0.7031840543468703,0.746225477117611,0.6318010627556064,0.7027827742991654,0.7068612953932103,0.6892889717762765
2018-08-14 09:30:00,0.723024434764517,0.746268656716418,0.6559080503096688,0.719925292137815,0.7274850976447623,0.7227543836059166
2018-08-14 10:30:00,0.7084684647818643,0.7337542958060956,0.6513091401996456,0.7016886160771789,0.4835453636268284,0.7143877426449738
2018-08-14 11:30:00,0.6903604688012746,0.7134688774431427,0.648210938588643,0.6838556618768189,0.4697632399419824,0.709154340711326
2018-08-14 12:30:00,0.6825355043566554,0.7111888867997167,0.5143434375420473,0.6790193349275748,0.5108694469381523,0.7062606793879909
2018-08-14 13:30:00,0.630555955226842,0.7180443355788898,0.17112424039571703,0.687954754909998,0.26438539604611677,0.4187435469423501
2018-08-14 14:30:00,0.5083930445254571,0.7282033790350936,0.32281165015196694,0.49317302397642665,0.736785620594154,0.014297364389423344
2018-08-14 15:30:00,0.6498525451112911,0.7132566451569945,0.14302745486471763,0.06842372604542549,0.25102944541090105,0.4302676785299472
2018-08-14 16:30:00,0.09860683496252552,0.6309170966599981,0.14775367068693843,0.12519921063919542,0.03587186617857858,0.25551005184760317
2018-08-14 17:30:00,-0.0,0.4135526803027265,0.07774040287429648,0.028087608871161778,-0.0,0.2739772962127541
2018-08-14 18:30:00,0.0165997503388543,0.038388355503283844,0.08971327119518037,0.00947472067154094,0.008631034456850442,0.0795565093881403
2018-08-14 19:30:00,0.0,0.0,0.0,0.0,0.0,0.0
2018-08-14 20:30:00,0.0,0.0,0.0,0.0,0.0,0.0
2018-08-14 21:30:00,0.0,0.0,0.0,0.0,0.0,0.0
2018-08-14 22:30:00,0.0,0.0,0.0,0.0,0.0,0.0
2018-08-14 23:30:00,0.0,0.0,0.0,0.0,0.0,0.0
2018-08-15 00:30:00,0.0,0.0,0.0,0.0,0.0,0.0
2018-08-15 01:30:00,0.0,0.0,0.0,0.0,0.0,0.0
2018-08-15 02:30:00,0.0,0.0,0.0,0.0,0.0,0.0
2018-08-15 03:30:00,0.0,0.0,0.0,0.0,0.0,0.0
2018-08-15 04:30:00,0.0,0.0,0.0,0.0,0.0,0.0
2018-08-15 05:30:00,0.03602077782816884,0.06494661056698448,0.012494856272099139,0.04842740943300422,0.0014023388376366375,-0.0
2018-08-15 06:30:00,0.408491971514136,0.42946730792795995,0.4102523886654769,0.2718403858734423,0.16613899483855865,0.29613258513501006
2018-08-15 07:30:00,0.6329037355878091,0.5992157339402336,0.6201282554753105,0.6446718347365539,0.1112465379254038,0.0629257859034371
2018-08-15 08:30:00,0.72089774324336,0.6697158534246892,0.6913814058197587,0.7221523897770113,0.437887560728611,0.6391919365240492
2018-08-15 09:30:00,0.7241064382560961,0.6874134688179498,0.6986015712998499,0.7293990424290018,0.7013367651615884,0.5141964184402009
2018-08-15 10:30:00,0.6888390880824682,0.6890385783917926,0.6866382891287061,0.7043134767997105,0.6926369441325794,0.40630564186704066
2018-08-15 11:30:00,0.6903531605462924,0.6896249560303765,0.6750890415746663,0.6871853198016248,0.5432735113980156,0.38416081501304256
2018-08-15 12:30:00,0.6862155967313811,0.6889150949942882,0.6690848472467221,0.6818204014817671,0.48445821017954327,0.29457919001786226
2018-08-15 13:30:00,0.6963291176615563,0.6931672018508022,0.6733302328019526,0.6919681023941329,0.5568010114192297,0.11793924051183816
2018-08-15 14:30:00,0.7061293559567765,0.7019405505670806,0.3730445260366991,0.7020202288429614,0.5360266214884838,0.5870485973395545
2018-08-15 15:30:00,0.6143842822945949,0.3588554536556618,0.402279967174951,0.6902507327367657,0.0479839710864176,0.3590221222194409
2018-08-15 16:30:00,0.6062850259048532,0.5830841598337251,0.02939513652860545,0.6092794348801494,0.11083811015818945,0.41629861252932127
2018-08-15 17:30:00,0.2831087670755511,0.07997817320122087,0.001380117905721562,0.43831955357865054,0.11417270893213108,0.275556136416309
2018-08-15 18:30:00,0.07249092218149415,0.002440475275493439,0.03952723287656246,0.0698072993272896,0.0143913793601224,0.047734594006991427
2018-08-15 19:30:00,0.0,0.0,0.0,0.0,0.0,0.0
2018-08-15 20:30:00,0.0,0.0,0.0,0.0,0.0,0.0
2018-08-15 21:30:00,0.0,0.0,0.0,0.0,0.0,0.0
2018-08-15 22:30:00,0.0,0.0,0.0,0.0,0.0,0.0
2018-08-15 23:30:00,0.0,0.0,0.0,0.0,0.0,0.0
2018-08-16 00:30:00,0.0,0.0,0.0,0.0,0.0,0.0
2018-08-16 01:30:00,0.0,0.0,0.0,0.0,0.0,0.0
2018-08-16 02:30:00,0.0,0.0,0.0,0.0,0.0,0.0
2018-08-16 03:30:00,0.0,0.0,0.0,0.0,0.0,0.0
2018-08-16 04:30:00,0.0,0.0,0.0,0.0,0.0,0.0
2018-08-16 05:30:00,0.0417404040871397,0.06209866950390513,0.010364031107904917,0.006535252884749233,0.0008075759604993606,-0.0
2018-08-16 06:30:00,0.4204571613201609,0.45435020523405634,0.3918821685570735,0.4163577431353584,0.15637134548021725,0.0692607757111965
2018-08-16 07:30:00,0.6182456705230311,0.6308203476477146,0.6028816497740818,0.6103468435460266,0.6584638763808838,0.12337108310149446
2018-08-16 08:30:00,0.7043667085832019,0.7079824823274451,0.3550780015545969,0.6927052537365828,0.41482384064219996,0.04372916801409395
2018-08-16 09:30:00,0.7167085947576294,0.7198522905503835,0.532098966315917,0.7029926438051459,0.7423954085327812,0.7342760492049561
2018-08-16 10:30:00,0.7079393643400286,0.7082190997958975,0.493486824732548,0.6922036261215884,0.5286848158004921,0.22650626581117467
2018-08-16 11:30:00,0.6970579527975483,0.6946403112914962,0.42122320895742865,0.6806336237128479,0.0732472161204634,0.7129293461985459
2018-08-16 12:30:00,0.6912366653762938,0.6946841193976515,0.11750754049584354,0.6789116415076926,0.03375482509683908,0.7095542205503654
2018-08-16 13:30:00,0.7003239335919441,0.7021371467793973,0.20438124850139802,0.6865435308009413,0.15171253481824137,0.3390017796816827
2018-08-16 14:30:00,0.7033588987023174,0.7173992806981708,0.22460106064197738,0.7011227058662269,0.04002836544689959,0.6114698875921513
2018-08-16 15:30:00,0.45359824803229093,0.7005395708107327,0.10539909623746666,0.6858827280822207,0.16010881657543133,0.26573564765129665
2018-08-16 16:30:00,0.28915467973630876,0.6173167812022643,0.07581527614751188,0.5233868544143883,0.006412882027261738,0.18730220626143285
2018-08-16 17:30:00,0.11287889956376741,0.40816972769704296,0.3544849470883326,0.1865843465711884,0.23295943855102194,0.17816474806059893
2018-08-16 18:30:00,0.009011926762317308,0.015214700920277109,0.0047340432623949385,0.015063311909744418,0.015054801215228803,0.06532764318491384
2018-08-16 19:30:00,0.0,0.0,0.0,0.0,0.0,0.0
2018-08-16 20:30:00,0.0,0.0,0.0,0.0,0.0,0.0
2018-08-16 21:30:00,0.0,0.0,0.0,0.0,0.0,0.0
2018-08-16 22:30:00,0.0,0.0,0.0,0.0,0.0,0.0
2018-08-16 23:30:00,0.0,0.0,0.0,0.0,0.0,0.0
2018-08-17 00:30:00,0.0,0.0,0.0,0.0,0.0,0.0
2018-08-17 01:30:00,0.0,0.0,0.0,0.0,0.0,0.0
2018-08-17 02:30:00,0.0,0.0,0.0,0.0,0.0,0.0
2018-08-17 03:30:00,0.0,0.0,0.0,0.0,0.0,0.0
2018-08-17 04:30:00,0.0,0.0,0.0,0.0,0.0,0.0
2018-08-17 05:30:00,0.002461747864835853,0.04078423173229406,0.00029659435010438517,0.03732899433376767,0.011274912948904418,-0.0
2018-08-17 06:30:00,0.3495687605052176,0.3797845475252371,0.03801708622627736,0.1596562928700629,0.4170458535861808,0.011927307272823276
2018-08-17 07:30:00,0.5619793757457825,0.5575061215732351,0.35365752133904366,0.33360906446296235,0.6287477121083954,0.06145498444861801
2018-08-17 08:30:00,0.5463552460284972,0.6531385216985481,0.682577215218203,0.647230812101636,0.7020642351366119,0.4434682429116904
2018-08-17 09:30:00,0.6747656743092982,0.6716077252228274,0.4356092154940626,0.5400416884587623,0.7263857753471529,0.7207491864978252
2018-08-17 10:30:00,0.6693722497097775,0.26411464995346695,0.4701221143359044,0.5869600777821691,0.725283551239129,0.7087882394366394
2018-08-17 11:30:00,0.6727888175137033,0.5085979830379025,0.5298888125308936,0.5323854004874881,0.7246344082709991,0.5379094209363606
2018-08-17 12:30:00,0.29005657749963604,0.6429481744995011,0.28840806717124473,0.534717859068873,0.7230571880754864,0.5318443838893192
2018-08-17 13:30:00,0.2430710721393445,0.6676592834970522,0.35199308909097515,0.43711833151128054,0.7328807547575834,0.4418274621532266
2018-08-17 14:30:00,0.09096768141725871,0.6204134055243306,0.4645068037966469,0.17814082981612392,0.5203775427363497,0.7338171515939979
2018-08-17 15:30:00,0.07303638751534297,0.5927040952409341,0.20223584559965754,0.6122148482153917,0.06144141402627751,0.10254734829598355
2018-08-17 16:30:00,0.5530112377834426,0.1389361097270366,0.3851451648137929,0.535425753605394,0.011826973241363815,0.3681490323628059
2018-08-17 17:30:00,0.3517809596506654,0.0828509238827512,0.2474217182816439,0.37205572106126605,0.051671067430462944,0.5883565291946399
2018-08-17 18:30:00,0.03717943580066996,-0.0,0.005742463309568832,0.01064803804789713,0.002167879761861046,0.17081648550152292
2018-08-17 19:30:00,0.0,0.0,0.0,0.0,0.0,0.0
2018-08-17 20:30:00,0.0,0.0,0.0,0.0,0.0,0.0
2018-08-17 21:30:00,0.0,0.0,0.0,0.0,0.0,0.0
2018-08-17 22:30:00,0.0,0.0,0.0,0.0,0.0,0.0
2018-08-17 23:30:00,0.0,0.0,0.0,0.0,0.0,0.0
2018-08-18 00:30:00,0.0,0.0,0.0,0.0,0.0,0.0
2018-08-18 01:30:00,0.0,0.0,0.0,0.0,0.0,0.0
2018-08-18 02:30:00,0.0,0.0,0.0,0.0,0.0,0.0
2018-08-18 03:30:00,0.0,0.0,0.0,0.0,0.0,0.0
2018-08-18 04:30:00,0.0,0.0,0.0,0.0,0.0,0.0
2018-08-18 05:30:00,0.01795947648768446,0.057013617993047265,-0.0,0.03954330154478989,0.012929540383663734,-0.0
2018-08-18 06:30:00,0.4312891177250891,0.4636468403391836,0.013695165682209475,0.3958766423138003,0.45703225732019953,0.0015674983007183652
2018-08-18 07:30:00,0.6306968751785533,0.6429834069118885,0.00027721602050989207,0.2933237729375053,0.686134074853298,-0.0
2018-08-18 08:30:00,0.3641445933112869,0.7161688353083828,0.0637598834225794,0.1613104423166863,0.746268656716418,0.6501773708649738
2018-08-18 09:30:00,0.16353545189348154,0.19903692408875212,0.11324030807097284,0.2166171446144164,0.746268656716418,0.746268656716418
2018-08-18 10:30:00,0.10515849980068612,0.7045972324146537,0.506813686042688,0.48927061672028554,0.336892216285894,0.746268656716418
2018-08-18 11:30:00,0.025305507233117544,0.6895881121602133,0.5199266621194374,0.31937985708101296,0.7286187982881838,0.746268656716418
2018-08-18 12:30:00,0.5381350413803447,0.6850490130443946,0.6904814728423818,0.026568018399693867,0.728913151031797,0.4715735856290253
2018-08-18 13:30:00,0.5863056238807839,0.690735016920021,0.5122583715695141,0.05972666574284842,0.5090669649898625,0.746268656716418
2018-08-18 14:30:00,0.7242494952839797,0.31270167201604093,0.7035884333076341,0.1799716603903238,0.746268656716418,0.746268656716418
2018-08-18 15:30:00,0.7151922160637306,0.6581906954890807,0.5236471128781632,0.7013963161462585,0.22817899668621805,0.746268656716418
2018-08-18 16:30:00,0.647530991180665,0.5540960946426804,0.5193559907649691,0.622464537046821,0.6479714389357841,0.7135922136894133
2018-08-18 17:30:00,0.45997069444352445,0.14208682268893538,0.2369272533980443,0.12262411982384672,0.5447807680030791,0.5672524819323349
2018-08-18 18:30:00,0.05681536793075556,0.0008125512353144701,0.034314327870909565,0.05093448514639609,0.002176798833406501,0.04031460051013922
2018-08-18 19:30:00,0.0,0.0,0.0,0.0,0.0,0.0
2018-08-18 20:30:00,0.0,0.0,0.0,0.0,0.0,0.0
2018-08-18 21:30:00,0.0,0.0,0.0,0.0,0.0,0.0
2018-08-18 22:30:00,0.0,0.0,0.0,0.0,0.0,0.0
2018-08-18 23:30:00,0.0,0.0,0.0,0.0,0.0,0.0
2018-08-19 00:30:00,0.0,0.0,0.0,0.0,0.0,0.0
2018-08-19 01:30:00,0.0,0.0,0.0,0.0,0.0,0.0
2018-08-19 02:30:00,0.0,0.0,0.0,0.0,0.0,0.0
2018-08-19 03:30:00,0.0,0.0,0.0,0.0,0.0,0.0
2018-08-19 04:30:00,0.0,0.0,0.0,0.0,0.0,0.0
2018-08-19 05:30:00,0.005507055862057947,0.04336477142322187,0.0021773292832252566,0.0014629688144074454,0.0059127175040038045,-0.0
2018-08-19 06:30:00,0.30802028626303785,0.37907297321542327,0.3202500021814972,0.016709872918861654,0.3766168832587642,0.3327659253648792
2018-08-19 07:30:00,0.16909611346845846,0.5751454037346244,0.5624867381468003,0.07057554037958304,0.6184374094293339,0.6371291595093092
2018-08-19 08:30:00,0.0908812487169835,0.683639366427099,0.6660389443413006,0.15622376842949243,0.7090477922674392,0.7412055329202516
2018-08-19 09:30:00,0.20090499038244397,0.7144769134194573,0.3922131445413691,0.2637919941106892,0.7383537062694372,0.746268656716418
2018-08-19 10:30:00,0.25485850721704645,0.2914472749825891,0.27488482266154524,0.5930383173930655,0.7292481988658791,0.746268656716418
2018-08-19 11:30:00,0.7077876526972924,0.7146557088466815,0.34259915664798846,0.25429088144565287,0.725664957922255,0.746268656716418
2018-08-19 12:30:00,0.47769776342477094,0.716775658258992,0.5518182788087248,0.43326552454575396,0.4293038086793018,0.746268656716418
2018-08-19 13:30:00,0.7178095923104029,0.7285546717468937,0.38786152876456526,0.2936602720479589,0.485960734619448,0.746268656716418
2018-08-19 14:30:00,0.737607279281807,0.7376207081405098,0.19410190431868007,0.3750097466915609,0.746268656716418,0.746268656716418
2018-08-19 15:30:00,0.5553950414458673,0.41969754872803217,0.43458245384368144,0.7053133706550786,0.2262926631027027,0.746268656716418
2018-08-19 16:30:00,0.3766900043406984,0.581916073851326,0.17666772616105242,0.18972362934556758,0.6857116653303169,0.7377894330752973
2018-08-19 17:30:00,0.44495600964011167,0.32228232489960884,0.14053994512296503,0.3880711309587996,0.0708221436314432,0.6086756608113945
2018-08-19 18:30:00,0.04835370340369826,0.0037351715310294242,0.11148171566362908,0.04117450728490531,0.06415633906103585,0.15401554268322973
2018-08-19 19:30:00,0.0,0.0,0.0,0.0,0.0,0.0
2018-08-19 20:30:00,0.0,0.0,0.0,0.0,0.0,0.0
2018-08-19 21:30:00,0.0,0.0,0.0,0.0,0.0,0.0
2018-08-19 22:30:00,0.0,0.0,0.0,0.0,0.0,0.0
2018-08-19 23:30:00,0.0,0.0,0.0,0.0,0.0,0.0
2018-08-20 00:30:00,0.0,0.0,0.0,0.0,0.0,0.0
2018-08-20 01:30:00,0.0,0.0,0.0,0.0,0.0,0.0
2018-08-20 02:30:00,0.0,0.0,0.0,0.0,0.0,0.0
2018-08-20 03:30:00,0.0,0.0,0.0,0.0,0.0,0.0
2018-08-20 04:30:00,0.0,0.0,0.0,0.0,0.0,0.0
2018-08-20 05:30:00,0.007264072082018321,0.04559667668186708,-0.0,0.007207878943021371,0.006902155554527392,-0.0
2018-08-20 06:30:00,0.3461911942463578,0.4210226483819328,0.43360589897354895,0.3192482641927207,0.41246121926744134,0.37851168540670843
2018-08-20 07:30:00,0.5748565784927374,0.6289480193450057,0.6622332675314331,0.5313731232019555,0.6592599636513293,0.6613748366196659
2018-08-20 08:30:00,0.6850216809856603,0.7247078567862587,0.7164228381955959,0.6376327815348453,0.7372619307701002,0.7284876233538047
2018-08-20 09:30:00,0.7136945019142763,0.7442584733413949,0.7203718938445003,0.6831703093237501,0.7415100121103683,0.746268656716418
2018-08-20 10:30:00,0.7126409913113525,0.7266938091809554,0.7013873469044222,0.6906748640116935,0.7310529532265981,0.7349423305124487
2018-08-20 11:30:00,0.7038120547437444,0.7067783610446582,0.6826317650995983,0.6710095089631157,0.7240336335996952,0.7228950410964924
2018-08-20 12:30:00,0.7028801912450477,0.703228476273807,0.6737901983810106,0.6753206726452745,0.7248070648049516,0.7197280003493356
2018-08-20 13:30:00,0.7170065855753176,0.7088616273042816,0.5962107233719733,0.6914246127327853,0.7395807743353124,0.7265748771425063
2018-08-20 14:30:00,0.7204964701754807,0.7098098936968558,0.6824931898030004,0.6789671425872866,0.746268656716418,0.7367961639355934
2018-08-20 15:30:00,0.5066816203399593,0.6815707611933275,0.1468644792645341,0.6429219352413545,0.746268656716418,0.3430169544346076
2018-08-20 16:30:00,0.6013085615362185,0.37806887261166233,0.372147673156179,0.5442890295402054,0.6764934422656381,0.676637699425737
2018-08-20 17:30:00,0.12041185464315286,0.2361649325038851,0.3429411435713257,0.3479011143776156,0.48205883694062196,0.5335204504905509
2018-08-20 18:30:00,0.00681547978839037,0.0003614103555713247,0.01001422234996835,0.03273836703132002,0.05194036268160343,0.038288560181862705
2018-08-20 19:30:00,0.0,0.0,0.0,0.0,0.0,0.0
2018-08-20 20:30:00,0.0,0.0,0.0,0.0,0.0,0.0
2018-08-20 21:30:00,0.0,0.0,0.0,0.0,0.0,0.0
2018-08-20 22:30:00,0.0,0.0,0.0,0.0,0.0,0.0
2018-08-20 23:30:00,0.0,0.0,0.0,0.0,0.0,0.0
2018-08-21 00:30:00,0.0,0.0,0.0,0.0,0.0,0.0
2018-08-21 01:30:00,0.0,0.0,0.0,0.0,0.0,0.0
2018-08-21 02:30:00,0.0,0.0,0.0,0.0,0.0,0.0
2018-08-21 03:30:00,0.0,0.0,0.0,0.0,0.0,0.0
2018-08-21 04:30:00,0.0,0.0,0.0,0.0,0.0,0.0
2018-08-21 05:30:00,0.0017803871884195478,-0.0,-0.0,-0.0,-0.0,0.0
2018-08-21 06:30:00,0.04671306425215929,0.07272458891285515,0.010851970308038838,0.12213215342482577,0.05461680547010424,0.0657302450771733
2018-08-21 07:30:00,0.015335271009475317,0.14298950775366007,0.09695494038600738,0.37742450494086016,0.06735694180926922,0.2949931971763723
2018-08-21 08:30:00,0.08499808566671943,0.620366287888685,0.19363287113636166,0.4083700748317559,0.2776161976592414,0.7364441264786352
2018-08-21 09:30:00,0.22879543621082843,0.5179075733111574,0.465060621558891,0.2139105646634061,0.5878176332671391,0.5545374043167632
2018-08-21 10:30:00,0.6039394010684909,0.7149827849399244,0.2155866590514258,0.48427711937928414,0.49779865024604947,0.741655108526767
2018-08-21 11:30:00,0.30033138173803636,0.41164071971203997,0.264441882546182,0.591048773127556,0.6428639757053819,0.5014622172577411
2018-08-21 12:30:00,0.4998473928943558,0.3697010364501053,0.4340328389310117,0.4274118177588365,0.5909488244976525,0.02392527812724579
2018-08-21 13:30:00,0.11160655875170275,0.3394885139806419,0.03983933750964263,0.30389081312932864,0.3769041335915338,0.45969996534001906
2018-08-21 14:30:00,0.050528974565389476,0.34211374847938186,0.3325053847192373,0.1858433611961609,0.3899646180843098,0.11463261605581776
2018-08-21 15:30:00,0.007424721903621339,0.2647271109244606,0.12154556782255836,0.11105589963058125,0.03554920147630171,0.048967534530946856
2018-08-21 16:30:00,0.039795304654008996,0.045028422141349195,0.2031109761194427,0.07820451392689169,0.06609293451300213,0.02710111139828343
2018-08-21 17:30:00,0.03654185115930492,0.07094081738141648,0.025877257515806225,0.023166395170258473,0.03174897576377436,0.037177271632648785
2018-08-21 18:30:00,0.004068311430378223,-0.0,0.0028667157522160418,0.0031520593767816606,0.00010177562786647399,0.005473608187426209
2018-08-21 19:30:00,0.0,0.0,0.0,0.0,0.0,0.0
2018-08-21 20:30:00,0.0,0.0,0.0,0.0,0.0,0.0
2018-08-21 21:30:00,0.0,0.0,0.0,0.0,0.0,0.0
2018-08-21 22:30:00,0.0,0.0,0.0,0.0,0.0,0.0
2018-08-21 23:30:00,0.0,0.0,0.0,0.0,0.0,0.0
2018-08-22 00:30:00,0.0,0.0,0.0,0.0,0.0,0.0
2018-08-22 01:30:00,0.0,0.0,0.0,0.0,0.0,0.0
2018-08-22 02:30:00,0.0,0.0,0.0,0.0,0.0,0.0
2018-08-22 03:30:00,0.0,0.0,0.0,0.0,0.0,0.0
2018-08-22 04:30:00,0.0,0.0,0.0,0.0,0.0,0.0
2018-08-22 05:30:00,0.010962837744557473,-0.0,-0.0,-0.0,-0.0,0.0
2018-08-22 06:30:00,0.41916371044230494,0.0003140495954029066,0.009580982784619819,0.4095037461926617,0.054728201776497044,0.030308722629061535
2018-08-22 07:30:00,0.021057271457482915,0.07509419188880552,0.01860243126382522,0.05416898965885754,0.026170243525821937,0.6333912185949556
2018-08-22 08:30:00,0.05228042186583139,0.0558803331054078,0.4170563942279663,0.08632049727473542,0.34791343804405933,0.7363710180443658
2018-08-22 09:30:00,0.21949209415155718,0.04154404360985245,0.40050670795432614,0.1772284059274641,0.34527068754604257,0.2560286951809588
2018-08-22 10:30:00,0.24799298840285047,0.05311328090134736,0.5645102484177913,0.4136877877564637,0.7452278438088924,0.30718318589410204
2018-08-22 11:30:00,0.16733459860872205,0.10947949391258013,0.672964709589943,0.654643708573351,0.5857933064901303,0.41493345404396637
2018-08-22 12:30:00,0.6644487586134881,0.09608564498149524,0.2095058241106078,0.6483681732992228,0.5283206532478799,0.33284958683636773
2018-08-22 13:30:00,0.36558527549236974,0.09609404577385366,0.15807793844136575,0.657557248849143,0.050889765272174585,0.5668173900292653
2018-08-22 14:30:00,0.6931621636943103,0.12434580616521569,0.25088753834184363,0.6722306441110675,0.4323490771229541,0.11660259732771416
2018-08-22 15:30:00,0.49456624055284826,0.08584798592896546,0.0567883470540532,0.6672212670752609,0.2764229186504119,0.0501708661823996
2018-08-22 16:30:00,0.6062199770197674,0.5920480065322121,0.04247795425605539,0.37877220825594893,0.6673375490641746,0.6736488678235554
2018-08-22 17:30:00,0.023243039555848017,0.3344008354138523,0.05691781307526443,0.4345072551588902,0.04784307981411938,0.39278669521616427
2018-08-22 18:30:00,0.0028799211665928564,-0.0,0.013123260272357017,0.002234226701524256,0.0013133675907816647,0.11388603071899697
2018-08-22 19:30:00,0.0,0.0,0.0,0.0,0.0,0.0
2018-08-22 20:30:00,0.0,0.0,0.0,0.0,0.0,0.0
2018-08-22 21:30:00,0.0,0.0,0.0,0.0,0.0,0.0
2018-08-22 22:30:00,0.0,0.0,0.0,0.0,0.0,0.0
2018-08-22 23:30:00,0.0,0.0,0.0,0.0,0.0,0.0
2018-08-23 00:30:00,0.0,0.0,0.0,0.0,0.0,0.0
2018-08-23 01:30:00,0.0,0.0,0.0,0.0,0.0,0.0
2018-08-23 02:30:00,0.0,0.0,0.0,0.0,0.0,0.0
2018-08-23 03:30:00,0.0,0.0,0.0,0.0,0.0,0.0
2018-08-23 04:30:00,0.0,0.0,0.0,0.0,0.0,0.0
2018-08-23 05:30:00,0.01298489482223795,0.004915384894616281,-0.0,0.014676341693682909,-0.0,0.0
2018-08-23 06:30:00,0.44632338610699573,0.23976034939673924,0.026305227942720742,0.20681514897238917,0.13019871732842714,0.35520499334140837
2018-08-23 07:30:00,0.6758356888755594,0.3062858053385577,0.3915498742361737,0.24069822989384243,0.4327887610354158,0.6626561192426491
2018-08-23 08:30:00,0.7368024047508579,0.36767228524518253,0.7118389519754844,0.7096194989880523,0.4992509760038334,0.746268656716418
2018-08-23 09:30:00,0.3769897275481045,0.7272325088859712,0.7204058850518211,0.6011987866703766,0.45223183429294256,0.746268656716418
2018-08-23 10:30:00,0.7139152247557661,0.7078496351860842,0.7036180413916628,0.7020263957246933,0.6006343483991096,0.746268656716418
2018-08-23 11:30:00,0.6956772124180073,0.6916958219915993,0.6797363209560968,0.6883908000392065,0.746268656716418,0.7445012709677931
2018-08-23 12:30:00,0.6937732683987073,0.6884479951331417,0.6751617534790968,0.681516497173336,0.746268656716418,0.7401236612864067
2018-08-23 13:30:00,0.7045507651504472,0.6974653703576126,0.6834803016837031,0.6900873089168961,0.746268656716418,0.5752872204118671
2018-08-23 14:30:00,0.71887253384866,0.6977983661248718,0.6976002750050833,0.7019659252712568,0.746268656716418,0.49903928545918064
2018-08-23 15:30:00,0.7130763800555098,0.6793776014527295,0.7004935598555322,0.6709260128197838,0.6928802425680773,0.746268656716418
2018-08-23 16:30:00,0.6353419428351208,0.5884147544758532,0.6378962406420721,0.3670927059628385,0.5687874501535328,0.7230570948280184
2018-08-23 17:30:00,0.4199660439296605,0.3393530986758197,0.47394190394766966,0.19224109951334933,0.5073089838615757,0.5919936503744201
2018-08-23 18:30:00,0.014590742667068533,-0.0,0.01241172335142632,0.005443465235318432,0.0055681654044295,0.11277618290379375
2018-08-23 19:30:00,0.0,0.0,0.0,0.0,0.0,0.0
2018-08-23 20:30:00,0.0,0.0,0.0,0.0,0.0,0.0
2018-08-23 21:30:00,0.0,0.0,0.0,0.0,0.0,0.0
2018-08-23 22:30:00,0.0,0.0,0.0,0.0,0.0,0.0
2018-08-23 23:30:00,0.0,0.0,0.0,0.0,0.0,0.0
2018-08-24 00:30:00,0.0,0.0,0.0,0.0,0.0,0.0
2018-08-24 01:30:00,0.0,0.0,0.0,0.0,0.0,0.0
2018-08-24 02:30:00,0.0,0.0,0.0,0.0,0.0,0.0
2018-08-24 03:30:00,0.0,0.0,0.0,0.0,0.0,0.0
2018-08-24 04:30:00,0.0,0.0,0.0,0.0,0.0,0.0
2018-08-24 05:30:00,0.0027511178471608566,0.03280714416732102,-0.0,0.009620344050770568,-0.0,0.0
2018-08-24 06:30:00,0.3359297664920192,0.3834968935301747,0.3095447085286711,0.4120421889113905,0.4051516431089665,0.3221238150643998
2018-08-24 07:30:00,0.5873028842230066,0.5932566063583321,0.5593464591769598,0.649677543425977,0.6630902547853106,0.6330467385294238
2018-08-24 08:30:00,0.6787240846742052,0.6828086407208188,0.6459572475659094,0.7219472024919216,0.7373096785606775,0.724927711552143
2018-08-24 09:30:00,0.6954768414527811,0.7002344094002704,0.665583453425092,0.719551341788389,0.7313385413727055,0.7453525742601994
2018-08-24 10:30:00,0.6728146110758652,0.683861442267412,0.6588800100786103,0.694774982598119,0.7026558549598694,0.7350470997818184
2018-08-24 11:30:00,0.662625414782766,0.6742605510921069,0.6663205812597627,0.6675304906505396,0.6909324642607455,0.7237315896367275
2018-08-24 12:30:00,0.6587306343934655,0.6691830177640983,0.6609566617771919,0.6567250925874386,0.6947395828781355,0.5924681510203347
2018-08-24 13:30:00,0.6706987237243527,0.6723734754786488,0.6688051644815438,0.6596159273851977,0.7112455586144503,0.5991605300319908
2018-08-24 14:30:00,0.6889436177994978,0.6733592569817562,0.416442925946517,0.6769368210698699,0.726867163071532,0.4770068827896053
2018-08-24 15:30:00,0.6573517449682539,0.6542269214729491,0.04408343199278233,0.6492319161802881,0.72383861293741,0.6981076507074181
2018-08-24 16:30:00,0.35424859843200485,0.5629989984900707,0.4314158551306276,0.5299666143236622,0.6414380839159738,0.2993450979493918
2018-08-24 17:30:00,0.30463525518626866,0.30556621689178914,0.04875529373778817,0.2748475595856656,0.40106172277866214,0.3409933765077332
2018-08-24 18:30:00,0.0012995864997369813,-0.0,0.010139341294169482,0.0006869859683564957,0.008953705340387325,0.026224769909719736
2018-08-24 19:30:00,0.0,0.0,0.0,0.0,0.0,0.0
2018-08-24 20:30:00,0.0,0.0,0.0,0.0,0.0,0.0
2018-08-24 21:30:00,0.0,0.0,0.0,0.0,0.0,0.0
2018-08-24 22:30:00,0.0,0.0,0.0,0.0,0.0,0.0
2018-08-24 23:30:00,0.0,0.0,0.0,0.0,0.0,0.0
2018-08-25 00:30:00,0.0,0.0,0.0,0.0,0.0,0.0
2018-08-25 01:30:00,0.0,0.0,0.0,0.0,0.0,0.0
2018-08-25 02:30:00,0.0,0.0,0.0,0.0,0.0,0.0
2018-08-25 03:30:00,0.0,0.0,0.0,0.0,0.0,0.0
2018-08-25 04:30:00,0.0,0.0,0.0,0.0,0.0,0.0
2018-08-25 05:30:00,-0.0,0.002349107447813373,-0.0,-0.0,-0.0,0.0
2018-08-25 06:30:00,0.06786741089327485,0.3639382067421022,0.17023973497089398,0.09249728774242295,0.09176421637471308,0.11272145098140031
2018-08-25 07:30:00,0.4116513344907011,0.5858726280768791,0.4097314236654613,0.1504172637786301,0.09852697303999934,0.6606768179769021
2018-08-25 08:30:00,0.4764578820580744,0.6792086730955991,0.6976494124950658,0.23472184432565943,0.1364144187649045,0.7436027361269583
2018-08-25 09:30:00,0.5249197928267737,0.6918432722710135,0.7027756049602991,0.5693819008074283,0.2282057685141056,0.746268656716418
2018-08-25 10:30:00,0.6714971414078081,0.6796498435156044,0.45351342307591475,0.5196460533476195,0.17377624692451488,0.7449667169177528
2018-08-25 11:30:00,0.5470577734636105,0.6668310906519023,0.6707413892477461,0.575891572684281,0.08187319946505706,0.7297178428120937
2018-08-25 12:30:00,0.5518290385806861,0.6682233604190762,0.6637139532359468,0.6540809390676784,0.42366785410876723,0.7268606420101829
2018-08-25 13:30:00,0.45880273699522817,0.6801692500829587,0.6765660200618464,0.661729764593173,0.4299867854774966,0.6118870457079417
2018-08-25 14:30:00,0.6645681656180129,0.6851140767248912,0.19789763907980154,0.5286798137619011,0.4926601926597336,0.621449360966663
2018-08-25 15:30:00,0.40178349628320764,0.40613663013180296,0.2602060868158728,0.4485348869857776,0.32825988792084215,0.5147069348756447
2018-08-25 16:30:00,0.1940555437428939,0.23969110182072223,0.20778401154650064,0.21316426224049237,0.5387499251471857,0.32080823656408053
2018-08-25 17:30:00,0.03167508440587505,0.024965801283588756,0.07794696379824495,0.07369027356120733,0.0654075609776475,0.03301452585530571
2018-08-25 18:30:00,-0.0,-0.0,0.008308814735849556,0.00019622094367736522,-0.0,0.011507234824887384
2018-08-25 19:30:00,0.0,0.0,0.0,0.0,0.0,0.0
2018-08-25 20:30:00,0.0,0.0,0.0,0.0,0.0,0.0
2018-08-25 21:30:00,0.0,0.0,0.0,0.0,0.0,0.0
2018-08-25 22:30:00,0.0,0.0,0.0,0.0,0.0,0.0
2018-08-25 23:30:00,0.0,0.0,0.0,0.0,0.0,0.0
2018-08-26 00:30:00,0.0,0.0,0.0,0.0,0.0,0.0
2018-08-26 01:30:00,0.0,0.0,0.0,0.0,0.0,0.0
2018-08-26 02:30:00,0.0,0.0,0.0,0.0,0.0,0.0
2018-08-26 03:30:00,0.0,0.0,0.0,0.0,0.0,0.0
2018-08-26 04:30:00,0.0,0.0,0.0,0.0,0.0,0.0
2018-08-26 05:30:00,-0.0,0.01803104274045254,-0.0,-0.0,-0.0,0.0
2018-08-26 06:30:00,0.40706720988328654,0.4417566073673097,0.3892008833365029,0.4182841159782658,0.44907653017716526,0.33246760735665337
2018-08-26 07:30:00,0.6556071870639831,0.6332343316956258,0.6383281803747697,0.6499065775155414,0.7094880643352128,0.6583688224116333
2018-08-26 08:30:00,0.7131439466587699,0.7020137343044289,0.7021500004801655,0.7134141996472609,0.746268656716418,0.7438115218154209
2018-08-26 09:30:00,0.7124587697625161,0.7010789813873086,0.7087670505093024,0.7171795091793214,0.746268656716418,0.746268656716418
2018-08-26 10:30:00,0.6917035742107389,0.6859198762033067,0.6888832324733357,0.6958672404547209,0.746268656716418,0.7417746610069705
2018-08-26 11:30:00,0.6767496220084159,0.67173794628317,0.6724462049274326,0.6796156489181007,0.7251972779731483,0.7291899568012665
2018-08-26 12:30:00,0.5694159738406883,0.66278441490375,0.5380568457515109,0.6787144951534467,0.7208794537298306,0.4642678351834054
2018-08-26 13:30:00,0.05442608442469707,0.6635408610412302,0.5464147818887518,0.6916251342934936,0.7333596312912352,0.6279974686507525
2018-08-26 14:30:00,0.5870701928865255,0.665538436345931,0.5125836779162133,0.7080104442551733,0.300458371285557,0.45906437166681857
2018-08-26 15:30:00,0.014872632614586396,0.6541528602789728,0.5791338529684322,0.6969734863905824,0.07857233235272529,0.2201534041513859
2018-08-26 16:30:00,0.5317557733278103,0.16667089106050473,0.6505407100047838,0.3315864061942519,0.6838846274965718,0.07890257994909769
2018-08-26 17:30:00,0.42152623487634744,0.01658185229734085,0.15001727215552563,0.1333333386899698,0.1395388416474058,0.057338568846452956
2018-08-26 18:30:00,0.00026015758572296255,-0.0,0.005487037284792543,-0.0,0.012574272129248009,0.009476483277988754
2018-08-26 19:30:00,0.0,0.0,0.0,0.0,0.0,0.0
2018-08-26 20:30:00,0.0,0.0,0.0,0.0,0.0,0.0
2018-08-26 21:30:00,0.0,0.0,0.0,0.0,0.0,0.0
2018-08-26 22:30:00,0.0,0.0,0.0,0.0,0.0,0.0
2018-08-26 23:30:00,0.0,0.0,0.0,0.0,0.0,0.0
2018-08-27 00:30:00,0.0,0.0,0.0,0.0,0.0,0.0
2018-08-27 01:30:00,0.0,0.0,0.0,0.0,0.0,0.0
2018-08-27 02:30:00,0.0,0.0,0.0,0.0,0.0,0.0
2018-08-27 03:30:00,0.0,0.0,0.0,0.0,0.0,0.0
2018-08-27 04:30:00,0.0,0.0,0.0,0.0,0.0,0.0
2018-08-27 05:30:00,-0.0,0.025230098912041973,-0.0,-0.0,-0.0,0.0
2018-08-27 06:30:00,0.10685537230211847,0.5071595817020834,0.3524892612202575,0.15981362564095414,0.44958797901993813,0.33318818434149666
2018-08-27 07:30:00,0.663655945028304,0.7034352407082259,0.6202623979860246,0.09217384273427984,0.7248913479381405,0.6742103736854964
2018-08-27 08:30:00,0.7276265666593047,0.746268656716418,0.6966140371010076,0.7080160998975212,0.746268656716418,0.746268656716418
2018-08-27 09:30:00,0.7299861486979274,0.746268656716418,0.7085321738634156,0.7174243755340567,0.746268656716418,0.746268656716418
2018-08-27 10:30:00,0.7053300344600518,0.7235209131090795,0.690803253771137,0.6908361314449392,0.746268656716418,0.746268656716418
2018-08-27 11:30:00,0.688868133602015,0.7054654666264853,0.6752866450290828,0.6834977138262849,0.746268656716418,0.746268656716418
2018-08-27 12:30:00,0.682955435780347,0.7037420919520471,0.6709712467070408,0.678306127134768,0.7443805091442773,0.3786131624192002
2018-08-27 13:30:00,0.6941130519564486,0.71587159091697,0.5441924881350989,0.6885103008374589,0.746268656716418,0.5331747384469746
2018-08-27 14:30:00,0.7103606329470832,0.7228471080105039,0.7038492500863525,0.5037611145256481,0.746268656716418,0.5075609018075075
2018-08-27 15:30:00,0.4861411569217498,0.7033779686388473,0.7058349948658268,0.6926742076411081,0.746268656716418,0.4142953479146765
2018-08-27 16:30:00,0.27773178494214834,0.6203667995685366,0.6552449015486621,0.2222027361010888,0.7025127533132991,0.30234576983796024
2018-08-27 17:30:00,0.18791617361798227,0.33592201570272695,0.4879223154302128,0.1541695525665741,0.47153994002972666,0.13380453602243167
2018-08-27 18:30:00,-0.0,0.0,0.028561159824785978,-0.0,-0.0,0.011533072298952625
2018-08-27 19:30:00,0.0,0.0,0.0,0.0,0.0,0.0
2018-08-27 20:30:00,0.0,0.0,0.0,0.0,0.0,0.0
2018-08-27 21:30:00,0.0,0.0,0.0,0.0,0.0,0.0
2018-08-27 22:30:00,0.0,0.0,0.0,0.0,0.0,0.0
2018-08-27 23:30:00,0.0,0.0,0.0,0.0,0.0,0.0
2018-08-28 00:30:00,0.0,0.0,0.0,0.0,0.0,0.0
2018-08-28 01:30:00,0.0,0.0,0.0,0.0,0.0,0.0
2018-08-28 02:30:00,0.0,0.0,0.0,0.0,0.0,0.0
2018-08-28 03:30:00,0.0,0.0,0.0,0.0,0.0,0.0
2018-08-28 04:30:00,0.0,0.0,0.0,0.0,0.0,0.0
2018-08-28 05:30:00,-0.0,0.011559670699249085,-0.0,-0.0,-0.0,0.0
2018-08-28 06:30:00,0.3793397741181882,0.4264206762119491,0.35703250196180364,0.369553006660812,0.42355255031245,0.3246702271556703
2018-08-28 07:30:00,0.6287419957915656,0.6539507578638243,0.6220501910539775,0.622279880021973,0.6854673865576689,0.6645472042020626
2018-08-28 08:30:00,0.7086450279311672,0.726763806032741,0.6946081385864687,0.6986782433401315,0.746268656716418,0.746268656716418
2018-08-28 09:30:00,0.7131245057203688,0.7314286453261606,0.6968385419711682,0.7070198875979059,0.746268656716418,0.746268656716418
2018-08-28 10:30:00,0.6953054428532431,0.7058689219576408,0.6773359571323327,0.6866382434144574,0.746268656716418,0.746268656716418
2018-08-28 11:30:00,0.6818732909271702,0.6927972997625886,0.667935184346106,0.6738006779041812,0.7295423089510187,0.7424994427894345
2018-08-28 12:30:00,0.6787787263512919,0.6927306395443101,0.6166671689836534,0.6694006580168625,0.7267991122286916,0.7370280997510973
2018-08-28 13:30:00,0.6591715006344229,0.7053220693022575,0.6756659166442747,0.4729177672863617,0.7355879349292236,0.746268656716418
2018-08-28 14:30:00,0.7076027145135702,0.7218209599855763,0.5187145930936696,0.36225435778623927,0.746268656716418,0.746268656716418
2018-08-28 15:30:00,0.6841433137689232,0.5141300875394884,0.17965608962357982,0.5404429141334232,0.746268656716418,0.746268656716418
2018-08-28 16:30:00,0.5862357003247322,0.6150775366918264,0.4050840936422857,0.23725692920523078,0.6845451737583707,0.725470523240311
2018-08-28 17:30:00,0.3457603997311832,0.3117385114185055,0.11948809467661393,0.35301354096153026,0.16504325227330316,0.5629178528002424
2018-08-28 18:30:00,-0.0,0.0,0.003091097042427673,-0.0,-0.0,0.07315148553974406
2018-08-28 19:30:00,0.0,0.0,0.0,0.0,0.0,0.0
2018-08-28 20:30:00,0.0,0.0,0.0,0.0,0.0,0.0
2018-08-28 21:30:00,0.0,0.0,0.0,0.0,0.0,0.0
2018-08-28 22:30:00,0.0,0.0,0.0,0.0,0.0,0.0
2018-08-28 23:30:00,0.0,0.0,0.0,0.0,0.0,0.0
2018-08-29 00:30:00,0.0,0.0,0.0,0.0,0.0,0.0
2018-08-29 01:30:00,0.0,0.0,0.0,0.0,0.0,0.0
2018-08-29 02:30:00,0.0,0.0,0.0,0.0,0.0,0.0
2018-08-29 03:30:00,0.0,0.0,0.0,0.0,0.0,0.0
2018-08-29 04:30:00,0.0,0.0,0.0,0.0,0.0,0.0
2018-08-29 05:30:00,-0.0,0.009355281970774407,0.0,-0.0,-0.0,0.0
2018-08-29 06:30:00,0.4027227673434105,0.41551334538603396,0.37918033954197206,0.3956349600875708,0.40870028505037787,0.34723819274624496
2018-08-29 07:30:00,0.6583899312824585,0.6560618980384666,0.6513843315953216,0.6483525076485259,0.6805004488699213,0.6838999174682139
2018-08-29 08:30:00,0.711972405670808,0.7386114685384013,0.7134639736594656,0.7207778795952212,0.746268656716418,0.746268656716418
2018-08-29 09:30:00,0.709174842590241,0.742185831543415,0.7151195793640676,0.7118387599717614,0.746268656716418,0.746268656716418
2018-08-29 10:30:00,0.6854616304140667,0.7247639659467487,0.6932595736327005,0.684783185901576,0.7282437579168286,0.746268656716418
2018-08-29 11:30:00,0.6690441633140973,0.7097628184478498,0.6748768318732761,0.6652484619155818,0.7092581161717606,0.7391162531733464
2018-08-29 12:30:00,0.6653928865085873,0.7099307699231575,0.6707824403419881,0.6640819780947538,0.7067947046289668,0.7328123900344136
2018-08-29 13:30:00,0.680600909046297,0.7258274745463988,0.684422568742056,0.6809171853194078,0.7223478456017522,0.746268656716418
2018-08-29 14:30:00,0.6937917036338912,0.7409714888447456,0.706087236961394,0.6968090719461751,0.7345094523459749,0.746268656716418
2018-08-29 15:30:00,0.6875249991392586,0.7293748860870901,0.7113150770379153,0.6899094173442352,0.39088987351190485,0.746268656716418
2018-08-29 16:30:00,0.41176829665162756,0.6317133761194739,0.6646340388969256,0.4343719459888838,0.0040298790076905774,0.5578408585955504
2018-08-29 17:30:00,0.3882028886521581,0.31971445329136516,0.2786300892526536,0.15795683935111213,0.15820603457171803,0.3089576191890051
2018-08-29 18:30:00,-0.0,0.0,0.001991930262261226,-0.0,-0.0,0.00898272352462722
2018-08-29 19:30:00,0.0,0.0,0.0,0.0,0.0,0.0
2018-08-29 20:30:00,0.0,0.0,0.0,0.0,0.0,0.0
2018-08-29 21:30:00,0.0,0.0,0.0,0.0,0.0,0.0
2018-08-29 22:30:00,0.0,0.0,0.0,0.0,0.0,0.0
2018-08-29 23:30:00,0.0,0.0,0.0,0.0,0.0,0.0
2018-08-30 00:30:00,0.0,0.0,0.0,0.0,0.0,0.0
2018-08-30 01:30:00,0.0,0.0,0.0,0.0,0.0,0.0
2018-08-30 02:30:00,0.0,0.0,0.0,0.0,0.0,0.0
2018-08-30 03:30:00,0.0,0.0,0.0,0.0,0.0,0.0
2018-08-30 04:30:00,0.0,0.0,0.0,0.0,0.0,0.0
2018-08-30 05:30:00,-0.0,0.012205049643648052,0.0,-0.0,-0.0,0.0
2018-08-30 06:30:00,0.04910124054996098,0.13200385276799712,0.368239285520224,0.12483478445460018,0.1369630725716622,0.11544987483773907
2018-08-30 07:30:00,0.4872206210396927,0.6759902306314232,0.6416976044749433,0.41459306359186426,0.7121818584574574,0.6864907527872526
2018-08-30 08:30:00,0.7119995875952605,0.7292941617650075,0.704889682261405,0.7045762964606587,0.746268656716418,0.746268656716418
2018-08-30 09:30:00,0.5780013864408178,0.7257018346233046,0.7095222332232068,0.7022298648084387,0.746268656716418,0.746268656716418
2018-08-30 10:30:00,0.676794533700633,0.7002492003273327,0.687495218216639,0.5613074078081983,0.7429942597130929,0.746268656716418
2018-08-30 11:30:00,0.6656882434805663,0.6726148040390272,0.666575076079984,0.6451250967796006,0.7159122956284232,0.7311521329853601
2018-08-30 12:30:00,0.6694517511058087,0.40515346795380175,0.5879756190954987,0.6390574091982155,0.7131076140018073,0.7250400081985272
2018-08-30 13:30:00,0.687341943850892,0.6669898111769564,0.4844774048537695,0.6619303646932517,0.7284446938799468,0.27070484613594237
2018-08-30 14:30:00,0.373814003099681,0.7034896170456826,0.538186617830328,0.4598621868274226,0.746268656716418,0.18889596590533525
2018-08-30 15:30:00,0.12055515541204088,0.6972088897990879,0.36251960797099053,0.12953135599791796,0.7409319335088737,0.6207772287963902
2018-08-30 16:30:00,0.013965078170898999,0.6204342799181265,0.15594356118369387,0.11451719933675113,0.2575083532124222,0.518853241549915
2018-08-30 17:30:00,0.11285601155962591,0.10921124213564186,0.11152399789893583,0.07175302401217809,0.1537313043328566,0.27473757200514853
2018-08-30 18:30:00,-0.0,0.0,0.0013733109036895912,-0.0,-0.0,0.0037072362641083077
2018-08-30 19:30:00,0.0,0.0,0.0,0.0,0.0,0.0
2018-08-30 20:30:00,0.0,0.0,0.0,0.0,0.0,0.0
2018-08-30 21:30:00,0.0,0.0,0.0,0.0,0.0,0.0
2018-08-30 22:30:00,0.0,0.0,0.0,0.0,0.0,0.0
2018-08-30 23:30:00,0.0,0.0,0.0,0.0,0.0,0.0
2018-08-31 00:30:00,0.0,0.0,0.0,0.0,0.0,0.0
2018-08-31 01:30:00,0.0,0.0,0.0,0.0,0.0,0.0
2018-08-31 02:30:00,0.0,0.0,0.0,0.0,0.0,0.0
2018-08-31 03:30:00,0.0,0.0,0.0,0.0,0.0,0.0
2018-08-31 04:30:00,0.0,0.0,0.0,0.0,0.0,0.0
2018-08-31 05:30:00,-0.0,0.0002929504894388215,0.0,-0.0,0.0,0.0
2018-08-31 06:30:00,0.0737473216789141,0.06980166493057635,0.3637560498866036,0.11443872566170461,0.059727035494231404,0.09534545105561637
2018-08-31 07:30:00,0.050823638437645244,0.10554470748133965,0.6408415933272262,0.3117679466447451,0.21160765051681327,0.3539725596835078
2018-08-31 08:30:00,0.22103995053551662,0.4248991764683092,0.7021568844687692,0.4844655503645392,0.0699443846556764,0.40626516783865874
2018-08-31 09:30:00,0.45217931614757667,0.30886549599952934,0.7020239522312712,0.5744208626105911,0.3792473487301755,0.10520097746833362
2018-08-31 10:30:00,0.5743781427355502,0.5203873263411594,0.5873280296667117,0.6735232922139356,0.19824257384715743,0.5860270880257947
2018-08-31 11:30:00,0.5087892134892789,0.659296814147461,0.5926953215477508,0.6532976214239445,0.24097868755001237,0.4446462935098612
2018-08-31 12:30:00,0.5550182280342915,0.45598484361425745,0.5874153666114328,0.5689268515647733,0.19396318060928633,0.5734110334605287
2018-08-31 13:30:00,0.015445907906356639,0.512242296277389,0.1299153619739437,0.681273076431054,0.09165509598873486,0.5794629884691547
2018-08-31 14:30:00,0.08923421933157241,0.40648425239824915,0.5003681803275574,0.15664162967000597,0.039224515175370345,0.5714074391245367
2018-08-31 15:30:00,0.027120434509964035,0.2520033426155493,0.15564995856540587,0.052027897109255705,0.6363372684679652,0.04797846479060376
2018-08-31 16:30:00,0.14490654136625036,4.499651118952081e-05,0.30671426523457745,0.016269418008415942,0.655540373266863,0.581216040836645
2018-08-31 17:30:00,0.3727826844239994,0.040216468984515516,0.07161402994162461,0.09527467097379348,0.050701734485707924,0.5176539694800317
2018-08-31 18:30:00,-0.0,0.0,-0.0,-0.0,-0.0,0.001412824819249098
2018-08-31 19:30:00,0.0,0.0,0.0,0.0,0.0,0.0
2018-08-31 20:30:00,0.0,0.0,0.0,0.0,0.0,0.0
2018-08-31 21:30:00,0.0,0.0,0.0,0.0,0.0,0.0
2018-08-31 22:30:00,0.0,0.0,0.0,0.0,0.0,0.0
2018-08-31 23:30:00,0.0,0.0,0.0,0.0,0.0,0.0
2018-09-01 00:30:00,0.0,0.0,0.0,0.0,0.0,0.0
2018-09-01 01:30:00,0.0,0.0,0.0,0.0,0.0,0.0
2018-09-01 02:30:00,0.0,0.0,0.0,0.0,0.0,0.0
2018-09-01 03:30:00,0.0,0.0,0.0,0.0,0.0,0.0
2018-09-01 04:30:00,0.0,0.0,0.0,0.0,0.0,0.0
2018-09-01 05:30:00,-0.0,-0.0,0.0,-0.0,0.0,0.0
2018-09-01 06:30:00,0.057831578157298294,0.03222939250739461,0.055549644904068586,0.10371947372620381,0.06650194888509488,0.14177695699198953
2018-09-01 07:30:00,0.4708284203498088,0.03180909251512758,0.14330081299756314,0.42940926212526903,0.15899898533520707,0.6488469159433518
2018-09-01 08:30:00,0.4581940797320223,0.3229527558511396,0.3013736436029897,0.5406430363918594,0.2068618855775286,0.7364263990073072
2018-09-01 09:30:00,0.47515974375536635,0.522236510514625,0.33833424438828524,0.6962845690735605,0.23799591357487979,0.5320298646250334
2018-09-01 10:30:00,0.5003188649811113,0.5390824245270314,0.4662607048029952,0.6757680491327394,0.7243804937163635,0.7459728145832892
2018-09-01 11:30:00,0.568423304871586,0.47759445858639815,0.5015168171643757,0.547594534143052,0.5986393130136761,0.5753573227427387
2018-09-01 12:30:00,0.5868511611098505,0.4176049328399135,0.5048587460402281,0.6524739750767136,0.4985823401133935,0.71618262982512
2018-09-01 13:30:00,0.5753594948689948,0.4829149824976897,0.3386455866024009,0.3767844933786539,0.4443286115874835,0.31402675779970246
2018-09-01 14:30:00,0.03304058942158876,0.5385614085236617,0.4950190529636228,0.5228090486596662,0.41725970731656387,0.14500515735156852
2018-09-01 15:30:00,0.3223909900226294,0.5751283810603022,0.5926041320302491,0.4607913060658472,0.41836968137912245,0.25070288432967325
2018-09-01 16:30:00,0.5965313706187902,0.19039046838568732,0.5422839230276921,0.37812069224476336,0.6519922432047739,0.3058279459190466
2018-09-01 17:30:00,0.31609522142896984,0.09929579462084115,0.41646838022611,0.126367482252947,0.1545249453730571,0.01703895560931935
2018-09-01 18:30:00,-0.0,0.0,-0.0,-0.0,-0.0,0.0009076416234780432
2018-09-01 19:30:00,0.0,0.0,0.0,0.0,0.0,0.0
2018-09-01 20:30:00,0.0,0.0,0.0,0.0,0.0,0.0
2018-09-01 21:30:00,0.0,0.0,0.0,0.0,0.0,0.0
2018-09-01 22:30:00,0.0,0.0,0.0,0.0,0.0,0.0
2018-09-01 23:30:00,0.0,0.0,0.0,0.0,0.0,0.0
2018-09-02 00:30:00,0.0,0.0,0.0,0.0,0.0,0.0
2018-09-02 01:30:00,0.0,0.0,0.0,0.0,0.0,0.0
2018-09-02 02:30:00,0.0,0.0,0.0,0.0,0.0,0.0
2018-09-02 03:30:00,0.0,0.0,0.0,0.0,0.0,0.0
2018-09-02 04:30:00,0.0,0.0,0.0,0.0,0.0,0.0
2018-09-02 05:30:00,-0.0,-0.0,0.0,-0.0,0.0,0.0
2018-09-02 06:30:00,0.06519394519473103,0.11895448515119483,0.3404418904417874,0.33972092946685656,0.05461181767435217,0.11015167970481927
2018-09-02 07:30:00,0.6136367847040701,0.07632759573459305,0.6344222433299229,0.6222094373123368,0.34081706988714955,0.6528715402829416
2018-09-02 08:30:00,0.7031861357119644,0.20779989290505566,0.6958512526058477,0.5536063922553998,0.49186282005076,0.486694766885298
2018-09-02 09:30:00,0.7174793718042806,0.30068925217573034,0.6999993168165926,0.4457486674706062,0.016595040623504885,0.43620318136621034
2018-09-02 10:30:00,0.6921513620348556,0.6824979063803583,0.6738068375369052,0.5846922697971673,0.07418671579205403,0.443710400951173
2018-09-02 11:30:00,0.6806249461653688,0.66403331875464,0.3825148442860701,0.6007402016682208,0.49262749528798466,0.7023982689636741
2018-09-02 12:30:00,0.6752760387632194,0.5590026222693567,0.277300126868941,0.5740286664555801,0.5386190233604862,0.26293003545588134
2018-09-02 13:30:00,0.5750433712780122,0.6028204634455457,0.2920774468979661,0.5598680425554605,0.6175585069550796,0.48285005481743043
2018-09-02 14:30:00,0.5769133468769332,0.701198728416064,0.205362361551245,0.5572835262724108,0.6774156784176445,0.4543200522327696
2018-09-02 15:30:00,0.5501141668706483,0.678801964418273,0.10815568002778624,0.5277306953548909,0.6178144734570485,0.4080509354921651
2018-09-02 16:30:00,0.601427461052487,0.23277663205684468,0.6109041025710753,0.5995025040742185,0.564392616416059,0.06434075076300565
2018-09-02 17:30:00,0.16482075580663907,0.08708154072163013,0.14778925886967992,0.31063563261935395,0.02759151168963735,0.06049720327662066
2018-09-02 18:30:00,0.0,0.0,-0.0,0.0,0.0,0.0002744806742966973
2018-09-02 19:30:00,0.0,0.0,0.0,0.0,0.0,0.0
2018-09-02 20:30:00,0.0,0.0,0.0,0.0,0.0,0.0
2018-09-02 21:30:00,0.0,0.0,0.0,0.0,0.0,0.0
2018-09-02 22:30:00,0.0,0.0,0.0,0.0,0.0,0.0
2018-09-02 23:30:00,0.0,0.0,0.0,0.0,0.0,0.0
2018-09-03 00:30:00,0.0,0.0,0.0,0.0,0.0,0.0
2018-09-03 01:30:00,0.0,0.0,0.0,0.0,0.0,0.0
2018-09-03 02:30:00,0.0,0.0,0.0,0.0,0.0,0.0
2018-09-03 03:30:00,0.0,0.0,0.0,0.0,0.0,0.0
2018-09-03 04:30:00,0.0,0.0,0.0,0.0,0.0,0.0
2018-09-03 05:30:00,-0.0,-0.0,0.0,-0.0,0.0,0.0
2018-09-03 06:30:00,0.04729077949906897,0.1382500123542115,0.015841744433273703,0.07642103940370143,0.014587255430956013,0.2773907457774272
2018-09-03 07:30:00,0.00020166320668636882,0.6376909952796411,0.013622581876797218,0.21421958512181258,0.031358075771561834,0.40965580560825754
2018-09-03 08:30:00,0.25637168565038954,0.225793647455959,0.07630528320079447,0.048797508261142514,0.031653512544543426,0.40070160655176923
2018-09-03 09:30:00,0.2632863728765095,0.19563177821054026,0.25482679990611984,0.47777994635849963,0.15048781604457567,0.49825768816588384
2018-09-03 10:30:00,0.2788209860482803,0.022559330772522725,0.43042606827744784,0.6869207262779674,0.1353784225571095,0.32763684325864545
2018-09-03 11:30:00,0.43000005314003104,0.02119934726274129,0.5471509074890252,0.22656225832031587,0.2504228143450343,0.06336186141084307
2018-09-03 12:30:00,0.4501989435500199,0.042043559258894594,0.6520592739107535,0.5077990685253777,0.46818873443281245,0.17487132148822934
2018-09-03 13:30:00,0.1142205216184018,0.6892422767766176,0.6653038527063595,0.5472599781972822,0.5461586231700959,0.031276620691477575
2018-09-03 14:30:00,0.07922496245338521,0.7010860951843396,0.21734516667832648,0.4962652862873561,0.5840418265772981,0.15572983949479668
2018-09-03 15:30:00,0.34127712381918557,0.6853099329623507,0.6825467543191104,0.6973228402048843,0.4576900622065332,0.032781047846705415
2018-09-03 16:30:00,0.6202611113047463,0.49727702648567157,0.24348151609853286,0.6109579332342966,0.32038407956582027,0.3678999477148905
2018-09-03 17:30:00,0.10530397466412104,0.2515233184334321,0.02950182648402428,0.31432430591829563,0.02349690874778977,0.0253273945569205
2018-09-03 18:30:00,0.0,0.0,-0.0,0.0,0.0,-0.0
2018-09-03 19:30:00,0.0,0.0,0.0,0.0,0.0,0.0
2018-09-03 20:30:00,0.0,0.0,0.0,0.0,0.0,0.0
2018-09-03 21:30:00,0.0,0.0,0.0,0.0,0.0,0.0
2018-09-03 22:30:00,0.0,0.0,0.0,0.0,0.0,0.0
2018-09-03 23:30:00,0.0,0.0,0.0,0.0,0.0,0.0
2018-09-04 00:30:00,0.0,0.0,0.0,0.0,0.0,0.0
2018-09-04 01:30:00,0.0,0.0,0.0,0.0,0.0,0.0
2018-09-04 02:30:00,0.0,0.0,0.0,0.0,0.0,0.0
2018-09-04 03:30:00,0.0,0.0,0.0,0.0,0.0,0.0
2018-09-04 04:30:00,0.0,0.0,0.0,0.0,0.0,0.0
2018-09-04 05:30:00,0.0,-0.0,0.0,-0.0,0.0,0.0
2018-09-04 06:30:00,0.34617811185075115,0.11181651652266654,0.32114452758934287,0.05531642982995705,0.37363204164346925,0.2845382170462123
2018-09-04 07:30:00,0.2417470658435392,0.6175630509854655,0.6306773840529547,0.3728336537254237,0.6806157523813375,0.6487219304700308
2018-09-04 08:30:00,0.44278732707792323,0.6819885481149446,0.6941786675474522,0.5737441379123419,0.7378286234466847,0.7233961827711246
2018-09-04 09:30:00,0.7191387875332326,0.6772318388691962,0.702168072018114,0.3890300386005463,0.7423260687147831,0.7446195917778041
2018-09-04 10:30:00,0.5303295582416644,0.6597508478655133,0.6773494351333766,0.5526623944812525,0.7249407849333847,0.2494571819538912
2018-09-04 11:30:00,0.6810256817029307,0.5218457785587982,0.6575400723990943,0.6714132579475739,0.31541024470327494,0.19259443139247176
2018-09-04 12:30:00,0.6790435676013724,0.5256385148631728,0.6520897638752682,0.6697698017858545,0.40323116676690063,0.4175497319778391
2018-09-04 13:30:00,0.6952582142483064,0.5935723201550291,0.5409903152217989,0.5438627584424863,0.5083046417887955,0.43170022210250586
2018-09-04 14:30:00,0.7147528839968829,0.6945841662434641,0.6871232346452112,0.7059673680336942,0.731392579343621,0.4276934376089168
2018-09-04 15:30:00,0.7019128350334349,0.3722450711616006,0.6827974198851963,0.6993206215519931,0.6371346978279722,0.10047661151096224
2018-09-04 16:30:00,0.6197072234081135,0.07958388163261125,0.25843867526182174,0.6088823694535472,0.2468341567398669,0.09985689862594216
2018-09-04 17:30:00,0.13103533453639746,0.060738248248996894,0.08862313378531744,0.30134203867073606,0.04688738883440912,0.01831031966777128
2018-09-04 18:30:00,0.0,0.0,-0.0,0.0,0.0,-0.0
2018-09-04 19:30:00,0.0,0.0,0.0,0.0,0.0,0.0
2018-09-04 20:30:00,0.0,0.0,0.0,0.0,0.0,0.0
2018-09-04 21:30:00,0.0,0.0,0.0,0.0,0.0,0.0
2018-09-04 22:30:00,0.0,0.0,0.0,0.0,0.0,0.0
2018-09-04 23:30:00,0.0,0.0,0.0,0.0,0.0,0.0
2018-09-05 00:30:00,0.0,0.0,0.0,0.0,0.0,0.0
2018-09-05 01:30:00,0.0,0.0,0.0,0.0,0.0,0.0
2018-09-05 02:30:00,0.0,0.0,0.0,0.0,0.0,0.0
2018-09-05 03:30:00,0.0,0.0,0.0,0.0,0.0,0.0
2018-09-05 04:30:00,0.0,0.0,0.0,0.0,0.0,0.0
2018-09-05 05:30:00,0.0,-0.0,0.0,-0.0,0.0,0.0
2018-09-05 06:30:00,0.0622513614579234,0.3847148642609134,0.03796811921372724,0.011687401659985589,0.03415055450167069,0.022943534645840386
2018-09-05 07:30:00,0.36993803256470714,0.04026497600346667,0.08572559745260752,0.0026246776261782388,0.15514789617209604,-0.0
2018-09-05 08:30:00,0.6841662100847868,0.08053125148931581,0.6848019806961992,0.0958743473619471,0.4492768990164221,0.0032431969870445852
2018-09-05 09:30:00,0.7078624801446431,0.07025894224099093,0.6890547104449954,0.07289745863174327,0.3675487175188898,0.03501263558743514
2018-09-05 10:30:00,0.5664680090012452,0.17163318678209113,0.48398140914275134,0.06127318867092535,0.28754130543602674,0.046640557160596986
2018-09-05 11:30:00,0.680434650047644,0.13318474483902754,0.4935057306302025,0.18913544388187986,0.23345773855388235,0.07905059467818432
2018-09-05 12:30:00,0.6848037027927277,0.46049330091743895,0.5264073782423184,0.2600135373530007,0.713525081655153,0.2217510070861955
2018-09-05 13:30:00,0.0659856459876068,0.7121803913035812,0.15421023379057974,0.46590484999127973,0.0239395482885643,0.37547196154732465
2018-09-05 14:30:00,0.2912390737881602,0.7254843656113066,0.27461720686728486,0.4170000561603853,0.36599093469218924,0.21238433496254994
2018-09-05 15:30:00,0.06265349208714899,0.7023578352799187,0.20593364830378572,0.1836527332355271,0.25931020043773445,0.47229330324687147
2018-09-05 16:30:00,0.07056454123555427,0.6023740653837799,-0.0,0.37358961159730575,0.48796917027511616,0.68324905223207
2018-09-05 17:30:00,0.04024123598369003,0.24119814300184172,0.010794668956372246,0.0233902327374269,0.018759186334041455,0.14798618202299088
2018-09-05 18:30:00,0.0,0.0,-0.0,0.0,0.0,-0.0
2018-09-05 19:30:00,0.0,0.0,0.0,0.0,0.0,0.0
2018-09-05 20:30:00,0.0,0.0,0.0,0.0,0.0,0.0
2018-09-05 21:30:00,0.0,0.0,0.0,0.0,0.0,0.0
2018-09-05 22:30:00,0.0,0.0,0.0,0.0,0.0,0.0
2018-09-05 23:30:00,0.0,0.0,0.0,0.0,0.0,0.0
2018-09-06 00:30:00,0.0,0.0,0.0,0.0,0.0,0.0
2018-09-06 01:30:00,0.0,0.0,0.0,0.0,0.0,0.0
2018-09-06 02:30:00,0.0,0.0,0.0,0.0,0.0,0.0
2018-09-06 03:30:00,0.0,0.0,0.0,0.0,0.0,0.0
2018-09-06 04:30:00,0.0,0.0,0.0,0.0,0.0,0.0
2018-09-06 05:30:00,0.0,-0.0,0.0,0.0,0.0,0.0
2018-09-06 06:30:00,0.05662333654884559,0.03536699784437346,0.3130998273324671,0.06746593125009505,0.033889090416499394,0.27994672349404337
2018-09-06 07:30:00,0.2995358568911104,0.0002636797956866138,0.6321626294340257,0.02264152980352599,0.33072456933906585,0.06499775471333288
2018-09-06 08:30:00,0.33216084507680926,0.10409035287860421,0.08249843052072135,0.26393034550060784,0.7260758547312517,0.731162136498306
2018-09-06 09:30:00,0.43825859189428995,0.710524164452046,0.09197426055317472,0.41767797095640374,0.5302520089546141,0.45237561369173906
2018-09-06 10:30:00,0.4933639062427924,0.2798607010395292,0.14210895141606913,0.46889927278323573,0.556098740590847,0.7164891556287614
2018-09-06 11:30:00,0.5549735217022872,0.23742802882230338,0.5195651711960485,0.5741996184512439,0.567033812421348,0.6956119892261792
2018-09-06 12:30:00,0.588285941008954,0.38519239588708054,0.5100505208297142,0.5746432468841461,0.6926845842568746,0.16127232905767042
2018-09-06 13:30:00,0.6071483163599943,0.2726668706461078,0.4014551604418594,0.43852689590905064,0.1319890307608473,0.31658143321898913
2018-09-06 14:30:00,0.285822436966978,0.12321762156715996,0.45410950619972784,0.0880089734124208,0.17554363249807825,0.38779241099978595
2018-09-06 15:30:00,0.20129513482430458,0.11585073080488281,0.5015582906087737,0.008076088540026255,0.2871661689891066,0.0349946272657998
2018-09-06 16:30:00,0.12677601897900861,0.029276657217757913,0.0031869830695244196,0.614347976719918,0.14235883412876205,0.054822599964357774
2018-09-06 17:30:00,0.039152150185630445,0.23759832804238892,0.36684915898515535,0.2918642764228997,0.02713268735342499,0.04298373309598646
2018-09-06 18:30:00,0.0,0.0,0.0,0.0,0.0,-0.0
2018-09-06 19:30:00,0.0,0.0,0.0,0.0,0.0,0.0
2018-09-06 20:30:00,0.0,0.0,0.0,0.0,0.0,0.0
2018-09-06 21:30:00,0.0,0.0,0.0,0.0,0.0,0.0
2018-09-06 22:30:00,0.0,0.0,0.0,0.0,0.0,0.0
2018-09-06 23:30:00,0.0,0.0,0.0,0.0,0.0,0.0
2018-09-07 00:30:00,0.0,0.0,0.0,0.0,0.0,0.0
2018-09-07 01:30:00,0.0,0.0,0.0,0.0,0.0,0.0
2018-09-07 02:30:00,0.0,0.0,0.0,0.0,0.0,0.0
2018-09-07 03:30:00,0.0,0.0,0.0,0.0,0.0,0.0
2018-09-07 04:30:00,0.0,0.0,0.0,0.0,0.0,0.0
2018-09-07 05:30:00,0.0,-0.0,0.0,0.0,0.0,0.0
2018-09-07 06:30:00,0.3322865211210553,0.36740651539218994,0.3164144784290499,0.3450252077084429,0.336116860746191,0.2745892136833091
2018-09-07 07:30:00,0.07255812538197859,0.015795421004996285,0.6352285883389538,0.08283719936426245,0.6630472957672796,0.6489749742616859
2018-09-07 08:30:00,0.7141006967742424,0.07329487013623001,0.7011949630379037,0.26232425322980013,0.7361153874557476,0.7245805338484025
2018-09-07 09:30:00,0.7239481141823187,0.006954641462295251,0.7039968101759135,0.7030957749717529,0.746268656716418,0.7394916618766085
2018-09-07 10:30:00,0.7024189442298918,0.1749959651881498,0.6776641406457803,0.6795700796956052,0.7285215299206005,0.7201866015221696
2018-09-07 11:30:00,0.6839944403961447,0.19025717024740774,0.6573118643295424,0.6611411561569798,0.7124696801157221,0.699559210442429
2018-09-07 12:30:00,0.6854872612295174,0.24604034659677543,0.6510702516691603,0.665987574705574,0.19773138230804432,0.6971106177490546
2018-09-07 13:30:00,0.7052059453353499,0.38060927596119387,0.6671426396336861,0.6876368188715412,0.4353651969951594,0.7151906391761916
2018-09-07 14:30:00,0.7267298474695967,0.4052860458904749,0.6886145356348273,0.7129829171707922,0.746268656716418,0.7429060621973512
2018-09-07 15:30:00,0.7179452453185856,0.6805567945725851,0.6871640600486314,0.7044823997655429,0.746268656716418,0.746268656716418
2018-09-07 16:30:00,0.6396149651467342,0.577163392681304,0.4615216652548551,0.6250398877691481,0.671387819618847,0.6858781598367084
2018-09-07 17:30:00,0.29811657497905336,0.05546610199161707,0.12551195966319098,0.2817839477084684,0.32926316997871385,0.1624144510383648
2018-09-07 18:30:00,0.0,0.0,0.0,0.0,0.0,-0.0
2018-09-07 19:30:00,0.0,0.0,0.0,0.0,0.0,0.0
2018-09-07 20:30:00,0.0,0.0,0.0,0.0,0.0,0.0
2018-09-07 21:30:00,0.0,0.0,0.0,0.0,0.0,0.0
2018-09-07 22:30:00,0.0,0.0,0.0,0.0,0.0,0.0
2018-09-07 23:30:00,0.0,0.0,0.0,0.0,0.0,0.0
2018-09-08 00:30:00,0.0,0.0,0.0,0.0,0.0,0.0
2018-09-08 01:30:00,0.0,0.0,0.0,0.0,0.0,0.0
2018-09-08 02:30:00,0.0,0.0,0.0,0.0,0.0,0.0
2018-09-08 03:30:00,0.0,0.0,0.0,0.0,0.0,0.0
2018-09-08 04:30:00,0.0,0.0,0.0,0.0,0.0,0.0
2018-09-08 05:30:00,0.0,-0.0,0.0,0.0,0.0,0.0
2018-09-08 06:30:00,0.3423669010263483,0.3876709878676271,0.310184603654958,0.3343424341469769,0.3615184826806887,0.2718101402488342
2018-09-08 07:30:00,0.645351661271938,0.04863495655464683,0.6293582811834083,0.0899893227466745,0.6823506715084655,0.6570555754992202
2018-09-08 08:30:00,0.6984336618375041,0.06361889611494596,0.6899779131133266,0.13517887400365344,0.7418679491202542,0.7330252529358605
2018-09-08 09:30:00,0.7008034306787059,0.1677454089088966,0.6929038774915994,0.3700524633691587,0.7298626995816737,0.746268656716418
2018-09-08 10:30:00,0.6784320205902561,0.3414574141001448,0.6668799027229112,0.6764356823322365,0.7023415489574986,0.7221347341091643
2018-09-08 11:30:00,0.65898463481184,0.6751642571726378,0.5340865373982517,0.6565785849432055,0.6894346937016269,0.7010407831537051
2018-09-08 12:30:00,0.6607236473656887,0.6768186936923727,0.6435345670951406,0.6567311444634971,0.6913315776133063,0.5271319345973748
2018-09-08 13:30:00,0.677613581817175,0.6975763776884217,0.6595331658276822,0.6759318029329485,0.7126079109938693,0.5047412527869415
2018-09-08 14:30:00,0.6935508947442341,0.7201826610375728,0.5390605786790482,0.694824115053277,0.1234238454429197,0.7420358258613163
2018-09-08 15:30:00,0.6791002614531549,0.7022225876842798,0.45564387859166905,0.6793852577642735,0.07591693976376729,0.746268656716418
2018-09-08 16:30:00,0.5802303059072879,0.6136587961916935,0.1828583557533941,0.3903851917350235,0.11264634642962393,0.6846865250716955
2018-09-08 17:30:00,0.10274464942234689,0.21918687276271973,0.08105718899336226,0.05696986485135244,0.05293116352021778,0.42592682307072827
2018-09-08 18:30:00,0.0,0.0,0.0,0.0,0.0,-0.0
2018-09-08 19:30:00,0.0,0.0,0.0,0.0,0.0,0.0
2018-09-08 20:30:00,0.0,0.0,0.0,0.0,0.0,0.0
2018-09-08 21:30:00,0.0,0.0,0.0,0.0,0.0,0.0
2018-09-08 22:30:00,0.0,0.0,0.0,0.0,0.0,0.0
2018-09-08 23:30:00,0.0,0.0,0.0,0.0,0.0,0.0
2018-09-09 00:30:00,0.0,0.0,0.0,0.0,0.0,0.0
2018-09-09 01:30:00,0.0,0.0,0.0,0.0,0.0,0.0
2018-09-09 02:30:00,0.0,0.0,0.0,0.0,0.0,0.0
2018-09-09 03:30:00,0.0,0.0,0.0,0.0,0.0,0.0
2018-09-09 04:30:00,0.0,0.0,0.0,0.0,0.0,0.0
2018-09-09 05:30:00,0.0,-0.0,0.0,0.0,0.0,0.0
2018-09-09 06:30:00,0.06638265785161722,0.3835840518817068,0.2529122586911186,0.08615573964811463,0.01947923150655586,0.2510686661771277
2018-09-09 07:30:00,0.23783164188070588,0.05335132007324237,0.6222554955110902,0.6151555853165539,0.28245557003798677,0.6573245009183962
2018-09-09 08:30:00,0.7213417670357433,0.4675128912444421,0.6947943669376698,0.6911541986505969,0.7365859351683728,0.7317395111533501
2018-09-09 09:30:00,0.7095759141491716,0.207469529995485,0.6994162328654083,0.6876243169861709,0.33312416602384143,0.7321061426617292
2018-09-09 10:30:00,0.6803612897085806,0.4927441089880601,0.6716204861627026,0.6613496891127597,0.5511238388826462,0.2465438531903106
2018-09-09 11:30:00,0.667069131982376,0.4163118103649597,0.5168424740001015,0.6500653651303278,0.6916002130216287,0.6946043050878614
2018-09-09 12:30:00,0.6668982560853264,0.5526435942713526,0.4867670096312406,0.6417639229083096,0.6895852555050782,0.5428872860775871
2018-09-09 13:30:00,0.6815808860317611,0.675228801167707,0.06362044274300561,0.6569161487172647,0.7063526744689931,0.5147218374133692
2018-09-09 14:30:00,0.6405695951139843,0.7027314960313759,0.3156990928746175,0.6752354086381277,0.6090005416801346,0.3831770326314895
2018-09-09 15:30:00,0.2636384297526656,0.6892503360454646,0.3497299029601015,0.03352150580346995,0.4897957059598711,0.09279495093603572
2018-09-09 16:30:00,0.46099074064728846,0.6054807098332141,0.6226609136750494,0.39032515221456643,0.5404200284488805,0.6824045557974209
2018-09-09 17:30:00,0.25712507138137397,0.07874466107950244,0.33648786707850903,0.033173096078409146,0.2798315449933366,0.41256777421928514
2018-09-09 18:30:00,0.0,0.0,0.0,0.0,0.0,0.0
2018-09-09 19:30:00,0.0,0.0,0.0,0.0,0.0,0.0
2018-09-09 20:30:00,0.0,0.0,0.0,0.0,0.0,0.0
2018-09-09 21:30:00,0.0,0.0,0.0,0.0,0.0,0.0
2018-09-09 22:30:00,0.0,0.0,0.0,0.0,0.0,0.0
2018-09-09 23:30:00,0.0,0.0,0.0,0.0,0.0,0.0
2018-09-10 00:30:00,0.0,0.0,0.0,0.0,0.0,0.0
2018-09-10 01:30:00,0.0,0.0,0.0,0.0,0.0,0.0
2018-09-10 02:30:00,0.0,0.0,0.0,0.0,0.0,0.0
2018-09-10 03:30:00,0.0,0.0,0.0,0.0,0.0,0.0
2018-09-10 04:30:00,0.0,0.0,0.0,0.0,0.0,0.0
2018-09-10 05:30:00,0.0,-0.0,0.0,0.0,0.0,0.0
2018-09-10 06:30:00,0.3202197636544004,0.3743957907848128,0.13961874020049855,0.3165328041742018,0.34580064243331116,0.09854394899464473
2018-09-10 07:30:00,0.6252402645313293,0.6384010177053288,0.6467734030786627,0.6188878041296799,0.6717055973858391,0.6549036252200892
2018-09-10 08:30:00,0.4316755393692763,0.7014555931782193,0.7060584803369553,0.4103829819665114,0.7264238280418676,0.7360166059871661
2018-09-10 09:30:00,0.54284111056939,0.7029056675566278,0.47548232880590735,0.6641629306251166,0.7106935378085031,0.7406174614193031
2018-09-10 10:30:00,0.5636075811255278,0.6781544611217277,0.6758472127298878,0.5404421873437977,0.6796095335132482,0.7097779660323574
2018-09-10 11:30:00,0.6382663134191222,0.6611696665844875,0.6524993392611299,0.5080854619242418,0.665688979019317,0.6270514195216793
2018-09-10 12:30:00,0.6407070198706185,0.6646274822410047,0.6497876703059818,0.6191180658026383,0.6695965050851168,0.3708282467013154
2018-09-10 13:30:00,0.6623517010103992,0.6852423409157085,0.6679687250405391,0.6421712300939655,0.21585961401185375,0.09573639764419785
2018-09-10 14:30:00,0.6815691573916541,0.3961701561733228,0.4515455543969509,0.6660520388334132,0.715826245085628,0.16274071392022538
2018-09-10 15:30:00,0.6714416939819613,0.3052236222724327,0.5060985732750833,0.6606138004375305,0.7058393763558928,0.4282055711736563
2018-09-10 16:30:00,0.5754359832749535,0.5713819192816821,0.21123695482193416,0.5689207263789747,0.035383090673902544,0.4384368760905921
2018-09-10 17:30:00,0.09443884207405144,0.04457614860658483,0.13553678896955176,0.06847814421188679,0.03656866043660898,0.07726240967887298
2018-09-10 18:30:00,0.0,0.0,0.0,0.0,0.0,0.0
2018-09-10 19:30:00,0.0,0.0,0.0,0.0,0.0,0.0
2018-09-10 20:30:00,0.0,0.0,0.0,0.0,0.0,0.0
2018-09-10 21:30:00,0.0,0.0,0.0,0.0,0.0,0.0
2018-09-10 22:30:00,0.0,0.0,0.0,0.0,0.0,0.0
2018-09-10 23:30:00,0.0,0.0,0.0,0.0,0.0,0.0
2018-09-11 00:30:00,0.0,0.0,0.0,0.0,0.0,0.0
2018-09-11 01:30:00,0.0,0.0,0.0,0.0,0.0,0.0
2018-09-11 02:30:00,0.0,0.0,0.0,0.0,0.0,0.0
2018-09-11 03:30:00,0.0,0.0,0.0,0.0,0.0,0.0
2018-09-11 04:30:00,0.0,0.0,0.0,0.0,0.0,0.0
2018-09-11 05:30:00,0.0,-0.0,0.0,0.0,0.0,0.0
2018-09-11 06:30:00,0.3180200772135833,0.3728661835268003,0.27846682851441046,0.31600508878229233,0.3232762198780605,0.24812177600860413
2018-09-11 07:30:00,0.6334948592452738,0.6427615783448504,0.6152451873238716,0.6277295563223292,0.6708222758902068,0.651809566273904
2018-09-11 08:30:00,0.6928070760479811,0.703582687898137,0.6828749160297964,0.6875195763639124,0.7458769537560442,0.42908188383206325
2018-09-11 09:30:00,0.6853742698990566,0.700170176163321,0.6861238083817196,0.6816214200947299,0.7442609490527385,0.10829445011423385
2018-09-11 10:30:00,0.6499227901162444,0.6717337017737514,0.6605003390492181,0.6415272467538987,0.7139645218553187,0.7266993456706874
2018-09-11 11:30:00,0.3903370935491616,0.6573022052020003,0.6390216566883774,0.6135884728508185,0.3228766681151877,0.7019802037748644
2018-09-11 12:30:00,0.37910649233250093,0.6611924550782079,0.3600172794709682,0.6183170372698151,0.6878194907531568,0.6985592546238593
2018-09-11 13:30:00,0.2254697795336097,0.6825452091055719,0.6553365878058077,0.6415961377301547,0.7067680807688691,0.7153687923210028
2018-09-11 14:30:00,0.43195043701586233,0.7025854146630757,0.680914080283319,0.6595425419651572,0.2718159622473115,0.746268656716418
2018-09-11 15:30:00,0.097888658012883,0.47448819341504417,0.6798310234154004,0.00480527116894549,0.2579147203250242,0.746268656716418
2018-09-11 16:30:00,0.0044484377085649,0.5762354039808879,0.6184680334621626,0.547699305333286,0.1335342082260393,0.6837088186522867
2018-09-11 17:30:00,0.23112305090381743,0.04016901786618228,0.3150863209488189,0.05098287479812513,0.2611043834845029,0.3851117597459289
2018-09-11 18:30:00,0.0,0.0,0.0,0.0,0.0,0.0
2018-09-11 19:30:00,0.0,0.0,0.0,0.0,0.0,0.0
2018-09-11 20:30:00,0.0,0.0,0.0,0.0,0.0,0.0
2018-09-11 21:30:00,0.0,0.0,0.0,0.0,0.0,0.0
2018-09-11 22:30:00,0.0,0.0,0.0,0.0,0.0,0.0
2018-09-11 23:30:00,0.0,0.0,0.0,0.0,0.0,0.0
2018-09-12 00:30:00,0.0,0.0,0.0,0.0,0.0,0.0
2018-09-12 01:30:00,0.0,0.0,0.0,0.0,0.0,0.0
2018-09-12 02:30:00,0.0,0.0,0.0,0.0,0.0,0.0
2018-09-12 03:30:00,0.0,0.0,0.0,0.0,0.0,0.0
2018-09-12 04:30:00,0.0,0.0,0.0,0.0,0.0,0.0
2018-09-12 05:30:00,0.0,0.0,0.0,0.0,0.0,0.0
2018-09-12 06:30:00,0.3141531325874065,0.35420432443526856,0.2973961914734813,0.3123257516770007,0.349724308694919,0.25914582136397313
2018-09-12 07:30:00,0.6369994984020639,0.6280404112562453,0.6408962244549125,0.6226387273584394,0.6974336088873943,0.6861135550723857
2018-09-12 08:30:00,0.7079391354694128,0.690492539491327,0.7028120454232047,0.6819909493976017,0.746268656716418,0.746268656716418
2018-09-12 09:30:00,0.7064973498281505,0.6935663707063211,0.7028175732929935,0.6851789047260406,0.746268656716418,0.746268656716418
2018-09-12 10:30:00,0.674053019900327,0.6738722015850687,0.6732905720806256,0.6616573861507847,0.7326881128244175,0.746268656716418
2018-09-12 11:30:00,0.6531918291053093,0.6630740426840942,0.6494776404503754,0.6426250878295628,0.707567328135696,0.7276835079088778
2018-09-12 12:30:00,0.654762513336985,0.6730922706838195,0.6469006899477938,0.6477788527450626,0.7064091933211905,0.7227715719669713
2018-09-12 13:30:00,0.6764957521797602,0.6995024600609069,0.6663300902751151,0.6714725536344202,0.7313559093238777,0.7437509133195824
2018-09-12 14:30:00,0.7037813005461238,0.7265535166424105,0.6940592789939447,0.7003314462616894,0.746268656716418,0.746268656716418
2018-09-12 15:30:00,0.6922259420190051,0.703741936019212,0.6978199323271675,0.687265415206579,0.746268656716418,0.746268656716418
2018-09-12 16:30:00,0.6080983201146494,0.6016160197997087,0.6438138542029611,0.606378900974989,0.6755104975955382,0.7123886244191973
2018-09-12 17:30:00,0.24620389474685192,0.17980931550926998,0.32394605050304165,0.22830370628469662,0.28876996207382993,0.3950135133471921
2018-09-12 18:30:00,0.0,0.0,0.0,0.0,0.0,0.0
2018-09-12 19:30:00,0.0,0.0,0.0,0.0,0.0,0.0
2018-09-12 20:30:00,0.0,0.0,0.0,0.0,0.0,0.0
2018-09-12 21:30:00,0.0,0.0,0.0,0.0,0.0,0.0
2018-09-12 22:30:00,0.0,0.0,0.0,0.0,0.0,0.0
2018-09-12 23:30:00,0.0,0.0,0.0,0.0,0.0,0.0
2018-09-13 00:30:00,0.0,0.0,0.0,0.0,0.0,0.0
2018-09-13 01:30:00,0.0,0.0,0.0,0.0,0.0,0.0
2018-09-13 02:30:00,0.0,0.0,0.0,0.0,0.0,0.0
2018-09-13 03:30:00,0.0,0.0,0.0,0.0,0.0,0.0
2018-09-13 04:30:00,0.0,0.0,0.0,0.0,0.0,0.0
2018-09-13 05:30:00,0.0,0.0,0.0,0.0,0.0,0.0
2018-09-13 06:30:00,0.332706569001606,0.38828683164817696,0.29585656494558116,0.3100525082775619,0.34800352893035247,0.2585198881979655
2018-09-13 07:30:00,0.6659733476828569,0.6600911571612625,0.6490813621361103,0.6336864424523928,0.710555663911292,0.7005612393278999
2018-09-13 08:30:00,0.7247637451614336,0.7078411333865164,0.7115227889414683,0.6958095084452108,0.746268656716418,0.746268656716418
2018-09-13 09:30:00,0.716161764525109,0.7032720202930789,0.7097978568587515,0.6932309771778291,0.746268656716418,0.746268656716418
2018-09-13 10:30:00,0.6856129433631801,0.6832009624291513,0.6771496271927105,0.6663226304588393,0.7421315800523511,0.746268656716418
2018-09-13 11:30:00,0.6643470529596412,0.6684903073249227,0.6549139395015692,0.6488995278002238,0.7151581113116309,0.7327709241569964
2018-09-13 12:30:00,0.6664311592780281,0.6738742525624823,0.6493648862310512,0.6520783583092868,0.7132484908262331,0.7271471462423302
2018-09-13 13:30:00,0.6902739656217853,0.6994690553476564,0.6662557237572845,0.6764780899305711,0.7349037177506692,0.746268656716418
2018-09-13 14:30:00,0.7161159557294,0.7255710724423065,0.6956475865573939,0.7029163792708614,0.746268656716418,0.746268656716418
2018-09-13 15:30:00,0.7070989235621296,0.7045964032916062,0.691819665525798,0.6858681284185729,0.746268656716418,0.746268656716418
2018-09-13 16:30:00,0.6222519808881516,0.6047266739461191,0.631247896035957,0.6029180622780597,0.671891880012651,0.7089159318625867
2018-09-13 17:30:00,0.23802529668796946,0.17243591040286638,0.3079147887125378,0.21400240120104028,0.27726389970676324,0.38026266527511887
2018-09-13 18:30:00,0.0,0.0,0.0,0.0,0.0,0.0
2018-09-13 19:30:00,0.0,0.0,0.0,0.0,0.0,0.0
2018-09-13 20:30:00,0.0,0.0,0.0,0.0,0.0,0.0
2018-09-13 21:30:00,0.0,0.0,0.0,0.0,0.0,0.0
2018-09-13 22:30:00,0.0,0.0,0.0,0.0,0.0,0.0
2018-09-13 23:30:00,0.0,0.0,0.0,0.0,0.0,0.0
2018-09-14 00:30:00,0.0,0.0,0.0,0.0,0.0,0.0
2018-09-14 01:30:00,0.0,0.0,0.0,0.0,0.0,0.0
2018-09-14 02:30:00,0.0,0.0,0.0,0.0,0.0,0.0
2018-09-14 03:30:00,0.0,0.0,0.0,0.0,0.0,0.0
2018-09-14 04:30:00,0.0,0.0,0.0,0.0,0.0,0.0
2018-09-14 05:30:00,0.0,0.0,0.0,0.0,0.0,0.0
2018-09-14 06:30:00,0.31890211833334603,0.3698710725765906,0.29517327173880636,0.3266879827028151,0.34607077340100784,0.24754257284706324
2018-09-14 07:30:00,0.6503923636084653,0.6698981975442708,0.6506523715290534,0.6482644112038936,0.7079195751847038,0.6743422001215712
2018-09-14 08:30:00,0.7038329612527287,0.7209662931825699,0.7074892464978423,0.7068592395922637,0.746268656716418,0.746268656716418
2018-09-14 09:30:00,0.694073557397905,0.7005730508904892,0.7050138095135999,0.6945469250836398,0.7301132075222594,0.746268656716418
2018-09-14 10:30:00,0.6761766845598188,0.6648324580569311,0.6731516495664193,0.6609878811689494,0.693321376074997,0.7365168492941414
2018-09-14 11:30:00,0.6626784174250535,0.650377124253747,0.6490683260007779,0.647357817155102,0.6740781644726663,0.7091599006362842
2018-09-14 12:30:00,0.6682218160940053,0.6605916354591955,0.6427833087243257,0.6520037665078009,0.6803874836638193,0.7000105905868457
2018-09-14 13:30:00,0.6899079547975779,0.6866069767673764,0.6607947925693937,0.6810085135503233,0.7042252613799436,0.7215318714461071
2018-09-14 14:30:00,0.7196917028536758,0.7095504451567872,0.6869036755544079,0.7083676834373772,0.7348446835489527,0.746268656716418
2018-09-14 15:30:00,0.7050363525376206,0.6865984586753053,0.6866783367432162,0.6913479057398805,0.7328652992084062,0.746268656716418
2018-09-14 16:30:00,0.6181719746721233,0.5860474356889727,0.6324668786198241,0.5976076573484881,0.656855893120814,0.6917210593934843
2018-09-14 17:30:00,0.21476452786132375,0.15559031208019622,0.2911357976508797,0.2007433762600889,0.26299234716918635,0.36410664026152334
2018-09-14 18:30:00,0.0,0.0,0.0,0.0,0.0,0.0
2018-09-14 19:30:00,0.0,0.0,0.0,0.0,0.0,0.0
2018-09-14 20:30:00,0.0,0.0,0.0,0.0,0.0,0.0
2018-09-14 21:30:00,0.0,0.0,0.0,0.0,0.0,0.0
2018-09-14 22:30:00,0.0,0.0,0.0,0.0,0.0,0.0
2018-09-14 23:30:00,0.0,0.0,0.0,0.0,0.0,0.0
2018-09-15 00:30:00,0.0,0.0,0.0,0.0,0.0,0.0
2018-09-15 01:30:00,0.0,0.0,0.0,0.0,0.0,0.0
2018-09-15 02:30:00,0.0,0.0,0.0,0.0,0.0,0.0
2018-09-15 03:30:00,0.0,0.0,0.0,0.0,0.0,0.0
2018-09-15 04:30:00,0.0,0.0,0.0,0.0,0.0,0.0
2018-09-15 05:30:00,0.0,0.0,0.0,0.0,0.0,0.0
2018-09-15 06:30:00,0.29976039370969126,0.3600534010020069,0.27542921043466173,0.29360959824305916,0.32152233980566974,0.2446613477312096
2018-09-15 07:30:00,0.6385503695201581,0.6542606826914279,0.6352700574130814,0.6229888030739915,0.6873354490122218,0.6733431916117504
2018-09-15 08:30:00,0.694485745981491,0.7186945780216502,0.6914407172885328,0.6828255646458596,0.746268656716418,0.746268656716418
2018-09-15 09:30:00,0.6894852298732521,0.7142425462407647,0.6882447566183718,0.6853064470584985,0.731668466010847,0.746268656716418
2018-09-15 10:30:00,0.662379445733158,0.6811889446879661,0.6569795824852422,0.658743013402484,0.6897061341618098,0.720114726190572
2018-09-15 11:30:00,0.6464124679803526,0.6578318154828334,0.6341350650715627,0.6411265828170991,0.6646331532385729,0.6914940478804348
2018-09-15 12:30:00,0.6491314176096623,0.6579280666944689,0.6303538825766237,0.6416587377408537,0.664216750277858,0.6844901276159298
2018-09-15 13:30:00,0.6723010480114123,0.6789431056712696,0.6441234108268157,0.6674545869302546,0.6832694842914887,0.7048517359729206
2018-09-15 14:30:00,0.6982902378994955,0.6986123319222939,0.6750889930720362,0.6913829744305455,0.7126638457912196,0.7343185491134866
2018-09-15 15:30:00,0.6837223755954517,0.6775534118351391,0.6656843997993578,0.6735251898621395,0.7127945424902034,0.7355744856290013
2018-09-15 16:30:00,0.5936594023625513,0.5614042492654169,0.600186074950634,0.580061883160693,0.6354511861391879,0.6645015249594255
2018-09-15 17:30:00,0.19238339524810305,0.14112158205241265,0.26106220218270565,0.1870737749806308,0.23903000501016997,0.3274149751910339
2018-09-15 18:30:00,0.0,0.0,0.0,0.0,0.0,0.0
2018-09-15 19:30:00,0.0,0.0,0.0,0.0,0.0,0.0
2018-09-15 20:30:00,0.0,0.0,0.0,0.0,0.0,0.0
2018-09-15 21:30:00,0.0,0.0,0.0,0.0,0.0,0.0
2018-09-15 22:30:00,0.0,0.0,0.0,0.0,0.0,0.0
2018-09-15 23:30:00,0.0,0.0,0.0,0.0,0.0,0.0
2018-09-16 00:30:00,0.0,0.0,0.0,0.0,0.0,0.0
2018-09-16 01:30:00,0.0,0.0,0.0,0.0,0.0,0.0
2018-09-16 02:30:00,0.0,0.0,0.0,0.0,0.0,0.0
2018-09-16 03:30:00,0.0,0.0,0.0,0.0,0.0,0.0
2018-09-16 04:30:00,0.0,0.0,0.0,0.0,0.0,0.0
2018-09-16 05:30:00,0.0,0.0,0.0,0.0,0.0,0.0
2018-09-16 06:30:00,0.28544607561713475,0.34124449447137956,0.2500059281537134,0.2777633441077968,0.3053480389900911,0.06023759640669053
2018-09-16 07:30:00,0.6191245331714229,0.6331336567795984,0.6070976580760091,0.6059931614507243,0.6663053328557447,0.6065940487430987
2018-09-16 08:30:00,0.6778303511990726,0.676342667969478,0.6679449917675171,0.6623007546541066,0.7335328444894279,0.7069283352280998
2018-09-16 09:30:00,0.6719046696813137,0.6665292380429358,0.6708528224101028,0.6567209212643633,0.727416278533907,0.7285137085301081
2018-09-16 10:30:00,0.6385790545521097,0.6450923991980864,0.6441840131435188,0.6177682426176393,0.6916093339952657,0.7063764392806786
2018-09-16 11:30:00,0.6165654833876248,0.631285488643849,0.6251443696622846,0.5973047497069511,0.6614621016069966,0.6856101769182019
2018-09-16 12:30:00,0.622722610192405,0.639333584513609,0.62371963233445,0.6038576492622927,0.635503651593023,0.6816073169797415
2018-09-16 13:30:00,0.6468106353059349,0.6648043641387369,0.6432703297335728,0.6324364211419542,0.6661007962182794,0.7021169437272315
2018-09-16 14:30:00,0.6731951500583748,0.6861870545644417,0.6714507513822762,0.6589437093820879,0.4338012795031,0.7329736817326002
2018-09-16 15:30:00,0.6604751403273222,0.6613226398069546,0.3534840800045187,0.6461862842954835,0.12075278615595811,0.7353567367877725
2018-09-16 16:30:00,0.5582434590518144,0.5552168237396795,0.6092984216741966,0.5381069474590712,0.1587838384241019,0.6654117690318353
2018-09-16 17:30:00,0.1743026653544256,0.13130516091616004,0.2564869385378823,0.15880805204252918,0.20594974577080663,0.3194975319285578
2018-09-16 18:30:00,0.0,0.0,0.0,0.0,0.0,0.0
2018-09-16 19:30:00,0.0,0.0,0.0,0.0,0.0,0.0
2018-09-16 20:30:00,0.0,0.0,0.0,0.0,0.0,0.0
2018-09-16 21:30:00,0.0,0.0,0.0,0.0,0.0,0.0
2018-09-16 22:30:00,0.0,0.0,0.0,0.0,0.0,0.0
2018-09-16 23:30:00,0.0,0.0,0.0,0.0,0.0,0.0
2018-09-17 00:30:00,0.0,0.0,0.0,0.0,0.0,0.0
2018-09-17 01:30:00,0.0,0.0,0.0,0.0,0.0,0.0
2018-09-17 02:30:00,0.0,0.0,0.0,0.0,0.0,0.0
2018-09-17 03:30:00,0.0,0.0,0.0,0.0,0.0,0.0
2018-09-17 04:30:00,0.0,0.0,0.0,0.0,0.0,0.0
2018-09-17 05:30:00,0.0,0.0,0.0,0.0,0.0,0.0
2018-09-17 06:30:00,0.27616426589047577,0.14837461797542761,0.23717925855196462,0.25798576896737935,0.2967790058211441,0.19867691963751308
2018-09-17 07:30:00,0.6102739213120743,0.6038467908560754,0.5976230543425685,0.5832478362325687,0.6607541810861133,0.6108129757943506
2018-09-17 08:30:00,0.670760897213425,0.6594838756442899,0.6619314380361828,0.6514368413884295,0.7265651849639044,0.6988930592937362
2018-09-17 09:30:00,0.6672027705973289,0.6513413098203966,0.6663668738309222,0.6469019742989031,0.7182903696229147,0.7119540694769088
2018-09-17 10:30:00,0.6349901585586303,0.6236236405922823,0.6400104466875622,0.612698040442504,0.6815355420431621,0.6866421770882034
2018-09-17 11:30:00,0.6153010288517036,0.6056617080447321,0.6192531302171239,0.6023000204853722,0.6523146736702015,0.6638377195641799
2018-09-17 12:30:00,0.6142665938220708,0.6142687465759391,0.533153976174588,0.6014518223091181,0.646184800124665,0.6612555749532804
2018-09-17 13:30:00,0.5361222361798026,0.6397375430287066,0.6381754042136657,0.6159919264008094,0.6615420795217374,0.6828427763827832
2018-09-17 14:30:00,0.3915058429267814,0.6602497284253265,0.6644884050255362,0.6297048660793119,0.26716676506148423,0.7102555504365056
2018-09-17 15:30:00,0.056852800634748644,0.6390965474528164,0.6599372399653157,0.3461860968032261,0.6813179438148942,0.24169516695476181
2018-09-17 16:30:00,0.03015913858033011,0.5209076189107101,0.5931397556162846,0.289544197621881,0.5982393008606873,0.2964989831776829
2018-09-17 17:30:00,0.02851145625643629,0.10880535217040972,0.2372977058878669,0.04220816352052327,0.19671136269258666,0.29682030596007963
2018-09-17 18:30:00,0.0,0.0,0.0,0.0,0.0,0.0
2018-09-17 19:30:00,0.0,0.0,0.0,0.0,0.0,0.0
2018-09-17 20:30:00,0.0,0.0,0.0,0.0,0.0,0.0
2018-09-17 21:30:00,0.0,0.0,0.0,0.0,0.0,0.0
2018-09-17 22:30:00,0.0,0.0,0.0,0.0,0.0,0.0
2018-09-17 23:30:00,0.0,0.0,0.0,0.0,0.0,0.0
2018-09-18 00:30:00,0.0,0.0,0.0,0.0,0.0,0.0
2018-09-18 01:30:00,0.0,0.0,0.0,0.0,0.0,0.0
2018-09-18 02:30:00,0.0,0.0,0.0,0.0,0.0,0.0
2018-09-18 03:30:00,0.0,0.0,0.0,0.0,0.0,0.0
2018-09-18 04:30:00,0.0,0.0,0.0,0.0,0.0,0.0
2018-09-18 05:30:00,0.0,0.0,0.0,0.0,0.0,0.0
2018-09-18 06:30:00,0.2647463001215542,0.3167889299799767,0.2423867315030842,0.2613213826787641,0.2910238374155421,0.19621668254667168
2018-09-18 07:30:00,0.6147305297786687,0.6236315189805267,0.6105493135957875,0.600928439915282,0.6630040166983647,0.6177532301517115
2018-09-18 08:30:00,0.67502491751655,0.6830593502684,0.675702096574982,0.6716147990302849,0.7357816886462433,0.7087054639016859
2018-09-18 09:30:00,0.6647243240495724,0.6690999900339759,0.6757092879002988,0.66810294962064,0.7296604014779537,0.7258197846949864
2018-09-18 10:30:00,0.6327430813181821,0.6315995153164726,0.6422405638370894,0.6368956616924245,0.693617496236196,0.6993894727707969
2018-09-18 11:30:00,0.6180760187686906,0.6061200065987492,0.45977809772218026,0.6138127556333424,0.6681906147974063,0.6777191680273125
2018-09-18 12:30:00,0.6210942727307526,0.6110650132510698,0.617218300696865,0.6175410783882097,0.6674427817335202,0.673566981267025
2018-09-18 13:30:00,0.6442278748974435,0.634313352836852,0.6374141459919263,0.6419897191651033,0.6860082573198097,0.6951144308805219
2018-09-18 14:30:00,0.5070615811503854,0.6569699239910471,0.35936399920303663,0.6633191736222235,0.7115906732512466,0.7299709741230489
2018-09-18 15:30:00,0.28438973736562634,0.6368609964267684,0.6586650620180385,0.6410302111447246,0.6947721712878828,0.7319379263066377
2018-09-18 16:30:00,0.08869429898469662,0.532862835796037,0.5895084370396423,0.5307203287506143,0.600421032634314,0.6522000641565533
2018-09-18 17:30:00,0.06074193304382783,0.10251736322253445,0.2279957319754124,0.1390901623696244,0.18490125379564273,0.28892007958265414
2018-09-18 18:30:00,0.0,0.0,0.0,0.0,0.0,0.0
2018-09-18 19:30:00,0.0,0.0,0.0,0.0,0.0,0.0
2018-09-18 20:30:00,0.0,0.0,0.0,0.0,0.0,0.0
2018-09-18 21:30:00,0.0,0.0,0.0,0.0,0.0,0.0
2018-09-18 22:30:00,0.0,0.0,0.0,0.0,0.0,0.0
2018-09-18 23:30:00,0.0,0.0,0.0,0.0,0.0,0.0
2018-09-19 00:30:00,0.0,0.0,0.0,0.0,0.0,0.0
2018-09-19 01:30:00,0.0,0.0,0.0,0.0,0.0,0.0
2018-09-19 02:30:00,0.0,0.0,0.0,0.0,0.0,0.0
2018-09-19 03:30:00,0.0,0.0,0.0,0.0,0.0,0.0
2018-09-19 04:30:00,0.0,0.0,0.0,0.0,0.0,0.0
2018-09-19 05:30:00,0.0,0.0,0.0,0.0,0.0,0.0
2018-09-19 06:30:00,0.03904468570800186,0.110016903436028,0.036074317077178036,0.25723253483467745,0.2748401449841341,0.196176806944971
2018-09-19 07:30:00,0.5920547384014373,0.602714143524762,0.28090642733618904,0.24787570432956701,0.6551781605578598,0.6265289057105735
2018-09-19 08:30:00,0.6611711604620785,0.6574445167189638,0.43419189996857127,0.4229897762801896,0.5152836073279542,0.09304991859894725
2018-09-19 09:30:00,0.6619684435110674,0.6583155349203795,0.35293938712463147,0.469916751180751,0.7171618963333342,0.21257035142158917
2018-09-19 10:30:00,0.6439801138927371,0.6282786709406658,0.3676593608035855,0.6405234555341353,0.6795704204189091,0.11121601478746872
2018-09-19 11:30:00,0.5029977465387276,0.6034776064615275,0.1653927627737975,0.6195894753995995,0.6550112424539026,0.07649793698196396
2018-09-19 12:30:00,0.629658734555287,0.4637788601998101,0.08971957299545587,0.49649194887460574,0.5796890888157092,0.13599458151961444
2018-09-19 13:30:00,0.5756136639948437,0.6177634415489535,0.08738921750324381,0.5044822190896494,0.38913928273775344,0.15629589643029007
2018-09-19 14:30:00,0.6668156281238836,0.5513911803481335,0.03126265668748007,0.334551412885444,0.10331393612991008,0.2270387171467358
2018-09-19 15:30:00,0.06359151604607126,0.6190765832270809,0.017814090269524005,0.6325027989061114,0.19525462238779984,0.3284821257238198
2018-09-19 16:30:00,0.09464122882157135,0.49983206376710104,0.024660869268654247,0.4984298460164639,0.5471616146313301,0.21131530422802186
2018-09-19 17:30:00,0.009385342389241722,0.0788049529658957,0.009752873531808046,0.013545931509806418,0.013002840909375516,0.007644116553720438
2018-09-19 18:30:00,0.0,0.0,0.0,0.0,0.0,0.0
2018-09-19 19:30:00,0.0,0.0,0.0,0.0,0.0,0.0
2018-09-19 20:30:00,0.0,0.0,0.0,0.0,0.0,0.0
2018-09-19 21:30:00,0.0,0.0,0.0,0.0,0.0,0.0
2018-09-19 22:30:00,0.0,0.0,0.0,0.0,0.0,0.0
2018-09-19 23:30:00,0.0,0.0,0.0,0.0,0.0,0.0
2018-09-20 00:30:00,0.0,0.0,0.0,0.0,0.0,0.0
2018-09-20 01:30:00,0.0,0.0,0.0,0.0,0.0,0.0
2018-09-20 02:30:00,0.0,0.0,0.0,0.0,0.0,0.0
2018-09-20 03:30:00,0.0,0.0,0.0,0.0,0.0,0.0
2018-09-20 04:30:00,0.0,0.0,0.0,0.0,0.0,0.0
2018-09-20 05:30:00,0.0,0.0,0.0,0.0,0.0,0.0
2018-09-20 06:30:00,0.015317937377804158,0.05929342391941416,0.04480439269666062,0.014995658501895947,0.008765530483264287,0.1827445141669958
2018-09-20 07:30:00,0.14793742779982522,0.03676832369919942,0.3354200928295788,0.07650862462322032,0.023131131122227724,0.6487236081092173
2018-09-20 08:30:00,0.23934393577577345,0.047863313310482616,0.36724384118802617,0.1346628563559781,0.05722193456765462,0.7433439319635292
2018-09-20 09:30:00,0.43551280260950714,0.1036250858094201,0.691262394357599,0.3422361667551878,0.47642204671519045,0.746268656716418
2018-09-20 10:30:00,0.49097301461684006,0.10418006935177504,0.3072317622064179,0.5557956333880127,0.5723544819663933,0.3654404991482058
2018-09-20 11:30:00,0.6432823998440925,0.04037270760436659,0.2588304825512822,0.5152424903324939,0.5637410773925953,0.4490844607728161
2018-09-20 12:30:00,0.6445341876905498,0.27433834941019086,0.6383905570064285,0.6338613120293314,0.6867308292397648,0.7003280322214677
2018-09-20 13:30:00,0.6683349742664715,0.47448077079482515,0.6599910808001158,0.6562192645550707,0.7083232294684516,0.7225368459585542
2018-09-20 14:30:00,0.7009071421044966,0.5453847173409975,0.6949002012915361,0.6934557335109495,0.737442305988043,0.746268656716418
2018-09-20 15:30:00,0.6824695684782174,0.3283569002735119,0.6963345794374254,0.6684351669945255,0.6494609912676238,0.746268656716418
2018-09-20 16:30:00,0.5804143386424853,0.07128038127151817,0.625967526036505,0.5586156707786678,0.6224140809892676,0.6845031245247444
2018-09-20 17:30:00,0.13805620707044175,0.016930103680569734,0.22572519463766286,0.1320152563680914,0.179104603503219,0.28532248747751743
2018-09-20 18:30:00,0.0,0.0,0.0,0.0,0.0,0.0
2018-09-20 19:30:00,0.0,0.0,0.0,0.0,0.0,0.0
2018-09-20 20:30:00,0.0,0.0,0.0,0.0,0.0,0.0
2018-09-20 21:30:00,0.0,0.0,0.0,0.0,0.0,0.0
2018-09-20 22:30:00,0.0,0.0,0.0,0.0,0.0,0.0
2018-09-20 23:30:00,0.0,0.0,0.0,0.0,0.0,0.0
2018-09-21 00:30:00,0.0,0.0,0.0,0.0,0.0,0.0
2018-09-21 01:30:00,0.0,0.0,0.0,0.0,0.0,0.0
2018-09-21 02:30:00,0.0,0.0,0.0,0.0,0.0,0.0
2018-09-21 03:30:00,0.0,0.0,0.0,0.0,0.0,0.0
2018-09-21 04:30:00,0.0,0.0,0.0,0.0,0.0,0.0
2018-09-21 05:30:00,0.0,0.0,0.0,0.0,0.0,0.0
2018-09-21 06:30:00,0.24222568388140472,0.2983075113652977,0.23394910347533202,0.24561255949934305,0.23563636106122302,0.19561714539367692
2018-09-21 07:30:00,0.614052993833169,0.630874576696865,0.6339347218755913,0.6141291786694223,0.6316917672818401,0.6663834149643414
2018-09-21 08:30:00,0.7081255059098777,0.7105637020873257,0.6942107515019726,0.7031276301643321,0.7290361265370957,0.7451021950457906
2018-09-21 09:30:00,0.7090721521428621,0.7017703999350351,0.6894820354408471,0.7021392744805518,0.732070224576445,0.7404973532312157
2018-09-21 10:30:00,0.6763354963590873,0.6719750689751335,0.6559960708720133,0.6727679588893389,0.702728960498591,0.7100789286609669
2018-09-21 11:30:00,0.6535955139674242,0.6575403015589493,0.6335497804268813,0.6511829529521569,0.6797450481106978,0.6890314669297936
2018-09-21 12:30:00,0.6511271739614823,0.6660113640856798,0.6321586962648822,0.6519306277446179,0.6760033188415574,0.6893821941513679
2018-09-21 13:30:00,0.6744931439002521,0.6944340672824869,0.6592197393623557,0.6767074826375705,0.6976374694403641,0.7149457088449384
2018-09-21 14:30:00,0.6995706087459009,0.7136836096054174,0.690283525174339,0.7015298471744478,0.7279307898494173,0.746268656716418
2018-09-21 15:30:00,0.6769380351723293,0.6858611083761192,0.6864455415938342,0.6776497207109603,0.7172481233365046,0.746268656716418
2018-09-21 16:30:00,0.5753112427563366,0.548710382854672,0.618075802887468,0.5551694675668459,0.6178803118058659,0.6707693989314436
2018-09-21 17:30:00,0.12589578714474325,0.07239567918607552,0.2007239745063651,0.11497724886810298,0.1592897388691657,0.2637997040303148
2018-09-21 18:30:00,0.0,0.0,0.0,0.0,0.0,0.0
2018-09-21 19:30:00,0.0,0.0,0.0,0.0,0.0,0.0
2018-09-21 20:30:00,0.0,0.0,0.0,0.0,0.0,0.0
2018-09-21 21:30:00,0.0,0.0,0.0,0.0,0.0,0.0
2018-09-21 22:30:00,0.0,0.0,0.0,0.0,0.0,0.0
2018-09-21 23:30:00,0.0,0.0,0.0,0.0,0.0,0.0
2018-09-22 00:30:00,0.0,0.0,0.0,0.0,0.0,0.0
2018-09-22 01:30:00,0.0,0.0,0.0,0.0,0.0,0.0
2018-09-22 02:30:00,0.0,0.0,0.0,0.0,0.0,0.0
2018-09-22 03:30:00,0.0,0.0,0.0,0.0,0.0,0.0
2018-09-22 04:30:00,0.0,0.0,0.0,0.0,0.0,0.0
2018-09-22 05:30:00,0.0,0.0,0.0,0.0,0.0,0.0
2018-09-22 06:30:00,0.23589916423563576,0.3037105269978404,0.2263332524493765,0.19887118857338798,0.27337880226965583,0.17882675030333858
2018-09-22 07:30:00,0.6214032902659429,0.6399022771639575,0.6347199483281948,0.5645093786512415,0.6803224422619858,0.6404261012837845
2018-09-22 08:30:00,0.7004164956323229,0.7086611879466357,0.6959753757370046,0.6675293423164209,0.746268656716418,0.7317179016886454
2018-09-22 09:30:00,0.6952188464742164,0.6889929186388549,0.6936841867156172,0.6769368548755852,0.746268656716418,0.7380232287351669
2018-09-22 10:30:00,0.6552772038063469,0.6492173317049638,0.6569455745287325,0.637991026263646,0.7119691623181901,0.7037707927556587
2018-09-22 11:30:00,0.6339535477639738,0.6327908774848127,0.6334344094647365,0.6109554358983783,0.6844864964698674,0.6758438671395205
2018-09-22 12:30:00,0.6359735574779593,0.6355937224189222,0.6295254902144869,0.6050774918544853,0.6834303316317979,0.6725554762255546
2018-09-22 13:30:00,0.6674240015139273,0.6574034102498653,0.6437238035083088,0.6292608013967069,0.7062620552664883,0.695041287636352
2018-09-22 14:30:00,0.696346656222626,0.6750909117417792,0.6772060073401135,0.6337908628827611,0.7298204486595407,0.7275526401859185
2018-09-22 15:30:00,0.673055459109552,0.6463207811701456,0.6654034982014091,0.5826807944295098,0.7042972826254886,0.7172320917172611
2018-09-22 16:30:00,0.568384656316748,0.5098451141277616,0.5897402228715706,0.42392387691324956,0.6086278212972716,0.6291080275509842
2018-09-22 17:30:00,0.11874894186713446,0.06238716930885962,0.17544493410907933,0.06703118441284717,0.1543710064782375,0.21777262421417667
2018-09-22 18:30:00,0.0,0.0,0.0,0.0,0.0,0.0
2018-09-22 19:30:00,0.0,0.0,0.0,0.0,0.0,0.0
2018-09-22 20:30:00,0.0,0.0,0.0,0.0,0.0,0.0
2018-09-22 21:30:00,0.0,0.0,0.0,0.0,0.0,0.0
2018-09-22 22:30:00,0.0,0.0,0.0,0.0,0.0,0.0
2018-09-22 23:30:00,0.0,0.0,0.0,0.0,0.0,0.0
2018-09-23 00:30:00,0.0,0.0,0.0,0.0,0.0,0.0
2018-09-23 01:30:00,0.0,0.0,0.0,0.0,0.0,0.0
2018-09-23 02:30:00,0.0,0.0,0.0,0.0,0.0,0.0
2018-09-23 03:30:00,0.0,0.0,0.0,0.0,0.0,0.0
2018-09-23 04:30:00,0.0,0.0,0.0,0.0,0.0,0.0
2018-09-23 05:30:00,0.0,0.0,0.0,0.0,0.0,0.0
2018-09-23 06:30:00,0.22903458701220675,0.29723948888045526,0.20623814222875644,0.21505052797611796,0.2624995337139718,0.03663042044934147
2018-09-23 07:30:00,0.6136277522666151,0.6357834730106451,0.6014478237778421,0.5693530228041558,0.6751330446186959,0.11516488083656613
2018-09-23 08:30:00,0.684574176083648,0.689854722739898,0.39665053239487424,0.6462793915163104,0.746268656716418,0.3818949698723742
2018-09-23 09:30:00,0.6767173370115707,0.6756819236285396,0.6745427991489712,0.6461507813888481,0.7443746287059831,0.7343361965293164
2018-09-23 10:30:00,0.632114061009778,0.6451061290955258,0.6418271908849481,0.611803186142161,0.7001192345734174,0.7009553415179156
2018-09-23 11:30:00,0.6014427750504318,0.6267747814456803,0.6179028322550626,0.5895958995927184,0.6729715286793567,0.6741205649857832
2018-09-23 12:30:00,0.6036928130626177,0.6380923604805195,0.6172818665262235,0.5973966085524154,0.6737813077503176,0.5273153918765865
2018-09-23 13:30:00,0.6306868715364593,0.6653375007485673,0.4863653348357251,0.616781994406108,0.6988354666674976,0.42526320551756885
2018-09-23 14:30:00,0.6526621206100283,0.6849981044147849,0.38857028820004486,0.6344674506359739,0.7291018594351111,0.7254081482418409
2018-09-23 15:30:00,0.6303331130639761,0.6526178115857848,0.37348368737763066,0.2902358133616109,0.7122063576714528,0.3019813246660519
2018-09-23 16:30:00,0.027567685133480763,0.5011855525719247,0.590974580290747,0.4803820280274187,0.611978322647559,0.10544946738548194
2018-09-23 17:30:00,0.021334746020036977,0.05671793048813174,0.17047887645984272,0.018265863843892696,0.14010805581092892,0.061725565246768824
2018-09-23 18:30:00,0.0,0.0,0.0,0.0,0.0,0.0
2018-09-23 19:30:00,0.0,0.0,0.0,0.0,0.0,0.0
2018-09-23 20:30:00,0.0,0.0,0.0,0.0,0.0,0.0
2018-09-23 21:30:00,0.0,0.0,0.0,0.0,0.0,0.0
2018-09-23 22:30:00,0.0,0.0,0.0,0.0,0.0,0.0
2018-09-23 23:30:00,0.0,0.0,0.0,0.0,0.0,0.0
2018-09-24 00:30:00,0.0,0.0,0.0,0.0,0.0,0.0
2018-09-24 01:30:00,0.0,0.0,0.0,0.0,0.0,0.0
2018-09-24 02:30:00,0.0,0.0,0.0,0.0,0.0,0.0
2018-09-24 03:30:00,0.0,0.0,0.0,0.0,0.0,0.0
2018-09-24 04:30:00,0.0,0.0,0.0,0.0,0.0,0.0
2018-09-24 05:30:00,0.0,0.0,0.0,0.0,0.0,0.0
2018-09-24 06:30:00,0.02204790080986653,0.08341684968780162,0.15344469916309036,0.010910677205975038,0.24243921154072365,0.14661324322645763
2018-09-24 07:30:00,0.19323775810343022,0.631020528873891,0.2012391314046157,0.0167274021487999,0.08393613980263283,0.22622325432543508
2018-09-24 08:30:00,0.6354226664832705,0.7057901808901511,0.16294121552748614,0.007833197271675179,0.2759453508021636,0.6954667266956308
2018-09-24 09:30:00,0.07638839803115431,0.692269492792989,0.6615298248342607,0.22568266930836162,0.43533978646557137,0.34209440238314437
2018-09-24 10:30:00,0.6214254965474,0.5343663495342899,0.637624081658827,0.433490163864819,0.15801295131504522,0.011305613756788898
2018-09-24 11:30:00,0.30432978342945266,0.6234585109945919,0.4692646790065599,0.6111726090040798,0.663767920941059,0.27993373178163605
2018-09-24 12:30:00,0.6166626777698946,0.6225952185524253,0.31608795258289646,0.4341421246799064,0.6677147663029196,0.20374918587783705
2018-09-24 13:30:00,0.4056680354455458,0.6440397035071077,0.010502524791339882,0.3514638099386444,0.10016439916658869,0.7013066465459865
2018-09-24 14:30:00,0.09886917394215866,0.6564605104558141,0.11820047273341674,0.14573427105430523,0.04141418322334554,0.7355843298101792
2018-09-24 15:30:00,0.4901160964548393,0.6063079568351688,0.6597275608478804,0.44111247530599074,0.006431300222244718,0.3830910338170358
2018-09-24 16:30:00,0.12070045981041524,0.08708795344825979,0.15896399771112618,0.23444996793745904,0.08815244929698719,0.3091520434372211
2018-09-24 17:30:00,0.0147844204394425,0.020246543260322377,0.04104965980046865,0.010862899032591826,0.020127342110517685,0.05326034652605346
2018-09-24 18:30:00,0.0,0.0,0.0,0.0,0.0,0.0
2018-09-24 19:30:00,0.0,0.0,0.0,0.0,0.0,0.0
2018-09-24 20:30:00,0.0,0.0,0.0,0.0,0.0,0.0
2018-09-24 21:30:00,0.0,0.0,0.0,0.0,0.0,0.0
2018-09-24 22:30:00,0.0,0.0,0.0,0.0,0.0,0.0
2018-09-24 23:30:00,0.0,0.0,0.0,0.0,0.0,0.0
2018-09-25 00:30:00,0.0,0.0,0.0,0.0,0.0,0.0
2018-09-25 01:30:00,0.0,0.0,0.0,0.0,0.0,0.0
2018-09-25 02:30:00,0.0,0.0,0.0,0.0,0.0,0.0
2018-09-25 03:30:00,0.0,0.0,0.0,0.0,0.0,0.0
2018-09-25 04:30:00,0.0,0.0,0.0,0.0,0.0,0.0
2018-09-25 05:30:00,0.0,0.0,0.0,0.0,0.0,0.0
2018-09-25 06:30:00,0.22894318493819835,0.27671199916526684,0.21836224377140287,0.2351600620296438,0.24502633107176544,0.17954765473222234
2018-09-25 07:30:00,0.6397188974024538,0.6693722746328583,0.6640071371749554,0.6508332605847709,0.35593398586007896,0.6782763987937043
2018-09-25 08:30:00,0.723122537753967,0.746268656716418,0.7327841661956451,0.732858413254465,0.7403446402285124,0.746268656716418
2018-09-25 09:30:00,0.722518518878319,0.7432943509697789,0.7192992651045467,0.7297720232234858,0.7418881584086087,0.746268656716418
2018-09-25 10:30:00,0.6867903800280816,0.7062297265989513,0.678482604750599,0.6894661051357719,0.7030461457998393,0.7229505363918172
2018-09-25 11:30:00,0.662974470994561,0.6787970074965022,0.6485279731800487,0.6595176079732417,0.6771876352227569,0.6968137189644286
2018-09-25 12:30:00,0.668976573235151,0.6840574244987214,0.6478821048800626,0.6622506853673193,0.679902679682062,0.695355625242065
2018-09-25 13:30:00,0.7000601187097895,0.711776531442561,0.6740747678969625,0.6928313529121158,0.708617150021555,0.7249821010201026
2018-09-25 14:30:00,0.7335424282150116,0.7367156783632399,0.7077723184658911,0.726651749714774,0.746268656716418,0.746268656716418
2018-09-25 15:30:00,0.7114493588917374,0.7027651714349851,0.7031988173703128,0.7002719430530676,0.7381160554403283,0.746268656716418
2018-09-25 16:30:00,0.6016401814735614,0.5364889027263856,0.629014570860298,0.5778207527349083,0.6278609371555423,0.6878177859835123
2018-09-25 17:30:00,0.08614132907392573,0.028093220249461807,0.1617340074081249,0.07880661161455309,0.02162631659265771,0.2260765624605055
2018-09-25 18:30:00,0.0,0.0,0.0,0.0,0.0,0.0
2018-09-25 19:30:00,0.0,0.0,0.0,0.0,0.0,0.0
2018-09-25 20:30:00,0.0,0.0,0.0,0.0,0.0,0.0
2018-09-25 21:30:00,0.0,0.0,0.0,0.0,0.0,0.0
2018-09-25 22:30:00,0.0,0.0,0.0,0.0,0.0,0.0
2018-09-25 23:30:00,0.0,0.0,0.0,0.0,0.0,0.0
2018-09-26 00:30:00,0.0,0.0,0.0,0.0,0.0,0.0
2018-09-26 01:30:00,0.0,0.0,0.0,0.0,0.0,0.0
2018-09-26 02:30:00,0.0,0.0,0.0,0.0,0.0,0.0
2018-09-26 03:30:00,0.0,0.0,0.0,0.0,0.0,0.0
2018-09-26 04:30:00,0.0,0.0,0.0,0.0,0.0,0.0
2018-09-26 05:30:00,0.0,0.0,0.0,0.0,0.0,0.0
2018-09-26 06:30:00,0.035997040512911124,0.07325230517457999,0.2009505969669603,0.050231244481263045,0.03963073755485932,0.16353274348999333
2018-09-26 07:30:00,0.34848082110202705,0.08887721321853219,0.6362265379399444,0.634438617544422,0.6343810226681128,0.6547426520912709
2018-09-26 08:30:00,0.4710499601648126,0.414667752344624,0.705132680586886,0.71253879256875,0.7113692368103276,0.728150188898569
2018-09-26 09:30:00,0.7008669143886592,0.715887522572309,0.7023387417737532,0.7089398725483902,0.7150003744071615,0.7364895514160044
2018-09-26 10:30:00,0.6569913851507154,0.5004295881025048,0.6693899258152761,0.6678984026760758,0.690544833759584,0.7052240153319854
2018-09-26 11:30:00,0.6362022404297162,0.6606562085735856,0.6411465270745054,0.6326870987144166,0.6682639046678952,0.6794598100608251
2018-09-26 12:30:00,0.6486468726503964,0.6687819229348472,0.6412300553109022,0.6289420320165147,0.671535408467597,0.6826050492112675
2018-09-26 13:30:00,0.683091738702471,0.695861894371476,0.662725425759475,0.6538124871789386,0.7003294652264033,0.7144447354734764
2018-09-26 14:30:00,0.7120725181017253,0.7174978915343908,0.6962033031815312,0.5517467828544753,0.7289301206769419,0.746268656716418
2018-09-26 15:30:00,0.5893847112731143,0.6794346093393312,0.6893635385812268,0.10174791290769485,0.71199020589884,0.5036685050191906
2018-09-26 16:30:00,0.38743100395747343,0.5097892676875269,0.3491704863694438,0.32207949220801085,0.6090261329423021,0.5444887426443412
2018-09-26 17:30:00,0.0755017794730041,0.02186778079615519,0.03201076936216931,0.0076457371669389675,0.1079496808010405,0.08312924547586036
2018-09-26 18:30:00,0.0,0.0,0.0,0.0,0.0,0.0
2018-09-26 19:30:00,0.0,0.0,0.0,0.0,0.0,0.0
2018-09-26 20:30:00,0.0,0.0,0.0,0.0,0.0,0.0
2018-09-26 21:30:00,0.0,0.0,0.0,0.0,0.0,0.0
2018-09-26 22:30:00,0.0,0.0,0.0,0.0,0.0,0.0
2018-09-26 23:30:00,0.0,0.0,0.0,0.0,0.0,0.0
2018-09-27 00:30:00,0.0,0.0,0.0,0.0,0.0,0.0
2018-09-27 01:30:00,0.0,0.0,0.0,0.0,0.0,0.0
2018-09-27 02:30:00,0.0,0.0,0.0,0.0,0.0,0.0
2018-09-27 03:30:00,0.0,0.0,0.0,0.0,0.0,0.0
2018-09-27 04:30:00,0.0,0.0,0.0,0.0,0.0,0.0
2018-09-27 05:30:00,0.0,0.0,0.0,0.0,0.0,0.0
2018-09-27 06:30:00,0.19615182724735783,0.2743274732750543,0.18966689220375155,0.1726802703115522,0.2419386395686162,0.1483174943867028
2018-09-27 07:30:00,0.5918338586526901,0.6369958460329588,0.32920989996243016,0.5585390775273477,0.6831339632129718,0.6341103482876345
2018-09-27 08:30:00,0.6791804224051475,0.6885003307346401,0.6858663146462671,0.662233200278574,0.746268656716418,0.711031152839798
2018-09-27 09:30:00,0.6830421606542931,0.6717061546079752,0.6808963650079739,0.6664244066248476,0.7372533999831069,0.721839795291173
2018-09-27 10:30:00,0.5333484381163646,0.6419066264760368,0.6404510914582976,0.634569207993941,0.6934011708755129,0.6926313341103115
2018-09-27 11:30:00,0.6187239073677562,0.6202528685124152,0.6124742530205818,0.608760468692026,0.6629998968475949,0.6660728734631409
2018-09-27 12:30:00,0.6200103745655854,0.5472978611501124,0.6099968609130464,0.5256582741943874,0.6566228287122922,0.6655610007416385
2018-09-27 13:30:00,0.570127736474958,0.6462050928388979,0.5193838558387825,0.6323718130043937,0.6789495480533804,0.6935829190675216
2018-09-27 14:30:00,0.6078134143677575,0.5651619934138505,0.6693623689912512,0.6542062919468316,0.7078672077352901,0.7317455803965256
2018-09-27 15:30:00,0.5075672508241209,0.2014376134365298,0.32174410090558114,0.6215839035316824,0.6898318528570393,0.7291511830442137
2018-09-27 16:30:00,0.5219786781637193,0.1940842858401816,0.2750229915134909,0.24762194835575496,0.5881842539664547,0.6452244571872036
2018-09-27 17:30:00,0.06263255933405573,0.01463898957377405,0.1192812293654744,0.0499877685915099,0.09615789995599498,0.18662847791934897
2018-09-27 18:30:00,0.0,0.0,0.0,0.0,0.0,0.0
2018-09-27 19:30:00,0.0,0.0,0.0,0.0,0.0,0.0
2018-09-27 20:30:00,0.0,0.0,0.0,0.0,0.0,0.0
2018-09-27 21:30:00,0.0,0.0,0.0,0.0,0.0,0.0
2018-09-27 22:30:00,0.0,0.0,0.0,0.0,0.0,0.0
2018-09-27 23:30:00,0.0,0.0,0.0,0.0,0.0,0.0
2018-09-28 00:30:00,0.0,0.0,0.0,0.0,0.0,0.0
2018-09-28 01:30:00,0.0,0.0,0.0,0.0,0.0,0.0
2018-09-28 02:30:00,0.0,0.0,0.0,0.0,0.0,0.0
2018-09-28 03:30:00,0.0,0.0,0.0,0.0,0.0,0.0
2018-09-28 04:30:00,0.0,0.0,0.0,0.0,0.0,0.0
2018-09-28 05:30:00,0.0,0.0,0.0,0.0,0.0,0.0
2018-09-28 06:30:00,0.011168046047233664,0.25110299565281896,0.18427415398423325,0.0033030174334566283,0.23327155538091474,0.14220740747385624
2018-09-28 07:30:00,0.04977551909269444,0.019998166651596254,0.6209916202891412,0.027919519690048345,0.6596874727744402,0.6424709503613543
2018-09-28 08:30:00,0.06052196922095662,0.03833323619303211,0.6902892415506232,0.012086577863676168,0.7401127584303419,0.7263653455645797
2018-09-28 09:30:00,0.11125392757306947,0.059972268218247915,0.6887905767451665,0.027923577527754376,0.734278316729289,0.7300510860628712
2018-09-28 10:30:00,0.15343537453230544,0.1773779850772183,0.6493857884067136,0.058919072015080586,0.6950801587414528,0.7000891760561845
2018-09-28 11:30:00,0.26519146356556544,0.17951258629904715,0.6216609561848917,0.0660061871396866,0.6676739890378408,0.6711390344592454
2018-09-28 12:30:00,0.45205343705765966,0.12398772490796436,0.6217372104807889,0.08837755115230606,0.6706928218903006,0.6692824995325792
2018-09-28 13:30:00,0.6739600630979686,0.08807924078205112,0.6531613038125088,0.06328889840529231,0.7008954189384794,0.6983352719458511
2018-09-28 14:30:00,0.4139119523764537,0.05813408228910019,0.6877692653360633,0.05085209267242355,0.7352493507002574,0.7386417699607224
2018-09-28 15:30:00,0.30497754128677085,0.6738019726342893,0.680876268889828,0.6765381300288318,0.7218817855045125,0.7276149450929507
2018-09-28 16:30:00,0.536027347056778,0.4637793331084453,0.6061946802295695,0.5048542104338936,0.6126242114666943,0.6434160930921925
2018-09-28 17:30:00,0.055121046927999275,0.010633491098693272,0.11464813278898935,0.02719681105814283,0.0859723925780271,0.17543388661787115
2018-09-28 18:30:00,0.0,0.0,0.0,0.0,0.0,0.0
2018-09-28 19:30:00,0.0,0.0,0.0,0.0,0.0,0.0
2018-09-28 20:30:00,0.0,0.0,0.0,0.0,0.0,0.0
2018-09-28 21:30:00,0.0,0.0,0.0,0.0,0.0,0.0
2018-09-28 22:30:00,0.0,0.0,0.0,0.0,0.0,0.0
2018-09-28 23:30:00,0.0,0.0,0.0,0.0,0.0,0.0
2018-09-29 00:30:00,0.0,0.0,0.0,0.0,0.0,0.0
2018-09-29 01:30:00,0.0,0.0,0.0,0.0,0.0,0.0
2018-09-29 02:30:00,0.0,0.0,0.0,0.0,0.0,0.0
2018-09-29 03:30:00,0.0,0.0,0.0,0.0,0.0,0.0
2018-09-29 04:30:00,0.0,0.0,0.0,0.0,0.0,0.0
2018-09-29 05:30:00,0.0,0.0,0.0,0.0,0.0,0.0
2018-09-29 06:30:00,0.004181510328238448,0.00890399848387557,0.16856969404173874,0.026893553997835055,0.026383307438786748,0.11368170759493537
2018-09-29 07:30:00,0.00973487452339476,0.13766507692553365,0.5998169385229857,0.10661972175232338,0.017647118304239137,0.5946810236287112
2018-09-29 08:30:00,0.01110606436779173,0.09749639885776214,0.67445192023955,0.2620804066922704,0.02628755690868477,0.37394395803496033
2018-09-29 09:30:00,0.11799811044165652,0.25769427278884977,0.6729198459339295,0.21745704012495365,0.06369438552585414,0.7256886887916909
2018-09-29 10:30:00,0.23511881094632522,0.48174177295250725,0.6361075813304967,0.3680038016517692,0.31754048827758113,0.6910661854041801
2018-09-29 11:30:00,0.15473749629985875,0.5253175286398464,0.6073904844838511,0.4879114496488562,0.43719726108055,0.662720805867411
2018-09-29 12:30:00,0.15163060011517404,0.6313664809951537,0.6053151272296939,0.49258109696926583,0.6576154260824455,0.6606306213285468
2018-09-29 13:30:00,0.22108225523919872,0.6521749017010675,0.5677953558005063,0.3395953779742727,0.679874948898524,0.6880098805033642
2018-09-29 14:30:00,0.24009529995482626,0.6694557485214453,0.47609277959175156,0.2455321301945493,0.7051243678234234,0.5171970403168213
2018-09-29 15:30:00,0.4786482343959153,0.4632303761661994,0.5722129073388014,0.4175549984591455,0.6754835004649559,0.715144375757657
2018-09-29 16:30:00,0.23820896083864013,0.41887642025665756,0.5580752315810503,0.1280311253362658,0.24721498399383154,0.4708233279234778
2018-09-29 17:30:00,0.005111937770978861,-0.0,0.030498585861139883,0.0033704654429585874,0.06203599063852121,0.03665702617482059
2018-09-29 18:30:00,0.0,0.0,0.0,0.0,0.0,0.0
2018-09-29 19:30:00,0.0,0.0,0.0,0.0,0.0,0.0
2018-09-29 20:30:00,0.0,0.0,0.0,0.0,0.0,0.0
2018-09-29 21:30:00,0.0,0.0,0.0,0.0,0.0,0.0
2018-09-29 22:30:00,0.0,0.0,0.0,0.0,0.0,0.0
2018-09-29 23:30:00,0.0,0.0,0.0,0.0,0.0,0.0
2018-09-30 00:30:00,0.0,0.0,0.0,0.0,0.0,0.0
2018-09-30 01:30:00,0.0,0.0,0.0,0.0,0.0,0.0
2018-09-30 02:30:00,0.0,0.0,0.0,0.0,0.0,0.0
2018-09-30 03:30:00,0.0,0.0,0.0,0.0,0.0,0.0
2018-09-30 04:30:00,0.0,0.0,0.0,0.0,0.0,0.0
2018-09-30 05:30:00,0.0,0.0,0.0,0.0,0.0,0.0
2018-09-30 06:30:00,0.16343080678392374,0.24334638818036025,0.15112048110246368,0.16429086130781972,0.056178648702981844,0.11669106583801624
2018-09-30 07:30:00,0.02537630693909158,0.12363187728025801,0.34870136901946847,0.0022812404723674485,0.6435614233424508,0.6318652998449308
2018-09-30 08:30:00,0.032275310431021956,0.10486528278453576,0.4632620318413053,0.005841617463823026,0.723868516989148,0.7350466274696356
2018-09-30 09:30:00,0.0554364008324948,0.14816496422791264,0.6839427782095425,0.020207469085477985,0.726130059536986,0.7399300230814307
2018-09-30 10:30:00,0.2424207076069689,0.26546496303577277,0.524509428673311,0.06281323326258886,0.6947665760906893,0.6996610623145304
2018-09-30 11:30:00,0.6150197531023073,0.3429541920666058,0.5266947441616365,0.1568242454192778,0.6680673139169894,0.6674030217606362
2018-09-30 12:30:00,0.6185710918433054,0.6323155459587425,0.6174308677061433,0.1162061061973579,0.6718134372253617,0.5540323512352082
2018-09-30 13:30:00,0.6474542534917053,0.6668289814548952,0.4576073475582917,0.16892237791234915,0.6990467788581934,0.5490232119457742
2018-09-30 14:30:00,0.6799610783531665,0.6955550721137392,0.5169096543009498,0.12159460905937255,0.7329896686229045,0.6076488878481927
2018-09-30 15:30:00,0.5540463443022925,0.6661709085957906,0.6628937971946917,0.21579404216970943,0.7078204818779646,0.7196521087122449
2018-09-30 16:30:00,0.16541856609974503,0.4398961599027673,0.5673557943649726,0.1218114468371915,0.3867986095421918,0.6177729879556423
2018-09-30 17:30:00,0.0031680881272244713,-0.0,0.008920455820059715,0.001009285978392904,0.005487539043786967,0.0053528870477273964
2018-09-30 18:30:00,0.0,0.0,0.0,0.0,0.0,0.0
2018-09-30 19:30:00,0.0,0.0,0.0,0.0,0.0,0.0
2018-09-30 20:30:00,0.0,0.0,0.0,0.0,0.0,0.0
2018-09-30 21:30:00,0.0,0.0,0.0,0.0,0.0,0.0
2018-09-30 22:30:00,0.0,0.0,0.0,0.0,0.0,0.0
2018-09-30 23:30:00,0.0,0.0,0.0,0.0,0.0,0.0
2018-10-01 00:30:00,0.0,0.0,0.0,0.0,0.0,0.0
2018-10-01 01:30:00,0.0,0.0,0.0,0.0,0.0,0.0
2018-10-01 02:30:00,0.0,0.0,0.0,0.0,0.0,0.0
2018-10-01 03:30:00,0.0,0.0,0.0,0.0,0.0,0.0
2018-10-01 04:30:00,0.0,0.0,0.0,0.0,0.0,0.0
2018-10-01 05:30:00,0.0,0.0,0.0,0.0,0.0,0.0
2018-10-01 06:30:00,0.038819317736004486,0.015355963565260327,0.01677541202276888,0.011715225344495525,0.02149649456398349,0.0019388156222831375
2018-10-01 07:30:00,0.31366746033171805,0.07320246343522638,0.14740266298815727,0.05757095099354515,0.10751577555295398,0.00045191773694181256
2018-10-01 08:30:00,0.4854336970095504,0.1217056777730624,0.30191835091769414,0.0021119634275991203,0.25157343214977884,0.008113475217243813
2018-10-01 09:30:00,0.28208184637955386,0.1182155300985506,0.1580088172924326,0.15664431130455025,0.05077089120650112,0.034424699903367474
2018-10-01 10:30:00,0.3555172103670683,0.399821419574396,0.6184281049344967,0.2520368241445803,0.16850206389495034,0.009416520957751615
2018-10-01 11:30:00,0.2353682652039476,0.41479393157967936,0.42753480884573913,0.45896868941682656,0.3626356249875308,0.10552811562466904
2018-10-01 12:30:00,0.2794932867685687,0.23345215514677703,0.0586709812721172,0.44678229300318845,0.4255066759214537,0.15833316410706239
2018-10-01 13:30:00,0.43818144279338767,0.49661887001046123,0.057243545838144796,0.4829898109323423,0.3766733378664877,0.06856014328887948
2018-10-01 14:30:00,0.07678017266787958,0.33089588579176443,0.04690312502800115,0.25792323124312583,0.23921104533580773,0.1405216792090573
2018-10-01 15:30:00,0.05739941486555181,0.46045050531613635,0.04757342958903396,0.004767960844076357,0.17905888559973554,0.038675472188851645
2018-10-01 16:30:00,0.025300774205629865,0.03638583527577312,0.02448808087551255,0.06997529459004471,0.02234392133665709,0.011990262308903585
2018-10-01 17:30:00,0.0008874862915045894,-0.0,0.0012048879085925467,-0.0,0.0030813486769852576,0.023859435530667824
2018-10-01 18:30:00,0.0,0.0,0.0,0.0,0.0,0.0
2018-10-01 19:30:00,0.0,0.0,0.0,0.0,0.0,0.0
2018-10-01 20:30:00,0.0,0.0,0.0,0.0,0.0,0.0
2018-10-01 21:30:00,0.0,0.0,0.0,0.0,0.0,0.0
2018-10-01 22:30:00,0.0,0.0,0.0,0.0,0.0,0.0
2018-10-01 23:30:00,0.0,0.0,0.0,0.0,0.0,0.0
2018-10-02 00:30:00,0.0,0.0,0.0,0.0,0.0,0.0
2018-10-02 01:30:00,0.0,0.0,0.0,0.0,0.0,0.0
2018-10-02 02:30:00,0.0,0.0,0.0,0.0,0.0,0.0
2018-10-02 03:30:00,0.0,0.0,0.0,0.0,0.0,0.0
2018-10-02 04:30:00,0.0,0.0,0.0,0.0,0.0,0.0
2018-10-02 05:30:00,0.0,0.0,0.0,0.0,0.0,0.0
2018-10-02 06:30:00,0.029445972671623823,0.013961411269101078,0.00852855252738064,0.016581553999454293,0.008595246051433908,0.002500872535882349
2018-10-02 07:30:00,0.002528164719861635,0.0371173692762069,0.04173308483294102,0.06577573435103491,0.0033308777852867196,-0.0
2018-10-02 08:30:00,0.04464822150070773,0.0036676989666613977,0.034930964399575284,0.16413121672778175,0.08389137848456059,0.04961493353900898
2018-10-02 09:30:00,0.04173648458709463,0.07111152050719537,0.012160705841395409,0.3055354439880474,0.3101926979698209,0.04316543280034413
2018-10-02 10:30:00,0.13435365750019776,0.09542851538825141,0.0723407524932612,0.4650071189821924,0.6628309356446415,0.057425473903889135
2018-10-02 11:30:00,0.20638739919755394,0.5029792555767895,0.11765014215709779,0.5696897149896887,0.19142942899253046,0.10400437666771926
2018-10-02 12:30:00,0.2991614805317932,0.6006510147425069,0.2642802205969513,0.46683392429877585,0.12945992015201818,0.0686442385168622
2018-10-02 13:30:00,0.17929834430532118,0.628912430223964,0.1540988134526261,0.5992545745594081,0.21940145476914785,0.10302620585316859
2018-10-02 14:30:00,0.6437787638351247,0.6493256455370319,0.2629078893881794,0.31026746400745026,0.3195600792618101,0.0584927435268021
2018-10-02 15:30:00,0.3659312461347638,0.6016133508214196,0.08154091945305575,0.4383285126537204,0.5477400208371472,0.00631439432359393
2018-10-02 16:30:00,0.1497169171027568,0.3751748219452373,0.0480104217744968,0.06905275201209912,0.13291851616972902,0.09508319856015289
2018-10-02 17:30:00,0.00031767231944139284,-0.0,0.005257857172942231,-0.0,0.0018725882494775984,0.005335649571516018
2018-10-02 18:30:00,0.0,0.0,0.0,0.0,0.0,0.0
2018-10-02 19:30:00,0.0,0.0,0.0,0.0,0.0,0.0
2018-10-02 20:30:00,0.0,0.0,0.0,0.0,0.0,0.0
2018-10-02 21:30:00,0.0,0.0,0.0,0.0,0.0,0.0
2018-10-02 22:30:00,0.0,0.0,0.0,0.0,0.0,0.0
2018-10-02 23:30:00,0.0,0.0,0.0,0.0,0.0,0.0
2018-10-03 00:30:00,0.0,0.0,0.0,0.0,0.0,0.0
2018-10-03 01:30:00,0.0,0.0,0.0,0.0,0.0,0.0
2018-10-03 02:30:00,0.0,0.0,0.0,0.0,0.0,0.0
2018-10-03 03:30:00,0.0,0.0,0.0,0.0,0.0,0.0
2018-10-03 04:30:00,0.0,0.0,0.0,0.0,0.0,0.0
2018-10-03 05:30:00,0.0,0.0,0.0,0.0,0.0,0.0
2018-10-03 06:30:00,0.05932872904188396,0.2290263753733079,0.0018951860104057718,0.17003953974240257,0.18765015682436764,0.00022553424493601315
2018-10-03 07:30:00,0.5986014188958096,0.6023521012204199,0.5899228022017244,0.5834702092617942,0.010594949227681508,0.6005560225402446
2018-10-03 08:30:00,0.6748581125955262,0.6623504579960485,0.6654455097920811,0.6651269587876519,0.719948885398068,0.02127301930867739
2018-10-03 09:30:00,0.6669736211535865,0.64827951008493,0.6597756718361057,0.663463741321202,0.7105433651130677,0.08832114867125672
2018-10-03 10:30:00,0.514377007880111,0.6096045634104035,0.6199750601502677,0.621281868755286,0.5042520054936254,0.3248344816003383
2018-10-03 11:30:00,0.5895489482283154,0.5840628580117968,0.591944329109121,0.4802637414812145,0.6300784104038667,0.6314960385122227
2018-10-03 12:30:00,0.5901093664488088,0.5901192882129392,0.5921371352971946,0.3305470401492586,0.6250359495541372,0.3316883852891615
2018-10-03 13:30:00,0.6182546851480674,0.6225809263776252,0.360859440412782,0.6304930474828511,0.6396329415366839,0.6530199511660506
2018-10-03 14:30:00,0.6463504785333019,0.6516772832815627,0.6490968332481029,0.6594432565181695,0.6660686287969513,0.6901804627332594
2018-10-03 15:30:00,0.6191459943829891,0.6163083219387552,0.6363208885463176,0.0693202206189501,0.6505904206905481,0.26706118191685985
2018-10-03 16:30:00,0.4382284025523607,0.20225116159988396,0.5127074689130858,0.04583899195586542,0.23732079630101433,0.5881969060258281
2018-10-03 17:30:00,-0.0,-0.0,0.0037069224944597558,-0.0,0.0018646199943820306,0.10069737814959666
2018-10-03 18:30:00,0.0,0.0,0.0,0.0,0.0,0.0
2018-10-03 19:30:00,0.0,0.0,0.0,0.0,0.0,0.0
2018-10-03 20:30:00,0.0,0.0,0.0,0.0,0.0,0.0
2018-10-03 21:30:00,0.0,0.0,0.0,0.0,0.0,0.0
2018-10-03 22:30:00,0.0,0.0,0.0,0.0,0.0,0.0
2018-10-03 23:30:00,0.0,0.0,0.0,0.0,0.0,0.0
2018-10-04 00:30:00,0.0,0.0,0.0,0.0,0.0,0.0
2018-10-04 01:30:00,0.0,0.0,0.0,0.0,0.0,0.0
2018-10-04 02:30:00,0.0,0.0,0.0,0.0,0.0,0.0
2018-10-04 03:30:00,0.0,0.0,0.0,0.0,0.0,0.0
2018-10-04 04:30:00,0.0,0.0,0.0,0.0,0.0,0.0
2018-10-04 05:30:00,0.0,0.0,0.0,0.0,0.0,0.0
2018-10-04 06:30:00,0.15650499452973732,0.003955581456945158,0.11840123941336814,0.14568596877754775,0.16412318053161468,-0.0
2018-10-04 07:30:00,0.58683777564936,0.05241060183047933,0.568522569129426,0.5713535968708356,0.6084288363070524,0.0004852857141355757
2018-10-04 08:30:00,0.6740925865014729,0.11135017249735979,0.1484626000078812,0.6738768147077134,0.7075759864853277,0.7131145263824454
2018-10-04 09:30:00,0.673180240940623,0.693469252610655,0.112313444258106,0.6689606530377418,0.7199493347568087,0.005154690789218277
2018-10-04 10:30:00,0.6311514043699112,0.653239419526207,0.25603064468580083,0.623494601655318,0.6828862431177426,0.04082832334292088
2018-10-04 11:30:00,0.6043833216389646,0.6275883767486,0.2791829635158247,0.5896401476679166,0.6588414507735839,0.3569905989266942
2018-10-04 12:30:00,0.6130323616875597,0.6381342411947519,0.44362226334293614,0.5919225434719734,0.6634664083335708,0.36489762852780705
2018-10-04 13:30:00,0.5352039413818268,0.6692978040242603,0.6419667816991399,0.03848832841563406,0.09554504585854753,0.30439180982433495
2018-10-04 14:30:00,0.6844310123580749,0.6896157016585195,0.6758007843536393,0.6568351492243715,0.05887967155894253,0.09108517317298846
2018-10-04 15:30:00,0.6569082251365216,0.642096371878695,0.6604945088117107,0.6292005666894953,0.17590438691306687,0.10041944277969396
2018-10-04 16:30:00,0.45487784461236347,0.38977660493796656,0.16873649218592882,0.42824613126986827,0.5335824073263549,0.14005163484995944
2018-10-04 17:30:00,-0.0,0.0,0.0027444162771747887,-0.0,0.020445190101980874,0.004298231724485794
2018-10-04 18:30:00,0.0,0.0,0.0,0.0,0.0,0.0
2018-10-04 19:30:00,0.0,0.0,0.0,0.0,0.0,0.0
2018-10-04 20:30:00,0.0,0.0,0.0,0.0,0.0,0.0
2018-10-04 21:30:00,0.0,0.0,0.0,0.0,0.0,0.0
2018-10-04 22:30:00,0.0,0.0,0.0,0.0,0.0,0.0
2018-10-04 23:30:00,0.0,0.0,0.0,0.0,0.0,0.0
2018-10-05 00:30:00,0.0,0.0,0.0,0.0,0.0,0.0
2018-10-05 01:30:00,0.0,0.0,0.0,0.0,0.0,0.0
2018-10-05 02:30:00,0.0,0.0,0.0,0.0,0.0,0.0
2018-10-05 03:30:00,0.0,0.0,0.0,0.0,0.0,0.0
2018-10-05 04:30:00,0.0,0.0,0.0,0.0,0.0,0.0
2018-10-05 05:30:00,0.0,0.0,0.0,0.0,0.0,0.0
2018-10-05 06:30:00,0.16478513560283875,0.08898444112135148,0.11990585495331417,0.15865310276125946,0.0738347644160217,-0.0
2018-10-05 07:30:00,0.6032644833844447,0.6253260093940562,0.02608471372834817,0.18179934901102757,0.6692456768767219,0.004294256529494194
2018-10-05 08:30:00,0.6750356596984353,0.4364349984918507,0.04545349267649127,0.6576685554313475,0.746268656716418,0.03163420715730274
2018-10-05 09:30:00,0.6610774234516292,0.6784250880516145,0.16482753665138072,0.35953193887222074,0.7393193517143916,0.08269965693519762
2018-10-05 10:30:00,0.6106036456801209,0.6347398652226937,0.6326773112801432,0.343686834249124,0.6921130417720279,0.10679684060689769
2018-10-05 11:30:00,0.5737277840311571,0.6083781068660151,0.6009343900725475,0.36034508434336865,0.6607178117240697,0.025502890838231
2018-10-05 12:30:00,0.5809796417370691,0.6143605183964629,0.6032281837270504,0.44209087658548374,0.663465061937528,0.01170290290676361
2018-10-05 13:30:00,0.6207387917245923,0.6456648975027663,0.423767647650436,0.3292777030197798,0.6971817877789193,0.11176901990948172
2018-10-05 14:30:00,0.3930287635284786,0.6591298304455937,0.12849615709467824,0.670273097311587,0.7270285663081818,0.29839225104056016
2018-10-05 15:30:00,0.23944414897592947,0.3346947992600579,0.036879568101418334,0.43651848460561016,0.7012146072649316,0.0016257294925055249
2018-10-05 16:30:00,0.02560471661847957,0.35637997332352234,0.08103605806026866,0.02040847535623515,0.5100353920712063,0.019572428935223124
2018-10-05 17:30:00,-0.0,0.0,-0.0,-0.0,-0.0,-0.0
2018-10-05 18:30:00,0.0,0.0,0.0,0.0,0.0,0.0
2018-10-05 19:30:00,0.0,0.0,0.0,0.0,0.0,0.0
2018-10-05 20:30:00,0.0,0.0,0.0,0.0,0.0,0.0
2018-10-05 21:30:00,0.0,0.0,0.0,0.0,0.0,0.0
2018-10-05 22:30:00,0.0,0.0,0.0,0.0,0.0,0.0
2018-10-05 23:30:00,0.0,0.0,0.0,0.0,0.0,0.0
2018-10-06 00:30:00,0.0,0.0,0.0,0.0,0.0,0.0
2018-10-06 01:30:00,0.0,0.0,0.0,0.0,0.0,0.0
2018-10-06 02:30:00,0.0,0.0,0.0,0.0,0.0,0.0
2018-10-06 03:30:00,0.0,0.0,0.0,0.0,0.0,0.0
2018-10-06 04:30:00,0.0,0.0,0.0,0.0,0.0,0.0
2018-10-06 05:30:00,0.0,0.0,0.0,0.0,0.0,0.0
2018-10-06 06:30:00,0.14203533170606167,0.20758411983795194,0.0032042248774973676,0.0077441280247147115,0.1564561477835336,0.00518263244319002
2018-10-06 07:30:00,0.5938200315714237,0.09960508501984762,0.052929364567431525,0.015542206462843256,0.6391791150841978,0.01870780545136684
2018-10-06 08:30:00,0.6893995709362135,0.2893095005494192,0.3811540607612841,0.0164346663825549,0.3027484488539032,0.17741233846845578
2018-10-06 09:30:00,0.6887666734796135,0.6891617664865651,0.1646789160231165,0.2803075291333164,0.7237363624848173,0.2539287953873397
2018-10-06 10:30:00,0.4620704896583297,0.6488708008564982,0.4137814162109271,0.2516947243696148,0.6817084357974,0.08986939084826118
2018-10-06 11:30:00,0.407459124349008,0.6244472396879972,0.4060072048295701,0.23103762601929964,0.6526642517708269,0.33594055732700995
2018-10-06 12:30:00,0.6233993025964482,0.6352417391012997,0.45032186760231463,0.2645533680801546,0.6540975102544876,0.27229796177111226
2018-10-06 13:30:00,0.2610150598737989,0.6694001423019373,0.28967722376523825,0.2648084784433836,0.6870013843593699,0.393750714830428
2018-10-06 14:30:00,0.2686033022923138,0.6916599828751946,0.02886993461609568,0.40755447209623896,0.7209231092517667,0.10227856875550884
2018-10-06 15:30:00,0.036114544764095285,0.3851696031177808,0.19417047017901434,0.06329048971474863,0.2873540263774605,0.05155787253741749
2018-10-06 16:30:00,0.04856127351136256,0.3603867160724947,0.01893650982984753,0.03680108998684255,0.48337207974061297,0.13375934036540868
2018-10-06 17:30:00,-0.0,0.0,-0.0,-0.0,-0.0,0.0003061377500638286
2018-10-06 18:30:00,0.0,0.0,0.0,0.0,0.0,0.0
2018-10-06 19:30:00,0.0,0.0,0.0,0.0,0.0,0.0
2018-10-06 20:30:00,0.0,0.0,0.0,0.0,0.0,0.0
2018-10-06 21:30:00,0.0,0.0,0.0,0.0,0.0,0.0
2018-10-06 22:30:00,0.0,0.0,0.0,0.0,0.0,0.0
2018-10-06 23:30:00,0.0,0.0,0.0,0.0,0.0,0.0
2018-10-07 00:30:00,0.0,0.0,0.0,0.0,0.0,0.0
2018-10-07 01:30:00,0.0,0.0,0.0,0.0,0.0,0.0
2018-10-07 02:30:00,0.0,0.0,0.0,0.0,0.0,0.0
2018-10-07 03:30:00,0.0,0.0,0.0,0.0,0.0,0.0
2018-10-07 04:30:00,0.0,0.0,0.0,0.0,0.0,0.0
2018-10-07 05:30:00,0.0,0.0,0.0,0.0,0.0,0.0
2018-10-07 06:30:00,0.012779588401903894,0.18430899109742124,0.09837575238965957,0.00585072316803361,0.14383206595805348,0.0009159199587129951
2018-10-07 07:30:00,0.1298812650293497,-0.0,0.5735323644043832,0.1348486235903256,0.26772681742483484,0.02184198476696622
2018-10-07 08:30:00,0.15719853916355056,0.004080878173453397,0.6607081219029388,0.016639175920404863,0.4359393699715276,0.013561292727255994
2018-10-07 09:30:00,0.07540138341891243,0.022010485536206752,0.26940056131709844,0.0034050910016863605,0.708370893497697,0.005214505156758936
2018-10-07 10:30:00,0.17181027400723436,0.08255470149125599,0.6210467510716381,0.042616556915867417,0.6701181006870697,0.30454394849043315
2018-10-07 11:30:00,0.16953343062993043,0.08735437396957658,0.2997259932357006,0.05914820211279223,0.4530254854328475,0.5010671425577519
2018-10-07 12:30:00,0.12268705426816866,0.09964951604330882,0.12936581998031518,0.1327922161260455,0.3575025904238632,0.4684751684311036
2018-10-07 13:30:00,0.021933579868294268,0.14711186983592947,0.13025699641765398,0.03608973294275763,0.23554258973838368,0.4092877296613222
2018-10-07 14:30:00,0.27378492901472384,0.03906894564927497,0.3112798464447419,0.006307487833025704,0.29056927767435886,0.05961344380872077
2018-10-07 15:30:00,0.23632808147935364,-0.0,0.6353589793876967,0.006445513808441448,0.04013179914658433,0.25114017965274793
2018-10-07 16:30:00,0.003917586436851966,-0.0,0.023893949848029686,-0.0,0.08378837429916249,0.03152939096537324
2018-10-07 17:30:00,-0.0,0.0,-0.0,-0.0,-0.0,0.0010945053177806713
2018-10-07 18:30:00,0.0,0.0,0.0,0.0,0.0,0.0
2018-10-07 19:30:00,0.0,0.0,0.0,0.0,0.0,0.0
2018-10-07 20:30:00,0.0,0.0,0.0,0.0,0.0,0.0
2018-10-07 21:30:00,0.0,0.0,0.0,0.0,0.0,0.0
2018-10-07 22:30:00,0.0,0.0,0.0,0.0,0.0,0.0
2018-10-07 23:30:00,0.0,0.0,0.0,0.0,0.0,0.0
2018-10-08 00:30:00,0.0,0.0,0.0,0.0,0.0,0.0
2018-10-08 01:30:00,0.0,0.0,0.0,0.0,0.0,0.0
2018-10-08 02:30:00,0.0,0.0,0.0,0.0,0.0,0.0
2018-10-08 03:30:00,0.0,0.0,0.0,0.0,0.0,0.0
2018-10-08 04:30:00,0.0,0.0,0.0,0.0,0.0,0.0
2018-10-08 05:30:00,0.0,0.0,0.0,0.0,0.0,0.0
2018-10-08 06:30:00,0.004163312238301921,0.0003729778043717062,0.0020353563190743957,0.0035070736034630164,0.14099544252396157,0.0017879406004670255
2018-10-08 07:30:00,0.02435441622671919,0.0017644682701828407,0.5887464055561883,0.04278102639379728,0.038342208290632104,0.010265712836969794
2018-10-08 08:30:00,0.045634079447545356,0.05263248481838174,0.20858284786724285,0.11654546319609863,0.1141656275143792,0.007469450277349137
2018-10-08 09:30:00,0.05223910601663331,0.06468088734779144,0.28521901578354136,0.0653218476614419,0.3507426750078365,0.03241970685911819
2018-10-08 10:30:00,0.07291701771182903,0.16201054824155375,0.059340603389476866,0.10057638138164071,0.3706671159556803,0.1119370298053718
2018-10-08 11:30:00,0.12174572931061883,0.21593454251717464,0.30949408518160487,0.13338811437992396,0.6525415652443004,0.11449549296711563
2018-10-08 12:30:00,0.11271505566001974,0.012087986953562809,0.22904635579974186,0.11834980186572872,0.6574475397889246,0.27235733813121205
2018-10-08 13:30:00,0.11549268844586048,0.07539207527249853,0.007517485411378688,0.03493570922701632,0.692376524981785,0.15429615887238576
2018-10-08 14:30:00,0.09529234761114656,0.016820438880751635,0.15129262803019683,0.022002267373658912,0.722803525504735,0.15406184672999731
2018-10-08 15:30:00,0.6457117748426415,-0.0,0.09332635017576335,0.6390535251897613,0.6903919247444125,0.2607946392098462
2018-10-08 16:30:00,0.3965192594797538,0.019455131713809942,0.026661585245010597,0.38011326916898674,0.46481671359060706,0.0952918085734011
2018-10-08 17:30:00,-0.0,0.0,-0.0,0.0,-0.0,0.0029991533372061814
2018-10-08 18:30:00,0.0,0.0,0.0,0.0,0.0,0.0
2018-10-08 19:30:00,0.0,0.0,0.0,0.0,0.0,0.0
2018-10-08 20:30:00,0.0,0.0,0.0,0.0,0.0,0.0
2018-10-08 21:30:00,0.0,0.0,0.0,0.0,0.0,0.0
2018-10-08 22:30:00,0.0,0.0,0.0,0.0,0.0,0.0
2018-10-08 23:30:00,0.0,0.0,0.0,0.0,0.0,0.0
2018-10-09 00:30:00,0.0,0.0,0.0,0.0,0.0,0.0
2018-10-09 01:30:00,0.0,0.0,0.0,0.0,0.0,0.0
2018-10-09 02:30:00,0.0,0.0,0.0,0.0,0.0,0.0
2018-10-09 03:30:00,0.0,0.0,0.0,0.0,0.0,0.0
2018-10-09 04:30:00,0.0,0.0,0.0,0.0,0.0,0.0
2018-10-09 05:30:00,0.0,0.0,0.0,0.0,0.0,0.0
2018-10-09 06:30:00,0.0023684319547606306,0.001568620445808145,0.002650757220834834,0.001194396375848826,0.00275069949899199,0.0036967174657319152
2018-10-09 07:30:00,0.00748563826393525,0.010059613562360391,0.0428888371100691,0.0553986874242486,0.012139078499006662,0.1184332860760099
2018-10-09 08:30:00,0.03728519558094629,0.02608576610626721,0.06872074193713057,0.09865078957999546,0.03806701553282674,0.7021977217577644
2018-10-09 09:30:00,0.016694593322057985,0.008806826278968864,0.22723642103073394,0.06682474711454953,0.11129345141481142,0.21771708933639275
2018-10-09 10:30:00,0.056188464865503926,0.03771956024419841,0.2004545998974114,0.10483957555691518,0.03448877125884855,0.14461345305346504
2018-10-09 11:30:00,0.08519253091404227,0.05062575136811852,0.22154145485697171,0.06601579831474219,0.020932442316280515,0.2891384129373132
2018-10-09 12:30:00,0.035928556978222,0.10217434674516734,0.1980041298550316,0.13958069957579755,0.15944362078810154,0.18389099880458248
2018-10-09 13:30:00,0.27276312182020557,0.05440793952382473,0.12123224130395774,0.14969761485681787,0.1913142705043306,0.14690215554942632
2018-10-09 14:30:00,0.09347743644090131,0.16426857906480688,0.055363578130009465,0.12357206661414716,0.03158564928651225,0.15722388220239913
2018-10-09 15:30:00,0.020193325969824993,0.017126820566791212,0.03892394776222842,0.17860970459994424,0.06698157236473289,0.37316764967874416
2018-10-09 16:30:00,0.006717587240644581,0.019446187423179623,0.11117805621325226,0.036560248286890994,0.021284857686136714,0.025930714199061598
2018-10-09 17:30:00,0.0,0.0,-0.0,0.0,-0.0,0.0011325099688058976
2018-10-09 18:30:00,0.0,0.0,0.0,0.0,0.0,0.0
2018-10-09 19:30:00,0.0,0.0,0.0,0.0,0.0,0.0
2018-10-09 20:30:00,0.0,0.0,0.0,0.0,0.0,0.0
2018-10-09 21:30:00,0.0,0.0,0.0,0.0,0.0,0.0
2018-10-09 22:30:00,0.0,0.0,0.0,0.0,0.0,0.0
2018-10-09 23:30:00,0.0,0.0,0.0,0.0,0.0,0.0
2018-10-10 00:30:00,0.0,0.0,0.0,0.0,0.0,0.0
2018-10-10 01:30:00,0.0,0.0,0.0,0.0,0.0,0.0
2018-10-10 02:30:00,0.0,0.0,0.0,0.0,0.0,0.0
2018-10-10 03:30:00,0.0,0.0,0.0,0.0,0.0,0.0
2018-10-10 04:30:00,0.0,0.0,0.0,0.0,0.0,0.0
2018-10-10 05:30:00,0.0,0.0,0.0,0.0,0.0,0.0
2018-10-10 06:30:00,0.0017557706176867024,0.1849459394105585,0.005045837685903789,0.0061323349748746425,0.12256785935943432,0.0024566462287203272
2018-10-10 07:30:00,-0.0,0.012724817110062802,0.019437156870617953,0.05057158858976856,0.03906706333638886,0.07286813111631359
2018-10-10 08:30:00,0.019700655293229518,0.041950414242544726,0.0011681177031745758,0.21272062064762912,0.09430153243311913,0.017965312911822278
2018-10-10 09:30:00,0.002921241003916473,0.18779756970853276,0.03286405076210366,0.0035765178598027355,0.7232741122031545,0.16280896342801948
2018-10-10 10:30:00,0.02474779473757043,0.2813940542368228,0.37073795022077444,0.011832531998635723,0.14889132395371452,0.3273386897703947
2018-10-10 11:30:00,0.05823393387612685,0.20051453120541624,0.3275141859029302,0.16686016201521045,0.024391680804384648,0.31671985603870983
2018-10-10 12:30:00,0.2485177236162735,0.14352182624763218,0.3597207196832538,0.334049104344316,0.25147252804424264,0.1258209162015817
2018-10-10 13:30:00,0.12567796477683502,0.16898577054545336,0.34925865955097524,0.06652993175232624,0.3043813585977728,0.4506136005683407
2018-10-10 14:30:00,0.08033330384735143,0.09096446270465901,0.43376355670544803,0.07388450824958134,0.01062384515004761,0.40676745460901903
2018-10-10 15:30:00,0.647031649607991,0.07664959778708677,0.10414984343515894,0.643156734207785,0.04260164404385738,0.24779016374755938
2018-10-10 16:30:00,0.3782057018537173,0.3125847846134419,0.034903787642312764,0.05035592551336322,0.14610677635724148,0.10352619960082161
2018-10-10 17:30:00,0.0,0.0,-0.0,0.0,-0.0,0.0024351399372519503
2018-10-10 18:30:00,0.0,0.0,0.0,0.0,0.0,0.0
2018-10-10 19:30:00,0.0,0.0,0.0,0.0,0.0,0.0
2018-10-10 20:30:00,0.0,0.0,0.0,0.0,0.0,0.0
2018-10-10 21:30:00,0.0,0.0,0.0,0.0,0.0,0.0
2018-10-10 22:30:00,0.0,0.0,0.0,0.0,0.0,0.0
2018-10-10 23:30:00,0.0,0.0,0.0,0.0,0.0,0.0
2018-10-11 00:30:00,0.0,0.0,0.0,0.0,0.0,0.0
2018-10-11 01:30:00,0.0,0.0,0.0,0.0,0.0,0.0
2018-10-11 02:30:00,0.0,0.0,0.0,0.0,0.0,0.0
2018-10-11 03:30:00,0.0,0.0,0.0,0.0,0.0,0.0
2018-10-11 04:30:00,0.0,0.0,0.0,0.0,0.0,0.0
2018-10-11 05:30:00,0.0,0.0,0.0,0.0,0.0,0.0
2018-10-11 06:30:00,-0.0,0.006404644919171397,-0.0,0.0004686160509508924,0.007524564014790595,-0.0
2018-10-11 07:30:00,0.0011551455985011224,0.017287419968478192,0.014169239351919166,0.008110248746476199,0.001843972246198727,0.06175314086766034
2018-10-11 08:30:00,0.10172107655479214,0.041306809081800115,0.032164641500528085,0.011750287757084638,0.20656349667164214,0.020021340918855227
2018-10-11 09:30:00,0.08922755131883801,0.0036411889603533702,0.043427698935041885,0.031981959539746224,0.7157174231316211,0.11657556868214282
2018-10-11 10:30:00,0.1891912553229015,0.007498146698472462,0.032605287169987215,0.12229009433771224,0.6732704372919198,0.1464577959182226
2018-10-11 11:30:00,0.4350123423309569,0.16834928209677344,0.06598227655346901,0.2891221906369789,0.07472837230940256,0.07986648328034993
2018-10-11 12:30:00,0.6026842454501395,0.19100015452396185,0.15803356012466147,0.17236704014433948,0.6496853801635584,0.19523511124312898
2018-10-11 13:30:00,0.6401028988634813,0.1346409869027104,0.029979326110601487,0.2235576395647385,0.04030857578077156,0.25518804680361606
2018-10-11 14:30:00,0.6633300971483002,0.008100905750080786,0.16572743718050997,0.21100988425195394,0.4198785382973391,0.15437970117551533
2018-10-11 15:30:00,0.026018095524486667,0.6072682241483701,0.013201168926093531,0.1568429555013879,0.14377372310359401,0.038333235924254305
2018-10-11 16:30:00,0.02628762784759855,0.2835250428136564,0.0535443181015774,0.01778997764976512,0.031540864127923424,0.021484935460673368
2018-10-11 17:30:00,0.0,0.0,-0.0,0.0,0.0,-0.0
2018-10-11 18:30:00,0.0,0.0,0.0,0.0,0.0,0.0
2018-10-11 19:30:00,0.0,0.0,0.0,0.0,0.0,0.0
2018-10-11 20:30:00,0.0,0.0,0.0,0.0,0.0,0.0
2018-10-11 21:30:00,0.0,0.0,0.0,0.0,0.0,0.0
2018-10-11 22:30:00,0.0,0.0,0.0,0.0,0.0,0.0
2018-10-11 23:30:00,0.0,0.0,0.0,0.0,0.0,0.0
2018-10-12 00:30:00,0.0,0.0,0.0,0.0,0.0,0.0
2018-10-12 01:30:00,0.0,0.0,0.0,0.0,0.0,0.0
2018-10-12 02:30:00,0.0,0.0,0.0,0.0,0.0,0.0
2018-10-12 03:30:00,0.0,0.0,0.0,0.0,0.0,0.0
2018-10-12 04:30:00,0.0,0.0,0.0,0.0,0.0,0.0
2018-10-12 05:30:00,0.0,0.0,0.0,0.0,0.0,0.0
2018-10-12 06:30:00,0.10424911226781315,0.047291717423379856,0.08130924012232137,0.10099653236718656,0.016054334410988615,0.030095751590203886
2018-10-12 07:30:00,0.5939100196432143,0.6323510923482718,0.600818544868631,0.5858773646683022,0.30349506211860094,0.5610182658870573
2018-10-12 08:30:00,0.6894942048294601,0.38649201654906196,0.707299364399301,0.6810523447793199,0.4514617304545269,0.7072346797770935
2018-10-12 09:30:00,0.6878107943834645,0.5113772933697933,0.7076842519441573,0.6784243351565428,0.46351740176094347,0.4333106867026071
2018-10-12 10:30:00,0.6365151004882672,0.5147328191709485,0.3471324120975745,0.6264196005273935,0.5217777358506447,0.40200771086187786
2018-10-12 11:30:00,0.6013669981763579,0.6094492759085178,0.6207126272549437,0.5876932695890564,0.628145907343905,0.531491167984476
2018-10-12 12:30:00,0.6019078269333163,0.6163834294907529,0.623567719017907,0.5950744398487574,0.6350625073631107,0.553764092362355
2018-10-12 13:30:00,0.634937945159379,0.6471616478967382,0.6608138552771372,0.6302063769130912,0.6712281890668704,0.4885387580584352
2018-10-12 14:30:00,0.6590788662624002,0.6646180025729463,0.6947762843397356,0.6578325286673554,0.7058798355059959,0.7158282957752845
2018-10-12 15:30:00,0.6185999701244921,0.5048841935958284,0.6682929334542244,0.6132078226182613,0.6750350227565263,0.6974487660744271
2018-10-12 16:30:00,0.3496284630134749,0.10619378972426984,0.4410140294982287,0.3227005122037588,0.4200121764378382,0.5129293066078804
2018-10-12 17:30:00,0.0,0.0,-0.0,0.0,0.0,-0.0
2018-10-12 18:30:00,0.0,0.0,0.0,0.0,0.0,0.0
2018-10-12 19:30:00,0.0,0.0,0.0,0.0,0.0,0.0
2018-10-12 20:30:00,0.0,0.0,0.0,0.0,0.0,0.0
2018-10-12 21:30:00,0.0,0.0,0.0,0.0,0.0,0.0
2018-10-12 22:30:00,0.0,0.0,0.0,0.0,0.0,0.0
2018-10-12 23:30:00,0.0,0.0,0.0,0.0,0.0,0.0
2018-10-13 00:30:00,0.0,0.0,0.0,0.0,0.0,0.0
2018-10-13 01:30:00,0.0,0.0,0.0,0.0,0.0,0.0
2018-10-13 02:30:00,0.0,0.0,0.0,0.0,0.0,0.0
2018-10-13 03:30:00,0.0,0.0,0.0,0.0,0.0,0.0
2018-10-13 04:30:00,0.0,0.0,0.0,0.0,0.0,0.0
2018-10-13 05:30:00,0.0,0.0,0.0,0.0,0.0,0.0
2018-10-13 06:30:00,0.09383962146599598,0.1577100980510178,0.049947645188285344,0.08936650028802581,0.12160209254389107,0.02948494884304094
2018-10-13 07:30:00,0.5854108127189851,0.6085456645653491,0.5750785064941774,0.5788134721227802,0.6535623477079051,0.5580689065158473
2018-10-13 08:30:00,0.6642108075644028,0.6875127752765612,0.6855591744592064,0.6576181002891565,0.7333926061450718,0.7216846770422389
2018-10-13 09:30:00,0.6497553367311725,0.6791928563610141,0.6856300966143823,0.6457827408906182,0.7193280421900071,0.7310276621556292
2018-10-13 10:30:00,0.6090884311243301,0.6295581528414044,0.6399763669350497,0.5955166336606461,0.6610867450705836,0.6866554268874302
2018-10-13 11:30:00,0.5798311688501403,0.6002320167575141,0.6037666746456868,0.5688347884988028,0.6237170382718695,0.6467397598067884
2018-10-13 12:30:00,0.5837133884753688,0.6120253127729063,0.6084457122701974,0.5854466138713641,0.6326626009785309,0.6490324984552458
2018-10-13 13:30:00,0.6187016075098997,0.6485901013225348,0.6406874928580257,0.6282376136386918,0.6657536744467061,0.6454752067385784
2018-10-13 14:30:00,0.6445000971448046,0.6703703902529062,0.6776377254060846,0.6540252293742004,0.7009195238331648,0.7298631656215399
2018-10-13 15:30:00,0.6146011143600284,0.6194092372014023,0.6512451345244363,0.6066875423328155,0.6717152981817001,0.7103031693947408
2018-10-13 16:30:00,0.33804572242026826,0.28334554050522437,0.4143920551956348,0.021857720491017123,0.4066000519101431,0.5070605333217552
2018-10-13 17:30:00,0.0,0.0,0.0,0.0,0.0,-0.0
2018-10-13 18:30:00,0.0,0.0,0.0,0.0,0.0,0.0
2018-10-13 19:30:00,0.0,0.0,0.0,0.0,0.0,0.0
2018-10-13 20:30:00,0.0,0.0,0.0,0.0,0.0,0.0
2018-10-13 21:30:00,0.0,0.0,0.0,0.0,0.0,0.0
2018-10-13 22:30:00,0.0,0.0,0.0,0.0,0.0,0.0
2018-10-13 23:30:00,0.0,0.0,0.0,0.0,0.0,0.0
2018-10-14 00:30:00,0.0,0.0,0.0,0.0,0.0,0.0
2018-10-14 01:30:00,0.0,0.0,0.0,0.0,0.0,0.0
2018-10-14 02:30:00,0.0,0.0,0.0,0.0,0.0,0.0
2018-10-14 03:30:00,0.0,0.0,0.0,0.0,0.0,0.0
2018-10-14 04:30:00,0.0,0.0,0.0,0.0,0.0,0.0
2018-10-14 05:30:00,0.0,0.0,0.0,0.0,0.0,0.0
2018-10-14 06:30:00,0.003460404055427955,0.003927799532021562,0.0030457718047821112,0.0049815050613523666,0.013051650792635622,4.9763108408809135e-05
2018-10-14 07:30:00,0.03796609150649988,0.003226078224177261,0.029473799626381924,0.019742645223502314,0.0046206720826593335,0.016625816646118875
2018-10-14 08:30:00,0.06895254394916112,0.03966522880263969,0.36424717960136266,0.03827503141513016,0.014289719850642327,0.08365768283129184
2018-10-14 09:30:00,0.023823053888911278,0.012917557123908737,0.18646914542839282,0.02500508555975527,0.06483724567460018,0.08531488879959725
2018-10-14 10:30:00,0.11272609761129017,0.1259694021019533,0.3304606911332871,0.12568714903049047,0.18804995378261108,0.1220891820910559
2018-10-14 11:30:00,0.4273666349990671,0.09594580834419289,0.5003738551142478,0.31349346085434243,0.30394846895907685,0.3895524240558639
2018-10-14 12:30:00,0.2023569205292588,0.0858315525185167,0.5400259816885221,0.280131183653046,0.11234147906735767,0.6747898946934786
2018-10-14 13:30:00,0.4266019509430098,0.04745342956282807,0.49588957766017117,0.23102998879833908,0.11988425568058778,0.5249171759301177
2018-10-14 14:30:00,0.19740550139388954,0.06076843166762743,0.43784146483360653,0.2128975480678139,0.08695870049700768,0.37477291285853465
2018-10-14 15:30:00,0.6338287609157048,0.04147773852524571,0.3356474761126172,0.6313692314678552,0.19456496791421038,0.441579770206693
2018-10-14 16:30:00,0.296865469599445,0.023052865213478962,0.043814486091025666,0.0501990208126816,0.08752344188204864,0.1026811622851106
2018-10-14 17:30:00,0.0,0.0,0.0,0.0,0.0,-0.0
2018-10-14 18:30:00,0.0,0.0,0.0,0.0,0.0,0.0
2018-10-14 19:30:00,0.0,0.0,0.0,0.0,0.0,0.0
2018-10-14 20:30:00,0.0,0.0,0.0,0.0,0.0,0.0
2018-10-14 21:30:00,0.0,0.0,0.0,0.0,0.0,0.0
2018-10-14 22:30:00,0.0,0.0,0.0,0.0,0.0,0.0
2018-10-14 23:30:00,0.0,0.0,0.0,0.0,0.0,0.0
2018-10-15 00:30:00,0.0,0.0,0.0,0.0,0.0,0.0
2018-10-15 01:30:00,0.0,0.0,0.0,0.0,0.0,0.0
2018-10-15 02:30:00,0.0,0.0,0.0,0.0,0.0,0.0
2018-10-15 03:30:00,0.0,0.0,0.0,0.0,0.0,0.0
2018-10-15 04:30:00,0.0,0.0,0.0,0.0,0.0,0.0
2018-10-15 05:30:00,0.0,0.0,0.0,0.0,0.0,0.0
2018-10-15 06:30:00,0.09683607863453826,0.16133760479901324,0.007713772723227838,0.09845435430741098,0.09728107654283438,9.258435345793927e-05
2018-10-15 07:30:00,0.6294842946503104,0.04340393196486955,0.6063710059146502,0.656288372812463,0.38655129683368994,0.5886677050772682
2018-10-15 08:30:00,0.71157234024406,0.11126673675260731,0.7243148251014279,0.7439497935537327,0.7277572239129805,0.746268656716418
2018-10-15 09:30:00,0.7108961574864262,0.2460747616740422,0.7215804320140662,0.7287320020407564,0.7200334093641702,0.746268656716418
2018-10-15 10:30:00,0.6552459973434762,0.6712123370557181,0.6706830871038552,0.6572248654217137,0.670887046559218,0.7138651332403476
2018-10-15 11:30:00,0.6263070460474578,0.6375105082127729,0.6352703531992402,0.6242794848843688,0.6291478636916366,0.6727009750090561
2018-10-15 12:30:00,0.6437050960864471,0.6490829172282209,0.6405179576781983,0.6366300031621461,0.6518965085672692,0.6750132553651814
2018-10-15 13:30:00,0.6912898288819577,0.6875793417731341,0.6800737599681645,0.682857146644598,0.6924278613336524,0.7149608622513873
2018-10-15 14:30:00,0.7154227553828785,0.711425066479754,0.7173463481814842,0.7069022949303446,0.463983117919094,0.746268656716418
2018-10-15 15:30:00,0.6758897538490622,0.6538259938254838,0.6831684976296177,0.6611154044145741,0.7049568137182615,0.7439339281825246
2018-10-15 16:30:00,0.352340346985526,0.28607997920408806,0.4271070192309581,0.31870641572828806,0.40371509380733916,0.5242919536465899
2018-10-15 17:30:00,0.0,0.0,0.0,0.0,0.0,-0.0
2018-10-15 18:30:00,0.0,0.0,0.0,0.0,0.0,0.0
2018-10-15 19:30:00,0.0,0.0,0.0,0.0,0.0,0.0
2018-10-15 20:30:00,0.0,0.0,0.0,0.0,0.0,0.0
2018-10-15 21:30:00,0.0,0.0,0.0,0.0,0.0,0.0
2018-10-15 22:30:00,0.0,0.0,0.0,0.0,0.0,0.0
2018-10-15 23:30:00,0.0,0.0,0.0,0.0,0.0,0.0
2018-10-16 00:30:00,0.0,0.0,0.0,0.0,0.0,0.0
2018-10-16 01:30:00,0.0,0.0,0.0,0.0,0.0,0.0
2018-10-16 02:30:00,0.0,0.0,0.0,0.0,0.0,0.0
2018-10-16 03:30:00,0.0,0.0,0.0,0.0,0.0,0.0
2018-10-16 04:30:00,0.0,0.0,0.0,0.0,0.0,0.0
2018-10-16 05:30:00,0.0,0.0,0.0,0.0,0.0,0.0
2018-10-16 06:30:00,0.0783031796279512,0.13864432449095382,0.039304505356443975,0.07051093453004974,0.10193621180262669,-0.0
2018-10-16 07:30:00,0.5718471519998921,0.6130057198305284,0.5619524512913994,0.5590406283163624,0.6343592955893398,0.5570113174729651
2018-10-16 08:30:00,0.6698767330705826,0.6890895238539488,0.6846825020414671,0.6553371552186544,0.7283125629878688,0.7357488179261025
2018-10-16 09:30:00,0.6706099808449326,0.6776596164858719,0.6786688985393473,0.6511735263182692,0.7190661866326518,0.7383479268155118
2018-10-16 10:30:00,0.6223018208166075,0.6303567890820471,0.6280893880649847,0.6057156715431555,0.6719267642514742,0.6826419384798312
2018-10-16 11:30:00,0.5920037193849881,0.6020591400541832,0.5946895577065463,0.5736015010754381,0.6404788075213165,0.6396154709587436
2018-10-16 12:30:00,0.6027995202332129,0.6137358826681912,0.5994390571244438,0.5843576773466552,0.6499753888273576,0.6369961803007498
2018-10-16 13:30:00,0.6427024236498714,0.6548676337482495,0.638291841658838,0.6260558978022501,0.6898715246384108,0.6749622417106408
2018-10-16 14:30:00,0.6725214804847456,0.6785889247376541,0.6691169533331889,0.6554704695988584,0.7271951012900606,0.7110227624813339
2018-10-16 15:30:00,0.6280955967736488,0.6202149077906317,0.6490109989749009,0.6073399726606994,0.6929475243598117,0.6953157126145864
2018-10-16 16:30:00,0.30882745976835824,0.2555762096761497,0.38753306634170154,0.2840632149981511,0.38191297700053134,0.47724660354574416
2018-10-16 17:30:00,0.0,0.0,0.0,0.0,0.0,-0.0
2018-10-16 18:30:00,0.0,0.0,0.0,0.0,0.0,0.0
2018-10-16 19:30:00,0.0,0.0,0.0,0.0,0.0,0.0
2018-10-16 20:30:00,0.0,0.0,0.0,0.0,0.0,0.0
2018-10-16 21:30:00,0.0,0.0,0.0,0.0,0.0,0.0
2018-10-16 22:30:00,0.0,0.0,0.0,0.0,0.0,0.0
2018-10-16 23:30:00,0.0,0.0,0.0,0.0,0.0,0.0
2018-10-17 00:30:00,0.0,0.0,0.0,0.0,0.0,0.0
2018-10-17 01:30:00,0.0,0.0,0.0,0.0,0.0,0.0
2018-10-17 02:30:00,0.0,0.0,0.0,0.0,0.0,0.0
2018-10-17 03:30:00,0.0,0.0,0.0,0.0,0.0,0.0
2018-10-17 04:30:00,0.0,0.0,0.0,0.0,0.0,0.0
2018-10-17 05:30:00,0.0,0.0,0.0,0.0,0.0,0.0
2018-10-17 06:30:00,0.0698438948284324,0.016002449069469796,0.001142669628014352,0.06604142986390736,0.08187954008572178,-0.0
2018-10-17 07:30:00,0.554473826746404,0.09466766319464727,0.5243234468387596,0.5303797062001384,0.5921064272790685,0.06629720967491934
2018-10-17 08:30:00,0.25402279275238887,0.2819991402721576,0.6569843293238702,0.6424035447835487,0.20436085805989637,0.3260896812067949
2018-10-17 09:30:00,0.34194585989637954,0.2854110504223909,0.33113810574791086,0.6473220727202819,0.13531131290610507,0.7080314357260236
2018-10-17 10:30:00,0.41940459555188736,0.603701129583384,0.3945849837721637,0.6001187363465647,0.18052748499700985,0.6566663147133535
2018-10-17 11:30:00,0.40229552411553343,0.4436278235531619,0.40040428908246306,0.5686369052240894,0.3053832389266937,0.6150677350532558
2018-10-17 12:30:00,0.59113378168938,0.4318877066949531,0.35808691953058813,0.5778015937114128,0.27357105048285824,0.5619713353616427
2018-10-17 13:30:00,0.3458049193630798,0.37264976529942007,0.31047150354377323,0.6214043790373726,0.6769472268956276,0.2082720655632279
2018-10-17 14:30:00,0.6638313453870885,0.6556069803815546,0.3420275978219492,0.6465984258257922,0.7101110326439073,0.5183378954639831
2018-10-17 15:30:00,0.26675218954950025,0.5951819490356023,0.3385781458088668,0.30536257121732535,0.23272724631880073,0.2138263316053993
2018-10-17 16:30:00,0.2924145005793314,0.07896428215391715,0.06602419063245835,0.263307628782563,0.04128106255631863,0.03878819618800213
2018-10-17 17:30:00,0.0,0.0,0.0,0.0,0.0,-0.0
2018-10-17 18:30:00,0.0,0.0,0.0,0.0,0.0,0.0
2018-10-17 19:30:00,0.0,0.0,0.0,0.0,0.0,0.0
2018-10-17 20:30:00,0.0,0.0,0.0,0.0,0.0,0.0
2018-10-17 21:30:00,0.0,0.0,0.0,0.0,0.0,0.0
2018-10-17 22:30:00,0.0,0.0,0.0,0.0,0.0,0.0
2018-10-17 23:30:00,0.0,0.0,0.0,0.0,0.0,0.0
2018-10-18 00:30:00,0.0,0.0,0.0,0.0,0.0,0.0
2018-10-18 01:30:00,0.0,0.0,0.0,0.0,0.0,0.0
2018-10-18 02:30:00,0.0,0.0,0.0,0.0,0.0,0.0
2018-10-18 03:30:00,0.0,0.0,0.0,0.0,0.0,0.0
2018-10-18 04:30:00,0.0,0.0,0.0,0.0,0.0,0.0
2018-10-18 05:30:00,0.0,0.0,0.0,0.0,0.0,0.0
2018-10-18 06:30:00,0.0670977583708566,0.10359345987514836,-0.0,0.061323175933617725,0.00033505897602607935,-0.0
2018-10-18 07:30:00,0.5549555868049199,0.05573583493780703,0.10784199063271806,0.5312020497507179,0.5972221812778623,0.012274216867346786
2018-10-18 08:30:00,0.657991237344986,0.09116184121105798,0.16328578541767833,0.6409914502582872,0.2910600443479614,0.010608757086392678
2018-10-18 09:30:00,0.648690516267957,0.2669543844301672,0.6494865618190792,0.6293951468513316,0.08751948029922155,0.7037624453769062
2018-10-18 10:30:00,0.5958360205765144,0.15904111789529798,0.4436167296167122,0.5721447489558047,0.19980301657284327,0.6545523873791776
2018-10-18 11:30:00,0.5629628093121491,0.16472103844914948,0.4481177073622308,0.5385136057700252,0.3167008450249268,0.537522188239228
2018-10-18 12:30:00,0.5710842429508478,0.08333288921347835,0.4904522546415678,0.5461084962060678,0.6159657124444475,0.5777403366294953
2018-10-18 13:30:00,0.6116562716449385,0.0592795853022611,0.3999582120806345,0.585109776248999,0.6520147870765551,0.33013175640069353
2018-10-18 14:30:00,0.2633451512547075,0.03230296317590663,0.3269443613388262,0.6163068971818901,0.6799961757246247,0.09236128465191722
2018-10-18 15:30:00,0.5919193324472019,0.5815666376168942,0.6218562892750508,0.5690592942059929,0.14428186362167092,0.3918521257517193
2018-10-18 16:30:00,0.2718068464932897,0.20196984341716945,0.045626668331651306,0.2510497316292529,0.32853018825571795,0.010093019750122537
2018-10-18 17:30:00,0.0,0.0,0.0,0.0,0.0,0.0
2018-10-18 18:30:00,0.0,0.0,0.0,0.0,0.0,0.0
2018-10-18 19:30:00,0.0,0.0,0.0,0.0,0.0,0.0
2018-10-18 20:30:00,0.0,0.0,0.0,0.0,0.0,0.0
2018-10-18 21:30:00,0.0,0.0,0.0,0.0,0.0,0.0
2018-10-18 22:30:00,0.0,0.0,0.0,0.0,0.0,0.0
2018-10-18 23:30:00,0.0,0.0,0.0,0.0,0.0,0.0
2018-10-19 00:30:00,0.0,0.0,0.0,0.0,0.0,0.0
2018-10-19 01:30:00,0.0,0.0,0.0,0.0,0.0,0.0
2018-10-19 02:30:00,0.0,0.0,0.0,0.0,0.0,0.0
2018-10-19 03:30:00,0.0,0.0,0.0,0.0,0.0,0.0
2018-10-19 04:30:00,0.0,0.0,0.0,0.0,0.0,0.0
2018-10-19 05:30:00,0.0,0.0,0.0,0.0,0.0,0.0
2018-10-19 06:30:00,0.03954218802654614,0.10405048010067937,0.020100178979791657,0.038759498326293274,0.07485487296430063,-0.0
2018-10-19 07:30:00,0.5406288408945205,0.5767885770584982,0.4989795667380378,0.5320782514559085,0.5892055432881798,0.49673710675292426
2018-10-19 08:30:00,0.6580106062401221,0.6646831089545667,0.25825528009638044,0.6537872990776947,0.6902548931125031,0.6974978342659618
2018-10-19 09:30:00,0.6565984315778401,0.6576873330697836,0.6491648702060043,0.6549082403644221,0.686953900677617,0.7058921913163253
2018-10-19 10:30:00,0.6098272202936582,0.6113158025329106,0.6047244586868942,0.6014332628170982,0.6395359620020743,0.6582069509448423
2018-10-19 11:30:00,0.5753105378295771,0.582572494345246,0.5664248054003526,0.5650502651341213,0.6078063285826788,0.6160174005154602
2018-10-19 12:30:00,0.5839792942178331,0.6022500226129937,0.5715254714735355,0.5763471155132096,0.6163729228707917,0.6144712247758599
2018-10-19 13:30:00,0.623289296394553,0.6462911890192765,0.6056189046136724,0.6152784173390422,0.6565698127452695,0.6521361722881377
2018-10-19 14:30:00,0.6519139291908498,0.6695251856646333,0.6426606947268374,0.6444561006796402,0.6934589065830985,0.6938204433865736
2018-10-19 15:30:00,0.6062822394554452,0.6097304138187133,0.6234608586486283,0.5916069494067889,0.6537485387151273,0.6714141734637397
2018-10-19 16:30:00,0.2717635402672114,0.2209440241567328,0.3377424797832605,0.24292875242368084,0.3282231412318897,0.42174488512237035
2018-10-19 17:30:00,0.0,0.0,0.0,0.0,0.0,0.0
2018-10-19 18:30:00,0.0,0.0,0.0,0.0,0.0,0.0
2018-10-19 19:30:00,0.0,0.0,0.0,0.0,0.0,0.0
2018-10-19 20:30:00,0.0,0.0,0.0,0.0,0.0,0.0
2018-10-19 21:30:00,0.0,0.0,0.0,0.0,0.0,0.0
2018-10-19 22:30:00,0.0,0.0,0.0,0.0,0.0,0.0
2018-10-19 23:30:00,0.0,0.0,0.0,0.0,0.0,0.0
2018-10-20 00:30:00,0.0,0.0,0.0,0.0,0.0,0.0
2018-10-20 01:30:00,0.0,0.0,0.0,0.0,0.0,0.0
2018-10-20 02:30:00,0.0,0.0,0.0,0.0,0.0,0.0
2018-10-20 03:30:00,0.0,0.0,0.0,0.0,0.0,0.0
2018-10-20 04:30:00,0.0,0.0,0.0,0.0,0.0,0.0
2018-10-20 05:30:00,0.0,0.0,0.0,0.0,0.0,0.0
2018-10-20 06:30:00,0.03567505726764588,0.09944231226592846,0.018184577398970198,0.0327302264955521,0.05109267313763848,-0.0
2018-10-20 07:30:00,0.5191781609931689,0.5658348678134135,0.49124227666719134,0.5013601614147477,0.5921668796900735,0.4853489874548846
2018-10-20 08:30:00,0.6339190268762614,0.647336521304199,0.634327178097346,0.6156166912017259,0.6892186452939412,0.6849579350567357
2018-10-20 09:30:00,0.620523094577177,0.6367963087231745,0.6318957189199056,0.6115522113639899,0.6705989098354315,0.6862180629520521
2018-10-20 10:30:00,0.5747361926288894,0.5897985118603026,0.5836388646853299,0.5676303080747351,0.6212902029833336,0.6322287327314946
2018-10-20 11:30:00,0.5464384254652638,0.5589446777255935,0.5487147064101873,0.5365522293779107,0.5930304190232065,0.5906074328744676
2018-10-20 12:30:00,0.5588129214372464,0.5736731941493304,0.5542805819434251,0.5498223602496908,0.6019519724475477,0.5861656930116695
2018-10-20 13:30:00,0.6019052708423407,0.6147038859377365,0.5924747923087068,0.5936439917339612,0.6413334424927398,0.6193794910509087
2018-10-20 14:30:00,0.6346070246451861,0.6378073982465501,0.6290303005028302,0.6248858007953009,0.6765840148959983,0.6577868431801519
2018-10-20 15:30:00,0.5925587969950425,0.5843632931853009,0.6127453895025707,0.5810141586162932,0.6420436559198754,0.6447359823877172
2018-10-20 16:30:00,0.2553387775514295,0.20488891020900638,0.3226926772548442,0.23448623640433242,0.3213942174250197,0.4039367921802381
2018-10-20 17:30:00,0.0,0.0,0.0,0.0,0.0,0.0
2018-10-20 18:30:00,0.0,0.0,0.0,0.0,0.0,0.0
2018-10-20 19:30:00,0.0,0.0,0.0,0.0,0.0,0.0
2018-10-20 20:30:00,0.0,0.0,0.0,0.0,0.0,0.0
2018-10-20 21:30:00,0.0,0.0,0.0,0.0,0.0,0.0
2018-10-20 22:30:00,0.0,0.0,0.0,0.0,0.0,0.0
2018-10-20 23:30:00,0.0,0.0,0.0,0.0,0.0,0.0
2018-10-21 00:30:00,0.0,0.0,0.0,0.0,0.0,0.0
2018-10-21 01:30:00,0.0,0.0,0.0,0.0,0.0,0.0
2018-10-21 02:30:00,0.0,0.0,0.0,0.0,0.0,0.0
2018-10-21 03:30:00,0.0,0.0,0.0,0.0,0.0,0.0
2018-10-21 04:30:00,0.0,0.0,0.0,0.0,0.0,0.0
2018-10-21 05:30:00,0.0,0.0,0.0,0.0,0.0,0.0
2018-10-21 06:30:00,0.03227811513198458,0.0967317801065951,-0.0,0.003799984384850401,0.005381042680131851,-0.0
2018-10-21 07:30:00,0.5154747134897976,0.4196875862514793,0.022943374089266846,0.20850927670374664,0.584093597441667,0.06505972123856148
2018-10-21 08:30:00,0.6349796931401902,0.6488892240477023,0.07784782333248012,0.6321313194497927,0.6947309026203645,0.23150168570158391
2018-10-21 09:30:00,0.6294340186052619,0.6320029358379443,0.17862458314649005,0.624318328141381,0.683228271080503,0.36781787683308576
2018-10-21 10:30:00,0.5777438509175944,0.5810805849408955,0.5819417148732152,0.5687833385562093,0.6227325645259927,0.6203453212686503
2018-10-21 11:30:00,0.5401687123936719,0.5535941801769876,0.5472953027325347,0.5312590075443675,0.585781083600829,0.5840133184523856
2018-10-21 12:30:00,0.5490060049852699,0.570715652776382,0.5523147441525929,0.5404231380472638,0.5909649006270169,0.5858531274777061
2018-10-21 13:30:00,0.5892139851583776,0.6139424101132962,0.5887390768891049,0.5804863854199748,0.6270562531343993,0.6216577875092394
2018-10-21 14:30:00,0.6143985714953096,0.6352314553499676,0.621256231718515,0.6067904607089131,0.6484404490597759,0.4341810043109234
2018-10-21 15:30:00,0.5654033336369789,0.5708181758168146,0.595538380077198,0.5560445599246464,0.6057318386088278,0.3032680789859715
2018-10-21 16:30:00,0.23074748495706035,0.18551149623793542,0.2951425111886954,0.2120836059472752,0.28958815908692676,0.3718163036330505
2018-10-21 17:30:00,0.0,0.0,0.0,0.0,0.0,0.0
2018-10-21 18:30:00,0.0,0.0,0.0,0.0,0.0,0.0
2018-10-21 19:30:00,0.0,0.0,0.0,0.0,0.0,0.0
2018-10-21 20:30:00,0.0,0.0,0.0,0.0,0.0,0.0
2018-10-21 21:30:00,0.0,0.0,0.0,0.0,0.0,0.0
2018-10-21 22:30:00,0.0,0.0,0.0,0.0,0.0,0.0
2018-10-21 23:30:00,0.0,0.0,0.0,0.0,0.0,0.0
2018-10-22 00:30:00,0.0,0.0,0.0,0.0,0.0,0.0
2018-10-22 01:30:00,0.0,0.0,0.0,0.0,0.0,0.0
2018-10-22 02:30:00,0.0,0.0,0.0,0.0,0.0,0.0
2018-10-22 03:30:00,0.0,0.0,0.0,0.0,0.0,0.0
2018-10-22 04:30:00,0.0,0.0,0.0,0.0,0.0,0.0
2018-10-22 05:30:00,0.0,0.0,0.0,0.0,0.0,0.0
2018-10-22 06:30:00,0.001638490596519707,0.07694185066498226,-0.0,0.020874586856138366,0.0040551168688820645,-0.0
2018-10-22 07:30:00,0.47672762767577537,0.5380689339164766,0.44901406199495797,0.46191008389927757,0.15365500257900067,0.4338676419756239
2018-10-22 08:30:00,0.6032905835433499,0.6184431566195421,0.6100191368280866,0.23885903337441078,0.31264690999243205,0.6464112782866163
2018-10-22 09:30:00,0.3753574651569661,0.6069345218969872,0.3388468372969307,0.2606656361856232,0.3822738984005019,0.6545355679292483
2018-10-22 10:30:00,0.5657402368813483,0.561193815128078,0.5640155896082777,0.4010496292211842,0.3988849015401746,0.6106162542176448
2018-10-22 11:30:00,0.5383395849069417,0.5356767992080452,0.399940038954979,0.40068776111370447,0.4544046534608443,0.5710624466130664
2018-10-22 12:30:00,0.5490322849926026,0.5510576364585545,0.33787249082522175,0.5344992130525577,0.5931184720445577,0.5688836821925051
2018-10-22 13:30:00,0.5897057147426598,0.4679232710350186,0.027749372402951066,0.576142688118205,0.6302869055732887,0.6047205689703525
2018-10-22 14:30:00,0.293613657611004,0.2797762824183551,0.351975085542831,0.5979592295704744,0.3588511733604889,0.40635612318115927
2018-10-22 15:30:00,0.21134392716883033,0.3314760534754481,0.07308605849804714,0.5352938975231523,0.28277668367315983,0.33611858839754505
2018-10-22 16:30:00,0.038258558562401554,0.058044223337937906,0.011510021914100674,0.18350477367247647,0.07476386043607734,0.129922893652675
2018-10-22 17:30:00,0.0,0.0,0.0,0.0,0.0,0.0
2018-10-22 18:30:00,0.0,0.0,0.0,0.0,0.0,0.0
2018-10-22 19:30:00,0.0,0.0,0.0,0.0,0.0,0.0
2018-10-22 20:30:00,0.0,0.0,0.0,0.0,0.0,0.0
2018-10-22 21:30:00,0.0,0.0,0.0,0.0,0.0,0.0
2018-10-22 22:30:00,0.0,0.0,0.0,0.0,0.0,0.0
2018-10-22 23:30:00,0.0,0.0,0.0,0.0,0.0,0.0
2018-10-23 00:30:00,0.0,0.0,0.0,0.0,0.0,0.0
2018-10-23 01:30:00,0.0,0.0,0.0,0.0,0.0,0.0
2018-10-23 02:30:00,0.0,0.0,0.0,0.0,0.0,0.0
2018-10-23 03:30:00,0.0,0.0,0.0,0.0,0.0,0.0
2018-10-23 04:30:00,0.0,0.0,0.0,0.0,0.0,0.0
2018-10-23 05:30:00,0.0,0.0,0.0,0.0,0.0,0.0
2018-10-23 06:30:00,-0.0,0.07140800439246271,-0.0,-0.0,0.002812889795528677,-0.0
2018-10-23 07:30:00,0.16079650635159748,0.30945164324723046,0.09877481502639258,0.08481687789714518,0.15466206380926636,0.06170820338676074
2018-10-23 08:30:00,0.32628021069509977,0.6215161977388098,0.34600061834617296,0.18569443582716144,0.2817998118039127,0.13870146669986472
2018-10-23 09:30:00,0.30895939706796594,0.6179197304697466,0.3291145002195713,0.28641742880923976,0.41672940264833713,0.0564629692161378
2018-10-23 10:30:00,0.12926460903429032,0.5764681097977109,0.22003205684288615,0.38724871565279023,0.45828450156574463,0.4480430742820254
2018-10-23 11:30:00,0.41767131734913215,0.42799569946147925,0.3900876140153453,0.3984997761650707,0.5729431446924653,0.39651014187103856
2018-10-23 12:30:00,0.42444921018189935,0.563659903692773,0.2682729455993747,0.29391723776945183,0.4411259071694606,0.4359536366728158
2018-10-23 13:30:00,0.38797339796645863,0.3539365930596797,0.18725553031978215,0.305293788368712,0.3439133118092873,0.5462011675367426
2018-10-23 14:30:00,0.523707860641113,0.4602730358723645,0.2519903034700189,0.241054535512584,0.4357415081924546,0.2763649500767769
2018-10-23 15:30:00,0.32514094049957104,0.4411883094639789,0.035950431598084795,0.4373582142033359,0.1802543237692612,0.266320943568687
2018-10-23 16:30:00,0.19241185418336382,0.15080042085010384,0.0350191859412226,0.035431119380929,-0.0,0.06376948237987759
2018-10-23 17:30:00,0.0,0.0,0.0,0.0,0.0,0.0
2018-10-23 18:30:00,0.0,0.0,0.0,0.0,0.0,0.0
2018-10-23 19:30:00,0.0,0.0,0.0,0.0,0.0,0.0
2018-10-23 20:30:00,0.0,0.0,0.0,0.0,0.0,0.0
2018-10-23 21:30:00,0.0,0.0,0.0,0.0,0.0,0.0
2018-10-23 22:30:00,0.0,0.0,0.0,0.0,0.0,0.0
2018-10-23 23:30:00,0.0,0.0,0.0,0.0,0.0,0.0
2018-10-24 00:30:00,0.0,0.0,0.0,0.0,0.0,0.0
2018-10-24 01:30:00,0.0,0.0,0.0,0.0,0.0,0.0
2018-10-24 02:30:00,0.0,0.0,0.0,0.0,0.0,0.0
2018-10-24 03:30:00,0.0,0.0,0.0,0.0,0.0,0.0
2018-10-24 04:30:00,0.0,0.0,0.0,0.0,0.0,0.0
2018-10-24 05:30:00,0.0,0.0,0.0,0.0,0.0,0.0
2018-10-24 06:30:00,-0.0,-0.0,-0.0,-0.0,-0.0,0.0
2018-10-24 07:30:00,0.008934548595943188,0.004705793872571763,0.08740086497588806,0.008877018757386274,0.02584524775129496,0.1558624850770172
2018-10-24 08:30:00,0.040026209974525565,0.019059770401872088,0.0799328042010406,0.04117142864470985,0.04783580483693015,0.3504171859691305
2018-10-24 09:30:00,0.024195409208247046,0.042064845069344145,0.1515058863938015,0.2137442153779178,0.03284788855655652,0.1683914689124481
2018-10-24 10:30:00,0.08693220786633293,0.06213982754776513,0.28485683784901084,0.26546499671470375,0.13436305974894547,0.024885809192282636
2018-10-24 11:30:00,0.3051120311004242,0.06590169411506346,0.4517355828822608,0.28365736434902605,0.192610115841255,0.5863104366129084
2018-10-24 12:30:00,0.2639609662462824,0.03377679064326464,0.20445781376812205,0.35981850511137714,0.1553665322735433,0.4801098674878824
2018-10-24 13:30:00,0.25268771138929536,0.008710687730153665,0.1377335816107089,0.2762130307231933,0.10026590271460266,0.6315543486544026
2018-10-24 14:30:00,0.20556246931288344,0.02489935713127553,0.2702358162102042,0.2656312823653299,0.08332191869779433,0.15787295257072637
2018-10-24 15:30:00,0.23658004061720075,0.03729400898963145,0.02366282774335483,0.1697932108707986,0.09893830713699991,0.32611351425956664
2018-10-24 16:30:00,0.04762529184851594,0.00479950473114556,0.009688190519790923,0.037407811413474566,0.020905392092481562,0.34477244078630126
2018-10-24 17:30:00,0.0,0.0,0.0,0.0,0.0,0.0
2018-10-24 18:30:00,0.0,0.0,0.0,0.0,0.0,0.0
2018-10-24 19:30:00,0.0,0.0,0.0,0.0,0.0,0.0
2018-10-24 20:30:00,0.0,0.0,0.0,0.0,0.0,0.0
2018-10-24 21:30:00,0.0,0.0,0.0,0.0,0.0,0.0
2018-10-24 22:30:00,0.0,0.0,0.0,0.0,0.0,0.0
2018-10-24 23:30:00,0.0,0.0,0.0,0.0,0.0,0.0
2018-10-25 00:30:00,0.0,0.0,0.0,0.0,0.0,0.0
2018-10-25 01:30:00,0.0,0.0,0.0,0.0,0.0,0.0
2018-10-25 02:30:00,0.0,0.0,0.0,0.0,0.0,0.0
2018-10-25 03:30:00,0.0,0.0,0.0,0.0,0.0,0.0
2018-10-25 04:30:00,0.0,0.0,0.0,0.0,0.0,0.0
2018-10-25 05:30:00,0.0,0.0,0.0,0.0,0.0,0.0
2018-10-25 06:30:00,0.013411153389346554,0.01029559139266971,-0.0,-0.0,0.02227500174396127,0.0
2018-10-25 07:30:00,0.040824566156510436,0.1279247612179845,0.08126579293255144,0.032477993052058785,0.5155674839417257,0.05963778154839173
2018-10-25 08:30:00,0.0913187654051415,0.6320624542759611,0.05841344168133263,0.16738780851209645,0.6627429554300277,0.22504863149667914
2018-10-25 09:30:00,0.6134835304801122,0.6284750811996267,0.200993525478898,0.6008662818711911,0.6643135810198452,0.33739873963780104
2018-10-25 10:30:00,0.5693174007466522,0.5778286907586394,0.4003404553944567,0.3288323205990252,0.6131087821278425,0.3079199880820422
2018-10-25 11:30:00,0.5362682862807001,0.5483112312299271,0.2925913374604678,0.22528816143200464,0.578507084457644,0.22339086590337423
2018-10-25 12:30:00,0.5473842654454122,0.5640793049934244,0.3628988248734391,0.5365705032447369,0.5860895680717377,0.17184670427544035
2018-10-25 13:30:00,0.5888849191596105,0.6056687150919833,0.2730366945920366,0.3640121476260957,0.6215039900214421,0.12229652454936885
2018-10-25 14:30:00,0.612128530670552,0.18995817145275284,0.06003506562001479,0.2611334155502799,0.24880316297659041,0.20001738647662584
2018-10-25 15:30:00,0.553116389049434,0.547928863508499,0.08022935862861715,0.21888793791686886,0.1926934245005134,0.26126362659543273
2018-10-25 16:30:00,0.17672786286835182,0.13439120156450157,0.012265039213066002,0.0181050017401506,0.045972659431505886,0.014467895367859515
2018-10-25 17:30:00,0.0,0.0,0.0,0.0,0.0,0.0
2018-10-25 18:30:00,0.0,0.0,0.0,0.0,0.0,0.0
2018-10-25 19:30:00,0.0,0.0,0.0,0.0,0.0,0.0
2018-10-25 20:30:00,0.0,0.0,0.0,0.0,0.0,0.0
2018-10-25 21:30:00,0.0,0.0,0.0,0.0,0.0,0.0
2018-10-25 22:30:00,0.0,0.0,0.0,0.0,0.0,0.0
2018-10-25 23:30:00,0.0,0.0,0.0,0.0,0.0,0.0
2018-10-26 00:30:00,0.0,0.0,0.0,0.0,0.0,0.0
2018-10-26 01:30:00,0.0,0.0,0.0,0.0,0.0,0.0
2018-10-26 02:30:00,0.0,0.0,0.0,0.0,0.0,0.0
2018-10-26 03:30:00,0.0,0.0,0.0,0.0,0.0,0.0
2018-10-26 04:30:00,0.0,0.0,0.0,0.0,0.0,0.0
2018-10-26 05:30:00,0.0,0.0,0.0,0.0,0.0,0.0
2018-10-26 06:30:00,0.011315376946570031,0.05697310333480428,-0.0,-0.0,0.01867205506494768,0.0
2018-10-26 07:30:00,0.4474478229710927,0.2173137403151949,0.4130627059670899,0.19369096450589926,0.5095517936623654,0.4021004716743042
2018-10-26 08:30:00,0.2661768470720214,0.6034512260238888,0.2685320671456542,0.35423875467475185,0.34748757073710235,0.6448880113465789
2018-10-26 09:30:00,0.6084574548456603,0.5997832575664895,0.6187045455112913,0.6057277995601927,0.659038350780948,0.6663433678006484
2018-10-26 10:30:00,0.5624190501394343,0.4114266191851771,0.26889989536413605,0.5568280469267087,0.604805318235588,0.6181829415451012
2018-10-26 11:30:00,0.5324089771279794,0.5338288070017804,0.4584391155208525,0.3914613000878373,0.5705088313123552,0.5787743803115679
2018-10-26 12:30:00,0.5451690133437244,0.554529046667199,0.4864095584223344,0.5376237030011812,0.5774033973836424,0.5817872811675319
2018-10-26 13:30:00,0.588339710587865,0.5979423642424565,0.33039654666057355,0.5832217247005849,0.6188065663064499,0.6237044458614622
2018-10-26 14:30:00,0.6128459628432648,0.6140217180481059,0.09930392202186082,0.6051599419478854,0.6463153321514489,0.3569660448648856
2018-10-26 15:30:00,0.5567387937092018,0.5484459806712149,0.19629232249082695,0.5430932479916725,0.5949199822269056,0.6278394441094965
2018-10-26 16:30:00,0.1748847616530362,0.12871090918479605,0.04531539612995088,0.15438589065165248,0.23447046791771653,0.3164334834295665
2018-10-26 17:30:00,0.0,0.0,0.0,0.0,0.0,0.0
2018-10-26 18:30:00,0.0,0.0,0.0,0.0,0.0,0.0
2018-10-26 19:30:00,0.0,0.0,0.0,0.0,0.0,0.0
2018-10-26 20:30:00,0.0,0.0,0.0,0.0,0.0,0.0
2018-10-26 21:30:00,0.0,0.0,0.0,0.0,0.0,0.0
2018-10-26 22:30:00,0.0,0.0,0.0,0.0,0.0,0.0
2018-10-26 23:30:00,0.0,0.0,0.0,0.0,0.0,0.0
2018-10-27 00:30:00,0.0,0.0,0.0,0.0,0.0,0.0
2018-10-27 01:30:00,0.0,0.0,0.0,0.0,0.0,0.0
2018-10-27 02:30:00,0.0,0.0,0.0,0.0,0.0,0.0
2018-10-27 03:30:00,0.0,0.0,0.0,0.0,0.0,0.0
2018-10-27 04:30:00,0.0,0.0,0.0,0.0,0.0,0.0
2018-10-27 05:30:00,0.0,0.0,0.0,0.0,0.0,0.0
2018-10-27 06:30:00,-0.0,0.03374387565315868,-0.0,-0.0,-0.0,0.0
2018-10-27 07:30:00,0.44208346255058484,0.5047285187598974,0.1691017323718902,0.2471189093954227,0.2472165816298186,0.3931628746669088
2018-10-27 08:30:00,0.3666415057142084,0.6069114420338566,0.6041186073643127,0.59061684803895,0.3978067912424423,0.6412254862178594
2018-10-27 09:30:00,0.6047432466030539,0.600866240287036,0.6090900615788766,0.36026970926132623,0.43674491083780714,0.6518133972743195
2018-10-27 10:30:00,0.5533047812135542,0.5539977535341882,0.4117513311141388,0.5390890168679551,0.6012717251525438,0.6033257008267406
2018-10-27 11:30:00,0.5159720253048562,0.5219998414109586,0.44706877015501506,0.5020162047061884,0.5650531324014161,0.5634472750188394
2018-10-27 12:30:00,0.3885961358821397,0.5382091631396445,0.40418591372478435,0.5156838722980618,0.5727708176085838,0.5669437002029947
2018-10-27 13:30:00,0.37258035775644677,0.5780936452636191,0.4955898678635584,0.5629833000501187,0.6158393641821397,0.6092402740004078
2018-10-27 14:30:00,0.2588438824209918,0.5931025833750957,0.6066747373113118,0.5913858305028542,0.6480975287216908,0.6495298004620442
2018-10-27 15:30:00,0.21838658426389204,0.5232768478696139,0.13934225211480258,0.35931162059550453,0.6044208508973895,0.6195704196721182
2018-10-27 16:30:00,0.03145467062260764,0.023438910463457825,0.04167378477878746,0.05185115500718191,0.22919339620718415,0.31012106401759243
2018-10-27 17:30:00,0.0,0.0,0.0,0.0,0.0,0.0
2018-10-27 18:30:00,0.0,0.0,0.0,0.0,0.0,0.0
2018-10-27 19:30:00,0.0,0.0,0.0,0.0,0.0,0.0
2018-10-27 20:30:00,0.0,0.0,0.0,0.0,0.0,0.0
2018-10-27 21:30:00,0.0,0.0,0.0,0.0,0.0,0.0
2018-10-27 22:30:00,0.0,0.0,0.0,0.0,0.0,0.0
2018-10-27 23:30:00,0.0,0.0,0.0,0.0,0.0,0.0
2018-10-28 00:30:00,0.0,0.0,0.0,0.0,0.0,0.0
2018-10-28 01:30:00,0.0,0.0,0.0,0.0,0.0,0.0
2018-10-28 02:30:00,0.0,0.0,0.0,0.0,0.0,0.0
2018-10-28 03:30:00,0.0,0.0,0.0,0.0,0.0,0.0
2018-10-28 04:30:00,0.0,0.0,0.0,0.0,0.0,0.0
2018-10-28 05:30:00,0.0,0.0,0.0,0.0,0.0,0.0
2018-10-28 06:30:00,-0.0,0.031367840729747284,0.0,-0.0,-0.0,0.0
2018-10-28 07:30:00,0.2724488191961846,0.5032016544416699,0.39940616200595896,0.4085565139773191,0.4967976459040736,0.39374723359069763
2018-10-28 08:30:00,0.5962796560986757,0.6159175141376855,0.6094185341111277,0.5813844362327117,0.6555738018264755,0.6484355247211318
2018-10-28 09:30:00,0.5947692230874154,0.6113293359739452,0.6120777634532768,0.5833993070641726,0.6529151796990601,0.6558793014170462
2018-10-28 10:30:00,0.4101447675101906,0.5630576229101255,0.5655323385644055,0.5328440143009425,0.5982237163782606,0.6128567187023414
2018-10-28 11:30:00,0.5104284495304127,0.5327500436395183,0.5282618694124078,0.49853547399491066,0.5616711298652147,0.5710469752942505
2018-10-28 12:30:00,0.5240520387854166,0.5482655615417514,0.5361647512651028,0.41037033094159947,0.570581326509438,0.5747164117262327
2018-10-28 13:30:00,0.5652227032758353,0.5949126623481665,0.5790980771940035,0.4609360861815604,0.6143020823707235,0.6183068340080614
2018-10-28 14:30:00,0.5848229573260771,0.6094474339413769,0.5163986098701793,0.1988499469132256,0.6448863381708317,0.6599608236106086
2018-10-28 15:30:00,0.5283770700323596,0.5404107427066518,0.5792390301430784,0.2090111507144988,0.6015034810856739,0.6298875628118141
2018-10-28 16:30:00,0.07185500913392305,0.10460891611471891,0.11273201257372775,0.028941481271335754,0.22394491895523466,0.30711200823513046
2018-10-28 17:30:00,0.0,0.0,0.0,0.0,0.0,0.0
2018-10-28 18:30:00,0.0,0.0,0.0,0.0,0.0,0.0
2018-10-28 19:30:00,0.0,0.0,0.0,0.0,0.0,0.0
2018-10-28 20:30:00,0.0,0.0,0.0,0.0,0.0,0.0
2018-10-28 21:30:00,0.0,0.0,0.0,0.0,0.0,0.0
2018-10-28 22:30:00,0.0,0.0,0.0,0.0,0.0,0.0
2018-10-28 23:30:00,0.0,0.0,0.0,0.0,0.0,0.0
2018-10-29 00:30:00,0.0,0.0,0.0,0.0,0.0,0.0
2018-10-29 01:30:00,0.0,0.0,0.0,0.0,0.0,0.0
2018-10-29 02:30:00,0.0,0.0,0.0,0.0,0.0,0.0
2018-10-29 03:30:00,0.0,0.0,0.0,0.0,0.0,0.0
2018-10-29 04:30:00,0.0,0.0,0.0,0.0,0.0,0.0
2018-10-29 05:30:00,0.0,0.0,0.0,0.0,0.0,0.0
2018-10-29 06:30:00,-0.0,0.004313084932519072,0.0,-0.0,-0.0,0.0
2018-10-29 07:30:00,0.05944579534260394,0.1382193189268651,0.3950597504642404,0.07477129850174134,0.16139618826209767,0.15897167874276666
2018-10-29 08:30:00,0.3232419859352776,0.2895652297880105,0.20917892545578748,0.19934102635728945,0.29309840369126233,0.25188065717325536
2018-10-29 09:30:00,0.3938528441308954,0.2817305668398933,0.3967970382660679,0.1527401924374741,0.3527396447534306,0.4596627725540704
2018-10-29 10:30:00,0.35565513821680733,0.30112860294229277,0.5541579061518253,0.20729757839836657,0.39197154486374736,0.4851479921891136
2018-10-29 11:30:00,0.43063109491892937,0.34551961903394784,0.5191387726670844,0.4997783639881556,0.5617804878547495,0.4717932053959841
2018-10-29 12:30:00,0.4516214892816166,0.27398923526211916,0.4569010117230673,0.5122048053511622,0.48184782285686384,0.5070588388863911
2018-10-29 13:30:00,0.3684719653075214,0.1286230297097991,0.4867012832621742,0.4150686208063749,0.5645261021346393,0.5202082611121387
2018-10-29 14:30:00,0.3942353142588239,0.15934666586407856,0.4819288720394067,0.47066317119326756,0.47659398741002845,0.5747577813491085
2018-10-29 15:30:00,0.17665187249836795,0.07708215426616528,0.25876480964890525,0.5161755847593706,0.4432988207155647,0.6252709254626005
2018-10-29 16:30:00,0.08452624601581576,0.014602607553534404,0.043751209703586244,0.034245019279756955,0.02690186063941239,0.2869281633799381
2018-10-29 17:30:00,0.0,0.0,0.0,0.0,0.0,0.0
2018-10-29 18:30:00,0.0,0.0,0.0,0.0,0.0,0.0
2018-10-29 19:30:00,0.0,0.0,0.0,0.0,0.0,0.0
2018-10-29 20:30:00,0.0,0.0,0.0,0.0,0.0,0.0
2018-10-29 21:30:00,0.0,0.0,0.0,0.0,0.0,0.0
2018-10-29 22:30:00,0.0,0.0,0.0,0.0,0.0,0.0
2018-10-29 23:30:00,0.0,0.0,0.0,0.0,0.0,0.0
2018-10-30 00:30:00,0.0,0.0,0.0,0.0,0.0,0.0
2018-10-30 01:30:00,0.0,0.0,0.0,0.0,0.0,0.0
2018-10-30 02:30:00,0.0,0.0,0.0,0.0,0.0,0.0
2018-10-30 03:30:00,0.0,0.0,0.0,0.0,0.0,0.0
2018-10-30 04:30:00,0.0,0.0,0.0,0.0,0.0,0.0
2018-10-30 05:30:00,0.0,0.0,0.0,0.0,0.0,0.0
2018-10-30 06:30:00,-0.0,-0.0,0.0,-0.0,-0.0,0.0
2018-10-30 07:30:00,0.03075700912543568,0.02018237571980102,0.015974716087631922,0.014268237514074633,0.13451108739520995,0.031981558653775756
2018-10-30 08:30:00,0.04699111606857957,0.2208817429019096,0.03698436488842358,0.011084601127624348,0.13455476321556845,0.022756639107357386
2018-10-30 09:30:00,0.008512659942739717,0.23981262126952277,0.08451828235314197,0.07480740477212701,0.18203797161084265,0.06819812821290161
2018-10-30 10:30:00,0.06174950543622489,0.28243910294252095,0.028467606587605204,0.15804013240752657,0.1579279090142643,0.10664000364607584
2018-10-30 11:30:00,0.15978799489938628,0.18270379607286397,0.0706716165469267,0.1867862926487216,0.17066444868138816,0.17695316551973267
2018-10-30 12:30:00,0.06526787229534595,0.18944399604825538,0.17036290404189658,0.24559768484503303,0.11736859403950048,0.18779536655650272
2018-10-30 13:30:00,0.03828928532754491,0.2681702164144649,0.06972752307540854,0.05392435179022937,0.07627628343079097,0.15665399609189803
2018-10-30 14:30:00,0.02453169809450927,0.17157122893815194,0.03758426200929527,0.10963226135529884,0.037597415376350495,0.05363526383459941
2018-10-30 15:30:00,0.030834827123226896,0.08502472744510632,0.01649811898118908,0.025951078467354036,0.008081328068635107,0.05079556783550597
2018-10-30 16:30:00,0.005409069232974294,0.0009438883233831016,0.01420169552039604,0.006022788600841302,0.008462856511137066,0.03478064042289858
2018-10-30 17:30:00,0.0,0.0,0.0,0.0,0.0,0.0
2018-10-30 18:30:00,0.0,0.0,0.0,0.0,0.0,0.0
2018-10-30 19:30:00,0.0,0.0,0.0,0.0,0.0,0.0
2018-10-30 20:30:00,0.0,0.0,0.0,0.0,0.0,0.0
2018-10-30 21:30:00,0.0,0.0,0.0,0.0,0.0,0.0
2018-10-30 22:30:00,0.0,0.0,0.0,0.0,0.0,0.0
2018-10-30 23:30:00,0.0,0.0,0.0,0.0,0.0,0.0
2018-10-31 00:30:00,0.0,0.0,0.0,0.0,0.0,0.0
2018-10-31 01:30:00,0.0,0.0,0.0,0.0,0.0,0.0
2018-10-31 02:30:00,0.0,0.0,0.0,0.0,0.0,0.0
2018-10-31 03:30:00,0.0,0.0,0.0,0.0,0.0,0.0
2018-10-31 04:30:00,0.0,0.0,0.0,0.0,0.0,0.0
2018-10-31 05:30:00,0.0,0.0,0.0,0.0,0.0,0.0
2018-10-31 06:30:00,-0.0,-0.0,0.0,-0.0,-0.0,0.0
2018-10-31 07:30:00,0.37944963742451615,0.09671567748784293,0.02620921006872933,0.04894995820578163,0.0595349553037254,0.35885994667084187
2018-10-31 08:30:00,0.09398829737057955,0.0884163115277063,0.12393706834631259,0.08836861912331141,0.007035561414110297,0.6556904180477259
2018-10-31 09:30:00,0.2973515641262621,0.314969656953228,0.14453702776228441,0.26435926830484846,0.01985775988462116,0.6683606306999416
2018-10-31 10:30:00,0.5679177617350634,0.4259479772985564,0.26122158633442205,0.5642421456283281,0.06443590347901992,0.6186530221331048
2018-10-31 11:30:00,0.5326426749233657,0.425860891645298,0.38117842026601995,0.5272688377310133,0.08254704005505133,0.5790941243511694
2018-10-31 12:30:00,0.5486740121069049,0.2806992791979855,0.5564360855266557,0.5410567523919282,0.13034770917032185,0.4696008305113306
2018-10-31 13:30:00,0.5940810269383784,0.5910413719947014,0.6043958813263496,0.5876664136422313,0.15886229262066942,0.6337495230201866
2018-10-31 14:30:00,0.6167992168267443,0.10777147971331467,0.6428482735515593,0.6098515406471279,0.030748022977495102,0.2651512602139787
2018-10-31 15:30:00,0.5570526137600057,0.17588807499439107,0.6077819916547544,0.5463980502601327,0.6058051645670512,0.6589202218554431
2018-10-31 16:30:00,0.13919412551827517,0.001957772174092085,0.21195409747463076,0.11321542797248077,0.1987298829044887,0.28547460101074945
2018-10-31 17:30:00,0.0,0.0,0.0,0.0,0.0,0.0
2018-10-31 18:30:00,0.0,0.0,0.0,0.0,0.0,0.0
2018-10-31 19:30:00,0.0,0.0,0.0,0.0,0.0,0.0
2018-10-31 20:30:00,0.0,0.0,0.0,0.0,0.0,0.0
2018-10-31 21:30:00,0.0,0.0,0.0,0.0,0.0,0.0
2018-10-31 22:30:00,0.0,0.0,0.0,0.0,0.0,0.0
2018-10-31 23:30:00,0.0,0.0,0.0,0.0,0.0,0.0
2018-11-01 00:30:00,0.0,0.0,0.0,0.0,0.0,0.0
2018-11-01 01:30:00,0.0,0.0,0.0,0.0,0.0,0.0
2018-11-01 02:30:00,0.0,0.0,0.0,0.0,0.0,0.0
2018-11-01 03:30:00,0.0,0.0,0.0,0.0,0.0,0.0
2018-11-01 04:30:00,0.0,0.0,0.0,0.0,0.0,0.0
2018-11-01 05:30:00,0.0,0.0,0.0,0.0,0.0,0.0
2018-11-01 06:30:00,-0.0,0.014191186260597868,0.0,-0.0,-0.0,0.0
2018-11-01 07:30:00,0.41046604183744484,0.09544529514340563,0.021447151179055098,0.10199798666895635,0.4674993790559353,0.059601175078987025
2018-11-01 08:30:00,0.28648735230254274,0.6199336090507416,0.006294816856700292,0.06675123080011466,0.33907142859916445,0.31650915390543394
2018-11-01 09:30:00,0.27075778675910184,0.6187009306354182,0.025393997360015675,0.15985705579349985,0.6718705453038288,0.3777334962364889
2018-11-01 10:30:00,0.5712273014823289,0.33917446259725326,0.1802175102842218,0.317100050973637,0.6190777883883261,0.1963385445312645
2018-11-01 11:30:00,0.534288206225509,0.4160925796540444,0.24319937284797516,0.13167491071120543,0.5827299016587132,0.37603748621406313
2018-11-01 12:30:00,0.14470245751078673,0.245940425055114,0.24052594893925694,0.14759424848924782,0.5940185066247194,0.10774056524226802
2018-11-01 13:30:00,0.3074548935223076,0.30800534072211644,0.1425194534015651,0.2461514609843992,0.6378696202744778,0.10949852729913842
2018-11-01 14:30:00,0.14133003368282965,0.6237824763413616,0.14504583328755333,0.032687750989686584,0.6595576753658702,0.07689450610398196
2018-11-01 15:30:00,0.539422901873693,0.24239779247214074,0.02123458484370136,0.07902056227250279,0.6001389016307509,0.28025413316219827
2018-11-01 16:30:00,0.025509275415104622,0.007565566940175403,0.005986081752351038,0.012010160617426699,0.1856804987887648,0.04120964527304791
2018-11-01 17:30:00,0.0,0.0,0.0,0.0,0.0,0.0
2018-11-01 18:30:00,0.0,0.0,0.0,0.0,0.0,0.0
2018-11-01 19:30:00,0.0,0.0,0.0,0.0,0.0,0.0
2018-11-01 20:30:00,0.0,0.0,0.0,0.0,0.0,0.0
2018-11-01 21:30:00,0.0,0.0,0.0,0.0,0.0,0.0
2018-11-01 22:30:00,0.0,0.0,0.0,0.0,0.0,0.0
2018-11-01 23:30:00,0.0,0.0,0.0,0.0,0.0,0.0
2018-11-02 00:30:00,0.0,0.0,0.0,0.0,0.0,0.0
2018-11-02 01:30:00,0.0,0.0,0.0,0.0,0.0,0.0
2018-11-02 02:30:00,0.0,0.0,0.0,0.0,0.0,0.0
2018-11-02 03:30:00,0.0,0.0,0.0,0.0,0.0,0.0
2018-11-02 04:30:00,0.0,0.0,0.0,0.0,0.0,0.0
2018-11-02 05:30:00,0.0,0.0,0.0,0.0,0.0,0.0
2018-11-02 06:30:00,-0.0,0.015726664156689562,0.0,-0.0,-0.0,0.0
2018-11-02 07:30:00,0.3840574933197234,0.4589168595455617,0.02039960736103891,0.0731491462003835,0.45213944546717993,0.3363592375679581
2018-11-02 08:30:00,0.5922737716811317,0.6058991114299902,0.08452352635511669,0.5763556933250122,0.6552033455042886,0.31628464406651696
2018-11-02 09:30:00,0.5955086780776011,0.6030728748234575,0.08373423179179375,0.5782736412332393,0.6545075406380583,0.6473189641385998
2018-11-02 10:30:00,0.5420195408569384,0.5481933149740907,0.2450035422596725,0.5286265609745541,0.5995645261050861,0.4233027138123243
2018-11-02 11:30:00,0.5082910549340366,0.5117972391660296,0.5196146530382673,0.4937101806295851,0.5624512143232134,0.5560078255621725
2018-11-02 12:30:00,0.523939597229894,0.5273997787710908,0.250722536997831,0.5104322409537859,0.5454815311023782,0.5602861716204518
2018-11-02 13:30:00,0.5736292262295585,0.56954404145038,0.30919164130073107,0.5601242488936501,0.5161659240702211,0.610486674911654
2018-11-02 14:30:00,0.4579286701089622,0.5795923468199369,0.409860254012547,0.5860487923153013,0.4817742244398823,0.3400793912680891
2018-11-02 15:30:00,0.10272686797591353,0.5020776162108634,0.5531525070723836,0.20473057848781134,0.592510274326381,0.4445098197570188
2018-11-02 16:30:00,0.011785744389777668,0.0673908788557063,0.00949705943785345,0.0076184912923378595,0.1775348616992888,0.03255856500340327
2018-11-02 17:30:00,0.0,0.0,0.0,0.0,0.0,0.0
2018-11-02 18:30:00,0.0,0.0,0.0,0.0,0.0,0.0
2018-11-02 19:30:00,0.0,0.0,0.0,0.0,0.0,0.0
2018-11-02 20:30:00,0.0,0.0,0.0,0.0,0.0,0.0
2018-11-02 21:30:00,0.0,0.0,0.0,0.0,0.0,0.0
2018-11-02 22:30:00,0.0,0.0,0.0,0.0,0.0,0.0
2018-11-02 23:30:00,0.0,0.0,0.0,0.0,0.0,0.0
2018-11-03 00:30:00,0.0,0.0,0.0,0.0,0.0,0.0
2018-11-03 01:30:00,0.0,0.0,0.0,0.0,0.0,0.0
2018-11-03 02:30:00,0.0,0.0,0.0,0.0,0.0,0.0
2018-11-03 03:30:00,0.0,0.0,0.0,0.0,0.0,0.0
2018-11-03 04:30:00,0.0,0.0,0.0,0.0,0.0,0.0
2018-11-03 05:30:00,0.0,0.0,0.0,0.0,0.0,0.0
2018-11-03 06:30:00,0.0,-0.0,0.0,0.0,-0.0,0.0
2018-11-03 07:30:00,0.02407983427978405,0.08483847889059354,0.020334838696496074,0.07305342744709613,0.4422298519796238,0.07360100796370772
2018-11-03 08:30:00,0.07490610096254727,0.6063891344856492,3.7605981736922077e-06,0.0733242712627526,0.652332439576061,0.6394901014895734
2018-11-03 09:30:00,0.3240494821259022,0.6025255395009186,0.00932747749458219,0.5986160931623876,0.6637067310159684,0.4683212980711942
2018-11-03 10:30:00,0.5598532036626113,0.3136315397742993,0.07521577446312319,0.5493700443478245,0.41016437938106587,0.6152455143837607
2018-11-03 11:30:00,0.5255363831134532,0.3879992282720214,0.11825542849105249,0.5134750820903587,0.5765641867719393,0.5715730612406943
2018-11-03 12:30:00,0.5399584587862509,0.325547889719163,0.15221335566507355,0.20167929815528723,0.5051030256447336,0.4481856592573281
2018-11-03 13:30:00,0.14409566822740755,0.6016560762033698,0.08910659102736918,0.3315522181868205,0.6313436851507768,0.22586132776099774
2018-11-03 14:30:00,0.1651003637699947,0.6149868528126594,0.2649835009669593,0.23684324276659532,0.6519203151995285,0.5317268317780026
2018-11-03 15:30:00,0.0544826726687909,0.5273960055203146,0.035725737194494435,0.5342917508378475,0.14992818217329656,0.24507396471947526
2018-11-03 16:30:00,0.008636779902242672,0.06214720033385961,0.025857118143731005,0.015165073901792624,0.012001901445377201,0.24407734288829092
2018-11-03 17:30:00,0.0,0.0,0.0,0.0,0.0,0.0
2018-11-03 18:30:00,0.0,0.0,0.0,0.0,0.0,0.0
2018-11-03 19:30:00,0.0,0.0,0.0,0.0,0.0,0.0
2018-11-03 20:30:00,0.0,0.0,0.0,0.0,0.0,0.0
2018-11-03 21:30:00,0.0,0.0,0.0,0.0,0.0,0.0
2018-11-03 22:30:00,0.0,0.0,0.0,0.0,0.0,0.0
2018-11-03 23:30:00,0.0,0.0,0.0,0.0,0.0,0.0
2018-11-04 00:30:00,0.0,0.0,0.0,0.0,0.0,0.0
2018-11-04 01:30:00,0.0,0.0,0.0,0.0,0.0,0.0
2018-11-04 02:30:00,0.0,0.0,0.0,0.0,0.0,0.0
2018-11-04 03:30:00,0.0,0.0,0.0,0.0,0.0,0.0
2018-11-04 04:30:00,0.0,0.0,0.0,0.0,0.0,0.0
2018-11-04 05:30:00,0.0,0.0,0.0,0.0,0.0,0.0
2018-11-04 06:30:00,0.0,-0.0,0.0,0.0,0.0,0.0
2018-11-04 07:30:00,0.036112758952785956,0.19930286162877273,0.022338770504313613,0.053491171962641734,0.028926553987829073,0.07208294841671523
2018-11-04 08:30:00,0.07325578682857678,0.6061788775682572,0.05832890780626964,0.02328405388506593,0.3064064865718101,0.2306433517904622
2018-11-04 09:30:00,0.1716297887355117,0.3364551158931738,0.05255384783825543,0.19512904585707203,0.39053805752157855,0.11771030946030696
2018-11-04 10:30:00,0.05321053176382229,0.3654627691594909,0.12926029221196483,0.5282585008995627,0.1686860169116899,0.2779834518103087
2018-11-04 11:30:00,0.3848362360065271,0.5177033666432234,0.1009955221996029,0.3556940031676515,0.2779606959831239,0.41151115222855855
2018-11-04 12:30:00,0.41308379682545204,0.5358911554334593,0.11252090272644528,0.30808011312529626,0.2757819701547698,0.1778236891003177
2018-11-04 13:30:00,0.040584170916077446,0.5760552306081854,0.09009937564961415,0.11621288636606089,0.12905704131168005,0.13281662326730712
2018-11-04 14:30:00,0.02410711114603607,0.3669780116350703,0.03163995929352272,0.09597173172706774,0.1790458426739125,0.036650613096554416
2018-11-04 15:30:00,0.030568656202068223,0.0887861851679877,0.05018672051446126,0.03674353016601271,0.0958274783168407,0.11918340129927713
2018-11-04 16:30:00,0.004132424320658916,0.004245127374201578,0.01518739812639282,0.0013720624193897595,0.01955577363588447,0.019949403292481474
2018-11-04 17:30:00,0.0,0.0,0.0,0.0,0.0,0.0
2018-11-04 18:30:00,0.0,0.0,0.0,0.0,0.0,0.0
2018-11-04 19:30:00,0.0,0.0,0.0,0.0,0.0,0.0
2018-11-04 20:30:00,0.0,0.0,0.0,0.0,0.0,0.0
2018-11-04 21:30:00,0.0,0.0,0.0,0.0,0.0,0.0
2018-11-04 22:30:00,0.0,0.0,0.0,0.0,0.0,0.0
2018-11-04 23:30:00,0.0,0.0,0.0,0.0,0.0,0.0
2018-11-05 00:30:00,0.0,0.0,0.0,0.0,0.0,0.0
2018-11-05 01:30:00,0.0,0.0,0.0,0.0,0.0,0.0
2018-11-05 02:30:00,0.0,0.0,0.0,0.0,0.0,0.0
2018-11-05 03:30:00,0.0,0.0,0.0,0.0,0.0,0.0
2018-11-05 04:30:00,0.0,0.0,0.0,0.0,0.0,0.0
2018-11-05 05:30:00,0.0,0.0,0.0,0.0,0.0,0.0
2018-11-05 06:30:00,0.0,-0.0,0.0,0.0,0.0,0.0
2018-11-05 07:30:00,0.11749490853435628,0.3963891851942212,0.06100666230080324,0.016053257029402142,0.4423711034634185,0.32157506988858203
2018-11-05 08:30:00,0.5926079516642399,0.5463418659505913,0.08419739530664509,0.030306800703132724,0.6768079506920547,0.6454482120196069
2018-11-05 09:30:00,0.6086891395669602,0.5628155577041228,0.15022100261212676,0.2733347124716233,0.6783664410542816,0.6665635612282274
2018-11-05 10:30:00,0.5566614829213175,0.5371527420419613,0.20970494195758,0.5429245876818507,0.6212229909617261,0.5261809863586543
2018-11-05 11:30:00,0.4048137006836313,0.5156464884829772,0.3767274032650131,0.5046994472912005,0.5819552503701417,0.5124155085507534
2018-11-05 12:30:00,0.5358672547503786,0.5389990555189718,0.34963776366070165,0.5224702135973656,0.5952815546823759,0.4102726599882879
2018-11-05 13:30:00,0.5909275597787392,0.08999107741954107,0.13152277950191735,0.5768428189400119,0.6479977657803379,0.622738882543299
2018-11-05 14:30:00,0.6187687497894626,0.1381793580762709,0.6318152788577474,0.6000992924681476,0.6817733016735931,0.39871969344862795
2018-11-05 15:30:00,0.5505286318417433,0.49716295987921383,0.5834685147691164,0.2866570076138686,0.6222107826148353,0.6281560231666748
2018-11-05 16:30:00,0.09568019503363606,0.0015843505178494471,0.03143779689510651,0.07523799209864847,0.16171130554160368,0.23681454288266068
2018-11-05 17:30:00,0.0,0.0,0.0,0.0,0.0,0.0
2018-11-05 18:30:00,0.0,0.0,0.0,0.0,0.0,0.0
2018-11-05 19:30:00,0.0,0.0,0.0,0.0,0.0,0.0
2018-11-05 20:30:00,0.0,0.0,0.0,0.0,0.0,0.0
2018-11-05 21:30:00,0.0,0.0,0.0,0.0,0.0,0.0
2018-11-05 22:30:00,0.0,0.0,0.0,0.0,0.0,0.0
2018-11-05 23:30:00,0.0,0.0,0.0,0.0,0.0,0.0
2018-11-06 00:30:00,0.0,0.0,0.0,0.0,0.0,0.0
2018-11-06 01:30:00,0.0,0.0,0.0,0.0,0.0,0.0
2018-11-06 02:30:00,0.0,0.0,0.0,0.0,0.0,0.0
2018-11-06 03:30:00,0.0,0.0,0.0,0.0,0.0,0.0
2018-11-06 04:30:00,0.0,0.0,0.0,0.0,0.0,0.0
2018-11-06 05:30:00,0.0,0.0,0.0,0.0,0.0,0.0
2018-11-06 06:30:00,0.0,-0.0,0.0,0.0,0.0,0.0
2018-11-06 07:30:00,0.3639512351980696,0.43280387716534763,0.025891290941522493,0.3356538709560013,0.43362108540878785,0.31744521549343135
2018-11-06 08:30:00,0.6077704116515912,0.6143626769369777,0.08443875041040219,0.5853887552626222,0.6704548999581749,0.6507426751470028
2018-11-06 09:30:00,0.6188344161232215,0.6116181248498018,0.17137938834407085,0.5939363858216098,0.6643122606135695,0.6759499767907863
2018-11-06 10:30:00,0.41663177010033664,0.5567896246602086,0.1985755335957142,0.29683184425656767,0.6111621649687043,0.44738080105855244
2018-11-06 11:30:00,0.387017196330803,0.5245113031125234,0.2980441878016137,0.5112447792942315,0.5733406188246973,0.5795537946762405
2018-11-06 12:30:00,0.0998059835508493,0.5404133753096656,0.30076094056036806,0.5295567500831551,0.5872725799956314,0.5849169555552942
2018-11-06 13:30:00,0.587653448961547,0.5865822825654498,0.1499541415115991,0.2685768600291436,0.6382033611460654,0.6353613675010111
2018-11-06 14:30:00,0.6086844214570116,0.5919033299185888,0.2576929917985228,0.07601770946347922,0.6683595759298181,0.6806915372382417
2018-11-06 15:30:00,0.5339909813091138,0.15718198593781837,0.08708062407265972,0.31059081098352187,0.6063313912466135,0.6423993276299501
2018-11-06 16:30:00,0.08063063402797037,0.027433208018674934,0.013496313308092355,0.06748257390925476,0.15074320931771235,0.2354917634608766
2018-11-06 17:30:00,0.0,0.0,0.0,0.0,0.0,0.0
2018-11-06 18:30:00,0.0,0.0,0.0,0.0,0.0,0.0
2018-11-06 19:30:00,0.0,0.0,0.0,0.0,0.0,0.0
2018-11-06 20:30:00,0.0,0.0,0.0,0.0,0.0,0.0
2018-11-06 21:30:00,0.0,0.0,0.0,0.0,0.0,0.0
2018-11-06 22:30:00,0.0,0.0,0.0,0.0,0.0,0.0
2018-11-06 23:30:00,0.0,0.0,0.0,0.0,0.0,0.0
2018-11-07 00:30:00,0.0,0.0,0.0,0.0,0.0,0.0
2018-11-07 01:30:00,0.0,0.0,0.0,0.0,0.0,0.0
2018-11-07 02:30:00,0.0,0.0,0.0,0.0,0.0,0.0
2018-11-07 03:30:00,0.0,0.0,0.0,0.0,0.0,0.0
2018-11-07 04:30:00,0.0,0.0,0.0,0.0,0.0,0.0
2018-11-07 05:30:00,0.0,0.0,0.0,0.0,0.0,0.0
2018-11-07 06:30:00,0.0,-0.0,0.0,0.0,0.0,0.0
2018-11-07 07:30:00,0.3394360830285067,-0.0,0.34174691919362327,0.3212158612750557,0.4056476914572053,0.30566409020631746
2018-11-07 08:30:00,0.07730994481144456,0.04926918598336634,0.17693062032452342,0.11073516499914546,0.6380345973257192,0.6422984509708727
2018-11-07 09:30:00,0.5949674521909665,0.04995501965552765,0.6430387832222273,0.05001015683801864,0.6474432191863774,0.6641298185547021
2018-11-07 10:30:00,0.5430756974633164,0.5512879103196918,0.5909458395350344,0.18861221535992082,0.5063529082565658,0.614839959420556
2018-11-07 11:30:00,0.5059123194102095,0.40150625994612954,0.5479340968911021,0.2705556718806733,0.4964287796042792,0.5689216539216371
2018-11-07 12:30:00,0.5201492982336738,0.36971040105258424,0.5508116583126802,0.3315942341886752,0.5346815722958853,0.5736434958517724
2018-11-07 13:30:00,0.5740373206238073,0.5875813035778726,0.6003714028558329,0.5666537008028819,0.6214867283943761,0.6239421868873574
2018-11-07 14:30:00,0.14166173914780594,0.5943392434322738,0.6342011748989991,0.1641836897906649,0.6461682084613742,0.6680773453708124
2018-11-07 15:30:00,0.5318543127961483,0.47251927522825293,0.5849515349857506,0.24721454022041656,0.2153633913568584,0.6276715446226724
2018-11-07 16:30:00,0.07849492565400977,0.023409546910144297,0.1454058820980734,0.06321383310034681,0.014978656732383274,0.07172889237564452
2018-11-07 17:30:00,0.0,0.0,0.0,0.0,0.0,0.0
2018-11-07 18:30:00,0.0,0.0,0.0,0.0,0.0,0.0
2018-11-07 19:30:00,0.0,0.0,0.0,0.0,0.0,0.0
2018-11-07 20:30:00,0.0,0.0,0.0,0.0,0.0,0.0
2018-11-07 21:30:00,0.0,0.0,0.0,0.0,0.0,0.0
2018-11-07 22:30:00,0.0,0.0,0.0,0.0,0.0,0.0
2018-11-07 23:30:00,0.0,0.0,0.0,0.0,0.0,0.0
2018-11-08 00:30:00,0.0,0.0,0.0,0.0,0.0,0.0
2018-11-08 01:30:00,0.0,0.0,0.0,0.0,0.0,0.0
2018-11-08 02:30:00,0.0,0.0,0.0,0.0,0.0,0.0
2018-11-08 03:30:00,0.0,0.0,0.0,0.0,0.0,0.0
2018-11-08 04:30:00,0.0,0.0,0.0,0.0,0.0,0.0
2018-11-08 05:30:00,0.0,0.0,0.0,0.0,0.0,0.0
2018-11-08 06:30:00,0.0,-0.0,0.0,0.0,0.0,0.0
2018-11-08 07:30:00,0.09544551813987591,0.006259195466114564,0.03394288495480773,0.3280203105917568,0.391942998761048,0.09280740161081001
2018-11-08 08:30:00,0.012052759359025906,0.09982816335646545,0.24858732949694695,0.5996828007626432,0.6545906919394866,0.6523285819671862
2018-11-08 09:30:00,0.044738734676745495,0.008636343954791558,0.3037514185957932,0.6093175113808783,0.6662696602043954,0.33542607804668384
2018-11-08 10:30:00,0.10043657025816788,0.0723071385599362,0.5907453676403148,0.5527554736207719,0.4626532788410407,0.6347693170689344
2018-11-08 11:30:00,0.1304580359818964,0.11078404823285667,0.40541165816342395,0.5129888127549558,0.5277411145128476,0.586008522226263
2018-11-08 12:30:00,0.5441307379447436,0.13093403018053423,0.38573660169218177,0.5317380546568926,0.58611741166155,0.5907782797700937
2018-11-08 13:30:00,0.5978378398542773,0.0894304323742671,0.37502602502651833,0.5862867378343664,0.2997452965494043,0.6307777233896507
2018-11-08 14:30:00,0.6212351773155446,0.6202101121397511,0.6392225803512158,0.6064669194749058,0.4476031657397831,0.6726291254334497
2018-11-08 15:30:00,0.5467631644457428,0.5099867631480408,0.5850089019972184,0.17106103238870762,0.604596089735737,0.337680451982396
2018-11-08 16:30:00,0.07498032940241689,0.02780739801016247,0.12821346165766057,0.04068203909297571,0.13518222515892167,0.06536724859755944
2018-11-08 17:30:00,0.0,0.0,0.0,0.0,0.0,0.0
2018-11-08 18:30:00,0.0,0.0,0.0,0.0,0.0,0.0
2018-11-08 19:30:00,0.0,0.0,0.0,0.0,0.0,0.0
2018-11-08 20:30:00,0.0,0.0,0.0,0.0,0.0,0.0
2018-11-08 21:30:00,0.0,0.0,0.0,0.0,0.0,0.0
2018-11-08 22:30:00,0.0,0.0,0.0,0.0,0.0,0.0
2018-11-08 23:30:00,0.0,0.0,0.0,0.0,0.0,0.0
2018-11-09 00:30:00,0.0,0.0,0.0,0.0,0.0,0.0
2018-11-09 01:30:00,0.0,0.0,0.0,0.0,0.0,0.0
2018-11-09 02:30:00,0.0,0.0,0.0,0.0,0.0,0.0
2018-11-09 03:30:00,0.0,0.0,0.0,0.0,0.0,0.0
2018-11-09 04:30:00,0.0,0.0,0.0,0.0,0.0,0.0
2018-11-09 05:30:00,0.0,0.0,0.0,0.0,0.0,0.0
2018-11-09 06:30:00,0.0,-0.0,0.0,0.0,0.0,0.0
2018-11-09 07:30:00,0.33034741383771626,0.41829263494959423,0.3150025273044463,0.3192071935375488,0.3957431725531905,0.28658001607896044
2018-11-09 08:30:00,0.6000901013507718,0.6269815061343418,0.640323585529316,0.5966613034291237,0.6461601693197787,0.6448292003005486
2018-11-09 09:30:00,0.613711947394159,0.6150799379423234,0.6464158347873799,0.6006165516486528,0.6460366233391297,0.6642954094670928
2018-11-09 10:30:00,0.5579046646624628,0.5565617171249191,0.5817093703309586,0.5416155103450768,0.5934788397973462,0.6136141069692308
2018-11-09 11:30:00,0.5119573116832596,0.5262480809978061,0.5378906777017075,0.500349465724968,0.5557802551353416,0.5688921270497249
2018-11-09 12:30:00,0.5260078831688454,0.5494184926954857,0.5465486663417459,0.5152487956100023,0.564717135930394,0.57165294016446
2018-11-09 13:30:00,0.5750083188722661,0.6011621482036197,0.5964134864078561,0.5667669973137063,0.6098313516969542,0.6221131583814905
2018-11-09 14:30:00,0.5926663629703983,0.6152380435099926,0.6297644977752547,0.5848479984794325,0.640473414829846,0.6617101650800467
2018-11-09 15:30:00,0.521444037465203,0.48962123272648417,0.5810015384180919,0.5037397511995877,0.5873635752897435,0.368040063134209
2018-11-09 16:30:00,0.06827858896590003,0.022777822097156983,0.13133525816961883,0.0391430186633875,0.11874112066292554,0.20950164531106097
2018-11-09 17:30:00,0.0,0.0,0.0,0.0,0.0,0.0
2018-11-09 18:30:00,0.0,0.0,0.0,0.0,0.0,0.0
2018-11-09 19:30:00,0.0,0.0,0.0,0.0,0.0,0.0
2018-11-09 20:30:00,0.0,0.0,0.0,0.0,0.0,0.0
2018-11-09 21:30:00,0.0,0.0,0.0,0.0,0.0,0.0
2018-11-09 22:30:00,0.0,0.0,0.0,0.0,0.0,0.0
2018-11-09 23:30:00,0.0,0.0,0.0,0.0,0.0,0.0
2018-11-10 00:30:00,0.0,0.0,0.0,0.0,0.0,0.0
2018-11-10 01:30:00,0.0,0.0,0.0,0.0,0.0,0.0
2018-11-10 02:30:00,0.0,0.0,0.0,0.0,0.0,0.0
2018-11-10 03:30:00,0.0,0.0,0.0,0.0,0.0,0.0
2018-11-10 04:30:00,0.0,0.0,0.0,0.0,0.0,0.0
2018-11-10 05:30:00,0.0,0.0,0.0,0.0,0.0,0.0
2018-11-10 06:30:00,0.0,-0.0,0.0,0.0,0.0,0.0
2018-11-10 07:30:00,0.09903548049412832,0.11499730380581355,0.2988106246882865,0.05701780867138559,0.3944018650309814,0.05904182135166712
2018-11-10 08:30:00,0.5927104826995054,0.016180420060923652,0.6147838807569456,0.5663524356550863,0.6669414983654423,0.2525667548257371
2018-11-10 09:30:00,0.6007673471181205,0.07226523732730442,0.6224154366646041,0.5740864182386829,0.6701068745857067,0.44675350980545414
2018-11-10 10:30:00,0.5438546863239822,0.4289925619090577,0.44465839175665606,0.5248230960671127,0.6090914653729315,0.6080940509858265
2018-11-10 11:30:00,0.4999612870080491,0.49846189938816954,0.34430707961077817,0.42785669469258714,0.5642638501809722,0.559152004721635
2018-11-10 12:30:00,0.5145359451446107,0.526730472060281,0.22679872339195162,0.11401397274872059,0.5745515979107771,0.5637583366398473
2018-11-10 13:30:00,0.5653165971724881,0.5828552717112931,0.22836858770628796,0.08685956518513625,0.6234576539660711,0.2150867803599453
2018-11-10 14:30:00,0.28978691006275886,0.5924222552246667,0.06427327485821432,0.0010322106665450023,0.6488893514966686,0.19065532164862864
2018-11-10 15:30:00,0.1263939097306454,0.48046116834189767,0.1268528709458665,0.03851195817187839,0.5741747838895928,0.061202947088402425
2018-11-10 16:30:00,0.00561173157366892,0.021666161985129787,0.013716332429271538,0.0016774565425842717,0.11825077753716308,0.014717035914375043
2018-11-10 17:30:00,0.0,0.0,0.0,0.0,0.0,0.0
2018-11-10 18:30:00,0.0,0.0,0.0,0.0,0.0,0.0
2018-11-10 19:30:00,0.0,0.0,0.0,0.0,0.0,0.0
2018-11-10 20:30:00,0.0,0.0,0.0,0.0,0.0,0.0
2018-11-10 21:30:00,0.0,0.0,0.0,0.0,0.0,0.0
2018-11-10 22:30:00,0.0,0.0,0.0,0.0,0.0,0.0
2018-11-10 23:30:00,0.0,0.0,0.0,0.0,0.0,0.0
2018-11-11 00:30:00,0.0,0.0,0.0,0.0,0.0,0.0
2018-11-11 01:30:00,0.0,0.0,0.0,0.0,0.0,0.0
2018-11-11 02:30:00,0.0,0.0,0.0,0.0,0.0,0.0
2018-11-11 03:30:00,0.0,0.0,0.0,0.0,0.0,0.0
2018-11-11 04:30:00,0.0,0.0,0.0,0.0,0.0,0.0
2018-11-11 05:30:00,0.0,0.0,0.0,0.0,0.0,0.0
2018-11-11 06:30:00,0.0,0.0,0.0,0.0,0.0,0.0
2018-11-11 07:30:00,0.022587623038912027,0.06963911190338333,0.08276144878223832,0.013256648647679442,0.09474992118377787,0.04879149891098164
2018-11-11 08:30:00,0.052320348859739886,0.22923857194956518,0.27898544082602267,0.07047702285393309,0.20815845632305593,0.14417061583101481
2018-11-11 09:30:00,0.15991202018297462,0.11088993735187676,0.3139842079235601,0.092088304468038,0.17701609898134063,0.1935314415503405
2018-11-11 10:30:00,0.2684027782262641,0.11566882481146137,0.20477201058529346,0.20561040831823377,0.1726054211352765,0.5280381258067324
2018-11-11 11:30:00,0.03677118674343523,0.2668898894034015,0.22583389538041482,0.26209358728890453,0.31168387355265154,0.4160397327262778
2018-11-11 12:30:00,0.14856321374765033,0.1837142526577091,0.2715723026448264,0.3192103395767889,0.26189093698876836,0.5314193840962644
2018-11-11 13:30:00,0.08816337217047646,0.3027782144092885,0.10762063111635739,0.20931177958358746,0.14955396370321014,0.6134866183049227
2018-11-11 14:30:00,0.059741706525134504,0.1168421312715214,0.1523083724709224,0.09914973421703349,0.09209511828660243,0.41797868197959615
2018-11-11 15:30:00,0.1255855387749802,0.02836621146600732,0.2531413202599787,0.12339382466022787,0.13744899847860353,0.24554478154985873
2018-11-11 16:30:00,0.0036923954115541803,-0.0,0.01953459135819875,0.002390911851216903,0.016146202915290193,0.03656006214947753
2018-11-11 17:30:00,0.0,0.0,0.0,0.0,0.0,0.0
2018-11-11 18:30:00,0.0,0.0,0.0,0.0,0.0,0.0
2018-11-11 19:30:00,0.0,0.0,0.0,0.0,0.0,0.0
2018-11-11 20:30:00,0.0,0.0,0.0,0.0,0.0,0.0
2018-11-11 21:30:00,0.0,0.0,0.0,0.0,0.0,0.0
2018-11-11 22:30:00,0.0,0.0,0.0,0.0,0.0,0.0
2018-11-11 23:30:00,0.0,0.0,0.0,0.0,0.0,0.0
2018-11-12 00:30:00,0.0,0.0,0.0,0.0,0.0,0.0
2018-11-12 01:30:00,0.0,0.0,0.0,0.0,0.0,0.0
2018-11-12 02:30:00,0.0,0.0,0.0,0.0,0.0,0.0
2018-11-12 03:30:00,0.0,0.0,0.0,0.0,0.0,0.0
2018-11-12 04:30:00,0.0,0.0,0.0,0.0,0.0,0.0
2018-11-12 05:30:00,0.0,0.0,0.0,0.0,0.0,0.0
2018-11-12 06:30:00,0.0,0.0,0.0,0.0,0.0,0.0
2018-11-12 07:30:00,0.022151361564574663,0.04471564215863343,0.07009606003032508,0.26166177493684656,0.08967548929593865,0.24196090750780178
2018-11-12 08:30:00,0.2315115728637087,0.22346626216371424,0.607939063757627,0.5774576155708345,0.3636823040895652,0.6303271882231555
2018-11-12 09:30:00,0.6066986214089732,0.2841644177303606,0.6264358701583235,0.6065833049381977,0.49513714274349835,0.2918189703123839
2018-11-12 10:30:00,0.5169245757364123,0.3895333161101656,0.576699630003592,0.5501556638352939,0.46459331039556356,0.4356612952168597
2018-11-12 11:30:00,0.5284279458585754,0.5421787020762996,0.534450484576193,0.5075930441283047,0.545260127025629,0.4997933211980977
2018-11-12 12:30:00,0.5439595598614599,0.5680552310194835,0.5439458381423482,0.5244062530180899,0.5474094456435719,0.4774074639138924
2018-11-12 13:30:00,0.5958266430171457,0.6244782769035647,0.5958248717601818,0.5809161133744767,0.6341708253749261,0.4468407126379767
2018-11-12 14:30:00,0.6150415715708095,0.6341211581241691,0.6286043772176517,0.6017162911577192,0.6573635913817771,0.6784065959693955
2018-11-12 15:30:00,0.5215404892658771,0.49690478540402894,0.5768602607169291,0.4943183622773443,0.5829238607364184,0.32343001622295176
2018-11-12 16:30:00,0.03940738583850622,0.01819267180840261,0.11121717093314928,0.029885446438836793,0.10142660673058898,0.19096298744633808
2018-11-12 17:30:00,0.0,0.0,0.0,0.0,0.0,0.0
2018-11-12 18:30:00,0.0,0.0,0.0,0.0,0.0,0.0
2018-11-12 19:30:00,0.0,0.0,0.0,0.0,0.0,0.0
2018-11-12 20:30:00,0.0,0.0,0.0,0.0,0.0,0.0
2018-11-12 21:30:00,0.0,0.0,0.0,0.0,0.0,0.0
2018-11-12 22:30:00,0.0,0.0,0.0,0.0,0.0,0.0
2018-11-12 23:30:00,0.0,0.0,0.0,0.0,0.0,0.0
2018-11-13 00:30:00,0.0,0.0,0.0,0.0,0.0,0.0
2018-11-13 01:30:00,0.0,0.0,0.0,0.0,0.0,0.0
2018-11-13 02:30:00,0.0,0.0,0.0,0.0,0.0,0.0
2018-11-13 03:30:00,0.0,0.0,0.0,0.0,0.0,0.0
2018-11-13 04:30:00,0.0,0.0,0.0,0.0,0.0,0.0
2018-11-13 05:30:00,0.0,0.0,0.0,0.0,0.0,0.0
2018-11-13 06:30:00,0.0,0.0,0.0,0.0,0.0,0.0
2018-11-13 07:30:00,0.06707084209183801,0.37235139401157746,0.26606120509496534,0.009318503544300843,0.14324009197119905,0.2442992168545588
2018-11-13 08:30:00,0.5788471320623922,0.6046431471132822,0.2516360313094177,0.5647718134522971,0.6429346546367989,0.6181375280770778
2018-11-13 09:30:00,0.3111530866034162,0.6115269014925169,0.31875466920081896,0.32035103347829247,0.6495304327227281,0.6451683246466403
2018-11-13 10:30:00,0.5438251426690895,0.551865964614614,0.5567969329977992,0.3271400702048001,0.4548106016246524,0.5934561608712849
2018-11-13 11:30:00,0.4994884742142918,0.5154279661861144,0.5066163453948146,0.4744997222531267,0.5236257089162288,0.536660724726079
2018-11-13 12:30:00,0.51504257544464,0.5379584323294653,0.5153821135301776,0.4916019841082851,0.5590044710903548,0.5402446233860364
2018-11-13 13:30:00,0.5672008736253799,0.589415735770907,0.5652321391276394,0.5467749940807661,0.6091139641252383,0.5897452468330755
2018-11-13 14:30:00,0.582905758271965,0.5945588641270393,0.5943709353647455,0.5636571005198785,0.6322247523535474,0.6300994059360832
2018-11-13 15:30:00,0.4931194886976442,0.45467230153943894,0.5388558992299864,0.4526155628270206,0.5623243123577353,0.5856943391428715
2018-11-13 16:30:00,0.03558373505171465,0.015316903526606154,0.0982875167750118,0.023905240150143527,0.09403423200966167,0.04756111157301965
2018-11-13 17:30:00,0.0,0.0,0.0,0.0,0.0,0.0
2018-11-13 18:30:00,0.0,0.0,0.0,0.0,0.0,0.0
2018-11-13 19:30:00,0.0,0.0,0.0,0.0,0.0,0.0
2018-11-13 20:30:00,0.0,0.0,0.0,0.0,0.0,0.0
2018-11-13 21:30:00,0.0,0.0,0.0,0.0,0.0,0.0
2018-11-13 22:30:00,0.0,0.0,0.0,0.0,0.0,0.0
2018-11-13 23:30:00,0.0,0.0,0.0,0.0,0.0,0.0
2018-11-14 00:30:00,0.0,0.0,0.0,0.0,0.0,0.0
2018-11-14 01:30:00,0.0,0.0,0.0,0.0,0.0,0.0
2018-11-14 02:30:00,0.0,0.0,0.0,0.0,0.0,0.0
2018-11-14 03:30:00,0.0,0.0,0.0,0.0,0.0,0.0
2018-11-14 04:30:00,0.0,0.0,0.0,0.0,0.0,0.0
2018-11-14 05:30:00,0.0,0.0,0.0,0.0,0.0,0.0
2018-11-14 06:30:00,0.0,0.0,0.0,0.0,0.0,0.0
2018-11-14 07:30:00,0.2782337257651044,0.34327497204548785,0.25201024259848165,0.2593049651843426,0.3352294533540885,0.22764453141182406
2018-11-14 08:30:00,0.5661555913171664,0.5645996309841673,0.583696495744441,0.5531845559752601,0.6198316331655017,0.5953583577065175
2018-11-14 09:30:00,0.5744063902321147,0.5673504932200554,0.5923211929134647,0.5614106152608925,0.6233139793991878,0.6164062148797488
2018-11-14 10:30:00,0.5143369688398652,0.5118561795546995,0.5413116716552814,0.5007850038058902,0.5596658470231426,0.5652047336030219
2018-11-14 11:30:00,0.4720304243602146,0.4767176495786968,0.4986895014338678,0.4551879539108796,0.5159314185652115,0.5174679566263491
2018-11-14 12:30:00,0.48660417057186267,0.49643312102115544,0.5081581765055599,0.4707591706547846,0.5262734093148248,0.5224624588862056
2018-11-14 13:30:00,0.5371463207128757,0.5465099012668284,0.558104881666414,0.5241918902728617,0.5718155507896397,0.574297121728383
2018-11-14 14:30:00,0.5580497978593851,0.5626147958927175,0.5912303789263769,0.545102103822798,0.6000248729392046,0.6145226136477254
2018-11-14 15:30:00,0.47280295188510524,0.43834848886028593,0.5422060762638762,0.4423266869880414,0.5607788347413505,0.5766121122612641
2018-11-14 16:30:00,0.033310828614190144,-0.0,0.09370060709847439,0.022880123454823282,0.09704566043479236,0.15971465412601962
2018-11-14 17:30:00,0.0,0.0,0.0,0.0,0.0,0.0
2018-11-14 18:30:00,0.0,0.0,0.0,0.0,0.0,0.0
2018-11-14 19:30:00,0.0,0.0,0.0,0.0,0.0,0.0
2018-11-14 20:30:00,0.0,0.0,0.0,0.0,0.0,0.0
2018-11-14 21:30:00,0.0,0.0,0.0,0.0,0.0,0.0
2018-11-14 22:30:00,0.0,0.0,0.0,0.0,0.0,0.0
2018-11-14 23:30:00,0.0,0.0,0.0,0.0,0.0,0.0
2018-11-15 00:30:00,0.0,0.0,0.0,0.0,0.0,0.0
2018-11-15 01:30:00,0.0,0.0,0.0,0.0,0.0,0.0
2018-11-15 02:30:00,0.0,0.0,0.0,0.0,0.0,0.0
2018-11-15 03:30:00,0.0,0.0,0.0,0.0,0.0,0.0
2018-11-15 04:30:00,0.0,0.0,0.0,0.0,0.0,0.0
2018-11-15 05:30:00,0.0,0.0,0.0,0.0,0.0,0.0
2018-11-15 06:30:00,0.0,0.0,0.0,0.0,0.0,0.0
2018-11-15 07:30:00,0.26158444795406094,0.3338435842506097,0.05363379428708081,0.08775863171356267,0.3232609901663091,0.21835060204111573
2018-11-15 08:30:00,0.5545598632823459,0.5691845306188139,0.5682526775050504,0.545369044156724,0.6125790983790143,0.5817783683277916
2018-11-15 09:30:00,0.5666728019105851,0.5729339576607184,0.5854718651515648,0.5588169716168595,0.6149828208365057,0.6041787504681533
2018-11-15 10:30:00,0.5126609347284626,0.5220992696706913,0.5355122054964504,0.5009855852094608,0.5565047796600928,0.5559039720331294
2018-11-15 11:30:00,0.47085913667395346,0.4875108467245136,0.49294318906640733,0.4594387836347846,0.5185476605804772,0.5100473695849949
2018-11-15 12:30:00,0.48482805041044513,0.5100593426273856,0.5010680020675552,0.3789856394580174,0.5282532261825648,0.5149182624870067
2018-11-15 13:30:00,0.5359247652712862,0.4236500804664038,0.5520480332538924,0.5244961365034945,0.5791597079013363,0.5670690955880909
2018-11-15 14:30:00,0.5490179806580887,0.566776575710263,0.3900529462149127,0.5358446111105755,0.6040424188983545,0.6079277188593436
2018-11-15 15:30:00,0.2047984861411849,0.17496755638932834,0.1844131164954704,0.4246012274823249,0.5390130043949773,0.5704937200421052
2018-11-15 16:30:00,0.023425358622350748,-0.0,0.08700537691030381,0.01739008074867541,0.08130633666962907,0.15010653167591204
2018-11-15 17:30:00,0.0,0.0,0.0,0.0,0.0,0.0
2018-11-15 18:30:00,0.0,0.0,0.0,0.0,0.0,0.0
2018-11-15 19:30:00,0.0,0.0,0.0,0.0,0.0,0.0
2018-11-15 20:30:00,0.0,0.0,0.0,0.0,0.0,0.0
2018-11-15 21:30:00,0.0,0.0,0.0,0.0,0.0,0.0
2018-11-15 22:30:00,0.0,0.0,0.0,0.0,0.0,0.0
2018-11-15 23:30:00,0.0,0.0,0.0,0.0,0.0,0.0
2018-11-16 00:30:00,0.0,0.0,0.0,0.0,0.0,0.0
2018-11-16 01:30:00,0.0,0.0,0.0,0.0,0.0,0.0
2018-11-16 02:30:00,0.0,0.0,0.0,0.0,0.0,0.0
2018-11-16 03:30:00,0.0,0.0,0.0,0.0,0.0,0.0
2018-11-16 04:30:00,0.0,0.0,0.0,0.0,0.0,0.0
2018-11-16 05:30:00,0.0,0.0,0.0,0.0,0.0,0.0
2018-11-16 06:30:00,0.0,0.0,0.0,0.0,0.0,0.0
2018-11-16 07:30:00,0.02878687591539163,0.31929446380486026,0.05165831506005048,0.051560489968530986,0.08630818735701513,0.04502148307654341
2018-11-16 08:30:00,0.001654959708904095,0.2526365438620005,0.5601285730617356,0.1457332485578218,0.21894578134952833,0.2868999404421302
2018-11-16 09:30:00,0.0021433134403115576,0.3420420345682777,0.5808313463506164,0.3629139550442368,0.17662876716091733,0.6120685389659873
2018-11-16 10:30:00,0.014180594229774211,0.3708765619446132,0.5325916621916519,0.49843196693866443,0.1299319517246706,0.5643284189590838
2018-11-16 11:30:00,0.007261087562307442,0.2926712335293589,0.48852624202501865,0.3183442743823099,0.4457348345837514,0.5175509937369279
2018-11-16 12:30:00,0.03248033930079859,0.3387686947519696,0.49695768896851295,0.3732254773589929,0.46011439880165267,0.45375513615602214
2018-11-16 13:30:00,0.07437082207860467,0.24783201441200267,0.5499143436978414,0.34000204565306114,0.5414537277865376,0.5715373762131642
2018-11-16 14:30:00,0.04938791840308357,0.17301428451220954,0.5804534110495637,0.14268429511877442,0.6169169637239275,0.610316219139683
2018-11-16 15:30:00,0.04046315004342588,0.04769686788140004,0.5271988083220074,0.09212371085140104,0.1995291826120282,0.5681424987210578
2018-11-16 16:30:00,0.0016779589746775173,-0.0,0.08189315605706914,-0.0,0.01161384721048929,0.03785120883076349
2018-11-16 17:30:00,0.0,0.0,0.0,0.0,0.0,0.0
2018-11-16 18:30:00,0.0,0.0,0.0,0.0,0.0,0.0
2018-11-16 19:30:00,0.0,0.0,0.0,0.0,0.0,0.0
2018-11-16 20:30:00,0.0,0.0,0.0,0.0,0.0,0.0
2018-11-16 21:30:00,0.0,0.0,0.0,0.0,0.0,0.0
2018-11-16 22:30:00,0.0,0.0,0.0,0.0,0.0,0.0
2018-11-16 23:30:00,0.0,0.0,0.0,0.0,0.0,0.0
2018-11-17 00:30:00,0.0,0.0,0.0,0.0,0.0,0.0
2018-11-17 01:30:00,0.0,0.0,0.0,0.0,0.0,0.0
2018-11-17 02:30:00,0.0,0.0,0.0,0.0,0.0,0.0
2018-11-17 03:30:00,0.0,0.0,0.0,0.0,0.0,0.0
2018-11-17 04:30:00,0.0,0.0,0.0,0.0,0.0,0.0
2018-11-17 05:30:00,0.0,0.0,0.0,0.0,0.0,0.0
2018-11-17 06:30:00,0.0,0.0,0.0,0.0,0.0,0.0
2018-11-17 07:30:00,0.2159450779562943,0.2919958765274832,0.016947644670925903,0.004819243398351309,0.285554625330899,0.1914492370687346
2018-11-17 08:30:00,0.00374736219232034,0.002520824913369824,0.19679291194182788,0.014995604848050412,0.5943272577873523,0.08387171912893865
2018-11-17 09:30:00,0.012581187198636816,0.006886602000681485,0.29201323174964156,0.024169673705575236,0.6071660761085916,0.30288592289700395
2018-11-17 10:30:00,0.04100150121620792,0.10697799108664008,0.38529700165110736,0.032939425734405454,0.5556170735482818,0.5642729804120197
2018-11-17 11:30:00,0.03022058996050065,0.11152597032895649,0.4901372334521134,0.039387909221728655,0.5146936952344534,0.4402501444160928
2018-11-17 12:30:00,0.042515888246059695,0.07386549591573172,0.2536489423834501,0.04978335707426722,0.5274683246262337,0.5196311417433492
2018-11-17 13:30:00,0.02630033602332122,0.0030189357194770807,0.22946535105081717,0.0401570783140772,0.5780101424581655,0.4234724619097378
2018-11-17 14:30:00,0.026278061164858844,0.01799517986281823,0.09185368418234315,0.03225017299580555,0.607419961955992,0.36897513312887875
2018-11-17 15:30:00,0.42410609784166486,0.0324149205879824,0.04594115545672941,0.014829737097359887,0.5431010270633064,0.12771721682835735
2018-11-17 16:30:00,0.015513972532829896,-0.0,0.0039034022701312358,-0.0,0.0704265789466899,0.007068655978206248
2018-11-17 17:30:00,0.0,0.0,0.0,0.0,0.0,0.0
2018-11-17 18:30:00,0.0,0.0,0.0,0.0,0.0,0.0
2018-11-17 19:30:00,0.0,0.0,0.0,0.0,0.0,0.0
2018-11-17 20:30:00,0.0,0.0,0.0,0.0,0.0,0.0
2018-11-17 21:30:00,0.0,0.0,0.0,0.0,0.0,0.0
2018-11-17 22:30:00,0.0,0.0,0.0,0.0,0.0,0.0
2018-11-17 23:30:00,0.0,0.0,0.0,0.0,0.0,0.0
2018-11-18 00:30:00,0.0,0.0,0.0,0.0,0.0,0.0
2018-11-18 01:30:00,0.0,0.0,0.0,0.0,0.0,0.0
2018-11-18 02:30:00,0.0,0.0,0.0,0.0,0.0,0.0
2018-11-18 03:30:00,0.0,0.0,0.0,0.0,0.0,0.0
2018-11-18 04:30:00,0.0,0.0,0.0,0.0,0.0,0.0
2018-11-18 05:30:00,0.0,0.0,0.0,0.0,0.0,0.0
2018-11-18 06:30:00,0.0,0.0,0.0,0.0,0.0,0.0
2018-11-18 07:30:00,0.2395541750633348,0.29040579198211713,0.22432428515619823,0.2461622436462647,0.05702386716532027,0.1921044173529643
2018-11-18 08:30:00,0.5598984723955707,0.5511531843717739,0.5998301540242504,0.04490516109075461,0.5901144035693379,0.5966340821879804
2018-11-18 09:30:00,0.5880237730735693,0.5729211249731345,0.6171298714088218,0.59491279089682,0.604979070901456,0.11847121850427463
2018-11-18 10:30:00,0.5338112480502372,0.5246794230474413,0.5592713512599766,0.5329575541482737,0.5578959995639162,0.2737057068810232
2018-11-18 11:30:00,0.4891263649226911,0.49250192486937044,0.5101655766629525,0.48382220385102,0.5248809744487942,0.33477015747097566
2018-11-18 12:30:00,0.5040325444386421,0.515396152136234,0.5185905443785347,0.5002108528361596,0.5374487714843318,0.4024752961906246
2018-11-18 13:30:00,0.5595699353701649,0.574020377402485,0.5636887185683019,0.5563265884014482,0.5884740914428048,0.39251439402940796
2018-11-18 14:30:00,0.5826832079256087,0.5826814670980793,0.5996180962186733,0.5660772218835559,0.6239836544054583,0.6388734350712659
2018-11-18 15:30:00,0.47789376662148003,0.42888922649237304,0.5491319851508923,0.18189763496853642,0.5605656223370296,0.5999428447926702
2018-11-18 16:30:00,0.027384094068043662,-0.0,0.006782667331787986,-0.0,0.06040260713426496,0.14639710431088318
2018-11-18 17:30:00,0.0,0.0,0.0,0.0,0.0,0.0
2018-11-18 18:30:00,0.0,0.0,0.0,0.0,0.0,0.0
2018-11-18 19:30:00,0.0,0.0,0.0,0.0,0.0,0.0
2018-11-18 20:30:00,0.0,0.0,0.0,0.0,0.0,0.0
2018-11-18 21:30:00,0.0,0.0,0.0,0.0,0.0,0.0
2018-11-18 22:30:00,0.0,0.0,0.0,0.0,0.0,0.0
2018-11-18 23:30:00,0.0,0.0,0.0,0.0,0.0,0.0
2018-11-19 00:30:00,0.0,0.0,0.0,0.0,0.0,0.0
2018-11-19 01:30:00,0.0,0.0,0.0,0.0,0.0,0.0
2018-11-19 02:30:00,0.0,0.0,0.0,0.0,0.0,0.0
2018-11-19 03:30:00,0.0,0.0,0.0,0.0,0.0,0.0
2018-11-19 04:30:00,0.0,0.0,0.0,0.0,0.0,0.0
2018-11-19 05:30:00,0.0,0.0,0.0,0.0,0.0,0.0
2018-11-19 06:30:00,0.0,0.0,0.0,0.0,0.0,0.0
2018-11-19 07:30:00,0.2304325932500719,0.3022602229119301,0.20331582439761278,0.2120463341480148,0.290738765623526,0.18737384304699242
2018-11-19 08:30:00,0.5405012321528043,0.559187524919175,0.5641953533943967,0.2286477729159437,0.6071386023025895,0.5912313236442245
2018-11-19 09:30:00,0.5569227343767847,0.5663664608209764,0.5830213842863521,0.1886903829510907,0.6140999201008972,0.6059504256993926
2018-11-19 10:30:00,0.5101925010562994,0.5123305472439486,0.5304261813195184,0.4916742730199982,0.5540178570404851,0.5591360688934547
2018-11-19 11:30:00,0.4684991539344811,0.4759457667699705,0.4831903123441387,0.44788626652810337,0.511098563161749,0.5101094624536222
2018-11-19 12:30:00,0.4834945748977159,0.4975604784028437,0.49235942566766916,0.4640459889715324,0.5263637333327876,0.5126214442697535
2018-11-19 13:30:00,0.5378841917350018,0.5458477654918705,0.5451472015851762,0.5153464347539025,0.5800013058620545,0.5638840232053841
2018-11-19 14:30:00,0.5541062467629628,0.5538393469221647,0.5765004066763891,0.53249043189436,0.6121337704667889,0.604564205098965
2018-11-19 15:30:00,0.4450497584479026,0.3979310916107276,0.5187878172099709,0.4070351018398198,0.5539325458353798,0.5655813973394006
2018-11-19 16:30:00,0.01986458548000789,-0.0,0.05058966962655262,-0.0,0.054422763699432074,0.13089643198192155
2018-11-19 17:30:00,0.0,0.0,0.0,0.0,0.0,0.0
2018-11-19 18:30:00,0.0,0.0,0.0,0.0,0.0,0.0
2018-11-19 19:30:00,0.0,0.0,0.0,0.0,0.0,0.0
2018-11-19 20:30:00,0.0,0.0,0.0,0.0,0.0,0.0
2018-11-19 21:30:00,0.0,0.0,0.0,0.0,0.0,0.0
2018-11-19 22:30:00,0.0,0.0,0.0,0.0,0.0,0.0
2018-11-19 23:30:00,0.0,0.0,0.0,0.0,0.0,0.0
2018-11-20 00:30:00,0.0,0.0,0.0,0.0,0.0,0.0
2018-11-20 01:30:00,0.0,0.0,0.0,0.0,0.0,0.0
2018-11-20 02:30:00,0.0,0.0,0.0,0.0,0.0,0.0
2018-11-20 03:30:00,0.0,0.0,0.0,0.0,0.0,0.0
2018-11-20 04:30:00,0.0,0.0,0.0,0.0,0.0,0.0
2018-11-20 05:30:00,0.0,0.0,0.0,0.0,0.0,0.0
2018-11-20 06:30:00,0.0,0.0,0.0,0.0,0.0,0.0
2018-11-20 07:30:00,0.22789913790922578,0.3019466703717147,0.19738928893339083,0.21130568101586303,0.27875122141168357,0.1771735812198637
2018-11-20 08:30:00,0.5521020819519852,0.5647385652548155,0.5639271355651012,0.5377225464555183,0.6040463963476772,0.5908799567203433
2018-11-20 09:30:00,0.5603932421998282,0.5644202841601917,0.5812936367635501,0.5494783823407613,0.6082954954504787,0.6158089834661096
2018-11-20 10:30:00,0.4960003926528707,0.5041887614500989,0.526311490124233,0.487977907565338,0.5436873395722698,0.5594061504028739
2018-11-20 11:30:00,0.45268312325120297,0.4594621340977876,0.47862987202908164,0.4357617196680403,0.4962665877109526,0.5037802988610132
2018-11-20 12:30:00,0.4681019167962863,0.47768164729774737,0.4863523014173405,0.45191129134300917,0.5058138388499082,0.5045934307102744
2018-11-20 13:30:00,0.521964423664669,0.5289313864201555,0.5399944213679524,0.504048138878322,0.5578674558761127,0.5572344503811312
2018-11-20 14:30:00,0.5443153824992523,0.5405946257862636,0.572589785611895,0.5238989667069359,0.5895681817745886,0.6018723161150529
2018-11-20 15:30:00,0.4369188569324035,0.3947338495402149,0.5125721188861004,0.39716332753358097,0.5351478739756895,0.567678390439584
2018-11-20 16:30:00,0.018046496800300026,-0.0,0.04646110091190903,-0.0,0.049469969033668945,0.1280315858557153
2018-11-20 17:30:00,0.0,0.0,0.0,0.0,0.0,0.0
2018-11-20 18:30:00,0.0,0.0,0.0,0.0,0.0,0.0
2018-11-20 19:30:00,0.0,0.0,0.0,0.0,0.0,0.0
2018-11-20 20:30:00,0.0,0.0,0.0,0.0,0.0,0.0
2018-11-20 21:30:00,0.0,0.0,0.0,0.0,0.0,0.0
2018-11-20 22:30:00,0.0,0.0,0.0,0.0,0.0,0.0
2018-11-20 23:30:00,0.0,0.0,0.0,0.0,0.0,0.0
2018-11-21 00:30:00,0.0,0.0,0.0,0.0,0.0,0.0
2018-11-21 01:30:00,0.0,0.0,0.0,0.0,0.0,0.0
2018-11-21 02:30:00,0.0,0.0,0.0,0.0,0.0,0.0
2018-11-21 03:30:00,0.0,0.0,0.0,0.0,0.0,0.0
2018-11-21 04:30:00,0.0,0.0,0.0,0.0,0.0,0.0
2018-11-21 05:30:00,0.0,0.0,0.0,0.0,0.0,0.0
2018-11-21 06:30:00,0.0,0.0,0.0,0.0,0.0,0.0
2018-11-21 07:30:00,0.21439038020913367,0.2826493062645848,0.1914500834453815,0.20043986678761436,0.2745325484348537,0.16521842797250386
2018-11-21 08:30:00,0.5426071100682934,0.5444031923065642,0.5693052617147375,0.534333797793694,0.6103348817393275,0.5881099965726095
2018-11-21 09:30:00,0.5599704482369458,0.5543113009390415,0.5844412349418634,0.5499597925948267,0.6171789413784905,0.6141644580311673
2018-11-21 10:30:00,0.5000324993005271,0.5000694700613525,0.5297329759882877,0.4891397401817452,0.5535649472593798,0.5593605559450854
2018-11-21 11:30:00,0.4527583880001669,0.46233073612459946,0.4810681754794688,0.4378451397019429,0.5065669369245981,0.505870507555895
2018-11-21 12:30:00,0.47089182187137996,0.48211019211039663,0.49000205548833853,0.4519722462891479,0.517180544993367,0.5070369997915963
2018-11-21 13:30:00,0.5227491497364172,0.5358469490129573,0.5444335277043842,0.5043432386593483,0.5688188600926876,0.5595786035419555
2018-11-21 14:30:00,0.5458110826272375,0.5468424168952105,0.578849590340478,0.5240833152920585,0.5952434570008887,0.6017750070742195
2018-11-21 15:30:00,0.4390628468947447,0.39822950532697626,0.5210990768190986,0.39943295396760486,0.5316335656613009,0.5631962002818124
2018-11-21 16:30:00,0.0174047546816098,-0.0,0.04747655318431688,-0.0,0.04872060446754446,0.1225328392053873
2018-11-21 17:30:00,0.0,0.0,0.0,0.0,0.0,0.0
2018-11-21 18:30:00,0.0,0.0,0.0,0.0,0.0,0.0
2018-11-21 19:30:00,0.0,0.0,0.0,0.0,0.0,0.0
2018-11-21 20:30:00,0.0,0.0,0.0,0.0,0.0,0.0
2018-11-21 21:30:00,0.0,0.0,0.0,0.0,0.0,0.0
2018-11-21 22:30:00,0.0,0.0,0.0,0.0,0.0,0.0
2018-11-21 23:30:00,0.0,0.0,0.0,0.0,0.0,0.0
2018-11-22 00:30:00,0.0,0.0,0.0,0.0,0.0,0.0
2018-11-22 01:30:00,0.0,0.0,0.0,0.0,0.0,0.0
2018-11-22 02:30:00,0.0,0.0,0.0,0.0,0.0,0.0
2018-11-22 03:30:00,0.0,0.0,0.0,0.0,0.0,0.0
2018-11-22 04:30:00,0.0,0.0,0.0,0.0,0.0,0.0
2018-11-22 05:30:00,0.0,0.0,0.0,0.0,0.0,0.0
2018-11-22 06:30:00,0.0,0.0,0.0,0.0,0.0,0.0
2018-11-22 07:30:00,0.0554086362986467,0.0721175631122392,0.04712304976902407,0.03366094277081727,0.04680680383481713,0.04380590577702655
2018-11-22 08:30:00,0.09450077463766472,0.5613668817486924,0.5433662339167525,0.17563978132519076,0.19737529570315934,0.09104069744891377
2018-11-22 09:30:00,0.22947172883948636,0.2982103175330582,0.5688533007368057,0.033637719093500544,0.6120671798091208,0.14421058741213827
2018-11-22 10:30:00,0.3265920613337197,0.281566423829803,0.4014812094202354,0.04457957466204006,0.23705093086675705,0.12271208954862027
2018-11-22 11:30:00,0.25994627622118904,0.46576121410647936,0.3632406801345318,0.10408674632706957,0.32652633479439125,0.2029064812648488
2018-11-22 12:30:00,0.26740767544576005,0.48693723384748977,0.15784519612420836,0.3628738897081958,0.21128016638773323,0.1530121239294298
2018-11-22 13:30:00,0.03002334988526219,0.27536518299935275,0.13442905918655187,0.27906846388857975,0.06387391704417399,0.11917835788325933
2018-11-22 14:30:00,0.20111282045147086,0.07929295375375267,0.23017394332124538,0.04547669257471196,0.25523095098335413,0.12216922529154595
2018-11-22 15:30:00,0.07851972962500904,0.04375763576392784,0.061401865995554986,0.04842772474757322,0.1465145417740128,0.07607967518563054
2018-11-22 16:30:00,-0.0,-0.0,0.0035126595139858196,-0.0,0.0035102448355710334,0.005893179335577509
2018-11-22 17:30:00,0.0,0.0,0.0,0.0,0.0,0.0
2018-11-22 18:30:00,0.0,0.0,0.0,0.0,0.0,0.0
2018-11-22 19:30:00,0.0,0.0,0.0,0.0,0.0,0.0
2018-11-22 20:30:00,0.0,0.0,0.0,0.0,0.0,0.0
2018-11-22 21:30:00,0.0,0.0,0.0,0.0,0.0,0.0
2018-11-22 22:30:00,0.0,0.0,0.0,0.0,0.0,0.0
2018-11-22 23:30:00,0.0,0.0,0.0,0.0,0.0,0.0
2018-11-23 00:30:00,0.0,0.0,0.0,0.0,0.0,0.0
2018-11-23 01:30:00,0.0,0.0,0.0,0.0,0.0,0.0
2018-11-23 02:30:00,0.0,0.0,0.0,0.0,0.0,0.0
2018-11-23 03:30:00,0.0,0.0,0.0,0.0,0.0,0.0
2018-11-23 04:30:00,0.0,0.0,0.0,0.0,0.0,0.0
2018-11-23 05:30:00,0.0,0.0,0.0,0.0,0.0,0.0
2018-11-23 06:30:00,0.0,0.0,0.0,0.0,0.0,0.0
2018-11-23 07:30:00,0.20243500522830224,0.27938267827767976,0.02207378399984286,0.1831934336040493,0.25433721857207253,0.022781040298876738
2018-11-23 08:30:00,0.5445849969026244,0.5714231751392663,0.06046558404319333,0.5226975471061761,0.6063591856477236,0.12807577266760853
2018-11-23 09:30:00,0.565517510770376,0.5696667641758152,0.3341510206557853,0.5481037596701444,0.62088605833254,0.04797890286969085
2018-11-23 10:30:00,0.509917104452945,0.5054851395980883,0.35366634321629375,0.49346365186131824,0.5615784408243819,0.2213730623275859
2018-11-23 11:30:00,0.4631441757450884,0.4646774538764703,0.4060967720459409,0.44538279569062955,0.5150303180428435,0.2409159390114057
2018-11-23 12:30:00,0.48062818079124725,0.4866780090856853,0.3954686651051223,0.4657180699477904,0.527147140454595,0.3582337862399192
2018-11-23 13:30:00,0.5393288948751725,0.5458136122672278,0.4355971677847853,0.5319519452180035,0.5848289999515146,0.20057838497064104
2018-11-23 14:30:00,0.45207986973967,0.5538888191274551,0.29651961521647874,0.5534096001830187,0.6187111600521413,0.3871139895038941
2018-11-23 15:30:00,0.2144044704537893,0.3869532173963196,0.06333136647797256,0.16599244867581806,0.5453761338369415,0.19175342766402903
2018-11-23 16:30:00,-0.0,-0.0,0.001759219984726257,-0.0,0.04455059331416611,0.016445333364310276
2018-11-23 17:30:00,0.0,0.0,0.0,0.0,0.0,0.0
2018-11-23 18:30:00,0.0,0.0,0.0,0.0,0.0,0.0
2018-11-23 19:30:00,0.0,0.0,0.0,0.0,0.0,0.0
2018-11-23 20:30:00,0.0,0.0,0.0,0.0,0.0,0.0
2018-11-23 21:30:00,0.0,0.0,0.0,0.0,0.0,0.0
2018-11-23 22:30:00,0.0,0.0,0.0,0.0,0.0,0.0
2018-11-23 23:30:00,0.0,0.0,0.0,0.0,0.0,0.0
2018-11-24 00:30:00,0.0,0.0,0.0,0.0,0.0,0.0
2018-11-24 01:30:00,0.0,0.0,0.0,0.0,0.0,0.0
2018-11-24 02:30:00,0.0,0.0,0.0,0.0,0.0,0.0
2018-11-24 03:30:00,0.0,0.0,0.0,0.0,0.0,0.0
2018-11-24 04:30:00,0.0,0.0,0.0,0.0,0.0,0.0
2018-11-24 05:30:00,0.0,0.0,0.0,0.0,0.0,0.0
2018-11-24 06:30:00,0.0,0.0,0.0,0.0,0.0,0.0
2018-11-24 07:30:00,0.18069331681936107,0.049955448893949844,0.024069435099130003,0.03485092806658559,0.059998785238873656,0.012051206757013037
2018-11-24 08:30:00,0.5174181326926324,0.5280384261770495,0.058228947467632575,0.3559341621650556,0.5862463012793767,0.016475367034432337
2018-11-24 09:30:00,0.5454007248207782,0.5442172416420222,0.20757593161855634,0.5206037844327861,0.6023641131730509,0.08112571871704406
2018-11-24 10:30:00,0.491822700703354,0.4912599706706646,0.3215336626431753,0.47309215021301504,0.5431884635100261,0.19193981533364293
2018-11-24 11:30:00,0.44193313649312005,0.44980943994715583,0.1294455536263563,0.22843033109611002,0.11808915362228617,0.3731745261973087
2018-11-24 12:30:00,0.26858204585905204,0.4711378027294092,0.12049890146012895,0.07389733316712281,0.5093463215173445,0.23811697029056203
2018-11-24 13:30:00,0.028131775173313615,0.5163979821447574,0.12000525810542109,0.11404309891038908,0.5623956938927578,0.4085240400529408
2018-11-24 14:30:00,0.0272909617231072,0.20557469311676993,0.08290281280721146,-0.0,0.5951708280986272,0.32836494112104747
2018-11-24 15:30:00,0.042118395824495856,0.022416846462975776,0.052091986127639725,0.04970030714672848,0.5140329394306105,0.09062356889326154
2018-11-24 16:30:00,-0.0,-0.0,0.001862021512888194,-0.0,0.0016588508164132167,0.013922002016947373
2018-11-24 17:30:00,0.0,0.0,0.0,0.0,0.0,0.0
2018-11-24 18:30:00,0.0,0.0,0.0,0.0,0.0,0.0
2018-11-24 19:30:00,0.0,0.0,0.0,0.0,0.0,0.0
2018-11-24 20:30:00,0.0,0.0,0.0,0.0,0.0,0.0
2018-11-24 21:30:00,0.0,0.0,0.0,0.0,0.0,0.0
2018-11-24 22:30:00,0.0,0.0,0.0,0.0,0.0,0.0
2018-11-24 23:30:00,0.0,0.0,0.0,0.0,0.0,0.0
2018-11-25 00:30:00,0.0,0.0,0.0,0.0,0.0,0.0
2018-11-25 01:30:00,0.0,0.0,0.0,0.0,0.0,0.0
2018-11-25 02:30:00,0.0,0.0,0.0,0.0,0.0,0.0
2018-11-25 03:30:00,0.0,0.0,0.0,0.0,0.0,0.0
2018-11-25 04:30:00,0.0,0.0,0.0,0.0,0.0,0.0
2018-11-25 05:30:00,0.0,0.0,0.0,0.0,0.0,0.0
2018-11-25 06:30:00,0.0,0.0,0.0,0.0,0.0,0.0
2018-11-25 07:30:00,0.19128405803659748,0.05339789534707949,0.020435615171866327,0.16957642882372337,0.054412738155089124,0.019522226931194684
2018-11-25 08:30:00,0.5579959210811182,0.23772717917629677,0.12243805279975506,0.5370496491800282,0.628972475461434,0.5876357122040008
2018-11-25 09:30:00,0.5803517623680683,0.10418586993965184,0.36588664299111195,0.5614656318259091,0.6456343680772416,0.6243083519803452
2018-11-25 10:30:00,0.5225773228400455,0.5260768794045044,0.5455329745851862,0.3537248620490957,0.5840113705289602,0.5744120621954413
2018-11-25 11:30:00,0.47191145355546826,0.48323533133521757,0.44118999080362215,0.45213843822968053,0.5333474645737187,0.5170925011878176
2018-11-25 12:30:00,0.48756555842507804,0.5064249349582378,0.46380926483452306,0.4715131408867093,0.5428244278839403,0.5174786554866504
2018-11-25 13:30:00,0.5473906200600958,0.5644050998079582,0.3780834738126606,0.5340037556250373,0.5861768661283833,0.3437286618545633
2018-11-25 14:30:00,0.5727924479321094,0.5749187196083138,0.5937329784065213,0.5536082607225472,0.6146028733513247,0.15997254847414005
2018-11-25 15:30:00,0.4394074820073475,0.392791438459473,0.512628369833397,0.396062847132278,0.5326512603183006,0.12752614236912568
2018-11-25 16:30:00,-0.0,-0.0,0.038080587623325904,-0.0,0.04199813075324524,0.008406497187605787
2018-11-25 17:30:00,0.0,0.0,0.0,0.0,0.0,0.0
2018-11-25 18:30:00,0.0,0.0,0.0,0.0,0.0,0.0
2018-11-25 19:30:00,0.0,0.0,0.0,0.0,0.0,0.0
2018-11-25 20:30:00,0.0,0.0,0.0,0.0,0.0,0.0
2018-11-25 21:30:00,0.0,0.0,0.0,0.0,0.0,0.0
2018-11-25 22:30:00,0.0,0.0,0.0,0.0,0.0,0.0
2018-11-25 23:30:00,0.0,0.0,0.0,0.0,0.0,0.0
2018-11-26 00:30:00,0.0,0.0,0.0,0.0,0.0,0.0
2018-11-26 01:30:00,0.0,0.0,0.0,0.0,0.0,0.0
2018-11-26 02:30:00,0.0,0.0,0.0,0.0,0.0,0.0
2018-11-26 03:30:00,0.0,0.0,0.0,0.0,0.0,0.0
2018-11-26 04:30:00,0.0,0.0,0.0,0.0,0.0,0.0
2018-11-26 05:30:00,0.0,0.0,0.0,0.0,0.0,0.0
2018-11-26 06:30:00,0.0,0.0,0.0,0.0,0.0,0.0
2018-11-26 07:30:00,0.03388170554930778,0.246372635503712,0.14264324687152372,0.15163624946076898,0.23444442294899753,0.12485957156205692
2018-11-26 08:30:00,0.5363486437996642,0.10432757481314811,0.5622985889822559,0.5110734283015191,0.6074206130567193,0.5804249214593966
2018-11-26 09:30:00,0.5567714987980236,0.5662443483079375,0.5834027041640415,0.5415408195661896,0.6208192317336758,0.6140513590895643
2018-11-26 10:30:00,0.5013423765318271,0.5034123221821023,0.5266617590386173,0.4845089112317035,0.5593448432165248,0.5540111646123864
2018-11-26 11:30:00,0.45182858193552994,0.4616434242022634,0.47184079584219735,0.4326384777295078,0.5026316425155222,0.49743558451057857
2018-11-26 12:30:00,0.46636572815204486,0.48442882329096854,0.4785658721254164,0.29275292339777215,0.5116460895440685,0.49512271019931503
2018-11-26 13:30:00,0.5192871709648443,0.5392629411800075,0.535432494671751,0.5088335404190872,0.5620918943310789,0.5483289476545089
2018-11-26 14:30:00,0.540426013621776,0.5511974828216554,0.5683992807480603,0.524021643137564,0.5920466845269949,0.5931212545787674
2018-11-26 15:30:00,0.41089077806737934,0.37852330730355255,0.18812408787301674,0.08983368036725131,0.5150919421151978,0.32263938121978375
2018-11-26 16:30:00,-0.0,-0.0,0.003083491486267161,-0.0,0.03786903416490013,0.10471939732469644
2018-11-26 17:30:00,0.0,0.0,0.0,0.0,0.0,0.0
2018-11-26 18:30:00,0.0,0.0,0.0,0.0,0.0,0.0
2018-11-26 19:30:00,0.0,0.0,0.0,0.0,0.0,0.0
2018-11-26 20:30:00,0.0,0.0,0.0,0.0,0.0,0.0
2018-11-26 21:30:00,0.0,0.0,0.0,0.0,0.0,0.0
2018-11-26 22:30:00,0.0,0.0,0.0,0.0,0.0,0.0
2018-11-26 23:30:00,0.0,0.0,0.0,0.0,0.0,0.0
2018-11-27 00:30:00,0.0,0.0,0.0,0.0,0.0,0.0
2018-11-27 01:30:00,0.0,0.0,0.0,0.0,0.0,0.0
2018-11-27 02:30:00,0.0,0.0,0.0,0.0,0.0,0.0
2018-11-27 03:30:00,0.0,0.0,0.0,0.0,0.0,0.0
2018-11-27 04:30:00,0.0,0.0,0.0,0.0,0.0,0.0
2018-11-27 05:30:00,0.0,0.0,0.0,0.0,0.0,0.0
2018-11-27 06:30:00,0.0,0.0,0.0,0.0,0.0,0.0
2018-11-27 07:30:00,0.1604813721489736,0.22805080675989617,0.03170204899567026,0.14273277696608969,0.2135745735011335,0.11370633955532798
2018-11-27 08:30:00,0.34048776637582406,0.5249337013488834,0.1261167332141625,0.5023398361911543,0.5822895608409427,0.5533855096875887
2018-11-27 09:30:00,0.007110531392693645,0.5394233672023735,0.5631459871407261,0.5254593226189018,0.6009021460091035,0.40187149413245327
2018-11-27 10:30:00,0.048538086625474465,0.48587994724410294,0.42063629965727456,0.17271459569101602,0.18638565359922812,0.46485551310928225
2018-11-27 11:30:00,0.12475423531840864,0.4458972274216075,0.39632320531495707,0.20199103109345085,0.16623187317295926,0.4672652080374097
2018-11-27 12:30:00,0.026943871992136,0.465988723511783,0.40342105530068345,0.23583956248288399,0.37794171998547893,0.48839606056385354
2018-11-27 13:30:00,0.05344947461265714,0.5192662512814514,0.39321531951390865,0.04944401589988942,0.4707608835608514,0.07025521232045616
2018-11-27 14:30:00,0.09340468423810791,0.29425673580017225,0.12238162231835222,-0.0,0.5735308769029624,0.08036508321154828
2018-11-27 15:30:00,-0.0,0.011439879725784911,0.04331363630553609,0.017715875360766475,0.19240502138492363,0.07848969412584243
2018-11-27 16:30:00,-0.0,-0.0,0.0030236756689825057,-0.0,0.0041485370381926625,0.01269095421364028
2018-11-27 17:30:00,0.0,0.0,0.0,0.0,0.0,0.0
2018-11-27 18:30:00,0.0,0.0,0.0,0.0,0.0,0.0
2018-11-27 19:30:00,0.0,0.0,0.0,0.0,0.0,0.0
2018-11-27 20:30:00,0.0,0.0,0.0,0.0,0.0,0.0
2018-11-27 21:30:00,0.0,0.0,0.0,0.0,0.0,0.0
2018-11-27 22:30:00,0.0,0.0,0.0,0.0,0.0,0.0
2018-11-27 23:30:00,0.0,0.0,0.0,0.0,0.0,0.0
2018-11-28 00:30:00,0.0,0.0,0.0,0.0,0.0,0.0
2018-11-28 01:30:00,0.0,0.0,0.0,0.0,0.0,0.0
2018-11-28 02:30:00,0.0,0.0,0.0,0.0,0.0,0.0
2018-11-28 03:30:00,0.0,0.0,0.0,0.0,0.0,0.0
2018-11-28 04:30:00,0.0,0.0,0.0,0.0,0.0,0.0
2018-11-28 05:30:00,0.0,0.0,0.0,0.0,0.0,0.0
2018-11-28 06:30:00,0.0,0.0,0.0,0.0,0.0,0.0
2018-11-28 07:30:00,0.14922656709084212,0.09610396175880392,0.011062694136932599,0.1318846575408136,0.20071954484348725,0.09740049079001013
2018-11-28 08:30:00,0.19879699119022118,0.29995655400751137,0.5194742920024589,0.49516243688788436,0.5656077867341284,0.10178666691344049
2018-11-28 09:30:00,0.3018763763855168,0.3021983477901202,0.2637104939037839,0.5280315168669547,0.5856676899372907,0.31759639523866845
2018-11-28 10:30:00,0.27138682637213163,0.30428191968573937,0.1428075870960807,0.4805497553511807,0.5298688598624247,0.1982470478308624
2018-11-28 11:30:00,0.2258802222926366,0.42924487000871214,0.28712256847575596,0.140675935819298,0.42105044158808824,0.10721726883607367
2018-11-28 12:30:00,0.3371854146184007,0.2713991443247035,0.16109737539217497,0.11533324782726206,0.09885859455638014,0.12555793180380317
2018-11-28 13:30:00,0.0670158090810259,0.1582593757009298,0.11392248435225599,0.18889076011038128,0.5437921447911813,0.24997677528519185
2018-11-28 14:30:00,0.05661780168871065,0.1716855400375185,0.2956472537552387,0.0556286705860529,0.5682089347678844,0.16802427430560396
2018-11-28 15:30:00,0.38046613976322285,0.0338836564241886,0.010214551326123755,0.1337987869667363,0.13199278579942622,0.033426092976905575
2018-11-28 16:30:00,-0.0,-0.0,0.0005253418224154662,-0.0,0.0028571583244256346,0.004011499728189366
2018-11-28 17:30:00,0.0,0.0,0.0,0.0,0.0,0.0
2018-11-28 18:30:00,0.0,0.0,0.0,0.0,0.0,0.0
2018-11-28 19:30:00,0.0,0.0,0.0,0.0,0.0,0.0
2018-11-28 20:30:00,0.0,0.0,0.0,0.0,0.0,0.0
2018-11-28 21:30:00,0.0,0.0,0.0,0.0,0.0,0.0
2018-11-28 22:30:00,0.0,0.0,0.0,0.0,0.0,0.0
2018-11-28 23:30:00,0.0,0.0,0.0,0.0,0.0,0.0
2018-11-29 00:30:00,0.0,0.0,0.0,0.0,0.0,0.0
2018-11-29 01:30:00,0.0,0.0,0.0,0.0,0.0,0.0
2018-11-29 02:30:00,0.0,0.0,0.0,0.0,0.0,0.0
2018-11-29 03:30:00,0.0,0.0,0.0,0.0,0.0,0.0
2018-11-29 04:30:00,0.0,0.0,0.0,0.0,0.0,0.0
2018-11-29 05:30:00,0.0,0.0,0.0,0.0,0.0,0.0
2018-11-29 06:30:00,0.0,0.0,0.0,0.0,0.0,0.0
2018-11-29 07:30:00,0.02688411985687598,0.2025933589766336,0.0292632963830851,0.11130785697983563,0.01165858185602329,0.0076208659006515985
2018-11-29 08:30:00,0.5024246553928329,0.5055030461205301,0.13920595534234462,0.02930814713207749,0.5621235855192159,0.1213884780845549
2018-11-29 09:30:00,0.5401005198300549,0.5215313512984481,0.5585769800958819,0.1319340577443354,0.5884908569526691,0.13849088367791512
2018-11-29 10:30:00,0.491154755760443,0.47274750611831845,0.33801226609137575,0.14563250523706286,0.3270006290237818,0.17981220004550547
2018-11-29 11:30:00,0.4353607071401175,0.4324559393797717,0.41890615315590535,0.29869322396070774,0.4636481426652068,0.0904952240207611
2018-11-29 12:30:00,0.4457449351550784,0.45791324630281116,0.26867985475968176,0.4371805871952069,0.4967352785640896,0.4585289283511964
2018-11-29 13:30:00,0.49090963848298685,0.5070172965137355,0.2679737986088501,0.4913745221707758,0.5449016716913179,0.2717623114825638
2018-11-29 14:30:00,0.5084471818873635,0.5116410363438704,0.289222229895897,0.5030934014306134,0.5670612470166053,0.06277901895816038
2018-11-29 15:30:00,0.3813083646341308,0.34864649298431516,0.0435322704435986,0.35230056642087587,0.16235027695905133,0.0038561118654875173
2018-11-29 16:30:00,-0.0,-0.0,-0.0,-0.0,0.002291125720650901,0.008856911409120373
2018-11-29 17:30:00,0.0,0.0,0.0,0.0,0.0,0.0
2018-11-29 18:30:00,0.0,0.0,0.0,0.0,0.0,0.0
2018-11-29 19:30:00,0.0,0.0,0.0,0.0,0.0,0.0
2018-11-29 20:30:00,0.0,0.0,0.0,0.0,0.0,0.0
2018-11-29 21:30:00,0.0,0.0,0.0,0.0,0.0,0.0
2018-11-29 22:30:00,0.0,0.0,0.0,0.0,0.0,0.0
2018-11-29 23:30:00,0.0,0.0,0.0,0.0,0.0,0.0
2018-11-30 00:30:00,0.0,0.0,0.0,0.0,0.0,0.0
2018-11-30 01:30:00,0.0,0.0,0.0,0.0,0.0,0.0
2018-11-30 02:30:00,0.0,0.0,0.0,0.0,0.0,0.0
2018-11-30 03:30:00,0.0,0.0,0.0,0.0,0.0,0.0
2018-11-30 04:30:00,0.0,0.0,0.0,0.0,0.0,0.0
2018-11-30 05:30:00,0.0,0.0,0.0,0.0,0.0,0.0
2018-11-30 06:30:00,0.0,0.0,0.0,0.0,0.0,0.0
2018-11-30 07:30:00,0.12334691968231122,0.010704531171347452,0.008157072935696771,0.0020958775752696517,0.1808318950399999,0.004712375913308799
2018-11-30 08:30:00,0.022390993709365342,0.04376433549033684,0.04734153824742428,0.006893551986219109,0.547781414520168,0.04776117633221621
2018-11-30 09:30:00,0.036640629898564564,0.05085474731148754,0.0813720938218197,0.039613042449307814,0.573476253582807,0.17679069596577912
2018-11-30 10:30:00,0.11710922155664258,0.08656960899408842,0.12979281251556116,0.05048864051612721,0.029155798333369325,0.29076420913921625
2018-11-30 11:30:00,0.09705834701767993,0.20933812151294046,0.18718624711059723,0.013271518241193488,0.36270502768962976,0.28011994013270625
2018-11-30 12:30:00,0.10893197105592639,0.4518318398769952,0.34913861635797233,0.041709640900998844,0.34279120429143806,0.2635430713466228
2018-11-30 13:30:00,0.0731511599155533,0.13259430454239582,0.21457997422800448,0.0004818539097582969,0.311290090809149,0.13645770493800957
2018-11-30 14:30:00,0.0715145881097386,0.1084156676932922,0.07980416689451504,0.06799195125475724,0.052137558855065484,0.18483197296361736
2018-11-30 15:30:00,0.042071303606040236,0.014171831578722592,0.04928706740501221,0.0339467701854739,0.021460513288337195,0.07639213637398341
2018-11-30 16:30:00,-0.0,-0.0,0.0018195349537108007,-0.0,0.0005005582369901234,0.00411913278598759
2018-11-30 17:30:00,0.0,0.0,0.0,0.0,0.0,0.0
2018-11-30 18:30:00,0.0,0.0,0.0,0.0,0.0,0.0
2018-11-30 19:30:00,0.0,0.0,0.0,0.0,0.0,0.0
2018-11-30 20:30:00,0.0,0.0,0.0,0.0,0.0,0.0
2018-11-30 21:30:00,0.0,0.0,0.0,0.0,0.0,0.0
2018-11-30 22:30:00,0.0,0.0,0.0,0.0,0.0,0.0
2018-11-30 23:30:00,0.0,0.0,0.0,0.0,0.0,0.0
2018-12-01 00:30:00,0.0,0.0,0.0,0.0,0.0,0.0
2018-12-01 01:30:00,0.0,0.0,0.0,0.0,0.0,0.0
2018-12-01 02:30:00,0.0,0.0,0.0,0.0,0.0,0.0
2018-12-01 03:30:00,0.0,0.0,0.0,0.0,0.0,0.0
2018-12-01 04:30:00,0.0,0.0,0.0,0.0,0.0,0.0
2018-12-01 05:30:00,0.0,0.0,0.0,0.0,0.0,0.0
2018-12-01 06:30:00,0.0,0.0,0.0,0.0,0.0,0.0
2018-12-01 07:30:00,0.1261738108018119,0.0371632688017694,0.008704007843496692,0.1106683454911526,0.18216233350311758,0.006052064710495439
2018-12-01 08:30:00,0.5162221024161366,0.18608430372392973,0.012250267458948524,0.05719800841779696,0.57687371711078,0.13671593386411549
2018-12-01 09:30:00,0.5563018446023318,0.5546896987910896,0.08205245960031425,0.06481487820561994,0.603453492106518,0.398399574989325
2018-12-01 10:30:00,0.5040274429047109,0.5015812232571452,0.2823536313428488,0.25680728611896975,0.5556559774545511,0.4347001836578684
2018-12-01 11:30:00,0.450871318395661,0.38759894197252276,0.23776619168745922,0.32657415297769277,0.5034747574622607,0.5073292442513794
2018-12-01 12:30:00,0.3640413628881793,0.19155562159712333,0.3789260561529724,0.3267407572134345,0.5144615110741434,0.5062300874266303
2018-12-01 13:30:00,0.2730660132891457,0.12288063346746177,0.3200274252903903,0.22795463496666563,0.5744975247075959,0.5634111000990918
2018-12-01 14:30:00,0.08939342762391787,0.051964159829689445,0.2968312617555759,0.175798069295172,0.6086901707486588,0.46034349644654904
2018-12-01 15:30:00,0.05992741292445251,0.029676363053549808,0.1556670355861561,0.06664633132791241,0.5151707133052189,0.1113543255992069
2018-12-01 16:30:00,-0.0,0.0,0.001292937595343277,-0.0,0.03001831766067441,0.01372989993549986
2018-12-01 17:30:00,0.0,0.0,0.0,0.0,0.0,0.0
2018-12-01 18:30:00,0.0,0.0,0.0,0.0,0.0,0.0
2018-12-01 19:30:00,0.0,0.0,0.0,0.0,0.0,0.0
2018-12-01 20:30:00,0.0,0.0,0.0,0.0,0.0,0.0
2018-12-01 21:30:00,0.0,0.0,0.0,0.0,0.0,0.0
2018-12-01 22:30:00,0.0,0.0,0.0,0.0,0.0,0.0
2018-12-01 23:30:00,0.0,0.0,0.0,0.0,0.0,0.0
2018-12-02 00:30:00,0.0,0.0,0.0,0.0,0.0,0.0
2018-12-02 01:30:00,0.0,0.0,0.0,0.0,0.0,0.0
2018-12-02 02:30:00,0.0,0.0,0.0,0.0,0.0,0.0
2018-12-02 03:30:00,0.0,0.0,0.0,0.0,0.0,0.0
2018-12-02 04:30:00,0.0,0.0,0.0,0.0,0.0,0.0
2018-12-02 05:30:00,0.0,0.0,0.0,0.0,0.0,0.0
2018-12-02 06:30:00,0.0,0.0,0.0,0.0,0.0,0.0
2018-12-02 07:30:00,0.12042802457604813,0.19863807712980003,0.10060294697230492,0.09977625607285574,0.02025338395441317,0.005299187197963128
2018-12-02 08:30:00,0.5125346288197138,0.5305756124070656,0.5476198243202709,0.15293336112180156,0.14681663573489026,0.052949519845191535
2018-12-02 09:30:00,0.5484922015480578,0.07752298707210047,0.5824065503721483,0.17237635001231133,0.07947091778093165,0.07711301108345028
2018-12-02 10:30:00,0.49474078426635604,0.09149111447912475,0.42541338588758326,0.24076995708552706,0.08614961517072585,0.13796435595029644
2018-12-02 11:30:00,0.44450285848827903,0.4546745972155253,0.3965572914656118,0.2133254100728116,0.31939396934102215,0.330464886041888
2018-12-02 12:30:00,0.4604906170741091,0.4773315524527609,0.39291724753149754,0.2852736015263195,0.12842711528164358,0.35995209299377284
2018-12-02 13:30:00,0.5207818795462973,0.5349832106671705,0.3909853157539884,0.24258615873117245,0.046290336975949344,0.06715450924497884
2018-12-02 14:30:00,0.15715265974031986,0.08596729522039223,0.32085435725007955,0.19826820513497814,0.054978763748732895,0.21365985700614043
2018-12-02 15:30:00,0.3880971509252412,0.0701719027134297,0.10036758049467796,0.3460545629394637,0.029089532447599004,0.06625316290249258
2018-12-02 16:30:00,-0.0,0.0,0.0018868212777604857,-0.0,0.0006103339769997993,0.012311753975290376
2018-12-02 17:30:00,0.0,0.0,0.0,0.0,0.0,0.0
2018-12-02 18:30:00,0.0,0.0,0.0,0.0,0.0,0.0
2018-12-02 19:30:00,0.0,0.0,0.0,0.0,0.0,0.0
2018-12-02 20:30:00,0.0,0.0,0.0,0.0,0.0,0.0
2018-12-02 21:30:00,0.0,0.0,0.0,0.0,0.0,0.0
2018-12-02 22:30:00,0.0,0.0,0.0,0.0,0.0,0.0
2018-12-02 23:30:00,0.0,0.0,0.0,0.0,0.0,0.0
2018-12-03 00:30:00,0.0,0.0,0.0,0.0,0.0,0.0
2018-12-03 01:30:00,0.0,0.0,0.0,0.0,0.0,0.0
2018-12-03 02:30:00,0.0,0.0,0.0,0.0,0.0,0.0
2018-12-03 03:30:00,0.0,0.0,0.0,0.0,0.0,0.0
2018-12-03 04:30:00,0.0,0.0,0.0,0.0,0.0,0.0
2018-12-03 05:30:00,0.0,0.0,0.0,0.0,0.0,0.0
2018-12-03 06:30:00,0.0,0.0,0.0,0.0,0.0,0.0
2018-12-03 07:30:00,0.0050546007325796725,0.038046107853897435,0.0030622939932963664,0.0027103055870452545,0.02238842484867808,0.00540906171216304
2018-12-03 08:30:00,0.08781436260569804,0.5213467094008761,0.15880825569000373,0.09900940250206068,0.5548300069220857,0.07766174216873672
2018-12-03 09:30:00,0.09674489277704613,0.534349969025015,0.29136259221196736,0.4955896218463703,0.5963159403525801,0.025124477869235218
2018-12-03 10:30:00,0.040919972386014865,0.485162010014653,0.33518744987604765,0.4605962503221424,0.5517335238603103,0.29123736932963984
2018-12-03 11:30:00,0.2907994234751091,0.44593722692208265,0.37528542660197217,0.4181793195834795,0.5035965946718736,0.3838258254120744
2018-12-03 12:30:00,0.2790841394140193,0.2918979368229179,0.1346607480966188,0.43086559722070844,0.5217721490453964,0.40541363446845846
2018-12-03 13:30:00,0.11699203686603242,0.1919202581769967,0.3228604161398611,0.23663004877883323,0.39606169179110434,0.1953823450830134
2018-12-03 14:30:00,0.17726485765424088,0.1166093580980099,0.1625840269034118,0.15880208276752247,0.33506314010822663,0.332587036273867
2018-12-03 15:30:00,0.11233663561630505,0.028078519733495334,0.1120238451720579,0.04864752225652691,0.20131620002565484,0.12615909808620615
2018-12-03 16:30:00,-0.0,0.0,0.0007024841597554723,-0.0,0.001263388398744928,0.004934049973181021
2018-12-03 17:30:00,0.0,0.0,0.0,0.0,0.0,0.0
2018-12-03 18:30:00,0.0,0.0,0.0,0.0,0.0,0.0
2018-12-03 19:30:00,0.0,0.0,0.0,0.0,0.0,0.0
2018-12-03 20:30:00,0.0,0.0,0.0,0.0,0.0,0.0
2018-12-03 21:30:00,0.0,0.0,0.0,0.0,0.0,0.0
2018-12-03 22:30:00,0.0,0.0,0.0,0.0,0.0,0.0
2018-12-03 23:30:00,0.0,0.0,0.0,0.0,0.0,0.0
2018-12-04 00:30:00,0.0,0.0,0.0,0.0,0.0,0.0
2018-12-04 01:30:00,0.0,0.0,0.0,0.0,0.0,0.0
2018-12-04 02:30:00,0.0,0.0,0.0,0.0,0.0,0.0
2018-12-04 03:30:00,0.0,0.0,0.0,0.0,0.0,0.0
2018-12-04 04:30:00,0.0,0.0,0.0,0.0,0.0,0.0
2018-12-04 05:30:00,0.0,0.0,0.0,0.0,0.0,0.0
2018-12-04 06:30:00,0.0,0.0,0.0,0.0,0.0,0.0
2018-12-04 07:30:00,0.11480881416866905,0.18022639602495458,0.016641472230934574,0.09885790931155847,0.035109906780975,0.0055190256790324105
2018-12-04 08:30:00,0.5384018087551287,0.5374843365761406,0.5579213260938014,0.5161168563589856,0.5971965709024553,0.5570528604022266
2018-12-04 09:30:00,0.5734522247602454,0.5662361372665888,0.6005275043781538,0.5530280623556306,0.6242866394428229,0.6072400328236148
2018-12-04 10:30:00,0.5173379999834434,0.5094345825817753,0.41641813987242493,0.5063441930448376,0.4817585307899575,0.4694486658017382
2018-12-04 11:30:00,0.45737385694653837,0.46568263098399726,0.4890800295565165,0.444338256849519,0.5124165540295083,0.45453519417903304
2018-12-04 12:30:00,0.47007030676029493,0.4880086144768644,0.4936959589916348,0.4595110438628111,0.522469578649961,0.4672934430029129
2018-12-04 13:30:00,0.5351535344452683,0.5493772628832942,0.558432759137969,0.5289708208032461,0.5806678706993026,0.042031812568463015
2018-12-04 14:30:00,0.5646856604052544,0.5633229106407915,0.5972460080203192,0.5534742593773597,0.6126148427687814,0.2956821491978768
2018-12-04 15:30:00,0.4247263490615159,0.3778007915617418,0.5035863558353734,0.3867246162380009,0.2872225421654911,0.1866367107277143
2018-12-04 16:30:00,-0.0,0.0,0.00012444099657806638,-0.0,0.03411240012916963,0.021705847116804098
2018-12-04 17:30:00,0.0,0.0,0.0,0.0,0.0,0.0
2018-12-04 18:30:00,0.0,0.0,0.0,0.0,0.0,0.0
2018-12-04 19:30:00,0.0,0.0,0.0,0.0,0.0,0.0
2018-12-04 20:30:00,0.0,0.0,0.0,0.0,0.0,0.0
2018-12-04 21:30:00,0.0,0.0,0.0,0.0,0.0,0.0
2018-12-04 22:30:00,0.0,0.0,0.0,0.0,0.0,0.0
2018-12-04 23:30:00,0.0,0.0,0.0,0.0,0.0,0.0
2018-12-05 00:30:00,0.0,0.0,0.0,0.0,0.0,0.0
2018-12-05 01:30:00,0.0,0.0,0.0,0.0,0.0,0.0
2018-12-05 02:30:00,0.0,0.0,0.0,0.0,0.0,0.0
2018-12-05 03:30:00,0.0,0.0,0.0,0.0,0.0,0.0
2018-12-05 04:30:00,0.0,0.0,0.0,0.0,0.0,0.0
2018-12-05 05:30:00,0.0,0.0,0.0,0.0,0.0,0.0
2018-12-05 06:30:00,0.0,0.0,0.0,0.0,0.0,0.0
2018-12-05 07:30:00,0.012434620708044282,0.017963252543095456,0.0058621250296077695,0.00491470063419049,0.02668738164550068,0.00526228984861266
2018-12-05 08:30:00,0.2513944905863535,0.5144408946383708,0.06344913123252062,0.0593832928024373,0.5580871739356219,0.12878763701916907
2018-12-05 09:30:00,0.34732912978086333,0.533322835451427,0.09507325672907102,0.022445351875645645,0.5956053127183568,0.1296146050614165
2018-12-05 10:30:00,0.2824898099852563,0.11070733425929828,0.06793071276851831,0.009450214603138968,0.4504562542164932,0.20942878091181805
2018-12-05 11:30:00,0.3382442013222167,0.1555953457415044,0.18088402404230947,0.274759490329815,0.4974254164936451,0.33775594446996565
2018-12-05 12:30:00,0.33755969803567554,0.1415728504101578,0.19557921150577723,0.11868824369713003,0.49986148175763867,0.29047341458117826
2018-12-05 13:30:00,0.3629196686812831,0.210580547904146,0.26165008513964705,0.03721029758906757,0.5536210216481062,0.13929287911265345
2018-12-05 14:30:00,0.3805516482830713,0.3107783779209107,0.10502837566932154,0.0042764805587656605,0.5798119432171586,0.1355120415625202
2018-12-05 15:30:00,0.11557197080763387,0.09854277067745282,0.14690274596490166,0.045766095369837854,0.48459242574101463,0.14149728506331136
2018-12-05 16:30:00,-0.0,0.0,0.0006296248797398837,-0.0,0.003072514250949303,0.0156996084908316
2018-12-05 17:30:00,0.0,0.0,0.0,0.0,0.0,0.0
2018-12-05 18:30:00,0.0,0.0,0.0,0.0,0.0,0.0
2018-12-05 19:30:00,0.0,0.0,0.0,0.0,0.0,0.0
2018-12-05 20:30:00,0.0,0.0,0.0,0.0,0.0,0.0
2018-12-05 21:30:00,0.0,0.0,0.0,0.0,0.0,0.0
2018-12-05 22:30:00,0.0,0.0,0.0,0.0,0.0,0.0
2018-12-05 23:30:00,0.0,0.0,0.0,0.0,0.0,0.0
2018-12-06 00:30:00,0.0,0.0,0.0,0.0,0.0,0.0
2018-12-06 01:30:00,0.0,0.0,0.0,0.0,0.0,0.0
2018-12-06 02:30:00,0.0,0.0,0.0,0.0,0.0,0.0
2018-12-06 03:30:00,0.0,0.0,0.0,0.0,0.0,0.0
2018-12-06 04:30:00,0.0,0.0,0.0,0.0,0.0,0.0
2018-12-06 05:30:00,0.0,0.0,0.0,0.0,0.0,0.0
2018-12-06 06:30:00,0.0,0.0,0.0,0.0,0.0,0.0
2018-12-06 07:30:00,0.0006928769407315556,0.14506514024446082,0.004637310542685695,0.001138306252423896,0.04131643552085174,0.0026040710251807563
2018-12-06 08:30:00,0.029993120410996835,0.18239990624792882,0.09145770436877342,0.03675760583644886,0.5360530329238591,0.0909928305537526
2018-12-06 09:30:00,0.08608671233029754,0.32760610301538673,0.30894352163791217,0.15500058502402989,0.5723047797631097,0.10914501885867323
2018-12-06 10:30:00,0.3531596435556427,0.20053405987453013,0.38485773051372535,0.20206937477024559,0.5276759918611249,0.32027566038458904
2018-12-06 11:30:00,0.3389878871626106,0.1686837779124963,0.39723624406471253,0.17213628466077696,0.4789211218932546,0.28207126778925956
2018-12-06 12:30:00,0.43108959563850496,0.1525388530857752,0.35927761615450465,0.19065586728245526,0.4090546099032535,0.35101885751214457
2018-12-06 13:30:00,0.32882575896204813,0.07674231619625518,0.3214214459290375,0.12653536588691197,0.17534254720913456,0.20624796541128587
2018-12-06 14:30:00,0.31494970813082745,0.18404349585362428,0.30412392885299105,0.3718991749631932,0.17308837558867862,0.2863148789031687
2018-12-06 15:30:00,0.11333555484218368,0.01346769309586519,0.055507916045749735,0.09782708913640087,0.06214584413575888,0.10257648345279982
2018-12-06 16:30:00,-0.0,0.0,0.0012326771587692768,-0.0,0.0011867287496359245,0.004123755558024456
2018-12-06 17:30:00,0.0,0.0,0.0,0.0,0.0,0.0
2018-12-06 18:30:00,0.0,0.0,0.0,0.0,0.0,0.0
2018-12-06 19:30:00,0.0,0.0,0.0,0.0,0.0,0.0
2018-12-06 20:30:00,0.0,0.0,0.0,0.0,0.0,0.0
2018-12-06 21:30:00,0.0,0.0,0.0,0.0,0.0,0.0
2018-12-06 22:30:00,0.0,0.0,0.0,0.0,0.0,0.0
2018-12-06 23:30:00,0.0,0.0,0.0,0.0,0.0,0.0
2018-12-07 00:30:00,0.0,0.0,0.0,0.0,0.0,0.0
2018-12-07 01:30:00,0.0,0.0,0.0,0.0,0.0,0.0
2018-12-07 02:30:00,0.0,0.0,0.0,0.0,0.0,0.0
2018-12-07 03:30:00,0.0,0.0,0.0,0.0,0.0,0.0
2018-12-07 04:30:00,0.0,0.0,0.0,0.0,0.0,0.0
2018-12-07 05:30:00,0.0,0.0,0.0,0.0,0.0,0.0
2018-12-07 06:30:00,0.0,0.0,0.0,0.0,0.0,0.0
2018-12-07 07:30:00,0.00941598592621578,0.01842884917335497,0.006454112843324039,0.075676799031237,0.017300853009884185,0.0013681775557324077
2018-12-07 08:30:00,0.1522246160302714,0.21798370143960558,0.1139747268942076,0.4714797084785582,0.5233937012882638,0.09741549286215728
2018-12-07 09:30:00,0.521640916019708,0.5279955315021269,0.2860747613657174,0.5105194003591987,0.5669677179568363,0.11220838293912003
2018-12-07 10:30:00,0.47599528264219026,0.4805976076486345,0.29535507495433616,0.4716482762895606,0.5212021739020323,0.36764185020765044
2018-12-07 11:30:00,0.42405159917267105,0.4344894943424112,0.38956054721767924,0.41357852608411333,0.47250654061041414,0.46644119846332943
2018-12-07 12:30:00,0.43637790799663695,0.4543895968321981,0.4489277984612124,0.42736003169664777,0.48257631137014184,0.111426559020404
2018-12-07 13:30:00,0.4985386637629457,0.5115110806531994,0.30779080599339725,0.49200297957813516,0.5382510859313715,0.13000018786624037
2018-12-07 14:30:00,0.5183151478612951,0.5206431501182546,0.5431496641489926,0.5154536466777841,0.5671607797719372,0.12277056402112803
2018-12-07 15:30:00,0.3795015085968954,0.34410088944662415,0.16049032672193658,0.3555970354128408,0.1380179307228079,0.5129521336412498
2018-12-07 16:30:00,-0.0,0.0,0.0005604426633110819,-0.0,0.0017967484779539235,0.004720960263154239
2018-12-07 17:30:00,0.0,0.0,0.0,0.0,0.0,0.0
2018-12-07 18:30:00,0.0,0.0,0.0,0.0,0.0,0.0
2018-12-07 19:30:00,0.0,0.0,0.0,0.0,0.0,0.0
2018-12-07 20:30:00,0.0,0.0,0.0,0.0,0.0,0.0
2018-12-07 21:30:00,0.0,0.0,0.0,0.0,0.0,0.0
2018-12-07 22:30:00,0.0,0.0,0.0,0.0,0.0,0.0
2018-12-07 23:30:00,0.0,0.0,0.0,0.0,0.0,0.0
2018-12-08 00:30:00,0.0,0.0,0.0,0.0,0.0,0.0
2018-12-08 01:30:00,0.0,0.0,0.0,0.0,0.0,0.0
2018-12-08 02:30:00,0.0,0.0,0.0,0.0,0.0,0.0
2018-12-08 03:30:00,0.0,0.0,0.0,0.0,0.0,0.0
2018-12-08 04:30:00,0.0,0.0,0.0,0.0,0.0,0.0
2018-12-08 05:30:00,0.0,0.0,0.0,0.0,0.0,0.0
2018-12-08 06:30:00,0.0,0.0,0.0,0.0,0.0,0.0
2018-12-08 07:30:00,0.08508481252852429,0.14084481954025288,0.0038889713183634616,0.07497579048045723,0.12828244763361876,0.0013761794690882938
2018-12-08 08:30:00,0.4886707169120696,0.5018666930089574,0.5065655021034704,0.48442936666444963,0.5517986443124375,0.10484474799759683
2018-12-08 09:30:00,0.5268926990803035,0.5312390739700373,0.5578917610480735,0.5203234150604007,0.58465960508937,0.38468194845346027
2018-12-08 10:30:00,0.48142976122156506,0.48087195333803556,0.3395348894528259,0.46933209958347244,0.5329530010338028,0.47686410632101117
2018-12-08 11:30:00,0.42297442265670715,0.4346157526977741,0.3944193124699844,0.4097918809451689,0.47766263248997864,0.3826357545053541
2018-12-08 12:30:00,0.4347698882888506,0.4525321547295328,0.3963020995487046,0.421956681219075,0.4841071084221737,0.3348619411357531
2018-12-08 13:30:00,0.49511363175861073,0.5128084816897688,0.2515124297905216,0.4829705912191396,0.5405075153275074,0.08490951044643906
2018-12-08 14:30:00,0.5184452070650942,0.5243680743358967,0.34234255371840716,0.4998151331597804,0.5694537095799124,0.05958069805281028
2018-12-08 15:30:00,0.1606956056281651,0.3467571510134666,0.11573348717541562,0.05704923666591521,0.4859786738564134,0.1797364135279471
2018-12-08 16:30:00,-0.0,0.0,0.0018409482304080531,-0.0,0.028763165936098782,0.010834802729278935
2018-12-08 17:30:00,0.0,0.0,0.0,0.0,0.0,0.0
2018-12-08 18:30:00,0.0,0.0,0.0,0.0,0.0,0.0
2018-12-08 19:30:00,0.0,0.0,0.0,0.0,0.0,0.0
2018-12-08 20:30:00,0.0,0.0,0.0,0.0,0.0,0.0
2018-12-08 21:30:00,0.0,0.0,0.0,0.0,0.0,0.0
2018-12-08 22:30:00,0.0,0.0,0.0,0.0,0.0,0.0
2018-12-08 23:30:00,0.0,0.0,0.0,0.0,0.0,0.0
2018-12-09 00:30:00,0.0,0.0,0.0,0.0,0.0,0.0
2018-12-09 01:30:00,0.0,0.0,0.0,0.0,0.0,0.0
2018-12-09 02:30:00,0.0,0.0,0.0,0.0,0.0,0.0
2018-12-09 03:30:00,0.0,0.0,0.0,0.0,0.0,0.0
2018-12-09 04:30:00,0.0,0.0,0.0,0.0,0.0,0.0
2018-12-09 05:30:00,0.0,0.0,0.0,0.0,0.0,0.0
2018-12-09 06:30:00,0.0,0.0,0.0,0.0,0.0,0.0
2018-12-09 07:30:00,0.07681919342634332,0.018764034405771884,0.003934735075817493,0.07068717969005431,0.016957358367221242,0.0007238959992446858
2018-12-09 08:30:00,0.4904817238496758,0.5055544504182085,0.11752949021995601,0.4864119958707855,0.10897098489953685,0.4674814301843796
2018-12-09 09:30:00,0.5429300469570963,0.5374222914615615,0.29688244352102855,0.5284055301809193,0.5853397259426936,0.3113989179146236
2018-12-09 10:30:00,0.4958350632739417,0.48656890227829946,0.41098461340366277,0.4788075674010944,0.5354521059245875,0.1349471495293855
2018-12-09 11:30:00,0.43704119074321907,0.4410483746660229,0.4593951228511402,0.41551000240027297,0.4814376547357549,0.2843107282857647
2018-12-09 12:30:00,0.44745939565714987,0.46138701169540414,0.4615210262659868,0.4323605449774998,0.45195320666646516,0.3819952985310403
2018-12-09 13:30:00,0.5099134320985774,0.5228800019537407,0.5246139300823731,0.49955278421267196,0.23326404387010916,0.44354441603858935
2018-12-09 14:30:00,0.5369488543176205,0.5377203483303747,0.5619768468495255,0.5244436486476282,0.5808853583735414,0.014330270617366856
2018-12-09 15:30:00,0.3998542050485573,0.3576187671358465,0.20017070790567373,0.3661448659634862,0.3045675690999103,0.06099932476296278
2018-12-09 16:30:00,-0.0,0.0,0.02822023438554652,-0.0,0.029554763801166218,0.010908413406976908
2018-12-09 17:30:00,0.0,0.0,0.0,0.0,0.0,0.0
2018-12-09 18:30:00,0.0,0.0,0.0,0.0,0.0,0.0
2018-12-09 19:30:00,0.0,0.0,0.0,0.0,0.0,0.0
2018-12-09 20:30:00,0.0,0.0,0.0,0.0,0.0,0.0
2018-12-09 21:30:00,0.0,0.0,0.0,0.0,0.0,0.0
2018-12-09 22:30:00,0.0,0.0,0.0,0.0,0.0,0.0
2018-12-09 23:30:00,0.0,0.0,0.0,0.0,0.0,0.0
2018-12-10 00:30:00,0.0,0.0,0.0,0.0,0.0,0.0
2018-12-10 01:30:00,0.0,0.0,0.0,0.0,0.0,0.0
2018-12-10 02:30:00,0.0,0.0,0.0,0.0,0.0,0.0
2018-12-10 03:30:00,0.0,0.0,0.0,0.0,0.0,0.0
2018-12-10 04:30:00,0.0,0.0,0.0,0.0,0.0,0.0
2018-12-10 05:30:00,0.0,0.0,0.0,0.0,0.0,0.0
2018-12-10 06:30:00,0.0,0.0,0.0,0.0,0.0,0.0
2018-12-10 07:30:00,0.0861775300803821,0.15126047814777385,0.04250865307544634,0.05668716049159528,0.03545223029307523,0.00013387155553431718
2018-12-10 08:30:00,0.5260763216618591,0.540171382953167,0.5259003570262257,0.5144828678304839,0.6376603347463418,0.5062742047699735
2018-12-10 09:30:00,0.5587473380010256,0.5639262202323088,0.3540227708101024,0.5498513122239179,0.6146595639404882,0.5980380808825138
2018-12-10 10:30:00,0.502469496286745,0.5083165545618543,0.4089323223336831,0.49323788125996,0.5562753553283102,0.5459361810012833
2018-12-10 11:30:00,0.349566081812934,0.45330435836646643,0.39507528273649917,0.4260812498110374,0.49748443094905753,0.48027858070096213
2018-12-10 12:30:00,0.35583494105201263,0.47414606531574766,0.4034034678882781,0.3561598970872039,0.5039561686183545,0.4718368970692944
2018-12-10 13:30:00,0.19203209534640656,0.5388637806971834,0.3962820319279284,0.24449197923273944,0.3953420015222617,0.5200072954866319
2018-12-10 14:30:00,0.07179381991672018,0.5594736033868282,0.4288480124312606,0.3462690536990106,0.5802170169955088,0.40074747445517905
2018-12-10 15:30:00,0.04705158859370977,0.16427999549250868,0.11872275446984407,0.0956448175530149,0.17251264562141752,0.5173020400426575
2018-12-10 16:30:00,-0.0,0.0,0.0011725951600526682,-0.0,0.0023616418495176067,0.012185128116994239
2018-12-10 17:30:00,0.0,0.0,0.0,0.0,0.0,0.0
2018-12-10 18:30:00,0.0,0.0,0.0,0.0,0.0,0.0
2018-12-10 19:30:00,0.0,0.0,0.0,0.0,0.0,0.0
2018-12-10 20:30:00,0.0,0.0,0.0,0.0,0.0,0.0
2018-12-10 21:30:00,0.0,0.0,0.0,0.0,0.0,0.0
2018-12-10 22:30:00,0.0,0.0,0.0,0.0,0.0,0.0
2018-12-10 23:30:00,0.0,0.0,0.0,0.0,0.0,0.0
2018-12-11 00:30:00,0.0,0.0,0.0,0.0,0.0,0.0
2018-12-11 01:30:00,0.0,0.0,0.0,0.0,0.0,0.0
2018-12-11 02:30:00,0.0,0.0,0.0,0.0,0.0,0.0
2018-12-11 03:30:00,0.0,0.0,0.0,0.0,0.0,0.0
2018-12-11 04:30:00,0.0,0.0,0.0,0.0,0.0,0.0
2018-12-11 05:30:00,0.0,0.0,0.0,0.0,0.0,0.0
2018-12-11 06:30:00,0.0,0.0,0.0,0.0,0.0,0.0
2018-12-11 07:30:00,0.06522159050385416,0.007258908182543796,0.0013265399331295604,0.0058143018148421564,0.017469786974542354,6.563514904299072e-05
2018-12-11 08:30:00,0.4733339205388841,0.1039932584389354,0.11910000851773972,0.020958106190453036,0.5240141616005547,0.13583933187497868
2018-12-11 09:30:00,0.5210284216115288,0.17508324729102687,0.3564537804450168,0.3567954906228196,0.439316752882247,0.569852733935518
2018-12-11 10:30:00,0.48304996263728256,0.17244320118352877,0.5117362641058908,0.2631325393517121,0.35333887203137926,0.5343293163603695
2018-12-11 11:30:00,0.42617139795823133,0.28123982172277595,0.45550332848503294,0.41468847818083016,0.3680061953771931,0.4708498266153209
2018-12-11 12:30:00,0.44100547740396556,0.26531741540798254,0.4559799338849635,0.4300038361615671,0.10202651445875983,0.46852100970974675
2018-12-11 13:30:00,0.5057646654128641,0.3388108301294096,0.5201539596004905,0.4994573694332588,0.3235599847668804,0.5261360439568694
2018-12-11 14:30:00,0.5434797570522657,0.3174384761664167,0.5590467742500769,0.5257529731218706,0.2494940177650075,0.5722760950109113
2018-12-11 15:30:00,0.40845647298795307,0.3541866189813934,0.47045913087655683,0.3655331141197775,0.49307789222766424,0.2503602110781514
2018-12-11 16:30:00,-0.0,0.0,0.02661372318597474,-0.0,0.03151995476716291,0.013657014961057711
2018-12-11 17:30:00,0.0,0.0,0.0,0.0,0.0,0.0
2018-12-11 18:30:00,0.0,0.0,0.0,0.0,0.0,0.0
2018-12-11 19:30:00,0.0,0.0,0.0,0.0,0.0,0.0
2018-12-11 20:30:00,0.0,0.0,0.0,0.0,0.0,0.0
2018-12-11 21:30:00,0.0,0.0,0.0,0.0,0.0,0.0
2018-12-11 22:30:00,0.0,0.0,0.0,0.0,0.0,0.0
2018-12-11 23:30:00,0.0,0.0,0.0,0.0,0.0,0.0
2018-12-12 00:30:00,0.0,0.0,0.0,0.0,0.0,0.0
2018-12-12 01:30:00,0.0,0.0,0.0,0.0,0.0,0.0
2018-12-12 02:30:00,0.0,0.0,0.0,0.0,0.0,0.0
2018-12-12 03:30:00,0.0,0.0,0.0,0.0,0.0,0.0
2018-12-12 04:30:00,0.0,0.0,0.0,0.0,0.0,0.0
2018-12-12 05:30:00,0.0,0.0,0.0,0.0,0.0,0.0
2018-12-12 06:30:00,0.0,0.0,0.0,0.0,0.0,0.0
2018-12-12 07:30:00,0.002128862003577516,0.12645692635297812,0.001977426912891619,0.001157049069047487,0.11517533323953738,-0.0
2018-12-12 08:30:00,0.04678749355629903,0.5118682035838955,0.14969212135959506,-0.0,0.5640500502090979,0.07645186376962118
2018-12-12 09:30:00,0.17021398612487632,0.5383888239709955,0.30164120316549753,-0.0,0.5995549093494247,0.16842691274551289
2018-12-12 10:30:00,0.3133383582089694,0.48126683240163853,0.37520588467880933,0.0045433583403669785,0.5441725641600684,0.0934843177532665
2018-12-12 11:30:00,0.31091973636988274,0.42543667888821174,0.3229613246292745,0.01684088465320643,0.48494567393096893,0.15455217106071784
2018-12-12 12:30:00,0.26235468586966676,0.4392174097416067,0.26845304319306246,0.020806707350379303,0.4904689500210289,0.13067197490255036
2018-12-12 13:30:00,0.12671395784740716,0.4987501359362433,0.21044804141270057,0.005975136078276202,0.5440660501779644,0.21064286990908962
2018-12-12 14:30:00,0.03307208572693775,0.5279312722450306,0.21886704526628634,-0.0,0.062154233179157685,0.2741146238205088
2018-12-12 15:30:00,0.012345380211293581,0.3593109773372834,0.11803205715445796,0.00596633593537111,0.14590273404193935,0.10790769182492584
2018-12-12 16:30:00,-0.0,0.0,-0.0,-0.0,0.0010896313204512974,0.004775751047843938
2018-12-12 17:30:00,0.0,0.0,0.0,0.0,0.0,0.0
2018-12-12 18:30:00,0.0,0.0,0.0,0.0,0.0,0.0
2018-12-12 19:30:00,0.0,0.0,0.0,0.0,0.0,0.0
2018-12-12 20:30:00,0.0,0.0,0.0,0.0,0.0,0.0
2018-12-12 21:30:00,0.0,0.0,0.0,0.0,0.0,0.0
2018-12-12 22:30:00,0.0,0.0,0.0,0.0,0.0,0.0
2018-12-12 23:30:00,0.0,0.0,0.0,0.0,0.0,0.0
2018-12-13 00:30:00,0.0,0.0,0.0,0.0,0.0,0.0
2018-12-13 01:30:00,0.0,0.0,0.0,0.0,0.0,0.0
2018-12-13 02:30:00,0.0,0.0,0.0,0.0,0.0,0.0
2018-12-13 03:30:00,0.0,0.0,0.0,0.0,0.0,0.0
2018-12-13 04:30:00,0.0,0.0,0.0,0.0,0.0,0.0
2018-12-13 05:30:00,0.0,0.0,0.0,0.0,0.0,0.0
2018-12-13 06:30:00,0.0,0.0,0.0,0.0,0.0,0.0
2018-12-13 07:30:00,0.051903078954416516,0.12105832570875333,0.0014498949343248564,0.0035582148845473525,0.009793119348477042,-0.0
2018-12-13 08:30:00,0.5101901155468631,0.5260965301066212,0.14635953606585744,0.49219898899026227,0.5745583432364412,0.11639724814833328
2018-12-13 09:30:00,0.5543536043527962,0.5592824685199239,0.5898568698095294,0.5447786035403022,0.615022653707694,0.5895291408107316
2018-12-13 10:30:00,0.504751286288683,0.5040924600094107,0.5296109577485161,0.49308022916456723,0.5620778772728314,0.5522079128426625
2018-12-13 11:30:00,0.4398603303435467,0.4485244945421342,0.46109071085021786,0.42463212833713504,0.5012378657285838,0.4844889838563474
2018-12-13 12:30:00,0.44672880068084053,0.47249436150610047,0.45962171402451224,0.4324198126138102,0.5046611738360066,0.47562951160388045
2018-12-13 13:30:00,0.5110690302876679,0.5382448391874618,0.5234900826534115,0.4993041790773721,0.5645061220337159,0.5344506438084666
2018-12-13 14:30:00,0.5401133198649936,0.5593581593548522,0.5641700293872839,0.5168663627727085,0.5873855901744526,0.5841687425351672
2018-12-13 15:30:00,0.13808928139687426,0.3803003048837238,0.4822195616490233,0.0875383668398372,0.5060215631603641,0.28748087500260394
2018-12-13 16:30:00,-0.0,0.0,0.029478799296348144,-0.0,0.002430205588167757,0.09542270800999042
2018-12-13 17:30:00,0.0,0.0,0.0,0.0,0.0,0.0
2018-12-13 18:30:00,0.0,0.0,0.0,0.0,0.0,0.0
2018-12-13 19:30:00,0.0,0.0,0.0,0.0,0.0,0.0
2018-12-13 20:30:00,0.0,0.0,0.0,0.0,0.0,0.0
2018-12-13 21:30:00,0.0,0.0,0.0,0.0,0.0,0.0
2018-12-13 22:30:00,0.0,0.0,0.0,0.0,0.0,0.0
2018-12-13 23:30:00,0.0,0.0,0.0,0.0,0.0,0.0
2018-12-14 00:30:00,0.0,0.0,0.0,0.0,0.0,0.0
2018-12-14 01:30:00,0.0,0.0,0.0,0.0,0.0,0.0
2018-12-14 02:30:00,0.0,0.0,0.0,0.0,0.0,0.0
2018-12-14 03:30:00,0.0,0.0,0.0,0.0,0.0,0.0
2018-12-14 04:30:00,0.0,0.0,0.0,0.0,0.0,0.0
2018-12-14 05:30:00,0.0,0.0,0.0,0.0,0.0,0.0
2018-12-14 06:30:00,0.0,0.0,0.0,0.0,0.0,0.0
2018-12-14 07:30:00,0.04568510066460004,0.11324104463383726,0.02598052118155123,0.03667712161418467,0.10040831913903114,-0.0
2018-12-14 08:30:00,0.476210043379325,0.49480960178787164,0.46946378531201993,0.4563091127544475,0.5473125672441755,0.4699642745801592
2018-12-14 09:30:00,0.5160954157671396,0.5230436629903774,0.5522964956424138,0.5071731985066718,0.5844745326666383,0.5791047344123651
2018-12-14 10:30:00,0.471605077468148,0.4682791577978913,0.5045578064028133,0.4598762645508283,0.530222751336253,0.5392233354084819
2018-12-14 11:30:00,0.4137759467569827,0.4165935883831186,0.44097250254863474,0.4000253169050248,0.47058029178923233,0.4392638407395487
2018-12-14 12:30:00,0.4209804658188431,0.43385447032924673,0.43948468999810186,0.27718748285558875,0.47568973750006505,0.45673191326161156
2018-12-14 13:30:00,0.48208636680893246,0.4944782561105227,0.49932520156434873,0.4753985052050414,0.5323000859906707,0.43208097346248925
2018-12-14 14:30:00,0.512931448105326,0.5142059791620095,0.5366552733469764,0.5060253329398027,0.5674020197437541,0.3028460665975007
2018-12-14 15:30:00,0.3923428394383421,0.35961319088828503,0.13130298843517066,0.3602759226417902,0.4879713712498219,0.18704959640499802
2018-12-14 16:30:00,-0.0,-0.0,0.0031464552216461388,-0.0,0.03356265287249973,0.02046465966215429
2018-12-14 17:30:00,0.0,0.0,0.0,0.0,0.0,0.0
2018-12-14 18:30:00,0.0,0.0,0.0,0.0,0.0,0.0
2018-12-14 19:30:00,0.0,0.0,0.0,0.0,0.0,0.0
2018-12-14 20:30:00,0.0,0.0,0.0,0.0,0.0,0.0
2018-12-14 21:30:00,0.0,0.0,0.0,0.0,0.0,0.0
2018-12-14 22:30:00,0.0,0.0,0.0,0.0,0.0,0.0
2018-12-14 23:30:00,0.0,0.0,0.0,0.0,0.0,0.0
2018-12-15 00:30:00,0.0,0.0,0.0,0.0,0.0,0.0
2018-12-15 01:30:00,0.0,0.0,0.0,0.0,0.0,0.0
2018-12-15 02:30:00,0.0,0.0,0.0,0.0,0.0,0.0
2018-12-15 03:30:00,0.0,0.0,0.0,0.0,0.0,0.0
2018-12-15 04:30:00,0.0,0.0,0.0,0.0,0.0,0.0
2018-12-15 05:30:00,0.0,0.0,0.0,0.0,0.0,0.0
2018-12-15 06:30:00,0.0,0.0,0.0,0.0,0.0,0.0
2018-12-15 07:30:00,0.00468284681733559,0.012542600547499389,5.277170417648278e-05,-0.0,0.010061064800707065,-0.0
2018-12-15 08:30:00,0.15623159924463387,0.16452786183267668,0.21269980391625878,-0.0,0.11596125418996918,0.08802708004511371
2018-12-15 09:30:00,0.09863316401044075,0.1657213526896388,0.5334931314453433,0.0004895539032088688,0.1072772456331371,0.5437273120802856
2018-12-15 10:30:00,0.03313797266932784,0.19623868817332818,0.49708014039515536,0.003838349797344535,0.33767069187187204,0.39132720161564954
2018-12-15 11:30:00,0.038722683358532406,0.2600879483708024,0.43855389022118324,0.009800948648783612,0.18171720123442553,0.4559111215249698
2018-12-15 12:30:00,0.04029338115214934,0.15394117110573693,0.4399350128222287,0.03869229604736572,0.31085116133102403,0.4464758510118085
2018-12-15 13:30:00,0.027278051674886748,0.16198803185743071,0.5028258323579409,0.05339495467844382,0.37083730918163427,0.5027990666847402
2018-12-15 14:30:00,0.028871633342105737,0.2405231881999258,0.5410757193002637,0.08589859812593849,0.32564119044346224,0.5521487065017311
2018-12-15 15:30:00,0.022947900134718903,0.05259830053629591,0.46192016132112457,0.36277729792751223,0.10414859427723326,0.513680627103421
2018-12-15 16:30:00,-0.0,-0.0,0.02881889154047054,-0.0,0.001093199474324176,0.09161831237073233
2018-12-15 17:30:00,0.0,0.0,0.0,0.0,0.0,0.0
2018-12-15 18:30:00,0.0,0.0,0.0,0.0,0.0,0.0
2018-12-15 19:30:00,0.0,0.0,0.0,0.0,0.0,0.0
2018-12-15 20:30:00,0.0,0.0,0.0,0.0,0.0,0.0
2018-12-15 21:30:00,0.0,0.0,0.0,0.0,0.0,0.0
2018-12-15 22:30:00,0.0,0.0,0.0,0.0,0.0,0.0
2018-12-15 23:30:00,0.0,0.0,0.0,0.0,0.0,0.0
2018-12-16 00:30:00,0.0,0.0,0.0,0.0,0.0,0.0
2018-12-16 01:30:00,0.0,0.0,0.0,0.0,0.0,0.0
2018-12-16 02:30:00,0.0,0.0,0.0,0.0,0.0,0.0
2018-12-16 03:30:00,0.0,0.0,0.0,0.0,0.0,0.0
2018-12-16 04:30:00,0.0,0.0,0.0,0.0,0.0,0.0
2018-12-16 05:30:00,0.0,0.0,0.0,0.0,0.0,0.0
2018-12-16 06:30:00,0.0,0.0,0.0,0.0,0.0,0.0
2018-12-16 07:30:00,0.03911181710646242,0.09981818414730897,-0.0,0.03200498521099007,0.0921516154011873,-0.0
2018-12-16 08:30:00,0.4665541708286489,0.4745957618864107,0.4652330096043638,0.4470676957738534,0.5425861426630353,0.44300324139710284
2018-12-16 09:30:00,0.5180737281770803,0.5171919057906664,0.5533666888011726,0.5075438115615166,0.5799068320665368,0.5756203571138985
2018-12-16 10:30:00,0.472051226387717,0.47558353988234087,0.5081288648692007,0.4581554674961452,0.5251379914174189,0.535181800376746
2018-12-16 11:30:00,0.4086868727693522,0.4192308323289103,0.4401756883659567,0.3898822351002275,0.46736320208542087,0.4636578213919136
2018-12-16 12:30:00,0.411312604043188,0.4338394875477789,0.43685416244489483,0.396046263812708,0.47197776683375436,0.4485802611505671
2018-12-16 13:30:00,0.46988535869478076,0.4939637353549979,0.49917148377637527,0.4611279061459084,0.5285936395362656,0.5009378865357009
2018-12-16 14:30:00,0.504060669026216,0.5132996374371932,0.5391966838451295,0.4905048328055372,0.5619331179370793,0.5523228692678913
2018-12-16 15:30:00,0.3928581733893334,0.3578978165162411,0.4685654536389805,0.355529671156089,0.49303032514963946,0.5268435685540037
2018-12-16 16:30:00,-0.0,-0.0,0.03312718967009106,-0.0,0.036056164297789094,0.012850950877486842
2018-12-16 17:30:00,0.0,0.0,0.0,0.0,0.0,0.0
2018-12-16 18:30:00,0.0,0.0,0.0,0.0,0.0,0.0
2018-12-16 19:30:00,0.0,0.0,0.0,0.0,0.0,0.0
2018-12-16 20:30:00,0.0,0.0,0.0,0.0,0.0,0.0
2018-12-16 21:30:00,0.0,0.0,0.0,0.0,0.0,0.0
2018-12-16 22:30:00,0.0,0.0,0.0,0.0,0.0,0.0
2018-12-16 23:30:00,0.0,0.0,0.0,0.0,0.0,0.0
2018-12-17 00:30:00,0.0,0.0,0.0,0.0,0.0,0.0
2018-12-17 01:30:00,0.0,0.0,0.0,0.0,0.0,0.0
2018-12-17 02:30:00,0.0,0.0,0.0,0.0,0.0,0.0
2018-12-17 03:30:00,0.0,0.0,0.0,0.0,0.0,0.0
2018-12-17 04:30:00,0.0,0.0,0.0,0.0,0.0,0.0
2018-12-17 05:30:00,0.0,0.0,0.0,0.0,0.0,0.0
2018-12-17 06:30:00,0.0,0.0,0.0,0.0,0.0,0.0
2018-12-17 07:30:00,0.002941068959226076,0.09848136988936343,-0.0,0.03036458755148951,0.08202258829790662,-0.0
2018-12-17 08:30:00,0.4746986453941308,0.4820505788709003,0.0911767895923972,0.44783663556290787,0.5233252524807701,0.06883752948387085
2018-12-17 09:30:00,0.28275842886490843,0.5155187432900875,0.3603076708946681,0.2018711217912026,0.5681790456553831,0.11502084704772508
2018-12-17 10:30:00,0.3027809653756018,0.46548765656987817,0.31800780662452316,0.4625593402950647,0.5211721619077505,0.2788706847670791
2018-12-17 11:30:00,0.32305413902483265,0.41345958020235174,0.36849976100189097,0.3962974945217873,0.3567724508133711,0.31653196452257426
2018-12-17 12:30:00,0.4095031981718782,0.3458416211274199,0.35203841142389775,0.3973209693469206,0.45924764512579547,0.3136945513160457
2018-12-17 13:30:00,0.46936396410276254,0.4855141830582103,0.34102038264773055,0.4570250901243039,0.338658117294182,0.27086743970709387
2018-12-17 14:30:00,0.31113266416347896,0.33303646332575376,0.24876273971855659,0.2920635627004537,0.13097658973213544,0.2563236163520682
2018-12-17 15:30:00,0.14646825981433076,0.08740100299748102,0.04515575636858805,0.11981102322337597,0.07142214378803967,0.05486182118719325
2018-12-17 16:30:00,-0.0,-0.0,0.0004923008904906954,-0.0,0.0035758477685102655,0.0003887168032110528
2018-12-17 17:30:00,0.0,0.0,0.0,0.0,0.0,0.0
2018-12-17 18:30:00,0.0,0.0,0.0,0.0,0.0,0.0
2018-12-17 19:30:00,0.0,0.0,0.0,0.0,0.0,0.0
2018-12-17 20:30:00,0.0,0.0,0.0,0.0,0.0,0.0
2018-12-17 21:30:00,0.0,0.0,0.0,0.0,0.0,0.0
2018-12-17 22:30:00,0.0,0.0,0.0,0.0,0.0,0.0
2018-12-17 23:30:00,0.0,0.0,0.0,0.0,0.0,0.0
2018-12-18 00:30:00,0.0,0.0,0.0,0.0,0.0,0.0
2018-12-18 01:30:00,0.0,0.0,0.0,0.0,0.0,0.0
2018-12-18 02:30:00,0.0,0.0,0.0,0.0,0.0,0.0
2018-12-18 03:30:00,0.0,0.0,0.0,0.0,0.0,0.0
2018-12-18 04:30:00,0.0,0.0,0.0,0.0,0.0,0.0
2018-12-18 05:30:00,0.0,0.0,0.0,0.0,0.0,0.0
2018-12-18 06:30:00,0.0,0.0,0.0,0.0,0.0,0.0
2018-12-18 07:30:00,0.0261523621475146,0.08649351475668338,-0.0,0.02186887696918113,0.06873251644130463,-0.0
2018-12-18 08:30:00,0.4291306110168004,0.46287001841549885,0.08639757770924165,0.4136868227646058,0.49392321140173256,0.4140098122783776
2018-12-18 09:30:00,0.4963888743603023,0.5037877605076637,0.062401328602541335,0.49252244159708014,0.5440707009911353,0.042844034485429054
2018-12-18 10:30:00,0.45962382781432787,0.45945761914665095,0.13992956347058685,0.4576032190914789,0.5022889136498426,0.15533103983569085
2018-12-18 11:30:00,0.4041158772350199,0.31061083805021555,0.152622805083591,0.3948270629646394,0.44861314698649135,0.4281147747066567
2018-12-18 12:30:00,0.4078178519106419,0.42003933039698216,0.4375514463813064,0.40063995719926504,0.4565289825244346,0.4514876752621744
2018-12-18 13:30:00,0.4677635651749082,0.4744259730570852,0.49864648234695674,0.4670941575103513,0.5132611676792608,0.5088047231898309
2018-12-18 14:30:00,0.49655536870940864,0.4860443689658053,0.28976854175812994,0.4981129048044921,0.5502119841550206,0.5565552562303455
2018-12-18 15:30:00,0.38770990297279917,0.33781992669967453,0.09048138308106804,0.3589401085198075,0.484717241117267,0.12618039917478843
2018-12-18 16:30:00,-0.0,-0.0,0.0024612911351833706,-0.0,0.03693119159510798,0.007350514920287152
2018-12-18 17:30:00,0.0,0.0,0.0,0.0,0.0,0.0
2018-12-18 18:30:00,0.0,0.0,0.0,0.0,0.0,0.0
2018-12-18 19:30:00,0.0,0.0,0.0,0.0,0.0,0.0
2018-12-18 20:30:00,0.0,0.0,0.0,0.0,0.0,0.0
2018-12-18 21:30:00,0.0,0.0,0.0,0.0,0.0,0.0
2018-12-18 22:30:00,0.0,0.0,0.0,0.0,0.0,0.0
2018-12-18 23:30:00,0.0,0.0,0.0,0.0,0.0,0.0
2018-12-19 00:30:00,0.0,0.0,0.0,0.0,0.0,0.0
2018-12-19 01:30:00,0.0,0.0,0.0,0.0,0.0,0.0
2018-12-19 02:30:00,0.0,0.0,0.0,0.0,0.0,0.0
2018-12-19 03:30:00,0.0,0.0,0.0,0.0,0.0,0.0
2018-12-19 04:30:00,0.0,0.0,0.0,0.0,0.0,0.0
2018-12-19 05:30:00,0.0,0.0,0.0,0.0,0.0,0.0
2018-12-19 06:30:00,0.0,0.0,0.0,0.0,0.0,0.0
2018-12-19 07:30:00,0.03005905809529414,0.005320486985711087,-0.0,0.0006118135287893487,0.006148981743664615,-0.0
2018-12-19 08:30:00,0.4489981453137435,0.10216541916869457,0.08480326731484783,0.09432712980067708,0.5404870773693101,0.05201311251097811
2018-12-19 09:30:00,0.5265585494908799,0.5183975253920805,0.2509172614032215,0.50988312312924,0.5774248509227211,0.044737025781854525
2018-12-19 10:30:00,0.3106147303780476,0.4739103526241488,0.2603848833502954,0.47022524947817435,0.29145375932402795,0.025677277158659022
2018-12-19 11:30:00,0.19700483059086654,0.22026587748067258,0.15626113449554307,0.40592583761862644,0.3766643318286716,0.3006883599697553
2018-12-19 12:30:00,0.43007159478833323,0.4378703028822693,0.3487429381078763,0.22295815520327492,0.30881241597665077,0.35872989506567765
2018-12-19 13:30:00,0.49337126657313257,0.019115660456199092,0.03941751380657348,0.2398413288274204,0.5416987055827821,0.18925178437680454
2018-12-19 14:30:00,0.21976288115630474,0.5209815432528601,0.18565891158232978,0.005379479048764516,0.5811257079711619,0.23426381612900743
2018-12-19 15:30:00,0.12300719885753646,0.36301736866923323,0.1004603650964877,0.3652165560705734,0.5149752479042746,0.13345783114033719
2018-12-19 16:30:00,-0.0,-0.0,0.002497141738407813,-0.0,0.04004325415866582,0.012612093456188201
2018-12-19 17:30:00,0.0,0.0,0.0,0.0,0.0,0.0
2018-12-19 18:30:00,0.0,0.0,0.0,0.0,0.0,0.0
2018-12-19 19:30:00,0.0,0.0,0.0,0.0,0.0,0.0
2018-12-19 20:30:00,0.0,0.0,0.0,0.0,0.0,0.0
2018-12-19 21:30:00,0.0,0.0,0.0,0.0,0.0,0.0
2018-12-19 22:30:00,0.0,0.0,0.0,0.0,0.0,0.0
2018-12-19 23:30:00,0.0,0.0,0.0,0.0,0.0,0.0
2018-12-20 00:30:00,0.0,0.0,0.0,0.0,0.0,0.0
2018-12-20 01:30:00,0.0,0.0,0.0,0.0,0.0,0.0
2018-12-20 02:30:00,0.0,0.0,0.0,0.0,0.0,0.0
2018-12-20 03:30:00,0.0,0.0,0.0,0.0,0.0,0.0
2018-12-20 04:30:00,0.0,0.0,0.0,0.0,0.0,0.0
2018-12-20 05:30:00,0.0,0.0,0.0,0.0,0.0,0.0
2018-12-20 06:30:00,0.0,0.0,0.0,0.0,0.0,0.0
2018-12-20 07:30:00,0.03155450280919356,0.09387922554641594,-0.0,0.024594748928144037,0.05698864941580052,-0.0
2018-12-20 08:30:00,0.4604360652792328,0.5039355108794391,0.4360165523345226,0.43055450585551924,0.5386004215591477,0.10521069225448612
2018-12-20 09:30:00,0.5240595125580719,0.5395089911156121,0.5486972209307637,0.5137686165976726,0.5834903518070922,0.5675487540878104
2018-12-20 10:30:00,0.48194323299621783,0.4885150451409697,0.5102463865028668,0.4666322409583894,0.5266713251952081,0.5272870981184687
2018-12-20 11:30:00,0.41458606759846045,0.43081439552501327,0.44136562806016605,0.40077518022236824,0.4661353240640802,0.45732576872632424
2018-12-20 12:30:00,0.4172936244108792,0.44339201570186093,0.43452567727590025,0.4018582669011343,0.4650703157994646,0.44608525894853274
2018-12-20 13:30:00,0.47893850559075823,0.5014793069690701,0.4953362624088906,0.46629058870242474,0.5207915200464287,0.5030730175631576
2018-12-20 14:30:00,0.5080207105738908,0.5224754242948484,0.5356551897146441,0.4935926065087341,0.5559708411357365,0.551665737757063
2018-12-20 15:30:00,0.39766189140489067,0.37036816761429864,0.47270973948352246,0.3604422332031169,0.4970907371381906,0.5221344554077781
2018-12-20 16:30:00,-0.0,-0.0,0.0037199635751427405,-0.0,0.04364752889324516,0.015159939148385065
2018-12-20 17:30:00,0.0,0.0,0.0,0.0,0.0,0.0
2018-12-20 18:30:00,0.0,0.0,0.0,0.0,0.0,0.0
2018-12-20 19:30:00,0.0,0.0,0.0,0.0,0.0,0.0
2018-12-20 20:30:00,0.0,0.0,0.0,0.0,0.0,0.0
2018-12-20 21:30:00,0.0,0.0,0.0,0.0,0.0,0.0
2018-12-20 22:30:00,0.0,0.0,0.0,0.0,0.0,0.0
2018-12-20 23:30:00,0.0,0.0,0.0,0.0,0.0,0.0
2018-12-21 00:30:00,0.0,0.0,0.0,0.0,0.0,0.0
2018-12-21 01:30:00,0.0,0.0,0.0,0.0,0.0,0.0
2018-12-21 02:30:00,0.0,0.0,0.0,0.0,0.0,0.0
2018-12-21 03:30:00,0.0,0.0,0.0,0.0,0.0,0.0
2018-12-21 04:30:00,0.0,0.0,0.0,0.0,0.0,0.0
2018-12-21 05:30:00,0.0,0.0,0.0,0.0,0.0,0.0
2018-12-21 06:30:00,0.0,0.0,0.0,0.0,0.0,0.0
2018-12-21 07:30:00,0.002970789126412646,0.011865959265327271,-0.0,0.0006112050880326584,0.006241079734637992,-0.0
2018-12-21 08:30:00,0.44328593035851294,0.07945133862709723,0.053774277318933854,0.13714857717635706,0.19147310358991323,0.08995794332185802
2018-12-21 09:30:00,0.28311751032687604,0.29443713819698597,0.08127364713903695,0.23054745263128584,0.2683248373637573,0.21510062848364403
2018-12-21 10:30:00,0.4747288940005179,0.22052969050525204,0.294648125335753,0.4636742026419871,0.3240482432327217,0.18081245907907972
2018-12-21 11:30:00,0.30197987281065786,0.3117138592451523,0.3361685647275096,0.3966538178987211,0.35409752162397623,0.3846426687601831
2018-12-21 12:30:00,0.18172121279775202,0.3322013010669462,0.35569278598937754,0.27250314516443785,0.1321981981330149,0.09284368514786702
2018-12-21 13:30:00,0.12097680334977402,0.23939279574554787,0.16291334532613436,0.3791414195010671,0.1610879987101761,0.11017310953447276
2018-12-21 14:30:00,0.5079771560164886,0.1438773156816465,0.15255688874901696,0.06430256143953357,0.5628036346966759,0.16548334348466523
2018-12-21 15:30:00,0.30208793293503133,0.08766601086752607,0.0801069670763969,0.033110329900891744,0.5078452766045046,0.09503432082196223
2018-12-21 16:30:00,-0.0,-0.0,0.0017710352877974554,-0.0,0.00610940913326356,0.0052860284122954754
2018-12-21 17:30:00,0.0,0.0,0.0,0.0,0.0,0.0
2018-12-21 18:30:00,0.0,0.0,0.0,0.0,0.0,0.0
2018-12-21 19:30:00,0.0,0.0,0.0,0.0,0.0,0.0
2018-12-21 20:30:00,0.0,0.0,0.0,0.0,0.0,0.0
2018-12-21 21:30:00,0.0,0.0,0.0,0.0,0.0,0.0
2018-12-21 22:30:00,0.0,0.0,0.0,0.0,0.0,0.0
2018-12-21 23:30:00,0.0,0.0,0.0,0.0,0.0,0.0
2018-12-22 00:30:00,0.0,0.0,0.0,0.0,0.0,0.0
2018-12-22 01:30:00,0.0,0.0,0.0,0.0,0.0,0.0
2018-12-22 02:30:00,0.0,0.0,0.0,0.0,0.0,0.0
2018-12-22 03:30:00,0.0,0.0,0.0,0.0,0.0,0.0
2018-12-22 04:30:00,0.0,0.0,0.0,0.0,0.0,0.0
2018-12-22 05:30:00,0.0,0.0,0.0,0.0,0.0,0.0
2018-12-22 06:30:00,0.0,0.0,0.0,0.0,0.0,0.0
2018-12-22 07:30:00,0.021419036227414746,0.07451590558611858,-0.0,-0.0,0.003006909908139341,-0.0
2018-12-22 08:30:00,0.07137844123350147,0.44418773825876634,0.05146797230648028,0.056933032811932,0.504054029351675,0.03900933947651599
2018-12-22 09:30:00,0.0171072554709028,0.49989665947937567,0.3105639782124414,0.09632905593168016,0.5769814580668536,0.4424509249062167
2018-12-22 10:30:00,0.023141954062173183,0.019129319623657035,0.32427833226808445,0.48348627326098437,0.011896364972479258,0.5570472560092096
2018-12-22 11:30:00,0.13309644231375586,0.0978884501716889,0.23745350963437517,0.24638167248940662,0.022419994048100196,0.4871260024672348
2018-12-22 12:30:00,0.06282673296192927,0.136428678924079,0.38171567463877365,0.42049114654535513,0.47758290884366705,0.470852315626532
2018-12-22 13:30:00,0.16357675207052744,0.07593112289236736,0.35722349920400603,0.4889300231274019,0.5386026137305443,0.5290961110296742
2018-12-22 14:30:00,0.5266624704120051,0.0430142653104481,0.36402589511975914,0.22018883077084989,0.5903864583623125,0.5820738494674456
2018-12-22 15:30:00,0.4193377241171756,0.03128910231603347,0.23047847919465933,0.3833954005166476,0.5385576198125964,0.3066588230730934
2018-12-22 16:30:00,-0.0,-0.0,0.0038885518843416005,-0.0,0.05023908120459427,0.11719762566998287
2018-12-22 17:30:00,0.0,0.0,0.0,0.0,0.0,0.0
2018-12-22 18:30:00,0.0,0.0,0.0,0.0,0.0,0.0
2018-12-22 19:30:00,0.0,0.0,0.0,0.0,0.0,0.0
2018-12-22 20:30:00,0.0,0.0,0.0,0.0,0.0,0.0
2018-12-22 21:30:00,0.0,0.0,0.0,0.0,0.0,0.0
2018-12-22 22:30:00,0.0,0.0,0.0,0.0,0.0,0.0
2018-12-22 23:30:00,0.0,0.0,0.0,0.0,0.0,0.0
2018-12-23 00:30:00,0.0,0.0,0.0,0.0,0.0,0.0
2018-12-23 01:30:00,0.0,0.0,0.0,0.0,0.0,0.0
2018-12-23 02:30:00,0.0,0.0,0.0,0.0,0.0,0.0
2018-12-23 03:30:00,0.0,0.0,0.0,0.0,0.0,0.0
2018-12-23 04:30:00,0.0,0.0,0.0,0.0,0.0,0.0
2018-12-23 05:30:00,0.0,0.0,0.0,0.0,0.0,0.0
2018-12-23 06:30:00,0.0,0.0,0.0,0.0,0.0,0.0
2018-12-23 07:30:00,0.0007878693583688388,0.08663357782772431,-0.0,-0.0,0.0044027998811603745,-0.0
2018-12-23 08:30:00,0.19256649557219285,0.5014908519077125,0.10567183388179764,0.08418711029348368,0.1861520350788523,0.09544123218062604
2018-12-23 09:30:00,0.5265828366437276,0.18274296563278358,0.31354584161084675,0.26671083412752766,0.33586440477550333,0.3263670652704734
2018-12-23 10:30:00,0.48679640634176213,0.30893521664217855,0.5263602093600618,0.47141055194197795,0.36401345078189173,0.312724229163948
2018-12-23 11:30:00,0.42141141954360545,0.3145989358688658,0.40021243890965547,0.4043674786080307,0.37312744894318395,0.3684830475534028
2018-12-23 12:30:00,0.42406782744853205,0.441330476080423,0.4402717543577562,0.19594020799174777,0.30192020097547606,0.34622026186556915
2018-12-23 13:30:00,0.4765443688518206,0.5099981106258216,0.3951439637397552,0.045944056525426005,0.33608539952221883,0.3814702859804069
2018-12-23 14:30:00,0.5076990241047615,0.5372623649833919,0.45781169342301653,0.1348705872430931,0.3093935532258558,0.33116295103685683
2018-12-23 15:30:00,0.1121814258975148,0.3977441446530111,0.17035541195770867,0.2070911266378538,0.15595861947250256,0.10660354618096983
2018-12-23 16:30:00,0.00018424149974491515,-0.0,0.004431559343627759,-0.0,0.006183562838842641,0.017718627031544733
2018-12-23 17:30:00,0.0,0.0,0.0,0.0,0.0,0.0
2018-12-23 18:30:00,0.0,0.0,0.0,0.0,0.0,0.0
2018-12-23 19:30:00,0.0,0.0,0.0,0.0,0.0,0.0
2018-12-23 20:30:00,0.0,0.0,0.0,0.0,0.0,0.0
2018-12-23 21:30:00,0.0,0.0,0.0,0.0,0.0,0.0
2018-12-23 22:30:00,0.0,0.0,0.0,0.0,0.0,0.0
2018-12-23 23:30:00,0.0,0.0,0.0,0.0,0.0,0.0
2018-12-24 00:30:00,0.0,0.0,0.0,0.0,0.0,0.0
2018-12-24 01:30:00,0.0,0.0,0.0,0.0,0.0,0.0
2018-12-24 02:30:00,0.0,0.0,0.0,0.0,0.0,0.0
2018-12-24 03:30:00,0.0,0.0,0.0,0.0,0.0,0.0
2018-12-24 04:30:00,0.0,0.0,0.0,0.0,0.0,0.0
2018-12-24 05:30:00,0.0,0.0,0.0,0.0,0.0,0.0
2018-12-24 06:30:00,0.0,0.0,0.0,0.0,0.0,0.0
2018-12-24 07:30:00,-0.0,0.003706089761734882,-0.0,-0.0,0.003059939049412627,-0.0
2018-12-24 08:30:00,0.09709930037152996,0.05568578498205797,0.06169946115139008,0.032200508517860785,0.5058159717633368,0.07355126337090698
2018-12-24 09:30:00,0.24309255199265242,0.22390398308853876,0.21538201629592038,0.052907933914196736,0.5719154994315351,0.05187149123423324
2018-12-24 10:30:00,0.46032420811558655,0.47109291685974947,0.3007427608298457,0.11392735463987529,0.5316269516867217,0.03304214558246686
2018-12-24 11:30:00,0.4070178851917517,0.42184833760944923,0.2802679371961989,0.3968120826042306,0.3181643474465972,0.3364901943034007
2018-12-24 12:30:00,0.28573819506843406,0.4271497798749968,0.38760146123959827,0.1367147413458657,0.42617247778332845,0.37887371863348407
2018-12-24 13:30:00,0.06969314663530726,0.4798194225712867,0.3047072978371111,0.1560488505553726,0.537183954753383,0.3652705723832966
2018-12-24 14:30:00,0.49874642634424626,0.493636091351178,0.32844014568125474,0.00865112123443223,0.5811700886786082,0.3236325088732554
2018-12-24 15:30:00,0.18424852377636614,0.3567565994502559,0.12125469909367458,0.022571018123835933,0.5298974127605947,0.07447184676675772
2018-12-24 16:30:00,-0.0,-0.0,0.0031171274640220147,-0.0,0.053074516578621646,0.02445527180326363
2018-12-24 17:30:00,0.0,0.0,0.0,0.0,0.0,0.0
2018-12-24 18:30:00,0.0,0.0,0.0,0.0,0.0,0.0
2018-12-24 19:30:00,0.0,0.0,0.0,0.0,0.0,0.0
2018-12-24 20:30:00,0.0,0.0,0.0,0.0,0.0,0.0
2018-12-24 21:30:00,0.0,0.0,0.0,0.0,0.0,0.0
2018-12-24 22:30:00,0.0,0.0,0.0,0.0,0.0,0.0
2018-12-24 23:30:00,0.0,0.0,0.0,0.0,0.0,0.0
2018-12-25 00:30:00,0.0,0.0,0.0,0.0,0.0,0.0
2018-12-25 01:30:00,0.0,0.0,0.0,0.0,0.0,0.0
2018-12-25 02:30:00,0.0,0.0,0.0,0.0,0.0,0.0
2018-12-25 03:30:00,0.0,0.0,0.0,0.0,0.0,0.0
2018-12-25 04:30:00,0.0,0.0,0.0,0.0,0.0,0.0
2018-12-25 05:30:00,0.0,0.0,0.0,0.0,0.0,0.0
2018-12-25 06:30:00,0.0,0.0,0.0,0.0,0.0,0.0
2018-12-25 07:30:00,-0.0,0.003737555715895561,-0.0,-0.0,0.00242195143742539,-0.0
2018-12-25 08:30:00,0.03388179565304367,0.4798816586944339,0.10525930256054432,0.025143729061768053,0.4817878192538209,0.06888525141174465
2018-12-25 09:30:00,0.03705578950447649,0.5294229287673876,0.25149858450133405,0.07796673012130739,0.12020233435144223,0.1449252762723819
2018-12-25 10:30:00,0.47423127255919256,0.4830410161722848,0.25708544669407757,0.0941543317262154,0.2708990139135264,0.15654913685935837
2018-12-25 11:30:00,0.4171444971251141,0.42830286497487974,0.43724229996464586,0.4033078213167781,0.3572191475427022,0.2919572079014956
2018-12-25 12:30:00,0.41594372887889036,0.4359530274776793,0.3680165211675901,0.40487351701520125,0.45797136619966183,0.3534778327798052
2018-12-25 13:30:00,0.4725929425891535,0.49394507444038216,0.48289519028490774,0.46581822072575413,0.5061421752557614,0.39428455061595963
2018-12-25 14:30:00,0.5029163013241948,0.34675923387008145,0.2867204771682501,0.49457846932455146,0.27585196173957693,0.25350862936711566
2018-12-25 15:30:00,0.4076250282654366,0.12520817938409803,0.12111962614457954,0.15513792676090876,0.12562151485040327,0.08034555772673524
2018-12-25 16:30:00,0.01747445760305141,-0.0,0.005533090081788972,-0.0,0.006125191117273282,0.0073408487401124805
2018-12-25 17:30:00,0.0,0.0,0.0,0.0,0.0,0.0
2018-12-25 18:30:00,0.0,0.0,0.0,0.0,0.0,0.0
2018-12-25 19:30:00,0.0,0.0,0.0,0.0,0.0,0.0
2018-12-25 20:30:00,0.0,0.0,0.0,0.0,0.0,0.0
2018-12-25 21:30:00,0.0,0.0,0.0,0.0,0.0,0.0
2018-12-25 22:30:00,0.0,0.0,0.0,0.0,0.0,0.0
2018-12-25 23:30:00,0.0,0.0,0.0,0.0,0.0,0.0
2018-12-26 00:30:00,0.0,0.0,0.0,0.0,0.0,0.0
2018-12-26 01:30:00,0.0,0.0,0.0,0.0,0.0,0.0
2018-12-26 02:30:00,0.0,0.0,0.0,0.0,0.0,0.0
2018-12-26 03:30:00,0.0,0.0,0.0,0.0,0.0,0.0
2018-12-26 04:30:00,0.0,0.0,0.0,0.0,0.0,0.0
2018-12-26 05:30:00,0.0,0.0,0.0,0.0,0.0,0.0
2018-12-26 06:30:00,0.0,0.0,0.0,0.0,0.0,0.0
2018-12-26 07:30:00,0.00021838949791396756,-0.0,-0.0,-0.0,0.0018131854845605602,-0.0
2018-12-26 08:30:00,0.41312777768224657,0.02508661111169895,0.38418711439103886,0.04506182903294988,0.04173421196333279,0.10925613971456173
2018-12-26 09:30:00,0.5048210432046703,0.017193692955334933,0.19276478628675203,0.16885296962055446,0.5276152986078613,0.044749456892321696
2018-12-26 10:30:00,0.46497074749783557,0.07288316091408988,0.15099761267072678,0.15223286024707833,0.24283085047912412,0.36939077360546657
2018-12-26 11:30:00,0.41160474597633173,0.03255166883598081,0.2383799021105622,0.40161191615665137,0.3531205552182304,0.012179586324758627
2018-12-26 12:30:00,0.3113315776909251,0.002874403016791881,0.027335205294616787,0.40342255392524345,0.44871309334808435,0.45543397249222006
2018-12-26 13:30:00,0.47400002113430406,0.0011840167959008732,0.2207351967857019,0.464724717885746,0.4990281786793385,0.4194978888927658
2018-12-26 14:30:00,0.5050428829403459,0.49601205495439005,0.22840660381120254,0.495376633587587,0.540164321022624,0.560199943017968
2018-12-26 15:30:00,0.38813228920625453,0.35206811863207726,0.11677292779962625,0.3662090689973139,0.08718842692479702,0.03925595156269481
2018-12-26 16:30:00,-0.0,-0.0,0.006298783583456186,-0.0,0.007435564685207133,0.016841325121079293
2018-12-26 17:30:00,0.0,0.0,0.0,0.0,0.0,0.0
2018-12-26 18:30:00,0.0,0.0,0.0,0.0,0.0,0.0
2018-12-26 19:30:00,0.0,0.0,0.0,0.0,0.0,0.0
2018-12-26 20:30:00,0.0,0.0,0.0,0.0,0.0,0.0
2018-12-26 21:30:00,0.0,0.0,0.0,0.0,0.0,0.0
2018-12-26 22:30:00,0.0,0.0,0.0,0.0,0.0,0.0
2018-12-26 23:30:00,0.0,0.0,0.0,0.0,0.0,0.0
2018-12-27 00:30:00,0.0,0.0,0.0,0.0,0.0,0.0
2018-12-27 01:30:00,0.0,0.0,0.0,0.0,0.0,0.0
2018-12-27 02:30:00,0.0,0.0,0.0,0.0,0.0,0.0
2018-12-27 03:30:00,0.0,0.0,0.0,0.0,0.0,0.0
2018-12-27 04:30:00,0.0,0.0,0.0,0.0,0.0,0.0
2018-12-27 05:30:00,0.0,0.0,0.0,0.0,0.0,0.0
2018-12-27 06:30:00,0.0,0.0,0.0,0.0,0.0,0.0
2018-12-27 07:30:00,0.022439922821865053,0.0028036102201306006,-0.0,-0.0,0.0031935324854376174,-0.0
2018-12-27 08:30:00,0.46610599906534755,0.06686053182465629,0.449582842828787,0.4449411664545216,0.4954466007157757,0.10821298588788862
2018-12-27 09:30:00,0.5663635724091769,0.0695153503744004,0.23347265709796997,0.16214594752134137,0.16205690001064638,0.3183079412401585
2018-12-27 10:30:00,0.5247180363554069,0.09702899808320979,0.261301814142484,0.5167175637035626,0.23869724765700912,0.41820414261098576
2018-12-27 11:30:00,0.45621887171994885,0.21382961924395133,0.3244230204865491,0.4444481063602844,0.2617265234451478,0.28944438388785976
2018-12-27 12:30:00,0.4542404840191609,0.27462042404418124,0.36588359001122395,0.291116172968748,0.4917361184876204,0.3589918036726893
2018-12-27 13:30:00,0.5215018977407261,0.24200702172200436,0.3829310787160074,0.5147646924316963,0.29412317484054346,0.2080931098352413
2018-12-27 14:30:00,0.21329885317443112,0.5660744211718081,0.5598343066222755,0.5557158422577085,0.359348503832205,0.04225343527318329
2018-12-27 15:30:00,0.2019063186254363,0.43007491299649137,0.19267620672707134,0.43887441991100085,0.11303144626177228,0.17517619934704393
2018-12-27 16:30:00,0.0002856821930331163,-0.0,0.008622340508482708,-0.0,0.00949325722313275,0.027306995865509692
2018-12-27 17:30:00,0.0,0.0,0.0,0.0,0.0,0.0
2018-12-27 18:30:00,0.0,0.0,0.0,0.0,0.0,0.0
2018-12-27 19:30:00,0.0,0.0,0.0,0.0,0.0,0.0
2018-12-27 20:30:00,0.0,0.0,0.0,0.0,0.0,0.0
2018-12-27 21:30:00,0.0,0.0,0.0,0.0,0.0,0.0
2018-12-27 22:30:00,0.0,0.0,0.0,0.0,0.0,0.0
2018-12-27 23:30:00,0.0,0.0,0.0,0.0,0.0,0.0
2018-12-28 00:30:00,0.0,0.0,0.0,0.0,0.0,0.0
2018-12-28 01:30:00,0.0,0.0,0.0,0.0,0.0,0.0
2018-12-28 02:30:00,0.0,0.0,0.0,0.0,0.0,0.0
2018-12-28 03:30:00,0.0,0.0,0.0,0.0,0.0,0.0
2018-12-28 04:30:00,0.0,0.0,0.0,0.0,0.0,0.0
2018-12-28 05:30:00,0.0,0.0,0.0,0.0,0.0,0.0
2018-12-28 06:30:00,0.0,0.0,0.0,0.0,0.0,0.0
2018-12-28 07:30:00,-0.0,0.06524408679413425,-0.0,-0.0,0.003921432633963643,-0.0
2018-12-28 08:30:00,0.1132352843263312,0.49885303784498974,0.09861344867281639,0.02002559236195127,0.4992757981330849,0.041315064846965226
2018-12-28 09:30:00,0.25974440962545736,0.5573607772331929,0.23553163764506585,0.0780025144738005,0.3643443608292853,0.3373117882924458
2018-12-28 10:30:00,0.1060085866437811,0.5159095737383916,0.3848315642710391,0.2672946394009904,0.2555010691474779,0.40555831942623083
2018-12-28 11:30:00,0.44230007548473965,0.45709143446612077,0.3913187955502233,0.28755737899775574,0.5037627033859943,0.3898316512004859
2018-12-28 12:30:00,0.44122011504888303,0.4646636000427815,0.44778402652186555,0.18957558100737196,0.2432996637143752,0.38743288259344
2018-12-28 13:30:00,0.49981814765071036,0.5247998521956863,0.36830462389939017,0.1865912968162026,0.3872581533196916,0.2624670676539083
2018-12-28 14:30:00,0.537308224071225,0.5502166833929283,0.5361065670639902,0.5197162570638385,0.2618969834489571,0.19816352868423528
2018-12-28 15:30:00,0.44990466673703766,0.41923330814758814,0.13256838538527316,0.021511797249347476,0.2290813401532045,0.11866761937557854
2018-12-28 16:30:00,0.023075365063409438,-0.0,0.006441996774575854,-0.0,0.010832582019565004,0.02470949745627172
2018-12-28 17:30:00,0.0,0.0,0.0,0.0,0.0,0.0
2018-12-28 18:30:00,0.0,0.0,0.0,0.0,0.0,0.0
2018-12-28 19:30:00,0.0,0.0,0.0,0.0,0.0,0.0
2018-12-28 20:30:00,0.0,0.0,0.0,0.0,0.0,0.0
2018-12-28 21:30:00,0.0,0.0,0.0,0.0,0.0,0.0
2018-12-28 22:30:00,0.0,0.0,0.0,0.0,0.0,0.0
2018-12-28 23:30:00,0.0,0.0,0.0,0.0,0.0,0.0
2018-12-29 00:30:00,0.0,0.0,0.0,0.0,0.0,0.0
2018-12-29 01:30:00,0.0,0.0,0.0,0.0,0.0,0.0
2018-12-29 02:30:00,0.0,0.0,0.0,0.0,0.0,0.0
2018-12-29 03:30:00,0.0,0.0,0.0,0.0,0.0,0.0
2018-12-29 04:30:00,0.0,0.0,0.0,0.0,0.0,0.0
2018-12-29 05:30:00,0.0,0.0,0.0,0.0,0.0,0.0
2018-12-29 06:30:00,0.0,0.0,0.0,0.0,0.0,0.0
2018-12-29 07:30:00,0.02084315197849461,0.07271602126648051,-0.0,-0.0,0.038178535916248,0.0
2018-12-29 08:30:00,0.4625007487356935,0.5131881991193491,0.4459920750648962,0.4407478464238604,0.5376239732016896,0.10724298964618034
2018-12-29 09:30:00,0.5634776092172369,0.5634365019626898,0.5946791970003177,0.5536138435577386,0.6253725162874714,0.6024733659776261
2018-12-29 10:30:00,0.5197167486717759,0.5146832507014245,0.546592852922086,0.5095223824441667,0.5759350662600319,0.3973744407385802
2018-12-29 11:30:00,0.44921453695742947,0.4607105935675036,0.47467981625246575,0.4291038254594038,0.5087326076500427,0.3925388292181251
2018-12-29 12:30:00,0.44293237533338736,0.4652515526667783,0.4553240357638343,0.4261328936781201,0.5013060331221529,0.3935327962907372
2018-12-29 13:30:00,0.4994225007588802,0.5272631317608985,0.5172370749907493,0.4881068817759349,0.5577880903943321,0.39041257295390525
2018-12-29 14:30:00,0.5410111328602051,0.5568180844305377,0.5576215419862265,0.5213060550438215,0.6036035392481187,0.35377851274781447
2018-12-29 15:30:00,0.4612740453077703,0.43927756225023845,0.5177241115202234,0.41594584571495663,0.5633788606187109,0.5518003492830766
2018-12-29 16:30:00,0.03191040991836592,-0.0,0.08229120663532422,0.017514707362318575,0.09679380285421507,0.14348274574100628
2018-12-29 17:30:00,0.0,0.0,0.0,0.0,0.0,0.0
2018-12-29 18:30:00,0.0,0.0,0.0,0.0,0.0,0.0
2018-12-29 19:30:00,0.0,0.0,0.0,0.0,0.0,0.0
2018-12-29 20:30:00,0.0,0.0,0.0,0.0,0.0,0.0
2018-12-29 21:30:00,0.0,0.0,0.0,0.0,0.0,0.0
2018-12-29 22:30:00,0.0,0.0,0.0,0.0,0.0,0.0
2018-12-29 23:30:00,0.0,0.0,0.0,0.0,0.0,0.0
2018-12-30 00:30:00,0.0,0.0,0.0,0.0,0.0,0.0
2018-12-30 01:30:00,0.0,0.0,0.0,0.0,0.0,0.0
2018-12-30 02:30:00,0.0,0.0,0.0,0.0,0.0,0.0
2018-12-30 03:30:00,0.0,0.0,0.0,0.0,0.0,0.0
2018-12-30 04:30:00,0.0,0.0,0.0,0.0,0.0,0.0
2018-12-30 05:30:00,0.0,0.0,0.0,0.0,0.0,0.0
2018-12-30 06:30:00,0.0,0.0,0.0,0.0,0.0,0.0
2018-12-30 07:30:00,0.017824010392191406,0.0720618709795901,-0.0,-0.0,0.037354088248857484,0.0
2018-12-30 08:30:00,0.4221741885263302,0.48210539692979926,0.08013311333630363,0.39472288683323786,0.5171655573814444,0.40302082885220286
2018-12-30 09:30:00,0.5209378232305816,0.5233081935664422,0.14713617405648285,0.18048523168410974,0.5869335615122433,0.5786632320195273
2018-12-30 10:30:00,0.4816703116996901,0.4753472601685972,0.35222097206268393,0.16039761617763207,0.5426232499653897,0.5511748584144588
2018-12-30 11:30:00,0.419650423225884,0.41702145130577,0.39351791059310337,0.12063070386287861,0.47469809315022904,0.4838937097137031
2018-12-30 12:30:00,0.41584918409977367,0.42395441669198175,0.3250879512131889,0.06186732350545804,0.4681061898158414,0.36941606978081976
2018-12-30 13:30:00,0.2533669530057987,0.48581518974702176,0.307444724437569,0.027250765312351245,0.5196715144030866,0.40301490901450787
2018-12-30 14:30:00,0.029118415783563594,0.521977472388609,0.4314580198979076,0.08173210366957082,0.5598985247260786,0.5761860511044136
2018-12-30 15:30:00,0.14964498148389963,0.4160713191407284,0.09146396697293493,0.05201802919406459,0.514804960607168,0.5517965133676661
2018-12-30 16:30:00,0.002394746393875046,-0.0,0.004721298415245567,0.0006842424544095378,0.01400698084656257,0.15114121658608187
2018-12-30 17:30:00,0.0,0.0,0.0,0.0,0.0,0.0
2018-12-30 18:30:00,0.0,0.0,0.0,0.0,0.0,0.0
2018-12-30 19:30:00,0.0,0.0,0.0,0.0,0.0,0.0
2018-12-30 20:30:00,0.0,0.0,0.0,0.0,0.0,0.0
2018-12-30 21:30:00,0.0,0.0,0.0,0.0,0.0,0.0
2018-12-30 22:30:00,0.0,0.0,0.0,0.0,0.0,0.0
2018-12-30 23:30:00,0.0,0.0,0.0,0.0,0.0,0.0
2018-12-31 00:30:00,0.0,0.0,0.0,0.0,0.0,0.0
2018-12-31 01:30:00,0.0,0.0,0.0,0.0,0.0,0.0
2018-12-31 02:30:00,0.0,0.0,0.0,0.0,0.0,0.0
2018-12-31 03:30:00,0.0,0.0,0.0,0.0,0.0,0.0
2018-12-31 04:30:00,0.0,0.0,0.0,0.0,0.0,0.0
2018-12-31 05:30:00,0.0,0.0,0.0,0.0,0.0,0.0
2018-12-31 06:30:00,0.0,0.0,0.0,0.0,0.0,0.0
2018-12-31 07:30:00,-0.0,0.0011057681112951055,-0.0,-0.0,0.0025320549675966687,0.0
2018-12-31 08:30:00,0.07730608831471641,0.032413731576505046,0.09843814362990479,0.0758706922017177,0.1062888453104858,0.048081312531554656
2018-12-31 09:30:00,0.009991497185111107,0.0007109284214711585,0.09065942739445511,0.13083124904677326,0.3423825108907263,0.06631287999159481
2018-12-31 10:30:00,0.11162604137009144,0.11318390652565367,0.3161386346108009,0.10565511593735893,0.13575254386250463,0.12717823028282113
2018-12-31 11:30:00,0.11963276328675984,0.11202038078976402,0.3408084656979151,0.17758072024863314,0.1859708149524874,0.014146778828955195
2018-12-31 12:30:00,0.09413520036135323,0.20713786482983748,0.13210494405317952,0.07734886071085607,0.2119294980845509,0.07879135298963189
2018-12-31 13:30:00,0.02757175691137379,0.13048527268383314,0.2814993836641351,0.16072244817914993,0.20338258337024379,0.1532069535057966
2018-12-31 14:30:00,0.037651738626257446,0.07527958064905726,0.09331753737538888,0.035471668390308096,0.1360580684749893,0.06233115918784713
2018-12-31 15:30:00,0.0644859525640158,0.04330146904151878,0.10514197443938783,0.08204048632443381,0.13874378844331947,0.1191946259561014
2018-12-31 16:30:00,0.003923230955414326,0.011322560744860771,0.013668722706014172,0.00030209525678740547,0.011320427293641102,0.021801739600355367
2018-12-31 17:30:00,0.0,0.0,0.0,0.0,0.0,0.0
2018-12-31 18:30:00,0.0,0.0,0.0,0.0,0.0,0.0
2018-12-31 19:30:00,0.0,0.0,0.0,0.0,0.0,0.0
2018-12-31 20:30:00,0.0,0.0,0.0,0.0,0.0,0.0
2018-12-31 21:30:00,0.0,0.0,0.0,0.0,0.0,0.0
2018-12-31 22:30:00,0.0,0.0,0.0,0.0,0.0,0.0
2018-12-31 23:30:00,0.0,0.0,0.0,0.0,0.0,0.0
