datetime,East_2018_wind_point1_cf,East_2018_wind_point2_cf,East_2018_wind_point3_cf,North_2018_wind_point1_cf,South_2018_wind_point1_cf
2018-01-01 00:00:00,0.30375571362009585,0.5276021311196329,0.24240910695480788,0.07527721147793351,0.04343437240210963
2018-01-01 01:00:00,0.3433819617817291,0.3381444547108292,0.2367072548531416,0.09287019963911249,0.0
2018-01-01 02:00:00,0.47074595589206764,0.49580008740769715,0.3088318620227901,0.015392516200597336,0.0
2018-01-01 03:00:00,0.44621216322825974,0.20816291741154916,0.35995909483843525,0.03286938923236476,0.0
2018-01-01 04:00:00,0.3956017270103472,0.13829815072606588,0.49091664750076774,0.05717870487916968,0.0
2018-01-01 05:00:00,0.6266175045524535,0.14997522186973986,0.32540369964718996,0.07375833183729022,0.0
2018-01-01 06:00:00,0.6179407617472811,0.1481580874204831,0.3085295637643691,0.03980875729164436,0.0
2018-01-01 07:00:00,0.583802875372501,0.09852373419567448,0.46011855060113976,0.05187207804131446,0.0
2018-01-01 08:00:00,0.6364201831257849,0.07198736919154099,0.5939679206120484,0.22685994437472254,0.0
2018-01-01 09:00:00,0.47069025847675816,0.030752740286792035,0.3975570937809665,0.30508694053261065,0.0
2018-01-01 10:00:00,0.6444926096344011,0.02556938309132808,0.33126057407112336,0.15507227115954106,0.0
2018-01-01 11:00:00,0.9420916859149494,0.10154343464448223,0.3501784658694355,0.0006650882968832027,0.0
2018-01-01 12:00:00,0.9075270259328393,0.17976981679014276,0.6506445945765807,0.03209306776081565,0.0
2018-01-01 13:00:00,0.981089337265665,0.22033130780594104,0.5577395317569146,0.034786775231295614,0.0
2018-01-01 14:00:00,0.8290223515662167,0.20203320636486397,0.5901451027901244,0.0984747812688692,0.025656541448309856
2018-01-01 15:00:00,0.7839841364244842,0.17688622218751557,0.5500604764438497,0.13768724034262017,0.10100883629375992
2018-01-01 16:00:00,0.9649199086579012,0.36124786462762193,0.7343729587951663,0.12201754420306982,0.053513332855830174
2018-01-01 17:00:00,0.981089337265665,0.3065278655928731,0.9834636537614106,0.111845916723466,0.21910549122089096
2018-01-01 18:00:00,0.981089337265665,0.6420176675730932,0.9834636537614106,0.1309901593586387,0.20198092867569967
2018-01-01 19:00:00,0.981089337265665,0.5377327635482639,0.9834636537614106,0.35834556733732126,0.018460118734458214
2018-01-01 20:00:00,0.981089337265665,0.46269321841936256,0.7554770577124492,0.22953136094931073,0.0
2018-01-01 21:00:00,0.981089337265665,0.19557215544639714,0.4526114263667578,0.30375694174976725,0.0
2018-01-01 22:00:00,0.981089337265665,0.14112335483767213,0.4103187582068773,0.24270057836634748,0.06443335066738622
2018-01-01 23:00:00,0.9162931936429322,0.04058345601152359,0.24886934600978575,0.12560132252453737,0.2588945278581443
2018-01-02 00:00:00,0.7684783786043545,0.011574612225625122,0.19676518646480393,0.1391873835548328,0.061553145591559735
2018-01-02 01:00:00,0.6813901665355089,0.03910978792234227,0.10763607265149491,0.15903549712466158,0.08275235279833085
2018-01-02 02:00:00,0.5393242806222173,0.07192368272420015,0.04776400685056287,0.5668632676700942,0.08255750869915578
2018-01-02 03:00:00,0.3527842371714293,0.0651724881338935,0.1465200732055107,0.899417075129193,0.10167923621298838
2018-01-02 04:00:00,0.1371561595591923,0.1431718242544839,0.08941605362809028,0.8626398139109764,0.09705568700819145
2018-01-02 05:00:00,0.15199263254974169,0.9785379269967656,0.04737598804795397,1.0,0.03523111042696589
2018-01-02 06:00:00,0.10278146867576213,0.9785379269967656,0.23427669287679911,1.0,0.0
2018-01-02 07:00:00,0.736230758326396,0.9785379269967656,0.21453490696205338,1.0,0.0
2018-01-02 08:00:00,0.981089337265665,0.9785379269967656,0.5065334118905678,1.0,0.022632317018179193
2018-01-02 09:00:00,0.5764897591020591,0.9785379269967656,0.41222789316746294,1.0,0.0
2018-01-02 10:00:00,0.22825414702170863,0.6093282430874272,0.4249123037012552,1.0,0.0
2018-01-02 11:00:00,0.20699726204666888,0.196043998444113,0.4578164432926492,0.5787859892169993,0.0
2018-01-02 12:00:00,0.23241197276270878,0.14891037747207653,0.48261042056908304,0.8376371147244155,0.0
2018-01-02 13:00:00,0.11965881380051081,0.21860976170713375,0.9831991133284567,0.9119872968687472,0.0
2018-01-02 14:00:00,0.10649452277139676,0.505614283390338,0.9834636537614106,1.0,0.0
2018-01-02 15:00:00,0.21699866077202204,0.8409448661499402,0.9834636537614106,1.0,0.028187139985293465
2018-01-02 16:00:00,0.17588455439198572,0.6263755457986294,0.9834636537614106,1.0,0.0
2018-01-02 17:00:00,0.20083563283123557,0.48408053646549776,0.9834636537614106,1.0,0.05168100378171687
2018-01-02 18:00:00,0.5888768727872142,0.5165014173119294,0.9834636537614106,1.0,0.04798292917602929
2018-01-02 19:00:00,0.981089337265665,0.4812243036294958,0.9834636537614106,1.0,0.0
2018-01-02 20:00:00,0.981089337265665,0.7129430315815742,0.9834636537614106,1.0,0.0
2018-01-02 21:00:00,0.981089337265665,0.6296006012975515,0.9834636537614106,1.0,0.028962913479808103
2018-01-02 22:00:00,0.981089337265665,0.40402267707612405,0.9834636537614106,1.0,0.0
2018-01-02 23:00:00,0.981089337265665,0.20120945737221962,0.9834636537614106,1.0,0.0
2018-01-03 00:00:00,0.981089337265665,0.14433850746587765,0.9834636537614106,1.0,0.04221310107033496
2018-01-03 01:00:00,0.981089337265665,0.2839622259986444,0.9834636537614106,1.0,0.04662446952161481
2018-01-03 02:00:00,0.981089337265665,0.5514122403984136,0.9834636537614106,1.0,0.19871505128683317
2018-01-03 03:00:00,0.9411533078411097,0.5875982996993121,0.9834636537614106,1.0,0.1845045534025167
2018-01-03 04:00:00,0.6756538254464641,0.3822090268163533,0.9834636537614106,1.0,0.14991225995955476
2018-01-03 05:00:00,0.5388014275381515,0.22885509531664175,0.9834636537614106,1.0,0.09832043560257328
2018-01-03 06:00:00,0.5221076316949282,0.24917694386395384,0.9834636537614106,1.0,0.08790177829355347
2018-01-03 07:00:00,0.29602650236099837,0.1158633488069068,0.9536420471745746,1.0,0.03673603287511995
2018-01-03 08:00:00,0.1956418235241972,0.06936263214224767,0.9834636537614106,1.0,0.0198724254258782
2018-01-03 09:00:00,0.10502265022273512,0.0,0.526125595413022,1.0,0.0
2018-01-03 10:00:00,0.0,0.0,0.17892544705088448,0.8711321686839588,0.0
2018-01-03 11:00:00,0.0,0.0,0.06520479223008686,0.3359509100577946,0.0
2018-01-03 12:00:00,0.0,0.00043616698297858816,0.04132020480103125,0.11552435296670914,0.0
2018-01-03 13:00:00,0.0,0.0,0.03977202490367263,0.025499595716856338,0.08703865656613254
2018-01-03 14:00:00,0.0,0.0,0.026568995171116248,0.0632546195059415,0.05969351107960756
2018-01-03 15:00:00,0.007501502676773387,0.0,0.0,0.0733851584531715,0.08141415053067029
2018-01-03 16:00:00,0.057179953352987506,0.030722727522188825,0.0,0.03375397100494527,0.16317644944704904
2018-01-03 17:00:00,0.3135321951434596,0.11705958062384332,0.0,0.20563869101753235,0.34613924732226004
2018-01-03 18:00:00,0.5959160032680253,0.20572204356471585,0.2918152999708182,0.12240436763024666,0.2403010411960308
2018-01-03 19:00:00,0.8172491988272953,0.2689001141239059,0.17231274597337132,0.13292850000986284,0.023535810385625133
2018-01-03 20:00:00,0.981089337265665,0.26154363508489803,0.2171205618979774,0.036723552276101384,0.0
2018-01-03 21:00:00,0.6821847503019387,0.1570997111940507,0.19808335189035553,0.0,0.036501139675206976
2018-01-03 22:00:00,0.981089337265665,0.1520893472296886,0.10075060484384962,0.0,0.03861797797670366
2018-01-03 23:00:00,0.981089337265665,0.03011945046666206,0.1696170064329654,0.0,0.01933111754893402
2018-01-04 00:00:00,0.9640346008042759,0.0,0.12858887521249707,0.0,0.03322259615277441
2018-01-04 01:00:00,0.12431848951701724,0.0,0.13541819640335354,0.0,0.0
2018-01-04 02:00:00,0.03670377911488817,0.0,0.10600334051301029,0.0,0.0
2018-01-04 03:00:00,0.10399725205895212,0.0,0.08498120968577746,0.43394135736406075,0.0
2018-01-04 04:00:00,0.09846829928141786,0.021566816034527994,0.30398605101054593,0.4589164150518671,0.036491542285169695
2018-01-04 05:00:00,0.10235087654828111,0.9785379269967656,0.26143542217544147,1.0,0.04975059114752404
2018-01-04 06:00:00,0.14690591330606892,0.9785379269967656,0.14702075168812834,1.0,0.06076816876772522
2018-01-04 07:00:00,0.24373084279510943,0.9785379269967656,0.3446018228138225,1.0,0.034641105248692274
2018-01-04 08:00:00,0.5270308653628328,0.9785379269967656,0.4409970772545707,1.0,0.12003793805302714
2018-01-04 09:00:00,0.31766825743474825,0.9785379269967656,0.6090968853050789,0.5007114992319301,0.047715931268958456
2018-01-04 10:00:00,0.13524661921081876,0.49675366098311,0.1859674817353686,0.3836885970069308,0.0
2018-01-04 11:00:00,0.11163301912390165,0.16222570804986106,0.21363460998237221,0.27614145891058234,0.0
2018-01-04 12:00:00,0.011643617031904556,0.1638757797180377,0.2588422474077652,0.1468516536698334,0.0
2018-01-04 13:00:00,0.03213891189913303,0.034840806626226094,0.3280332262328323,0.1587413336099407,0.0
2018-01-04 14:00:00,0.046083243877185105,0.04241092203454096,0.24060670181481514,0.06263979618119891,0.007211104717052379
2018-01-04 15:00:00,0.051592287617285404,0.02137135896716782,0.23003073626272222,0.016832835452776754,0.07773021232716304
2018-01-04 16:00:00,0.10017936092985007,0.0016803999688254905,0.20225438238601257,0.006570184070416144,0.13749556648983483
2018-01-04 17:00:00,0.04160005761098569,0.05284352669140254,0.16038265548315972,0.0,0.1841444285921999
2018-01-04 18:00:00,0.0,0.0923012915237675,0.09968548237069598,0.0,0.24365429810253186
2018-01-04 19:00:00,0.0,0.18354318328179967,0.04503649862189185,0.0,0.23425949349751843
2018-01-04 20:00:00,0.0,0.04051609035029701,0.0,0.026297751867567342,0.0
2018-01-04 21:00:00,0.0,0.0,0.0,0.12217956835580876,0.04181158282928502
2018-01-04 22:00:00,0.0,0.0,0.053555859063073474,0.21415823859826724,0.027042142238886277
2018-01-04 23:00:00,0.0,0.0,0.13012747336988434,0.4720767296029636,0.0
2018-01-05 00:00:00,0.02138046050900004,0.007406118922833852,0.040506778033623084,0.35008063133691314,0.051354662637993875
2018-01-05 01:00:00,0.018812007601731708,0.07226959660310543,0.2048404552873902,0.34132702300896367,0.10991992534901099
2018-01-05 02:00:00,0.06757916680381063,0.09796801641066169,0.3067013561769839,0.25707597950547706,0.11877914118502284
2018-01-05 03:00:00,0.06380337668670424,0.13009698698015867,0.44790868814451046,0.08620315310797848,0.03961693736895025
2018-01-05 04:00:00,0.08931423398373406,0.13207124268458342,0.3731259782768496,0.15242348008775083,0.02289984398816156
2018-01-05 05:00:00,0.05588166694524172,0.04264403155866212,0.1472705826433552,1.0,0.0
2018-01-05 06:00:00,0.19733195171763426,0.1279086653337708,0.274283039360471,1.0,0.045139386464927524
2018-01-05 07:00:00,0.25620908753955707,0.04788370192958379,0.20750386776756352,1.0,0.0
2018-01-05 08:00:00,0.2669620634853639,0.05861625476361433,0.173393229521746,1.0,0.0
2018-01-05 09:00:00,0.35631539537892176,0.0690096805922729,0.15423629819042287,0.686550438897227,0.010002548581211938
2018-01-05 10:00:00,0.369002353288711,0.0,0.01462277380095846,0.3405369205115665,0.0
2018-01-05 11:00:00,0.550171127232038,0.0,0.0,0.11276174708841279,0.0
2018-01-05 12:00:00,0.3604002799958484,0.06440282133377619,0.0,0.20324916411144667,0.0
2018-01-05 13:00:00,0.2088841534175615,0.09186042671325281,0.0,0.12233781235140365,0.0
2018-01-05 14:00:00,0.13541984279731784,0.05930289688810608,0.0,0.1495089953488739,0.0
2018-01-05 15:00:00,0.12340951905519879,0.060880244129998505,0.0,0.2351216911108005,0.0
2018-01-05 16:00:00,0.19682345986056937,0.0,0.0985020879221331,0.0307910733731256,0.018850100795830806
2018-01-05 17:00:00,0.25116975076056225,0.012956405078802323,0.2250824827647252,0.0,0.5443624023085881
2018-01-05 18:00:00,0.8599808244617346,0.06773880992211424,0.5212167846180377,0.03290544389208085,0.14787903284427348
2018-01-05 19:00:00,0.62691764114579,0.0,0.34888378843765905,0.08936091271632389,0.08879750308147026
2018-01-05 20:00:00,0.6056177210938929,0.0554450471095293,0.19677283943368842,1.0,0.0
2018-01-05 21:00:00,0.32787487134118576,0.03008029752858646,0.16382366783108465,0.5444538081633988,0.0
2018-01-05 22:00:00,0.4031319489948424,0.006766632298578625,0.09743301400769315,0.1668530922760451,0.0
2018-01-05 23:00:00,0.4221391704453875,0.0,0.10607084515706082,0.17208454772103182,0.0
2018-01-06 00:00:00,0.5122298848868405,0.0,0.12111737943029315,0.10049401377535727,0.0
2018-01-06 01:00:00,0.0,0.0,0.14866724227504094,0.06649278012173514,0.0
2018-01-06 02:00:00,0.0,0.0,0.22970519899551417,0.8244234601859267,0.0
2018-01-06 03:00:00,0.0,0.0,0.26345525858883057,1.0,0.0
2018-01-06 04:00:00,0.05079701861046068,0.011028691169356302,0.17389201685646657,0.8452559239649554,0.0
2018-01-06 05:00:00,0.44260043902877544,0.0,0.035577754500387374,0.4069476541564625,0.0
2018-01-06 06:00:00,0.4442457611843095,0.0,0.014080394716969194,0.4210919368859517,0.0
2018-01-06 07:00:00,0.30148303541560284,0.0,0.058252034104287385,0.5982703570961591,0.0
2018-01-06 08:00:00,0.48696141676672294,0.0,0.0,0.3184466618430169,0.0
2018-01-06 09:00:00,0.4175640891887617,0.0,0.02243973846631169,0.2497652454765467,0.0
2018-01-06 10:00:00,0.08355785604131544,0.0,0.0,0.18973025050049638,0.0
2018-01-06 11:00:00,0.14257731056325718,0.0,0.0,0.09308358030735644,0.0
2018-01-06 12:00:00,0.5480620500306197,0.0,0.02153247996355156,0.09237879018306121,0.0
2018-01-06 13:00:00,0.9563251742828716,0.0,0.022849205639589424,0.04903099623508886,0.0
2018-01-06 14:00:00,0.981089337265665,0.0,0.10875482616781347,0.03364713734361539,0.0
2018-01-06 15:00:00,0.981089337265665,0.0,0.09018934624739952,0.06004434831441908,0.0
2018-01-06 16:00:00,0.6802730833825033,0.012681131706376627,0.19510931077581348,0.09647142405063848,0.029148339768419882
2018-01-06 17:00:00,0.981089337265665,0.09899921803805754,0.28160251557455485,0.28919547965844483,0.08335466987946064
2018-01-06 18:00:00,0.981089337265665,0.052875695561315446,0.557502165180594,0.6220813804909103,0.1253318109743315
2018-01-06 19:00:00,0.981089337265665,0.0,0.78777703885951,1.0,0.026673254106695445
2018-01-06 20:00:00,0.981089337265665,0.0,0.5506668941380921,1.0,0.0
2018-01-06 21:00:00,0.981089337265665,0.0,0.8324220310981333,1.0,0.0
2018-01-06 22:00:00,0.981089337265665,0.0,0.5614233697752568,0.8409017485886233,0.0
2018-01-06 23:00:00,0.6278511290339921,0.18140555047173032,0.08297722745153273,0.7454408818226872,0.028277494202372452
2018-01-07 00:00:00,0.981089337265665,0.4488953290167518,0.5165225765740905,0.0846474931757254,0.04406713313922582
2018-01-07 01:00:00,0.981089337265665,0.9785379269967656,0.9834636537614106,1.0,0.9495255609856614
2018-01-07 02:00:00,0.981089337265665,0.6536237245922025,0.9834636537614106,1.0,0.04277026403416402
2018-01-07 03:00:00,0.981089337265665,0.9785379269967656,0.19364563642844576,1.0,0.03623799156834335
2018-01-07 04:00:00,0.981089337265665,0.9785379269967656,0.9834636537614106,1.0,0.15001821420339834
2018-01-07 05:00:00,0.981089337265665,0.9785379269967656,0.9834636537614106,1.0,0.9495255609856614
2018-01-07 06:00:00,0.981089337265665,0.9785379269967656,0.9834636537614106,1.0,0.9495255609856614
2018-01-07 07:00:00,0.981089337265665,0.9785379269967656,0.9834636537614106,1.0,0.9495255609856614
2018-01-07 08:00:00,0.981089337265665,0.9785379269967656,0.9834636537614106,1.0,0.8723833728366363
2018-01-07 09:00:00,0.981089337265665,0.9785379269967656,0.9834636537614106,1.0,0.22283278224476133
2018-01-07 10:00:00,0.981089337265665,0.9785379269967656,0.8662381664761901,0.9354877013815608,0.07820322402129008
2018-01-07 11:00:00,0.981089337265665,0.5689709145281894,0.9834636537614106,0.7584812017717095,0.0035996829804880092
2018-01-07 12:00:00,0.981089337265665,0.14462593665828918,0.9834636537614106,0.9823163084430224,0.0
2018-01-07 13:00:00,0.981089337265665,0.14659524493933684,0.9834636537614106,0.794748650933207,0.0
2018-01-07 14:00:00,0.981089337265665,0.19889494691491938,0.9834636537614106,0.2765089968969498,0.0
2018-01-07 15:00:00,0.5294407396702665,0.11000996223596426,0.9834636537614106,0.32149512542459624,0.0
2018-01-07 16:00:00,0.34682093912463835,0.09443874845800589,0.7870778562781262,0.7333152498410455,0.0
2018-01-07 17:00:00,0.481935727866633,0.14513767977770411,0.6794791652967194,1.0,0.04103158208376832
2018-01-07 18:00:00,0.5819187143607892,0.05875697128607964,0.24719787053354675,1.0,0.1594116845114376
2018-01-07 19:00:00,0.6589621632815915,0.028367232750850176,0.0870533404336203,0.4229737498373797,0.28589720368938815
2018-01-07 20:00:00,0.27737933399836606,0.0,0.07067860705911,0.67475278676985,0.0
2018-01-07 21:00:00,0.14373469207230488,0.0,0.2503732832962074,0.3926118832752187,0.0
2018-01-07 22:00:00,0.07835291966024718,0.0,0.15348925877184558,0.34481865585027227,0.0
2018-01-07 23:00:00,0.0,0.0,0.13739417257252798,0.5313274960300789,0.0019034276903935748
2018-01-08 00:00:00,0.0,0.038566525149139115,0.11409714594139368,0.4434631899055521,0.10510614994889564
2018-01-08 01:00:00,0.0,0.22678225631190027,0.06514449789227797,0.35393039994570197,0.07929072431171362
2018-01-08 02:00:00,0.10223308818156197,0.45962983665482904,0.0885768515951139,0.416759150702014,0.0
2018-01-08 03:00:00,0.4764427291625701,0.39091009324722986,0.5329388203770369,0.4865571349320872,0.0
2018-01-08 04:00:00,0.7580415312044204,0.3529976987160005,0.4443258182043739,0.3808362624621116,0.0
2018-01-08 05:00:00,0.8690334620905527,0.10284672264978206,0.5776492537566934,0.06731420087042146,0.0
2018-01-08 06:00:00,0.8787398708398342,0.028115634447957834,0.6877251780998559,0.045161028344924165,0.0
2018-01-08 07:00:00,0.9201088559312272,0.05365204648752212,0.9189606660413092,0.10531781365986274,0.019938185719368742
2018-01-08 08:00:00,0.8642332508290012,0.11339256938694861,0.9834636537614106,0.08025262701629192,0.0
2018-01-08 09:00:00,0.8767713932192865,0.4259972425473265,0.782559785647302,0.29122277529018126,0.0
2018-01-08 10:00:00,0.3961327161210659,0.1430480949791175,0.24860886948007946,0.11394879763237765,0.0
2018-01-08 11:00:00,0.24872449315361278,0.039074159407032155,0.10787182733935818,0.05467415165902646,0.0
2018-01-08 12:00:00,0.3477428878490301,0.0037602530117034198,0.08192708946550084,0.0,0.0
2018-01-08 13:00:00,0.5398379860812395,0.019523286078454882,0.09254471984195503,0.0,0.0
2018-01-08 14:00:00,0.5215418480467469,0.04165870589650971,0.26104421525421045,0.0,0.0
2018-01-08 15:00:00,0.6282231950959106,0.09383752687267671,0.2752144244986289,0.020323048114239867,0.03469327467218715
2018-01-08 16:00:00,0.7537396510668211,0.09328667692689163,0.2560296273593576,0.014059554116778429,0.012876742936836525
2018-01-08 17:00:00,0.981089337265665,0.31464212130413816,0.263268735910474,0.026477960913812916,0.08425383214096699
2018-01-08 18:00:00,0.981089337265665,0.3851531402836115,0.9834636537614106,0.048980707684025265,0.09362742018171678
2018-01-08 19:00:00,0.981089337265665,0.2582052766087883,0.9834636537614106,0.0873941423447511,0.0
2018-01-08 20:00:00,0.981089337265665,0.027139617043884377,0.9834636537614106,0.10446882738593338,0.0
2018-01-08 21:00:00,0.981089337265665,0.0008195087538284444,0.9834636537614106,0.20033033555890367,0.0
2018-01-08 22:00:00,0.981089337265665,0.0,0.9764897235005708,1.0,0.0017736038615399625
2018-01-08 23:00:00,0.981089337265665,0.13923964302529224,0.7996291597343312,1.0,0.05258700464417385
2018-01-09 00:00:00,0.981089337265665,0.25349130732344444,0.3908544826930063,1.0,0.38881474037032804
2018-01-09 01:00:00,0.981089337265665,0.3877881917328352,0.2970152760859857,1.0,0.543536838498997
2018-01-09 02:00:00,0.981089337265665,0.2620080169039224,0.9834636537614106,1.0,0.24708493464889575
2018-01-09 03:00:00,0.981089337265665,0.9785379269967656,0.9834636537614106,0.6603667123854126,0.8058976857739915
2018-01-09 04:00:00,0.981089337265665,0.9785379269967656,0.9834636537614106,1.0,0.592302526626982
2018-01-09 05:00:00,0.981089337265665,0.7822740122193786,0.5786862746103328,1.0,0.569511464147039
2018-01-09 06:00:00,0.981089337265665,0.24832124673179387,0.1888582913258818,1.0,0.3458634081463488
2018-01-09 07:00:00,0.981089337265665,0.06549581816080143,0.1841867138329009,1.0,0.21935128544516078
2018-01-09 08:00:00,0.9682686656978177,0.03392906074786363,0.08077033499079485,1.0,0.0
2018-01-09 09:00:00,0.29363137046685706,0.0,0.0810605689584948,1.0,0.13808873473990438
2018-01-09 10:00:00,0.42393914443785563,0.0,0.03642149057801081,0.8197624904990581,0.0
2018-01-09 11:00:00,0.09179984506160731,0.0011892341458226863,0.12814547202932414,0.5321619224161029,0.2935463052251768
2018-01-09 12:00:00,0.06287884598220934,0.30882784402515784,0.0347820074522722,0.26142880783754047,0.3769781247755696
2018-01-09 13:00:00,0.059254252849019994,0.3799788557981058,0.0,0.2822343851506924,0.2211898843000618
2018-01-09 14:00:00,0.03679090635776329,0.3744231462842646,0.0,0.17091860762420558,0.11868820362107617
2018-01-09 15:00:00,0.12199841382593676,0.37986720300017934,0.005300208889125278,0.03327774376951555,0.1480428842466426
2018-01-09 16:00:00,0.34624753722793866,0.7543568737863078,0.10999682306776945,0.009562018751520317,0.17420229994584757
2018-01-09 17:00:00,0.6124757930533317,0.9785379269967656,0.4699224506897617,0.1434997398898556,0.24803063504872552
2018-01-09 18:00:00,0.981089337265665,0.9785379269967656,0.9834636537614106,0.06746718924188107,0.0
2018-01-09 19:00:00,0.981089337265665,0.7781859965533723,0.9834636537614106,0.15874180525577683,0.030819851731041126
2018-01-09 20:00:00,0.5735465708655765,0.0,0.9834636537614106,0.1265565306178887,0.4570129733100746
2018-01-09 21:00:00,0.981089337265665,0.19401960514006558,0.9834636537614106,0.26633193902224145,0.0621498550052308
2018-01-09 22:00:00,0.981089337265665,0.0062490746491557,0.9834636537614106,0.0,0.016009631942499616
2018-01-09 23:00:00,0.981089337265665,0.0,0.9834636537614106,0.0151789316963532,0.06915228740194636
2018-01-10 00:00:00,0.981089337265665,0.9315331273379146,0.9834636537614106,0.031904836545420784,0.10111258935926182
2018-01-10 01:00:00,0.981089337265665,0.8431122208408398,0.9834636537614106,0.0,0.04418523896612319
2018-01-10 02:00:00,0.981089337265665,0.9785379269967656,0.555208389268098,0.0372085148080117,0.036097050342714376
2018-01-10 03:00:00,0.981089337265665,0.7875095956699968,0.9834636537614106,0.007347296917409168,0.01093307826978233
2018-01-10 04:00:00,0.981089337265665,0.7097699466335916,0.9834636537614106,0.0,0.022734357177580267
2018-01-10 05:00:00,0.981089337265665,0.9300278573668544,0.34621928723288975,0.05344266623582382,0.0
2018-01-10 06:00:00,0.981089337265665,0.9785379269967656,0.0629368124029958,0.0,0.0
2018-01-10 07:00:00,0.981089337265665,0.34554735396403263,0.03783517694268727,0.006969815693641561,0.0
2018-01-10 08:00:00,0.981089337265665,0.09961116842568607,0.24555960545013694,0.0,0.0
2018-01-10 09:00:00,0.6309349915524158,0.004679296753292857,0.0,0.0,0.0
2018-01-10 10:00:00,0.7990061011285285,0.0,0.0,0.2673255383865225,0.0407038114577584
2018-01-10 11:00:00,0.981089337265665,0.0,0.0,1.0,0.08964501295829594
2018-01-10 12:00:00,0.981089337265665,0.29997838833357887,0.0,0.0730500960783938,0.9495255609856614
2018-01-10 13:00:00,0.8939285770367132,0.14196097971587826,0.010005807721203108,0.18345768133191145,0.9495255609856614
2018-01-10 14:00:00,0.41267184418824965,0.3543866519090241,0.13914661211481932,0.8307895045821513,0.9495255609856614
2018-01-10 15:00:00,0.2408098314937455,0.5778889908842549,0.11226198662574122,1.0,0.9495255609856614
2018-01-10 16:00:00,0.10284465341505764,0.2840705836804599,0.2664171656800802,1.0,0.9495255609856614
2018-01-10 17:00:00,0.1897484642081497,0.6447896504194257,0.5011940349804178,1.0,0.9495255609856614
2018-01-10 18:00:00,0.981089337265665,0.9785379269967656,0.9834636537614106,1.0,0.9495255609856614
2018-01-10 19:00:00,0.981089337265665,0.9785379269967656,0.9834636537614106,1.0,0.9495255609856614
2018-01-10 20:00:00,0.981089337265665,0.9785379269967656,0.9834636537614106,1.0,0.9495255609856614
2018-01-10 21:00:00,0.981089337265665,0.9785379269967656,0.9834636537614106,1.0,0.35767706916615466
2018-01-10 22:00:00,0.981089337265665,0.9785379269967656,0.9834636537614106,1.0,0.9495255609856614
2018-01-10 23:00:00,0.981089337265665,0.9785379269967656,0.9834636537614106,1.0,0.9495255609856614
2018-01-11 00:00:00,0.981089337265665,0.9785379269967656,0.9834636537614106,1.0,0.7532488717519267
2018-01-11 01:00:00,0.981089337265665,0.9785379269967656,0.9834636537614106,1.0,0.6150809168185136
2018-01-11 02:00:00,0.981089337265665,0.9785379269967656,0.9834636537614106,1.0,0.19478780725254297
2018-01-11 03:00:00,0.981089337265665,0.9785379269967656,0.9834636537614106,1.0,0.11210653953500534
2018-01-11 04:00:00,0.981089337265665,0.9785379269967656,0.9834636537614106,1.0,0.10335757257644083
2018-01-11 05:00:00,0.981089337265665,0.9785379269967656,0.9834636537614106,1.0,0.0
2018-01-11 06:00:00,0.981089337265665,0.9785379269967656,0.9834636537614106,1.0,0.0
2018-01-11 07:00:00,0.981089337265665,0.9785379269967656,0.9834636537614106,1.0,0.0012515366379155565
2018-01-11 08:00:00,0.981089337265665,0.9785379269967656,0.9834636537614106,1.0,0.051240568283396744
2018-01-11 09:00:00,0.981089337265665,0.9785379269967656,0.9834636537614106,0.9330576233459098,0.0
2018-01-11 10:00:00,0.981089337265665,0.8326403522816108,0.9834636537614106,0.41163099243182166,0.026041932477344286
2018-01-11 11:00:00,0.981089337265665,0.5441600792509959,0.9834636537614106,0.25286878723653394,0.05077754489043737
2018-01-11 12:00:00,0.7311197054528286,0.2678118698144114,0.6989151366328408,0.3113693937156827,0.005390136493679076
2018-01-11 13:00:00,0.6211274699026498,0.2480486872913959,0.37783421227546543,0.2699851661713129,0.019057285840961086
2018-01-11 14:00:00,0.32533031291023556,0.13861542256241322,0.28252822986426007,1.0,0.02289216707089481
2018-01-11 15:00:00,0.1220387616208085,0.12846538152036002,0.056529970418688874,1.0,0.00895346300140453
2018-01-11 16:00:00,0.08142227121367066,0.2047666381856319,0.041346761277920134,0.6430109903639131,0.01382886470853988
2018-01-11 17:00:00,0.2273634562542477,0.0,0.26555911987226266,0.6913631975707802,0.22118048711940427
2018-01-11 18:00:00,0.2871139275694399,0.005984287347679511,0.26380154468904554,1.0,0.4049758388106703
2018-01-11 19:00:00,0.1833934689661247,0.31693589065468414,0.3945156429660441,1.0,0.5948609217959965
2018-01-11 20:00:00,0.22302089875760742,0.31424306424168086,0.26986109722808893,0.16818143640157718,0.29875908001229873
2018-01-11 21:00:00,0.09151804088574253,0.9785379269967656,0.3354367439349765,0.49200215118787705,0.08113856606782704
2018-01-11 22:00:00,0.13378371418480117,0.8572372304771412,0.6319070070799356,0.4658471186438151,0.29760559517000573
2018-01-11 23:00:00,0.3309014428798747,0.05134852427451631,0.9834636537614106,0.8687839083921237,0.15715929634034495
2018-01-12 00:00:00,0.3739680534338091,0.06866958368376425,0.9834636537614106,0.604735460450617,0.0
2018-01-12 01:00:00,0.5892348323207514,0.49609171419958503,0.9834636537614106,0.17091657689824308,0.0
2018-01-12 02:00:00,0.4139418108704707,0.46264698692322664,0.9834636537614106,0.8080107966001541,0.0
2018-01-12 03:00:00,0.5094219005849622,0.2730492765043769,0.9834636537614106,0.485790286808053,0.09190747022614705
2018-01-12 04:00:00,0.937425978614972,0.1598189170437709,0.45804910375370217,0.4422124408688234,0.13764399920143422
2018-01-12 05:00:00,0.9210101877942592,0.08409314430492684,0.4085286501249916,0.0,0.010924602108065555
2018-01-12 06:00:00,0.8734231602460958,0.08828698418558277,0.8244590105587909,0.0,0.020159014747824923
2018-01-12 07:00:00,0.9451209423667679,0.04424640746509682,0.4581532215115253,0.0636300322095114,0.02816668594288038
2018-01-12 08:00:00,0.5833447144998322,0.05392224395743956,0.4147363804015624,0.17615361915433603,0.9495255609856614
2018-01-12 09:00:00,0.11683857403805294,0.0,0.12444234972564165,0.03751401771738956,0.14345915616929228
2018-01-12 10:00:00,0.0,0.4998672835139312,0.07071789998077359,0.5698489640352977,0.9495255609856614
2018-01-12 11:00:00,0.05860195158666677,0.4622047882575438,0.03120812012411015,1.0,0.40188707455798395
2018-01-12 12:00:00,0.05013401692478792,0.5294490249429187,0.0,1.0,0.9495255609856614
2018-01-12 13:00:00,0.049916145827120555,0.586653796899946,0.019863421198941696,1.0,0.9495255609856614
2018-01-12 14:00:00,0.14153111403871652,0.9785379269967656,0.13992424683979943,1.0,0.8133974953829486
2018-01-12 15:00:00,0.1268841965543138,0.9785379269967656,0.11483153391837968,1.0,0.9495255609856614
2018-01-12 16:00:00,0.38945406354615975,0.606700745769011,0.08459497617506345,0.8575970786273023,0.9495255609856614
2018-01-12 17:00:00,0.14420960268912852,0.882014560383566,0.0,0.6932458327561006,0.33873518798662205
2018-01-12 18:00:00,0.21448665152408397,0.7765512496529516,0.0,0.16387307047236005,0.06555777835865664
2018-01-12 19:00:00,0.981089337265665,0.6241379744270555,0.0,0.031589453747087874,0.0034491608379767415
2018-01-12 20:00:00,0.4259325904024612,0.034201083698021745,0.0,0.0,0.6456600463654404
2018-01-12 21:00:00,0.07506879505034814,0.0,0.0,0.0,0.6938436933394102
2018-01-12 22:00:00,0.0,0.001412733312696611,0.0,0.04073979854486326,0.4378079043647839
2018-01-12 23:00:00,0.03707573212508621,0.0,0.0,0.17248837250056817,0.6608750903903643
2018-01-13 00:00:00,0.02993952447009106,0.1602823367208173,0.0,0.2217679184344012,0.7031554160477799
2018-01-13 01:00:00,0.0809835611216856,0.19168534790995098,0.0,0.4484797005172005,0.5396917945918775
2018-01-13 02:00:00,0.1151550748974521,0.7810474387376265,0.0,1.0,0.14624235879822808
2018-01-13 03:00:00,0.1873473860724616,0.7345479908277237,0.0,0.836060090259598,0.0002776339711639864
2018-01-13 04:00:00,0.20417696923192144,0.7290621874792039,0.02896771539175348,0.797071380264617,0.0
2018-01-13 05:00:00,0.03482804513161372,0.9785379269967656,0.0,0.5072275956185933,0.0
2018-01-13 06:00:00,0.01127232689461716,0.7716050509673351,0.02364908358799623,0.7224506512547593,0.0
2018-01-13 07:00:00,0.0946789553730605,0.10534943134232407,0.09191287696694918,0.8409484905000539,0.0
2018-01-13 08:00:00,0.11832354838983541,0.0,0.21841612109677794,0.31855706590862876,0.0
2018-01-13 09:00:00,0.13451749854267703,0.0,0.22807744019274587,0.2758497253468084,0.0
2018-01-13 10:00:00,0.24364679241461754,0.0,0.09724956782478,0.21249175415715513,0.0
2018-01-13 11:00:00,0.11609055489580222,0.0,0.0,0.11229621817560655,0.0
2018-01-13 12:00:00,0.08729366521325493,0.0,0.0,0.10644232105490102,0.0
2018-01-13 13:00:00,0.05981115470562831,0.023729791733447466,0.0,0.09133174430041606,0.08796130802107392
2018-01-13 14:00:00,0.0,0.0,0.0,0.8643646705354169,0.24789524346263364
2018-01-13 15:00:00,0.0,0.0,0.0,1.0,0.2143537214278766
2018-01-13 16:00:00,0.05228353717370808,0.0,0.0,1.0,0.16042253263403095
2018-01-13 17:00:00,0.40008940979331353,0.016134439280733076,0.07834077769128488,0.968512810912184,0.11459479343254236
2018-01-13 18:00:00,0.7742065610177424,0.014127163322912426,0.052780448223241475,1.0,0.05045565948265295
2018-01-13 19:00:00,0.5679021285849614,0.058036162561570875,0.0446959400030161,0.7595661211042565,0.033144337052689446
2018-01-13 20:00:00,0.4294981381598281,0.0,0.031121473784789536,1.0,0.0
2018-01-13 21:00:00,0.3257865816626786,0.0,0.0,0.820862881102034,0.0
2018-01-13 22:00:00,0.0,0.06880479430953489,0.6168867408625501,0.43519006575453406,0.0
2018-01-13 23:00:00,0.0,0.02337348143540131,0.7065301520392984,0.7083296653290687,0.0
2018-01-14 00:00:00,0.4763988911095182,0.7383632352461666,0.9834636537614106,0.7696133617826806,0.0449874368831214
2018-01-14 01:00:00,0.637037281929798,0.4838616865540035,0.758362795688003,1.0,0.0413976920042289
2018-01-14 02:00:00,0.7184604104528612,0.7980368094901842,0.9834636537614106,0.9044294622379104,0.08622518014495041
2018-01-14 03:00:00,0.981089337265665,0.33433106413817876,0.8345393970397146,0.8525251804598285,0.19025598991865447
2018-01-14 04:00:00,0.981089337265665,0.40185292810155593,0.9573139600829825,0.7809257597383905,0.177711052653583
2018-01-14 05:00:00,0.7741999275514353,0.2960147261600527,0.9834636537614106,0.5323119240917258,0.0
2018-01-14 06:00:00,0.6966919542000323,0.201687830629692,0.9834636537614106,0.9604040287659236,0.0
2018-01-14 07:00:00,0.6803032729510503,0.1982585080258675,0.968524594953506,0.9529738774511575,0.0
2018-01-14 08:00:00,0.4123551038790584,0.04020476859850012,0.968524594953506,0.9694167869081854,0.0
2018-01-14 09:00:00,0.16220018429117286,0.1516636832606975,0.8039828398336866,0.8318895729798924,0.0
2018-01-14 10:00:00,0.023990266625894752,0.3711355913990379,0.7254459242497299,0.5308820196453694,0.0
2018-01-14 11:00:00,0.0,0.5562044101657457,0.531337974927055,0.32011753734868453,0.0
2018-01-14 12:00:00,0.0,0.46712604525774243,0.44932363338656706,0.13777274034322023,0.0
2018-01-14 13:00:00,0.029997957368194567,0.10273397699959613,0.48133016132200385,0.03497720233220586,0.0
2018-01-14 14:00:00,0.07055207591692654,0.13375839390983127,0.48664364583134867,0.03356887895768835,0.0
2018-01-14 15:00:00,0.1903293099332214,0.22816311681569484,0.2987239412991816,0.43066342433916815,0.07812056478922769
2018-01-14 16:00:00,0.14297001115311542,0.0920145387866403,0.1515356675191138,0.8419154544935025,0.053565604995024954
2018-01-14 17:00:00,0.4121869462204825,0.02389701927678799,0.050337340690343194,0.467059501566536,0.16897649914609464
2018-01-14 18:00:00,0.981089337265665,0.08596509745139312,0.1555236402406217,0.08020735003073173,0.09107630528122532
2018-01-14 19:00:00,0.981089337265665,0.21275488626492273,0.5356288459799565,0.8317613848196967,0.18404728496345882
2018-01-14 20:00:00,0.981089337265665,0.02591630331406513,0.3998198890297841,0.983593698151323,0.0
2018-01-14 21:00:00,0.981089337265665,0.04860141484315643,0.7227611055222308,1.0,0.027151321403890146
2018-01-14 22:00:00,0.981089337265665,0.08232768661854921,0.5624535431102818,1.0,0.0
2018-01-14 23:00:00,0.9656965960438557,0.5899266613973555,0.7236990400351246,1.0,0.0
2018-01-15 00:00:00,0.981089337265665,0.9785379269967656,0.5690418333974657,1.0,0.03767200597076028
2018-01-15 01:00:00,0.981089337265665,0.9785379269967656,0.6346703224537087,1.0,0.062278357716082804
2018-01-15 02:00:00,0.981089337265665,0.9785379269967656,0.6786154000109038,1.0,0.6004560408358626
2018-01-15 03:00:00,0.981089337265665,0.9785379269967656,0.5426981229567936,1.0,0.6167798273990783
2018-01-15 04:00:00,0.981089337265665,0.8570427514838553,0.6332095504623257,1.0,0.0234979626745347
2018-01-15 05:00:00,0.8187647935518522,0.9785379269967656,0.5265674413831978,1.0,0.06086218241404403
2018-01-15 06:00:00,0.6901109706658746,0.9785379269967656,0.533327445268897,1.0,0.20971432099507414
2018-01-15 07:00:00,0.5312715800368712,0.9785379269967656,0.7258566388739297,1.0,0.11328706083522207
2018-01-15 08:00:00,0.779593397926292,0.4694387094561749,0.8841795681802953,1.0,0.13777041240073892
2018-01-15 09:00:00,0.7560295453852688,0.8403964231385108,0.9834636537614106,1.0,0.534204292461973
2018-01-15 10:00:00,0.2916385122826985,0.9785379269967656,0.9834636537614106,1.0,0.5574616398873089
2018-01-15 11:00:00,0.2456778620071738,0.9163914392264952,0.9834636537614106,1.0,0.4151007595349526
2018-01-15 12:00:00,0.5118983863088505,0.8589675655923737,0.9834636537614106,1.0,0.32974988037075065
2018-01-15 13:00:00,0.6835445553160345,0.5008052319196228,0.9834636537614106,1.0,0.11394967500520868
2018-01-15 14:00:00,0.7282333624648112,0.3679025416294089,0.9834636537614106,1.0,0.13516041695093992
2018-01-15 15:00:00,0.6960873185406861,0.9785379269967656,0.9834636537614106,1.0,0.11474017878266994
2018-01-15 16:00:00,0.6486962149336448,0.8747138228905056,0.9834636537614106,1.0,0.22954928807653105
2018-01-15 17:00:00,0.8751914226744472,0.7403566981871045,0.9834636537614106,1.0,0.23127445278213926
2018-01-15 18:00:00,0.4377110925355726,0.7084579242109227,0.9832599439061621,1.0,0.29385579598306294
2018-01-15 19:00:00,0.35126822790968776,0.4205630628791539,0.7477321660940124,0.8187506418879346,0.36957273201610125
2018-01-15 20:00:00,0.39289824702077314,0.1070430471261137,0.47402710635257805,0.619820277286674,0.1604598533910387
2018-01-15 21:00:00,0.5894646333850259,0.056417611689387845,0.3333893487392408,0.5233874509676626,0.1664946686289757
2018-01-15 22:00:00,0.3826540597516766,0.0872218531309735,0.2798212113491846,0.5241751535622053,0.1746607265984581
2018-01-15 23:00:00,0.20440198704273044,0.19587934255128087,0.3493835581688346,0.41600065189761226,0.38341331834385456
2018-01-16 00:00:00,0.02858107991108544,0.42078936267611655,0.4083773890027989,0.5358005163231787,0.21123772282447534
2018-01-16 01:00:00,0.020125097234155762,0.2861433815413438,0.4875896256651078,0.7506360570586051,0.14118649979438136
2018-01-16 02:00:00,0.01918422749303702,0.19956962260126615,0.47652478619100064,0.539641983946568,0.073103143806229
2018-01-16 03:00:00,0.02647032406586224,0.1724162597352875,0.4394075399343553,0.38784498169585485,0.03672947484770608
2018-01-16 04:00:00,0.04277177312858319,0.10514722201034872,0.430420133618787,0.3391770155795319,0.0
2018-01-16 05:00:00,0.0654743469517713,0.1685430287191249,0.3601721724915827,0.39778225177598703,0.02152700733269861
2018-01-16 06:00:00,0.07158804352734058,0.060437655494282864,0.20601865480094278,0.4278646698543663,0.0
2018-01-16 07:00:00,0.08320818368166136,0.05157411204253971,0.11733857621493465,0.43300248122969603,0.0
2018-01-16 08:00:00,0.07957700763161042,0.12255797639237181,0.16484065243235452,0.3995965991884738,0.0
2018-01-16 09:00:00,0.0,0.04823712729645371,0.09256644811654402,0.3937427089570289,0.0
2018-01-16 10:00:00,0.0,0.0,0.0,0.3071175965141815,0.0
2018-01-16 11:00:00,0.0,0.0,0.0,0.21423616172543467,0.0
2018-01-16 12:00:00,0.0,0.0,0.0,0.14816055585411161,0.0
2018-01-16 13:00:00,0.0,0.0,0.0,0.03361710650416121,0.0
2018-01-16 14:00:00,0.0,0.0,0.0,0.07231970512097066,0.020361693521251573
2018-01-16 15:00:00,0.0,0.02642268208593563,0.0060234561070803385,0.09930992227746777,0.056387645955820014
2018-01-16 16:00:00,0.0,0.07165187490484065,0.0,0.0528400180966769,0.049583848129922316
2018-01-16 17:00:00,0.08896881532142498,0.23263608899860527,0.1631449378350746,0.3741358232384185,0.1805758482508481
2018-01-16 18:00:00,0.31983945807347525,0.5177415692833715,0.28042573222134964,0.719665937231985,0.19982551830318582
2018-01-16 19:00:00,0.6406655776317313,0.6377875480945417,0.47999463672126275,0.6221884428916614,0.11924894616685067
2018-01-16 20:00:00,0.7000029539782285,0.7905702480268366,0.9491542858174702,0.6690925074498751,0.0
2018-01-16 21:00:00,0.981089337265665,0.96189883856547,0.7979839335248952,0.7513908753961694,0.0
2018-01-16 22:00:00,0.980959040873733,0.9785379269967656,0.8627343017926455,0.7594641252891976,0.0
2018-01-16 23:00:00,0.981089337265665,0.9785379269967656,0.8230841513399091,0.689420215937359,0.0
2018-01-17 00:00:00,0.981089337265665,0.9785379269967656,0.9096982308186751,0.3920643735106215,0.03158679903381977
2018-01-17 01:00:00,0.981089337265665,0.9785379269967656,0.7333775022858873,0.3402076481831697,0.010875766324426831
2018-01-17 02:00:00,0.48059119009441986,0.5474172731762703,0.3389763251547202,0.2533502773892336,0.0
2018-01-17 03:00:00,0.23519147814444144,0.2997047796798742,0.0742204885966363,0.13228525891428053,0.0
2018-01-17 04:00:00,0.18115247597781653,0.08566094671464546,0.0,0.09964203202622766,0.0
2018-01-17 05:00:00,0.11078059117947295,0.02600177901623344,0.0,0.38812177985926327,0.0
2018-01-17 06:00:00,0.09390224195327056,0.2540723546389665,0.0,0.6492368622137014,0.0
2018-01-17 07:00:00,0.0,0.0,0.01899994107025919,1.0,0.0
2018-01-17 08:00:00,0.0,0.025203226292242278,0.14894138029392495,1.0,0.0
2018-01-17 09:00:00,0.0,0.08385028067992557,0.42905352578057687,1.0,0.0
2018-01-17 10:00:00,0.0,0.09730162183002415,0.4882598489110754,1.0,0.0
2018-01-17 11:00:00,0.0,0.09501754806313875,0.1598699672694486,1.0,0.0
2018-01-17 12:00:00,0.0,0.6536034313210622,0.1620220113599666,1.0,0.0
2018-01-17 13:00:00,0.0,0.5911346168256311,0.08152302936530262,1.0,0.0
2018-01-17 14:00:00,0.0,0.2952766709672519,0.01077285748690163,1.0,0.0
2018-01-17 15:00:00,0.0,0.24880222765642915,0.03301946421869868,1.0,0.049353163989166934
2018-01-17 16:00:00,0.0,0.37547442006758636,0.16926199551263416,0.5790755222516195,0.12508050405397314
2018-01-17 17:00:00,0.0,0.4881625512442559,0.5170121173045186,0.443537390050368,0.13520420533810484
2018-01-17 18:00:00,0.0,0.43022430413037305,0.5077368875247017,0.30480016577674124,0.06857101694704933
2018-01-17 19:00:00,0.0,0.14832869668370272,0.25291400307829665,0.06251587576625264,0.0934556333412324
2018-01-17 20:00:00,0.0,0.08702666374731358,0.052462895575440545,0.02185055520526124,0.0
2018-01-17 21:00:00,0.0,0.023471432249524665,0.0615155332689411,0.07643940320827328,0.0
2018-01-17 22:00:00,0.09645727897090552,0.0,0.16223414740005698,0.056866035557787055,0.0
2018-01-17 23:00:00,0.155012428958004,0.01071047340435652,0.1747726717313758,0.27306044623372533,0.0383745899313845
2018-01-18 00:00:00,0.09948555104999865,0.08914922779810559,0.5994170413207632,0.5613038975875145,0.10456834339832753
2018-01-18 01:00:00,0.05139528134088307,0.2321435657973161,0.9669685373667284,0.6964791638883017,0.21749036915375083
2018-01-18 02:00:00,0.0785611213050549,0.2434447378878514,0.9834636537614106,0.8071901905083404,0.12502239513833374
2018-01-18 03:00:00,0.10776530815874627,0.5244871979252705,0.9834636537614106,1.0,0.06322767509529646
2018-01-18 04:00:00,0.08487725130716428,0.7498050969380609,0.9834636537614106,1.0,0.03715081912737251
2018-01-18 05:00:00,0.041837930739748966,0.15887165242589488,0.9834636537614106,1.0,0.048132905560136
2018-01-18 06:00:00,0.0,0.0,0.7981635692358522,1.0,0.05282651753592386
2018-01-18 07:00:00,0.0,0.0,0.6952773967134107,1.0,0.04763390864158112
2018-01-18 08:00:00,0.0,0.0,0.6257785867034976,1.0,0.09765094261794968
2018-01-18 09:00:00,0.24201951151779824,0.15238064307054455,0.7970623078078282,1.0,0.06608827164871549
2018-01-18 10:00:00,0.17177108942799707,0.08620782871730875,0.23056091562353104,1.0,0.013277496336977003
2018-01-18 11:00:00,0.056871583023339445,0.010072006440656854,0.15445197980209358,0.777837112592217,0.0
2018-01-18 12:00:00,0.0,0.0,0.1913022174969525,0.32685913642534903,0.0
2018-01-18 13:00:00,0.0,0.006709202447278083,0.21013880474176033,0.1515506450282336,0.0
2018-01-18 14:00:00,0.0,0.020289262010242344,0.23928639503011517,0.07797867476919362,0.0
2018-01-18 15:00:00,0.0,0.04526815395026837,0.14703500539515665,0.0,0.0
2018-01-18 16:00:00,0.0,0.052140014195225015,0.0772310472361388,0.0,0.089062926183283
2018-01-18 17:00:00,0.2716130294979604,0.04949541268973191,0.025641205265219198,0.09185606212096727,0.17239121361150647
2018-01-18 18:00:00,0.1599255656133772,0.03738322898387093,0.0523353021636922,0.14376179085843105,0.20073074512554104
2018-01-18 19:00:00,0.3517658766813262,0.03302904462369465,0.17431595731116223,0.10480019435225994,0.02090877545267384
2018-01-18 20:00:00,0.8275454006568442,0.015392436117420923,0.42967449109265365,0.13695466447554205,0.005116578662580386
2018-01-18 21:00:00,0.9743977975702534,0.14199274178576957,0.6852164260096957,0.12232914063277903,0.07029281235975032
2018-01-18 22:00:00,0.4170230023291927,0.0738036552403981,0.6275965111103742,0.14367307807271015,0.0366963949548029
2018-01-18 23:00:00,0.26947347442036373,0.33660157809726715,0.5594423898689754,0.3776371262959779,0.0
2018-01-19 00:00:00,0.5648408981733576,0.39129999416109074,0.4449066560764938,0.4645466254384905,0.0
2018-01-19 01:00:00,0.922740687220478,0.25001015672289034,0.786569618416306,0.3823894387238733,0.023661490914063363
2018-01-19 02:00:00,0.9321474361817749,0.150274756434967,0.9196460057616582,0.29815302874073724,0.0
2018-01-19 03:00:00,0.766441122130534,0.15229036554581962,0.9624293500774055,0.28934674537063376,0.028389029816133803
2018-01-19 04:00:00,0.8971900067642675,0.18289276262016643,0.9834636537614106,0.19907892018745962,0.02860745638200955
2018-01-19 05:00:00,0.5126312950252906,0.42525612684852027,0.9834636537614106,0.43011208799548717,0.23154814366000212
2018-01-19 06:00:00,0.2837974699806667,0.4417951201865211,0.7368993495794279,1.0,0.6946682354919651
2018-01-19 07:00:00,0.10521512360582,0.7987821876426943,0.6240044683866665,1.0,0.9495255609856614
2018-01-19 08:00:00,0.22587554517861325,0.31938273519365507,0.47320593703123504,1.0,0.9495255609856614
2018-01-19 09:00:00,0.5388571163563177,0.9785379269967656,0.2080733612780926,1.0,0.9495255609856614
2018-01-19 10:00:00,0.45745571084816206,0.5719962021701245,0.06316591168268086,0.9743866870535419,0.9495255609856614
2018-01-19 11:00:00,0.20285131200304407,0.023670934450438882,0.12935504500571104,0.8203445977475234,0.9495255609856614
2018-01-19 12:00:00,0.07778365122787684,0.014757569504938773,0.018952719852535983,0.7465548476559742,0.9495255609856614
2018-01-19 13:00:00,0.07049973287551234,0.0,0.03319016884942358,1.0,0.9495255609856614
2018-01-19 14:00:00,0.0,0.0,0.0,1.0,0.9495255609856614
2018-01-19 15:00:00,0.0,0.041441321323848694,0.0,1.0,0.9495255609856614
2018-01-19 16:00:00,0.0,0.0,0.0,0.39172243117924077,0.9495255609856614
2018-01-19 17:00:00,0.0,0.44042311766321174,0.0,0.07353249386095423,0.9495255609856614
2018-01-19 18:00:00,0.0,0.4784448728135365,0.0,0.0,0.9495255609856614
2018-01-19 19:00:00,0.0,0.2513069725649473,0.0,0.04620446710707096,0.35231185405087234
2018-01-19 20:00:00,0.0,0.06197348000649644,0.0,0.17223159132644905,0.9495255609856614
2018-01-19 21:00:00,0.28975621799830215,0.0,0.0734478465855964,0.4523221572662259,0.9495255609856614
2018-01-19 22:00:00,0.28490824698362877,0.019853522496484522,0.027935580887447763,0.3566242818965026,0.602823758092378
2018-01-19 23:00:00,0.981089337265665,0.07018445695139514,0.03952030616302342,0.23384582137241422,0.533333199446957
2018-01-20 00:00:00,0.981089337265665,0.020657593453115873,0.0,0.17616080541127618,0.3862049759599538
2018-01-20 01:00:00,0.981089337265665,0.4217336656011153,0.024673544993146012,0.20890569722085586,0.1486771383718154
2018-01-20 02:00:00,0.981089337265665,0.9785379269967656,0.04400580206774531,1.0,0.3598096087176218
2018-01-20 03:00:00,0.981089337265665,0.9785379269967656,0.0,0.39759092305456334,0.16520626596007912
2018-01-20 04:00:00,0.981089337265665,0.9785379269967656,0.06194951788556324,0.0,0.1037013570074122
2018-01-20 05:00:00,0.981089337265665,0.9785379269967656,0.09972310525907323,0.0,0.9495255609856614
2018-01-20 06:00:00,0.981089337265665,0.9785379269967656,0.0,0.9246972408948047,0.9248172274990432
2018-01-20 07:00:00,0.981089337265665,0.9785379269967656,0.0,1.0,0.9468525632385318
2018-01-20 08:00:00,0.981089337265665,0.18014799409433793,0.1550176020413032,1.0,0.16098371872332862
2018-01-20 09:00:00,0.981089337265665,0.6897493707253844,0.1353229378179167,1.0,0.009469418406594739
2018-01-20 10:00:00,0.794860410368129,0.45120635326664627,0.20250739386013084,1.0,0.030766616635770055
2018-01-20 11:00:00,0.5030840523447502,0.5191269017964395,0.14515419025760157,0.37003588007167865,0.0
2018-01-20 12:00:00,0.10847992902006885,0.31561168269199164,0.09083908655170674,0.3925907975175608,0.0
2018-01-20 13:00:00,0.027126991656219374,0.22310529694003287,0.09151033704041527,0.519928612915681,0.0
2018-01-20 14:00:00,0.08472711115229323,0.5932494635641057,0.10537190596915698,0.5454960446336842,0.3382402937463041
2018-01-20 15:00:00,0.47169803363445745,0.14930999600605002,0.15821774440450553,0.24819058293212234,0.8578872932501007
2018-01-20 16:00:00,0.6436990228897634,0.0,0.20043658345673468,0.9861330775110182,0.8809134111238242
2018-01-20 17:00:00,0.566470065585076,0.2100045788882837,0.33323066574355276,0.34554045739247713,0.9495255609856614
2018-01-20 18:00:00,0.981089337265665,0.9271892289413767,0.6775413428665905,0.23847846209594215,0.21124408569661424
2018-01-20 19:00:00,0.29580083079415914,0.6884435645269178,0.9834636537614106,0.3891616392820762,0.7136995812976366
2018-01-20 20:00:00,0.7026541531716651,0.9346134435607281,0.9834636537614106,0.16589192146490941,0.5200919083433994
2018-01-20 21:00:00,0.4274457899072733,0.9689060303671642,0.9834636537614106,0.5017373064532098,0.9495255609856614
2018-01-20 22:00:00,0.32038925339387136,0.8646501896676783,0.6586084817851539,0.37687377858520626,0.4453531288114792
2018-01-20 23:00:00,0.4859310929499391,0.6701379747855294,0.6687794241012734,0.13269537210371643,0.16290929098159518
2018-01-21 00:00:00,0.5344751063094311,0.3622252314708186,0.39570943037150363,0.24084898122135817,0.11023677873548787
2018-01-21 01:00:00,0.8815228073763343,0.31605033947018474,0.38761462910977534,0.5014483530526098,0.12271020293415469
2018-01-21 02:00:00,0.4143420290327969,0.24491199664179447,0.2618780886099555,0.453160358195792,0.12992549349050062
2018-01-21 03:00:00,0.06851379404746126,0.2660514282857474,0.2299752442925707,0.45137137358319246,0.025443323579348632
2018-01-21 04:00:00,0.22285566979370505,0.3095781867541509,0.46063345835841607,0.37091078261306726,0.03433503345595741
2018-01-21 05:00:00,0.2897649687788947,0.24094278161040864,0.3682795089774835,0.08852086812989077,0.05624884221210809
2018-01-21 06:00:00,0.292438807806475,0.17880684217457296,0.4473070156348264,0.37948370175935026,0.028006796627671842
2018-01-21 07:00:00,0.2175804280406544,0.594430305795729,0.8738731467308695,0.9363832959327582,0.0
2018-01-21 08:00:00,0.09676510324356177,0.7317724426662834,0.7846282857140207,0.9807678905599375,0.0
2018-01-21 09:00:00,0.06916071336190416,0.9098279395948607,0.7711423185301114,0.9426367259266935,0.0004028728217169231
2018-01-21 10:00:00,0.09609252207022678,0.9785379269967656,0.9834636537614106,1.0,0.45258401912642765
2018-01-21 11:00:00,0.02439038368423514,0.8098865099419532,0.9834636537614106,1.0,0.37811476862647897
2018-01-21 12:00:00,0.020757453054585217,0.9785379269967656,0.9834636537614106,1.0,0.6296816121439073
2018-01-21 13:00:00,0.18541228349085012,0.9785379269967656,0.9834636537614106,1.0,0.6540915734362163
2018-01-21 14:00:00,0.5556788619074514,0.9785379269967656,0.9729891925779325,1.0,0.3107683310084827
2018-01-21 15:00:00,0.8395234476928268,0.9785379269967656,0.9834636537614106,1.0,0.9224335294015196
2018-01-21 16:00:00,0.981089337265665,0.9785379269967656,0.9834636537614106,1.0,0.9495255609856614
2018-01-21 17:00:00,0.981089337265665,0.9785379269967656,0.9834636537614106,1.0,0.9495255609856614
2018-01-21 18:00:00,0.981089337265665,0.9785379269967656,0.9834636537614106,1.0,0.9105690935673665
2018-01-21 19:00:00,0.981089337265665,0.9785379269967656,0.9834636537614106,1.0,0.9495255609856614
2018-01-21 20:00:00,0.981089337265665,0.9785379269967656,0.9834636537614106,1.0,0.9495255609856614
2018-01-21 21:00:00,0.981089337265665,0.9785379269967656,0.9834636537614106,1.0,0.9495255609856614
2018-01-21 22:00:00,0.981089337265665,0.9785379269967656,0.9834636537614106,1.0,0.9495255609856614
2018-01-21 23:00:00,0.981089337265665,0.9785379269967656,0.9834636537614106,1.0,0.9495255609856614
2018-01-22 00:00:00,0.981089337265665,0.9785379269967656,0.9834636537614106,1.0,0.9495255609856614
2018-01-22 01:00:00,0.981089337265665,0.9785379269967656,0.9834636537614106,1.0,0.9495255609856614
2018-01-22 02:00:00,0.981089337265665,0.9785379269967656,0.9834636537614106,1.0,0.5297961367398132
2018-01-22 03:00:00,0.981089337265665,0.9785379269967656,0.9834636537614106,1.0,0.4272581015168761
2018-01-22 04:00:00,0.981089337265665,0.9785379269967656,0.9834636537614106,1.0,0.9495255609856614
2018-01-22 05:00:00,0.981089337265665,0.9785379269967656,0.9834636537614106,1.0,0.9495255609856614
2018-01-22 06:00:00,0.981089337265665,0.9785379269967656,0.9834636537614106,1.0,0.9495255609856614
2018-01-22 07:00:00,0.981089337265665,0.9785379269967656,0.9834636537614106,1.0,0.9495255609856614
2018-01-22 08:00:00,0.981089337265665,0.9785379269967656,0.9834636537614106,1.0,0.9495255609856614
2018-01-22 09:00:00,0.981089337265665,0.9509300502199812,0.9834636537614106,1.0,0.9495255609856614
2018-01-22 10:00:00,0.981089337265665,0.4516700276626562,0.9834636537614106,1.0,0.9495255609856614
2018-01-22 11:00:00,0.981089337265665,0.4684174993186053,0.9834636537614106,1.0,0.9495255609856614
2018-01-22 12:00:00,0.981089337265665,0.8044528591789277,0.9834636537614106,1.0,0.9495255609856614
2018-01-22 13:00:00,0.9049846454139872,0.9785379269967656,0.9834636537614106,1.0,0.3206801283318969
2018-01-22 14:00:00,0.5922977786466301,0.9785379269967656,0.9834636537614106,1.0,0.13996663610821372
2018-01-22 15:00:00,0.3643937157713416,0.6515420957926152,0.9834636537614106,1.0,0.11552552849729632
2018-01-22 16:00:00,0.27628427314451637,0.5754671093136368,0.9834636537614106,1.0,0.0
2018-01-22 17:00:00,0.4578214979324756,0.22586011486633575,0.9834636537614106,1.0,0.0
2018-01-22 18:00:00,0.981089337265665,0.8577735723533275,0.9834636537614106,1.0,0.03331015495216537
2018-01-22 19:00:00,0.981089337265665,0.9785379269967656,0.9834636537614106,1.0,0.3191784413129949
2018-01-22 20:00:00,0.43860988937320056,0.5032666967512931,0.9834636537614106,1.0,0.6296208383654995
2018-01-22 21:00:00,0.3276158891947017,0.7850835315144309,0.9834636537614106,1.0,0.0
2018-01-22 22:00:00,0.18150205945994666,0.9785379269967656,0.9834636537614106,1.0,0.0
2018-01-22 23:00:00,0.0,0.18613466569513074,0.9834636537614106,0.6644304566306773,0.0
2018-01-23 00:00:00,0.0,0.12300009162343532,0.9834636537614106,1.0,0.0
2018-01-23 01:00:00,0.0,0.9507585972835287,0.9834636537614106,1.0,0.08116340755845577
2018-01-23 02:00:00,0.01911373532125316,0.9785379269967656,0.9834636537614106,1.0,0.6102064139920645
2018-01-23 03:00:00,0.14592945724328002,0.9239813962185903,0.9179063587474389,1.0,0.9495255609856614
2018-01-23 04:00:00,0.08780393638401893,0.06304514612431839,0.9834636537614106,1.0,0.5911463690979242
2018-01-23 05:00:00,0.0,0.3615606868420802,0.9834636537614106,1.0,0.9495255609856614
2018-01-23 06:00:00,0.031206160803693747,0.051594362891522125,0.9834636537614106,1.0,0.2744468131044954
2018-01-23 07:00:00,0.05958601928885828,0.699420388750634,0.9834636537614106,1.0,0.3714666098982068
2018-01-23 08:00:00,0.07716354794742482,0.24165157591917485,0.9834636537614106,1.0,0.05645874873629267
2018-01-23 09:00:00,0.0811742227850335,0.10599821990080659,0.9834636537614106,1.0,0.08274203255455582
2018-01-23 10:00:00,0.025192500785932184,0.005155618609987654,0.6681153059420274,1.0,0.03553065920975059
2018-01-23 11:00:00,0.15793796579952746,0.0,0.49211186947866914,0.9982016982610536,0.03466935076095983
2018-01-23 12:00:00,0.18733232462012417,0.0,0.4408444768103596,0.817095021068104,0.0
2018-01-23 13:00:00,0.08958575079133335,0.09748942840123098,0.3327196860255474,0.44976282042909427,0.03597813154889555
2018-01-23 14:00:00,0.02669463070727343,0.07545751838891528,0.3722739297529013,0.55466315286978,0.0
2018-01-23 15:00:00,0.033698416236265585,0.022042832628563314,0.41178086636896627,0.5465687323326498,0.007237993553975351
2018-01-23 16:00:00,0.07427487753359682,0.0,0.7173130525137256,0.5477694118718107,0.05745996720605435
2018-01-23 17:00:00,0.06820542966687325,0.09252525378955635,0.6627471288677145,0.9712048261771682,0.5043536711677964
2018-01-23 18:00:00,0.27458391960225376,0.04189521677215591,0.8077209107445359,0.9555986472275101,0.9206829936632038
2018-01-23 19:00:00,0.27458391960225376,0.024768912837048785,0.6198247614373786,0.6347463250001796,0.7379149577704054
2018-01-23 20:00:00,0.36771773193365204,0.00849269126142186,0.6965619959399126,0.1916455750213499,0.28193582930189515
2018-01-23 21:00:00,0.05675659122246801,0.0,0.03856062485144051,0.19012028469494072,0.0
2018-01-23 22:00:00,0.04127549107382582,0.0,0.5724275959230815,0.48102392486209145,0.0
2018-01-23 23:00:00,0.0,0.006057110181675971,0.600468260885724,0.7141702364684834,0.0
2018-01-24 00:00:00,0.0,0.03189023972577319,0.4829541978551712,0.5202356308676268,0.1416018557967354
2018-01-24 01:00:00,0.03620825771349758,0.05784594403840089,0.6953307018110682,0.5826292567812211,0.16111136803214413
2018-01-24 02:00:00,0.22304946797807407,0.5327557450540924,0.7520575581012863,0.8959926281033532,0.06822617300820544
2018-01-24 03:00:00,0.981089337265665,0.335235831139884,0.9834636537614106,0.48092017586698144,0.042560362063099315
2018-01-24 04:00:00,0.981089337265665,0.3461372811270531,0.9834636537614106,0.20713401614144616,0.02459701331454208
2018-01-24 05:00:00,0.981089337265665,0.19957814327003096,0.9834636537614106,0.42223490435975314,0.04895042925487953
2018-01-24 06:00:00,0.981089337265665,0.20371100774769987,0.9834636537614106,0.7480199079344989,0.10293340709216647
2018-01-24 07:00:00,0.6316704328528551,0.16701671744930213,0.9834636537614106,0.4392086634138195,0.16451104925023777
2018-01-24 08:00:00,0.052237857864133416,0.2280956910658544,0.9834636537614106,0.20751288554257213,0.07823829805550771
2018-01-24 09:00:00,0.05758766658623123,0.6593621110326449,0.839634126682739,0.11605107337889385,0.034125628118336616
2018-01-24 10:00:00,0.27967659905263437,0.24088937451281134,0.5482124874523449,0.2111029977155757,0.035635052644124525
2018-01-24 11:00:00,0.12178399571081071,0.1520760893254018,0.3632422017813196,0.264740634371472,0.01851123250801992
2018-01-24 12:00:00,0.04649188903255019,0.0,0.3060319281092605,0.14073819829741213,0.04321769731258748
2018-01-24 13:00:00,0.034031365050520436,0.019944123721783787,0.3374527068084804,0.1971375640520399,0.04531662550532013
2018-01-24 14:00:00,0.050987311963491176,0.05702699059139523,0.5381736391845946,0.15733445089926518,0.01999119290928573
2018-01-24 15:00:00,0.0,0.10707762354397472,0.24582755248652868,0.2226961327225391,0.5771823318205132
2018-01-24 16:00:00,0.0,0.1802940221396492,0.3041797123760455,0.13697343297275144,0.32775116139241084
2018-01-24 17:00:00,0.03671839487394123,0.267965343399767,0.34689538822572596,0.16979823259066762,0.08685160541665171
2018-01-24 18:00:00,0.14505000214958005,0.3271889065182828,0.35297847592397624,0.19647065057276458,0.16216708147477063
2018-01-24 19:00:00,0.826783001978177,0.48216491066209566,0.18925901804259224,0.42557600947872926,0.3387733556538497
2018-01-24 20:00:00,0.981089337265665,0.0,0.18470993237075545,0.197737911223179,0.3447930825945644
2018-01-24 21:00:00,0.981089337265665,0.0,0.3482867075287257,0.9006852582180058,0.5086105645201174
2018-01-24 22:00:00,0.981089337265665,0.0,0.30232763159940557,0.6083698090096751,0.5716721568012947
2018-01-24 23:00:00,0.981089337265665,0.0,0.43223669642748314,0.6402035857195963,0.7369042654044865
2018-01-25 00:00:00,0.9085074814685362,0.0,0.47894543482644075,0.44315292805510426,0.9495255609856614
2018-01-25 01:00:00,0.6598683472775315,0.0,0.27321006109976936,0.6605086335900965,0.9495255609856614
2018-01-25 02:00:00,0.6378928728915464,0.0,0.22673203003218434,0.9668155994891031,0.9495255609856614
2018-01-25 03:00:00,0.4280678258737595,0.0,0.11493442729679823,0.6924519783006667,0.6872441024904552
2018-01-25 04:00:00,0.25447937393012376,0.0,0.08690743436258842,0.46144859397519394,0.38650292928120483
2018-01-25 05:00:00,0.5624179066972541,0.0,0.4506316573607479,0.22968656848553226,0.323883776251671
2018-01-25 06:00:00,0.6075032161333833,0.0,0.09752422676415136,0.45260483454361544,0.2189343724469344
2018-01-25 07:00:00,0.2836297642723857,0.0,0.0,0.3900110150684028,0.48993054728364593
2018-01-25 08:00:00,0.435400551165727,0.07295542604922134,0.1444130505883835,0.0967009202087085,0.25035275911999044
2018-01-25 09:00:00,0.981089337265665,0.5807147452799577,0.12530347821418775,0.15369767546178867,0.24630547493651844
2018-01-25 10:00:00,0.8988110755169471,0.7613456475642021,0.06439185562709887,0.0,0.06256379842322599
2018-01-25 11:00:00,0.981089337265665,0.8644729560726172,0.0,0.0,0.0
2018-01-25 12:00:00,0.981089337265665,0.8524284676244192,0.23654405908201,0.0306502785692632,0.0
2018-01-25 13:00:00,0.981089337265665,0.7570984296451766,0.5914121861495364,0.27140499475738705,0.0
2018-01-25 14:00:00,0.981089337265665,0.7464258840940868,0.9834636537614106,0.08125263963751612,0.0
2018-01-25 15:00:00,0.981089337265665,0.9465936544749775,0.9834636537614106,0.09298232637760834,0.9495255609856614
2018-01-25 16:00:00,0.981089337265665,0.9413599133683522,0.7688213258949863,0.08138808857345606,0.9495255609856614
2018-01-25 17:00:00,0.981089337265665,0.9785379269967656,0.9834636537614106,0.2827081361333735,0.8584037050906967
2018-01-25 18:00:00,0.981089337265665,0.8990379657780115,0.9834636537614106,0.1380888667440347,0.9495255609856614
2018-01-25 19:00:00,0.981089337265665,0.9785379269967656,0.9834636537614106,0.6345767860317844,0.9495255609856614
2018-01-25 20:00:00,0.981089337265665,0.9785379269967656,0.9834636537614106,0.21692497894079768,0.945732080258289
2018-01-25 21:00:00,0.981089337265665,0.9785379269967656,0.9834636537614106,0.4187718759320419,0.9495255609856614
2018-01-25 22:00:00,0.981089337265665,0.7196267377911257,0.9834636537614106,0.6957466675489419,0.8628421455124816
2018-01-25 23:00:00,0.981089337265665,0.9785379269967656,0.4827056900670993,1.0,0.0
2018-01-26 00:00:00,0.981089337265665,0.9785379269967656,0.20564790386637724,0.4919013586949989,0.0
2018-01-26 01:00:00,0.981089337265665,0.9785379269967656,0.7649771519896379,0.5637606063130609,0.9495255609856614
2018-01-26 02:00:00,0.981089337265665,0.9785379269967656,0.9834636537614106,1.0,0.9495255609856614
2018-01-26 03:00:00,0.981089337265665,0.9785379269967656,0.9834636537614106,1.0,0.9495255609856614
2018-01-26 04:00:00,0.981089337265665,0.9785379269967656,0.9834636537614106,1.0,0.9495255609856614
2018-01-26 05:00:00,0.981089337265665,0.9785379269967656,0.4532459967036327,1.0,0.9495255609856614
2018-01-26 06:00:00,0.981089337265665,0.48473856365410123,0.9834636537614106,1.0,0.595187307616607
2018-01-26 07:00:00,0.981089337265665,0.1213984767716297,0.9834636537614106,1.0,0.24739996798646813
2018-01-26 08:00:00,0.981089337265665,0.3434609932309282,0.9834636537614106,1.0,0.18924720234062511
2018-01-26 09:00:00,0.981089337265665,0.2666845973752801,0.9834636537614106,1.0,0.2321423841606129
2018-01-26 10:00:00,0.7162425847921838,0.9785379269967656,0.9834636537614106,1.0,0.9495255609856614
2018-01-26 11:00:00,0.3003463578545281,0.9785379269967656,0.9834636537614106,1.0,0.9495255609856614
2018-01-26 12:00:00,0.981089337265665,0.9785379269967656,0.9834636537614106,1.0,0.9495255609856614
2018-01-26 13:00:00,0.6080772969452256,0.9785379269967656,0.9834636537614106,1.0,0.9495255609856614
2018-01-26 14:00:00,0.607351380079499,0.9785379269967656,0.7010559254885562,1.0,0.6155307578729011
2018-01-26 15:00:00,0.981089337265665,0.9325883915351828,0.9834636537614106,1.0,0.3636007436825095
2018-01-26 16:00:00,0.981089337265665,0.9785379269967656,0.6470219977740808,1.0,0.051927262326838475
2018-01-26 17:00:00,0.981089337265665,0.9785379269967656,0.4233132181648597,1.0,0.024400006450542057
2018-01-26 18:00:00,0.981089337265665,0.9785379269967656,0.5200666645126364,1.0,0.09044416885280439
2018-01-26 19:00:00,0.981089337265665,0.9785379269967656,0.31557734127246717,1.0,0.02040681038371164
2018-01-26 20:00:00,0.9237144689582862,0.9785379269967656,0.8127837686190037,1.0,0.14573913422839246
2018-01-26 21:00:00,0.6381806521347704,0.9785379269967656,0.9834636537614106,1.0,0.0
2018-01-26 22:00:00,0.3000004059950324,0.9785379269967656,0.9834636537614106,1.0,0.0023041366098422215
2018-01-26 23:00:00,0.17856053056735202,0.9785379269967656,0.9834636537614106,1.0,0.07913268939620247
2018-01-27 00:00:00,0.09503587636022404,0.5542952229862275,0.9834636537614106,1.0,0.19500141411125482
2018-01-27 01:00:00,0.09099686365866674,0.1627345467827391,0.9834636537614106,1.0,0.3381672922095403
2018-01-27 02:00:00,0.14873544601414587,0.058007542070123576,0.9834636537614106,1.0,0.24644583269822667
2018-01-27 03:00:00,0.11631887357688744,0.2180033760909816,0.9834636537614106,1.0,0.21043162577525734
2018-01-27 04:00:00,0.12533583382624405,0.1349774211283968,0.9834636537614106,1.0,0.06305130563978757
2018-01-27 05:00:00,0.10075140540118552,0.2265767659781606,0.9834636537614106,1.0,0.10722571890976085
2018-01-27 06:00:00,0.03787386350931879,0.32095227499455803,0.9834636537614106,1.0,0.031045386768838897
2018-01-27 07:00:00,0.0016301380459403682,0.45418396620111173,0.9834636537614106,1.0,0.12653939580646348
2018-01-27 08:00:00,0.23207660574847527,0.33322471943260895,0.9834636537614106,1.0,0.0
2018-01-27 09:00:00,0.23322976993619587,0.29665836726901434,0.9834636537614106,1.0,0.0
2018-01-27 10:00:00,0.18612693317384255,0.01688248541248698,0.47778991092351275,0.6024845502904149,0.0
2018-01-27 11:00:00,0.45222776324126585,0.0,0.1413473714288533,0.3947559905000487,0.0
2018-01-27 12:00:00,0.5374198340598385,0.0,0.1751982315203571,0.3248263499268778,0.0
2018-01-27 13:00:00,0.2776886939722348,0.0,0.512937181789814,0.3387413668971454,0.0
2018-01-27 14:00:00,0.12169438884409536,0.0,0.21456377653018174,0.07892297992484759,0.0
2018-01-27 15:00:00,0.07298706465296732,0.0,0.025939672503831047,0.04338758410497226,0.0
2018-01-27 16:00:00,0.16569561501304705,0.0,0.0,0.08675391331019668,0.0
2018-01-27 17:00:00,0.3115423859000336,0.8697598351414801,0.0,1.0,0.10811982762821516
2018-01-27 18:00:00,0.7422937299492719,0.9785379269967656,0.0443041360329776,1.0,0.4384321726644535
2018-01-27 19:00:00,0.7503174754437496,0.9785379269967656,0.10527865905984472,1.0,0.3568351248065065
2018-01-27 20:00:00,0.5740402609086619,0.7176331610485542,0.3716273579316142,1.0,0.09786411502588473
2018-01-27 21:00:00,0.3383039999878122,0.3846434917077484,0.2505738643107692,1.0,0.22203255592867094
2018-01-27 22:00:00,0.19033047595739913,0.13259636601068844,0.45224355053274296,1.0,0.0
2018-01-27 23:00:00,0.018837062269975436,0.007751483337994814,0.7343693894827832,1.0,0.044902841260171654
2018-01-28 00:00:00,0.981089337265665,0.0,0.540205574343888,1.0,0.12986476393269417
2018-01-28 01:00:00,0.981089337265665,0.0,0.45130077957714443,1.0,0.14304498601069107
2018-01-28 02:00:00,0.981089337265665,0.0,0.6162530043797273,1.0,0.0
2018-01-28 03:00:00,0.981089337265665,0.0,0.5262715171144072,1.0,0.0
2018-01-28 04:00:00,0.981089337265665,0.0,0.6303160844839016,1.0,0.0
2018-01-28 05:00:00,0.981089337265665,0.07410877456977233,0.8637880517393502,1.0,0.12508762598653872
2018-01-28 06:00:00,0.981089337265665,0.21914971643183265,0.9484804661898915,1.0,0.13566838118256871
2018-01-28 07:00:00,0.981089337265665,0.23525957670894895,0.9834636537614106,1.0,0.16483827147292512
2018-01-28 08:00:00,0.7625555613042818,0.29393175445594166,0.9834636537614106,1.0,0.08411219944908484
2018-01-28 09:00:00,0.6297448577958471,0.6109972562087684,0.8312437595536101,1.0,0.15062838994862268
2018-01-28 10:00:00,0.20619852627579385,0.5196406601495687,0.713283474684372,0.6256447303854527,0.11354235376146761
2018-01-28 11:00:00,0.034903398509067776,0.3685602046362143,0.32826696506405967,0.8229273634949029,0.06317647000471452
2018-01-28 12:00:00,0.11713502508447038,0.10640235603958102,0.14705229208220952,1.0,0.0
2018-01-28 13:00:00,0.22419356514537467,0.16103813907504724,0.0,0.9139982483206469,0.05475803898946592
2018-01-28 14:00:00,0.19260801616600387,0.33098032087996465,0.04058092696911542,1.0,0.010503036290713383
2018-01-28 15:00:00,0.2192873009590485,0.5796062181934989,0.0,0.8108995989342781,0.0398249507127997
2018-01-28 16:00:00,0.23221170314414713,0.9118557250085135,0.18415047475074625,1.0,0.060254289225334406
2018-01-28 17:00:00,0.981089337265665,0.7702917174687763,0.9834636537614106,1.0,0.09737885548846535
2018-01-28 18:00:00,0.981089337265665,0.48216449596104405,0.9834636537614106,1.0,0.30960540835848915
2018-01-28 19:00:00,0.43500378228587666,0.3569313678165594,0.7043136133601072,1.0,0.932498586711373
2018-01-28 20:00:00,0.24355807099823795,0.47049139784750454,0.48416188411897265,0.44401767675156656,0.345188180023039
2018-01-28 21:00:00,0.10389498464667608,0.4229367032419981,0.05392788049632374,0.22908927220193898,0.342976131635658
2018-01-28 22:00:00,0.0,0.06908452821692433,0.013666949343482641,0.025807535389811214,0.2659400947658594
2018-01-28 23:00:00,0.16096639344880947,0.0,0.0,0.03012477461111367,0.10123837605895637
2018-01-29 00:00:00,0.2756626893212001,0.0,0.0,0.0,0.2285428966318482
2018-01-29 01:00:00,0.1940699781194502,0.05177573317746699,0.0,0.08000293994878158,0.25563068375711123
2018-01-29 02:00:00,0.17530358934959248,0.19381829957207847,0.0,0.3082545120650408,0.07776467633924357
2018-01-29 03:00:00,0.15424483294342772,0.32206778393456875,0.0061630418067290405,0.4262543418140726,0.026966200288764456
2018-01-29 04:00:00,0.042264811843559236,0.3320697026466504,0.0897212929596705,0.5966173013449192,0.0
2018-01-29 05:00:00,0.04921098700717706,0.596133228699642,0.08623537025270905,0.3196877202745179,0.0
2018-01-29 06:00:00,0.022662014705622593,0.3421749060299467,0.11592519879927914,0.3018908092683489,0.0
2018-01-29 07:00:00,0.02274843848022954,0.031582934085332394,0.23204485048170934,0.5330372852313345,0.0
2018-01-29 08:00:00,0.08121198564972461,0.0,0.14493285402678713,1.0,0.0
2018-01-29 09:00:00,0.2600319228273411,0.126040903668737,0.08021137766539502,1.0,0.0
2018-01-29 10:00:00,0.07118967176129631,0.0,0.12283966582309284,0.5299096286795454,0.0
2018-01-29 11:00:00,0.0,0.0,0.05528715017448088,0.4826290174158567,0.0
2018-01-29 12:00:00,0.0,0.0,0.04742513953590039,0.873829504371332,0.0
2018-01-29 13:00:00,0.0,0.02878650668144149,0.18589228731894922,0.9898316413870419,0.0
2018-01-29 14:00:00,0.0,0.06444447857695132,0.05039923587497386,0.9231904669347188,0.015069267590319005
2018-01-29 15:00:00,0.0,0.05540115904871332,0.0,0.7262421762519458,0.0007823601541722935
2018-01-29 16:00:00,0.0,0.06444447857695132,0.0,0.2991125284375411,0.04969959364684823
2018-01-29 17:00:00,0.06450927920056622,0.16364793881321366,0.03905513911493246,0.0861326695469032,0.07604604762550812
2018-01-29 18:00:00,0.17785225971106935,0.18714496992395158,0.19189641563879842,0.07925326053080582,0.4442471223356205
2018-01-29 19:00:00,0.1831341385199786,0.3836116047252367,0.5853047194925717,0.1054662079895215,0.2501798015714558
2018-01-29 20:00:00,0.6562942176149404,0.2783968759388505,0.9280380862653727,0.23650518890437267,0.02526548571509022
2018-01-29 21:00:00,0.848710257612659,0.6095337596489415,0.6232424018657279,0.31708181015040376,0.0
2018-01-29 22:00:00,0.981089337265665,0.35259737343527026,0.9043016152477636,0.14412890126164055,0.0
2018-01-29 23:00:00,0.981089337265665,0.43782468427839244,0.9834636537614106,0.3102965463617477,0.16095433942254253
2018-01-30 00:00:00,0.981089337265665,0.38583677328838867,0.9834636537614106,0.6070149065200301,0.08380913103167478
2018-01-30 01:00:00,0.9773451178209429,0.5339175210878201,0.9834636537614106,0.31979466426818964,0.05767479466694284
2018-01-30 02:00:00,0.5687577818779405,0.6203023539229704,0.9834636537614106,0.22101278684945233,0.1860989332515236
2018-01-30 03:00:00,0.9616535679576393,0.6233521119729571,0.9834636537614106,0.23909865060856111,0.14692039311512564
2018-01-30 04:00:00,0.981089337265665,0.4490967342719475,0.9834636537614106,0.04031528601800177,0.9495255609856614
2018-01-30 05:00:00,0.981089337265665,0.3783339472255422,0.8308008303757121,0.8782026567802812,0.0
2018-01-30 06:00:00,0.981089337265665,0.9586639246967801,0.5039602745066974,1.0,0.10525496511194223
2018-01-30 07:00:00,0.981089337265665,0.6330266369531306,0.30792697233285715,1.0,0.9151691265977635
2018-01-30 08:00:00,0.9443476654800377,0.0,0.3820333650661595,1.0,0.9495255609856614
2018-01-30 09:00:00,0.981089337265665,0.18146974437844027,0.9834636537614106,1.0,0.9495255609856614
2018-01-30 10:00:00,0.981089337265665,0.7695581229410966,0.9834636537614106,1.0,0.9495255609856614
2018-01-30 11:00:00,0.981089337265665,0.42426932699023223,0.40117474309994844,1.0,0.8507232275795138
2018-01-30 12:00:00,0.981089337265665,0.9785379269967656,0.3069105312762818,1.0,0.6408526581331393
2018-01-30 13:00:00,0.8123319660773023,0.9785379269967656,0.2120713280524456,1.0,0.01728104585153969
2018-01-30 14:00:00,0.6074517604117882,0.9785379269967656,0.08264057608722572,0.3749389164310171,0.7943413581281009
2018-01-30 15:00:00,0.7096191200288946,0.268963539788033,0.27880657793385377,0.9579852871145124,0.33788179582285904
2018-01-30 16:00:00,0.3476636760895806,0.11154650868907971,0.22018593325409758,1.0,0.4347685020785857
2018-01-30 17:00:00,0.023904409326706993,0.14197511650705358,0.9834636537614106,1.0,0.9495255609856614
2018-01-30 18:00:00,0.45002523298526254,0.25025725161634077,0.9834636537614106,1.0,0.9495255609856614
2018-01-30 19:00:00,0.3006885867958326,0.9506607271971924,0.9834636537614106,1.0,0.9495255609856614
2018-01-30 20:00:00,0.48903877381040844,0.8258322206525779,0.9834636537614106,1.0,0.9495255609856614
2018-01-30 21:00:00,0.2991423094887062,0.9785379269967656,0.9834636537614106,1.0,0.9495255609856614
2018-01-30 22:00:00,0.494139405537206,0.9785379269967656,0.9834636537614106,1.0,0.8200188967574084
2018-01-30 23:00:00,0.981089337265665,0.9785379269967656,0.9834636537614106,1.0,0.1922303664475977
2018-01-31 00:00:00,0.981089337265665,0.9785379269967656,0.9834636537614106,1.0,0.9262830029659933
2018-01-31 01:00:00,0.981089337265665,0.9785379269967656,0.9834636537614106,1.0,0.9495255609856614
2018-01-31 02:00:00,0.981089337265665,0.9785379269967656,0.9834636537614106,1.0,0.9495255609856614
2018-01-31 03:00:00,0.981089337265665,0.9785379269967656,0.7645901650992674,0.9557451708007355,0.9495255609856614
2018-01-31 04:00:00,0.981089337265665,0.09639687626704599,0.3323570552970281,0.6056648299929652,0.9495255609856614
2018-01-31 05:00:00,0.981089337265665,0.9510983135119971,0.021391326547654736,0.2980615034302901,0.9495255609856614
2018-01-31 06:00:00,0.8812765079801177,0.05111440537609318,0.04792152372424575,0.0026783060990395392,0.33704891439748136
2018-01-31 07:00:00,0.8029967367361097,0.0,0.03193093791313955,0.0,0.6840694300732545
2018-01-31 08:00:00,0.22441994915448377,0.0,0.0,0.0,0.9495255609856614
2018-01-31 09:00:00,0.05093512027436437,0.0,0.016041513521438105,0.054126069492889485,0.6092646866299091
2018-01-31 10:00:00,0.0,0.0,0.0347803281715979,0.6897384631195501,0.1881406338116455
2018-01-31 11:00:00,0.01849709548571858,0.0,0.078231047567025,0.6154010562840285,0.038213537151746066
2018-01-31 12:00:00,0.0,0.017844590843965783,0.09377827652073407,0.8607016266732935,0.0
2018-01-31 13:00:00,0.05504848555230975,0.09789191941085532,0.030256095520471375,0.5676120635494946,0.0
2018-01-31 14:00:00,0.09703338510266753,0.05746588573450847,0.0,0.1872937099421628,0.0
2018-01-31 15:00:00,0.04659005097674208,0.028727364898316298,0.0,0.6297831856762567,0.0
2018-01-31 16:00:00,0.03502641010850635,0.0,0.013145555183994387,0.6798275209168957,0.0
2018-01-31 17:00:00,0.09051214430349426,0.0,0.9834636537614106,1.0,0.03748529260699355
2018-01-31 18:00:00,0.20680750512045154,0.0,0.9098865618727382,1.0,0.0009514316814941649
2018-01-31 19:00:00,0.25515918425870227,0.9785379269967656,0.8525188190418778,1.0,0.0
2018-01-31 20:00:00,0.08737220619715567,0.9785379269967656,0.4159927569879827,1.0,0.0
2018-01-31 21:00:00,0.8290049191791518,0.37693930091368194,0.16276049486261007,1.0,0.029479008778565033
2018-01-31 22:00:00,0.8401095467414105,0.3426439052385767,0.29477012197488034,1.0,0.45015976723728196
2018-01-31 23:00:00,0.9486051568349656,0.5966889228959005,0.6258897667423563,0.18732839079552635,0.21238360472577858
2018-02-01 00:00:00,0.6904106404704958,0.43260061148541734,0.18045834663283583,0.12954229090947753,0.0
2018-02-01 01:00:00,0.25089107948693606,0.41532785091135793,0.48987331860426386,0.0,0.0708560399227928
2018-02-01 02:00:00,0.1945828925665037,0.16599675364051425,0.3738877273315642,0.0,0.13703332043099942
2018-02-01 03:00:00,0.35464437745854194,0.1120112590687146,0.46833633852449363,0.0,0.03009062411414262
2018-02-01 04:00:00,0.5386582395769741,0.0,0.4923904443698109,0.0,0.103809796468453
2018-02-01 05:00:00,0.15525492672088853,0.0,0.4523373593762727,0.2529517144082618,0.09675418646045421
2018-02-01 06:00:00,0.16449285973173494,0.0,0.23653780330890703,0.0491697600861798,0.15692520378107702
2018-02-01 07:00:00,0.19400175055669627,0.0,0.1965295292332388,0.010873722308783276,0.10871537684801356
2018-02-01 08:00:00,0.17456121365172184,0.03770816967299294,0.28418931653652285,0.0,0.16042316818052824
2018-02-01 09:00:00,0.08822834181698098,0.1330473532876514,0.48582059959451757,0.0,0.0737506780424112
2018-02-01 10:00:00,0.07592851420243074,0.03923633580309499,0.32850582093865627,0.0,0.04500805753837059
2018-02-01 11:00:00,0.05250485821041086,0.033598514498610205,0.2191248943468567,0.00783490988312855,0.0448950189513328
2018-02-01 12:00:00,0.0,0.0,0.04607793143656784,0.0,0.0572425399246391
2018-02-01 13:00:00,0.0,0.0,0.0,0.01994642814146646,0.04748945102775982
2018-02-01 14:00:00,0.0,0.0,0.0,0.0,0.08344841557860935
2018-02-01 15:00:00,0.0,0.0,0.0,0.0,0.10059552967354997
2018-02-01 16:00:00,0.0,0.0,0.0,0.0,0.07756381900245672
2018-02-01 17:00:00,0.06483923559073893,0.0,0.3449375305157167,0.01378877859425715,0.08396649377674464
2018-02-01 18:00:00,0.43665811427471934,0.0313900400067864,0.24871992614801897,0.1563242152521334,0.07281151993750415
2018-02-01 19:00:00,0.4564164589756733,0.026091607429097313,0.4750279293362386,0.6897188578949422,0.0
2018-02-01 20:00:00,0.4502495868003124,0.3897188448679822,0.1717492653808406,1.0,0.04813930823687722
2018-02-01 21:00:00,0.28198452405835,0.46066320637827385,0.2615289405822038,0.623500374161339,0.0
2018-02-01 22:00:00,0.2087476423646357,0.15539096810519581,0.9647683741404628,1.0,0.0
2018-02-01 23:00:00,0.981089337265665,0.4971806738087395,0.9834636537614106,0.6883990144038586,0.0
2018-02-02 00:00:00,0.981089337265665,0.6041981916394996,0.9834636537614106,0.27911041334940084,0.0
2018-02-02 01:00:00,0.981089337265665,0.404886302563527,0.8153911139447967,0.3357032680700334,0.0
2018-02-02 02:00:00,0.981089337265665,0.11668018269254327,0.9834636537614106,0.3799701248331699,0.0
2018-02-02 03:00:00,0.981089337265665,0.01586158597635384,0.9834636537614106,0.4821820772825632,0.0
2018-02-02 04:00:00,0.981089337265665,0.0,0.9834636537614106,0.3441964849478994,0.0
2018-02-02 05:00:00,0.981089337265665,0.0,0.8607050962002456,0.13977086967870014,0.02156631981858839
2018-02-02 06:00:00,0.981089337265665,0.0,0.8503924502595778,0.09784156693281522,0.009596679382987524
2018-02-02 07:00:00,0.981089337265665,0.019608272422407837,0.9222193741020505,0.05441714092835768,0.0
2018-02-02 08:00:00,0.981089337265665,0.19043402859130315,0.4618319932964318,0.0,0.0
2018-02-02 09:00:00,0.5531592105354055,0.08242567411699421,0.18388797487059053,0.49229728945484486,0.0
2018-02-02 10:00:00,0.044086918143347274,0.0,0.10317442438934353,0.9078036480089695,0.0
2018-02-02 11:00:00,0.0,0.0,0.0,0.49771978883446727,0.0
2018-02-02 12:00:00,0.0,0.06356578741898068,0.0,0.8989605380308536,0.019580347303700524
2018-02-02 13:00:00,0.0,0.04520456271127244,0.06439825614508621,0.7739148005731438,0.07307052659736153
2018-02-02 14:00:00,0.0,0.11022608279104515,0.26059763632447464,0.8664677956353487,0.06245344037768195
2018-02-02 15:00:00,0.0,0.06869219579992528,0.15976660808362236,0.9908340931030114,0.044421445678246976
2018-02-02 16:00:00,0.0,0.0639410015195737,0.13099387265918958,1.0,0.05467689048743422
2018-02-02 17:00:00,0.24436161017026903,0.03334334950641973,0.3089780182193501,1.0,0.08694661394623002
2018-02-02 18:00:00,0.7027938178190457,0.04640163845329077,0.0,1.0,0.25824058122498683
2018-02-02 19:00:00,0.981089337265665,0.042470781161347726,0.0404849055992345,1.0,0.11271146281069433
2018-02-02 20:00:00,0.981089337265665,0.0,0.24461508945999816,1.0,0.026535041613461652
2018-02-02 21:00:00,0.981089337265665,0.0,0.3073278205280483,1.0,0.0
2018-02-02 22:00:00,0.7448877338198625,0.0,0.44152760660114426,0.7409375496958446,0.0
2018-02-02 23:00:00,0.8462703665594371,0.13366768834511616,0.9834636537614106,1.0,0.0
2018-02-03 00:00:00,0.7167056924367116,0.0,0.9834636537614106,0.6985358961903745,0.0
2018-02-03 01:00:00,0.3446848860460477,0.019879470414413642,0.9171030355984551,1.0,0.0
2018-02-03 02:00:00,0.21975411949813192,0.021880134744880996,0.9834636537614106,1.0,0.0
2018-02-03 03:00:00,0.4111881218973572,0.07191179460708819,0.9834636537614106,1.0,0.0
2018-02-03 04:00:00,0.981089337265665,0.045633238084095265,0.9834636537614106,1.0,0.0
2018-02-03 05:00:00,0.981089337265665,0.34287158986841515,0.9834636537614106,1.0,0.42467091662201295
2018-02-03 06:00:00,0.981089337265665,0.108072320968023,0.9834636537614106,1.0,0.9495255609856614
2018-02-03 07:00:00,0.981089337265665,0.9785379269967656,0.9834636537614106,1.0,0.9495255609856614
2018-02-03 08:00:00,0.981089337265665,0.9785379269967656,0.9834636537614106,1.0,0.9495255609856614
2018-02-03 09:00:00,0.5666810252609941,0.9785379269967656,0.9834636537614106,1.0,0.9495255609856614
2018-02-03 10:00:00,0.25758801351752747,0.5299497984653064,0.9474370945359516,1.0,0.8084132776145999
2018-02-03 11:00:00,0.3558412911813504,0.5352080406152534,0.47919722913954166,1.0,0.9495255609856614
2018-02-03 12:00:00,0.32641463654675373,0.6936673044062469,0.18434019801918064,1.0,0.5897050757103267
2018-02-03 13:00:00,0.24253126362480876,0.4563190028820377,0.15314954980108036,1.0,0.9495255609856614
2018-02-03 14:00:00,0.1654932377252737,0.21775519850764335,0.17946025036124466,1.0,0.9495255609856614
2018-02-03 15:00:00,0.10620830760751201,0.7923160757168219,0.5645323314757902,1.0,0.9495255609856614
2018-02-03 16:00:00,0.04060072184274997,0.7729202299119275,0.251666049751448,1.0,0.9495255609856614
2018-02-03 17:00:00,0.0,0.9785379269967656,0.9834636537614106,0.5450524293034691,0.9495255609856614
2018-02-03 18:00:00,0.11750616079778013,0.9785379269967656,0.5633120769143382,0.2768841504330897,0.9495255609856614
2018-02-03 19:00:00,0.6745902787230895,0.8459554386395923,0.11355018048919413,1.0,0.16257057124302968
2018-02-03 20:00:00,0.9601302822238177,0.023263608346184548,0.18839609372654914,0.9023769441268251,0.9495255609856614
2018-02-03 21:00:00,0.882092263487926,0.9785379269967656,0.9834636537614106,1.0,0.10338616638807817
2018-02-03 22:00:00,0.7460285587202565,0.6147081654658227,0.8216672354764507,0.7427885407837269,0.9495255609856614
2018-02-03 23:00:00,0.09962482885882258,0.37928417684888555,0.9834636537614106,0.7879139046327533,0.1546449512187221
2018-02-04 00:00:00,0.040219429282906984,0.08220931135126425,0.28652029968644377,0.26361922085151784,0.14218877900365398
2018-02-04 01:00:00,0.04789942140487355,0.0,0.4768347276773576,0.037651408870997424,0.03491958027135747
2018-02-04 02:00:00,0.0,0.043414285288045584,0.502422576813721,0.0,0.014653318571527673
2018-02-04 03:00:00,0.0,0.02545236719114226,0.2255669594915126,0.073060665129692,0.0
2018-02-04 04:00:00,0.02341090528638683,0.1009948082200357,0.21990148452029798,0.09945683805191533,0.030326819268238964
2018-02-04 05:00:00,0.002859256442533797,0.032923657868076044,0.31811712761256655,0.2573548090436889,0.0
2018-02-04 06:00:00,0.6162239028668818,0.24085345305767947,0.22924151585145475,0.3365243745121227,0.0
2018-02-04 07:00:00,0.7233140063997008,0.24811329208154267,0.2277406213793246,0.24699096141407914,0.0
2018-02-04 08:00:00,0.8949256621339634,0.17461006208259536,0.18612303876155845,0.040008988716694435,0.9495255609856614
2018-02-04 09:00:00,0.8640281737570836,0.1414259353327564,0.01504269268529729,0.030731148605489908,0.9495255609856614
2018-02-04 10:00:00,0.5371987437434824,0.2236384319777944,0.0,0.14202991640729845,0.5120060358550208
2018-02-04 11:00:00,0.3823397927669764,0.02845379316294358,0.0,0.1832453851492151,0.8230285312738429
2018-02-04 12:00:00,0.24538215795805723,0.0,0.0,0.25692940068231984,0.48631349371117144
2018-02-04 13:00:00,0.10113380265593053,0.0,0.0,0.21903020986151545,0.16856246615949322
2018-02-04 14:00:00,0.049888347643895915,0.11693264039922839,0.0,0.16603814712398962,0.07660340443758044
2018-02-04 15:00:00,0.0,0.07525859759475666,0.0,0.4669029387847864,0.0
2018-02-04 16:00:00,0.0,0.24845578770923624,0.024302213349017266,0.4165411254247344,0.0
2018-02-04 17:00:00,0.0372351433708872,0.2692042873863864,0.09405260643421075,0.48906600103005343,0.0
2018-02-04 18:00:00,0.04325146389155573,0.4197900012303858,0.5161831251171533,0.7292208751243922,0.0
2018-02-04 19:00:00,0.34974660019082693,0.42413468693892237,0.7236838802634006,0.8548229619892513,0.018615684081162473
2018-02-04 20:00:00,0.6458751883522378,0.5425427139044035,0.9834636537614106,0.8211494102380369,0.0
2018-02-04 21:00:00,0.9540547718011537,0.5560746225557128,0.9834636537614106,0.4937518036912874,0.0
2018-02-04 22:00:00,0.981089337265665,0.5948264030952848,0.9834636537614106,1.0,0.0
2018-02-04 23:00:00,0.981089337265665,0.2836526937129354,0.9834636537614106,1.0,0.0
2018-02-05 00:00:00,0.981089337265665,0.05776196088441085,0.9834636537614106,1.0,0.0
2018-02-05 01:00:00,0.981089337265665,0.43960585457457857,0.9834636537614106,1.0,0.0
2018-02-05 02:00:00,0.981089337265665,0.2030393968567115,0.9834636537614106,1.0,0.16331399630273263
2018-02-05 03:00:00,0.981089337265665,0.9785379269967656,0.754419212634561,1.0,0.6414658661395153
2018-02-05 04:00:00,0.981089337265665,0.9785379269967656,0.3782840793262168,1.0,0.9495255609856614
2018-02-05 05:00:00,0.981089337265665,0.9785379269967656,0.5612244946213624,1.0,0.9495255609856614
2018-02-05 06:00:00,0.981089337265665,0.9785379269967656,0.9834636537614106,1.0,0.9495255609856614
2018-02-05 07:00:00,0.981089337265665,0.9785379269967656,0.9834636537614106,1.0,0.9495255609856614
2018-02-05 08:00:00,0.981089337265665,0.9785379269967656,0.9834636537614106,1.0,0.9495255609856614
2018-02-05 09:00:00,0.981089337265665,0.9785379269967656,0.9834636537614106,1.0,0.9495255609856614
2018-02-05 10:00:00,0.981089337265665,0.9785379269967656,0.9834636537614106,1.0,0.9495255609856614
2018-02-05 11:00:00,0.7552634174985787,0.800294044552506,0.9834636537614106,1.0,0.9495255609856614
2018-02-05 12:00:00,0.7720634448671425,0.9785379269967656,0.9834636537614106,0.9976741574423154,0.9495255609856614
2018-02-05 13:00:00,0.981089337265665,0.3589303595120938,0.9834636537614106,0.286446888171997,0.9495255609856614
2018-02-05 14:00:00,0.925448906920078,0.2959446011352097,0.8716532604327377,0.07905731150348193,0.8477367709185561
2018-02-05 15:00:00,0.981089337265665,0.892928006852272,0.6168205252884487,0.11739332109506882,0.15287615644107838
2018-02-05 16:00:00,0.981089337265665,0.9785379269967656,0.2821148163358572,0.18134403099864632,0.9495255609856614
2018-02-05 17:00:00,0.981089337265665,0.8218524508380519,0.24451163969639944,0.03638208624414571,0.9495255609856614
2018-02-05 18:00:00,0.7739148243702473,0.4258137260173651,0.3540657645214865,0.027616685933387574,0.9495255609856614
2018-02-05 19:00:00,0.5193501578902056,0.09472453258964297,0.10679593062962803,0.2762979309584156,0.5924682924386987
2018-02-05 20:00:00,0.2708446574688085,0.14302780220173875,0.0,0.13203630273283307,0.46895112307510106
2018-02-05 21:00:00,0.18836753462566713,0.023435272406961454,0.0,0.3013504645838548,0.5904709083327573
2018-02-05 22:00:00,0.06886234811672083,0.021510653933613795,0.020918115530054626,0.4001272236733981,0.5579984177703015
2018-02-05 23:00:00,0.07226222658667125,0.2749552621658692,0.02453769892454826,0.43452040566395694,0.40297720027280826
2018-02-06 00:00:00,0.20489911023607293,0.25796021887931253,0.19882910795304748,0.3173225690327151,0.18616561010061364
2018-02-06 01:00:00,0.37291351390429117,0.1188453247161724,0.4885410901615431,0.5220076527540133,0.1241817756187199
2018-02-06 02:00:00,0.5412151851922004,0.22456706221291628,0.6499278643777633,1.0,0.12200882755760038
2018-02-06 03:00:00,0.3651989209998528,0.02206585133366904,0.6499278643777633,0.6457152279330185,0.07795667376896916
2018-02-06 04:00:00,0.5826499708156003,0.6977543801960994,0.6612634188873053,0.3305192403717803,0.19183924683616077
2018-02-06 05:00:00,0.6136562192459398,0.4240748332842751,0.8559956367528007,0.38165653532281385,0.05935339430058714
2018-02-06 06:00:00,0.6774486635696847,0.37486530690267217,0.8871316969702456,0.1585187307466471,0.06314982879656145
2018-02-06 07:00:00,0.7508451785350428,0.1207376188374335,0.9834636537614106,0.07884261396790214,0.05376322728720801
2018-02-06 08:00:00,0.7500085050724543,0.03915408235660258,0.4932251458365612,0.0,0.01357726037044348
2018-02-06 09:00:00,0.4691909593342942,0.1260652596596237,0.36885917033790755,0.10809874788732526,0.023793879047873893
2018-02-06 10:00:00,0.6065724905940097,0.06780111405425511,0.21502608408797516,0.238367205366912,0.0
2018-02-06 11:00:00,0.3670247843276123,0.0,0.16623672202176643,0.25864652097056406,0.0
2018-02-06 12:00:00,0.13665507977668848,0.022166689628221197,0.11547487725750802,0.11943610833189257,0.0
2018-02-06 13:00:00,0.07389351033403481,0.0,0.12325646133139073,0.03712671619957635,0.0
2018-02-06 14:00:00,0.0,0.007710846859627016,0.05640132259458486,0.01857808588495444,0.0
2018-02-06 15:00:00,0.0,0.0,0.02942415112863535,0.03968606006981074,0.0
2018-02-06 16:00:00,0.12180446195997807,0.0,0.0,0.06320991504264235,0.0
2018-02-06 17:00:00,0.03355034820752459,0.0,0.0,0.02420938841240955,0.0
2018-02-06 18:00:00,0.14482468445502925,0.08478925169082994,0.0,0.3049074809863063,0.014872641651637703
2018-02-06 19:00:00,0.2974269320513151,0.07245595249961742,0.0,0.13899832611367635,0.0
2018-02-06 20:00:00,0.21933035845841167,0.05785462886920858,0.040274181100488825,0.2991382441448778,0.0
2018-02-06 21:00:00,0.7506346869611156,0.18822462230730433,0.18934418540055642,0.23668799657521902,0.0
2018-02-06 22:00:00,0.3421058474336038,0.24034571316950507,0.1337121791459907,0.0642924647256431,0.012388468553168674
2018-02-06 23:00:00,0.37378824518351145,0.1814547154556872,0.16193399908418168,0.06553416418074516,0.02267723235120612
2018-02-07 00:00:00,0.23528767122840363,0.39621107765122643,0.4654211975119665,0.11611833263497003,0.00022693743819825446
2018-02-07 01:00:00,0.8791416615451152,0.23352365468618727,0.2394982213046775,0.14022022161326644,0.0
2018-02-07 02:00:00,0.6190498466814063,0.051730345918794475,0.2342177241939959,0.0,0.0
2018-02-07 03:00:00,0.6178574725149958,0.0,0.2217025684594135,0.0,0.0
2018-02-07 04:00:00,0.4053004314129117,0.004116622229638555,0.032381442122013174,0.09068403033939705,0.0
2018-02-07 05:00:00,0.24092555379853742,0.028102183161492555,0.009960225696833247,0.20485937369577156,0.0
2018-02-07 06:00:00,0.27331291154287396,0.045605064505499435,0.056903309017062025,0.32810442001157386,0.0
2018-02-07 07:00:00,0.3357071819700836,0.09637053684033306,0.27691299799673097,0.36270977471433163,0.06296801661264063
2018-02-07 08:00:00,0.28937334530661446,0.1612016838919955,0.4068104074543733,0.5842245069707979,0.021379146720763995
2018-02-07 09:00:00,0.051620560088183505,0.18329063961766057,0.42246607551126064,0.8111690131470625,0.033316862215448766
2018-02-07 10:00:00,0.004852518727634908,0.2053664515027114,0.3178498301837977,0.5806262233255909,0.0
2018-02-07 11:00:00,0.11724877818367678,0.16233093196673135,0.5787837243948691,0.6060961338066676,0.0
2018-02-07 12:00:00,0.2955162969142808,0.21220875187976274,0.3874180694961778,0.3656286871539017,0.0
2018-02-07 13:00:00,0.6679321518119105,0.11021815767756851,0.21335679483983264,0.4970345981017663,0.0
2018-02-07 14:00:00,0.5947625192633935,0.08493129227754782,0.23942618368364155,0.6059534849379712,0.0
2018-02-07 15:00:00,0.19428992974742498,0.0326426905697154,0.26072820033655375,0.40554009676599745,0.0
2018-02-07 16:00:00,0.0,0.0,0.6316873243245847,0.5628948352598956,0.0
2018-02-07 17:00:00,0.03556663962519645,0.0,0.49565305372179946,0.4596450302473733,0.0006565506804255194
2018-02-07 18:00:00,0.08755748929987825,0.0,0.9219838522371474,1.0,0.2554408579724951
2018-02-07 19:00:00,0.14035516661600914,0.023663410720404378,0.9834636537614106,1.0,0.0568217700588239
2018-02-07 20:00:00,0.18000365513840896,0.06087956515086971,0.4605691700484343,1.0,0.0
2018-02-07 21:00:00,0.059643916951206404,0.13523547821947415,0.13211901066106874,1.0,0.01998495087057714
2018-02-07 22:00:00,0.0,0.07543039527238928,0.043427937591207146,1.0,0.0
2018-02-07 23:00:00,0.03129594028131787,0.055905619104538354,0.12780094077085224,1.0,0.0
2018-02-08 00:00:00,0.10208369778357776,0.305613688998207,0.0,1.0,0.0
2018-02-08 01:00:00,0.29962405159893785,0.7232863437860971,0.07112209214801185,1.0,0.0
2018-02-08 02:00:00,0.3594077592221142,0.6615185461399455,0.6181074753020034,1.0,0.0
2018-02-08 03:00:00,0.12208463526006307,0.8342107971310105,0.9834636537614106,1.0,0.0
2018-02-08 04:00:00,0.0,0.6036515979224728,0.9834636537614106,1.0,0.0
2018-02-08 05:00:00,0.0,0.1910007794119441,0.897814256310763,1.0,0.0
2018-02-08 06:00:00,0.0,0.13671701255403843,0.9834636537614106,1.0,0.0
2018-02-08 07:00:00,0.0,0.025391675649715378,0.9834636537614106,1.0,0.026160821242737334
2018-02-08 08:00:00,0.0,0.0,0.9011876944397348,1.0,0.034482447456694265
2018-02-08 09:00:00,0.0,0.0,0.9834636537614106,1.0,0.059114016065421826
2018-02-08 10:00:00,0.011140127102350135,0.0594063258406672,0.7455207383803895,0.4561217517310657,0.0
2018-02-08 11:00:00,0.06406844804190422,0.04223211021335612,0.198761262394584,0.9680246756261734,0.0
2018-02-08 12:00:00,0.06696997741188679,0.19058066770525592,0.18960288674507458,1.0,0.01916137992328579
2018-02-08 13:00:00,0.06946666896976553,0.08383118449952469,0.039462787312893384,1.0,0.1531141264329358
2018-02-08 14:00:00,0.11274975881619721,0.012006663884950024,0.21417484590093136,1.0,0.0
2018-02-08 15:00:00,0.06424496487312459,0.045119718020531246,0.4676980387300365,1.0,0.0
2018-02-08 16:00:00,0.10388894303404586,0.05318184485775779,0.45755025789815257,1.0,0.18681147328108494
2018-02-08 17:00:00,0.041706592659790306,0.09093541443074186,0.4093232646558136,1.0,0.5248659838769169
2018-02-08 18:00:00,0.0,0.18341865380859076,0.5627432278287032,1.0,0.597615914454812
2018-02-08 19:00:00,0.0,0.3848760483661577,0.9834636537614106,1.0,0.756454792402467
2018-02-08 20:00:00,0.0,0.2967146099119428,0.9834636537614106,1.0,0.9495255609856614
2018-02-08 21:00:00,0.0009180615352927645,0.0,0.9834636537614106,1.0,0.9495255609856614
2018-02-08 22:00:00,0.0,0.9785379269967656,0.9834636537614106,1.0,0.9495255609856614
2018-02-08 23:00:00,0.1392755991838487,0.5991681919569427,0.5646107379724734,1.0,0.9495255609856614
2018-02-09 00:00:00,0.7243095246675276,0.9785379269967656,0.24594795430683633,0.8439316017409368,0.9495255609856614
2018-02-09 01:00:00,0.19873209801786212,0.5064462689921019,0.5249133897997152,0.9809794787547594,0.9495255609856614
2018-02-09 02:00:00,0.04857833532138545,0.9785379269967656,0.9834636537614106,0.6197558401814471,0.9495255609856614
2018-02-09 03:00:00,0.0,0.9785379269967656,0.9834636537614106,0.208187332851584,0.9495255609856614
2018-02-09 04:00:00,0.0,0.9785379269967656,0.41183312243581266,0.11295916389650777,0.9495255609856614
2018-02-09 05:00:00,0.5622478850728658,0.9785379269967656,0.4970728841353938,0.045305207618604244,0.9495255609856614
2018-02-09 06:00:00,0.981089337265665,0.7741320087909859,0.27640089547189123,0.0,0.9495255609856614
2018-02-09 07:00:00,0.7185500438352481,0.24203660666673688,0.19936499419687304,0.0,0.30013213997406174
2018-02-09 08:00:00,0.29880812763686193,0.18096456218562354,0.07165963805554011,0.0942322879583376,0.9495255609856614
2018-02-09 09:00:00,0.2505588627457739,0.007698038869566054,0.06445247594926683,0.2546733537945032,0.4085807496363876
2018-02-09 10:00:00,0.28876002528867895,0.0,0.05481070900349792,0.15885520495953745,0.33164685270528993
2018-02-09 11:00:00,0.18693612955895644,0.03558801939978619,0.06066321684852158,0.1767010981169751,0.6037086536342525
2018-02-09 12:00:00,0.11624980403433607,0.01951312673011279,0.0,0.18427868221209007,0.16657485878166348
2018-02-09 13:00:00,0.06624570642892061,0.03594340624721971,0.03845910518466767,0.4824850547208239,0.20844296290851697
2018-02-09 14:00:00,0.14022273259558343,0.058661232368224146,0.13285259702167448,0.18265382231840355,0.2431787701425847
2018-02-09 15:00:00,0.18924021569422086,0.23201215647687323,0.22597644176469162,0.12466832938256962,0.3192002921107857
2018-02-09 16:00:00,0.15665186323487415,0.16609579933373697,0.14318597530561664,0.36081674687790766,0.14200611441207395
2018-02-09 17:00:00,0.18021456155872437,0.17081600371468642,0.2717208090755336,0.3522758730671551,0.16333156071898486
2018-02-09 18:00:00,0.148388374909459,0.21345304492065703,0.157918010761089,0.4082634474397688,0.12344810530399046
2018-02-09 19:00:00,0.2617924989597065,0.1676109118878576,0.030447014745142824,0.3400726576235467,0.18878773357465067
2018-02-09 20:00:00,0.629391097199612,0.29609831666615627,0.09944958967023305,0.12300971305541361,0.20113853152589725
2018-02-09 21:00:00,0.7708237497602451,0.42178917024675305,0.028243166357165367,0.048020637883818676,0.06846619120495237
2018-02-09 22:00:00,0.9509918450613439,0.04499988133781011,0.044187518191505244,0.011829088633503015,0.2544857465977071
2018-02-09 23:00:00,0.7821070948367106,0.32381861484677676,0.0,0.0,0.22016720555267535
2018-02-10 00:00:00,0.12332266817435676,0.0,0.03488125419176332,0.0,0.040891527198804595
2018-02-10 01:00:00,0.20535016810727882,0.0,0.07884717452689065,0.05713268271109229,0.04006464503306253
2018-02-10 02:00:00,0.16510762364155854,0.0,0.0,0.2586923402625654,0.0467568019910719
2018-02-10 03:00:00,0.14256755964264484,0.04653915305192055,0.008690345635447847,0.08577608289481203,0.018520339882924557
2018-02-10 04:00:00,0.15599534270903193,0.05088067513850426,0.010978520760879008,0.0,0.05606429150570244
2018-02-10 05:00:00,0.12365269354579564,0.04630663978098622,0.03931330450584009,0.04895585808402704,0.159815885376322
2018-02-10 06:00:00,0.09727814065608155,0.08143046425268852,0.03519201687796844,0.11549924132123246,0.1874501899810819
2018-02-10 07:00:00,0.15637622611036023,0.14290782482008466,0.05214158958408265,0.08021339317869475,0.26857945997704535
2018-02-10 08:00:00,0.1154833303005068,0.1454268354548963,0.0,0.18722546235024054,0.11385607022539032
2018-02-10 09:00:00,0.07533098927848741,0.02579112575319342,0.0,0.0,0.08517764744808823
2018-02-10 10:00:00,0.07635184482463464,0.0537540165559195,0.0,0.02365355719804805,0.12368663204601035
2018-02-10 11:00:00,0.098686557716905,0.02262203922483201,0.0,0.0,0.10355519532276573
2018-02-10 12:00:00,0.12196461794390485,0.0,0.0,0.0,0.059444935966896165
2018-02-10 13:00:00,0.11189554433045812,0.0,0.0,0.0,0.10452661556328144
2018-02-10 14:00:00,0.11340440422853561,0.04500277027970625,0.0,0.0,0.09810815706417995
2018-02-10 15:00:00,0.11566769407565147,0.10252095009851285,0.0,0.0,0.2312139566715128
2018-02-10 16:00:00,0.20762900438585555,0.0,0.0,0.0,0.08110186081945846
2018-02-10 17:00:00,0.1408574647503512,0.0,0.0,0.0,0.07530691313056355
2018-02-10 18:00:00,0.13504446198901932,0.03789548790987307,0.0,0.03838345075242112,0.0
2018-02-10 19:00:00,0.14863922141946104,0.10769544440707263,0.1947807203226062,0.10064897932402658,0.0
2018-02-10 20:00:00,0.33902869374880346,0.1305891624209645,0.2714850415440386,0.26974379533660414,0.0033115736545843606
2018-02-10 21:00:00,0.578420874928443,0.9785379269967656,0.8865576684626856,0.4195483242815141,0.0
2018-02-10 22:00:00,0.8498445487797626,0.9785379269967656,0.9834636537614106,0.4658482501118006,0.0
2018-02-10 23:00:00,0.981089337265665,0.9785379269967656,0.9834636537614106,0.44314888686095244,0.026765257885750127
2018-02-11 00:00:00,0.981089337265665,0.9785379269967656,0.9834636537614106,0.26557562852425887,0.025606496330617783
2018-02-11 01:00:00,0.981089337265665,0.9720487043387367,0.9834636537614106,0.2776803670161916,0.023988603824996915
2018-02-11 02:00:00,0.981089337265665,0.8491082561334607,0.9834636537614106,0.31399400980593306,0.09505538151330868
2018-02-11 03:00:00,0.981089337265665,0.7511756318425101,0.9834636537614106,0.545985422426291,0.0350917031036759
2018-02-11 04:00:00,0.981089337265665,0.37639013054387677,0.9834636537614106,0.7404350369060033,0.06317950193681027
2018-02-11 05:00:00,0.981089337265665,0.3968540444264548,0.9834636537614106,0.6230888024025352,0.03173694125832049
2018-02-11 06:00:00,0.981089337265665,0.4247759556581247,0.9834636537614106,0.3854125393423368,0.1963100772898815
2018-02-11 07:00:00,0.981089337265665,0.24983012995134984,0.9834636537614106,0.5493274450380987,0.17176209162489697
2018-02-11 08:00:00,0.8776669994563174,0.22292677012178605,0.6282710928217198,0.7708370336627842,0.0
2018-02-11 09:00:00,0.20396534519131057,0.5068212943483038,0.35508958780122096,0.8757738705607102,0.0
2018-02-11 10:00:00,0.025434530918934415,0.13783491500220968,0.11949896633999275,0.780700913001314,0.0
2018-02-11 11:00:00,0.0,0.29651142809879866,0.09703020865216172,0.36828734266173446,0.0
2018-02-11 12:00:00,0.018298143148142963,0.24800275388461274,0.030105408107656946,0.18681896366723025,0.0
2018-02-11 13:00:00,0.0,0.33005583809194783,0.1068913343831375,0.15764457125427025,0.0036788347571837686
2018-02-11 14:00:00,0.0,0.22841404623655062,0.19520762443715467,0.07186055060247491,0.0
2018-02-11 15:00:00,0.06653396190293058,0.08998312521576364,0.1039662727569944,0.07062852618385092,0.0011682252520960645
2018-02-11 16:00:00,0.08646957517351213,0.05622206996952232,0.10237464453396944,0.25788963197411274,0.0
2018-02-11 17:00:00,0.0478046792964982,0.13083912273168521,0.7772739255421824,0.8114143507206552,0.028102458574454987
2018-02-11 18:00:00,0.4544125114376252,0.2817827005221539,0.8508967555699621,1.0,0.03682571321904106
2018-02-11 19:00:00,0.981089337265665,0.22346043045710176,0.9834636537614106,1.0,0.03438223592926534
2018-02-11 20:00:00,0.7533874082066273,0.14264066406472445,0.9834636537614106,0.04056355462942637,0.0
2018-02-11 21:00:00,0.981089337265665,0.1696834543250362,0.9834636537614106,0.5695913695230015,0.1574725192569004
2018-02-11 22:00:00,0.981089337265665,0.4649792740989199,0.9834636537614106,0.4854071413327672,0.1301858214727844
2018-02-11 23:00:00,0.981089337265665,0.494333386328079,0.9834636537614106,0.9607603063065424,0.08078930599691607
2018-02-12 00:00:00,0.981089337265665,0.37104291288161934,0.9834636537614106,1.0,0.09630574995801225
2018-02-12 01:00:00,0.981089337265665,0.29702529886480084,0.9834636537614106,1.0,0.0
2018-02-12 02:00:00,0.981089337265665,0.19780957634623195,0.9834636537614106,0.5851863094326555,0.0
2018-02-12 03:00:00,0.981089337265665,0.09322225731289464,0.9834636537614106,0.5048201502816551,0.0
2018-02-12 04:00:00,0.981089337265665,0.09991817243475735,0.753075654980735,0.7577830578344226,0.0
2018-02-12 05:00:00,0.981089337265665,0.37231395661821987,0.9834636537614106,0.8449192345357218,0.0
2018-02-12 06:00:00,0.981089337265665,0.14632940931861715,0.9834636537614106,0.7788277830789125,0.0
2018-02-12 07:00:00,0.981089337265665,0.0,0.9834636537614106,0.6070206062534131,0.0
2018-02-12 08:00:00,0.981089337265665,0.03268871512999275,0.9834636537614106,0.4110873854089576,0.0
2018-02-12 09:00:00,0.981089337265665,0.0,0.9834636537614106,0.18523537066494924,0.04040045305235698
2018-02-12 10:00:00,0.981089337265665,0.0,0.9834636537614106,0.13763948341787205,0.0
2018-02-12 11:00:00,0.981089337265665,0.0,0.9834636537614106,0.22915816652710572,0.0
2018-02-12 12:00:00,0.981089337265665,0.11045943160168006,0.9834636537614106,0.15748442118910172,0.0
2018-02-12 13:00:00,0.981089337265665,0.1775509162114822,0.9834636537614106,0.0805737324530677,0.0
2018-02-12 14:00:00,0.981089337265665,0.2541466035764576,0.9834636537614106,0.1498669974741651,0.0
2018-02-12 15:00:00,0.981089337265665,0.852679550505486,0.9834636537614106,0.025160331878514477,0.0
2018-02-12 16:00:00,0.981089337265665,0.8005563379979188,0.9834636537614106,0.025060506655400674,0.0
2018-02-12 17:00:00,0.981089337265665,0.8427406003589457,0.9834636537614106,0.08029669934344077,0.09305796275464526
2018-02-12 18:00:00,0.981089337265665,0.0,0.9834636537614106,0.0,0.0
2018-02-12 19:00:00,0.981089337265665,0.07379121947295333,0.9834636537614106,0.08621919434575494,0.051499803602672506
2018-02-12 20:00:00,0.981089337265665,0.0,0.9834636537614106,0.0,0.0
2018-02-12 21:00:00,0.981089337265665,0.44580632665288805,0.9834636537614106,0.0455476631331197,0.07695470151755907
2018-02-12 22:00:00,0.981089337265665,0.24508038551682476,0.9834636537614106,0.03047033098549274,0.0
2018-02-12 23:00:00,0.981089337265665,0.16183742240869173,0.9834636537614106,0.0,0.0
2018-02-13 00:00:00,0.981089337265665,0.13678733706648372,0.7376680266016691,0.0,0.03810239872849456
2018-02-13 01:00:00,0.981089337265665,0.0,0.05096655617215015,0.2468223635968199,0.0
2018-02-13 02:00:00,0.981089337265665,0.03816277882922797,0.04391224304965325,0.07468912871234312,0.0
2018-02-13 03:00:00,0.981089337265665,0.04154190176033507,0.0,0.1706935274282347,0.009191537088786455
2018-02-13 04:00:00,0.981089337265665,0.0,0.31781163759369196,0.2708502241872445,0.0
2018-02-13 05:00:00,0.981089337265665,0.09065355921394354,0.792455267379152,0.2208093051097778,0.0
2018-02-13 06:00:00,0.981089337265665,0.4758161437795565,0.5383816498102292,0.1953221764630172,0.0
2018-02-13 07:00:00,0.981089337265665,0.6534178795388238,0.5411833525523074,0.11168867355559978,0.004905547524957908
2018-02-13 08:00:00,0.981089337265665,0.8534934509709909,0.5635570726583005,0.16580547813526322,0.037149381577615215
2018-02-13 09:00:00,0.5302310065280698,0.9773080889127462,0.2223345698775961,0.3017889091673985,0.026326343872999366
2018-02-13 10:00:00,0.1890110147249061,0.6361504775234794,0.07870644230537233,0.38391124843601526,0.0
2018-02-13 11:00:00,0.08072468799972729,0.183133685500739,0.03210615474122302,0.27597506644963526,0.0
2018-02-13 12:00:00,0.1910595800619805,0.1457221726540004,0.006047340801143922,0.19463218333777377,0.0
2018-02-13 13:00:00,0.16376385682581607,0.10009390200695822,0.0,0.2837919691547154,0.0
2018-02-13 14:00:00,0.4595706488754829,0.19876610696730773,0.0,0.2822137898124737,0.0
2018-02-13 15:00:00,0.3554142857600841,0.3092831805130919,0.0,0.3164912178987152,0.0
2018-02-13 16:00:00,0.36707169218440744,0.2975929225261332,0.0,0.3536367067289499,0.0
2018-02-13 17:00:00,0.244186396619295,0.6331256123150516,0.043077914495497555,0.8338949203547701,0.06021195173079401
2018-02-13 18:00:00,0.11723278966676949,0.9785379269967656,0.0,1.0,0.29198039886295063
2018-02-13 19:00:00,0.4334519838140542,0.9785379269967656,0.1879131577863808,1.0,0.5124964041959752
2018-02-13 20:00:00,0.981089337265665,0.9785379269967656,0.35579503711278426,1.0,0.11268985838442289
2018-02-13 21:00:00,0.981089337265665,0.9404967865772713,0.3313071713006938,1.0,0.0
2018-02-13 22:00:00,0.981089337265665,0.8549278105864834,0.3999996706135208,1.0,0.0
2018-02-13 23:00:00,0.981089337265665,0.40597956248142675,0.15564695883988047,1.0,0.0
2018-02-14 00:00:00,0.981089337265665,0.6751598715936123,0.013628345934664084,1.0,0.0
2018-02-14 01:00:00,0.981089337265665,0.5372975467715302,0.0250261091314548,1.0,0.0
2018-02-14 02:00:00,0.981089337265665,0.13204770095621224,0.07302548042641233,0.22493524833493975,0.1991937509703087
2018-02-14 03:00:00,0.981089337265665,0.022137790068229718,0.08819512986890306,1.0,0.32098629215058133
2018-02-14 04:00:00,0.981089337265665,0.07869595704680432,0.16213070650753192,1.0,0.7588696494736836
2018-02-14 05:00:00,0.981089337265665,0.35503457872257665,0.3343023376449187,1.0,0.9495255609856614
2018-02-14 06:00:00,0.7463865486359348,0.2035543838727509,0.29799295734778825,1.0,0.9495255609856614
2018-02-14 07:00:00,0.40130012651100894,0.5688266058250021,0.027544823853115276,1.0,0.9495255609856614
2018-02-14 08:00:00,0.4571196921070295,0.0,0.36574554085124306,1.0,0.0
2018-02-14 09:00:00,0.22314738297310366,0.03780740110348507,0.11382420595507746,1.0,0.0
2018-02-14 10:00:00,0.11135453436962935,0.0,0.0,1.0,0.0
2018-02-14 11:00:00,0.1088699116375628,0.30538549948336613,0.0,1.0,0.0
2018-02-14 12:00:00,0.2742009530367482,0.4634279567302768,0.10036609295475385,1.0,0.0
2018-02-14 13:00:00,0.5121684144102161,0.9357294120900819,0.1524266106715918,1.0,0.7072594392511456
2018-02-14 14:00:00,0.4233349374475342,0.9785379269967656,0.41305145384462455,1.0,0.9495255609856614
2018-02-14 15:00:00,0.7610085141716906,0.9785379269967656,0.30319130516458376,1.0,0.5766643657819698
2018-02-14 16:00:00,0.981089337265665,0.9785379269967656,0.3780694999362824,1.0,0.47637211843628124
2018-02-14 17:00:00,0.5261444495085793,0.9785379269967656,0.1705919557815558,1.0,0.9495255609856614
2018-02-14 18:00:00,0.981089337265665,0.9785379269967656,0.03995233767875048,1.0,0.9495255609856614
2018-02-14 19:00:00,0.981089337265665,0.9785379269967656,0.08194268379389706,1.0,0.44833562881621786
2018-02-14 20:00:00,0.981089337265665,0.9785379269967656,0.11146962339050445,1.0,0.29305650396245736
2018-02-14 21:00:00,0.981089337265665,0.9785379269967656,0.5852999574440756,1.0,0.5805416778122423
2018-02-14 22:00:00,0.981089337265665,0.9785379269967656,0.04416022183361873,1.0,0.040759678157615345
2018-02-14 23:00:00,0.981089337265665,0.9785379269967656,0.003491725854092658,1.0,0.1688663333968911
2018-02-15 00:00:00,0.981089337265665,0.7553836708391387,0.04123501432172101,1.0,0.030062522321803897
2018-02-15 01:00:00,0.981089337265665,0.9785379269967656,0.27661849372917363,1.0,0.39015757739375856
2018-02-15 02:00:00,0.981089337265665,0.9785379269967656,0.055661803252047684,0.9811996544027403,0.9495255609856614
2018-02-15 03:00:00,0.981089337265665,0.9785379269967656,0.12973820731730634,1.0,0.9495255609856614
2018-02-15 04:00:00,0.981089337265665,0.9785379269967656,0.9834636537614106,1.0,0.9495255609856614
2018-02-15 05:00:00,0.981089337265665,0.9785379269967656,0.9834636537614106,1.0,0.019170999579875125
2018-02-15 06:00:00,0.981089337265665,0.9785379269967656,0.9834636537614106,1.0,0.35060728454373435
2018-02-15 07:00:00,0.981089337265665,0.7324823423879323,0.9834636537614106,1.0,0.04258478185566883
2018-02-15 08:00:00,0.981089337265665,0.2461345762392317,0.9834636537614106,1.0,0.9495255609856614
2018-02-15 09:00:00,0.981089337265665,0.0,0.9834636537614106,1.0,0.9495255609856614
2018-02-15 10:00:00,0.981089337265665,0.12136056704632761,0.9444364083408029,1.0,0.9495255609856614
2018-02-15 11:00:00,0.8775114803761028,0.07293529245749385,0.234928522925902,1.0,0.9495255609856614
2018-02-15 12:00:00,0.7910758070196764,0.02245307678741366,0.5668540814913153,1.0,0.9495255609856614
2018-02-15 13:00:00,0.3758462137403701,0.09247134194358689,0.865455547888282,1.0,0.8900584498950744
2018-02-15 14:00:00,0.2805857856697155,0.33660442544828945,0.9834636537614106,1.0,0.37629927352047465
2018-02-15 15:00:00,0.050924711234242755,0.12354856053296671,0.9834636537614106,1.0,0.9495255609856614
2018-02-15 16:00:00,0.040705548395564554,0.3642331928059492,0.9834636537614106,1.0,0.9495255609856614
2018-02-15 17:00:00,0.8863094862826125,0.9785379269967656,0.9834636537614106,1.0,0.17656720809066426
2018-02-15 18:00:00,0.9412918925749454,0.9785379269967656,0.9834636537614106,1.0,0.9495255609856614
2018-02-15 19:00:00,0.981089337265665,0.9785379269967656,0.9834636537614106,1.0,0.9495255609856614
2018-02-15 20:00:00,0.981089337265665,0.9785379269967656,0.9834636537614106,1.0,0.6238743813893219
2018-02-15 21:00:00,0.981089337265665,0.9785379269967656,0.9834636537614106,1.0,0.2128048599289181
2018-02-15 22:00:00,0.981089337265665,0.4166269800093053,0.9834636537614106,1.0,0.10041100660069867
2018-02-15 23:00:00,0.981089337265665,0.9495200682544234,0.9834636537614106,1.0,0.08404019349730746
2018-02-16 00:00:00,0.8136549779591763,0.9785379269967656,0.9834636537614106,0.8967366340469578,0.9495255609856614
2018-02-16 01:00:00,0.742449399789569,0.543475556024278,0.6251869653657652,0.16213722281199375,0.7027189999947144
2018-02-16 02:00:00,0.981089337265665,0.36967436449190777,0.3446194464157648,0.10675182194843426,0.4357569680596548
2018-02-16 03:00:00,0.6490662175931527,0.19151835570438178,0.3266641168701828,0.05680741985717566,0.2192857944639476
2018-02-16 04:00:00,0.19850813475456655,0.08551816028594424,0.1414255559212819,0.26572569338662017,0.12338729613281578
2018-02-16 05:00:00,0.06539136440644418,0.0,0.25461878470530475,0.24964887098160674,0.16536017009230547
2018-02-16 06:00:00,0.07614390272359621,0.0,0.32397424477374137,0.5397279300739014,0.15581984594125353
2018-02-16 07:00:00,0.05461674554458525,0.1174570175830294,0.2105146165539757,0.6850815899923486,0.08654939262190033
2018-02-16 08:00:00,0.0,0.16330632878819407,0.07627866424157181,0.6424768881735878,0.10077703043473198
2018-02-16 09:00:00,0.0,0.35490509243396023,0.06671893186714782,0.26726650883859815,0.0397727769811408
2018-02-16 10:00:00,0.04296560386612998,0.31625330123644735,0.2575385368661805,0.32792246322637036,0.03390779871801418
2018-02-16 11:00:00,0.12993210797656646,0.39495531179017696,0.3209179555712193,0.12071063065737282,0.02896548367519327
2018-02-16 12:00:00,0.49880429428144574,0.3439761366293713,0.6063540946160134,0.063196464607757,0.0
2018-02-16 13:00:00,0.9266792817492017,0.4088651992315393,0.6912968004095031,0.0,0.0
2018-02-16 14:00:00,0.981089337265665,0.5385895385891096,0.8493696030548836,0.006586587790282071,0.022761555107563423
2018-02-16 15:00:00,0.981089337265665,0.4222997244032321,0.9834636537614106,0.0,0.02679073905295287
2018-02-16 16:00:00,0.981089337265665,0.2867756300851624,0.9834636537614106,0.043051029297534175,0.007162952774074819
2018-02-16 17:00:00,0.981089337265665,0.0655532460414937,0.9834636537614106,0.08644092598035527,0.019613913233946543
2018-02-16 18:00:00,0.981089337265665,0.19920835827923675,0.916549603635617,0.09339326308026716,0.0
2018-02-16 19:00:00,0.981089337265665,0.046674242975235265,0.9834636537614106,0.04305162991330119,0.0
2018-02-16 20:00:00,0.981089337265665,0.0,0.4101476735678351,0.0,0.045328915661357515
2018-02-16 21:00:00,0.981089337265665,0.0,0.9355084745791397,0.7155592099858485,0.2832598288577505
2018-02-16 22:00:00,0.981089337265665,0.05836048744464059,0.5529875101271288,1.0,0.024641478354775793
2018-02-16 23:00:00,0.981089337265665,0.22385791834590343,0.6261454531818486,1.0,0.64189447995574
2018-02-17 00:00:00,0.9513728844667806,0.17240204663440514,0.7420782592950588,1.0,0.00952927661373901
2018-02-17 01:00:00,0.981089337265665,0.9785379269967656,0.9834636537614106,1.0,0.3850579785353521
2018-02-17 02:00:00,0.981089337265665,0.5549245279953176,0.9834636537614106,1.0,0.7539867088831965
2018-02-17 03:00:00,0.981089337265665,0.45658153222196357,0.9834636537614106,1.0,0.23052588137840485
2018-02-17 04:00:00,0.8655704250496326,0.49521103691743507,0.9834636537614106,1.0,0.023547783200884208
2018-02-17 05:00:00,0.3430439657649983,0.4550717277887093,0.9834636537614106,1.0,0.9495255609856614
2018-02-17 06:00:00,0.28215743858174824,0.602015788702014,0.9834636537614106,1.0,0.015697347567116
2018-02-17 07:00:00,0.8375597112147515,0.6667938969278949,0.9834636537614106,1.0,0.003176659592806519
2018-02-17 08:00:00,0.9345016187525176,0.784885107304473,0.9834636537614106,1.0,0.0
2018-02-17 09:00:00,0.981089337265665,0.2680609469103308,0.9834636537614106,1.0,0.14417132670113872
2018-02-17 10:00:00,0.5093786927150928,0.27342540039866065,0.9834636537614106,1.0,0.5156147819840218
2018-02-17 11:00:00,0.17628555380109162,0.0,0.703479165210931,1.0,0.49680139339366824
2018-02-17 12:00:00,0.0,0.0,0.9834636537614106,1.0,0.11387732402197956
2018-02-17 13:00:00,0.0,0.0,0.7088863859770563,1.0,0.06318120807107204
2018-02-17 14:00:00,0.0,0.05078365330059925,0.1789539580638157,1.0,0.13197288999411758
2018-02-17 15:00:00,0.008844031259974891,0.2879040560460942,0.22373653276542993,1.0,0.4104498172906964
2018-02-17 16:00:00,0.23477884965326248,0.7006572198740654,0.2403859360845532,1.0,0.6657323245170557
2018-02-17 17:00:00,0.660420018424389,0.6604611431022579,0.45158847006868835,0.6584790490776699,0.9495255609856614
2018-02-17 18:00:00,0.9677963173683287,0.9785379269967656,0.829152503247528,0.7033366443732871,0.9495255609856614
2018-02-17 19:00:00,0.981089337265665,0.9785379269967656,0.9834636537614106,1.0,0.9495255609856614
2018-02-17 20:00:00,0.981089337265665,0.9785379269967656,0.9834636537614106,1.0,0.09171933380811557
2018-02-17 21:00:00,0.981089337265665,0.9785379269967656,0.9834636537614106,1.0,0.19004121621190917
2018-02-17 22:00:00,0.981089337265665,0.9785379269967656,0.9834636537614106,1.0,0.05931270436336576
2018-02-17 23:00:00,0.981089337265665,0.3386523273882751,0.9834636537614106,1.0,0.39361948622272985
2018-02-18 00:00:00,0.981089337265665,0.14734834680000897,0.9834636537614106,1.0,0.12911218417838824
2018-02-18 01:00:00,0.981089337265665,0.563817434345386,0.9834636537614106,1.0,0.0
2018-02-18 02:00:00,0.981089337265665,0.9785379269967656,0.9834636537614106,1.0,0.010644692827639458
2018-02-18 03:00:00,0.981089337265665,0.9785379269967656,0.9834636537614106,1.0,0.0
2018-02-18 04:00:00,0.981089337265665,0.9785379269967656,0.9834636537614106,1.0,0.0
2018-02-18 05:00:00,0.981089337265665,0.9785379269967656,0.9834636537614106,1.0,0.0
2018-02-18 06:00:00,0.981089337265665,0.9785379269967656,0.9834636537614106,1.0,0.30013871929183394
2018-02-18 07:00:00,0.981089337265665,0.9785379269967656,0.9834636537614106,1.0,0.19500156515865694
2018-02-18 08:00:00,0.981089337265665,0.6400540814280539,0.9834636537614106,1.0,0.17997479327790544
2018-02-18 09:00:00,0.981089337265665,0.42882830540897565,0.9834636537614106,1.0,0.0
2018-02-18 10:00:00,0.9311679864383171,0.6998100028901084,0.24929216877551869,0.49607500135142685,0.016225447640657576
2018-02-18 11:00:00,0.981089337265665,0.3995303807328067,0.09205904113444352,0.3013473371514488,0.15656963999440307
2018-02-18 12:00:00,0.9719603788246105,0.9785379269967656,0.017381754754980723,1.0,0.9495255609856614
2018-02-18 13:00:00,0.981089337265665,0.9785379269967656,0.12097265299183375,1.0,0.9495255609856614
2018-02-18 14:00:00,0.981089337265665,0.9785379269967656,0.18438539894089662,1.0,0.9495255609856614
2018-02-18 15:00:00,0.981089337265665,0.9785379269967656,0.6728091453671942,0.2504375123568456,0.9495255609856614
2018-02-18 16:00:00,0.981089337265665,0.9785379269967656,0.4145812806201899,1.0,0.9495255609856614
2018-02-18 17:00:00,0.981089337265665,0.8015183413358558,0.37283399698676367,1.0,0.9484944159532305
2018-02-18 18:00:00,0.981089337265665,0.9785379269967656,0.9834636537614106,1.0,0.1615755120613175
2018-02-18 19:00:00,0.981089337265665,0.9785379269967656,0.9834636537614106,1.0,0.9495255609856614
2018-02-18 20:00:00,0.981089337265665,0.9785379269967656,0.9834636537614106,1.0,0.16689561409166154
2018-02-18 21:00:00,0.981089337265665,0.9785379269967656,0.9834636537614106,1.0,0.8266417888988269
2018-02-18 22:00:00,0.981089337265665,0.9785379269967656,0.7505652868133182,1.0,0.050021172815248385
2018-02-18 23:00:00,0.981089337265665,0.843962318610705,0.7649036863293345,1.0,0.021515148771636
2018-02-19 00:00:00,0.981089337265665,0.8757656974833375,0.9646895457305548,0.9099489342211847,0.011043949426744958
2018-02-19 01:00:00,0.981089337265665,0.8214606961858261,0.8723541924613989,0.9078986836008813,0.010699631347333934
2018-02-19 02:00:00,0.6154406878556364,0.8752327484958553,0.8700123393779071,0.30440893342713254,0.9495255609856614
2018-02-19 03:00:00,0.5415856768631674,0.4892993409336345,0.6827824996205302,0.22938719802088067,0.9495255609856614
2018-02-19 04:00:00,0.31998132370013305,0.3926860453679839,0.5885063928292229,0.4126685871704618,0.9495255609856614
2018-02-19 05:00:00,0.17564073710607161,0.107268461666248,0.4235821787332538,0.3218526975428371,0.9495255609856614
2018-02-19 06:00:00,0.1470249041264523,0.0851605534637673,0.32515257164365796,0.14673410699486822,0.944799860740553
2018-02-19 07:00:00,0.10651655490005339,0.08543948465268172,0.26332835313604513,0.07323011722582902,0.3187166383017172
2018-02-19 08:00:00,0.03481619830164719,0.05724528158888318,0.20481622335024866,0.11309934749069732,0.23725098860250293
2018-02-19 09:00:00,0.08599448302146563,0.06347729078763478,0.14399525959832787,0.07174934839796997,0.1858025091967658
2018-02-19 10:00:00,0.053556819222470055,0.0,0.0812438683609512,0.08695404052928318,0.09214551232505294
2018-02-19 11:00:00,0.020670681877757273,0.0,0.0855773303270227,0.09699269044812797,0.19119392986663308
2018-02-19 12:00:00,0.0,0.0,0.0896643461833397,0.08616698843290076,0.005970526043641801
2018-02-19 13:00:00,0.0,0.05077947802716245,0.03007807200616176,0.14400041629821808,0.025297826958153514
2018-02-19 14:00:00,0.24383534887844593,0.3712177934066233,0.10465838929455581,0.24858259502133245,0.20341464182965793
2018-02-19 15:00:00,0.6902338047244747,0.42125415333902405,0.04253008348866835,0.24141234449031135,0.48559053465015367
2018-02-19 16:00:00,0.8869180074005502,0.3985565494055898,0.12346874333415606,0.22426542224337226,0.26800989533022
2018-02-19 17:00:00,0.981089337265665,0.5034118661669312,0.0985221183099111,0.49785143305939444,0.16557523138674826
2018-02-19 18:00:00,0.981089337265665,0.6321166913295556,0.21611517442465056,0.9869231558877835,0.28667867898292676
2018-02-19 19:00:00,0.981089337265665,0.33826622681682816,0.0633834985932092,0.3201380143821678,0.17089763690645232
2018-02-19 20:00:00,0.981089337265665,0.1681319623848212,0.08860702425520432,0.3742886856419172,0.027598613349333365
2018-02-19 21:00:00,0.981089337265665,0.4187321677581606,0.23207933495335367,0.16147214316358877,0.0
2018-02-19 22:00:00,0.7709263208014514,0.8736000545159384,0.08747637059211702,0.08786449137108576,0.03752663805216813
2018-02-19 23:00:00,0.3822613545765516,0.8792852708970529,0.1038559474919307,0.11881025289022282,0.36838435710435335
2018-02-20 00:00:00,0.39331502722940104,0.35870798524268654,0.5460756303024843,0.1771598175329197,0.14605045232914796
2018-02-20 01:00:00,0.39594280550983496,0.3086325241528535,0.4221987543804249,0.1886940179193461,0.08283247694727602
2018-02-20 02:00:00,0.5974482987402651,0.2530186503051466,0.5367432276040188,0.32221113739146495,0.27659736043165106
2018-02-20 03:00:00,0.4376803529433818,0.45044099535405374,0.7026332292643026,0.22892340396889835,0.14416867136946002
2018-02-20 04:00:00,0.2414545705922523,0.5408491669561085,0.9150636710014269,0.3715165758554897,0.5404897270848854
2018-02-20 05:00:00,0.34703886718160837,0.6803882955340501,0.7848274883092604,0.8122382055556727,0.10012333255698425
2018-02-20 06:00:00,0.5057353174883149,0.8002056882088541,0.9834636537614106,0.9259382820295682,0.1396819534147674
2018-02-20 07:00:00,0.6166054495333555,0.9785379269967656,0.8625359286864415,0.9199459662032452,0.16906393207480974
2018-02-20 08:00:00,0.7645310522913883,0.6780483110908456,0.5706147945287638,0.5087602974942498,0.2189372129877661
2018-02-20 09:00:00,0.4260027423364778,0.7555403882645104,0.46443782614757223,0.3208157027122821,0.07778628285594158
2018-02-20 10:00:00,0.18294953989899895,0.30071661309898917,0.5444387869396208,0.05844545012244544,0.0
2018-02-20 11:00:00,0.16042925676758388,0.14719980657541076,0.31181734969579417,0.1095481317350464,0.009118587714998494
2018-02-20 12:00:00,0.38043748612276734,0.0413520945931399,0.23984806740730802,0.1133199055193666,0.0
2018-02-20 13:00:00,0.20911668851259402,0.0,0.2012983040951649,0.07602069285352625,0.0
2018-02-20 14:00:00,0.09445541943250019,0.0,0.05441873935075799,0.03663152326227327,0.0
2018-02-20 15:00:00,0.1539265876879658,0.08617546850539401,0.12185522641354239,0.16560003028967368,0.2075812725721535
2018-02-20 16:00:00,0.1447541296003962,0.11478625422581612,0.11455704501509935,0.04020481274236433,0.4814695487962043
2018-02-20 17:00:00,0.2425884929288123,0.1543144320012743,0.18281621715452873,0.0,0.26160094917993154
2018-02-20 18:00:00,0.6361580787124028,0.1312454589270272,0.11377141217433208,0.008579427279539672,0.4044401013884521
2018-02-20 19:00:00,0.8119349678716278,0.1427355822109596,0.0,0.06280022109487773,0.2841482313066877
2018-02-20 20:00:00,0.3862606533054375,0.021873870700768495,0.0,0.33285206710880655,0.33391950607419035
2018-02-20 21:00:00,0.3477443919110079,0.0,0.0,0.49996505811749165,0.23944714795232458
2018-02-20 22:00:00,0.3847453563084902,0.0,0.019603844411220154,0.8564554786667081,0.0
2018-02-20 23:00:00,0.3509506882699897,0.0,0.14319145121863688,0.8115026480467323,0.0
2018-02-21 00:00:00,0.15550883714388283,0.0,0.1807870284287053,0.4102906363505871,0.0
2018-02-21 01:00:00,0.09395615853909282,0.0,0.04266293490943314,0.31819025179390886,0.09071989422479025
2018-02-21 02:00:00,0.1670993619993568,0.021959509362670174,0.026034543908791164,0.32609059861925765,0.0
2018-02-21 03:00:00,0.1570900962635278,0.0007686412864691204,0.010818911422685323,0.44853229480300083,0.0
2018-02-21 04:00:00,0.11415370906836193,0.05902190380922671,0.0,0.19716849774146514,0.0
2018-02-21 05:00:00,0.029451912825093313,0.029823547243622035,0.14494705212363773,0.5458393363534949,0.04069847849839923
2018-02-21 06:00:00,0.0,0.0030955315979625036,0.09791836523833763,0.38615281722078354,0.010875682780473997
2018-02-21 07:00:00,0.04650776660501682,0.010638956249691871,0.050469501420925066,0.3710271893972928,0.0
2018-02-21 08:00:00,0.026822632452940056,0.0,0.0,0.4220195398743795,0.0
2018-02-21 09:00:00,0.0,0.0,0.0,0.09660240830330077,0.0
2018-02-21 10:00:00,0.0724397844693691,0.1543721985180972,0.21714732356729388,0.18491384915736975,0.0
2018-02-21 11:00:00,0.13723265935370427,0.3302178259840324,0.19822623665760797,0.24107421524810763,0.0
2018-02-21 12:00:00,0.06450995154332319,0.5033350192440886,0.3209534417103175,0.12200402438802904,0.019700048481406357
2018-02-21 13:00:00,0.2089414017040771,0.5399728786970239,0.7427233697669376,0.054335772665481646,0.07053863912701303
2018-02-21 14:00:00,0.18853071560161835,0.4461490914144044,0.4728739265132031,0.10767054636922854,0.09085818040580508
2018-02-21 15:00:00,0.29909058321299453,0.3453233660931332,0.41526020229706456,0.07407470811197282,0.10980226761043939
2018-02-21 16:00:00,0.561058443663747,0.39206829419122,0.4019011826693023,0.06283481591155533,0.14416423852400514
2018-02-21 17:00:00,0.5506325395207772,0.3361240975616377,0.5586556284127862,0.061388413598010186,0.1523492652433481
2018-02-21 18:00:00,0.2778572563373528,0.4868397204413518,0.8525783989256374,0.09710868601144453,0.3922875209951763
2018-02-21 19:00:00,0.3922258693197538,0.5508817897083305,0.9834636537614106,0.4252796269378242,0.283595727244681
2018-02-21 20:00:00,0.6197324174569887,0.33946282708978065,0.8916889235917804,0.9525638435314042,0.12974791814975742
2018-02-21 21:00:00,0.3433501908997642,0.27065842341896523,0.5819237318637075,0.8650867945298184,0.1284112047885264
2018-02-21 22:00:00,0.35685435701557167,0.15855333204492458,0.4838917351524714,0.4923682855145538,0.2193612587565546
2018-02-21 23:00:00,0.26738409966971566,0.18271971937643186,0.40254805072799826,0.3157440509070952,0.09728510793253357
2018-02-22 00:00:00,0.21857345778885098,0.07470532737646186,0.2961666531827577,0.13739848162380175,0.0
2018-02-22 01:00:00,0.3149984396859499,0.03919230136578053,0.2659332079296815,0.08034872392665116,0.0
2018-02-22 02:00:00,0.23834116113169831,0.0,0.330593998454769,0.05131562542361553,0.0
2018-02-22 03:00:00,0.3928576327727014,0.025959404066645746,0.4535110727134998,0.037660947833209724,0.0
2018-02-22 04:00:00,0.7179137321387686,0.0,0.27806080189817534,0.02434521627453655,0.0
2018-02-22 05:00:00,0.5998084647158004,0.08319786583492615,0.3562192696084637,0.04343575330607998,0.0
2018-02-22 06:00:00,0.9124454481685313,0.0,0.36880704795857744,0.10627538446118032,0.0
2018-02-22 07:00:00,0.981089337265665,0.0,0.37142507225076093,0.2533228323217908,0.0
2018-02-22 08:00:00,0.981089337265665,0.0,0.4729273886009813,0.0517911857213988,0.0
2018-02-22 09:00:00,0.7884820488853443,0.0,0.24070956637875807,0.037979533982429314,0.0
2018-02-22 10:00:00,0.8194460952375892,0.0,0.03356391361170351,0.0,0.0
2018-02-22 11:00:00,0.981089337265665,0.020847068999319113,0.002776318598022213,0.0,0.0
2018-02-22 12:00:00,0.981089337265665,0.0,0.025087473649529197,0.0,0.0
2018-02-22 13:00:00,0.981089337265665,0.02096712002090636,0.04210543905847059,0.0,0.0
2018-02-22 14:00:00,0.981089337265665,0.0,0.11278568657884595,0.0,0.0
2018-02-22 15:00:00,0.981089337265665,0.04891645282587538,0.07121069655621964,0.0,0.0
2018-02-22 16:00:00,0.981089337265665,0.0957453389639217,0.014223996685045353,0.0,0.0
2018-02-22 17:00:00,0.367011988486311,0.09456079320503087,0.0,0.0,0.0
2018-02-22 18:00:00,0.27505467351847573,0.3611448715809021,0.27239719500240384,0.0,0.9495255609856614
2018-02-22 19:00:00,0.15226364758978334,0.8873190192921628,0.0,0.0,0.6113098854481834
2018-02-22 20:00:00,0.981089337265665,0.777127186116331,0.20328233207480556,0.1675244523459314,0.21018559351204646
2018-02-22 21:00:00,0.981089337265665,0.9395073876508836,0.0735206005236101,0.02630325683669126,0.7366043604840286
2018-02-22 22:00:00,0.564000605299889,0.8490464009977277,0.01720729920123561,0.15171087350931656,0.44562754439453245
2018-02-22 23:00:00,0.9163743318681304,0.5016247818633605,0.051462629628143075,0.29892028349170546,0.37545287384616854
2018-02-23 00:00:00,0.1617447421474131,0.17357748750021615,0.10155477729520468,0.1949667439873354,0.27969213776232155
2018-02-23 01:00:00,0.5684981781747249,0.2139812432842502,0.1968819589643901,0.25682555018458664,0.12611793941221325
2018-02-23 02:00:00,0.26629961963985943,0.026454159688559263,0.2715911779117558,0.19941425722589023,0.054353861910179074
2018-02-23 03:00:00,0.07108407952965086,0.0,0.17713767454652554,0.09214482459568449,0.13868842673680498
2018-02-23 04:00:00,0.0,0.0,0.14140263060203767,0.0011288027174597836,0.28763899191251335
2018-02-23 05:00:00,0.0,0.0,0.0,0.0026481098723429223,0.1153473072373263
2018-02-23 06:00:00,0.0,0.0,0.0,0.14137661241538063,0.08447859877421056
2018-02-23 07:00:00,0.0,0.0,0.0,0.16094753851944654,0.030994475533901132
2018-02-23 08:00:00,0.0,0.0,0.0,0.06034605081120543,0.0
2018-02-23 09:00:00,0.03634978602674257,0.0,0.0,0.15767578632020443,0.0
2018-02-23 10:00:00,0.023091425483720278,0.0,0.0,0.0921307675634999,0.0
2018-02-23 11:00:00,0.1099884439108904,0.09965014167660899,0.09728750551289488,0.22189301391263175,0.020061597758935026
2018-02-23 12:00:00,0.1641030937011424,0.1981122599511113,0.3252090085342343,0.2964551463374389,0.07743514567897945
2018-02-23 13:00:00,0.20982960364477599,0.30911428946313124,0.3315861339439536,0.3228236906298162,0.4594972910046124
2018-02-23 14:00:00,0.49908125756725846,0.3498483842168088,0.3103753562450241,0.40689591920765533,0.9495255609856614
2018-02-23 15:00:00,0.4672315041334625,0.38823591468856383,0.3122140551193198,0.4181798185479648,0.9460060407688079
2018-02-23 16:00:00,0.3643935310648706,0.6656859909323006,0.518704979335406,0.7248561703688328,0.9495255609856614
2018-02-23 17:00:00,0.800269768235118,0.9428013254081962,0.4387816505083586,1.0,0.9335040114190827
2018-02-23 18:00:00,0.981089337265665,0.6429968534705339,0.33006460508235647,1.0,0.5209232544751009
2018-02-23 19:00:00,0.20927133912782528,0.7152565239352359,0.640744866540788,1.0,0.41134869898815857
2018-02-23 20:00:00,0.12190414122472354,0.9437307965739113,0.6610365615729383,1.0,0.2927748543027217
2018-02-23 21:00:00,0.28040627311347793,0.15365169861712533,0.7239916074226471,0.5003834560824264,0.0
2018-02-23 22:00:00,0.2772949367884461,0.0675913328732673,0.4868403381498337,0.38863883869816324,0.039014052711066664
2018-02-23 23:00:00,0.2327226935570997,0.0,0.28583856180130834,0.8779457299089097,0.0
2018-02-24 00:00:00,0.07593041850491757,0.029942166257765905,0.24085048950284532,0.3372567754837525,0.0
2018-02-24 01:00:00,0.0,0.026430854319672736,0.19622656636919722,0.0,0.026971696382473008
2018-02-24 02:00:00,0.007428852665533317,0.0,0.23535019233218205,0.0,0.035192414131629886
2018-02-24 03:00:00,0.0,0.017853233499224297,0.25851712600667553,0.0,0.0
2018-02-24 04:00:00,0.03163776980618308,0.0325555378219329,0.24127769336841393,0.0664566832806905,0.003444428994071121
2018-02-24 05:00:00,0.028650462938262688,0.11022295962836721,0.2685522932570326,0.3217291806639732,0.017758397983617412
2018-02-24 06:00:00,0.0,0.18674210003766253,0.38878316799798557,0.8672736998851501,0.03914086787776078
2018-02-24 07:00:00,0.0,0.17861188531275768,0.6837764890428228,1.0,0.0
2018-02-24 08:00:00,0.15702953885932894,0.1432398713829206,0.9633926877185579,1.0,0.0
2018-02-24 09:00:00,0.26441901930698164,0.9785379269967656,0.9834636537614106,1.0,0.019036365868237183
2018-02-24 10:00:00,0.6017378800743834,0.7171770009441963,0.9834636537614106,1.0,0.16428106740095808
2018-02-24 11:00:00,0.5359634858411754,0.9785379269967656,0.9834636537614106,1.0,0.9495255609856614
2018-02-24 12:00:00,0.3337795028605864,0.9785379269967656,0.9834636537614106,1.0,0.6366688170764494
2018-02-24 13:00:00,0.28900840517846016,0.9785379269967656,0.9834636537614106,1.0,0.9495255609856614
2018-02-24 14:00:00,0.583707069520173,0.9785379269967656,0.9834636537614106,1.0,0.9495255609856614
2018-02-24 15:00:00,0.6026500298831929,0.9785379269967656,0.9834636537614106,1.0,0.9495255609856614
2018-02-24 16:00:00,0.8643918503777546,0.9785379269967656,0.9834636537614106,1.0,0.9495255609856614
2018-02-24 17:00:00,0.23189432350628505,0.6102825931342574,0.9834636537614106,1.0,0.9495255609856614
2018-02-24 18:00:00,0.03454927099401384,0.408781608770717,0.9834636537614106,1.0,0.40496349250290603
2018-02-24 19:00:00,0.0,0.9785379269967656,0.9834636537614106,1.0,0.9495255609856614
2018-02-24 20:00:00,0.06266203727470852,0.6999292179747727,0.9834636537614106,1.0,0.030897941229337256
2018-02-24 21:00:00,0.025464088326863945,0.1971958809881997,0.9834636537614106,1.0,0.004487856371398314
2018-02-24 22:00:00,0.981089337265665,0.012577650393850065,0.9834636537614106,1.0,0.9495255609856614
2018-02-24 23:00:00,0.981089337265665,0.0,0.9834636537614106,1.0,0.9495255609856614
2018-02-25 00:00:00,0.981089337265665,0.0,0.9834636537614106,1.0,0.8321142733703764
2018-02-25 01:00:00,0.981089337265665,0.0,0.9834636537614106,1.0,0.4007584185422905
2018-02-25 02:00:00,0.7051577070293671,0.0,0.9834636537614106,1.0,0.10689542616107699
2018-02-25 03:00:00,0.4021763273923863,0.0,0.9834636537614106,1.0,0.0
2018-02-25 04:00:00,0.3332118681986729,0.0,0.9834636537614106,1.0,0.0
2018-02-25 05:00:00,0.5684121616409098,0.236364683132863,0.9834636537614106,1.0,0.0
2018-02-25 06:00:00,0.31476288232548166,0.287422490088787,0.9834636537614106,1.0,0.026454698160970944
2018-02-25 07:00:00,0.10394209444673311,0.23346183816569976,0.9834636537614106,1.0,0.0
2018-02-25 08:00:00,0.0,0.3130131809885844,0.9834636537614106,0.4447559949926922,0.0
2018-02-25 09:00:00,0.0,0.03743732018136515,0.9834636537614106,1.0,0.0
2018-02-25 10:00:00,0.0,0.029876081992870056,0.9834636537614106,1.0,0.0
2018-02-25 11:00:00,0.0,0.18315452653791342,0.9834636537614106,1.0,0.06728836352411854
2018-02-25 12:00:00,0.0,0.5705161222318544,0.9834636537614106,1.0,0.6948566674226331
2018-02-25 13:00:00,0.04306725506377808,0.3572509183012023,0.9834636537614106,1.0,0.49511596551613074
2018-02-25 14:00:00,0.27802208493515757,0.5484243977793278,0.930355352195013,1.0,0.6942370695293724
2018-02-25 15:00:00,0.5165010487897318,0.32448495217481205,0.7250246605939226,1.0,0.8500881147414708
2018-02-25 16:00:00,0.24517510780393284,0.262470703292103,0.6614031888243789,0.8534796569106987,0.7924748035401805
2018-02-25 17:00:00,0.16565807537783003,0.18635036855743226,0.5741945970485338,0.849123785215976,0.44152152812472767
2018-02-25 18:00:00,0.0,0.029806757966035595,0.41316888252874095,0.2799878049389193,0.07598798660067907
2018-02-25 19:00:00,0.0,0.0,0.22946071904566737,0.12774018144048568,0.2711514495249607
2018-02-25 20:00:00,0.006175871235109122,0.03852319509409013,0.061177290536830756,0.4686816730970089,0.3597240069577994
2018-02-25 21:00:00,0.09027285763340281,0.04479218866256345,0.0,0.08816464094956725,0.372323495152391
2018-02-25 22:00:00,0.4953750835702692,0.07633215617415996,0.0,0.26662256345111524,0.07302417074895404
2018-02-25 23:00:00,0.7176240524720886,0.07177585910316676,0.49222252800428296,0.49192540261162604,0.0
2018-02-26 00:00:00,0.5171139979840479,0.17212580852479245,0.48390500314655915,0.684799958167853,0.0
2018-02-26 01:00:00,0.6241222746443772,0.06880267540683896,0.49794258305841277,1.0,0.0
2018-02-26 02:00:00,0.9457453430528558,0.0,0.508017221632889,0.3271760077179493,0.008305895014591877
2018-02-26 03:00:00,0.981089337265665,0.0,0.3409775138682358,0.074337028903703,0.02216849749420296
2018-02-26 04:00:00,0.981089337265665,0.031076599302081172,0.21553348817982085,0.0,0.08890397340709533
2018-02-26 05:00:00,0.8882880719160695,0.0,0.0,0.055215276222969886,0.13872188640690208
2018-02-26 06:00:00,0.7700660671349109,0.0,0.0,0.0,0.08029524114475246
2018-02-26 07:00:00,0.5018478505849828,0.0,0.0,0.0,0.1185961507033155
2018-02-26 08:00:00,0.5775761374840834,0.0,0.0,0.09264385660050027,0.018710383397988726
2018-02-26 09:00:00,0.19314482064278302,0.0,0.0,0.15662706650462194,0.04007826693697951
2018-02-26 10:00:00,0.3432763763713134,0.0,0.06441327391139663,0.16958249370808656,0.0
2018-02-26 11:00:00,0.7074975298849033,0.02365806986801391,0.22971604310245136,0.33387879951801297,0.0
2018-02-26 12:00:00,0.981089337265665,0.02526339929444248,0.14465813402622357,0.3333461291319,0.0
2018-02-26 13:00:00,0.981089337265665,0.1422445826221989,0.09386221269131353,0.1383509888308862,0.0
2018-02-26 14:00:00,0.981089337265665,0.1650020859148297,0.055724704909112396,0.18439196621110848,0.0
2018-02-26 15:00:00,0.981089337265665,0.40779373529664065,0.02202052913990214,0.13016291509717762,0.0
2018-02-26 16:00:00,0.981089337265665,0.7553814975397145,0.11991012207314633,0.06193197236900301,0.9495255609856614
2018-02-26 17:00:00,0.981089337265665,0.39245054537523794,0.2716315349061252,0.0,0.29651172105328905
2018-02-26 18:00:00,0.981089337265665,0.12135009221357648,0.6913768111415735,0.06018726057285487,0.15320823914232062
2018-02-26 19:00:00,0.981089337265665,0.41085124067855977,0.7888024253650067,0.6261074087982187,0.877770483688999
2018-02-26 20:00:00,0.981089337265665,0.39570371137090693,0.9773397507537563,0.6273481695686158,0.9495255609856614
2018-02-26 21:00:00,0.981089337265665,0.9785379269967656,0.4232392446910571,0.39255335815525144,0.3664968160973307
2018-02-26 22:00:00,0.981089337265665,0.9785379269967656,0.09307344474620215,0.64073760873743,0.1109236921214562
2018-02-26 23:00:00,0.981089337265665,0.9785379269967656,0.0,0.7091666931840828,0.1922688821739595
2018-02-27 00:00:00,0.981089337265665,0.9785379269967656,0.05885244487290995,0.471925615042949,0.0
2018-02-27 01:00:00,0.981089337265665,0.9785379269967656,0.4171775413216337,0.5486031157246949,0.0
2018-02-27 02:00:00,0.981089337265665,0.9785379269967656,0.38640156747467896,0.8576683609805339,0.0
2018-02-27 03:00:00,0.981089337265665,0.9785379269967656,0.5738336181492024,0.8587077942782992,0.0
2018-02-27 04:00:00,0.981089337265665,0.9785379269967656,0.23272905303474917,0.222727077975021,0.0
2018-02-27 05:00:00,0.981089337265665,0.9785379269967656,0.19521259697027546,0.045789061671890015,0.02036968005876925
2018-02-27 06:00:00,0.981089337265665,0.9785379269967656,0.1522588854937596,0.0,0.0
2018-02-27 07:00:00,0.981089337265665,0.9785379269967656,0.08291268564946942,0.0,0.0
2018-02-27 08:00:00,0.9339602195680344,0.9706125415732082,0.046566358136324884,0.043912857354253314,0.0
2018-02-27 09:00:00,0.34381298018414574,0.563412756242753,0.02674716153138982,0.0,0.0
2018-02-27 10:00:00,0.08024870133063047,0.6610524441086699,0.0,0.0,0.0
2018-02-27 11:00:00,0.25386773338148383,0.3652391405544178,0.0,0.02049145845464556,0.7676140533393542
2018-02-27 12:00:00,0.8192859888452285,0.17847161483400792,0.0,0.037943425099310826,0.9495255609856614
2018-02-27 13:00:00,0.9622179827370864,0.17694788868153807,0.0,0.0,0.879682106879443
2018-02-27 14:00:00,0.981089337265665,0.7396263062437156,0.0,0.02756577924324784,0.9495255609856614
2018-02-27 15:00:00,0.9464238388716163,0.41348276242046034,0.0,0.06538555234277393,0.9495255609856614
2018-02-27 16:00:00,0.9352710592720482,0.2771762997750042,0.0,0.030005911537511046,0.9495255609856614
2018-02-27 17:00:00,0.5139647535245464,0.06688084055244858,0.07519491919524594,0.0,0.9495255609856614
2018-02-27 18:00:00,0.4057261284426432,0.032737292252557754,0.0838437361985072,0.0,0.9495255609856614
2018-02-27 19:00:00,0.2572903960341798,0.0659319497056129,0.20051483107352835,0.62271699122347,0.9370338859881964
2018-02-27 20:00:00,0.0694337817338867,0.9785379269967656,0.4186038111459823,0.7280650730866942,0.9495255609856614
2018-02-27 21:00:00,0.981089337265665,0.39640187979103,0.047509882024913595,0.6096441761242586,0.14953489864640332
2018-02-27 22:00:00,0.981089337265665,0.18703518388200166,0.030131107364070712,0.4026256117938274,0.0
2018-02-27 23:00:00,0.7455574199619293,0.24251369351398286,0.06154624297404845,0.07768186421833197,0.029178332614668647
2018-02-28 00:00:00,0.0,0.15551795615968103,0.0,0.06696794399184199,0.0
2018-02-28 01:00:00,0.0,0.03258983226522813,0.0,0.13284339077470683,0.0
2018-02-28 02:00:00,0.23832995129059148,0.07623095511596782,0.0,0.15923912374903232,0.0
2018-02-28 03:00:00,0.981089337265665,0.02625118815274454,0.0,1.0,0.08027241175630345
2018-02-28 04:00:00,0.981089337265665,0.04987044985705978,0.0,1.0,0.15815494226976312
2018-02-28 05:00:00,0.981089337265665,0.8775849231569378,0.1902393645729674,1.0,0.6587080800220967
2018-02-28 06:00:00,0.981089337265665,0.9785379269967656,0.1720723125494508,1.0,0.6896443033152079
2018-02-28 07:00:00,0.981089337265665,0.9785379269967656,0.23643455981576617,1.0,0.10344419550922505
2018-02-28 08:00:00,0.981089337265665,0.9785379269967656,0.9834636537614106,0.9752594376676271,0.08660279392060198
2018-02-28 09:00:00,0.981089337265665,0.39150470480785227,0.49157508669062977,0.4589166378341954,0.3444437908807927
2018-02-28 10:00:00,0.6268201269930828,0.38705079897148653,0.31366718000481786,0.6194308007710333,0.08667937316240693
2018-02-28 11:00:00,0.27039541416948903,0.2748683659876866,0.32908240622505586,0.47782706278511433,0.20799514013033363
2018-02-28 12:00:00,0.18773245191386126,0.29971892959896584,0.398957091119412,0.24094449119931236,0.6752967018266313
2018-02-28 13:00:00,0.21960132379945332,0.2582818059184385,0.6276899571609944,0.13222618552502813,0.26904569683286594
2018-02-28 14:00:00,0.22527013632476653,0.4399638224906517,0.9834636537614106,0.10656215766034015,0.3514306706962772
2018-02-28 15:00:00,0.565741362614675,0.25465009718287207,0.8799426858470064,0.09432197999065438,0.6730660626505032
2018-02-28 16:00:00,0.981089337265665,0.29503116529228607,0.6981323709428642,0.10903957085402846,0.26558769358713863
2018-02-28 17:00:00,0.8549143507559381,0.4585564934457567,0.7009145186729359,0.07187932364830074,0.30016877779763207
2018-02-28 18:00:00,0.981089337265665,0.6178898498365231,0.5409719765697034,0.12444604663987642,0.09823090844873125
2018-02-28 19:00:00,0.981089337265665,0.9036964918106798,0.20916287371486136,0.1773989700012978,0.1879934951593581
2018-02-28 20:00:00,0.981089337265665,0.5396312666319604,0.2694064865111231,0.16398853973223454,0.4790053381531231
2018-02-28 21:00:00,0.981089337265665,0.7789411463533229,0.11225551588208355,0.16429088632276098,0.10707418250981024
2018-02-28 22:00:00,0.981089337265665,0.5006940159440924,0.1179403228732842,0.27713424880659276,0.18376251930189932
2018-02-28 23:00:00,0.981089337265665,0.3859984210939216,0.20917974134143652,0.2274428439299566,0.03295827364528179
2018-03-01 00:00:00,0.8831773011385585,0.010687254318762029,0.17967586318181097,0.031074505313184272,0.010084450753357283
2018-03-01 01:00:00,0.5869744268068814,0.0,0.0,0.08017124477373912,0.084680421733123
2018-03-01 02:00:00,0.2032456469367968,0.0,0.0,0.2162262155854809,0.03968981501369699
2018-03-01 03:00:00,0.13403438068274823,0.028662464174327152,0.0,0.26496486968991384,0.0
2018-03-01 04:00:00,0.12775835779661135,0.047881587533924734,0.05760240166546867,0.3257792863655071,0.0
2018-03-01 05:00:00,0.03623062118241452,0.06203038000878247,0.09739676918588167,0.38769953028600596,0.0
2018-03-01 06:00:00,0.0,0.1569740604210694,0.12692414852142264,0.3592432590957272,0.0
2018-03-01 07:00:00,0.0,0.2726398825837489,0.2389636427033901,0.49169431991905266,0.0
2018-03-01 08:00:00,0.0,0.308422230960727,0.28224354615579117,0.21294529037231263,0.0
2018-03-01 09:00:00,0.0323084711230811,0.2615865035522615,0.11972532949973178,0.02213370698269709,0.0
2018-03-01 10:00:00,0.07960215102019362,0.2866966258400527,0.0865833671644638,0.011396626476332609,0.0
2018-03-01 11:00:00,0.3298960909793261,0.3741111169737488,0.2808214079154165,0.08295089359407579,0.0
2018-03-01 12:00:00,0.5575282395744201,0.4942226645206324,0.5148360064556408,0.19745766258165687,0.0
2018-03-01 13:00:00,0.8465073900840601,0.6545429288289678,0.6985448792744785,0.23671477121169784,0.0952798516246949
2018-03-01 14:00:00,0.981089337265665,0.9135683855310066,0.8781554200608311,0.21510189457344112,0.7881921968711222
2018-03-01 15:00:00,0.981089337265665,0.967183615386835,0.72955745803767,0.29008956959837673,0.7269968217944245
2018-03-01 16:00:00,0.981089337265665,0.8384721767389282,0.9834636537614106,0.30696942918323317,0.9495255609856614
2018-03-01 17:00:00,0.981089337265665,0.9785379269967656,0.9211367939589997,0.20193840363477109,0.9495255609856614
2018-03-01 18:00:00,0.981089337265665,0.9785379269967656,0.9834636537614106,0.5917025542270338,0.9495255609856614
2018-03-01 19:00:00,0.981089337265665,0.9785379269967656,0.9834636537614106,0.5524180972167773,0.9495255609856614
2018-03-01 20:00:00,0.981089337265665,0.9785379269967656,0.9834636537614106,1.0,0.9495255609856614
2018-03-01 21:00:00,0.981089337265665,0.9785379269967656,0.9834636537614106,1.0,0.9495255609856614
2018-03-01 22:00:00,0.981089337265665,0.9785379269967656,0.9834636537614106,1.0,0.9495255609856614
2018-03-01 23:00:00,0.981089337265665,0.9785379269967656,0.9834636537614106,0.10154306867820677,0.7772347130393892
2018-03-02 00:00:00,0.981089337265665,0.8122575244043595,0.9834636537614106,0.0,0.0
2018-03-02 01:00:00,0.981089337265665,0.8035393507376231,0.6694381254655729,0.19384388963370827,0.0
2018-03-02 02:00:00,0.981089337265665,0.7914659545283051,0.7111999583854238,0.0,0.0
2018-03-02 03:00:00,0.981089337265665,0.9376039394821016,0.5007628803660309,0.030053270381983407,0.059812145627497905
2018-03-02 04:00:00,0.981089337265665,0.880262187666108,0.08496036846197408,0.022715010760568966,0.001481822217056348
2018-03-02 05:00:00,0.981089337265665,0.9025943239918416,0.2187178117492109,0.02916045593335241,0.0
2018-03-02 06:00:00,0.981089337265665,0.9785379269967656,0.429396138854664,0.18686343082085366,0.0
2018-03-02 07:00:00,0.981089337265665,0.538857000765157,0.0,0.5222310742258455,0.0
2018-03-02 08:00:00,0.8759849524336655,0.05867852457474415,0.0,1.0,0.18042643422021878
2018-03-02 09:00:00,0.6703912775259604,0.03479509964764695,0.0,0.44178893842570427,0.022027132198237872
2018-03-02 10:00:00,0.3849065652066213,0.0,0.0,0.9824356426932029,0.0
2018-03-02 11:00:00,0.4509709672224452,0.04016929224126427,0.0,0.8908722917331117,0.0
2018-03-02 12:00:00,0.9674819293728656,0.09355078449818241,0.07636607327389776,0.9506915606549609,0.0
2018-03-02 13:00:00,0.981089337265665,0.21823254786610347,0.06423832516790438,0.763848416346559,0.0
2018-03-02 14:00:00,0.981089337265665,0.44438096416264244,0.051252730402039114,1.0,0.0
2018-03-02 15:00:00,0.981089337265665,0.4244164319590257,0.08763190651163086,1.0,0.01970509252343336
2018-03-02 16:00:00,0.981089337265665,0.7529849551035863,0.15278946073143496,1.0,0.9495255609856614
2018-03-02 17:00:00,0.981089337265665,0.35958884752428977,0.37554445645273654,0.21240675968210984,0.7319666989051997
2018-03-02 18:00:00,0.981089337265665,0.34140896059348574,0.577876872246624,0.17563972167778052,0.9495255609856614
2018-03-02 19:00:00,0.981089337265665,0.12028696316073696,0.671519469216333,0.041248259504629736,0.9495255609856614
2018-03-02 20:00:00,0.981089337265665,0.6313656123403019,0.6003909060897188,0.04040036409171624,0.9495255609856614
2018-03-02 21:00:00,0.981089337265665,0.3779607867534514,0.32987044774940677,0.0,0.9495255609856614
2018-03-02 22:00:00,0.981089337265665,0.9785379269967656,0.8549932944250133,0.059214809084646436,0.9495255609856614
2018-03-02 23:00:00,0.981089337265665,0.9785379269967656,0.9834636537614106,0.0,0.9495255609856614
2018-03-03 00:00:00,0.981089337265665,0.9785379269967656,0.9834636537614106,0.14866519082345048,0.9495255609856614
2018-03-03 01:00:00,0.981089337265665,0.9785379269967656,0.8172191176524842,0.05057377903618879,0.6589580772328101
2018-03-03 02:00:00,0.981089337265665,0.9785379269967656,0.9834636537614106,0.21673962543202463,0.0
2018-03-03 03:00:00,0.981089337265665,0.9785379269967656,0.9834636537614106,0.0,0.07740706799322312
2018-03-03 04:00:00,0.981089337265665,0.5249111561301769,0.9237843197322361,0.12496020234832818,0.05238256371397817
2018-03-03 05:00:00,0.981089337265665,0.2006276436070272,0.3233269789284162,0.10457095716835405,0.09693425685103527
2018-03-03 06:00:00,0.981089337265665,0.15104653404584986,0.104505032595568,0.29969375540130117,0.12164103554223019
2018-03-03 07:00:00,0.981089337265665,0.21064735842055857,0.019796038830964483,0.39231542544676823,0.35140564225699955
2018-03-03 08:00:00,0.9317689114542411,0.037598411844708926,0.04417141994592612,0.10978242900762342,0.11242793829043542
2018-03-03 09:00:00,0.2330104261474882,0.0,0.0,0.13982317644350334,0.07913499471577883
2018-03-03 10:00:00,0.12851230601580957,0.16219222327446406,0.0,0.051341053933791146,0.0
2018-03-03 11:00:00,0.12238589401676617,0.053096226984585444,0.0,0.04676000219319155,0.0
2018-03-03 12:00:00,0.22016330110961166,0.20698357471932782,0.0,0.25066969754351004,0.0
2018-03-03 13:00:00,0.110025676076534,0.5457092142615402,0.050963746159870184,0.36555075040438645,0.033914798944135245
2018-03-03 14:00:00,0.824962174845665,0.5603911741140867,0.10018090939980638,0.371691886271703,0.04385184313403741
2018-03-03 15:00:00,0.4992720204370937,0.3493036889207946,0.025334134976618353,0.31052842202536585,0.9495255609856614
2018-03-03 16:00:00,0.981089337265665,0.4473917281376375,0.0363308179796882,0.10643009689228941,0.6442644562428993
2018-03-03 17:00:00,0.981089337265665,0.25268499617895596,0.054138730180670384,0.06032501321651745,0.9495255609856614
2018-03-03 18:00:00,0.981089337265665,0.2742017353682431,0.32568879420415636,0.33961812380829504,0.9495255609856614
2018-03-03 19:00:00,0.981089337265665,0.5101133264964185,0.9706497878843394,0.5858941064003849,0.9495255609856614
2018-03-03 20:00:00,0.981089337265665,0.9785379269967656,0.9834636537614106,0.4150721933087058,0.9495255609856614
2018-03-03 21:00:00,0.981089337265665,0.9785379269967656,0.5218120020839516,0.5045724144929408,0.9495255609856614
2018-03-03 22:00:00,0.981089337265665,0.9785379269967656,0.22582698552941272,1.0,0.9495255609856614
2018-03-03 23:00:00,0.981089337265665,0.9785379269967656,0.362630852795607,0.14146376692510165,0.36040112797754775
2018-03-04 00:00:00,0.981089337265665,0.9785379269967656,0.95901599431776,0.37828680063599357,0.06417107811817323
2018-03-04 01:00:00,0.981089337265665,0.9785379269967656,0.9834636537614106,0.16374123644763583,0.36986803128673196
2018-03-04 02:00:00,0.981089337265665,0.9785379269967656,0.9834636537614106,0.23143546412904162,0.02983501063869343
2018-03-04 03:00:00,0.981089337265665,0.9785379269967656,0.9834636537614106,0.35460592582279393,0.1686548937566251
2018-03-04 04:00:00,0.981089337265665,0.9785379269967656,0.8676666943117215,0.23692574631769306,0.7465583560697093
2018-03-04 05:00:00,0.981089337265665,0.9785379269967656,0.8603530582750119,0.0,0.4509556685656672
2018-03-04 06:00:00,0.981089337265665,0.9077926119548161,0.7630963423290755,0.0,0.4796431884829671
2018-03-04 07:00:00,0.981089337265665,0.9785379269967656,0.5378809507962968,0.01211903169743011,0.0029657443222246777
2018-03-04 08:00:00,0.981089337265665,0.9785379269967656,0.383656300089727,0.0,0.0
2018-03-04 09:00:00,0.8148222338973983,0.9785379269967656,0.03715336160549603,0.3692215428124004,0.9495255609856614
2018-03-04 10:00:00,0.8932776646249961,0.9785379269967656,0.0,0.0,0.9495255609856614
2018-03-04 11:00:00,0.32390443882902403,0.9785379269967656,0.0,0.04071634374405378,0.9495255609856614
2018-03-04 12:00:00,0.981089337265665,0.9785379269967656,0.03652268017270374,0.031115180762404437,0.9495255609856614
2018-03-04 13:00:00,0.981089337265665,0.9785379269967656,0.12123583538008968,0.16532343907626765,0.9495255609856614
2018-03-04 14:00:00,0.981089337265665,0.9785379269967656,0.10694278672803574,0.14463550266739658,0.9495255609856614
2018-03-04 15:00:00,0.981089337265665,0.9785379269967656,0.056126137232109755,0.487231310422228,0.9495255609856614
2018-03-04 16:00:00,0.981089337265665,0.9785379269967656,0.6761565472850792,0.3502068512708933,0.9495255609856614
2018-03-04 17:00:00,0.981089337265665,0.9785379269967656,0.18921275433053772,1.0,0.9495255609856614
2018-03-04 18:00:00,0.981089337265665,0.9785379269967656,0.9834636537614106,1.0,0.9495255609856614
2018-03-04 19:00:00,0.981089337265665,0.9785379269967656,0.9834636537614106,1.0,0.9495255609856614
2018-03-04 20:00:00,0.981089337265665,0.9785379269967656,0.9834636537614106,1.0,0.9495255609856614
2018-03-04 21:00:00,0.981089337265665,0.9785379269967656,0.9834636537614106,1.0,0.9495255609856614
2018-03-04 22:00:00,0.981089337265665,0.9366145271752716,0.9834636537614106,1.0,0.9495255609856614
2018-03-04 23:00:00,0.981089337265665,0.3190106721259367,0.9834636537614106,1.0,0.9495255609856614
2018-03-05 00:00:00,0.981089337265665,0.9785379269967656,0.9834636537614106,1.0,0.9495255609856614
2018-03-05 01:00:00,0.7523980932586355,0.9785379269967656,0.9834636537614106,1.0,0.9495255609856614
2018-03-05 02:00:00,0.9286436846734508,0.9785379269967656,0.9834636537614106,1.0,0.9495255609856614
2018-03-05 03:00:00,0.4980136062418521,0.9785379269967656,0.9834636537614106,1.0,0.9495255609856614
2018-03-05 04:00:00,0.981089337265665,0.9785379269967656,0.9834636537614106,1.0,0.9495255609856614
2018-03-05 05:00:00,0.981089337265665,0.9785379269967656,0.9834636537614106,1.0,0.9495255609856614
2018-03-05 06:00:00,0.981089337265665,0.9785379269967656,0.9834636537614106,1.0,0.9495255609856614
2018-03-05 07:00:00,0.981089337265665,0.9785379269967656,0.9834636537614106,1.0,0.9495255609856614
2018-03-05 08:00:00,0.981089337265665,0.9785379269967656,0.9834636537614106,1.0,0.9495255609856614
2018-03-05 09:00:00,0.981089337265665,0.9785379269967656,0.9834636537614106,1.0,0.9495255609856614
2018-03-05 10:00:00,0.981089337265665,0.9785379269967656,0.9834636537614106,1.0,0.9495255609856614
2018-03-05 11:00:00,0.981089337265665,0.9785379269967656,0.9834636537614106,1.0,0.9495255609856614
2018-03-05 12:00:00,0.981089337265665,0.9785379269967656,0.9834636537614106,1.0,0.9495255609856614
2018-03-05 13:00:00,0.8262769873648242,0.9785379269967656,0.9834636537614106,1.0,0.9495255609856614
2018-03-05 14:00:00,0.95799695308029,0.9785379269967656,0.9834636537614106,1.0,0.9495255609856614
2018-03-05 15:00:00,0.981089337265665,0.9785379269967656,0.9834636537614106,1.0,0.9495255609856614
2018-03-05 16:00:00,0.981089337265665,0.9785379269967656,0.9834636537614106,1.0,0.9495255609856614
2018-03-05 17:00:00,0.8031891174963557,0.9785379269967656,0.9834636537614106,1.0,0.5247271646879558
2018-03-05 18:00:00,0.36421942927697093,0.9785379269967656,0.9834636537614106,1.0,0.5707573372008792
2018-03-05 19:00:00,0.8739208768398533,0.9785379269967656,0.9834636537614106,1.0,0.7338366216348043
2018-03-05 20:00:00,0.981089337265665,0.9785379269967656,0.9834636537614106,1.0,0.28674144445593974
2018-03-05 21:00:00,0.7551485625421818,0.9785379269967656,0.9834636537614106,1.0,0.9495255609856614
2018-03-05 22:00:00,0.26953471001475326,0.9785379269967656,0.9834636537614106,1.0,0.6780917618439501
2018-03-05 23:00:00,0.1142373238572607,0.9785379269967656,0.9834636537614106,1.0,0.2402334522262658
2018-03-06 00:00:00,0.5757692020006941,0.9785379269967656,0.9834636537614106,0.9134288703736565,0.17732775338230872
2018-03-06 01:00:00,0.981089337265665,0.9785379269967656,0.9834636537614106,1.0,0.05892570784085509
2018-03-06 02:00:00,0.981089337265665,0.9785379269967656,0.9834636537614106,1.0,0.0
2018-03-06 03:00:00,0.981089337265665,0.9785379269967656,0.9834636537614106,1.0,0.0
2018-03-06 04:00:00,0.981089337265665,0.9785379269967656,0.9834636537614106,1.0,0.0
2018-03-06 05:00:00,0.981089337265665,0.9785379269967656,0.9834636537614106,1.0,0.0
2018-03-06 06:00:00,0.981089337265665,0.9785379269967656,0.9834636537614106,1.0,0.0
2018-03-06 07:00:00,0.981089337265665,0.9785379269967656,0.9834636537614106,1.0,0.0
2018-03-06 08:00:00,0.981089337265665,0.9785379269967656,0.9834636537614106,1.0,0.0
2018-03-06 09:00:00,0.8503671050118861,0.9785379269967656,0.9834636537614106,1.0,0.0
2018-03-06 10:00:00,0.7089336974692592,0.9184419754684447,0.9834636537614106,1.0,0.0
2018-03-06 11:00:00,0.7802560554732314,0.9785379269967656,0.9834636537614106,1.0,0.0
2018-03-06 12:00:00,0.9350685192304623,0.9785379269967656,0.9834636537614106,1.0,0.03840942309039423
2018-03-06 13:00:00,0.6581281497079715,0.9785379269967656,0.9834636537614106,1.0,0.1702144437533893
2018-03-06 14:00:00,0.981089337265665,0.9785379269967656,0.9834636537614106,0.953450648754567,0.04558190705947715
2018-03-06 15:00:00,0.981089337265665,0.9785379269967656,0.9834636537614106,1.0,0.07597047383889234
2018-03-06 16:00:00,0.981089337265665,0.9785379269967656,0.9834636537614106,0.875941745049678,0.06768954931548901
2018-03-06 17:00:00,0.8252429770219504,0.4017534899194665,0.9834636537614106,0.4662444558593145,0.21805765448028752
2018-03-06 18:00:00,0.7207030360793748,0.18557247271425584,0.9834636537614106,0.47084145408279693,0.5046894522804611
2018-03-06 19:00:00,0.9120814025579917,0.4611237615138307,0.9834636537614106,0.5731501637298396,0.7603505000567132
2018-03-06 20:00:00,0.981089337265665,0.39447795678510866,0.9834636537614106,0.8850256255612293,0.3720388892010383
2018-03-06 21:00:00,0.5507749266833056,0.024569362004616353,0.4861302141629571,0.24692647342060298,0.3780755632414745
2018-03-06 22:00:00,0.2662719804688407,0.039494058754200395,0.06655183167309112,0.0,0.34699127281135
2018-03-06 23:00:00,0.12024971209742324,0.0,0.09884275932979791,0.03178876166616782,0.5099770268473333
2018-03-07 00:00:00,0.05181495442677366,0.0,0.2599050223394722,0.11589226297116402,0.43895399640722893
2018-03-07 01:00:00,0.0,0.0,0.2797015060715103,0.16945918745003605,0.02372431672719147
2018-03-07 02:00:00,0.0,0.13555284205892612,0.38248470575290183,0.34980359853646054,0.0
2018-03-07 03:00:00,0.03904362234168638,0.38439717196490497,0.6781814407611315,0.5170592185397093,0.0
2018-03-07 04:00:00,0.1858323928151274,0.3430437151209884,0.3102047104869642,0.6834099456584136,0.0
2018-03-07 05:00:00,0.271445491545158,0.3307456008170703,0.222241920850004,0.45425193706070227,0.0
2018-03-07 06:00:00,0.557569987094122,0.44561200734806355,0.08593349701363066,0.9371830961290277,0.0
2018-03-07 07:00:00,0.9776393438074231,0.3553961121741879,0.027039713534779488,1.0,0.0
2018-03-07 08:00:00,0.7993148896182187,0.1428206398962014,0.15633953803245865,1.0,0.0
2018-03-07 09:00:00,0.6788347430296238,0.032364988883464146,0.0,0.8444945297071256,0.0
2018-03-07 10:00:00,0.2968875208386672,0.0,0.0,0.30351082895665116,0.0
2018-03-07 11:00:00,0.04105605138205865,0.0,0.0,0.17497641313497236,0.0
2018-03-07 12:00:00,0.0,0.02337478916584285,0.02821049689753144,0.12703197830509488,0.054603140122266504
2018-03-07 13:00:00,0.0,0.05242708233414231,0.07273435024352772,0.1645675219932773,0.09197025769028204
2018-03-07 14:00:00,0.10020224649847277,0.19993095012660977,0.2013579993896797,0.12198565540402372,0.19851228083186778
2018-03-07 15:00:00,0.1303019568818356,0.079687130427542,0.35472979801661875,0.29856207376116806,0.15821148266769416
2018-03-07 16:00:00,0.12199051968287423,0.06944536452003348,0.18631191897131016,0.49619187796478453,0.202761499095785
2018-03-07 17:00:00,0.1556475506504501,0.1176005794147109,0.2633891512768358,0.2518886951047858,0.1708241290409172
2018-03-07 18:00:00,0.15086836077446644,0.13410872825970155,0.23859367506926352,0.16437704366983893,0.3322087980335766
2018-03-07 19:00:00,0.01660726057382831,0.10956589865201173,0.18025199570139924,0.3218174105712782,0.3987989567951609
2018-03-07 20:00:00,0.11206815302204924,0.1362177605587961,0.7230876621624346,0.3479475466060603,0.7439241679896258
2018-03-07 21:00:00,0.2103243528511028,0.09629898794972724,0.7174702135356632,0.4750684833220163,0.6918884175160879
2018-03-07 22:00:00,0.5111858545482407,0.08810437016404302,0.2359077328588156,0.49113881707145457,0.0
2018-03-07 23:00:00,0.37097839071513977,0.16487817422824436,0.324678645020565,0.9715088746540603,0.0
2018-03-08 00:00:00,0.3011777515844561,0.6756685640108724,0.4998066177109596,1.0,0.0
2018-03-08 01:00:00,0.4135357540803245,0.9785379269967656,0.673544995355178,1.0,0.0
2018-03-08 02:00:00,0.6115479273383003,0.8590020369130124,0.8102980762549215,0.9544164089642527,0.0
2018-03-08 03:00:00,0.6582341718908851,0.7240768946414406,0.543098581260135,0.36814369283408466,0.0
2018-03-08 04:00:00,0.7487807575527793,0.5540666188011971,0.537079797873623,0.3882309537736747,0.0
2018-03-08 05:00:00,0.7920363208522772,0.30915655107228796,0.9834636537614106,0.3453686961439536,0.053748919131928224
2018-03-08 06:00:00,0.5513780254913753,0.26667647755211243,0.9745383048252945,0.2711379074557107,0.0
2018-03-08 07:00:00,0.4805502522078164,0.08172221596652514,0.5947956237736638,0.4616575004648743,0.09972941048203668
2018-03-08 08:00:00,0.3603324514452842,0.021906995570858373,0.31612540378986576,0.3124996801335934,0.03739110907402301
2018-03-08 09:00:00,0.05706131086468825,0.0,0.24835073138270783,0.20185809604414445,0.0
2018-03-08 10:00:00,0.025680051225786413,0.0,0.06795857537273034,0.23100528735708553,0.0
2018-03-08 11:00:00,0.021262349318493363,0.0,0.17946187261824267,0.15927549417053138,0.0
2018-03-08 12:00:00,0.04241608750736483,0.0,0.23193109489354655,0.4932493614688323,0.0
2018-03-08 13:00:00,0.027972335552880666,0.0,0.14943792108424822,0.5750026274620004,0.0
2018-03-08 14:00:00,0.023316304640791496,0.040241785128143526,0.1767843268757407,1.0,0.0
2018-03-08 15:00:00,0.0,0.0,0.14333316116472453,0.903449379129087,0.06177578237301673
2018-03-08 16:00:00,0.0,0.0,0.058933429225585594,1.0,0.10974494074258999
2018-03-08 17:00:00,0.051244718706241775,0.0,0.01692167528498443,0.9771304989722518,0.35170978263877717
2018-03-08 18:00:00,0.04420457462594708,0.10163887365849118,0.06763508739770843,1.0,0.638068645068466
2018-03-08 19:00:00,0.17851674125172762,0.28628698521511386,0.9704556136916084,0.9768219794805988,0.8844302562338795
2018-03-08 20:00:00,0.5304487973181286,0.15638125069085185,0.9834636537614106,1.0,0.6891494787317829
2018-03-08 21:00:00,0.4907664208130863,0.0,0.7068706001636941,1.0,0.24248234660467716
2018-03-08 22:00:00,0.6617761548661973,0.0,0.8929253055174015,1.0,0.0
2018-03-08 23:00:00,0.5054830189201209,0.0,0.467818158423373,1.0,0.08589919511618663
2018-03-09 00:00:00,0.3748279512183357,0.049350911326516714,0.42572871766752407,1.0,0.15331812180059384
2018-03-09 01:00:00,0.3668304475789733,0.3391496331792061,0.9834636537614106,1.0,0.16201066784894838
2018-03-09 02:00:00,0.2587958580745424,0.07564917099506464,0.9834636537614106,1.0,0.16557858738773984
2018-03-09 03:00:00,0.2968195662672954,0.22782417875145786,0.9834636537614106,1.0,0.2161022764022068
2018-03-09 04:00:00,0.34001434352421384,0.1228010550770365,0.9834636537614106,1.0,0.1714528214412594
2018-03-09 05:00:00,0.981089337265665,0.9785379269967656,0.9834636537614106,1.0,0.052676851754463835
2018-03-09 06:00:00,0.981089337265665,0.9785379269967656,0.9834636537614106,1.0,0.12373842181308367
2018-03-09 07:00:00,0.981089337265665,0.9785379269967656,0.9834636537614106,1.0,0.11968179738432887
2018-03-09 08:00:00,0.7395956549639343,0.9785379269967656,0.9796169745646245,1.0,0.0
2018-03-09 09:00:00,0.32163242527640884,0.5742569212166406,0.8173457728465248,0.8997440624174331,0.0
2018-03-09 10:00:00,0.31033312608160957,0.22045507897084557,0.605381019151842,1.0,0.0
2018-03-09 11:00:00,0.16562492762759484,0.09141167766720223,0.9345688603930908,1.0,0.027620975705894012
2018-03-09 12:00:00,0.0,0.05930954860163114,0.9834636537614106,1.0,0.0
2018-03-09 13:00:00,0.0,0.0,0.9527516189879952,0.9753749723763473,0.0
2018-03-09 14:00:00,0.0,0.04951431689603594,0.8249609251850016,1.0,0.6558270450595138
2018-03-09 15:00:00,0.0,0.0,0.40572998922106696,1.0,0.4596527132466536
2018-03-09 16:00:00,0.0,0.027185575718807083,0.23970108683830857,1.0,0.9495255609856614
2018-03-09 17:00:00,0.0,0.0,0.7998328210830931,1.0,0.16310456945059779
2018-03-09 18:00:00,0.059482567929437104,0.0,0.2392456300248007,1.0,0.5885766639946917
2018-03-09 19:00:00,0.24368880840135806,0.0,0.0,1.0,0.9495255609856614
2018-03-09 20:00:00,0.2961716403678109,0.4236016201624276,0.47771891132243444,1.0,0.9495255609856614
2018-03-09 21:00:00,0.2895166365608535,0.31982884330126304,0.26556240807664244,1.0,0.44600708507707837
2018-03-09 22:00:00,0.16192659011738506,0.9785379269967656,0.3330896238461709,1.0,0.0
2018-03-09 23:00:00,0.16250007332939806,0.9785379269967656,0.4005394066577886,1.0,0.019573059155207274
2018-03-10 00:00:00,0.4965171016257035,0.9785379269967656,0.32597003627206533,1.0,0.13644132941111486
2018-03-10 01:00:00,0.3766367296858323,0.9785379269967656,0.39295141807214246,0.933376235384513,0.0
2018-03-10 02:00:00,0.18859007473768524,0.9785379269967656,0.3511933277975076,1.0,0.11781740397188482
2018-03-10 03:00:00,0.42126206495602386,0.9785379269967656,0.6991879766286937,1.0,0.43479611005846963
2018-03-10 04:00:00,0.9650010219097557,0.3041503830384335,0.9291525843812624,1.0,0.381003868848932
2018-03-10 05:00:00,0.36109131397012556,0.9785379269967656,0.9834636537614106,1.0,0.09663949666072197
2018-03-10 06:00:00,0.37724342822612056,0.618258942673281,0.9834636537614106,1.0,0.07442223255532004
2018-03-10 07:00:00,0.981089337265665,0.4517529306940867,0.863920627732801,1.0,0.06897885175968566
2018-03-10 08:00:00,0.981089337265665,0.0,0.9834636537614106,1.0,0.0
2018-03-10 09:00:00,0.981089337265665,0.2515411675092195,0.9834636537614106,1.0,0.0
2018-03-10 10:00:00,0.7804309931799506,0.0470757889312176,0.9834636537614106,1.0,0.0
2018-03-10 11:00:00,0.2605439229056767,0.5526469708587656,0.9834636537614106,1.0,0.127839898240846
2018-03-10 12:00:00,0.27146042149706157,0.3715385193788959,0.9834636537614106,1.0,0.03207001715883883
2018-03-10 13:00:00,0.14580217621447883,0.9785379269967656,0.9834636537614106,1.0,0.24741403369735324
2018-03-10 14:00:00,0.1230274831674326,0.8363573265596816,0.9834636537614106,1.0,0.2326234921424563
2018-03-10 15:00:00,0.08284674725517525,0.9785379269967656,0.9834636537614106,1.0,0.9495255609856614
2018-03-10 16:00:00,0.5265435339155263,0.6816218223886117,0.9834636537614106,1.0,0.9495255609856614
2018-03-10 17:00:00,0.981089337265665,0.8017954301387084,0.9834636537614106,1.0,0.9495255609856614
2018-03-10 18:00:00,0.981089337265665,0.8624626517009953,0.9834636537614106,1.0,0.7897311232361501
2018-03-10 19:00:00,0.981089337265665,0.9785379269967656,0.9834636537614106,1.0,0.29361152574312005
2018-03-10 20:00:00,0.981089337265665,0.9785379269967656,0.9834636537614106,1.0,0.0
2018-03-10 21:00:00,0.8736470244165567,0.9552864047509488,0.9834636537614106,1.0,0.19164579844654245
2018-03-10 22:00:00,0.8736470244165567,0.9552864047509488,0.9834636537614106,1.0,0.19164579844654245
2018-03-10 23:00:00,0.981089337265665,0.40498459448043267,0.9834636537614106,1.0,0.26235875189211433
2018-03-11 00:00:00,0.981089337265665,0.7187397790905379,0.9834636537614106,1.0,0.05126882334092601
2018-03-11 01:00:00,0.981089337265665,0.8646787806663344,0.9834636537614106,1.0,0.0
2018-03-11 02:00:00,0.981089337265665,0.9672586182328388,0.7387591302728889,1.0,0.0
2018-03-11 03:00:00,0.981089337265665,0.9785379269967656,0.8348382909696508,1.0,0.06180606468466572
2018-03-11 04:00:00,0.981089337265665,0.9785379269967656,0.9086988772672526,1.0,0.09967938556645195
2018-03-11 05:00:00,0.981089337265665,0.9130735736087261,0.7977051945980832,1.0,0.03158151701498714
2018-03-11 06:00:00,0.981089337265665,0.7953895821421568,0.6833322648458352,0.9790134634157976,0.07578838598089464
2018-03-11 07:00:00,0.981089337265665,0.7077155331417748,0.6217790757450768,0.7871494694806298,0.002421977376214829
2018-03-11 08:00:00,0.7902874970804445,0.38096597561881557,0.347087138813945,0.5124803146634095,0.0
2018-03-11 09:00:00,0.642903471223616,0.5657784922753883,0.293166278529419,0.35060028875077026,0.0
2018-03-11 10:00:00,0.5706445978795228,0.26224290789116367,0.2957183425002522,0.19975432618168687,0.0
2018-03-11 11:00:00,0.840928874643972,0.3022200026843403,0.2322074705830873,0.15235841143434356,0.0
2018-03-11 12:00:00,0.9467319232965057,0.396905638025991,0.11269352890115834,0.06594752825819224,0.0
2018-03-11 13:00:00,0.6081362213258147,0.33222618435969636,0.0896010928554386,0.05526968609719051,0.05320064289147675
2018-03-11 14:00:00,0.30063549845637777,0.19536371312560405,0.0592073131081713,0.04313911540289164,0.048485814907145465
2018-03-11 15:00:00,0.1948774201102145,0.17894681726957085,0.09613988548978628,0.05137305442598496,0.029750338967210226
2018-03-11 16:00:00,0.12422232219653198,0.05062603906264836,0.059862309618197884,0.014934438402738857,0.06056272918001141
2018-03-11 17:00:00,0.11791338539434647,0.025045338042893064,0.02151072436874343,0.0,0.07838593232339265
2018-03-11 18:00:00,0.06510882088020084,0.031765035157946916,0.02414426298710172,0.04482515689124408,0.08956830853184224
2018-03-11 19:00:00,0.17207489280268692,0.02394288858627861,0.03473648991626436,0.0649524111546033,0.24640113546125536
2018-03-11 20:00:00,0.33142975345130415,0.09614177083649666,0.08301002240008858,0.17024359840437372,0.28357706098857105
2018-03-11 21:00:00,0.21520475947432047,0.0,0.03189672325579963,0.29374362457606884,0.2829234908865253
2018-03-11 22:00:00,0.07365399355356853,0.0,0.04726479742071551,0.2978295208025431,0.0
2018-03-11 23:00:00,0.03423549290595245,0.0,0.0557588486428,0.408108179135378,0.0
2018-03-12 00:00:00,0.059159351711043084,0.03586813830384472,0.05252575605156632,0.44379908629129877,0.0
2018-03-12 01:00:00,0.08973212063390468,0.01662514297507613,0.04268359290096863,0.5417182442983143,0.0
2018-03-12 02:00:00,0.18963044115743613,0.03885612822680838,0.13492910904780525,0.4562479561335476,0.0
2018-03-12 03:00:00,0.41710817485051926,0.0688821784086921,0.2123893470354494,0.5804318105081101,0.0
2018-03-12 04:00:00,0.46654033046812887,0.1305767626085129,0.2458149616478666,0.5278220578040047,0.0
2018-03-12 05:00:00,0.4673082631698296,0.0452375936130668,0.0057403384825763,0.31710497098911034,0.0
2018-03-12 06:00:00,0.5944671191053611,0.02394260711653525,0.012762343668979314,0.31429416512640396,0.007082036355813386
2018-03-12 07:00:00,0.7556126180571475,0.0,0.0,0.44047402257056667,0.01713636047618268
2018-03-12 08:00:00,0.51432255527288,0.0,0.0,0.3479752560610639,0.0
2018-03-12 09:00:00,0.19104570949601066,0.0,0.0,0.1752309992313404,0.0
2018-03-12 10:00:00,0.3251069534885329,0.0,0.04759864683813811,0.2881102980205777,0.0
2018-03-12 11:00:00,0.23062826151340657,0.10998861517480413,0.13517431142967012,0.021554390669942806,0.0
2018-03-12 12:00:00,0.29313731165882356,0.1578855146265803,0.2521388985413172,0.0,0.0
2018-03-12 13:00:00,0.21028564942988562,0.15266968453442512,0.2382358636906934,0.0,0.06243977430775512
2018-03-12 14:00:00,0.24227933001952184,0.14308151741997788,0.21819829742733177,0.006991955914575119,0.06555875893588956
2018-03-12 15:00:00,0.23257878125803252,0.04556836349298198,0.2012492683870944,0.03203273238949382,0.1516231741141992
2018-03-12 16:00:00,0.15372413239583135,0.0,0.258930400611985,0.08348376314038114,0.10712813079992421
2018-03-12 17:00:00,0.4271020152045243,0.04820633309773976,0.2558454017821129,0.0,0.20978700856619278
2018-03-12 18:00:00,0.7972749814593234,0.22021630981934953,0.8108794842904272,0.0,0.36670444442008665
2018-03-12 19:00:00,0.981089337265665,0.49575368149709165,0.9834636537614106,0.0,0.608528262786347
2018-03-12 20:00:00,0.981089337265665,0.4635950237843272,0.9834636537614106,1.0,0.2745710783822668
2018-03-12 21:00:00,0.981089337265665,0.9785379269967656,0.7724412217380473,1.0,0.7622324893573014
2018-03-12 22:00:00,0.981089337265665,0.856750580222934,0.5407081570836164,1.0,0.9495255609856614
2018-03-12 23:00:00,0.981089337265665,0.9488217096395345,0.41598159275506125,0.9809505115501043,0.9495255609856614
2018-03-13 00:00:00,0.981089337265665,0.6252078351179376,0.15652439318742528,0.8561076220546189,0.0
2018-03-13 01:00:00,0.8735709394239621,0.46801855541627957,0.08806408452611693,0.7568324518063297,0.0
2018-03-13 02:00:00,0.981089337265665,0.02516184599699389,0.10388657811006592,0.6085305832003287,0.041427691884424966
2018-03-13 03:00:00,0.8829686675782245,0.0,0.12021814105276044,0.7491824266814265,0.10943875258769713
2018-03-13 04:00:00,0.11965890920278476,0.0,0.15896606242944072,0.7218425401701954,0.1458027989190834
2018-03-13 05:00:00,0.5882283827496241,0.0,0.052233367873575104,0.09092173159064738,0.13589172615218714
2018-03-13 06:00:00,0.48743779354106986,0.0,0.04784803148857753,0.1020554355808788,0.1292090179756216
2018-03-13 07:00:00,0.5043025520474946,0.0,0.04106091968162153,0.0,0.0
2018-03-13 08:00:00,0.21861415126748943,0.0,0.03272825686807806,0.08047485227280356,0.0
2018-03-13 09:00:00,0.09208497826382725,0.02001433644513333,0.05826635004011992,0.020274420577116908,0.0
2018-03-13 10:00:00,0.12273366179786066,0.10601715318092507,0.11771620665370493,0.05441597182588257,0.0
2018-03-13 11:00:00,0.13896536869791126,0.1060937868515048,0.19149042618114226,0.059572062459588564,0.0
2018-03-13 12:00:00,0.1945388768952413,0.16512623339865062,0.21989261632653265,0.0614184782119722,0.0591614181519979
2018-03-13 13:00:00,0.2348734635268713,0.21177060449667892,0.24149634839092138,0.11349979246163404,0.20442602284667152
2018-03-13 14:00:00,0.28324000358505513,0.3287659761530063,0.24747121323035406,0.08128958238759683,0.33277690772926344
2018-03-13 15:00:00,0.22413029996977518,0.2000930252142831,0.12327909674095247,0.05836703634518702,0.36920435106729993
2018-03-13 16:00:00,0.2885736030485929,0.31886361283526793,0.24947939617202491,0.02987525915636443,0.4369673279955673
2018-03-13 17:00:00,0.284061599086116,0.3838869576232514,0.2844050481074591,0.06702641507526536,0.7059043333034343
2018-03-13 18:00:00,0.42535718870288314,0.5000304500896625,0.6682657405364487,0.11922840558652649,0.735241468340101
2018-03-13 19:00:00,0.8763044303924148,0.9593502901087662,0.9834636537614106,0.5346421646966214,0.9495255609856614
2018-03-13 20:00:00,0.9079104366083245,0.9613218230210209,0.9834636537614106,0.7751455685884994,0.9495255609856614
2018-03-13 21:00:00,0.981089337265665,0.9785379269967656,0.9834636537614106,0.7354375050989336,0.9495255609856614
2018-03-13 22:00:00,0.981089337265665,0.9222028183768429,0.9834636537614106,1.0,0.9495255609856614
2018-03-13 23:00:00,0.981089337265665,0.8740256151060498,0.9834636537614106,1.0,0.9495255609856614
2018-03-14 00:00:00,0.981089337265665,0.5171892677782893,0.9834636537614106,1.0,0.4735769265282203
2018-03-14 01:00:00,0.981089337265665,0.21238224446042744,0.9834636537614106,1.0,0.0
2018-03-14 02:00:00,0.981089337265665,0.09332776460291527,0.9834636537614106,0.9655563403485355,0.09682805295946519
2018-03-14 03:00:00,0.981089337265665,0.0853364432318647,0.9834636537614106,0.5272773661823076,0.052516107091996826
2018-03-14 04:00:00,0.981089337265665,0.0,0.9834636537614106,0.36337923420286466,0.09088549872414134
2018-03-14 05:00:00,0.981089337265665,0.0,0.9834636537614106,0.19434899446309936,0.1120940951833657
2018-03-14 06:00:00,0.981089337265665,0.022735217327671683,0.9834636537614106,0.2132473567321455,0.047154345794075146
2018-03-14 07:00:00,0.981089337265665,0.09030331624727865,0.929833547042679,0.2737412231438771,0.01821941763815671
2018-03-14 08:00:00,0.981089337265665,0.027371422583073696,0.34233738557758747,0.09115278998956393,0.030249249734737818
2018-03-14 09:00:00,0.3062099645104877,0.0,0.01386375585859791,0.0693053588434559,0.0
2018-03-14 10:00:00,0.06471827258355699,0.0,0.0,0.02664165066056185,0.0
2018-03-14 11:00:00,0.0,0.0,0.0,0.050782439788914,0.0
2018-03-14 12:00:00,0.0,0.0,0.0,0.11262999662397104,0.0556154557297819
2018-03-14 13:00:00,0.0,0.005870800767240383,0.0,0.022603641096703177,0.0
2018-03-14 14:00:00,0.0,0.029974747710294354,0.0,0.03570676947907354,0.004257201186071969
2018-03-14 15:00:00,0.026691021881001153,0.0,0.0,0.0,0.0
2018-03-14 16:00:00,0.07106664149570881,0.016822165010405257,0.02471232535540455,0.10868565507820054,0.2582216794576235
2018-03-14 17:00:00,0.7250071328542902,0.0,0.03057952404494419,0.07976522510924211,0.6408351269088587
2018-03-14 18:00:00,0.8538491011683034,0.23248871815601171,0.15087839439847425,0.29730394239510965,0.9495255609856614
2018-03-14 19:00:00,0.981089337265665,0.46588674207547054,0.5253949125172696,0.44232258560447263,0.9495255609856614
2018-03-14 20:00:00,0.981089337265665,0.7178619108238321,0.9257396763342451,0.43081622557807286,0.9495255609856614
2018-03-14 21:00:00,0.981089337265665,0.7799187605017313,0.8685530314126125,0.4747005936484443,0.9495255609856614
2018-03-14 22:00:00,0.981089337265665,0.121372019642564,0.5231971828465295,0.8924294798092766,0.0
2018-03-14 23:00:00,0.981089337265665,0.09157477588231415,0.38226319716441426,0.4742493967138884,0.04327902409720322
2018-03-15 00:00:00,0.981089337265665,0.0,0.24820931714454017,0.9661559912180859,0.0
2018-03-15 01:00:00,0.981089337265665,0.0,0.027208992131769635,1.0,0.0
2018-03-15 02:00:00,0.981089337265665,0.0,0.0,1.0,0.0
2018-03-15 03:00:00,0.981089337265665,0.0,0.0,1.0,0.0
2018-03-15 04:00:00,0.981089337265665,0.05943944960846072,0.005330490262155898,0.7768932145679635,0.0
2018-03-15 05:00:00,0.9586888468880643,0.18099035662588586,0.0,1.0,0.0
2018-03-15 06:00:00,0.981089337265665,0.10336952385256232,0.03660168873905399,1.0,0.0
2018-03-15 07:00:00,0.981089337265665,0.09651286831755138,0.0,0.06632888448657823,0.0
2018-03-15 08:00:00,0.47046453754024004,0.026998661585507643,0.023576974613817397,0.02335634136848982,0.0
2018-03-15 09:00:00,0.4407860162105523,0.08250944755394202,0.005514589282364349,0.0,0.0
2018-03-15 10:00:00,0.5480655405990845,0.24491682020072902,0.13044414537857618,0.03266763407563303,0.0
2018-03-15 11:00:00,0.8333364214890355,0.0,0.567692148328691,0.2404848390543371,0.0
2018-03-15 12:00:00,0.7635389672671802,0.0,0.5539459452829326,0.17568927505894696,0.0
2018-03-15 13:00:00,0.981089337265665,0.07108611431557706,0.5806749762130456,0.11966292193838898,0.0
2018-03-15 14:00:00,0.981089337265665,0.10549766412461228,0.8338087139703103,0.49631023522185963,0.8087111465804471
2018-03-15 15:00:00,0.7693469660296562,0.5133613171711865,0.9834636537614106,0.4482602795000972,0.9495255609856614
2018-03-15 16:00:00,0.981089337265665,0.3840522489819821,0.9834636537614106,0.9638510084304276,0.9495255609856614
2018-03-15 17:00:00,0.981089337265665,0.5774813163349102,0.9834636537614106,0.7860477130743828,0.9495255609856614
2018-03-15 18:00:00,0.981089337265665,0.8805710014682315,0.9834636537614106,0.23825647793314883,0.9495255609856614
2018-03-15 19:00:00,0.981089337265665,0.15688222610652544,0.9834636537614106,0.1369854996834423,0.9495255609856614
2018-03-15 20:00:00,0.981089337265665,0.6232308987853412,0.9834636537614106,0.12416363908635085,0.9495255609856614
2018-03-15 21:00:00,0.981089337265665,0.9785379269967656,0.9834636537614106,0.7122393297460579,0.9495255609856614
2018-03-15 22:00:00,0.981089337265665,0.9785379269967656,0.9834636537614106,1.0,0.9495255609856614
2018-03-15 23:00:00,0.981089337265665,0.9785379269967656,0.9834636537614106,1.0,0.9495255609856614
2018-03-16 00:00:00,0.981089337265665,0.9785379269967656,0.9834636537614106,1.0,0.1337407558994729
2018-03-16 01:00:00,0.981089337265665,0.9785379269967656,0.9834636537614106,1.0,0.09175845994414958
2018-03-16 02:00:00,0.981089337265665,0.9785379269967656,0.9834636537614106,1.0,0.22652802056543328
2018-03-16 03:00:00,0.981089337265665,0.9785379269967656,0.9834636537614106,1.0,0.22325238827676847
2018-03-16 04:00:00,0.981089337265665,0.9785379269967656,0.9834636537614106,1.0,0.7163837678400395
2018-03-16 05:00:00,0.981089337265665,0.9785379269967656,0.9834636537614106,1.0,0.9495255609856614
2018-03-16 06:00:00,0.981089337265665,0.9785379269967656,0.9834636537614106,1.0,0.9495255609856614
2018-03-16 07:00:00,0.981089337265665,0.9785379269967656,0.9834636537614106,1.0,0.9495255609856614
2018-03-16 08:00:00,0.981089337265665,0.9229819745847598,0.9834636537614106,1.0,0.9495255609856614
2018-03-16 09:00:00,0.981089337265665,0.7998206508865741,0.9834636537614106,1.0,0.9495255609856614
2018-03-16 10:00:00,0.981089337265665,0.4113819335564028,0.9834636537614106,1.0,0.9495255609856614
2018-03-16 11:00:00,0.981089337265665,0.2804251115085094,0.9834636537614106,1.0,0.9495255609856614
2018-03-16 12:00:00,0.9628471394363992,0.47726890481160456,0.9834636537614106,1.0,0.9495255609856614
2018-03-16 13:00:00,0.8986558213127995,0.9785379269967656,0.9834636537614106,1.0,0.9495255609856614
2018-03-16 14:00:00,0.981089337265665,0.9785379269967656,0.9834636537614106,1.0,0.9495255609856614
2018-03-16 15:00:00,0.604278080014194,0.9785379269967656,0.9834636537614106,1.0,0.9495255609856614
2018-03-16 16:00:00,0.4020070063055994,0.9785379269967656,0.9834636537614106,1.0,0.9495255609856614
2018-03-16 17:00:00,0.609648255259517,0.9785379269967656,0.9554573441289197,0.717277470006499,0.9495255609856614
2018-03-16 18:00:00,0.981089337265665,0.9785379269967656,0.3726354316431775,0.505796087085858,0.7580603712302555
2018-03-16 19:00:00,0.9261797313677521,0.9510404364211515,0.11384529548461812,1.0,0.4260881901933429
2018-03-16 20:00:00,0.5913647701795414,0.852441905360098,0.026263301506099047,0.7697902743855785,0.2512300019466068
2018-03-16 21:00:00,0.5336837036441786,0.5116799307734836,0.0,0.5199681807310903,0.9495255609856614
2018-03-16 22:00:00,0.18244019620406574,0.01721705912941577,0.04753622622336034,0.264009116032066,0.9495255609856614
2018-03-16 23:00:00,0.08329312802187805,0.03169183178340472,0.791130057552769,0.4113433895151204,0.9495255609856614
2018-03-17 00:00:00,0.2839766173213508,0.04448646748990714,0.9834636537614106,0.3047525008470582,0.9495255609856614
2018-03-17 01:00:00,0.42222784812407477,0.05265214898328408,0.4014094056887096,0.06836354059856163,0.2576352107126173
2018-03-17 02:00:00,0.5843951728624461,0.1380573900437495,0.3876725108485704,0.0,0.038683572275693995
2018-03-17 03:00:00,0.3170455359039762,0.25864635858971724,0.2953986380005737,0.0,0.0
2018-03-17 04:00:00,0.20398208478700014,0.21731891537533612,0.20199987953355608,0.26493682386536654,0.0
2018-03-17 05:00:00,0.3192264113145153,0.14817650763118895,0.11154001853183025,0.22646494083577395,0.0
2018-03-17 06:00:00,0.3235027878010398,0.20610792643557596,0.03928787434370073,0.31009564362567504,0.0
2018-03-17 07:00:00,0.38959989621298663,0.4634201172699192,0.026098556658123225,0.5841569483264138,0.0
2018-03-17 08:00:00,0.10876712873060829,0.35378579861062115,0.0,0.4623675033280002,0.0
2018-03-17 09:00:00,0.16257331577287723,0.24496182100335628,0.0,0.07337988379193243,0.0
2018-03-17 10:00:00,0.3688507878660603,0.8821765426211036,0.0,0.46942758985002975,0.0
2018-03-17 11:00:00,0.5082972237223168,0.9785379269967656,0.12710846833205092,0.9520642036766653,0.0
2018-03-17 12:00:00,0.5883901653339871,0.8962857657191096,0.32085952923175726,0.6822098400570559,0.06058763604057423
2018-03-17 13:00:00,0.6506550975626292,0.8091606364479105,0.44253068526760325,0.7484425223514262,0.13832270240593303
2018-03-17 14:00:00,0.9567555937435988,0.5889214254923294,0.9327546472584951,0.4114891072638476,0.2548706070354225
2018-03-17 15:00:00,0.981089337265665,0.43976357304007174,0.9834636537614106,0.4724046524641324,0.9495255609856614
2018-03-17 16:00:00,0.981089337265665,0.7079100673245539,0.8916565611397734,0.35207037919389556,0.9495255609856614
2018-03-17 17:00:00,0.981089337265665,0.9785379269967656,0.8941658830275301,0.3535048313943152,0.9467135632936211
2018-03-17 18:00:00,0.981089337265665,0.9785379269967656,0.9834636537614106,0.651792193767882,0.9495255609856614
2018-03-17 19:00:00,0.981089337265665,0.9785379269967656,0.9834636537614106,1.0,0.7457822306172266
2018-03-17 20:00:00,0.981089337265665,0.9785379269967656,0.9834636537614106,1.0,0.8996487469589445
2018-03-17 21:00:00,0.981089337265665,0.9785379269967656,0.9834636537614106,1.0,0.7800325883925612
2018-03-17 22:00:00,0.981089337265665,0.9785379269967656,0.9834636537614106,1.0,0.9495255609856614
2018-03-17 23:00:00,0.981089337265665,0.9785379269967656,0.9834636537614106,1.0,0.01836060535448643
2018-03-18 00:00:00,0.923535341517787,0.5145542404834923,0.9834636537614106,1.0,0.0
2018-03-18 01:00:00,0.9109503015828764,0.2814870413827186,0.9834636537614106,1.0,0.0
2018-03-18 02:00:00,0.6725613010196358,0.1223735784475581,0.9834636537614106,1.0,0.0
2018-03-18 03:00:00,0.8265991391067328,0.04708514655998618,0.9834636537614106,0.9470720784158471,0.0
2018-03-18 04:00:00,0.7450926944108399,0.0,0.8706330871231922,0.47876958613591114,0.0
2018-03-18 05:00:00,0.35499096725939094,0.0,0.7104778255474063,0.0,0.0387799339931263
2018-03-18 06:00:00,0.17076695523976332,0.02923010142183137,0.6387182333927826,0.019981840437751672,0.10002724761950318
2018-03-18 07:00:00,0.0,0.0,0.6105485877470094,0.06931399676588754,0.007895320798490181
2018-03-18 08:00:00,0.0,0.0,0.39554585282288535,0.21016063669749668,0.04939200047744433
2018-03-18 09:00:00,0.0,0.0,0.5997244575598646,0.24992791401416045,0.023589618047531104
2018-03-18 10:00:00,0.04681361243389044,0.0,0.6756280162527892,0.08069564998693417,0.0
2018-03-18 11:00:00,0.7615551085048118,0.07051800191756573,0.5514413258615485,0.22300970064730355,0.9495255609856614
2018-03-18 12:00:00,0.981089337265665,0.08287226401561441,0.4101282606673972,0.34385338372665186,0.9495255609856614
2018-03-18 13:00:00,0.981089337265665,0.39314697095842716,0.285828482630495,0.3872748627839248,0.9495255609856614
2018-03-18 14:00:00,0.981089337265665,0.0,0.17805180567298906,0.35664804049406795,0.9495255609856614
2018-03-18 15:00:00,0.981089337265665,0.7243258366015577,0.22097569650405344,0.4175867185657344,0.9495255609856614
2018-03-18 16:00:00,0.981089337265665,0.9785379269967656,0.4493489168051567,0.28151563517313033,0.9495255609856614
2018-03-18 17:00:00,0.981089337265665,0.9785379269967656,0.9834636537614106,1.0,0.9495255609856614
2018-03-18 18:00:00,0.4890590289208646,0.9785379269967656,0.9834636537614106,1.0,0.9495255609856614
2018-03-18 19:00:00,0.49452628628845613,0.9785379269967656,0.9834636537614106,1.0,0.621687557391209
2018-03-18 20:00:00,0.95638139348463,0.9785379269967656,0.9834636537614106,1.0,0.9495255609856614
2018-03-18 21:00:00,0.981089337265665,0.9785379269967656,0.9834636537614106,1.0,0.9495255609856614
2018-03-18 22:00:00,0.981089337265665,0.9785379269967656,0.9834636537614106,1.0,0.9495255609856614
2018-03-18 23:00:00,0.981089337265665,0.9785379269967656,0.8430442644350851,1.0,0.9495255609856614
2018-03-19 00:00:00,0.981089337265665,0.9785379269967656,0.9834636537614106,1.0,0.9495255609856614
2018-03-19 01:00:00,0.981089337265665,0.9785379269967656,0.9834636537614106,1.0,0.9495255609856614
2018-03-19 02:00:00,0.981089337265665,0.9785379269967656,0.9834636537614106,1.0,0.2243730256666895
2018-03-19 03:00:00,0.981089337265665,0.9785379269967656,0.9834636537614106,1.0,0.4704302017507036
2018-03-19 04:00:00,0.981089337265665,0.9785379269967656,0.9834636537614106,1.0,0.9495255609856614
2018-03-19 05:00:00,0.981089337265665,0.9785379269967656,0.9834636537614106,1.0,0.5563993912770371
2018-03-19 06:00:00,0.981089337265665,0.9785379269967656,0.9834636537614106,1.0,0.6068637860135468
2018-03-19 07:00:00,0.981089337265665,0.9785379269967656,0.9834636537614106,1.0,0.1287440591858191
2018-03-19 08:00:00,0.981089337265665,0.9785379269967656,0.9834636537614106,1.0,0.21511557624030167
2018-03-19 09:00:00,0.981089337265665,0.9785379269967656,0.9834636537614106,1.0,0.6195741169318408
2018-03-19 10:00:00,0.981089337265665,0.9785379269967656,0.9834636537614106,1.0,0.9001471760326007
2018-03-19 11:00:00,0.981089337265665,0.9785379269967656,0.9834636537614106,1.0,0.9495255609856614
2018-03-19 12:00:00,0.981089337265665,0.9785379269967656,0.9834636537614106,1.0,0.9495255609856614
2018-03-19 13:00:00,0.981089337265665,0.9785379269967656,0.7615222199361835,1.0,0.9495255609856614
2018-03-19 14:00:00,0.981089337265665,0.9785379269967656,0.8874322936017897,1.0,0.6918026101425966
2018-03-19 15:00:00,0.981089337265665,0.9785379269967656,0.8593195773850174,1.0,0.895881024793775
2018-03-19 16:00:00,0.981089337265665,0.9785379269967656,0.8235397567454887,1.0,0.45683974420174583
2018-03-19 17:00:00,0.8829321389131146,0.787056696361229,0.776711611628226,1.0,0.33862368519947156
2018-03-19 18:00:00,0.5775354846538321,0.39716125467724833,0.6410534343294132,0.6716294084911356,0.16447912877786672
2018-03-19 19:00:00,0.971671622415916,0.3736204357910955,0.46638996041710656,0.4913791858469665,0.4657104039845531
2018-03-19 20:00:00,0.8551233608540022,0.37472243264731425,0.34118208880656736,0.25586090001612727,0.9495255609856614
2018-03-19 21:00:00,0.5169507833076935,0.44964970662835385,0.14444124977312367,0.1370291293392527,0.10974218779005364
2018-03-19 22:00:00,0.45538088364379253,0.5385308779798805,0.02721393556299134,0.00041619933241836314,0.17750206774776198
2018-03-19 23:00:00,0.26216837176493846,0.030996992196479035,0.0,0.0,0.282937139382523
2018-03-20 00:00:00,0.12038422788483741,0.0,0.023521495486768393,0.06696317209635187,0.2745911034687763
2018-03-20 01:00:00,0.17048056102487147,0.3168309368671912,0.011589666229420457,0.2352665671884358,0.4159329280055982
2018-03-20 02:00:00,0.141448133908455,0.6106638516334739,0.1045760328497198,0.9252855935955607,0.14782780173134868
2018-03-20 03:00:00,0.047118617329927164,0.8415033417010904,0.14458044224528563,0.9914709590301212,0.14266230873078137
2018-03-20 04:00:00,0.11114739172388143,0.7459536634149738,0.31785791231725635,1.0,0.0
2018-03-20 05:00:00,0.13936820128916858,0.8803702022772288,0.2754042788468295,1.0,0.0
2018-03-20 06:00:00,0.20556892122723328,0.956421393161002,0.15087956329577534,1.0,0.029684006077130193
2018-03-20 07:00:00,0.18271023865725536,0.9439260484609635,0.9834636537614106,1.0,0.02846876383811514
2018-03-20 08:00:00,0.38395470825664796,0.583056268976794,0.9834636537614106,1.0,0.06019489275104079
2018-03-20 09:00:00,0.10077739295012551,0.40918452015857987,0.7195968250412519,1.0,0.04972180258678439
2018-03-20 10:00:00,0.09537741134291042,0.15024929654069522,0.3043656712088299,1.0,0.06535330020238996
2018-03-20 11:00:00,0.07354299562994202,0.6676868921584302,0.198614524141819,1.0,0.0
2018-03-20 12:00:00,0.08198010815766935,0.7731642310428145,0.2462991121953162,1.0,0.1430634467249667
2018-03-20 13:00:00,0.2894000462017488,0.8748342028459314,0.3856984577265083,1.0,0.03343742925652042
2018-03-20 14:00:00,0.27746327175487234,0.9785379269967656,0.5309778452870358,1.0,0.08153437015160274
2018-03-20 15:00:00,0.185997445786932,0.9785379269967656,0.41503699067820815,1.0,0.09127357285718339
2018-03-20 16:00:00,0.3514845932423653,0.9785379269967656,0.9834636537614106,1.0,0.05621334565132204
2018-03-20 17:00:00,0.16812640116453084,0.9785379269967656,0.8619521238236606,1.0,0.033152284998322325
2018-03-20 18:00:00,0.2607251012848183,0.2660979990958233,0.6414483616857265,0.961398166843408,0.010641164160405616
2018-03-20 19:00:00,0.07606130612329863,0.07794309657435029,0.34398451949370573,0.9908964338404816,0.19927203620268572
2018-03-20 20:00:00,0.16858176959083265,0.17350811731668775,0.6068749288112292,0.566294163248904,0.14462195507695938
2018-03-20 21:00:00,0.25011378382766547,0.5772437877313836,0.2485689798620304,1.0,0.5942066507907169
2018-03-20 22:00:00,0.23061925124316665,0.213562421036954,0.30810023399642805,0.05432264613248281,0.17577210261920614
2018-03-20 23:00:00,0.12587270238324383,0.1518096876755439,0.4466294752856259,0.0,0.0
2018-03-21 00:00:00,0.10157170784409081,0.157272042891314,0.5294933919185119,0.3646315699067904,0.0
2018-03-21 01:00:00,0.2291864898228906,0.0,0.598772328180967,0.8053839789607201,0.0
2018-03-21 02:00:00,0.290184727402207,0.07410204984976791,0.9216958106227939,1.0,0.0
2018-03-21 03:00:00,0.6275529501493415,0.17405274444866536,0.9072114319241458,0.9755490306473318,0.0
2018-03-21 04:00:00,0.7217988485252024,0.16435432798332367,0.7797640861113171,0.8100503260911863,0.0
2018-03-21 05:00:00,0.43746204914517584,0.06033955023133315,0.7462532676582644,0.49830652206202275,0.0
2018-03-21 06:00:00,0.6276408657793395,0.08946207504033833,0.7035778019727461,0.3778286955953597,0.0
2018-03-21 07:00:00,0.5493455416653473,0.5733531657281098,0.8221830919271595,0.349087596377575,0.0
2018-03-21 08:00:00,0.22964386291558833,0.9785379269967656,0.3009801287713088,0.19483641656564893,0.0
2018-03-21 09:00:00,0.44445823024200204,0.9580483116820411,0.19673733608123198,0.08736271099690508,0.0
2018-03-21 10:00:00,0.5344659143251507,0.8841260023064389,0.07812839301572712,0.12275366753232815,0.0
2018-03-21 11:00:00,0.45140664112610585,0.5410465479694896,0.1059396949692763,0.06359830128304853,0.0
2018-03-21 12:00:00,0.30918681497303685,0.23311034272026918,0.2148858628971228,0.06856917110269965,0.06073662860238355
2018-03-21 13:00:00,0.21803990857461533,0.04896077433547597,0.5539256582279481,0.08539791914837724,0.0441088522279226
2018-03-21 14:00:00,0.20359570064345398,0.04155169785869698,0.34571295845551125,0.024718128796091046,0.16740470749694808
2018-03-21 15:00:00,0.20881799637410559,0.09647402426360344,0.08400750195401128,0.05259933774353329,0.16534453661397874
2018-03-21 16:00:00,0.22557490184303705,0.06454014805863523,0.0034379474508094495,0.07304428796999661,0.09900961995385303
2018-03-21 17:00:00,0.39240788067264337,0.1024293167626783,0.0,0.12542366242801525,0.0809258462159787
2018-03-21 18:00:00,0.47486695115955824,0.14971008839919886,0.0,0.05774483551951417,0.12148082683024942
2018-03-21 19:00:00,0.981089337265665,0.386935715100492,0.4579172419422669,0.10194656856319934,0.34530347406672285
2018-03-21 20:00:00,0.981089337265665,0.8009352971723686,0.6313737171157707,0.18247882130832363,0.09043478525235467
2018-03-21 21:00:00,0.981089337265665,0.8678219529619055,0.22149688733696113,0.043369011884161236,0.0
2018-03-21 22:00:00,0.981089337265665,0.4089828906846846,0.9834636537614106,0.038243831774009154,0.0
2018-03-21 23:00:00,0.981089337265665,0.18817277527052217,0.6065877181614137,0.08700650125283181,0.2211507727944502
2018-03-22 00:00:00,0.981089337265665,0.0,0.3685209287096078,0.013023781338397523,0.15524215618769735
2018-03-22 01:00:00,0.981089337265665,0.0,0.6701764453369174,0.05186361730485237,0.06100806097901139
2018-03-22 02:00:00,0.981089337265665,0.0022436735184400407,0.5889637863362671,0.026744175699430363,0.00594712440732587
2018-03-22 03:00:00,0.981089337265665,0.09381570275795399,0.5622879333056567,0.259701334283084,0.06292519216357571
2018-03-22 04:00:00,0.981089337265665,0.5366988718110406,0.5724861987051737,0.5315073773861584,0.06629297547731704
2018-03-22 05:00:00,0.981089337265665,0.4789457504713138,0.9271289124180689,0.6572031577192949,0.0
2018-03-22 06:00:00,0.981089337265665,0.5444645926044143,0.4582330129301851,0.28805772279440583,0.020598136458451138
2018-03-22 07:00:00,0.981089337265665,0.3364080001815463,0.30434556621473335,0.3286888478615533,0.030959750198644106
2018-03-22 08:00:00,0.5246836812564959,0.05509218303783239,0.1548350520509119,0.17981632965275463,0.04209877416607971
2018-03-22 09:00:00,0.27782382511080617,0.0,0.0,0.14051176845934166,0.0
2018-03-22 10:00:00,0.10017012635310729,0.0,0.0,0.09232964733855951,0.0
2018-03-22 11:00:00,0.129182337643766,0.0,0.0,0.044821523078096,0.2178249850772386
2018-03-22 12:00:00,0.009500123333591733,0.013042831130471636,0.0435364486083867,0.016166576258139914,0.23789676943964289
2018-03-22 13:00:00,0.0,0.03682964821054683,0.0844887265538508,0.07283243241194046,0.18125167205140225
2018-03-22 14:00:00,0.0,0.2701477866542432,0.18108854352487244,0.22066059596917773,0.43634489525355874
2018-03-22 15:00:00,0.0,0.28183995747141133,0.540517157054812,0.23987922784863772,0.15141938054974266
2018-03-22 16:00:00,0.009784402688745435,0.21451842505474658,0.4713066589958238,0.19339905403568183,0.0905270764570438
2018-03-22 17:00:00,0.11728114319686597,0.3332910135173226,0.3577589450304176,0.290265284671951,0.5739604775755025
2018-03-22 18:00:00,0.3442382194079877,0.5033494176194235,0.31583618373870415,0.3862269593946282,0.04451888526864832
2018-03-22 19:00:00,0.9466011536196782,0.520121129638039,0.7939898571361668,0.4536760778206582,0.16765204671349615
2018-03-22 20:00:00,0.981089337265665,0.9785379269967656,0.9834636537614106,0.12408167306747388,0.9495255609856614
2018-03-22 21:00:00,0.981089337265665,0.9785379269967656,0.9834636537614106,0.5091491703109311,0.9495255609856614
2018-03-22 22:00:00,0.981089337265665,0.34646045602416875,0.9834636537614106,0.9061972819988404,0.5098935383154755
2018-03-22 23:00:00,0.8989952759125619,0.09056489307280371,0.9834636537614106,0.38878359799855283,0.03209903286219947
2018-03-23 00:00:00,0.981089337265665,0.06591596785108089,0.46669553158562016,0.056030334209607964,0.0
2018-03-23 01:00:00,0.981089337265665,0.2097409417920754,0.4181162177332695,1.0,0.8345205156435209
2018-03-23 02:00:00,0.981089337265665,0.725123909033951,0.14560616753872835,0.4397841523276092,0.19819101263714914
2018-03-23 03:00:00,0.981089337265665,0.9785379269967656,0.08367375369547755,0.11251671192559914,0.0
2018-03-23 04:00:00,0.981089337265665,0.8963087028139383,0.16703521487350007,0.08832990310872446,0.0
2018-03-23 05:00:00,0.981089337265665,0.9785379269967656,0.5555687119255422,0.24992638351626736,0.0
2018-03-23 06:00:00,0.981089337265665,0.782945505249274,0.4632859610803754,0.16363034804959542,0.059771298066383746
2018-03-23 07:00:00,0.981089337265665,0.9785379269967656,0.134118210487856,0.04131099217815518,0.06607647029899291
2018-03-23 08:00:00,0.8638473795826642,0.9785379269967656,0.02481675201072539,0.19255855988599324,0.557482620577357
2018-03-23 09:00:00,0.7400058883654761,0.9785379269967656,0.0,0.0,0.11182401134834612
2018-03-23 10:00:00,0.981089337265665,0.9785379269967656,0.0,0.0,0.9495255609856614
2018-03-23 11:00:00,0.981089337265665,0.9785379269967656,0.00437431600989365,0.1057840539120782,0.9495255609856614
2018-03-23 12:00:00,0.981089337265665,0.9785379269967656,0.05331217578816061,0.1081208071745371,0.9495255609856614
2018-03-23 13:00:00,0.981089337265665,0.9785379269967656,0.2934453230725388,0.43855382527015857,0.9495255609856614
2018-03-23 14:00:00,0.981089337265665,0.9785379269967656,0.30944141883850357,0.42660914070350564,0.9495255609856614
2018-03-23 15:00:00,0.981089337265665,0.9785379269967656,0.9834636537614106,0.14266250087423174,0.9495255609856614
2018-03-23 16:00:00,0.981089337265665,0.9785379269967656,0.9834636537614106,0.09069643836807388,0.9495255609856614
2018-03-23 17:00:00,0.981089337265665,0.9785379269967656,0.6001550666385868,0.1822670071080619,0.9495255609856614
2018-03-23 18:00:00,0.981089337265665,0.8764962622183339,0.25696011924103174,0.972528607504096,0.9495255609856614
2018-03-23 19:00:00,0.981089337265665,0.9785379269967656,0.0,1.0,0.9495255609856614
2018-03-23 20:00:00,0.981089337265665,0.1889803026372922,0.37626203117157947,1.0,0.9495255609856614
2018-03-23 21:00:00,0.981089337265665,0.6104398008551281,0.3295854666077128,1.0,0.9495255609856614
2018-03-23 22:00:00,0.8037159716767499,0.9785379269967656,0.9834636537614106,1.0,0.9495255609856614
2018-03-23 23:00:00,0.628584561769404,0.9785379269967656,0.9834636537614106,1.0,0.15852881593467014
2018-03-24 00:00:00,0.7383872429464566,0.9785379269967656,0.9834636537614106,0.7751071259536065,0.02406852095257513
2018-03-24 01:00:00,0.6102110908702926,0.9785379269967656,0.9834636537614106,1.0,0.0
2018-03-24 02:00:00,0.981089337265665,0.9785379269967656,0.9834636537614106,1.0,0.04174392808572035
2018-03-24 03:00:00,0.981089337265665,0.58055328663639,0.9834636537614106,0.5868764706228872,0.06628966048617975
2018-03-24 04:00:00,0.921756851283348,0.32109424075392845,0.9196045449718306,0.30034734084263487,0.02852701877156817
2018-03-24 05:00:00,0.943594570853153,0.39188931530138965,0.9556619461606909,0.8764123908616404,0.0
2018-03-24 06:00:00,0.921756851283348,0.1981755003752515,0.7764646088092396,0.6058670693308602,0.03948288075735265
2018-03-24 07:00:00,0.5855954669698901,0.0659994626655943,0.39299822075470103,0.170499342254604,0.0
2018-03-24 08:00:00,0.1912994543273857,0.0,0.13935069247538015,0.06011129316361996,0.0
2018-03-24 09:00:00,0.11220805016841669,0.0,0.08751116991768536,0.0,0.0542398885192675
2018-03-24 10:00:00,0.0,0.01267791309611059,0.0,0.0,0.14305231444189878
2018-03-24 11:00:00,0.0,0.1240743677218844,0.0,0.07691033996689367,0.17934039812465485
2018-03-24 12:00:00,0.011697107663393474,0.25605460605256813,0.0,0.24697908291198412,0.2620987363129953
2018-03-24 13:00:00,0.07879812680766664,0.5398014107198809,0.005777743581808449,0.6081267599740015,0.6867986283104884
2018-03-24 14:00:00,0.2866856478852916,0.7181023357605532,0.056233055196639355,1.0,0.9144106149676474
2018-03-24 15:00:00,0.4457280873937217,0.7547484148221137,0.2722387065973527,0.9312874078047066,0.9495255609856614
2018-03-24 16:00:00,0.8623503575420788,0.9785379269967656,0.30596411297272236,1.0,0.9495255609856614
2018-03-24 17:00:00,0.981089337265665,0.9785379269967656,0.8414884878655571,1.0,0.9495255609856614
2018-03-24 18:00:00,0.981089337265665,0.9785379269967656,0.9834636537614106,1.0,0.9495255609856614
2018-03-24 19:00:00,0.981089337265665,0.9785379269967656,0.9834636537614106,1.0,0.9495255609856614
2018-03-24 20:00:00,0.981089337265665,0.9785379269967656,0.9834636537614106,1.0,0.06928167940133037
2018-03-24 21:00:00,0.981089337265665,0.9785379269967656,0.9834636537614106,1.0,0.8862457359564004
2018-03-24 22:00:00,0.981089337265665,0.9785379269967656,0.9834636537614106,1.0,0.9495255609856614
2018-03-24 23:00:00,0.981089337265665,0.9785379269967656,0.9834636537614106,1.0,0.9495255609856614
2018-03-25 00:00:00,0.981089337265665,0.9424116772055324,0.7429298384396238,1.0,0.8242903119744487
2018-03-25 01:00:00,0.981089337265665,0.8296702706870852,0.5468338066583536,1.0,0.44670612278697924
2018-03-25 02:00:00,0.981089337265665,0.7925041196590665,0.5022893254988068,1.0,0.0
2018-03-25 03:00:00,0.981089337265665,0.518786029758994,0.7566103352301093,1.0,0.22415725721898708
2018-03-25 04:00:00,0.981089337265665,0.16849778785016153,0.8444552636187653,0.3943476086010577,0.09252695964937345
2018-03-25 05:00:00,0.49770159310434786,0.021468663770854775,0.4122666700030851,0.11767197869843574,0.0
2018-03-25 06:00:00,0.4679364706451027,0.03148050676184164,0.21359077951008537,0.0,0.0
2018-03-25 07:00:00,0.1321276834802549,0.0,0.13403428890052957,0.046196886549872786,0.0
2018-03-25 08:00:00,0.0,0.0,0.09669086548956463,0.02973301224131286,0.030513331849341265
2018-03-25 09:00:00,0.0,0.0,0.14738355451004082,0.0,0.0
2018-03-25 10:00:00,0.0,0.0,0.07911322949471102,0.0,0.050993633020106795
2018-03-25 11:00:00,0.0,0.0,0.12061639808619011,0.0,0.2566527005152993
2018-03-25 12:00:00,0.0037563767097410126,0.08353455158795689,0.1514038393237335,0.08935668207522426,0.0882775266494968
2018-03-25 13:00:00,0.09948582251089609,0.27670207807119523,0.1175345696994431,0.16268625684731478,0.10031875758861082
2018-03-25 14:00:00,0.34958742409177235,0.3476500774121834,0.06797647384386153,0.565112589358995,0.5975930516292599
2018-03-25 15:00:00,0.7980173424596211,0.8238684932295852,0.12568222209188507,0.9734900326974003,0.014155769832148403
2018-03-25 16:00:00,0.981089337265665,0.9785379269967656,0.22545763813938544,0.7850811826054587,0.9495255609856614
2018-03-25 17:00:00,0.981089337265665,0.9785379269967656,0.2827731727163787,0.8984295764882507,0.9495255609856614
2018-03-25 18:00:00,0.981089337265665,0.9785379269967656,0.23951920675296515,0.5379809237908306,0.9495255609856614
2018-03-25 19:00:00,0.981089337265665,0.9785379269967656,0.6682002197211597,0.6255754273477875,0.9495255609856614
2018-03-25 20:00:00,0.981089337265665,0.9785379269967656,0.6146008177898485,0.3766392990540539,0.21227639199275453
2018-03-25 21:00:00,0.981089337265665,0.9785379269967656,0.7021512735852511,0.3465127255577511,0.6644121493456132
2018-03-25 22:00:00,0.9414404601028513,0.9769899782832129,0.06684983232710869,1.0,0.9495255609856614
2018-03-25 23:00:00,0.012763259744345824,0.21452579667143343,0.018241424411032183,0.5205445716406726,0.5351005741063021
2018-03-26 00:00:00,0.18450798719663206,0.0,0.08427962174610347,0.23639254488294187,0.29197872478058173
2018-03-26 01:00:00,0.0579869599260494,0.018510561092415057,0.22299385326598747,0.4065356476537575,0.22108163612795803
2018-03-26 02:00:00,0.03285374467086917,0.01959863397367513,0.13915836509299323,0.0,0.07753769671874174
2018-03-26 03:00:00,0.20983304532095953,0.06863175812440664,0.057424108004063,0.0,0.07711913154579464
2018-03-26 04:00:00,0.34630884987472355,0.044018045428770324,0.14080364484226715,0.0,0.05643134899598031
2018-03-26 05:00:00,0.233368474694842,0.0,0.0,0.08621973530951957,0.0
2018-03-26 06:00:00,0.14556377272298116,0.0,0.0,0.08084432426309394,0.0
2018-03-26 07:00:00,0.08511973457710711,0.0,0.0,0.027348817446818715,0.0
2018-03-26 08:00:00,0.13636019075994663,0.0,0.0,0.0,0.0
2018-03-26 09:00:00,0.20005305649647356,0.019781888332532437,0.019785990448296018,0.027255297209779202,0.0
2018-03-26 10:00:00,0.14269313840362222,0.0,0.02220736494066432,0.10104281060837098,0.0
2018-03-26 11:00:00,0.056622287780769595,0.0,0.01384565078516579,0.16126516688781703,0.006429457079316499
2018-03-26 12:00:00,0.023388241181045464,0.0,0.0,0.20555787462321692,0.057631151835249604
2018-03-26 13:00:00,0.0,0.0,0.0,0.2744913584441775,0.11463808646415673
2018-03-26 14:00:00,0.022334420182270467,0.07136879962766825,0.0,0.026945467438473158,0.36065217758391765
2018-03-26 15:00:00,0.06593424392735019,0.20962613905986774,0.08842108057090671,0.35769586400514924,0.9176795472550137
2018-03-26 16:00:00,0.21977508744352858,0.6444642918737448,0.15816808565944576,1.0,0.9495255609856614
2018-03-26 17:00:00,0.49017904732092515,0.4652220261940131,0.15727380361806526,1.0,0.9495255609856614
2018-03-26 18:00:00,0.3313848093326084,0.3507785593638135,0.06918624365582786,1.0,0.9103177444852771
2018-03-26 19:00:00,0.7629277211989529,0.24293713857718507,0.16256391286154245,0.5524380715587421,0.5748800990023254
2018-03-26 20:00:00,0.8332685527080907,0.7467018881344076,0.23234162965304064,0.3224633202503095,0.9495255609856614
2018-03-26 21:00:00,0.4787520343986058,0.45524416766185216,0.07460824252998476,0.7414366094819074,0.9495255609856614
2018-03-26 22:00:00,0.5182195250651574,0.9785379269967656,0.14285957744297212,0.5771679611372192,0.9495255609856614
2018-03-26 23:00:00,0.5834929855782045,0.9497327725465213,0.2278074778963958,0.5006531500715955,0.9495255609856614
2018-03-27 00:00:00,0.6496888627853008,0.9785379269967656,0.4016530448605038,0.1643451468246054,0.5211809952823752
2018-03-27 01:00:00,0.5455797907433486,0.9785379269967656,0.397119170218502,0.13068170425412973,0.5005428074701017
2018-03-27 02:00:00,0.6725935082841904,0.9785379269967656,0.3255569317385833,0.0,0.15859532235173895
2018-03-27 03:00:00,0.9551766901482098,0.7353719257739839,0.40643854121739736,0.24850195575507067,0.031072476390044852
2018-03-27 04:00:00,0.7596665701782005,0.5338456319404198,0.4609931445111891,0.25652036267320893,0.2534632050274123
2018-03-27 05:00:00,0.42203120303290603,0.17596299792205228,0.35947515936790086,0.2146898179054568,0.34836457345888205
2018-03-27 06:00:00,0.16673245265214404,0.08775612587059993,0.3995639179979686,0.2813704516995722,0.08067039070396523
2018-03-27 07:00:00,0.1274390544437183,0.09584531442817591,0.297359753083322,0.27056649165760815,0.0
2018-03-27 08:00:00,0.10931621862421168,0.04510220238124098,0.1890460599424253,0.20801971766435043,0.0
2018-03-27 09:00:00,0.034324949208009936,0.004778220744726719,0.09508862088551388,0.11343624449358639,0.0
2018-03-27 10:00:00,0.05344656739594114,0.0,0.0,0.11236048368073454,0.0
2018-03-27 11:00:00,0.1367684601775687,0.0,0.0,0.07698160272693585,0.0
2018-03-27 12:00:00,0.10460435171975616,0.0,0.0,0.18725217907886801,0.0
2018-03-27 13:00:00,0.0505590680289551,0.0,0.0,0.28019355155658215,0.0
2018-03-27 14:00:00,0.020598289898063064,0.0,0.045866530175411,0.350331481245339,0.0
2018-03-27 15:00:00,0.0,0.0,0.04149061922863286,0.4082120093740956,0.0
2018-03-27 16:00:00,0.0,0.05191934550398925,0.02166267560504143,0.26103566208247997,0.0
2018-03-27 17:00:00,0.017457138903804254,0.22844887000769606,0.03156181106669439,0.29395218157779196,0.37899104645145637
2018-03-27 18:00:00,0.18128993170526403,0.39258338414166083,0.03452067626326459,0.3648706400208107,0.2353707086845526
2018-03-27 19:00:00,0.3983899142186396,0.5934861517540085,0.5397050951449027,0.3777686875979444,0.5031858220440473
2018-03-27 20:00:00,0.11560095273726378,0.7551931121035329,0.6971844107946762,0.5275852435948872,0.3378370104281296
2018-03-27 21:00:00,0.3648165653367522,0.9785379269967656,0.9834636537614106,0.6207385627906821,0.03705562894347403
2018-03-27 22:00:00,0.5341568657992463,0.9785379269967656,0.9834636537614106,0.5789670601622868,0.0
2018-03-27 23:00:00,0.981089337265665,0.711792005294927,0.9834636537614106,0.27072186811265125,0.0
2018-03-28 00:00:00,0.981089337265665,0.287397848944865,0.9834636537614106,0.2244685206263601,0.07366744539055571
2018-03-28 01:00:00,0.7848000665189511,0.16278245430049615,0.881211314137972,0.35155044042001854,0.035981592678335964
2018-03-28 02:00:00,0.676129216895475,0.1355200507594052,0.6291083776747075,0.4712752768479336,0.028049774234135932
2018-03-28 03:00:00,0.557715168044627,0.12300613173398359,0.4503183784872146,0.9148595986955605,0.0
2018-03-28 04:00:00,0.30695819618665743,0.07269279079112101,0.3636055739432027,1.0,0.08537194873586741
2018-03-28 05:00:00,0.8696024556377733,0.658521202245038,0.9834636537614106,1.0,0.3673027560529711
2018-03-28 06:00:00,0.0,0.9785379269967656,0.9834636537614106,1.0,0.17342788493789668
2018-03-28 07:00:00,0.0,0.9785379269967656,0.9834636537614106,1.0,0.5771765891544133
2018-03-28 08:00:00,0.026676646591844013,0.9785379269967656,0.9834636537614106,0.5689928586402505,0.09782263004380204
2018-03-28 09:00:00,0.1744591844505095,0.9785379269967656,0.9834636537614106,0.33134958550507093,0.035211643243528934
2018-03-28 10:00:00,0.3752241198105037,0.9785379269967656,0.9834636537614106,0.6749878240539514,0.0
2018-03-28 11:00:00,0.7770722274822762,0.8065934195097505,0.5072580997477538,0.6817705904793636,0.0
2018-03-28 12:00:00,0.37110811017687756,0.5062797313161871,0.24187797316063395,0.17192537490318308,0.023286989030814546
2018-03-28 13:00:00,0.2806099315751499,0.3429120720205351,0.37996088196805616,0.05761033569682695,0.0
2018-03-28 14:00:00,0.051075901465676934,0.18475440050562952,0.3529418998392695,0.09757360972980053,0.0983668531901909
2018-03-28 15:00:00,0.09669425686470676,0.12736285338902067,0.3114711769098815,0.08532076716350716,0.35730123513933604
2018-03-28 16:00:00,0.3907265716227318,0.2839400253200664,0.3514048002845791,0.09213590073936472,0.19644321669867737
2018-03-28 17:00:00,0.7989077119827083,0.9785379269967656,0.07069194743617037,0.053502296465135865,0.3057470836949994
2018-03-28 18:00:00,0.981089337265665,0.9785379269967656,0.021598480845875293,0.0942934091456414,0.0
2018-03-28 19:00:00,0.981089337265665,0.4298800318021181,0.0,0.0,0.7384711816967099
2018-03-28 20:00:00,0.981089337265665,0.2293055262029361,0.0,0.0,0.14032407296274915
2018-03-28 21:00:00,0.981089337265665,0.5796826865518525,0.0,0.06305805503796255,0.3003164087679802
2018-03-28 22:00:00,0.981089337265665,0.7206770867068355,0.0,0.025485423563859133,0.4216391077133247
2018-03-28 23:00:00,0.5628706936788954,0.2845730856084273,0.0,0.06548944211831029,0.129100495232041
2018-03-29 00:00:00,0.43127200267564464,0.0952582143818479,0.0,0.0,0.0
2018-03-29 01:00:00,0.5769153606881774,0.0827723903380396,0.0,0.0520023413939182,0.0
2018-03-29 02:00:00,0.28436444188230847,0.05739437541429343,0.005529552398875579,0.03320378987178447,0.0
2018-03-29 03:00:00,0.09775543941848765,0.09529051740547277,0.0,0.014782575299846924,0.016142186700662278
2018-03-29 04:00:00,0.09586380557552591,0.01928021858751461,0.0,0.09138619795561115,0.0
2018-03-29 05:00:00,0.10202627928574376,0.06136829416222563,0.028263591364519693,0.4277161851216738,0.0
2018-03-29 06:00:00,0.1227408645772395,0.03343302602499254,0.10148396168122541,0.28934704695330493,0.0
2018-03-29 07:00:00,0.07915762410339747,0.06832690711571779,0.02170325996428261,0.43456716387319466,0.01425678928435512
2018-03-29 08:00:00,0.029251428189788604,0.284733645614605,0.06291646786896189,0.1260646409142831,0.0
2018-03-29 09:00:00,0.015937337204110266,0.07660795155940152,0.040244870596683746,0.10378550882662556,0.00918124037197626
2018-03-29 10:00:00,0.06824066734841656,0.05755260626149524,0.0,0.24490952031058846,0.0
2018-03-29 11:00:00,0.13389010219343364,0.12621008613733947,0.0,0.24061656950805516,0.0
2018-03-29 12:00:00,0.2044581791250957,0.23906638358442597,0.45573254291454335,0.2241257424845047,0.039893048166712304
2018-03-29 13:00:00,0.14427423720738305,0.26090604167163056,0.4009984736069668,0.25708213996161955,0.0
2018-03-29 14:00:00,0.10252948407249746,0.3203851632159657,0.9834636537614106,0.48218058851603063,0.0
2018-03-29 15:00:00,0.10068706062466552,0.4800058630199657,0.9834636537614106,0.5760511983695237,0.0
2018-03-29 16:00:00,0.23124407190164822,0.9785379269967656,0.18839861453338533,0.7717357099780681,0.033513010475197814
2018-03-29 17:00:00,0.13733085634155845,0.9785379269967656,0.05109559108622081,0.48154447721231153,0.2993401672082234
2018-03-29 18:00:00,0.981089337265665,0.6231712182690298,0.006061208339649379,0.3266949278884665,0.9495255609856614
2018-03-29 19:00:00,0.981089337265665,0.5892002831432592,0.0,0.09337500844156701,0.9495255609856614
2018-03-29 20:00:00,0.981089337265665,0.34242752485186784,0.0,0.09747669044446718,0.2629573037914282
2018-03-29 21:00:00,0.5059809786608295,0.33329932160532677,0.0,0.07544196115573461,0.025879789236678562
2018-03-29 22:00:00,0.2159991447113705,0.27504134953419984,0.0,0.0,0.018512470000648214
2018-03-29 23:00:00,0.06556270310351642,0.08981103538254075,0.05402200593210964,0.1565052450674755,0.26885535296223845
2018-03-30 00:00:00,0.0,0.03190147273271671,0.2515665855622286,0.21536876799363602,0.14705003738574737
2018-03-30 01:00:00,0.04819539231924647,0.499499579131921,0.35869179791582056,0.28150016885373075,0.1592814294503276
2018-03-30 02:00:00,0.14006534753606412,0.5897597846995963,0.798582717551788,0.5559691640202707,0.18471285150078798
2018-03-30 03:00:00,0.04180029447540772,0.8880196314316192,0.45949341870867105,1.0,0.13988264307564074
2018-03-30 04:00:00,0.16139202954136445,0.9742799587284307,0.1971588590306507,0.8835506183249593,0.13656457732254462
2018-03-30 05:00:00,0.3551102980481802,0.9706996055182933,0.31296928304038824,0.41932169458443425,0.01471087891414237
2018-03-30 06:00:00,0.5739904283167483,0.9244639448379613,0.4371670239312876,0.34070673751519515,0.0
2018-03-30 07:00:00,0.7331518472430233,0.5349348314950495,0.9779716489402246,0.37174875918748923,0.0
2018-03-30 08:00:00,0.7472497241293968,0.2199477495176765,0.46790265859659264,0.2880498598343638,0.0
2018-03-30 09:00:00,0.981089337265665,0.43314998641981683,0.47745718897276945,0.1442834280735514,0.0
2018-03-30 10:00:00,0.981089337265665,0.3909871181242218,0.36661798583341265,0.14463573951028336,0.0
2018-03-30 11:00:00,0.981089337265665,0.18427667637231468,0.4666263229645285,0.9054260207597294,0.0
2018-03-30 12:00:00,0.981089337265665,0.17421652595458048,0.9262941983900419,1.0,0.0
2018-03-30 13:00:00,0.981089337265665,0.15903690982552748,0.5073087272425801,0.7710823974881494,0.0
2018-03-30 14:00:00,0.981089337265665,0.11771818900763466,0.4048118370181935,1.0,0.10635891784192233
2018-03-30 15:00:00,0.981089337265665,0.10325900673257182,0.3451870701671426,1.0,0.022242166846805782
2018-03-30 16:00:00,0.981089337265665,0.0,0.32098994238840733,1.0,0.0
2018-03-30 17:00:00,0.981089337265665,0.0,0.6787070159427961,1.0,0.20889668186170307
2018-03-30 18:00:00,0.981089337265665,0.0,0.9834636537614106,1.0,0.9495255609856614
2018-03-30 19:00:00,0.981089337265665,0.29998770305661265,0.19862561939618767,1.0,0.9495255609856614
2018-03-30 20:00:00,0.981089337265665,0.9785379269967656,0.1046427830130862,1.0,0.9495255609856614
2018-03-30 21:00:00,0.981089337265665,0.2239800274813452,0.15338195641586758,1.0,0.7898873094835077
2018-03-30 22:00:00,0.981089337265665,0.3052836651033376,0.5866399983124152,1.0,0.9008557255780646
2018-03-30 23:00:00,0.981089337265665,0.23680021984238178,0.9834636537614106,1.0,0.9495255609856614
2018-03-31 00:00:00,0.981089337265665,0.3350773999112936,0.9834636537614106,1.0,0.21764533805654995
2018-03-31 01:00:00,0.9570433995204862,0.9785379269967656,0.9834636537614106,1.0,0.917609222528917
2018-03-31 02:00:00,0.7722398011201446,0.9785379269967656,0.9834636537614106,1.0,0.04194565976902754
2018-03-31 03:00:00,0.26555963939308425,0.9785379269967656,0.9834636537614106,1.0,0.036009720763106025
2018-03-31 04:00:00,0.7340348726053028,0.9785379269967656,0.9834636537614106,1.0,0.2991581039585561
2018-03-31 05:00:00,0.981089337265665,0.9785379269967656,0.9834636537614106,1.0,0.1855351809120754
2018-03-31 06:00:00,0.981089337265665,0.10979375325403315,0.9834636537614106,1.0,0.3304831263262794
2018-03-31 07:00:00,0.981089337265665,0.29309318222338926,0.9834636537614106,0.46806762206316016,0.5591141750229192
2018-03-31 08:00:00,0.5906482320389661,0.10951263084653659,0.9834636537614106,0.11138137670664644,0.14428357443799275
2018-03-31 09:00:00,0.3232689403160658,0.0,0.25358999345873506,0.009373639096500682,0.22053228067139913
2018-03-31 10:00:00,0.3166991005188888,0.0,0.23633595526590992,0.0,0.18933579713369564
2018-03-31 11:00:00,0.21444507983345365,0.020388153325526247,0.1719922318332736,0.0667136264395582,0.17488434136366307
2018-03-31 12:00:00,0.13735923486448764,0.061296610007820565,0.11683784886396495,0.3087214939020484,0.2086385823669814
2018-03-31 13:00:00,0.08177189582892588,0.08415507306553478,0.09812540898021373,0.34497494829236486,0.212356427934321
2018-03-31 14:00:00,0.11039321300087858,0.1916728942725692,0.2636843994801052,0.40870138512679244,0.3126868632653023
2018-03-31 15:00:00,0.2080166665110459,0.19088874972210443,0.16923247899365715,0.558478235474619,0.5784461331717295
2018-03-31 16:00:00,0.3695889530343563,0.4721850035144139,0.12302147405230002,0.6024115970437021,0.7571055074236088
2018-03-31 17:00:00,0.6358758692835548,0.7081083595061834,0.13762223673285548,0.30067066701260553,0.898794271605456
2018-03-31 18:00:00,0.981089337265665,0.9091086790022596,0.23051549608839847,0.514410580383968,0.9495255609856614
2018-03-31 19:00:00,0.981089337265665,0.9785379269967656,0.2119380150148746,0.11533653268313367,0.9495255609856614
2018-03-31 20:00:00,0.981089337265665,0.9785379269967656,0.2771472696799312,0.13004309929782207,0.9495255609856614
2018-03-31 21:00:00,0.981089337265665,0.717423222440586,0.11584770662628625,0.2117894943126786,0.9495255609856614
2018-03-31 22:00:00,0.6866555091292266,0.2799282162825658,0.07108810348380014,0.5630026919464564,0.8341980113263995
2018-03-31 23:00:00,0.27213460047532495,0.11601850999892147,0.10439451785119563,0.8989811460064183,0.6455189882584772
2018-04-01 00:00:00,0.2602311272280032,0.16843387521292924,0.09300060250374954,0.6859696072785008,0.2797539375900506
2018-04-01 01:00:00,0.15628394055054798,0.12316516370899261,0.07079567881113635,0.8781036100321147,0.21534906461754
2018-04-01 02:00:00,0.1616964104805445,0.07463415975144956,0.240241381620097,0.767472263706632,0.19471282871192058
2018-04-01 03:00:00,0.13855723809280324,0.20835482622410617,0.4658886762467831,0.3405074314475669,0.048252161893445555
2018-04-01 04:00:00,0.19081758555981243,0.2747150655222288,0.17605861795177913,0.43623471954360654,0.12058427273019784
2018-04-01 05:00:00,0.21930932630473404,0.1484799673922402,0.13241025735860035,0.884130761360574,0.10931260086409299
2018-04-01 06:00:00,0.13324010286916385,0.29497979547811154,0.33107620859241316,0.3419854114740812,0.04294672945392154
2018-04-01 07:00:00,0.1573795246351048,0.03029728210504324,0.4142237076052854,0.32147919335076236,0.020211378068696367
2018-04-01 08:00:00,0.20037181694709474,0.0442365321748544,0.37821193592130636,0.15177969616511697,0.012055335857421733
2018-04-01 09:00:00,0.046557792574706484,0.0716627049919093,0.24344382991542599,0.08168990269385142,0.0
2018-04-01 10:00:00,0.03657593904605545,0.027718094998632113,0.20993817484085261,0.0,0.02843867824761285
2018-04-01 11:00:00,0.06473278043697824,0.11937399549908782,0.2272657020912758,0.031164507736928457,0.02626187447409882
2018-04-01 12:00:00,0.0,0.04303749414646831,0.13589908679698126,0.0,0.07014798340814137
2018-04-01 13:00:00,0.0,0.08577320593929623,0.14034655561408593,0.050624902909959225,0.06441983866339566
2018-04-01 14:00:00,0.0,0.09944283450716215,0.20465252605922774,0.03583905719793116,0.10796867073609516
2018-04-01 15:00:00,0.02954353418606709,0.14107478176871682,0.24282047346514132,0.03987492164592917,0.14945870040743578
2018-04-01 16:00:00,0.1389296534717832,0.19770463344117883,0.3637982379542464,0.05327601353387147,0.24750170583733666
2018-04-01 17:00:00,0.3982343223194129,0.3805744074171719,0.9183902905892359,0.5049840941126773,0.2781802193658675
2018-04-01 18:00:00,0.33425752289054095,0.34385272097485126,0.9834636537614106,0.34691108512057234,0.3008947421290898
2018-04-01 19:00:00,0.7684346003538829,0.5156558810213446,0.9834636537614106,0.3939836635627413,0.3563977195626011
2018-04-01 20:00:00,0.981089337265665,0.9785379269967656,0.9834636537614106,1.0,0.7022567757861543
2018-04-01 21:00:00,0.981089337265665,0.7885635566585831,0.9834636537614106,0.970391547132205,0.177469927786916
2018-04-01 22:00:00,0.981089337265665,0.46533491172308666,0.9834636537614106,1.0,0.0
2018-04-01 23:00:00,0.981089337265665,0.3323580847865454,0.9834636537614106,1.0,0.0
2018-04-02 00:00:00,0.981089337265665,0.06285637354988943,0.9834636537614106,0.5144401473930513,0.0
2018-04-02 01:00:00,0.981089337265665,0.004961617887774073,0.9834636537614106,0.22227093775181778,0.0
2018-04-02 02:00:00,0.981089337265665,0.0846455561435051,0.9834636537614106,0.19848042775093705,0.0
2018-04-02 03:00:00,0.981089337265665,0.37538716585377385,0.9834636537614106,0.20186893702885192,0.0
2018-04-02 04:00:00,0.981089337265665,0.9785379269967656,0.5573584743263287,0.31175410221909655,0.0
2018-04-02 05:00:00,0.8391008443762453,0.9785379269967656,0.2959578702792006,0.22237885380845454,0.04528892706059357
2018-04-02 06:00:00,0.981089337265665,0.9785379269967656,0.10192905872693916,0.3070535341337803,0.0393880598455745
2018-04-02 07:00:00,0.981089337265665,0.9785379269967656,0.06977040150055734,0.7066312010380661,0.14116106285506327
2018-04-02 08:00:00,0.5775608802759143,0.9785379269967656,0.0,0.7981482983915642,0.0
2018-04-02 09:00:00,0.020274589479543956,0.5206561337298224,0.0,0.4489537599101202,0.01094061544609999
2018-04-02 10:00:00,0.0,0.383548972786381,0.005661167747862259,0.11978743063526463,0.0
2018-04-02 11:00:00,0.030272473012478204,0.08793626386862548,0.0,0.12925575240064838,0.0
2018-04-02 12:00:00,0.06888438591823183,0.18266538711046054,0.03947824705746882,1.0,0.0
2018-04-02 13:00:00,0.05264553622348177,0.3775064706430905,0.2347157004579106,1.0,0.0
2018-04-02 14:00:00,0.14930863173705425,0.29205726024953776,0.22406012942298517,1.0,0.026499087057774373
2018-04-02 15:00:00,0.1924682220058686,0.45379875005390663,0.14668835713729164,0.19922300977492832,0.9495255609856614
2018-04-02 16:00:00,0.10211358940474674,0.9785379269967656,0.08953134510506075,0.4844544296824188,0.9495255609856614
2018-04-02 17:00:00,0.09604632615272382,0.9785379269967656,0.4494700739013908,1.0,0.9495255609856614
2018-04-02 18:00:00,0.6325317368329689,0.8047042814013314,0.9653660390767969,0.1040246236166461,0.9495255609856614
2018-04-02 19:00:00,0.981089337265665,0.7650019772104125,0.6682629274770655,0.3113955391972332,0.9495255609856614
2018-04-02 20:00:00,0.981089337265665,0.9785379269967656,0.9834636537614106,0.2993565244184314,0.9495255609856614
2018-04-02 21:00:00,0.981089337265665,0.5475859345482206,0.9834636537614106,1.0,0.9495255609856614
2018-04-02 22:00:00,0.981089337265665,0.5458114471832101,0.9834636537614106,1.0,0.9495255609856614
2018-04-02 23:00:00,0.981089337265665,0.9785379269967656,0.9834636537614106,1.0,0.9495255609856614
2018-04-03 00:00:00,0.981089337265665,0.9785379269967656,0.9834636537614106,1.0,0.9495255609856614
2018-04-03 01:00:00,0.981089337265665,0.9785379269967656,0.9834636537614106,1.0,0.6671906966884342
2018-04-03 02:00:00,0.981089337265665,0.9785379269967656,0.784687935569011,1.0,0.9495255609856614
2018-04-03 03:00:00,0.981089337265665,0.9785379269967656,0.9834636537614106,1.0,0.6089141814111356
2018-04-03 04:00:00,0.981089337265665,0.9785379269967656,0.9834636537614106,1.0,0.05985735412900315
2018-04-03 05:00:00,0.981089337265665,0.9785379269967656,0.9834636537614106,1.0,0.05971785319739213
2018-04-03 06:00:00,0.981089337265665,0.9785379269967656,0.9834636537614106,1.0,0.1528048263622389
2018-04-03 07:00:00,0.981089337265665,0.9785379269967656,0.9834636537614106,1.0,0.23327708245568804
2018-04-03 08:00:00,0.981089337265665,0.9785379269967656,0.9834636537614106,1.0,0.34332073983345573
2018-04-03 09:00:00,0.981089337265665,0.9785379269967656,0.9834636537614106,1.0,0.14812393039172195
2018-04-03 10:00:00,0.981089337265665,0.9785379269967656,0.9834636537614106,0.868489333086247,0.10471686477913018
2018-04-03 11:00:00,0.981089337265665,0.9785379269967656,0.9834636537614106,1.0,0.031045190425246158
2018-04-03 12:00:00,0.981089337265665,0.9785379269967656,0.9834636537614106,1.0,0.0
2018-04-03 13:00:00,0.981089337265665,0.7767462934572568,0.9834636537614106,1.0,0.0
2018-04-03 14:00:00,0.981089337265665,0.4801832541777711,0.9834636537614106,1.0,0.0
2018-04-03 15:00:00,0.3551530121917759,0.21435358041792893,0.6843277752734994,1.0,0.056200920135535
2018-04-03 16:00:00,0.25967475836493853,0.1465362883428559,0.6698857344001977,1.0,0.23832346415751765
2018-04-03 17:00:00,0.2501294058787877,0.03913690078661721,0.8933837751684793,1.0,0.17477175343317272
2018-04-03 18:00:00,0.06921516808322144,0.0,0.4972128196875292,1.0,0.19279796571974683
2018-04-03 19:00:00,0.33673394586192346,0.03338481332677926,0.1382427065644918,0.3790604556384859,0.39839704947752097
2018-04-03 20:00:00,0.3326623481157452,0.0,0.9834636537614106,0.22486345471404057,0.7864504058779399
2018-04-03 21:00:00,0.8031743129202523,0.0,0.9631294541531824,0.16888326319365088,0.9495255609856614
2018-04-03 22:00:00,0.7299117968454522,0.14362053188194343,0.5707677887503909,0.31136174583064935,0.9495255609856614
2018-04-03 23:00:00,0.981089337265665,0.07597235018804546,0.6944688868463778,0.7343736046094805,0.9495255609856614
2018-04-04 00:00:00,0.981089337265665,0.01987460724526974,0.9834636537614106,0.6343873344504208,0.2532561783615165
2018-04-04 01:00:00,0.981089337265665,0.02964356052854616,0.9607578368833523,0.3937066116061316,0.0
2018-04-04 02:00:00,0.981089337265665,0.046062480316996085,0.7410467429289548,0.1236816331577018,0.0
2018-04-04 03:00:00,0.981089337265665,0.044255552197641206,0.4810037867526015,0.15693184973058052,0.0
2018-04-04 04:00:00,0.981089337265665,0.0,0.40833050232796547,0.06490975095368608,0.0
2018-04-04 05:00:00,0.981089337265665,0.0079089217305476,0.5774916539784622,0.4325192515263178,0.03937365135363234
2018-04-04 06:00:00,0.981089337265665,0.014830976290626553,0.30867041797549905,1.0,0.10891360700640793
2018-04-04 07:00:00,0.981089337265665,0.020784031592124514,0.34676615392049637,1.0,0.062484881264331354
2018-04-04 08:00:00,0.981089337265665,0.06503799989368675,0.06833683165661837,1.0,0.021904442702526825
2018-04-04 09:00:00,0.981089337265665,0.0,0.021052828799873288,1.0,0.03654553466658779
2018-04-04 10:00:00,0.981089337265665,0.0,0.0,1.0,0.0
2018-04-04 11:00:00,0.981089337265665,0.0,0.025912097429629022,1.0,0.0
2018-04-04 12:00:00,0.981089337265665,0.0,0.759114436738461,1.0,0.01741636914281848
2018-04-04 13:00:00,0.981089337265665,0.0,0.9432917183140843,1.0,0.0
2018-04-04 14:00:00,0.981089337265665,0.0,0.9235284048354028,1.0,0.0
2018-04-04 15:00:00,0.39594257248233017,0.04613534269604047,0.9834636537614106,1.0,0.9495255609856614
2018-04-04 16:00:00,0.981089337265665,0.3833324394653226,0.9834636537614106,1.0,0.9495255609856614
2018-04-04 17:00:00,0.5960027820383021,0.16689127289311761,0.2808587893360057,1.0,0.9495255609856614
2018-04-04 18:00:00,0.17302884605561722,0.8810539621260747,0.3203726857866301,1.0,0.8756894819382983
2018-04-04 19:00:00,0.25370393898929583,0.30873442489317016,0.038996310210986415,1.0,0.9495255609856614
2018-04-04 20:00:00,0.4594855474232801,0.4576509830513634,0.0,1.0,0.9495255609856614
2018-04-04 21:00:00,0.635507439881961,0.03769758498907557,0.06446891454161045,1.0,0.23547365075964338
2018-04-04 22:00:00,0.09416113104445718,0.0,0.0034427240010612824,1.0,0.8725915963969889
2018-04-04 23:00:00,0.0,0.0,0.9834636537614106,0.22224210710019174,0.0
2018-04-05 00:00:00,0.28509534200428926,0.0,0.9834636537614106,0.04865948975751255,0.0
2018-04-05 01:00:00,0.549743996817661,0.0,0.4839891613632674,0.06436424565928045,0.018381304812664877
2018-04-05 02:00:00,0.5634447175586379,0.06316068879783795,0.043696497906168044,0.037612195815495957,0.0
2018-04-05 03:00:00,0.429662412495278,0.08778161178426946,0.0,0.6698552506876698,0.01711167670866379
2018-04-05 04:00:00,0.8748695678229282,0.0017207361049608862,0.014953371521449843,1.0,0.046497875271332145
2018-04-05 05:00:00,0.981089337265665,0.005471858969710043,0.0,1.0,0.06789629406099892
2018-04-05 06:00:00,0.981089337265665,0.0,0.020800891449955047,1.0,0.0
2018-04-05 07:00:00,0.4488504040061541,0.0,0.08762901637941524,1.0,0.0
2018-04-05 08:00:00,0.3189710199021997,0.0,0.03772365901237622,0.7148242803565829,0.0
2018-04-05 09:00:00,0.16017276083894166,0.0,0.0035659564721080947,1.0,0.0
2018-04-05 10:00:00,0.09635376962977489,0.0,0.0,1.0,0.0
2018-04-05 11:00:00,0.03788497034381092,0.021503674954982444,0.17355090989800862,0.9242982077973092,0.041666278949661226
2018-04-05 12:00:00,0.0,0.02353062483505525,0.08103669080661209,1.0,0.03698455359899448
2018-04-05 13:00:00,0.0,0.06982474626066283,0.17169962880239462,1.0,0.026065487405124328
2018-04-05 14:00:00,0.008436152190110843,0.08163963857110985,0.5972985145577949,1.0,0.1098915177773752
2018-04-05 15:00:00,0.029069049454162044,0.0,0.5296081927927246,0.3210611233935671,0.2875083861191568
2018-04-05 16:00:00,0.0,0.0,0.8828968459619321,0.4345851581554654,0.009676320394224154
2018-04-05 17:00:00,0.15086091349797398,0.0,0.50991520473117,0.3300041685208276,0.09489217618521895
2018-04-05 18:00:00,0.6365880980613783,0.0,0.30231073434744066,0.217288317171318,0.9495255609856614
2018-04-05 19:00:00,0.981089337265665,0.10918406296137664,0.41141455253381415,0.2984931512324636,0.0
2018-04-05 20:00:00,0.981089337265665,0.9785379269967656,0.9576642643285878,0.33584724430280916,0.19668445799669282
2018-04-05 21:00:00,0.981089337265665,0.9024534253123451,0.9834636537614106,0.5005225816024024,0.038046348199951285
2018-04-05 22:00:00,0.981089337265665,0.9785379269967656,0.5995700820976785,1.0,0.7901242777391236
2018-04-05 23:00:00,0.9142640569272198,0.9785379269967656,0.8988105261440082,1.0,0.8605810327906067
2018-04-06 00:00:00,0.38719093783208663,0.23021738182374196,0.7374947862864533,1.0,0.7926360184827457
2018-04-06 01:00:00,0.4529114698418655,0.38870641320636196,0.136833512368368,1.0,0.17103892692780492
2018-04-06 02:00:00,0.981089337265665,0.5976525844238149,0.0,1.0,0.08623424048909924
2018-04-06 03:00:00,0.981089337265665,0.21805783755195965,0.9788887199648173,1.0,0.07486643517299534
2018-04-06 04:00:00,0.9325160513083104,0.09891909253813543,0.39682262830773696,1.0,0.19395310607205177
2018-04-06 05:00:00,0.981089337265665,0.22445447237007463,0.6113110960757563,0.6972632656767571,0.17874270743997356
2018-04-06 06:00:00,0.7662940255159056,0.11742475257632476,0.8908383155947608,1.0,0.2562147251586864
2018-04-06 07:00:00,0.41458218465433383,0.11842104518570541,0.7656623489468565,1.0,0.10993650306289071
2018-04-06 08:00:00,0.0547517899888713,0.08719287513586771,0.5751408220800159,0.6980242311310748,0.04940268515699126
2018-04-06 09:00:00,0.22571764004046402,0.08506138058361773,0.5746786091178446,0.9721395664119525,0.0006544460976899585
2018-04-06 10:00:00,0.3552811047120854,0.3301453707882125,0.9834636537614106,1.0,0.2119015950656786
2018-04-06 11:00:00,0.6982251081601227,0.45341959261253817,0.8711253994653567,0.4619050413036336,0.32777753205863874
2018-04-06 12:00:00,0.9508425587032286,0.6837066262040522,0.4836021500679069,0.18761895357962474,0.34760916068970016
2018-04-06 13:00:00,0.981089337265665,0.344907062873204,0.47823032065135634,0.13577577270751465,0.36573469952727755
2018-04-06 14:00:00,0.981089337265665,0.38732407569537286,0.459561077030813,0.049102976199669995,0.9495255609856614
2018-04-06 15:00:00,0.882618266189518,0.37033232432570384,0.21986333837337935,0.0,0.9495255609856614
2018-04-06 16:00:00,0.7426587552161441,0.3274155174061906,0.22284334909363301,0.018966594015865982,0.7113297000563682
2018-04-06 17:00:00,0.7745971989432238,0.11785359680730924,0.14789393259636358,0.062057168122904106,0.48364756820028615
2018-04-06 18:00:00,0.6810971516766368,0.0756592017974504,0.07909070356246417,0.21571431662945495,0.3479841908845167
2018-04-06 19:00:00,0.7199548056479677,0.07118506719553902,0.082492469155776,0.25678372320284887,0.4137883716362406
2018-04-06 20:00:00,0.25080697882333575,0.09398835446938891,0.12664009798514245,0.27141010859421044,0.2201613217275274
2018-04-06 21:00:00,0.2832928851885219,0.021200943387224537,0.07949967971863908,0.5074906515037886,0.5004495085029789
2018-04-06 22:00:00,0.31346167191896745,0.06639477715464624,0.040701897187422155,0.2752056175280766,0.4562847538487262
2018-04-06 23:00:00,0.28039329604838353,0.015681602232062747,0.06336007478810829,0.28160053554153575,0.22695102023056413
2018-04-07 00:00:00,0.21573106808460119,0.0637617542573805,0.0535297211645537,0.15121666938856862,0.11150696400559607
2018-04-07 01:00:00,0.21225321973902944,0.14465934558025423,0.011054929831499877,0.22703218187941754,0.19565177102455342
2018-04-07 02:00:00,0.025727331076914616,0.2939871613419166,0.04686224971667044,0.19855036164480339,0.27677994905392717
2018-04-07 03:00:00,0.0,0.17640758878104704,0.02954472669966111,0.20874809278076403,0.10382700906470553
2018-04-07 04:00:00,0.0,0.11362533160231748,0.0,0.16995800338569544,0.03602342405230705
2018-04-07 05:00:00,0.0798610536196072,0.16184049756419389,0.04237292654476798,0.13712671257701065,0.0
2018-04-07 06:00:00,0.08170259159203065,0.2870244644801832,0.10238582304152576,0.07698272754383649,0.0
2018-04-07 07:00:00,0.0727333240225753,0.3674755655400869,0.1310886984579567,0.07998099264221185,0.02978687906184408
2018-04-07 08:00:00,0.05463808431632599,0.40427463101583466,0.14054246738769158,0.07686756566299961,0.0
2018-04-07 09:00:00,0.08445549246242978,0.24811966526785328,0.13821282956791384,0.0670442154237805,0.0
2018-04-07 10:00:00,0.14602126674017393,0.3413701114161498,0.19829946469150733,0.03225753034477139,0.0
2018-04-07 11:00:00,0.20874073714090663,0.3277703890482231,0.23849980711498145,0.0,0.0
2018-04-07 12:00:00,0.18201253523635508,0.20015994793140243,0.3332575907514049,0.0,0.0
2018-04-07 13:00:00,0.18966962068443163,0.2894195351933241,0.3080416219760362,0.09871891521507284,0.0
2018-04-07 14:00:00,0.4357583993767621,0.2684332037243783,0.39050399392137664,0.07433682751524118,0.04156791423389025
2018-04-07 15:00:00,0.663043233966152,0.28370525075315944,0.3934689024630483,0.057964134039260304,0.1149002549402992
2018-04-07 16:00:00,0.8111080484123795,0.3945653722766837,0.43706951698597296,0.20901675848837417,0.2612500347297631
2018-04-07 17:00:00,0.981089337265665,0.3461954717942673,0.654018586325484,0.1764877285060369,0.20788654518449268
2018-04-07 18:00:00,0.981089337265665,0.41698351168267445,0.9834636537614106,0.26394065345453593,0.2590063356163505
2018-04-07 19:00:00,0.981089337265665,0.3662934698462323,0.9834636537614106,0.07907754326672957,0.21161572035587708
2018-04-07 20:00:00,0.981089337265665,0.7366740241960386,0.9834636537614106,0.5853781253652732,0.0
2018-04-07 21:00:00,0.981089337265665,0.47502460959999615,0.9834636537614106,0.08781814169155414,0.0
2018-04-07 22:00:00,0.981089337265665,0.223995389954691,0.9834636537614106,0.20519590370016522,0.0
2018-04-07 23:00:00,0.947180347627949,0.12626660272556728,0.9834636537614106,0.475948173886847,0.0
2018-04-08 00:00:00,0.981089337265665,0.6158910404544458,0.9834636537614106,0.3012763205622312,0.0
2018-04-08 01:00:00,0.981089337265665,0.9785379269967656,0.9834636537614106,0.9493826471939413,0.02044657867302425
2018-04-08 02:00:00,0.981089337265665,0.9785379269967656,0.9834636537614106,1.0,0.02570250662267922
2018-04-08 03:00:00,0.981089337265665,0.9785379269967656,0.9834636537614106,1.0,0.15331989146511393
2018-04-08 04:00:00,0.9672675139694312,0.9785379269967656,0.9834636537614106,1.0,0.06626662725732482
2018-04-08 05:00:00,0.6607209510251909,0.9785379269967656,0.9834636537614106,1.0,0.2816382426703436
2018-04-08 06:00:00,0.19229367806469208,0.9785379269967656,0.9834636537614106,1.0,0.9495255609856614
2018-04-08 07:00:00,0.20510718386896792,0.9785379269967656,0.499268903727719,1.0,0.09295446281130074
2018-04-08 08:00:00,0.981089337265665,0.6439961607345115,0.9834636537614106,1.0,0.0
2018-04-08 09:00:00,0.981089337265665,0.9785379269967656,0.9834636537614106,1.0,0.0209005487102456
2018-04-08 10:00:00,0.36715930665388674,0.9785379269967656,0.9834636537614106,0.9292808991209602,0.3338830947401471
2018-04-08 11:00:00,0.040182461512119745,0.9785379269967656,0.9834636537614106,1.0,0.01754826512912289
2018-04-08 12:00:00,0.027078122954895138,0.9785379269967656,0.9834636537614106,1.0,0.12418755930127019
2018-04-08 13:00:00,0.2198104366078555,0.9785379269967656,0.8213255719366442,0.742959903472773,0.7299613985170399
2018-04-08 14:00:00,0.18857627533889576,0.9785379269967656,0.3599621773985256,0.4229183572937814,0.9495255609856614
2018-04-08 15:00:00,0.08070516985145833,0.672132209979681,0.7831467884567813,0.6623770408030759,0.7539182533811705
2018-04-08 16:00:00,0.0,0.555053516499041,0.3315046604702649,1.0,0.2436173917883621
2018-04-08 17:00:00,0.8682701374293792,0.14284587214205122,0.2993820200706339,1.0,0.9495255609856614
2018-04-08 18:00:00,0.31748844409532734,0.05302069847703641,0.9834636537614106,1.0,0.9495255609856614
2018-04-08 19:00:00,0.3934267312955293,0.13433071343747008,0.9834636537614106,1.0,0.0
2018-04-08 20:00:00,0.4639218658992854,0.5040824103290624,0.8128990953741287,1.0,0.03509051371170594
2018-04-08 21:00:00,0.12934518966934894,0.6419478517910592,0.9834636537614106,0.8178406429453697,0.9495255609856614
2018-04-08 22:00:00,0.0830976180198206,0.3389471012688692,0.22312255047853666,0.11363458318818614,0.28212979501871943
2018-04-08 23:00:00,0.0,0.3909321993689841,0.09348646456918412,0.1785653298918038,0.597168229737161
2018-04-09 00:00:00,0.308255859719209,0.27310701482022604,0.0,0.09764095340566573,0.6601162174656556
2018-04-09 01:00:00,0.534603561163841,0.09346997134112181,0.009966222543679452,0.19118572962837826,0.4138518605502435
2018-04-09 02:00:00,0.1730615146909966,0.02725745533667445,0.105898013756012,0.35775028801019304,0.2918971959181167
2018-04-09 03:00:00,0.2617513673825121,0.11010287321645104,0.3851011572759784,0.14752121137774116,0.14860091820753032
2018-04-09 04:00:00,0.2544330887945863,0.11156449341020203,0.44937432266090593,0.25657914996892045,0.15545102206160813
2018-04-09 05:00:00,0.4434651861271956,0.862852797060286,0.9834636537614106,0.5521675689159198,0.0
2018-04-09 06:00:00,0.09711711840614809,0.9785379269967656,0.6893023157806942,0.9244780838669203,0.0
2018-04-09 07:00:00,0.18302802421347444,0.9257447363989816,0.7302352792045976,0.7972298356998403,0.04149315751424883
2018-04-09 08:00:00,0.30418033600621774,0.7847451852924449,0.9834636537614106,0.8355306853574096,0.0875477227701165
2018-04-09 09:00:00,0.981089337265665,0.9785379269967656,0.9834636537614106,0.42615868437371396,0.05683994919013857
2018-04-09 10:00:00,0.7443059587999391,0.8072028401471897,0.9834636537614106,0.25828930642195747,0.13740315188560082
2018-04-09 11:00:00,0.6622638920804689,0.9041579357134569,0.591450786765894,0.2313095569305216,0.8299402608594705
2018-04-09 12:00:00,0.22223469000053692,0.25675049541090594,0.6046691697709472,0.4818430340888931,0.8597902022522924
2018-04-09 13:00:00,0.25340666525694394,0.18281754300264297,0.9834636537614106,1.0,0.45465177313467725
2018-04-09 14:00:00,0.12080488863186621,0.18686075260607732,0.46311735679502125,1.0,0.49720049628632423
2018-04-09 15:00:00,0.08564788869033454,0.13491583817569833,0.9834636537614106,1.0,0.5149457988772296
2018-04-09 16:00:00,0.1629915130498169,0.15741312032802415,0.20283758197931023,0.9954625604619404,0.31271286464063763
2018-04-09 17:00:00,0.07822740528422521,0.07888410930707258,0.0026906107574853426,0.08776588395196994,0.387495804819887
2018-04-09 18:00:00,0.024444534185351696,0.07888410930707258,0.40203997650017703,0.035307656037269805,0.16782526411580567
2018-04-09 19:00:00,0.04673528677143114,0.10202926618915259,0.07818404947305901,0.0,0.5206915304233404
2018-04-09 20:00:00,0.08915683627363355,0.0,0.06547279512266788,0.0,0.23984192441943972
2018-04-09 21:00:00,0.21141945788880134,0.03913361930986902,0.43256216379918966,0.0,0.6302086317244827
2018-04-09 22:00:00,0.43152603557336916,0.29662784496536865,0.8061242373176388,0.0,0.3317400908751702
2018-04-09 23:00:00,0.5709058314243891,0.49572762735209785,0.9834636537614106,0.18588335795678815,0.693570881275339
2018-04-10 00:00:00,0.7786446169131614,0.7108174534628927,0.9705743762843215,0.45731074342762035,0.17878060811145138
2018-04-10 01:00:00,0.9484703419176931,0.6136336214031128,0.5367784083989281,0.7378450490872079,0.0
2018-04-10 02:00:00,0.981089337265665,0.9714976042046862,0.3270221136637461,0.30245574001803865,0.0
2018-04-10 03:00:00,0.981089337265665,0.9785379269967656,0.34398987751717436,0.5106758784260702,0.04098208087100236
2018-04-10 04:00:00,0.981089337265665,0.9785379269967656,0.37027255639725304,1.0,0.16097749960080518
2018-04-10 05:00:00,0.981089337265665,0.31341188257206054,0.9834636537614106,1.0,0.05051537530068533
2018-04-10 06:00:00,0.981089337265665,0.14749084394749423,0.9834636537614106,1.0,0.0561649325652157
2018-04-10 07:00:00,0.981089337265665,0.14485472887106302,0.8540507845451798,1.0,0.058913782406866434
2018-04-10 08:00:00,0.981089337265665,0.07606876255910365,0.4024837907842239,1.0,0.09364532790142134
2018-04-10 09:00:00,0.33777467636084874,0.09383519678581634,0.24310405172241564,0.8733935091806241,0.07895350078308262
2018-04-10 10:00:00,0.07179645173749093,0.07052430643231657,0.31760358718972137,0.4794500547964919,0.0
2018-04-10 11:00:00,0.02928542181638423,0.0,0.49831931212794706,0.38857082633949275,0.0
2018-04-10 12:00:00,0.031520783348400715,0.0,0.5313861404991259,0.420569867115011,0.0
2018-04-10 13:00:00,0.05383194262303577,0.04791218892797784,0.3388982375899858,0.3119810480096573,0.006979187665796286
2018-04-10 14:00:00,0.07234278012306741,0.040585082093713976,0.3487595004207364,0.23679318047462997,0.027275626821096535
2018-04-10 15:00:00,0.05429583814146593,0.0,0.19818475257527984,0.06109114216781143,0.10982380905648513
2018-04-10 16:00:00,0.0,0.3574106822075095,0.12458732286022509,0.7117091190213567,0.09246090057602169
2018-04-10 17:00:00,0.04414248441193747,0.04372274134440667,0.13584691031058976,1.0,0.2391911411485325
2018-04-10 18:00:00,0.0,0.0429972040643196,0.011039726802587206,1.0,0.3205322172700161
2018-04-10 19:00:00,0.08657372603872077,0.09212289729257259,0.0,1.0,0.6531963052853915
2018-04-10 20:00:00,0.18594580063813226,0.5229313497728167,0.8253033336309997,1.0,0.9495255609856614
2018-04-10 21:00:00,0.2818147777205338,0.33292638078540593,0.9834636537614106,1.0,0.108503271658189
2018-04-10 22:00:00,0.6788845699789021,0.1820949101529031,0.9834636537614106,1.0,0.0
2018-04-10 23:00:00,0.981089337265665,0.0,0.9834636537614106,0.9570338519007858,0.12159439251969659
2018-04-11 00:00:00,0.981089337265665,0.0,0.9834636537614106,0.4312139467861352,0.03835424584784609
2018-04-11 01:00:00,0.981089337265665,0.0,0.9834636537614106,0.5021064340650805,0.10546918698373917
2018-04-11 02:00:00,0.981089337265665,0.10422263031750538,0.9834636537614106,0.3877505851571403,0.0495822154299759
2018-04-11 03:00:00,0.981089337265665,0.648475759715685,0.9510649415619037,0.9060201780991042,0.1648926916462711
2018-04-11 04:00:00,0.981089337265665,0.48193052357128974,0.8667622657450305,1.0,0.15725156517677427
2018-04-11 05:00:00,0.981089337265665,0.0,0.7289528300063154,0.21630257516962276,0.20672657135732828
2018-04-11 06:00:00,0.981089337265665,0.02202055322861312,0.34517806143232455,0.45504476384218095,0.1667276882340535
2018-04-11 07:00:00,0.981089337265665,0.5808014269255646,0.5277319580593013,0.39777705110355616,0.38112021564076254
2018-04-11 08:00:00,0.42824930895544555,0.1965157185496518,0.07463965811259893,0.271839898815692,0.5081791969678512
2018-04-11 09:00:00,0.35234890266890967,0.0,0.03398839891922244,0.24814356979709248,0.39472478144810125
2018-04-11 10:00:00,0.44044491008417436,0.03444042577928139,0.0,1.0,0.15945571991275587
2018-04-11 11:00:00,0.617291035996138,0.0,0.04828217364480386,1.0,0.9495255609856614
2018-04-11 12:00:00,0.6702225634978417,0.08299751515907636,0.05386160551488536,1.0,0.9495255609856614
2018-04-11 13:00:00,0.3967315251829263,0.9785379269967656,0.0,1.0,0.9495255609856614
2018-04-11 14:00:00,0.19348969129337992,0.05649764663994446,0.9834636537614106,1.0,0.9495255609856614
2018-04-11 15:00:00,0.029509955906890782,0.10178719739976913,0.9834636537614106,1.0,0.9495255609856614
2018-04-11 16:00:00,0.0,0.041982249987661785,0.9834636537614106,1.0,0.9495255609856614
2018-04-11 17:00:00,0.15505374400777944,0.15278075054842297,0.9834636537614106,1.0,0.9495255609856614
2018-04-11 18:00:00,0.36564761709346033,0.27443344406882175,0.9196382458343128,1.0,0.6670171030350165
2018-04-11 19:00:00,0.981089337265665,0.27543037239016444,0.9743496155292911,1.0,0.9495255609856614
2018-04-11 20:00:00,0.981089337265665,0.310094623548008,0.5580421582395645,1.0,0.1481563968895504
2018-04-11 21:00:00,0.981089337265665,0.2403495845638398,0.00017394675794846182,1.0,0.32553401204079774
2018-04-11 22:00:00,0.49996553810360306,0.04629240621527478,0.23676417986987625,1.0,0.0
2018-04-11 23:00:00,0.981089337265665,0.05989046118537479,0.9834636537614106,1.0,0.015952083690378097
2018-04-12 00:00:00,0.981089337265665,0.0,0.9834636537614106,1.0,0.031124495464132623
2018-04-12 01:00:00,0.981089337265665,0.07515973963106458,0.9834636537614106,1.0,0.0
2018-04-12 02:00:00,0.981089337265665,0.0,0.9834636537614106,1.0,0.0
2018-04-12 03:00:00,0.981089337265665,0.0,0.9834636537614106,1.0,0.0
2018-04-12 04:00:00,0.981089337265665,0.2891185877222298,0.9834636537614106,1.0,0.0
2018-04-12 05:00:00,0.981089337265665,0.27369444367633783,0.9834636537614106,1.0,0.0
2018-04-12 06:00:00,0.981089337265665,0.0,0.086117932188969,1.0,0.024702378337570514
2018-04-12 07:00:00,0.981089337265665,0.20841607470824294,0.18914335760859835,0.9694657789472685,0.022582087946125963
2018-04-12 08:00:00,0.8242705278786712,0.2756640337709669,0.07663465246895289,0.7454198342058919,0.011554201337873514
2018-04-12 09:00:00,0.7480929518057505,0.05222234060722668,0.13972003809080935,0.519566480805034,0.03451058076129043
2018-04-12 10:00:00,0.8315063474029205,0.9019932038459503,0.17385309786011227,0.4695092035749093,0.9495255609856614
2018-04-12 11:00:00,0.981089337265665,0.9785379269967656,0.13883670938713732,0.17446534919790974,0.3534093098599282
2018-04-12 12:00:00,0.981089337265665,0.9785379269967656,0.09958964448689848,0.2952090130822543,0.9227359258967627
2018-04-12 13:00:00,0.981089337265665,0.9785379269967656,0.11417846666965294,0.4321538003897635,0.9495255609856614
2018-04-12 14:00:00,0.981089337265665,0.9629098618323831,0.18633092718053543,0.4748059873311416,0.9495255609856614
2018-04-12 15:00:00,0.981089337265665,0.9785379269967656,0.3806118789080382,1.0,0.9495255609856614
2018-04-12 16:00:00,0.981089337265665,0.9785379269967656,0.5471740503756413,1.0,0.9495255609856614
2018-04-12 17:00:00,0.981089337265665,0.9785379269967656,0.79896251684532,0.7499998304980675,0.9495255609856614
2018-04-12 18:00:00,0.981089337265665,0.9785379269967656,0.6112829192300586,0.048007018049935894,0.9495255609856614
2018-04-12 19:00:00,0.981089337265665,0.9785379269967656,0.9834636537614106,0.06968376755315957,0.8710944134545517
2018-04-12 20:00:00,0.981089337265665,0.9785379269967656,0.9834636537614106,1.0,0.9495255609856614
2018-04-12 21:00:00,0.981089337265665,0.9785379269967656,0.9834636537614106,1.0,0.9495255609856614
2018-04-12 22:00:00,0.981089337265665,0.9785379269967656,0.965220292949915,1.0,0.7168203341411439
2018-04-12 23:00:00,0.981089337265665,0.9785379269967656,0.9834636537614106,1.0,0.9495255609856614
2018-04-13 00:00:00,0.981089337265665,0.9785379269967656,0.9834636537614106,1.0,0.9495255609856614
2018-04-13 01:00:00,0.981089337265665,0.9785379269967656,0.9834636537614106,1.0,0.9495255609856614
2018-04-13 02:00:00,0.981089337265665,0.9785379269967656,0.9834636537614106,1.0,0.9495255609856614
2018-04-13 03:00:00,0.981089337265665,0.9785379269967656,0.9834636537614106,1.0,0.6272757564165311
2018-04-13 04:00:00,0.981089337265665,0.9785379269967656,0.9834636537614106,1.0,0.9495255609856614
2018-04-13 05:00:00,0.981089337265665,0.9785379269967656,0.9834636537614106,1.0,0.9495255609856614
2018-04-13 06:00:00,0.981089337265665,0.9785379269967656,0.9834636537614106,1.0,0.19638308917830044
2018-04-13 07:00:00,0.981089337265665,0.9785379269967656,0.9834636537614106,1.0,0.220019531698802
2018-04-13 08:00:00,0.981089337265665,0.9785379269967656,0.9834636537614106,1.0,0.0674621580846539
2018-04-13 09:00:00,0.981089337265665,0.9785379269967656,0.9834636537614106,1.0,0.06912123346419836
2018-04-13 10:00:00,0.981089337265665,0.9785379269967656,0.9834636537614106,1.0,0.11802132295964254
2018-04-13 11:00:00,0.981089337265665,0.0,0.9834636537614106,1.0,0.9495255609856614
2018-04-13 12:00:00,0.981089337265665,0.0,0.9834636537614106,1.0,0.9495255609856614
2018-04-13 13:00:00,0.981089337265665,0.9785379269967656,0.9834636537614106,1.0,0.9495255609856614
2018-04-13 14:00:00,0.981089337265665,0.0,0.9834636537614106,1.0,0.9495255609856614
2018-04-13 15:00:00,0.981089337265665,0.0,0.9834636537614106,1.0,0.9495255609856614
2018-04-13 16:00:00,0.981089337265665,0.0,0.9834636537614106,1.0,0.9495255609856614
2018-04-13 17:00:00,0.981089337265665,0.9785379269967656,0.9834636537614106,1.0,0.9495255609856614
2018-04-13 18:00:00,0.981089337265665,0.9785379269967656,0.9834636537614106,1.0,0.9495255609856614
2018-04-13 19:00:00,0.981089337265665,0.9785379269967656,0.9834636537614106,1.0,0.9495255609856614
2018-04-13 20:00:00,0.981089337265665,0.9785379269967656,0.9834636537614106,1.0,0.9495255609856614
2018-04-13 21:00:00,0.981089337265665,0.9785379269967656,0.9834636537614106,1.0,0.9495255609856614
2018-04-13 22:00:00,0.981089337265665,0.9785379269967656,0.9834636537614106,1.0,0.9495255609856614
2018-04-13 23:00:00,0.981089337265665,0.9785379269967656,0.9834636537614106,1.0,0.9495255609856614
2018-04-14 00:00:00,0.981089337265665,0.9785379269967656,0.9834636537614106,1.0,0.9495255609856614
2018-04-14 01:00:00,0.981089337265665,0.9785379269967656,0.9834636537614106,1.0,0.9495255609856614
2018-04-14 02:00:00,0.981089337265665,0.9785379269967656,0.9834636537614106,1.0,0.3210387684178692
2018-04-14 03:00:00,0.981089337265665,0.9785379269967656,0.9834636537614106,1.0,0.09473947406228354
2018-04-14 04:00:00,0.981089337265665,0.9785379269967656,0.9834636537614106,1.0,0.0
2018-04-14 05:00:00,0.981089337265665,0.9785379269967656,0.9834636537614106,1.0,0.03330712859623132
2018-04-14 06:00:00,0.981089337265665,0.9785379269967656,0.9834636537614106,1.0,0.058326059998192945
2018-04-14 07:00:00,0.981089337265665,0.9785379269967656,0.9834636537614106,1.0,0.0
2018-04-14 08:00:00,0.981089337265665,0.9785379269967656,0.9834636537614106,1.0,0.4260352820323161
2018-04-14 09:00:00,0.981089337265665,0.9785379269967656,0.9834636537614106,1.0,0.02682228734199931
2018-04-14 10:00:00,0.981089337265665,0.9785379269967656,0.9834636537614106,1.0,0.03560284254994475
2018-04-14 11:00:00,0.981089337265665,0.9785379269967656,0.9834636537614106,1.0,0.04827546869031287
2018-04-14 12:00:00,0.981089337265665,0.9785379269967656,0.9834636537614106,1.0,0.08848752119197859
2018-04-14 13:00:00,0.981089337265665,0.9785379269967656,0.9834636537614106,1.0,0.6841411661699741
2018-04-14 14:00:00,0.981089337265665,0.9785379269967656,0.9834636537614106,1.0,0.9495255609856614
2018-04-14 15:00:00,0.981089337265665,0.9785379269967656,0.9834636537614106,1.0,0.7425161892917624
2018-04-14 16:00:00,0.981089337265665,0.9785379269967656,0.9834636537614106,1.0,0.5503485170348263
2018-04-14 17:00:00,0.981089337265665,0.9785379269967656,0.9834636537614106,1.0,0.8126325821929639
2018-04-14 18:00:00,0.981089337265665,0.9785379269967656,0.8843665474258777,0.8736227472742324,0.4441845633947724
2018-04-14 19:00:00,0.981089337265665,0.7945057388610972,0.8072710541376776,0.3629339931843936,0.5139707593323606
2018-04-14 20:00:00,0.981089337265665,0.31478160726160764,0.972510164999604,0.11958817335841494,0.701712909843442
2018-04-14 21:00:00,0.5472934689540488,0.30410560999912406,0.7535397929335067,0.07694129904748881,0.4970844519432957
2018-04-14 22:00:00,0.5606321146294126,0.3795732125110031,0.3935087810486062,0.07486640738977443,0.3659783951742607
2018-04-14 23:00:00,0.618097506182943,0.5263205877154427,0.48479985775844764,0.07422682522097383,0.3778310887852538
2018-04-15 00:00:00,0.9715668357261883,0.13577115412344146,0.5736902786893694,0.21475436920417143,0.5177325474124775
2018-04-15 01:00:00,0.981089337265665,0.681194430505816,0.9834636537614106,0.34683740377492156,0.7687657715926852
2018-04-15 02:00:00,0.981089337265665,0.9132614093281305,0.9834636537614106,0.4751798957716913,0.5483054221626956
2018-04-15 03:00:00,0.981089337265665,0.7897194491872042,0.9834636537614106,0.42976778464721865,0.16741321103160348
2018-04-15 04:00:00,0.981089337265665,0.6471680147030965,0.9834636537614106,0.549331710300648,0.0
2018-04-15 05:00:00,0.19756913385461525,0.3504052709252084,0.699510758850855,0.7746786097991077,0.0
2018-04-15 06:00:00,0.32343514896912956,0.14030290941294968,0.6010546994595086,0.712685016537705,0.0
2018-04-15 07:00:00,0.2775471001370348,0.11030902532345081,0.7408574622033903,0.33126229080198716,0.0
2018-04-15 08:00:00,0.11167835940161808,0.0,0.3278560141688786,0.12258541609817426,0.0
2018-04-15 09:00:00,0.14453431561470298,0.0,0.14563794614156417,0.05607277362016019,0.0
2018-04-15 10:00:00,0.0559467467928342,0.0,0.030213381066100366,0.07031241977589572,0.04387655816846109
2018-04-15 11:00:00,0.0033342658314177306,0.04476973813062852,0.0,0.15352885627061397,0.09859508143855712
2018-04-15 12:00:00,0.0770641400144668,0.07632083507414816,0.0,0.14741820516712456,0.021903419464780093
2018-04-15 13:00:00,0.16210287693070696,0.045451414233271585,0.0,0.10984543604984322,0.0550961747990739
2018-04-15 14:00:00,0.06639165234941058,0.02964654954456818,0.0,0.023832406804434252,0.10281083791743467
2018-04-15 15:00:00,0.0,0.0,0.0,0.12119038161627091,0.12625109001027818
2018-04-15 16:00:00,0.006893586984101559,0.0,0.009598016098953324,0.2097476123086468,0.1507498186022207
2018-04-15 17:00:00,0.07043509896725571,0.0,0.052870231574321774,0.35365525722680813,0.34494700090549946
2018-04-15 18:00:00,0.00848458091048365,0.0,0.18843473020792692,0.6352717053999382,0.34601984697124677
2018-04-15 19:00:00,0.6757284988467753,0.9785379269967656,0.22340088615080633,1.0,0.5055213297833374
2018-04-15 20:00:00,0.981089337265665,0.8422158548413456,0.129165739354418,1.0,0.47780902391329916
2018-04-15 21:00:00,0.9290743996369943,0.926830538916973,0.19299371191646325,0.9769246503435064,0.8731240378274261
2018-04-15 22:00:00,0.981089337265665,0.7159112581421615,0.2525559053733259,1.0,0.5413712666751622
2018-04-15 23:00:00,0.981089337265665,0.6926213250934705,0.2749567648084946,1.0,0.46509602833992186
2018-04-16 00:00:00,0.981089337265665,0.3769154186058978,0.3274950545882577,1.0,0.48793916821467853
2018-04-16 01:00:00,0.981089337265665,0.5252210377125226,0.3040223802140813,1.0,0.13696276691734643
2018-04-16 02:00:00,0.981089337265665,0.12169347583992828,0.3442194568848732,1.0,0.051721841029911425
2018-04-16 03:00:00,0.981089337265665,0.15168963552008707,0.43524380877605506,1.0,0.06918282773484837
2018-04-16 04:00:00,0.981089337265665,0.002418712682456965,0.6152678023364124,1.0,0.0
2018-04-16 05:00:00,0.981089337265665,0.0,0.5895071141308592,0.6135527877157805,0.0
2018-04-16 06:00:00,0.981089337265665,0.0,0.47899789641591384,0.30302982436847586,0.0
2018-04-16 07:00:00,0.981089337265665,0.0,0.3978214824722764,0.0797031696732562,0.0
2018-04-16 08:00:00,0.6627186117061363,0.0,0.2800738240695664,0.0,0.0
2018-04-16 09:00:00,0.11870720229956096,0.0,0.5376705401193149,0.014697684664172954,0.0
2018-04-16 10:00:00,0.0,0.0,0.6843955543653948,0.0522350900759825,0.0
2018-04-16 11:00:00,0.0,0.02753444804587131,0.33780151094210265,0.05984589362744599,0.025098591013763927
2018-04-16 12:00:00,0.0,0.11468215910924796,0.5192736595286487,0.1128644478137014,0.2889399764176663
2018-04-16 13:00:00,0.0,0.19895092379733575,0.72706575506225,0.24177056961907228,0.3244581604342553
2018-04-16 14:00:00,0.028873917868142352,0.4385615314769469,0.9834636537614106,0.5527217513218714,0.20212418557158524
2018-04-16 15:00:00,0.0,0.5572356456078028,0.9834636537614106,0.8879241472333398,0.05485245185392741
2018-04-16 16:00:00,0.0,0.36224690549892213,0.9834636537614106,0.8651255840420774,0.2889559159657803
2018-04-16 17:00:00,0.40852829605940905,0.9478316953931436,0.9834636537614106,1.0,0.34076490956982125
2018-04-16 18:00:00,0.981089337265665,0.6886732930180204,0.9834636537614106,0.9659888734468045,0.027011147516451544
2018-04-16 19:00:00,0.981089337265665,0.9785379269967656,0.9834636537614106,0.9896828795760169,0.055676152268683554
2018-04-16 20:00:00,0.7049201343458437,0.9785379269967656,0.9834636537614106,1.0,0.034885685491459116
2018-04-16 21:00:00,0.25966000012966667,0.9785379269967656,0.9834636537614106,1.0,0.16989654043897828
2018-04-16 22:00:00,0.011206314270577984,0.6281829391827969,0.9834636537614106,1.0,0.019676968431472503
2018-04-16 23:00:00,0.0,0.7312137620649121,0.9834636537614106,1.0,0.017881694404564014
2018-04-17 00:00:00,0.981089337265665,0.13698944912116806,0.9834636537614106,1.0,0.0
2018-04-17 01:00:00,0.981089337265665,0.35479542935733127,0.9834636537614106,1.0,0.019287223924871148
2018-04-17 02:00:00,0.981089337265665,0.24861310608156417,0.9834636537614106,0.8109564900641135,0.09971704609251698
2018-04-17 03:00:00,0.981089337265665,0.3094983002638998,0.7455522522359305,0.8152149455303651,0.012050288766721201
2018-04-17 04:00:00,0.981089337265665,0.2493883688933537,0.64323880593144,0.7491569773160691,0.0
2018-04-17 05:00:00,0.981089337265665,0.9785379269967656,0.6363368453119027,0.24363652466024174,0.0
2018-04-17 06:00:00,0.981089337265665,0.9785379269967656,0.5700755014893143,0.8430906119091359,0.4678782917056816
2018-04-17 07:00:00,0.981089337265665,0.9785379269967656,0.4193078751485909,0.5627001415387498,0.3778365542798209
2018-04-17 08:00:00,0.981089337265665,0.9785379269967656,0.11676918068116642,0.27997158577244385,0.9495255609856614
2018-04-17 09:00:00,0.981089337265665,0.9785379269967656,0.1549428287404729,0.46965157271195146,0.9495255609856614
2018-04-17 10:00:00,0.981089337265665,0.9785379269967656,0.3215327659264573,0.49856504907613786,0.9495255609856614
2018-04-17 11:00:00,0.981089337265665,0.9785379269967656,0.8072604408524124,0.5992682870293242,0.9495255609856614
2018-04-17 12:00:00,0.981089337265665,0.9785379269967656,0.2690007664020864,0.2618729634546882,0.9495255609856614
2018-04-17 13:00:00,0.981089337265665,0.9785379269967656,0.9834636537614106,1.0,0.9495255609856614
2018-04-17 14:00:00,0.981089337265665,0.9785379269967656,0.9834636537614106,1.0,0.9495255609856614
2018-04-17 15:00:00,0.981089337265665,0.9785379269967656,0.9834636537614106,1.0,0.9495255609856614
2018-04-17 16:00:00,0.981089337265665,0.9785379269967656,0.9834636537614106,1.0,0.9495255609856614
2018-04-17 17:00:00,0.981089337265665,0.9785379269967656,0.9834636537614106,1.0,0.9495255609856614
2018-04-17 18:00:00,0.981089337265665,0.9785379269967656,0.9834636537614106,1.0,0.9495255609856614
2018-04-17 19:00:00,0.981089337265665,0.9785379269967656,0.9834636537614106,1.0,0.9495255609856614
2018-04-17 20:00:00,0.981089337265665,0.9785379269967656,0.9834636537614106,1.0,0.9495255609856614
2018-04-17 21:00:00,0.981089337265665,0.9785379269967656,0.9834636537614106,1.0,0.9495255609856614
2018-04-17 22:00:00,0.981089337265665,0.9785379269967656,0.9834636537614106,1.0,0.9495255609856614
2018-04-17 23:00:00,0.981089337265665,0.9785379269967656,0.9834636537614106,1.0,0.8508369993050046
2018-04-18 00:00:00,0.981089337265665,0.9785379269967656,0.9834636537614106,1.0,0.711303216422582
2018-04-18 01:00:00,0.981089337265665,0.9785379269967656,0.9834636537614106,1.0,0.3388555309272153
2018-04-18 02:00:00,0.981089337265665,0.9785379269967656,0.9834636537614106,1.0,0.20413721122944045
2018-04-18 03:00:00,0.981089337265665,0.9785379269967656,0.9834636537614106,1.0,0.14758322002446386
2018-04-18 04:00:00,0.981089337265665,0.9785379269967656,0.9834636537614106,1.0,0.0
2018-04-18 05:00:00,0.981089337265665,0.9785379269967656,0.9834636537614106,1.0,0.024451290883546712
2018-04-18 06:00:00,0.981089337265665,0.9333812931757873,0.9834636537614106,1.0,0.03779218713894333
2018-04-18 07:00:00,0.9563700396028076,0.6647215878835891,0.9834636537614106,1.0,0.0
2018-04-18 08:00:00,0.981089337265665,0.9785379269967656,0.9834636537614106,1.0,0.0
2018-04-18 09:00:00,0.981089337265665,0.9785379269967656,0.9834636537614106,1.0,0.0
2018-04-18 10:00:00,0.981089337265665,0.9785379269967656,0.9834636537614106,1.0,0.0
2018-04-18 11:00:00,0.981089337265665,0.9785379269967656,0.9834636537614106,1.0,0.025841433888395382
2018-04-18 12:00:00,0.981089337265665,0.9785379269967656,0.9834636537614106,1.0,0.0
2018-04-18 13:00:00,0.9472610652316313,0.9785379269967656,0.9834636537614106,1.0,0.10217901473203123
2018-04-18 14:00:00,0.5674946817441832,0.6854308570048113,0.9834636537614106,0.35191835379168596,0.07650799060307588
2018-04-18 15:00:00,0.6940633467893493,0.32186931799267887,0.9834636537614106,0.5266326960592352,0.13505365481785067
2018-04-18 16:00:00,0.20980209995986498,0.06906806710135883,0.9834636537614106,0.2463435905582002,0.3409489733968651
2018-04-18 17:00:00,0.4755589377035282,0.20163412865731203,0.5246659718025051,0.14961187887658886,0.5908087796803849
2018-04-18 18:00:00,0.14437020234333767,0.041045613763229176,0.4542509622138206,0.18710122714901106,0.4982146794567712
2018-04-18 19:00:00,0.1841676132864509,0.13166147374648748,0.36501335015370334,0.4080070355760963,0.532917362021762
2018-04-18 20:00:00,0.3188454345128469,0.5847394005247132,0.27880860695077353,0.6663090646395005,0.6543667634090464
2018-04-18 21:00:00,0.5388237800878086,0.5453331721624052,0.16843146519636337,0.4664460630271841,0.6672782986325089
2018-04-18 22:00:00,0.37256061907651855,0.15796604469662426,0.605510304642185,0.43174121317783115,0.0
2018-04-18 23:00:00,0.15001553015469316,0.16208814767208826,0.7393199844501209,0.3689631505111788,0.20293872239176752
2018-04-19 00:00:00,0.08737270984442427,0.08192145670217325,0.6437542558245517,0.4585544581504289,0.6793097881135877
2018-04-19 01:00:00,0.1868337145913507,0.08728966742130523,0.8530183702178059,0.9640474434356301,0.6692525526638611
2018-04-19 02:00:00,0.5544292300679502,0.07273386627319808,0.9350134057082601,0.8568830951237639,0.9495255609856614
2018-04-19 03:00:00,0.8191024866591451,0.1199632579720095,0.6859255763789709,0.7622322933380313,0.9495255609856614
2018-04-19 04:00:00,0.8418867911106196,0.20224985292357783,0.5892990837435439,0.7888234999223573,0.0
2018-04-19 05:00:00,0.981089337265665,0.951949059035591,0.379376996536724,1.0,0.0
2018-04-19 06:00:00,0.981089337265665,0.9785379269967656,0.40953295187760624,1.0,0.0487222635800309
2018-04-19 07:00:00,0.980158998477152,0.7260747924522953,0.29455297274334835,0.9747523915544019,0.0
2018-04-19 08:00:00,0.9468634452561069,0.9785379269967656,0.2847322566220043,0.950677906273083,0.0
2018-04-19 09:00:00,0.981089337265665,0.9785379269967656,0.38609241474067735,1.0,0.0
2018-04-19 10:00:00,0.981089337265665,0.9785379269967656,0.5678724488174177,1.0,0.0
2018-04-19 11:00:00,0.981089337265665,0.9785379269967656,0.938140307688342,1.0,0.0
2018-04-19 12:00:00,0.981089337265665,0.9785379269967656,0.9834636537614106,1.0,0.0
2018-04-19 13:00:00,0.981089337265665,0.9785379269967656,0.9834636537614106,1.0,0.48099810756610045
2018-04-19 14:00:00,0.981089337265665,0.9785379269967656,0.9834636537614106,1.0,0.9495255609856614
2018-04-19 15:00:00,0.981089337265665,0.9785379269967656,0.9834636537614106,1.0,0.9495255609856614
2018-04-19 16:00:00,0.981089337265665,0.9785379269967656,0.9834636537614106,1.0,0.9495255609856614
2018-04-19 17:00:00,0.981089337265665,0.9785379269967656,0.9834636537614106,1.0,0.9495255609856614
2018-04-19 18:00:00,0.981089337265665,0.9785379269967656,0.9834636537614106,1.0,0.9495255609856614
2018-04-19 19:00:00,0.981089337265665,0.9785379269967656,0.9834636537614106,1.0,0.9495255609856614
2018-04-19 20:00:00,0.981089337265665,0.9785379269967656,0.9834636537614106,1.0,0.9495255609856614
2018-04-19 21:00:00,0.981089337265665,0.9785379269967656,0.9834636537614106,1.0,0.9495255609856614
2018-04-19 22:00:00,0.981089337265665,0.9785379269967656,0.9834636537614106,1.0,0.9495255609856614
2018-04-19 23:00:00,0.981089337265665,0.9785379269967656,0.9834636537614106,1.0,0.9495255609856614
2018-04-20 00:00:00,0.981089337265665,0.9785379269967656,0.9834636537614106,1.0,0.9495255609856614
2018-04-20 01:00:00,0.981089337265665,0.9785379269967656,0.9834636537614106,1.0,0.9495255609856614
2018-04-20 02:00:00,0.981089337265665,0.9785379269967656,0.9834636537614106,1.0,0.9495255609856614
2018-04-20 03:00:00,0.981089337265665,0.9785379269967656,0.9834636537614106,1.0,0.9495255609856614
2018-04-20 04:00:00,0.981089337265665,0.9785379269967656,0.9834636537614106,1.0,0.9495255609856614
2018-04-20 05:00:00,0.981089337265665,0.9785379269967656,0.9834636537614106,1.0,0.9495255609856614
2018-04-20 06:00:00,0.981089337265665,0.9785379269967656,0.9834636537614106,1.0,0.9495255609856614
2018-04-20 07:00:00,0.981089337265665,0.9785379269967656,0.9834636537614106,1.0,0.9495255609856614
2018-04-20 08:00:00,0.981089337265665,0.9785379269967656,0.9834636537614106,1.0,0.9495255609856614
2018-04-20 09:00:00,0.981089337265665,0.9785379269967656,0.8694375599354928,1.0,0.9495255609856614
2018-04-20 10:00:00,0.981089337265665,0.9785379269967656,0.5080287125387615,1.0,0.9495255609856614
2018-04-20 11:00:00,0.981089337265665,0.9785379269967656,0.5431066064803681,1.0,0.9495255609856614
2018-04-20 12:00:00,0.9772375852620123,0.9785379269967656,0.9834636537614106,1.0,0.9495255609856614
2018-04-20 13:00:00,0.9207701416494242,0.9785379269967656,0.9834636537614106,1.0,0.9495255609856614
2018-04-20 14:00:00,0.981089337265665,0.9785379269967656,0.9834636537614106,1.0,0.15670415655601397
2018-04-20 15:00:00,0.981089337265665,0.9785379269967656,0.9834636537614106,1.0,0.9495255609856614
2018-04-20 16:00:00,0.981089337265665,0.9785379269967656,0.9834636537614106,1.0,0.34341481235165017
2018-04-20 17:00:00,0.13435959212943402,0.8190337267238837,0.9834636537614106,0.7331413148649651,0.9495255609856614
2018-04-20 18:00:00,0.0900088986472459,0.9785379269967656,0.9135951468717681,0.7395027297526356,0.9495255609856614
2018-04-20 19:00:00,0.3753671681663635,0.38252541607940177,0.9834636537614106,0.6394889262119822,0.8893997383312705
2018-04-20 20:00:00,0.8324456094586401,0.3201728153636666,0.6439887139167758,0.989535301380348,0.4499910281834238
2018-04-20 21:00:00,0.8273816557090482,0.17504049059238105,0.9834636537614106,0.2924469187357149,0.8720753662388576
2018-04-20 22:00:00,0.708226488491961,0.047174808280915484,0.3365276514973888,0.47046370399327087,0.7041308748951999
2018-04-20 23:00:00,0.178905515997717,0.05889228057616173,0.18358774600937702,0.4101844972321238,0.8480825264938054
2018-04-21 00:00:00,0.09545469320823308,0.011391780309864047,0.14323205212269194,0.4460973434234829,0.12849196518006356
2018-04-21 01:00:00,0.09964868107055434,0.08971704792819414,0.13451260257359843,0.4020152021980775,0.001977792850254366
2018-04-21 02:00:00,0.050310432706094366,0.17192688634668468,0.09094213184386606,0.3435977500209774,0.03122149065623857
2018-04-21 03:00:00,0.02858293574953674,0.31140512726171043,0.052109644106907965,0.36803785629123553,0.11040878161100137
2018-04-21 04:00:00,0.03118099459968954,0.19794294656149075,0.10266716223595024,0.20232944466074357,0.27771595929366816
2018-04-21 05:00:00,0.0,0.0,0.0,0.15250518922044887,0.09198200602797194
2018-04-21 06:00:00,0.014982864197441425,0.006453188711322594,0.0,0.05992036680202104,0.03276599510540389
2018-04-21 07:00:00,0.0444886407247122,0.0,0.0,0.0,0.04957606896245364
2018-04-21 08:00:00,0.03382701585643044,0.0,0.0,0.0,0.0
2018-04-21 09:00:00,0.007666178489102282,0.0,0.0,0.0,0.0
2018-04-21 10:00:00,0.05555268087503542,0.0,0.0,0.018471492005318318,0.0
2018-04-21 11:00:00,0.12629321490419979,0.07856072805222464,0.0,0.0,0.0338217232848633
2018-04-21 12:00:00,0.2544538596776546,0.18334166893738382,0.0,0.0,0.13514974159316856
2018-04-21 13:00:00,0.17103225341317974,0.29489602532773873,0.0,0.0,0.06450173543100977
2018-04-21 14:00:00,0.46091501910975186,0.1715861635748574,0.0,0.0,0.10174306016162486
2018-04-21 15:00:00,0.2911396893515947,0.23947164115277422,0.009375983099587244,0.0,0.04018340246422
2018-04-21 16:00:00,0.12771327684455305,0.14337357449747298,0.0,0.0,0.04302140612817951
2018-04-21 17:00:00,0.2580667417233695,0.18884127555460992,0.0,0.0,0.017354423051069268
2018-04-21 18:00:00,0.31830457109406524,0.10362598831054522,0.0,0.042881410604253205,0.027280732676948426
2018-04-21 19:00:00,0.19761734154238433,0.040676310671468735,0.0,0.08895597058168411,0.0
2018-04-21 20:00:00,0.29429689694523026,0.05074956037351903,0.0,0.1164452795199126,0.0
2018-04-21 21:00:00,0.09674276529506179,0.0,0.026960675670922682,0.17528838800483187,0.03445507275258229
2018-04-21 22:00:00,0.0,0.0,0.019491861434547078,0.12441611199537475,0.29436069968339373
2018-04-21 23:00:00,0.051817537434095826,0.02193693087000722,0.0,0.13184795773022265,0.14324031978758564
2018-04-22 00:00:00,0.06496445819889511,0.0,0.025337020402145402,0.14642108105862855,0.0440480096098878
2018-04-22 01:00:00,0.055263426184320556,0.0,0.01658798544093796,0.1137345689222174,0.019444328679385323
2018-04-22 02:00:00,0.0,0.01960818052913517,0.006199741619307989,0.1355950985088146,0.10592005470934332
2018-04-22 03:00:00,0.0,0.022469925270376345,0.0,0.11433963103852894,0.14853409435127274
2018-04-22 04:00:00,0.0,0.052548931997124855,0.0,0.08198134727201625,0.0
2018-04-22 05:00:00,0.0,0.0,0.0,0.022701222061976764,0.0
2018-04-22 06:00:00,0.0,0.0,0.0,0.0019024581254085916,0.0
2018-04-22 07:00:00,0.0,0.012130016707200573,0.0,0.05441242709031932,0.0
2018-04-22 08:00:00,0.0,0.0,0.0,0.00945059179936208,0.0
2018-04-22 09:00:00,0.0,0.0,0.0,0.0,0.02995945867084819
2018-04-22 10:00:00,0.0,0.0,0.0,0.0,0.0
2018-04-22 11:00:00,0.0,0.0,0.013242952480804577,0.0,0.0
2018-04-22 12:00:00,0.0026443519043109305,0.08378122721811877,0.020733155251831933,0.0,0.0
2018-04-22 13:00:00,0.10548471755881732,0.13556320873758934,0.028135751832699327,0.0,0.038835391745688695
2018-04-22 14:00:00,0.06523104007440626,0.07056689508706725,0.0382452122626194,0.0,0.12594998925337714
2018-04-22 15:00:00,0.05376354761863527,0.08602774151805352,0.032375797592608876,0.0,0.39850934309580205
2018-04-22 16:00:00,0.053437413775362624,0.1311413293534209,0.03285419580956197,0.0,0.4013393714271603
2018-04-22 17:00:00,0.05758670775934634,0.1200807475310298,0.12024651321920081,0.0,0.6886469233071434
2018-04-22 18:00:00,0.07428924890149656,0.19503266848387857,0.20569273215948133,0.13704026074103304,0.6380127430386449
2018-04-22 19:00:00,0.16833487932492383,0.7129526018708321,0.34111433258745577,0.5325453293642797,0.9060816504546152
2018-04-22 20:00:00,0.21837358914453267,0.45506264241310584,0.4452711384679057,0.5514202491164065,0.796317911150843
2018-04-22 21:00:00,0.22715191489957962,0.41545693057794614,0.4678876535429925,0.4190964715443047,0.9495255609856614
2018-04-22 22:00:00,0.2335766642056722,0.4633311853150363,0.43631288216666614,0.680211669267693,0.3323835328152963
2018-04-22 23:00:00,0.17493409809337118,0.5777922770946791,0.4162186525408798,0.8442260468679466,0.023150614902149078
2018-04-23 00:00:00,0.10410287180274566,0.5017066627997137,0.5497145357581913,0.873223441256947,0.026644782883254
2018-04-23 01:00:00,0.11060244716517177,0.23095358841388142,0.6670828515479962,0.8483112816865686,0.04866915012338316
2018-04-23 02:00:00,0.053837408633772225,0.3506349008163444,0.8033735895757287,0.8017201019998678,0.006597540269550135
2018-04-23 03:00:00,0.149148055280251,0.36727019940561456,0.9435322457685428,0.49982346899975355,0.0031219766786510484
2018-04-23 04:00:00,0.2873307425894761,0.25562885849481093,0.934331193687459,0.26157943713266324,0.0
2018-04-23 05:00:00,0.6816028040881414,0.18363267172468872,0.7157972824468897,0.23618971994173407,0.0
2018-04-23 06:00:00,0.824653880851377,0.07557339505899544,0.7023395567437568,0.264781714711119,0.0
2018-04-23 07:00:00,0.5831947940714314,0.028821388623929124,0.2602251755968647,0.16627217711844822,0.0
2018-04-23 08:00:00,0.6105169500389226,0.023803284626622668,0.2219971946802585,0.04640835055294485,0.0
2018-04-23 09:00:00,0.6021090376870788,0.03558833856976076,0.2324041267080029,0.03680125189088093,0.0
2018-04-23 10:00:00,0.5128400767750464,0.037348662164645184,0.3498604350871708,0.08196692990254184,0.0
2018-04-23 11:00:00,0.32530300333655315,0.0514816809219395,0.4116031952794016,0.19339075734452035,0.0
2018-04-23 12:00:00,0.2608795060129288,0.07050913991496732,0.522304729352562,0.1688738797101443,0.04719890458687183
2018-04-23 13:00:00,0.23618843716153648,0.07380720340274587,0.48284986977953825,0.3470718604499495,0.15601157870502846
2018-04-23 14:00:00,0.24982133033219153,0.2872181917241376,0.5986721363190691,0.1716515969211235,0.07659555377248094
2018-04-23 15:00:00,0.23558638270967808,0.1253446597456697,0.5222415864709274,0.20012479093197683,0.0
2018-04-23 16:00:00,0.3104501822710167,0.17680724463375191,0.6955700135787378,0.3952622309010614,0.0
2018-04-23 17:00:00,0.35323128630503114,0.22883051736718246,0.6488185027083645,1.0,0.9495255609856614
2018-04-23 18:00:00,0.3944925815881563,0.3115979696226648,0.7607613100782507,1.0,0.9311803867344092
2018-04-23 19:00:00,0.7779191152452529,0.8921609369539417,0.9834636537614106,1.0,0.9495255609856614
2018-04-23 20:00:00,0.8576738362257256,0.9785379269967656,0.9834636537614106,1.0,0.0
2018-04-23 21:00:00,0.8494288084610844,0.8623482337476074,0.6118824238653835,1.0,0.0
2018-04-23 22:00:00,0.8317893781556374,0.7177867939758903,0.1688086820635085,1.0,0.0422476597415231
2018-04-23 23:00:00,0.981089337265665,0.7283689352863435,0.7474355777208106,1.0,0.8277747599891406
2018-04-24 00:00:00,0.9256242821392471,0.9785379269967656,0.11309610341220293,1.0,0.9495255609856614
2018-04-24 01:00:00,0.5183206180660271,0.9785379269967656,0.7956966578093974,1.0,0.9495255609856614
2018-04-24 02:00:00,0.4254746898888826,0.9785379269967656,0.9834636537614106,1.0,0.9495255609856614
2018-04-24 03:00:00,0.38116721931124026,0.9785379269967656,0.9834636537614106,1.0,0.9495255609856614
2018-04-24 04:00:00,0.5254500458353042,0.9785379269967656,0.9834636537614106,1.0,0.9495255609856614
2018-04-24 05:00:00,0.13867893958878813,0.9785379269967656,0.9834636537614106,1.0,0.45003204287423826
2018-04-24 06:00:00,0.9150499625766788,0.9785379269967656,0.9834636537614106,1.0,0.16545477350098745
2018-04-24 07:00:00,0.981089337265665,0.9785379269967656,0.9834636537614106,1.0,0.0
2018-04-24 08:00:00,0.981089337265665,0.9785379269967656,0.9834636537614106,1.0,0.13396392175010205
2018-04-24 09:00:00,0.981089337265665,0.9785379269967656,0.9834636537614106,1.0,0.029998119890284686
2018-04-24 10:00:00,0.981089337265665,0.9785379269967656,0.9834636537614106,1.0,0.1554623421866726
2018-04-24 11:00:00,0.981089337265665,0.9785379269967656,0.9834636537614106,1.0,0.09702467627407657
2018-04-24 12:00:00,0.981089337265665,0.9785379269967656,0.9160260848969088,0.9757547995946975,0.0479937580222029
2018-04-24 13:00:00,0.963437517409796,0.9785379269967656,0.9834636537614106,0.8648517518529497,0.0
2018-04-24 14:00:00,0.9515773555544366,0.9785379269967656,0.9834636537614106,0.6998384199472998,0.12211660855178058
2018-04-24 15:00:00,0.9595987105520806,0.9785379269967656,0.9834636537614106,0.7348152064560373,0.21329188416406028
2018-04-24 16:00:00,0.981089337265665,0.9785379269967656,0.9834636537614106,0.9828582833083603,0.04072280405525279
2018-04-24 17:00:00,0.946956672921714,0.24306658223594468,0.9834636537614106,0.8335558115495845,0.0
2018-04-24 18:00:00,0.981089337265665,0.15605294541873033,0.9834636537614106,0.7573908403435178,0.0
2018-04-24 19:00:00,0.981089337265665,0.44532086481102573,0.7052551217854195,0.5989907506342553,0.0
2018-04-24 20:00:00,0.981089337265665,0.3570021475039199,0.2742260905065812,0.20548922292561989,0.0
2018-04-24 21:00:00,0.8719120640406913,0.9785379269967656,0.6940864902886947,0.20684523447709383,0.0
2018-04-24 22:00:00,0.8707184531471245,0.5288931394097325,0.9191178004208813,0.0,0.021969815370143725
2018-04-24 23:00:00,0.8222141129470042,0.5387121306997629,0.8241814077200575,0.0,0.0386061549031166
2018-04-25 00:00:00,0.981089337265665,0.5701329028278603,0.7224786430408644,0.036505480168869,0.0
2018-04-25 01:00:00,0.981089337265665,0.9785379269967656,0.681032615008714,0.03460429885356799,0.0
2018-04-25 02:00:00,0.981089337265665,0.9785379269967656,0.5766423497787793,0.02037355424377138,0.0
2018-04-25 03:00:00,0.981089337265665,0.6513403556617744,0.7381930935190287,0.05620758918413956,0.0
2018-04-25 04:00:00,0.981089337265665,0.3430317908883965,0.5699859211436188,0.04316791736515,0.0
2018-04-25 05:00:00,0.981089337265665,0.22042368116269687,0.5411859657113576,0.2669612952259261,0.03678619111993901
2018-04-25 06:00:00,0.981089337265665,0.14647161337626838,0.343802983483556,0.23066313725740278,0.05884530725815265
2018-04-25 07:00:00,0.910333191473825,0.05338131463672437,0.08838398775544326,0.35656341990288964,0.020601324450445047
2018-04-25 08:00:00,0.6350318375139822,0.016063923658320572,0.06917761389820537,0.4051707944811247,0.0
2018-04-25 09:00:00,0.41371853477965576,0.027290561698320066,0.10291910486781515,0.36792213595920104,0.0
2018-04-25 10:00:00,0.42413494356811277,0.032021910109827856,0.10144500168529152,0.2239730559837285,0.0
2018-04-25 11:00:00,0.37737816031111815,0.0,0.02978636782106511,0.08135258709815936,0.0
2018-04-25 12:00:00,0.3160397362721348,0.015606298216482298,0.0046531235967054545,0.04262618374476559,0.0
2018-04-25 13:00:00,0.20196962719268416,0.0,0.03419662513883658,0.03033716973240256,0.0
2018-04-25 14:00:00,0.155614772405926,0.0,0.0,0.01969676734375801,0.0
2018-04-25 15:00:00,0.05247755198916721,0.0,0.0,0.039255774479249314,0.0
2018-04-25 16:00:00,0.0436713377830546,0.0,0.0,0.021327727607191285,0.056664730793453515
2018-04-25 17:00:00,0.0,0.0,0.0,0.04797323825639488,0.15202617654934647
2018-04-25 18:00:00,0.0,0.0,0.019567006885204314,0.0999078477344673,0.24670936004160557
2018-04-25 19:00:00,0.0,0.17466665198137687,0.22587425456244797,0.42034496316614933,0.5935089353660536
2018-04-25 20:00:00,0.14960864073730817,0.4478400787487421,0.4371468939108532,0.29876808329129595,0.8260762826755454
2018-04-25 21:00:00,0.42720120554554686,0.9785379269967656,0.7646150260450497,0.5025138455983582,0.6546648220881784
2018-04-25 22:00:00,0.8162176050785309,0.9049743684747893,0.9834636537614106,1.0,0.0
2018-04-25 23:00:00,0.981089337265665,0.6998760684400449,0.9834636537614106,1.0,0.0
2018-04-26 00:00:00,0.981089337265665,0.6242878702335325,0.980589458372929,1.0,0.0
2018-04-26 01:00:00,0.981089337265665,0.44455978565749554,0.9834636537614106,1.0,0.22371890176225512
2018-04-26 02:00:00,0.981089337265665,0.9000292399310944,0.9834636537614106,1.0,0.32705632861964495
2018-04-26 03:00:00,0.981089337265665,0.9785379269967656,0.9834636537614106,1.0,0.6799424485643704
2018-04-26 04:00:00,0.981089337265665,0.9785379269967656,0.9834636537614106,1.0,0.9495255609856614
2018-04-26 05:00:00,0.716707620391166,0.9785379269967656,0.9834636537614106,1.0,0.9495255609856614
2018-04-26 06:00:00,0.981089337265665,0.9785379269967656,0.9834636537614106,1.0,0.9495255609856614
2018-04-26 07:00:00,0.981089337265665,0.9785379269967656,0.9834636537614106,1.0,0.9495255609856614
2018-04-26 08:00:00,0.981089337265665,0.9785379269967656,0.9834636537614106,1.0,0.9495255609856614
2018-04-26 09:00:00,0.981089337265665,0.9785379269967656,0.9834636537614106,1.0,0.9495255609856614
2018-04-26 10:00:00,0.981089337265665,0.9785379269967656,0.9834636537614106,1.0,0.9495255609856614
2018-04-26 11:00:00,0.981089337265665,0.9785379269967656,0.9834636537614106,0.8455123917672874,0.9495255609856614
2018-04-26 12:00:00,0.981089337265665,0.9785379269967656,0.9834636537614106,0.7320383383884765,0.9495255609856614
2018-04-26 13:00:00,0.981089337265665,0.9785379269967656,0.9834636537614106,0.5437610427420682,0.9495255609856614
2018-04-26 14:00:00,0.981089337265665,0.9785379269967656,0.9834636537614106,0.24123177685265143,0.9495255609856614
2018-04-26 15:00:00,0.981089337265665,0.9463179021854363,0.9834636537614106,0.49072833837549423,0.8787236730541689
2018-04-26 16:00:00,0.520666224694233,0.818139021459292,0.7985343459932936,0.28810620576913676,0.715989735523639
2018-04-26 17:00:00,0.8726906516279372,0.5320707080891763,0.5139592573356081,0.14965260368603095,0.29795658819860954
2018-04-26 18:00:00,0.755601568583026,0.45403111243221517,0.38767437541714084,0.1494851460796206,0.2364125913894803
2018-04-26 19:00:00,0.43228953765538036,0.19621208560280973,0.07771086045608135,0.11557476658216473,0.23066296721993332
2018-04-26 20:00:00,0.3640143083978116,0.15278986899317692,0.10371211438904482,0.07458066845579664,0.23367918323706233
2018-04-26 21:00:00,0.16358724696016047,0.030445389747561356,0.022432158544493118,0.015481517150546202,0.22700580105713677
2018-04-26 22:00:00,0.1515538210238108,0.0,0.008792480545697118,0.0,0.028616660879087003
2018-04-26 23:00:00,0.0,0.0,0.014186614378504199,0.05311134678148644,0.12419464788023662
2018-04-27 00:00:00,0.0,0.0,0.11415343211708531,0.15741034161903647,0.008926248425961219
2018-04-27 01:00:00,0.0,0.11322702343147127,0.20527194569997165,0.21117110165565944,0.029132913426207514
2018-04-27 02:00:00,0.03443173972498903,0.09977309695933406,0.4931161769964353,0.3249051470903479,0.0
2018-04-27 03:00:00,0.11057488786684104,0.18480672587682737,0.7157124966480599,0.4720740729313242,0.04446285506467623
2018-04-27 04:00:00,0.21403618140445552,0.4548054246717141,0.8526572743605726,0.6736451659571144,0.0656880842404846
2018-04-27 05:00:00,0.312876176596017,0.7798429387668113,0.9834636537614106,0.40472458144237927,0.04643205528916649
2018-04-27 06:00:00,0.36888498031326217,0.8665765708383051,0.9834636537614106,0.3967778579696037,0.03661889973746058
2018-04-27 07:00:00,0.2041400202789877,0.4443430380102587,0.7704701820416339,0.18496147001772886,0.023223236713089252
2018-04-27 08:00:00,0.05997675527938014,0.14626101801469887,0.17127479442145463,0.045841802838768236,0.0
2018-04-27 09:00:00,0.0,0.021509147075525564,0.06517589411894097,0.04606820742189283,0.0
2018-04-27 10:00:00,0.0,0.025658703872226435,0.01945920416129059,0.05157768407060859,0.0
2018-04-27 11:00:00,0.0,0.005420434903958269,0.0,0.0,0.0
2018-04-27 12:00:00,0.0,0.0,0.0,0.0,0.0
2018-04-27 13:00:00,0.046840469158171874,0.0,0.0,0.010197988041816673,0.021828973960804368
2018-04-27 14:00:00,0.09569116677605359,0.0,0.0,0.011466133625092818,0.1003757742607009
2018-04-27 15:00:00,0.038694325708720216,0.0,0.0,0.0,0.1588751979535247
2018-04-27 16:00:00,0.05766633754869736,0.0,0.0,0.0,0.39026349959192724
2018-04-27 17:00:00,0.10652655288409725,0.02518510688575798,0.0,0.0142635304773741,0.28273739644244616
2018-04-27 18:00:00,0.2458147856538361,0.11571773963605775,0.02305486682984542,0.030770807470459266,0.9495255609856614
2018-04-27 19:00:00,0.49330898984401145,0.41209726410338543,0.09710438053534944,0.25459942936757346,0.9495255609856614
2018-04-27 20:00:00,0.5756701486872149,0.7239190472430908,0.9834636537614106,0.7211562523092869,0.9495255609856614
2018-04-27 21:00:00,0.44025007512558595,0.9785379269967656,0.5961880542011486,0.9779785690245523,0.9495255609856614
2018-04-27 22:00:00,0.981089337265665,0.9785379269967656,0.44739704165596117,1.0,0.6609498753460212
2018-04-27 23:00:00,0.981089337265665,0.9785379269967656,0.9834636537614106,1.0,0.0
2018-04-28 00:00:00,0.8884941909422013,0.8958898144883236,0.9834636537614106,1.0,0.3317999319621098
2018-04-28 01:00:00,0.981089337265665,0.28447445441270885,0.9834636537614106,1.0,0.1649970638345385
2018-04-28 02:00:00,0.981089337265665,0.23723022232544086,0.9834636537614106,1.0,0.20998080646411083
2018-04-28 03:00:00,0.981089337265665,0.38813670817887685,0.9834636537614106,0.9975499094503972,0.31168295940620927
2018-04-28 04:00:00,0.981089337265665,0.0827391667227534,0.9834636537614106,1.0,0.12922908489104185
2018-04-28 05:00:00,0.981089337265665,0.31738836513000995,0.9834636537614106,1.0,0.03411542458447214
2018-04-28 06:00:00,0.981089337265665,0.34361534604378713,0.5894107740651193,1.0,0.0489189076542181
2018-04-28 07:00:00,0.3130242416617612,0.2335541329198604,0.35812995497174677,1.0,0.0
2018-04-28 08:00:00,0.3486858679368526,0.10290288076621039,0.2653005049675848,0.5311516742268534,0.0
2018-04-28 09:00:00,0.4294824027498743,0.07924597690117596,0.3335423695696646,0.4848269349655719,0.0
2018-04-28 10:00:00,0.7955238590825379,0.16471056286904018,0.49958414125850725,0.6160420673101947,0.0
2018-04-28 11:00:00,0.9304105278202599,0.2086474137334147,0.8342649081614579,0.6372248646722393,0.04290524090258242
2018-04-28 12:00:00,0.981089337265665,0.23028531558530138,0.9834636537614106,0.561261813611772,0.07639037186888453
2018-04-28 13:00:00,0.981089337265665,0.4246097012182543,0.9834636537614106,0.7980406621801478,0.1067050456828674
2018-04-28 14:00:00,0.981089337265665,0.6529854542850309,0.9834636537614106,0.9373024324455802,0.24998597857742516
2018-04-28 15:00:00,0.8547480788405941,0.4712640822903665,0.9834636537614106,1.0,0.26131289303659005
2018-04-28 16:00:00,0.6306657170744646,0.4459951541439506,0.9834636537614106,0.9119475739959673,0.33835591820268723
2018-04-28 17:00:00,0.981089337265665,0.6509696801363343,0.9834636537614106,1.0,0.32730139748553183
2018-04-28 18:00:00,0.6025071226740918,0.5879278450019544,0.9834636537614106,1.0,0.33265385668273134
2018-04-28 19:00:00,0.981089337265665,0.9785379269967656,0.9834636537614106,1.0,0.9495255609856614
2018-04-28 20:00:00,0.981089337265665,0.9785379269967656,0.9834636537614106,1.0,0.7473990162896663
2018-04-28 21:00:00,0.981089337265665,0.9785379269967656,0.9834636537614106,1.0,0.9495255609856614
2018-04-28 22:00:00,0.981089337265665,0.9785379269967656,0.9834636537614106,1.0,0.9495255609856614
2018-04-28 23:00:00,0.981089337265665,0.9785379269967656,0.9324027591300229,1.0,0.9495255609856614
2018-04-29 00:00:00,0.981089337265665,0.9785379269967656,0.9834636537614106,1.0,0.8523756436294393
2018-04-29 01:00:00,0.981089337265665,0.9785379269967656,0.8027100283196058,0.850461681596653,0.9495255609856614
2018-04-29 02:00:00,0.981089337265665,0.9785379269967656,0.4755066826594312,0.9398835319594427,0.28313197343970675
2018-04-29 03:00:00,0.981089337265665,0.9785379269967656,0.6146130141128024,0.6343795798738676,0.5581596245233339
2018-04-29 04:00:00,0.981089337265665,0.8633460632118948,0.7384645618096819,0.19417279649525745,0.0
2018-04-29 05:00:00,0.981089337265665,0.9785379269967656,0.9834636537614106,0.001011156230370533,0.0
2018-04-29 06:00:00,0.981089337265665,0.25715631510346626,0.925096633923983,0.0,0.016350485159412478
2018-04-29 07:00:00,0.981089337265665,0.022941515738373067,0.7258091358700347,0.0,0.010061934029859528
2018-04-29 08:00:00,0.981089337265665,0.05987200411732815,0.6251835341536235,0.051131281981772955,0.0
2018-04-29 09:00:00,0.981089337265665,0.15633467192596764,0.46539705855518526,0.1713333750510185,0.0
2018-04-29 10:00:00,0.981089337265665,0.8507586211972379,0.40016528809586743,0.2292893110188139,0.052104521404360456
2018-04-29 11:00:00,0.981089337265665,0.9785379269967656,0.15397759350622806,0.1633450097227895,0.0
2018-04-29 12:00:00,0.981089337265665,0.8399344135314966,0.07450775085107729,0.17175284089466247,0.00518241818567748
2018-04-29 13:00:00,0.981089337265665,0.5680535250502156,0.2823654297595864,0.5985884554929856,0.3140776224942525
2018-04-29 14:00:00,0.981089337265665,0.9785379269967656,0.5883693684901544,0.4416771836888418,0.9495255609856614
2018-04-29 15:00:00,0.981089337265665,0.3691065794887739,0.9834636537614106,0.7457487867269635,0.9495255609856614
2018-04-29 16:00:00,0.981089337265665,0.9785379269967656,0.9834636537614106,0.3431719549206285,0.9495255609856614
2018-04-29 17:00:00,0.981089337265665,0.9785379269967656,0.9834636537614106,0.730740883186922,0.9495255609856614
2018-04-29 18:00:00,0.981089337265665,0.41422347333020326,0.9834636537614106,0.418759882371387,0.9495255609856614
2018-04-29 19:00:00,0.981089337265665,0.00016567466829572468,0.9834636537614106,0.7859724527743673,0.9495255609856614
2018-04-29 20:00:00,0.981089337265665,0.9785379269967656,0.9834636537614106,1.0,0.9495255609856614
2018-04-29 21:00:00,0.981089337265665,0.9261446572911805,0.9834636537614106,0.7168516296734642,0.4353023946412323
2018-04-29 22:00:00,0.981089337265665,0.1260371921578839,0.9834636537614106,0.2800941807485824,0.9495255609856614
2018-04-29 23:00:00,0.981089337265665,0.9785379269967656,0.9834636537614106,1.0,0.9495255609856614
2018-04-30 00:00:00,0.981089337265665,0.9785379269967656,0.9834636537614106,0.3700884131053451,0.9495255609856614
2018-04-30 01:00:00,0.981089337265665,0.9785379269967656,0.9834636537614106,1.0,0.9495255609856614
2018-04-30 02:00:00,0.981089337265665,0.9785379269967656,0.9834636537614106,1.0,0.6711026778261563
2018-04-30 03:00:00,0.981089337265665,0.9785379269967656,0.9834636537614106,1.0,0.703074284564019
2018-04-30 04:00:00,0.981089337265665,0.9785379269967656,0.9834636537614106,1.0,0.9495255609856614
2018-04-30 05:00:00,0.981089337265665,0.9785379269967656,0.9834636537614106,1.0,0.9210017162545786
2018-04-30 06:00:00,0.981089337265665,0.9785379269967656,0.9834636537614106,1.0,0.9495255609856614
2018-04-30 07:00:00,0.981089337265665,0.9377104452534573,0.7811437733429192,0.927251636361699,0.6326812500407694
2018-04-30 08:00:00,0.981089337265665,0.4477745897290412,0.6032538395713425,0.4283769804648349,0.4654677912160611
2018-04-30 09:00:00,0.9233389075241347,0.3211057396285133,0.14810999446563,0.34063653827949564,0.42467554148427367
2018-04-30 10:00:00,0.981089337265665,0.5436066208173393,0.20906820101025522,0.10258906778639369,0.7055560385282111
2018-04-30 11:00:00,0.981089337265665,0.5215273457961107,0.2374630222625768,0.0,0.8802280702795343
2018-04-30 12:00:00,0.981089337265665,0.9785379269967656,0.05103869544880813,0.0,0.9459607467240161
2018-04-30 13:00:00,0.981089337265665,0.9785379269967656,0.032270813736453206,0.0,0.9495255609856614
2018-04-30 14:00:00,0.981089337265665,0.826896996467809,0.06188714538173192,0.0,0.6352345347124945
2018-04-30 15:00:00,0.981089337265665,0.5694564883035932,0.08889398645440688,0.06833925594848028,0.6254465991671222
2018-04-30 16:00:00,0.981089337265665,0.8284837711178693,0.1767811319490765,0.8427436325552093,0.9495255609856614
2018-04-30 17:00:00,0.981089337265665,0.29566513339260436,0.1565395247224763,1.0,0.9495255609856614
2018-04-30 18:00:00,0.981089337265665,0.37903387698796703,0.2732670347813889,1.0,0.9495255609856614
2018-04-30 19:00:00,0.981089337265665,0.6578939237388219,0.4347343126095783,0.38221211011820666,0.9495255609856614
2018-04-30 20:00:00,0.981089337265665,0.9785379269967656,0.9834636537614106,0.6090781478405846,0.9495255609856614
2018-04-30 21:00:00,0.981089337265665,0.46335068206518903,0.9834636537614106,0.44009291509225895,0.8267816358089359
2018-04-30 22:00:00,0.981089337265665,0.8387275153646153,0.9834636537614106,0.9122717434969492,0.08236038556910016
2018-04-30 23:00:00,0.981089337265665,0.9785379269967656,0.9834636537614106,0.4094618204638862,0.1558076251104665
2018-05-01 00:00:00,0.9492387793340713,0.9785379269967656,0.9834636537614106,0.5384485755292794,0.0
2018-05-01 01:00:00,0.981089337265665,0.9785379269967656,0.9834636537614106,0.36233272369303837,0.017854618158575836
2018-05-01 02:00:00,0.7222236862977064,0.9785379269967656,0.9834636537614106,0.2935797163948287,0.21507828553637773
2018-05-01 03:00:00,0.4797564740694223,0.6877744051042145,0.7624001060709442,0.1981971154246693,0.04591416168271457
2018-05-01 04:00:00,0.981089337265665,0.22823119040154263,0.3474953273726007,0.035297187212572106,0.021677932262771545
2018-05-01 05:00:00,0.646455194598149,0.08906367676756746,0.13853744406313062,0.0,0.0
2018-05-01 06:00:00,0.20187783774097962,0.10696833142656144,0.07137594687170999,0.08475545663644798,0.00449338412614006
2018-05-01 07:00:00,0.20712821386288277,0.14699465108786583,0.26610592047446735,0.10835924298661846,0.0
2018-05-01 08:00:00,0.3141603358005852,0.1002598641157323,0.34330387169659743,0.0,0.0
2018-05-01 09:00:00,0.2105955338024063,0.0,0.14626132654842247,0.0,0.02508719886039285
2018-05-01 10:00:00,0.1518043525240486,0.0,0.06990427554123134,0.0,0.0
2018-05-01 11:00:00,0.0,0.0,0.0225944612786543,0.0,0.0
2018-05-01 12:00:00,0.0,0.03993559655838053,0.042090402264737266,0.0,0.011193736822482562
2018-05-01 13:00:00,0.04888481967368466,0.28451678235351147,0.0048724234510605525,0.0,0.022780272434071627
2018-05-01 14:00:00,0.981089337265665,0.3902707480700533,0.0,0.05227954098915914,0.9495255609856614
2018-05-01 15:00:00,0.981089337265665,0.35839053199884957,0.0,0.10121995325604928,0.9495255609856614
2018-05-01 16:00:00,0.981089337265665,0.21141626216969533,0.18436191428046764,1.0,0.07354738696791356
2018-05-01 17:00:00,0.981089337265665,0.08325365194374754,0.0,0.9487584124459773,0.0
2018-05-01 18:00:00,0.981089337265665,0.0,0.0,0.5240158353602253,0.0
2018-05-01 19:00:00,0.981089337265665,0.4735452695257677,0.6152263764389856,0.5830308543479024,0.39786179674999766
2018-05-01 20:00:00,0.981089337265665,0.632908608683456,0.9761270712010449,0.5762957491991672,0.04503802402659593
2018-05-01 21:00:00,0.981089337265665,0.9785379269967656,0.9007984736183343,0.29372871939385176,0.056564790500660614
2018-05-01 22:00:00,0.981089337265665,0.9785379269967656,0.5814344026152828,0.200100455197026,0.9495255609856614
2018-05-01 23:00:00,0.981089337265665,0.38088345447539124,0.8383370978995683,0.29466633529061576,0.9370445313593859
2018-05-02 00:00:00,0.981089337265665,0.7090724101555391,0.4065040829903893,0.0,0.21724937316086346
2018-05-02 01:00:00,0.8124193657095871,0.4497646274847066,0.30824426771925834,0.00537106804544754,0.032881116841959664
2018-05-02 02:00:00,0.981089337265665,0.743883751857759,0.16823619587205985,0.09291182776431257,0.0
2018-05-02 03:00:00,0.7529932270947683,0.16818391413976091,0.03495868138709092,0.21026698972417215,0.0
2018-05-02 04:00:00,0.28820289642333113,0.1488657365030145,0.034118539928834166,0.1767671403692744,0.0
2018-05-02 05:00:00,0.14820209743311566,0.0,0.020703985290583714,0.1974950490634928,0.07122019818643376
2018-05-02 06:00:00,0.049656608668490775,0.0,0.04998947495651038,0.008431029439485517,0.07620810367823218
2018-05-02 07:00:00,0.0,0.0,0.10913181176403965,0.0,0.02421487662633269
2018-05-02 08:00:00,0.028731692124194297,0.0,0.029100769610904218,0.06123426179648275,0.0
2018-05-02 09:00:00,0.0,0.0035273412427202053,0.0,0.13551215118633178,0.0
2018-05-02 10:00:00,0.0,0.07619965286705077,0.009046161461374947,0.0,0.0
2018-05-02 11:00:00,0.0,0.14069330001466887,0.055584576634817064,0.09753022253837,0.02384409112162906
2018-05-02 12:00:00,0.0,0.1667904262655374,0.07992525477430433,0.0,0.0
2018-05-02 13:00:00,0.08624512356475011,0.2768198530713343,0.16241272277201232,0.2620227440895165,0.1773842853132326
2018-05-02 14:00:00,0.1604909902308361,0.3351730431301005,0.08929712729338753,0.22882930370297458,0.22162639812097593
2018-05-02 15:00:00,0.981089337265665,0.25338691066677893,0.05643953654562578,0.6903275328531984,0.24545549382570983
2018-05-02 16:00:00,0.981089337265665,0.9785379269967656,0.36690213118789716,0.7739935812789188,0.9495255609856614
2018-05-02 17:00:00,0.981089337265665,0.23398681454756362,0.6597998308664818,0.4037556731725762,0.9495255609856614
2018-05-02 18:00:00,0.9335587543086631,0.21912038839701503,0.4209637498032011,0.0,0.9495255609856614
2018-05-02 19:00:00,0.44219975633351133,0.22931886876568036,0.5292107577820762,0.9033134409547386,0.9495255609856614
2018-05-02 20:00:00,0.981089337265665,0.9785379269967656,0.9800711323200715,0.0,0.17132796964247862
2018-05-02 21:00:00,0.597006446535128,0.9785379269967656,0.11188146606419862,0.9821052254764718,0.18209364448419046
2018-05-02 22:00:00,0.2544061772082948,0.9785379269967656,0.19418288883914364,0.44956463522375756,0.003997429145936051
2018-05-02 23:00:00,0.08663499055366271,0.20469134125132377,0.33223076949411806,0.5700386949697035,0.08583457478726565
2018-05-03 00:00:00,0.0,0.18074436508536434,0.10344006630484008,0.11362369904701931,0.06009200863539473
2018-05-03 01:00:00,0.19651015915118955,0.9785379269967656,0.0746009299375341,0.09689125265688656,0.1153995500147569
2018-05-03 02:00:00,0.0,0.023201276752103716,0.24067448793693005,0.011074696322828818,0.0
2018-05-03 03:00:00,0.0,0.11810821058606234,0.11981595123728533,0.13441997062064168,0.0
2018-05-03 04:00:00,0.10923924393636104,0.607372056775963,0.46915195077035293,0.30814832452362506,0.038075547907440374
2018-05-03 05:00:00,0.12275391107782488,0.22550020888837288,0.045595541813539385,0.3258211959006579,0.0
2018-05-03 06:00:00,0.47602130561310707,0.13263269810658415,0.0,1.0,0.0
2018-05-03 07:00:00,0.52392247862789,0.07288568966481802,0.0,1.0,0.20398856075203062
2018-05-03 08:00:00,0.5361182035975444,0.6331094665438138,0.12837416011657568,0.7806204676556958,0.9495255609856614
2018-05-03 09:00:00,0.22399842766713882,0.7679439579147787,0.0,1.0,0.28968299409600334
2018-05-03 10:00:00,0.5447303047755381,0.6623012452232717,0.0,1.0,0.9495255609856614
2018-05-03 11:00:00,0.981089337265665,0.9785379269967656,0.02159015763936229,1.0,0.645150823054946
2018-05-03 12:00:00,0.8162226840745356,0.9785379269967656,0.1804718467167441,0.9734654641840257,0.4832573879566264
2018-05-03 13:00:00,0.981089337265665,0.9785379269967656,0.9834636537614106,1.0,0.9495255609856614
2018-05-03 14:00:00,0.981089337265665,0.9785379269967656,0.2995853276350846,0.9912240506126204,0.9495255609856614
2018-05-03 15:00:00,0.981089337265665,0.9785379269967656,0.5543933089889663,0.24157563366348608,0.9495255609856614
2018-05-03 16:00:00,0.981089337265665,0.9785379269967656,0.6740515430987473,0.11682398675606433,0.3570303269708786
2018-05-03 17:00:00,0.981089337265665,0.9785379269967656,0.9684191497358317,0.2531827285672343,0.5091438926286695
2018-05-03 18:00:00,0.981089337265665,0.9785379269967656,0.14488184993452083,0.020181728541268058,0.4253748857325038
2018-05-03 19:00:00,0.981089337265665,0.9545625669648311,0.7369466673713448,0.04118589004079149,0.2674704267960738
2018-05-03 20:00:00,0.981089337265665,0.9785379269967656,0.7061425399511928,0.1401351264786446,0.15235182948970352
2018-05-03 21:00:00,0.981089337265665,0.6933987324063228,0.6920533311093278,0.1461181722808567,0.3023744978437222
2018-05-03 22:00:00,0.981089337265665,0.930327302523247,0.612185940265977,0.1413498512804789,0.1744283279413976
2018-05-03 23:00:00,0.981089337265665,0.9785379269967656,0.9834636537614106,0.287496633535974,0.11648826160126514
2018-05-04 00:00:00,0.981089337265665,0.9785379269967656,0.9834636537614106,0.42738392633243494,0.027886205581014758
2018-05-04 01:00:00,0.981089337265665,0.9785379269967656,0.9834636537614106,0.5295043887846566,0.13488070724565263
2018-05-04 02:00:00,0.981089337265665,0.9335558358323098,0.9834636537614106,0.5106542784598083,0.19868069392084067
2018-05-04 03:00:00,0.981089337265665,0.8618408661442266,0.9834636537614106,0.4345874023043903,0.2427241098729926
2018-05-04 04:00:00,0.981089337265665,0.7714690294135319,0.9834636537614106,0.3921266902303873,0.15308148970048036
2018-05-04 05:00:00,0.981089337265665,0.6364318215425432,0.9834636537614106,0.5394779214007512,0.21304350320360868
2018-05-04 06:00:00,0.981089337265665,0.6008367013418218,0.9786899051957583,0.510035007649006,0.30849791571565616
2018-05-04 07:00:00,0.738373065723071,0.482422473451711,0.6104587170793452,0.2175987132154563,0.06343979408125448
2018-05-04 08:00:00,0.21475731248559257,0.1754380499076753,0.20591350111543372,0.12664991050255137,0.051216326955763766
2018-05-04 09:00:00,0.12152596331727422,0.1916302733402752,0.14441292567628947,0.03739699609429483,0.0
2018-05-04 10:00:00,0.13603906665734758,0.15767728668946232,0.10075813036332802,0.016295482475320658,0.0
2018-05-04 11:00:00,0.11695892431343387,0.09084376239408534,0.09007609599910503,0.009053832461206496,0.0
2018-05-04 12:00:00,0.11376765532636547,0.09846110475575788,0.05676845161920236,0.07845169008011117,0.027524981753854663
2018-05-04 13:00:00,0.0,0.045498786010103986,0.05751042447741183,0.13904086926300668,0.06039791762677949
2018-05-04 14:00:00,0.3916475309853366,0.005150402767214516,0.05548068319305351,0.08103618380929974,0.010780208902144492
2018-05-04 15:00:00,0.08760591459743228,0.07747999525385653,0.06460215373605524,0.0,0.07579636350723974
2018-05-04 16:00:00,0.03849421327809572,0.0,0.0,0.0,0.0
2018-05-04 17:00:00,0.09659950152761916,0.11252760564129988,0.0,0.028833484007516473,0.023584734228817766
2018-05-04 18:00:00,0.06801706517088273,0.053820586974333576,0.0,0.41801419010806007,0.05002619085407229
2018-05-04 19:00:00,0.24596400923906309,0.05484251293934926,0.11774999591778933,0.47668957229162,0.18375850441826264
2018-05-04 20:00:00,0.21643554830936512,0.04205948822420989,0.34436776539218783,0.5210819934961619,0.9035326843183394
2018-05-04 21:00:00,0.16058044905094165,0.06399319876787209,0.3153401336694431,0.6116427507049137,0.8453929060011274
2018-05-04 22:00:00,0.3470562374706793,0.08445183879464528,0.5412553997840314,0.8312036949124895,0.09959510422597823
2018-05-04 23:00:00,0.28251883201069966,0.22557553648989115,0.5789673078955092,0.3584936166723336,0.0
2018-05-05 00:00:00,0.31451696321689065,0.10711460064025133,0.5841779399300767,0.8772479224688904,0.02654544004649792
2018-05-05 01:00:00,0.45828526284205784,0.18851260618149962,0.954847309075503,0.3447410751969706,0.0
2018-05-05 02:00:00,0.4902668276733242,0.7152916333901604,0.9834636537614106,0.6087836781081032,0.1597419902917635
2018-05-05 03:00:00,0.981089337265665,0.5226423417027227,0.9834636537614106,0.8501395501055217,0.15847677834324583
2018-05-05 04:00:00,0.981089337265665,0.3873700811983846,0.9834636537614106,1.0,0.09425064973733406
2018-05-05 05:00:00,0.981089337265665,0.14971380981816923,0.9834636537614106,1.0,0.10780583418530937
2018-05-05 06:00:00,0.614311801450108,0.18893765589900174,0.9834636537614106,1.0,0.0555271542726334
2018-05-05 07:00:00,0.09942325214171228,0.18184388070073296,0.9834636537614106,0.7338583415590694,0.05002707355537241
2018-05-05 08:00:00,0.0,0.058487455323639345,0.5826538363501835,0.2895822531425744,0.02994779668159897
2018-05-05 09:00:00,0.0,0.035485597317921315,0.3721399996725886,0.192185874299377,0.0
2018-05-05 10:00:00,0.0,0.0,0.2845659284121495,0.19179726492664664,0.0
2018-05-05 11:00:00,0.0,0.09749753077977776,0.33899300818928274,0.18565678124039492,0.0
2018-05-05 12:00:00,0.0,0.051907045489647134,0.28611531741078255,0.30582418717991583,0.05304927537978422
2018-05-05 13:00:00,0.0,0.2944409456229259,0.35747790174049143,0.17163815770149368,0.014347818666597357
2018-05-05 14:00:00,0.0,0.3537734785280685,0.014232557996850154,0.11098204042374656,0.0
2018-05-05 15:00:00,0.0,0.12785245789019645,0.17425773909761327,0.05662173953256483,0.11956150224311109
2018-05-05 16:00:00,0.030933310521533707,0.325405047647558,0.10561368024498688,0.05462287681942305,0.019047461089155837
2018-05-05 17:00:00,0.07040396854442388,0.03386358626051536,0.1309518415521733,0.06504647897935117,0.11456862670436746
2018-05-05 18:00:00,0.043928559549927984,0.30948575516298693,0.11891810124155779,0.12315088395162095,0.06895992291102913
2018-05-05 19:00:00,0.03152258114336464,0.5008801607253289,0.0,0.12811859455054606,0.2883213595312046
2018-05-05 20:00:00,0.053369127641033305,0.3024441190654852,0.15414402163093696,0.08085135694787689,0.9495255609856614
2018-05-05 21:00:00,0.39473526713208684,0.48781277393408007,0.17050830391484337,0.020300678647782417,0.6545210535878456
2018-05-05 22:00:00,0.3586071001512876,0.23083900972468754,0.3884097951928932,0.06187506346836882,0.42194067034601124
2018-05-05 23:00:00,0.25584818322185393,0.020265703022973237,0.2737799485564463,0.2092907454446932,0.008205812690056604
2018-05-06 00:00:00,0.15870975111957913,0.0,0.3417976774915344,0.10449396045731375,0.07091129473657982
2018-05-06 01:00:00,0.22157541444799736,0.0,0.09871828076636259,0.11594027564983989,0.0
2018-05-06 02:00:00,0.0945213771277525,0.08325930492565088,0.0,0.1669526257852601,0.0
2018-05-06 03:00:00,0.33345719531542667,0.24012620066548296,0.0,0.16247040399024512,0.0
2018-05-06 04:00:00,0.1170126268395577,0.2459545547613136,0.015238994528613874,0.14355811081533987,0.008287061953081692
2018-05-06 05:00:00,0.33636976427558934,0.10239212274772543,0.1519897618059573,0.022741988433616803,0.21209577382806855
2018-05-06 06:00:00,0.26673576608239513,0.03308058344411672,0.0426224845679051,0.034804240123440695,0.57443609508865
2018-05-06 07:00:00,0.14518863274759292,0.0,0.0,0.020403592434832404,0.1010022843071779
2018-05-06 08:00:00,0.04179977937088307,0.024121015566827206,0.0,0.039864353800972405,0.02467941834384886
2018-05-06 09:00:00,0.03266951664103305,0.08021983746315282,0.0,0.15441878987929347,0.0
2018-05-06 10:00:00,0.07762731115233748,0.19473005629204523,0.0,0.1967996336897568,0.0
2018-05-06 11:00:00,0.12567475441062298,0.2852149379159007,0.0,0.32285134334955995,0.017058601539192964
2018-05-06 12:00:00,0.2079119493445467,0.23476047922038956,0.03942149896776962,0.2213745857111581,0.0
2018-05-06 13:00:00,0.1384667636862626,0.09648572903707607,0.0,0.15560025867765762,0.0
2018-05-06 14:00:00,0.06981958934365869,0.04217726510356601,0.03691623288313363,0.21292478277254442,0.0
2018-05-06 15:00:00,0.0,0.0,0.08127391904816021,0.1554597514592124,0.0
2018-05-06 16:00:00,0.023607453499995597,0.0,0.18745758553604513,0.10230356285876377,0.103117081254691
2018-05-06 17:00:00,0.0,0.0,0.2619991512546995,0.16104688177396534,0.0
2018-05-06 18:00:00,0.981089337265665,0.0,0.4089542862440289,0.20700501245644265,0.0
2018-05-06 19:00:00,0.981089337265665,0.9785379269967656,0.6917154528971091,0.5383964623721538,0.15117505228253963
2018-05-06 20:00:00,0.981089337265665,0.9785379269967656,0.9834636537614106,1.0,0.2637326720091466
2018-05-06 21:00:00,0.981089337265665,0.9785379269967656,0.9834636537614106,1.0,0.6330533407866946
2018-05-06 22:00:00,0.981089337265665,0.8458544693108858,0.9834636537614106,1.0,0.4326414807263676
2018-05-06 23:00:00,0.981089337265665,0.6879085526559259,0.9834636537614106,1.0,0.014675841277312298
2018-05-07 00:00:00,0.9613089257127858,0.9785379269967656,0.7898790818089239,1.0,0.04091471225062681
2018-05-07 01:00:00,0.8562557509642796,0.9785379269967656,0.9834636537614106,1.0,0.10229082739100649
2018-05-07 02:00:00,0.7284759470733218,0.8319942289172592,0.8998177535646645,1.0,0.12332330022856267
2018-05-07 03:00:00,0.6316750663117434,0.11948864994777089,0.9834636537614106,0.8609925609656052,0.33026567247499367
2018-05-07 04:00:00,0.341382120799846,0.0807247369141758,0.9834636537614106,1.0,0.43366132984444483
2018-05-07 05:00:00,0.0,0.0,0.21715182136447397,1.0,0.29943568825713585
2018-05-07 06:00:00,0.3331927668163401,0.0,0.2580757845443676,0.9428772568039614,0.20344603782231807
2018-05-07 07:00:00,0.12249069504857828,0.0,0.36930537884210324,0.3008149491587892,0.0019470250431821248
2018-05-07 08:00:00,0.08852030515122576,0.0,0.8370847571087592,0.21306911292817682,0.0
2018-05-07 09:00:00,0.08986488136193303,0.02395948155455946,0.9834636537614106,0.11885585807179162,0.0
2018-05-07 10:00:00,0.059427940015947596,0.01470022615171846,0.8394507181707067,0.15648699086431211,0.0
2018-05-07 11:00:00,0.0,0.04742480069452012,0.71358894109435,0.2827977540681883,0.0
2018-05-07 12:00:00,0.0,0.028581321494633244,0.8044787203424529,0.4810274220678972,0.0
2018-05-07 13:00:00,0.0,0.020846251038243155,0.7567641274478548,0.5756595734896507,0.0
2018-05-07 14:00:00,0.0,0.028463954962524355,0.3406699772266011,0.2804349883929324,0.2196880625406707
2018-05-07 15:00:00,0.0,0.07453045866867086,0.2840205615759265,0.5913646707313762,0.0
2018-05-07 16:00:00,0.02925845426781948,0.0254104083852574,0.14000619220448526,0.7778635160087687,0.1413951798138141
2018-05-07 17:00:00,0.12966641843326068,0.06109247887419196,0.09634750819040219,0.9454253824008747,0.4507998013063418
2018-05-07 18:00:00,0.38896751944274044,0.3781735301806338,0.2838526487962735,0.5061660791734256,0.9495255609856614
2018-05-07 19:00:00,0.6167556242248731,0.21798232546784735,0.5580951660778632,0.31856173402902327,0.0
2018-05-07 20:00:00,0.42446119942187455,0.30581870139814804,0.5540816428936789,0.9419987584038814,0.013219593618406347
2018-05-07 21:00:00,0.07193082736074682,0.01778987743571268,0.9834636537614106,0.42578135740656825,0.0
2018-05-07 22:00:00,0.1865946164827435,0.6300758653572389,0.6229872968916645,0.4266663996531117,0.1792201402098742
2018-05-07 23:00:00,0.24330908168942855,0.28008939170621217,0.9834636537614106,0.24156728094555704,0.3695678614164232
2018-05-08 00:00:00,0.15077018303762543,0.1007190181358172,0.9834636537614106,1.0,0.9495255609856614
2018-05-08 01:00:00,0.03126681568488562,0.0777923990440135,0.9834636537614106,1.0,0.03755580420010417
2018-05-08 02:00:00,0.0,0.08042950577824709,0.9834636537614106,1.0,0.3552963887865884
2018-05-08 03:00:00,0.0,0.536168531122335,0.9834636537614106,1.0,0.2885937541522089
2018-05-08 04:00:00,0.981089337265665,0.9785379269967656,0.46350520139520707,1.0,0.9211603114695857
2018-05-08 05:00:00,0.981089337265665,0.9785379269967656,0.9834636537614106,1.0,0.7464278597379267
2018-05-08 06:00:00,0.8479303294748137,0.9785379269967656,0.9785546391035631,0.9188632571504042,0.9495255609856614
2018-05-08 07:00:00,0.9406361714792562,0.9785379269967656,0.4732174161929389,0.43283627646361966,0.7614968169961703
2018-05-08 08:00:00,0.7238491450123546,0.9785379269967656,0.7849932181769257,0.3204862599670322,0.23941164791495798
2018-05-08 09:00:00,0.30509638984480975,0.9785379269967656,0.7903669120996891,0.29848717806444625,0.029394251690928647
2018-05-08 10:00:00,0.44983609056391993,0.9300358919404844,0.8990069744308102,0.20179749504369268,0.0
2018-05-08 11:00:00,0.5234186192216337,0.6784652707015683,0.7650378387960906,0.07321749534033682,0.0
2018-05-08 12:00:00,0.5240318104797322,0.5144297896549966,0.48522682398615685,0.0,0.0
2018-05-08 13:00:00,0.3699648865456958,0.6740970418854098,0.5189887008701177,0.0,0.0
2018-05-08 14:00:00,0.19492085702022338,0.5712173012948133,0.33019987050399857,0.06028381361464013,0.06900646961279423
2018-05-08 15:00:00,0.22820077771357122,0.3334462616204581,0.26078344263713016,0.029075460730085868,0.039083112960167664
2018-05-08 16:00:00,0.29760838688131613,0.24725249417965173,0.3579525327067847,0.005784050644193586,0.8702053663785836
2018-05-08 17:00:00,0.22900079886969668,0.17856593786842784,0.43825857410618435,0.0,0.8609924275895922
2018-05-08 18:00:00,0.32930769667914545,0.06769797491763373,0.4225240416506351,0.12561302188531584,0.9282573165665486
2018-05-08 19:00:00,0.6197225896010733,0.13688504993099043,0.48972084721373854,0.42500221045671754,0.9021996147244682
2018-05-08 20:00:00,0.8626552756842163,0.033017234509713916,0.15091818822502823,0.24913183462842098,0.9495255609856614
2018-05-08 21:00:00,0.7448795484661855,0.09608721755727181,0.12768574933608653,0.31606931555861933,0.7835685378414583
2018-05-08 22:00:00,0.7392454701250876,0.09883842610935768,0.11820036552814184,0.5286481709838013,0.02629951535577562
2018-05-08 23:00:00,0.45545431400468206,0.09168272219620942,0.33547679551892756,0.5833719384952349,0.23817184539302874
2018-05-09 00:00:00,0.15846892013009756,0.056877280404606136,0.33001028571201924,0.2980359318482425,0.04411013469640815
2018-05-09 01:00:00,0.043617302650833585,0.16361777299884203,0.08745356800376243,0.2532316779733035,0.0417088633358799
2018-05-09 02:00:00,0.021756128320053667,0.4818075489880547,0.0,0.23825465994478276,0.0
2018-05-09 03:00:00,0.17295395921334922,0.7066257644506839,0.0,0.17085840166556146,0.0
2018-05-09 04:00:00,0.1710383670673701,0.5978489129760459,0.0,0.37361575585185874,0.0
2018-05-09 05:00:00,0.3885742160917155,0.4590197026880078,0.0,0.2659253809040926,0.0
2018-05-09 06:00:00,0.35838947805217664,0.3206196615034181,0.0,0.20380345582518733,0.04048772319193545
2018-05-09 07:00:00,0.2236210553506054,0.16371995033458817,0.05317934139635862,0.06513998893426687,0.0
2018-05-09 08:00:00,0.23577978472881622,0.2435034634117185,0.14035255761975732,0.021424183061730807,0.0
2018-05-09 09:00:00,0.21221571498935793,0.3919097963980906,0.08016278853477189,0.0,0.0
2018-05-09 10:00:00,0.20675440379944116,0.27140282405625504,0.05079280540916537,0.0,0.0
2018-05-09 11:00:00,0.2086726369769316,0.05180358416814716,0.05140318731514093,0.0,0.01847914678516395
2018-05-09 12:00:00,0.09862681952841021,0.0,0.019717852047907127,0.0,0.08461743254453648
2018-05-09 13:00:00,0.1035188482163441,0.0,0.0022712856175197546,0.0,0.06617917427165233
2018-05-09 14:00:00,0.149997922276134,0.0,0.007681179463271938,0.042525748856652175,0.02651556793393274
2018-05-09 15:00:00,0.1061212317331973,0.0,0.0,0.02183466843184626,0.035424228715566386
2018-05-09 16:00:00,0.09670019081204141,0.0,0.006831020968787686,0.0,0.11268027184612536
2018-05-09 17:00:00,0.08043980333024642,0.0,0.08757219363795286,0.0,0.22216635572721827
2018-05-09 18:00:00,0.05565489995795762,0.05545588100851319,0.009264066813668098,0.09504285303869071,0.0
2018-05-09 19:00:00,0.1544572295126292,0.44564714244645964,0.31267847091410167,0.0,0.48373313782067195
2018-05-09 20:00:00,0.07085806955649326,0.0,0.02655088781896363,0.08641966133233481,0.947171743223078
2018-05-09 21:00:00,0.03215180888894786,0.0,0.0916193091074605,0.6551766655408702,0.9495255609856614
2018-05-09 22:00:00,0.2975969903697554,0.299470250417927,0.9834636537614106,0.7188385688148692,0.6906059501224843
2018-05-09 23:00:00,0.4741953349872894,0.02776104125561539,0.7420893394432578,0.8315312172744757,0.06800531648810074
2018-05-10 00:00:00,0.2408052636143492,0.05124301485546361,0.4513335947682763,0.36134425728738057,0.1830935694004719
2018-05-10 01:00:00,0.42440495901284436,0.0,0.3997773378939402,0.41442813977255877,0.09904368213598513
2018-05-10 02:00:00,0.00726990618314228,0.0,0.2050467906731587,0.6569093259905757,0.14293544296953414
2018-05-10 03:00:00,0.7937447423788652,0.0,0.05394285611234261,0.9738688884506294,0.18625133000037797
2018-05-10 04:00:00,0.6776115463589876,0.0,0.3158415177623186,0.9372561939328908,0.145465804825222
2018-05-10 05:00:00,0.7763028100899831,0.0,0.9026414560308043,0.2532803618531398,0.02274181086342446
2018-05-10 06:00:00,0.2692332996084317,0.03699203461800991,0.3717728377897999,0.16806747293852675,0.0
2018-05-10 07:00:00,0.034884683739122305,0.14519231234015778,0.0888662566595758,0.038184723940846196,0.0
2018-05-10 08:00:00,0.026693236473214085,0.1201721131151892,0.023850001804384503,0.06135177564489065,0.0
2018-05-10 09:00:00,0.05022499182253776,0.30418676353339963,0.0829292881996995,0.04630821001840459,0.0
2018-05-10 10:00:00,0.1534790768465012,0.45568127069614184,0.11756347895373474,0.09068923336399665,0.0
2018-05-10 11:00:00,0.20536071745250847,0.721649656113115,0.33151673068144566,0.30150472711844406,0.0
2018-05-10 12:00:00,0.32964102185478167,0.7019407519760016,0.8569007021828358,0.3701901883714013,0.024756712463884556
2018-05-10 13:00:00,0.6259350283160445,0.6684243204088672,0.9834636537614106,0.3357152251687367,0.02180358727020092
2018-05-10 14:00:00,0.981089337265665,0.5402341106828725,0.9834636537614106,0.46495198910108027,0.3345668444223853
2018-05-10 15:00:00,0.981089337265665,0.5589959991888198,0.9834636537614106,1.0,0.9495255609856614
2018-05-10 16:00:00,0.981089337265665,0.9785379269967656,0.9834636537614106,1.0,0.9495255609856614
2018-05-10 17:00:00,0.981089337265665,0.37768145873277104,0.9834636537614106,1.0,0.9495255609856614
2018-05-10 18:00:00,0.981089337265665,0.07124742155222291,0.9834636537614106,1.0,0.9495255609856614
2018-05-10 19:00:00,0.981089337265665,0.16850715996568574,0.9834636537614106,1.0,0.9495255609856614
2018-05-10 20:00:00,0.981089337265665,0.6872462331782001,0.969374298772867,1.0,0.6304400544673623
2018-05-10 21:00:00,0.981089337265665,0.13228808679290419,0.0816506385322991,1.0,0.9495255609856614
2018-05-10 22:00:00,0.981089337265665,0.0,0.9147472214027722,1.0,0.9495255609856614
2018-05-10 23:00:00,0.981089337265665,0.9785379269967656,0.9834636537614106,1.0,0.8134371118733609
2018-05-11 00:00:00,0.981089337265665,0.9785379269967656,0.9834636537614106,1.0,0.9495255609856614
2018-05-11 01:00:00,0.981089337265665,0.9785379269967656,0.9834636537614106,0.9154523012653422,0.05570688305251286
2018-05-11 02:00:00,0.981089337265665,0.9785379269967656,0.9834636537614106,0.5917800518157763,0.0
2018-05-11 03:00:00,0.981089337265665,0.9785379269967656,0.8998989378648288,0.4652026756051543,0.0
2018-05-11 04:00:00,0.981089337265665,0.9785379269967656,0.6370280259167527,0.1527396970193313,0.04794792286578483
2018-05-11 05:00:00,0.981089337265665,0.46069488281881044,0.3194268291233318,0.11137156446738253,0.0
2018-05-11 06:00:00,0.981089337265665,0.2618125971459249,0.13312388049409324,0.0,0.026834999533995787
2018-05-11 07:00:00,0.45446483098916834,0.13352325256843733,0.04150307419886626,0.0,0.0
2018-05-11 08:00:00,0.21531547345681898,0.1319922736565015,0.06586867798351853,0.030539538416295427,0.0
2018-05-11 09:00:00,0.2242166942768095,0.00033995865195655245,0.0,0.04791915708724679,0.028578169138329463
2018-05-11 10:00:00,0.07851846205152709,0.0,0.0,0.02060881726756424,0.1046446792803017
2018-05-11 11:00:00,0.0,0.052499169643424874,0.02214652811104378,0.0,0.2685195681982317
2018-05-11 12:00:00,0.0,0.11668645680903669,0.05849532238367215,0.03422982053175835,0.20136589458729076
2018-05-11 13:00:00,0.0820231504732647,0.32129217129633164,0.03470480648913226,0.203547710228282,0.4114843261272805
2018-05-11 14:00:00,0.3775771706635892,0.7119172745738365,0.0,0.27707147330569765,0.9495255609856614
2018-05-11 15:00:00,0.787385183601336,0.832428364638527,0.08075681986828685,0.6956295183562334,0.9495255609856614
2018-05-11 16:00:00,0.981089337265665,0.7571499907201756,0.2594149293670753,1.0,0.9495255609856614
2018-05-11 17:00:00,0.981089337265665,0.8426403009153884,0.25288540254293407,1.0,0.3228923674929775
2018-05-11 18:00:00,0.981089337265665,0.5008227002313738,0.30903404098034715,0.7565841671667171,0.8814775055687608
2018-05-11 19:00:00,0.981089337265665,0.9785379269967656,0.816373226427392,1.0,0.9495255609856614
2018-05-11 20:00:00,0.5219256660909775,0.9785379269967656,0.9729352463196196,0.48767080731288837,0.9495255609856614
2018-05-11 21:00:00,0.981089337265665,0.9785379269967656,0.6100634443807147,0.46297793854182373,0.9495255609856614
2018-05-11 22:00:00,0.6995670402021951,0.8112897078723721,0.5508873946260078,0.25429080199124854,0.5138211491055122
2018-05-11 23:00:00,0.5894320559565073,0.3507744839174776,0.4316924541759582,0.5617646808825217,0.6057428659988713
2018-05-12 00:00:00,0.25756926931504154,0.2665057827053407,0.2122983565759759,0.9841802179814725,0.48009228580546015
2018-05-12 01:00:00,0.2438186051494843,0.15401296541826398,0.19891155298133487,0.5014237574874764,0.043928914831103005
2018-05-12 02:00:00,0.22384892333637527,0.2986717215529317,0.2535004037223856,0.30343873070227406,0.007366273980488549
2018-05-12 03:00:00,0.664286014470396,0.10510779483582652,0.2957963562427725,0.24522464884555048,0.07530631114546109
2018-05-12 04:00:00,0.5632893203067525,0.05767497453807129,0.08078412156023967,0.17177216816829383,0.09260300698428228
2018-05-12 05:00:00,0.3498196170678994,0.0,0.028050150479134756,0.022560985567112644,0.14159125081400328
2018-05-12 06:00:00,0.37099807738648954,0.0,0.0630579512743497,0.07827188407988914,0.06878817930856844
2018-05-12 07:00:00,0.3144476967029368,0.0,0.19674107046125625,0.11114586109905407,0.0
2018-05-12 08:00:00,0.08109670129377908,0.0038606086925849917,0.10484758447997547,0.08646011274261195,0.036578985159803006
2018-05-12 09:00:00,0.037935677310435796,0.0324107031098232,0.10216327356714601,0.1015538320358689,0.0
2018-05-12 10:00:00,0.07672859733134256,0.04735907581000196,0.1348149253793636,0.09323901348611349,0.10002225478276197
2018-05-12 11:00:00,0.0580846433113489,0.06275652334201731,0.07972850652308501,0.09507075243426345,0.22737255140990786
2018-05-12 12:00:00,0.07388002644670279,0.11520474490549591,0.048887340574816814,0.09457194033710323,0.36523137156691077
2018-05-12 13:00:00,0.22507116607204675,0.2621144758899381,0.0,0.10431123399269544,0.5706998472207226
2018-05-12 14:00:00,0.40632465788041605,0.5815255750256819,0.0,0.35426379046736983,0.9285612325434862
2018-05-12 15:00:00,0.7651651375465831,0.9785379269967656,0.020618726615834415,0.21293982195924888,0.9495255609856614
2018-05-12 16:00:00,0.9633750715415524,0.8846130566353404,0.10361430033190704,0.24186614964390696,0.9495255609856614
2018-05-12 17:00:00,0.981089337265665,0.9785379269967656,0.28085210617832823,0.19785592567321725,0.9495255609856614
2018-05-12 18:00:00,0.981089337265665,0.9785379269967656,0.20667324864662792,0.053695727429572924,0.9495255609856614
2018-05-12 19:00:00,0.981089337265665,0.9785379269967656,0.2010667286454868,0.30593233827993455,0.9495255609856614
2018-05-12 20:00:00,0.981089337265665,0.3594019532631655,0.04472774729584417,0.7933161300634904,0.43022246543660797
2018-05-12 21:00:00,0.981089337265665,0.2405485627940505,0.02317078474154704,0.45706821022507454,0.23854664897850794
2018-05-12 22:00:00,0.981089337265665,0.514167414466944,0.12907347214448306,0.15363127680933278,0.22976068225305568
2018-05-12 23:00:00,0.9583733440302026,0.3508986833664746,0.10525824199611988,0.142572010511988,0.20080044950014503
2018-05-13 00:00:00,0.8385038357905777,0.2042699997581621,0.021631124428411957,0.3467598058816735,0.11740332616130315
2018-05-13 01:00:00,0.33418252610558297,0.21727576704771684,0.013496254994392182,0.23053849846485597,0.05705263309494602
2018-05-13 02:00:00,0.04239439928462445,0.05672636230982603,0.013605491057767484,0.18042356996740874,0.03616158234096711
2018-05-13 03:00:00,0.17497197101325584,0.1631969175810673,0.0,0.11204477572907671,0.04501441382896449
2018-05-13 04:00:00,0.26166675857045735,0.06275829327846891,0.0,0.12253836952499401,0.04350368455882755
2018-05-13 05:00:00,0.27951399950406175,0.0,0.007683652581226234,0.0,0.02379878453041047
2018-05-13 06:00:00,0.20593414000907367,0.0,0.0,0.02161458770301979,0.020438584763297917
2018-05-13 07:00:00,0.07088307784936208,0.0,0.0,0.0,0.029786279482566784
2018-05-13 08:00:00,0.04721173933793237,0.0,0.0,0.0,0.04350368455882755
2018-05-13 09:00:00,0.01988680690384883,0.0,0.0,0.0,0.11047740401630594
2018-05-13 10:00:00,0.027391954869052045,0.006767905482943819,0.0,0.0,0.21966308416158967
2018-05-13 11:00:00,0.0,0.01439437353307754,0.0,0.0,0.41305930096036786
2018-05-13 12:00:00,0.03480802748169074,0.024714928057846645,0.0,0.0,0.4653029085547209
2018-05-13 13:00:00,0.1529544338261626,0.1296243569044875,0.0,0.0,0.4832492982171568
2018-05-13 14:00:00,0.5176467517937111,0.2512566915729079,0.0,0.0,0.7218597638585993
2018-05-13 15:00:00,0.8316651542412888,0.3733406631130807,0.005600119668854045,0.0809648017865016,0.9495255609856614
2018-05-13 16:00:00,0.981089337265665,0.4912015420518032,0.043925595338584415,0.08180927449284629,0.9495255609856614
2018-05-13 17:00:00,0.3820378095621866,0.458433073272796,0.022055796494306504,0.12689142527377684,0.5618937828892907
2018-05-13 18:00:00,0.24167432632576483,0.6471006180584938,0.09395067980021136,0.1514441751688688,0.39349826227528006
2018-05-13 19:00:00,0.7200465276193412,0.5425275012797167,0.3461186978804048,0.04206877798385061,0.37336409866688935
2018-05-13 20:00:00,0.9115356165911485,0.9785379269967656,0.43405219203881046,0.19637350572207213,0.40029763325484263
2018-05-13 21:00:00,0.9097414558035988,0.5434477053299984,0.11488038542982701,0.036264408699823995,0.8953863965628578
2018-05-13 22:00:00,0.8038719846112419,0.28548427934313647,0.20039397301178016,0.15469982684459868,0.40601154015309554
2018-05-13 23:00:00,0.981089337265665,0.0,0.6460411844300129,0.05603750114387653,0.519578486180453
2018-05-14 00:00:00,0.981089337265665,0.15828006004912298,0.48641803875433337,0.23114928315096722,0.22680980049881957
2018-05-14 01:00:00,0.2622045166275049,0.08027811956299523,0.0,0.023920320049581275,0.1168849496565703
2018-05-14 02:00:00,0.0,0.04438908466658711,0.06810833146025203,0.06962263628983101,0.007432594650828167
2018-05-14 03:00:00,0.02129764718212369,0.0816503143928152,0.3462423777151289,0.0,0.0
2018-05-14 04:00:00,0.9637994122159272,0.06068131803288568,0.10062077381865606,0.0,0.0
2018-05-14 05:00:00,0.7887303470882548,0.1530531005142383,0.05536853157771249,0.0056006980721082355,0.07311585397526098
2018-05-14 06:00:00,0.8483154371727233,0.12681623179685927,0.026258592251639193,0.02797234738871334,0.14483487687609217
2018-05-14 07:00:00,0.4335403612152245,0.17080279479315108,0.03307734586033409,0.0,0.028764804676235
2018-05-14 08:00:00,0.3714067754729343,0.0,0.06837140213960524,0.021586151697638934,0.028412325671308726
2018-05-14 09:00:00,0.11598272928804143,0.09643603377118416,0.11812819994384892,0.0,0.030644568485092144
2018-05-14 10:00:00,0.17389938285990486,0.0,0.1446958016831118,0.0,0.07199440718672691
2018-05-14 11:00:00,0.13176527401115065,0.0,0.04132067192689009,0.0,0.0402887170656286
2018-05-14 12:00:00,0.11291147756503676,0.01615732419941234,0.019860857634246814,0.0,0.16389264019150349
2018-05-14 13:00:00,0.0,0.062162404592749035,0.0,0.0,0.33403546691001545
2018-05-14 14:00:00,0.0,0.44291137016324217,0.0,0.0,0.6435352140320426
2018-05-14 15:00:00,0.02407780761797681,0.4890826552657055,0.0,0.28176741156365187,0.6710908763233562
2018-05-14 16:00:00,0.02368283271830696,0.7663769676607037,0.0,0.29577342417570157,0.8207439704468663
2018-05-14 17:00:00,0.0,0.9785379269967656,0.06422803732699603,1.0,0.8039126553855717
2018-05-14 18:00:00,0.025523963614373552,0.5387856895071826,0.16274571973775687,0.42418916411465313,0.605920705462049
2018-05-14 19:00:00,0.2976822112855499,0.45548871412761854,0.01984993630409958,0.03349851644881512,0.37522777314468087
2018-05-14 20:00:00,0.8572397064900571,0.3222722412024826,0.10516970211063384,0.6628166359591651,0.683972197423315
2018-05-14 21:00:00,0.981089337265665,0.9785379269967656,0.9834636537614106,1.0,0.1570970460037124
2018-05-14 22:00:00,0.8552889673604348,0.824859004792389,0.020489420994587917,0.6550315569998544,0.0
2018-05-14 23:00:00,0.5278755040038372,0.829657061893473,0.25667808714268603,0.6397261167747957,0.022849939148771335
2018-05-15 00:00:00,0.28903047893839595,0.6003766828859658,0.43893457479666664,0.07418952265428956,0.0
2018-05-15 01:00:00,0.9796364623148115,0.220044624516781,0.0,0.044664786389051206,0.10253803555332609
2018-05-15 02:00:00,0.27439691294309815,0.19054868360155036,0.0899604603256199,0.0,0.0
2018-05-15 03:00:00,0.3636205067758897,0.11977606612929792,0.1431330921808262,0.0,0.0
2018-05-15 04:00:00,0.5010384505076775,0.021688790028366604,0.36068023549305844,0.0,0.0
2018-05-15 05:00:00,0.0880909528503832,0.04013506173605736,0.32051787813711213,0.0,0.0
2018-05-15 06:00:00,0.07304827440471734,0.0,0.1037736513703943,0.04487255373575412,0.0
2018-05-15 07:00:00,0.029977290743049733,0.0,2.6117152996428354e-06,0.08890875262116092,0.0
2018-05-15 08:00:00,0.0,0.0,0.0,0.04796585189465432,0.0
2018-05-15 09:00:00,0.02009850080697317,0.0,0.0,0.06316086343932881,0.06718792788923733
2018-05-15 10:00:00,0.01704967910560228,0.0,0.0,0.060988572953698895,0.061581340289122766
2018-05-15 11:00:00,0.023563162150678274,0.051702346366946345,0.0,0.0828351760415916,0.07765224144679116
2018-05-15 12:00:00,0.0479161059651082,0.11972158314081718,0.0,0.08648973273587603,0.1380698610311953
2018-05-15 13:00:00,0.20615013779314503,0.1263731365365515,0.0,0.10674460192735327,0.11956376143350939
2018-05-15 14:00:00,0.3993405052635514,0.10984934658233128,0.12649541583874788,0.11953956392991039,0.47460594724810173
2018-05-15 15:00:00,0.4320776414704699,0.18834345907827918,0.05432901171379522,0.052871901735737976,0.082614078015623
2018-05-15 16:00:00,0.6494365633984236,0.23079951779947672,0.12208007351613288,0.023444368926515864,0.3922464408726088
2018-05-15 17:00:00,0.33504500470341975,0.9785379269967656,0.027277918658304576,0.036437286893513894,0.3700737624121151
2018-05-15 18:00:00,0.10196821633774822,0.5209890908613087,0.34714500213722,0.04273462807148042,0.9495255609856614
2018-05-15 19:00:00,0.981089337265665,0.8033266191895835,0.7062361590108559,0.6658962973939905,0.9432538010262443
2018-05-15 20:00:00,0.06389196305163286,0.5198491652955922,0.3816682395761382,0.7257432127276943,0.7073377260312785
2018-05-15 21:00:00,0.981089337265665,0.9785379269967656,0.9834636537614106,0.3065492475895595,0.9495255609856614
2018-05-15 22:00:00,0.981089337265665,0.4042989118803028,0.2710783103369369,0.6504212509721344,0.4379428597897911
2018-05-15 23:00:00,0.6147608746745401,0.0,0.38899824645950337,1.0,0.02417179043145499
2018-05-16 00:00:00,0.0,0.0,0.18218771177682075,0.36528101960108106,0.0
2018-05-16 01:00:00,0.010836463683198889,0.1947541072163116,0.017545823926219527,0.15735924944863397,0.0
2018-05-16 02:00:00,0.1175905881191776,0.2326199227310609,0.05303201356528659,0.16257714272319987,0.0
2018-05-16 03:00:00,0.0390698105109261,0.3817461412750354,0.07549678902410059,0.0,0.020537457498992037
2018-05-16 04:00:00,0.0,0.4605437881519942,0.1548879468194286,0.01861270358684376,0.07407655672895477
2018-05-16 05:00:00,0.08700857987005559,0.22149473759109486,0.0425684506096384,0.10809447193590722,0.06216899865767167
2018-05-16 06:00:00,0.3806216891063195,0.46921150481038076,0.02521595017383467,0.1665336878521366,0.028872905677477904
2018-05-16 07:00:00,0.04543787191380171,0.2475671716566596,0.0,0.10283847236991785,0.049306959475276434
2018-05-16 08:00:00,0.09648559497368339,0.0,0.0,0.0,0.0
2018-05-16 09:00:00,0.2011152799784369,0.0,0.0,0.0,0.0
2018-05-16 10:00:00,0.06987813086144035,0.0,0.0,0.03868678805406468,0.0
2018-05-16 11:00:00,0.042960125464961994,0.0,0.0,0.08414408164846399,0.0
2018-05-16 12:00:00,0.04555048216358857,0.0,0.0,0.0,0.0
2018-05-16 13:00:00,0.05406238460046807,0.016220054513008477,0.0,0.0,0.024417934617060662
2018-05-16 14:00:00,0.04199088770481637,0.18833557341546311,0.0,0.019586098157789108,0.30384522493329985
2018-05-16 15:00:00,0.16384535986105786,0.0396360015664539,0.022188942819223813,0.0689411798812332,0.320094944418982
2018-05-16 16:00:00,0.22774590824364113,0.3066772189816761,0.027743222976531267,0.0966896132099507,0.3063747296420708
2018-05-16 17:00:00,0.981089337265665,0.04479085162017283,0.025659298091151417,0.0368315009828309,0.6889158637006138
2018-05-16 18:00:00,0.6208709474264821,0.7202010081956243,0.35213235599388243,0.03425840665554164,0.9495255609856614
2018-05-16 19:00:00,0.8604908674447983,0.9619767739130276,0.32227617762605604,0.17673291409138986,0.9495255609856614
2018-05-16 20:00:00,0.981089337265665,0.9785379269967656,0.08221391535752649,1.0,0.9495255609856614
2018-05-16 21:00:00,0.981089337265665,0.9785379269967656,0.3770768607394843,1.0,0.9495255609856614
2018-05-16 22:00:00,0.981089337265665,0.9785379269967656,0.7562307645901422,1.0,0.9495255609856614
2018-05-16 23:00:00,0.981089337265665,0.966021974733218,0.9834636537614106,1.0,0.17292521467589933
2018-05-17 00:00:00,0.981089337265665,0.9785379269967656,0.9834636537614106,1.0,0.007579407657367407
2018-05-17 01:00:00,0.981089337265665,0.9785379269967656,0.9834636537614106,0.9043380004759436,0.0
2018-05-17 02:00:00,0.981089337265665,0.6843018593521057,0.9834636537614106,1.0,0.21459323853350773
2018-05-17 03:00:00,0.981089337265665,0.8855545920043524,0.9834636537614106,1.0,0.0740118000967421
2018-05-17 04:00:00,0.981089337265665,0.7818583504283642,0.9834636537614106,1.0,0.32016492126190044
2018-05-17 05:00:00,0.981089337265665,0.28057894254130783,0.9834636537614106,1.0,0.013222856280990956
2018-05-17 06:00:00,0.981089337265665,0.0,0.9834636537614106,0.5743475614807456,0.017434582583261627
2018-05-17 07:00:00,0.981089337265665,0.0,0.9834636537614106,0.2051940213435175,0.03385948653477772
2018-05-17 08:00:00,0.981089337265665,0.0,0.8205517779307409,0.17566204347236883,0.0
2018-05-17 09:00:00,0.981089337265665,0.10687214135143497,0.9834636537614106,0.2983047569876574,0.0
2018-05-17 10:00:00,0.8086332337683709,0.14579336605822646,0.9834636537614106,0.43767064580800097,0.0
2018-05-17 11:00:00,0.6044000441429004,0.2985177673198204,0.9834636537614106,0.6011233566679585,0.08369122269670262
2018-05-17 12:00:00,0.943998645892106,0.6112465366414116,0.9834636537614106,0.6768416345611069,0.09663334658282978
2018-05-17 13:00:00,0.981089337265665,0.5775370550576625,0.9834636537614106,0.6023985373114349,0.6712800917243941
2018-05-17 14:00:00,0.981089337265665,0.44092156451812237,0.9834636537614106,1.0,0.9495255609856614
2018-05-17 15:00:00,0.981089337265665,0.5087048125542227,0.9834636537614106,0.5258857978200591,0.9495255609856614
2018-05-17 16:00:00,0.981089337265665,0.31013165455992736,0.9834636537614106,0.45023927794025204,0.9495255609856614
2018-05-17 17:00:00,0.981089337265665,0.5377759254289672,0.9834636537614106,0.4774325602440942,0.9495255609856614
2018-05-17 18:00:00,0.981089337265665,0.9785379269967656,0.9834636537614106,0.5925870802656449,0.901704787866352
2018-05-17 19:00:00,0.981089337265665,0.9676831090891533,0.9834636537614106,0.8311830277815686,0.9495255609856614
2018-05-17 20:00:00,0.981089337265665,0.9785379269967656,0.9834636537614106,0.22915499059713784,0.9495255609856614
2018-05-17 21:00:00,0.981089337265665,0.9785379269967656,0.9834636537614106,0.431403653239954,0.8605113365951724
2018-05-17 22:00:00,0.981089337265665,0.9785379269967656,0.9834636537614106,0.2531709897226065,0.8030687036227774
2018-05-17 23:00:00,0.981089337265665,0.9785379269967656,0.9834636537614106,0.5724993231202683,0.4702258114124189
2018-05-18 00:00:00,0.981089337265665,0.7739576581102471,0.9834636537614106,1.0,0.05573643419137534
2018-05-18 01:00:00,0.981089337265665,0.857649904471926,0.9834636537614106,1.0,0.17369232837239326
2018-05-18 02:00:00,0.981089337265665,0.0,0.9834636537614106,0.8058291835730829,0.9044286329605383
2018-05-18 03:00:00,0.981089337265665,0.0,0.7811918206101544,0.4624793173307373,0.9495255609856614
2018-05-18 04:00:00,0.981089337265665,0.9785379269967656,0.3562838168440438,0.18296797404631648,0.9495255609856614
2018-05-18 05:00:00,0.981089337265665,0.9785379269967656,0.06227515556356131,0.0,0.9495255609856614
2018-05-18 06:00:00,0.981089337265665,0.9785379269967656,0.020259188270559336,0.016326258388797046,0.8868122586586658
2018-05-18 07:00:00,0.981089337265665,0.9785379269967656,0.1656207234598956,0.0,0.36611522536582775
2018-05-18 08:00:00,0.20555457212588715,0.9785379269967656,0.2342602370263507,0.02494281880535171,0.33020345072172946
2018-05-18 09:00:00,0.12897674201370826,0.610798864990735,0.046518131197377396,0.0401185773749911,0.545560892918385
2018-05-18 10:00:00,0.04950955316353211,0.28722413050787193,0.028335813895342763,0.10900782095672655,0.766788734826339
2018-05-18 11:00:00,0.0,0.3529995936567263,0.04789366801873437,0.04693098008100829,0.5672354951073884
2018-05-18 12:00:00,0.0,0.4195528530993968,0.16325042361057282,0.007403591226620013,0.84331676046737
2018-05-18 13:00:00,0.012426970532302814,0.798776015874842,0.09073731344005773,0.037555641922460956,0.600773066591505
2018-05-18 14:00:00,0.08858046836046547,0.7873201293953117,0.38910898547134043,0.08907045924978235,0.434833859609071
2018-05-18 15:00:00,0.03369865900501228,0.4559313862357427,0.15758350825917194,0.11028250384946034,0.9495255609856614
2018-05-18 16:00:00,0.26257179789533786,0.6477402082231257,0.0824635135980915,0.11172851590976442,0.9495255609856614
2018-05-18 17:00:00,0.4356941361659577,0.6320046684309862,0.06702281308146434,0.06676144159991818,0.9495255609856614
2018-05-18 18:00:00,0.981089337265665,0.21931554607808745,0.14125418058902986,0.0,0.8725684712107246
2018-05-18 19:00:00,0.981089337265665,0.5602096497464558,0.5066130760873858,0.014430478173168839,0.6430986619635436
2018-05-18 20:00:00,0.981089337265665,0.9785379269967656,0.9834636537614106,0.0,0.31407376368673845
2018-05-18 21:00:00,0.981089337265665,0.9785379269967656,0.866999425807091,0.0,0.0
2018-05-18 22:00:00,0.5755296228034533,0.9785379269967656,0.9834636537614106,0.10338505658784271,0.0
2018-05-18 23:00:00,0.7743861965561095,0.9785379269967656,0.9834636537614106,0.8572154830721127,0.0
2018-05-19 00:00:00,0.3835575102893784,0.9785379269967656,0.9834636537614106,0.9494869581051378,0.0
2018-05-19 01:00:00,0.9266883729885178,0.9324210578495353,0.9834636537614106,0.3882444525278701,0.0
2018-05-19 02:00:00,0.08810721636462422,0.9785379269967656,0.0948496621367714,1.0,0.0
2018-05-19 03:00:00,0.06036477613719633,0.9785379269967656,0.6313724758207424,1.0,0.0
2018-05-19 04:00:00,0.054085253531486105,0.9785379269967656,0.14919571438740833,1.0,0.0
2018-05-19 05:00:00,0.0,0.8132342449174771,0.07443751753606288,1.0,0.03289608459966698
2018-05-19 06:00:00,0.09175430426859489,0.8627344814047566,0.048480957635357314,1.0,0.07743434883209961
2018-05-19 07:00:00,0.05790601297042906,0.9785379269967656,0.04032471162535795,1.0,0.0
2018-05-19 08:00:00,0.018682555615409248,0.9785379269967656,0.9834636537614106,1.0,0.2525526509163182
2018-05-19 09:00:00,0.09350327540391794,0.9785379269967656,0.9834636537614106,1.0,0.025083824199242318
2018-05-19 10:00:00,0.24898118851802886,0.9785379269967656,0.9834636537614106,1.0,0.0
2018-05-19 11:00:00,0.11132131570417989,0.9785379269967656,0.9834636537614106,1.0,0.04364426346643645
2018-05-19 12:00:00,0.14650923470343183,0.9785379269967656,0.7433308651779443,1.0,0.0373845007198242
2018-05-19 13:00:00,0.24474780701318755,0.9785379269967656,0.917700505305952,1.0,0.011096384196121908
2018-05-19 14:00:00,0.11989995557078452,0.9785379269967656,0.9203018217605634,0.9962343774794158,0.7159646172362355
2018-05-19 15:00:00,0.0766086888477075,0.9785379269967656,0.9834636537614106,0.5758537223809115,0.9495255609856614
2018-05-19 16:00:00,0.7426574446032587,0.9785379269967656,0.9834636537614106,0.38047912192753347,0.9495255609856614
2018-05-19 17:00:00,0.981089337265665,0.9785379269967656,0.9834636537614106,0.6089337862361314,0.3237870118199812
2018-05-19 18:00:00,0.981089337265665,0.9785379269967656,0.9834636537614106,0.5310449542308608,0.04202803022063121
2018-05-19 19:00:00,0.981089337265665,0.9785379269967656,0.9106154820485531,1.0,0.3062166945454016
2018-05-19 20:00:00,0.8893413911728921,0.9785379269967656,0.600962840311422,0.23735812999316253,0.3508883000907693
2018-05-19 21:00:00,0.981089337265665,0.9592855249095337,0.952700143782984,0.06992448489228326,0.4681529803840245
2018-05-19 22:00:00,0.8722469660058734,0.19077931967767767,0.9834636537614106,0.03572936458810973,0.5372949539738703
2018-05-19 23:00:00,0.981089337265665,0.5975914742414646,0.5182336683604283,0.025171033359586748,0.1056218939310658
2018-05-20 00:00:00,0.981089337265665,0.26508077358591275,0.16656498958326243,0.06551795458566935,0.0625000055772674
2018-05-20 01:00:00,0.981089337265665,0.2013600305790936,0.48638653051443426,0.05076052210391099,0.0
2018-05-20 02:00:00,0.9585578624673774,0.08506821440204144,0.13193275223578063,0.0,0.03324462455536423
2018-05-20 03:00:00,0.6762508371658704,0.12506216646329135,0.2821989626648109,0.02003340615631603,0.008775991220278974
2018-05-20 04:00:00,0.7862463675105368,0.18278628182071277,0.21890167166208963,0.0,0.013730466519186175
2018-05-20 05:00:00,0.6189036222400457,0.0890071545340632,0.2799484694756719,0.0,0.24000445929509504
2018-05-20 06:00:00,0.9391513341826967,0.06630288969949899,0.23035197133256102,0.0,0.12594493312307295
2018-05-20 07:00:00,0.7543790461561193,0.07261895730062662,0.1988389258410407,0.003144459299015267,0.041780083975739374
2018-05-20 08:00:00,0.6822328171561236,0.0009878263532594029,0.1629103799202581,0.0,0.03730992917801873
2018-05-20 09:00:00,0.23734035870982023,0.04463165798686074,0.06053061174354988,0.015948544976261584,0.0
2018-05-20 10:00:00,0.16319936483641648,0.04296157650564715,0.003250003835860081,0.01176284399680586,0.0
2018-05-20 11:00:00,0.029902819120681625,0.0,0.06197704455000529,0.037052666682030014,0.022190579002823438
2018-05-20 12:00:00,0.0,0.0,0.0907575683584463,0.0186080273007755,0.046507084770044706
2018-05-20 13:00:00,0.0,0.0,0.02068579391494045,0.039744390004305366,0.0
2018-05-20 14:00:00,0.0,0.0,0.06410428339599834,0.06795225806493092,0.025830622977110872
2018-05-20 15:00:00,0.05236112441086043,0.11121652203868218,0.05354232544166892,0.08128132803092918,0.170473228881659
2018-05-20 16:00:00,0.060360790449601416,0.033625310409231064,0.05384365905801012,0.04083643736138239,0.09685620866374972
2018-05-20 17:00:00,0.1405804840878511,0.01471562908897121,0.03558119808008981,0.24124039644739648,0.42704961049287715
2018-05-20 18:00:00,0.2253364621340041,0.1058836393388414,0.014272582226522501,0.10973829527414192,0.4983874314468199
2018-05-20 19:00:00,0.27240770497662076,0.024161858348355807,0.0,0.09205892624290529,0.0
2018-05-20 20:00:00,0.516068566929405,0.4638173663950979,0.05168818555987173,0.26023963406911244,0.0
2018-05-20 21:00:00,0.23757001107889514,0.4445254633924451,0.2061064983314225,0.42377956928272287,0.08205335153441141
2018-05-20 22:00:00,0.06241186844850403,0.5497955240490804,0.3273332038277553,0.2583931978156843,0.21095539242930572
2018-05-20 23:00:00,0.0,0.8854152680042955,0.49826831663240945,1.0,0.02422477316439795
2018-05-21 00:00:00,0.19384539918719082,0.9785379269967656,0.6086201791167725,1.0,0.0
2018-05-21 01:00:00,0.981089337265665,0.7280765756582372,0.5650916370990461,1.0,0.04557096274526979
2018-05-21 02:00:00,0.9625570307294247,0.6889863684636802,0.5098570918670712,0.8973553835986438,0.0
2018-05-21 03:00:00,0.981089337265665,0.3500524885182772,0.6134979843265517,0.7033386389177548,0.0017400561127029431
2018-05-21 04:00:00,0.981089337265665,0.21582040047308357,0.5260878406193193,0.634306862167305,0.06417673813556624
2018-05-21 05:00:00,0.981089337265665,0.11077714916742726,0.5222516091207949,0.5416173593625265,0.06909387460831377
2018-05-21 06:00:00,0.7414336204140524,0.10172144267045147,0.5686703585368088,0.29394032767623973,0.11013658449997861
2018-05-21 07:00:00,0.7031061968500597,0.04394887588227154,0.44418117979122074,0.06794786957350676,0.0
2018-05-21 08:00:00,0.558790743563803,0.15283229743319238,0.3586847467003049,0.040593910388281085,0.0
2018-05-21 09:00:00,0.703802874691136,0.0748911687744609,0.23231420009881998,0.0,0.0
2018-05-21 10:00:00,0.8962579754959878,0.08390658337040165,0.1684672226970423,0.0,0.0
2018-05-21 11:00:00,0.981089337265665,0.21577623542826285,0.28979391520823883,0.0,0.0
2018-05-21 12:00:00,0.981089337265665,0.2461167558052832,0.25495433358112435,0.0,0.0
2018-05-21 13:00:00,0.981089337265665,0.3717774597942408,0.14780269661914222,0.0,0.0
2018-05-21 14:00:00,0.981089337265665,0.2257883166686843,0.14793374997452796,0.014173854655310819,0.9495255609856614
2018-05-21 15:00:00,0.981089337265665,0.38861991360251885,0.21255421919310588,0.15959900813355404,0.9495255609856614
2018-05-21 16:00:00,0.981089337265665,0.9785379269967656,0.20447207053620273,0.12973514865660363,0.9495255609856614
2018-05-21 17:00:00,0.5223092010143011,0.45205586912623713,0.25646529565593035,0.15805955033019484,0.9495255609856614
2018-05-21 18:00:00,0.9151353142639683,0.21265207493702365,0.3909963514357767,0.7217958153952672,0.9495255609856614
2018-05-21 19:00:00,0.981089337265665,0.39247446422342264,0.9398126097779801,1.0,0.6753104555143121
2018-05-21 20:00:00,0.981089337265665,0.9785379269967656,0.6679134815869364,0.44655713592211016,0.9495255609856614
2018-05-21 21:00:00,0.981089337265665,0.9570214192347777,0.9834636537614106,0.8576926712666293,0.05267918407980678
2018-05-21 22:00:00,0.981089337265665,0.14793479989859157,0.7009602256302678,0.8727782226712462,0.10402563989432434
2018-05-21 23:00:00,0.981089337265665,0.09510848846015407,0.661756563468999,0.6503123934619995,0.022295891395671185
2018-05-22 00:00:00,0.981089337265665,0.3124057146231641,0.635694593601721,0.13791611691721345,0.07112414449450417
2018-05-22 01:00:00,0.45926676711703207,0.3066681450929004,0.24804918016536,0.16986614813544387,0.021645937803186483
2018-05-22 02:00:00,0.981089337265665,0.29440259695827337,0.9834636537614106,0.2536448631012004,0.04173968224805899
2018-05-22 03:00:00,0.981089337265665,0.08824055993086828,0.9834636537614106,0.1804929069014746,0.0257986583022626
2018-05-22 04:00:00,0.9144326104465548,0.03350210824884964,0.8441996150277117,0.08127196091627134,0.0543378538387797
2018-05-22 05:00:00,0.434152195210449,0.02733578117417445,0.34184841291665946,0.520349591669185,0.07315752564928238
2018-05-22 06:00:00,0.24709536301424156,0.025396876648246747,0.6201411287443157,0.4935430540887709,0.03643224895482018
2018-05-22 07:00:00,0.25842664600029364,0.0,0.24900098837310183,0.12221800055263571,0.0
2018-05-22 08:00:00,0.32988736971278815,0.0,0.051921500693237,0.16953463311387876,0.012571822805969383
2018-05-22 09:00:00,0.5660995336315808,0.0,0.03480564701940589,0.2390805662986142,0.0
2018-05-22 10:00:00,0.8284604129603476,0.0,0.07163596017792737,0.24271720436550429,0.0
2018-05-22 11:00:00,0.6863633829737811,0.06554442059717697,0.15070508855143133,0.17080874808782515,0.0
2018-05-22 12:00:00,0.7101862898553775,0.12053286661077373,0.14361604701240363,0.22350168684791685,0.036938584347521786
2018-05-22 13:00:00,0.8629343037415957,0.1844699595755745,0.9205672881001343,0.2210297816070003,0.9495255609856614
2018-05-22 14:00:00,0.981089337265665,0.28622992488067023,0.8924083514318161,0.33038338567106496,0.9495255609856614
2018-05-22 15:00:00,0.981089337265665,0.5818442496120926,0.712176585880669,0.6400287227454086,0.9495255609856614
2018-05-22 16:00:00,0.981089337265665,0.9785379269967656,0.9834636537614106,0.7091586109687286,0.8821076936959046
2018-05-22 17:00:00,0.981089337265665,0.7088016293034921,0.9834636537614106,1.0,0.9495255609856614
2018-05-22 18:00:00,0.981089337265665,0.9785379269967656,0.9834636537614106,1.0,0.5053560428685142
2018-05-22 19:00:00,0.981089337265665,0.9785379269967656,0.9834636537614106,0.8798930028637318,0.9495255609856614
2018-05-22 20:00:00,0.981089337265665,0.8369383035916323,0.9834636537614106,0.7456829075883712,0.9495255609856614
2018-05-22 21:00:00,0.981089337265665,0.9785379269967656,0.8960231482601635,1.0,0.9495255609856614
2018-05-22 22:00:00,0.981089337265665,0.9785379269967656,0.48072323004716966,1.0,0.9495255609856614
2018-05-22 23:00:00,0.981089337265665,0.9785379269967656,0.9834636537614106,1.0,0.9495255609856614
2018-05-23 00:00:00,0.981089337265665,0.9785379269967656,0.48741747162048715,0.7707797591449344,0.10079179714121761
2018-05-23 01:00:00,0.3943574368265479,0.4067922708490528,0.8899195881215571,0.6303591950523816,0.2090334195195722
2018-05-23 02:00:00,0.981089337265665,0.18285399052730975,0.45493007470206015,0.5352578806462757,0.0
2018-05-23 03:00:00,0.981089337265665,0.07187477426841485,0.09092412254822414,0.3260809120631443,0.0
2018-05-23 04:00:00,0.981089337265665,0.022392768312409373,0.18947612301328695,0.26859001337796995,0.011370638620265943
2018-05-23 05:00:00,0.981089337265665,0.056492106019981066,0.9633170429447419,0.04678631988958071,0.2660564834819122
2018-05-23 06:00:00,0.981089337265665,0.0,0.1501760198792217,0.0,0.19211205698339343
2018-05-23 07:00:00,0.6401276741035624,0.029504479227601185,0.16681034319934782,0.0,0.0
2018-05-23 08:00:00,0.981089337265665,0.0,0.3958551904122734,0.0,0.0
2018-05-23 09:00:00,0.981089337265665,0.1084560906279323,0.2155428501210702,0.0,0.0
2018-05-23 10:00:00,0.981089337265665,0.2937961349676581,0.27515033347636275,0.0,0.0
2018-05-23 11:00:00,0.981089337265665,0.5899716459064863,0.2139892645052735,0.06512545739912393,0.020228425960042387
2018-05-23 12:00:00,0.981089337265665,0.9452871973989441,0.38069749878417425,0.07440354290373521,0.5243137372261392
2018-05-23 13:00:00,0.981089337265665,0.9785379269967656,0.9834636537614106,0.02628314342567808,0.9495255609856614
2018-05-23 14:00:00,0.981089337265665,0.9785379269967656,0.9834636537614106,0.06024973915728951,0.9495255609856614
2018-05-23 15:00:00,0.981089337265665,0.8811379655686502,0.820110314750508,0.1187708642913932,0.9495255609856614
2018-05-23 16:00:00,0.981089337265665,0.5280496263513269,0.9834636537614106,0.08186715508075484,0.9495255609856614
2018-05-23 17:00:00,0.981089337265665,0.33591657393945784,0.9834636537614106,0.347949365586684,0.9495255609856614
2018-05-23 18:00:00,0.981089337265665,0.9785379269967656,0.965283555880255,0.327730550267165,0.9495255609856614
2018-05-23 19:00:00,0.981089337265665,0.42322675190745884,0.9834636537614106,0.26631696064659965,0.9495255609856614
2018-05-23 20:00:00,0.981089337265665,0.544717737743828,0.9834636537614106,0.10019490077636166,0.9495255609856614
2018-05-23 21:00:00,0.981089337265665,0.9409135485639314,0.9834636537614106,0.48678522397985596,0.9495255609856614
2018-05-23 22:00:00,0.981089337265665,0.9785379269967656,0.9834636537614106,0.6540376010570053,0.9495255609856614
2018-05-23 23:00:00,0.981089337265665,0.6506424217350294,0.9834636537614106,0.4662343654484833,0.8210383312869454
2018-05-24 00:00:00,0.981089337265665,0.5966881445743862,0.6750607575743929,0.0871987657452835,0.02048171958447877
2018-05-24 01:00:00,0.981089337265665,0.3394064557006177,0.9834636537614106,0.18499002991029376,0.0
2018-05-24 02:00:00,0.981089337265665,0.1368587083046643,0.7867525067753216,0.42732423187157226,0.0
2018-05-24 03:00:00,0.981089337265665,0.9785379269967656,0.5029196034773401,0.48029797806223035,0.0
2018-05-24 04:00:00,0.981089337265665,0.9785379269967656,0.3324818579284719,0.3222914488055669,0.0
2018-05-24 05:00:00,0.981089337265665,0.9785379269967656,0.23851012737578145,0.5537854694234687,0.2513291422345435
2018-05-24 06:00:00,0.981089337265665,0.9785379269967656,0.24680447525478866,0.5637009751710632,0.14309984630161654
2018-05-24 07:00:00,0.981089337265665,0.3302918977882263,0.16777463667434744,0.3498743954541052,0.04382227289683891
2018-05-24 08:00:00,0.7228199861094171,0.22185995929859254,0.1468120093524976,0.14870732179641558,0.05746040817135423
2018-05-24 09:00:00,0.6817555915616096,0.195627585581639,0.1746821577087987,0.02990849056453268,0.01686483823751665
2018-05-24 10:00:00,0.4940591187439372,0.0,0.06889394816986567,0.0,0.0
2018-05-24 11:00:00,0.2933932478061108,0.0,0.0,0.10399124316535131,0.0
2018-05-24 12:00:00,0.25892759723682957,0.9785379269967656,0.0,0.13883164071219609,0.0
2018-05-24 13:00:00,0.40853411372967535,0.9785379269967656,0.05967632903009858,0.07774787463521551,0.0
2018-05-24 14:00:00,0.6320783992805455,0.6961533613956181,0.037887565864866364,0.0,0.0
2018-05-24 15:00:00,0.7940637012501858,0.0,0.0,0.41536663068093743,0.0
2018-05-24 16:00:00,0.981089337265665,0.0006013864097457168,0.0,0.09967949572066326,0.2502689683993068
2018-05-24 17:00:00,0.3983224127874434,0.4079501759541454,0.06111846606395828,0.5195596573530917,0.655400340709916
2018-05-24 18:00:00,0.12819660706126654,0.12886176680286676,0.14168367488577677,0.0,0.9495255609856614
2018-05-24 19:00:00,0.8218313704340936,0.2361529477519606,0.1118728971765226,1.0,0.9495255609856614
2018-05-24 20:00:00,0.9803430990619224,0.3609248990187518,0.21530257886097076,0.0,0.43613671280117644
2018-05-24 21:00:00,0.4955995474673347,0.42930829215549593,0.1500446469893395,0.0,0.9495255609856614
2018-05-24 22:00:00,0.6865437835362718,0.022978105754294254,0.026109662266528753,0.0,0.0
2018-05-24 23:00:00,0.981089337265665,0.0,0.0,0.02976043285441686,0.0038251440867517464
2018-05-25 00:00:00,0.7162952207819981,0.0,0.04284676040806293,0.11877883676312022,0.18795161020217596
2018-05-25 01:00:00,0.09682890220224753,0.0,0.2797781793338377,0.1451476033927064,0.06410270238083432
2018-05-25 02:00:00,0.0,0.0,0.5728458154562873,0.1370307164980554,0.2284356315475723
2018-05-25 03:00:00,0.0,0.0,0.6089696456211774,0.2721202019287642,0.29414432595255857
2018-05-25 04:00:00,0.981089337265665,0.0,0.6265144317252593,0.5287019936855378,0.3225728432834491
2018-05-25 05:00:00,0.981089337265665,0.0,0.7107666994355353,0.16374308504384685,0.36917597801566837
2018-05-25 06:00:00,0.981089337265665,0.0,0.8611026932017984,0.1330129606326117,0.2706335385875594
2018-05-25 07:00:00,0.49398730544932035,0.0,0.6609387516466919,0.05108870679272924,0.01873634316751074
2018-05-25 08:00:00,0.22905213575111644,0.0,0.28829845311577973,0.04404596202284232,0.0017000338560269515
2018-05-25 09:00:00,0.04417085552485392,0.0,0.08368037511541054,0.02661639930804412,0.0
2018-05-25 10:00:00,0.03760527433387752,0.0,0.0877112576316233,0.01998425900433788,0.0
2018-05-25 11:00:00,0.050411920146705425,0.0,0.18859840579116166,0.03983460175395567,0.0072661890118429625
2018-05-25 12:00:00,0.03998829549985832,0.03677915998355753,0.16223121016740952,0.0011067804346629178,0.0
2018-05-25 13:00:00,0.03162973344528369,0.0,0.0788070238349516,0.0,0.06235723378662101
2018-05-25 14:00:00,0.06634308899516335,0.0,0.11558802389171834,0.0,0.1149229870488761
2018-05-25 15:00:00,0.8592840790064629,0.0,0.13489693353837356,0.0,0.2822399213016081
2018-05-25 16:00:00,0.04379231558761457,0.05856884429151122,0.06746787040145037,0.0,0.47591608268871544
2018-05-25 17:00:00,0.6753868014026414,0.03219760795421119,0.14164967733006015,0.0,0.8957014283460616
2018-05-25 18:00:00,0.981089337265665,0.16953556114497353,0.0,0.0,0.9495255609856614
2018-05-25 19:00:00,0.981089337265665,0.6548366011473832,0.16448071814135687,0.08494527113703558,0.9495255609856614
2018-05-25 20:00:00,0.981089337265665,0.9785379269967656,0.5833726729836218,0.04226167668390574,0.9495255609856614
2018-05-25 21:00:00,0.981089337265665,0.8882164853663558,0.0,0.4961500896098796,0.9495255609856614
2018-05-25 22:00:00,0.981089337265665,0.9785379269967656,0.10887131101839873,0.3475405243147791,0.9495255609856614
2018-05-25 23:00:00,0.981089337265665,0.9785379269967656,0.13534731986257384,0.45765436330388953,0.9495255609856614
2018-05-26 00:00:00,0.981089337265665,0.5754343029386421,0.1277308379573007,0.35459387986778684,0.032850256110481084
2018-05-26 01:00:00,0.981089337265665,0.7523836402928058,0.24659223984809028,0.9652990869515132,0.09139125918125345
2018-05-26 02:00:00,0.981089337265665,0.9785379269967656,0.2452042970653102,0.8855683020034273,0.4039531652663986
2018-05-26 03:00:00,0.981089337265665,0.9785379269967656,0.39050560129200196,1.0,0.5670273285617815
2018-05-26 04:00:00,0.981089337265665,0.9637392016623564,0.9834636537614106,1.0,0.21004122882197965
2018-05-26 05:00:00,0.981089337265665,0.20722762991548443,0.9834636537614106,1.0,0.08267359424343783
2018-05-26 06:00:00,0.981089337265665,0.0,0.9834636537614106,0.585896542181917,0.020521900297016327
2018-05-26 07:00:00,0.8745534222978845,0.0,0.5478682154663728,0.09132118627523156,0.0
2018-05-26 08:00:00,0.798889090798479,0.0,0.553905201503025,0.0,0.0
2018-05-26 09:00:00,0.981089337265665,0.03619557990342651,0.7709981690065212,0.0,0.0
2018-05-26 10:00:00,0.981089337265665,0.07517284542153493,0.9834636537614106,0.0,0.0
2018-05-26 11:00:00,0.8425284098686076,0.24155176014922786,0.9834636537614106,0.048454892285277044,0.007871975883250127
2018-05-26 12:00:00,0.9557219632222658,0.4540138274274931,0.9834636537614106,0.1722729795029853,0.0761556413305532
2018-05-26 13:00:00,0.981089337265665,0.6131918011880189,0.9834636537614106,0.1542304823050226,0.7462437737426784
2018-05-26 14:00:00,0.981089337265665,0.9785379269967656,0.9834636537614106,0.11459631050076131,0.7429854966481206
2018-05-26 15:00:00,0.981089337265665,0.6510417968774668,0.9834636537614106,0.2333392650006575,0.055089765616276494
2018-05-26 16:00:00,0.981089337265665,0.9785379269967656,0.9834636537614106,0.20528388321865812,0.9495255609856614
2018-05-26 17:00:00,0.981089337265665,0.9785379269967656,0.9834636537614106,0.8583849432930006,0.32004958749865176
2018-05-26 18:00:00,0.981089337265665,0.9785379269967656,0.9834636537614106,1.0,0.544740220540947
2018-05-26 19:00:00,0.981089337265665,0.9785379269967656,0.9834636537614106,1.0,0.45050940736240486
2018-05-26 20:00:00,0.981089337265665,0.9785379269967656,0.9834636537614106,1.0,0.9495255609856614
2018-05-26 21:00:00,0.981089337265665,0.9785379269967656,0.9834636537614106,1.0,0.9495255609856614
2018-05-26 22:00:00,0.981089337265665,0.9785379269967656,0.9834636537614106,1.0,0.9495255609856614
2018-05-26 23:00:00,0.981089337265665,0.9785379269967656,0.9834636537614106,1.0,0.9495255609856614
2018-05-27 00:00:00,0.981089337265665,0.9785379269967656,0.9834636537614106,1.0,0.9495255609856614
2018-05-27 01:00:00,0.981089337265665,0.9785379269967656,0.9834636537614106,1.0,0.9495255609856614
2018-05-27 02:00:00,0.981089337265665,0.9785379269967656,0.9834636537614106,1.0,0.2900312010064618
2018-05-27 03:00:00,0.981089337265665,0.9785379269967656,0.9834636537614106,1.0,0.0
2018-05-27 04:00:00,0.9716471501412988,0.9010480828637417,0.9834636537614106,1.0,0.0
2018-05-27 05:00:00,0.8361763598197307,0.9785379269967656,0.9834636537614106,1.0,0.0
2018-05-27 06:00:00,0.7525044025168852,0.9105843720046397,0.9834636537614106,0.6710033861750727,0.027572276240327293
2018-05-27 07:00:00,0.7298626438384433,0.688798776902185,0.9834636537614106,0.6916482113301727,0.0
2018-05-27 08:00:00,0.5000638403597312,0.37958144444475644,0.9834636537614106,0.7758721408952602,0.0
2018-05-27 09:00:00,0.5976840197899934,0.08816014669018427,0.9834636537614106,0.4406980348622246,0.0
2018-05-27 10:00:00,0.8069018728621147,0.23384701042195727,0.6803901855022121,0.02742750000555397,0.03739629277544037
2018-05-27 11:00:00,0.981089337265665,0.21196188410820846,0.8016934170625502,0.06595459502502513,0.5251872351433202
2018-05-27 12:00:00,0.981089337265665,0.36608212442304666,0.6465735716421964,0.3396345215659442,0.4388934087506894
2018-05-27 13:00:00,0.981089337265665,0.4670032240439989,0.9834636537614106,0.457265162066606,0.9495255609856614
2018-05-27 14:00:00,0.981089337265665,0.9785379269967656,0.9834636537614106,1.0,0.9495255609856614
2018-05-27 15:00:00,0.981089337265665,0.766073680198745,0.9834636537614106,1.0,0.9495255609856614
2018-05-27 16:00:00,0.981089337265665,0.4437477248410475,0.9834636537614106,1.0,0.9495255609856614
2018-05-27 17:00:00,0.981089337265665,0.4452408921048258,0.9834636537614106,1.0,0.9495255609856614
2018-05-27 18:00:00,0.981089337265665,0.7440246297115491,0.6661786269078906,1.0,0.9495255609856614
2018-05-27 19:00:00,0.981089337265665,0.09442700370724204,0.9834636537614106,0.762979778706745,0.9282038342195814
2018-05-27 20:00:00,0.981089337265665,0.9785379269967656,0.9834636537614106,0.7453706800186831,0.5962614902682865
2018-05-27 21:00:00,0.981089337265665,0.9785379269967656,0.5830635871025707,1.0,0.9495255609856614
2018-05-27 22:00:00,0.981089337265665,0.9785379269967656,0.9834636537614106,0.36387801184810137,0.9495255609856614
2018-05-27 23:00:00,0.981089337265665,0.9785379269967656,0.9834636537614106,1.0,0.8822386275492603
2018-05-28 00:00:00,0.981089337265665,0.9785379269967656,0.9834636537614106,1.0,0.7770688325981563
2018-05-28 01:00:00,0.981089337265665,0.36215080572734065,0.9834636537614106,0.23118766751764874,0.9495255609856614
2018-05-28 02:00:00,0.981089337265665,0.7456155926355545,0.9834636537614106,0.08951170096542974,0.7424965788090235
2018-05-28 03:00:00,0.981089337265665,0.9785379269967656,0.9528421340574377,0.5045373307324994,0.2489050615933663
2018-05-28 04:00:00,0.981089337265665,0.9785379269967656,0.6483554274171315,0.32339351693088797,0.07281019840915205
2018-05-28 05:00:00,0.981089337265665,0.7156479940727386,0.1929831145782913,0.0,0.23494180026256983
2018-05-28 06:00:00,0.981089337265665,0.6770298383845479,0.0,0.04324392610916635,0.11742692399608985
2018-05-28 07:00:00,0.8679703923096329,0.5296259819507528,0.3865257124263425,0.0,0.047218596154215337
2018-05-28 08:00:00,0.6796383227203528,0.4579273210808202,0.09085496854017817,0.03161793138743243,0.03993016275556447
2018-05-28 09:00:00,0.981089337265665,0.1882526628614456,0.2708152703422392,0.0,0.0
2018-05-28 10:00:00,0.9476427133443079,0.3063715665221391,0.6602398468977886,0.0,0.0
2018-05-28 11:00:00,0.9592733303494364,0.37517764331859743,0.18861099201309572,0.0,0.0
2018-05-28 12:00:00,0.8297937733580206,0.38846012204407,0.20916219980217843,0.4389497320131991,0.1438415176424166
2018-05-28 13:00:00,0.7509631590207605,0.10142667274783514,0.5376440124383769,0.26062806798979443,0.8199132261235348
2018-05-28 14:00:00,0.981089337265665,0.07296500747806339,0.4058349897396691,0.6592479923174162,0.9495255609856614
2018-05-28 15:00:00,0.981089337265665,0.0,0.3768135474283446,0.39761271275280036,0.6065830022364301
2018-05-28 16:00:00,0.981089337265665,0.9785379269967656,0.48599848570301524,0.2579542743084997,0.44192899538038793
2018-05-28 17:00:00,0.981089337265665,0.9785379269967656,0.07628180555172168,0.5048527477295044,0.24815632502066814
2018-05-28 18:00:00,0.981089337265665,0.4692175424094219,0.04416646933717571,1.0,0.6949106955556397
2018-05-28 19:00:00,0.7505052328327912,0.19275547568894877,0.9834636537614106,0.23175271222681046,0.13998065039033808
2018-05-28 20:00:00,0.981089337265665,0.9785379269967656,0.9834636537614106,0.03587238280390662,0.5768394795862224
2018-05-28 21:00:00,0.981089337265665,0.5635998103438753,0.9834636537614106,1.0,0.15698218068208075
2018-05-28 22:00:00,0.981089337265665,0.2933364069790652,0.0,0.14620952462328193,0.5172401296078746
2018-05-28 23:00:00,0.981089337265665,0.30801562694490453,0.16995393154568708,0.425596154616687,0.3925811780003801
2018-05-29 00:00:00,0.981089337265665,0.09698230348109547,0.0,0.3171096641295189,0.12297225957040038
2018-05-29 01:00:00,0.981089337265665,0.03159717918027603,0.7168669486545365,0.43134192070203536,0.02603022827058269
2018-05-29 02:00:00,0.981089337265665,0.026595424793215236,0.3698078105201137,0.7730785275013534,0.2188549204825247
2018-05-29 03:00:00,0.7801122724387574,0.06595106503330973,0.0,0.8221208452691717,0.011102597004221925
2018-05-29 04:00:00,0.981089337265665,0.0,0.036341197769904875,0.6466708300585823,0.0
2018-05-29 05:00:00,0.4120896015736739,0.06222344989933915,0.11328738955560957,1.0,0.2117012390776621
2018-05-29 06:00:00,0.34688602526888485,0.02452547254632883,0.0,0.5198083918644385,0.330949134824418
2018-05-29 07:00:00,0.05291691838089847,0.0,0.3060646536049271,0.21551704633915042,0.07463325462471866
2018-05-29 08:00:00,0.1021942081613644,0.0,0.10044348507395676,0.046945997741871796,0.0
2018-05-29 09:00:00,0.10310454377663197,0.0,0.10890959465839621,0.18388281680719942,0.0
2018-05-29 10:00:00,0.03105162222064034,0.0,0.03426643928523955,0.08244831269969859,0.0
2018-05-29 11:00:00,0.0,0.0,0.05169362979279595,0.1934692108664828,0.0
2018-05-29 12:00:00,0.0,0.0,0.03592393661861838,0.04732097078970262,0.0
2018-05-29 13:00:00,0.0,0.009474369024236682,0.06744608024968467,0.08329383756159472,0.0
2018-05-29 14:00:00,0.0,0.04554093844129142,0.07664750734086337,0.0,0.11686527335881795
2018-05-29 15:00:00,0.1560068396864893,0.0,0.19980298128294635,0.534505389302087,0.38955356166857075
2018-05-29 16:00:00,0.0,0.23868865431391692,0.9834636537614106,0.2816930115423448,0.08780457182268055
2018-05-29 17:00:00,0.09473001745755809,0.12324530926368613,0.10486620085560543,0.18991966181140782,0.6949743187951813
2018-05-29 18:00:00,0.19533822567249376,0.1840635377181808,0.05412464486252362,0.5698098908872745,0.784496461952846
2018-05-29 19:00:00,0.112009193078767,0.12327691032928349,0.0,0.2558884383820343,0.9495255609856614
2018-05-29 20:00:00,0.32215690751794257,0.16369137792976268,0.0,0.26824925516718345,0.8905984430588991
2018-05-29 21:00:00,0.19809144435549772,0.10154679995606408,0.12301641836787343,1.0,0.3915190149573872
2018-05-29 22:00:00,0.2816660244526561,0.5532851488799432,0.12257190861526418,1.0,0.3335130420948201
2018-05-29 23:00:00,0.6496766942279566,0.3099322160605814,0.25595041020062315,0.9077249636068152,0.21012078650493649
2018-05-30 00:00:00,0.3753638756912848,0.10265322175884228,0.19567678029747534,0.39658692541389967,0.0
2018-05-30 01:00:00,0.11690653933097538,0.03253587363100353,0.28636479894875677,0.6872239194505279,0.01216872969575657
2018-05-30 02:00:00,0.04805924416605308,0.0,0.4075530657864482,0.5106251916299737,0.0
2018-05-30 03:00:00,0.0,0.0,0.7136842360281176,0.7372389866640372,0.0
2018-05-30 04:00:00,0.0,0.0,0.8386314795142518,0.4412452236506173,0.0
2018-05-30 05:00:00,0.0,0.0,0.529322882126659,0.26736751831150257,0.0
2018-05-30 06:00:00,0.0,0.0,0.35080583724178105,0.19883342711314633,0.0
2018-05-30 07:00:00,0.0,0.0,0.1832296897806043,0.17146121405073347,0.0
2018-05-30 08:00:00,0.0,0.09393188804302667,0.04277963997641346,0.21554587479218348,0.0
2018-05-30 09:00:00,0.076754590690242,0.24756678813040528,0.0,0.0520768590766137,0.0
2018-05-30 10:00:00,0.1862636614762596,0.2895216363193407,0.0828318578820338,0.07041245434863476,0.0
2018-05-30 11:00:00,0.20735302360970076,0.20369325100231211,0.16968675451016396,0.025619219034049553,0.0
2018-05-30 12:00:00,0.25405541510007473,0.18849871156933468,0.03844380437366625,0.0008449705574237579,0.004436763818265782
2018-05-30 13:00:00,0.18734018609761127,0.1450532427556808,0.0,0.0,0.0580347602943381
2018-05-30 14:00:00,0.2982850690725833,0.10447887571895292,0.14545196860743342,0.0,0.0
2018-05-30 15:00:00,0.8202005735918616,0.0,0.12600417518052942,0.0,0.24525452777854934
2018-05-30 16:00:00,0.3794857530052635,0.307714068820921,0.4184341028742761,0.0,0.9495255609856614
2018-05-30 17:00:00,0.05376169631891359,0.9785379269967656,0.046761732534111554,1.0,0.40072123195276566
2018-05-30 18:00:00,0.981089337265665,0.12318288542983585,0.03119482518234391,0.5889061268807539,0.6135206168492816
2018-05-30 19:00:00,0.981089337265665,0.08276054615571012,0.4001435102109902,1.0,0.9495255609856614
2018-05-30 20:00:00,0.981089337265665,0.32500037987588354,0.3081334778862647,0.18718141399723587,0.08306962819083522
2018-05-30 21:00:00,0.6072712861815809,0.18964643665216244,0.8631780272608929,0.9935620686230845,0.0
2018-05-30 22:00:00,0.0,0.13435590485295235,0.4389138268946264,0.6146778610759183,0.0
2018-05-30 23:00:00,0.4212053633519899,0.22095701897222783,0.8906278545441139,0.9278785729240983,0.0
2018-05-31 00:00:00,0.12268521073023896,0.2089889876120715,0.2792252871079698,0.7880121417226276,0.10091732104736519
2018-05-31 01:00:00,0.0,0.17589670438919247,0.3852827584721158,0.753469060497923,0.12810061122980268
2018-05-31 02:00:00,0.01034314859702258,0.3384102945426357,0.7479584359309321,0.8713221879937928,0.0395692744633912
2018-05-31 03:00:00,0.23936817376907935,0.34952777917364297,0.9647340931177513,0.942821237472543,0.013264671365838416
2018-05-31 04:00:00,0.981089337265665,0.4200556785939805,0.9803040215409964,0.7982799337286046,0.00755621357059973
2018-05-31 05:00:00,0.981089337265665,0.9780531975380256,0.29662941347626354,0.31199640260083034,0.06274370221225017
2018-05-31 06:00:00,0.981089337265665,0.5743424621241866,0.12453472461181295,0.20106078799765773,0.053295736936557196
2018-05-31 07:00:00,0.4320302322473916,0.09608745514580472,0.0,0.14311703205535892,0.053913836069826665
2018-05-31 08:00:00,0.13550243484736899,0.0,0.0,0.0,0.029131726387624027
2018-05-31 09:00:00,0.050274597156398204,0.0,0.0,0.0,0.0
2018-05-31 10:00:00,0.0,0.0,0.020238267822531346,0.03949286753292205,0.0
2018-05-31 11:00:00,0.13548387045117866,0.0,0.046812783287647444,0.09739333214196289,0.0
2018-05-31 12:00:00,0.04960819202293807,0.0,0.04448790724408906,0.07668003962801087,0.026172244415852555
2018-05-31 13:00:00,0.060573018723700627,0.0,0.03860044503056524,0.12833484885427365,0.25073443693124503
2018-05-31 14:00:00,0.24168607242137835,0.06484722696995787,0.04704960442074934,0.09506958234107453,0.503228624653869
2018-05-31 15:00:00,0.19064567304960667,0.0,0.06233145652101938,0.15815075842818235,0.7691200117826213
2018-05-31 16:00:00,0.2971282413327687,0.10352484666633167,0.05246480575162919,0.5568707247007715,0.3870500453129738
2018-05-31 17:00:00,0.8663652078287151,0.5556543334465088,0.25787553759832454,0.7182769847297127,0.9495255609856614
2018-05-31 18:00:00,0.969743018424536,0.6480813734524052,0.6563276766716204,1.0,0.5081803020726698
2018-05-31 19:00:00,0.981089337265665,0.9785379269967656,0.9834636537614106,1.0,0.4308467081732584
2018-05-31 20:00:00,0.981089337265665,0.9785379269967656,0.9834636537614106,1.0,0.9495255609856614
2018-05-31 21:00:00,0.981089337265665,0.9785379269967656,0.9834636537614106,1.0,0.9183116029061743
2018-05-31 22:00:00,0.981089337265665,0.9785379269967656,0.9834636537614106,1.0,0.9495255609856614
2018-05-31 23:00:00,0.981089337265665,0.9785379269967656,0.9834636537614106,1.0,0.9495255609856614
2018-06-01 00:00:00,0.981089337265665,0.9785379269967656,0.7686616513035057,1.0,0.0
2018-06-01 01:00:00,0.981089337265665,0.9785379269967656,0.9834636537614106,0.8457754771435295,0.0
2018-06-01 02:00:00,0.981089337265665,0.9785379269967656,0.9834636537614106,0.6364054675635122,0.0
2018-06-01 03:00:00,0.981089337265665,0.5114078613588048,0.4781827578674237,0.37686244540940816,0.03758689015818659
2018-06-01 04:00:00,0.981089337265665,0.09143730184948688,0.7339101155235463,0.14090151770183182,0.06713293997237478
2018-06-01 05:00:00,0.981089337265665,0.17836561798380102,0.9834636537614106,0.0,0.14501574204526024
2018-06-01 06:00:00,0.981089337265665,0.5105178007765728,0.5327517075402232,0.0,0.15225005256233295
2018-06-01 07:00:00,0.3281403698185274,0.9785379269967656,0.5825894190516024,0.08670414348533799,0.02738114164020925
2018-06-01 08:00:00,0.27546419939961364,0.5417845519000802,0.26675720489306953,0.5766750414172134,0.0
2018-06-01 09:00:00,0.25311973042802627,0.9785379269967656,0.0719734168106878,0.4725615911825362,0.061965954118462695
2018-06-01 10:00:00,0.31878835340178907,0.9010895574950939,0.03296156428335314,1.0,0.3406330768993735
2018-06-01 11:00:00,0.5535111187863956,0.9785379269967656,0.11011161123088768,0.8572696726300046,0.6847861227985763
2018-06-01 12:00:00,0.9104530200890207,0.9785379269967656,0.06252171355679954,0.08809884236921262,0.45581414856485275
2018-06-01 13:00:00,0.981089337265665,0.9785379269967656,0.0,0.0,0.6894314023484043
2018-06-01 14:00:00,0.981089337265665,0.7600611380712625,0.0,0.07777863607662858,0.9495255609856614
2018-06-01 15:00:00,0.981089337265665,0.41060275853325884,0.09854421016189806,0.0,0.9495255609856614
2018-06-01 16:00:00,0.981089337265665,0.20965469380254642,0.23548432542838313,0.0,0.9495255609856614
2018-06-01 17:00:00,0.981089337265665,0.0,0.0,0.0,0.9495255609856614
2018-06-01 18:00:00,0.981089337265665,0.1785890956541205,0.21679185833903877,0.35567746258207944,0.9495255609856614
2018-06-01 19:00:00,0.981089337265665,0.9785379269967656,0.022784108694258832,1.0,0.9495255609856614
2018-06-01 20:00:00,0.981089337265665,0.9785379269967656,0.9834636537614106,1.0,0.9495255609856614
2018-06-01 21:00:00,0.981089337265665,0.9785379269967656,0.9834636537614106,1.0,0.9495255609856614
2018-06-01 22:00:00,0.981089337265665,0.9785379269967656,0.9834636537614106,1.0,0.7333690185787045
2018-06-01 23:00:00,0.981089337265665,0.9785379269967656,0.9834636537614106,1.0,0.003566410551860493
2018-06-02 00:00:00,0.981089337265665,0.9785379269967656,0.9834636537614106,1.0,0.357024368566139
2018-06-02 01:00:00,0.981089337265665,0.9785379269967656,0.9834636537614106,1.0,0.09814935206527707
2018-06-02 02:00:00,0.981089337265665,0.9785379269967656,0.9834636537614106,1.0,0.03243393694017771
2018-06-02 03:00:00,0.981089337265665,0.9785379269967656,0.9834636537614106,1.0,0.04694465961606007
2018-06-02 04:00:00,0.981089337265665,0.9785379269967656,0.9834636537614106,1.0,0.1687860581396212
2018-06-02 05:00:00,0.981089337265665,0.9785379269967656,0.9834636537614106,1.0,0.1152672118542782
2018-06-02 06:00:00,0.9166962602957126,0.9785379269967656,0.9834636537614106,0.4435251710020542,0.0
2018-06-02 07:00:00,0.787338954958838,0.9393361232491807,0.8593516943621964,0.08184213042336817,0.0
2018-06-02 08:00:00,0.6972275974027645,0.4397884455282579,0.9601493822446615,0.21343860542073517,0.0
2018-06-02 09:00:00,0.511528264754677,0.336169513286413,0.9834636537614106,0.23343006808123626,0.0
2018-06-02 10:00:00,0.299913709817356,0.0633684508621353,0.8576283185654157,0.2705480664112138,0.0
2018-06-02 11:00:00,0.18301467011351294,0.02360699828733465,0.5282435244136058,0.15583892510531655,0.039466447011919654
2018-06-02 12:00:00,0.14375232214927322,0.035433090963634,0.3859839453538254,0.16577215034559525,0.07425031754591219
2018-06-02 13:00:00,0.14257794806872293,0.030872037270943554,0.3144624120037761,0.09188312572274257,0.21025120336549577
2018-06-02 14:00:00,0.08097451006478046,0.0,0.3866648003670181,0.059768137445721056,0.2136482239296461
2018-06-02 15:00:00,0.0,0.0,0.373948784780013,0.030161021608956968,0.21745918082742602
2018-06-02 16:00:00,0.06090102967624139,0.0,0.18161138949851124,0.011582171730139996,0.44166667835579304
2018-06-02 17:00:00,0.059325496067880165,0.0,0.10011444174015506,0.009366824260067316,0.5609358524110266
2018-06-02 18:00:00,0.13016967068471152,0.03128706363370681,0.006535519748735803,0.001982332693158512,0.5500257802924561
2018-06-02 19:00:00,0.3602266442205248,0.06115044707691043,0.10235386148163303,0.17781457127199704,0.7154884851543829
2018-06-02 20:00:00,0.7209306148301068,0.5590085524083311,0.02933441549019105,0.13943073903746817,0.9495255609856614
2018-06-02 21:00:00,0.6454065808086495,0.5043127943344842,0.0,0.04068740742431777,0.9495255609856614
2018-06-02 22:00:00,0.5136035851556874,0.6649532842427853,0.0,0.02502912193092048,0.9495255609856614
2018-06-02 23:00:00,0.462797708869919,0.2977530493351632,0.022151740604575847,0.050230917836269366,0.9495255609856614
2018-06-03 00:00:00,0.3296714546034215,0.13250444538923115,0.023292162756577424,0.21842168595085742,0.9495255609856614
2018-06-03 01:00:00,0.45061335435451993,0.2804322557501745,0.04077428497795914,0.42447951412354024,0.9495255609856614
2018-06-03 02:00:00,0.42897041356596877,0.25366159566697183,0.0965466795696068,0.5465875979802848,0.5887639700476629
2018-06-03 03:00:00,0.40558809653536565,0.27594037253508097,0.1316386723515523,0.4688884544774594,0.04360777069969429
2018-06-03 04:00:00,0.4341143031109984,0.443513559537532,0.18356928601129965,0.511042908814402,0.0
2018-06-03 05:00:00,0.3889814493605129,0.6799501237855783,0.2740544628075211,1.0,0.040675441866324664
2018-06-03 06:00:00,0.5730213707193722,0.3640679533061501,0.1549804802831951,1.0,0.01916321655523982
2018-06-03 07:00:00,0.40461891534630373,0.31310881549358993,0.030810461613412523,0.7504095082179262,0.0
2018-06-03 08:00:00,0.5704908457122108,0.5201582214222373,0.01697359374845837,0.9809729778793522,0.0
2018-06-03 09:00:00,0.7153598173588454,0.6415809398132816,0.059904042492535496,0.9954056675531716,0.026464962550171223
2018-06-03 10:00:00,0.8659250093899588,0.9785379269967656,0.2547690567552394,0.6641456818361364,0.0
2018-06-03 11:00:00,0.7042940502934731,0.6268525691077059,0.5212331569528953,0.2392197136035021,0.0
2018-06-03 12:00:00,0.864853440853533,0.15724329760656836,0.8682161963980795,0.2813867476063819,0.0
2018-06-03 13:00:00,0.981089337265665,0.44588014803280135,0.743762892666796,0.19822182165972452,0.09332771136433766
2018-06-03 14:00:00,0.981089337265665,0.8103040611337481,0.9525297457952558,0.19792800454910522,0.9495255609856614
2018-06-03 15:00:00,0.981089337265665,0.5090195798083955,0.9834636537614106,0.3521092589851185,0.9495255609856614
2018-06-03 16:00:00,0.981089337265665,0.9785379269967656,0.9834636537614106,0.4665131893595657,0.12057098441980686
2018-06-03 17:00:00,0.981089337265665,0.27445809064884674,0.9834636537614106,0.9947409393314458,0.9495255609856614
2018-06-03 18:00:00,0.43897717978611095,0.9785379269967656,0.9834636537614106,0.12328071060078785,0.9495255609856614
2018-06-03 19:00:00,0.981089337265665,0.9785379269967656,0.9834636537614106,0.26411516771428306,0.9495255609856614
2018-06-03 20:00:00,0.4527152369517549,0.9785379269967656,0.9834636537614106,0.7794279937186972,0.5289577890595252
2018-06-03 21:00:00,0.6776075254486386,0.3508497500739528,0.9834636537614106,0.716996849253858,0.9495255609856614
2018-06-03 22:00:00,0.981089337265665,0.4364086959661561,0.7323538185707047,0.25690724713950885,0.9495255609856614
2018-06-03 23:00:00,0.981089337265665,0.664154534968364,0.9790436914300031,0.49019905793895946,0.3898580741651876
2018-06-04 00:00:00,0.981089337265665,0.48098306251244044,0.8308760793439561,0.36156190044522285,0.1899956896483208
2018-06-04 01:00:00,0.981089337265665,0.23757100499250855,0.8293621175047643,0.1360189600111478,0.060167376236805147
2018-06-04 02:00:00,0.981089337265665,0.0,0.37668057062008675,0.0,0.0
2018-06-04 03:00:00,0.981089337265665,0.0,0.47900299862930223,0.0,0.028753414689518596
2018-06-04 04:00:00,0.981089337265665,0.0,0.7443627326137195,0.021562490785148426,0.3348287265130852
2018-06-04 05:00:00,0.981089337265665,0.046575428133959325,0.3950844903068109,0.10782802370577937,0.4942396623205332
2018-06-04 06:00:00,0.477143596130159,0.17091367701307367,0.12890927906399166,0.07659287158019858,0.36269865182315464
2018-06-04 07:00:00,0.0,0.009523623291291443,0.1818654692758231,0.027775737867873632,0.16795386119923625
2018-06-04 08:00:00,0.025906065718553372,0.0021905137334729133,0.18642125489161687,0.0,0.1807697214779436
2018-06-04 09:00:00,0.0,0.043537306482261166,0.16832463367090195,0.0,0.13484145449338175
2018-06-04 10:00:00,0.0,0.10284762933398965,0.1045080531999206,0.0,0.0
2018-06-04 11:00:00,0.0,0.05751610466236822,0.09580689537627458,0.0,0.0
2018-06-04 12:00:00,0.01134020464558948,0.029887880680452557,0.08675355305039342,0.0,0.0
2018-06-04 13:00:00,0.0,0.0630883230954025,0.03431972430615512,0.23091628858216137,0.0
2018-06-04 14:00:00,0.11490930794940765,0.09751060386046766,0.0,0.17123225409775478,0.0
2018-06-04 15:00:00,0.49255929036515916,0.14408677405035195,0.0,0.0,0.0
2018-06-04 16:00:00,0.3661105853819808,0.11510045393536181,0.037107514316780624,0.0014877013628490463,0.02455505525602641
2018-06-04 17:00:00,0.3021445157945007,0.049416074514413544,0.16441482560771561,0.02557744140344901,0.8414726639814258
2018-06-04 18:00:00,0.5313018429051815,0.0993710649303346,0.15244400259279442,0.0,0.015325838106880773
2018-06-04 19:00:00,0.43563202022421554,0.37422113856199885,0.2598384959332573,0.357851831511935,0.9495255609856614
2018-06-04 20:00:00,0.6174382087833067,0.29306078848007455,0.8006499719847797,0.15416194299675615,0.949196142068427
2018-06-04 21:00:00,0.3104777142138259,0.9038413504941064,0.8613603853796616,0.39647795238006905,0.28667969830128
2018-06-04 22:00:00,0.21727142157505977,0.8976332332058791,0.8687421512597093,1.0,0.12037667680926695
2018-06-04 23:00:00,0.07542000847835886,0.9785379269967656,0.9834636537614106,0.9662170704108427,0.07585670759725063
2018-06-05 00:00:00,0.06263528052667748,0.5551872679796103,0.9834636537614106,1.0,0.0
2018-06-05 01:00:00,0.42567763162599437,0.1976113440091106,0.9834636537614106,0.6324362584578772,0.004152468440177162
2018-06-05 02:00:00,0.42627099502572235,0.29968391707964664,0.9834636537614106,0.33720346581197097,0.23538870897169173
2018-06-05 03:00:00,0.7193718606962388,0.04670858993613058,0.9834636537614106,0.2060383646735269,0.1907873176766177
2018-06-05 04:00:00,0.8263669446345429,0.08531670087585601,0.9834636537614106,0.3593796939958781,0.09819440224754931
2018-06-05 05:00:00,0.3274801423353879,0.1600121624874288,0.9834636537614106,0.19220866500461728,0.05662629767550776
2018-06-05 06:00:00,0.23187920983986793,0.21830742322909266,0.9834636537614106,0.34179131817815256,0.10252375547600094
2018-06-05 07:00:00,0.07970777907194909,0.18653438860975516,0.9094472507949177,0.4768356982577788,0.03836414599628755
2018-06-05 08:00:00,0.0,0.006360536836522863,0.3316373098403126,0.2353538987680471,0.0
2018-06-05 09:00:00,0.14514302107097685,0.07093861770863356,0.1429332751911447,0.14017354611224978,0.0
2018-06-05 10:00:00,0.266950474197795,0.08935694154900045,0.0913065202746281,0.08619730511427545,0.0
2018-06-05 11:00:00,0.05872488592466928,0.003106662623907486,0.06931553726044845,0.047564839007362796,0.0
2018-06-05 12:00:00,0.544867713957405,0.0,0.06229952200245547,0.03306076725573351,0.0
2018-06-05 13:00:00,0.0914480810513606,0.0,0.13035030346524015,0.046103306186583703,0.9495255609856614
2018-06-05 14:00:00,0.07452639125741037,0.4674441054248164,0.10525685966600472,0.0,0.0
2018-06-05 15:00:00,0.981089337265665,0.0,0.1262187753956241,0.0,0.036562665567109486
2018-06-05 16:00:00,0.981089337265665,0.0,0.3632609375970015,0.0,0.10540414551999769
2018-06-05 17:00:00,0.4216046657290129,0.0,0.1344366737924019,0.0,0.5815629866805169
2018-06-05 18:00:00,0.7581601446730809,0.0,0.9834636537614106,0.0,0.0
2018-06-05 19:00:00,0.981089337265665,0.4118762947995704,0.9834636537614106,0.0,0.1298087973508979
2018-06-05 20:00:00,0.981089337265665,0.9785379269967656,0.9834636537614106,0.10938426717829919,0.5908948438249941
2018-06-05 21:00:00,0.981089337265665,0.7322171969951323,0.9834636537614106,0.0,0.2761014082189348
2018-06-05 22:00:00,0.981089337265665,0.9785379269967656,0.9834636537614106,0.11078106734352497,0.9495255609856614
2018-06-05 23:00:00,0.981089337265665,0.9785379269967656,0.9834636537614106,0.13075996977919563,0.404958284112287
2018-06-06 00:00:00,0.981089337265665,0.9785379269967656,0.4160507613381845,0.058294079070637134,0.27653891304538575
2018-06-06 01:00:00,0.981089337265665,0.9785379269967656,0.4751834141448005,1.0,0.6423188023387539
2018-06-06 02:00:00,0.981089337265665,0.7180692748364893,0.9834636537614106,0.17420579178545575,0.7682826311515037
2018-06-06 03:00:00,0.981089337265665,0.056738729616965335,0.9834636537614106,0.2797158289856847,0.8527689771733593
2018-06-06 04:00:00,0.981089337265665,0.0,0.9834636537614106,0.4175971298813201,0.42289099618674814
2018-06-06 05:00:00,0.7930131368635187,0.12734002062163405,0.5391915658616833,1.0,0.2648539144481062
2018-06-06 06:00:00,0.4808436265742517,0.011293200260573915,0.9834636537614106,1.0,0.1368326843215152
2018-06-06 07:00:00,0.37174174045178454,0.0,0.6904179436654174,0.5241095842413592,0.13605291008107898
2018-06-06 08:00:00,0.3364887708099985,0.0,0.13607843946479803,0.4335816239725273,0.07683700894951186
2018-06-06 09:00:00,0.260726610225692,0.025308914939475697,0.18332625496198315,0.19530067773729476,0.028570212494675746
2018-06-06 10:00:00,0.21268394692895004,0.0,0.11185038475401675,0.06173635661077372,0.0
2018-06-06 11:00:00,0.16626412208779145,0.0,0.21066737859085413,0.015306238177255438,0.0
2018-06-06 12:00:00,0.09369593461944441,0.0,0.21599437677321442,0.051797140789509116,0.0
2018-06-06 13:00:00,0.04738661629194696,0.0,0.25937151556055055,0.0772386020173971,0.10543637328332388
2018-06-06 14:00:00,0.0638034827131493,0.0,0.5400299764945761,0.0912736725570988,0.042546281869602014
2018-06-06 15:00:00,0.39021263560336106,0.0,0.7653024441603682,0.13996137058465988,0.0
2018-06-06 16:00:00,0.9006614882683335,0.31898226477870445,0.5650785983641586,0.2191137232536908,0.0
2018-06-06 17:00:00,0.981089337265665,0.1672624450191108,0.9834636537614106,0.3617632334618308,0.9495255609856614
2018-06-06 18:00:00,0.981089337265665,0.7236241000834471,0.9834636537614106,0.030242675908363745,0.43284091389959756
2018-06-06 19:00:00,0.14264002134028753,0.9196466263760321,0.3417365843969992,0.3537932952057166,0.40299479537733585
2018-06-06 20:00:00,0.981089337265665,0.9785379269967656,0.9262933706667641,0.9281734991025886,0.9495255609856614
2018-06-06 21:00:00,0.981089337265665,0.6224174679418114,0.30364020665268343,0.46642287435546476,0.7190203700159267
2018-06-06 22:00:00,0.981089337265665,0.9785379269967656,0.9834636537614106,0.1305099899639886,0.7911284797598985
2018-06-06 23:00:00,0.981089337265665,0.6671891802180948,0.9834636537614106,0.3091982064313345,0.09464426576931215
2018-06-07 00:00:00,0.981089337265665,0.5027422716606728,0.03415433462019875,1.0,0.5957454906825554
2018-06-07 01:00:00,0.981089337265665,0.0,0.32956360461551476,0.5899430493842268,0.534431942505236
2018-06-07 02:00:00,0.981089337265665,0.036876485131071564,0.9834636537614106,0.10760631301914313,0.3676059736878299
2018-06-07 03:00:00,0.981089337265665,0.05814987443854784,0.09153396319458383,0.09525705263795055,0.5346654244955807
2018-06-07 04:00:00,0.981089337265665,0.10732024323338218,0.4900839287606472,0.8892362898623644,0.4293774368530204
2018-06-07 05:00:00,0.9054066792044021,0.13698355507098323,0.9834636537614106,0.9195284341486267,0.31771291839883353
2018-06-07 06:00:00,0.5498414264331095,0.05763407808912826,0.7935584985165436,0.6985727479135082,0.10913321873968641
2018-06-07 07:00:00,0.03934248573034142,0.0,0.03134131708466053,0.7329966026432606,0.055447198728328415
2018-06-07 08:00:00,0.0,0.0,0.0,0.5366966970025414,0.0
2018-06-07 09:00:00,0.0,0.08089851332091828,0.07419594268685893,0.48553733570398316,0.0
2018-06-07 10:00:00,0.0,0.001189776323834898,0.12338069528714596,0.2611083791221975,0.0
2018-06-07 11:00:00,0.0,0.01493043139093751,0.17707811309607793,0.29664371446400745,0.0
2018-06-07 12:00:00,0.0,0.0,0.14719284599495272,0.15398999253152318,0.0
2018-06-07 13:00:00,0.050239391530035364,0.04062130411945071,0.10507856860330253,0.08485644710609548,0.011153881424259673
2018-06-07 14:00:00,0.10304795662450925,0.09807079709012342,0.05919801772599353,0.04625748110467425,0.8123214494289527
2018-06-07 15:00:00,0.20096231378468446,0.21579364593622247,0.07814375217512279,0.4673014957028038,0.9495255609856614
2018-06-07 16:00:00,0.21742348148423715,0.3196312989055583,0.41458313983323675,0.9566477548949764,0.9495255609856614
2018-06-07 17:00:00,0.24112874625601025,0.08082351910281811,0.4555395810480379,0.24318657576650582,0.5975041921323982
2018-06-07 18:00:00,0.1527803092470863,0.4105789491566363,0.524758454129043,1.0,0.9495255609856614
2018-06-07 19:00:00,0.6954746754209188,0.9785379269967656,0.9834636537614106,1.0,0.9495255609856614
2018-06-07 20:00:00,0.981089337265665,0.9785379269967656,0.9697808493646555,0.6180094171603212,0.9495255609856614
2018-06-07 21:00:00,0.981089337265665,0.9785379269967656,0.9834636537614106,1.0,0.9495255609856614
2018-06-07 22:00:00,0.817250051907109,0.6776983851234296,0.8309062914980359,1.0,0.9495255609856614
2018-06-07 23:00:00,0.981089337265665,0.8203783782642394,0.9834636537614106,1.0,0.0
2018-06-08 00:00:00,0.9060746012041646,0.3874740737599386,0.9834636537614106,1.0,0.0
2018-06-08 01:00:00,0.9035754456551593,0.2733037036308865,0.9834636537614106,1.0,0.0
2018-06-08 02:00:00,0.981089337265665,0.2954336510256367,0.8986376425837828,1.0,0.027449601254219778
2018-06-08 03:00:00,0.981089337265665,0.029774961559964428,0.5394882971272563,1.0,0.47215538731410694
2018-06-08 04:00:00,0.0,0.013293738356817388,0.37346905424318527,0.5209214865539314,0.28104505806403735
2018-06-08 05:00:00,0.6143355838215517,0.02672348886483417,0.7710506167766642,0.43729829038847035,0.0
2018-06-08 06:00:00,0.46194907640983723,0.03427853516116831,0.3089215358091866,0.11789536851799678,0.1453632322685547
2018-06-08 07:00:00,0.3665676626915804,0.0,0.15342529821018705,0.0,0.0974716365231924
2018-06-08 08:00:00,0.981089337265665,0.0,0.11992451072570354,0.06411076929265452,0.03956450396842264
2018-06-08 09:00:00,0.6629581892826921,0.0,0.16307977995923986,0.025187851126475463,0.0
2018-06-08 10:00:00,0.35777860962629326,0.0,0.14515905700952036,0.0,0.0
2018-06-08 11:00:00,0.16726693172769047,0.0,0.1667495288844697,0.0,0.0
2018-06-08 12:00:00,0.0680316203557056,0.13228639416478952,0.14501106791385168,0.034538449258061446,0.0
2018-06-08 13:00:00,0.07715143369279721,0.7044331632815968,0.23557770356902005,0.022101491780666276,0.16014509205427438
2018-06-08 14:00:00,0.14748048325964774,0.2308329509601021,0.2798984516706458,0.04615329207565213,0.5741386623961332
2018-06-08 15:00:00,0.981089337265665,0.2719589306675704,0.35213537649899546,0.5722895696365472,0.6848049664263524
2018-06-08 16:00:00,0.981089337265665,0.04926124209729828,0.6994284841380022,0.41624833079490786,0.9495255609856614
2018-06-08 17:00:00,0.4127469880640925,0.22116894601790887,0.6436960855264321,0.9429021214187722,0.45711291446660957
2018-06-08 18:00:00,0.9061392534125919,0.1856235159586716,0.25422387224814824,1.0,0.4096065991230785
2018-06-08 19:00:00,0.7771375192654308,0.9785379269967656,0.6580068495189821,1.0,0.3473846550435195
2018-06-08 20:00:00,0.9791608230482016,0.7025162981866948,0.9834636537614106,1.0,0.7721409910457746
2018-06-08 21:00:00,0.981089337265665,0.7593782003541427,0.3199174910300938,1.0,0.9495255609856614
2018-06-08 22:00:00,0.981089337265665,0.9785379269967656,0.25525735312272835,0.8830630364835924,0.9495255609856614
2018-06-08 23:00:00,0.981089337265665,0.9785379269967656,0.32714976593773143,0.9300930952451589,0.9495255609856614
2018-06-09 00:00:00,0.981089337265665,0.9785379269967656,0.9834636537614106,0.40942542783790914,0.9495255609856614
2018-06-09 01:00:00,0.981089337265665,0.9785379269967656,0.9834636537614106,0.3027946522890562,0.34097110711351863
2018-06-09 02:00:00,0.981089337265665,0.9785379269967656,0.0,0.28833654988900626,0.048408200388757934
2018-06-09 03:00:00,0.981089337265665,0.9785379269967656,0.0434175846610159,0.3652876149407017,0.05441670802986206
2018-06-09 04:00:00,0.981089337265665,0.3814407270905252,0.05595799304729217,0.22216823533143307,0.0
2018-06-09 05:00:00,0.981089337265665,0.240414120099375,0.201296368565411,0.18037328909052086,0.027540084162373354
2018-06-09 06:00:00,0.981089337265665,0.9785379269967656,0.20263250623919163,0.04167027657334294,0.1751535839533491
2018-06-09 07:00:00,0.3469346740164132,0.605241626449648,0.17103123471071585,0.026841029498691066,0.036807490378312234
2018-06-09 08:00:00,0.09029017785371274,0.5270341224082437,0.09998688793595585,0.0,0.22146528281101238
2018-06-09 09:00:00,0.07448260339466323,0.2036802615593716,0.12521511752650027,0.0,0.28152145155703173
2018-06-09 10:00:00,0.12213788107791754,0.11011065435847336,0.16515433631208984,0.0,0.23352494479160926
2018-06-09 11:00:00,0.0,0.033163339338359285,0.08708769583812727,0.0,0.17859606052446272
2018-06-09 12:00:00,0.00840481577401283,0.08424631496837115,0.0943594650088528,0.0,0.06832030956257923
2018-06-09 13:00:00,0.0,0.022479167735171876,0.07793695587335293,0.026758262557461557,0.0
2018-06-09 14:00:00,0.7459246524464153,0.0,0.07251220968150286,0.0,0.18087975458407918
2018-06-09 15:00:00,0.691334292925109,0.15274526023219026,0.060543362435126244,0.025606027136730138,0.29454206474253797
2018-06-09 16:00:00,0.9547307002605214,0.0541050179664729,0.03651917614289781,0.293657707192516,0.550524880683084
2018-06-09 17:00:00,0.981089337265665,0.25085028232735296,0.02546806107174818,1.0,0.9495255609856614
2018-06-09 18:00:00,0.981089337265665,0.18900540478523525,0.04380341380740594,1.0,0.9495255609856614
2018-06-09 19:00:00,0.981089337265665,0.35905711573450894,0.4674464094846981,1.0,0.9495255609856614
2018-06-09 20:00:00,0.981089337265665,0.9174185615751903,0.6094582679386693,1.0,0.13007371309768756
2018-06-09 21:00:00,0.981089337265665,0.9785379269967656,0.9834636537614106,1.0,0.6436237690968617
2018-06-09 22:00:00,0.981089337265665,0.9785379269967656,0.5475141597262753,1.0,0.9495255609856614
2018-06-09 23:00:00,0.981089337265665,0.9785379269967656,0.9834636537614106,1.0,0.31924193062637607
2018-06-10 00:00:00,0.981089337265665,0.9785379269967656,0.9834636537614106,0.6266413515585281,0.15810084636130695
2018-06-10 01:00:00,0.981089337265665,0.5373805732196354,0.9834636537614106,0.22927410668444748,0.2050490367149671
2018-06-10 02:00:00,0.981089337265665,0.4053404051278431,0.9834636537614106,0.1491312500764654,0.9495255609856614
2018-06-10 03:00:00,0.981089337265665,0.002001644971882575,0.9834636537614106,0.31408201955995485,0.9495255609856614
2018-06-10 04:00:00,0.981089337265665,0.04640299475583693,0.9834636537614106,0.4849103209146132,0.1952018005714943
2018-06-10 05:00:00,0.981089337265665,0.17345107489800377,0.9834636537614106,0.787171846571652,0.9495255609856614
2018-06-10 06:00:00,0.981089337265665,0.5130892025048417,0.9834636537614106,0.7431014342949479,0.9495255609856614
2018-06-10 07:00:00,0.4886167104597189,0.13121144320934702,0.25458619756548284,0.6268115415746051,0.9290428239673569
2018-06-10 08:00:00,0.18742851734151494,0.15284936509453342,0.22264884798952625,0.313034897784659,0.05619746636530205
2018-06-10 09:00:00,0.18724100990022038,0.2044841143089765,0.09865798187322687,0.38825094568733215,0.047819092473578365
2018-06-10 10:00:00,0.1863533451118921,0.32494548668018114,0.019468899143777658,0.2736444754426747,0.015214341634358787
2018-06-10 11:00:00,0.3952871404567366,0.2685687543407013,0.007342918842935877,0.0,0.07253821553453318
2018-06-10 12:00:00,0.17162552442642254,0.397686551653769,0.0,0.024878710585548008,0.0
2018-06-10 13:00:00,0.2815596806734797,0.5052984650948726,0.0,0.0,0.17592277107251086
2018-06-10 14:00:00,0.9085715710660367,0.35359155545580373,0.16384790532802856,0.03185295759497121,0.21373126246965932
2018-06-10 15:00:00,0.6762835670503817,0.36962642192584083,0.47283817549103474,0.14635047402777182,0.04030223174397081
2018-06-10 16:00:00,0.5967841299342902,0.0052341988608633145,0.1633965085024912,0.11982585858081646,0.22037549527600822
2018-06-10 17:00:00,0.981089337265665,0.4072093617116749,0.636435052431182,0.05113937881766623,0.4575614853494037
2018-06-10 18:00:00,0.981089337265665,0.11799700010825812,0.7500010222101331,0.0,0.021132222677909648
2018-06-10 19:00:00,0.981089337265665,0.13880154009889242,0.854521247418007,0.23891924763150804,0.9495255609856614
2018-06-10 20:00:00,0.981089337265665,0.26856590394572716,0.9834636537614106,0.06713988559403992,0.9495255609856614
2018-06-10 21:00:00,0.981089337265665,0.9785379269967656,0.9834636537614106,0.9277437337510556,0.9495255609856614
2018-06-10 22:00:00,0.981089337265665,0.9785379269967656,0.9834636537614106,1.0,0.9495255609856614
2018-06-10 23:00:00,0.981089337265665,0.9785379269967656,0.9834636537614106,1.0,0.8378937309458556
2018-06-11 00:00:00,0.981089337265665,0.9785379269967656,0.9834636537614106,1.0,0.9495255609856614
2018-06-11 01:00:00,0.981089337265665,0.9785379269967656,0.9834636537614106,1.0,0.9495255609856614
2018-06-11 02:00:00,0.981089337265665,0.9785379269967656,0.9834636537614106,1.0,0.9495255609856614
2018-06-11 03:00:00,0.981089337265665,0.9785379269967656,0.9834636537614106,1.0,0.3056394769394829
2018-06-11 04:00:00,0.981089337265665,0.9785379269967656,0.9834636537614106,1.0,0.4365404085683218
2018-06-11 05:00:00,0.981089337265665,0.9785379269967656,0.9834636537614106,1.0,0.1736344832173907
2018-06-11 06:00:00,0.981089337265665,0.9785379269967656,0.9834636537614106,1.0,0.0947314283482958
2018-06-11 07:00:00,0.981089337265665,0.9785379269967656,0.9834636537614106,1.0,0.0
2018-06-11 08:00:00,0.981089337265665,0.9785379269967656,0.9834636537614106,0.6498087172941136,0.015049626282069793
2018-06-11 09:00:00,0.981089337265665,0.9785379269967656,0.9834636537614106,0.648654326253172,0.10483054225525808
2018-06-11 10:00:00,0.981089337265665,0.8792256149455874,0.9804496903355447,0.22172415221435332,0.13860830786998646
2018-06-11 11:00:00,0.981089337265665,0.3611880973550051,0.7669728158310343,0.08064621140669206,0.16719896642998136
2018-06-11 12:00:00,0.6823811118669671,0.10401194364053,0.5123422526690816,0.0,0.14838462229162022
2018-06-11 13:00:00,0.3666165573032912,0.03173647639403593,0.19642496951494323,0.0,0.4258913585191506
2018-06-11 14:00:00,0.1918303367046012,0.051354410803663826,0.08893350054244512,0.0,0.9495255609856614
2018-06-11 15:00:00,0.1612363000149735,0.12219542969620904,0.11961073346083068,0.0,0.9495255609856614
2018-06-11 16:00:00,0.22246522694275445,0.09101478616585901,0.08253429669978213,0.023551640572359464,0.9495255609856614
2018-06-11 17:00:00,0.40159679841186596,0.2078646226740358,0.11002048355871963,0.14393829755608886,0.9495255609856614
2018-06-11 18:00:00,0.18454337811076071,0.39309930512497165,0.05861188048514239,0.3298170406164373,0.9495255609856614
2018-06-11 19:00:00,0.5767013413855985,0.6698403248831095,0.23177231070308896,0.3445807868345295,0.9495255609856614
2018-06-11 20:00:00,0.8226109034428261,0.9785379269967656,0.3749855192603391,0.5883417431560198,0.9495255609856614
2018-06-11 21:00:00,0.9350033531971113,0.4464553301899144,0.6185744089243546,1.0,0.9495255609856614
2018-06-11 22:00:00,0.981089337265665,0.6982025074045665,0.43141489540602934,0.7728395182134918,0.9495255609856614
2018-06-11 23:00:00,0.8821968875618148,0.36449900247146577,0.21868871262440176,1.0,0.9495255609856614
2018-06-12 00:00:00,0.981089337265665,0.04134886265510441,0.3046564092601203,0.8496620003531119,0.9495255609856614
2018-06-12 01:00:00,0.981089337265665,0.0,0.32979122655772175,0.8825570689445615,0.26605567571519634
2018-06-12 02:00:00,0.981089337265665,0.0,0.28263136875299266,1.0,0.022060137270455613
2018-06-12 03:00:00,0.7479084990083227,0.033845776197553794,0.3855482784413436,0.535215883261753,0.17834384281612842
2018-06-12 04:00:00,0.6332108208462646,0.06985806462762326,0.2285541313203567,1.0,0.21120739298523136
2018-06-12 05:00:00,0.2962343629924913,0.07696914161965569,0.12741170721830047,1.0,0.0802550108682943
2018-06-12 06:00:00,0.12169597795426457,0.08544189633151303,0.12903185479551968,1.0,0.060120234857387087
2018-06-12 07:00:00,0.045470466516256226,0.05136684499945828,0.032260055423805264,0.9347309154289803,0.03740805067977338
2018-06-12 08:00:00,0.040871072106226224,0.0,0.033036524413176956,0.511630066434111,0.06163014794362763
2018-06-12 09:00:00,0.02726468357609268,0.0,0.0,0.4597296707447665,0.0
2018-06-12 10:00:00,0.02531732055662543,0.0,0.07281653059300014,0.052957198912934406,0.0
2018-06-12 11:00:00,0.0,0.0,0.09514647330652698,0.04095229844842188,0.05509538085914634
2018-06-12 12:00:00,0.0,0.004233082438039588,0.06410927600380012,0.0,0.17640822672194392
2018-06-12 13:00:00,0.0,0.0,0.0,0.0,0.2859919168270369
2018-06-12 14:00:00,0.0005542574163816778,0.05306500232665352,0.0,0.040234097584557156,0.574190825554514
2018-06-12 15:00:00,0.0,0.04524230013042824,0.025632882537150146,0.04844933584228473,0.5403289924441184
2018-06-12 16:00:00,0.021360633318096678,0.09780452415729249,0.025896795000729188,0.04466105980200227,0.9495255609856614
2018-06-12 17:00:00,0.0,0.2761761346937685,0.010450942607975659,0.11277833540385426,0.9495255609856614
2018-06-12 18:00:00,0.18094791169466296,0.24981215253463201,0.08537126995099491,0.3037736013422007,0.9495255609856614
2018-06-12 19:00:00,0.22992862843662432,0.36892360510978717,0.12461642983904583,0.29665643912251966,0.9495255609856614
2018-06-12 20:00:00,0.49625381878775565,0.9785379269967656,0.5894772808351271,0.8211527076421378,0.9495255609856614
2018-06-12 21:00:00,0.5380183249193858,0.9785379269967656,0.8218163891451908,1.0,0.17588404214397768
2018-06-12 22:00:00,0.6134507812138917,0.9785379269967656,0.9834636537614106,0.7287310319258671,0.9495255609856614
2018-06-12 23:00:00,0.6158665102279364,0.6196496620248061,0.598482881814463,1.0,0.9495255609856614
2018-06-13 00:00:00,0.21897690528323094,0.7912305104584616,0.9834636537614106,1.0,0.9495255609856614
2018-06-13 01:00:00,0.7167328215433291,0.4885144612238499,0.5546175880967434,1.0,0.33732360587355886
2018-06-13 02:00:00,0.725947262768606,0.3265047426567371,0.6473760305232774,1.0,0.05875780683756061
2018-06-13 03:00:00,0.9219023600389172,0.9785379269967656,0.9834636537614106,1.0,0.14345751150321678
2018-06-13 04:00:00,0.8036853832545199,0.9785379269967656,0.9834636537614106,1.0,0.4569006215203619
2018-06-13 05:00:00,0.1400687036151925,0.47755859693173547,0.7789076006355083,1.0,0.01995558131110834
2018-06-13 06:00:00,0.5304268297575518,0.9785379269967656,0.6670782553044154,1.0,0.03707639967718481
2018-06-13 07:00:00,0.981089337265665,0.29382394739921786,0.6803322557818191,1.0,0.02571613940237063
2018-06-13 08:00:00,0.981089337265665,0.27922652147464955,0.9834636537614106,1.0,0.0
2018-06-13 09:00:00,0.981089337265665,0.3835920607266292,0.6952907357447711,0.7013328046187626,0.0
2018-06-13 10:00:00,0.981089337265665,0.4997553669011194,0.5244756304169556,0.47078830917950226,0.0
2018-06-13 11:00:00,0.981089337265665,0.7997769601927769,0.79185802633862,0.2452496386761725,0.023731946503787894
2018-06-13 12:00:00,0.981089337265665,0.5948571303552357,0.9834636537614106,0.08978413213318195,0.44494530743891575
2018-06-13 13:00:00,0.981089337265665,0.5500585298424198,0.6136606968010949,0.06302782000110997,0.46849110714714565
2018-06-13 14:00:00,0.981089337265665,0.3130013045763483,0.9834636537614106,0.0,0.5542081093913633
2018-06-13 15:00:00,0.981089337265665,0.11509748519324114,0.9834636537614106,0.0,0.0
2018-06-13 16:00:00,0.981089337265665,0.19373836665619074,0.9834636537614106,0.0,0.10243475969467278
2018-06-13 17:00:00,0.981089337265665,0.8424919452210792,0.9834636537614106,0.0,0.9495255609856614
2018-06-13 18:00:00,0.981089337265665,0.9785379269967656,0.9834636537614106,0.0,0.9495255609856614
2018-06-13 19:00:00,0.981089337265665,0.6622447337394554,0.9834636537614106,0.08384770254597526,0.9495255609856614
2018-06-13 20:00:00,0.981089337265665,0.0,0.9834636537614106,0.012210741628269035,0.9495255609856614
2018-06-13 21:00:00,0.981089337265665,0.1404133037954787,0.7967045143927223,0.15471316147456485,0.9495255609856614
2018-06-13 22:00:00,0.981089337265665,0.8322872400025353,0.26729018721103,1.0,0.9495255609856614
2018-06-13 23:00:00,0.981089337265665,0.0,0.9834636537614106,1.0,0.19784615481262127
2018-06-14 00:00:00,0.981089337265665,0.021692567521726793,0.9834636537614106,1.0,0.4098328280599503
2018-06-14 01:00:00,0.981089337265665,0.0049390132924750155,0.9834636537614106,1.0,0.0703235579158918
2018-06-14 02:00:00,0.981089337265665,0.07534586678139808,0.8357403087265861,1.0,0.0
2018-06-14 03:00:00,0.981089337265665,0.40688263134791763,0.9834636537614106,1.0,0.0
2018-06-14 04:00:00,0.981089337265665,0.5179865902535099,0.9599177065879493,0.9809340313214009,0.0
2018-06-14 05:00:00,0.981089337265665,0.14928712017291104,0.9834636537614106,0.3864855626506409,0.0
2018-06-14 06:00:00,0.981089337265665,0.048307655588941636,0.9692824230192902,0.5011503073266628,0.03303804117328202
2018-06-14 07:00:00,0.9522230124212642,0.015406185959029955,0.31516348576990566,0.5048405893809513,0.02686450549509921
2018-06-14 08:00:00,0.981089337265665,0.0,0.23227021088757477,0.4434146883244137,0.24278378135799017
2018-06-14 09:00:00,0.981089337265665,0.05101174436686156,0.2899079988288323,0.3851639017111048,0.07302059207297856
2018-06-14 10:00:00,0.981089337265665,0.14278205456862936,0.151403668677861,0.8155181811703384,0.35649065336485625
2018-06-14 11:00:00,0.981089337265665,0.4453541453690191,0.07838541614967828,0.037278432465013035,0.31761374875769277
2018-06-14 12:00:00,0.9521345223455885,0.5160523007686598,0.032425640946232785,0.06327878209992817,0.6948537459134636
2018-06-14 13:00:00,0.9676736698854034,0.9785379269967656,0.10992945329399632,0.15861894821995412,0.6818131866392593
2018-06-14 14:00:00,0.7609115123753905,0.5906683153828046,0.15221277646419576,0.0434780201236755,0.523722395912932
2018-06-14 15:00:00,0.981089337265665,0.9785379269967656,0.4057941169411791,0.020491261832942097,0.0
2018-06-14 16:00:00,0.981089337265665,0.18203046159784247,0.11191970324084691,0.2838531009593098,0.9495255609856614
2018-06-14 17:00:00,0.981089337265665,0.11965390343143395,0.13121145938550247,1.0,0.9495255609856614
2018-06-14 18:00:00,0.981089337265665,0.29745952757790417,0.020049116639607657,0.1585922192911795,0.6808269308693098
2018-06-14 19:00:00,0.981089337265665,0.9785379269967656,0.05215683132356454,0.1014124023798355,0.803053796019406
2018-06-14 20:00:00,0.981089337265665,0.1614240393061587,0.705123917533947,0.01268449897979188,0.8574103172569798
2018-06-14 21:00:00,0.981089337265665,0.471012225119389,0.4971117645747007,0.028057604784798896,0.0
2018-06-14 22:00:00,0.981089337265665,0.6362431143170244,0.5495351664893835,0.11944030142723064,0.06956693851572565
2018-06-14 23:00:00,0.981089337265665,0.0,0.31501150557707897,0.5052203449444638,0.21542636053637515
2018-06-15 00:00:00,0.981089337265665,0.02133758398036839,0.9834636537614106,0.19098597450831217,0.11582079865763646
2018-06-15 01:00:00,0.981089337265665,0.0,0.9834636537614106,0.47931528449861116,0.0570843665161061
2018-06-15 02:00:00,0.981089337265665,0.024641021591616505,0.9834636537614106,0.6425713622137906,0.11067531574790972
2018-06-15 03:00:00,0.981089337265665,0.0,0.9834636537614106,0.8636473334821221,0.48233181598494906
2018-06-15 04:00:00,0.981089337265665,0.0214873986540299,0.6716772016726376,1.0,0.47177376389035375
2018-06-15 05:00:00,0.981089337265665,0.25575469307183835,0.16230385969516709,1.0,0.5549153151592962
2018-06-15 06:00:00,0.981089337265665,0.25092896828160566,0.6074761336176847,1.0,0.9495255609856614
2018-06-15 07:00:00,0.37884702628058387,0.02949017734706576,0.30365701334630546,0.8330157484859172,0.9495255609856614
2018-06-15 08:00:00,0.1800388199895129,0.0,0.019378380987812267,0.3709311374362068,0.9495255609856614
2018-06-15 09:00:00,0.07136260260893579,0.05812971837809336,0.03455040983293208,0.1658764563304053,0.8772429601399179
2018-06-15 10:00:00,0.09251197409231439,0.05193972261906682,0.02887222079458544,0.10762408095262771,0.12316150768893905
2018-06-15 11:00:00,0.3693929214376895,0.06814816555281233,0.03787240523785025,0.04391310113851047,0.12417546151523219
2018-06-15 12:00:00,0.7069005627688952,0.0,0.0,0.09590022712136292,0.2549366559873265
2018-06-15 13:00:00,0.918241743123208,0.14469299576919292,0.015954909155838574,0.1901921190250268,0.006370461103784803
2018-06-15 14:00:00,0.9727251609003056,0.04426998330852366,0.039318479660843425,0.24223967720330156,0.9495255609856614
2018-06-15 15:00:00,0.981089337265665,0.45034925612841525,0.03170704350443701,0.5672541614395129,0.2449917265343405
2018-06-15 16:00:00,0.981089337265665,0.0,0.040062207581810234,0.8361097679580324,0.27836444056172027
2018-06-15 17:00:00,0.981089337265665,0.0,0.03231541253188776,0.49478839035014865,0.0
2018-06-15 18:00:00,0.981089337265665,0.9785379269967656,0.043586310298186215,0.9224448716612124,0.32669152609986607
2018-06-15 19:00:00,0.981089337265665,0.9785379269967656,0.2817638905299549,0.8366807131610816,0.0
2018-06-15 20:00:00,0.981089337265665,0.9785379269967656,0.0,0.8755443560283532,0.2020745754440131
2018-06-15 21:00:00,0.981089337265665,0.9785379269967656,0.598335965571837,0.20768945940571704,0.9495255609856614
2018-06-15 22:00:00,0.981089337265665,0.9785379269967656,0.9834636537614106,0.20141866761705637,0.14171201635777542
2018-06-15 23:00:00,0.981089337265665,0.565085108670547,0.7357400457072583,0.3562066755157981,0.4137997049273778
2018-06-16 00:00:00,0.981089337265665,0.8225475408089312,0.9834636537614106,0.23518257741225257,0.3841302822015486
2018-06-16 01:00:00,0.981089337265665,0.7063550320027222,0.9834636537614106,0.7358948247256999,0.12728524153364412
2018-06-16 02:00:00,0.981089337265665,0.10512804118215943,0.3260499138176702,0.42610737584419084,0.0
2018-06-16 03:00:00,0.981089337265665,0.047660843524225095,0.5751908645663718,0.20976251996955564,0.0
2018-06-16 04:00:00,0.981089337265665,0.0,0.7048672119416461,0.18597356802641382,0.02155468319302294
2018-06-16 05:00:00,0.981089337265665,0.0,0.5402959492099815,0.0017993190174589839,0.0
2018-06-16 06:00:00,0.981089337265665,0.0,0.633125449480513,0.024759228737463848,0.0
2018-06-16 07:00:00,0.981089337265665,0.0,0.44062774424536993,0.06701846346102985,0.0
2018-06-16 08:00:00,0.981089337265665,0.4201527553197322,0.6783500041070925,0.03786067490220861,0.0
2018-06-16 09:00:00,0.981089337265665,0.22947113869741398,0.5144451283270527,0.0,0.0
2018-06-16 10:00:00,0.981089337265665,0.716048675557747,0.7664765716540154,0.010649778185071611,0.4692504156846264
2018-06-16 11:00:00,0.7878793316094841,0.9785379269967656,0.9834636537614106,0.07609838062304458,0.9268742109899716
2018-06-16 12:00:00,0.981089337265665,0.9785379269967656,0.9834636537614106,0.2604786586968442,0.5358055843851137
2018-06-16 13:00:00,0.981089337265665,0.9785379269967656,0.9834636537614106,0.288561393054647,0.41118077680303733
2018-06-16 14:00:00,0.981089337265665,0.9785379269967656,0.9834636537614106,0.4155523026157245,0.13849712440283365
2018-06-16 15:00:00,0.981089337265665,0.9785379269967656,0.9834636537614106,0.3127622360277034,0.9495255609856614
2018-06-16 16:00:00,0.981089337265665,0.9785379269967656,0.9834636537614106,0.023911548104984942,0.28928172940903596
2018-06-16 17:00:00,0.10643985102465724,0.9785379269967656,0.9834636537614106,1.0,0.7310176160523107
2018-06-16 18:00:00,0.981089337265665,0.5732532450664735,0.9834636537614106,0.20814201148228936,0.6148434869174721
2018-06-16 19:00:00,0.981089337265665,0.487269786686505,0.9834636537614106,1.0,0.5267763872346573
2018-06-16 20:00:00,0.981089337265665,0.3923411145212717,0.9834636537614106,1.0,0.39818599261697474
2018-06-16 21:00:00,0.981089337265665,0.11763028839420993,0.77062944788134,1.0,0.522954834317276
2018-06-16 22:00:00,0.981089337265665,0.34346370214386485,0.9602652803313894,1.0,0.09724902440360679
2018-06-16 23:00:00,0.981089337265665,0.2508812172516479,0.414416104935342,0.5108028000904759,0.15428240387675574
2018-06-17 00:00:00,0.981089337265665,0.9694894285085494,0.8015358818656774,0.42186231975220745,0.022211617188970564
2018-06-17 01:00:00,0.981089337265665,0.8234740461332176,0.6927563477033474,0.44731470107176036,0.038178563984875985
2018-06-17 02:00:00,0.981089337265665,0.356605303084652,0.539338456390289,0.3527213820905199,0.02219346007440145
2018-06-17 03:00:00,0.981089337265665,0.0,0.5237480621343635,0.4811415506456809,0.007439668785087617
2018-06-17 04:00:00,0.981089337265665,0.0,0.6590186323685434,0.49916898416297856,0.0
2018-06-17 05:00:00,0.981089337265665,0.0,0.6784571689138517,0.4206277339476875,0.003403273190088479
2018-06-17 06:00:00,0.981089337265665,0.1758109364342592,0.46816341591871674,0.4593299058491065,0.006193529335170062
2018-06-17 07:00:00,0.981089337265665,0.045592052790657395,0.20460483167130972,0.7692601308537563,0.026242460950543486
2018-06-17 08:00:00,0.981089337265665,0.0,0.12520704398683846,0.7384728529713332,0.0
2018-06-17 09:00:00,0.981089337265665,0.0,0.06276613758501534,0.403821894463076,0.0
2018-06-17 10:00:00,0.981089337265665,0.0,0.12401869020570533,0.22114616399186557,0.0
2018-06-17 11:00:00,0.981089337265665,0.0,0.11843972333361183,0.27792225810714855,0.0
2018-06-17 12:00:00,0.981089337265665,0.0,0.1230631154631561,0.5916591626465321,0.0
2018-06-17 13:00:00,0.981089337265665,0.20890348496239655,0.11903711475124593,0.6876791334310294,0.09679812339362655
2018-06-17 14:00:00,0.981089337265665,0.19280746665811252,0.16379660438726365,0.7904714173341941,0.12603304793817
2018-06-17 15:00:00,0.981089337265665,0.8689188233879191,0.0,0.7513157233422111,0.0
2018-06-17 16:00:00,0.981089337265665,0.047984381355777775,0.0,0.6595322999353563,0.0
2018-06-17 17:00:00,0.981089337265665,0.9785379269967656,0.5097183177141154,0.9752978546563135,0.6160052216473948
2018-06-17 18:00:00,0.981089337265665,0.9785379269967656,0.22915307673186974,0.5243045466989584,0.9495255609856614
2018-06-17 19:00:00,0.981089337265665,0.9785379269967656,0.9630953532232002,1.0,0.9495255609856614
2018-06-17 20:00:00,0.981089337265665,0.9785379269967656,0.18694381114908323,0.9807331803918037,0.9380149581820043
2018-06-17 21:00:00,0.981089337265665,0.8061737094093648,0.9772727244273396,0.9583096322361866,0.49041069060937975
2018-06-17 22:00:00,0.981089337265665,0.6774582127252328,0.04113970157515907,0.20863630706601974,0.259864004173726
2018-06-17 23:00:00,0.981089337265665,0.7806563583921078,0.129123645733716,0.16233515716914043,0.031541615170065505
2018-06-18 00:00:00,0.981089337265665,0.5634754920705999,0.08650582566823173,0.13496129318814556,0.0
2018-06-18 01:00:00,0.981089337265665,0.40358088610426,0.06999362844822235,0.03209418359367457,0.0
2018-06-18 02:00:00,0.981089337265665,0.3955965618464823,0.1264033101567331,0.08470317602646907,0.0
2018-06-18 03:00:00,0.981089337265665,0.3573068382490742,0.08596684800752215,0.11450610786885429,0.0
2018-06-18 04:00:00,0.8797352536169866,0.41909192283132757,0.08806441262556652,0.07967045819011724,0.0
2018-06-18 05:00:00,0.981089337265665,0.37901856054099436,0.1508256954944022,0.07906153571724438,0.0
2018-06-18 06:00:00,0.8298142922193783,0.43320175913945363,0.18894826671023582,0.008921774667869416,0.0
2018-06-18 07:00:00,0.34181178747548235,0.1177105420321914,0.1508256954944022,0.0,0.0
2018-06-18 08:00:00,0.14894325879404954,0.0,0.04962006589111764,0.02490189583440019,0.0
2018-06-18 09:00:00,0.0,0.0,0.054531414374474396,0.04413346985942055,0.01835208856890528
2018-06-18 10:00:00,0.0,0.0,0.06432068212278669,0.0,0.035740843558049
2018-06-18 11:00:00,0.0,0.0,0.026907812498018855,0.0,0.08102113304388898
2018-06-18 12:00:00,0.02063378445915469,0.10520018960095334,0.0,0.0,0.049056113122229614
2018-06-18 13:00:00,0.21590100353640537,0.17449182788413148,0.0,0.0,0.13855079028084527
2018-06-18 14:00:00,0.13756392108210677,0.12236896119599627,0.0,0.06060252339657116,0.5652404367294428
2018-06-18 15:00:00,0.5976765121962504,0.14643206318251561,0.0,0.1672220479934861,0.4715716012632101
2018-06-18 16:00:00,0.8042916963387465,0.11279744864434707,0.0,0.4147671457008376,0.2812805036882892
2018-06-18 17:00:00,0.6466419178379699,0.4304595238708258,0.06415463670177932,0.34213070673941776,0.8114714894154649
2018-06-18 18:00:00,0.981089337265665,0.48469061643436384,0.1351700604986256,0.40973237770946397,0.35597648047063013
2018-06-18 19:00:00,0.981089337265665,0.9785379269967656,0.6356827481583587,0.544095024802002,0.06725127835555729
2018-06-18 20:00:00,0.981089337265665,0.9785379269967656,0.9834636537614106,1.0,0.9495255609856614
2018-06-18 21:00:00,0.981089337265665,0.9785379269967656,0.9834636537614106,1.0,0.18378293225797232
2018-06-18 22:00:00,0.981089337265665,0.9785379269967656,0.9455699541808952,0.29374664158642405,0.9443306973584079
2018-06-18 23:00:00,0.981089337265665,0.9785379269967656,0.9834636537614106,1.0,0.8706532866447966
2018-06-19 00:00:00,0.981089337265665,0.9785379269967656,0.9834636537614106,1.0,0.9495255609856614
2018-06-19 01:00:00,0.981089337265665,0.11369129864948879,0.726966783484859,1.0,0.9121009931149501
2018-06-19 02:00:00,0.981089337265665,0.12036137072232099,0.21146221123857495,0.0,0.47394187588977826
2018-06-19 03:00:00,0.981089337265665,0.20434662668978215,0.1258267041013782,0.07909454669786671,0.11538034443604463
2018-06-19 04:00:00,0.981089337265665,0.1575435302083192,0.43306108918429226,0.4544086647671032,0.16007960048655512
2018-06-19 05:00:00,0.981089337265665,0.6408434749362397,0.21736128108064243,0.2189097084859024,0.061581831785509675
2018-06-19 06:00:00,0.981089337265665,0.66441633671352,0.191897289783696,0.05721868587785021,0.18944953427554045
2018-06-19 07:00:00,0.981089337265665,0.7953336486088847,0.23470644631766027,0.027527508144218598,0.10672489545800273
2018-06-19 08:00:00,0.981089337265665,0.3994240625626596,0.6988347983979742,0.12479945126588317,0.03521334301190311
2018-06-19 09:00:00,0.5262401523828051,0.22191483948066662,0.1121870006104251,0.05225137691689704,0.0
2018-06-19 10:00:00,0.10001939042289029,0.2737309231071325,0.0890083665976626,0.16230935821649692,0.0
2018-06-19 11:00:00,0.09429345350884094,0.1791072869484298,0.3604192350380654,0.21254162536906773,0.0
2018-06-19 12:00:00,0.4106115791405664,0.21542875663614533,0.14590971068569075,0.3738727953708598,0.0
2018-06-19 13:00:00,0.39175245768009165,0.2612448469426204,0.32831951590410513,0.2942721463209521,0.0
2018-06-19 14:00:00,0.981089337265665,0.1273659877399669,0.0919642448680718,0.907808636148968,0.3959719707454777
2018-06-19 15:00:00,0.981089337265665,0.9785379269967656,0.13238033388933804,0.485831047978702,0.6012756410377392
2018-06-19 16:00:00,0.981089337265665,0.383147677581752,0.9834636537614106,0.11263925535404104,0.1128809330364014
2018-06-19 17:00:00,0.981089337265665,0.1166732243312281,0.38095736485898396,0.38933489075416694,0.6914983864143476
2018-06-19 18:00:00,0.981089337265665,0.9785379269967656,0.8162735501003978,0.40445527155318356,0.9495255609856614
2018-06-19 19:00:00,0.981089337265665,0.14325817912750013,0.9834636537614106,1.0,0.9495255609856614
2018-06-19 20:00:00,0.981089337265665,0.9785379269967656,0.877801782384814,0.9612702282744707,0.9495255609856614
2018-06-19 21:00:00,0.981089337265665,0.9785379269967656,0.0,0.6776427973333687,0.9495255609856614
2018-06-19 22:00:00,0.981089337265665,0.9785379269967656,0.21871036393333898,0.6649764868554666,0.9495255609856614
2018-06-19 23:00:00,0.9137447936217351,0.9785379269967656,0.948737019502839,0.9993526459385041,0.8232600793725383
2018-06-20 00:00:00,0.10623762503406912,0.5896482649665207,0.1692934242757729,0.6828785079211388,0.760114689083106
2018-06-20 01:00:00,0.9347861831295103,0.7762510727924623,0.7248360597714111,0.39344027923786956,0.07547350117974663
2018-06-20 02:00:00,0.5464176204732255,0.9785379269967656,0.6397478960319778,0.5879488619330858,0.0
2018-06-20 03:00:00,0.5755676325255512,0.9785379269967656,0.5152520014145722,1.0,0.0
2018-06-20 04:00:00,0.6331547622330751,0.9683837006710776,0.6652756201305162,0.8792085242572082,0.03679889312860466
2018-06-20 05:00:00,0.981089337265665,0.6678940802673057,0.9834636537614106,0.4094257556429236,0.05166901465113087
2018-06-20 06:00:00,0.981089337265665,0.49971561427738254,0.7720213599291057,0.34222425630287573,0.0
2018-06-20 07:00:00,0.3136057886595319,0.05675920481163783,0.4031250573151481,0.3795319211863116,0.0
2018-06-20 08:00:00,0.20379316903576616,0.01619211209223551,0.406327917934519,0.5101568709083409,0.0
2018-06-20 09:00:00,0.10643690153783172,0.07459075153043242,0.688510172708552,0.6263013277442389,0.0
2018-06-20 10:00:00,0.0970937681478508,0.0,0.8460254121382117,0.4649200954122188,0.034582459019510556
2018-06-20 11:00:00,0.03200769943870784,0.027128887595267468,0.9191646604872836,0.5115060763313368,0.036888835884737146
2018-06-20 12:00:00,0.030301346375458404,0.24240003475629035,0.9834636537614106,1.0,0.02888158014974187
2018-06-20 13:00:00,0.03337224141029399,0.238291709452242,0.9328849370797411,1.0,0.0
2018-06-20 14:00:00,0.035049466008022105,0.16144843464937403,0.9751001493308814,1.0,0.05743136029750261
2018-06-20 15:00:00,0.07951805111925626,0.12437068482155186,0.6607157610477641,1.0,0.38030685249967866
2018-06-20 16:00:00,0.16650219434836006,0.06010787791185778,0.7694862152775838,0.9219670426528767,0.3818382041438049
2018-06-20 17:00:00,0.09508509348992221,0.3612164312597766,0.9091451349574795,0.7667180436813165,0.5076768299252222
2018-06-20 18:00:00,0.3377558072625956,0.2993118041931877,0.8711434774471283,0.6931186862141208,0.5552976781091321
2018-06-20 19:00:00,0.5775013190523394,0.39227851308123796,0.4132860702218408,0.278999165876951,0.9495255609856614
2018-06-20 20:00:00,0.3059846749466218,0.22204873915326706,0.5117423474700171,0.4506964377021594,0.9414030134570747
2018-06-20 21:00:00,0.30745657055419257,0.6451769241139793,0.3956132240558542,0.4177993692942627,0.6393953658446626
2018-06-20 22:00:00,0.20158560379746868,0.10208697541141035,0.3025200785662444,0.08698206906086531,0.31831353056548733
2018-06-20 23:00:00,0.25627172430401624,0.0,0.16847348430264258,0.0013679007255063338,0.44897439606629785
2018-06-21 00:00:00,0.22710274524374452,0.012684298457430304,0.10324787923878295,0.0,0.6413337803839734
2018-06-21 01:00:00,0.13951016977216465,0.0,0.15806363073996635,0.0,0.4821661438524376
2018-06-21 02:00:00,0.04904828375196811,0.0,0.15806363073996635,0.06467353497276611,0.267259157653503
2018-06-21 03:00:00,0.0,0.10832950731329953,0.12958394589985572,0.08286214434530273,0.2606342232001699
2018-06-21 04:00:00,0.0,0.13171539186401915,0.14436002159080827,0.05939053748088383,0.14724974104983224
2018-06-21 05:00:00,0.05869067824839213,0.04478957277538121,0.23263482470557062,0.09370520072362647,0.04047348820220078
2018-06-21 06:00:00,0.06020017918184389,0.0,0.10197590340500418,0.046044997365731456,0.0
2018-06-21 07:00:00,0.0,0.0,0.04390180128202996,0.02172749168262405,0.0
2018-06-21 08:00:00,0.0,0.07219117328786065,0.021737472436589533,0.0,0.0
2018-06-21 09:00:00,0.012902225771532888,0.07334295370970599,0.027276349384002002,0.0,0.0
2018-06-21 10:00:00,0.0381747640215613,0.0,0.033918043869756956,0.0,0.0
2018-06-21 11:00:00,0.0,0.0,0.024513948544375674,0.0,0.0
2018-06-21 12:00:00,0.0,0.0,0.026566704905813556,0.0,0.025299400715224074
2018-06-21 13:00:00,0.0,0.11025555381677687,0.0,0.009615540425560488,0.2637654784495221
2018-06-21 14:00:00,0.013998504675061056,0.2962460810153433,0.017270712727343488,0.02580645212581197,0.3819584982239198
2018-06-21 15:00:00,0.23149278794280606,0.21499444248814453,0.029079563235375045,0.22134075599300343,0.552473060438705
2018-06-21 16:00:00,0.2176262658264728,0.14235401978179035,0.03484407803745462,0.48149804939694085,0.9495255609856614
2018-06-21 17:00:00,0.5329414312696482,0.9785379269967656,0.07884730638851217,0.11964678675144984,0.9495255609856614
2018-06-21 18:00:00,0.8729409501916495,0.3671064241767201,0.07378139643448563,0.2708766272764372,0.9495255609856614
2018-06-21 19:00:00,0.8911213580827229,0.639510731953125,0.5705659779053498,0.7268536183833119,0.9495255609856614
2018-06-21 20:00:00,0.7240436265266861,0.8629262820335725,0.4889888537135381,0.776151585893101,0.9495255609856614
2018-06-21 21:00:00,0.38558957555873186,0.9389175032679323,0.21777074774611638,1.0,0.9495255609856614
2018-06-21 22:00:00,0.1995391414710187,0.04644339589720628,0.3938181408082527,0.7435082211204087,0.9495255609856614
2018-06-21 23:00:00,0.9676544510864996,0.586922019150151,0.368385612727404,0.9085603815580477,0.9495255609856614
2018-06-22 00:00:00,0.5529893925797134,0.581209436323579,0.4368858279340374,1.0,0.36035659759893557
2018-06-22 01:00:00,0.5579677738604154,0.2862195795566975,0.18947815638806753,1.0,0.5101971949293733
2018-06-22 02:00:00,0.25029027723488484,0.1837050077661813,0.12118063180536362,0.8474394610216662,0.24977943051282328
2018-06-22 03:00:00,0.981089337265665,0.06833124662706086,0.2976257881939649,0.5744232939581497,0.15129280021760472
2018-06-22 04:00:00,0.2921026341009044,0.0711995202673681,0.3525965508611071,0.6873003055661221,0.22184784228443277
2018-06-22 05:00:00,0.2237799191991851,0.511548105771156,0.13038940793229054,1.0,0.0
2018-06-22 06:00:00,0.17300469862630158,0.14446541820175973,0.10646953582363623,0.6308393634174317,0.0
2018-06-22 07:00:00,0.12240722966453019,0.11964157755962752,0.17830463452473264,0.6740753700094598,0.0
2018-06-22 08:00:00,0.07174394698852198,0.011854689302841365,0.9834636537614106,0.3180696811383922,0.0
2018-06-22 09:00:00,0.2569157348175708,0.0799919808228499,0.47633731807063734,0.0679453753486292,0.0
2018-06-22 10:00:00,0.28650451938761384,0.020248923544958487,0.5993956895344208,0.37502805673771406,0.0
2018-06-22 11:00:00,0.39247033472565857,0.061584311202863805,0.5135385991543479,0.21993143163539614,0.0
2018-06-22 12:00:00,0.5499789265950257,0.0,0.3390305066412878,0.1140880954699336,0.13072693319812373
2018-06-22 13:00:00,0.4161933718483559,0.0,0.9834636537614106,0.08752320833012563,0.5170431251899994
2018-06-22 14:00:00,0.981089337265665,0.0,0.9834636537614106,0.22922302129188266,0.9495255609856614
2018-06-22 15:00:00,0.9569332697214143,0.0,0.9834636537614106,0.0,0.49999929037763263
2018-06-22 16:00:00,0.29515281968685975,0.2123271051104951,0.19583817700560274,0.01606458729426214,0.19904876631839524
2018-06-22 17:00:00,0.4456539308032101,0.1342278271876355,0.4748470176790833,0.1051893595893138,0.0
2018-06-22 18:00:00,0.7086639021926274,0.9785379269967656,0.0,0.30201276722213416,0.23526770682721776
2018-06-22 19:00:00,0.981089337265665,0.15739532115112206,0.0,1.0,0.033683718252668596
2018-06-22 20:00:00,0.9265372512223311,0.41323257023605614,0.14972426620376864,0.6365864573280356,0.9495255609856614
2018-06-22 21:00:00,0.7481779526286069,0.35849556340738137,0.21561847262463565,0.3696400738156097,0.26126330477956394
2018-06-22 22:00:00,0.15878305809273216,0.013340758822060214,0.011678425884051406,0.787721378715174,0.25712396461466486
2018-06-22 23:00:00,0.12819157518321925,0.16771388507177631,0.0,0.1036461328187281,0.06202113718966855
2018-06-23 00:00:00,0.6803374682910703,0.2025425750484552,0.20102203162347324,0.0,0.052923010006838155
2018-06-23 01:00:00,0.030198055218743983,0.4396325465873142,0.8460396831958711,0.0,0.047118566979177164
2018-06-23 02:00:00,0.043472589521251874,0.11153112391475242,0.9834636537614106,0.24398114422882933,0.045638319155697674
2018-06-23 03:00:00,0.12022725098508143,0.07999783446311519,0.9834636537614106,0.5903495817558796,0.2338206500286357
2018-06-23 04:00:00,0.07120971259453054,0.22681192520044963,0.9834636537614106,0.5788842216840706,0.3052231009019581
2018-06-23 05:00:00,0.041680496181004785,0.09957015604928134,0.6877855767654109,0.29357729346896855,0.0711066229743102
2018-06-23 06:00:00,0.06569826191031906,0.18563132672763152,0.26042454046963154,0.1787248346860344,0.07167739844676221
2018-06-23 07:00:00,0.20399224786996784,0.0,0.03105622528321931,0.24053932093713512,0.03235662922406525
2018-06-23 08:00:00,0.4515060378554527,0.0,0.004312626023721476,0.15365289536392274,0.0
2018-06-23 09:00:00,0.21463089532265706,0.09562192306961394,0.02392593908764073,0.06605461502105826,0.0
2018-06-23 10:00:00,0.11536585773141918,0.11835382503198681,0.039602100023860866,0.15311240510327043,0.09135847349207854
2018-06-23 11:00:00,0.2784224405387503,0.08775801403617024,0.07385901311270457,0.12070448941616758,0.05513220009479063
2018-06-23 12:00:00,0.5025077257942316,0.11390084484471681,0.06077166912140897,0.06218504292441061,0.02442570442747329
2018-06-23 13:00:00,0.7627479463582449,0.11086673682953745,0.22657791679205957,0.0,0.0065733569801245725
2018-06-23 14:00:00,0.8722311391220348,0.04397628830941785,0.17592777356097827,0.0,0.1675255477193911
2018-06-23 15:00:00,0.981089337265665,0.0,0.4171398632544485,0.003467187288142007,0.14012671727848947
2018-06-23 16:00:00,0.981089337265665,0.5448160768726876,0.032350874773301,0.03528768726856418,0.9495255609856614
2018-06-23 17:00:00,0.981089337265665,0.06933770302454062,0.0,0.03782110277286057,0.937251879913091
2018-06-23 18:00:00,0.08803784459170486,0.4722654148069714,0.9834636537614106,0.0,0.9495255609856614
2018-06-23 19:00:00,0.981089337265665,0.9312310247010824,0.921611151474605,1.0,0.24199844617030203
2018-06-23 20:00:00,0.981089337265665,0.049623006282096385,0.18340539797824626,0.6553235317413693,0.9305441648138991
2018-06-23 21:00:00,0.9464622805808983,0.9785379269967656,0.8045169920089498,1.0,0.2838245969812004
2018-06-23 22:00:00,0.5709855585708143,0.7250500510719451,0.6261815360388083,0.5137960391008185,0.002959518817400053
2018-06-23 23:00:00,0.6930776049658879,0.24029247896706354,0.2526291782134062,1.0,0.0
2018-06-24 00:00:00,0.8061030987427433,0.3562735642168004,0.03483732952847515,0.8968760357052329,0.0
2018-06-24 01:00:00,0.7864624256598703,0.5228896626137474,0.11356193778580827,1.0,0.34932643499463434
2018-06-24 02:00:00,0.971067411090046,0.0,0.5663495105871169,1.0,0.9495255609856614
2018-06-24 03:00:00,0.9633581989287667,0.8169198475560678,0.0,1.0,0.7538446321606393
2018-06-24 04:00:00,0.7481105209063369,0.9785379269967656,0.011210968027153555,0.6269345301249656,0.4167789352419825
2018-06-24 05:00:00,0.0,0.9785379269967656,0.0,0.0939325859953962,0.23106544790700176
2018-06-24 06:00:00,0.6949761539077444,0.892547524475923,0.038231490526741,0.2340393848657984,0.08544298241150672
2018-06-24 07:00:00,0.12555745698292706,0.15577819325775938,0.10841236983679195,0.18459155742406264,0.0
2018-06-24 08:00:00,0.0,0.20711037793834092,0.0,0.07500319022109107,0.0
2018-06-24 09:00:00,0.0,0.2687773601350306,0.0,0.2232020624691491,0.03196326552644576
2018-06-24 10:00:00,0.0,0.050341125739078445,0.0,0.3873429727848097,0.05234806075597681
2018-06-24 11:00:00,0.0,0.0,0.0,0.2733075641417244,0.05564477344816934
2018-06-24 12:00:00,0.02865801222340146,0.03788974687140786,0.0,0.30088968316998776,0.0
2018-06-24 13:00:00,0.2587231234209867,0.9785379269967656,0.0608415325814469,0.043710835422823564,0.0
2018-06-24 14:00:00,0.1742816904654989,0.8100803021425168,0.0,0.10470494836122207,0.9495255609856614
2018-06-24 15:00:00,0.6366353579757129,0.9785379269967656,0.0,0.45591354723656285,0.01957834008600202
2018-06-24 16:00:00,0.647770090812946,0.9785379269967656,0.9834636537614106,1.0,0.9495255609856614
2018-06-24 17:00:00,0.02038260280631972,0.9785379269967656,0.020093127054478847,0.9961740316305558,0.9495255609856614
2018-06-24 18:00:00,0.19043971358197526,0.9785379269967656,0.9834636537614106,1.0,0.25662830482852456
2018-06-24 19:00:00,0.981089337265665,0.9785379269967656,0.1260598480205406,0.7630818700990272,0.029800509380733083
2018-06-24 20:00:00,0.13652409806176485,0.9785379269967656,0.5687160581378891,0.3418303996851639,0.10032909963264641
2018-06-24 21:00:00,0.5645804590767629,0.13385559738437086,0.47173410818345946,1.0,0.38180592625952015
2018-06-24 22:00:00,0.353768573062802,0.7024460230718523,0.9834636537614106,1.0,0.09965114198608598
2018-06-24 23:00:00,0.38593729552401196,0.9462414981695023,0.9834636537614106,1.0,0.18069045922604499
2018-06-25 00:00:00,0.981089337265665,0.9785379269967656,0.966267330539948,0.8500149792191424,0.14747084304342392
2018-06-25 01:00:00,0.981089337265665,0.9785379269967656,0.9834636537614106,1.0,0.09015487362481504
2018-06-25 02:00:00,0.981089337265665,0.9785379269967656,0.9834636537614106,1.0,0.1719598420591281
2018-06-25 03:00:00,0.981089337265665,0.9785379269967656,0.9834636537614106,1.0,0.1783493396726159
2018-06-25 04:00:00,0.981089337265665,0.9785379269967656,0.9834636537614106,0.9770067870801847,0.09954959457927856
2018-06-25 05:00:00,0.981089337265665,0.9785379269967656,0.7868116565829945,0.9351715614752799,0.10079876479850844
2018-06-25 06:00:00,0.981089337265665,0.9785379269967656,0.4896378077714368,0.5767797012269991,0.032765720455720196
2018-06-25 07:00:00,0.863369312926689,0.382343396796493,0.21449732925493065,0.4164726721343386,0.0
2018-06-25 08:00:00,0.6475124863597377,0.2196150209444186,0.08800700564996439,0.17555663050440135,0.0
2018-06-25 09:00:00,0.39208946299128683,0.2236669405990104,0.0920918142784832,0.13751033388019462,0.0
2018-06-25 10:00:00,0.20195764703651892,0.17961895938936662,0.2138912717269207,0.20292433694443746,0.0
2018-06-25 11:00:00,0.06316322686857027,0.32683240766806215,0.1958001053871199,0.3938122321976186,0.0
2018-06-25 12:00:00,0.02198943491864317,0.7424270817158433,0.13271758222264102,0.47817210031827356,0.0
2018-06-25 13:00:00,0.09233192751451096,0.6414804811706892,0.32158677694395565,0.5305441264804001,0.01052261609104512
2018-06-25 14:00:00,0.010436731513400726,0.16236695718391006,0.0,0.5959429338235798,0.3912263488984399
2018-06-25 15:00:00,0.0,0.13942999326607505,0.5731816181641505,0.338151407454502,0.47347520187617825
2018-06-25 16:00:00,0.0,0.10656173486073021,0.2906587458433032,0.32129124882091803,0.48389621351126944
2018-06-25 17:00:00,0.0,0.0034568821968725327,0.2273939319677376,0.1299129437658853,0.6179379040795145
2018-06-25 18:00:00,0.04265202111946448,0.03367806704701993,0.06475773769588151,0.043784832789404975,0.8353501154794407
2018-06-25 19:00:00,0.12700126794675967,0.02301613170322018,0.8878833471724826,0.1365169344651994,0.9087766575315984
2018-06-25 20:00:00,0.0883865758298611,0.022171071896532783,0.603603880043592,0.2431968932085171,0.9495255609856614
2018-06-25 21:00:00,0.27206385294111124,0.0,0.19415402066840562,0.40190738035302165,0.9495255609856614
2018-06-25 22:00:00,0.549899843697292,0.5791173435330421,0.11411242747034175,0.9787368000560663,0.9495255609856614
2018-06-25 23:00:00,0.981089337265665,0.24463355964781608,0.05789574795523465,0.6562903967367678,0.415505116610289
2018-06-26 00:00:00,0.981089337265665,0.26831015681600323,0.02805475545198379,0.6333597796837648,0.0
2018-06-26 01:00:00,0.981089337265665,0.9785379269967656,0.03399982954611704,0.6358098860186714,0.04431736655284312
2018-06-26 02:00:00,0.981089337265665,0.9448114665933295,0.04843568998730609,0.5941712300962577,0.07703675463637638
2018-06-26 03:00:00,0.981089337265665,0.4702098651766918,0.024740046674811944,0.23331175039857666,0.18320717769313127
2018-06-26 04:00:00,0.981089337265665,0.5636787065052774,0.20022824454892524,0.06825470013620485,0.15168802203182485
2018-06-26 05:00:00,0.981089337265665,0.5752108045940251,0.13229345462187067,0.023221696275959772,0.16076836805761854
2018-06-26 06:00:00,0.981089337265665,0.9785379269967656,0.11078400186471386,0.40277763542774137,0.26631153317220213
2018-06-26 07:00:00,0.9364351488578322,0.10106214385777228,0.06820743651028337,0.032936273075727926,0.04648276742581813
2018-06-26 08:00:00,0.18997534620792617,0.02888653839862241,0.017115355547137744,0.0,0.025584122248113888
2018-06-26 09:00:00,0.03583048865867344,0.0,0.0,0.06109215606399354,0.1108044272801441
2018-06-26 10:00:00,0.0,0.028115722918089656,0.0,0.0,0.0622964719032654
2018-06-26 11:00:00,0.0,0.02534491368449287,0.0,0.275779901762999,0.0
2018-06-26 12:00:00,0.029930073711885608,0.04867355969181283,0.0,0.3640485093029749,0.0
2018-06-26 13:00:00,0.0,0.20495520258357758,0.0,0.13843286323716836,0.04005057129002043
2018-06-26 14:00:00,0.03282971829407443,0.26336636703412547,0.0,0.04137547622679624,0.29286989405437497
2018-06-26 15:00:00,0.10485687984193807,0.7464257084038919,0.0,0.017314315845955403,0.35879913331924324
2018-06-26 16:00:00,0.0,0.14913328911879775,0.0,0.002679140023517069,0.23821434882695033
2018-06-26 17:00:00,0.0,0.06249582810289331,0.023734693281599793,0.1120569823894203,0.692609826692939
2018-06-26 18:00:00,0.019357191301732368,0.08713765599604185,0.12259669989390931,0.5428681453412917,0.9495255609856614
2018-06-26 19:00:00,0.22676405037218472,0.5681621388268276,0.8779858260743095,0.25958820129918797,0.9495255609856614
2018-06-26 20:00:00,0.8116203581435276,0.9785379269967656,0.8084110629358803,0.7319455596264542,0.9495255609856614
2018-06-26 21:00:00,0.9448484844648064,0.9785379269967656,0.8737345401304719,1.0,0.9495255609856614
2018-06-26 22:00:00,0.981089337265665,0.9785379269967656,0.9834636537614106,0.5037026191628151,0.9495255609856614
2018-06-26 23:00:00,0.981089337265665,0.9785379269967656,0.9834636537614106,0.4889278306088198,0.0
2018-06-27 00:00:00,0.981089337265665,0.9785379269967656,0.9399941409819391,0.5672542590813422,0.0
2018-06-27 01:00:00,0.981089337265665,0.5027146313535052,0.8891444615263998,0.42782343944153384,0.0
2018-06-27 02:00:00,0.981089337265665,0.44094831170236465,0.09890512765981943,0.9707900769580498,0.02154177459957695
2018-06-27 03:00:00,0.981089337265665,0.39154282743433866,0.046267295887155314,1.0,0.3690756407931922
2018-06-27 04:00:00,0.981089337265665,0.2581758286455853,0.0,1.0,0.6980329891770012
2018-06-27 05:00:00,0.981089337265665,0.05417274980465687,0.4516333558726201,0.949230878239645,0.38728248403337706
2018-06-27 06:00:00,0.981089337265665,0.2788118639496383,0.39826789295383747,0.888828347519765,0.16599614067036775
2018-06-27 07:00:00,0.5380012053384888,0.27167128181344335,0.4273909403521626,0.8810130270573746,0.15790999901300112
2018-06-27 08:00:00,0.2277602609714179,0.11918689234314668,0.14780776065907317,0.098601662485007,0.029195555601028312
2018-06-27 09:00:00,0.11550357158800915,0.07175108400696953,0.12722685952160306,0.0015794303158888077,0.019108113202043708
2018-06-27 10:00:00,0.44917222996412753,0.0,0.08835884558664385,0.0,0.0
2018-06-27 11:00:00,0.6784378172402573,0.0,0.07268647991091844,0.0,0.0
2018-06-27 12:00:00,0.7380284945680665,0.003601413903088861,0.03279117602875865,0.04544172776483052,0.0
2018-06-27 13:00:00,0.967354170847608,0.029917958712552074,0.053545091674922426,0.270568813964975,0.0
2018-06-27 14:00:00,0.8122145646789961,0.2929930943768122,0.02868171400408851,0.5621654261910825,0.11749692052075197
2018-06-27 15:00:00,0.981089337265665,0.21899590582179304,0.041498457635684945,0.651677496496439,0.013568765032317465
2018-06-27 16:00:00,0.981089337265665,0.2555271602785216,0.022991831160472875,0.8036110793705125,0.0
2018-06-27 17:00:00,0.981089337265665,0.34323806612532687,0.32931954877492076,0.41453557669964547,0.24720054193296298
2018-06-27 18:00:00,0.981089337265665,0.42540896672116374,0.641687722483835,0.18473626340274144,0.43382313353507723
2018-06-27 19:00:00,0.981089337265665,0.9785379269967656,0.5395117674202429,0.07071511347192282,0.3570605877643324
2018-06-27 20:00:00,0.981089337265665,0.9785379269967656,0.7251623743628498,0.23180290729962028,0.17586060750918348
2018-06-27 21:00:00,0.981089337265665,0.9785379269967656,0.9693917716413356,0.7914248195052657,0.39242763648484064
2018-06-27 22:00:00,0.981089337265665,0.9785379269967656,0.9798634863735808,0.8561184521514372,0.2260073497449877
2018-06-27 23:00:00,0.981089337265665,0.9785379269967656,0.9834636537614106,1.0,0.5435768129711798
2018-06-28 00:00:00,0.981089337265665,0.47507094062723515,0.04535932527794711,1.0,0.32236261460729676
2018-06-28 01:00:00,0.981089337265665,0.0,0.0,1.0,0.15181293512573574
2018-06-28 02:00:00,0.981089337265665,0.0,0.09106268427878102,0.8678132000684469,0.1173512002492493
2018-06-28 03:00:00,0.981089337265665,0.0,0.11732254623961433,0.5149977812247282,0.0
2018-06-28 04:00:00,0.981089337265665,0.0,0.02216335361656377,0.1641064774480031,0.0
2018-06-28 05:00:00,0.981089337265665,0.0,0.3717395597810161,0.25503365976122055,0.07145855943337483
2018-06-28 06:00:00,0.981089337265665,0.0,0.38887912910205813,0.6426810411925328,0.16437677827255812
2018-06-28 07:00:00,0.981089337265665,0.0,0.15404679393916018,0.37606282259210816,0.10841552772609836
2018-06-28 08:00:00,0.981089337265665,0.0777133319873459,0.03579153020755405,0.4608880963635938,0.14805349916629568
2018-06-28 09:00:00,0.9560118658224774,0.2114365479406251,0.0,0.2587411805519821,0.04979486893909228
2018-06-28 10:00:00,0.9410432940890842,0.1301143997765685,0.0,0.21092024693569197,0.0
2018-06-28 11:00:00,0.981089337265665,0.405515913092966,0.0,0.4754945342947163,0.0
2018-06-28 12:00:00,0.981089337265665,0.4921634609695362,0.0,0.39907735774855,0.030898972335815223
2018-06-28 13:00:00,0.981089337265665,0.33295282152627914,0.04126861603172055,0.489588030247865,0.09761304089513947
2018-06-28 14:00:00,0.981089337265665,0.17926262603724297,0.0,0.0,0.31554029631394703
2018-06-28 15:00:00,0.981089337265665,0.27593654639803045,0.044326667814908245,0.34739868775167676,0.9495255609856614
2018-06-28 16:00:00,0.981089337265665,0.3167014589284486,0.9834636537614106,0.2872818537041078,0.4331277219719473
2018-06-28 17:00:00,0.981089337265665,0.17603599157939812,0.47366811594805436,0.6746818242123247,0.09329333731979521
2018-06-28 18:00:00,0.7921565656790567,0.9785379269967656,0.9834636537614106,0.5659130752380962,0.22434096247997862
2018-06-28 19:00:00,0.2424936471287196,0.9785379269967656,0.9834636537614106,0.0794426853657609,0.9495255609856614
2018-06-28 20:00:00,0.4120939411050944,0.9785379269967656,0.9834636537614106,0.6666272314824955,0.9495255609856614
2018-06-28 21:00:00,0.981089337265665,0.9785379269967656,0.9834636537614106,0.3943311531748983,0.9495255609856614
2018-06-28 22:00:00,0.981089337265665,0.9785379269967656,0.9834636537614106,0.3888283306363948,0.9495255609856614
2018-06-28 23:00:00,0.981089337265665,0.770220362114422,0.9834636537614106,1.0,0.9495255609856614
2018-06-29 00:00:00,0.981089337265665,0.9785379269967656,0.9834636537614106,1.0,0.9495255609856614
2018-06-29 01:00:00,0.981089337265665,0.9785379269967656,0.9834636537614106,1.0,0.9495255609856614
2018-06-29 02:00:00,0.981089337265665,0.5048390160437792,0.9834636537614106,1.0,0.46699856564529896
2018-06-29 03:00:00,0.981089337265665,0.15500278917523422,0.9834636537614106,1.0,0.037833754162680915
2018-06-29 04:00:00,0.981089337265665,0.14004255318602662,0.4449241605914813,1.0,0.09016256596325378
2018-06-29 05:00:00,0.981089337265665,0.9785379269967656,0.7157916190274878,1.0,0.9495255609856614
2018-06-29 06:00:00,0.981089337265665,0.9785379269967656,0.6152824336146409,1.0,0.9495255609856614
2018-06-29 07:00:00,0.981089337265665,0.31852871370877284,0.9834636537614106,1.0,0.08982685843380146
2018-06-29 08:00:00,0.981089337265665,0.0,0.8951004867797159,0.9331597380395202,0.043698234806230994
2018-06-29 09:00:00,0.7877594260595323,0.0,0.7634790765102994,0.6290029402278013,0.11086016730457285
2018-06-29 10:00:00,0.7905672542905957,0.02713780631428431,0.38625367230307145,0.11226634091164493,0.11582785744077259
2018-06-29 11:00:00,0.6079398626607877,0.08680073818379759,0.2293927993661181,0.18607471882645302,0.010393967780772631
2018-06-29 12:00:00,0.3463948911348016,0.3138377437505248,0.11826331158104342,0.12929806536149455,0.10148338068529898
2018-06-29 13:00:00,0.981089337265665,0.12283603669971804,0.0,0.0,0.736841097070735
2018-06-29 14:00:00,0.8232306914267646,0.11817418792181442,0.0,0.01943387494852967,0.7773956026811567
2018-06-29 15:00:00,0.981089337265665,0.13508372419287984,0.0,0.09054516267450274,0.42289430940743966
2018-06-29 16:00:00,0.981089337265665,0.1374104024389491,0.0,0.12516460989592862,0.36004440509678676
2018-06-29 17:00:00,0.2107094785714927,0.31516305763508884,0.39944766822322125,0.1620538956005897,0.7344313881777739
2018-06-29 18:00:00,0.981089337265665,0.17284787452131103,0.9834636537614106,0.024850929355600536,0.6966239872268973
2018-06-29 19:00:00,0.981089337265665,0.338616138896099,0.9834636537614106,1.0,0.7046772281200161
2018-06-29 20:00:00,0.981089337265665,0.8652150387250847,0.9834636537614106,0.5614159345160775,0.9495255609856614
2018-06-29 21:00:00,0.8403239542042614,0.5850950780827872,0.9834636537614106,0.45823790353560584,0.9495255609856614
2018-06-29 22:00:00,0.981089337265665,0.722069566542793,0.9834636537614106,1.0,0.9495255609856614
2018-06-29 23:00:00,0.981089337265665,0.3147978753124412,0.9834636537614106,1.0,0.5279425549373485
2018-06-30 00:00:00,0.981089337265665,0.03268947150893843,0.9834636537614106,1.0,0.2113037663731253
2018-06-30 01:00:00,0.981089337265665,0.9785379269967656,0.7201611088504589,1.0,0.6129811853678857
2018-06-30 02:00:00,0.981089337265665,0.9785379269967656,0.46955281251087533,1.0,0.5095765524735588
2018-06-30 03:00:00,0.981089337265665,0.9785379269967656,0.7881028365740078,1.0,0.9495255609856614
2018-06-30 04:00:00,0.981089337265665,0.9785379269967656,0.9834636537614106,0.6790026086390549,0.7504294435241572
2018-06-30 05:00:00,0.981089337265665,0.9785379269967656,0.5806771273500824,0.5566839473980995,0.2022584520368188
2018-06-30 06:00:00,0.981089337265665,0.9785379269967656,0.9834636537614106,0.16082564692414,0.536485560433624
2018-06-30 07:00:00,0.7578161798736144,0.9785379269967656,0.9834636537614106,0.021253441084987064,0.7921370627984015
2018-06-30 08:00:00,0.8928310196511736,0.9785379269967656,0.886650811335609,0.02876600652078656,0.22362182706758224
2018-06-30 09:00:00,0.9752787469799478,0.9785379269967656,0.2945291028998688,0.0,0.09765460755468777
2018-06-30 10:00:00,0.5511589298526675,0.9785379269967656,0.22471905160018776,0.00557994519614361,0.0
2018-06-30 11:00:00,0.47946233703178887,0.5848827401955672,0.19619512190098418,0.04282213044918259,0.02211711231612713
2018-06-30 12:00:00,0.2265371437737739,0.2221467443387171,0.35541130584708464,0.12014743758642804,0.2486922888261138
2018-06-30 13:00:00,0.10223779901261934,0.20369626550187267,0.25205778419482555,0.25283454665375327,0.1645510213532564
2018-06-30 14:00:00,0.040091559558216146,0.3967855245267673,0.38292749344970384,0.22690763498920583,0.530549975373199
2018-06-30 15:00:00,0.03752949949391297,0.3576927325082364,0.4685188493032839,0.14813661340775114,0.9495255609856614
2018-06-30 16:00:00,0.03523736424029889,0.38689361128094446,0.38409343016866837,1.0,0.6605029167838521
2018-06-30 17:00:00,0.022379280854145506,0.22013707807360286,0.12072059357217366,1.0,0.3344427206764201
2018-06-30 18:00:00,0.04089729459080911,0.9785379269967656,0.9834636537614106,0.9052077616249583,0.9495255609856614
2018-06-30 19:00:00,0.024058875707870422,0.9785379269967656,0.9834636537614106,0.2619173689247818,0.9495255609856614
2018-06-30 20:00:00,0.0,0.9785379269967656,0.9253138310641636,0.10459383787658004,0.9495255609856614
2018-06-30 21:00:00,0.981089337265665,0.9785379269967656,0.9834636537614106,0.9410088413088589,0.5746102788710233
2018-06-30 22:00:00,0.981089337265665,0.9785379269967656,0.6808254118790077,0.5178371556073726,0.0
2018-06-30 23:00:00,0.981089337265665,0.9785379269967656,0.11529265854241974,1.0,0.0
2018-07-01 00:00:00,0.5294092518106596,0.9785379269967656,0.32441101130474287,1.0,0.22458949758598665
2018-07-01 01:00:00,0.6655274207272147,0.41371411278208603,0.23780682298090738,1.0,0.02470201674675086
2018-07-01 02:00:00,0.8597981053776186,0.6599821750507114,0.2542398470036643,0.883637947722322,0.07372287451025553
2018-07-01 03:00:00,0.6497750544841866,0.37485685721815654,0.16760430634012471,0.2984761867602665,0.049939222325532905
2018-07-01 04:00:00,0.5328484518813682,0.05708002046404779,0.511633219154968,0.17773460304203711,0.0
2018-07-01 05:00:00,0.2023001948898661,0.06755774106411984,0.7608468325809127,0.04610212932799862,0.0
2018-07-01 06:00:00,0.11962998738873981,0.1523230035695921,0.9441897538980598,0.11104772213584149,0.026771995770149083
2018-07-01 07:00:00,0.06509118128285114,0.02605578834284133,0.3453479513225641,0.13022324023537965,0.03581190227321952
2018-07-01 08:00:00,0.04569536218883269,0.0020179736447661282,0.12895662353649612,0.1691424580563414,0.033840676340569704
2018-07-01 09:00:00,0.0,0.08131064882900602,0.08717859081082148,0.1800416054950067,0.06883303984645035
2018-07-01 10:00:00,0.0,0.1386471411375455,0.04477928811832952,0.10624167743212477,0.09165255242537776
2018-07-01 11:00:00,0.0,0.1628739038493104,0.02844402087160113,0.10680626029757923,0.15237833134018652
2018-07-01 12:00:00,0.05609107086138189,0.18651907196105175,0.0,0.058442087025424264,0.15452016441383054
2018-07-01 13:00:00,0.11348489400307482,0.10920721873544602,0.0,0.04351106958622691,0.2121155040936159
2018-07-01 14:00:00,0.19467479185541947,0.05040721183800967,0.03546993838312982,0.010809871635245636,0.4125973727662549
2018-07-01 15:00:00,0.19626248008385666,0.06308407374084345,0.0,0.0,0.4667062879622121
2018-07-01 16:00:00,0.49098577054993486,0.2610948240971898,0.05781267610811335,0.0,0.8610408712165523
2018-07-01 17:00:00,0.8409452330570119,0.3147556785222113,0.07195897137772979,0.0,0.8093088064146389
2018-07-01 18:00:00,0.7842593599773852,0.16557612454967008,0.2090992710409114,0.02258755367933564,0.9495255609856614
2018-07-01 19:00:00,0.981089337265665,0.9785379269967656,0.8946628431449785,0.1727321533893932,0.9495255609856614
2018-07-01 20:00:00,0.9714574369709861,0.9785379269967656,0.9834636537614106,0.3626081268275057,0.9495255609856614
2018-07-01 21:00:00,0.981089337265665,0.9785379269967656,0.9592478905816759,0.39991896613079364,0.9495255609856614
2018-07-01 22:00:00,0.981089337265665,0.5123405205520353,0.9834636537614106,0.3619749602685307,0.9495255609856614
2018-07-01 23:00:00,0.981089337265665,0.9785379269967656,0.9834636537614106,1.0,0.9495255609856614
2018-07-02 00:00:00,0.981089337265665,0.9785379269967656,0.9834636537614106,1.0,0.42255136507473917
2018-07-02 01:00:00,0.981089337265665,0.9563415141256852,0.9834636537614106,1.0,0.10049621611847906
2018-07-02 02:00:00,0.981089337265665,0.50136817947817,0.9834636537614106,1.0,0.15420271638574923
2018-07-02 03:00:00,0.981089337265665,0.40705047924433446,0.9834636537614106,1.0,0.0654185081836137
2018-07-02 04:00:00,0.981089337265665,0.15889970719762528,0.9834636537614106,1.0,0.0
2018-07-02 05:00:00,0.981089337265665,0.025548129014462063,0.6836758189434601,0.017493550056673333,0.15735444051199168
2018-07-02 06:00:00,0.8639615946803189,0.0,0.14206200757280327,0.09722485375988311,0.04729998835401121
2018-07-02 07:00:00,0.8271764054185192,0.0,0.31154063726328046,0.23335021643862383,0.0
2018-07-02 08:00:00,0.9251325550235356,0.0,0.4621231909225781,0.08013186995796667,0.0
2018-07-02 09:00:00,0.8995536523331447,0.0,0.23129247381351947,0.0,0.0
2018-07-02 10:00:00,0.8588583142593237,0.0,0.13193198183363777,0.0,0.0
2018-07-02 11:00:00,0.8949484980598196,0.0,0.08088260603426553,0.0,0.0
2018-07-02 12:00:00,0.904649755560964,0.0893344567419012,0.33809327509427367,0.014038895622838669,0.0790328147152988
2018-07-02 13:00:00,0.981089337265665,0.2054317905191705,0.7847780681549418,0.06718760477250288,0.5272565827501907
2018-07-02 14:00:00,0.981089337265665,0.28098598636076466,0.4200106872263874,0.0,0.9495255609856614
2018-07-02 15:00:00,0.981089337265665,0.33325223112448915,0.1260685894180517,0.04210948999860482,0.12207013675150782
2018-07-02 16:00:00,0.981089337265665,0.0,0.21376985339989404,0.0,0.07233260075259797
2018-07-02 17:00:00,0.981089337265665,0.0,0.13940240098601298,0.0,0.9495255609856614
2018-07-02 18:00:00,0.981089337265665,0.1084107069056476,0.9834636537614106,0.03732183258887583,0.9495255609856614
2018-07-02 19:00:00,0.981089337265665,0.9785379269967656,0.9834636537614106,0.14458526290666734,0.9495255609856614
2018-07-02 20:00:00,0.981089337265665,0.4340512597874833,0.9834636537614106,0.11968848980937315,0.9495255609856614
2018-07-02 21:00:00,0.981089337265665,0.23841178471810126,0.9834636537614106,0.23195757123785646,0.9495255609856614
2018-07-02 22:00:00,0.981089337265665,0.9785379269967656,0.9834636537614106,0.9046239206885229,0.11736570752354705
2018-07-02 23:00:00,0.981089337265665,0.8818600017394246,0.859720497864288,1.0,0.9495255609856614
2018-07-03 00:00:00,0.344300148048324,0.9785379269967656,0.9834636537614106,1.0,0.0
2018-07-03 01:00:00,0.1578096732030402,0.14378784901100006,0.9834636537614106,0.7511533483299435,0.6356671723163557
2018-07-03 02:00:00,0.22320157700945345,0.1048487051300817,0.7701796446324991,0.24519215635153754,0.17313918639416978
2018-07-03 03:00:00,0.8822063646985372,0.09797764978508128,0.7274488075548818,0.21173415534151663,0.0
2018-07-03 04:00:00,0.981089337265665,0.0,0.9834636537614106,0.038507020848246,0.03830771250997274
2018-07-03 05:00:00,0.981089337265665,0.0,0.9834636537614106,0.09423243142450916,0.16110981841329025
2018-07-03 06:00:00,0.981089337265665,0.0,0.2981339101771308,0.027186357094293786,0.0
2018-07-03 07:00:00,0.981089337265665,0.0,0.34559635459964283,0.0,0.0
2018-07-03 08:00:00,0.981089337265665,0.0,0.0,0.0,0.0
2018-07-03 09:00:00,0.981089337265665,0.0,0.051995542977312674,0.0,0.0
2018-07-03 10:00:00,0.981089337265665,0.0,0.15794722625508076,0.0006994161464754815,0.0
2018-07-03 11:00:00,0.981089337265665,0.03770268672026062,0.24687083897994355,0.026900702383239748,0.0
2018-07-03 12:00:00,0.9205229486073222,0.11487706588628957,0.3612402815603648,0.02319424006912336,0.027786216349362326
2018-07-03 13:00:00,0.7999229290544623,0.0939127049087145,0.20023713008347524,0.08398827954969966,0.09305991562605125
2018-07-03 14:00:00,0.6787564425056142,0.0651451105077849,0.3096579224511268,0.22671517694931584,0.0
2018-07-03 15:00:00,0.5631270648359675,0.0,0.31704316993861875,0.3000375567462252,0.12625597139035566
2018-07-03 16:00:00,0.9192644892505818,0.016917696009100428,0.4416023657592839,1.0,0.3101935175273814
2018-07-03 17:00:00,0.981089337265665,0.019283971489343934,0.6512962758328021,1.0,0.0315006407745288
2018-07-03 18:00:00,0.981089337265665,0.020437207089126035,0.7502209154408187,1.0,0.0
2018-07-03 19:00:00,0.981089337265665,0.0,0.9834636537614106,1.0,0.1425518737513668
2018-07-03 20:00:00,0.549403713808626,0.0,0.9834636537614106,1.0,0.46014962418578753
2018-07-03 21:00:00,0.981089337265665,0.020978418777804222,0.9834636537614106,0.7340958549871369,0.048574625488425324
2018-07-03 22:00:00,0.981089337265665,0.1229902838715352,0.9834636537614106,1.0,0.22357239483300284
2018-07-03 23:00:00,0.981089337265665,0.0,0.7185391707532478,0.0,0.5790783431948471
2018-07-04 00:00:00,0.981089337265665,0.23254311919913886,0.7577538767261751,0.20026754961357904,0.6541870317647723
2018-07-04 01:00:00,0.981089337265665,0.26561549453508393,0.9834636537614106,0.32630959320327296,0.9495255609856614
2018-07-04 02:00:00,0.981089337265665,0.0,0.9834636537614106,0.11678912468537432,0.9495255609856614
2018-07-04 03:00:00,0.981089337265665,0.030041478469012995,0.9834636537614106,0.0,0.7436740562466166
2018-07-04 04:00:00,0.981089337265665,0.00022422173472778863,0.9834636537614106,0.10653887902106281,0.11850390518889128
2018-07-04 05:00:00,0.9518881161738455,0.18595015023699957,0.9834636537614106,0.10194486687155352,0.30306336489808017
2018-07-04 06:00:00,0.981089337265665,0.18054941361574448,0.3933018950068927,0.870808980249815,0.23879810612158647
2018-07-04 07:00:00,0.8664603093817361,0.0211632244513637,0.13183570006753495,1.0,0.05623137548931625
2018-07-04 08:00:00,0.15450392398599094,0.0,0.02370951912052061,0.9690198494630318,0.2225151834981251
2018-07-04 09:00:00,0.03200345154338969,0.0,0.0,0.689788032401477,0.0817389560032327
2018-07-04 10:00:00,0.0042303462338543875,0.0,0.0,0.28298133002628245,0.0
2018-07-04 11:00:00,0.0,0.0246222808180972,0.0,0.26805917183288136,0.0
2018-07-04 12:00:00,0.04814647658211418,0.0,0.10725088027108864,0.35780432980312865,0.0
2018-07-04 13:00:00,0.02524765256654253,0.439804318882975,0.03428821371841602,0.24310099867628693,0.0
2018-07-04 14:00:00,0.981089337265665,0.9785379269967656,0.07711164196377833,0.3721897639497241,0.0
2018-07-04 15:00:00,0.981089337265665,0.06153371438858511,0.049759056327407916,0.2661712631463747,0.0
2018-07-04 16:00:00,0.981089337265665,0.04706715799587486,0.0,0.3656339851012423,0.05261732151115978
2018-07-04 17:00:00,0.981089337265665,0.6701363282034385,0.061975705378689815,0.531695983667883,0.24108791249935016
2018-07-04 18:00:00,0.981089337265665,0.9785379269967656,0.0,0.5041864480087952,0.35767045025798516
2018-07-04 19:00:00,0.981089337265665,0.9785379269967656,0.21053255788091646,0.025416923775195523,0.9495255609856614
2018-07-04 20:00:00,0.981089337265665,0.9785379269967656,0.82822319775812,0.3285512208250579,0.04180911765415138
2018-07-04 21:00:00,0.981089337265665,0.9785379269967656,0.29906251150683966,0.40875725884241726,0.9495255609856614
2018-07-04 22:00:00,0.981089337265665,0.40832846565811454,0.06730921574201042,1.0,0.9495255609856614
2018-07-04 23:00:00,0.2610970611941121,0.0,0.0,0.23513396359618044,0.0009473731655352998
2018-07-05 00:00:00,0.08000667742135868,0.13997744877860344,0.02178992984428343,1.0,0.9495255609856614
2018-07-05 01:00:00,0.4020510524023169,0.40836512366135747,0.9834636537614106,0.12364677356477571,0.1572277679711928
2018-07-05 02:00:00,0.7955355370899658,0.05120909739167643,0.9834636537614106,0.01597239955929155,0.09722175214457147
2018-07-05 03:00:00,0.546265765084956,0.0,0.9834636537614106,0.0,0.25229068914540165
2018-07-05 04:00:00,0.300810767265451,0.25193423683588034,0.0,0.11994377637388567,0.043810438845274
2018-07-05 05:00:00,0.21167089250874357,0.2841053794143259,0.02295716574555164,0.0,0.17136088594826537
2018-07-05 06:00:00,0.1885049555490328,0.11450234505374075,0.07352316028813996,0.10504188358862093,0.03545927239763991
2018-07-05 07:00:00,0.14324161997478338,0.0,0.0681509099470257,0.1342466089214324,0.0
2018-07-05 08:00:00,0.08739064438227373,0.03417440419682009,0.020009878539262563,0.7240584648467406,0.0
2018-07-05 09:00:00,0.16132334903935597,0.04026132672576651,0.0,0.05335948742354429,0.0
2018-07-05 10:00:00,0.17702103327185764,0.07422031682815561,0.04194468083293791,0.24679986240266635,0.019879881957120916
2018-07-05 11:00:00,0.981089337265665,0.0,0.127101598417812,0.1835770910288259,0.011305092514737342
2018-07-05 12:00:00,0.981089337265665,0.045828329346812545,0.2020795058436494,0.1764692474999521,0.0727200506709533
2018-07-05 13:00:00,0.38827246573724544,0.3415199486533499,0.17986920882788104,0.3737226781646756,0.05745282067620049
2018-07-05 14:00:00,0.2299412558044988,0.9785379269967656,0.2599290213513791,0.7248400480553986,0.2279122923156472
2018-07-05 15:00:00,0.05164990066735184,0.7266963529378322,0.25199049568048326,0.8911375428396033,0.3654603467779807
2018-07-05 16:00:00,0.1997374917674249,0.9240775687661624,0.275881653034292,1.0,0.9495255609856614
2018-07-05 17:00:00,0.33236860323029,0.27723982669748837,0.37220380890357657,0.863575428990094,0.45761325371572725
2018-07-05 18:00:00,0.17840954534397432,0.4725662362019603,0.9834636537614106,1.0,0.3162542410999745
2018-07-05 19:00:00,0.38799467701216367,0.1261631538261621,0.9834636537614106,1.0,0.0
2018-07-05 20:00:00,0.9018318355680957,0.4719421617841666,0.8225768465890356,1.0,0.11267522498209653
2018-07-05 21:00:00,0.36715462343260663,0.4161149874362606,0.9834636537614106,1.0,0.26266700863843573
2018-07-05 22:00:00,0.5938633166101666,0.07415674365905367,0.6634623573995309,1.0,0.0
2018-07-05 23:00:00,0.1962591534134445,0.3168901568579719,0.6773819120535245,1.0,0.0
2018-07-06 00:00:00,0.14106297891016986,0.308476384279137,0.5231906618271289,0.7413212209061647,0.0
2018-07-06 01:00:00,0.03497630771138455,0.4917843053983882,0.44980152698439707,0.4873834593568757,0.0
2018-07-06 02:00:00,0.05874461414926475,0.35864086586437255,0.2856714009081727,0.9130102604483917,0.0
2018-07-06 03:00:00,0.07784222452173006,0.27055678749407197,0.11213732466132659,1.0,0.0
2018-07-06 04:00:00,0.08201791286281669,0.2473983666027459,0.09963769953550446,1.0,0.0
2018-07-06 05:00:00,0.009135553906474423,0.01669538517154847,0.3151281407246818,0.9450210073318437,0.084518113287649
2018-07-06 06:00:00,0.0,0.0,0.07764847723222544,0.6900081615139693,0.03123168070579465
2018-07-06 07:00:00,0.0,0.0,0.03050232158505528,0.3458777931632727,0.04227214136457722
2018-07-06 08:00:00,0.0,0.010425444582595596,0.1015513596504846,0.3442042199415943,0.0
2018-07-06 09:00:00,0.0008273008057671199,0.04011573486114462,0.05289154817911222,0.2800344941836214,0.0
2018-07-06 10:00:00,0.05240205875340145,0.0748074237501101,0.07865701108880174,0.3860868615562146,0.0
2018-07-06 11:00:00,0.12721869136191205,0.16117272764049523,0.27299308005977974,0.49493364827543535,0.029377663818052156
2018-07-06 12:00:00,0.09864499541038459,0.16112133511793533,0.29991052855230294,0.4760377389506872,0.0
2018-07-06 13:00:00,0.053934288356752305,0.07205848062028343,0.2702094041365769,0.35319586274851084,0.0
2018-07-06 14:00:00,0.09551924058894484,0.11748697234404684,0.2729399371390964,0.19305021567216074,0.0
2018-07-06 15:00:00,0.16157727415645837,0.16174779580114212,0.6220296060532704,0.17151529891033346,0.0043109049442010775
2018-07-06 16:00:00,0.2613828082260988,0.08251514930146879,0.6382343074723629,0.5491815323153829,0.053461435468912695
2018-07-06 17:00:00,0.625993866555315,0.11402158505371703,0.5420463149773668,0.5320172287719612,0.03858817450159588
2018-07-06 18:00:00,0.7339421094162655,0.9785379269967656,0.9834636537614106,0.33437971024223756,0.08595175434314437
2018-07-06 19:00:00,0.9078838866365421,0.9389665772917202,0.791240401394142,0.33424898128375,0.1109552496180559
2018-07-06 20:00:00,0.981089337265665,0.9785379269967656,0.8996058319961726,1.0,0.9495255609856614
2018-07-06 21:00:00,0.898528676733826,0.9785379269967656,0.9791505505811643,1.0,0.9495255609856614
2018-07-06 22:00:00,0.981089337265665,0.8098366035414479,0.9834636537614106,1.0,0.9495255609856614
2018-07-06 23:00:00,0.981089337265665,0.7227055836375917,0.9814520898475964,1.0,0.0
2018-07-07 00:00:00,0.9589921226915844,0.9785379269967656,0.8823688866243279,0.685927233919954,0.13882047023139596
2018-07-07 01:00:00,0.9412141212653976,0.8246615158818241,0.9834636537614106,0.8988487594293069,0.02262158496903702
2018-07-07 02:00:00,0.8114017554703439,0.6347090394019209,0.9834636537614106,0.7352832158673217,0.045883523819899234
2018-07-07 03:00:00,0.8142864369505689,0.7043490521947636,0.9834636537614106,0.8257053038134423,0.23780506420739295
2018-07-07 04:00:00,0.7464725270079138,0.632688397442215,0.9834636537614106,0.6842905503933033,0.2585405809534622
2018-07-07 05:00:00,0.7843327831216886,0.18782746440384765,0.9834636537614106,0.5581389643995128,0.12029990314272322
2018-07-07 06:00:00,0.8247739399086853,0.035986007102103174,0.9834636537614106,0.2551828613924383,0.1024941260252572
2018-07-07 07:00:00,0.41616185463432354,0.04110786879852054,0.8216766776238675,0.12234461501999104,0.0
2018-07-07 08:00:00,0.49765242138843246,0.06074520781460702,0.7171567390912926,0.044173438971885116,0.0
2018-07-07 09:00:00,0.6480961203388066,0.1669521144962305,0.7982863956192635,0.15771647560578128,0.0
2018-07-07 10:00:00,0.7369594432123201,0.4766217603966691,0.8010437591210755,0.23164000110092878,0.0
2018-07-07 11:00:00,0.7396534824046918,0.35537037452184883,0.9495854852225079,0.17651715588483233,0.0
2018-07-07 12:00:00,0.7188050343668114,0.35118370775709423,0.9338830426155057,0.09229064398493507,0.03712117581572401
2018-07-07 13:00:00,0.7745706227721426,0.16570346739680578,0.865454241879693,0.09061671321919537,0.04473700772921626
2018-07-07 14:00:00,0.6806668999291385,0.10532722620543389,0.8408920195128475,0.05307057123976939,0.14241203495768257
2018-07-07 15:00:00,0.4746419952329853,0.34808743275065845,0.7800514489797729,0.07441115084033434,0.2010535689670881
2018-07-07 16:00:00,0.4861445107298174,0.35385470265515767,0.8860217124432156,0.07933699286637891,0.5081584518555021
2018-07-07 17:00:00,0.5434599879518802,0.5913937586962922,0.8855639927506761,0.19103591856706986,0.4006999698280165
2018-07-07 18:00:00,0.8229573772433008,0.9387699575373718,0.9186523744784676,0.305003065342847,0.6396308718500043
2018-07-07 19:00:00,0.981089337265665,0.9785379269967656,0.9834636537614106,0.5802532098474827,0.8304913151388004
2018-07-07 20:00:00,0.981089337265665,0.8319095939215783,0.9834636537614106,1.0,0.9238350546938736
2018-07-07 21:00:00,0.981089337265665,0.9785379269967656,0.9834636537614106,0.9396802377056102,0.836379562768837
2018-07-07 22:00:00,0.981089337265665,0.9785379269967656,0.9834636537614106,1.0,0.9495255609856614
2018-07-07 23:00:00,0.981089337265665,0.9785379269967656,0.9834636537614106,1.0,0.8288830279605356
2018-07-08 00:00:00,0.981089337265665,0.9785379269967656,0.9834636537614106,1.0,0.0
2018-07-08 01:00:00,0.981089337265665,0.682082148202148,0.9834636537614106,1.0,0.0
2018-07-08 02:00:00,0.9425117532138289,0.5592110580585249,0.9834636537614106,1.0,0.061812606985862835
2018-07-08 03:00:00,0.9631338004869751,0.3352825119103578,0.9834636537614106,0.9965355840693334,0.05468715721697173
2018-07-08 04:00:00,0.981089337265665,0.48672939192059855,0.9834636537614106,0.974832722475172,0.1325782458089959
2018-07-08 05:00:00,0.981089337265665,0.20368977007717853,0.9834636537614106,0.7170744098058973,0.17959851938530566
2018-07-08 06:00:00,0.981089337265665,0.13673446855225002,0.9834636537614106,0.4385990814521509,0.06076403527863099
2018-07-08 07:00:00,0.9502530986374739,0.03152776703117353,0.9834636537614106,0.03725801705697711,0.03168702272800777
2018-07-08 08:00:00,0.8718517043216242,0.07608684261065048,0.9834636537614106,0.0,0.0
2018-07-08 09:00:00,0.7563489096106955,0.2687432310291604,0.8060381401856477,0.0,0.0
2018-07-08 10:00:00,0.7238500607736187,0.2072842740249116,0.6456311381270373,0.0,0.0
2018-07-08 11:00:00,0.570476898789182,0.11605841674869603,0.5585137275313364,0.0,0.013144024123396473
2018-07-08 12:00:00,0.5858102420839075,0.039880536103692577,0.47484957226688074,0.10905051379983706,0.019154539864733075
2018-07-08 13:00:00,0.3630424298820506,0.01623588101541255,0.3991699624589349,0.11014225140049215,0.07727815152178423
2018-07-08 14:00:00,0.3829891658000797,0.11552560125090316,0.49262960212923673,0.06672741868591289,0.16931504776276693
2018-07-08 15:00:00,0.9420009999927087,0.15961387091061555,0.4638552862516243,0.12888606561157206,0.21109311959496238
2018-07-08 16:00:00,0.6947186725302736,0.36448952910579346,0.5672311910770154,0.2742582410859379,0.29265570425692644
2018-07-08 17:00:00,0.981089337265665,0.2073953248974504,0.7084771077527481,0.13530960518259824,0.8342241887207927
2018-07-08 18:00:00,0.6008537533428575,0.9383127210830321,0.9088225609320567,0.057609281128600726,0.5307800714748925
2018-07-08 19:00:00,0.7112071871581533,0.9785379269967656,0.9834636537614106,0.07716480391749903,0.9115648670315972
2018-07-08 20:00:00,0.981089337265665,0.9785379269967656,0.9834636537614106,0.35044335625313555,0.9495255609856614
2018-07-08 21:00:00,0.981089337265665,0.9785379269967656,0.9834636537614106,0.9340247287399016,0.9495255609856614
2018-07-08 22:00:00,0.9722768805513079,0.6340337123545069,0.9834636537614106,0.5258524887287936,0.9495255609856614
2018-07-08 23:00:00,0.981089337265665,0.6228644912557182,0.9834636537614106,0.5558288090894249,0.9495255609856614
2018-07-09 00:00:00,0.981089337265665,0.3388195662648142,0.9834636537614106,1.0,0.9495255609856614
2018-07-09 01:00:00,0.9618285890393689,0.23073570418190567,0.9834636537614106,1.0,0.0
2018-07-09 02:00:00,0.981089337265665,0.15740074174772625,0.9834636537614106,1.0,0.09051292362482807
2018-07-09 03:00:00,0.981089337265665,0.08204118838306855,0.9834636537614106,1.0,0.0
2018-07-09 04:00:00,0.981089337265665,0.01952499534517796,0.9834636537614106,1.0,0.0
2018-07-09 05:00:00,0.8169121766698364,0.0,0.9834636537614106,0.797010003963722,0.009405326133160705
2018-07-09 06:00:00,0.5476503917958001,0.0,0.592475522340249,0.18637802227626768,0.02514813724832054
2018-07-09 07:00:00,0.07873653761495968,0.0,0.17241263217689673,0.0,0.0038046189049239453
2018-07-09 08:00:00,0.06661237901513725,0.0,0.047209060606550036,0.0,0.0
2018-07-09 09:00:00,0.12966646275268823,0.0,0.025225437783508907,0.17791866969041825,0.0
2018-07-09 10:00:00,0.21618254266954456,0.057377864101172404,0.23537576332269375,0.32885280531919053,0.018822988573211682
2018-07-09 11:00:00,0.1313079380455006,0.024993328143341768,0.40825754230722594,0.46065486068151107,0.0
2018-07-09 12:00:00,0.14110105590190178,0.08922254991877399,0.32662266059240724,0.6033275380239554,0.03063459785942085
2018-07-09 13:00:00,0.21331920241375102,0.1077492778471387,0.4111413778567924,0.6957578128473279,0.047817573485562995
2018-07-09 14:00:00,0.24966309015698387,0.17573448567296066,0.29732509563225173,0.4315641519074584,0.07134050353922239
2018-07-09 15:00:00,0.279754231609049,0.17200365426839895,0.2593813336855706,0.8683738396084493,0.03883607963863896
2018-07-09 16:00:00,0.27693615066411337,0.30563282504038636,0.40000238452301656,0.338886221180514,0.29125676739731116
2018-07-09 17:00:00,0.4459048569691318,0.4278065082092785,0.3654717976998015,0.6502255110934329,0.4792199672454575
2018-07-09 18:00:00,0.3374065363401012,0.38529396987398234,0.31333234293270157,0.671831435091117,0.5808898701899584
2018-07-09 19:00:00,0.6883158175867377,0.9785379269967656,0.509185372209074,1.0,0.9495255609856614
2018-07-09 20:00:00,0.8961134164399215,0.9785379269967656,0.9834636537614106,1.0,0.9495255609856614
2018-07-09 21:00:00,0.9806645894135573,0.9785379269967656,0.9834636537614106,1.0,0.9495255609856614
2018-07-09 22:00:00,0.8662863490986175,0.9785379269967656,0.9785679075273503,1.0,0.9495255609856614
2018-07-09 23:00:00,0.5850992257043621,0.7717812986145597,0.9834636537614106,1.0,0.9495255609856614
2018-07-10 00:00:00,0.493824362195589,0.46448178403786766,0.9834636537614106,1.0,0.9495255609856614
2018-07-10 01:00:00,0.42027520730209283,0.448561031117651,0.9834636537614106,1.0,0.9495255609856614
2018-07-10 02:00:00,0.45075583401010516,0.2281726161085401,0.9834636537614106,1.0,0.7602128537072186
2018-07-10 03:00:00,0.781704381028476,0.20795314731106776,0.9834636537614106,1.0,0.0
2018-07-10 04:00:00,0.4997462275840117,0.12477579630158214,0.9834636537614106,1.0,0.11365339194557644
2018-07-10 05:00:00,0.981089337265665,0.13350167406445124,0.9834636537614106,1.0,0.1267795102620722
2018-07-10 06:00:00,0.9630453959157373,0.03009220896523458,0.7748948126059355,1.0,0.07180471526291457
2018-07-10 07:00:00,0.2966410510715369,0.0,0.21794362229776812,0.4692800323832852,0.014800322047177825
2018-07-10 08:00:00,0.46462376185822624,0.12012884883555856,0.2947162904569807,0.17897464551075648,0.0
2018-07-10 09:00:00,0.5575411133053838,0.592754527131939,0.5357196376441115,0.2429957758590316,0.0
2018-07-10 10:00:00,0.4479733638118869,0.5794925838061458,0.7533961343062677,0.42287360127685786,0.0
2018-07-10 11:00:00,0.528381571766698,0.4303666255983173,0.6581422258158155,0.4393710309669053,0.01112574062834931
2018-07-10 12:00:00,0.49738085075427885,0.15829722190804688,0.562339727709681,0.2504858819494737,0.03962244053303607
2018-07-10 13:00:00,0.37730475595325325,0.1515614978572564,0.49695574161878453,0.3342563432250694,0.025020535122436835
2018-07-10 14:00:00,0.32244461772221816,0.3053267884238986,0.8026100535318538,0.3064429562200922,0.021889897117431938
2018-07-10 15:00:00,0.21380235264578357,0.23874228788016122,0.6148987167706744,0.39790200228422473,0.19797275769151437
2018-07-10 16:00:00,0.3840580555885183,0.3897614761794102,0.81259865626054,0.6354379731283611,0.4230545936435403
2018-07-10 17:00:00,0.5435589924468401,0.7834739740242668,0.800367992417803,0.7017336151230777,0.4105373511283994
2018-07-10 18:00:00,0.8113436611692953,0.8894871009121567,0.7945563686472444,0.8222373700698182,0.5635207524749752
2018-07-10 19:00:00,0.614103704458886,0.9666187970526323,0.9834636537614106,0.927499702295486,0.9495255609856614
2018-07-10 20:00:00,0.981089337265665,0.9221755123398968,0.9834636537614106,1.0,0.9495255609856614
2018-07-10 21:00:00,0.981089337265665,0.9785379269967656,0.9834636537614106,1.0,0.9495255609856614
2018-07-10 22:00:00,0.981089337265665,0.9785379269967656,0.9834636537614106,1.0,0.9495255609856614
2018-07-10 23:00:00,0.981089337265665,0.9785379269967656,0.9834636537614106,1.0,0.20349127204561906
2018-07-11 00:00:00,0.981089337265665,0.9785379269967656,0.9834636537614106,1.0,0.0679135403520016
2018-07-11 01:00:00,0.981089337265665,0.9785379269967656,0.9834636537614106,1.0,0.4064146700475118
2018-07-11 02:00:00,0.981089337265665,0.8654024100618386,0.9834636537614106,1.0,0.3353860708091488
2018-07-11 03:00:00,0.981089337265665,0.3085289560762505,0.9834636537614106,1.0,0.5141843882553516
2018-07-11 04:00:00,0.8183103106730779,0.24440608807813421,0.9834636537614106,0.8063457203184806,0.5312791632330034
2018-07-11 05:00:00,0.981089337265665,0.28013208177956705,0.9816684730397995,0.33891276104431545,0.3102677316606467
2018-07-11 06:00:00,0.8083624598828252,0.15608152354836455,0.573560296160483,0.2127756324242924,0.1853860186501482
2018-07-11 07:00:00,0.981089337265665,0.04439933408448909,0.29045733994561646,0.04062072484619246,0.06081163875570249
2018-07-11 08:00:00,0.981089337265665,0.019504653468733826,0.1678200521532422,0.0,0.0888986230104804
2018-07-11 09:00:00,0.981089337265665,0.10378046011214795,0.34276144403464087,0.0,0.0
2018-07-11 10:00:00,0.981089337265665,0.3252804821404461,0.6249026014929839,0.10147942731868305,0.0
2018-07-11 11:00:00,0.834810525874578,0.215765421016678,0.39753869546975107,0.12969048463592953,0.0
2018-07-11 12:00:00,0.9736868976913968,0.04948114791860029,0.35509349369632326,0.059505657816925614,0.0
2018-07-11 13:00:00,0.35533437054918643,0.14763845429904218,0.2805346596456818,0.023881611502623048,0.001420708159577039
2018-07-11 14:00:00,0.37936860154918417,0.5712794333457207,0.3942261414002474,0.027306090406502635,0.17949576745605988
2018-07-11 15:00:00,0.34292618246433365,0.4510081305307639,0.3775496891377912,0.12284984316134163,0.226106386098628
2018-07-11 16:00:00,0.5976680369672855,0.2773981619489018,0.5484347772207796,0.1367514605909176,0.9495255609856614
2018-07-11 17:00:00,0.981089337265665,0.8705807163430979,0.7986561361783991,0.3161230635352116,0.9495255609856614
2018-07-11 18:00:00,0.981089337265665,0.9785379269967656,0.9402154482852545,0.3998923304063285,0.4926332068386637
2018-07-11 19:00:00,0.4944857776518892,0.9785379269967656,0.9834636537614106,0.6382617238887588,0.9495255609856614
2018-07-11 20:00:00,0.981089337265665,0.9785379269967656,0.9834636537614106,1.0,0.5236485021212953
2018-07-11 21:00:00,0.7089693956026827,0.9785379269967656,0.8087011231869965,1.0,0.298360723219562
2018-07-11 22:00:00,0.981089337265665,0.9028965342351416,0.9834636537614106,1.0,0.5306487313295474
2018-07-11 23:00:00,0.981089337265665,0.4241582482016374,0.9834636537614106,1.0,0.2125892004939523
2018-07-12 00:00:00,0.6593353590436861,0.9035105051657205,0.9834636537614106,0.7145540181720466,0.0
2018-07-12 01:00:00,0.8035510060512334,0.8855747424364401,0.9834636537614106,0.3228101665872703,0.010366281089144426
2018-07-12 02:00:00,0.9698982760077061,0.5280647251050792,0.9834636537614106,0.41404799091844746,0.14056441990939428
2018-07-12 03:00:00,0.981089337265665,0.7770117367897337,0.9834636537614106,0.40332927589333933,0.18328604847169452
2018-07-12 04:00:00,0.981089337265665,0.4207129101963248,0.9834636537614106,0.0,0.21473607875118547
2018-07-12 05:00:00,0.9760442236705771,0.17972356184028992,0.79034822610009,0.18964759106471274,0.05046359094286089
2018-07-12 06:00:00,0.9742721452473875,0.035352420826680137,0.30811809718503286,0.16534832661985543,0.04367169328942079
2018-07-12 07:00:00,0.9791551418306179,0.0,0.15479374679107305,0.09517588658471528,0.03461522344205711
2018-07-12 08:00:00,0.8945802801366876,0.0,0.18271445532110492,0.07828826359845835,0.01943773518599116
2018-07-12 09:00:00,0.8220242819419705,0.0,0.18748292479024709,0.15946588116248425,0.0
2018-07-12 10:00:00,0.8420462332456964,0.0,0.35236769191545964,0.21786662360083542,0.0
2018-07-12 11:00:00,0.6751926336523769,0.0,0.3013826477180602,0.13779278329743275,0.0
2018-07-12 12:00:00,0.5741974350441731,0.0,0.25379230190002694,0.12930440578238836,0.024816310013724516
2018-07-12 13:00:00,0.751745929607674,0.0,0.7299818352966905,0.14028441453128163,0.03517861617424274
2018-07-12 14:00:00,0.8740839474515967,0.005287341119777295,0.9834636537614106,0.2867617322774586,0.5641136675808677
2018-07-12 15:00:00,0.8413379964661517,0.06995567742923947,0.21627202701698553,0.12482893011739982,0.9495255609856614
2018-07-12 16:00:00,0.981089337265665,0.9785379269967656,0.9834636537614106,0.017273202620817545,0.4738804847511181
2018-07-12 17:00:00,0.981089337265665,0.9785379269967656,0.9834636537614106,0.26162604890708924,0.2178540225955041
2018-07-12 18:00:00,0.981089337265665,0.9785379269967656,0.9834636537614106,1.0,0.43899902308774724
2018-07-12 19:00:00,0.6877880382206119,0.33611352867979455,0.39894785926525245,0.6605790670207803,0.13915418411370967
2018-07-12 20:00:00,0.6459006031900053,0.04618401232754769,0.11543561183570175,0.7020996413483783,0.16885449276668532
2018-07-12 21:00:00,0.981089337265665,0.11253368018088303,0.7610696347630673,0.6558402109318041,0.33853131878949283
2018-07-12 22:00:00,0.9100372565473932,0.186019545021042,0.9834636537614106,0.40621295083236575,0.20823946655453626
2018-07-12 23:00:00,0.6775608329119174,0.3717175224440893,0.2162160528068528,0.2341575608489357,0.013679863690995506
2018-07-13 00:00:00,0.753630855051427,0.6944292311297017,0.0,0.2502486826114499,0.0
2018-07-13 01:00:00,0.8555534235294843,0.9058371383753242,0.0,0.19878915414107418,0.003176017677285991
2018-07-13 02:00:00,0.8382141928298557,0.9785379269967656,0.05598582447446826,0.3163751431067071,0.0
2018-07-13 03:00:00,0.5739063304433064,0.9785379269967656,0.3239426491488318,0.3770695002390351,0.01715195178400028
2018-07-13 04:00:00,0.8440405079276805,0.9785379269967656,0.45596670237644293,0.46532154816726107,0.07824110333188417
2018-07-13 05:00:00,0.61298191715381,0.9785379269967656,0.29653540816736407,0.4695733195601363,0.11556031243677846
2018-07-13 06:00:00,0.223842402609842,0.9785379269967656,0.2536076324712601,0.43594899832544787,0.07453661434554927
2018-07-13 07:00:00,0.17461178151502368,0.9785379269967656,0.13773455106707858,0.1775268131250864,0.032256395135999955
2018-07-13 08:00:00,0.29665064573708677,0.8522394419492829,0.04369881931709973,0.03430050296108536,0.0
2018-07-13 09:00:00,0.2543616103855308,0.5077548807309056,0.057615788080501,0.0,0.0
2018-07-13 10:00:00,0.10211534731830971,0.32865278330538966,0.028240735716582966,0.0,0.0
2018-07-13 11:00:00,0.09525436888546465,0.24514524943536511,0.0459794908991024,0.0,0.0
2018-07-13 12:00:00,0.057447199615417166,0.16084960693722059,0.06973169896886808,0.0,0.0
2018-07-13 13:00:00,0.02319693061096703,0.1201328384873366,0.009349773956623873,0.0,0.5003227470406052
2018-07-13 14:00:00,0.059381923869049454,0.1899804397829227,0.008290964838126235,0.02681188948153517,0.20809483879314472
2018-07-13 15:00:00,0.07276787515872077,0.253413683912782,0.0030399925156097546,0.044319649878919794,0.42975965211769285
2018-07-13 16:00:00,0.4115955884819385,0.25817172096126234,0.02858212087412508,0.12633734337211347,0.43628366124552687
2018-07-13 17:00:00,0.6238243847488727,0.20002954186520927,0.09217534909711982,0.05741704818850814,0.4232308851614936
2018-07-13 18:00:00,0.0,0.2010470451684496,0.10138435412247214,0.23044022009318366,0.4591565131696709
2018-07-13 19:00:00,0.021443037546871848,0.1959094013121977,0.19615181018364378,0.3894764045030478,0.36715240100213625
2018-07-13 20:00:00,0.04329749350367261,0.3517766321380854,0.32266456633864193,0.6661445267003928,0.23901387286455084
2018-07-13 21:00:00,0.10252334934327029,0.4036058129546639,0.6346540076781715,0.8068828334848896,0.29065712609671474
2018-07-13 22:00:00,0.37785006460578574,0.5684584047685164,0.43526068691901304,0.9604835342316381,0.2571761680558633
2018-07-13 23:00:00,0.0,0.41386067613884503,0.42723378031292497,1.0,0.11176091659880817
2018-07-14 00:00:00,0.04622826078819281,0.15141103337897532,0.1853082955246641,1.0,0.16217569292910183
2018-07-14 01:00:00,0.17204028212909808,0.032370638786156404,0.07616621048308585,1.0,0.01020106253274714
2018-07-14 02:00:00,0.3169699337460033,0.0,0.06088656264712124,0.945147395690488,0.0
2018-07-14 03:00:00,0.4012510838345805,0.0,0.11955541208166222,0.920943676369659,0.0
2018-07-14 04:00:00,0.33622035507970166,0.0,0.08738492566364404,0.7436868821669848,0.0
2018-07-14 05:00:00,0.12486538911768816,0.009040907252679304,0.06973025320987138,0.32739883379553425,0.0
2018-07-14 06:00:00,0.0,0.06668428174277062,0.08171062453535488,0.2830309558631126,0.0
2018-07-14 07:00:00,0.0,0.027814711954677163,0.044824996496932994,0.2401884843536386,0.034448733265009295
2018-07-14 08:00:00,0.0,0.04715738859822301,0.0,0.11116654152271192,0.03034797532591184
2018-07-14 09:00:00,0.0,0.04634052409147729,0.0,0.12852263008700618,0.00401051138608909
2018-07-14 10:00:00,0.0,0.08927730095418511,0.031296965857182786,0.1618233666521777,0.0
2018-07-14 11:00:00,0.02739035502863577,0.16437423951033503,0.05072424942895323,0.15012464470800635,0.0
2018-07-14 12:00:00,0.05663077474110101,0.1524073624682553,0.07426326710629205,0.12606035527118534,0.0
2018-07-14 13:00:00,0.050685291746812744,0.11943307341694502,0.06890691862448306,0.1219006526342439,0.028229344360665806
2018-07-14 14:00:00,0.08114941803867708,0.0905699583551655,0.07687477698720704,0.10768347323006683,0.1304948906704009
2018-07-14 15:00:00,0.049348128982624494,0.06972424376463543,0.09225123024228625,0.08838460346587713,0.18159077663134848
2018-07-14 16:00:00,0.03791777759290297,0.10770603815548213,0.08337014855062065,0.06093799911941224,0.3370084634603264
2018-07-14 17:00:00,0.025699977888916203,0.11906379351491653,0.12072651257393822,0.28724600940046124,0.9495255609856614
2018-07-14 18:00:00,0.0511174403708071,0.1528462073924975,0.17907550379696816,0.5926814239933583,0.8625261113890967
2018-07-14 19:00:00,0.16953705989579726,0.28194886262252233,0.1472863583595901,0.558653235643858,0.49417447544203613
2018-07-14 20:00:00,0.3192024820274556,0.56997629858995,0.5069618579514092,0.9848093751281397,0.46411662975688256
2018-07-14 21:00:00,0.5129173600118975,0.6122408969020311,0.7442494333168969,0.9513205616101645,0.07474379878293562
2018-07-14 22:00:00,0.473577604739011,0.6670272904224467,0.5261649785262081,1.0,0.11208586143180811
2018-07-14 23:00:00,0.32983381267138995,0.5096819505037894,0.30737657106042876,1.0,0.24905690621613638
2018-07-15 00:00:00,0.16368467244945542,0.5214574884531128,0.20877896184636688,1.0,0.11985699524795863
2018-07-15 01:00:00,0.10049718501019413,0.19966451740538346,0.10472440490333187,1.0,0.13289756149069473
2018-07-15 02:00:00,0.0,0.1390390662093104,0.08124499955311279,1.0,0.0
2018-07-15 03:00:00,0.0,0.0,0.07424756850095499,0.91242752249278,0.06036879570190697
2018-07-15 04:00:00,0.0,0.0,0.07052047119673473,0.7216950202628669,0.10836994457955429
2018-07-15 05:00:00,0.06948441330672517,0.0,0.022009980721753006,0.09485976153194209,0.0431615940039888
2018-07-15 06:00:00,0.1436757529466307,0.0,0.0,0.30568067713274005,0.0
2018-07-15 07:00:00,0.11799532672053814,0.0,0.0,0.5811479565112097,0.0
2018-07-15 08:00:00,0.14589328752569486,4.399048648429212e-05,0.0,0.42643856025600313,0.0
2018-07-15 09:00:00,0.11161399441553266,0.08727556607886608,0.0,0.3445188290455734,0.05818288608714766
2018-07-15 10:00:00,0.08125377032305098,0.09291997229351885,0.07620731308278975,0.23297367632138538,0.10459973836492666
2018-07-15 11:00:00,0.03959343186418563,0.05891229851889848,0.5515742294546762,0.24826314886469492,0.07205504945818494
2018-07-15 12:00:00,0.029266982519575505,0.5463188209178818,0.520618614482345,0.22727821988834176,0.2515950883527406
2018-07-15 13:00:00,0.029077101623961026,0.5761728730962647,0.4167303402209421,0.3456342833229728,0.27572843641351036
2018-07-15 14:00:00,0.061372434396289935,0.246419668081485,0.25633559674096507,0.13829492454500406,0.9495255609856614
2018-07-15 15:00:00,0.20388157218521452,0.9785379269967656,0.09881115051807515,0.0,0.9495255609856614
2018-07-15 16:00:00,0.025573094385018945,0.9785379269967656,0.17560328613876258,0.0,0.9495255609856614
2018-07-15 17:00:00,0.28616712536582467,0.9785379269967656,0.174244588745596,0.1874002381102835,0.9495255609856614
2018-07-15 18:00:00,0.2792355574169217,0.9785379269967656,0.13802276497267266,0.2444442354134377,0.7949963303023363
2018-07-15 19:00:00,0.29400918788050967,0.6677807106278042,0.12832697853126246,0.11739338375222472,0.15435568857415824
2018-07-15 20:00:00,0.0972485628635852,0.4348835929933593,0.18689991617767604,0.14822238697321588,0.007658691240583159
2018-07-15 21:00:00,0.981089337265665,0.3849327494866657,0.07142248545657465,0.05493018619502517,0.08903046457772218
2018-07-15 22:00:00,0.8175724517337225,0.22024111704813368,0.3343963606496553,0.013465957264717042,0.012466513467086776
2018-07-15 23:00:00,0.49372495184429344,0.14641689987248305,0.28271959899454163,0.019225067421556434,0.0
2018-07-16 00:00:00,0.14460732126746143,0.033051487590627635,0.4060988765064826,0.0,0.0
2018-07-16 01:00:00,0.22299748079001402,0.0,0.4944942365911106,0.03834108178233177,0.03240222192595329
2018-07-16 02:00:00,0.21304164245862364,0.0,0.03953375527688989,0.09670640618977588,0.0
2018-07-16 03:00:00,0.145844891966162,0.0,0.027815832127941708,0.4336754022701235,0.0
2018-07-16 04:00:00,0.030901879313043862,0.0,0.0,0.5207395233891312,0.07590787128811607
2018-07-16 05:00:00,0.05537596891445179,0.0,0.0,0.27761002070104995,0.0
2018-07-16 06:00:00,0.06445810696229591,0.0,0.0,0.11903910425859172,0.0
2018-07-16 07:00:00,0.06775432187773947,0.03109128347620314,0.01912241824026625,0.09651744460469201,0.0
2018-07-16 08:00:00,0.07072545878250083,0.0493886379250964,0.042931488456557115,0.038945715033629986,0.0
2018-07-16 09:00:00,0.030373421397875876,0.004558965968692092,0.04926329689541466,0.033464516730094526,0.013966583139621519
2018-07-16 10:00:00,0.020538209870935284,0.058684411934388746,0.028102414070683358,0.04251150212450307,0.03879860922033492
2018-07-16 11:00:00,0.038323084222484,0.04866904716417726,0.0827561881518363,0.06461655333538661,0.1349775461831806
2018-07-16 12:00:00,0.08585161416602692,0.01850559743069535,0.06730581358156848,0.1685293190302182,0.13993223442813582
2018-07-16 13:00:00,0.09092394179551178,0.027507895485392553,0.10640159097132679,0.09498326290118503,0.08876543798072338
2018-07-16 14:00:00,0.21308265534544793,0.0,0.16204258292157198,0.06392692009799295,0.11037686484543788
2018-07-16 15:00:00,0.21719021625526594,0.1290855766118077,0.2339734333149643,0.08717681413191783,0.1768923279131319
2018-07-16 16:00:00,0.3489697069302926,0.061160963239083765,0.21998162043401717,0.060942072482860224,0.026560259576524865
2018-07-16 17:00:00,0.7641510115586775,0.07560558737062122,0.29371046642870524,0.0,0.8339958795574653
2018-07-16 18:00:00,0.10918636892298067,0.2685708847784932,0.4171522072547917,0.024961330906507803,0.07544858583491873
2018-07-16 19:00:00,0.2604466179644669,0.3064863979423151,0.2947250715451727,0.0,0.04596637265750515
2018-07-16 20:00:00,0.5196051456543357,0.7695470195874404,0.49162818438114225,0.08642885807541265,0.4543298773151568
2018-07-16 21:00:00,0.4398464607203439,0.24510663863764207,0.848938635226367,1.0,0.5047178307414275
2018-07-16 22:00:00,0.05083409284554687,0.20034593652013882,0.7036203525539184,1.0,0.2720640853332058
2018-07-16 23:00:00,0.0,0.18086302118917189,0.41875425711997194,0.7939555669573323,0.0
2018-07-17 00:00:00,0.055764228695981716,0.49806078900250256,0.05549647843276436,1.0,0.0
2018-07-17 01:00:00,0.13855762656978263,0.12070234526040291,0.12341178433359214,0.1344701492994005,0.0
2018-07-17 02:00:00,0.19594085322049365,0.0253222258678177,0.12485102745497935,0.04214002858668356,0.0
2018-07-17 03:00:00,0.38608575629460046,0.0,0.0,0.0,0.05364496607826509
2018-07-17 04:00:00,0.48609764876729805,0.0,0.02685329680999139,0.06236525130704226,0.10665974689524886
2018-07-17 05:00:00,0.2910439757676582,0.2638766737503196,0.0,0.08489954898505206,0.04229126211120516
2018-07-17 06:00:00,0.40475312507254374,0.1675214648733367,0.0,0.10336718404411162,0.05822879058878154
2018-07-17 07:00:00,0.21113111535584447,0.15383663665136957,0.0,0.09662924435850162,0.022616033439462693
2018-07-17 08:00:00,0.06376471178988619,0.2796876405968045,0.0,0.026465837902357327,0.026897015473045894
2018-07-17 09:00:00,0.03200665050638322,0.21047711585467954,0.0,0.0,0.03722566367326201
2018-07-17 10:00:00,0.0,0.025714456381995477,0.0,0.0,0.0036321238885511087
2018-07-17 11:00:00,0.0,0.0,0.0,0.0,0.023984995918829997
2018-07-17 12:00:00,0.0,0.0,0.02350498936427694,0.05380516047581618,0.03498347985754187
2018-07-17 13:00:00,0.0,0.06145961922589264,0.049990345545289555,0.1308987752791236,0.051983939486633914
2018-07-17 14:00:00,0.0,0.06468631198198577,0.11442953907125344,0.19732232153490645,0.13553194648029832
2018-07-17 15:00:00,0.0,0.02572924814895594,0.20525014674794242,0.1524773871129116,0.0
2018-07-17 16:00:00,0.0,0.0,0.25713874960546135,0.061884392400215454,0.06603530079480949
2018-07-17 17:00:00,0.047662765396006536,0.01247340831464116,0.390484544170436,1.0,0.0
2018-07-17 18:00:00,0.981089337265665,0.005581132002633051,0.15532346840669764,1.0,0.0
2018-07-17 19:00:00,0.3753171362376963,0.07580399353160543,0.22869003084766518,1.0,0.020245460631880003
2018-07-17 20:00:00,0.18644623808079974,0.027667447803835832,0.09332275303251181,1.0,0.09515488219928593
2018-07-17 21:00:00,0.23913301795528133,0.0859459434929939,0.3098067945311692,1.0,0.12198954330150538
2018-07-17 22:00:00,0.5771467650416168,0.9785379269967656,0.150068782615964,1.0,0.23696966050139798
2018-07-17 23:00:00,0.4103357785096266,0.7955752582976999,0.30007710177370117,1.0,0.0
2018-07-18 00:00:00,0.2713478602758062,0.2637496229181368,0.34246106223049033,1.0,0.0
2018-07-18 01:00:00,0.235890695910253,0.3310296995246535,0.38427649985189005,1.0,0.0
2018-07-18 02:00:00,0.5204856930084388,0.4306985726315924,0.41421875709351436,0.924055502211391,0.0877551909157655
2018-07-18 03:00:00,0.7438984876919745,0.6124200203240298,0.3356886316575532,0.10716059827392811,0.14245571532347828
2018-07-18 04:00:00,0.981089337265665,0.3639393128763061,0.25031186803006694,0.06545115712858685,0.30328112080037983
2018-07-18 05:00:00,0.02912685539843408,0.22032331700001703,0.39023355760814954,0.06187115265033704,0.13030873635935203
2018-07-18 06:00:00,0.0,0.40251524889947704,0.004865831874730837,0.0,0.13997671755024385
2018-07-18 07:00:00,0.0,0.41003364865973535,0.19044847900457532,0.0,0.2851715072458775
2018-07-18 08:00:00,0.0,0.2760596090418156,0.12752725734314388,0.0,0.13895757970077627
2018-07-18 09:00:00,0.0,0.31090580490224584,0.09627725046194034,0.0,0.026886043300005356
2018-07-18 10:00:00,0.0,0.36621116659836744,0.0,0.0,0.02831742127216871
2018-07-18 11:00:00,0.0,0.759144049449278,0.0,0.0,0.0
2018-07-18 12:00:00,0.04106163880392182,0.5885509444310875,0.0,0.7551043740623052,0.014541861931185179
2018-07-18 13:00:00,0.12323833461341263,0.25115491427243075,0.0,0.8330947769751393,0.11522819260603416
2018-07-18 14:00:00,0.12943837615904563,0.1708422806544128,0.0751512286675953,0.18195426925859512,0.23994578351170417
2018-07-18 15:00:00,0.05803172028413352,0.12882750240144836,0.05167878451954864,0.08361546108219275,0.02350955130322563
2018-07-18 16:00:00,0.03667572540717698,0.10732488392493565,0.04563411067894798,0.13635626923604383,0.21635240837410633
2018-07-18 17:00:00,0.024431458450032077,0.02947924148472902,0.06525230062041824,0.12830909232843715,0.9495255609856614
2018-07-18 18:00:00,0.03913104431961623,0.2077116467039108,0.10364444347762655,0.2185853581362408,0.598341514820297
2018-07-18 19:00:00,0.2003049765032589,0.23565451882454846,0.16843885919589804,0.3950994894213017,0.3355240477646837
2018-07-18 20:00:00,0.20962973932562723,0.18900394980483612,0.15391383210474804,0.09057797049330958,0.2954323372767445
2018-07-18 21:00:00,0.4162823604508196,0.763687250981548,0.171159626746279,0.10047853739463546,0.5488423743780081
2018-07-18 22:00:00,0.676802806566926,0.35485404522831854,0.3486502633878361,0.17176001884070013,0.4622050933905542
2018-07-18 23:00:00,0.981089337265665,0.04735087163862578,0.6663280138551381,0.11209119451313188,0.3653098575168287
2018-07-19 00:00:00,0.981089337265665,0.0,0.8384131886909224,0.12165356283759446,0.0
2018-07-19 01:00:00,0.981089337265665,0.03822551290039272,0.7788691171270674,0.0857737261867643,0.0
2018-07-19 02:00:00,0.9572752461927985,0.10632335807985566,0.09988156541459527,0.0942425072223745,0.14625590339629402
2018-07-19 03:00:00,0.8672287561120202,0.0659457965927703,0.12691823840945418,0.0,0.46377927955689857
2018-07-19 04:00:00,0.48861685211171657,0.022879154215881565,0.13892279656504325,0.03100740806278306,0.6765927193546597
2018-07-19 05:00:00,0.39134770943539093,0.026778975351870023,0.06816515781717324,0.0,0.3022141419955121
2018-07-19 06:00:00,0.3945526405287919,0.433750923297713,0.0,0.0,0.33165340305253677
2018-07-19 07:00:00,0.05751851317157279,0.384514998803421,0.0,0.007236965864607324,0.0948670054280669
2018-07-19 08:00:00,0.1371989261820059,0.10432755504433353,0.0,0.008401663617405939,0.0
2018-07-19 09:00:00,0.18216606027274243,0.3510398153742339,0.0,0.08105820188916443,0.0
2018-07-19 10:00:00,0.24825078022866032,0.38483335798690477,0.0,0.08758073755073661,0.0
2018-07-19 11:00:00,0.1640211053071873,0.34002750099797285,0.0,0.10319488926461622,0.0
2018-07-19 12:00:00,0.0678530383845811,0.31739786289716965,0.0,0.019525051804278958,0.0
2018-07-19 13:00:00,0.3196580084711402,0.42200279382988554,0.0,0.0,0.0
2018-07-19 14:00:00,0.3538506291691569,0.1860028478232126,0.015250543523249735,0.0,0.0
2018-07-19 15:00:00,0.13577909032377808,0.11410270234168089,0.012981694553082379,0.0,0.0
2018-07-19 16:00:00,0.19539035198508226,0.09078044069583036,0.042811482237753364,0.0,0.4602294252138614
2018-07-19 17:00:00,0.981089337265665,0.08938976577326624,0.9834636537614106,0.03217610929378197,0.6314831631140428
2018-07-19 18:00:00,0.3777031855640577,0.08938976577326624,0.6488916414452002,1.0,0.12560253067899244
2018-07-19 19:00:00,0.3279799744782913,0.09985289846998409,0.9834636537614106,0.9521839323294952,0.344556094680642
2018-07-19 20:00:00,0.511394305771724,0.17524201210519336,0.8597250690910642,0.7305822991722343,0.9132057515500945
2018-07-19 21:00:00,0.5218046459105365,0.11867992216530761,0.6455899049848494,1.0,0.9254490918197554
2018-07-19 22:00:00,0.6475878387763937,0.1272192165781645,0.42863026713380226,0.9633957820900714,0.2831047093388286
2018-07-19 23:00:00,0.8655237706547089,0.06525171218168398,0.40583756512698443,0.7082593191662641,0.0
2018-07-20 00:00:00,0.9573491528465911,0.06421539797483061,0.49536023352889696,0.5181715728003257,0.0
2018-07-20 01:00:00,0.9451407769818168,0.0,0.43163940720345295,0.5038892941898825,0.0
2018-07-20 02:00:00,0.981089337265665,0.059218462782161196,0.3616069126030287,0.79726511006507,0.19831820692182228
2018-07-20 03:00:00,0.981089337265665,0.050592748526084315,0.19941079726142283,0.27628586612725814,0.32368371354334924
2018-07-20 04:00:00,0.981089337265665,0.024240150817997443,0.14655159496274064,0.0,0.2561658839373871
2018-07-20 05:00:00,0.981089337265665,0.18962446583826764,0.14985151000789312,0.21142163027673927,0.04484958317784938
2018-07-20 06:00:00,0.981089337265665,0.12470161185464197,0.025378936586643884,0.29907543904918343,0.0
2018-07-20 07:00:00,0.981089337265665,0.0,0.03438081823192695,0.11496950985661593,0.06806012119643072
2018-07-20 08:00:00,0.5595949609955179,0.18184898228888424,0.0,0.10100843699908635,0.0
2018-07-20 09:00:00,0.2078299734449432,0.18538499169243827,0.02025749744751077,0.10369011375318873,0.0
2018-07-20 10:00:00,0.08704330678952939,0.1790911426221293,0.0,0.30112455414993405,0.0
2018-07-20 11:00:00,0.09739600968078195,0.4257909311383055,0.0,0.16176570274688767,0.027134607705196254
2018-07-20 12:00:00,0.25807136362389177,0.3177902657157077,0.04289494972738594,0.0416755650044396,0.06982268360722761
2018-07-20 13:00:00,0.9216720186637926,0.4190971477473919,0.06739196565227132,0.054482465704018886,0.1430825895538761
2018-07-20 14:00:00,0.981089337265665,0.4470193656935036,0.11807069827995237,0.09456271125133829,0.05341302137862772
2018-07-20 15:00:00,0.981089337265665,0.5099464646056407,0.11133917183959927,0.07677517242614085,0.02620413446587735
2018-07-20 16:00:00,0.981089337265665,0.2958825458935801,0.09317273676014938,0.1171070848316982,0.6266932578265502
2018-07-20 17:00:00,0.981089337265665,0.524943284568043,0.29560189573848394,0.5514647006849867,0.9495255609856614
2018-07-20 18:00:00,0.981089337265665,0.4308954916402503,0.4886023754626685,0.30679069337752773,0.9495255609856614
2018-07-20 19:00:00,0.981089337265665,0.24078027332276758,0.5114850901919387,0.21678588285234768,0.6329391196321275
2018-07-20 20:00:00,0.981089337265665,0.07559670219834232,0.6331542972384481,0.41198319659435056,0.036500387482242616
2018-07-20 21:00:00,0.981089337265665,0.93201802494936,0.29688439980807857,0.9553612030675687,0.7041031812134398
2018-07-20 22:00:00,0.981089337265665,0.4059467282058733,0.48488239261588484,1.0,0.15343723463810988
2018-07-20 23:00:00,0.09154683079196708,0.16066616304984604,0.30123075166280067,1.0,0.3495432698867266
2018-07-21 00:00:00,0.943037145375126,0.3332664893613727,0.285166135246805,0.9394152450255102,0.24059824880362096
2018-07-21 01:00:00,0.42777944314304034,0.28482681609718385,0.38963231290378525,0.38108322775160636,0.008506531783373385
2018-07-21 02:00:00,0.981089337265665,0.04125735936925081,0.9834636537614106,0.6298195915135715,0.1612883069427407
2018-07-21 03:00:00,0.0107114031726312,0.0,0.6766589885354085,0.47404633933593465,0.1545097909327569
2018-07-21 04:00:00,0.056493668119692406,0.0,0.547317665295623,0.8944681877560801,0.14939735173188398
2018-07-21 05:00:00,0.530335783231679,0.3802972780761197,0.3937492683830859,0.575299809832957,0.02597655844734137
2018-07-21 06:00:00,0.17719066049172907,0.23193635215414796,0.25550386119216945,0.6350944599889734,0.041163021483104544
2018-07-21 07:00:00,0.06616940750744826,0.17104531846482757,0.2258862903054842,0.3762981874989646,0.0
2018-07-21 08:00:00,0.12570720178232836,0.1383281060647858,0.2809247326146533,0.23808173264643004,0.0
2018-07-21 09:00:00,0.06715428852431628,0.16833585655825975,0.16501245511608428,0.09832485639690457,0.0196006950163092
2018-07-21 10:00:00,0.09732467828640429,0.15563294067657055,0.1988912183421589,0.034502379035812575,0.035390636652722
2018-07-21 11:00:00,0.11345673415158451,0.25261604595879383,0.3942716620547896,0.07819983378981277,0.0936592418669001
2018-07-21 12:00:00,0.21316015546966405,0.503776710903325,0.6669305179974411,0.11964407520770151,0.06788680311483943
2018-07-21 13:00:00,0.21992464782243548,0.46796838554229453,0.697476921462042,0.27055962427656044,0.04152482810298798
2018-07-21 14:00:00,0.3349713614093453,0.41621163716420867,0.7679224745088619,0.38121746866414824,0.07358015289976974
2018-07-21 15:00:00,0.873493666013083,0.5658523451834157,0.8403744484214438,0.19320179400632603,0.9495255609856614
2018-07-21 16:00:00,0.981089337265665,0.5935416187802387,0.9834636537614106,0.09462617054984054,0.9495255609856614
2018-07-21 17:00:00,0.981089337265665,0.9785379269967656,0.9834636537614106,0.35136864438940596,0.9495255609856614
2018-07-21 18:00:00,0.981089337265665,0.9785379269967656,0.9834636537614106,1.0,0.5020783683352028
2018-07-21 19:00:00,0.981089337265665,0.16372703044584486,0.7531829830361596,1.0,0.0042431926584225906
2018-07-21 20:00:00,0.981089337265665,0.1377003034453609,0.26442722532419766,1.0,0.0
2018-07-21 21:00:00,0.6725742871735894,0.031426147767786725,0.550415110730345,1.0,0.23646162076323496
2018-07-21 22:00:00,0.6226389503222397,0.18280509492904867,0.9834636537614106,0.2969445737798786,0.018672140496657948
2018-07-21 23:00:00,0.6212435859197406,0.037588400344277725,0.9834636537614106,0.5476018517956297,0.0
2018-07-22 00:00:00,0.26110417481358106,0.0,0.310599495919888,0.4627043801537238,0.09853403039609004
2018-07-22 01:00:00,0.2850614583799417,0.0,0.3498662954848802,0.6797659382476559,0.12499686377992826
2018-07-22 02:00:00,0.35817946647126647,0.0,0.13240712441248434,0.4625457978622285,0.11253665480968617
2018-07-22 03:00:00,0.5030641572382588,0.0,0.033052707831514386,0.38505931452147096,0.20527347823490724
2018-07-22 04:00:00,0.9519947662623018,0.027834216232686042,0.04354958860067614,0.5805318142333343,0.16030954527125169
2018-07-22 05:00:00,0.8830617271066842,0.0,0.15724812849515807,0.3578294125672712,0.09341449219107056
2018-07-22 06:00:00,0.981089337265665,0.03126189390261112,0.18655569263196664,0.5484993913414011,0.050528571494669036
2018-07-22 07:00:00,0.691310480298005,0.07527980244860517,0.19561050072081546,1.0,0.019465691671051343
2018-07-22 08:00:00,0.2308515530964642,0.0002932954419002994,0.11378231694163471,0.6616723157113169,0.09552593209275956
2018-07-22 09:00:00,0.13112700647760314,0.12729902211186284,0.06787952259575235,0.5616152550900174,0.05770045540255266
2018-07-22 10:00:00,0.06624820717948919,0.12398776227694208,0.029026317833640715,0.32719888786780166,0.0
2018-07-22 11:00:00,0.0673723834810765,0.5571644879944252,0.0,0.5110671607331356,0.04418706832482166
2018-07-22 12:00:00,0.06911041471788996,0.6801782584169309,0.0,1.0,0.1129418919124248
2018-07-22 13:00:00,0.07828471212916008,0.5451075142571984,0.0,1.0,0.372622833041979
2018-07-22 14:00:00,0.11065373122957184,0.6406410570871488,0.03226476839295142,1.0,0.6401297238332395
2018-07-22 15:00:00,0.1263202560624565,0.3791127944651477,0.2417178734069859,0.9527406291062536,0.9495255609856614
2018-07-22 16:00:00,0.13319447260795983,0.3301939125076473,0.6119134331963605,1.0,0.03276815936488682
2018-07-22 17:00:00,0.20594546747830553,0.9485707892124239,0.17003968238415662,1.0,0.1137415469484688
2018-07-22 18:00:00,0.31890891789272796,0.40995446393768614,0.07320124919439831,0.4166100234334307,0.2264601026646293
2018-07-22 19:00:00,0.22017842350363448,0.9560098650444235,0.5310367911890941,0.5692988711258541,0.18509327020185085
2018-07-22 20:00:00,0.981089337265665,0.8258999506730843,0.2175081403955586,0.5846201106400333,0.0
2018-07-22 21:00:00,0.981089337265665,0.9785379269967656,0.9834636537614106,1.0,0.07586766576584625
2018-07-22 22:00:00,0.24962541597660587,0.9785379269967656,0.4453069523553783,0.9623181022007455,0.0
2018-07-22 23:00:00,0.981089337265665,0.9785379269967656,0.0,1.0,0.002769674564983932
2018-07-23 00:00:00,0.0,0.8794824614417132,0.064463566914972,1.0,0.09982128897289552
2018-07-23 01:00:00,0.0,0.6598755330447081,0.43007213945420186,1.0,0.020048849904200715
2018-07-23 02:00:00,0.4493314839332612,0.48344370252883545,0.20725899199101258,0.13706294418688994,0.0
2018-07-23 03:00:00,0.13447274517333208,0.6519623556639148,0.31020088478836316,0.11994541556028238,0.0
2018-07-23 04:00:00,0.05415034739526837,0.34049322338839444,0.07521311829058214,0.25090996932010656,0.0
2018-07-23 05:00:00,0.44545986770360496,0.7320218834818161,0.9834636537614106,0.5439707440408512,0.0
2018-07-23 06:00:00,0.3634396510670259,0.6988684227825602,0.9834636537614106,0.26210245569205065,0.0
2018-07-23 07:00:00,0.29321665480572395,0.4608409760348287,0.45064564395120144,0.4316621812864604,0.0
2018-07-23 08:00:00,0.1237408852155921,0.3814792179009421,0.31109821595913406,0.02546116372668416,0.0
2018-07-23 09:00:00,0.10497468095156137,0.08556473078724688,0.3707471463405906,0.041574777779315904,0.04324072553754241
2018-07-23 10:00:00,0.09003137751292976,0.08822645935595516,0.1770422486364138,0.35441921468196264,0.13548811033092487
2018-07-23 11:00:00,0.1098746425634006,0.0942560033600991,0.12942137042746701,0.19052530699566952,0.28234899772758393
2018-07-23 12:00:00,0.12658513428685353,0.06339260514595983,0.12876681011947425,0.14841164286311465,0.1931078944899947
2018-07-23 13:00:00,0.06858246131021775,0.3657639921026636,0.1576905618914428,0.1977226888787452,0.2618966650405273
2018-07-23 14:00:00,0.16099256704216158,0.3796997811164861,0.1905150670974502,0.20878681320406664,0.3019424001904601
2018-07-23 15:00:00,0.43437863925969017,0.36110835020612164,0.2710385090115362,0.1744771817418415,0.3566845453518289
2018-07-23 16:00:00,0.5107053642041957,0.24960584007352865,0.17769796297720425,0.25518313896930866,0.5404119946617649
2018-07-23 17:00:00,0.4117606481070233,0.32117961233537645,0.17386698045737375,0.3558530623962558,0.2070380779737665
2018-07-23 18:00:00,0.8743880786239357,0.10262132388839776,0.32862164706057745,0.1812786388422609,0.9495255609856614
2018-07-23 19:00:00,0.6505772149954907,0.18704667634275718,0.4329404165759129,0.36000466275023957,0.9495255609856614
2018-07-23 20:00:00,0.12166715043281501,0.0,0.28990009612223255,0.06358060923221669,0.0
2018-07-23 21:00:00,0.0,0.02737318591811976,0.10447911644101235,0.10664653646435204,0.04244527634498134
2018-07-23 22:00:00,0.6556087465807077,0.6171029617904941,0.5574275355912325,0.012615834231596398,0.020323370318529956
2018-07-23 23:00:00,0.08770903117226674,0.06611398046897053,0.5010550331404434,0.08381284384044521,0.09861695993802091
2018-07-24 00:00:00,0.4336549604323632,0.036651894454929265,0.2849854368631438,0.28106466046971834,0.1467851421060356
2018-07-24 01:00:00,0.04699750914474992,0.041596745385080874,0.3315420531235126,0.6781336906938921,0.17737688149252903
2018-07-24 02:00:00,0.26963674429083073,0.0,0.26700032703849114,0.9727124880891287,0.0
2018-07-24 03:00:00,0.43111807243938793,0.0,0.2897343535626774,0.40090101461278155,0.0
2018-07-24 04:00:00,0.33680142859982565,0.0,0.458704204765376,0.27020302195200396,0.0
2018-07-24 05:00:00,0.1869510381477186,0.06657806134478786,0.7254846949059772,0.16907134364654242,0.0
2018-07-24 06:00:00,0.05452675682891531,0.07025722418264246,0.5640801408777283,0.10277819979500166,0.11487956064510256
2018-07-24 07:00:00,0.12174290001418278,0.0,0.489164453567191,0.059701005777053645,0.06917000024185942
2018-07-24 08:00:00,0.10161329693663057,0.0,0.2664138767522107,0.08574220533427394,0.0
2018-07-24 09:00:00,0.18614673277245702,0.0,0.20734552771597578,0.05817920381092293,0.0
2018-07-24 10:00:00,0.30672710321392993,0.0,0.2200938553832397,0.02118998033930866,0.01824661842576078
2018-07-24 11:00:00,0.4138978313230307,0.0,0.2972688168405266,0.0,0.0
2018-07-24 12:00:00,0.4224375124272268,0.01242777868899931,0.4063991655906868,0.0,0.021029133745708167
2018-07-24 13:00:00,0.38812327656354484,0.03659361152034822,0.36045712249988615,0.04660786213563057,0.05275174656729214
2018-07-24 14:00:00,0.2212462751530834,0.023010948586972623,0.2574428351974634,0.08825636554448307,0.08621301812529958
2018-07-24 15:00:00,0.3103645201444277,0.08020226726879318,0.3139213654677436,0.12740999274603731,0.16368497746454055
2018-07-24 16:00:00,0.5720993506267019,0.20125283384369638,0.3529497485192214,0.19171449138684085,0.17551742621918853
2018-07-24 17:00:00,0.3639422187664689,0.6026586616018724,0.5955433930835476,0.1868958405884436,0.1555689777116759
2018-07-24 18:00:00,0.3840680214720203,0.6066903868617176,0.793981872592727,0.18197300405512215,0.0
2018-07-24 19:00:00,0.28352351623265953,0.3068547248630135,0.7514084068781799,0.9931512825592377,0.9495255609856614
2018-07-24 20:00:00,0.24948592916379136,0.3590373819026559,0.7066298950533114,0.7696097340722571,0.17104397932341608
2018-07-24 21:00:00,0.6686107514723413,0.7708741634877198,0.581926285311373,1.0,0.7173995492669335
2018-07-24 22:00:00,0.9074048844475789,0.35447239887018833,0.5079820621725224,1.0,0.13908817592794934
2018-07-24 23:00:00,0.851659629435199,0.14064798687816624,0.7162398206952005,1.0,0.43790032475901797
2018-07-25 00:00:00,0.9513500583072644,0.12781938442584095,0.5821317724620345,1.0,0.20083534422153163
2018-07-25 01:00:00,0.7443544986715191,0.03951156876910517,0.7147679223196323,1.0,0.0
2018-07-25 02:00:00,0.840193633909569,0.024160602772618466,0.7147679223196323,1.0,0.0
2018-07-25 03:00:00,0.981089337265665,0.04532132667964715,0.4177908406182806,1.0,0.05011497643493692
2018-07-25 04:00:00,0.8302676761850634,0.12906078511328278,0.48829659576584816,0.914349642057848,0.039617452843847344
2018-07-25 05:00:00,0.43172878664677206,0.03319694913426875,0.5317779127726949,0.8989310136740122,0.0919453056573152
2018-07-25 06:00:00,0.3671570079058204,0.1701836465372227,0.19489137530423215,1.0,0.18403573344504348
2018-07-25 07:00:00,0.2800693328433478,0.08419096870909881,0.07618648922719494,1.0,0.11002429663579132
2018-07-25 08:00:00,0.19233939358353402,0.09963633542806742,0.0,1.0,0.024664563979166363
2018-07-25 09:00:00,0.2141724348253795,0.03845611348370981,0.0,0.5492801934587179,0.07738631362093322
2018-07-25 10:00:00,0.11521845421209304,0.5059111511266092,0.04066926888871662,0.17015100714891124,0.15892270586778268
2018-07-25 11:00:00,0.07688323882251244,0.7384587534515282,0.23762798014725614,0.12703546732160526,0.2103734897379162
2018-07-25 12:00:00,0.01934169181102583,0.8063504707731148,0.29919219501105,0.09972516234056066,0.32398790335003536
2018-07-25 13:00:00,0.0,0.6735668419736869,0.04824821557719331,0.12539360381808948,0.5859230819668726
2018-07-25 14:00:00,0.0,0.579566349058486,0.08655947730560619,0.24906496918292523,0.5074701933936904
2018-07-25 15:00:00,0.0,0.45653554697798865,0.17845038379383893,0.07826782885869826,0.6453179902216233
2018-07-25 16:00:00,0.12066374092868963,0.37107330795254934,0.07583122549736966,0.0,0.9495255609856614
2018-07-25 17:00:00,0.0,0.3881011876688649,0.16440605321520385,0.33436514015752883,0.9495255609856614
2018-07-25 18:00:00,0.5550570980506827,0.5571642053907317,0.5495905299594624,0.17977384333690927,0.3922377510607793
2018-07-25 19:00:00,0.30906426461091074,0.9785379269967656,0.9834636537614106,0.0,0.9495255609856614
2018-07-25 20:00:00,0.6121533751597127,0.9785379269967656,0.13521071684385325,0.1000468909942205,0.2407329405789547
2018-07-25 21:00:00,0.981089337265665,0.9785379269967656,0.15542998029105992,0.061568990319905675,0.0
2018-07-25 22:00:00,0.16617716778221736,0.22416994342072202,0.1519977352934391,0.10690282325886621,0.3984081531000814
2018-07-25 23:00:00,0.2825114869623731,0.7091409647905271,0.3729580492184216,0.06980599137620148,0.04720556269285602
2018-07-26 00:00:00,0.13343667362382042,0.15101392660169213,0.5332136829319535,0.2554366362411548,0.0
2018-07-26 01:00:00,0.09833012411669506,0.0,0.3773917561996967,0.26864274390132065,0.0
2018-07-26 02:00:00,0.981089337265665,0.0,0.19636257370135213,0.33477513789965735,0.0
2018-07-26 03:00:00,0.383641001185769,0.0,0.05767419800879471,0.09507098227682767,0.0
2018-07-26 04:00:00,0.7252344435790452,0.053907790706854114,0.0,0.0,0.11504464022700181
2018-07-26 05:00:00,0.49371273222668266,0.19835368240301338,0.0,0.0,0.0
2018-07-26 06:00:00,0.43747719702875143,0.0,0.0,0.0,0.0
2018-07-26 07:00:00,0.2918449615098256,0.0,0.0,0.0,0.0
2018-07-26 08:00:00,0.1856043001430709,0.0,0.0,0.0,0.0
2018-07-26 09:00:00,0.22759300532795812,0.0,0.0,0.0,0.0
2018-07-26 10:00:00,0.014809286753252004,0.0,0.0,0.0,0.07634390269689853
2018-07-26 11:00:00,0.04690973479083914,0.0188800955028469,0.0,0.0,0.07698063368164816
2018-07-26 12:00:00,0.06173699148592118,0.001244758586440558,0.0,0.0,0.07416639923723808
2018-07-26 13:00:00,0.15919602370737365,0.0,0.0,0.0,0.13133796831967862
2018-07-26 14:00:00,0.11344459479987284,0.07978164544128916,0.0,0.11689185895916886,0.22994366267945976
2018-07-26 15:00:00,0.1350761047424701,0.0554190770248681,0.02437382649342192,0.3679186651858078,0.11286056894239772
2018-07-26 16:00:00,0.07014611453260731,0.11810333718806862,0.045432353388012284,0.08525912405257663,0.1427962301685311
2018-07-26 17:00:00,0.07052082310722382,0.34109266584578796,0.3550528337102411,0.12119205019207689,0.04881613031789705
2018-07-26 18:00:00,0.08630296318108936,0.4213987732231671,0.595260117203551,0.08499038049331521,0.07843123934369682
2018-07-26 19:00:00,0.07744301691607197,0.1730110244866716,0.16480402738295474,0.06755596130823692,0.5298049519287862
2018-07-26 20:00:00,0.48371611355997407,0.10276577429864647,0.15063152084868753,0.07058918697563048,0.0
2018-07-26 21:00:00,0.21829638291693026,0.17547510401456934,0.0,0.17478665386184006,0.11085647719599949
2018-07-26 22:00:00,0.5302085584805392,0.3045360405610904,0.03701330009453946,0.43461267221795796,0.0
2018-07-26 23:00:00,0.53739982210681,0.4192665196698163,0.07022732857625474,0.2568237031974119,0.0
2018-07-27 00:00:00,0.44360464403462146,0.2038427628349363,0.0,0.0,0.12764810283361244
2018-07-27 01:00:00,0.0,0.119980576567919,0.08379736060344316,0.5167097173932138,0.2943242962946591
2018-07-27 02:00:00,0.0,0.9785379269967656,0.0,1.0,0.0005176817574868726
2018-07-27 03:00:00,0.053422266318312095,0.9611332973901907,0.08340253273377811,0.5449804443634391,0.38001387262938
2018-07-27 04:00:00,0.028099307876016298,0.6149912891784242,0.1326238087178811,0.5913277636496752,0.049586316861702506
2018-07-27 05:00:00,0.981089337265665,0.56714363001158,0.0,0.6764422690523854,0.0
2018-07-27 06:00:00,0.981089337265665,0.08749288199318131,0.062262037769959575,0.37850835585390447,0.0
2018-07-27 07:00:00,0.684343483836671,0.3949467503452478,0.0,0.194816568666258,0.0
2018-07-27 08:00:00,0.0,0.43692191659937035,0.0,0.0,0.0
2018-07-27 09:00:00,0.030798840745054196,0.4507550306754897,0.004317168038701289,0.0,0.0
2018-07-27 10:00:00,0.09592595825809518,0.3771112953639411,0.0,0.0,0.0
2018-07-27 11:00:00,0.17069231371767257,0.32400347555801456,0.2083654447919138,0.0,0.0
2018-07-27 12:00:00,0.1919524001403599,0.4944390037027915,0.13986022178583757,0.0,0.0
2018-07-27 13:00:00,0.1878734866460813,0.5360389330587146,0.2438181913389054,0.07660725281779134,0.09261814814851786
2018-07-27 14:00:00,0.24775683299308804,0.7140120945289239,0.5489673645032138,0.36746904531673613,0.28917535580986276
2018-07-27 15:00:00,0.6330491917738588,0.9785379269967656,0.5534305425409274,0.22907149482030056,0.9495255609856614
2018-07-27 16:00:00,0.6636541564523787,0.29146057492752625,0.9834636537614106,0.47622327247875795,0.6831844537536986
2018-07-27 17:00:00,0.7782446355392506,0.2987046215108817,0.9279610459943499,0.17065930244573738,0.9204882013806724
2018-07-27 18:00:00,0.5191561701252256,0.06193640848938437,0.3205960252552726,0.5891466464286138,0.008932515610469658
2018-07-27 19:00:00,0.981089337265665,0.1326864492587974,0.1661224550672179,0.0,0.0
2018-07-27 20:00:00,0.981089337265665,0.07955059993090939,0.13375451638555838,0.04680353495357825,0.020966201110884566
2018-07-27 21:00:00,0.981089337265665,0.16534401093788662,0.027555030865360004,0.39086764222649467,0.011500445717152682
2018-07-27 22:00:00,0.981089337265665,0.05795122683771553,0.010829995337944381,0.34291239670895857,0.0
2018-07-27 23:00:00,0.33889941173492377,0.0,0.21666776794766573,0.41316237712841003,0.164348792944702
2018-07-28 00:00:00,0.2269903976878757,0.0,0.03438844369748077,0.16702415177553298,0.0
2018-07-28 01:00:00,0.4192874823450618,0.0537729283207733,0.038860474788736166,0.035500117769222524,0.057705301834934546
2018-07-28 02:00:00,0.47971543459831817,0.07988881156868419,0.06887525946143282,0.05045147476400463,0.058215858149243446
2018-07-28 03:00:00,0.29318730429051826,0.07518076951900914,0.3063634827690477,0.10572369989274136,0.07093718572281012
2018-07-28 04:00:00,0.3477897489272944,0.11738436072774602,0.2656055787792137,0.057212447459662724,0.0
2018-07-28 05:00:00,0.3010307459972822,0.15872957517018582,0.5493890706148077,0.0,0.0
2018-07-28 06:00:00,0.49879909951595564,0.20127174575006299,0.0935889649440743,0.0,0.0
2018-07-28 07:00:00,0.44168020491617815,0.0,0.0,0.0,0.0
2018-07-28 08:00:00,0.38905092173671596,0.0,0.0,0.0,0.0
2018-07-28 09:00:00,0.38852653517319097,0.0,0.0,0.0,0.0
2018-07-28 10:00:00,0.25306598467139324,0.009911111731482113,0.0,0.0,0.0
2018-07-28 11:00:00,0.08762932025430321,0.0,0.0,0.0,0.0
2018-07-28 12:00:00,0.054042140167706816,0.0,0.0,0.0,0.0
2018-07-28 13:00:00,0.0488785628633954,0.0,0.02245246548328488,0.0,0.008121111395071842
2018-07-28 14:00:00,0.014099376214865714,0.0,0.0869608975681911,0.0,0.0
2018-07-28 15:00:00,0.0,0.22602094302942385,0.10148374387481274,0.06962367170468013,0.9495255609856614
2018-07-28 16:00:00,0.0,0.9785379269967656,0.1810098263432806,0.0,0.9495255609856614
2018-07-28 17:00:00,0.0,0.9785379269967656,0.6019049385276586,0.4734779681248025,0.7983456070819741
2018-07-28 18:00:00,0.034050395695634665,0.05814278181691881,0.617379047729957,0.8178816028614647,0.19257326753602932
2018-07-28 19:00:00,0.03542588324348169,0.03961218980403212,0.9834636537614106,0.0,0.022185012843353034
2018-07-28 20:00:00,0.26162716882429776,0.2253302979228471,0.06343068542250069,0.0,0.08191906694533112
2018-07-28 21:00:00,0.981089337265665,0.10370625833787964,0.7055783750626498,0.3106806266138137,0.0
2018-07-28 22:00:00,0.018404202272064508,0.16501838465433769,0.9834636537614106,0.9592303599122585,0.18292459591361424
2018-07-28 23:00:00,0.14328144951475075,0.8054036423329123,0.34696895143580037,0.2624143440388962,0.3177537454828876
2018-07-29 00:00:00,0.01679674218519885,0.9238166404414233,0.0,0.38278043751665947,0.194033608100587
2018-07-29 01:00:00,0.2909160006546332,0.1905615415549075,0.0,0.197216611242402,0.0
2018-07-29 02:00:00,0.15129328157425093,0.148073752137441,0.0,0.12660353035672423,0.0
2018-07-29 03:00:00,0.27217269738727556,0.37689973073073596,0.0,0.0,0.020750697143311
2018-07-29 04:00:00,0.13568090759372115,0.10407919788034714,0.0,0.0,0.042724395801047914
2018-07-29 05:00:00,0.019967112408774683,0.0,0.05674445024301193,0.0,0.0
2018-07-29 06:00:00,0.0,0.0,0.020927234127781955,0.0,0.0
2018-07-29 07:00:00,0.0,0.0,0.0,0.0,0.0
2018-07-29 08:00:00,0.0,0.01983454269527495,0.0,0.0,0.0
2018-07-29 09:00:00,0.0,0.0,0.0,0.0,0.0
2018-07-29 10:00:00,0.0,0.04133943736780325,0.0,0.0015970956145506812,0.0
2018-07-29 11:00:00,0.0,0.0,0.0,0.1085900898024886,0.0011766809766773994
2018-07-29 12:00:00,0.0,0.0,0.0,0.10072195441815701,0.039026363930754024
2018-07-29 13:00:00,0.029558078494400744,0.1990040758066992,0.042463309946578646,0.4533808255297447,0.2687972614104231
2018-07-29 14:00:00,0.017286317424554783,0.11257925697119599,0.025664936594055474,0.15768757154067609,0.5449250447587066
2018-07-29 15:00:00,0.1253293835502292,0.040366284789019734,0.03547321737185504,0.0,0.9495255609856614
2018-07-29 16:00:00,0.41734128594822173,0.10915712750701716,0.45276711803573455,0.7649280998227737,0.3249271926289333
2018-07-29 17:00:00,0.5817089746701172,0.1624109899319574,0.8367270607325615,0.025430306781469007,0.9439101765643217
2018-07-29 18:00:00,0.4358591085033372,0.18592557865187523,0.09238775275503032,0.23996243764888817,0.30062955740679215
2018-07-29 19:00:00,0.981089337265665,0.0,0.034928048786512685,0.07080048175337957,0.4400432115718273
2018-07-29 20:00:00,0.5671127598451053,0.33427315051064654,0.32543113169341886,0.04468380887036608,0.0
2018-07-29 21:00:00,0.8037300097505139,0.9785379269967656,0.04074228944601136,0.0,0.88140830151834
2018-07-29 22:00:00,0.981089337265665,0.03704193190189727,0.2703193969329118,0.0,0.9495255609856614
2018-07-29 23:00:00,0.981089337265665,0.0,0.286603450711499,0.11027637180047814,0.5987434974868873
2018-07-30 00:00:00,0.981089337265665,0.06149970993704498,0.5104274749243155,0.11134677032700853,0.332321946053289
2018-07-30 01:00:00,0.004694116935166092,0.13864959280275285,0.16820769569132873,0.10890933542520159,0.0
2018-07-30 02:00:00,0.13596071481115232,0.12053405287617054,0.24030422335837665,0.153947654501138,0.0
2018-07-30 03:00:00,0.011138267605239999,0.32665691052916773,0.5176213415918977,0.1445513417807396,0.008027143424619144
2018-07-30 04:00:00,0.28444352733344147,0.180891637458723,0.7257976969390003,0.17102408457260715,0.0
2018-07-30 05:00:00,0.6964533728230586,0.12668846628015826,0.3253352522014162,0.444657318062236,0.0
2018-07-30 06:00:00,0.3574597286908889,0.13860053482111787,0.17637287252550604,0.5944968698199522,0.0
2018-07-30 07:00:00,0.440957048100698,0.08810276865436592,0.16782827751698437,0.4108746935894966,0.0
2018-07-30 08:00:00,0.2139740229183472,0.10903638094007842,0.20344654115614752,0.24812522172950555,0.0
2018-07-30 09:00:00,0.3195976171744242,0.2462245414002039,0.20370734909156799,0.26490982834007,0.0
2018-07-30 10:00:00,0.25819975668561107,0.24969940491919107,0.1979668590584349,0.26384151216976703,0.049726859803340955
2018-07-30 11:00:00,0.17780733420638536,0.21744496907749244,0.26244986216754307,0.26866441302155325,0.2735706763213556
2018-07-30 12:00:00,0.09643337426734298,0.5547561533620604,0.2645768209569288,0.3422199668316852,0.07366447627915512
2018-07-30 13:00:00,0.04519899591247033,0.36765027582909504,0.3511905826166159,0.3457937307076852,0.19940660455250156
2018-07-30 14:00:00,0.13043796378617,0.4430976512235628,0.625406811584546,0.31175744150212825,0.3740354039961719
2018-07-30 15:00:00,0.18177459969800652,0.4906538602229382,0.613677673652582,0.2022722216309369,0.3643614403667985
2018-07-30 16:00:00,0.1508935621713479,0.2857646528203654,0.4731138013090751,0.20862320085096753,0.27206340089998216
2018-07-30 17:00:00,0.31514948431134265,0.22591314775556026,0.305564483022672,0.16833365546267076,0.20772675540375646
2018-07-30 18:00:00,0.3333785552208771,0.18739264472793352,0.2370076920025284,0.08619420037132468,0.11192210154955402
2018-07-30 19:00:00,0.14853508462213408,0.07386357300388754,0.28661492003678596,0.24350184266311511,0.04272826950262215
2018-07-30 20:00:00,0.1926625092319162,0.36925305016941,0.491369278844459,0.3639663639008249,0.0
2018-07-30 21:00:00,0.08835089069254569,0.2050842584770019,0.2903779891679721,0.28431492170494893,0.0
2018-07-30 22:00:00,0.3615011092088129,0.1944594618337131,0.16391480365179067,0.3815440708027024,0.0
2018-07-30 23:00:00,0.2290142751254831,0.37030322448910374,0.08013884638607234,0.3600353510745971,0.09470697405605623
2018-07-31 00:00:00,0.029497353826007277,0.1108447665646184,0.07197480635935981,0.49586235170737486,0.45812594072491597
2018-07-31 01:00:00,0.0,0.005498520893030864,0.042228589352477794,0.5581912509277233,0.1886908113014443
2018-07-31 02:00:00,0.0,0.0,0.12807261023763994,0.721574142334791,0.12875074963521105
2018-07-31 03:00:00,0.0,0.035574228673028986,0.2336482856850873,0.8820152165250279,0.056497646006655876
2018-07-31 04:00:00,0.0,0.13069056183128275,0.27379960759789224,0.9415975238707046,0.0
2018-07-31 05:00:00,0.0,0.1711730798236599,0.5766979806249781,1.0,0.0
2018-07-31 06:00:00,0.0,0.07680766678238214,0.4278989940406503,0.7983737040523843,0.0
2018-07-31 07:00:00,0.0,0.03816650907537849,0.18074053618454336,0.21703906757271563,0.0
2018-07-31 08:00:00,0.0,0.048327824075504705,0.018729096217615055,0.10687627468542485,0.0
2018-07-31 09:00:00,0.0,0.08429515052859902,0.0,0.06635548151603247,0.0
2018-07-31 10:00:00,0.0,0.044960507789635576,0.0,0.05384179042464351,0.0
2018-07-31 11:00:00,0.0,0.06487023102527376,0.0,0.03770027320670895,0.0
2018-07-31 12:00:00,0.0,0.040501355176166924,0.08824043119318584,0.0,0.0
2018-07-31 13:00:00,0.0,0.03546101206261998,0.0918080856498185,0.0,0.0208510531255103
2018-07-31 14:00:00,0.0,0.009234741429625016,0.08370349908301816,0.013792561790274105,0.0
2018-07-31 15:00:00,0.0,0.014721407000636443,0.07751598466179356,0.14174195063920456,0.06031497013471328
2018-07-31 16:00:00,0.0,0.0,0.06210071582643118,0.24556036862672484,0.16187527875526433
2018-07-31 17:00:00,0.06954934650014481,0.0,0.08864662011388637,0.16135159843815317,0.26074073166171874
2018-07-31 18:00:00,0.1631090337704417,0.0316520487988998,0.07177271130885626,0.07801881836194041,0.5213204718392292
2018-07-31 19:00:00,0.47253770197019423,0.11517289234475342,0.12917355549421983,0.09587668272125603,0.36655378613250117
2018-07-31 20:00:00,0.6813770945760697,0.44553138756974064,0.06366579875542723,0.054173790493613885,0.18176138518885127
2018-07-31 21:00:00,0.8112519396838529,0.351846625086324,0.05103621644670641,0.06204439574829454,0.2069741490130504
2018-07-31 22:00:00,0.981089337265665,0.34553360806453354,0.06699053569988053,0.02757333955630853,0.25797292762404056
2018-07-31 23:00:00,0.981089337265665,0.14147895344884234,0.041412112088640214,0.0,0.0
2018-08-01 00:00:00,0.981089337265665,0.13088015877145492,0.10739640465570004,0.0,0.0
2018-08-01 01:00:00,0.981089337265665,0.07082360510359127,0.5922391697438406,0.0,0.0
2018-08-01 02:00:00,0.981089337265665,0.040698184540117054,0.917484141635543,0.0,0.03869142268186339
2018-08-01 03:00:00,0.981089337265665,0.0,0.24086898147897293,0.0,0.09622281269155288
2018-08-01 04:00:00,0.9448396078813893,0.0,0.12008282165123141,0.0,0.14942637041184753
2018-08-01 05:00:00,0.7297950083656031,0.0,0.04685884098547711,0.029894489103771425,0.04836226582379315
2018-08-01 06:00:00,0.5017596010257499,0.0,0.0,0.17672536857565144,0.0
2018-08-01 07:00:00,0.21635165781640667,0.0,0.14309978402349594,0.1497275683397511,0.0
2018-08-01 08:00:00,0.03724971923688849,0.0,0.0,0.0981949503353337,0.0
2018-08-01 09:00:00,0.014280910931783684,0.0,0.0,0.06200053322699317,0.0
2018-08-01 10:00:00,0.06257950997239382,0.004266280233330294,0.0,0.06661716653388837,0.0
2018-08-01 11:00:00,0.08423622872571045,0.0255550049477654,0.008823921705749754,0.0931683986110152,0.08933209000902663
2018-08-01 12:00:00,0.09099081949429805,0.02069041871479802,0.019058371625776133,0.040468505552047146,0.21594334668900284
2018-08-01 13:00:00,0.056693077867173425,0.03211807085693168,0.018979480019355538,0.047902707406536175,0.3662914709486899
2018-08-01 14:00:00,0.06340160330987596,0.02137411657142973,0.0167007157481284,0.03139529273054122,0.5510143690004579
2018-08-01 15:00:00,0.11837159816415542,0.0,0.04482328719553598,0.06305628290502577,0.5977587421548257
2018-08-01 16:00:00,0.20922433498071974,0.03782033269608894,0.04191518319976984,0.058687121060444034,0.09793859324824564
2018-08-01 17:00:00,0.21205839974378443,0.02519469985515157,0.03469453036202356,0.034201117785790665,0.8542282292334994
2018-08-01 18:00:00,0.0608919891322268,0.04768910256346748,0.07865695313966227,0.0,0.3392442549069449
2018-08-01 19:00:00,0.5669189192665937,0.008882736398756527,0.14469240692743118,0.049880775967126374,0.0
2018-08-01 20:00:00,0.19840741389630157,0.19645455308587467,0.4363728009184966,0.04854719225382602,0.021518122912176973
2018-08-01 21:00:00,0.6329830974754791,0.23435880765504358,0.6580966262262714,0.021367943516107053,0.0
2018-08-01 22:00:00,0.6766196980307961,0.23755238549457944,0.11374616519077933,0.4149988786926278,0.0
2018-08-01 23:00:00,0.6176559611430186,0.17674748123499268,0.05580034544628161,0.46711539559332493,0.0
2018-08-02 00:00:00,0.014891911004827915,0.36865350098090366,0.11154133026784982,0.39812582487020615,0.0
2018-08-02 01:00:00,0.17599105748503177,0.5491653995337408,0.28121130163172803,0.2548912593920718,0.0
2018-08-02 02:00:00,0.4805818253501471,0.23192288523859653,0.11634673328712845,0.20942456842817347,0.03211769331095837
2018-08-02 03:00:00,0.051118366347303094,0.047792519513635626,0.07304816058993716,0.23890745214421757,0.030788215626221582
2018-08-02 04:00:00,0.02356850170356622,0.12422679737453104,0.10472038704574585,0.19009696919444813,0.03664888107937871
2018-08-02 05:00:00,0.5030251291933466,0.0,0.11706520697353864,0.11623619516078924,0.05242285168838629
2018-08-02 06:00:00,0.5101904810576878,0.0,0.2513350285502251,0.21383156620421756,0.0
2018-08-02 07:00:00,0.1242671068279073,0.0,0.21383790774555955,0.21172138771416646,0.0
2018-08-02 08:00:00,0.02609697914797281,0.0,0.08164320090793385,0.07621735351139032,0.0
2018-08-02 09:00:00,0.0,0.016416176112891798,0.029968152607774492,0.09151768228963901,0.0
2018-08-02 10:00:00,0.0,0.07540247296997456,0.058484428724519776,0.0475762149903769,0.0
2018-08-02 11:00:00,0.04614683478320575,0.13882754907228873,0.17640874238003706,0.056549172278929735,0.0
2018-08-02 12:00:00,0.0979202604292449,0.12035485855950066,0.1636994772984497,0.0,0.033486128764230884
2018-08-02 13:00:00,0.11982650837491625,0.06446922743850789,0.10766352212653553,0.0,0.11775094861822787
2018-08-02 14:00:00,0.07090309922494022,0.005263843084679629,0.08530475295901986,0.0,0.10047235132896448
2018-08-02 15:00:00,0.04664564258944758,0.0,0.10915206785267,0.0,0.09705510528482779
2018-08-02 16:00:00,0.07004502821916785,0.024155954530680833,0.229424114177476,0.0,0.28929148022490164
2018-08-02 17:00:00,0.12948375162712358,0.05848524498638984,0.4916046933729916,0.11132148806093221,0.1553331576923231
2018-08-02 18:00:00,0.5580640589354147,0.10450204627808836,0.4354809394180725,0.15426527410388763,0.3055273694622334
2018-08-02 19:00:00,0.6314652618612409,0.14750955918312858,0.9834636537614106,0.10492557601114091,0.17068750818247916
2018-08-02 20:00:00,0.5744796189879591,0.14184010234036296,0.9834636537614106,0.19259347289579598,0.9495255609856614
2018-08-02 21:00:00,0.9132480151747843,0.33817859468066613,0.9834636537614106,0.2217276633482327,0.0
2018-08-02 22:00:00,0.981089337265665,0.6489877826346949,0.9834636537614106,0.40894392859020656,0.046108917148540755
2018-08-02 23:00:00,0.981089337265665,0.5830453419742414,0.9834636537614106,0.41381169699500164,0.6035169315472737
2018-08-03 00:00:00,0.981089337265665,0.9785379269967656,0.9834636537614106,0.2864958959865555,0.07109422651717416
2018-08-03 01:00:00,0.981089337265665,0.6554593263617614,0.9834636537614106,0.13938983104513702,0.23675883626602584
2018-08-03 02:00:00,0.981089337265665,0.5668905194778711,0.9834636537614106,0.19765273061090338,0.23495476302115814
2018-08-03 03:00:00,0.981089337265665,0.8061065269590668,0.9834636537614106,0.027643047178389803,0.038919182587445915
2018-08-03 04:00:00,0.967109985942823,0.08020919427367548,0.9834636537614106,0.42987447548306096,0.06234266924563147
2018-08-03 05:00:00,0.9423488539598446,0.10413678309431927,0.4099460750848428,0.13233217812120274,0.022713820232873907
2018-08-03 06:00:00,0.8851807387194951,0.0,0.5760307333186746,0.584046785934955,0.07239840462514563
2018-08-03 07:00:00,0.40786611666430883,0.0,0.4205368094502847,0.6461455205441653,0.025290841546525982
2018-08-03 08:00:00,0.18196223688886662,0.0,0.261622248186557,0.0897903196831309,0.0
2018-08-03 09:00:00,0.17935738033622478,0.0,0.12924579969652986,0.10456287148901951,0.0
2018-08-03 10:00:00,0.43801309952137024,0.0,0.0,0.08822617726540875,0.08040622693422475
2018-08-03 11:00:00,0.6296169330642367,0.6278450319907294,0.0,0.07037838120822294,0.12013311983924475
2018-08-03 12:00:00,0.9446651534033239,0.9785379269967656,0.0,0.006451949779173946,0.14914546324174513
2018-08-03 13:00:00,0.981089337265665,0.9448756198848043,0.0,0.0,0.011330931544226666
2018-08-03 14:00:00,0.981089337265665,0.5204201333047667,0.0,0.0,0.02746231228062197
2018-08-03 15:00:00,0.981089337265665,0.9785379269967656,0.36414609677812615,0.0,0.11498085075668663
2018-08-03 16:00:00,0.9396884946520221,0.5231563971702412,0.8030129144183473,0.2790455245484725,0.36581978725066805
2018-08-03 17:00:00,0.981089337265665,0.30848515614679767,0.35099659619679885,0.24978448934045258,0.8411664105126608
2018-08-03 18:00:00,0.981089337265665,0.5154897450163359,0.14634100192609167,0.37027822039047065,0.040401556208977805
2018-08-03 19:00:00,0.08243000000061308,0.09714014114153288,0.23598145509346483,0.27514274132749333,0.0027664147468242995
2018-08-03 20:00:00,0.048216235640593644,0.11519420065203752,0.0,1.0,0.0
2018-08-03 21:00:00,0.3043076741286673,0.16736257730879756,0.1915649774880821,0.967807809787315,0.038355889917963834
2018-08-03 22:00:00,0.638086289396758,0.3367527212890076,0.13958521501583837,0.8508831146192868,0.47846999086632186
2018-08-03 23:00:00,0.9028294145969843,0.20454751529348533,0.38225263267357523,1.0,0.13761214348744213
2018-08-04 00:00:00,0.550938325687439,0.6529758009274027,0.9834636537614106,0.7890435447069071,0.11513633238230596
2018-08-04 01:00:00,0.3944507715589878,0.285603865120111,0.9834636537614106,0.5629684387194815,0.9495255609856614
2018-08-04 02:00:00,0.6632620272580974,0.5772985630673758,0.7292152285989076,0.33562199954691346,0.8011009201475984
2018-08-04 03:00:00,0.5841059187419438,0.4145865761703104,0.2119232550794715,0.24209667372579924,0.8012898643144126
2018-08-04 04:00:00,0.6256136794497766,0.06721141511228623,0.4302181213156134,0.1366127436450285,0.8812816830491336
2018-08-04 05:00:00,0.5039062222660772,0.09617159047894241,0.3822233466732441,1.0,0.0006808549877309009
2018-08-04 06:00:00,0.6034057194105608,0.0380513142472875,0.6927405397574814,0.6329384236917593,0.04412242147524109
2018-08-04 07:00:00,0.5151282729402401,0.02034273176921877,0.2744369439227538,0.3627563866639366,0.31793915618897095
2018-08-04 08:00:00,0.34623527907473534,0.0,0.08904726787234628,0.18348494983065536,0.16865535935616244
2018-08-04 09:00:00,0.12462274001702567,0.0,0.0740649933330994,0.08481809401295903,0.5030522766720755
2018-08-04 10:00:00,0.07711836455777718,0.0,0.03450578011366339,0.0,0.05346284818510653
2018-08-04 11:00:00,0.0,0.0,0.02809020422799954,0.0,0.0
2018-08-04 12:00:00,0.0,0.013049083391176422,0.0,0.0,0.0
2018-08-04 13:00:00,0.0,0.11488932910918559,0.0,0.8662974305643721,0.028457147180906448
2018-08-04 14:00:00,0.0,0.14354202507258834,0.0,0.5553825103741862,0.1833564534021288
2018-08-04 15:00:00,0.01442704193730324,0.1224552399621911,0.03879438933575536,0.10464895372189283,0.3042579199108484
2018-08-04 16:00:00,0.023425805981836707,0.12773999532003324,0.3915180084681192,1.0,0.5146693404273494
2018-08-04 17:00:00,0.29177436497013126,0.028351505265517933,0.7327834624708951,0.32201044422200636,0.5011354080275414
2018-08-04 18:00:00,0.6657588458522505,0.1472157924055318,0.36301190923489335,1.0,0.9495255609856614
2018-08-04 19:00:00,0.7631983485506294,0.9785379269967656,0.0,1.0,0.03404500092148608
2018-08-04 20:00:00,0.981089337265665,0.3403009195603495,0.9485332769772342,0.13029095784148598,0.2528881498173536
2018-08-04 21:00:00,0.981089337265665,0.9785379269967656,0.32159537256953136,0.09675848723031856,0.7928795470616457
2018-08-04 22:00:00,0.981089337265665,0.9785379269967656,0.3912168911435863,0.6041925526101193,0.26465655380446385
2018-08-04 23:00:00,0.981089337265665,0.9785379269967656,0.9834636537614106,0.15678888783346479,0.448300643967732
2018-08-05 00:00:00,0.981089337265665,0.24771976305901217,0.27060845416588647,0.30989170131219734,0.40600143211283923
2018-08-05 01:00:00,0.981089337265665,0.18468879440190258,0.20194640940378047,0.2033569346010267,0.3531152457314929
2018-08-05 02:00:00,0.981089337265665,0.24624697869521656,0.7222659601107076,0.07078253518477301,0.30137165426817275
2018-08-05 03:00:00,0.981089337265665,0.1503424639186439,0.6201141170768146,0.020290647830548156,0.2861463441585937
2018-08-05 04:00:00,0.981089337265665,0.6392259402741327,0.40314805869527964,0.0957951269179467,0.22048810565156315
2018-08-05 05:00:00,0.981089337265665,0.0,0.11201246597129506,0.7215013321496638,0.11350111942037928
2018-08-05 06:00:00,0.844792218412422,0.0,0.11128238225124365,0.5014407218595853,0.08248778564919777
2018-08-05 07:00:00,0.5332542212197384,0.0,0.09432241325365817,1.0,0.02930478033143752
2018-08-05 08:00:00,0.2882705075350169,0.0,0.9680751944994702,0.7912590117891385,0.0
2018-08-05 09:00:00,0.07027721333136691,0.24875993628751752,0.8498960291897645,0.015276435651236247,0.0
2018-08-05 10:00:00,0.048534049274764755,0.26305384568046275,0.3789770636052579,0.12399461985001345,0.0
2018-08-05 11:00:00,0.0660102870039486,0.08242411667807925,0.21911819443835212,0.039062344319730546,0.10852447811884632
2018-08-05 12:00:00,0.29179069839407956,0.0,0.021650621006776154,0.017132103172257773,0.021971786330219317
2018-08-05 13:00:00,0.981089337265665,0.0,0.047701370158814406,0.08567734034475295,0.03543284922629775
2018-08-05 14:00:00,0.803392227179861,0.11345517201638187,0.04213337149374551,0.0,0.2935005685325147
2018-08-05 15:00:00,0.039189633656593614,0.24883645042788105,0.045767416123759154,0.44142419643089575,0.5409488853118568
2018-08-05 16:00:00,0.34682014484320606,0.3880877663931462,0.005414552593481844,0.20132907127785668,0.650421818565578
2018-08-05 17:00:00,0.3647973132463858,0.08273420855784201,0.10097863935671575,1.0,0.9495255609856614
2018-08-05 18:00:00,0.42339342240583316,0.9785379269967656,0.07304589797543647,1.0,0.9495255609856614
2018-08-05 19:00:00,0.9387538088777697,0.8092371534114472,0.3122883502573642,0.8718765521905535,0.9495255609856614
2018-08-05 20:00:00,0.981089337265665,0.5317584558965619,0.9834636537614106,1.0,0.15997774685974145
2018-08-05 21:00:00,0.981089337265665,0.3945081080530555,0.8330433982793778,1.0,0.04223786557428853
2018-08-05 22:00:00,0.981089337265665,0.6162077546994537,0.9834636537614106,0.9673595912032423,0.1242506102771549
2018-08-05 23:00:00,0.981089337265665,0.703387708522325,0.4815541567926317,0.45319003938914765,0.0
2018-08-06 00:00:00,0.981089337265665,0.32217998138914883,0.31047919348220177,0.2373914578418703,0.07569840990257083
2018-08-06 01:00:00,0.7404480628664916,0.42061406729229756,0.15183436390243882,0.0,0.811523998454652
2018-08-06 02:00:00,0.981089337265665,0.6591776066599307,0.31432859953352216,0.008783598697023347,0.12399743768227418
2018-08-06 03:00:00,0.981089337265665,0.5153491031434987,0.8106355011981287,0.013987896188780222,0.011204267746839788
2018-08-06 04:00:00,0.981089337265665,0.3701572767180823,0.6198300571434289,0.0865028207320828,0.0
2018-08-06 05:00:00,0.909708260089373,0.3124168240227233,0.10085343103448421,0.20031923551614603,0.0
2018-08-06 06:00:00,0.7431321031460918,0.3179268439284074,0.06093747601707798,0.1297364139191547,0.02046883820386318
2018-08-06 07:00:00,0.14924896113107614,0.36287224085607456,0.08211387444263604,0.0240037764372469,0.0
2018-08-06 08:00:00,0.16990791770241395,0.20968111340948878,0.08450991129232113,0.036107735070328245,0.0
2018-08-06 09:00:00,0.13048228114656377,0.25490822963985155,0.20219795009922284,0.02645894646801985,0.0
2018-08-06 10:00:00,0.09812103305531877,0.28025138289989104,0.2291238838579048,0.0,0.0
2018-08-06 11:00:00,0.07839648588690125,0.2974457697875818,0.23916022824289299,0.024376014998359646,0.10718340511150212
2018-08-06 12:00:00,0.031792900327405074,0.10621242127566737,0.4085581403552388,0.07038636010455412,0.14577493737413882
2018-08-06 13:00:00,0.0,0.1572916104711566,0.22401795742989686,0.1815189119461986,0.2582371765398185
2018-08-06 14:00:00,0.0,0.22791430476638136,0.2660579863762477,0.3671207405221826,0.7828372651130073
2018-08-06 15:00:00,0.0,0.5933934033199244,0.2578760888551836,0.4641483348700268,0.4888143723821945
2018-08-06 16:00:00,0.0,0.3670034421138565,0.24555228972643392,0.42693077030799736,0.0
2018-08-06 17:00:00,0.0350962618803373,0.0,0.5448225210009879,0.3615883890918625,0.9495255609856614
2018-08-06 18:00:00,0.28716433265993674,0.22439224666808189,0.19043167727867572,0.09987168162931759,0.13993558070171472
2018-08-06 19:00:00,0.23364205474501176,0.1385974113766993,0.02520283770615891,0.328157082824926,0.7580967771303615
2018-08-06 20:00:00,0.26377882252708706,0.7919718065391661,0.18612770390058336,0.1627423794364309,0.0
2018-08-06 21:00:00,0.0,0.9785379269967656,0.0,0.04124582234192944,0.06847638333192006
2018-08-06 22:00:00,0.49652938787563516,0.41577229735202126,0.16444278340376514,0.04515141133898849,0.14562728331227148
2018-08-06 23:00:00,0.45719346667843425,0.9785379269967656,0.03222818046446879,0.07167747495856408,0.0
2018-08-07 00:00:00,0.0,0.056355658473713016,0.0,0.08664060867941324,0.04270903300854414
2018-08-07 01:00:00,0.6802533745290277,0.028726826104799635,0.011502540613914586,0.06595003197336743,0.13917583052785995
2018-08-07 02:00:00,0.4921254338404816,0.006174154632745871,0.0,0.10758278611061037,0.0
2018-08-07 03:00:00,0.10985751468255177,0.02688436946148287,0.0,0.15002753457461357,0.0
2018-08-07 04:00:00,0.04200230401061115,0.07115381657403297,0.024497326730308164,0.1250347847803819,0.0
2018-08-07 05:00:00,0.4929173597014483,0.039957781077897235,0.029367813763606653,0.04561435808878223,0.07492833301684186
2018-08-07 06:00:00,0.3565800565231916,0.023757940440331783,0.0,0.02553443176230769,0.019436937956158636
2018-08-07 07:00:00,0.10953368678605993,0.0,0.0,0.140056813868548,0.0
2018-08-07 08:00:00,0.06232249101480541,0.0,0.0,0.06474086910383661,0.0
2018-08-07 09:00:00,0.0010714584346831618,0.0,0.0,0.023316601638439516,0.0
2018-08-07 10:00:00,0.0,0.03728318149670233,0.0,0.0,0.053075909306047886
2018-08-07 11:00:00,0.0,0.05365977218768661,0.014557208732898888,0.0,0.08648410245448063
2018-08-07 12:00:00,0.0,0.17016286700480157,0.051476397884237204,0.0,0.28038676367677384
2018-08-07 13:00:00,0.0,0.18256100096088732,0.04738284061072824,0.002522387232306854,0.5301169044705222
2018-08-07 14:00:00,0.0,0.3154473936903854,0.09694980998707181,0.0,0.7853859879211408
2018-08-07 15:00:00,0.0,0.3088803497651884,0.17132785345912965,0.030724019444275552,0.877874730732117
2018-08-07 16:00:00,0.014771624116206099,0.20133093400256913,0.38943974467467435,0.07495837388701078,0.8351876186655125
2018-08-07 17:00:00,0.09311109055219896,0.2957341456319477,0.9834636537614106,0.05295390174377292,0.8271724397288909
2018-08-07 18:00:00,0.21585839316528027,0.3745972784073924,0.2331875439737482,0.06394740677550519,0.37416238757703707
2018-08-07 19:00:00,0.5446489431966981,0.37475709849407557,0.23172292721384202,0.0,0.4739488089556973
2018-08-07 20:00:00,0.7103868092988905,0.5485700166677981,0.3033658546808996,0.2816136487176169,0.2759865344107662
2018-08-07 21:00:00,0.6847068892584895,0.5191729116826165,0.3113400658679241,0.7755918649319185,0.5012598222287209
2018-08-07 22:00:00,0.981089337265665,0.9590395231397953,0.3979982304433341,0.17841665173896937,0.17128652384381726
2018-08-07 23:00:00,0.981089337265665,0.09446520737199249,0.4197876991049414,0.0,0.15287281536665642
2018-08-08 00:00:00,0.5327071662794324,0.10686091414607374,0.2796588692563598,0.14328301514789168,0.0
2018-08-08 01:00:00,0.826375590626208,0.9785379269967656,0.04264218034967389,0.2160547591980031,0.09658062439512119
2018-08-08 02:00:00,0.36412687305059477,0.9785379269967656,0.3435983134198826,0.246081173283799,0.04891241171291933
2018-08-08 03:00:00,0.7554699992653022,0.03546135176363864,0.467125618989051,0.7825348130223279,0.0102748419986552
2018-08-08 04:00:00,0.9353285831944917,0.2538331407526816,0.0,0.8857685932687076,0.04189601758189768
2018-08-08 05:00:00,0.6567334676655511,0.025925845156183625,0.3532163944194012,0.5743795239202345,0.0
2018-08-08 06:00:00,0.45520158806056316,0.0,0.23519951967680522,1.0,0.0
2018-08-08 07:00:00,0.981089337265665,0.0,0.654068279776524,1.0,0.0
2018-08-08 08:00:00,0.5009830748264762,0.0,0.9834636537614106,0.27616396986646136,0.0
2018-08-08 09:00:00,0.5564520830467784,0.0,0.9834636537614106,0.0,0.0
2018-08-08 10:00:00,0.3874810651565909,0.0,0.06009236922085301,0.1064947453886877,0.0
2018-08-08 11:00:00,0.06824674011698098,0.9785379269967656,0.0,0.00242602001245133,0.038899269856191895
2018-08-08 12:00:00,0.028490156841090863,0.4133513128122555,0.048348048246561894,0.0,0.18601051648253375
2018-08-08 13:00:00,0.0,0.009457021390381534,0.0,0.0,0.02080797440401529
2018-08-08 14:00:00,0.0,0.0,0.008838305650856786,0.0,0.09793662783368408
2018-08-08 15:00:00,0.0,0.06749558301561592,0.0,0.040307162772606896,0.02924579324770328
2018-08-08 16:00:00,0.0,0.16975020826679008,0.7884902319825182,0.13264821879609168,0.3441319324422014
2018-08-08 17:00:00,0.0,0.0591743665665239,0.1442432034187378,0.30553144463945375,0.18715525317838452
2018-08-08 18:00:00,0.021625964772248603,0.05178336315704236,0.26692197548209035,0.3015545713566363,0.13189794208118932
2018-08-08 19:00:00,0.02730350986004927,0.005049011448153159,0.30816105447097486,0.14958323515317204,0.07865631487284573
2018-08-08 20:00:00,0.12543220298445934,0.0,0.19321177979685938,0.08964044622836549,0.0
2018-08-08 21:00:00,0.02339317316725,0.0,0.3273523302293187,0.11427330262736177,0.010497894579744744
2018-08-08 22:00:00,0.0,0.02489740393479115,0.7976777785816277,0.07442452325379802,0.021261567340316985
2018-08-08 23:00:00,0.0,0.027462564449207673,0.6549905960177377,0.09486447153729252,0.0
2018-08-09 00:00:00,0.04116933068274763,0.027103268416538054,0.7096503624112902,0.08026825748760337,0.0
2018-08-09 01:00:00,0.05461770775615998,0.0,0.5141414265296976,0.08587553575446992,0.005238342341480801
2018-08-09 02:00:00,0.09917215102555926,0.0,0.5091067798109319,0.295153496579793,0.0
2018-08-09 03:00:00,0.12483604299003313,0.0382006831944047,0.4350893976393815,0.08574163591567495,0.0
2018-08-09 04:00:00,0.07748292784307852,0.04477320050588459,0.46269247032196475,0.10369189409497943,0.021858092861557803
2018-08-09 05:00:00,0.2540987363220954,0.10238718972455173,0.5166346334290004,0.0,0.117579704726814
2018-08-09 06:00:00,0.2900028730980523,0.054169718633919534,0.5415789404325425,0.0,0.10846040863530855
2018-08-09 07:00:00,0.3088722558081898,0.0,0.10416416241102207,0.0,0.07421479906878257
2018-08-09 08:00:00,0.06800339991260247,0.0,0.0,0.0,0.0
2018-08-09 09:00:00,0.0,0.0,0.0,0.0,0.0
2018-08-09 10:00:00,0.0,0.0,0.03173744379561721,0.03136432601885048,0.0
2018-08-09 11:00:00,0.0,0.0,0.004789984310394955,0.08902126880267114,0.0904160038365094
2018-08-09 12:00:00,0.0,0.0,0.0,0.19886180780663384,0.25484024806067407
2018-08-09 13:00:00,0.0,0.0,0.04445860472982804,0.1707878566484413,0.42971067881574926
2018-08-09 14:00:00,0.0,0.0,0.08622476451800905,0.18121318747974416,0.5052654489242343
2018-08-09 15:00:00,0.03251515117312801,0.0,0.028137075118960474,0.26603700602342545,0.6277643517366811
2018-08-09 16:00:00,0.08269453632435136,0.24313461449430904,0.06312614996239611,0.21717004276361268,0.3493063358839301
2018-08-09 17:00:00,0.06537453416565933,0.1477678336778325,0.12141865460302154,0.05623307741736182,0.34787093129092245
2018-08-09 18:00:00,0.0,0.10287943783169408,0.16811794451164075,0.1518996499947164,0.21702063629422755
2018-08-09 19:00:00,0.0008828996085236715,0.31768591166528737,0.18567264509207124,0.09015457261477088,0.13725977436677397
2018-08-09 20:00:00,0.027920196682474786,0.25107576772872,0.34796671454238703,0.10165445404575847,0.021450217697631814
2018-08-09 21:00:00,0.03954124112295918,0.37839591695945984,0.7188213321521333,0.17747481315476304,0.013294009783814524
2018-08-09 22:00:00,0.05427471241039263,0.31729808616186206,0.9834636537614106,0.3247498041632394,0.0
2018-08-09 23:00:00,0.0007748879718798324,0.5924585877659361,0.9834636537614106,0.3634503660694982,0.0
2018-08-10 00:00:00,0.031080609790442457,0.6066625540087136,0.75855868064241,0.08511584214148604,0.0
2018-08-10 01:00:00,0.07675403155152828,0.2975583078185524,0.8452351354121362,0.36392627708880426,0.0
2018-08-10 02:00:00,0.002315112873024582,0.2475084012530891,0.7091021809002565,0.4345011264116452,0.021613377308084488
2018-08-10 03:00:00,0.0,0.12963313381328948,0.7925114052452464,0.12142983147488548,0.040186860212691404
2018-08-10 04:00:00,0.0,0.0496029659893199,0.2347750486641164,0.0,0.05776810493676421
2018-08-10 05:00:00,0.0,0.0,0.9834636537614106,0.019550930091108476,0.08372740133342876
2018-08-10 06:00:00,0.0,0.020242795895053418,0.6744995990231419,0.0,0.0
2018-08-10 07:00:00,0.0,0.015006926873913307,0.9834636537614106,0.06881040953518663,0.0
2018-08-10 08:00:00,0.0,0.010256640938882166,0.1326271773542795,0.060652441176625466,0.0
2018-08-10 09:00:00,0.028182295937127552,0.8546798888897407,0.15688817798626867,0.030247603056679444,0.0
2018-08-10 10:00:00,0.039316690171450105,0.27346203166678895,0.025493558890061416,0.04203652518270218,0.0
2018-08-10 11:00:00,0.08339299183672746,0.2311937970626389,0.020282129060018677,0.12056846517250752,0.09595595440136631
2018-08-10 12:00:00,0.09800789152415453,0.163164660838657,0.033309295238128554,0.15598154766261416,0.18473525170609237
2018-08-10 13:00:00,0.08038398125295103,0.09982707555362842,0.12392581702802366,0.24496151929237925,0.24921535801477973
2018-08-10 14:00:00,0.08917999833831824,0.05198674459478745,0.1897679172941146,0.295837634010922,0.24169532785841624
2018-08-10 15:00:00,0.07370363768476898,0.02732478687110959,0.1547373169881726,0.2918680210788536,0.3421874011758209
2018-08-10 16:00:00,0.06321126598531789,0.0,0.09486847822806,0.18270566363601018,0.3608730737213719
2018-08-10 17:00:00,0.0,0.007013722638058031,0.15954214855490362,0.135430622530161,0.4043234547117578
2018-08-10 18:00:00,0.0,0.0,0.21923582946924136,0.1259598186179201,0.26199732485285104
2018-08-10 19:00:00,0.7716371302666045,0.0710553606686277,0.12091851202234136,0.08709362885987681,0.23420921967600894
2018-08-10 20:00:00,0.491160990166353,0.0,0.0,0.059421959570158854,0.18089336775884257
2018-08-10 21:00:00,0.7774185861988531,0.027397144239266875,0.5009414435834197,0.3517398015922065,0.15968384812839848
2018-08-10 22:00:00,0.2803510703433737,0.2033807952766626,0.7009087878782719,1.0,0.3930781229678293
2018-08-10 23:00:00,0.23406762478324622,0.27131982998737003,0.9834636537614106,1.0,0.07683722317238956
2018-08-11 00:00:00,0.28953780829027753,0.24788701342936303,0.9834636537614106,1.0,0.0
2018-08-11 01:00:00,0.13014123378853013,0.287296830455113,0.9755657728176828,1.0,0.0
2018-08-11 02:00:00,0.08407629794875376,0.19980705573344665,0.89589803436649,1.0,0.0
2018-08-11 03:00:00,0.056691137604043366,0.1821832712476513,0.9470521926562264,1.0,0.0
2018-08-11 04:00:00,0.0,0.15410279268242502,0.9834636537614106,1.0,0.0
2018-08-11 05:00:00,0.11102474388831318,0.0,0.9834636537614106,1.0,0.013753131817929969
2018-08-11 06:00:00,0.13592857982754075,0.0,0.7132853991764545,0.9647233159095367,0.025719260376077628
2018-08-11 07:00:00,0.046292375746468294,0.0,0.23319175193282368,0.697860925811891,0.0068285145600788565
2018-08-11 08:00:00,0.0,0.0,0.06450156573790645,0.3360062599496006,0.0
2018-08-11 09:00:00,0.0,0.03684223725103164,0.04718680034216742,0.33209431765736996,0.0
2018-08-11 10:00:00,0.0,0.10837065148804843,0.13706542657962087,0.2956271502641607,0.04052247839705679
2018-08-11 11:00:00,0.0,0.1509139938056371,0.1953280374950802,0.23087020172536016,0.05444048113246494
2018-08-11 12:00:00,0.0,0.20632559057077762,0.18444248880171005,0.22369514038816374,0.0953220824115896
2018-08-11 13:00:00,0.01586178015845422,0.1747513429844409,0.1427186916794413,0.23948559658867935,0.151112203893494
2018-08-11 14:00:00,0.010483200744167847,0.16506901034987004,0.1367431632800261,0.17400113554727029,0.10408409526641244
2018-08-11 15:00:00,0.03251155002035259,0.08570559784697909,0.1689015173405963,0.1744123597977926,0.17634613799891716
2018-08-11 16:00:00,0.050026658980815784,0.06463790203016498,0.2644543096038149,0.15309990560330528,0.2388342659816805
2018-08-11 17:00:00,0.1950250790796263,0.1657037468466295,0.281850125262763,0.3863113762943175,0.2798153271379359
2018-08-11 18:00:00,0.23918670822216115,0.37225021736185593,0.4009111417592125,0.4447341110159515,0.5699680477557383
2018-08-11 19:00:00,0.08965107682022676,0.7417469996009841,0.34896865286878404,0.5911152922384474,0.7182474961710965
2018-08-11 20:00:00,0.1050431839186456,0.4777003006158192,0.48660134626088697,0.5679540467222945,0.7721119164848994
2018-08-11 21:00:00,0.14025197731023523,0.9785379269967656,0.9834636537614106,0.9517477669067311,0.9163053189698863
2018-08-11 22:00:00,0.33477611646503574,0.9785379269967656,0.9834636537614106,1.0,0.8460409740931782
2018-08-11 23:00:00,0.43626361057319235,0.8969927237111001,0.9834636537614106,1.0,0.3905104896142678
2018-08-12 00:00:00,0.18640885697215365,0.7884618540806363,0.9834636537614106,1.0,0.3912944594512454
2018-08-12 01:00:00,0.22699003798420006,0.5604114370569989,0.9834636537614106,1.0,0.09151341411569663
2018-08-12 02:00:00,0.17277017281602108,0.31503649050970994,0.9834636537614106,1.0,0.0
2018-08-12 03:00:00,0.10020450649911485,0.2993798184260085,0.9834636537614106,1.0,0.0
2018-08-12 04:00:00,0.0445612973857035,0.3661872934918247,0.9834636537614106,1.0,0.0
2018-08-12 05:00:00,0.023752922771059,0.5993904558086074,0.9250997966243482,1.0,0.0
2018-08-12 06:00:00,0.02122540790270546,0.5229179467898288,0.9200893333416845,1.0,0.0
2018-08-12 07:00:00,0.008379480498059809,0.22386502205438952,0.26501745376220504,1.0,0.0
2018-08-12 08:00:00,0.0,0.24866266426014777,0.05067870533024196,0.9839952444794644,0.0
2018-08-12 09:00:00,0.024205080612857654,0.26588718632272995,0.22098627670195722,0.8258140494578405,0.0
2018-08-12 10:00:00,0.03201858496333834,0.3024242715882101,0.5061017466101904,1.0,0.07205867353463677
2018-08-12 11:00:00,0.06373227289485861,0.4345435722946376,0.7140960571666373,0.9788501786783351,0.2274361126350803
2018-08-12 12:00:00,0.11453985716060261,0.47145663959134393,0.7275188584725226,0.8450469071491221,0.2606339538387179
2018-08-12 13:00:00,0.1353565542531643,0.4429799265717395,0.795312283428491,0.8223443090810285,0.2638860832777145
2018-08-12 14:00:00,0.10572836770588924,0.4777184077675476,0.8155308117309235,0.7058564870772372,0.3641599856991599
2018-08-12 15:00:00,0.1702182041870514,0.5094106854070043,0.5376878159067251,0.6006639307678967,0.8605120078627266
2018-08-12 16:00:00,0.28645307356700517,0.63458099111631,0.6095048000125795,0.7297706346666066,0.9495255609856614
2018-08-12 17:00:00,0.20309979920065407,0.6310336110961342,0.6232007580251876,0.7408475592718611,0.6843306978165067
2018-08-12 18:00:00,0.4937297234084001,0.786340234941306,0.7096458431286659,0.7860614076453027,0.8308492463900874
2018-08-12 19:00:00,0.9686618335180155,0.5886783644247304,0.5338408705001829,0.5855118881302065,0.6000688403665685
2018-08-12 20:00:00,0.981089337265665,0.6613047328564904,0.7647599537564689,0.9625898701581566,0.5100865471729887
2018-08-12 21:00:00,0.981089337265665,0.5054358889794052,0.8571423612831675,1.0,0.6525958911305527
2018-08-12 22:00:00,0.981089337265665,0.7096833009842786,0.9834636537614106,1.0,0.43675863467264
2018-08-12 23:00:00,0.7713844093571196,0.6862496916092088,0.8068032408827186,1.0,0.031077647054464485
2018-08-13 00:00:00,0.5788602748539362,0.7067430361909766,0.7738413224345463,1.0,0.0
2018-08-13 01:00:00,0.5408249294504184,0.4535581019809997,0.7541231837792713,1.0,0.0
2018-08-13 02:00:00,0.6428785189065394,0.21077565573547077,0.9834636537614106,1.0,0.08368382348287638
2018-08-13 03:00:00,0.981089337265665,0.14157481590861473,0.9834636537614106,1.0,0.23722833437759008
2018-08-13 04:00:00,0.981089337265665,0.13477810108432584,0.9633142150167927,1.0,0.09808175567489576
2018-08-13 05:00:00,0.981089337265665,0.041853858997443885,0.6285494808008073,0.8151859806966832,0.0
2018-08-13 06:00:00,0.981089337265665,0.05893139594244539,0.4893760098116249,0.4878552705439832,0.0
2018-08-13 07:00:00,0.8317906167169008,0.0,0.1756199331590126,0.2378772065754801,0.0
2018-08-13 08:00:00,0.4409220051719308,0.0,0.13912419271388896,0.0804482653304424,0.0
2018-08-13 09:00:00,0.4098580947047344,0.0013357721134237817,0.21404808398770392,0.07595280610065745,0.0
2018-08-13 10:00:00,0.5185006731523076,0.13838592148024745,0.34770511907611584,0.07649438563859619,0.0
2018-08-13 11:00:00,0.8708351857377588,0.2272815758880277,0.3136019969340522,0.1043245058930683,0.031379245166611704
2018-08-13 12:00:00,0.8425820269905204,0.21621773889144535,0.33280520909062283,0.09960483281357019,0.03142912082376551
2018-08-13 13:00:00,0.981089337265665,0.11205356118846693,0.21586758605282658,0.07851883603457906,0.03981210209252169
2018-08-13 14:00:00,0.6631638742335477,0.06990287436199227,0.22486918158573913,0.06279175617389875,0.04566671895414301
2018-08-13 15:00:00,0.47948584322205035,0.19616360523171553,0.2981347361996506,0.07377857033854825,0.12146828263999826
2018-08-13 16:00:00,0.4167958962258049,0.02706826520822428,0.15334066513385838,0.0,0.21862851368665268
2018-08-13 17:00:00,0.773951008104441,0.35160976064978994,0.7735968218214541,0.04863656352551854,0.16106061659537516
2018-08-13 18:00:00,0.6718382480083774,0.47708574159555484,0.8836561338847325,0.22002900490841704,0.06808465152776205
2018-08-13 19:00:00,0.6531504383596171,0.717598140083107,0.9834636537614106,0.2966229201110388,0.012084277942401777
2018-08-13 20:00:00,0.9372258030659056,0.9785379269967656,0.670240502821223,1.0,0.0
2018-08-13 21:00:00,0.6072999867031665,0.8411548612051688,0.38997699774685674,1.0,0.865316077818151
2018-08-13 22:00:00,0.5217559490169753,0.26854815091780926,0.16346330072315912,1.0,0.530186781197959
2018-08-13 23:00:00,0.4540951995277171,0.09187154296748017,0.11272947487124632,0.9614995830767876,0.2885590164946738
2018-08-14 00:00:00,0.11865812510355181,0.19290697037552682,0.01069152288712603,0.9541917862820214,0.09064872315185853
2018-08-14 01:00:00,0.14817003730851944,0.17863997723021882,0.01069152288712603,0.6232906887398871,0.0
2018-08-14 02:00:00,0.0006613804887893942,0.0,0.018288350290099873,0.3042947863387365,0.03911403722836713
2018-08-14 03:00:00,0.03990709819729441,0.0,0.0,0.3812474470063126,0.0
2018-08-14 04:00:00,0.0,0.02344791827281806,0.0,0.04302570047096625,0.0
2018-08-14 05:00:00,0.0,0.0,0.0,0.0,0.0
2018-08-14 06:00:00,0.0,0.0,0.0,0.25800548866549905,0.0
2018-08-14 07:00:00,0.0,0.015977851615870182,0.020439583171122343,0.1888942801921196,0.0
2018-08-14 08:00:00,0.0,0.02293117300636682,0.07744967307891013,0.24272777874427798,0.0
2018-08-14 09:00:00,0.0,0.07452526224868097,0.11734029098890131,0.12405685449418828,0.0
2018-08-14 10:00:00,0.045081099031003595,0.09755512580976344,0.1390206502548663,0.07054401220132153,0.0
2018-08-14 11:00:00,0.2018343674551422,0.3112996671099362,0.2141005167023911,0.24289132190413273,0.05531586953824651
2018-08-14 12:00:00,0.18229109098910623,0.2628008098826668,0.25835976998700155,0.38808528500753464,0.10963985467960402
2018-08-14 13:00:00,0.14431475296281718,0.11285533690168274,0.1396211765221413,0.3790730619075731,0.12201379513994443
2018-08-14 14:00:00,0.09564711474604437,0.1410131334854823,0.24393794338794583,0.3922660715832276,0.12224809081388108
2018-08-14 15:00:00,0.044068023128477275,0.12577567874676596,0.08730617506031303,0.15825053853482085,0.19031802518028368
2018-08-14 16:00:00,0.03544088511486456,0.181260208335076,0.030445055591885553,0.11358446760521758,0.26647056038975847
2018-08-14 17:00:00,0.3090645673087222,0.2568710207738322,0.11388799709737647,0.6571813603470734,0.2935307526120034
2018-08-14 18:00:00,0.30970000442958057,0.25599189424581875,0.10257529848003744,0.2495304431454583,0.5593552507730982
2018-08-14 19:00:00,0.3367905516384507,0.4879626869589483,0.25656637002712634,0.2929683353272691,0.3554837067358462
2018-08-14 20:00:00,0.4706849749423697,0.20384619992972813,0.16624740513033023,0.19465829767550433,0.8390780318763281
2018-08-14 21:00:00,0.6926306559384293,0.0,0.1557725087177638,0.2659454535499466,0.5139750098773823
2018-08-14 22:00:00,0.5602011384611629,0.7683673567383414,0.521199149076054,0.3732476933064775,0.0667488562027604
2018-08-14 23:00:00,0.3840912091092535,0.06729878775441574,0.5742714573430983,0.476658671906885,0.018230203552264727
2018-08-15 00:00:00,0.0686119607342236,0.18618693501236014,0.7260060461872958,0.3366437848841275,0.0
2018-08-15 01:00:00,0.0,0.6704775703435338,0.36081020636672256,0.2248413237060132,0.0
2018-08-15 02:00:00,0.03643625549434658,0.9785379269967656,0.43303396894445567,0.47946762370561363,0.09894103857760594
2018-08-15 03:00:00,0.15174909906548173,0.9785379269967656,0.5879864184860798,0.6275755114601862,0.13710658185392366
2018-08-15 04:00:00,0.0,0.31002129689297603,0.8006963395157417,0.9216344961825803,0.08361367890608473
2018-08-15 05:00:00,0.0,0.04433358191081493,0.5523898966662625,1.0,0.1700934990040691
2018-08-15 06:00:00,0.0,0.03774619565261531,0.4666744875290376,0.7160592567321246,0.007458561275786574
2018-08-15 07:00:00,0.002517403515291169,0.06830270521719896,0.3225509220968134,0.14445598096258674,0.0
2018-08-15 08:00:00,0.03338302554969217,0.07236235093637991,0.3848069676138822,0.047740991619353274,0.0
2018-08-15 09:00:00,0.07976810147867174,0.16385966511311753,0.5145883966910116,0.06399811195234588,0.0
2018-08-15 10:00:00,0.07216018377924724,0.09898189947522645,0.41532987225882684,0.17803520265060047,0.0
2018-08-15 11:00:00,0.0790237677928445,0.0521759860685427,0.32085511984772835,0.27345393203595936,0.0
2018-08-15 12:00:00,0.05617366724911007,0.0,0.3008651635368741,0.3084463241835134,0.0
2018-08-15 13:00:00,0.11494427420141091,0.0,0.08605587433909705,0.2578796945260862,0.08901948496862651
2018-08-15 14:00:00,0.30557630948612424,0.0,0.16353057048450215,0.46015455581707726,0.22856172325658766
2018-08-15 15:00:00,0.518274720768167,0.046997228144414704,0.15079695817596453,0.24027045585974388,0.23217513397731848
2018-08-15 16:00:00,0.43072506632738217,0.0,0.2741396072837185,0.18095814841367083,0.09204294637240654
2018-08-15 17:00:00,0.6265013539986962,0.060170383296989795,0.7428733561862206,0.37030334605008225,0.4588018356754192
2018-08-15 18:00:00,0.6878126505031344,0.06920441185114978,0.9264588742311686,0.41821832442442425,0.9495255609856614
2018-08-15 19:00:00,0.656175028265559,0.0349251725270455,0.9834636537614106,0.2998863473384276,0.9495255609856614
2018-08-15 20:00:00,0.8239971452010589,0.13700869929278994,0.8744330030213282,0.19798816136759476,0.9495255609856614
2018-08-15 21:00:00,0.45776934148367043,0.0264166291073192,0.9834636537614106,0.9880288303137889,0.9495255609856614
2018-08-15 22:00:00,0.5094079446982326,0.26453459361403225,0.9834636537614106,0.7862048240561443,0.1416621326026991
2018-08-15 23:00:00,0.5154965598749591,0.25636649009798457,0.5132113768512249,0.3849664038364026,0.6002978724741901
2018-08-16 00:00:00,0.8451578836433391,0.02254274159912361,0.09966136251706621,0.3177912232972418,0.1666534774002425
2018-08-16 01:00:00,0.981089337265665,0.23061173423548476,0.0,0.02047859084522067,0.03171586323947677
2018-08-16 02:00:00,0.981089337265665,0.16476364560246148,0.0,0.0,0.0166019797202302
2018-08-16 03:00:00,0.981089337265665,0.02797028419453053,0.0,0.0,0.0496136865357669
2018-08-16 04:00:00,0.981089337265665,0.061486171414053756,0.04667358415214405,0.06025289287354523,0.0
2018-08-16 05:00:00,0.5991876747710904,0.6410711202303891,0.30618611797882644,0.11860293938098898,0.0
2018-08-16 06:00:00,0.8311673625686407,0.9785379269967656,0.38681386398251105,0.09804247552792479,0.06340246728170913
2018-08-16 07:00:00,0.3527571030921409,0.9785379269967656,0.26390668841212694,0.026471317838253444,0.04438221031745989
2018-08-16 08:00:00,0.026502382356471288,0.6429356051377769,0.09927510339852667,0.0,0.03386116755447791
2018-08-16 09:00:00,0.0,0.3444645440064195,0.09069102980579959,0.0,0.0
2018-08-16 10:00:00,0.0,0.2091360066098721,0.08104506285929039,0.0,0.012457658854212272
2018-08-16 11:00:00,0.0,0.12614393601901067,0.10152472864464168,0.0,0.021803073141882325
2018-08-16 12:00:00,0.0,0.149502890608911,0.11562732219946559,0.0,0.06511569953958112
2018-08-16 13:00:00,0.009286495469502934,0.12830273711656093,0.09387425210358186,0.0,0.12820732167454135
2018-08-16 14:00:00,0.025767919071126494,0.05237128716473815,0.11631813563358046,0.0,0.12369979167234099
2018-08-16 15:00:00,0.024212621674043706,0.1564731993016295,0.13046041174021078,0.0,0.05738417957937273
2018-08-16 16:00:00,0.2031205073748513,0.08659005805232405,0.11596862762488314,0.04286173569459851,0.04754657279218142
2018-08-16 17:00:00,0.39190566408730027,0.11451263581534962,0.14147119783498086,0.13407551763118564,0.9338952747144456
2018-08-16 18:00:00,0.3168358230561553,0.07616147790805602,0.10702916978873643,0.18136131982718098,0.6028655517552299
2018-08-16 19:00:00,0.6539769833255229,0.18007833762091202,0.2965787510165258,0.2727505228956981,0.19810889918238
2018-08-16 20:00:00,0.8624310879449488,0.2288659382398492,0.15784179510045637,0.32428474143990915,0.04873197367318463
2018-08-16 21:00:00,0.981089337265665,0.056052656190607085,0.26405803847261256,0.5261281082583085,0.0
2018-08-16 22:00:00,0.981089337265665,0.1952239415124877,0.12655403648899055,0.46432490831891615,0.06960381170775859
2018-08-16 23:00:00,0.981089337265665,0.42914891034798,0.14129404371458132,0.7422723327618508,0.023865173811704332
2018-08-17 00:00:00,0.8864853238532172,0.33064716498243973,0.1388432761423185,0.5964836812116339,0.0
2018-08-17 01:00:00,0.589818577612348,0.17613569627670442,0.202824055140996,1.0,0.03949721979235032
2018-08-17 02:00:00,0.5180128879820575,0.0,0.06497991299803679,0.9681925586327863,0.062088407868484276
2018-08-17 03:00:00,0.48506352480296194,0.0,0.0,0.9764566777848113,0.1342353582719748
2018-08-17 04:00:00,0.33522674828626636,0.0,0.012739804899255679,0.9456398579422478,0.14010881699888134
2018-08-17 05:00:00,0.2885708619569668,0.0,0.08019861929891059,0.4448572559180978,0.0
2018-08-17 06:00:00,0.16057890249636678,0.0,0.1395763898808879,0.6169868478872225,0.0
2018-08-17 07:00:00,0.015269144625397277,0.0,0.05032552282174876,0.10927073506649053,0.0
2018-08-17 08:00:00,0.0,0.0,0.0,0.048427740495208316,0.0
2018-08-17 09:00:00,0.0,0.05952162915205464,0.019861964057343643,0.1165878518487762,0.0
2018-08-17 10:00:00,0.0,0.12946593951033103,0.044790738971155625,0.08531624661219374,0.008381061399915532
2018-08-17 11:00:00,0.034680898184118396,0.15660889176713647,0.08089674983000222,0.1280983886011729,0.08779264955413942
2018-08-17 12:00:00,0.06539509809916447,0.3054190638997129,0.11679672020098586,0.13217120608479516,0.1972295918422096
2018-08-17 13:00:00,0.10961152832887035,0.3653221982082463,0.09897081243767068,0.1864848458643681,0.27741322456497275
2018-08-17 14:00:00,0.23001510014731377,0.5040410687675292,0.169182708281025,0.24695117792020316,0.6233412631617826
2018-08-17 15:00:00,0.4002172168456438,0.715267901476007,0.3381752926652008,0.34578404521590383,0.5130560203151019
2018-08-17 16:00:00,0.4113853368892722,0.6227787269797654,0.30943859340094026,0.07111019726985696,0.9495255609856614
2018-08-17 17:00:00,0.7880838959429544,0.9785379269967656,0.117786210709356,0.470950354548711,0.26993070220302673
2018-08-17 18:00:00,0.3769881276730215,0.2157027724512189,0.07113751315395504,1.0,0.8755254253490352
2018-08-17 19:00:00,0.3600752251381559,0.9785379269967656,0.3238483288870818,1.0,0.08077007598423488
2018-08-17 20:00:00,0.07089251431352835,0.5774599874340659,0.9834636537614106,0.7521272344044535,0.3384990646242589
2018-08-17 21:00:00,0.047632488592631264,0.43223403282458445,0.0,1.0,0.0
2018-08-17 22:00:00,0.0,0.22768474675521658,0.08648548042484988,1.0,0.0
2018-08-17 23:00:00,0.05341788029380922,0.32259187009458967,0.012792505395923479,1.0,0.0
2018-08-18 00:00:00,0.30015178373801943,0.043793908653472866,0.9834636537614106,1.0,0.0
2018-08-18 01:00:00,0.2747802311528031,0.2595552329067254,0.44993229895856846,1.0,0.0
2018-08-18 02:00:00,0.4700934987582706,0.1475728491061986,0.041163302402479764,0.9826990239719035,0.0
2018-08-18 03:00:00,0.3215887516400621,0.20866194193460058,0.02094268933437611,0.47198287777537024,0.0
2018-08-18 04:00:00,0.08713586059821744,0.2323413744735644,0.13577917307106172,0.3030553771675366,0.0
2018-08-18 05:00:00,0.3114560248578707,0.04613692294698846,0.340556753462114,0.18715721305992572,0.0
2018-08-18 06:00:00,0.4638706107861418,0.05031624018697822,0.13166655515085654,0.16638637173311083,0.0
2018-08-18 07:00:00,0.4311581365590057,0.02662763946581944,0.037855587732108835,0.046771015518138524,0.0
2018-08-18 08:00:00,0.47780379776928533,0.034828783192996086,0.04508288902365499,0.0,0.0
2018-08-18 09:00:00,0.49879605549113054,0.04656861663860273,0.27401741239431826,0.0,0.0
2018-08-18 10:00:00,0.6645019127900106,0.02524612470748618,0.5498234828665297,0.0,0.0
2018-08-18 11:00:00,0.679028496845854,0.04037847469728334,0.847574585586475,0.12698234846707615,0.0
2018-08-18 12:00:00,0.6473419649970417,0.0,0.3735727635301944,1.0,0.0041800589402302656
2018-08-18 13:00:00,0.6460817832575586,0.0,0.3299790168410109,1.0,0.0705714830463124
2018-08-18 14:00:00,0.44274985940439254,0.04107948542528745,0.2624302634614307,1.0,0.044859646882680876
2018-08-18 15:00:00,0.5808530093121697,0.16808154462973354,0.12441466365001178,0.9723396570384175,0.12174469682765567
2018-08-18 16:00:00,0.4621944949380295,0.602333850520364,0.24087490188726812,0.322663253439373,0.3039475778797106
2018-08-18 17:00:00,0.6368819596920213,0.9785379269967656,0.9834636537614106,0.029627379244154733,0.3106522168326018
2018-08-18 18:00:00,0.981089337265665,0.7355005767568652,0.9834636537614106,0.055984326477770116,0.0
2018-08-18 19:00:00,0.8162107933002664,0.3360863895930222,0.7437431145265555,0.312501618024024,0.19462869941838284
2018-08-18 20:00:00,0.0,0.570886880522441,0.0,1.0,0.005334903005635861
2018-08-18 21:00:00,0.27546492742613593,0.3252918140919285,0.04876897540939221,0.021053401861466668,0.10786904786385249
2018-08-18 22:00:00,0.1581590326229831,0.642883453337814,0.03503680234166656,0.4517232427368164,0.30943029862424487
2018-08-18 23:00:00,0.7016888251085466,0.3673122643197192,0.7086465258140463,0.5607651386385147,0.11063489440512647
2018-08-19 00:00:00,0.6656009718556382,0.9767077244614769,0.9834636537614106,0.17602357810373212,0.02767914854377382
2018-08-19 01:00:00,0.5108709846586716,0.6832498682363963,0.9834636537614106,0.6557502965429326,0.02564766469220368
2018-08-19 02:00:00,0.21766378494978358,0.6469418387892564,0.9834636537614106,1.0,0.04766018743626953
2018-08-19 03:00:00,0.15671551249003002,0.9785379269967656,0.9834636537614106,1.0,0.052652061094583855
2018-08-19 04:00:00,0.4425667754424986,0.9785379269967656,0.9834636537614106,1.0,0.21205194676651548
2018-08-19 05:00:00,0.981089337265665,0.9785379269967656,0.9834636537614106,1.0,0.14737793041223893
2018-08-19 06:00:00,0.9456212524053745,0.9785379269967656,0.9834636537614106,1.0,0.14432004232313686
2018-08-19 07:00:00,0.8806374669475263,0.9785379269967656,0.9834636537614106,1.0,0.11359866445213809
2018-08-19 08:00:00,0.8245121397148266,0.9785379269967656,0.9834636537614106,1.0,0.13215300757603451
2018-08-19 09:00:00,0.5154790008395485,0.9785379269967656,0.9834636537614106,1.0,0.15448366617843826
2018-08-19 10:00:00,0.3480875758861462,0.9785379269967656,0.9834636537614106,1.0,0.26045164078569477
2018-08-19 11:00:00,0.6647900285199421,0.9785379269967656,0.9834636537614106,1.0,0.18527051065640263
2018-08-19 12:00:00,0.787544324818661,0.9785379269967656,0.9789227221996063,1.0,0.12773773393760407
2018-08-19 13:00:00,0.6654312863673764,0.9785379269967656,0.9834636537614106,1.0,0.20524994919945935
2018-08-19 14:00:00,0.981089337265665,0.9785379269967656,0.9834636537614106,1.0,0.27658433093908996
2018-08-19 15:00:00,0.981089337265665,0.9785379269967656,0.9834636537614106,1.0,0.5305783927111228
2018-08-19 16:00:00,0.981089337265665,0.9785379269967656,0.9834636537614106,1.0,0.07861483735348303
2018-08-19 17:00:00,0.981089337265665,0.9785379269967656,0.9834636537614106,1.0,0.9495255609856614
2018-08-19 18:00:00,0.981089337265665,0.9785379269967656,0.9834636537614106,1.0,0.8291045567054863
2018-08-19 19:00:00,0.981089337265665,0.9785379269967656,0.9834636537614106,1.0,0.48673902947337283
2018-08-19 20:00:00,0.7785822462195924,0.9785379269967656,0.9834636537614106,1.0,0.030449485339458647
2018-08-19 21:00:00,0.4971014361916507,0.8016684775338847,0.9834636537614106,1.0,0.0
2018-08-19 22:00:00,0.5637635577240855,0.927287089030518,0.9834636537614106,1.0,0.0
2018-08-19 23:00:00,0.7021633627116172,0.884581494425814,0.9834636537614106,0.9541779326366301,0.0
2018-08-20 00:00:00,0.685669874729353,0.9543521244057076,0.9834636537614106,1.0,0.0
2018-08-20 01:00:00,0.7138159717683199,0.9785379269967656,0.9834636537614106,1.0,0.02263200559133482
2018-08-20 02:00:00,0.6601624022920874,0.9785379269967656,0.9172851393168894,0.972645710191419,0.0
2018-08-20 03:00:00,0.6266750346411114,0.8558941598473516,0.9834636537614106,0.5659849865877241,0.0
2018-08-20 04:00:00,0.790455052175961,0.39868147753629807,0.9763320908731329,0.23215460708097088,0.0
2018-08-20 05:00:00,0.981089337265665,0.46407715438076586,0.9577791238950066,0.08529908316585712,0.0
2018-08-20 06:00:00,0.981089337265665,0.539385567572349,0.832736867923345,0.06784039526735919,0.038745578225555265
2018-08-20 07:00:00,0.981089337265665,0.3038990522518132,0.6262740610511318,0.040340427084440036,0.05334380632900747
2018-08-20 08:00:00,0.7375759030684707,0.223343587426983,0.3630222253234069,0.0,0.0843115000271557
2018-08-20 09:00:00,0.4576457817307608,0.08712910988408919,0.28927000851041795,0.0,0.02985466965063014
2018-08-20 10:00:00,0.3266522466110381,0.08061476385561862,0.23509936477378177,0.0,0.04528665689731477
2018-08-20 11:00:00,0.26622338119341626,0.036076901552864415,0.17511151632787553,0.0,0.07596037615898896
2018-08-20 12:00:00,0.14727974242013103,0.022140135647955046,0.18477684574543302,0.0,0.14341307750860063
2018-08-20 13:00:00,0.07559126566173567,0.00900248812466874,0.13248874874809116,0.03960467203794338,0.13554498970633286
2018-08-20 14:00:00,0.024287393715451366,0.021912843890446284,0.08229864339664748,0.14960343200422543,0.1683793644817534
2018-08-20 15:00:00,0.0,0.0,0.060835139083258105,0.13948564293448887,0.3226976127590117
2018-08-20 16:00:00,0.0,0.03171043425798586,0.043544481406207446,0.18694753181978332,0.5660604968875543
2018-08-20 17:00:00,0.0,0.012699700723115508,0.0,0.19512768095759955,0.7308004270774207
2018-08-20 18:00:00,0.05208029944599852,0.12927867284189148,0.028818828939790403,0.2685368838040466,0.6236804166546418
2018-08-20 19:00:00,0.3131674572927767,0.15510084410025488,0.2208505409874103,0.22937244677898072,0.3021279658873783
2018-08-20 20:00:00,0.5235018953391621,0.20527956993919025,0.24182821790668424,0.6535226307193709,0.11149511101974628
2018-08-20 21:00:00,0.32711177892852217,0.6048026335080973,0.03133264638354942,1.0,0.4709102917351427
2018-08-20 22:00:00,0.21487158728199213,0.5321840020895758,0.0,1.0,0.24658692899328843
2018-08-20 23:00:00,0.18715008888641696,0.29839590356653334,0.02841592320393547,1.0,0.15731526014928401
2018-08-21 00:00:00,0.2618416142943599,0.16350742375339714,0.08768520181158246,1.0,0.1488430728221246
2018-08-21 01:00:00,0.2733782872151234,0.17197379966037057,0.2195324085231747,1.0,0.2096741454151146
2018-08-21 02:00:00,0.38068819064883685,0.19099880849732148,0.00294172444295852,0.4978238107434623,0.05083016419135684
2018-08-21 03:00:00,0.4557319140246127,0.23710529652098195,0.0,0.6375686356871406,0.007152848222928275
2018-08-21 04:00:00,0.6470438831019859,0.1363147609044811,0.0,0.7758912712629263,0.007297890431684675
2018-08-21 05:00:00,0.981089337265665,0.08205356126612606,0.0,1.0,0.0
2018-08-21 06:00:00,0.981089337265665,0.1506203868466337,0.05198216320293623,1.0,0.019056926745249815
2018-08-21 07:00:00,0.7206562450452958,0.0,0.07154174211559972,0.6062859759344009,0.0
2018-08-21 08:00:00,0.6152914623138853,0.012501752107017032,0.03178561100454631,0.043312887265334034,0.006451089797039391
2018-08-21 09:00:00,0.49527901376198913,0.15737347059472315,0.06381783834639757,0.1429695532118039,0.0
2018-08-21 10:00:00,0.46087990739691453,0.1867480701464562,0.10554017119863318,0.10872158084411077,0.0
2018-08-21 11:00:00,0.22031776699070776,0.06396547083021083,0.18155579669568694,0.3589412698569979,0.0
2018-08-21 12:00:00,0.14516525034964226,0.05554983036603011,0.211800736463722,0.3406943063416185,0.0
2018-08-21 13:00:00,0.09183103182751041,0.10053625735993886,0.12712822308741734,0.4120598973252926,0.05580768287311288
2018-08-21 14:00:00,0.1435987649343413,0.09871265664226347,0.19835526455256075,0.20108593790507767,0.05085021395918619
2018-08-21 15:00:00,0.5051676760882672,0.3656201609151804,0.13331081550232582,0.06464572809177381,0.22731827479878292
2018-08-21 16:00:00,0.9107674120076856,0.4245008662961407,0.1438089431288869,0.7166099303257534,0.08626852914939077
2018-08-21 17:00:00,0.981089337265665,0.3490311550747579,0.2956287702635565,0.7155684874927861,0.03296710936795665
2018-08-21 18:00:00,0.863509863250675,0.26455513448913043,0.13936764314917693,0.4255918865364043,0.10808033069534752
2018-08-21 19:00:00,0.32809243736932536,0.396065242187378,0.5896306566443985,0.28935106878886113,0.3887739512534125
2018-08-21 20:00:00,0.981089337265665,0.1831622068247806,0.4769578403414213,1.0,0.21957990755513704
2018-08-21 21:00:00,0.7373399969700103,0.029110978636926865,0.5753276122478008,0.612656277117404,0.028265354534939204
2018-08-21 22:00:00,0.0543225091281469,0.026940124244330056,0.4159175389577095,0.34588505623232835,0.0
2018-08-21 23:00:00,0.981089337265665,0.025189022415365966,0.25248347733131127,0.46484670817132,0.0
2018-08-22 00:00:00,0.981089337265665,0.0,0.21946983444970242,0.5662621989077615,0.0
2018-08-22 01:00:00,0.0,0.14686544186564976,0.09003106073630207,0.45243593334353527,0.0
2018-08-22 02:00:00,0.05263019222412734,0.7328715258144365,0.30653786833560215,0.19473189047759487,0.0
2018-08-22 03:00:00,0.04235559938745585,0.20785883382905265,0.2730950807332892,0.06259528744549649,0.0
2018-08-22 04:00:00,0.0777999550483,0.23155659928241873,0.13601406466262786,0.14520153961601992,0.0
2018-08-22 05:00:00,0.6451320884246474,0.23155659928241873,0.15963090346032507,0.22174061925172647,0.0
2018-08-22 06:00:00,0.5237038794945874,0.2829586156646408,0.1227464589870689,0.41084907996503817,0.0
2018-08-22 07:00:00,0.5880313436965661,0.240237183136131,0.11944289107830794,0.3294823565258496,0.011853630526056255
2018-08-22 08:00:00,0.551995308445629,0.0018083682164050595,0.06594790890603774,0.5250937738652722,0.0006206685323999685
2018-08-22 09:00:00,0.46105547344095604,0.02453747843261469,0.12922960450386897,0.4567653433290215,0.0
2018-08-22 10:00:00,0.49958394183510185,0.007860258088613003,0.13248933012835648,0.25812488995617905,0.0
2018-08-22 11:00:00,0.36676257206715707,0.0,0.18741493208040144,0.14315637371519901,0.0
2018-08-22 12:00:00,0.2557177090743161,0.0,0.3247279776164443,0.0930586553918395,0.0
2018-08-22 13:00:00,0.32192782137431214,0.0,0.30539652667318434,0.1263551470202184,0.04168700426220446
2018-08-22 14:00:00,0.5727932960351956,0.04766596154444251,0.377448474880015,0.15025225146140261,0.0
2018-08-22 15:00:00,0.7126433534647163,0.0766417590174344,0.4046246217655223,0.10425032331795926,0.0
2018-08-22 16:00:00,0.6997555201921163,0.14725762674350507,0.4058500705483919,0.10582620793871093,0.05963242161680446
2018-08-22 17:00:00,0.7173671254806223,0.26140907770907146,0.33942209117637395,0.1109864587165021,0.0
2018-08-22 18:00:00,0.5426166878471064,0.45329353161703173,0.34697612044391024,0.12205114830630401,0.15463407087002817
2018-08-22 19:00:00,0.4315041412483158,0.1424301411521374,0.3107966441245394,0.061247399253103595,0.06439315245657165
2018-08-22 20:00:00,0.7927601030289224,0.19046348973765637,0.35030741801533966,0.41009062851998257,0.03500680505666026
2018-08-22 21:00:00,0.19547852004709546,0.2102038777975735,0.2566399866562868,0.48199912594016475,0.0
2018-08-22 22:00:00,0.31045325009391456,0.09289332765837398,0.3143182978267699,0.33471482314003387,0.0
2018-08-22 23:00:00,0.7150965157919049,0.0933839390451869,0.2047953351113648,0.09620197106107173,0.0
2018-08-23 00:00:00,0.981089337265665,0.06176737588892883,0.19295553991140138,0.1551857530448932,0.17573676187573564
2018-08-23 01:00:00,0.981089337265665,0.0,0.18233614653121738,0.2108184117805184,0.10515142584098794
2018-08-23 02:00:00,0.8312702784812518,0.0,0.11279746786263241,0.19568164338468721,0.10740569586711235
2018-08-23 03:00:00,0.9014916324237461,0.0,0.1251419639891425,0.8957730061219671,0.060929574799895074
2018-08-23 04:00:00,0.973990956019648,0.0,0.03733339630192942,0.4091878682144244,0.05321993178597903
2018-08-23 05:00:00,0.8341615967626101,0.041186941045235195,0.0,1.0,0.14371280348761617
2018-08-23 06:00:00,0.6053984261338277,0.3646400057272013,0.0,0.37203311348418056,0.0
2018-08-23 07:00:00,0.8291334706208503,0.7041670733244666,0.0,0.48720315406879805,0.0
2018-08-23 08:00:00,0.6772949358987835,0.5100402831230898,0.007045524755836414,0.39334316040163114,0.09044498551219765
2018-08-23 09:00:00,0.7176409397048097,0.16624782097251703,0.005969776776033524,0.18446551508091877,0.6989141734491191
2018-08-23 10:00:00,0.3508638610024502,0.10616060259390889,0.0,0.5852043251304894,0.720002448350469
2018-08-23 11:00:00,0.20724545638225828,0.022567646992804283,0.0,0.8366556013788511,0.7288899845924842
2018-08-23 12:00:00,0.07003507359449311,0.010858561724340542,0.0,1.0,0.5754112021830907
2018-08-23 13:00:00,0.22787148095735787,0.14634656991831155,0.15348951209513623,1.0,0.6882148377335746
2018-08-23 14:00:00,0.22496549158611642,0.1686649913886355,0.18350568478050538,1.0,0.3473378956733485
2018-08-23 15:00:00,0.09883586893325372,0.025354419036185346,0.27712361368212957,0.9012392356391026,0.2997357402240178
2018-08-23 16:00:00,0.0,0.10660816831139665,0.3919181926794511,0.6230870091564081,0.1620038367346288
2018-08-23 17:00:00,0.0810225103567824,0.031559922678426534,0.047442978728122476,1.0,0.9495255609856614
2018-08-23 18:00:00,0.18077331594895377,0.0,0.21195942364503437,0.636775282125484,0.4392828731553824
2018-08-23 19:00:00,0.19233119501132365,0.05321084193717438,0.2666565958499076,0.3795863249426517,0.26227029073452823
2018-08-23 20:00:00,0.19744414497525337,0.0,0.13798433859995785,0.36102641164388594,0.021839404168543144
2018-08-23 21:00:00,0.1687201107668194,0.06434789556169145,0.4028954652846027,1.0,0.3701721854945306
2018-08-23 22:00:00,0.5142038265278016,0.03310957516856984,0.6021369682067488,0.1421690658084064,0.897635851554777
2018-08-23 23:00:00,0.5160149729250583,0.36638358781769226,0.755576079211552,0.07004813038030418,0.9495255609856614
2018-08-24 00:00:00,0.981089337265665,0.31704051178559245,0.8568741402965679,0.1331710439844878,0.9495255609856614
2018-08-24 01:00:00,0.5704713601233731,0.9785379269967656,0.759574329723713,0.0,0.9495255609856614
2018-08-24 02:00:00,0.981089337265665,0.9785379269967656,0.135272415639635,0.0,0.9495255609856614
2018-08-24 03:00:00,0.981089337265665,0.9785379269967656,0.5736709151689081,0.026923311077985304,0.5352695431340396
2018-08-24 04:00:00,0.981089337265665,0.841682041717302,0.7909551343153032,0.08469771441119583,0.47494219591247155
2018-08-24 05:00:00,0.981089337265665,0.9785379269967656,0.9834636537614106,1.0,0.5883953241177824
2018-08-24 06:00:00,0.981089337265665,0.5389867985542358,0.9834636537614106,0.3116532497364775,0.6776561945210369
2018-08-24 07:00:00,0.981089337265665,0.07391280431027143,0.9834636537614106,0.37886898541493313,0.44785639724209675
2018-08-24 08:00:00,0.6255671142213053,0.0,0.6151128411040717,0.12693276711906906,0.22932184181261045
2018-08-24 09:00:00,0.2625113282575542,0.0,0.32528209703532773,0.057787419301757924,0.18188493547521745
2018-08-24 10:00:00,0.15382811285255327,0.0,0.18668759372949045,0.05096162709069844,0.03723197032093858
2018-08-24 11:00:00,0.15796824106637483,0.0,0.18484042530673045,0.2261417557635486,0.0
2018-08-24 12:00:00,0.07271448767479426,0.0,0.24286807372841537,0.1675181798308644,0.0
2018-08-24 13:00:00,0.0,0.0,0.2595078800329384,0.2582188758610743,0.043758428983295974
2018-08-24 14:00:00,0.0,0.0,0.30508539275617,0.3785082159360584,0.10638424527273693
2018-08-24 15:00:00,0.0,0.0,0.5361636843557416,0.21171691530996642,0.1423260376436258
2018-08-24 16:00:00,0.1437376976641779,0.10656236494330985,0.6451191119059901,0.08117993163733239,0.243189744954467
2018-08-24 17:00:00,0.19378934839046186,0.12459253773209326,0.3288014110807287,0.1216522842829623,0.4503588431218853
2018-08-24 18:00:00,0.2981321291394775,0.09445972315656441,0.3464697839124385,0.02188602575887909,0.4086011293429579
2018-08-24 19:00:00,0.30830106655346534,0.0,0.6697577526205823,0.0042352590743547115,0.25949907353226026
2018-08-24 20:00:00,0.42778269096372534,0.014417585379296579,0.4198039906034944,0.043114190634704196,0.29299451768930374
2018-08-24 21:00:00,0.5670305654431594,0.2535306438413518,0.07095782306203066,0.472754165877434,0.9495255609856614
2018-08-24 22:00:00,0.40083581432424936,0.2617414824074857,0.29238820785396663,0.13172205204238174,0.8814415261594769
2018-08-24 23:00:00,0.30403105798190844,0.13413838450977744,0.4887497701038729,0.16163017235348856,0.918236539756191
2018-08-25 00:00:00,0.23773476915345826,0.15035278381252812,0.9834636537614106,0.0,0.786777386284101
2018-08-25 01:00:00,0.27097808232715337,0.20218678889984504,0.9834636537614106,0.0,0.06834626185774889
2018-08-25 02:00:00,0.308902172622942,0.1950295419453409,0.9834636537614106,0.03413941745833429,0.012119521347678951
2018-08-25 03:00:00,0.2466170612663915,0.39222109926519655,0.9834636537614106,0.03487587199846554,0.024733149765001315
2018-08-25 04:00:00,0.2633656938617965,0.47166960509176653,0.9834636537614106,0.01612459272540809,0.04735344909849223
2018-08-25 05:00:00,0.20008301489844252,0.5930199054213989,0.9455102431750182,0.16230703406223243,0.0
2018-08-25 06:00:00,0.17922284061457663,0.45124090816971907,0.6962844865848887,0.1342878888072803,0.0
2018-08-25 07:00:00,0.10408420129312858,0.2858355296360684,0.39017320982363235,0.12828658734556928,0.0
2018-08-25 08:00:00,0.015184651119685746,0.1128989620632764,0.26424116093880357,0.10310154184955325,0.0
2018-08-25 09:00:00,0.005866475601184218,0.1041936216208192,0.15924640434659781,0.01441524556030435,0.0
2018-08-25 10:00:00,0.04786083181206371,0.06453802139931611,0.03786662485783104,0.0,0.0
2018-08-25 11:00:00,0.1266173123637209,0.1299243703356494,0.003520270352271222,0.0,0.0
2018-08-25 12:00:00,0.2095587818528007,0.1650486409379031,0.07357257952415543,0.011339043579000474,0.0
2018-08-25 13:00:00,0.35973367004451684,0.23285077812755106,0.02760274259265084,0.03518800060051506,0.0
2018-08-25 14:00:00,0.4072808369495995,0.1718179790446415,0.18986365437111627,0.0,0.0
2018-08-25 15:00:00,0.425409085437006,0.25130509597026246,0.18847566480092776,0.0,0.15489951847823527
2018-08-25 16:00:00,0.8460193680768301,0.5549822915973395,0.9834636537614106,0.19867079055607942,0.41749326650313157
2018-08-25 17:00:00,0.981089337265665,0.6294554121589847,0.9834636537614106,0.13802606229282505,0.8953781235247437
2018-08-25 18:00:00,0.32853683528188854,0.4256997775196187,0.9834636537614106,0.2864200317153883,0.19183482137455327
2018-08-25 19:00:00,0.251751103160256,0.19883027787544233,0.9834636537614106,0.17491171734361766,0.9495255609856614
2018-08-25 20:00:00,0.2828194741498866,0.12188454935197764,0.7514178593496578,0.2464101074705113,0.9495255609856614
2018-08-25 21:00:00,0.981089337265665,0.3634677499980879,0.4757548555783678,0.11654886150308721,0.576766943481903
2018-08-25 22:00:00,0.981089337265665,0.1326877112106013,0.4197097272941894,0.19918279999239646,0.3283039625371404
2018-08-25 23:00:00,0.981089337265665,0.08325661271326194,0.8805602108342013,0.2873736887886197,0.06542623463507255
2018-08-26 00:00:00,0.981089337265665,0.05300383385154052,0.6664402576501944,0.6121241357221942,0.07621126476819469
2018-08-26 01:00:00,0.981089337265665,0.021279145861046848,0.27709800272478685,0.8724701039142227,0.05829146216006397
2018-08-26 02:00:00,0.981089337265665,0.0,0.191615673456677,0.7656440948803173,0.06917690696992207
2018-08-26 03:00:00,0.981089337265665,0.0,0.21532603800971067,0.44172815426067447,0.05298166869484047
2018-08-26 04:00:00,0.981089337265665,0.0,0.26720519213473265,0.08658468182987313,0.09614341607115535
2018-08-26 05:00:00,0.981089337265665,0.21618005710926583,0.14703028292897963,0.16257963444095389,0.09975542565577726
2018-08-26 06:00:00,0.981089337265665,0.9785379269967656,0.2723198449320882,0.4139201454369242,0.8744939272871534
2018-08-26 07:00:00,0.981089337265665,0.9785379269967656,0.17524198184490677,0.5985525880087288,0.9495255609856614
2018-08-26 08:00:00,0.9482756222178089,0.7191568617822829,0.06154064557916902,0.2965051025552799,0.9495255609856614
2018-08-26 09:00:00,0.8409827571014203,0.34468509546550935,0.014504049670133244,0.1784776196954495,0.9495255609856614
2018-08-26 10:00:00,0.727035184723819,0.2648094224939034,0.0,0.3240357490949291,0.8611466804160993
2018-08-26 11:00:00,0.44014150985416667,0.15305296250587824,0.0,0.232820653414115,0.7142852347247334
2018-08-26 12:00:00,0.30660153861048284,0.06829383781467141,0.0,0.5508659476850862,0.4095429703150151
2018-08-26 13:00:00,0.22852096360735255,0.036143538195766683,0.0,0.9420505159861466,0.3088948529220397
2018-08-26 14:00:00,0.36101892194497215,0.0,0.0,1.0,0.0
2018-08-26 15:00:00,0.1429856943871624,0.0,0.0,1.0,0.0
2018-08-26 16:00:00,0.46522485951350984,0.04597106331657351,0.0,0.39240600322882935,0.25356278670207427
2018-08-26 17:00:00,0.8516630585075065,0.9785379269967656,0.03936844730882128,0.14714782256949063,0.0
2018-08-26 18:00:00,0.981089337265665,0.0,0.9834636537614106,0.002633112890837544,0.0
2018-08-26 19:00:00,0.4187466432146357,0.012188971858213167,0.047325659110480166,0.6575847995219672,0.0
2018-08-26 20:00:00,0.981089337265665,0.027186487498902602,0.0,0.9543075875426631,0.041031335768926924
2018-08-26 21:00:00,0.4656276599933068,0.004894126058891198,0.06689499277371377,0.6086948751188024,0.3061631766799537
2018-08-26 22:00:00,0.5747576989569414,0.0,0.027885784266050345,1.0,0.3448399989132223
2018-08-26 23:00:00,0.6579012813206397,0.1385770002351777,0.04362631939412434,0.7812072196083544,0.9495255609856614
2018-08-27 00:00:00,0.981089337265665,0.36719219737399483,0.13440962024920147,1.0,0.9495255609856614
2018-08-27 01:00:00,0.981089337265665,0.21839352567508888,0.04165568533458048,1.0,0.9495255609856614
2018-08-27 02:00:00,0.981089337265665,0.10176724402480047,0.0008842364540878824,0.532848031943972,0.47345962576008455
2018-08-27 03:00:00,0.981089337265665,0.38757275529115015,0.0,0.7494819905897138,0.5639631872642027
2018-08-27 04:00:00,0.981089337265665,0.32446743894526486,0.0,0.9133201735986488,0.10979804800469384
2018-08-27 05:00:00,0.981089337265665,0.30480935471367243,0.45389466738038736,0.17062357089145258,0.17887391325177493
2018-08-27 06:00:00,0.981089337265665,0.07560647276033285,0.9834636537614106,0.22328497994955035,0.9495255609856614
2018-08-27 07:00:00,0.981089337265665,0.06095214487368214,0.6470505065003309,1.0,0.5240589050009751
2018-08-27 08:00:00,0.6756332813786746,0.14695491706840674,0.8320825905940242,0.661393931121686,0.07283228230276918
2018-08-27 09:00:00,0.3447789895721797,0.34814539420655083,0.577690126306498,0.5961151238370139,0.0
2018-08-27 10:00:00,0.25518131720086223,0.25202839485105344,0.3899740705647974,0.9223143635938633,0.0
2018-08-27 11:00:00,0.18611769413143314,0.30496135465467133,0.43860744760161574,0.9326773941977827,0.0
2018-08-27 12:00:00,0.13093350980909566,0.43171156766881774,0.16151871154696604,1.0,0.3396885379064942
2018-08-27 13:00:00,0.21094228007174587,0.4485305313473677,0.06318282815709288,0.5897754581102198,0.1512530824855177
2018-08-27 14:00:00,0.20027438287842125,0.9785379269967656,0.08399947876204993,0.2861687048305257,0.3695669835516964
2018-08-27 15:00:00,0.0,0.9785379269967656,0.8705623524546295,1.0,0.1463033772190961
2018-08-27 16:00:00,0.981089337265665,0.9785379269967656,0.16434341829999535,0.3449601369566108,0.0
2018-08-27 17:00:00,0.981089337265665,0.38868670944410166,0.2283937334089153,0.5782180111453334,0.12632766608544138
2018-08-27 18:00:00,0.981089337265665,0.27867768694223316,0.3037893106700244,0.6564630810630355,0.20107862633589493
2018-08-27 19:00:00,0.981089337265665,0.06448566637820399,0.24841946297577283,1.0,0.338215266492317
2018-08-27 20:00:00,0.981089337265665,0.029710833775692044,0.7811617982375004,1.0,0.20352613931485738
2018-08-27 21:00:00,0.9297518273910098,0.06173102494772252,0.03983955730768265,1.0,0.27693948056586093
2018-08-27 22:00:00,0.981089337265665,0.8111970398613791,0.9834636537614106,1.0,0.9260949865160037
2018-08-27 23:00:00,0.981089337265665,0.9785379269967656,0.9834636537614106,1.0,0.6951675692240388
2018-08-28 00:00:00,0.981089337265665,0.9785379269967656,0.9834636537614106,1.0,0.9495255609856614
2018-08-28 01:00:00,0.981089337265665,0.9785379269967656,0.9834636537614106,1.0,0.75408716253232
2018-08-28 02:00:00,0.981089337265665,0.9785379269967656,0.9834636537614106,1.0,0.41308736024299436
2018-08-28 03:00:00,0.981089337265665,0.9785379269967656,0.9834636537614106,1.0,0.9344946027943832
2018-08-28 04:00:00,0.981089337265665,0.9785379269967656,0.9834636537614106,1.0,0.7905618031649376
2018-08-28 05:00:00,0.9533064361638554,0.9785379269967656,0.8892674947419946,0.43033645061190984,0.037141462221295884
2018-08-28 06:00:00,0.981089337265665,0.9785379269967656,0.9631677040195423,0.5130101620379011,0.0
2018-08-28 07:00:00,0.981089337265665,0.9785379269967656,0.8361494069659964,0.3068393676020202,0.0
2018-08-28 08:00:00,0.8246467587314269,0.5388211262809594,0.802271357904337,0.18009106223786436,0.0
2018-08-28 09:00:00,0.45899905092264226,0.19608110748876173,0.4292151574498042,0.0974311133303556,0.013815848224597327
2018-08-28 10:00:00,0.3549588401969484,0.12281406631510941,0.42043782187045753,0.03625446460498848,0.09826497871645647
2018-08-28 11:00:00,0.23523640086516445,0.04945274036092818,0.3161699259470234,0.04233830608254348,0.15446333995762832
2018-08-28 12:00:00,0.15212453870070772,0.09218959287130694,0.2667381434305619,0.07789587860901587,0.24565210840733834
2018-08-28 13:00:00,0.06764739215565746,0.10666820744628121,0.19558929101813677,0.09992591488599133,0.27605565430406703
2018-08-28 14:00:00,0.10974519041337347,0.15807899568161493,0.2157049214892603,0.08666031584122699,0.5256247041029863
2018-08-28 15:00:00,0.17222460055880404,0.3183810547646518,0.19482731357348632,0.1365025913344658,0.9495255609856614
2018-08-28 16:00:00,0.3818337575040708,0.41982972648313277,0.20630999792716206,0.04199796171773089,0.9495255609856614
2018-08-28 17:00:00,0.4487600899174713,0.4519962535332534,0.17767940739928073,0.09062294892003613,0.3209808167738165
2018-08-28 18:00:00,0.7084643302983795,0.3362085464970267,0.24622510120366847,0.15618886483084476,0.9495255609856614
2018-08-28 19:00:00,0.981089337265665,0.33823102574460906,0.43632142408553853,0.2915388145360408,0.7322233149577896
2018-08-28 20:00:00,0.981089337265665,0.19805329531241808,0.474906228964117,0.3026023434044883,0.3795305654734787
2018-08-28 21:00:00,0.3163304895919616,0.19787067068785402,0.432657522019903,0.6788375777173259,0.5792147080887252
2018-08-28 22:00:00,0.24804359461197054,0.028020442971229333,0.6166471712788648,1.0,0.40637119359699436
2018-08-28 23:00:00,0.3182404463775241,0.08264283534296127,0.34866013143044705,1.0,0.40246668099731797
2018-08-29 00:00:00,0.03995331581824477,0.08912958291632617,0.24806539740980646,1.0,0.12480458252967837
2018-08-29 01:00:00,0.05502932402500319,0.05302342882123934,0.24549112919260774,1.0,0.036364964268832976
2018-08-29 02:00:00,0.02484147220236772,0.0848437962514855,0.415439759806728,1.0,0.10324239611156225
2018-08-29 03:00:00,0.029721268035858395,0.11502600079537717,0.29560832046914265,1.0,0.07273585985090758
2018-08-29 04:00:00,0.01885276036178898,0.0917929547077488,0.2660977309364775,1.0,0.08273855094496542
2018-08-29 05:00:00,0.0,0.04518712311562378,0.5111408802596517,1.0,0.006021653590181916
2018-08-29 06:00:00,0.0,0.02995643009849779,0.5517796814154106,1.0,0.0
2018-08-29 07:00:00,0.0,0.11192744072656993,0.23751932766294007,0.8946685323644118,0.0
2018-08-29 08:00:00,0.0,0.10245622137069199,0.4871049510741247,0.468954188802149,0.0
2018-08-29 09:00:00,0.0,0.23026536099736522,0.393840996801926,0.26164271414038803,0.0
2018-08-29 10:00:00,0.0,0.21615699807318495,0.4086990580982981,0.26953572596795694,0.0
2018-08-29 11:00:00,0.04849418684682755,0.20488188374814273,0.45951965605679485,0.24486341439530415,0.060259900212413973
2018-08-29 12:00:00,0.12608297894561923,0.3079420538656067,0.7135443564784386,0.23273920617402152,0.1552998508194158
2018-08-29 13:00:00,0.24213317559086464,0.3261445466538555,0.9347852786057539,0.36588483657454596,0.2894275030752103
2018-08-29 14:00:00,0.25383777968550875,0.6344037450769936,0.9834636537614106,0.2522646781873791,0.5506371216831318
2018-08-29 15:00:00,0.32788849192215436,0.9785379269967656,0.9689460989945087,0.2951993489360593,0.9495255609856614
2018-08-29 16:00:00,0.3895637349584402,0.8568636778639016,0.9834636537614106,0.4974687720731293,0.9495255609856614
2018-08-29 17:00:00,0.6183065925793787,0.8324854653608051,0.9834636537614106,0.12437198172259885,0.9495255609856614
2018-08-29 18:00:00,0.6019065222213611,0.9785379269967656,0.9834636537614106,0.2269425411600809,0.5066901507036093
2018-08-29 19:00:00,0.7551203030103325,0.9785379269967656,0.9834636537614106,0.8631458518010037,0.11015531320613951
2018-08-29 20:00:00,0.981089337265665,0.9785379269967656,0.9834636537614106,1.0,0.4973034939856009
2018-08-29 21:00:00,0.981089337265665,0.30956048833595234,0.8733182781224635,1.0,0.28439340330428314
2018-08-29 22:00:00,0.981089337265665,0.8888625025366703,0.8517989932739274,1.0,0.09250447330467981
2018-08-29 23:00:00,0.981089337265665,0.7350633733421381,0.8375675693854385,1.0,0.0
2018-08-30 00:00:00,0.981089337265665,0.9785379269967656,0.5140381258287671,1.0,0.019818659695541627
2018-08-30 01:00:00,0.981089337265665,0.5971302831689479,0.5970587882605398,0.36579222574887926,0.028738678227987886
2018-08-30 02:00:00,0.981089337265665,0.11344508600106078,0.5696192310194567,1.0,0.11241206464526088
2018-08-30 03:00:00,0.981089337265665,0.0,0.17500237563503618,0.42620584326637667,0.09761519950270965
2018-08-30 04:00:00,0.9026820647377809,0.0,0.12130861803678564,0.1831415930420435,0.010005091863675876
2018-08-30 05:00:00,0.8388328253070981,0.0,0.18316058544899783,0.5512290899935881,0.23687186035961263
2018-08-30 06:00:00,0.981089337265665,0.05099960526002755,0.2470593539675293,0.30904088599517004,0.4001759946500568
2018-08-30 07:00:00,0.505374262451672,0.050275871048599804,0.1307694503397345,0.1643729450596616,0.26135452913355806
2018-08-30 08:00:00,0.4024979715154543,0.010566874373721866,0.03916944119539591,0.11934301542375197,0.14304248965732885
2018-08-30 09:00:00,0.28482325572051526,0.0,0.0,0.0942169079837878,0.14100564411091904
2018-08-30 10:00:00,0.2052686824326915,0.0,0.0,0.0476194255848275,0.02677445637272702
2018-08-30 11:00:00,0.15419777241925617,0.0,0.0,0.09936931027698226,0.02190123700434389
2018-08-30 12:00:00,0.06099453935740791,0.08660655423828383,0.0,0.11177493027954187,0.0
2018-08-30 13:00:00,0.018745722319399888,0.0926752094379582,0.0,0.15199262313908268,0.0
2018-08-30 14:00:00,0.0056476254953293755,0.12735677730224715,0.03449087074270737,0.08350804025188466,0.0
2018-08-30 15:00:00,0.04690403124267033,0.19940992548042025,0.0,0.10713188810920457,0.0
2018-08-30 16:00:00,0.07347771151410515,0.2135531813159138,0.0,0.13431292891851393,0.1553297087740469
2018-08-30 17:00:00,0.0,0.31455917913995673,0.09723521311366735,0.22128859381145932,0.9054287837927801
2018-08-30 18:00:00,0.03235628141573488,0.0,0.15521469274384192,0.05183791789910077,0.2816262970306767
2018-08-30 19:00:00,0.2042693042361979,0.11224845059549884,0.55868928330146,0.06771514976059609,0.4689952352705267
2018-08-30 20:00:00,0.981089337265665,0.0,0.8832901067343917,0.5897958098206704,0.49967021324935024
2018-08-30 21:00:00,0.981089337265665,0.22504162403225925,0.5724326364882315,0.24947041295811767,0.1144277563387403
2018-08-30 22:00:00,0.981089337265665,0.30008426219623213,0.6335817488053226,0.5837628855169849,0.045181630342855925
2018-08-30 23:00:00,0.981089337265665,0.30504063809369253,0.9251357474686326,0.6663925888507747,0.19051774339950445
2018-08-31 00:00:00,0.981089337265665,0.028757839612746763,0.6049606657405037,0.2861198075049278,0.47183814192060175
2018-08-31 01:00:00,0.981089337265665,0.0,0.08717700618095256,0.0,0.6045845591845654
2018-08-31 02:00:00,0.981089337265665,0.21791322543710365,0.0,0.29444182339366076,0.3572154801662643
2018-08-31 03:00:00,0.981089337265665,0.9785379269967656,0.020668598835259643,0.28791020089512137,0.9495255609856614
2018-08-31 04:00:00,0.981089337265665,0.9785379269967656,0.06100510416508865,0.19912232469998756,0.9495255609856614
2018-08-31 05:00:00,0.981089337265665,0.9785379269967656,0.08763723388429759,0.05419245695765906,0.8350525569919623
2018-08-31 06:00:00,0.981089337265665,0.8706739452842659,0.012258393588904926,0.2371704501436498,0.7289114669884121
2018-08-31 07:00:00,0.7815763188818114,0.48861263129579,0.0,0.40947955891249976,0.8221688888264245
2018-08-31 08:00:00,0.4633565122149793,0.16580935638990504,0.12241726047044535,0.19281657551565637,0.18839404384642794
2018-08-31 09:00:00,0.355613665675756,0.004148669806428416,0.18805237568900068,0.14430795671207597,0.07086640726550687
2018-08-31 10:00:00,0.1415080181111938,0.0,0.3183378834495796,0.03436020799555618,0.06627455354109674
2018-08-31 11:00:00,0.0848092382097085,0.02714292515948338,0.17359625162365708,0.02185144956924272,0.029957972461115864
2018-08-31 12:00:00,0.043637574908378635,0.04850583095977872,0.04695789292808003,0.12087922366847934,0.0
2018-08-31 13:00:00,0.0,0.051641545597490374,0.0,0.4650461452914879,0.0
2018-08-31 14:00:00,0.0,0.06977234474189815,0.0,0.18940327080453434,0.13826868099988932
2018-08-31 15:00:00,0.981089337265665,0.11401466577228389,0.029786344715662473,0.7220487968665708,0.9307078438999528
2018-08-31 16:00:00,0.033292138076231,0.05013875731515097,0.866765985369568,1.0,0.4676407184624314
2018-08-31 17:00:00,0.2711542077892075,0.14537524133375113,0.9834636537614106,0.0,0.08601914416354797
2018-08-31 18:00:00,0.10258064910655233,0.0,0.9834636537614106,0.05808909348307729,0.6268494852312807
2018-08-31 19:00:00,0.981089337265665,0.8408165774382543,0.9834636537614106,0.0,0.9495255609856614
2018-08-31 20:00:00,0.8365338175583706,0.5754549792077936,0.06979711907671235,0.024723304756561842,0.0
2018-08-31 21:00:00,0.6800542493894702,0.9785379269967656,0.2904506929422938,0.025681274550118274,0.019100354962780113
2018-08-31 22:00:00,0.9278911700051651,0.5125350544651336,0.47883911814830227,0.4599183382497821,0.30670026308832504
2018-08-31 23:00:00,0.981089337265665,0.9785379269967656,0.002639041739867188,0.029637202240634788,0.0
2018-09-01 00:00:00,0.981089337265665,0.9785379269967656,0.0,0.7544925272498874,0.048126892687835925
2018-09-01 01:00:00,0.981089337265665,0.40377374364523244,0.0,0.6263956666862277,0.2993990795498525
2018-09-01 02:00:00,0.18235303283784626,0.6008900514460482,0.1422167895707595,0.9750824363293611,0.10574454699946167
2018-09-01 03:00:00,0.9519436707572686,0.0,0.0405810028468398,1.0,0.34111438220826734
2018-09-01 04:00:00,0.8542987619576415,0.0,0.03974216688159944,0.6654358000996393,0.19198192040907033
2018-09-01 05:00:00,0.7115293312153765,0.0,0.0,0.35301437261135865,0.19098545097256353
2018-09-01 06:00:00,0.981089337265665,0.0,0.0,0.1888243063517589,0.12495774433503282
2018-09-01 07:00:00,0.5404975281604205,0.05808734071190178,0.0,0.037898139946833824,0.07868941720274804
2018-09-01 08:00:00,0.16520706637038726,0.02347598679812175,0.0,0.0,0.0
2018-09-01 09:00:00,0.08767818695000526,0.0,0.0,0.010278455689997204,0.0
2018-09-01 10:00:00,0.0,0.0,0.0,0.0,0.0
2018-09-01 11:00:00,0.0356001310804571,0.0,0.02683101691561179,0.0,0.0
2018-09-01 12:00:00,0.07098063761350083,0.0,0.04851339116227903,0.0,0.0
2018-09-01 13:00:00,0.5433616543005504,0.0,0.04735122728798989,0.0,0.0
2018-09-01 14:00:00,0.8451096781221811,0.0,0.059373603854935134,0.0,0.0
2018-09-01 15:00:00,0.981089337265665,0.15216727489063864,0.2974851718607423,0.0,0.0
2018-09-01 16:00:00,0.981089337265665,0.1612069348735229,0.3757487280553422,1.0,0.0
2018-09-01 17:00:00,0.981089337265665,0.15087587021114568,0.6664622271072386,0.0,0.5184896375224347
2018-09-01 18:00:00,0.981089337265665,0.3322062419198776,0.18436818744753866,0.3073576851361291,0.37547318022417225
2018-09-01 19:00:00,0.981089337265665,0.510190312457837,0.9834636537614106,0.0916746836052942,0.3080470051115529
2018-09-01 20:00:00,0.981089337265665,0.8243448485040252,0.9834636537614106,0.7948700865886925,0.9495255609856614
2018-09-01 21:00:00,0.981089337265665,0.9636351093716085,0.14270830034793414,0.9020582497014847,0.6061467713079371
2018-09-01 22:00:00,0.981089337265665,0.8605904872542387,0.36503094970245803,0.7704866365266163,0.24452856865172276
2018-09-01 23:00:00,0.981089337265665,0.08054371757532522,0.4453489331812542,0.08645888664123633,0.3524359457131508
2018-09-02 00:00:00,0.981089337265665,0.48826810507195817,0.1634584869151831,0.07556220186580927,0.11193026946010451
2018-09-02 01:00:00,0.981089337265665,0.3261103360152619,0.04948497208668643,0.3410982973205542,0.13519772031644955
2018-09-02 02:00:00,0.29490025735161046,0.15880092353359682,0.026096212701690793,0.14838929313961569,0.38717947599232333
2018-09-02 03:00:00,0.4003548465697607,0.22766507983451073,0.0,0.05136774072593275,0.12036450206398093
2018-09-02 04:00:00,0.24466030676150835,0.8659664988022272,0.0019391041809667313,0.19445252370869015,0.40464516294579295
2018-09-02 05:00:00,0.4871577140925308,0.3607337503316496,0.18988196394919146,0.31254610401043836,0.3103121805665832
2018-09-02 06:00:00,0.3843897420524769,0.33795295425198507,0.05625323152454424,1.0,0.6932046355435761
2018-09-02 07:00:00,0.004818891890396355,0.18943481641740226,0.6626586885337364,1.0,0.16989213730512934
2018-09-02 08:00:00,0.0,0.20049796094439012,0.031923069504847856,1.0,0.0
2018-09-02 09:00:00,0.0,0.12885259196520685,0.0,0.7337149642867975,0.0
2018-09-02 10:00:00,0.0,0.2812215789030413,0.0,0.4833331489389283,0.7899982055235084
2018-09-02 11:00:00,0.007171349712002565,0.08246660294754934,0.0,0.1142166099025452,0.31577040475471474
2018-09-02 12:00:00,0.06888726219016861,0.0473869485950775,0.052930828902067115,0.035603821746681065,0.2642993267826679
2018-09-02 13:00:00,0.08778262217308215,0.08505864475184896,0.08816241595015296,0.0,0.09202226901580958
2018-09-02 14:00:00,0.10515881685446754,0.15307712461069975,0.1621232195441196,0.0,0.12584726562679255
2018-09-02 15:00:00,0.13889458071210575,0.141786464006275,0.16894224150838869,0.07068888711505224,0.12407367270971645
2018-09-02 16:00:00,0.16879481651368247,0.8853701737119231,0.05207543287993078,0.005462134135834049,0.11228144794259323
2018-09-02 17:00:00,0.15307360259046296,0.09161258854586164,0.08887557509707775,0.06719217028634084,0.02477655810922122
2018-09-02 18:00:00,0.13133159318294746,0.2612479260778214,0.5467115924169635,0.44370808070790335,0.0
2018-09-02 19:00:00,0.13335918242458372,0.0,0.7725880544983045,0.19645612795510864,0.10837778859895487
2018-09-02 20:00:00,0.17149985283476618,0.04875109943372952,0.4742978536399241,0.5180607310083798,0.9495255609856614
2018-09-02 21:00:00,0.6663543014515654,0.0,0.24820100336241804,0.4405680573616538,0.030039407437186104
2018-09-02 22:00:00,0.5751131145713133,0.10325512270014665,0.11381484807595205,0.7024671445949108,0.9495255609856614
2018-09-02 23:00:00,0.30583918594735493,0.3871162588294805,0.09446647189044656,0.8508910591579387,0.2905208374319365
2018-09-03 00:00:00,0.0,0.20783633128338289,0.0922558935546058,0.7882002348555783,0.840878315103684
2018-09-03 01:00:00,0.03637153906827174,0.0,0.07668085424933492,0.7585524527514239,0.0
2018-09-03 02:00:00,0.0,0.0,0.04653098055071022,1.0,0.0
2018-09-03 03:00:00,0.07681179444466718,0.0,0.0,0.8279456598666883,0.01905142791012918
2018-09-03 04:00:00,0.05537141105305851,0.056184993735139306,0.0,0.5331297236552505,0.050780301490559926
2018-09-03 05:00:00,0.25055269009044084,0.0,0.0,0.2995175186577218,0.0
2018-09-03 06:00:00,0.05186522099544481,0.020048235010277405,0.0,0.24247210461989793,0.0
2018-09-03 07:00:00,0.0,0.03169305943439035,0.0,0.28242987361948996,0.0
2018-09-03 08:00:00,0.0,0.0,0.0,0.1635802304196675,0.0
2018-09-03 09:00:00,0.0,0.0,0.03819403272603622,0.23223048907033755,0.0
2018-09-03 10:00:00,0.0,0.04394753810792426,0.03156798150002332,0.23602058455846187,0.03834092948217639
2018-09-03 11:00:00,0.0,0.1978912433523281,0.09444665952868679,0.2483811055981226,0.0
2018-09-03 12:00:00,0.0,0.06994360011785829,0.1263468178328769,0.20925807285222056,0.0
2018-09-03 13:00:00,0.0,0.023608330711310823,0.19594699217460515,0.18516218409010948,0.0
2018-09-03 14:00:00,0.1617851989216795,0.04038112862842155,0.2628060843329007,0.22460816745617776,0.0
2018-09-03 15:00:00,0.12822795587422703,0.0,0.36970824113178813,0.18811428590174184,0.0
2018-09-03 16:00:00,0.02089724369317144,0.0,0.8260638124968032,0.14390042056980493,0.0
2018-09-03 17:00:00,0.9452616193482133,0.05286246066056595,0.0,0.19269825384409292,0.0
2018-09-03 18:00:00,0.36868062437989124,0.13283423405325137,0.022413964240505693,0.14363162935053073,0.0547347755677658
2018-09-03 19:00:00,0.6941967121241658,0.06327624938735979,0.165475501259284,0.2714291362176259,0.23633164159281372
2018-09-03 20:00:00,0.10649740040183958,0.49277166552490503,0.1672433291280524,0.7019112740427531,0.32553223565441936
2018-09-03 21:00:00,0.04012893035683759,0.3375201937506506,0.20417259655913766,0.9474228934376989,0.2584801990141256
2018-09-03 22:00:00,0.06923475220450205,0.1149577878663931,0.10493483576855672,0.9800242709922524,0.12068084229526296
2018-09-03 23:00:00,0.17180556210904008,0.18956341604152357,0.30555149759649525,0.5260124539915434,0.0
2018-09-04 00:00:00,0.0273887623431965,0.4157135132402623,0.2513283810756882,0.432397782824147,0.05007319189936866
2018-09-04 01:00:00,0.36856664247834864,0.16786152992214143,0.1897197144276199,0.38304019218628155,0.0
2018-09-04 02:00:00,0.2690579410304384,0.0,0.15637430691154153,0.29453990601111874,0.044015959408630095
2018-09-04 03:00:00,0.2847631784280562,0.0,0.06109290274446112,0.03297815252732158,0.0786947436211362
2018-09-04 04:00:00,0.37593360885570654,0.0,0.03478097537425397,0.0,0.04129686062572195
2018-09-04 05:00:00,0.6181945074593062,0.0,0.032517805121891744,0.0,0.0
2018-09-04 06:00:00,0.6461301945459592,0.0,0.020639949892071414,0.0,0.0
2018-09-04 07:00:00,0.15803054730555685,0.0,0.012061826317020496,0.7441838071755573,0.0
2018-09-04 08:00:00,0.07753859476198635,0.0,0.011699151237220496,0.5743019471475252,0.0
2018-09-04 09:00:00,0.028516473975262236,0.0,0.0,0.46925038393629015,0.0
2018-09-04 10:00:00,0.011254089497581594,0.0,0.0,0.2384324799490889,0.0
2018-09-04 11:00:00,0.008698373072657797,0.0,0.0,0.19176812059753418,0.0
2018-09-04 12:00:00,0.05641554287592349,0.0,0.0296983103707261,0.17836769616330675,0.018544793737928306
2018-09-04 13:00:00,0.08505781224672394,0.0,0.02846253646905838,0.20236162090532542,0.07153466241664197
2018-09-04 14:00:00,0.10315157639919091,0.023730752790484855,0.1782074254199433,0.1772887685656187,0.12861658968763254
2018-09-04 15:00:00,0.1082314102817635,0.026744012351075326,0.09459058367420471,0.2185906891030065,0.18345769704872703
2018-09-04 16:00:00,0.08903765675406926,0.409973936092638,0.9834636537614106,0.24111071609239493,0.10795480589756593
2018-09-04 17:00:00,0.02821792331822061,0.018776875275823973,0.8099475453148763,0.23125345386548757,0.08265977577134698
2018-09-04 18:00:00,0.03777738753551855,0.08187379335935827,0.48130785841923884,0.4367619160258963,0.07557553321173362
2018-09-04 19:00:00,0.7875876843661777,0.3666538354277616,0.17913675767684323,0.5082951740788776,0.0
2018-09-04 20:00:00,0.7496259220601218,0.068214871313582,0.7089538823892131,0.6583982798914095,0.0
2018-09-04 21:00:00,0.40085850271109164,0.7989728807196834,0.7782595786331445,1.0,0.0
2018-09-04 22:00:00,0.2130292493549261,0.4786800806369683,0.7783074048766104,0.749592632852676,0.13962988447192476
2018-09-04 23:00:00,0.0,0.2488424178607148,0.8256115770686437,0.8292279455637864,0.5529009976093695
2018-09-05 00:00:00,0.19175483254119496,0.08752052913812118,0.41706789299253816,0.5837088977562424,0.1820023685016141
2018-09-05 01:00:00,0.0,0.14496843669901047,0.15267886923332266,0.10563603196172108,0.02425601346758419
2018-09-05 02:00:00,0.23047334823557705,0.12479968749759934,0.21991309594983838,0.06130171611941722,0.0
2018-09-05 03:00:00,0.030715502644775735,0.20335135410038013,0.2687061989696467,0.05304357495317942,0.0
2018-09-05 04:00:00,0.12526819111628928,0.12256274841540077,0.46924086408751897,0.05012983616525436,0.008785288491530357
2018-09-05 05:00:00,0.0,0.15076652583284786,0.12291508553509078,0.23479537394805935,0.0
2018-09-05 06:00:00,0.16815588621954533,0.03671391008257006,0.19619433779702025,0.1795003698363531,0.0
2018-09-05 07:00:00,0.13094606848188406,0.19143997590905207,0.1833072270437399,0.35521599471541554,0.07956122105084396
2018-09-05 08:00:00,0.14062143989466375,0.12508586521481374,0.17067366069934353,0.0680203043569631,0.0
2018-09-05 09:00:00,0.12063765804631953,0.11464920535172804,0.14674201333605016,0.02832298214897126,0.0
2018-09-05 10:00:00,0.30590631854012196,0.07145513282643359,0.1442684414250405,0.060345081388139175,0.0
2018-09-05 11:00:00,0.3321709080244689,0.03118447022738955,0.09031346787940013,0.044538832881289236,0.0
2018-09-05 12:00:00,0.17361053730771686,0.004112242673141787,0.04800969317907256,0.06855160411690935,0.2824854310605439
2018-09-05 13:00:00,0.11677805440273745,0.0,0.1754002460014277,0.0907200406962496,0.14448739972223004
2018-09-05 14:00:00,0.24514964793115301,0.0,0.24645389633742182,0.05410722103275106,0.04301583360025256
2018-09-05 15:00:00,0.2794128820437187,0.011534901470227116,0.20436927612792152,0.11173649404665616,0.16832304174362187
2018-09-05 16:00:00,0.25185962230962783,0.10875175740496658,0.18010099824359352,0.140824683728161,0.4376107623373592
2018-09-05 17:00:00,0.3500493620032551,0.27230482428997904,0.17781632812499645,0.07058701929341485,0.8333065879084495
2018-09-05 18:00:00,0.7317944018593243,0.28705483806173,0.08360751051837423,0.07521131609430866,0.4454923320704567
2018-09-05 19:00:00,0.34068298786725937,0.2679275581158294,0.1543296236096018,0.24529041745839852,0.01946863963765313
2018-09-05 20:00:00,0.16445845037622744,0.04991298681139271,0.23575757404831504,0.10491086531294225,0.0
2018-09-05 21:00:00,0.12002510226837224,0.0,0.11484333702067294,0.701480748586448,0.0
2018-09-05 22:00:00,0.1580455986107025,0.009552089275968463,0.12911643792295233,0.34668013364530326,0.007735364514891634
2018-09-05 23:00:00,0.01510021240365241,0.0,0.0634348658810793,0.44413933614598444,0.0
2018-09-06 00:00:00,0.0,0.0,0.03750720354124398,0.6720624166140882,0.0
2018-09-06 01:00:00,0.0,0.0,0.0,0.984603897863496,0.0
2018-09-06 02:00:00,0.0,0.0,0.04833865290921097,1.0,0.0
2018-09-06 03:00:00,0.041249381036534104,0.0,0.0,0.9453428245051637,0.0
2018-09-06 04:00:00,0.04292650840906502,0.0,0.0,0.8420577609553626,0.0005230802903932587
2018-09-06 05:00:00,0.04670004499725972,0.0,0.02429975568304012,0.7869684746713762,0.0
2018-09-06 06:00:00,0.023557749422822787,0.0,0.07347202648351056,0.8579391785972524,0.0
2018-09-06 07:00:00,0.026738708759765993,0.0,0.09802294843217907,0.5416045894312309,0.0
2018-09-06 08:00:00,0.0,0.0,0.12128373007154414,0.24201758450867544,0.0
2018-09-06 09:00:00,0.0,0.0,0.16492122030393327,0.18926810568305608,0.0
2018-09-06 10:00:00,0.0,0.0,0.08267695354451687,0.15455486499490612,0.0
2018-09-06 11:00:00,0.03398513180820749,0.03179166701609808,0.10116909813034179,0.2151321540465012,0.0
2018-09-06 12:00:00,0.0,0.0543124352843337,0.05278624621227005,0.19715288420063615,0.0
2018-09-06 13:00:00,0.0,0.04846333329191184,0.04896099523171109,0.32859304961914765,0.0
2018-09-06 14:00:00,0.031446667270915225,0.35657238559012766,0.0841753897396389,0.5024620778872427,0.017935013987571982
2018-09-06 15:00:00,0.24517701218519478,0.6027075466296385,0.03349928832708947,0.34245531004633517,0.05606150075201084
2018-09-06 16:00:00,0.11764707396249968,0.5643484054949012,0.04344197374275296,0.24450651998809275,0.0
2018-09-06 17:00:00,0.03405543747947384,0.3710220011781321,0.0553104722521619,0.32159087469621106,0.16185306989570009
2018-09-06 18:00:00,0.2476982920015823,0.6479971327686777,0.11698022087222389,0.6266488415045149,0.10401466303088389
2018-09-06 19:00:00,0.18317347880907614,0.36858680115945014,0.09018382119413729,0.3234098111416029,0.13589091843169343
2018-09-06 20:00:00,0.14265524856220438,0.17620999576564483,0.09284703525653318,0.5674512982214288,0.09813111951277025
2018-09-06 21:00:00,0.08568153808952535,0.35610697001979197,0.032054797777839227,0.5946740705863077,0.004204331355603284
2018-09-06 22:00:00,0.01050001967600791,0.15037247798125056,0.0,0.8196544821615207,0.0
2018-09-06 23:00:00,0.0,0.2404664075495404,0.0,0.7325655931998027,0.0
2018-09-07 00:00:00,0.0,0.3096990876236589,0.0,0.5218376795644689,0.0
2018-09-07 01:00:00,0.0,0.02849999655990986,0.0,0.22418163628595872,0.029724917126805587
2018-09-07 02:00:00,0.0,0.045504726697106805,0.0,0.24671454873449294,0.020475059501688705
2018-09-07 03:00:00,0.0,0.03458554373212546,0.0,0.11324132211604776,0.0
2018-09-07 04:00:00,0.0,0.0,0.0,0.03098441430624487,0.0
2018-09-07 05:00:00,0.0,0.0,0.0,0.051749875743069045,0.0
2018-09-07 06:00:00,0.0,0.030662283951492234,0.0,0.06579510370098862,0.0
2018-09-07 07:00:00,0.0,0.0,0.0,0.05379626817581147,0.0
2018-09-07 08:00:00,0.0,0.0,0.0,0.0,0.005378168412215975
2018-09-07 09:00:00,0.012396708609196252,0.0,0.0,0.0,0.0
2018-09-07 10:00:00,0.01649290743459196,0.0,0.0,0.0,0.0
2018-09-07 11:00:00,0.030485267873804588,0.0,0.0,0.0,0.0
2018-09-07 12:00:00,0.05315750380888045,0.0,0.0,0.04961051576028415,0.10774096010230944
2018-09-07 13:00:00,0.09621619907792679,0.0,0.0,0.050334745314156625,0.20504053072930917
2018-09-07 14:00:00,0.12874300951364667,0.0,0.0,0.08241865602207066,0.3335727207035278
2018-09-07 15:00:00,0.10340950249981408,0.19655281708405953,0.13210870409235428,0.0523052751196044,0.16587812477964664
2018-09-07 16:00:00,0.169504753489314,0.06937769833007437,0.3621561782422807,0.07319793781483236,0.17963045912643832
2018-09-07 17:00:00,0.08224495989972998,0.07251989329767887,0.2052233075553821,0.13154012076477203,0.22747413629229607
2018-09-07 18:00:00,0.11101790142913098,0.03332040742106716,0.12574293069914075,0.2129768278251004,0.24905305750540704
2018-09-07 19:00:00,0.0,0.0658988473593961,0.34074318764261335,0.6479082987061434,0.4479718381230293
2018-09-07 20:00:00,0.02386355743596119,0.09935911650822467,0.31221049049133653,1.0,0.39363464297809875
2018-09-07 21:00:00,0.08268701774202931,0.13821414404802387,0.1192339473576597,1.0,0.3204690146463163
2018-09-07 22:00:00,0.3059370280761634,0.18507447215996198,0.11378342948645881,1.0,0.0
2018-09-07 23:00:00,0.21712844135363044,0.18089995181481622,0.09722116040893378,1.0,0.21956497903537364
2018-09-08 00:00:00,0.04133966805985723,0.0,0.06758374299270212,0.520251410625508,0.0
2018-09-08 01:00:00,0.0,0.0,0.0028810000345294716,0.4674069383486319,0.0
2018-09-08 02:00:00,0.0,0.026574670009826985,0.0,0.6902499696661892,0.0
2018-09-08 03:00:00,0.0,0.025994383948500198,0.0,0.49606812052224386,0.0
2018-09-08 04:00:00,0.0,0.03417517459217992,0.0,0.42810843839251417,0.0
2018-09-08 05:00:00,0.0,0.023227041411034217,0.045201930707871686,0.16427269882849807,0.0
2018-09-08 06:00:00,0.0,0.033471259644142055,0.07626326175345458,0.17720603087449788,0.0
2018-09-08 07:00:00,0.0,0.0,0.055456562587304754,0.17033261039259368,0.0
2018-09-08 08:00:00,0.013098867437942335,0.0,0.04550666810654049,0.22851848591528592,0.0
2018-09-08 09:00:00,0.0,0.042013865041664517,0.016637911335617664,0.193568050188398,0.0
2018-09-08 10:00:00,0.010481590657955715,0.05168680327109792,0.0,0.2697050104684734,0.036472526018221825
2018-09-08 11:00:00,0.0,0.03430296610683374,0.017301351438780827,0.2363098537064575,0.054517868488303506
2018-09-08 12:00:00,0.0,0.11147636430765134,0.0728199829697988,0.20421461952533565,0.03858177878007584
2018-09-08 13:00:00,0.02783840835805049,0.18868474480835812,0.24147026108123518,0.14018096544796663,0.04857893163511723
2018-09-08 14:00:00,0.04510836787409121,0.09778305671765115,0.3621461083283573,0.24809176098346628,0.11943430335609759
2018-09-08 15:00:00,0.04114755492247174,0.14829336422657266,0.42537921528712846,0.3742537328133031,0.10965864998398306
2018-09-08 16:00:00,0.0,0.39209259932807927,0.633453810351783,0.3165046597745768,0.22159683644132128
2018-09-08 17:00:00,0.11154726476640618,0.4425175042675287,0.6953829788514012,0.27032960718053156,0.1616149834059145
2018-09-08 18:00:00,0.31562968090774934,0.33747394979303696,0.9834636537614106,0.08408735695480028,0.5567211605776098
2018-09-08 19:00:00,0.5986171689677616,0.5139848636869078,0.9834636537614106,0.7056206241222658,0.46514078917738916
2018-09-08 20:00:00,0.5469720227836036,0.7227273813789253,0.9834636537614106,0.6580201266823733,0.500268220611393
2018-09-08 21:00:00,0.5836389311533848,0.5740475402816093,0.8527113348630732,0.5739836685301817,0.5150146283099593
2018-09-08 22:00:00,0.5761256520171447,0.3274411387808697,0.396606839384417,0.8101469653383748,0.48495715094632313
2018-09-08 23:00:00,0.5802650074528579,0.26021393028489515,0.1721070962575464,0.9011959230141637,0.1504152708459336
2018-09-09 00:00:00,0.4883636644253439,0.15974155074784868,0.5389251971242419,0.4913930097738143,0.0
2018-09-09 01:00:00,0.4266755098129868,0.027182202866993684,0.9834636537614106,0.1377110531516457,0.043641711704169445
2018-09-09 02:00:00,0.5909907182754637,0.12362679563190206,0.9834636537614106,0.10445540747867464,0.00987140340487433
2018-09-09 03:00:00,0.37121028192446465,0.11712774096892001,0.7093830414055671,0.21584017798019406,0.0
2018-09-09 04:00:00,0.3063966162071167,0.11568350659936844,0.7061760422185235,0.2389935112025199,0.0
2018-09-09 05:00:00,0.5080465188998355,0.03435941846604935,0.3339058596465259,0.22842998732772343,0.0
2018-09-09 06:00:00,0.43536583203258833,0.02647653836255494,0.2683500736128334,0.35274957554041236,0.0
2018-09-09 07:00:00,0.6889195309744107,0.016337066212490675,0.4106112283338763,0.4064450125095362,0.0
2018-09-09 08:00:00,0.8388420791831016,0.0,0.22568436691832966,0.1874479960973189,0.0
2018-09-09 09:00:00,0.533764225870733,0.0,0.1417739400843358,0.04677409571293108,0.0
2018-09-09 10:00:00,0.23295481577961644,0.0,0.17402431900117352,0.0,0.0
2018-09-09 11:00:00,0.18534854804240894,0.0,0.08984618973396243,0.0,0.0
2018-09-09 12:00:00,0.19827752032182164,0.02404881606742116,0.15595761641582778,0.0,0.0
2018-09-09 13:00:00,0.27038456623445634,0.07333891672795463,0.26060270816892045,0.0,0.09412835076654517
2018-09-09 14:00:00,0.3405621467252367,0.0,0.5568117115293126,0.06373561155123514,0.06623325625429113
2018-09-09 15:00:00,0.37059274952154136,0.1890901222050967,0.9775207929395063,0.4560431620851407,0.0
2018-09-09 16:00:00,0.4817244062390498,0.17562260904897042,0.9834636537614106,0.0,0.035158819749957194
2018-09-09 17:00:00,0.3676562473064963,0.17348090675182637,0.9189467720524557,1.0,0.47107710041259604
2018-09-09 18:00:00,0.2216560624856275,0.8899193331842485,0.79175869765865,0.1169087029116719,0.0674213076913647
2018-09-09 19:00:00,0.4562718902524834,0.4603461242963961,0.6437669587732763,0.0,0.0
2018-09-09 20:00:00,0.6463689031824307,0.20271494968782536,0.5942975030442048,0.004124041499896719,0.05434814844695218
2018-09-09 21:00:00,0.6608652630406893,0.49860962549183374,0.7395022590239299,0.0,0.14319532252044517
2018-09-09 22:00:00,0.6145799369896771,0.4300649465067525,0.9834636537614106,0.0,0.2518974740257643
2018-09-09 23:00:00,0.7046318683376731,0.24312753836879403,0.39499295465650475,0.0,0.134360079181678
2018-09-10 00:00:00,0.44012602320425276,0.09598097169427247,0.3762282308510121,0.0,0.13974245755403766
2018-09-10 01:00:00,0.19984546254726882,0.0,0.3579969925507054,0.034788836606715064,0.16063455753371123
2018-09-10 02:00:00,0.17204070141924543,0.0,0.26718898740851693,0.14506222418753462,0.19275176451618087
2018-09-10 03:00:00,0.19866634865906171,0.10464517621052875,0.24717116370362477,0.9228519722315489,0.1637404976967568
2018-09-10 04:00:00,0.19120496261336506,0.04373566534809439,0.12195618195396978,1.0,0.12181593186041963
2018-09-10 05:00:00,0.11197049413545378,0.002327598437771193,0.24507318372909218,1.0,0.15581102333745278
2018-09-10 06:00:00,0.04643261089945642,0.0,0.1552521770725649,1.0,0.10218202892907198
2018-09-10 07:00:00,0.0006621475239381095,0.0,0.045096494748579685,0.9985574080278485,0.03414604766294091
2018-09-10 08:00:00,0.0,0.0,0.00046749059773842813,0.17127013509003192,0.0
2018-09-10 09:00:00,0.027517418389760285,0.0,0.0,0.037136343265872944,0.0
2018-09-10 10:00:00,0.07098437871928527,0.02944630740053789,0.0,0.0,0.0
2018-09-10 11:00:00,0.1978436899638314,0.06626182024073941,0.0,0.0,0.0
2018-09-10 12:00:00,0.36917153572116734,0.16471166336668494,0.0,0.0,0.027547961760227686
2018-09-10 13:00:00,0.48943206660427446,0.19387239363590342,0.07494925454848417,0.050405225766249825,0.041630818072142334
2018-09-10 14:00:00,0.5185466867062616,0.3903783389709394,0.37891057297916264,0.08923941643804086,0.0
2018-09-10 15:00:00,0.49936441035775775,0.34919719986798103,0.8692740481891681,0.058614027807668244,0.0942568170122961
2018-09-10 16:00:00,0.6088176290520801,0.1419430404811154,0.9834636537614106,0.0,0.2756513888142489
2018-09-10 17:00:00,0.6272999571990211,0.4663562842359017,0.9834636537614106,0.1461770478604248,0.3511591948523763
2018-09-10 18:00:00,0.754542418199534,0.2596306571641433,0.9796304580919161,0.5886616371426991,0.2869146451829513
2018-09-10 19:00:00,0.981089337265665,0.9785379269967656,0.7708570956022348,0.8970931275896914,0.9495255609856614
2018-09-10 20:00:00,0.981089337265665,0.9785379269967656,0.9834636537614106,0.679353178599677,0.9495255609856614
2018-09-10 21:00:00,0.981089337265665,0.9785379269967656,0.9834636537614106,0.36174523294960964,0.9495255609856614
2018-09-10 22:00:00,0.981089337265665,0.9785379269967656,0.9834636537614106,0.5767992623523478,0.17421299300724263
2018-09-10 23:00:00,0.981089337265665,0.9785379269967656,0.9834636537614106,1.0,0.03303014502254796
2018-09-11 00:00:00,0.981089337265665,0.5643284704576428,0.9834636537614106,1.0,0.4035639840949921
2018-09-11 01:00:00,0.981089337265665,0.15687306335854445,0.9834636537614106,1.0,0.39789654390711265
2018-09-11 02:00:00,0.981089337265665,0.052229617738092704,0.9834636537614106,0.5692566762583634,0.36404570172407824
2018-09-11 03:00:00,0.981089337265665,0.028615902319256058,0.9834636537614106,0.3480302064484324,0.08231641165859682
2018-09-11 04:00:00,0.981089337265665,0.0,0.9834636537614106,0.3217284985083341,0.053596577815475215
2018-09-11 05:00:00,0.981089337265665,0.05705150772446558,0.9834636537614106,0.3730270214016732,0.04884039949390142
2018-09-11 06:00:00,0.981089337265665,0.0031971393562881703,0.9834636537614106,0.1839217885168473,0.2951576721133322
2018-09-11 07:00:00,0.981089337265665,0.0,0.9834636537614106,0.3072159028081175,0.21786586085008292
2018-09-11 08:00:00,0.5887026099355103,0.042912927067127155,0.9047616408808695,0.2938196967120094,0.043066499619248626
2018-09-11 09:00:00,0.5627032848447906,0.04755221048654187,0.9834636537614106,0.23017292886643198,0.0
2018-09-11 10:00:00,0.5844506373148246,0.14982347552102812,0.9834636537614106,0.10095605298947614,0.0
2018-09-11 11:00:00,0.8078143587939063,0.1951242036782569,0.9834636537614106,0.07348111883398793,0.0
2018-09-11 12:00:00,0.9763653602466481,0.22685577216023953,0.9834636537614106,0.11816256352513742,0.0
2018-09-11 13:00:00,0.981089337265665,0.2535772040145074,0.9834636537614106,0.1601545808306335,0.0
2018-09-11 14:00:00,0.981089337265665,0.28561638493359764,0.9834636537614106,0.03368821187590519,0.2815802658746114
2018-09-11 15:00:00,0.981089337265665,0.10384897584444483,0.9834636537614106,0.0879638940049802,0.9495255609856614
2018-09-11 16:00:00,0.981089337265665,0.13795101473052226,0.9834636537614106,1.0,0.29891632544565044
2018-09-11 17:00:00,0.981089337265665,0.6014342752050221,0.9834636537614106,0.0,0.13937313938650275
2018-09-11 18:00:00,0.981089337265665,0.0,0.9834636537614106,0.419541144036093,0.10286172487614108
2018-09-11 19:00:00,0.981089337265665,0.7391172290569452,0.9834636537614106,0.24747182522832167,0.7513409425349717
2018-09-11 20:00:00,0.981089337265665,0.4658504685349526,0.9834636537614106,0.21190206096117176,0.0
2018-09-11 21:00:00,0.981089337265665,0.5251053471042104,0.9834636537614106,0.5116667044812169,0.0
2018-09-11 22:00:00,0.981089337265665,0.5275704241201012,0.9834636537614106,0.7782923885931529,0.0
2018-09-11 23:00:00,0.981089337265665,0.24535263976649957,0.76407720414559,1.0,0.06414201659160773
2018-09-12 00:00:00,0.981089337265665,0.06114282535415266,0.3793663897629735,1.0,0.06188403845411489
2018-09-12 01:00:00,0.981089337265665,0.0,0.4300419354715682,1.0,0.03881605205785761
2018-09-12 02:00:00,0.981089337265665,1.4386165368486919e-05,0.4876391117146939,0.6587754463896105,0.07290196567860724
2018-09-12 03:00:00,0.981089337265665,0.0,0.3430726492051009,0.1943915563333458,0.1432030664180131
2018-09-12 04:00:00,0.981089337265665,0.0,0.24288740551534108,0.07236252167126277,0.053734505936857205
2018-09-12 05:00:00,0.956466048136205,0.0,0.2622682658352009,0.0,0.49044692347552077
2018-09-12 06:00:00,0.981089337265665,0.0,0.17743809683996642,0.3265643898785279,0.7673372176081191
2018-09-12 07:00:00,0.7959312397057697,0.0,0.09163062906999457,0.027695422374695758,0.8551462271903956
2018-09-12 08:00:00,0.5119483865438925,0.0,0.038237682242010185,0.29278664613797906,0.24208559358425097
2018-09-12 09:00:00,0.25278728272762546,0.0,0.07465453147775077,0.03815684275234279,0.9212935809221245
2018-09-12 10:00:00,0.14542055663173326,0.021023704757541097,0.1804921342665803,0.03138639962833279,0.6456706905878616
2018-09-12 11:00:00,0.1860998110510884,0.04259722512317232,0.3104716703105551,0.027918281556498586,0.6451206528507206
2018-09-12 12:00:00,0.33959552546764027,0.06310893455708053,0.46165290233654366,0.10718232454560281,0.41873459735944957
2018-09-12 13:00:00,0.3940447226594308,0.09013179787817201,0.4847954114507685,0.09029475051937107,0.44204750600170734
2018-09-12 14:00:00,0.981089337265665,0.136718667786289,0.6451967009190469,0.190709531831929,0.2957748144339577
2018-09-12 15:00:00,0.981089337265665,0.6990431683524235,0.9834636537614106,0.37691944980394093,0.0
2018-09-12 16:00:00,0.981089337265665,0.33435918016779853,0.9834636537614106,0.10492184460322972,0.0846434825952448
2018-09-12 17:00:00,0.981089337265665,0.4402503425245894,0.9834636537614106,0.2337923255610299,0.0
2018-09-12 18:00:00,0.981089337265665,0.5512790094755506,0.9834636537614106,0.30632521416620273,0.7574993368987121
2018-09-12 19:00:00,0.981089337265665,0.08102900071432796,0.9834636537614106,0.2278437193777196,0.15026855511677623
2018-09-12 20:00:00,0.981089337265665,0.9785379269967656,0.9834636537614106,0.6765410190667378,0.1412432662062728
2018-09-12 21:00:00,0.981089337265665,0.02119025907267258,0.9834636537614106,0.9390284232458347,0.01945178138247312
2018-09-12 22:00:00,0.981089337265665,0.02639871784753278,0.9834636537614106,0.0,0.0
2018-09-12 23:00:00,0.981089337265665,0.0,0.8672366131992028,0.3826000841550373,0.1591772980830434
2018-09-13 00:00:00,0.981089337265665,0.21036192013009183,0.9021325087628298,0.0,0.9495255609856614
2018-09-13 01:00:00,0.981089337265665,0.8510478589223981,0.7153101399493514,0.29946052386474215,0.9495255609856614
2018-09-13 02:00:00,0.981089337265665,0.9256088293093554,0.5969529493266228,0.8221118082207414,0.9495255609856614
2018-09-13 03:00:00,0.981089337265665,0.3458480811053281,0.3778837526074897,0.24341994864151736,0.9495255609856614
2018-09-13 04:00:00,0.981089337265665,0.021324943579164275,0.3457685902141401,0.6303282897810348,0.6624958236297951
2018-09-13 05:00:00,0.981089337265665,0.0,0.3443549595073854,0.3892584114560366,0.32602379644857993
2018-09-13 06:00:00,0.981089337265665,0.006346640601082704,0.5213976867813082,0.3750155431836338,0.5640654864917423
2018-09-13 07:00:00,0.981089337265665,0.0,0.3929942753619937,0.13204875100598173,0.12169371113532951
2018-09-13 08:00:00,0.704234578683799,0.0,0.12041060659912914,0.1328616961682192,0.2282036666050518
2018-09-13 09:00:00,0.09429816161062461,0.0,0.02361268642307249,0.0,0.14010806844771
2018-09-13 10:00:00,0.06407037311268458,0.0,0.04091129965248327,0.0,0.021469914400520585
2018-09-13 11:00:00,0.04496965332086752,0.173930066398664,0.016080663136301042,0.0,0.0
2018-09-13 12:00:00,0.06873935340401219,0.17982604576446598,0.055797359168397224,0.0,0.0
2018-09-13 13:00:00,0.35087505083586856,0.1757097461438528,0.08377932139846798,0.08535744256876743,0.0
2018-09-13 14:00:00,0.5134522930186329,0.20414200210028471,0.18142113523387499,0.20744864518114287,0.0030782866117050438
2018-09-13 15:00:00,0.981089337265665,0.16065213170814213,0.3833969573344178,0.17910432769284584,0.1575327897367257
2018-09-13 16:00:00,0.981089337265665,0.4007866456848122,0.46306542478157375,0.10017450785680505,0.11503887475089475
2018-09-13 17:00:00,0.981089337265665,0.2153763131084117,0.402738464403529,0.3123214931778258,0.19181408205413875
2018-09-13 18:00:00,0.9749054664711833,0.33521133280334064,0.5687042269968399,0.6044782161309754,0.3753506997260629
2018-09-13 19:00:00,0.981089337265665,0.6916239572191953,0.8839568974884732,0.9689666366687695,0.946770092853568
2018-09-13 20:00:00,0.981089337265665,0.39934315324391406,0.6610338890263769,1.0,0.9495255609856614
2018-09-13 21:00:00,0.981089337265665,0.48152629185720747,0.8010086928214812,0.8010401497503145,0.027680902693658877
2018-09-13 22:00:00,0.981089337265665,0.095198890204086,0.9766980585444517,0.555512183536419,0.3878633428833698
2018-09-13 23:00:00,0.981089337265665,0.05970504449472341,0.9833377988240029,0.3371918016853215,0.15450133871965263
2018-09-14 00:00:00,0.981089337265665,0.0,0.9834636537614106,0.07353418508465429,0.21980611897727723
2018-09-14 01:00:00,0.981089337265665,0.34838278679694257,0.9080011496237891,0.1969828867152101,0.1814623267088313
2018-09-14 02:00:00,0.981089337265665,0.45344412864791767,0.6043806229626143,1.0,0.8848279981398811
2018-09-14 03:00:00,0.981089337265665,0.9785379269967656,0.40623730049160944,1.0,0.1689509671360407
2018-09-14 04:00:00,0.981089337265665,0.9785379269967656,0.24131307077711256,1.0,0.33886550741379373
2018-09-14 05:00:00,0.981089337265665,0.9785379269967656,0.17251753712806706,1.0,0.33253161221164484
2018-09-14 06:00:00,0.981089337265665,0.9785379269967656,0.04167589044725086,1.0,0.20697314185605364
2018-09-14 07:00:00,0.5011479721068606,0.9785379269967656,0.21763908252028025,1.0,0.3012476014745392
2018-09-14 08:00:00,0.09866251637424044,0.9575347258526704,0.06536149881017109,0.9276382281056775,0.03465425442561517
2018-09-14 09:00:00,0.07678529375436915,0.8768829011174585,0.01777973502371497,0.6836429275723273,0.022617344172553667
2018-09-14 10:00:00,0.04066036217666001,0.6406758508045376,0.0,0.19065035411770817,0.0
2018-09-14 11:00:00,0.0794652078048559,0.43700889596125786,0.04887044719341688,0.13221618922903883,0.0
2018-09-14 12:00:00,0.13552760749902146,0.16655035328184314,0.10029410621112479,0.1350119229581105,0.035442496736043806
2018-09-14 13:00:00,0.3865994615289973,0.05799415084228125,0.09242617620737065,0.1180356457447524,0.07403020219232491
2018-09-14 14:00:00,0.5803765898468044,0.0,0.11523311799951488,0.0868328109351259,0.012523135815153453
2018-09-14 15:00:00,0.9313753530912103,0.0,0.06802557515927239,0.30367326977099,0.0
2018-09-14 16:00:00,0.9726644204640801,0.0,0.0599541179100267,0.31982576803113355,0.036215544747610365
2018-09-14 17:00:00,0.981089337265665,0.0788040643108606,0.10968457049175886,0.7864172992367754,0.17819663469248945
2018-09-14 18:00:00,0.981089337265665,0.07556358469472128,0.055692554832338655,0.8349603457454102,0.35223231839357255
2018-09-14 19:00:00,0.981089337265665,0.18072681860464537,0.1324615435305422,0.8359744393050248,0.3867097163813331
2018-09-14 20:00:00,0.981089337265665,0.20280284647560656,0.7252637915722072,1.0,0.22273174753690902
2018-09-14 21:00:00,0.981089337265665,0.26911860451074043,0.9834636537614106,0.996652099887447,0.5525071710874133
2018-09-14 22:00:00,0.981089337265665,0.46289625720581223,0.9834636537614106,0.9884501529909441,0.04830923525659786
2018-09-14 23:00:00,0.981089337265665,0.6460704094455809,0.9834636537614106,0.8442445934830998,0.0
2018-09-15 00:00:00,0.981089337265665,0.1801027399514925,0.9834636537614106,0.8821973137428198,0.0
2018-09-15 01:00:00,0.981089337265665,0.16154267505683814,0.9834636537614106,0.7590100712450095,0.0
2018-09-15 02:00:00,0.981089337265665,0.1408756561904008,0.9834636537614106,0.49168851412310877,0.12416703708874909
2018-09-15 03:00:00,0.981089337265665,0.17937425260838613,0.9618284061464579,0.3093549333728716,0.05364761402733639
2018-09-15 04:00:00,0.981089337265665,0.08459642824634292,0.6801248605511772,0.17339598077120563,0.028838818580291484
2018-09-15 05:00:00,0.981089337265665,0.015727753877096424,0.8466114982729002,0.021985023087933677,0.0
2018-09-15 06:00:00,0.8137689815632837,0.0,0.6975948070411901,0.0,0.0
2018-09-15 07:00:00,0.7339970256834152,0.0,0.47516150154326203,0.0,0.0
2018-09-15 08:00:00,0.730216699758126,0.02047094723907159,0.24010358999885906,0.0,0.02088341957873608
2018-09-15 09:00:00,0.7414517505128666,0.10778604970875226,0.19845402634230078,0.035329171333948174,0.0
2018-09-15 10:00:00,0.7749083857157167,0.3937573261501586,0.5826072084042109,0.05362219274188824,0.0
2018-09-15 11:00:00,0.981089337265665,0.778315069364687,0.9834636537614106,0.43316516014491757,0.0
2018-09-15 12:00:00,0.981089337265665,0.7817509634059022,0.9834636537614106,0.7846687300973787,0.019116555924350135
2018-09-15 13:00:00,0.981089337265665,0.7378552634272378,0.9834636537614106,0.687704854162741,0.09320042660287878
2018-09-15 14:00:00,0.981089337265665,0.3064245873702183,0.9834636537614106,0.5378976271901433,0.09449232908817676
2018-09-15 15:00:00,0.981089337265665,0.9785379269967656,0.9834636537614106,0.9451034123884507,0.030777959462244032
2018-09-15 16:00:00,0.9585826902453547,0.9785379269967656,0.9834636537614106,0.6985777765787214,0.033436349501518504
2018-09-15 17:00:00,0.981089337265665,0.9785379269967656,0.9834636537614106,0.6898140751660485,0.039479481153924245
2018-09-15 18:00:00,0.981089337265665,0.9785379269967656,0.9834636537614106,1.0,0.06390970939976495
2018-09-15 19:00:00,0.981089337265665,0.9785379269967656,0.9834636537614106,1.0,0.1867849774586528
2018-09-15 20:00:00,0.981089337265665,0.9785379269967656,0.9834636537614106,1.0,0.31334426484655237
2018-09-15 21:00:00,0.981089337265665,0.9785379269967656,0.9834636537614106,1.0,0.589241136039899
2018-09-15 22:00:00,0.981089337265665,0.9785379269967656,0.9834636537614106,1.0,0.9450408310734899
2018-09-15 23:00:00,0.981089337265665,0.8518635839562101,0.9834636537614106,1.0,0.34638217011197586
2018-09-16 00:00:00,0.981089337265665,0.6844660647826097,0.9834636537614106,0.7908027772292083,0.0
2018-09-16 01:00:00,0.981089337265665,0.45347567036880904,0.9834636537614106,0.5004068406945433,0.21740794765245358
2018-09-16 02:00:00,0.981089337265665,0.24694559097610716,0.9834636537614106,0.42596448726833075,0.22742724977441095
2018-09-16 03:00:00,0.981089337265665,0.11487363186164512,0.9699019976706643,0.39836122919122785,0.3721912711637051
2018-09-16 04:00:00,0.981089337265665,0.021163521818361716,0.6534474348722954,0.23573354728853577,0.2149096752499823
2018-09-16 05:00:00,0.981089337265665,0.0,0.3932159029350865,0.07963377927364926,0.05396670210662701
2018-09-16 06:00:00,0.981089337265665,0.0,0.3702432948996588,0.06685882202022243,0.0
2018-09-16 07:00:00,0.981089337265665,0.0,0.19322034886729697,0.13569424130424873,0.0
2018-09-16 08:00:00,0.981089337265665,0.0,0.1397124647625956,0.4876851370521904,0.0
2018-09-16 09:00:00,0.981089337265665,0.0,0.1813406894525485,0.23936642851323092,0.019724837498666745
2018-09-16 10:00:00,0.981089337265665,0.0,0.12094483186789025,0.10207748164856421,0.00040368092454319424
2018-09-16 11:00:00,0.9043221507758776,0.0,0.09962094966632626,0.0,0.049619970187341204
2018-09-16 12:00:00,0.6967522901559502,0.0,0.10484890726624065,0.0,0.0
2018-09-16 13:00:00,0.5581763050812355,0.04435106835907452,0.12285662902478472,0.0,0.08161016925872332
2018-09-16 14:00:00,0.5356453050730619,0.16489250522521887,0.16839915925889667,0.09671461889799521,0.1130347924180445
2018-09-16 15:00:00,0.5548096487754184,0.21383168608569855,0.18805440340212123,0.020606939735907506,0.20092427522413922
2018-09-16 16:00:00,0.6065342132221513,0.31564870580489346,0.5457949847227858,0.0,0.0540827533268736
2018-09-16 17:00:00,0.573305510276039,0.20920885266579253,0.3246159512926105,0.3054880486843094,0.5849056014739913
2018-09-16 18:00:00,0.6479601533663644,0.5792983111722346,0.3316688323406374,0.31139382033267693,0.4743216703816566
2018-09-16 19:00:00,0.7921594433833941,0.8764290550827967,0.9127398148226286,0.09265090524352958,0.5822156084237567
2018-09-16 20:00:00,0.981089337265665,0.8502733424221758,0.9834636537614106,0.0928538484758638,0.47635768992786615
2018-09-16 21:00:00,0.981089337265665,0.9785379269967656,0.9834636537614106,0.21666921064621403,0.20767815180713542
2018-09-16 22:00:00,0.981089337265665,0.7841125705399951,0.9834636537614106,1.0,0.048863884695128215
2018-09-16 23:00:00,0.981089337265665,0.42666942891187815,0.9784258585824138,0.8876248419212966,0.0
2018-09-17 00:00:00,0.981089337265665,0.24702005808513966,0.8019072066839604,0.872531247285762,0.0
2018-09-17 01:00:00,0.9771012693762556,0.0,0.566914989454423,0.5011652553029141,0.19658177442547958
2018-09-17 02:00:00,0.7789442946323862,0.0,0.4616861759774725,0.6568104783068991,0.329185639418581
2018-09-17 03:00:00,0.5523146584658978,0.0,0.35557253985013865,0.10814394735003355,0.5634200863754554
2018-09-17 04:00:00,0.47417466750180126,0.0,0.20516937514829406,0.4497729177758048,0.18278035856475416
2018-09-17 05:00:00,0.44608318394956115,0.07611284992421943,0.0,1.0,0.14636592482459443
2018-09-17 06:00:00,0.3673030096832748,0.7922657214575519,0.0,0.9013454437359572,0.16508405592323241
2018-09-17 07:00:00,0.050946487707999095,0.9785379269967656,0.0,0.4633839393094662,0.23040158757154922
2018-09-17 08:00:00,0.0,0.7902788330317752,0.0,0.19950846754479093,0.1754835914034238
2018-09-17 09:00:00,0.0,0.38382029936057643,0.0,0.11559909335318086,0.09512440158311963
2018-09-17 10:00:00,0.0,0.2572614907970105,0.026775356141239513,0.0,0.02268202767857117
2018-09-17 11:00:00,0.029996913834952024,0.20946396568568387,0.07071100955683095,0.0,0.0
2018-09-17 12:00:00,0.05278425503223923,0.08649138969004716,0.05359753223788794,0.02150895109439856,0.032808505214016466
2018-09-17 13:00:00,0.09845902110671238,0.04351463846222407,0.05971328980331914,0.0,0.006876277568887813
2018-09-17 14:00:00,0.22625758852999361,0.04212003441736794,0.060371314707842766,0.0,0.0
2018-09-17 15:00:00,0.22182586831622367,0.0,0.0857273835018737,0.0,0.023032238036694803
2018-09-17 16:00:00,0.3565795899004708,0.121990652390835,0.21246514402515584,0.14362602073870998,0.05708247564737965
2018-09-17 17:00:00,0.37503543663346545,0.07088852416012915,0.33361267142636913,0.0,0.229338807526678
2018-09-17 18:00:00,0.6394664774594033,0.22286817927568126,0.5657302704717031,0.0,0.028235004533657865
2018-09-17 19:00:00,0.9169118940920927,0.4683222509876866,0.4784147990718173,0.05367278163557457,0.3048842245158468
2018-09-17 20:00:00,0.981089337265665,0.17737481665101099,0.9762821214274224,0.2880268404234767,0.782749425269532
2018-09-17 21:00:00,0.981089337265665,0.25774014471778406,0.7218667835933591,0.426538512064226,0.8504071972636086
2018-09-17 22:00:00,0.981089337265665,0.04416684052051912,0.5551675577623827,0.16464296884357568,0.0
2018-09-17 23:00:00,0.981089337265665,0.0,0.2658328285411911,0.2256928156091145,0.023673356687316214
2018-09-18 00:00:00,0.981089337265665,0.05152177512950405,0.3345167893518793,0.07478395786731058,0.09601131811258946
2018-09-18 01:00:00,0.981089337265665,0.0,0.33374489890408726,0.2209300059211312,0.14381648278479817
2018-09-18 02:00:00,0.974621119427926,0.059826219641816246,0.22809944996493967,0.11671132492317791,0.09704553928024576
2018-09-18 03:00:00,0.7503927370288154,0.0,0.328252529023623,0.059913365467760486,0.07399934768140932
2018-09-18 04:00:00,0.49536987683372885,0.29032485462146257,0.19546637038990858,0.18823320079823647,0.6056633328960536
2018-09-18 05:00:00,0.9025935860020259,0.09034230705036991,0.21340043646348705,0.34085341374239086,0.13780727734218473
2018-09-18 06:00:00,0.9646055109293361,0.34391432564301977,0.0,0.2044289470392149,0.09701560848005532
2018-09-18 07:00:00,0.5801812960770055,0.9785379269967656,0.0,0.05630829760001486,0.040689283112964686
2018-09-18 08:00:00,0.17261372474671366,0.9785379269967656,0.0,0.0,0.04412459174710116
2018-09-18 09:00:00,0.06727815912161556,0.5014465768416839,0.14094584380553232,0.0,0.0
2018-09-18 10:00:00,0.08100946175819283,0.3786348388042588,0.1899416681359706,0.03775256810475732,0.05154995180403811
2018-09-18 11:00:00,0.2042228516203497,0.2089389805766626,0.29925689814047207,0.1017832192517649,0.0
2018-09-18 12:00:00,0.3228326969545338,0.10758330593337095,0.2715285259067766,0.11745018669397066,0.04682974432098129
2018-09-18 13:00:00,0.3196811341531373,0.13749369993428942,0.23005189520084202,0.20352546036036911,0.0
2018-09-18 14:00:00,0.261859037037449,0.08097803681618408,0.11283061622295347,0.2487473890901195,0.0
2018-09-18 15:00:00,0.20924647115945788,0.18124753011595907,0.059329720140438906,0.7151207826788483,0.0
2018-09-18 16:00:00,0.35298918182010575,0.4024805887114094,0.03201619922301204,0.7104775193263589,0.3610184225097473
2018-09-18 17:00:00,0.7173077424630542,0.38166431935355044,0.28945569576614627,1.0,0.39109273365483066
2018-09-18 18:00:00,0.7798703329219486,0.23495325854762703,0.9656248996169128,1.0,0.5233495325386601
2018-09-18 19:00:00,0.9411207818401438,0.3496237094850881,0.9834636537614106,1.0,0.5987805497598027
2018-09-18 20:00:00,0.981089337265665,0.9785379269967656,0.9834636537614106,1.0,0.9495255609856614
2018-09-18 21:00:00,0.981089337265665,0.9785379269967656,0.8170652865820051,1.0,0.2961562146805052
2018-09-18 22:00:00,0.981089337265665,0.9785379269967656,0.5525532770016763,0.9814533444298968,0.9153700904661964
2018-09-18 23:00:00,0.981089337265665,0.9785379269967656,0.5327837746332437,0.517032262157275,0.0948643801310372
2018-09-19 00:00:00,0.9035897463109509,0.9785379269967656,0.9287981568994336,0.3492507583475095,0.12825703759042145
2018-09-19 01:00:00,0.7389320711941255,0.9785379269967656,0.9834636537614106,0.2742447608703716,0.09188310387084404
2018-09-19 02:00:00,0.8031028063298046,0.28709815668119504,0.9783024334044415,0.0,0.1793458152095294
2018-09-19 03:00:00,0.8511231654958797,0.016633193299494975,0.28352705841542025,0.0,0.062295243799206874
2018-09-19 04:00:00,0.9734086828163845,0.06592391299213701,0.028412497956967108,0.04721563630504799,0.0
2018-09-19 05:00:00,0.981089337265665,0.0,0.5562983156323021,0.859211223227566,0.0
2018-09-19 06:00:00,0.981089337265665,0.0,0.7921432938892943,1.0,0.0
2018-09-19 07:00:00,0.981089337265665,0.2220376708281507,0.24821932032833394,0.9396110072022149,0.0
2018-09-19 08:00:00,0.981089337265665,0.24604396810919404,0.0491741617486754,0.9589885743306369,0.0
2018-09-19 09:00:00,0.981089337265665,0.1986376549754199,0.08723488981703936,1.0,0.0
2018-09-19 10:00:00,0.981089337265665,0.585131221336547,0.14694852867405078,0.6927120064075626,0.0
2018-09-19 11:00:00,0.981089337265665,0.41552093739522966,0.09262767044108514,0.5059565911613799,0.03276476908349502
2018-09-19 12:00:00,0.981089337265665,0.4697575332272997,0.1051177981729222,0.5143608134859979,0.014872386413603732
2018-09-19 13:00:00,0.981089337265665,0.44968323503799457,0.21435171600098515,0.3430667506847862,0.03003802551287088
2018-09-19 14:00:00,0.981089337265665,0.358293647202019,0.32714879117715484,0.18229267944770602,0.0
2018-09-19 15:00:00,0.981089337265665,0.5287775005593143,0.4027127747736869,0.37235741139223694,0.0
2018-09-19 16:00:00,0.568878622049711,0.4331792124530523,0.46071701541472376,0.5778801910088235,0.04119754916616565
2018-09-19 17:00:00,0.981089337265665,0.2346777326852041,0.9704417397277726,0.4233882230085042,0.0
2018-09-19 18:00:00,0.981089337265665,0.17983705269223887,0.9834636537614106,0.27233505369510624,0.0
2018-09-19 19:00:00,0.981089337265665,0.20549201710923254,0.9834636537614106,0.4223289686878325,0.9495255609856614
2018-09-19 20:00:00,0.981089337265665,0.9785379269967656,0.9834636537614106,0.3037103604553109,0.7594248942861067
2018-09-19 21:00:00,0.981089337265665,0.9785379269967656,0.9834636537614106,0.7361556017418991,0.13706843009119335
2018-09-19 22:00:00,0.981089337265665,0.831572872214279,0.9834636537614106,0.5806491931334896,0.007654570883551629
2018-09-19 23:00:00,0.981089337265665,0.471381029221261,0.9614731050429802,0.41844822446816116,0.16292427123337708
2018-09-20 00:00:00,0.981089337265665,0.29632543564544783,0.6176200404612228,0.0,0.01574037568769549
2018-09-20 01:00:00,0.981089337265665,0.11236369868254589,0.41663514384700406,0.0,0.0
2018-09-20 02:00:00,0.981089337265665,0.10086801096370493,0.2195558492295937,0.0,0.0
2018-09-20 03:00:00,0.981089337265665,0.19690119431439096,0.09419650663713008,0.0,0.0
2018-09-20 04:00:00,0.9545849567500705,0.03439101880161536,0.5017817998881603,0.048081779128935055,0.0
2018-09-20 05:00:00,0.981089337265665,0.32655302801038866,0.418666263053299,0.0,0.006735556212632443
2018-09-20 06:00:00,0.769802086655451,0.054744934450601496,0.2168468062197792,0.06311122279663103,0.06552946580637303
2018-09-20 07:00:00,0.19337004812319145,0.0,0.0,0.0,0.0
2018-09-20 08:00:00,0.21287428289807914,0.0,0.0,0.05326264091032319,0.021217823693461632
2018-09-20 09:00:00,0.1336167503434065,0.0197869481778585,0.0,0.1789095739055808,0.035004707801673064
2018-09-20 10:00:00,0.19889139003837755,0.038932437161302715,0.0,0.06829997857631027,0.05832091423371859
2018-09-20 11:00:00,0.10215126133503366,0.10246742083596719,0.021208859448925595,0.06839907623762603,0.026259634159310614
2018-09-20 12:00:00,0.03603381605010629,0.29707871202161235,0.40210261010760473,0.17746710146148453,0.02036820671385357
2018-09-20 13:00:00,0.041070377473133635,0.08717424561256683,0.10258493679429205,0.3096414799275087,0.0
2018-09-20 14:00:00,0.981089337265665,0.054101421457174455,0.0526258619953956,0.9163963516986846,0.0
2018-09-20 15:00:00,0.8269308144943107,0.3066803387978313,0.22755437584004665,0.17712212801871913,0.0
2018-09-20 16:00:00,0.34596428414614533,0.0,0.16718261516689323,1.0,0.2531397766069133
2018-09-20 17:00:00,0.0,0.08108173828463443,0.07512723238517077,1.0,0.6397212699519998
2018-09-20 18:00:00,0.0,0.08805736409684228,0.1916692428789938,1.0,0.5238691580268705
2018-09-20 19:00:00,0.08357690099848214,0.156448204153557,0.009621798875016022,1.0,0.5275929835526353
2018-09-20 20:00:00,0.13310065019830722,0.10299870963761246,0.9834636537614106,0.8497844970162568,0.5023463854111074
2018-09-20 21:00:00,0.3664665953406881,0.0,0.9834636537614106,0.6361607332796012,0.08630531964549899
2018-09-20 22:00:00,0.3782983340545628,0.0,0.9834636537614106,0.6650848252587047,0.028998965397138265
2018-09-20 23:00:00,0.4226535783103694,0.9785379269967656,0.9329708139554715,1.0,0.9119044949982047
2018-09-21 00:00:00,0.29576525403514664,0.9785379269967656,0.707617584126034,0.5591354058962881,0.9453468408815155
2018-09-21 01:00:00,0.048613824087096226,0.9785379269967656,0.3565126595182751,0.10230241924916528,0.6630777096889774
2018-09-21 02:00:00,0.8234606693287548,0.7580197078024643,0.341997210161261,0.016650396764075506,0.0
2018-09-21 03:00:00,0.9411626815668548,0.5409543260917359,0.49647582016922537,0.055494888194937246,0.0
2018-09-21 04:00:00,0.981089337265665,0.3372051360754721,0.7465035967180131,0.23354534949092096,0.0
2018-09-21 05:00:00,0.981089337265665,0.3356200382589643,0.9834636537614106,0.39207382155006887,0.0
2018-09-21 06:00:00,0.9477466854069904,0.24256031810398002,0.9834636537614106,0.16847416362073828,0.0
2018-09-21 07:00:00,0.8556609580830488,0.0561219617826532,0.3149006574410659,0.036389031460109474,0.0
2018-09-21 08:00:00,0.47707851209844576,0.0,0.07582365542169356,0.0,0.0
2018-09-21 09:00:00,0.2878527363423048,0.0,0.0,0.02879081646986286,0.0
2018-09-21 10:00:00,0.1995534459115533,0.0,0.0,0.09531633728361044,0.01144200435535819
2018-09-21 11:00:00,0.14831994660956593,0.08156206973639821,0.0,0.10062002802820574,0.07258322559163632
2018-09-21 12:00:00,0.09563932086236313,0.22349514912589702,0.0020300552482126945,0.13789191754968225,0.08105732667383964
2018-09-21 13:00:00,0.13441140754043282,0.34651438742313284,0.0348076524622539,0.23707371317927425,0.16608793504078856
2018-09-21 14:00:00,0.12205574104178701,0.41989205572380955,0.110217939264238,0.33661852182656543,0.4393712932317996
2018-09-21 15:00:00,0.19440462641528272,0.4352158629780737,0.26061731157303747,0.694240583032374,0.4321853601504509
2018-09-21 16:00:00,0.3796134354777182,0.6532230167546511,0.4555890173344625,0.9885161806329066,0.6194701259083669
2018-09-21 17:00:00,0.5149030038408516,0.7924620150125771,0.6710243912963861,1.0,0.7518581359262335
2018-09-21 18:00:00,0.5828776000202498,0.833429094962095,0.963953080733146,0.5045513856662688,0.71893447210554
2018-09-21 19:00:00,0.5629044933617207,0.8112982925911997,0.9834636537614106,1.0,0.4226652506556799
2018-09-21 20:00:00,0.8811664217347054,0.9785379269967656,0.9834636537614106,0.9187060280179669,0.461457622985612
2018-09-21 21:00:00,0.8283194393477834,0.9785379269967656,0.9834636537614106,0.7166116208857717,0.9495255609856614
2018-09-21 22:00:00,0.981089337265665,0.9785379269967656,0.9288049435053675,0.5503267539928712,0.9495255609856614
2018-09-21 23:00:00,0.9666906039595741,0.9785379269967656,0.8729629670688136,1.0,0.3879590939609754
2018-09-22 00:00:00,0.981089337265665,0.8174863597698715,0.9834636537614106,1.0,0.11572811500191266
2018-09-22 01:00:00,0.981089337265665,0.756231072001427,0.9834636537614106,0.8797664109308232,0.0
2018-09-22 02:00:00,0.981089337265665,0.6700057156515323,0.9834636537614106,0.6290710712005596,0.044450687887225615
2018-09-22 03:00:00,0.981089337265665,0.3796244301980312,0.9834636537614106,0.4779589203337032,0.03176559271044772
2018-09-22 04:00:00,0.981089337265665,0.21680586793983156,0.9834636537614106,0.2746953702432342,0.04854720950638026
2018-09-22 05:00:00,0.981089337265665,0.053682735594710894,0.7754622124516691,0.29961580948632494,0.0628532079440027
2018-09-22 06:00:00,0.981089337265665,0.036768903522572643,0.6237944230154989,0.546113499801201,0.049328850287004594
2018-09-22 07:00:00,0.981089337265665,0.03555238905701951,0.3952575216325656,0.8355534692683313,0.0
2018-09-22 08:00:00,0.5945158953202399,0.019934651403720156,0.4840328814904424,0.5086520010935929,0.02284158863787991
2018-09-22 09:00:00,0.5552302814633446,0.07850641659650627,0.5115844537348775,0.11969908204678509,0.009368744150373844
2018-09-22 10:00:00,0.5422141915885208,0.06560591596440941,0.315905845096043,0.06919148127554993,0.0
2018-09-22 11:00:00,0.4893496260251108,0.01895837097049177,0.16619915157791965,0.039697982558529056,0.0
2018-09-22 12:00:00,0.4511288358682525,0.0,0.03670281127607382,0.120089201130475,0.0
2018-09-22 13:00:00,0.4695850633679968,0.0,0.0,0.18212091868565672,0.0
2018-09-22 14:00:00,0.5198036525540661,0.06129923060785802,0.0,0.0622513173117267,0.0
2018-09-22 15:00:00,0.6317339979723077,0.1002576608049876,0.0,0.10415284556988628,0.0
2018-09-22 16:00:00,0.8202562949319806,0.15958641711714988,0.0,0.22366823042492023,0.10647540686150626
2018-09-22 17:00:00,0.9803264654326809,0.09897115314869834,0.9834636537614106,0.0950298968440169,0.182496518866297
2018-09-22 18:00:00,0.981089337265665,0.3908189335556964,0.9834636537614106,0.19885858401788348,0.6451754118296188
2018-09-22 19:00:00,0.981089337265665,0.615489150171323,0.9834636537614106,0.14984800629428974,0.8260152162431728
2018-09-22 20:00:00,0.981089337265665,0.9785379269967656,0.9834636537614106,0.38550601523208783,0.7063912891270677
2018-09-22 21:00:00,0.981089337265665,0.6009360803116108,0.9834636537614106,0.6633940122302573,0.8068726529128616
2018-09-22 22:00:00,0.981089337265665,0.29344015110617605,0.9834636537614106,0.8094302310048208,0.7373357237793546
2018-09-22 23:00:00,0.981089337265665,0.08955830497565762,0.9834636537614106,0.031313138613939875,0.15073013425862403
2018-09-23 00:00:00,0.981089337265665,0.08614678024953591,0.9834636537614106,0.5176542810590099,0.12623405969964452
2018-09-23 01:00:00,0.981089337265665,0.05472168786513812,0.9409391158472985,0.24334145313056288,0.17432782082380802
2018-09-23 02:00:00,0.981089337265665,0.0029761860130704345,0.9510733310274982,0.30911969450877624,0.11527274286206536
2018-09-23 03:00:00,0.981089337265665,0.0,0.8687518255073364,0.4508775236320315,0.0277795505631864
2018-09-23 04:00:00,0.981089337265665,0.020768793614238574,0.8450698645426987,0.7651413570662591,0.0
2018-09-23 05:00:00,0.981089337265665,0.0,0.6784081942623553,0.5187945167139917,0.0
2018-09-23 06:00:00,0.981089337265665,0.0,0.4168019943083957,0.6539233771366219,0.0
2018-09-23 07:00:00,0.4984572662403781,0.04618536565033969,0.2572440955156764,0.8967836427958144,0.013370756934885266
2018-09-23 08:00:00,0.18326634789428695,0.0,0.050162652331590216,0.28640724889090713,0.05961532408674237
2018-09-23 09:00:00,0.006848536089820044,0.007618211184131152,0.03459351982371516,0.045841664523398815,0.02727855042448529
2018-09-23 10:00:00,0.0,0.10959684859742368,0.0,0.03009989530744988,0.055920277046852186
2018-09-23 11:00:00,0.0,0.0497086663025774,0.04196367836836266,0.1282226571149861,0.14644675485640654
2018-09-23 12:00:00,0.031046556568876452,0.35298221765462334,0.14518272133048526,0.5270531754817125,0.007806763767117737
2018-09-23 13:00:00,0.044076649744768756,0.29343469545025375,0.12244999008258549,0.23354481420093445,0.043452639207556
2018-09-23 14:00:00,0.09125564886058019,0.6214577358811251,0.38204784349150145,0.2692932718650313,0.0
2018-09-23 15:00:00,0.8273834658226006,0.3927570247554001,0.26026215969961747,0.18912082827409474,0.0
2018-09-23 16:00:00,0.981089337265665,0.6382536027091738,0.09990872572816396,0.14821720083233234,0.6502069886023157
2018-09-23 17:00:00,0.981089337265665,0.5913397824999361,0.48875778761503047,0.14015914404208146,0.16067944788695135
2018-09-23 18:00:00,0.981089337265665,0.8473887460958056,0.21854737002730443,0.12325950087703078,0.38891425458950074
2018-09-23 19:00:00,0.981089337265665,0.7846056438088397,0.0,0.17052859739006554,0.044415977572356394
2018-09-23 20:00:00,0.981089337265665,0.4016201004210555,0.4817345447186823,0.27134748751041704,0.0
2018-09-23 21:00:00,0.981089337265665,0.7394821920089772,0.7105162350393707,0.07432688383701022,0.0396484669616671
2018-09-23 22:00:00,0.981089337265665,0.3693414930588761,0.6014265675789615,0.293393055608117,0.0
2018-09-23 23:00:00,0.981089337265665,0.5847246207475991,0.9834636537614106,0.3833594630789513,0.8138382435255811
2018-09-24 00:00:00,0.981089337265665,0.09570889156506374,0.9834636537614106,0.1715742848071478,0.6501363375114757
2018-09-24 01:00:00,0.981089337265665,0.12625945364219152,0.4090985783626373,0.18801327115140684,0.3505693518252983
2018-09-24 02:00:00,0.981089337265665,0.3572710439448652,0.17611936064842892,1.0,0.6525935722765627
2018-09-24 03:00:00,0.981089337265665,0.21189696299612368,0.1697195479126639,1.0,0.5961487940557961
2018-09-24 04:00:00,0.9358625371080875,0.7545282902415659,0.2509866949803257,1.0,0.8106838670885363
2018-09-24 05:00:00,0.981089337265665,0.9785379269967656,0.9834636537614106,1.0,0.8478797252090756
2018-09-24 06:00:00,0.8003636328274853,0.9785379269967656,0.9834636537614106,1.0,0.5473278624518002
2018-09-24 07:00:00,0.19905218171315675,0.9785379269967656,0.9834636537614106,0.2769213938145915,0.3384406518266134
2018-09-24 08:00:00,0.981089337265665,0.9785379269967656,0.7044260944644982,0.42836032749623454,0.09921255558458203
2018-09-24 09:00:00,0.981089337265665,0.6731625220281147,0.10376784353620887,0.5437915527259969,0.05400467268626655
2018-09-24 10:00:00,0.8603552583671729,0.2602644114173979,0.04393142825649586,0.5812955257215564,0.10640618935615986
2018-09-24 11:00:00,0.6442019192911018,0.09784852866202359,0.03573882021768873,0.30820316538995296,0.2211558013679159
2018-09-24 12:00:00,0.4905466705264565,0.028429874763280003,0.0,0.09077918951628446,0.24291836693945357
2018-09-24 13:00:00,0.26042420488125767,0.0,0.002752137230334598,0.7341203243466127,0.20511209541248712
2018-09-24 14:00:00,0.13446739903064406,0.0,0.0,0.03298698613173097,0.2421856416041062
2018-09-24 15:00:00,0.1227237062211904,0.016154809833471687,0.0007111007725892043,0.11250831266406419,0.0939311729312069
2018-09-24 16:00:00,0.08908654564146191,0.0,0.06505364591425214,0.5188916305414618,0.3805384964491686
2018-09-24 17:00:00,0.5276281102632546,0.021778046856816384,0.4386618949633936,0.26492162404368297,0.17589316149359435
2018-09-24 18:00:00,0.6504612908484149,0.4083502056588268,0.45943299122518216,1.0,0.21414328817523312
2018-09-24 19:00:00,0.4806813335541211,0.0990986634361314,0.8804240634035005,1.0,0.7130189739217576
2018-09-24 20:00:00,0.4520861131057819,0.22227777645293584,0.7041598125631945,1.0,0.0
2018-09-24 21:00:00,0.44352846139718094,0.03920135847436791,0.4927540851198372,0.0,0.0634077327897684
2018-09-24 22:00:00,0.3632455563708671,0.0603627737188035,0.9834636537614106,0.1420202692038626,0.0
2018-09-24 23:00:00,0.5325554970278189,0.0,0.9587078779740035,0.2040221083240698,0.0
2018-09-25 00:00:00,0.4207375208334537,0.029155678098351987,0.9834636537614106,0.50169624783884,0.0
2018-09-25 01:00:00,0.18196711778639107,0.02167942249141959,0.46210213290293484,1.0,0.02285945377085231
2018-09-25 02:00:00,0.02531031292115744,0.15806994848707068,0.3278271679227726,1.0,0.0054645042149547626
2018-09-25 03:00:00,0.8300772622697494,0.9785379269967656,0.9834636537614106,1.0,0.20900270867789628
2018-09-25 04:00:00,0.981089337265665,0.9785379269967656,0.9834636537614106,1.0,0.15673280800479517
2018-09-25 05:00:00,0.981089337265665,0.9785379269967656,0.9834636537614106,1.0,0.9495255609856614
2018-09-25 06:00:00,0.981089337265665,0.9785379269967656,0.9834636537614106,1.0,0.2711363349825807
2018-09-25 07:00:00,0.981089337265665,0.9785379269967656,0.9834636537614106,0.7482666106189497,0.2993203424323176
2018-09-25 08:00:00,0.981089337265665,0.9785379269967656,0.9834636537614106,0.5973458554187582,0.03541043831497463
2018-09-25 09:00:00,0.981089337265665,0.9785379269967656,0.9834636537614106,0.6048725058811,0.023510164561127162
2018-09-25 10:00:00,0.981089337265665,0.9785379269967656,0.9834636537614106,0.3365462996695232,0.03000389789702552
2018-09-25 11:00:00,0.981089337265665,0.9785379269967656,0.9834636537614106,0.35086675709403276,0.022218054644789518
2018-09-25 12:00:00,0.981089337265665,0.6050984687160328,0.9834636537614106,0.39132465223019325,0.03919075501720112
2018-09-25 13:00:00,0.6806961183051732,0.5426159595503868,0.9834636537614106,0.35073695428956697,0.14717514088516276
2018-09-25 14:00:00,0.43778824449666043,0.3302475326984511,0.8817302731296566,0.27302281168639714,0.25934254841102844
2018-09-25 15:00:00,0.46460904130688946,0.37566870560137794,0.4731557843390804,0.18040715968836477,0.32636411380107594
2018-09-25 16:00:00,0.49570293180891944,0.3776146389076002,0.7114590450549179,0.08928206338460357,0.4402136169786679
2018-09-25 17:00:00,0.45190568573789036,0.15458338522060622,0.21400216258515087,0.06945545705913787,0.5127014910018605
2018-09-25 18:00:00,0.4714258970731777,0.21399687725628447,0.19563162564732953,0.11302873248837661,0.5818657064839289
2018-09-25 19:00:00,0.49763752975290254,0.2504219564268704,0.2869513372586076,0.07787142687341668,0.2626568453910673
2018-09-25 20:00:00,0.3394572426215537,0.1833559783350666,0.16909758065505923,0.1251239649674465,0.1918815623864991
2018-09-25 21:00:00,0.7791651225296014,0.4661425940318172,0.0,0.3070682292080702,0.6369659750949104
2018-09-25 22:00:00,0.6962212739951035,0.31853948050620134,0.019160631993327088,0.2573932041864034,0.9495255609856614
2018-09-25 23:00:00,0.6187209603732658,0.3239123456694034,0.023987289446553758,0.4076821535410987,0.9495255609856614
2018-09-26 00:00:00,0.32663637752905633,0.11366839937909018,0.14236995179582543,0.1749831245804894,0.8316036467501113
2018-09-26 01:00:00,0.20956888780140667,0.04613752103447584,0.06657462186829524,0.20624883959772802,0.45346474995154296
2018-09-26 02:00:00,0.15986643667867662,0.06890452224499011,0.0,0.25148736422996115,0.17741464910246457
2018-09-26 03:00:00,0.09268969707476364,0.02926125658817651,0.0,0.3023659440044217,0.051286953654905806
2018-09-26 04:00:00,0.056379834223584335,0.030053891200840073,0.0,0.28253932965944517,0.0
2018-09-26 05:00:00,0.11127168822629653,0.06509046775592443,0.0,0.6443964871692484,0.0
2018-09-26 06:00:00,0.3144648990666635,0.09119918780777228,0.0,0.9321074036126469,0.018952886763688066
2018-09-26 07:00:00,0.6727251223262676,0.1261187831141721,0.0,0.7093226231302192,0.0014859214686256427
2018-09-26 08:00:00,0.3387236531963344,0.14564458985161705,0.0,0.31102515139540443,0.0
2018-09-26 09:00:00,0.34685504404944256,0.3828725264117442,0.0,0.331303837610084,0.0
2018-09-26 10:00:00,0.5862895035987484,0.5041392411135102,0.1381911662205472,0.436728604860807,0.0
2018-09-26 11:00:00,0.663256982608056,0.6043231906425814,0.6168837997605991,0.38118172234166603,0.0
2018-09-26 12:00:00,0.814503934626457,0.7265876736051111,0.8260632834523316,0.30030140970534963,0.0
2018-09-26 13:00:00,0.981089337265665,0.44614209548709444,0.9077482728261391,0.25055345268243595,0.0
2018-09-26 14:00:00,0.981089337265665,0.3089936376522688,0.8564106197871975,0.16313999565641413,0.03125006785552134
2018-09-26 15:00:00,0.981089337265665,0.2247054010829501,0.9834636537614106,0.02088181697234276,0.09804789214170419
2018-09-26 16:00:00,0.9567936710286811,0.37660875397847676,0.887070544798339,0.0,0.25719517456713015
2018-09-26 17:00:00,0.8382864498735878,0.402820797756954,0.9834636537614106,0.04313025015139987,0.1657444100761639
2018-09-26 18:00:00,0.8416134701219545,0.5226625251871527,0.9834636537614106,0.10022162242240076,0.09229282112116471
2018-09-26 19:00:00,0.981089337265665,0.6325419778609547,0.9834636537614106,0.06280545670085302,0.10242612064590637
2018-09-26 20:00:00,0.981089337265665,0.6280316189803441,0.9834636537614106,0.10759472773569205,0.0310716215381043
2018-09-26 21:00:00,0.981089337265665,0.3213548807577965,0.9834636537614106,0.2411797596846013,0.42494057530918716
2018-09-26 22:00:00,0.981089337265665,0.09458624715303462,0.9834636537614106,0.24232587779998893,0.2558148963996193
2018-09-26 23:00:00,0.981089337265665,0.031988194608321016,0.9834636537614106,0.46846580415352407,0.4333502285966396
2018-09-27 00:00:00,0.981089337265665,0.0,0.9826375892636475,0.18722563376465434,0.35276939387581707
2018-09-27 01:00:00,0.981089337265665,0.05476991606609977,0.7121256064335606,0.25739462939788843,0.23385441185682534
2018-09-27 02:00:00,0.8659362834696903,0.2923247275852068,0.8806557857219258,0.4627524318300474,0.18995451166977045
2018-09-27 03:00:00,0.7764231805738635,0.5901937588349907,0.7787567701352778,0.4655762276616754,0.20166193584552583
2018-09-27 04:00:00,0.7690050724655964,0.9785379269967656,0.9834636537614106,0.2799033109377976,0.3319245203676366
2018-09-27 05:00:00,0.19447470438289838,0.32584601661122786,0.9834636537614106,0.1910588026349742,0.19005268291729763
2018-09-27 06:00:00,0.31712571307855564,0.5341675717402169,0.9834636537614106,0.14811385121853757,0.16661533574359744
2018-09-27 07:00:00,0.2905687141709195,0.9785379269967656,0.6644670322106201,0.1885009622435305,0.25983577757999327
2018-09-27 08:00:00,0.0528203336266111,0.19257114734793598,0.12018498091315011,0.0,0.0
2018-09-27 09:00:00,0.013948861984815939,0.011639084363263288,0.026067924967661037,0.0,0.0
2018-09-27 10:00:00,0.008307724289913596,0.0,0.0,0.05220145518531531,0.0
2018-09-27 11:00:00,0.020626175298328314,0.0,0.0,0.01970435256359204,0.0
2018-09-27 12:00:00,0.010268541813177575,0.0,0.0,0.026886502809480142,0.0
2018-09-27 13:00:00,0.0,0.0,0.0,0.12160064691639973,0.0
2018-09-27 14:00:00,0.0,0.0,0.0,0.09214208042766875,0.05591734158491353
2018-09-27 15:00:00,0.0,0.0,0.07119313296017403,0.0713335354298778,0.2000264552995792
2018-09-27 16:00:00,0.031175728427897478,0.0,0.0047760444971101795,0.017177601903785193,0.4692056180851218
2018-09-27 17:00:00,0.12091713819803278,0.02775535245163046,0.06084907693000256,0.0,0.5811685061384505
2018-09-27 18:00:00,0.39133544236177886,0.10181081470434102,0.6198293724129788,0.20835711742992585,0.5273375819487837
2018-09-27 19:00:00,0.819715384153639,0.2538476376325039,0.9227096686219772,0.9704815729231698,0.83320145775656
2018-09-27 20:00:00,0.981089337265665,0.3088506351862481,0.8423591709776692,1.0,0.04980277786195382
2018-09-27 21:00:00,0.981089337265665,0.27810186941209003,0.9834636537614106,1.0,0.03166475318429921
2018-09-27 22:00:00,0.981089337265665,0.09251082496047787,0.9834636537614106,1.0,0.0
2018-09-27 23:00:00,0.981089337265665,0.0,0.9566144628575431,1.0,0.0
2018-09-28 00:00:00,0.9557212173896412,0.0,0.7125319391828538,0.7291079688342234,0.0
2018-09-28 01:00:00,0.4918596865966197,0.4692438922996454,0.4601384693156463,0.3339577414087777,0.058428329702738584
2018-09-28 02:00:00,0.19818032450888104,0.31873343908945695,0.41389108378414563,0.10751471169037463,0.42368771002312616
2018-09-28 03:00:00,0.14482401862046565,0.8542224229163046,0.16718445459192724,0.034231116316176285,0.05007166137314186
2018-09-28 04:00:00,0.6296024857886878,0.21133112161733958,0.14951145407125613,0.0,0.0
2018-09-28 05:00:00,0.7178748474949056,0.23693344806279754,0.22104906990033807,0.08880278012705288,0.1964509280825688
2018-09-28 06:00:00,0.9793017937198079,0.3001573680421635,0.26682662009107716,0.14355429870420922,0.11672418304721878
2018-09-28 07:00:00,0.9576631619556443,0.43047293418981797,0.2226837975108344,0.15452114562254965,0.1926092025748769
2018-09-28 08:00:00,0.971778826054996,0.18327505124484356,0.23383592515502954,0.1543195706916461,0.07778762605577694
2018-09-28 09:00:00,0.8069669173330387,0.0836091930900812,0.23998550826740608,0.21086964832194194,0.13075430579601216
2018-09-28 10:00:00,0.7786361266652776,0.04576772587166931,0.14836083419385432,0.2910352283074259,0.10380935119599322
2018-09-28 11:00:00,0.8617349367893333,0.07732571216732184,0.09335147478110234,0.30056914263228246,0.26767385051417525
2018-09-28 12:00:00,0.5568708244431835,0.10160800201506295,0.04839512603796302,0.3910969016331105,0.29993465577515493
2018-09-28 13:00:00,0.3194708032550798,0.09533323832533257,0.15168221055404355,0.24681479257506983,0.5047752122530412
2018-09-28 14:00:00,0.27742534806437247,0.12250969825829314,0.15921052151608694,0.3359474050328906,0.8035875829797381
2018-09-28 15:00:00,0.1725483925652429,0.10367516058805447,0.07086843502160736,0.2759475775871097,0.7545348947110995
2018-09-28 16:00:00,0.23551918813583234,0.21748709206901096,0.08951157142400268,0.19208762006309393,0.6987107882095858
2018-09-28 17:00:00,0.2301986258049625,0.22814226904592674,0.11915347099387032,0.5585100578504459,0.41761498816687875
2018-09-28 18:00:00,0.07393364297228469,0.27465267370101765,0.053166565214037995,0.6107278141160669,0.2807662978040513
2018-09-28 19:00:00,0.08267382025979975,0.21131671253249668,0.18978331170020926,0.6517060589947711,0.14025953819211773
2018-09-28 20:00:00,0.27416194925791165,0.3226357243659248,0.23592539264246096,0.9509212814546194,0.19498753672304678
2018-09-28 21:00:00,0.14281108921070076,0.30750490692660465,0.25108681584265025,0.846386727730184,0.1445266372303424
2018-09-28 22:00:00,0.1258329199561309,0.16843880523991828,0.41015851319523533,1.0,0.12305143330712719
2018-09-28 23:00:00,0.1107331240097251,0.5202130026065743,0.6993962240186028,1.0,0.11640748636029966
2018-09-29 00:00:00,0.07482976228380853,0.5435647311577685,0.9834636537614106,1.0,0.07678008882367905
2018-09-29 01:00:00,0.047961607370795654,0.6400599654391983,0.9834636537614106,1.0,0.03114982118739889
2018-09-29 02:00:00,0.10529950544628297,0.6466408741179184,0.7262406610144064,1.0,0.0
2018-09-29 03:00:00,0.2706751792523401,0.7658040947391914,0.938865326189347,0.513821810684804,0.0
2018-09-29 04:00:00,0.4248508805597225,0.6146528688232166,0.6410214140364228,0.5085747464638343,0.0
2018-09-29 05:00:00,0.6616177192671295,0.37477155477364016,0.7575765805519975,0.2964722736342176,0.0
2018-09-29 06:00:00,0.7426524588937257,0.30154407158201096,0.5412197446827515,0.5034965145827476,0.0
2018-09-29 07:00:00,0.9617183294706384,0.37579557866894725,0.5997666768441315,0.633267267893803,0.0
2018-09-29 08:00:00,0.9514255867818134,0.09326413239691911,0.5481539398053926,1.0,0.0
2018-09-29 09:00:00,0.49627351395423136,0.15806711587986025,0.3919012761561133,1.0,0.0
2018-09-29 10:00:00,0.2677068612350308,0.2739432014274865,0.2586601355080368,0.7388772548043527,0.0
2018-09-29 11:00:00,0.11570421076960116,0.17645428078639933,0.09764931498130076,0.36510859602555096,0.0
2018-09-29 12:00:00,0.025022967266388384,0.18904663727763976,0.0,0.23834278525926933,0.0
2018-09-29 13:00:00,0.0,0.17913309114410486,0.0,0.23220804624990518,0.0
2018-09-29 14:00:00,0.0,0.06437149800444379,0.019097171925435148,0.5419281193634091,0.0
2018-09-29 15:00:00,0.051357240908828095,0.04153984979634073,0.1110177734811037,0.3735880123465607,0.0
2018-09-29 16:00:00,0.5005050733615655,0.06540623805010666,0.406173695452839,0.36437805437772497,0.12136415972616404
2018-09-29 17:00:00,0.4900870230445658,0.27626976011272225,0.4663872076848077,0.3517376670821025,0.3071403621432015
2018-09-29 18:00:00,0.8359026082816899,0.45453272087168844,0.7561482076489672,1.0,0.7092805629028961
2018-09-29 19:00:00,0.981089337265665,0.8177434670854561,0.9439928063969255,1.0,0.8610227093972141
2018-09-29 20:00:00,0.981089337265665,0.6214730741448404,0.9834636537614106,1.0,0.15875033005311037
2018-09-29 21:00:00,0.981089337265665,0.6201593665039484,0.9187894933188312,1.0,0.3195643257047953
2018-09-29 22:00:00,0.981089337265665,0.07737043730736741,0.9218782151806048,0.4032026776626831,0.12417505507609414
2018-09-29 23:00:00,0.981089337265665,0.0,0.8527562273871776,1.0,0.41412932796638885
2018-09-30 00:00:00,0.981089337265665,0.8792004755218857,0.3023332328411018,0.8389306824674858,0.5140551466502252
2018-09-30 01:00:00,0.981089337265665,0.9785379269967656,0.3717176019109733,0.8352496951495426,0.31913541379512606
2018-09-30 02:00:00,0.981089337265665,0.9785379269967656,0.3579842492374737,0.3258801166772183,0.0
2018-09-30 03:00:00,0.9481700556858529,0.9785379269967656,0.3978363581081613,0.28711599007324395,0.0
2018-09-30 04:00:00,0.981089337265665,0.9785379269967656,0.43673822104266,0.3018671392075635,0.09865638158806952
2018-09-30 05:00:00,0.981089337265665,0.9785379269967656,0.19850761734563935,0.19669055033409416,0.8181918519041254
2018-09-30 06:00:00,0.9247387376468621,0.6371016470172858,0.2422439028873012,0.17532887622668566,0.9495255609856614
2018-09-30 07:00:00,0.68765758270299,0.9459705204679634,0.4041914241815096,0.2522211321758326,0.9495255609856614
2018-09-30 08:00:00,0.6165953410373283,0.8592149375477588,0.32540195395427507,0.17320847540460832,0.7253934913892557
2018-09-30 09:00:00,0.7922109211245463,0.21116042671688925,0.14233966316620822,0.07992234537609483,0.36738823719133956
2018-09-30 10:00:00,0.5089665394369398,0.0828875675624744,0.06865256967712866,0.06081047512053282,0.16141117897356627
2018-09-30 11:00:00,0.3048020553284059,0.0,0.05782982958944817,0.04839848244054157,0.15436332125145785
2018-09-30 12:00:00,0.1716568022182437,0.03481838852094741,0.0267703144190354,0.08781130799859811,0.13279981250665082
2018-09-30 13:00:00,0.10084349598422755,0.3213300771812699,0.010772647884774467,0.14130939941749496,0.5518086020330591
2018-09-30 14:00:00,0.09405072923020841,0.4950361802518399,0.0,0.19086239483576245,0.9126809924815887
2018-09-30 15:00:00,0.15389524249498027,0.45258238860705724,0.03530357465616461,0.2520706754238844,0.7105129895817338
2018-09-30 16:00:00,0.23922223980781018,0.6550791533631393,0.053738868522355404,0.14186993011853846,0.943934868695645
2018-09-30 17:00:00,0.301472815008248,0.6548240922110096,0.13085164348181041,0.20126857705452098,0.9495255609856614
2018-09-30 18:00:00,0.22830634349224732,0.8818660116988127,0.053897941485751055,0.4918076113990087,0.32271411867981886
2018-09-30 19:00:00,0.2482019095155229,0.05754883383619346,0.21409123229804491,0.3394771864525307,0.11848598801769675
2018-09-30 20:00:00,0.19914491037407916,0.04619353338895029,0.13228345752381515,0.45835120963647985,0.08278668980964762
2018-09-30 21:00:00,0.12960162690614657,0.07212609207852445,0.22786815561640794,0.39948035217528166,0.10920650019775466
2018-09-30 22:00:00,0.05128922522040681,0.13803945725917674,0.2550933358204924,0.27205158254934025,0.11420838418309898
2018-09-30 23:00:00,0.1233857136393646,0.1420405897366845,0.21156450667056861,0.44843059554024434,0.007878305345755515
2018-10-01 00:00:00,0.14588134074918102,0.19827579104704507,0.19246221908723904,0.2937367084872016,0.0
2018-10-01 01:00:00,0.13771542538453724,0.13243787179066568,0.25260390078160205,0.37739231941186174,0.0
2018-10-01 02:00:00,0.061695231755960034,0.07530066097662311,0.11075100669010544,0.02897106440343555,0.0
2018-10-01 03:00:00,0.0538180393183917,0.09834261112643185,0.04302419964827042,0.02833049791744486,0.0
2018-10-01 04:00:00,0.015734953823469316,0.13004259756918093,0.0,0.04587977472771694,0.0
2018-10-01 05:00:00,0.0,0.07283375341327605,0.0,0.07899808647772631,0.0
2018-10-01 06:00:00,0.0,0.03715980217390165,0.0,0.0,0.0
2018-10-01 07:00:00,0.0213758883386459,0.07744965110830788,0.013211085736919459,0.06887135357007523,0.0
2018-10-01 08:00:00,0.0,0.22340996920265577,0.0,0.160609552731275,0.0
2018-10-01 09:00:00,0.0,0.005657459054278403,0.0,0.07470109108782844,0.0
2018-10-01 10:00:00,0.0,0.0,0.0,0.08380547364997887,0.0
2018-10-01 11:00:00,0.022625580081595965,0.0,0.0,0.07134105443513955,0.059661348136747144
2018-10-01 12:00:00,0.047157916193889315,0.02448884902650756,0.0,0.014556607220120877,0.20754562069510088
2018-10-01 13:00:00,0.018514402802337716,0.03267509286273105,0.0,0.0,0.47912460865951184
2018-10-01 14:00:00,0.17163830436827196,0.2934740113682555,0.0,0.07903372760546122,0.5538307864514538
2018-10-01 15:00:00,0.2995652805897698,0.1693923669284712,0.033572929442814606,0.20280707678446197,0.3306191643056228
2018-10-01 16:00:00,0.30348266305633537,0.08495085418499028,0.11883993186850189,0.620471973786123,0.14709271567643634
2018-10-01 17:00:00,0.6270418376736007,0.053702859966753266,0.07410515800224864,0.3566177132757088,0.0
2018-10-01 18:00:00,0.5621882070369613,0.020019915960972887,0.10059602421248903,0.2527233575773233,0.0
2018-10-01 19:00:00,0.3978708711937525,0.0,0.19263985332915756,0.9582336071833599,0.021486361792821693
2018-10-01 20:00:00,0.469824856410562,0.09584460737991732,0.37413495488861315,0.06517186744413475,0.08313892888257826
2018-10-01 21:00:00,0.2925303420287505,0.18549722898873786,0.34445096957036087,0.24148446895124065,0.2153788405404
2018-10-01 22:00:00,0.08538633571618547,0.09525821234846606,0.1865840252894923,0.22621041115813825,0.0334307471415664
2018-10-01 23:00:00,0.10225381479595452,0.25008499114501004,0.23263110026542333,0.21444005718921347,0.32042706170938373
2018-10-02 00:00:00,0.2347195173995222,0.16759432161714025,0.330305784211914,0.12571520733609926,0.22006541051157333
2018-10-02 01:00:00,0.5653336360531369,0.1767525056777265,0.19516236764794187,0.09432938595730375,0.1372218497035111
2018-10-02 02:00:00,0.5180144024639373,0.06885840205093395,0.1349583311849584,0.019812279173140424,0.0
2018-10-02 03:00:00,0.8285786949583461,0.017346082158564268,0.16116611948554654,0.0,0.0
2018-10-02 04:00:00,0.981089337265665,0.07223140232714448,0.12566078913897386,0.0006385053248457471,0.0
2018-10-02 05:00:00,0.981089337265665,0.04808528153532505,0.28548132709444346,0.24644257573131673,0.0
2018-10-02 06:00:00,0.981089337265665,0.01897762503581051,0.12789348771321174,0.12383121339114808,0.0
2018-10-02 07:00:00,0.981089337265665,0.10238354354084869,0.06290723204515053,0.2011781803149367,0.019923985666639457
2018-10-02 08:00:00,0.6240937215711615,0.047098171901495595,0.0,0.1786151653144074,0.0
2018-10-02 09:00:00,0.5171801139577143,0.006160895454456311,0.0,0.1240270092223283,0.0
2018-10-02 10:00:00,0.36770249468027477,0.03177512289478103,0.0,0.110161029039311,0.0
2018-10-02 11:00:00,0.5126089237799837,0.203665765615913,0.0,0.10016184660057924,0.0
2018-10-02 12:00:00,0.7607420630747952,0.338854197376324,0.0,0.024165750301551416,0.0
2018-10-02 13:00:00,0.7848701321089777,0.3210368175063458,0.03636626278850175,0.06935592039297432,0.0
2018-10-02 14:00:00,0.981089337265665,0.26190436722871535,0.07375697081435897,0.11523535653407355,0.0
2018-10-02 15:00:00,0.12810345703406725,0.09495958343578524,0.07282299885423574,0.1066390771870712,0.8739311443853568
2018-10-02 16:00:00,0.981089337265665,0.6439136714404043,0.0962971930564643,0.1799844305454709,0.9477773662885398
2018-10-02 17:00:00,0.981089337265665,0.46234895928146946,0.200953652583141,0.05418581304194653,0.5297309104833995
2018-10-02 18:00:00,0.981089337265665,0.25685161913234517,0.48220776362837087,0.13406029846768544,0.17595512273327116
2018-10-02 19:00:00,0.981089337265665,0.23367232965298154,0.3473706779398799,0.25421470980027716,0.0
2018-10-02 20:00:00,0.15965682932589315,0.6659895582641788,0.18501897769710987,1.0,0.0
2018-10-02 21:00:00,0.981089337265665,0.38300409501550386,0.355307062608169,0.4368301796099976,0.05117216233026531
2018-10-02 22:00:00,0.981089337265665,0.26988528006239293,0.0,0.5121789312642405,0.09311264726200738
2018-10-02 23:00:00,0.981089337265665,0.39001257601973466,0.048840277288972236,0.5576792604293908,0.6613916957748026
2018-10-03 00:00:00,0.981089337265665,0.3482149432078078,0.03084214618504051,0.7953589788200108,0.707642406415426
2018-10-03 01:00:00,0.981089337265665,0.14603530839531487,0.2237651043817278,1.0,0.15048347940381862
2018-10-03 02:00:00,0.981089337265665,0.4136275762748137,0.5907635532936187,0.6534145270575814,0.05135308741693588
2018-10-03 03:00:00,0.981089337265665,0.2681856124594787,0.9834636537614106,0.19861606111515961,0.0624112673412397
2018-10-03 04:00:00,0.981089337265665,0.03338189258268046,0.9834636537614106,1.0,0.1112733562273951
2018-10-03 05:00:00,0.9448584042447233,0.12045782917209949,0.9834636537614106,0.9957007425750505,0.6404088782606377
2018-10-03 06:00:00,0.629187377238894,0.12599113430916056,0.9834636537614106,1.0,0.6529351512413873
2018-10-03 07:00:00,0.5880375208276822,0.18482504528356664,0.9834636537614106,1.0,0.9495255609856614
2018-10-03 08:00:00,0.41078959517617003,0.2160866698548029,0.7149028962466506,1.0,0.9495255609856614
2018-10-03 09:00:00,0.38909024703456985,0.2908631422660151,0.23634716877910059,1.0,0.9495255609856614
2018-10-03 10:00:00,0.12450314659923264,0.11727566771986533,0.6779375254011527,1.0,0.9495255609856614
2018-10-03 11:00:00,0.09493748009754294,0.0,0.9834636537614106,1.0,0.9495255609856614
2018-10-03 12:00:00,0.049198576998280855,0.0,0.9834636537614106,1.0,0.7008970219344506
2018-10-03 13:00:00,0.024377307465559783,0.0,0.9834636537614106,1.0,0.6495773379014077
2018-10-03 14:00:00,0.0,0.18214545873185042,0.7857900619310451,1.0,0.6644738779582771
2018-10-03 15:00:00,0.0,0.46962918515386654,0.4869196664371239,1.0,0.3470780234728889
2018-10-03 16:00:00,0.0,0.7534896860732957,0.9834636537614106,1.0,0.0326657309466332
2018-10-03 17:00:00,0.0,0.6986780033260789,0.9834636537614106,1.0,0.04449805863413524
2018-10-03 18:00:00,0.6820782150428518,0.19890002966923495,0.9834636537614106,1.0,0.01547636842671557
2018-10-03 19:00:00,0.6203490970649211,0.7544893807262651,0.9834636537614106,1.0,0.0
2018-10-03 20:00:00,0.981089337265665,0.9785379269967656,0.9834636537614106,1.0,0.001458073162878931
2018-10-03 21:00:00,0.981089337265665,0.9785379269967656,0.6719199607583585,0.5482915200859402,0.9495255609856614
2018-10-03 22:00:00,0.981089337265665,0.9785379269967656,0.7284460724727884,0.026259996734195126,0.9495255609856614
2018-10-03 23:00:00,0.981089337265665,0.679935681848334,0.8169913809219289,0.0,0.4498467609073859
2018-10-04 00:00:00,0.981089337265665,0.34090546397337734,0.7082351523928718,0.08086618693387147,0.40198341659979
2018-10-04 01:00:00,0.981089337265665,0.37402672107110446,0.3624721060146862,0.19625380098240416,0.08375200531348248
2018-10-04 02:00:00,0.981089337265665,0.11291156951087572,0.0,0.8456656685561112,0.14630431843340716
2018-10-04 03:00:00,0.8186868564277788,0.0,0.1049047130441677,1.0,0.29560897016077514
2018-10-04 04:00:00,0.8527464007067722,0.0,0.0,1.0,0.37211584236697515
2018-10-04 05:00:00,0.46873534431920877,0.0,0.05411044686485208,0.9872452805145123,0.4271839267485847
2018-10-04 06:00:00,0.1914481178973823,0.07206423406998543,0.1509875668610334,1.0,0.4885478645812464
2018-10-04 07:00:00,0.14847260542363286,0.2214584430811048,0.020924461312979908,1.0,0.22758067466524126
2018-10-04 08:00:00,0.05713381055903847,0.36353308648114563,0.08547289505075133,1.0,0.10246009894214801
2018-10-04 09:00:00,0.03388970572485567,0.407411159496777,0.22707382770957404,1.0,0.07713226306548823
2018-10-04 10:00:00,0.015621193349168895,0.43754384455950496,0.17906267971347173,1.0,0.03875664349514781
2018-10-04 11:00:00,0.08348369404358964,0.6112171897912534,0.2661589779141705,0.6348468244798017,0.08967774383896258
2018-10-04 12:00:00,0.24866845255879583,0.638635083823124,0.40998348481621927,0.6494490030147898,0.07435534211474037
2018-10-04 13:00:00,0.4397972821715751,0.587388993232369,0.5409693410846351,0.5560501853947741,0.1277635276848684
2018-10-04 14:00:00,0.919705474703919,0.9564620925917576,0.7689160257961444,0.5281101728664409,0.42486343017312883
2018-10-04 15:00:00,0.981089337265665,0.9785379269967656,0.7751879187177646,0.1729519254041006,0.17313205254709477
2018-10-04 16:00:00,0.981089337265665,0.9785379269967656,0.41502707773615166,0.06245375818799128,0.9495255609856614
2018-10-04 17:00:00,0.981089337265665,0.7317643138500266,0.7323402938579309,0.034301497051563115,0.8965299960621509
2018-10-04 18:00:00,0.8200298683425701,0.0,0.36443914189944376,0.18867843696690265,0.9495255609856614
2018-10-04 19:00:00,0.4190138323988885,0.07787801128226032,0.4309702705451927,0.42596060206571873,0.31413564678647177
2018-10-04 20:00:00,0.5023137271554798,0.040812514663110984,0.45823419571435164,0.24887939480608742,0.06413020736777979
2018-10-04 21:00:00,0.4706575945797559,0.033628728759158406,0.8240995910251617,0.16464055362566166,0.0
2018-10-04 22:00:00,0.46836353038777867,0.056432114246458796,0.9834636537614106,0.0,0.0
2018-10-04 23:00:00,0.8726630505642389,0.0,0.46172592447663385,0.0,0.03966416954671448
2018-10-05 00:00:00,0.981089337265665,0.0,0.17759839565955057,0.0,0.016985837520477783
2018-10-05 01:00:00,0.981089337265665,0.057065215577097976,0.11813357164979292,0.028297925582007437,0.0
2018-10-05 02:00:00,0.7370171974560906,0.027663752398266062,0.16584243695381168,0.00047001858063339266,0.0
2018-10-05 03:00:00,0.9568249604060451,0.07775399347779981,0.0,0.021076472706534642,0.0
2018-10-05 04:00:00,0.978343296683667,0.2259282189013763,0.0,0.013025080455091242,0.0
2018-10-05 05:00:00,0.9334409188214563,0.30829457264628823,0.0,0.04801895512742205,0.0
2018-10-05 06:00:00,0.981089337265665,0.5830384654306012,0.0,0.17226349331035848,0.03981534702777666
2018-10-05 07:00:00,0.6025689396614236,0.42023924371137217,0.057506427257803895,0.3413244546486177,0.07887008546991174
2018-10-05 08:00:00,0.6673265614980508,0.33865304528190376,0.038581503510101714,0.44242059654919,0.06421123081511691
2018-10-05 09:00:00,0.981089337265665,0.09318698255593931,0.0,0.2322293605188672,0.0
2018-10-05 10:00:00,0.981089337265665,0.17629312155206248,0.0,0.1548525680434946,0.0
2018-10-05 11:00:00,0.7589151818054175,0.45451717630490795,0.0,0.07303115450121253,0.0
2018-10-05 12:00:00,0.5742992654242621,0.503246327088114,0.0,1.0,0.0
2018-10-05 13:00:00,0.5252033144104251,0.42762874123112543,0.0,1.0,0.0
2018-10-05 14:00:00,0.5448594880696693,0.13813321039603207,0.9834636537614106,1.0,0.0
2018-10-05 15:00:00,0.40606238735847217,0.03805516672099227,0.9834636537614106,1.0,0.015591146545842524
2018-10-05 16:00:00,0.41637344061850196,0.0,0.9834636537614106,1.0,0.7671658108900193
2018-10-05 17:00:00,0.23866603316692,0.9785379269967656,0.9834636537614106,1.0,0.0
2018-10-05 18:00:00,0.10309043146197894,0.9785379269967656,0.9834636537614106,1.0,0.9495255609856614
2018-10-05 19:00:00,0.03715783017883809,0.9785379269967656,0.9834636537614106,0.8326218112232735,0.8880588784848932
2018-10-05 20:00:00,0.981089337265665,0.9785379269967656,0.9834636537614106,1.0,0.2845769827741412
2018-10-05 21:00:00,0.981089337265665,0.9785379269967656,0.40416128377703936,0.9892294102283268,0.3522456986771499
2018-10-05 22:00:00,0.981089337265665,0.9785379269967656,0.31774129808383283,0.2538740638664913,0.200603502928097
2018-10-05 23:00:00,0.981089337265665,0.8177605023285759,0.06086452471801016,0.054853644579123804,0.39983365462248954
2018-10-06 00:00:00,0.981089337265665,0.21749072878746123,0.048094211112040486,0.0,0.35701921333346626
2018-10-06 01:00:00,0.981089337265665,0.08067829805441297,0.033986183981721436,0.0,0.1366771970572765
2018-10-06 02:00:00,0.5129602356384456,0.04727608469364354,0.0,0.0,0.0419774002716524
2018-10-06 03:00:00,0.22099475919618033,0.008457364694336353,0.0,0.0,0.0408143019121609
2018-10-06 04:00:00,0.40091520768734507,0.0,0.0,0.23849902094910236,0.031946124850672455
2018-10-06 05:00:00,0.41614388517879064,0.0,0.0,0.34910472091278055,0.0
2018-10-06 06:00:00,0.3263982539204773,0.0,0.0,0.26233151865162113,0.0
2018-10-06 07:00:00,0.2405488025473825,0.0,0.0,0.178121157549582,0.0
2018-10-06 08:00:00,0.1250291483368495,0.0,0.00237509433338443,0.06985100876001106,0.0
2018-10-06 09:00:00,0.1324677213321231,0.01311886120954413,0.0,0.056384368658631306,0.044654664897362924
2018-10-06 10:00:00,0.10825397146128131,0.14792228534092702,0.04540409609533275,0.13390511647759448,0.09184274184763498
2018-10-06 11:00:00,0.08144028426269122,0.14630262557945967,0.17994210932560797,0.27225967000775686,0.1593743004883856
2018-10-06 12:00:00,0.06810437861601616,0.2602482079658017,0.21683079353400483,0.7015123010678755,0.21647091172496719
2018-10-06 13:00:00,0.09218204896034403,0.4189279141281687,0.16199941534824736,0.5287582651117733,0.30959172765114823
2018-10-06 14:00:00,0.19356259616340957,0.507151169337017,0.3020576584978635,0.7177045910030971,0.303162736953201
2018-10-06 15:00:00,0.28213141656542023,0.47099460379522856,0.49808182041709465,0.7523162445098914,0.21256986622741222
2018-10-06 16:00:00,0.4967912280144996,0.5706865283740528,0.5437687609110022,0.9224069471401234,0.4652458561829115
2018-10-06 17:00:00,0.5412366664073506,0.6484952864577127,0.5674304461580097,0.9428228440212567,0.6106110586454455
2018-10-06 18:00:00,0.6430462192630616,0.7022404665577294,0.6910327971816859,1.0,0.12978261893126658
2018-10-06 19:00:00,0.7906949528881231,0.8011543385366282,0.5534464850808334,1.0,0.383812400764933
2018-10-06 20:00:00,0.7396691779641592,0.7148489575044978,0.887471406970689,1.0,0.34951561693328964
2018-10-06 21:00:00,0.32610742415037675,0.5904385622322178,0.6847561685855608,1.0,0.4703565001781585
2018-10-06 22:00:00,0.3802266216742497,0.5129927040055926,0.4710944648416057,1.0,0.15502321917644157
2018-10-06 23:00:00,0.2915930800705846,0.3817972819429344,0.4819762857348478,0.9563294498130173,0.05797511826714313
2018-10-07 00:00:00,0.7488005053627947,0.4143227826887963,0.6272136083935582,1.0,0.0
2018-10-07 01:00:00,0.5269430463881005,0.251927454329029,0.5603089150718413,1.0,0.0
2018-10-07 02:00:00,0.7885424973470624,0.09102281145263157,0.49088047063875895,1.0,0.0
2018-10-07 03:00:00,0.5360129706614786,0.13018465290929393,0.30886636802706796,0.7279039850373012,0.0
2018-10-07 04:00:00,0.56439035238257,0.05629576950264946,0.27604324495543286,0.46011398743830695,0.0
2018-10-07 05:00:00,0.35094603192841073,0.08668561801990729,0.3777158066826128,0.4998212175225236,0.0
2018-10-07 06:00:00,0.43670177704909435,0.11736241870161186,0.1862409668060875,0.6588420324501713,0.0
2018-10-07 07:00:00,0.4298324404476393,0.0,0.2112136675336108,0.2541576513326133,0.0
2018-10-07 08:00:00,0.26470179705043206,0.0,0.16879482201983162,0.5096587953666186,0.0
2018-10-07 09:00:00,0.23899272847168926,0.036004431182392084,0.13389961589892446,0.30242071440257173,0.0
2018-10-07 10:00:00,0.16217857250961087,0.042854688376253,0.20883135119946933,0.058593014558294625,0.0
2018-10-07 11:00:00,0.1291469291337507,0.07764063335976004,0.1081707852975631,0.11197776590958633,0.0
2018-10-07 12:00:00,0.15668046262731672,0.0,0.08214561669550567,0.22053492765829705,0.07495671769223071
2018-10-07 13:00:00,0.1769231351728258,0.015813390622947645,0.06764320995610264,0.2137364019897338,0.09236986397978757
2018-10-07 14:00:00,0.3940274040255211,0.01824440559558924,0.14703761141254873,0.21481131127691372,0.0
2018-10-07 15:00:00,0.3653447619918755,0.01808710284337641,0.14902721120956153,0.051340669145178305,0.07117334198669555
2018-10-07 16:00:00,0.38041372610594815,0.03890245965200986,0.06746176171223797,0.0,0.12269749163623785
2018-10-07 17:00:00,0.981089337265665,0.2748141359238359,0.08556899459708756,0.06502891045617949,0.2843695087365701
2018-10-07 18:00:00,0.981089337265665,0.10370928924351559,0.11804678036294261,0.009015515827868841,0.043676916091849156
2018-10-07 19:00:00,0.981089337265665,0.22067294818765737,0.056538595469471625,0.17144957850533238,0.04327384935987241
2018-10-07 20:00:00,0.981089337265665,0.1189353767203612,0.1766075355236889,0.0378724757910391,0.029924542670771638
2018-10-07 21:00:00,0.40704269033508744,0.0,0.25481860459336303,0.0744897471506581,0.20784243216296613
2018-10-07 22:00:00,0.981089337265665,0.06449430874113332,0.6475322906670524,0.13311679895373488,0.22491948771174947
2018-10-07 23:00:00,0.9120989262989695,0.6635616457688271,0.09122006300213026,0.3799599786464585,0.019168665915998428
2018-10-08 00:00:00,0.4934661843250444,0.8319685952979807,0.3145547823890104,0.4257333166952771,0.0
2018-10-08 01:00:00,0.31121218250815147,0.8807546758214589,0.14961749349256936,0.37392580189752705,0.054378534612074446
2018-10-08 02:00:00,0.981089337265665,0.7581801813250424,0.9834636537614106,0.5171374168659902,0.062230269180952244
2018-10-08 03:00:00,0.24999680693933207,0.22987132023485804,0.2196185249100695,0.22301175145077884,0.1239426982190642
2018-10-08 04:00:00,0.2932964821932842,0.9785379269967656,0.3602209339874847,0.5921282366722426,0.13600693368487848
2018-10-08 05:00:00,0.0725515128287572,0.9785379269967656,0.5021406427725067,0.2386182994534924,0.0
2018-10-08 06:00:00,0.02943102140627747,0.9785379269967656,0.48255212339594794,0.5533002996542464,0.0
2018-10-08 07:00:00,0.0,0.9785379269967656,0.5790227370294894,0.5775360320256394,0.0
2018-10-08 08:00:00,0.049023230242116085,0.9785379269967656,0.319160583015409,0.25649010140238654,0.0
2018-10-08 09:00:00,0.07537359565051438,0.9785379269967656,0.34286573055762853,0.3958688815965373,0.0
2018-10-08 10:00:00,0.15590477309050715,0.7536163761761318,0.5484076966245782,0.30653735900343043,0.038391446036198845
2018-10-08 11:00:00,0.33705980834838506,0.8277671738381277,0.2844374956749636,0.21704096834244513,0.0
2018-10-08 12:00:00,0.26378044831778036,0.49968554756312356,0.11873051010031266,0.034373509760114204,0.0
2018-10-08 13:00:00,0.14619117410410884,0.4584846275090819,0.19099755990579675,0.1210485167011365,0.0
2018-10-08 14:00:00,0.11244582042230732,0.2014129543134732,0.11539262295388293,0.1000357316665379,0.049516780454745016
2018-10-08 15:00:00,0.3711834945589644,0.20975238691092693,0.10367135303393467,0.08179848143947012,0.16322393476011585
2018-10-08 16:00:00,0.331967892121935,0.20454024153751812,0.04515699968926819,0.04903496759884067,0.19156706581112337
2018-10-08 17:00:00,0.3205856785927732,0.3085998871067438,0.09530230713986994,0.06955507177828137,0.0
2018-10-08 18:00:00,0.37434500312488217,0.33269948313195347,0.13791709317235223,0.039047021927299995,0.06521623709915132
2018-10-08 19:00:00,0.4845325044174601,0.2206485511792342,0.05897657319881225,0.023981291383428492,0.043503289296381864
2018-10-08 20:00:00,0.22556454717381466,0.19986975591840592,0.1829341815604911,0.0,0.04309767189100504
2018-10-08 21:00:00,0.18683486901101154,0.22107130366695535,0.12615210748766875,0.027875296926610723,0.07194769992790091
2018-10-08 22:00:00,0.22474547731052738,0.273858614176609,0.11406914287976269,0.021070807518976345,0.050392766390828556
2018-10-08 23:00:00,0.4322792039069613,0.22785413631625479,0.05469182789542425,0.0,0.12847884190852135
2018-10-09 00:00:00,0.4346882296115202,0.3354447241419532,0.06878122929689269,0.02573358118158516,0.0
2018-10-09 01:00:00,0.5428557153522271,0.32697226736781526,0.1584990908224985,0.0,0.03843226250673056
2018-10-09 02:00:00,0.5468046169162574,0.31024627422466794,0.25213379339310543,0.0,0.04989457005283891
2018-10-09 03:00:00,0.6986651999973302,0.3205765159210884,0.5048510264110695,0.00297547280010682,0.0
2018-10-09 04:00:00,0.6564692176147247,0.3281331285342447,0.44670922333618085,0.0,0.0
2018-10-09 05:00:00,0.5632505917101279,0.7571784510145494,0.5188245716115959,0.1024058210350299,0.0
2018-10-09 06:00:00,0.981089337265665,0.3105800605348567,0.47984204173318085,0.21800022321719426,0.0
2018-10-09 07:00:00,0.981089337265665,0.8385657463301652,0.28412693288803487,0.20610224308739244,0.0
2018-10-09 08:00:00,0.981089337265665,0.9785379269967656,0.43930230463363645,0.215337278535189,0.012635396012151264
2018-10-09 09:00:00,0.8058195742534732,0.9422596557046747,0.7882196935623785,0.32784536721053037,0.06740630681204517
2018-10-09 10:00:00,0.6393930194341771,0.9785379269967656,0.7522161538465575,0.182334164332377,0.0
2018-10-09 11:00:00,0.6815976299152171,0.9097536527404043,0.8603368269789625,0.37272197908677995,0.0
2018-10-09 12:00:00,0.981089337265665,0.9634069671432907,0.6800257735420935,0.21690089255424758,0.0
2018-10-09 13:00:00,0.981089337265665,0.7284761442581077,0.5160298983954436,0.2831267875482645,0.01473528849486956
2018-10-09 14:00:00,0.981089337265665,0.9785379269967656,0.7714098119093562,0.4031339715170877,0.000561587653607118
2018-10-09 15:00:00,0.981089337265665,0.788037898198778,0.8441556491938103,0.5173413652259106,0.045786227103162734
2018-10-09 16:00:00,0.981089337265665,0.44063156634779826,0.705942644117948,0.5865119717736123,0.04262421076031148
2018-10-09 17:00:00,0.8183506639045485,0.4146859077422517,0.5723277243537209,0.6363727742568023,0.011447729395591168
2018-10-09 18:00:00,0.553426108088964,0.3819889850270234,0.9025711457578963,0.6171314271712762,0.08436344486187429
2018-10-09 19:00:00,0.6502348473907682,0.48317205808832564,0.9190571115546811,0.4531871660845633,0.07642077702348209
2018-10-09 20:00:00,0.809164130684443,0.4751032177867083,0.696064634119054,0.3078598911077319,0.13174155926624795
2018-10-09 21:00:00,0.981089337265665,0.7181079564004247,0.911379491857266,0.2559440669643987,0.04647023980333504
2018-10-09 22:00:00,0.7991269662115015,0.8105539100063771,0.9834636537614106,0.2996838841220248,0.02396109506281158
2018-10-09 23:00:00,0.6146603875322155,0.465943010238381,0.9583665456130452,0.40654365111828633,0.0733587887080067
2018-10-10 00:00:00,0.693347036427637,0.5826803389769769,0.8312104896992396,0.5373274375350381,0.046693539582751464
2018-10-10 01:00:00,0.4391464934346348,0.40157535668621336,0.6964817450915007,0.5917974552202226,0.07773602517090249
2018-10-10 02:00:00,0.303917135417224,0.35365859705683134,0.673399178178703,0.47371777688044087,0.16047147704720932
2018-10-10 03:00:00,0.2327639314753525,0.22144473413387192,0.8581179864341545,0.5304970072330022,0.15618386622634253
2018-10-10 04:00:00,0.23099305944908366,0.16427046772505274,0.9834636537614106,0.46727150780935856,0.1624740938540177
2018-10-10 05:00:00,0.47303351990463877,0.10374539196445848,0.560015199657398,0.3076677253528679,0.1815772483861824
2018-10-10 06:00:00,0.5545022087374758,0.04546215916916922,0.44511954490188604,0.1648855398417339,0.2270800409586499
2018-10-10 07:00:00,0.26808236786642237,0.14980740635355957,0.5606073611419619,0.043353314269947096,0.10741961089349676
2018-10-10 08:00:00,0.11043637647350332,0.20311827623968215,0.7573440021414429,0.08990935986553214,0.11811453588629983
2018-10-10 09:00:00,0.05137900268607258,0.08907384059268975,0.6100403080300856,0.13372833092176628,0.08214251795931976
2018-10-10 10:00:00,0.003037708330312775,0.07072779655221609,0.3430022371726061,0.019844158269039305,0.11241057589013813
2018-10-10 11:00:00,0.0,0.0,0.26641122232373,0.027017727162411628,0.06578337113938643
2018-10-10 12:00:00,0.0,0.027697251367910132,0.33106550647011984,0.0213665735601263,0.08202991940263056
2018-10-10 13:00:00,0.0,0.0948656439445081,0.3043572681249118,0.021694807807274362,0.050085750937967737
2018-10-10 14:00:00,0.0,0.11085820657911821,0.14830435084256144,0.011081580730837532,0.0
2018-10-10 15:00:00,0.0015945698955757127,0.1377846827977585,0.1672176554859358,0.0,0.009038451088866513
2018-10-10 16:00:00,0.08611841922077342,0.20613184383719435,0.07802553039299354,0.0,0.04232688112229603
2018-10-10 17:00:00,0.1646845410484309,0.08921599428042057,0.35517512039315263,0.0,0.05911602801044149
2018-10-10 18:00:00,0.24797132106233347,0.11415023712317808,0.18816931141896118,0.0,0.08282247732211875
2018-10-10 19:00:00,0.32093765327448925,0.11635328726275174,0.0416816750488302,0.030386152676446378,0.11140298205994739
2018-10-10 20:00:00,0.32462757777032536,0.04097197805355182,0.018461938690054754,0.0,0.07205924862763301
2018-10-10 21:00:00,0.33832507353946584,0.02012050576939149,0.0,0.005411804831004334,0.09905289816154411
2018-10-10 22:00:00,0.4425923556185474,0.0,0.0,0.02929638875536416,0.351503494752042
2018-10-10 23:00:00,0.1597030786051414,0.0,0.0,0.0657503864068598,0.24123633444453976
2018-10-11 00:00:00,0.12068625325867513,0.0,0.0,0.09458130859577153,0.17879007089369678
2018-10-11 01:00:00,0.08405839367433546,0.026867549570226225,0.0,0.12719803148393985,0.14990382645401115
2018-10-11 02:00:00,0.0557180230563826,0.04517405607662147,0.0,0.12568159223524797,0.10564500714134198
2018-10-11 03:00:00,0.06555998745242926,0.06133185047563768,0.0,0.08409015437461993,0.09497799267132037
2018-10-11 04:00:00,0.10376175914250901,0.13336323717613935,0.0,0.05130358847761642,0.1316493942936867
2018-10-11 05:00:00,0.10329036995881412,0.19444339886348574,0.02938263422966375,0.10696385614009646,0.08532488646124277
2018-10-11 06:00:00,0.17340421831519598,0.23758721637429212,0.025158523114579112,0.1083361179908271,0.0597232009195783
2018-10-11 07:00:00,0.3128874211946168,0.3608005692136531,0.022875877548292012,0.1353254270611321,0.05171237140249457
2018-10-11 08:00:00,0.3099054706411934,0.40600773940733276,0.017605797404476625,0.1901659324435769,0.05309937237219221
2018-10-11 09:00:00,0.3570344230423785,0.25466658187217406,0.029559452790046226,0.2808268847742987,0.018433743603953324
2018-10-11 10:00:00,0.48584806129641234,0.3449501076857118,0.11881919189774932,0.14359112681400826,0.0
2018-10-11 11:00:00,0.6573744801136062,0.36500691561345944,0.10800244910653763,0.046974659251626354,0.0
2018-10-11 12:00:00,0.675178086418501,0.32476320383497065,0.27854815708388314,0.02637614451772182,0.0
2018-10-11 13:00:00,0.8247290026252772,0.20258814449768278,0.4739175452422424,0.007184911879044168,0.0
2018-10-11 14:00:00,0.9271623582704717,0.3483753659888307,0.3256993755678402,0.02684754084768157,0.0
2018-10-11 15:00:00,0.9742456857477092,0.47005170759763065,0.18102771723306554,0.124313692669469,0.06327926916631729
2018-10-11 16:00:00,0.8559779792567691,0.042984681202144014,0.14015588653832886,0.09287135946141416,0.021346021838634904
2018-10-11 17:00:00,0.9471439088778457,0.024916887885033195,0.13950057884401013,0.17095195449934486,0.0
2018-10-11 18:00:00,0.7586343915787986,0.0,0.3519625802914634,0.10986665927703215,0.0
2018-10-11 19:00:00,0.8687993832714992,0.0,0.258248422952013,0.09926925127025918,0.003783045457031517
2018-10-11 20:00:00,0.981089337265665,0.0,0.20412363886227414,0.13254824706893323,0.0
2018-10-11 21:00:00,0.9374189650574626,0.01776085176727134,0.08783250512209673,0.27047091138194573,0.008145017477296988
2018-10-11 22:00:00,0.8273610378880695,0.0,0.12551156831349136,0.7323239815202223,0.04188322882556229
2018-10-11 23:00:00,0.5376593104203473,0.0,0.027426203304427303,0.43251221102063586,0.011323646065351306
2018-10-12 00:00:00,0.14566836681846065,0.0,0.09517333177490568,0.37639389035409554,0.0
2018-10-12 01:00:00,0.2656153271117593,0.0,0.056228025521562294,0.6906361788673303,0.0
2018-10-12 02:00:00,0.37994204316518737,0.023804892823260825,0.12689413938891597,0.5470732531867388,0.0
2018-10-12 03:00:00,0.4518665549551857,0.13395127566138595,0.4537854348090265,1.0,0.0
2018-10-12 04:00:00,0.5410313038262575,0.4952301745867349,0.6209296921636964,1.0,0.0
2018-10-12 05:00:00,0.8227333228302651,0.15229932041651928,0.8798338917072126,0.7073222391925639,0.0
2018-10-12 06:00:00,0.7563064065139952,0.19581203207031145,0.9834636537614106,0.36920324112016606,0.0
2018-10-12 07:00:00,0.40832825296890696,0.6107797197906504,0.9834636537614106,0.17794414204013392,0.0
2018-10-12 08:00:00,0.2754800412555181,0.9699671004109306,0.6185628567185726,0.28943982960413167,0.03014028989607312
2018-10-12 09:00:00,0.32698304208809187,0.24216061692630958,0.41774176906499416,0.29363460606087255,0.015892098731886038
2018-10-12 10:00:00,0.3275073916929158,0.060690931519562764,0.2673633385453338,0.38204111333459007,0.0
2018-10-12 11:00:00,0.22135234518985836,0.0,0.2665631613985764,0.7539879570087409,0.0
2018-10-12 12:00:00,0.10063597706467842,0.0,0.2727963784708931,0.9680262392414307,0.08080018261453212
2018-10-12 13:00:00,0.029392819254385773,0.060301052381172664,0.26696641257499426,0.7000330028013318,0.0931994894242218
2018-10-12 14:00:00,0.0,0.08031179077280913,0.16817800591648882,0.18357704917369314,0.1565178700350195
2018-10-12 15:00:00,0.0,0.11471933808731635,0.10191501412179352,0.1643974618771339,0.1396257946503121
2018-10-12 16:00:00,0.0,0.16370549903696616,0.07634675434915954,0.10215613049609625,0.22148941601405692
2018-10-12 17:00:00,0.0720093286963136,0.1174117876353139,0.04614816694610695,0.22511022680624818,0.2494317994697735
2018-10-12 18:00:00,0.27138304788979956,0.15064801116799162,0.16427260504227323,0.3374764154817708,0.2801892601369625
2018-10-12 19:00:00,0.8248939268348481,0.25457160020088987,0.458921079095041,0.4420157491693346,0.10540660477260191
2018-10-12 20:00:00,0.981089337265665,0.7659449070812041,0.9834636537614106,0.2772363472045107,0.14535689291459958
2018-10-12 21:00:00,0.981089337265665,0.840994547238561,0.9834636537614106,0.17950213100313184,0.0
2018-10-12 22:00:00,0.981089337265665,0.49934942558020545,0.9834636537614106,0.1387488511591792,0.047122344275096456
2018-10-12 23:00:00,0.981089337265665,0.21394496084939035,0.9834636537614106,0.16070502223112215,0.10867311338483994
2018-10-13 00:00:00,0.981089337265665,0.004554146545036116,0.9834636537614106,0.3228521498318352,0.07842879049006712
2018-10-13 01:00:00,0.981089337265665,0.0,0.9834636537614106,0.33898931881107813,0.03197037207047017
2018-10-13 02:00:00,0.981089337265665,0.0,0.9834636537614106,0.7787877840503107,0.09457776534258257
2018-10-13 03:00:00,0.981089337265665,0.025114569164105115,0.6586250773115665,1.0,0.0696718443366663
2018-10-13 04:00:00,0.981089337265665,0.2625097387565013,0.2202665568333391,1.0,0.0
2018-10-13 05:00:00,0.981089337265665,0.9050495592964725,0.13248764271688088,0.3271239276279503,0.0
2018-10-13 06:00:00,0.981089337265665,0.8159755379652116,0.07482014636908557,0.4541076962112743,0.0
2018-10-13 07:00:00,0.8710608877740239,0.42921094029451395,0.04861161835697693,0.24412818944701561,0.0
2018-10-13 08:00:00,0.7699816932098694,0.39297399688141466,0.32316337781635,0.2372152611531379,0.0244577273763332
2018-10-13 09:00:00,0.7782668126101777,0.3522254354181801,0.23631978443833365,0.48569894958110443,0.0
2018-10-13 10:00:00,0.655449223481556,0.29498232719183076,0.11851413679848627,0.6998215258461791,0.0
2018-10-13 11:00:00,0.2127606639377755,0.5928201309764346,0.09649155162410263,0.38420207512198074,0.03141676213005836
2018-10-13 12:00:00,0.056856037596733425,0.30407023539096406,0.2949904971549086,0.10276035355706943,0.04563719238011183
2018-10-13 13:00:00,0.0014257992086095935,0.17759766611759295,0.241231096693333,0.05885853902129971,0.06059685204552083
2018-10-13 14:00:00,0.0,0.08101356657944869,0.20483486560542333,0.1415962627798157,0.0345197699588511
2018-10-13 15:00:00,0.0,0.10752573613732598,0.3044531693754149,0.24429696897035355,0.11699644144698138
2018-10-13 16:00:00,0.0,0.14218296114093368,0.44635504483616195,0.6166291057889054,0.44329484586948054
2018-10-13 17:00:00,0.024927478820662857,0.5089881041119622,0.5253050996710317,1.0,0.6351609299001791
2018-10-13 18:00:00,0.28371970210456904,0.33447191687671673,0.9834636537614106,1.0,0.18630391561757464
2018-10-13 19:00:00,0.6970532324510271,0.5708889230764275,0.9834636537614106,1.0,0.07663363865715377
2018-10-13 20:00:00,0.981089337265665,0.5865853383724041,0.9834636537614106,1.0,0.03887569682606339
2018-10-13 21:00:00,0.6374022554247816,0.31724583770480846,0.9834636537614106,1.0,0.0
2018-10-13 22:00:00,0.4144546448739662,0.9286077409835471,0.9834636537614106,1.0,0.04536300663548092
2018-10-13 23:00:00,0.09725980305630584,0.9785379269967656,0.9834636537614106,1.0,0.9495255609856614
2018-10-14 00:00:00,0.0,0.9785379269967656,0.9834636537614106,1.0,0.9495255609856614
2018-10-14 01:00:00,0.1862232135496667,0.9785379269967656,0.9834636537614106,1.0,0.9495255609856614
2018-10-14 02:00:00,0.981089337265665,0.9785379269967656,0.9834636537614106,0.7403287305327424,0.46732820738858
2018-10-14 03:00:00,0.981089337265665,0.9785379269967656,0.9834636537614106,0.8581776472129178,0.3532237922611394
2018-10-14 04:00:00,0.981089337265665,0.9785379269967656,0.9834636537614106,1.0,0.40714764283058913
2018-10-14 05:00:00,0.981089337265665,0.9785379269967656,0.9834636537614106,0.7528910800113222,0.11188979491914758
2018-10-14 06:00:00,0.981089337265665,0.9785379269967656,0.9834636537614106,0.5194023250233951,0.06706381696632342
2018-10-14 07:00:00,0.981089337265665,0.9785379269967656,0.9834636537614106,0.6698536666744436,0.0
2018-10-14 08:00:00,0.981089337265665,0.9785379269967656,0.7712978064047541,0.6134964363990891,0.028205377865369932
2018-10-14 09:00:00,0.981089337265665,0.9785379269967656,0.663261091381555,0.4824035628704578,0.2083892459931228
2018-10-14 10:00:00,0.981089337265665,0.9785379269967656,0.7611269899493007,0.5941385774981274,0.231423487361565
2018-10-14 11:00:00,0.981089337265665,0.9785379269967656,0.5474864828033147,0.4610823758688729,0.23974575227917444
2018-10-14 12:00:00,0.9024789668444653,0.9785379269967656,0.3156358650804565,0.5770421369445645,0.38281246471470587
2018-10-14 13:00:00,0.9319739134278008,0.9785379269967656,0.17361408155794578,0.7603896995774336,0.2602979977343865
2018-10-14 14:00:00,0.981089337265665,0.9785379269967656,0.16818294567798947,0.6948984019691202,0.496948033217631
2018-10-14 15:00:00,0.981089337265665,0.8306095384146085,0.20135333226534427,0.46655507125759244,0.1475694495150183
2018-10-14 16:00:00,0.981089337265665,0.511840739621688,0.16619262075073057,0.3468380496795594,0.18030914606663118
2018-10-14 17:00:00,0.981089337265665,0.30712416750671007,0.3281253939316377,0.5090950339712405,0.07809265841663976
2018-10-14 18:00:00,0.981089337265665,0.24697826163997058,0.609052504777643,0.3861382769051797,0.0715728748839312
2018-10-14 19:00:00,0.981089337265665,0.2897750657952571,0.46113714139083384,0.2663708145046748,0.0
2018-10-14 20:00:00,0.6054508334770187,0.08909698261703766,0.19942912699077173,0.5498981936687031,0.0
2018-10-14 21:00:00,0.5375008697136215,0.13426305837009736,0.1650454843414131,0.5327565075366665,0.0
2018-10-14 22:00:00,0.6084078725247357,0.11476943695753636,0.2242627512148774,0.41877938672665,0.0
2018-10-14 23:00:00,0.6029036856651422,0.11454256673831922,0.29826996376615145,0.8098514884114871,0.0
2018-10-15 00:00:00,0.9173885121901835,0.21919249434834526,0.7879963611234649,0.7801751191252193,0.0
2018-10-15 01:00:00,0.6918411378844217,0.1883899399286896,0.9834636537614106,0.6171097691495753,0.0
2018-10-15 02:00:00,0.5231861826602647,0.2934973208427676,0.9834636537614106,0.4373210328795737,0.08229222317194586
2018-10-15 03:00:00,0.4019532034296158,0.34417098289339243,0.9834636537614106,0.34795713676501666,0.040685228604005495
2018-10-15 04:00:00,0.44663818429250357,0.4839991067243118,0.9834636537614106,0.8250073884056588,0.020991428217781417
2018-10-15 05:00:00,0.39671067111895975,0.46243085774090087,0.9632372197990466,1.0,0.020185178826688212
2018-10-15 06:00:00,0.4617097637517506,0.5686823401835417,0.9828525604208147,1.0,0.026153961543562587
2018-10-15 07:00:00,0.4493132960492227,0.5350549911357081,0.9385285122937452,1.0,0.021692552607699995
2018-10-15 08:00:00,0.4162454112159528,0.3656478939330624,0.6429769526242263,1.0,0.0
2018-10-15 09:00:00,0.26306004624153895,0.16051677498193842,0.3864427390886613,0.8196470144145154,0.0
2018-10-15 10:00:00,0.2007206509151619,0.11107878730473546,0.3600851096191074,0.39143978821758313,0.0
2018-10-15 11:00:00,0.16661267206859148,0.047629983680290484,0.27603437897897826,0.2434784029620356,0.0
2018-10-15 12:00:00,0.13511930302978334,0.045047717728276336,0.2243486831471832,0.17941365259604486,0.0
2018-10-15 13:00:00,0.05070287142436243,0.12027698821984757,0.21489955155114746,0.13515988435591964,0.0
2018-10-15 14:00:00,0.045800694885116386,0.030321249511679863,0.1249422570916081,0.1567835374739224,0.0
2018-10-15 15:00:00,0.008926781708547275,0.03129008131687623,0.09372221066509508,0.17518612701956834,0.0
2018-10-15 16:00:00,0.0,0.0476932483122866,0.16810556618868505,0.15437702536334622,0.0
2018-10-15 17:00:00,0.0,0.0625810893348854,0.22598259709668997,0.11189998052536956,0.0
2018-10-15 18:00:00,0.0,0.04286136810860602,0.27799694979924294,0.1212359016038239,0.0
2018-10-15 19:00:00,0.0,0.0,0.20343920138084598,0.3291240766953715,0.0
2018-10-15 20:00:00,0.0,0.0,0.38633516088933156,1.0,0.0
2018-10-15 21:00:00,0.0983691420456675,0.03597850771774745,0.6724040979219476,1.0,0.0
2018-10-15 22:00:00,0.20638673847138836,0.23471400620640442,0.9834636537614106,0.5521304904791552,0.0
2018-10-15 23:00:00,0.28133888441812893,0.18973235787344675,0.9834636537614106,0.39629119739425706,0.027639012966165163
2018-10-16 00:00:00,0.32771845470056554,0.40747815079855704,0.9834636537614106,0.7119533974164672,0.03210969692979305
2018-10-16 01:00:00,0.3248479076413347,0.3912551371970879,0.9834636537614106,1.0,0.05162180275057016
2018-10-16 02:00:00,0.8495117120573781,0.4077144188326837,0.9834636537614106,1.0,0.04559519964266451
2018-10-16 03:00:00,0.981089337265665,0.32090693777418305,0.9834636537614106,1.0,0.07907243364565014
2018-10-16 04:00:00,0.981089337265665,0.23649043556827318,0.9834636537614106,1.0,0.07673633612657103
2018-10-16 05:00:00,0.981089337265665,0.1433304835099758,0.9834636537614106,1.0,0.06692913237515799
2018-10-16 06:00:00,0.981089337265665,0.15354223749034046,0.9374755902582204,1.0,0.07828895730436554
2018-10-16 07:00:00,0.9775751382917999,0.19891592136484365,0.8837286941418493,1.0,0.07362014998529869
2018-10-16 08:00:00,0.6740110496609003,0.23381954470573932,0.6378760383361521,1.0,0.06966530425014195
2018-10-16 09:00:00,0.2685762674992489,0.27145488015507896,0.39519022448854607,0.8159249064824414,0.04547418727456926
2018-10-16 10:00:00,0.15341591992491366,0.4001198376632636,0.286229767882722,0.6826421890160695,0.015347718937055995
2018-10-16 11:00:00,0.20433366212742549,0.42768594056372944,0.22039803212347056,0.5259418877009949,0.0
2018-10-16 12:00:00,0.29778758065322786,0.36775752883998203,0.2610658531506381,0.25095905575642463,0.0
2018-10-16 13:00:00,0.2044798686298989,0.23768491200370004,0.25727173327198083,0.1740498065349695,0.0
2018-10-16 14:00:00,0.1400019504460773,0.27477613450562605,0.29581243108366484,0.14401650438473043,0.0
2018-10-16 15:00:00,0.08085191366155248,0.26142872895469677,0.35456289867985824,0.13639112936616868,0.0
2018-10-16 16:00:00,0.12063122199076208,0.2424559722574047,0.28518299010905407,0.03841575579367971,0.0
2018-10-16 17:00:00,0.1674115303106081,0.12423672606140004,0.0919999457656638,0.02322264896123291,0.0
2018-10-16 18:00:00,0.07271426699342651,0.11721678852560428,0.061879877864617974,0.0,0.0
2018-10-16 19:00:00,0.10217457386790699,0.05671799140673743,0.0,0.0,0.013058090829845518
2018-10-16 20:00:00,0.08782477476849102,0.4050296854760453,0.28407128941608156,0.0,0.0
2018-10-16 21:00:00,0.017643154612831242,0.37610658321764856,0.4722219311220126,0.0,0.06394154981208607
2018-10-16 22:00:00,0.07953569889967455,0.31568689687484036,0.6679966050693167,0.019595922175641874,0.07945772120135737
2018-10-16 23:00:00,0.07533484214957387,0.23314109680361886,0.5893389077528186,0.0,0.06374071499591695
2018-10-17 00:00:00,0.2137877357814996,0.22298733922914804,0.365851024149448,0.0,0.045294299040959385
2018-10-17 01:00:00,0.09664134640310111,0.1309334802901057,0.18167801573301734,0.0,0.06696923264728381
2018-10-17 02:00:00,0.05090061080307968,0.0538037375495071,0.07089483504752025,0.0,0.044780131518126244
2018-10-17 03:00:00,0.17862836237058105,0.0,0.09893566344190827,0.0,0.11130656469153648
2018-10-17 04:00:00,0.10935729533557843,0.0,0.17931201330213303,0.0,0.09364510393398887
2018-10-17 05:00:00,0.12020544285961661,0.0,0.14071377571472554,0.0,0.047175476303664865
2018-10-17 06:00:00,0.03233781707895404,0.0,0.07623135955200366,0.013681528267819047,0.09810655398454363
2018-10-17 07:00:00,0.008419105426717461,0.0,0.06749702042714859,0.057171651313187036,0.08129305227262505
2018-10-17 08:00:00,0.020711503711627333,0.0,0.0,0.1729923313093412,0.0
2018-10-17 09:00:00,0.0,0.0,0.0,0.08781176415955119,0.0
2018-10-17 10:00:00,0.0,0.027228808928923844,0.0,0.16318346842742867,0.0
2018-10-17 11:00:00,0.07010479388130818,0.07766348971115904,0.0,0.24572711237636893,0.04015578913401094
2018-10-17 12:00:00,0.13101770097464382,0.18571362754416235,0.0,0.2453371085940816,0.11341291944976614
2018-10-17 13:00:00,0.11851012514803942,0.2912254884597665,0.03987902205497202,0.280077913982959,0.22574018012631472
2018-10-17 14:00:00,0.19235943997431826,0.5618639828852543,0.05214769401498565,0.2882692346796642,0.6303948979668285
2018-10-17 15:00:00,0.35540545790249467,0.6673964768791749,0.10852892375798374,0.2713208981616972,0.702596610356254
2018-10-17 16:00:00,0.40242188895714887,0.5530399050576593,0.1655557389746341,0.2505325081497688,0.4650329858648061
2018-10-17 17:00:00,0.21070781214676967,0.456600611450211,0.17057092268321408,0.33251986183644977,0.647128170922506
2018-10-17 18:00:00,0.1711282390044859,0.47436110223681915,0.11471058582595815,0.35567057375041733,0.5267339778254722
2018-10-17 19:00:00,0.2868522935405297,0.4459586000980033,0.4550362380769683,1.0,0.2247821298860657
2018-10-17 20:00:00,0.612863416990899,0.5118658396304886,0.8198877717885524,1.0,0.23136746323833488
2018-10-17 21:00:00,0.7077181220534035,0.47524830691279907,0.9699758427817542,1.0,0.3953383010636098
2018-10-17 22:00:00,0.6125264863393479,0.42400179383774117,0.9834636537614106,1.0,0.5959158755392283
2018-10-17 23:00:00,0.981089337265665,0.5765960971404649,0.9834636537614106,1.0,0.4961511052503298
2018-10-18 00:00:00,0.981089337265665,0.4380667322984387,0.9834636537614106,1.0,0.34816223538996793
2018-10-18 01:00:00,0.981089337265665,0.46272278729569816,0.9834636537614106,1.0,0.025461128215980802
2018-10-18 02:00:00,0.981089337265665,0.40257832672317395,0.9834636537614106,1.0,0.001983949123364722
2018-10-18 03:00:00,0.981089337265665,0.3329230907891539,0.9834636537614106,1.0,0.0
2018-10-18 04:00:00,0.981089337265665,0.6301744390869188,0.9834636537614106,1.0,0.0
2018-10-18 05:00:00,0.9466206521982486,0.8695263055846925,0.9834636537614106,1.0,0.0
2018-10-18 06:00:00,0.9430198578928185,0.7888156838674674,0.9834636537614106,1.0,0.0
2018-10-18 07:00:00,0.981089337265665,0.6049023108670045,0.9834636537614106,1.0,0.0
2018-10-18 08:00:00,0.981089337265665,0.3479069490663035,0.9834636537614106,0.7607167649120771,0.0
2018-10-18 09:00:00,0.8936439799921139,0.4363942482461699,0.9834636537614106,0.3830844722627631,0.0
2018-10-18 10:00:00,0.8455762596657938,0.6331067757545852,0.9834636537614106,0.26828772404508483,0.0
2018-10-18 11:00:00,0.981089337265665,0.8258636009383565,0.9834636537614106,0.0,0.0
2018-10-18 12:00:00,0.981089337265665,0.9043789218798737,0.9834636537614106,0.0,0.0
2018-10-18 13:00:00,0.981089337265665,0.9743625432678907,0.9834636537614106,0.0,0.06990665813921967
2018-10-18 14:00:00,0.981089337265665,0.8142676193899714,0.9834636537614106,0.0,0.21214093839442286
2018-10-18 15:00:00,0.981089337265665,0.6522245929470547,0.9834636537614106,0.0,0.2961073575772356
2018-10-18 16:00:00,0.981089337265665,0.9785379269967656,0.9834636537614106,0.03860256349076235,0.4853958505457847
2018-10-18 17:00:00,0.981089337265665,0.9119269300821622,0.9834636537614106,0.05988246269808996,0.3181451612982191
2018-10-18 18:00:00,0.981089337265665,0.9406096492225186,0.9834636537614106,0.0,0.16431946545240778
2018-10-18 19:00:00,0.981089337265665,0.24801206092137812,0.6044436239015245,0.29362905261936756,0.1496636095798535
2018-10-18 20:00:00,0.981089337265665,0.07393944187055136,0.3754918106403244,0.11120772294967927,0.0
2018-10-18 21:00:00,0.9527071286523704,0.0199899901530462,0.2441088443208467,0.0,0.04785839985458885
2018-10-18 22:00:00,0.8981430441199587,0.0,0.35233186638837266,0.9170838818363262,0.07980377019678041
2018-10-18 23:00:00,0.841413044107759,0.07033157140134227,0.48966926291462054,1.0,0.20169538273752227
2018-10-19 00:00:00,0.8515053564708674,0.5249164933316611,0.3096529114372195,1.0,0.11976281644374806
2018-10-19 01:00:00,0.7971444200107035,0.8429103473724034,0.3627486170766504,1.0,0.03774154072475441
2018-10-19 02:00:00,0.5322312153697377,0.9785379269967656,0.5460497795684539,0.9899657724842427,0.299157988730574
2018-10-19 03:00:00,0.981089337265665,0.9785379269967656,0.9834636537614106,1.0,0.48522049777799225
2018-10-19 04:00:00,0.981089337265665,0.9170562763056709,0.9834636537614106,1.0,0.4345667506486424
2018-10-19 05:00:00,0.981089337265665,0.657195659515339,0.9834636537614106,1.0,0.42789836602014103
2018-10-19 06:00:00,0.981089337265665,0.9785379269967656,0.9834636537614106,1.0,0.5733828580484759
2018-10-19 07:00:00,0.981089337265665,0.9785379269967656,0.9834636537614106,1.0,0.6142757647026597
2018-10-19 08:00:00,0.6800143363485318,0.7026137636654473,0.9834636537614106,1.0,0.5035439516971564
2018-10-19 09:00:00,0.8933532982700743,0.9675291160737457,0.9834636537614106,1.0,0.2928272746568644
2018-10-19 10:00:00,0.7771741643532497,0.9785379269967656,0.9834636537614106,1.0,0.07031088026002831
2018-10-19 11:00:00,0.7634162939222133,0.9785379269967656,0.9834636537614106,1.0,0.21025237791407342
2018-10-19 12:00:00,0.6656312217369782,0.9494518058001679,0.9834636537614106,0.9997574787565217,0.06484223404244263
2018-10-19 13:00:00,0.6621919021536363,0.7213022285706486,0.9834636537614106,0.8231373266857025,0.22169805526262792
2018-10-19 14:00:00,0.6539630167396527,0.4639063556755614,0.886440081012145,0.5266414441224362,0.44453028165949904
2018-10-19 15:00:00,0.5447408782023908,0.5793684264133764,0.6856699591641864,0.3591335901671453,0.22061350706721994
2018-10-19 16:00:00,0.304974400626728,0.5112850539217212,0.48672001537751375,0.29361228072481343,0.12394067558183239
2018-10-19 17:00:00,0.3741449841264126,0.44405985723876756,0.32989725968358724,0.17235187883091005,0.028542764954828576
2018-10-19 18:00:00,0.5039893631850605,0.24589033703583385,0.14804432128611325,0.1777514941267564,0.1391249210282527
2018-10-19 19:00:00,0.7198507165691872,0.08733462208465002,0.09202588255644482,0.05845164897579062,0.07345485468526082
2018-10-19 20:00:00,0.9503083640370851,0.07434417212537796,0.07210782327069687,0.03508630032351149,0.06743176544442031
2018-10-19 21:00:00,0.981089337265665,0.0,0.0,0.0,0.03168955737101418
2018-10-19 22:00:00,0.9384900762584674,0.03274126229944741,0.0,0.0,0.0
2018-10-19 23:00:00,0.667515917035399,0.0,0.04641635505498451,0.0,0.0
2018-10-20 00:00:00,0.34463334507752985,0.0,0.11777135850108572,0.0,0.0
2018-10-20 01:00:00,0.13785608976134384,0.0,0.24824072496861235,0.029032123704700995,0.0
2018-10-20 02:00:00,0.02423310442915225,0.08696159014521831,0.5744476649664026,0.06556694151299836,0.007823744099788177
2018-10-20 03:00:00,0.0,0.2604596768538178,0.7928017215920272,0.10934011463394994,0.06639294044846358
2018-10-20 04:00:00,0.0,0.33947059087731507,0.9834636537614106,0.17633647145062575,0.08242453944599805
2018-10-20 05:00:00,0.1238345560246921,0.267763614237659,0.6769764368907324,0.36722175369514626,0.041767275713129756
2018-10-20 06:00:00,0.22747602610815124,0.223465457961747,0.45422565223184314,0.3601499579234883,0.0657019037783516
2018-10-20 07:00:00,0.31531234212214965,0.1046179997782539,0.23251758936516548,0.212664752679926,0.06362498094746712
2018-10-20 08:00:00,0.11306524083857555,0.09736663780193745,0.02913195883600709,0.09521127728532723,0.04022653271588117
2018-10-20 09:00:00,0.0,0.0,0.0,0.0,0.0
2018-10-20 10:00:00,0.0,0.025933847413920227,0.0,0.0,0.0
2018-10-20 11:00:00,0.0,0.02698445564855203,0.0,0.0,0.0
2018-10-20 12:00:00,0.0,0.029243583768930496,0.0,0.0,0.0
2018-10-20 13:00:00,0.0,0.03484567633213271,0.007173646982052474,0.0,0.0
2018-10-20 14:00:00,0.0,0.02152648152893387,0.013438858791744635,0.0,0.023880097330741444
2018-10-20 15:00:00,0.02338859059047017,0.024964195565526252,0.028786687214004753,0.030492528333448485,0.06276462346589792
2018-10-20 16:00:00,0.09151678580060538,0.07158222588099493,0.08773668380891123,0.07360381954646636,0.1305317816919468
2018-10-20 17:00:00,0.21450699268530385,0.1183946877779292,0.23188832378120228,0.20801657320235797,0.1549016040767222
2018-10-20 18:00:00,0.474959677287073,0.13781248342171967,0.5767222490791982,0.254318406475515,0.18880781533035007
2018-10-20 19:00:00,0.832830068119802,0.39258542777850475,0.9834636537614106,0.3966421827890854,0.36684665075227063
2018-10-20 20:00:00,0.981089337265665,0.9785379269967656,0.9834636537614106,0.7654554322313402,0.0
2018-10-20 21:00:00,0.981089337265665,0.9785379269967656,0.9446813570258323,1.0,0.0
2018-10-20 22:00:00,0.981089337265665,0.8049228079541464,0.9834636537614106,1.0,0.015085963706965796
2018-10-20 23:00:00,0.981089337265665,0.6810695443429677,0.8386093983491971,1.0,0.13655568658918624
2018-10-21 00:00:00,0.981089337265665,0.5869885605855346,0.7614064052660684,0.6288558233941833,0.11479684746587114
2018-10-21 01:00:00,0.981089337265665,0.11418428466874588,0.8178735078366883,0.13229421953526335,0.08584484299491234
2018-10-21 02:00:00,0.981089337265665,0.022863663672566533,0.9834636537614106,0.16293826766723415,0.027380936300190072
2018-10-21 03:00:00,0.981089337265665,0.0,0.9834636537614106,0.2035078158024481,0.0
2018-10-21 04:00:00,0.981089337265665,0.0,0.9834636537614106,0.5700225905907272,0.023876127813359536
2018-10-21 05:00:00,0.981089337265665,0.0,0.5759606218004559,1.0,0.18896327192561715
2018-10-21 06:00:00,0.981089337265665,0.032382837688766736,0.9421827939365685,1.0,0.10518639240586386
2018-10-21 07:00:00,0.981089337265665,0.028239931997122436,0.8889144043634196,1.0,0.05867313444179564
2018-10-21 08:00:00,0.981089337265665,0.14737828682837123,0.16283033104378097,0.881574286072591,0.054737276068718546
2018-10-21 09:00:00,0.9776585782729498,0.24952771628111298,0.017668600868798484,0.45105816027638584,0.04117624666317405
2018-10-21 10:00:00,0.9679011121636514,0.20248635717200975,0.022110736661827838,0.1899147576260131,0.0
2018-10-21 11:00:00,0.6914454268739599,0.1804834750236918,0.03639153961165979,0.11313857605376362,0.02335328992669584
2018-10-21 12:00:00,0.37818496450980016,0.19399846983684155,0.022470074474401452,0.06811735845891448,0.03963925186577758
2018-10-21 13:00:00,0.37012249485125887,0.16605343029483569,0.0,0.043352875447183095,0.023281121179305395
2018-10-21 14:00:00,0.10681417719503222,0.17489565670248802,0.012544250322144032,0.06173644136141018,0.0608944332600997
2018-10-21 15:00:00,0.08835068343466605,0.1016632069556465,0.019848299743037055,0.03172742660606344,0.0608944332600997
2018-10-21 16:00:00,0.36270254364572835,0.0752253915507112,0.05269044910315614,0.0,0.08184946909741965
2018-10-21 17:00:00,0.47619735374754796,0.04065948271284696,0.15282106554264036,0.23939940845398425,0.018652978744241006
2018-10-21 18:00:00,0.7460478702545095,0.04516674320394822,0.27158732000689717,0.2212455577125113,0.0
2018-10-21 19:00:00,0.7895421229220981,0.0,0.11275409092174372,0.22706679387926967,0.0
2018-10-21 20:00:00,0.8238681719069652,0.13967378384583112,0.0,0.15024003231641012,0.0
2018-10-21 21:00:00,0.5195037513068813,0.033688549226550527,0.0881341340039382,0.43928847276804867,0.01975643548175888
2018-10-21 22:00:00,0.5465714573860345,0.0,0.15487920665010732,0.35547255968853575,0.17160379759345792
2018-10-21 23:00:00,0.36475024459930816,0.030037339513023904,0.06557575066974486,0.38414122698212244,0.20662833586793378
2018-10-22 00:00:00,0.20579070451329956,0.08331939092556108,0.19280801529762012,0.3114410750056565,0.21214448248512893
2018-10-22 01:00:00,0.02268682603857664,0.09146058797996501,0.27763790360471685,0.07764167111251326,0.1904782414523811
2018-10-22 02:00:00,0.04928518183125753,0.08115232364104055,0.11499235466110488,0.0,0.3328559396156286
2018-10-22 03:00:00,0.17987595514804108,0.032400900141851346,0.04876352494310737,0.0,0.15404829130463607
2018-10-22 04:00:00,0.32002934678153455,0.0,0.06505852302908008,0.039901323073436065,0.042400909057540924
2018-10-22 05:00:00,0.9722625466491923,0.020237988788954768,0.10262308322602105,0.04998947155925411,0.036444035886305896
2018-10-22 06:00:00,0.7777704234787766,0.0,0.13392174728420106,0.042220994935863045,0.05870851500122866
2018-10-22 07:00:00,0.7457732341259229,0.02554892116160398,0.1797093596403157,0.09440550047883789,0.05719860008346365
2018-10-22 08:00:00,0.436058298050026,0.05905947590029731,0.07011905928310057,0.09361217369647398,0.056373337322466174
2018-10-22 09:00:00,0.19495095360262202,0.030105439168815615,0.04246118672513701,0.05737679451764507,0.0
2018-10-22 10:00:00,0.08335287125481014,0.0,0.0700721178733392,0.0,0.0
2018-10-22 11:00:00,0.07810168627519906,0.026979639619204576,0.05018018443357049,0.0,0.0
2018-10-22 12:00:00,0.09784739034749637,0.07666969594749298,0.04706336316534368,0.029395873141913723,0.032516278849390824
2018-10-22 13:00:00,0.11956503547429294,0.09096290921414832,0.09398523153294275,0.08837894139386701,0.14725778905440284
2018-10-22 14:00:00,0.10295066540981292,0.23997063682070413,0.13119569601412034,0.14426037132672143,0.43635493965688954
2018-10-22 15:00:00,0.1766183982712006,0.3954518895219484,0.20135793745523392,0.13970198767078595,0.5234841796427886
2018-10-22 16:00:00,0.31849480817381903,0.7312601091220962,0.27564760175752473,0.33695265109721345,0.6918591931091135
2018-10-22 17:00:00,0.39814015638016925,0.4642746541188804,0.39813722733497536,0.5793930881868922,0.6383784899082452
2018-10-22 18:00:00,0.5745916343013574,0.7486539820105099,0.6210874227295922,1.0,0.7873805921477499
2018-10-22 19:00:00,0.7978302564959054,0.9147502962023999,0.9834636537614106,1.0,0.9326072493985699
2018-10-22 20:00:00,0.9480444832592426,0.9785379269967656,0.9834636537614106,1.0,0.9146720718989656
2018-10-22 21:00:00,0.9249442817206774,0.7002632019875135,0.8197642670025546,1.0,0.43543853853895437
2018-10-22 22:00:00,0.7908189114847338,0.4574082564175745,0.6503817481823086,1.0,0.032153893552066964
2018-10-22 23:00:00,0.6237288667935786,0.2840296521221155,0.6176344210829804,1.0,0.2099645284103579
2018-10-23 00:00:00,0.5056451788938974,0.11942659682391787,0.31033317068243893,1.0,0.42876130096285353
2018-10-23 01:00:00,0.384855840772018,0.12335621922458734,0.18296594007579986,0.8022207540993282,0.23056947860986282
2018-10-23 02:00:00,0.2365365871720149,0.053913820600783674,0.10084332971158715,0.8505942426885885,0.0
2018-10-23 03:00:00,0.1313658794010841,0.010739494759767477,0.02069044818505136,0.761999295649149,0.0
2018-10-23 04:00:00,0.09789407787973396,0.04525767045342932,0.0,0.8098147886461102,0.0
2018-10-23 05:00:00,0.053609558884619574,0.10036112752670608,0.0759359476175422,1.0,0.0
2018-10-23 06:00:00,0.058580144169795706,0.057377845176791197,0.10557840104242423,1.0,0.0
2018-10-23 07:00:00,0.05782611450092489,0.03522229694835046,0.1193544325533114,1.0,0.0
2018-10-23 08:00:00,0.02001879909549804,0.0,0.06458233585787386,1.0,0.0
2018-10-23 09:00:00,0.02062273616054494,0.018937598196959875,0.07901278746095054,0.843841358013051,0.0
2018-10-23 10:00:00,0.03564630433605197,0.08512145422151446,0.16646184047939683,0.8011450954250958,0.0
2018-10-23 11:00:00,0.0921632002684631,0.12882427743993025,0.20890084236879805,0.7525273144794217,0.004281142147404893
2018-10-23 12:00:00,0.2460878074294048,0.19765885335030506,0.34868422343157557,0.8709695499019533,0.038441400394331166
2018-10-23 13:00:00,0.3385714816475267,0.24946688725094437,0.4843489103679542,1.0,0.11872245593757506
2018-10-23 14:00:00,0.28677325858522684,0.2363469026605261,0.49832887803470877,1.0,0.14821779167896215
2018-10-23 15:00:00,0.3164215343713693,0.47185378663751587,0.5498272166341087,1.0,0.10322603606097049
2018-10-23 16:00:00,0.49495550253887705,0.5844463779223498,0.7731048452650808,1.0,0.2211239974202967
2018-10-23 17:00:00,0.6549250845002275,0.758239235898719,0.7566042445662281,0.618058808246301,0.26112137675866054
2018-10-23 18:00:00,0.7490525333949598,0.7895980122275793,0.9617344222399742,1.0,0.3141861246631657
2018-10-23 19:00:00,0.6122935978043964,0.8995648098884254,0.9834636537614106,1.0,0.057976670108459104
2018-10-23 20:00:00,0.981089337265665,0.9785379269967656,0.9834636537614106,1.0,0.07614260936715621
2018-10-23 21:00:00,0.981089337265665,0.9785379269967656,0.9834636537614106,1.0,0.0
2018-10-23 22:00:00,0.981089337265665,0.9785379269967656,0.9834636537614106,0.9878113285629954,0.0
2018-10-23 23:00:00,0.850103603265588,0.5603683071252198,0.9834636537614106,0.9467000524291677,0.0
2018-10-24 00:00:00,0.6886475214708866,0.37921601934494087,0.9562237054881175,0.6727773239657246,0.01254919640514381
2018-10-24 01:00:00,0.633178281072379,0.21631571972144092,0.7029048980259738,0.4722150129905749,0.07426621341767516
2018-10-24 02:00:00,0.7769673870907221,0.14654779005001572,0.6462987538412212,0.2646061393345233,0.0
2018-10-24 03:00:00,0.8972873148934029,0.11108268037777587,0.6418483521252238,0.2211868807450616,0.0
2018-10-24 04:00:00,0.8218091252369986,0.0433794695838406,0.5808351386684475,0.20514007251150515,0.031166390007317277
2018-10-24 05:00:00,0.8113307529977595,0.14615206569425374,0.5123686682713434,0.1439025408090018,0.0
2018-10-24 06:00:00,0.981089337265665,0.029573370709217103,0.3145124326781994,0.11157827766477033,0.06452339451210154
2018-10-24 07:00:00,0.981089337265665,0.07884704434741775,0.22242319207166755,0.0,0.0
2018-10-24 08:00:00,0.6389521102320047,0.2852246668821504,0.16460418330545157,0.0,0.0
2018-10-24 09:00:00,0.37410054907934776,0.2125680449847879,0.2528941627670605,0.06240819886595127,0.0
2018-10-24 10:00:00,0.26541686863705816,0.18034768296295972,0.9834636537614106,0.0,0.0
2018-10-24 11:00:00,0.2002056114498777,0.00925873060701543,0.5360023046952447,0.0,0.034126001950226637
2018-10-24 12:00:00,0.4260944341675182,0.04180316489596424,0.4350414696910039,0.0,0.025623385812730024
2018-10-24 13:00:00,0.35187062965290794,0.0,0.43116814407957366,0.03041004890981378,0.02584986208162541
2018-10-24 14:00:00,0.20812312372122604,0.1364486123676641,0.5284596563992889,0.10158290546095387,0.0535051396706053
2018-10-24 15:00:00,0.19472335395601603,0.14915322404896408,0.7592337971688496,0.1276422398236089,0.26360831646445293
2018-10-24 16:00:00,0.4436569839548415,0.04904928244171262,0.7224740335285513,0.16712538467694055,0.42893863326327575
2018-10-24 17:00:00,0.3263004434998461,0.020782623438384128,0.44986050925896914,0.3055246478204006,0.0
2018-10-24 18:00:00,0.35108709438328106,0.0,0.9834636537614106,0.3401185280885465,0.06660211531522646
2018-10-24 19:00:00,0.25159728929766445,0.0,0.3232242862256595,0.7711979429844134,0.0
2018-10-24 20:00:00,0.2880477190182255,0.017827241529051366,0.24928112476389447,0.4693625506152537,0.0
2018-10-24 21:00:00,0.21190574353803712,0.019617927220956368,0.22390813422003505,0.20711937404565967,0.0
2018-10-24 22:00:00,0.2296078417794656,0.03271986401751171,0.18394637488238907,0.11616549122219907,0.0
2018-10-24 23:00:00,0.15200018667405976,0.05063889503096472,0.1868844830476286,0.181345862433004,0.0
2018-10-25 00:00:00,0.07278434554768486,0.1486946732960749,0.11629686626052094,0.21179429739460423,0.0
2018-10-25 01:00:00,0.07438655093857915,0.2327547296558512,0.11086417028615253,0.5058446829881752,0.0
2018-10-25 02:00:00,0.06810245088867917,0.27196179016259775,0.028846322176806,0.9743084689515893,0.007711792953740895
2018-10-25 03:00:00,0.506087064257324,0.3193299054518384,0.0,1.0,0.030505952565767144
2018-10-25 04:00:00,0.11825159676173809,0.9579546347515475,0.0,1.0,0.07807850055623763
2018-10-25 05:00:00,0.06300981773352764,0.936821434695477,0.0,1.0,0.08066011774993255
2018-10-25 06:00:00,0.18012841130382584,0.9785379269967656,0.0,1.0,0.17895159302773767
2018-10-25 07:00:00,0.5332598770598322,0.9785379269967656,0.02404805648564433,1.0,0.21841547862467223
2018-10-25 08:00:00,0.981089337265665,0.9785379269967656,0.20890376280012024,0.9151154751829452,0.21163476228939854
2018-10-25 09:00:00,0.981089337265665,0.8944365387580864,0.15138488362807265,0.366801955744146,0.10997443248935038
2018-10-25 10:00:00,0.8750273762018025,0.7126242183362511,0.16401342173273553,0.28666267287942887,0.07062000561018839
2018-10-25 11:00:00,0.696027409398052,0.6475072596853025,0.23373442331674105,0.3313386556653957,0.0
2018-10-25 12:00:00,0.7356410392560553,0.5788558298112318,0.20339599525367894,0.3710834181004976,0.0
2018-10-25 13:00:00,0.6254529959833524,0.5461099888360763,0.20410563262809767,0.3673991166169608,0.0
2018-10-25 14:00:00,0.8720927581771811,0.5249995740552672,0.10379852222475107,0.37724582070759227,0.0
2018-10-25 15:00:00,0.981089337265665,0.41428944491828557,0.12570726953427608,0.220979933189212,0.0
2018-10-25 16:00:00,0.981089337265665,0.36042144541566085,0.3737045286400509,0.26606767706005635,0.28742750704722053
2018-10-25 17:00:00,0.5863539533463336,0.46197095203071015,0.9111904009093889,0.12454848388560828,0.2507815805317172
2018-10-25 18:00:00,0.08150174887494967,0.4026058337174824,0.4453944569255376,0.15365123978901404,0.2067346588412815
2018-10-25 19:00:00,0.0,0.4390951901846631,0.25932246457881186,0.08223081450697653,0.22991814694194654
2018-10-25 20:00:00,0.0,0.9010379019455935,0.4009435370864729,0.32153256830373594,0.09214400959784283
2018-10-25 21:00:00,0.05019008087083712,0.34134212336997094,0.18089889481783172,0.1757393600055031,0.04177496572050642
2018-10-25 22:00:00,0.0298802701870912,0.6556409577302365,0.1285260925533899,0.10042943065035348,0.0
2018-10-25 23:00:00,0.03573010388197546,0.4237952229349808,0.023670812142771256,0.3789777195163998,0.0
2018-10-26 00:00:00,0.0626057216647296,0.08135538966431183,0.0917534684941215,1.0,0.0
2018-10-26 01:00:00,0.39676285091329644,0.016663067402221975,0.09891814756756333,1.0,0.0
2018-10-26 02:00:00,0.5218217376189258,0.0,0.3115606245242114,1.0,0.01445578107558703
2018-10-26 03:00:00,0.42757769728050726,0.5670722930386071,0.4635538588684052,1.0,0.03770764164721213
2018-10-26 04:00:00,0.2988169863073536,0.6791984364629761,0.5111622166420161,1.0,0.1429702756152713
2018-10-26 05:00:00,0.4117010768828876,0.2184701166968119,0.7904187490242274,1.0,0.3255323579701432
2018-10-26 06:00:00,0.8834165732947012,0.14274017549485887,0.5957182392827024,1.0,0.20511194296288804
2018-10-26 07:00:00,0.8009266358274805,0.28995630526554117,0.7652449589205025,1.0,0.20037060500467468
2018-10-26 08:00:00,0.41980210375926963,0.08203236505575844,0.7472835276682172,1.0,0.1247156296066668
2018-10-26 09:00:00,0.11222570513430148,0.0802608334594872,0.4279922557010807,0.9880805455743746,0.032850197133164886
2018-10-26 10:00:00,0.0,0.042663063169426384,0.36596171861548626,0.8476161455081438,0.028894911506784332
2018-10-26 11:00:00,0.0,0.04577255840841995,0.2848609794301058,0.7768897521784712,0.0
2018-10-26 12:00:00,0.0,0.0,0.3312246414296263,0.6705207162746334,0.0
2018-10-26 13:00:00,0.0,0.0,0.5294708841784148,0.9247532111351913,0.0
2018-10-26 14:00:00,0.026423260771057413,0.13730755085329815,0.6271990695423802,1.0,0.0
2018-10-26 15:00:00,0.10607751273924668,0.16063614392754627,0.27116230744078973,1.0,0.028919129320859216
2018-10-26 16:00:00,0.24965558677904595,0.1442150486331257,0.17961218579386787,1.0,0.03761738063428918
2018-10-26 17:00:00,0.4104231269465476,0.22113125837683406,0.2540594065403675,0.9317809370969508,0.11373892599420363
2018-10-26 18:00:00,0.17858286329393172,0.023265897682828232,0.13201535471808776,1.0,0.041217261796224224
2018-10-26 19:00:00,0.0,0.0,0.13323586959891018,0.9658763238881198,0.047625867279767704
2018-10-26 20:00:00,0.0,0.08753439420666248,0.12574795599891136,0.05949197419973854,0.08845129625527155
2018-10-26 21:00:00,0.0,0.1610236976470756,0.2561398946628831,0.3993949834300745,0.029039353461718678
2018-10-26 22:00:00,0.023995507442440184,0.5336976568090493,0.31118387061500785,0.9598669330492917,0.013550530438332568
2018-10-26 23:00:00,0.02760403059335231,0.21322940882154204,0.3208731235594782,1.0,0.0
2018-10-27 00:00:00,0.14404275072386827,0.3637106171791324,0.3858079032897207,0.9583531605542871,0.2995953315906793
2018-10-27 01:00:00,0.501032647503299,0.12427754903299128,0.8391618182712655,0.7992738134747961,0.5334787273037815
2018-10-27 02:00:00,0.4970710101047115,0.34264678075422533,0.9176091268039975,0.4292291428264524,0.23145891252442097
2018-10-27 03:00:00,0.8731196964026866,0.34392177908751814,0.9834636537614106,0.7776882875464038,0.21583853847371215
2018-10-27 04:00:00,0.5644006775656369,0.10923928000613536,0.9834636537614106,1.0,0.22894530723768702
2018-10-27 05:00:00,0.32940367750245486,0.0740014123739443,0.8881628813069162,1.0,0.2648451262922568
2018-10-27 06:00:00,0.6291730889703052,0.26218716623263216,0.9222756337098832,1.0,0.05426136914198992
2018-10-27 07:00:00,0.766228661734996,0.9785379269967656,0.9648317262324614,0.9337519320062091,0.0
2018-10-27 08:00:00,0.7206822678397867,0.6130099249851736,0.8648752709988698,0.6366776937264084,0.108257709116447
2018-10-27 09:00:00,0.4984032310788253,0.23129710336730103,0.9770994511079972,0.5500452725445298,0.0
2018-10-27 10:00:00,0.5488841519354598,0.350273422992618,0.7184368057167397,0.4583941351335252,0.0
2018-10-27 11:00:00,0.527585260246967,0.19847838904904994,0.9778317479158023,0.28611978985486747,0.0
2018-10-27 12:00:00,0.66389904578356,0.04733926236607263,0.36723841035631494,1.0,0.19297814544231737
2018-10-27 13:00:00,0.8898385271883441,0.08004258995865215,0.2107514917047616,1.0,0.1794575715603019
2018-10-27 14:00:00,0.6058404198236667,0.11310763523610914,0.16637106338572774,1.0,0.15880493909669066
2018-10-27 15:00:00,0.6057909950436587,0.65062690127956,0.21623123812765732,1.0,0.07229349052120855
2018-10-27 16:00:00,0.3135309093281411,0.9785379269967656,0.14090879931465275,1.0,0.06968770566665126
2018-10-27 17:00:00,0.13191405533231396,0.9746415750949461,0.6045540876507375,0.9749461535586519,0.0
2018-10-27 18:00:00,0.01259650929219727,0.9577700534967921,0.9834636537614106,1.0,0.09444279005105286
2018-10-27 19:00:00,0.0,0.5849093732287987,0.9834636537614106,1.0,0.5603721610924525
2018-10-27 20:00:00,0.044129552050007646,0.9785379269967656,0.044871981166981524,1.0,0.06884402347993769
2018-10-27 21:00:00,0.1633225153281257,0.8664404771269989,0.4090976471087895,0.39434827022260804,0.07034154640481219
2018-10-27 22:00:00,0.13041538795312366,0.09698764764540128,0.9251465256203716,0.3418013593080498,0.0
2018-10-27 23:00:00,0.5542105656039884,0.31216991643887493,0.5056256969462704,0.3877658508879739,0.342227667975925
2018-10-28 00:00:00,0.981089337265665,0.6241669400647721,0.30179210985637256,0.27578043676506264,0.4106328960153633
2018-10-28 01:00:00,0.981089337265665,0.7902583660600876,0.47250034545811265,0.13810433419672663,0.08232567623172268
2018-10-28 02:00:00,0.8260572411673238,0.45498437183931967,0.48836017249822056,0.1752789119052486,0.0
2018-10-28 03:00:00,0.5686132456921847,0.2655742359185359,0.5036701624040039,0.26421546388040895,0.0
2018-10-28 04:00:00,0.37785385396174387,0.11486444111647107,0.6854981672184218,0.2692513503097698,0.04204644968061666
2018-10-28 05:00:00,0.10392698837368827,0.0,0.314109209673845,0.37474954086400275,0.1135180926174598
2018-10-28 06:00:00,0.030205209952515813,0.06461453056748113,0.2876709563863915,0.604892621533621,0.05649424013148884
2018-10-28 07:00:00,0.02440174308957412,0.36139135512620757,0.12591264453229162,0.7750598471061867,0.022785159265006204
2018-10-28 08:00:00,0.0,0.49081721531780304,0.014664475029517489,0.348921017245874,0.0
2018-10-28 09:00:00,0.0,0.27209364204712133,0.0,0.13967951415981794,0.0
2018-10-28 10:00:00,0.0,0.18235879185416062,0.0,0.04681435495637785,0.0
2018-10-28 11:00:00,0.034166338811109094,0.26449812491873725,0.024278478153953953,0.0,0.0
2018-10-28 12:00:00,0.1511466818862479,0.20204945357894932,0.06251914480117048,0.0,0.0
2018-10-28 13:00:00,0.2054024210209025,0.18191788823995625,0.1526793386335773,0.043020368109152975,0.029872038753277888
2018-10-28 14:00:00,0.2581165503676526,0.1588721428791208,0.22754251282241622,0.1175470924592885,0.083237658388792
2018-10-28 15:00:00,0.43237113084275014,0.2296520630990613,0.28246834156468725,0.30452996739847654,0.15555506957428164
2018-10-28 16:00:00,0.5601720658146268,0.2452301834146651,0.3444967791843525,0.17433647765701357,0.20473980523196622
2018-10-28 17:00:00,0.6620624913582213,0.22224520132171102,0.6188441599574036,0.527186680481818,0.2117237761884344
2018-10-28 18:00:00,0.9446426056653291,0.30642279673762973,0.9834636537614106,0.3801182519647886,0.22272230531544812
2018-10-28 19:00:00,0.981089337265665,0.3955864499056058,0.9834636537614106,0.39764760506239744,0.18880325242366794
2018-10-28 20:00:00,0.981089337265665,0.13150604314627462,0.9834636537614106,0.54238176424534,0.0
2018-10-28 21:00:00,0.981089337265665,0.06144608180096715,0.9834636537614106,0.609784909009863,0.021183827618020148
2018-10-28 22:00:00,0.981089337265665,0.0,0.9834636537614106,0.29587628216759665,0.07368154979938778
2018-10-28 23:00:00,0.981089337265665,0.0,0.9834636537614106,0.1880203281730262,0.023088892195633228
2018-10-29 00:00:00,0.981089337265665,0.0,0.9834636537614106,0.26313086631051424,0.06298180961403455
2018-10-29 01:00:00,0.981089337265665,0.07322479698708513,0.9834636537614106,0.17416767210593437,0.24189691772212255
2018-10-29 02:00:00,0.9019552305077425,0.3708086874775612,0.9834636537614106,0.3211236109804534,0.2788304254966864
2018-10-29 03:00:00,0.7210128838265115,0.9785379269967656,0.6048690559241519,0.21713416719288647,0.30967877994626936
2018-10-29 04:00:00,0.981089337265665,0.9785379269967656,0.42069858904375107,0.46180463272242744,0.32967718208151
2018-10-29 05:00:00,0.981089337265665,0.9785379269967656,0.7368709022317452,0.965592520669365,0.6404678395510317
2018-10-29 06:00:00,0.981089337265665,0.8559782036443273,0.7166917834430345,1.0,0.5615795330111257
2018-10-29 07:00:00,0.981089337265665,0.9785379269967656,0.9834636537614106,1.0,0.5527400440114376
2018-10-29 08:00:00,0.7303052917581503,0.11486905186215685,0.9834636537614106,0.8246455238106243,0.4031209611903282
2018-10-29 09:00:00,0.3436861637378748,0.0,0.7562548938049107,1.0,0.19203222650595625
2018-10-29 10:00:00,0.27038384626220563,0.0,0.47101124644232495,0.3734188345311674,0.11662148963172762
2018-10-29 11:00:00,0.34360797277767047,0.0,0.29301831005469964,0.25977878762683015,0.3044385217250469
2018-10-29 12:00:00,0.18196118857264235,0.09269134537388701,0.07693203348434342,0.37222741045897906,0.2194537613381074
2018-10-29 13:00:00,0.19400371138566472,0.11614083482176195,0.029764246767875816,0.18021224348026707,0.21829872900287003
2018-10-29 14:00:00,0.3757356702359664,0.11240265700900356,0.0181529440672395,0.29584256793416236,0.1434571654865095
2018-10-29 15:00:00,0.2752254476711937,0.14851374141319032,0.0,0.39050393608211426,0.1708567968596693
2018-10-29 16:00:00,0.12153470500578661,0.20262264993881202,0.0,0.21555397689232203,0.0
2018-10-29 17:00:00,0.12122124958179713,0.24765685186729816,0.08434429665117986,0.16322766153709903,0.0
2018-10-29 18:00:00,0.089745904560309,0.05575802448628388,0.270544762645028,1.0,0.0
2018-10-29 19:00:00,0.8627585551135599,0.0,0.4364386036416413,1.0,0.7561133477766083
2018-10-29 20:00:00,0.8455231760906354,0.13354335544200202,0.9834636537614106,1.0,0.2598164379559968
2018-10-29 21:00:00,0.5334499093905356,0.9785379269967656,0.9834636537614106,1.0,0.19032143186183417
2018-10-29 22:00:00,0.981089337265665,0.9785379269967656,0.9834636537614106,1.0,0.6434229486086199
2018-10-29 23:00:00,0.981089337265665,0.9785379269967656,0.9834636537614106,1.0,0.8913517403782927
2018-10-30 00:00:00,0.981089337265665,0.9785379269967656,0.9834636537614106,1.0,0.3253368978290301
2018-10-30 01:00:00,0.981089337265665,0.9785379269967656,0.6592216348543157,0.950284931244374,0.17979043296460404
2018-10-30 02:00:00,0.981089337265665,0.9785379269967656,0.9834636537614106,0.9648861691623218,0.10268329236910197
2018-10-30 03:00:00,0.981089337265665,0.9785379269967656,0.9834636537614106,1.0,0.03187280519718166
2018-10-30 04:00:00,0.981089337265665,0.9785379269967656,0.9834636537614106,1.0,0.0
2018-10-30 05:00:00,0.9788088359989016,0.9785379269967656,0.5671833526709229,0.850740364776695,0.0
2018-10-30 06:00:00,0.8247173108169805,0.9785379269967656,0.5778915735929445,0.5017735407722772,0.0
2018-10-30 07:00:00,0.9064213385929352,0.7652764049799182,0.38208714030412205,0.3871184822253553,0.0
2018-10-30 08:00:00,0.981089337265665,0.5490534209244153,0.2647631380897758,0.23850913360596332,0.0
2018-10-30 09:00:00,0.9387674460785247,0.13639595474164554,0.2358504237806391,0.093309127670072,0.0
2018-10-30 10:00:00,0.8312803262526139,0.03300216117885537,0.18060394072982813,0.023074380002540768,0.02293418969709042
2018-10-30 11:00:00,0.7294967767672992,0.11290302574468102,0.1135330663208234,0.029764969162331754,0.08083054685395351
2018-10-30 12:00:00,0.5313100242012836,0.09060065306546057,0.1669107700366878,0.02487986299307872,0.16236904971313018
2018-10-30 13:00:00,0.5113395677321629,0.06523014292155768,0.14545622581218115,0.03879461434245466,0.2155494183262083
2018-10-30 14:00:00,0.3380341913718273,0.22277687134017077,0.09144566592175646,0.02384014615119813,0.3149327253961376
2018-10-30 15:00:00,0.23789806442420572,0.4082229489409175,0.05331187771382529,0.026722669142220854,0.2686082632092193
2018-10-30 16:00:00,0.2782517930918309,0.3086855971008204,0.0,0.0,0.2739044062139592
2018-10-30 17:00:00,0.40889605355919906,0.23863141650882816,0.0,0.0,0.36234860291656906
2018-10-30 18:00:00,0.38776211507430114,0.25180433850830664,0.004885962687552017,0.0,0.18164528173329758
2018-10-30 19:00:00,0.5603567286669675,0.2274041395224421,0.04042200460212829,0.0,0.20541380670770357
2018-10-30 20:00:00,0.6871344367419356,0.351988525921988,0.0,0.020595813759717085,0.3277053589545178
2018-10-30 21:00:00,0.5472351585720633,0.18896434429323913,0.024637753041988317,0.03011248924443499,0.15584619478097606
2018-10-30 22:00:00,0.2651420300540855,0.15978490902879944,0.0,0.2142694230855748,0.4171998536807714
2018-10-30 23:00:00,0.1826635944539135,0.14867118452327183,0.04415554666064589,0.6080388384662747,0.056001995424366804
2018-10-31 00:00:00,0.37662666765578184,0.17686287037303686,0.1467852431124554,0.5215146582243644,0.0
2018-10-31 01:00:00,0.4587806809736741,0.22869383636707738,0.9834636537614106,0.5889462373486561,0.0
2018-10-31 02:00:00,0.2729862474237993,0.6437085953218793,0.9825943963738458,0.5202787307051703,0.0
2018-10-31 03:00:00,0.16600917127695747,0.7415990569125133,0.647449080811874,0.4147125005243963,0.0
2018-10-31 04:00:00,0.17708784857038776,0.3909636231691411,0.5724108323722338,0.3740177310162307,0.0
2018-10-31 05:00:00,0.13792661172869047,0.37008642459050933,0.6032490391681683,0.2389833112602523,0.0
2018-10-31 06:00:00,0.09955339915477991,0.18485931802041466,0.7484095081192487,0.19111861186549264,0.0
2018-10-31 07:00:00,0.08024314670480492,0.13159277199255012,0.43183133081235686,0.14203518057161166,0.0
2018-10-31 08:00:00,0.07018400588288472,0.2502931811017542,0.18480108451062532,0.1465589524922603,0.0
2018-10-31 09:00:00,0.08663001934401242,0.10749755245770694,0.06486696327239672,0.02975455414759276,0.0
2018-10-31 10:00:00,0.04161497648296088,0.05241613282773626,0.040995866347009295,0.0,0.0
2018-10-31 11:00:00,0.0,0.0,0.0,0.04619318507035841,0.0
2018-10-31 12:00:00,0.0,0.0,0.0,0.14003071948454276,0.0
2018-10-31 13:00:00,0.062150875315030454,0.0,0.0,0.22462776579761762,0.0
2018-10-31 14:00:00,0.04065865155026745,0.0,0.0,0.18079977342009992,0.0
2018-10-31 15:00:00,0.058361784896107716,0.022591320939263887,0.0,0.1222645977964004,0.0
2018-10-31 16:00:00,0.08539442199562468,0.03772816763750356,0.061802877501588166,0.12676717807161936,0.0
2018-10-31 17:00:00,0.09709797317496895,0.07676720626905408,0.007230850903445368,0.16625787419267746,0.06164262209521488
2018-10-31 18:00:00,0.050215952303350554,0.04203403524988621,0.0,0.5197462310769487,0.06578881610420745
2018-10-31 19:00:00,0.012728139699053393,0.07279400546477167,0.026805009964989353,0.6137952877318682,0.05973545717621774
2018-10-31 20:00:00,0.07239522871896922,0.286493733813854,0.0,0.5582790317265917,0.02155139377322562
2018-10-31 21:00:00,0.18204749705693146,0.3626312210692832,0.09904479658025958,0.3350535428138793,0.0
2018-10-31 22:00:00,0.08929594947188126,0.5019073269505416,0.2623044315680026,0.28553665426993563,0.050091540508894826
2018-10-31 23:00:00,0.12163327820169126,0.5540972948268629,0.6599639907216435,0.26327990178134536,0.0
2018-11-01 00:00:00,0.15743600013907288,0.32385104419074884,0.9834636537614106,0.4126757242164454,0.0
2018-11-01 01:00:00,0.12163327820169126,0.1629614283583017,0.9834636537614106,0.4853735563389016,0.0
2018-11-01 02:00:00,0.05891334075088614,0.138429440352539,0.9628967151525991,0.687581714150416,0.0
2018-11-01 03:00:00,0.07125441962628516,0.10772147586657366,0.8932239260507326,0.41901368245238724,0.0
2018-11-01 04:00:00,0.07071524199921415,0.07267427562521508,0.30575013208001905,0.5502927517800906,0.02589348495814226
2018-11-01 05:00:00,0.0,0.9785379269967656,0.9834636537614106,0.24579903756256144,0.12711458745028592
2018-11-01 06:00:00,0.26379597723111226,0.9785379269967656,0.9834636537614106,0.7054553732200434,0.3593979446542976
2018-11-01 07:00:00,0.1944214144391335,0.5632668302317005,0.9834636537614106,1.0,0.26337970941361377
2018-11-01 08:00:00,0.23361412423143188,0.7610417213755655,0.9077723106818308,1.0,0.2275899697054237
2018-11-01 09:00:00,0.11358818970279633,0.5084195593838203,0.9834636537614106,1.0,0.14481658768275701
2018-11-01 10:00:00,0.08360694578891684,0.34163294646501857,0.9834636537614106,1.0,0.06242892062642181
2018-11-01 11:00:00,0.2834686129322752,0.31809863288830675,0.9182440925449122,1.0,0.0
2018-11-01 12:00:00,0.26113276702165505,0.5736557307192884,0.9834636537614106,0.998308487391722,0.0
2018-11-01 13:00:00,0.3527324703057812,0.6209474809524878,0.9834636537614106,1.0,0.0
2018-11-01 14:00:00,0.5412042576051518,0.3507038693274295,0.9834636537614106,1.0,0.0
2018-11-01 15:00:00,0.9497550453354816,0.5599840959342797,0.9834636537614106,1.0,0.0
2018-11-01 16:00:00,0.8051026528479988,0.4241057941166306,0.9834636537614106,0.30997766386208075,0.0
2018-11-01 17:00:00,0.4119707156519822,0.022520553302457055,0.9834636537614106,0.2589105989679224,0.0
2018-11-01 18:00:00,0.10961541710204332,0.0,0.9834636537614106,0.264920514586169,0.0
2018-11-01 19:00:00,0.4027064866950959,0.0,0.9834636537614106,0.5134076086997741,0.0
2018-11-01 20:00:00,0.12445566711056584,0.12787420145066639,0.9834636537614106,0.4051621805314801,0.16542780128163173
2018-11-01 21:00:00,0.06996534933365424,0.0,0.7740846015886925,0.30296287557940677,0.3725483586674089
2018-11-01 22:00:00,0.22063843021773089,0.14217302684319894,0.5373887406772982,0.2849127578653139,0.045631005844756926
2018-11-01 23:00:00,0.09968710853093082,0.02357439002337134,0.6475311798503702,0.5123556696860077,0.0
2018-11-02 00:00:00,0.0,0.0,0.6011228929518694,0.7983549739991413,0.0
2018-11-02 01:00:00,0.0,0.017151026733658665,0.5013208009705229,0.30398598725036413,0.06623420753112269
2018-11-02 02:00:00,0.023668041959665723,0.04979762176526015,0.3122685219387228,0.20098421347614437,0.04585494650910286
2018-11-02 03:00:00,0.0,0.05290328228023246,0.3791772303793492,0.21003485476371273,0.0
2018-11-02 04:00:00,0.17378849995239234,0.04933076936063044,0.5001231404514649,0.19182824540987062,0.0
2018-11-02 05:00:00,0.4089055160871874,0.025423413855070198,0.15988128096536783,0.07789873193932856,0.0350403080802636
2018-11-02 06:00:00,0.14198726643058088,0.0,0.0372631330518984,0.03977839788640324,0.0
2018-11-02 07:00:00,0.0,0.17764803633364695,0.004443655401217989,0.06872322172707626,0.0
2018-11-02 08:00:00,0.0,0.5652035600810087,0.10071563186516436,0.1190177107905376,0.0
2018-11-02 09:00:00,0.009717052188667445,0.4199115902036001,0.0,0.26632272053015216,0.0
2018-11-02 10:00:00,0.1257398684261385,0.17204680418618462,0.0029295179734151874,0.19168279274031425,0.0
2018-11-02 11:00:00,0.1833007782702201,0.06584108734154437,0.03901729093754666,0.12007655301430767,0.0
2018-11-02 12:00:00,0.17288262664895598,0.15077391084450517,0.06798727262714455,0.15270686688966492,0.0
2018-11-02 13:00:00,0.11690123747703182,0.11929139477528179,0.03731374424078508,0.0672220974095022,0.0
2018-11-02 14:00:00,0.11443541273907687,0.25169128418093345,0.08427938106802335,1.0,0.0
2018-11-02 15:00:00,0.11659111305824191,0.29824010297049797,0.1515270851463052,1.0,0.024724647169769746
2018-11-02 16:00:00,0.03110027854573106,0.2209276687269491,0.11802425269018993,1.0,0.3668226877882194
2018-11-02 17:00:00,0.29113638060768315,0.23739875048223733,0.6666624969664255,1.0,0.6727339261323854
2018-11-02 18:00:00,0.5175259930043102,0.2123175668805163,0.32910607288251137,1.0,0.7628717555461323
2018-11-02 19:00:00,0.9047933652855866,0.4608748130685004,0.5997551793163131,1.0,0.5166706622659284
2018-11-02 20:00:00,0.8323335166962098,0.15101918182310334,0.29012630664363004,1.0,0.9495255609856614
2018-11-02 21:00:00,0.9769764414302095,0.06642561811967328,0.17302353132775103,1.0,0.9495255609856614
2018-11-02 22:00:00,0.981089337265665,0.7622369913312215,0.7209426186295442,1.0,0.9495255609856614
2018-11-02 23:00:00,0.6073986791614594,0.9785379269967656,0.9834636537614106,1.0,0.9495255609856614
2018-11-03 00:00:00,0.981089337265665,0.9785379269967656,0.9834636537614106,1.0,0.8624933680903721
2018-11-03 01:00:00,0.981089337265665,0.9785379269967656,0.9834636537614106,0.12499714651225326,0.9495255609856614
2018-11-03 02:00:00,0.981089337265665,0.8688304473063493,0.9834636537614106,0.3151992521970004,0.9495255609856614
2018-11-03 03:00:00,0.981089337265665,0.9785379269967656,0.8904481300908422,0.3205997835882201,0.9495255609856614
2018-11-03 04:00:00,0.9505737331483026,0.7705847328213352,0.9834636537614106,1.0,0.3745736401143019
2018-11-03 05:00:00,0.981089337265665,0.7656906134058366,0.9834636537614106,1.0,0.9495255609856614
2018-11-03 06:00:00,0.981089337265665,0.9785379269967656,0.9834636537614106,1.0,0.43061444211801386
2018-11-03 07:00:00,0.4733944638139029,0.9785379269967656,0.9834636537614106,1.0,0.49200150461220804
2018-11-03 08:00:00,0.981089337265665,0.7960697016841422,0.9834636537614106,1.0,0.1397974464714773
2018-11-03 09:00:00,0.981089337265665,0.9785379269967656,0.9834636537614106,1.0,0.5133353130699437
2018-11-03 10:00:00,0.981089337265665,0.9785379269967656,0.9834636537614106,1.0,0.4933461473554877
2018-11-03 11:00:00,0.981089337265665,0.9785379269967656,0.9834636537614106,1.0,0.23310719529619633
2018-11-03 12:00:00,0.981089337265665,0.8017121100395536,0.9834636537614106,1.0,0.5160544405003513
2018-11-03 13:00:00,0.981089337265665,0.9544917138455338,0.9834636537614106,1.0,0.061601919006994306
2018-11-03 14:00:00,0.981089337265665,0.9785379269967656,0.9834636537614106,1.0,0.0
2018-11-03 15:00:00,0.981089337265665,0.6792599354251876,0.9834636537614106,1.0,0.10076104001752798
2018-11-03 16:00:00,0.981089337265665,0.9785379269967656,0.9834636537614106,1.0,0.9495255609856614
2018-11-03 17:00:00,0.870139687390752,0.5588195752073689,0.9834636537614106,1.0,0.03385511063834468
2018-11-03 18:00:00,0.8715914583759844,0.5348814927633659,0.9834636537614106,0.9304667785979439,0.039990413616940175
2018-11-03 19:00:00,0.7855472960116257,0.5457470523067288,0.8324565548974908,0.5424322304122817,0.03160061127244508
2018-11-03 20:00:00,0.981089337265665,0.12780397770784968,0.41730570719725246,0.5727133103338076,0.711639995022575
2018-11-03 21:00:00,0.9248364474697318,0.1683044444674988,0.3362594703600033,0.42698744097244656,0.0
2018-11-03 22:00:00,0.981089337265665,0.22242132595911274,0.2048950917574545,0.3062175893268073,0.0
2018-11-03 23:00:00,0.981089337265665,0.1835034244236913,0.19052036189028024,0.2156204221851093,0.0
2018-11-04 00:00:00,0.8522012623794621,0.09503232709376729,0.19281193837664665,0.21237654635472614,0.0
2018-11-04 01:00:00,0.9400558343142499,0.09635993236842388,0.2981324243821401,0.05413622930248894,0.0
2018-11-04 02:00:00,0.8100601381532293,0.08061206969784315,0.3075910574337932,0.07439585758584638,0.11036765101307139
2018-11-04 03:00:00,0.6502876228836025,0.041097682139589434,0.22946286912270744,0.23004512248729914,0.22761267378290362
2018-11-04 04:00:00,0.5277012467407697,0.05385143651767304,0.21029253538772166,0.48599690621714225,0.33278293998572483
2018-11-04 05:00:00,0.4389579204343752,0.28761189410812804,0.21396703686199123,0.6002919293620907,0.09193987918419227
2018-11-04 06:00:00,0.314916056264171,0.34367705808802074,0.20752683598091676,0.40408541306063633,0.0
2018-11-04 07:00:00,0.2051313773259607,0.9133203874021184,0.13887050180622484,0.3393915635133617,0.0
2018-11-04 08:00:00,0.15563476412679106,0.5405993139570926,0.04164968633089079,0.26595546620695026,0.0
2018-11-04 09:00:00,0.19575562702648766,0.11002539936906573,0.0,0.21301989940914828,0.0
2018-11-04 10:00:00,0.5715018569370842,0.07723876396981452,0.0,0.13136718215936924,0.0
2018-11-04 11:00:00,0.3687848650153864,0.11303639565799271,0.02704092515259075,0.3892379628974391,0.0
2018-11-04 12:00:00,0.44324486193203205,0.13802491162296687,0.11138762436140291,0.8356007357091395,0.0
2018-11-04 13:00:00,0.981089337265665,0.2720005800773213,0.06266774313330227,0.581894946453439,0.0
2018-11-04 14:00:00,0.981089337265665,0.2963168528755164,0.0,0.4821582773419307,0.0
2018-11-04 15:00:00,0.981089337265665,0.1934191479870672,0.03594674778062314,0.571610808653658,0.0
2018-11-04 16:00:00,0.981089337265665,0.1647683755563384,0.32528917126378193,0.20417009815748663,0.09605923996632325
2018-11-04 17:00:00,0.981089337265665,0.023967973004589447,0.2605354741192472,0.0,0.0
2018-11-04 18:00:00,0.981089337265665,0.0,0.17165488382238178,0.0,0.06677387824426242
2018-11-04 19:00:00,0.9597147176555753,0.4049901869159372,0.0,1.0,0.9495255609856614
2018-11-04 20:00:00,0.6378372436081865,0.5503065948875517,0.13991438465095038,1.0,0.9495255609856614
2018-11-04 21:00:00,0.5132340127686468,0.16117415338877553,0.3438880858387594,1.0,0.9495255609856614
2018-11-04 22:00:00,0.981089337265665,0.0,0.9834636537614106,0.998211915221683,0.9495255609856614
2018-11-04 23:00:00,0.981089337265665,0.0864943812217302,0.5188138604510136,1.0,0.9495255609856614
2018-11-05 00:00:00,0.33774800218765505,0.238956522120362,0.5852905878466834,1.0,0.9495255609856614
2018-11-05 01:00:00,0.08424977634019366,0.6920325362001188,0.9834636537614106,1.0,0.9495255609856614
2018-11-05 02:00:00,0.0,0.3650140240094784,0.9834636537614106,1.0,0.9495255609856614
2018-11-05 03:00:00,0.0,0.21368695994598413,0.9834636537614106,1.0,0.9495255609856614
2018-11-05 04:00:00,0.0,0.17793412364822242,0.7376275219238634,1.0,0.745766519504452
2018-11-05 05:00:00,0.0,0.19298676597519668,0.9834636537614106,1.0,0.6704980189842098
2018-11-05 06:00:00,0.0,0.1681397136127646,0.9834636537614106,0.626916690650843,0.27738337559668125
2018-11-05 07:00:00,0.06003463299687881,0.3454849799383471,0.9834636537614106,0.39149165078355935,0.23484352886390164
2018-11-05 08:00:00,0.0004901275407824243,0.08803588911980764,0.9834636537614106,0.6375366848959975,0.0
2018-11-05 09:00:00,0.0,0.10499689327564315,0.9834636537614106,0.6089676542932002,0.1588692382857738
2018-11-05 10:00:00,0.0,0.061199117051240495,0.9834636537614106,0.43493101248872235,0.06157331505115153
2018-11-05 11:00:00,0.07224786673496533,0.3064242964980409,0.9834636537614106,1.0,0.004223366578235961
2018-11-05 12:00:00,0.3031828930762854,0.20495654050775308,0.9834636537614106,0.6642101519526895,0.027535035425656117
2018-11-05 13:00:00,0.2395205604647718,0.04857912413545279,0.9834636537614106,0.6022981061926171,0.0
2018-11-05 14:00:00,0.24178318441468308,0.029026262280112403,0.9834636537614106,1.0,0.06251695728816895
2018-11-05 15:00:00,0.20038309387112566,0.13737859738373331,0.9834636537614106,0.8640857560880268,0.4007533131159369
2018-11-05 16:00:00,0.0851092055051719,0.1353503320558536,0.9834636537614106,0.6269050223136178,0.0
2018-11-05 17:00:00,0.007112899143402463,0.02884630775656059,0.15508833123556354,0.3535338796952164,0.32191594083887604
2018-11-05 18:00:00,0.02681926444396381,0.0,0.05634801590331753,0.0,0.8593468643599335
2018-11-05 19:00:00,0.04187787220339533,0.0,0.0391954185049008,0.10551169202085631,0.12756814737706954
2018-11-05 20:00:00,0.07523545036796074,0.009463880407734953,0.21686843689373764,0.25832169821350676,0.0
2018-11-05 21:00:00,0.0,0.05475241384514763,0.18631333212543222,0.19282689624786428,0.0
2018-11-05 22:00:00,0.4560782319981949,0.0,0.0,0.07164682296505853,0.0
2018-11-05 23:00:00,0.2139370269159347,0.0,0.046767150673266804,0.08100861706383186,0.0
2018-11-06 00:00:00,0.41973378833637204,0.0,0.23639499885994336,0.16922372613537728,0.0
2018-11-06 01:00:00,0.328867896327322,0.07396733842120629,0.3468875416818002,0.129802152797343,0.016064562875363512
2018-11-06 02:00:00,0.2656481333297748,0.0,0.45981065409956495,0.0818368860979966,0.0
2018-11-06 03:00:00,0.31975802860548896,0.0,0.6973616250533885,0.5696589491214954,0.0
2018-11-06 04:00:00,0.10154591025241817,0.0,0.39582515421731007,0.36058421675962504,0.0
2018-11-06 05:00:00,0.015433415179556266,0.09088157363967422,0.24321243905681944,0.17295255524311817,0.0
2018-11-06 06:00:00,0.05322634492969206,0.11042440827705602,0.41726936352797034,0.077395364795931,0.0
2018-11-06 07:00:00,0.08721962453164736,0.0042625028025075834,0.602197511455684,0.10001307956116001,0.006455647163352866
2018-11-06 08:00:00,0.0,0.08456470590375154,0.3423071688979192,0.1902192208726441,0.015706946491182844
2018-11-06 09:00:00,0.02682203697909316,0.0,0.5895321453715424,0.1554392348322334,0.0
2018-11-06 10:00:00,0.08476316652801422,0.0,0.0,0.09521434179593007,0.0
2018-11-06 11:00:00,0.06170849812918738,0.03363658899628246,0.026286672472633475,0.024200478062415588,0.0
2018-11-06 12:00:00,0.07006339634718887,0.0,0.0,0.0,0.07642886770614309
2018-11-06 13:00:00,0.027892081406585036,0.0,0.0,0.04399404175476624,0.009370664579718097
2018-11-06 14:00:00,0.05799513457386914,0.0,0.0,0.09727359892435394,0.06333366888268234
2018-11-06 15:00:00,0.14392027115510495,0.29385092003085167,0.02065011095471203,0.6624634099062953,0.0
2018-11-06 16:00:00,0.43832232436979923,0.10519422778348952,0.030848199248480018,0.9445726276032859,0.21755433675139027
2018-11-06 17:00:00,0.6446873217371354,0.09338551877008855,0.12038715380640645,0.40464501119006646,0.27836018286836384
2018-11-06 18:00:00,0.7543531297857239,0.024378736876602473,0.177224395874054,0.39950214493713304,0.38910660548395215
2018-11-06 19:00:00,0.8791796423910693,0.19026317496474113,0.11721983392290854,0.23010229993067655,0.42556912246754836
2018-11-06 20:00:00,0.7985413041217251,0.08325232110085223,0.053111002875618735,0.5843307583343528,0.005990300269869225
2018-11-06 21:00:00,0.6572784752387947,0.0,0.21576310130000623,0.5321293498210008,0.0
2018-11-06 22:00:00,0.37781067393157963,0.05373473667884964,0.4308394182211774,0.5489007376739955,0.0
2018-11-06 23:00:00,0.23496784607984703,0.1048688103560907,0.25727242735770345,0.4524790128943244,0.0
2018-11-07 00:00:00,0.04780326063736635,0.0065121090579947,0.4348968809637907,0.4741207364883426,0.0
2018-11-07 01:00:00,0.0,0.023066583693985596,0.45026443711873315,0.28912576957953257,0.0
2018-11-07 02:00:00,0.06174641661490197,0.05739278993267253,0.3382886038802927,0.22654559526571066,0.0
2018-11-07 03:00:00,0.04247157916105003,0.07184875417501954,0.15688359774030414,0.07195350134800794,0.0
2018-11-07 04:00:00,0.06631611456680224,0.023338472934348212,0.188094714357508,0.05618888037038787,0.0
2018-11-07 05:00:00,0.020820220029210114,0.03259443534629249,0.09391404050444985,0.07806492599744409,0.0
2018-11-07 06:00:00,0.0,0.0,0.000763786613488581,0.0,0.0
2018-11-07 07:00:00,0.0359185214957051,0.046878647874997924,0.0,0.07275380713793068,0.0
2018-11-07 08:00:00,0.03629042133976023,0.07153630315409956,0.0,0.06163710665961985,0.0
2018-11-07 09:00:00,0.0,0.016955256144551404,0.0,0.03222675993183728,0.0
2018-11-07 10:00:00,0.07214445649755122,0.09695592744722352,0.0,0.0,0.0
2018-11-07 11:00:00,0.18914196499095848,0.24931120009646693,0.0,0.0,0.0
2018-11-07 12:00:00,0.3401494295880513,0.3339813437481401,0.0,0.0313832695669043,0.0384050437422077
2018-11-07 13:00:00,0.44183729877392935,0.4042367358243488,0.0,0.052887031804790825,0.22366272285063468
2018-11-07 14:00:00,0.560012960416611,0.4802636118647316,0.0,0.13195793612764253,0.4985297312589096
2018-11-07 15:00:00,0.6612637925377438,0.49319844128335844,0.05057032114318898,0.1463414767555931,0.7553126290567885
2018-11-07 16:00:00,0.7224752241537106,0.8696373008221073,0.05584996784866257,0.11070014912224413,0.9495255609856614
2018-11-07 17:00:00,0.7270416566293646,0.8416974867471879,0.10453103992975209,0.2429028844032255,0.9495255609856614
2018-11-07 18:00:00,0.7830492020057119,0.7936508172115985,0.1466401224752378,0.07359544861909079,0.9495255609856614
2018-11-07 19:00:00,0.5739591678958569,0.5650775482329411,0.08292729751215193,0.017469710470307303,0.9495255609856614
2018-11-07 20:00:00,0.6965733415468299,0.17934245230910192,0.04586981177202682,0.0666274517374831,0.7351177214638425
2018-11-07 21:00:00,0.6097956131765357,0.5509470388294905,0.022699678427469856,0.14633990334641847,0.6796479413413286
2018-11-07 22:00:00,0.4077471852310899,0.24964143033583425,0.0,0.1478478933053062,0.35976123915313013
2018-11-07 23:00:00,0.3896110776122977,0.20694917544599162,0.013051706958431535,0.15316042662098972,0.07533649482022713
2018-11-08 00:00:00,0.39455728878105917,0.10012607488639644,0.14166022734156103,0.050912279729640575,0.015010468625535123
2018-11-08 01:00:00,0.3623386948046146,0.04514500610283383,0.0,0.1194801822147588,0.0
2018-11-08 02:00:00,0.2692592986914387,0.05395063022264296,0.0,0.1296779817069725,0.0
2018-11-08 03:00:00,0.2365999279972415,0.07270915099980949,0.00027655845487623834,0.14307395750079366,0.0
2018-11-08 04:00:00,0.2022872882498665,0.018819729801238857,0.022880215927003164,0.1612054515989809,0.022214697863779383
2018-11-08 05:00:00,0.24507704060814053,0.06573254484409798,0.011564209237120315,0.4620665949460177,0.0
2018-11-08 06:00:00,0.18517742068087992,0.13112675973325036,0.047010556835876766,1.0,0.0
2018-11-08 07:00:00,0.174399604056716,0.0,0.04269757995821076,0.9509136785439439,0.0
2018-11-08 08:00:00,0.12898276126349945,0.0,0.0,1.0,0.0
2018-11-08 09:00:00,0.014018704212703806,0.0,0.0,1.0,0.0
2018-11-08 10:00:00,0.0,0.6958927163586105,0.0,0.4816494301446639,0.0
2018-11-08 11:00:00,0.0,0.7028878583701057,0.0,0.44506953653526427,0.0
2018-11-08 12:00:00,0.07613633271532708,0.5523724591278236,0.0,0.4231836894378873,0.0
2018-11-08 13:00:00,0.2003028772983281,0.6647809760221504,0.11008480131213301,0.2789951014128364,0.04688379400649762
2018-11-08 14:00:00,0.2557442133531198,0.6705170996798503,0.2831193774538609,0.5209580089680266,0.06246573772374194
2018-11-08 15:00:00,0.42545831327704664,0.2285104039818478,0.2754257549878315,0.3279038542436375,0.28325262146294594
2018-11-08 16:00:00,0.8659386427356062,0.04578135070338878,0.1131631160958238,0.030055948008900414,0.29600511868434154
2018-11-08 17:00:00,0.5257729572039563,0.0,0.11051339976494413,0.0,0.2809708442428278
2018-11-08 18:00:00,0.3205702758442371,0.0,0.13594349310213208,0.0,0.15267025216036847
2018-11-08 19:00:00,0.5056813397303119,0.0,0.05509210474072578,0.033899922294007345,0.13423011930367607
2018-11-08 20:00:00,0.2759171611995005,0.0,0.01901178225378379,0.1287394158955139,0.07850201272982076
2018-11-08 21:00:00,0.07764145137292394,0.0,0.15585365292230152,0.15974656590399208,0.13155971713807413
2018-11-08 22:00:00,0.0,0.06531301020623591,0.5387185851182116,0.303747799634537,0.11550381144919541
2018-11-08 23:00:00,0.0,0.25933324807061375,0.47179908658755293,0.19247010345457255,0.04933599894297436
2018-11-09 00:00:00,0.0,0.5805149590751706,0.5544432991035517,0.16681645883990687,0.0
2018-11-09 01:00:00,0.05320211930884499,0.6326395233277918,0.48809306746298353,0.4505167161222698,0.0
2018-11-09 02:00:00,0.07417599710836094,0.6615529199209136,0.32900345666307396,0.7309768804375789,0.0
2018-11-09 03:00:00,0.16381629979818602,0.37454790092977686,0.9834636537614106,1.0,0.0
2018-11-09 04:00:00,0.19511250280544606,0.34375968223917835,0.9834636537614106,0.9678024109436915,0.0
2018-11-09 05:00:00,0.256087444244674,0.39240345893236256,0.9834636537614106,0.7500894973268453,0.0
2018-11-09 06:00:00,0.20011653560832676,0.5207672765243331,0.9834636537614106,0.6072010137115171,0.03654823522647697
2018-11-09 07:00:00,0.16719958267064342,0.2863611211747893,0.7722088723455439,0.45517956471718257,0.0032713673061110764
2018-11-09 08:00:00,0.1541372409887273,0.3218675958450193,0.6734241967888638,0.12090712849664444,0.0
2018-11-09 09:00:00,0.25658546329433696,0.0,0.26776622190092186,0.1486227731045113,0.020348073681786993
2018-11-09 10:00:00,0.1206305513327227,0.0,0.04537352963005092,0.10563204438646569,0.12726141744288136
2018-11-09 11:00:00,0.19785692172431835,0.0,0.0,0.12502972673814172,0.22060185446111044
2018-11-09 12:00:00,0.12074021434367611,0.04339175725787184,0.0,0.18735392835860254,0.26456042143715053
2018-11-09 13:00:00,0.03719841153947387,0.10129307591538703,0.0,0.07619707103665968,0.16024418772159174
2018-11-09 14:00:00,0.0,0.1519477580328387,0.07501883446254405,0.08883330257694189,0.07942885472905141
2018-11-09 15:00:00,0.048922694806365304,0.29750878171529044,0.06052812423459859,0.06443759298414871,0.23447637604443794
2018-11-09 16:00:00,0.12675843999231895,0.3378504367003211,0.12543471944195173,0.08587441767379463,0.35925779676901887
2018-11-09 17:00:00,0.42051103981925586,0.33072550344397683,0.29424428443489575,0.14467194825206678,0.33353411337478833
2018-11-09 18:00:00,0.7695552317932671,0.3949847513504388,0.532995742803842,0.28462818367694587,0.32845238178832425
2018-11-09 19:00:00,0.981089337265665,0.6363741730266809,0.7800655876665036,0.44226154158516323,0.06159386934995591
2018-11-09 20:00:00,0.981089337265665,0.6968536489381554,0.81586902153941,0.14307979002649426,0.0
2018-11-09 21:00:00,0.981089337265665,0.717048107621577,0.9834636537614106,0.31191618400095844,0.0
2018-11-09 22:00:00,0.981089337265665,0.4710625476751465,0.9834636537614106,0.0499182384544568,0.0
2018-11-09 23:00:00,0.981089337265665,0.10191375417844843,0.9834636537614106,0.173490881685646,0.0
2018-11-10 00:00:00,0.981089337265665,0.022055069332605443,0.9834636537614106,0.24945887178132728,0.0
2018-11-10 01:00:00,0.981089337265665,0.0,0.9834636537614106,0.3439310136608031,0.0
2018-11-10 02:00:00,0.981089337265665,0.0,0.9834636537614106,0.22013060355059014,0.0
2018-11-10 03:00:00,0.981089337265665,0.0,0.9834636537614106,0.32635544759241136,0.0
2018-11-10 04:00:00,0.981089337265665,0.08697857844240998,0.9522222067913282,0.4073984653393613,0.019689613276011843
2018-11-10 05:00:00,0.981089337265665,0.12300579933998454,0.7099447918258561,0.704467872175576,0.10060059342956448
2018-11-10 06:00:00,0.981089337265665,0.050786933442687865,0.31065957705609276,0.7592828968554058,0.06862122268606533
2018-11-10 07:00:00,0.981089337265665,0.4034473645027212,0.25415207663049644,1.0,0.09820747922283114
2018-11-10 08:00:00,0.8390006520356109,0.0,0.307373609843351,1.0,0.21162823887061116
2018-11-10 09:00:00,0.07843499319767484,0.0704286755486409,0.32326302263901496,1.0,0.14549951486160634
2018-11-10 10:00:00,0.0,0.0,0.8045151122366723,1.0,0.03616215677391046
2018-11-10 11:00:00,0.01895609478704436,0.04760943309013007,0.4650626545525433,0.8320398989650198,0.016016594481417533
2018-11-10 12:00:00,0.0,0.055762029965352865,0.6918904074334831,0.552837347488508,0.0
2018-11-10 13:00:00,0.009361328776972797,0.031584404255223575,0.5461047835598547,0.4803655325342494,0.45412709657851746
2018-11-10 14:00:00,0.0,0.015628721165667075,0.4569979911615652,0.37042904353553996,0.29158407193287134
2018-11-10 15:00:00,0.0,0.1106482487128019,0.18406121199497572,0.3281058072417563,0.016223055855390568
2018-11-10 16:00:00,0.024058511610922904,0.15350657658902286,0.01972662978483278,0.38510031192029054,0.9495255609856614
2018-11-10 17:00:00,0.5717635142148225,0.27380369826392986,0.14411181637546894,1.0,0.8120020965814665
2018-11-10 18:00:00,0.981089337265665,0.7894867330707971,0.2093854418420978,0.8198760596494129,0.3869377783745587
2018-11-10 19:00:00,0.981089337265665,0.9785379269967656,0.06082639151447243,1.0,0.3709017282134112
2018-11-10 20:00:00,0.981089337265665,0.9785379269967656,0.0,0.7346994019500235,0.2953578580131091
2018-11-10 21:00:00,0.981089337265665,0.37898378091591006,0.0,0.6625042531199851,0.04313372407801308
2018-11-10 22:00:00,0.981089337265665,0.6898272099128503,0.9397252207194455,0.49222770436121205,0.0
2018-11-10 23:00:00,0.981089337265665,0.45550880318294235,0.9834636537614106,1.0,0.0
2018-11-11 00:00:00,0.981089337265665,0.552810665885511,0.9108687559078112,0.7888798457019102,0.0
2018-11-11 01:00:00,0.981089337265665,0.8905074147350273,0.7502117573653332,0.5981887230243369,0.0
2018-11-11 02:00:00,0.981089337265665,0.9785379269967656,0.34047078767872657,0.24715197770497827,0.0
2018-11-11 03:00:00,0.981089337265665,0.9591714842445918,0.2437517514353387,0.30786341749058854,0.0
2018-11-11 04:00:00,0.869573177292759,0.8083059557825776,0.3574932012956728,0.22441216598807287,0.0
2018-11-11 05:00:00,0.981089337265665,0.2796391126910947,0.2032373354563187,0.6426579280407602,0.0
2018-11-11 06:00:00,0.6877284496447131,0.29356393548645415,0.2204680314549411,0.5381863765522833,0.0
2018-11-11 07:00:00,0.48368604450387476,0.22423274967284187,0.21592603864904494,0.7174057991381926,0.0
2018-11-11 08:00:00,0.7289028472158853,0.178026209984066,0.5248997214043938,0.9761795150047311,0.0
2018-11-11 09:00:00,0.816159031917997,0.191889993192279,0.3735115907427961,0.6166078386083341,0.12491021460035992
2018-11-11 10:00:00,0.9387982024516817,0.20452492880157944,0.1889939665792479,0.3196035958683544,0.43763373394405297
2018-11-11 11:00:00,0.9424333507302181,0.3160077504598681,0.15057504718773157,0.29243538883378534,0.2801808155739525
2018-11-11 12:00:00,0.7659466490777517,0.33985621154783785,0.15927045664421996,0.32483701807049553,0.17622096112087784
2018-11-11 13:00:00,0.6973274774089406,0.5557606059935616,0.06954598704977157,0.22792386295572298,0.09945022821505213
2018-11-11 14:00:00,0.48311434329899106,0.2758934173722948,0.06997639589957799,0.27494687178260985,0.20163883437124555
2018-11-11 15:00:00,0.9411732386893229,0.06609733598117647,0.0,0.30902831545123727,0.04552160759149336
2018-11-11 16:00:00,0.5297017052402037,0.3820821208654896,0.06950966126018089,0.19647277407770639,0.06562726573497848
2018-11-11 17:00:00,0.7126925985127988,0.4690007767904583,0.0,0.19954778021158476,0.12592717952728177
2018-11-11 18:00:00,0.3526293459796862,0.5921258182723268,0.0,0.08261153574868606,0.22573065937066264
2018-11-11 19:00:00,0.5232999508906827,0.9785379269967656,0.0,0.028084480015193595,0.15642950923329094
2018-11-11 20:00:00,0.5492796429044413,0.8430554289561507,0.33887401892562313,0.036537536555841084,0.10871079490712372
2018-11-11 21:00:00,0.5094874458036176,0.6166041632897359,0.359513514899838,0.25552822751203347,0.3295099487780497
2018-11-11 22:00:00,0.6772297943630777,0.7180373176487995,0.28364886852498755,0.4636593058227154,0.1231305792184128
2018-11-11 23:00:00,0.8418573155086729,0.6590072974629831,0.23705313662165475,0.6470305910484273,0.0
2018-11-12 00:00:00,0.6624908370304584,0.9785379269967656,0.1157553148092746,0.6263949748915415,0.0
2018-11-12 01:00:00,0.4191227775715148,0.9785379269967656,0.17788652037534675,0.48855690458231205,0.0
2018-11-12 02:00:00,0.2995719173573528,0.8450777962729499,0.16665897830479173,0.319931551833338,0.0
2018-11-12 03:00:00,0.299891720889019,0.6253084914392391,0.2504068030164759,0.3651904647638427,0.0
2018-11-12 04:00:00,0.5533093880537755,0.5850258685830652,0.4105254259702343,0.3446077978816896,0.0
2018-11-12 05:00:00,0.3502665221286193,0.9785379269967656,0.47495430961998425,0.7032437871245013,0.0
2018-11-12 06:00:00,0.4473464512691996,0.8509679164912466,0.20436098408479403,0.7923276800368521,0.03092789741280227
2018-11-12 07:00:00,0.43357814498636715,0.5948810410981084,0.20927185980741064,0.8468300127924276,0.13127023671891674
2018-11-12 08:00:00,0.3714092828326442,0.5131603567549015,0.2782249691119752,0.8442003959668088,0.10897422114548662
2018-11-12 09:00:00,0.4830766885161134,0.4555298741668451,0.15024759443079297,0.5097620976194115,0.19800679847986566
2018-11-12 10:00:00,0.3994397004468279,0.5114307321526372,0.13600344828959784,0.5127460881830498,0.2645417575766507
2018-11-12 11:00:00,0.4044379304938472,0.38894742183533904,0.2413167478847051,0.47644674330936804,0.13498557166740902
2018-11-12 12:00:00,0.5912035198191906,0.4081765228764922,0.18132893049531135,0.31755992534276317,0.06007997388677671
2018-11-12 13:00:00,0.7042953847744967,0.28226129491753715,0.24243997461656255,0.19178070723464322,0.0
2018-11-12 14:00:00,0.6603152485760581,0.32780821780344965,0.34908947607830687,0.2555857289267419,0.0
2018-11-12 15:00:00,0.4796069844448462,0.3472235954386607,0.3463859163146217,0.33526513273792335,0.0
2018-11-12 16:00:00,0.2200649039162216,0.26039127616460767,0.19289753260478154,0.49765987475784124,0.0
2018-11-12 17:00:00,0.46693688850769327,0.1803697663419364,0.18992452051801678,0.34308715867784045,0.0
2018-11-12 18:00:00,0.3422494176754732,0.11993747166185185,0.06256013775125693,0.25097125889813576,0.030387245938851372
2018-11-12 19:00:00,0.45381009938817585,0.5976956843551577,0.07461166921983904,0.1782625052301435,0.0
2018-11-12 20:00:00,0.40115748358386283,0.23703077444851195,0.03531650790985696,0.3611227408281261,0.0
2018-11-12 21:00:00,0.718716141414197,0.1737371365232099,0.07024577033249105,0.5498331152022763,0.005454018164149206
2018-11-12 22:00:00,0.7871148770296198,0.3096432892296525,0.15813648124181354,0.9112692694300066,0.02989178835320039
2018-11-12 23:00:00,0.5382995866928527,0.3294152065940531,0.6232824066201241,0.9713536280597391,0.048510290591879925
2018-11-13 00:00:00,0.7901138791209882,0.2457919449953849,0.9834636537614106,0.5205081756819373,0.03247385532669973
2018-11-13 01:00:00,0.981089337265665,0.35599563460494643,0.9834636537614106,0.2654026343733779,0.021358859383914637
2018-11-13 02:00:00,0.981089337265665,0.5297097858502439,0.9834636537614106,0.2288024642869571,0.002435407846500994
2018-11-13 03:00:00,0.981089337265665,0.44193443954749617,0.9834636537614106,0.5146816382522652,0.02551206879131433
2018-11-13 04:00:00,0.981089337265665,0.2085572766700302,0.9834636537614106,1.0,0.025149675387371454
2018-11-13 05:00:00,0.981089337265665,0.1561566792679115,0.9834636537614106,1.0,0.10517841072116585
2018-11-13 06:00:00,0.981089337265665,0.1451228088330485,0.9421657427452818,1.0,0.07779621663831605
2018-11-13 07:00:00,0.9447147100301219,0.17855713356301983,0.7324032329239393,0.9511972625488658,0.09224351523966594
2018-11-13 08:00:00,0.7777942807165584,0.25545399912250333,0.5981011575162546,0.9131300057040023,0.05997789645145283
2018-11-13 09:00:00,0.7810140531523487,0.275874570741047,0.3105120642567151,0.6454320412997161,0.04096876981324796
2018-11-13 10:00:00,0.6932884812600273,0.1907888596908939,0.3002321407497183,0.7642356921925045,0.05992815737445072
2018-11-13 11:00:00,0.626829766549116,0.2486597958194536,0.3040454681138138,0.7479800684194539,0.03369591863450556
2018-11-13 12:00:00,0.4557594428121637,0.24060800454137893,0.2825984950276172,0.5265452250317437,0.0
2018-11-13 13:00:00,0.41535789516927535,0.3267415020639383,0.2304365735686781,0.3692587348023498,0.0
2018-11-13 14:00:00,0.4680279583099629,0.34553167918480476,0.19045629120642604,0.3415671412975072,0.0
2018-11-13 15:00:00,0.2968906800865488,0.23264161950506176,0.16307381998480203,0.3719147564664518,0.03437861275062298
2018-11-13 16:00:00,0.22399152643490766,0.28428080651340587,0.17923454522321872,0.3178090025719167,0.13359576974757933
2018-11-13 17:00:00,0.2212182178677127,0.10746730742636577,0.1127903455668173,0.3948891452808697,0.1771172909306987
2018-11-13 18:00:00,0.76340255579185,0.026991997441319193,0.06960274717174819,0.4592777980248287,0.20177318075973144
2018-11-13 19:00:00,0.981089337265665,0.042938251347195235,0.07177248419307884,0.6334382909317358,0.22675508632345162
2018-11-13 20:00:00,0.9756317049583201,0.34641184714414924,0.14649226303016433,0.45831248517467194,0.2501009636760429
2018-11-13 21:00:00,0.8300868066786226,0.48458714583812357,0.3311909147154022,0.3456123310232978,0.12055731200452631
2018-11-13 22:00:00,0.7822423935964081,0.32227505647530785,0.8936318744484765,0.5061966874699342,0.09252754290660545
2018-11-13 23:00:00,0.6286677160508921,0.20012058508890507,0.9680463486456593,0.7212154746182637,0.11070905688184715
2018-11-14 00:00:00,0.8968439844648896,0.1860323497637859,0.9834636537614106,1.0,0.11357534364376148
2018-11-14 01:00:00,0.9757255084568591,0.06824869653728896,0.9410320724513822,1.0,0.08796740947396513
2018-11-14 02:00:00,0.981089337265665,0.0,0.8403331775508203,0.9627244025874583,0.09704818264037388
2018-11-14 03:00:00,0.981089337265665,0.06079012780940276,0.8428930138483823,0.8519460490823854,0.09500166121022993
2018-11-14 04:00:00,0.981089337265665,0.16634941761944758,0.9534257213092284,0.9536991463961805,0.0748050319128688
2018-11-14 05:00:00,0.981089337265665,0.1889762621469755,0.7434124738403373,1.0,0.17972712769962412
2018-11-14 06:00:00,0.981089337265665,0.09802088740492607,0.7017317641213615,0.9719577390079398,0.11877121468974192
2018-11-14 07:00:00,0.981089337265665,0.0627667676399295,0.7195749265701644,0.9490868492749186,0.054570455741667453
2018-11-14 08:00:00,0.6364555338167077,0.04042331199536926,0.726227914613997,0.25417243739116896,0.05785727321773864
2018-11-14 09:00:00,0.3774346311865257,0.025744060796218392,0.31225789272579074,0.2035506643895116,0.0959593819880784
2018-11-14 10:00:00,0.11462362522793995,0.0,0.21425024359655218,0.11333774250465796,0.04109276202482852
2018-11-14 11:00:00,0.046319548217722294,0.0,0.0922247888830376,0.06178577066558302,0.020513747395679145
2018-11-14 12:00:00,0.03520432298281494,0.0,0.04904529598154873,0.05815261474144304,0.0
2018-11-14 13:00:00,0.01614155832208875,0.0,0.03370285539493306,0.04424618194670479,0.0
2018-11-14 14:00:00,0.0004944824166191987,0.0,0.047896863765537534,0.06026544592219528,0.0
2018-11-14 15:00:00,0.0,0.0,0.06496481193592929,0.10327845450071989,0.0
2018-11-14 16:00:00,0.023218645739449092,0.0,0.08078466635398678,0.12300621361401004,0.018291622396583787
2018-11-14 17:00:00,0.14107337686245844,0.0,0.16222391477806605,0.2264217027296575,0.4264088289967652
2018-11-14 18:00:00,0.28498809532903646,0.0,0.17426557281015,0.24143733198230863,0.3995653131369977
2018-11-14 19:00:00,0.43361031390578375,0.04782791055710368,0.27672967114030134,0.36509874456283414,0.10685606176424346
2018-11-14 20:00:00,0.5736474524186543,0.1540341448211446,0.4041035095313988,0.2349737352301113,0.09131348650452213
2018-11-14 21:00:00,0.8574833699802141,0.3133725643641933,0.50015207125667,0.38444006067142567,0.17347001153132965
2018-11-14 22:00:00,0.8557869670586409,0.30238411943637167,0.6103543950366307,0.3112090044932432,0.1945593179122033
2018-11-14 23:00:00,0.7542110544396863,0.30638287531411385,0.9717187158867776,0.3430496711930384,0.04756198558694583
2018-11-15 00:00:00,0.7127455577983449,0.3825815309910786,0.9834636537614106,1.0,0.01547921407625278
2018-11-15 01:00:00,0.981089337265665,0.6610142489970288,0.9834636537614106,1.0,0.06371964220099796
2018-11-15 02:00:00,0.981089337265665,0.6036498920339124,0.9834636537614106,1.0,0.11376270340143972
2018-11-15 03:00:00,0.981089337265665,0.947678167145236,0.9834636537614106,1.0,0.20224185018799948
2018-11-15 04:00:00,0.981089337265665,0.9785379269967656,0.9834636537614106,1.0,0.3820526614392913
2018-11-15 05:00:00,0.981089337265665,0.9593803155432445,0.9834636537614106,1.0,0.4904759560290594
2018-11-15 06:00:00,0.981089337265665,0.8761242563799254,0.9834636537614106,1.0,0.5597381783851544
2018-11-15 07:00:00,0.981089337265665,0.7532665538415851,0.9834636537614106,1.0,0.5969248741984488
2018-11-15 08:00:00,0.981089337265665,0.2813189245012866,0.9834636537614106,1.0,0.1822521508767375
2018-11-15 09:00:00,0.981089337265665,0.19733240037835248,0.9136284143660015,1.0,0.3479999103579794
2018-11-15 10:00:00,0.4150198413037872,0.03744136543207278,0.7279772488739958,1.0,0.4161571113040588
2018-11-15 11:00:00,0.33049423949128354,0.16077438263457094,0.455921749862861,1.0,0.08319131196818126
2018-11-15 12:00:00,0.17242108561837327,0.9785379269967656,0.5567715315649475,0.6890978733087427,0.0
2018-11-15 13:00:00,0.35979242673385564,0.9785379269967656,0.40981135990631073,0.2423876871832645,0.0
2018-11-15 14:00:00,0.18132898214157306,0.5972104749063748,0.1774490509784902,0.1523695481981509,0.0
2018-11-15 15:00:00,0.19567286659404293,0.2009948143277631,0.09862505071145906,0.08381571103537472,0.13898710868293218
2018-11-15 16:00:00,0.26466998561672506,0.08938828672038811,0.07718844362433018,0.04225238046579993,0.3002344325202582
2018-11-15 17:00:00,0.24690080293855252,0.07830124669062428,0.0755456537867783,0.027946334121884235,0.288066564017153
2018-11-15 18:00:00,0.12801799117251433,0.015072964726480113,0.05024698621526415,0.0322049936394495,0.2818177624434851
2018-11-15 19:00:00,0.2809779022845786,0.0,0.5574426463975577,0.07367419954687826,0.29131459553215994
2018-11-15 20:00:00,0.31220945412251494,0.0,0.6474001276358576,0.0467778567717103,0.0
2018-11-15 21:00:00,0.35557816053041125,0.0,0.21726539054349664,0.03558573565592677,0.021441965196702897
2018-11-15 22:00:00,0.33024994793092616,0.0,0.0,0.0674500184379334,0.051985980572964975
2018-11-15 23:00:00,0.33024994793092616,0.023164527553055522,0.032322649285544916,0.11409922428724768,0.07356824284016332
2018-11-16 00:00:00,0.26842541342047416,0.09391960975366792,0.010137707850456229,0.31921187668719475,0.02116928511903222
2018-11-16 01:00:00,0.173804109189128,0.3109699828295595,0.005440964672854392,0.2540191048666831,0.0
2018-11-16 02:00:00,0.3477401342227681,0.7573301569762634,0.02603713990802599,0.5088831489234245,0.0
2018-11-16 03:00:00,0.626752434508241,0.762247667468368,0.31232024184441975,0.5090644108895325,0.006253166074937547
2018-11-16 04:00:00,0.8656725925130742,0.3109699828295595,0.9186910171060841,0.4496353618613974,0.0010259898577791734
2018-11-16 05:00:00,0.7466051947107302,0.31086642178808094,0.9834636537614106,0.4740545730374615,0.0
2018-11-16 06:00:00,0.981089337265665,0.1588472343005622,0.9834636537614106,0.4662114262139208,0.04257676230603301
2018-11-16 07:00:00,0.981089337265665,0.10537392635843487,0.9834636537614106,0.7249547656272541,0.10208154331606946
2018-11-16 08:00:00,0.981089337265665,0.08447975321503846,0.9834636537614106,0.6722746211617673,0.05916399641428143
2018-11-16 09:00:00,0.981089337265665,0.06378901716553617,0.7287536046811134,1.0,0.10328414978249563
2018-11-16 10:00:00,0.981089337265665,0.044678378297639175,0.2540507988476444,0.8579128773040019,0.07510377475360529
2018-11-16 11:00:00,0.981089337265665,0.0,0.18529740837404185,1.0,0.033750251929167856
2018-11-16 12:00:00,0.761930454480559,0.0,0.034519497751271236,0.8567318159938443,0.0
2018-11-16 13:00:00,0.7053727086024353,0.0,0.0,1.0,0.0
2018-11-16 14:00:00,0.3994826035865846,0.0,0.0,1.0,0.0
2018-11-16 15:00:00,0.32851251080803845,0.0,0.0,0.8376785743399241,0.0
2018-11-16 16:00:00,0.13215501966140272,0.0,0.0,1.0,0.0031671018704120995
2018-11-16 17:00:00,0.017573797634578864,0.0,0.9834636537614106,1.0,0.08685298329093077
2018-11-16 18:00:00,0.0,0.0,0.9834636537614106,1.0,0.30165330133597074
2018-11-16 19:00:00,0.21494474749680365,0.013134212290180679,0.9834636537614106,1.0,0.340838621230558
2018-11-16 20:00:00,0.18147041911850167,0.6133581481092896,0.9834636537614106,1.0,0.2254815452205014
2018-11-16 21:00:00,0.09258634205818825,0.8259950749230601,0.9834636537614106,1.0,0.33093218717672823
2018-11-16 22:00:00,0.335298439589911,0.9785379269967656,0.9834636537614106,1.0,0.5244551943806293
2018-11-16 23:00:00,0.981089337265665,0.9785379269967656,0.9834636537614106,1.0,0.750541416687661
2018-11-17 00:00:00,0.981089337265665,0.9785379269967656,0.9834636537614106,0.5234907618209088,0.10209732930525363
2018-11-17 01:00:00,0.981089337265665,0.9785379269967656,0.9623973581015417,0.23669192626621793,0.048441556422953946
2018-11-17 02:00:00,0.981089337265665,0.947374582325945,0.9834636537614106,0.16220596292946549,0.011500845691699011
2018-11-17 03:00:00,0.981089337265665,0.9176639162285517,0.9834636537614106,0.46313258528820633,0.020366259177559475
2018-11-17 04:00:00,0.981089337265665,0.4795552396382347,0.9834636537614106,0.6262064700229341,0.032666218634079605
2018-11-17 05:00:00,0.981089337265665,0.29455707970398753,0.9834636537614106,0.5782442137553433,0.05270491414015664
2018-11-17 06:00:00,0.981089337265665,0.15587331057710163,0.8497710991566947,0.5300305999878339,0.03269915054172454
2018-11-17 07:00:00,0.981089337265665,0.12219615054427214,0.6952959403717526,0.6667200344197843,0.025627374488209
2018-11-17 08:00:00,0.981089337265665,0.15942265538249756,0.39413899274178915,0.49791668923653415,0.04148330231838918
2018-11-17 09:00:00,0.9773611095851871,0.21768287174925113,0.377569194176665,0.3906413669775906,0.060923261388700835
2018-11-17 10:00:00,0.9425736952596154,0.148117899364563,0.30271125177817315,0.3085957476990622,0.19117361312800682
2018-11-17 11:00:00,0.9071704488594696,0.17195499488056432,0.2371164726145093,0.21458388404127948,0.2364075847022866
2018-11-17 12:00:00,0.7619963345467989,0.1054066848179013,0.20199920152956238,0.17921445814089101,0.2752361017399427
2018-11-17 13:00:00,0.6422105677148109,0.1103249078031314,0.13434612544801042,0.15020774668181783,0.27217704281808985
2018-11-17 14:00:00,0.7239445852701444,0.10396053484692004,0.14947911939249037,0.09419396076114914,0.44515852223550345
2018-11-17 15:00:00,0.6963767471889272,0.14313906342032054,0.09783521616044531,0.11951577410945494,0.40305711777257747
2018-11-17 16:00:00,0.5843836970499038,0.1460268293673615,0.10715493282302874,0.14171110390249095,0.20693574818390822
2018-11-17 17:00:00,0.49056800330231787,0.11259569564806698,0.18867747122320014,0.1074168255375129,0.160770646535685
2018-11-17 18:00:00,0.47930638088350824,0.09019399862551304,0.15062018214116474,0.0,0.337502629579901
2018-11-17 19:00:00,0.5918523205463444,0.028680840581201947,0.08126658944806336,0.0,0.27843207060109015
2018-11-17 20:00:00,0.3672465935887367,0.04812946770363441,0.032762564149503216,0.0,0.1747323578759898
2018-11-17 21:00:00,0.26027527491295865,0.01317049638014936,0.0,0.0,0.2421591232763428
2018-11-17 22:00:00,0.21554156708153063,0.0,0.0,0.0,0.17136980397287158
2018-11-17 23:00:00,0.18054594327664975,0.0,0.0,0.0,0.05629043786403869
2018-11-18 00:00:00,0.1699873009847635,0.0,0.0,0.04584990810546966,0.02704373067262379
2018-11-18 01:00:00,0.13205586933508556,0.0,0.0,0.3602376065767198,0.0
2018-11-18 02:00:00,0.0955253312515338,0.0,0.09390381021518454,0.7147799681372423,0.0
2018-11-18 03:00:00,0.04171030684291368,0.0,0.1443104736268853,0.4637965944231346,0.0
2018-11-18 04:00:00,0.015360292461730795,0.04127557424906776,0.22305257903308462,0.5075148969229277,0.0
2018-11-18 05:00:00,0.051143762878907394,0.029603513838671006,0.18902622212040185,0.721747479512303,0.0
2018-11-18 06:00:00,0.024773515527415545,0.12395790941512934,0.25955535581213635,0.5032976941119329,0.0
2018-11-18 07:00:00,0.0,0.1583596242986593,0.43984211166155845,0.4116848329292819,0.0
2018-11-18 08:00:00,0.0,0.12046995502265036,0.44699826056389724,0.2667493521235406,0.0
2018-11-18 09:00:00,0.0,0.028339284537546305,0.29569877153036445,0.38095123997032077,0.0
2018-11-18 10:00:00,0.0,0.0,0.17680254012791416,0.26760027701305017,0.0
2018-11-18 11:00:00,0.0,0.0,0.15079022852405544,0.1588842998866333,0.0
2018-11-18 12:00:00,0.0,0.020934228015765492,0.11143348737402141,0.13788002701254135,0.0
2018-11-18 13:00:00,0.022465777661666887,0.059139913950017095,0.0945768172618092,0.12006932561574996,0.0
2018-11-18 14:00:00,0.021646667986749517,0.020981685241678028,0.06971966144634414,0.0776144165447396,0.0
2018-11-18 15:00:00,0.10219171867905041,0.025036182231237467,0.17825709168318393,0.03658944003084152,0.0
2018-11-18 16:00:00,0.1768593977717605,0.029504180309505874,0.22529807513226136,0.0,0.0
2018-11-18 17:00:00,0.07626167696642344,0.06835909131588319,0.04231178758790058,0.0,0.013510833684572754
2018-11-18 18:00:00,0.06889732807485922,0.2517132861096865,0.036250987365230455,0.10423904282429208,0.01868784051017095
2018-11-18 19:00:00,0.23303605066888408,0.3314591378723774,0.04879370515594984,0.9301771275808202,0.0
2018-11-18 20:00:00,0.1972246844854746,0.3125196189567583,0.261362197639581,1.0,0.0
2018-11-18 21:00:00,0.10377663870146547,0.5528844779074068,0.9809993938038319,1.0,0.0
2018-11-18 22:00:00,0.18734190913674476,0.49774313782811547,0.9834636537614106,1.0,0.0
2018-11-18 23:00:00,0.1722489894471957,0.4258158516256782,0.9834636537614106,1.0,0.0
2018-11-19 00:00:00,0.10317031606457314,0.15265052520881037,0.9834636537614106,1.0,0.0
2018-11-19 01:00:00,0.0,0.29000639274339196,0.6932656264919071,1.0,0.0
2018-11-19 02:00:00,0.0,0.9785379269967656,0.5046986300907995,1.0,0.040314395437271354
2018-11-19 03:00:00,0.12359871854898599,0.9785379269967656,0.445380670558315,1.0,0.05369751363854023
2018-11-19 04:00:00,0.7853797606985726,0.9785379269967656,0.6358245954456359,1.0,0.028287098557355377
2018-11-19 05:00:00,0.981089337265665,0.9600744425081862,0.7112602773397159,1.0,0.0
2018-11-19 06:00:00,0.7660512813126087,0.806597988844799,0.38079189579274697,1.0,0.0
2018-11-19 07:00:00,0.5916040271019425,0.5414108448751429,0.7245454371404457,1.0,0.056841356640634055
2018-11-19 08:00:00,0.6558057650563438,0.9785379269967656,0.9276792233029614,1.0,0.0047732726126290155
2018-11-19 09:00:00,0.5755954626326962,0.588283849264508,0.5893938643604301,0.5096981611425047,0.0
2018-11-19 10:00:00,0.33851616435148135,0.10911715752710816,0.5478940823737624,0.15192971966566887,0.0
2018-11-19 11:00:00,0.23332732835888517,0.033785349908283205,0.5234698556879056,0.1547575268701635,0.0
2018-11-19 12:00:00,0.12464535224273157,0.0,0.39255079328691933,0.12720570834164854,0.013826017243432978
2018-11-19 13:00:00,0.12485828124678247,0.04441176944529694,0.2209998116399839,0.17382858486661207,0.052322443977479136
2018-11-19 14:00:00,0.1347581415297031,0.019293009054538863,0.23902467536589814,0.11409413871090966,0.04660480803156765
2018-11-19 15:00:00,0.07046217349586933,0.03636040201831131,0.23326687620080264,0.06872914140166858,0.12787590662989626
2018-11-19 16:00:00,0.06776907245856913,0.03533589796433851,0.16486415807232177,0.051916386013994044,0.09910946339552715
2018-11-19 17:00:00,0.016990604999303865,0.05456337848018707,0.16014065776831846,0.10140736952634487,0.11370286567945607
2018-11-19 18:00:00,0.0,0.0,0.09527056738527338,0.0,0.07077181714196888
2018-11-19 19:00:00,0.0,0.04098882565215029,0.1722752355702453,0.0,0.17182100565011615
2018-11-19 20:00:00,0.0,0.0,0.0977033391236549,0.0,0.0
2018-11-19 21:00:00,0.0,0.0,0.03309288775071639,0.1263891245982751,0.030939021720384274
2018-11-19 22:00:00,0.0,0.0,0.0,0.1597294822885541,0.007078011570338795
2018-11-19 23:00:00,0.0,0.0,0.008851315014999271,0.3020904131724037,0.021816068325449165
2018-11-20 00:00:00,0.017217823949368025,0.0,0.02761452839287031,0.12869737544572293,0.04760374485741596
2018-11-20 01:00:00,0.1198482890104089,0.009339593602156367,0.22039883885447598,0.1392676839375639,0.0
2018-11-20 02:00:00,0.19441692214564515,0.04761153437401744,0.4892689861184802,0.26293551519690594,0.0
2018-11-20 03:00:00,0.6067503753729325,0.1249165214363028,0.7022864709265488,0.21413919238182041,0.0
2018-11-20 04:00:00,0.981089337265665,0.12538520787623347,0.7294317603871385,0.1449034646474938,0.0
2018-11-20 05:00:00,0.981089337265665,0.0,0.6417094913162666,0.15990094226414742,0.0
2018-11-20 06:00:00,0.981089337265665,0.0,0.7814246069738292,0.25646648350795115,0.0
2018-11-20 07:00:00,0.981089337265665,0.0,0.5195887771553548,1.0,0.0
2018-11-20 08:00:00,0.981089337265665,0.06736878237617853,0.6549651839110362,1.0,0.0
2018-11-20 09:00:00,0.7625244200630577,0.1162992204826919,0.20621306692053049,0.8881950598535269,0.0
2018-11-20 10:00:00,0.3161527832563362,0.010749635552231563,0.144949939364276,0.27542890359220457,0.0
2018-11-20 11:00:00,0.05185721147254465,0.0,0.20236042663835213,0.13579799291861494,0.0
2018-11-20 12:00:00,0.0,0.0,0.2062572410301233,0.1278642285386767,0.0
2018-11-20 13:00:00,0.0,0.0,0.09272870162593798,0.06492831459693924,0.0
2018-11-20 14:00:00,0.0,0.0,0.03663850287406954,0.056138831016225084,0.0
2018-11-20 15:00:00,0.0,0.0,0.02275438100871132,0.024373067240377633,0.02835769167060746
2018-11-20 16:00:00,0.0,0.0,0.0,0.007778564145601862,0.030477421868712048
2018-11-20 17:00:00,0.0,0.0019610252217858153,0.0,0.056952864227666794,0.06718619211398098
2018-11-20 18:00:00,0.0,0.0,0.0,0.0,0.06015376429623187
2018-11-20 19:00:00,0.019885635252735002,0.0,0.0,0.0,0.21256900945462923
2018-11-20 20:00:00,0.0,0.0,0.0,0.0,0.0
2018-11-20 21:00:00,0.0,0.0,0.01907096240217789,0.08083228900301799,0.0
2018-11-20 22:00:00,0.0,0.0,0.09297731816347221,0.1634531474502212,0.0
2018-11-20 23:00:00,0.0,0.0,0.11394013755351302,0.24444915061804584,0.0
2018-11-21 00:00:00,0.023246916642608816,0.0,0.1993016026444522,0.2071665986801396,0.025889499452023786
2018-11-21 01:00:00,0.15482829386647734,0.13972301730944836,0.3978862779361718,0.2299716662305432,0.05360934175603613
2018-11-21 02:00:00,0.26383548147304714,0.07916871581504313,0.5431639310625994,0.25514161645290445,0.05945144004604231
2018-11-21 03:00:00,0.2055325176889906,0.101747875908303,0.46250226034127945,0.27636117470721727,0.04498297899830612
2018-11-21 04:00:00,0.18564768923746114,0.10240663414620262,0.4379022739962207,0.2534473376710165,0.03227819196376539
2018-11-21 05:00:00,0.03843492768970378,0.10043035943250386,0.5120826509032915,0.12616103572672058,0.0
2018-11-21 06:00:00,0.02858543662682174,0.09647781000510638,0.5709410509222449,0.06232186108407147,0.0
2018-11-21 07:00:00,0.058297891862520365,0.0876626776455819,0.5195163206309668,0.06887492171081079,0.0
2018-11-21 08:00:00,0.020110109479930978,0.031638193700992516,0.681706938021124,0.022230237503853525,0.016294920594649737
2018-11-21 09:00:00,0.0,0.014212284925854725,0.2873708826459751,0.4582593216098906,0.03772712875701308
2018-11-21 10:00:00,0.0,0.0,0.09614941161262762,0.3433026144350198,0.016748100439024156
2018-11-21 11:00:00,0.0,0.0,0.03752043843253169,0.15387524080198622,0.0
2018-11-21 12:00:00,0.0,0.0,0.0,0.06258966341915645,0.0
2018-11-21 13:00:00,0.03275759707104624,0.0,0.0,0.047298821364150555,0.0
2018-11-21 14:00:00,0.07349740438537161,0.0,0.0,0.036757310463451834,0.0
2018-11-21 15:00:00,0.13934819756322553,0.019683944876254553,0.0,0.043888627357288504,0.0
2018-11-21 16:00:00,0.17878143247928172,0.026966365978870494,0.017480029689161687,0.062289094842633765,0.0
2018-11-21 17:00:00,0.2605806603386966,0.08627851986917129,0.06414743614177322,0.0907127134023946,0.08904827519062979
2018-11-21 18:00:00,0.43963164854494974,0.08367340774701736,0.10495352718997977,0.07685756095747152,0.25300000426386365
2018-11-21 19:00:00,0.7986525967817723,0.08886996370396057,0.3582127307731133,0.11726836486543452,0.18170394572164236
2018-11-21 20:00:00,0.6636844642073692,0.11578239466059413,0.5951736766957536,0.1301264202893379,0.0
2018-11-21 21:00:00,0.981089337265665,0.09834889032991886,0.8897719285110679,0.21369480317118658,0.0
2018-11-21 22:00:00,0.981089337265665,0.07326451784779098,0.978916782158812,0.19483232055681446,0.06294546906958227
2018-11-21 23:00:00,0.9501767571372319,0.05676135989159516,0.9834636537614106,0.23853776770016458,0.06199095692982163
2018-11-22 00:00:00,0.5211084723467053,0.023885866786993643,0.9834636537614106,0.15828035932336185,0.026472048045973643
2018-11-22 01:00:00,0.4822717029770737,0.07759108703349532,0.9834636537614106,0.125741236592375,0.027609222375224226
2018-11-22 02:00:00,0.804713720523782,0.12517859893888186,0.9834636537614106,0.10428367603225454,0.06118713522280128
2018-11-22 03:00:00,0.6845333044780062,0.09536580272907241,0.9834636537614106,0.12035756727974178,0.031013585015775412
2018-11-22 04:00:00,0.6166890943632969,0.07652650117626973,0.9834636537614106,0.153581098373755,0.06600691674199208
2018-11-22 05:00:00,0.1953618767765108,0.08702750209785641,0.5741174435343623,0.27047838127789264,0.07308603432230325
2018-11-22 06:00:00,0.08288624331631547,0.08326161405797874,0.39064321315178624,0.4275330981245644,0.16414260743533643
2018-11-22 07:00:00,0.0902430762672642,0.08018181460638191,0.39529725906991797,0.4016537014670521,0.30496464274452967
2018-11-22 08:00:00,0.0330586103884818,0.025990934390020873,0.35260597446783093,0.35574432220069857,0.16344006171607034
2018-11-22 09:00:00,0.0,0.06993490673193853,0.11739306900274264,0.13366996983359533,0.09096659167777149
2018-11-22 10:00:00,0.020187321216473524,0.022654088635424254,0.0469962239262742,0.09332572551581475,0.0
2018-11-22 11:00:00,0.02761107521162617,0.03923217641138139,0.0,0.0461989523477743,0.0
2018-11-22 12:00:00,0.06229795737934447,0.08345124206530122,0.0,0.04035959275367666,0.0
2018-11-22 13:00:00,0.1621702193246703,0.24477879848601963,0.006053602250097506,0.04602666574406016,0.0
2018-11-22 14:00:00,0.3193863360635545,0.7607178353050041,0.04943971356262179,0.1576861850052007,0.0
2018-11-22 15:00:00,0.4681308409693082,0.5337121020825817,0.23244811915173422,0.05185683204508706,0.0
2018-11-22 16:00:00,0.2648914857011338,0.4707442451932571,0.2358463915377767,0.05723781286182771,0.0
2018-11-22 17:00:00,0.981089337265665,0.1193814735651745,0.550907883926476,0.30212886756197666,0.0
2018-11-22 18:00:00,0.981089337265665,0.04865032334013943,0.6560831431143709,0.7430793636955125,0.9495255609856614
2018-11-22 19:00:00,0.981089337265665,0.07596745142961836,0.7516360449986211,0.46280323769020437,0.9495255609856614
2018-11-22 20:00:00,0.8653943506863685,0.9785379269967656,0.2407079452080928,0.2532114189875368,0.9495255609856614
2018-11-22 21:00:00,0.7043690639499604,0.9785379269967656,0.9834636537614106,0.5288931865530521,0.9495255609856614
2018-11-22 22:00:00,0.981089337265665,0.9785379269967656,0.9834636537614106,1.0,0.721534421074625
2018-11-22 23:00:00,0.981089337265665,0.4973900106021336,0.9834636537614106,1.0,0.9495255609856614
2018-11-23 00:00:00,0.981089337265665,0.42540686756747814,0.9834636537614106,1.0,0.9495255609856614
2018-11-23 01:00:00,0.981089337265665,0.4099283241439451,0.9834636537614106,1.0,0.9495255609856614
2018-11-23 02:00:00,0.981089337265665,0.9785379269967656,0.9834636537614106,1.0,0.9495255609856614
2018-11-23 03:00:00,0.981089337265665,0.9785379269967656,0.9834636537614106,1.0,0.9495255609856614
2018-11-23 04:00:00,0.981089337265665,0.9785379269967656,0.9834636537614106,1.0,0.9495255609856614
2018-11-23 05:00:00,0.981089337265665,0.9785379269967656,0.9834636537614106,1.0,0.9495255609856614
2018-11-23 06:00:00,0.981089337265665,0.871634293540867,0.9834636537614106,1.0,0.9495255609856614
2018-11-23 07:00:00,0.981089337265665,0.9785379269967656,0.9834636537614106,1.0,0.9495255609856614
2018-11-23 08:00:00,0.981089337265665,0.9785379269967656,0.9834636537614106,1.0,0.9495255609856614
2018-11-23 09:00:00,0.981089337265665,0.5532032744741294,0.9834636537614106,1.0,0.5612370479102649
2018-11-23 10:00:00,0.981089337265665,0.9785379269967656,0.9834636537614106,1.0,0.9495255609856614
2018-11-23 11:00:00,0.981089337265665,0.9785379269967656,0.9834636537614106,1.0,0.9495255609856614
2018-11-23 12:00:00,0.981089337265665,0.9785379269967656,0.9834636537614106,1.0,0.9495255609856614
2018-11-23 13:00:00,0.8286543191414,0.9785379269967656,0.9834636537614106,1.0,0.9495255609856614
2018-11-23 14:00:00,0.981089337265665,0.9785379269967656,0.9834636537614106,1.0,0.9495255609856614
2018-11-23 15:00:00,0.8976260027373324,0.9785379269967656,0.9834636537614106,1.0,0.9495255609856614
2018-11-23 16:00:00,0.5141936975471051,0.8649044224597351,0.9834636537614106,1.0,0.9495255609856614
2018-11-23 17:00:00,0.28721056354181673,0.1276534047948472,0.9834636537614106,1.0,0.9495255609856614
2018-11-23 18:00:00,0.3243979186195947,0.24542704789573208,0.9834636537614106,1.0,0.9495255609856614
2018-11-23 19:00:00,0.5550124686534722,0.35552763587441555,0.9834636537614106,1.0,0.7290540426968374
2018-11-23 20:00:00,0.15661550704210556,0.20563630742239858,0.9834636537614106,1.0,0.9495255609856614
2018-11-23 21:00:00,0.31226178967861895,0.15017616079076243,0.9834636537614106,1.0,0.9495255609856614
2018-11-23 22:00:00,0.07616912965156748,0.36330796260168136,0.9834636537614106,0.6977117274045105,0.0
2018-11-23 23:00:00,0.0,0.0,0.301787003860377,0.0961094548760491,0.08997560040265747
2018-11-24 00:00:00,0.0,0.14734358199777212,0.03863418373483483,0.009190903200971438,0.08185269448534309
2018-11-24 01:00:00,0.04711723640635454,0.30447494820519966,0.0,0.603111255724559,0.3128900182175346
2018-11-24 02:00:00,0.05045019855720507,0.3605118348462666,0.0,1.0,0.07388103851751154
2018-11-24 03:00:00,0.12214118297543905,0.6464453933826366,0.05416389965364382,1.0,0.07099142193499869
2018-11-24 04:00:00,0.6979470972256568,0.9785379269967656,0.30659633081197885,1.0,0.0
2018-11-24 05:00:00,0.9771717636405152,0.16785844234847622,0.5900803843459375,1.0,0.0
2018-11-24 06:00:00,0.9679966059293273,0.23244729782967502,0.7403097751524353,0.5064155835761556,0.0
2018-11-24 07:00:00,0.981089337265665,0.11627488182244243,0.747539057300519,0.3789140967970647,0.07211198357029938
2018-11-24 08:00:00,0.981089337265665,0.0668666992091162,0.6382531732439528,0.1655956292527819,0.0
2018-11-24 09:00:00,0.8941439641502803,0.03959008046201375,0.8506263978887221,0.44073782878747897,0.0
2018-11-24 10:00:00,0.981089337265665,0.10888996608365172,0.968755562465358,0.6101040481966811,0.0
2018-11-24 11:00:00,0.5004260911483472,0.4532310898738317,0.959508476538631,0.35865977564401996,0.0
2018-11-24 12:00:00,0.28445002142244097,0.6706554269136568,0.5549211541664133,0.21713297152207564,0.9495255609856614
2018-11-24 13:00:00,0.1439049139395661,0.4637864721729395,0.14789318938055793,0.9653246948164701,0.9495255609856614
2018-11-24 14:00:00,0.32665881714698886,0.0,0.0530555996579043,1.0,0.9495255609856614
2018-11-24 15:00:00,0.9300285979566663,0.12857051022553698,0.0,1.0,0.9495255609856614
2018-11-24 16:00:00,0.15145021098178088,0.9785379269967656,0.9834636537614106,1.0,0.9495255609856614
2018-11-24 17:00:00,0.7833291548274015,0.9785379269967656,0.9834636537614106,1.0,0.9495255609856614
2018-11-24 18:00:00,0.981089337265665,0.9785379269967656,0.6506083542265122,1.0,0.9495255609856614
2018-11-24 19:00:00,0.981089337265665,0.9785379269967656,0.9104243341688462,0.6690888502873985,0.9495255609856614
2018-11-24 20:00:00,0.981089337265665,0.9785379269967656,0.024780504563674616,0.3946630340761865,0.561772423354569
2018-11-24 21:00:00,0.981089337265665,0.9785379269967656,0.02452779194461261,1.0,0.9495255609856614
2018-11-24 22:00:00,0.981089337265665,0.9785379269967656,0.0,1.0,0.9495255609856614
2018-11-24 23:00:00,0.981089337265665,0.9785379269967656,0.0,1.0,0.9495255609856614
2018-11-25 00:00:00,0.981089337265665,0.9785379269967656,0.9834636537614106,1.0,0.9495255609856614
2018-11-25 01:00:00,0.981089337265665,0.9785379269967656,0.9834636537614106,1.0,0.9495255609856614
2018-11-25 02:00:00,0.981089337265665,0.9785379269967656,0.9834636537614106,1.0,0.9495255609856614
2018-11-25 03:00:00,0.981089337265665,0.9785379269967656,0.9834636537614106,1.0,0.7883880474302316
2018-11-25 04:00:00,0.981089337265665,0.9785379269967656,0.9834636537614106,1.0,0.5254773142827882
2018-11-25 05:00:00,0.981089337265665,0.9785379269967656,0.9834636537614106,1.0,0.659356333006495
2018-11-25 06:00:00,0.981089337265665,0.9785379269967656,0.9834636537614106,1.0,0.8567976891819438
2018-11-25 07:00:00,0.981089337265665,0.9785379269967656,0.9834636537614106,1.0,0.9495255609856614
2018-11-25 08:00:00,0.981089337265665,0.9785379269967656,0.9834636537614106,1.0,0.2795393623929405
2018-11-25 09:00:00,0.981089337265665,0.9785379269967656,0.9834636537614106,1.0,0.19562884887532855
2018-11-25 10:00:00,0.981089337265665,0.9785379269967656,0.9834636537614106,0.7762228824136433,0.15946313642924906
2018-11-25 11:00:00,0.981089337265665,0.9785379269967656,0.9834636537614106,0.5851067587584599,0.21983039535869736
2018-11-25 12:00:00,0.981089337265665,0.9785379269967656,0.9834636537614106,0.7867321033106073,0.0
2018-11-25 13:00:00,0.981089337265665,0.9785379269967656,0.88008774122683,0.6630484686528878,0.025535086677237508
2018-11-25 14:00:00,0.981089337265665,0.49778974126369213,0.7074057107300086,0.7859703504134802,0.04107036194599077
2018-11-25 15:00:00,0.981089337265665,0.2062139331343549,0.4716468998764051,0.7368431767561329,0.05566403778450723
2018-11-25 16:00:00,0.981089337265665,0.20552051309821034,0.2364614582469263,0.8416849276430647,0.08317450376590865
2018-11-25 17:00:00,0.6089888586446219,0.5405727562302228,0.13509400938768076,0.7716910880861437,0.20159447962580282
2018-11-25 18:00:00,0.3405443795676772,0.6972543629613667,0.02338227264424883,0.7608517695404433,0.2802536625893065
2018-11-25 19:00:00,0.20477445188401838,0.0,0.18588026025876447,0.6986920160519842,0.2357890530775058
2018-11-25 20:00:00,0.04212533753893476,0.09390357742153661,0.3732163079845143,1.0,0.40531058700025824
2018-11-25 21:00:00,0.01498409653342366,0.08449208555103786,0.5835311143539589,1.0,0.2702856642996354
2018-11-25 22:00:00,0.08821189746009961,0.08680226332941145,0.4321961775545225,0.8883277129913698,0.03487954051569554
2018-11-25 23:00:00,0.09831864708883388,0.06017455510331349,0.9785687635898244,1.0,0.0
2018-11-26 00:00:00,0.253910962106471,0.05863736521953626,0.9834636537614106,1.0,0.0
2018-11-26 01:00:00,0.3334997847037512,0.9785379269967656,0.9834636537614106,1.0,0.0
2018-11-26 02:00:00,0.3709492977534119,0.9785379269967656,0.9834636537614106,1.0,0.0
2018-11-26 03:00:00,0.34459094795258877,0.9552967218442411,0.9834636537614106,1.0,0.0
2018-11-26 04:00:00,0.2387671539827547,0.1289988925464152,0.9433397396410529,1.0,0.0
2018-11-26 05:00:00,0.04225438298759681,0.44885988034491364,0.7051059355981933,1.0,0.0
2018-11-26 06:00:00,0.047298350464854096,0.4871140616395102,0.731377294301671,1.0,0.0
2018-11-26 07:00:00,0.0,0.2784182672392654,0.6016474913160756,1.0,0.0
2018-11-26 08:00:00,0.0,0.15412564550234367,0.4796036701924598,1.0,0.0
2018-11-26 09:00:00,0.0545005690329429,0.028721241555023872,0.3579466107803744,1.0,0.0
2018-11-26 10:00:00,0.0,0.0,0.25263596061721216,1.0,0.0
2018-11-26 11:00:00,0.0,0.0,0.21486347917037907,0.7688286714832602,0.018765718336066307
2018-11-26 12:00:00,0.0,0.15608974753801153,0.10651505514466118,0.6140390502251157,0.045749328442775454
2018-11-26 13:00:00,0.0,0.13261323383219706,0.06701594655987872,0.4302274002200715,0.03405388727081354
2018-11-26 14:00:00,0.0,0.08775430168631601,0.03411004866904266,0.37723736807981445,0.018225789193585137
2018-11-26 15:00:00,0.0,0.1194588845034321,0.023604315585110284,0.16350933994509076,0.02456747685325839
2018-11-26 16:00:00,0.0,0.16126077827269197,0.0,0.21372541415199184,0.05584301101604123
2018-11-26 17:00:00,0.0,0.10794856364843505,0.0,0.0,0.07636499964255626
2018-11-26 18:00:00,0.05424331225362235,0.2741119777488091,0.04103452036813336,0.0,0.0964937944866627
2018-11-26 19:00:00,0.33338005736675275,0.4870469409087532,0.0,0.0,0.0
2018-11-26 20:00:00,0.43874159276314434,0.9034755970111237,0.032181350878294566,0.20524895992133205,0.0
2018-11-26 21:00:00,0.4346048130771575,0.7376550164896055,0.10867951570908196,0.24932748086048756,0.007702688207761093
2018-11-26 22:00:00,0.6246603702807614,0.35259878652540017,0.22005635507883148,0.8694527913458031,0.12336462607580657
2018-11-26 23:00:00,0.5577314735427517,0.24957187600566139,0.2512238017595287,1.0,0.02903988640551399
2018-11-27 00:00:00,0.8193128036315642,0.38888876951522733,0.32819075798280894,1.0,0.13016620580181276
2018-11-27 01:00:00,0.981089337265665,0.9785379269967656,0.4459947622181083,1.0,0.27668309151599324
2018-11-27 02:00:00,0.981089337265665,0.9785379269967656,0.46467089748765256,1.0,0.45885018124442034
2018-11-27 03:00:00,0.664158414113474,0.9785379269967656,0.5470866497282283,1.0,0.0
2018-11-27 04:00:00,0.37161674284229584,0.9785379269967656,0.5649515560812435,1.0,0.0
2018-11-27 05:00:00,0.771036772434798,0.26849067310762764,0.06606904821507732,0.6790054401499789,0.10114370370862263
2018-11-27 06:00:00,0.5739156098453924,0.02255724141456379,0.03144016237636634,0.8904463310278852,0.0
2018-11-27 07:00:00,0.38408889176402894,0.0,0.02383941244440793,0.865733792498596,0.0
2018-11-27 08:00:00,0.18687563959050113,0.0,0.03194736982896814,1.0,0.0
2018-11-27 09:00:00,0.0,0.08875388882735781,0.12030599911879833,1.0,0.0
2018-11-27 10:00:00,0.0,0.025776108623988846,0.13344618758554175,1.0,0.0
2018-11-27 11:00:00,0.008083990692514158,0.07967788751766104,0.06336067862126996,1.0,0.0
2018-11-27 12:00:00,0.05228849254034983,0.058062519794157996,0.05539741206983117,1.0,0.0
2018-11-27 13:00:00,0.14144649018095487,0.05403930651727549,0.10162185707776095,1.0,0.0
2018-11-27 14:00:00,0.16487136088783874,0.06261976074130844,0.0,0.24396356431355204,0.0
2018-11-27 15:00:00,0.15629099193181872,0.06247612718383128,0.0,0.19763329828746434,0.0
2018-11-27 16:00:00,0.534461367670461,0.037040356661838275,0.09104607087431044,0.22747662969300247,0.0
2018-11-27 17:00:00,0.6982326923338366,0.0,0.17878354955686257,0.10287650025997791,0.0
2018-11-27 18:00:00,0.981089337265665,0.0,0.29114302256391084,0.44424719108968597,0.9495255609856614
2018-11-27 19:00:00,0.981089337265665,0.0,0.28810048745565364,0.29009417999632775,0.3374630878930038
2018-11-27 20:00:00,0.9156006074035367,0.017445292660082323,0.5297243566976924,0.36661091276071267,0.9495255609856614
2018-11-27 21:00:00,0.9454890884189644,0.04276105926561336,0.8069080272279242,0.4521580573450395,0.9495255609856614
2018-11-27 22:00:00,0.698203956103946,0.0,0.38130096063924335,0.5265406149856251,0.5357265497393835
2018-11-27 23:00:00,0.20017967273438947,0.0,0.42979278615529276,0.6379392474402125,0.41988286245095113
2018-11-28 00:00:00,0.6907854483422321,0.07074636043138788,0.6428275287950187,0.9281879787400804,0.1273863472454933
2018-11-28 01:00:00,0.7738075230473512,0.08619265753128413,0.7262857192220344,1.0,0.027794225122043787
2018-11-28 02:00:00,0.7448596112470901,0.2903284230102375,0.9834636537614106,1.0,0.5555593330466748
2018-11-28 03:00:00,0.981089337265665,0.33957356044843534,0.9834636537614106,1.0,0.6763748936630433
2018-11-28 04:00:00,0.981089337265665,0.3934944771168872,0.5132164519120035,1.0,0.9495255609856614
2018-11-28 05:00:00,0.981089337265665,0.0,0.3770903010487147,1.0,0.411810644527262
2018-11-28 06:00:00,0.8413507381555979,0.3127315855017772,0.8309179883526847,1.0,0.07915227646655491
2018-11-28 07:00:00,0.7178973916076542,0.4631796706467801,0.35234509412806925,1.0,0.10008793350228368
2018-11-28 08:00:00,0.4467199257905868,0.3434822661609387,0.9834636537614106,1.0,0.0
2018-11-28 09:00:00,0.25723077110442516,0.12880453433385566,0.9834636537614106,1.0,0.018323717284325986
2018-11-28 10:00:00,0.1666187187911998,0.0781334584937089,0.9834636537614106,1.0,0.030101897493943316
2018-11-28 11:00:00,0.09895929706745683,0.3709581860155975,0.9801089181214997,1.0,0.07490365086431905
2018-11-28 12:00:00,0.026038851548987614,0.1343067048007994,0.9834636537614106,1.0,0.03009136689430532
2018-11-28 13:00:00,0.06936230364964936,0.017623639180833185,0.7676263020565323,1.0,0.06699009173375858
2018-11-28 14:00:00,0.14545148189795273,0.24065163728082,0.8917900405022227,1.0,0.05375549213555028
2018-11-28 15:00:00,0.1398265256102655,0.25902438880917283,0.1885485286114643,1.0,0.0
2018-11-28 16:00:00,0.05064485983765949,0.08708597887311975,0.044291132231407924,1.0,0.0
2018-11-28 17:00:00,0.02588332751944862,0.06666946090715113,0.0,1.0,0.9495255609856614
2018-11-28 18:00:00,0.28045177274541394,0.08016032130476315,0.0,1.0,0.9495255609856614
2018-11-28 19:00:00,0.981089337265665,0.047935943473365376,0.0015711848428122304,0.9791404174935185,0.0
2018-11-28 20:00:00,0.981089337265665,0.3084061961556314,0.06218162870192184,0.9700445833328546,0.05706071477107885
2018-11-28 21:00:00,0.8591092485107921,0.5661502781244463,0.31873610588417467,0.5349173248952518,0.7895739187777854
2018-11-28 22:00:00,0.7166305517431778,0.9785379269967656,0.33947244263520454,0.482897384850415,0.0
2018-11-28 23:00:00,0.44040553556381895,0.9785379269967656,0.11094258750008851,0.0,0.0
2018-11-29 00:00:00,0.4800903317984715,0.4386560398937039,0.039599980497139746,0.026754913063663233,0.04614579654040968
2018-11-29 01:00:00,0.6147376935475338,0.19477959756396163,0.0,0.08519706441605732,0.0
2018-11-29 02:00:00,0.26962315620917215,0.408603756852682,0.04339429513116393,0.07844082941393321,0.0
2018-11-29 03:00:00,0.08082658980592985,0.2515319296880503,0.0,0.0,0.03125910826548255
2018-11-29 04:00:00,0.023938057830093094,0.0,0.0,0.1020793868657719,0.0
2018-11-29 05:00:00,0.9167722992887276,0.04539050186777289,0.0,0.18406538946374057,0.05193989818265469
2018-11-29 06:00:00,0.8142143058647422,0.10943171165327235,0.4978626921439535,0.04325403412376094,0.7385155470224971
2018-11-29 07:00:00,0.753522744275743,0.9785379269967656,0.47378819811635237,0.0,0.9495255609856614
2018-11-29 08:00:00,0.981089337265665,0.9785379269967656,0.39502914860972915,0.2713252778760505,0.09386110728419172
2018-11-29 09:00:00,0.977644221051006,0.6600151676479711,0.20603300577178582,0.07341810595897931,0.048533910003059066
2018-11-29 10:00:00,0.7468769061583088,0.4244610988613989,0.006366491229891851,0.10501642920306815,0.0
2018-11-29 11:00:00,0.36688354793605615,0.28388964610210576,0.12432922607991913,0.02752269891846705,0.0
2018-11-29 12:00:00,0.14853305172375755,0.06768119403728401,0.06590589744885088,0.09524517897531729,0.0
2018-11-29 13:00:00,0.04254008229116581,0.0,0.0,0.10790792675048436,0.0
2018-11-29 14:00:00,0.0,0.02415498405885841,0.0,0.1036995646750558,0.0
2018-11-29 15:00:00,0.0,0.051395886258234,0.0,0.0,0.11989835607809517
2018-11-29 16:00:00,0.0,0.06842745502679906,0.0,0.0,0.4326168714548946
2018-11-29 17:00:00,0.24049326625660736,0.21515106911573526,0.18412599263978224,0.0,0.30459879086115277
2018-11-29 18:00:00,0.6937724871683779,0.46093734647797846,0.2191928840744071,0.12542311025141795,0.4851119685341756
2018-11-29 19:00:00,0.9481229323272403,0.05329352945404599,0.3854650626516592,0.13692811136046804,0.19380617035312184
2018-11-29 20:00:00,0.981089337265665,0.5636785494766443,0.31349870037392924,0.09435340053647458,0.0
2018-11-29 21:00:00,0.981089337265665,0.4993377197227338,0.5150868419870946,0.5238628060579786,0.0621057314186088
2018-11-29 22:00:00,0.981089337265665,0.8141379454827367,0.5650726029218693,0.538853740277346,0.00016679433395236625
2018-11-29 23:00:00,0.9177981007532824,0.9785379269967656,0.4281957377121895,1.0,0.0
2018-11-30 00:00:00,0.8925853529900284,0.9785379269967656,0.17849165191788172,1.0,0.0
2018-11-30 01:00:00,0.5294924740315645,0.44679802178989525,0.3330156901098802,1.0,0.0
2018-11-30 02:00:00,0.6647834790053087,0.18960638041451472,0.36871325989218534,1.0,0.0
2018-11-30 03:00:00,0.7292238062132685,0.09502696263984022,0.3134096972611823,1.0,0.01832278313564524
2018-11-30 04:00:00,0.7631567126717833,0.12025559091047035,0.3464196572292989,1.0,0.034978638336268644
2018-11-30 05:00:00,0.4609467996155645,0.0,0.2391253383229995,0.669895773345525,0.0
2018-11-30 06:00:00,0.519321428979561,0.0059573944081577615,0.3222643868314279,0.5428400653858082,0.0
2018-11-30 07:00:00,0.6818096533892049,0.05861990182670055,0.43616396738415847,0.3440006419837481,0.0
2018-11-30 08:00:00,0.43340019623861253,0.05492330635754281,0.5374569174316192,0.22072282459243245,0.0
2018-11-30 09:00:00,0.2803157299401064,0.0,0.43792559861668945,0.10393395440924078,0.0
2018-11-30 10:00:00,0.2553548412204791,0.0,0.3251485623864686,0.06522494940379493,0.0
2018-11-30 11:00:00,0.2560961146087909,0.0,0.29758026925744285,0.08355285326076035,0.0
2018-11-30 12:00:00,0.19929100391826496,0.0,0.25024949799635154,0.08066935066852621,0.0
2018-11-30 13:00:00,0.27918584337007507,0.154741044267728,0.18029415575913382,0.0,0.0
2018-11-30 14:00:00,0.49738773738572684,0.04816580207269755,0.12436338880850796,0.0,0.0774645803355791
2018-11-30 15:00:00,0.981089337265665,0.209046246011924,0.16271104280079754,0.0,0.04526268538094957
2018-11-30 16:00:00,0.472803142331039,0.2989525261370914,0.26519211941441967,0.021149509772234013,0.2930686861180564
2018-11-30 17:00:00,0.7392461565751111,0.16577335280155178,0.24989357158208403,0.09102762741549994,0.6791572685990999
2018-11-30 18:00:00,0.981089337265665,0.22736483598144205,0.0,0.039646397698845204,0.5249883776428138
2018-11-30 19:00:00,0.6033930226511017,0.7494554193211499,0.0,0.07569113028080451,0.11996427584001135
2018-11-30 20:00:00,0.981089337265665,0.6435026938649622,0.0,0.06620206153787009,0.03352772436023176
2018-11-30 21:00:00,0.981089337265665,0.9785379269967656,0.1687199475793896,0.11677719286324612,0.10709440848658895
2018-11-30 22:00:00,0.981089337265665,0.9785379269967656,0.1462526980022111,0.07553875603689957,0.0
2018-11-30 23:00:00,0.981089337265665,0.9785379269967656,0.4478604967223093,0.35652951545400213,0.0
2018-12-01 00:00:00,0.981089337265665,0.7749049522512115,0.944800886720169,1.0,0.122077259822657
2018-12-01 01:00:00,0.981089337265665,0.9532341163274201,0.9834636537614106,1.0,0.24655087194148603
2018-12-01 02:00:00,0.981089337265665,0.7393122111477191,0.9834636537614106,1.0,0.1850109370196531
2018-12-01 03:00:00,0.981089337265665,0.7497822191969968,0.9834636537614106,1.0,0.9495255609856614
2018-12-01 04:00:00,0.981089337265665,0.9785379269967656,0.9834636537614106,1.0,0.9495255609856614
2018-12-01 05:00:00,0.981089337265665,0.9785379269967656,0.9834636537614106,1.0,0.8045658081976891
2018-12-01 06:00:00,0.981089337265665,0.9785379269967656,0.9834636537614106,1.0,0.4258131375459984
2018-12-01 07:00:00,0.981089337265665,0.5880121086100705,0.9834636537614106,1.0,0.31172955844748484
2018-12-01 08:00:00,0.981089337265665,0.8818807729590744,0.9834636537614106,1.0,0.07471853604763892
2018-12-01 09:00:00,0.981089337265665,0.9785379269967656,0.9834636537614106,1.0,0.09274721249013523
2018-12-01 10:00:00,0.981089337265665,0.9785379269967656,0.9834636537614106,1.0,0.018724705297323608
2018-12-01 11:00:00,0.981089337265665,0.9785379269967656,0.9834636537614106,1.0,0.8900597800140372
2018-12-01 12:00:00,0.981089337265665,0.9785379269967656,0.9834636537614106,1.0,0.9495255609856614
2018-12-01 13:00:00,0.981089337265665,0.9785379269967656,0.9834636537614106,1.0,0.9495255609856614
2018-12-01 14:00:00,0.981089337265665,0.9785379269967656,0.9834636537614106,1.0,0.9495255609856614
2018-12-01 15:00:00,0.981089337265665,0.9785379269967656,0.9834636537614106,1.0,0.9495255609856614
2018-12-01 16:00:00,0.981089337265665,0.9785379269967656,0.9834636537614106,1.0,0.2707460400662829
2018-12-01 17:00:00,0.981089337265665,0.9785379269967656,0.9834636537614106,1.0,0.3604728395262528
2018-12-01 18:00:00,0.981089337265665,0.9785379269967656,0.9834636537614106,1.0,0.03328578640635349
2018-12-01 19:00:00,0.981089337265665,0.9785379269967656,0.9834636537614106,1.0,0.029884797139271405
2018-12-01 20:00:00,0.981089337265665,0.6770139030705584,0.9834636537614106,1.0,0.0
2018-12-01 21:00:00,0.981089337265665,0.8857975540390671,0.9834636537614106,1.0,0.0
2018-12-01 22:00:00,0.9365369627737506,0.9785379269967656,0.9834636537614106,0.8793860385638005,0.0
2018-12-01 23:00:00,0.981089337265665,0.7864059466460993,0.9834636537614106,0.9387237340448125,0.0
2018-12-02 00:00:00,0.9492293115632386,0.9785379269967656,0.9834636537614106,0.7267285054682332,0.0
2018-12-02 01:00:00,0.9516591648958401,0.9598032300421241,0.9834636537614106,0.7256922807425031,0.0
2018-12-02 02:00:00,0.8407181682174337,0.9785379269967656,0.9834636537614106,0.7520939066587347,0.0
2018-12-02 03:00:00,0.83818032162701,0.9785379269967656,0.9599861020612872,0.9269128639389699,0.0
2018-12-02 04:00:00,0.9193914125205698,0.9585512626799726,0.7986102493823787,0.47479361350090465,0.010372417254559417
2018-12-02 05:00:00,0.7733915258102999,0.4508076853998283,0.8126191903526787,1.0,0.0
2018-12-02 06:00:00,0.789145979761099,0.43576126391596814,0.5907342122378701,1.0,0.0
2018-12-02 07:00:00,0.5611707158341729,0.3466320721289439,0.5780073518279822,1.0,0.0
2018-12-02 08:00:00,0.3103348199632486,0.5082499781706264,0.7136088252063276,0.5992682662347243,0.0
2018-12-02 09:00:00,0.07085124711069186,0.32874196048952214,0.8798932882091447,0.26069177975332614,0.0
2018-12-02 10:00:00,0.07863880130371707,0.2852178795022506,0.815096325590322,0.05542244852823051,0.0
2018-12-02 11:00:00,0.10911025917583149,0.19178874206594307,0.5420121658036194,0.05001887802397121,0.02358825985067882
2018-12-02 12:00:00,0.10648205065856833,0.22836711706315346,0.3444764824601247,0.05431297024132576,0.12216738541434764
2018-12-02 13:00:00,0.09346759795206465,0.35114954815551336,0.4169094568152168,0.123904662950791,0.07535191350813078
2018-12-02 14:00:00,0.07825231644880441,0.14814020998614763,0.23891585428503037,0.24386744317702547,0.034792163433993634
2018-12-02 15:00:00,0.0,0.06687441812188641,0.2333920863517105,0.22520322460962333,0.04895495972530702
2018-12-02 16:00:00,0.0,0.02171983866942956,0.2397239008226383,0.2960466721815499,0.02008954377485358
2018-12-02 17:00:00,0.0,0.04834283345441921,0.836304944626826,0.3715188216607849,0.08548509442310831
2018-12-02 18:00:00,0.0,0.0871151389140992,0.5822605353802247,0.27491085050274755,0.1354489204082224
2018-12-02 19:00:00,0.04263946019215234,0.08873196991591355,0.3919902452582135,0.18460822821708125,0.2173493718206236
2018-12-02 20:00:00,0.4993430770749161,0.06856457090399581,0.2358516639561157,0.13588952809045501,0.23602626347961783
2018-12-02 21:00:00,0.6650189247463247,0.023194603933746935,0.09933260496816503,0.10958140077539784,0.045218133469673884
2018-12-02 22:00:00,0.21391802069892168,0.0,0.10233260415446416,0.23532094788528068,0.0
2018-12-02 23:00:00,0.11245174122562118,0.0,0.06251430723871866,0.18599142360227208,0.0
2018-12-03 00:00:00,0.060600686131275026,0.0,0.06930960901189152,0.08258100515873995,0.0
2018-12-03 01:00:00,0.05562624831176164,0.0,0.09647240862186097,0.06795475126571472,0.024837831132887837
2018-12-03 02:00:00,0.08316932998826614,0.03624821004821723,0.0673245816197084,0.09711623779848284,0.0
2018-12-03 03:00:00,0.0907013974786881,0.03587908286072658,0.034744035540178936,0.1437895886123093,0.0
2018-12-03 04:00:00,0.05342457323268774,0.07206614262700688,0.042414042375738537,0.1775769275318225,0.0
2018-12-03 05:00:00,0.0,0.13320243614567584,0.07091455426796814,0.24235710998619311,0.0
2018-12-03 06:00:00,0.0,0.08188182671052283,0.04198124237996908,0.12890272640580613,0.0
2018-12-03 07:00:00,0.0,0.06866483257511799,0.025937709353653964,0.038595328850666896,0.01994393960455052
2018-12-03 08:00:00,0.0,0.05469516875638166,0.0,0.0,0.030581415115702067
2018-12-03 09:00:00,0.0,0.007896710376009758,0.0,0.0,0.02064169253261259
2018-12-03 10:00:00,0.0,0.0,0.008225293190335157,0.023765630151665853,0.018996979898705243
2018-12-03 11:00:00,0.0,0.0,0.017054517234744132,0.0,0.0
2018-12-03 12:00:00,0.0,0.0,0.0,0.0,0.0
2018-12-03 13:00:00,0.0,0.009234026289452723,0.0,0.0,0.0
2018-12-03 14:00:00,0.0,0.035424230095105584,0.0,0.0,0.0
2018-12-03 15:00:00,0.0,0.03985327487770281,0.0,0.0,0.0
2018-12-03 16:00:00,0.0247035073416298,0.04943721629687212,0.06764375217840769,0.0,0.0
2018-12-03 17:00:00,0.13246715089095343,0.0,0.07588246214946191,0.0,0.05038075223001792
2018-12-03 18:00:00,0.09691421947607505,0.0,0.02177919617498498,0.0,0.06301932535367949
2018-12-03 19:00:00,0.16855975668324602,0.03363744851789191,0.0,0.0,0.0537844628874333
2018-12-03 20:00:00,0.3771037682740191,0.2736383782947104,0.0,0.0,0.0
2018-12-03 21:00:00,0.3403759559573935,0.03827445582610805,0.0,0.0,0.0
2018-12-03 22:00:00,0.6709815078040398,0.07700032566171967,0.0,0.0,0.0
2018-12-03 23:00:00,0.6648767199275111,0.0,0.0,0.0,0.0
2018-12-04 00:00:00,0.17144983447446055,0.014849327363620785,0.0,0.059775193695570654,0.02560372372492414
2018-12-04 01:00:00,0.17377987679791765,0.0,0.0,0.26863378787125275,0.15369776139862976
2018-12-04 02:00:00,0.22193746133648057,0.0,0.0,0.2243000732352027,0.05082997900645072
2018-12-04 03:00:00,0.16088567316465072,0.07344326069304563,0.0,0.2448713788119577,0.0
2018-12-04 04:00:00,0.06198186443501181,0.5747172657719547,0.0,0.33892949984007514,0.02060280392255631
2018-12-04 05:00:00,0.1465707469408338,0.4283072002697155,0.0,0.829434188878911,0.0705394310816528
2018-12-04 06:00:00,0.35957101994813523,0.9785379269967656,0.04980873615857155,1.0,0.03901450266485942
2018-12-04 07:00:00,0.8010841180375157,0.9785379269967656,0.13486581274011403,1.0,0.04030832188678239
2018-12-04 08:00:00,0.7191671344040986,0.9785379269967656,0.6040729814134539,1.0,0.03138335333781988
2018-12-04 09:00:00,0.5095187836339965,0.9670132437492011,0.890642176740005,1.0,0.1360189368088549
2018-12-04 10:00:00,0.47148448246550284,0.9785170125038742,0.5925935707552773,1.0,0.12219413805434994
2018-12-04 11:00:00,0.4440362855924561,0.37303792967856947,0.35478216895980513,1.0,0.08689918491461948
2018-12-04 12:00:00,0.2561581868917829,0.06620426169214677,0.3714173372014338,1.0,0.0
2018-12-04 13:00:00,0.13007921064512265,0.10320956106947604,0.3620962449709613,1.0,0.0
2018-12-04 14:00:00,0.21749008733159914,0.0430084188176999,0.2682114687780182,0.8979985890439613,0.0
2018-12-04 15:00:00,0.15691187046612395,0.025730835060909747,0.22570155603024028,0.945667012748759,0.0
2018-12-04 16:00:00,0.0757820006237442,0.11714439616711425,0.11860527889164175,0.7921200951582751,0.019681543357016267
2018-12-04 17:00:00,0.0,0.05435013601083834,0.2417215470882502,0.27752389198203653,0.06946236621968319
2018-12-04 18:00:00,0.0,0.09389640520109062,0.11392896516182233,0.40357527030521273,0.07953328891923463
2018-12-04 19:00:00,0.021663026715892226,0.11427895938779019,0.0,0.960676447357876,0.1405018575065929
2018-12-04 20:00:00,0.10946222643485382,0.0,0.0,0.8802504992332402,0.3386723889853112
2018-12-04 21:00:00,0.16776333700965762,0.0,0.04479859037005437,0.5008661239693899,0.3836710332847036
2018-12-04 22:00:00,0.4520571476120257,0.0,0.19422907775013432,0.3559145721233631,0.053867792021349316
2018-12-04 23:00:00,0.6116975975440969,0.06923761346626006,0.32560463761885744,0.5795095904003428,0.01163748866614308
2018-12-05 00:00:00,0.981089337265665,0.09554755503477869,0.5155999376959659,0.3604678102715928,0.0515468264615849
2018-12-05 01:00:00,0.981089337265665,0.03819547898330328,0.8864603822706154,0.1278812011119934,0.03274707249097613
2018-12-05 02:00:00,0.5966306737325379,0.0,0.8787338464120621,0.15315259743704612,0.0
2018-12-05 03:00:00,0.5516264563461997,0.0,0.4639217327403094,0.0045481871341309975,0.019852094363507315
2018-12-05 04:00:00,0.528458307987993,0.0,0.2303940452779069,0.0,0.0
2018-12-05 05:00:00,0.1209982599330197,0.0,0.09105097195633023,0.011588491321694724,0.0
2018-12-05 06:00:00,0.09796083924278126,0.0,0.019142802230729578,0.021212970865351788,0.0
2018-12-05 07:00:00,0.12391272228190316,0.0,0.132294481668498,0.08623387459525284,0.0
2018-12-05 08:00:00,0.0265298229254779,0.0,0.046091758820331785,0.0,0.004827339485202161
2018-12-05 09:00:00,0.04046277179744498,0.018421594156395167,0.0,0.0,0.023372712066589654
2018-12-05 10:00:00,0.03619075992534189,0.0,0.0,0.0,0.0
2018-12-05 11:00:00,0.032296221388663435,0.0,0.0,0.04614333328925007,0.0
2018-12-05 12:00:00,0.0017399398772178834,0.0,0.0,0.054724631915723014,0.0
2018-12-05 13:00:00,0.005674893831297704,0.0,0.0,0.02721738181261065,0.09926327945551917
2018-12-05 14:00:00,0.008851368508246991,0.044452480586733074,0.10283802672967532,0.13286223333924124,0.100206938858522
2018-12-05 15:00:00,0.0,0.0,0.30932418196510986,0.6121237011584887,0.0
2018-12-05 16:00:00,0.0,0.09609140699678319,0.26499030333835005,0.6748644687397882,0.0
2018-12-05 17:00:00,0.0,0.6680182447706249,0.28753749691579883,0.5357293377305355,0.0
2018-12-05 18:00:00,0.0,0.9785379269967656,0.4534476572492901,0.3212763857063194,0.9495255609856614
2018-12-05 19:00:00,0.9664558280482526,0.9785379269967656,0.7946616876409923,0.8842945784472217,0.5118586535295416
2018-12-05 20:00:00,0.981089337265665,0.7710520965649797,0.9834636537614106,0.36601135258071277,0.13635775208463646
2018-12-05 21:00:00,0.981089337265665,0.5910032898451757,0.9834636537614106,0.3831701694983656,0.2580003787210902
2018-12-05 22:00:00,0.9796370279786807,0.5562429795907524,0.9834636537614106,0.40823275819407767,0.03910225720911387
2018-12-05 23:00:00,0.981089337265665,0.32383411637917037,0.6619053205213821,0.238254127557073,0.0
2018-12-06 00:00:00,0.9048594857853528,0.4662078176784912,0.5747984969133565,0.22046177415721582,0.0
2018-12-06 01:00:00,0.981089337265665,0.5617053604115341,0.2982706201788521,0.15824435605040407,0.0
2018-12-06 02:00:00,0.9444078541678057,0.3959206958820893,0.24724078414093875,0.1089192211898149,0.0
2018-12-06 03:00:00,0.6708143522552479,0.45100859295189666,0.3510921676460863,0.13087827455217166,0.0
2018-12-06 04:00:00,0.7970126015424357,0.20070914706150772,0.22136028416452005,0.035821279644081265,0.08562842235634391
2018-12-06 05:00:00,0.981089337265665,0.12456039127404323,0.14575283330632224,0.0,0.32153986349932323
2018-12-06 06:00:00,0.6844717591436246,0.031651177933397355,0.07943463133162625,0.0,0.20986917161918914
2018-12-06 07:00:00,0.6185370419911397,0.0,0.07473691696257496,0.015859178707519565,0.15028536533627337
2018-12-06 08:00:00,0.269544263053486,0.0,0.04174200728761402,0.1013406640258459,0.11539799567230116
2018-12-06 09:00:00,0.14949269596486547,0.0,0.0,0.26047940491882365,0.07116592984463091
2018-12-06 10:00:00,0.14586834283193517,0.0,0.0,0.33122002466138967,0.039342096215265014
2018-12-06 11:00:00,0.07516426066750205,0.02818731529739019,0.0,0.31469809361003925,0.02390983535410971
2018-12-06 12:00:00,0.05351422869745602,0.11841773688527586,0.0,0.5250082862008787,0.05300845839538769
2018-12-06 13:00:00,0.03261524544179458,0.14501150548010705,0.03835385179330826,0.16482700661702504,0.0999999922820267
2018-12-06 14:00:00,0.0575809946169594,0.18666821535696887,0.0786535003492993,0.15354094757157252,0.12742267342592017
2018-12-06 15:00:00,0.08233930653107531,0.19886223269684736,0.08724423574765268,0.0804006744354875,0.1365555584193574
2018-12-06 16:00:00,0.0704542363488782,0.1329936320121675,0.18286872752893443,0.14144202868352965,0.07553787860380379
2018-12-06 17:00:00,0.24341956454656086,0.11457227609825715,0.11040902530745456,0.16734616754588294,0.160868341692729
2018-12-06 18:00:00,0.3545246639739994,0.16930579913284483,0.16639052029478957,0.1428421214628432,0.1870052668080047
2018-12-06 19:00:00,0.3615315966892388,0.3373111875773662,0.2859938415095864,0.18211449090742807,0.12334899391799432
2018-12-06 20:00:00,0.4828964219836735,0.0883124209909358,0.4654372369343772,0.11718294916212227,0.029761208338493363
2018-12-06 21:00:00,0.7446467158834376,0.14458167297413368,0.8350298283352344,0.20664380815391464,0.0
2018-12-06 22:00:00,0.7724357466562292,0.14679259250986215,0.6867266157958251,0.27607795389590284,0.023093396953340565
2018-12-06 23:00:00,0.5214057533570777,0.22341868970736817,0.4703601987506425,0.2353623154353038,0.0
2018-12-07 00:00:00,0.5533580123379137,0.08302053460126471,0.6198097767960813,0.1520277963548669,0.0
2018-12-07 01:00:00,0.5103324700796921,0.0,0.8009683864043838,0.19257253780173328,0.0
2018-12-07 02:00:00,0.43617990294678777,0.0,0.7245673188554611,0.0903192521652891,0.0
2018-12-07 03:00:00,0.4752193432110188,0.0,0.5855253762328749,0.13070023961171282,0.0
2018-12-07 04:00:00,0.25681209522441406,0.0,0.44284375548273913,0.1445043305685176,0.0
2018-12-07 05:00:00,0.20289947696892283,0.0,0.3960806402057164,1.0,0.0
2018-12-07 06:00:00,0.16569924257054375,0.005894203281162924,0.24829797084676922,0.8891991813686213,0.0
2018-12-07 07:00:00,0.09761826183698535,0.17346051415307587,0.24493167141442176,0.5510329869088149,0.0
2018-12-07 08:00:00,0.07357526466299603,0.49615400358626216,0.343383703307425,0.3895132933108899,0.0
2018-12-07 09:00:00,0.0,0.09873142230199936,0.2178783943978021,0.2574850880248641,0.0
2018-12-07 10:00:00,0.0,0.0,0.060489171717711857,0.16453246486516088,0.0
2018-12-07 11:00:00,0.0,0.0,0.0,0.04225698526542709,0.0
2018-12-07 12:00:00,0.0,0.0,0.0,0.0,0.0
2018-12-07 13:00:00,0.0,0.02587863509697023,0.0,0.0,0.0
2018-12-07 14:00:00,0.0,0.07479127222827694,0.0,0.0,0.026122311592094178
2018-12-07 15:00:00,0.0,0.050113452035928124,0.0,0.0,0.05670548575856035
2018-12-07 16:00:00,0.0,0.0214996580913669,0.016415743084263128,0.009596335759535288,0.09090597287434218
2018-12-07 17:00:00,0.04400462087922416,0.04928963899758868,0.11657921232117072,0.08829198303024971,0.17287338571501928
2018-12-07 18:00:00,0.06478160065629211,0.06590219820756779,0.09738145425155413,0.10874248611351177,0.21651418223312502
2018-12-07 19:00:00,0.019563312165444265,0.04887075009842481,0.0828302347225585,0.14063414675032984,0.12852216940611813
2018-12-07 20:00:00,0.2479377008657759,0.1563909397314711,0.1015642217394427,0.3036068765879459,0.10613377998868354
2018-12-07 21:00:00,0.2072654978051067,0.11010595119107917,0.05759357647128725,0.567668453692734,0.0
2018-12-07 22:00:00,0.16380077406199217,0.0470327668682012,0.10731753342858909,0.4514818091147784,0.0
2018-12-07 23:00:00,0.45728955648078473,0.11255556520386345,0.08046868028750127,0.8138021480779349,0.06707426195844761
2018-12-08 00:00:00,0.37123654105946347,0.19510348255470325,0.2467441535508797,0.6531977184408738,0.0
2018-12-08 01:00:00,0.0889065424703378,0.1947183281296522,0.48132687195099355,0.423728475503937,0.0
2018-12-08 02:00:00,0.08764167184105856,0.10487606991675782,0.6049521726249639,0.1989748551348274,0.0
2018-12-08 03:00:00,0.25083928780289355,0.10087111525771884,0.4080333390031923,0.10728935356215755,0.0
2018-12-08 04:00:00,0.12468924636799336,0.1378076542322951,0.3595475757237078,0.08106051206519375,0.0
2018-12-08 05:00:00,0.03273694285423076,0.22123799148960982,0.1504855671782949,0.12731817541574222,0.0
2018-12-08 06:00:00,0.0,0.2543416455992233,0.25232657279076226,0.19121198015087462,0.0
2018-12-08 07:00:00,0.0,0.22028150629816542,0.25895230542900055,0.2958767462667692,0.0
2018-12-08 08:00:00,0.0290967664538591,0.17370581941543323,0.189690780515804,0.19933976819756716,0.0
2018-12-08 09:00:00,0.05048890378570151,0.07169804985701203,0.37722302529048224,0.276941586973081,0.0
2018-12-08 10:00:00,0.020285835588601992,0.0,0.22006187994824628,0.3593018966822918,0.0
2018-12-08 11:00:00,0.0,0.0,0.16252998931097148,0.31965700244336487,0.0
2018-12-08 12:00:00,0.0,0.0,0.08757420296963617,1.0,0.0
2018-12-08 13:00:00,0.0,0.0,0.021795548074431514,1.0,0.0
2018-12-08 14:00:00,0.020068290397497468,0.0,0.004524524806347174,1.0,0.06781768229789827
2018-12-08 15:00:00,0.04361583584433978,0.0,0.11214420723047583,1.0,0.05042928360071889
2018-12-08 16:00:00,0.057232604674446165,0.0,0.2090692548879971,1.0,0.05556014058971734
2018-12-08 17:00:00,0.12110977511007791,0.0,0.46752191616523925,0.6623887886170722,0.046349373355549596
2018-12-08 18:00:00,0.06842133042961784,0.0,0.4351005941844337,1.0,0.09608873510275731
2018-12-08 19:00:00,0.1170913711127697,0.0,0.2055573350911192,0.7558842269975989,0.07360560726730545
2018-12-08 20:00:00,0.136046013054088,0.05323743995775009,0.12902912182420867,0.3418518441223048,0.0
2018-12-08 21:00:00,0.19406475250990027,0.10561268893676913,0.03348021096405616,0.05200259638346058,0.0
2018-12-08 22:00:00,0.19832418576504768,0.477776982192443,0.007415542079327483,0.3220934658089859,0.0
2018-12-08 23:00:00,0.15285903084182137,0.2773174640621486,0.0,0.43903020873369514,0.0
2018-12-09 00:00:00,0.06421665198284962,0.11655290998481532,0.0,0.9156855035706939,0.0
2018-12-09 01:00:00,0.22025289684875787,0.02459253412720929,0.0,0.5754372312098909,0.0
2018-12-09 02:00:00,0.14360038007726317,0.0,0.09094944940996186,0.4506118499424655,0.08281546120277362
2018-12-09 03:00:00,0.39128044952215,0.0,0.2504571560371967,0.5455990149083991,0.07872379228298436
2018-12-09 04:00:00,0.526186664372408,0.04068173560278936,0.6352167093854284,0.8697283450714027,0.06386301985658298
2018-12-09 05:00:00,0.852414018078253,0.0160124728638019,0.9773582842101385,0.4546923899343946,0.0557117688718831
2018-12-09 06:00:00,0.9543334934651572,0.0,0.9834636537614106,1.0,0.053125643955298556
2018-12-09 07:00:00,0.8861877574904751,0.06046117655833565,0.9834636537614106,1.0,0.055454057173587715
2018-12-09 08:00:00,0.7349046877931222,0.06688899959878437,0.9834636537614106,1.0,0.03975166136694429
2018-12-09 09:00:00,0.36073259535499563,0.045739514100663625,0.9834636537614106,1.0,0.0
2018-12-09 10:00:00,0.152439213793534,0.20568306159467303,0.8303630882191744,0.9422698095769443,0.029847549041914744
2018-12-09 11:00:00,0.09160705012534946,0.0281545669020875,0.7004495265003299,1.0,0.0058507372377895024
2018-12-09 12:00:00,0.049189412047301234,0.3115628208636577,0.6409982895601553,1.0,0.0
2018-12-09 13:00:00,0.0024065452469833023,0.47653057343158195,0.5906458664695954,0.9243624265962521,0.0
2018-12-09 14:00:00,0.01850514848315384,0.4878092180038859,0.9654970575275215,0.8415879675495692,0.027904177426178994
2018-12-09 15:00:00,0.07756626374778668,0.46626211490687536,0.9834636537614106,0.9765556245091022,0.03141116857741702
2018-12-09 16:00:00,0.07563953930142917,0.3372459706007094,0.9834636537614106,1.0,0.0
2018-12-09 17:00:00,0.19234159942698234,0.1946340608752469,0.8443415990810471,1.0,0.0
2018-12-09 18:00:00,0.0999839396729152,0.15890214948926215,0.8149066922801037,1.0,0.0
2018-12-09 19:00:00,0.11969236079270607,0.1643999013654893,0.6220347316443173,1.0,0.0
2018-12-09 20:00:00,0.3886788239854175,0.35611908629605327,0.24953049026557544,1.0,0.0
2018-12-09 21:00:00,0.477008412604379,0.14818430303014346,0.26028789863899926,1.0,0.0
2018-12-09 22:00:00,0.37868333788707303,0.056808791086598524,0.3392155114049684,1.0,0.0
2018-12-09 23:00:00,0.3625832584102917,0.037002591372719405,0.7324728549998167,1.0,0.0
2018-12-10 00:00:00,0.30356472792941175,0.15788904705453333,0.951749274246477,1.0,0.04619700181176799
2018-12-10 01:00:00,0.22999528077625558,0.5374009336758413,0.9834636537614106,1.0,0.0019531506076171878
2018-12-10 02:00:00,0.25089414229923834,0.91991313568792,0.9834636537614106,1.0,0.03550693547311532
2018-12-10 03:00:00,0.26084461193919595,0.5274981385521773,0.9834636537614106,1.0,0.05292808557978325
2018-12-10 04:00:00,0.18126191124732977,0.1762628735854407,0.9834636537614106,1.0,0.06494831438671389
2018-12-10 05:00:00,0.4461859916183579,0.2781016985412752,0.9834636537614106,0.7861992222507806,0.03392820737080998
2018-12-10 06:00:00,0.3039166031880933,0.18088546973489059,0.8568868056566898,0.5228105564885156,0.023258970202614363
2018-12-10 07:00:00,0.14625333092340087,0.09132531837873648,0.7809968361283087,0.5276860468563781,0.04981689406490831
2018-12-10 08:00:00,0.08657422620236052,0.0,0.5741288302391837,0.5059286389943585,0.05913416709496974
2018-12-10 09:00:00,0.05182197839045312,0.2227950540512401,0.12118473897420944,0.3252534639175975,0.044211219732658895
2018-12-10 10:00:00,0.021782905701625537,0.1290742215875265,0.048591967912714015,0.14255603525465493,0.0
2018-12-10 11:00:00,0.0698628357455186,0.10932997932018818,0.017196794372991504,0.07591525158546833,0.0
2018-12-10 12:00:00,0.08857751407636573,0.06336482861453,0.0,0.07023361461970871,0.0
2018-12-10 13:00:00,0.04942760412052171,0.03369119787348794,0.0,0.052718233720108136,0.0
2018-12-10 14:00:00,0.03037663207280506,0.049193402821326525,0.0,0.022883226284012896,0.0
2018-12-10 15:00:00,0.055097658547245416,0.0364974353749251,0.0,0.0,0.017329532575145894
2018-12-10 16:00:00,0.22718435703310685,0.05459637288394004,0.0,0.0,0.07949979299411947
2018-12-10 17:00:00,0.5277300400245281,0.17191012959429405,0.15260808608898158,0.04593426882777319,0.20513314186410983
2018-12-10 18:00:00,0.981089337265665,0.09950457660417959,0.1558153898110896,0.027565789124563256,0.030923652754309132
2018-12-10 19:00:00,0.981089337265665,0.057250438060731816,0.17884346635573825,0.0,0.0
2018-12-10 20:00:00,0.981089337265665,0.03538863268619955,0.27662938526957825,0.08397682815471576,0.0033300150190868605
2018-12-10 21:00:00,0.981089337265665,0.04309071642555592,0.42557395541011744,0.0,0.0012045954788665514
2018-12-10 22:00:00,0.981089337265665,0.0,0.466490706188183,0.0,0.2068795932724723
2018-12-10 23:00:00,0.981089337265665,0.06379741574414355,0.29265390872063185,0.0,0.23776015915063936
2018-12-11 00:00:00,0.981089337265665,0.17401469789135493,0.16163721101566556,0.0,0.2647859754058842
2018-12-11 01:00:00,0.981089337265665,0.03841029675437582,0.07917821922315518,0.03032268225544525,0.30892408192282383
2018-12-11 02:00:00,0.981089337265665,0.05251469064222818,0.15360185586392852,0.3340748085467412,0.3164701264303625
2018-12-11 03:00:00,0.981089337265665,0.0,0.32293913711591016,0.5767046399390646,0.11266569988298793
2018-12-11 04:00:00,0.981089337265665,0.8034514287290564,0.7794591794088072,1.0,0.13292499905380115
2018-12-11 05:00:00,0.981089337265665,0.668615866008184,0.9834636537614106,1.0,0.9495255609856614
2018-12-11 06:00:00,0.981089337265665,0.4792611735022594,0.9834636537614106,1.0,0.5284560843289465
2018-12-11 07:00:00,0.981089337265665,0.5021450930700733,0.28253363868889814,1.0,0.9495255609856614
2018-12-11 08:00:00,0.981089337265665,0.49629160634181985,0.630894496863204,1.0,0.9495255609856614
2018-12-11 09:00:00,0.981089337265665,0.25147617531956046,0.558846038712604,1.0,0.9495255609856614
2018-12-11 10:00:00,0.981089337265665,0.0,0.9834636537614106,1.0,0.6184244989197238
2018-12-11 11:00:00,0.336843736311966,0.0,0.9834636537614106,1.0,0.9495255609856614
2018-12-11 12:00:00,0.2766869525787231,0.0031610815178754067,0.9834636537614106,1.0,0.9495255609856614
2018-12-11 13:00:00,0.04873495378543789,0.0,0.9834636537614106,1.0,0.9495255609856614
2018-12-11 14:00:00,0.050307254451266346,0.06455759401705971,0.9834636537614106,1.0,0.9495255609856614
2018-12-11 15:00:00,0.03474049674764562,0.05787744211130875,0.9834636537614106,1.0,0.9495255609856614
2018-12-11 16:00:00,0.0,0.2566069799514366,0.9627839415376022,1.0,0.7913384703703078
2018-12-11 17:00:00,0.23216705813039787,0.00025989402511299593,0.6509301009470209,0.49310452511694336,0.9495255609856614
2018-12-11 18:00:00,0.5779321720372292,0.22178901788552946,0.21301102076563794,0.24356205217576582,0.9119547718154613
2018-12-11 19:00:00,0.436511716299315,0.15404411639613713,0.05237811409246276,0.3066805911351215,0.21348320929940423
2018-12-11 20:00:00,0.5635881805999954,0.0,0.03808584993714058,1.0,0.11206498557334796
2018-12-11 21:00:00,0.6610682127689225,0.3744175804397366,0.009882073185325817,0.34100995798462985,0.0
2018-12-11 22:00:00,0.5165916296186424,0.351945932710121,0.0,0.21856426664583944,0.04751769607815203
2018-12-11 23:00:00,0.981089337265665,0.16322291418355642,0.4085700674771662,0.09604991002200958,0.0905397065789054
2018-12-12 00:00:00,0.981089337265665,0.23101571183193595,0.6657451901721854,0.15124360204919915,0.0592088111869352
2018-12-12 01:00:00,0.981089337265665,0.06798168939941868,0.8608498855602159,0.2847879784484849,0.060474928853521286
2018-12-12 02:00:00,0.981089337265665,0.10080896316968994,0.9834636537614106,1.0,0.014785544579341382
2018-12-12 03:00:00,0.981089337265665,0.0321398098593476,0.579949317015048,1.0,0.019312834943721005
2018-12-12 04:00:00,0.981089337265665,0.0,0.24527258247726977,1.0,0.01917483283000696
2018-12-12 05:00:00,0.981089337265665,0.0,0.9834636537614106,1.0,0.19230562563799355
2018-12-12 06:00:00,0.981089337265665,0.06521085193973786,0.7503674346748297,1.0,0.20875620452019125
2018-12-12 07:00:00,0.6925129433283241,0.0,0.9834636537614106,1.0,0.05885457817845581
2018-12-12 08:00:00,0.4492737848433516,0.06675325986531774,0.9834636537614106,1.0,0.02021971734335921
2018-12-12 09:00:00,0.27283583819608836,0.15504913544840834,0.17434856650956726,1.0,0.06088189936024168
2018-12-12 10:00:00,0.062200716476562085,0.0,0.09194927203158114,1.0,0.25672152822742844
2018-12-12 11:00:00,0.039950455113588246,0.0,0.011516707657965823,0.6426415267104266,0.05516404731684301
2018-12-12 12:00:00,0.0,0.01692917781060845,0.0,0.8942821467831549,0.9495255609856614
2018-12-12 13:00:00,0.05417590237259499,0.02460652038012911,0.0,1.0,0.9495255609856614
2018-12-12 14:00:00,0.05349985196425409,0.1517451771379559,0.0,1.0,0.9495255609856614
2018-12-12 15:00:00,0.02506858972316445,0.17111932050678244,0.0,1.0,0.9495255609856614
2018-12-12 16:00:00,0.15798425140953926,0.9785379269967656,0.0,1.0,0.9495255609856614
2018-12-12 17:00:00,0.02049038797015628,0.9785379269967656,0.9834636537614106,1.0,0.9495255609856614
2018-12-12 18:00:00,0.11628293506835112,0.9785379269967656,0.2789906446361565,1.0,0.9495255609856614
2018-12-12 19:00:00,0.022683288455091603,0.9785379269967656,0.9834636537614106,1.0,0.06706320592030181
2018-12-12 20:00:00,0.21317233678553024,0.9785379269967656,0.9834636537614106,1.0,0.17341106256463348
2018-12-12 21:00:00,0.981089337265665,0.9785379269967656,0.9834636537614106,1.0,0.9495255609856614
2018-12-12 22:00:00,0.981089337265665,0.9785379269967656,0.9834636537614106,1.0,0.9495255609856614
2018-12-12 23:00:00,0.981089337265665,0.9785379269967656,0.9834636537614106,1.0,0.9495255609856614
2018-12-13 00:00:00,0.981089337265665,0.9785379269967656,0.9834636537614106,1.0,0.9495255609856614
2018-12-13 01:00:00,0.981089337265665,0.9785379269967656,0.9834636537614106,1.0,0.9495255609856614
2018-12-13 02:00:00,0.981089337265665,0.9785379269967656,0.9834636537614106,1.0,0.2795317442472182
2018-12-13 03:00:00,0.981089337265665,0.9785379269967656,0.9834636537614106,1.0,0.14094111932899783
2018-12-13 04:00:00,0.981089337265665,0.9785379269967656,0.9834636537614106,1.0,0.13402914635381655
2018-12-13 05:00:00,0.981089337265665,0.9785379269967656,0.9834636537614106,1.0,0.0
2018-12-13 06:00:00,0.981089337265665,0.9785379269967656,0.9834636537614106,1.0,0.012830035156675143
2018-12-13 07:00:00,0.981089337265665,0.9785379269967656,0.9834636537614106,1.0,0.12466091539414592
2018-12-13 08:00:00,0.981089337265665,0.9785379269967656,0.9834636537614106,1.0,0.25371645022734474
2018-12-13 09:00:00,0.981089337265665,0.9785379269967656,0.9834636537614106,1.0,0.2779425027530621
2018-12-13 10:00:00,0.981089337265665,0.9785379269967656,0.9834636537614106,1.0,0.13976332487115486
2018-12-13 11:00:00,0.981089337265665,0.9785379269967656,0.9834636537614106,1.0,0.09063043208332924
2018-12-13 12:00:00,0.981089337265665,0.9785379269967656,0.9834636537614106,1.0,0.0
2018-12-13 13:00:00,0.981089337265665,0.7045233801032604,0.9327158581632778,1.0,0.0
2018-12-13 14:00:00,0.981089337265665,0.6452874096714892,0.9344274198671079,0.4363854580779457,0.0
2018-12-13 15:00:00,0.981089337265665,0.5943098086133708,0.8091498489303343,0.28368319274363346,0.0
2018-12-13 16:00:00,0.981089337265665,0.5335880322423471,0.3976174797153202,0.21262662553073444,0.0
2018-12-13 17:00:00,0.981089337265665,0.1568581603625156,0.1982457980622681,0.2862101246480756,0.01713255689871304
2018-12-13 18:00:00,0.981089337265665,0.02937354556559149,0.23413079923790506,0.5495591126575183,0.0
2018-12-13 19:00:00,0.981089337265665,0.10288616660274659,0.30737327779158785,0.41247680077901094,0.0
2018-12-13 20:00:00,0.981089337265665,0.11864579508879297,0.3040340861430292,0.6804460298069891,0.01073443439815403
2018-12-13 21:00:00,0.981089337265665,0.3037788035530323,0.3278525436220242,0.9288845071930758,0.0
2018-12-13 22:00:00,0.981089337265665,0.39300799135907083,0.4787746454627166,0.5496427388388726,0.0
2018-12-13 23:00:00,0.981089337265665,0.2623954321891344,0.8876165930473345,0.2936339795644295,0.007084438772902435
2018-12-14 00:00:00,0.981089337265665,0.21918104927638574,0.979366135215318,0.42415231024878436,0.0
2018-12-14 01:00:00,0.981089337265665,0.042171048403734625,0.9834636537614106,1.0,0.0
2018-12-14 02:00:00,0.981089337265665,0.24235715527589213,0.9834636537614106,1.0,0.0
2018-12-14 03:00:00,0.981089337265665,0.2704621831585174,0.9834636537614106,1.0,0.0
2018-12-14 04:00:00,0.981089337265665,0.21007328860227467,0.9834636537614106,1.0,0.0
2018-12-14 05:00:00,0.981089337265665,0.16386121386081764,0.9834636537614106,1.0,0.0
2018-12-14 06:00:00,0.981089337265665,0.03941081740218311,0.8384991976987395,1.0,0.0
2018-12-14 07:00:00,0.8777920272474778,0.0,0.8410624248040859,1.0,0.0
2018-12-14 08:00:00,0.6025793656031889,0.0,0.9014532215440882,1.0,0.0
2018-12-14 09:00:00,0.5080007786666536,0.0,0.8065865624106325,1.0,0.015979959743103116
2018-12-14 10:00:00,0.4159338509511182,0.03957215350438129,0.5372505112243702,0.7356162464402826,0.0
2018-12-14 11:00:00,0.320543705384571,0.029856580611253788,0.274973989778023,0.17510119579700592,0.0
2018-12-14 12:00:00,0.15346632208873862,0.0,0.11746190814971319,0.08443591609679542,0.0
2018-12-14 13:00:00,0.05658430867184247,0.0,0.026830734680900477,0.10580411004464814,0.022388533844476238
2018-12-14 14:00:00,0.005479593418937056,0.0,0.0,0.05062359236692754,0.0
2018-12-14 15:00:00,0.0,0.0,0.0,0.08721908995101853,0.0
2018-12-14 16:00:00,0.0,0.0,0.0,0.07694468157771342,0.02188491130220531
2018-12-14 17:00:00,0.0,0.0,0.0047937791172044135,0.3495042610802931,0.02981107731104951
2018-12-14 18:00:00,0.0,0.0,0.0,0.3267122869716939,0.0651281993036532
2018-12-14 19:00:00,0.0,0.09626889153704854,0.0,0.46617571936238367,0.019496544849871913
2018-12-14 20:00:00,0.03474314662758626,0.06672147581415587,0.030938516423949528,0.9916364736350746,0.0
2018-12-14 21:00:00,0.13966306978539564,0.09017911390127394,0.13766856758312662,0.8676988706020959,0.0
2018-12-14 22:00:00,0.32317476122344796,0.16557018582691932,0.41237259087869177,0.8895846250633799,0.0
2018-12-14 23:00:00,0.6267055449894071,0.265174725490844,0.3857184853312928,0.8204154665201795,0.0
2018-12-15 00:00:00,0.8039778307159948,0.2803989454451855,0.5520770594223934,0.16278301326365205,0.0
2018-12-15 01:00:00,0.9378334729146262,0.142373859135771,0.562031362747433,0.05101303819839716,0.02807994496977107
2018-12-15 02:00:00,0.7409312158185339,0.04253280619140552,0.4546717572316835,0.0,0.08616870879085063
2018-12-15 03:00:00,0.17855684444665543,0.0637148488891338,0.3336920011732941,0.043688437973083104,0.13452919141620961
2018-12-15 04:00:00,0.2116248619084337,0.11545049335665489,0.21518130197481988,0.4744338585893237,0.06399168763249531
2018-12-15 05:00:00,0.164999891178651,0.15394320817809523,0.15756497390737637,0.3053595966652089,0.08774591839102878
2018-12-15 06:00:00,0.06786119054118002,0.07040667882623473,0.1052258178794003,0.760743438251396,0.06018838586433348
2018-12-15 07:00:00,0.04094706177208046,0.03999112796439175,0.023068155724331817,1.0,0.21822573465020495
2018-12-15 08:00:00,0.0,0.1275216855135348,0.019419330396407853,1.0,0.03481594358410066
2018-12-15 09:00:00,0.058981691391155756,0.3056651392172471,0.0013099727020703638,1.0,0.05170849678535788
2018-12-15 10:00:00,0.0,0.28659853177846684,0.0,1.0,0.03070504565977672
2018-12-15 11:00:00,0.0,0.0,0.0,1.0,0.0
2018-12-15 12:00:00,0.0,0.0,0.04132436060074191,1.0,0.1606690607801759
2018-12-15 13:00:00,0.0,0.045501940868643745,0.31448282339594774,1.0,0.4057046187630538
2018-12-15 14:00:00,0.0,0.06353506665333675,0.43122212572437346,0.9946663753849339,0.010701607700893605
2018-12-15 15:00:00,0.02693786920619442,0.08123450677581896,0.11509542704081543,0.4080755066801655,0.09571234605374886
2018-12-15 16:00:00,0.11372841298724161,0.006778625537646827,0.06118840735382967,0.36902384238789093,0.3842218806593705
2018-12-15 17:00:00,0.37818727282697323,0.9785379269967656,0.0,0.640377574252438,0.1872808214502231
2018-12-15 18:00:00,0.22086492427138366,0.7756953131014103,0.0,0.505980714546527,0.28348147882772773
2018-12-15 19:00:00,0.16570786701245116,0.45311420771928385,0.0,0.3179924778830135,0.18657445656182414
2018-12-15 20:00:00,0.1153882158956932,0.10756293375776126,0.026449793318804257,0.9190308219881216,0.12783598067527835
2018-12-15 21:00:00,0.2743582218938436,0.08995816274621965,0.0,0.509876016241993,0.0
2018-12-15 22:00:00,0.1894718556731604,0.0,0.08019543928476265,0.24926646186652665,0.0
2018-12-15 23:00:00,0.050451476063265416,0.0,0.18018478270458382,0.13981020657548052,0.1895201647818774
2018-12-16 00:00:00,0.03287595072874257,0.02022961565677811,0.25361796691218613,0.13669694710767752,0.21031271584452205
2018-12-16 01:00:00,0.0,0.060021933672345484,0.5682135672758968,0.08635712586796195,0.27880128263619447
2018-12-16 02:00:00,0.04595065763657184,0.4421959692110437,0.345716880519456,0.10075469225376388,0.0
2018-12-16 03:00:00,0.055947656194869626,0.3903951301559231,0.5216710100246494,0.2616718252001709,0.08386264564659614
2018-12-16 04:00:00,0.16892308517758411,0.5716512690579424,0.6597466436886501,0.6759119662263057,0.26331987932776535
2018-12-16 05:00:00,0.0,0.2778402343034001,0.0,0.02155006411292941,0.018406426566710016
2018-12-16 06:00:00,0.0,0.29739318151389366,0.0,0.0401656984578635,0.0
2018-12-16 07:00:00,0.0,0.0943085320171289,0.0,0.031189584883732524,0.04407359991480345
2018-12-16 08:00:00,0.06513769949282792,0.0,0.01961709092073874,0.0,0.056562987729963224
2018-12-16 09:00:00,0.09586476697118043,0.07368911582762547,0.027942312502178997,0.06911122727048075,0.0
2018-12-16 10:00:00,0.0,0.0,0.011829964169977628,0.0,0.0
2018-12-16 11:00:00,0.0,0.0,0.030856549335218204,0.0,0.0
2018-12-16 12:00:00,0.0,0.0,0.026502010583850173,0.0,0.0
2018-12-16 13:00:00,0.02814427461466937,0.0,0.0035730378090605953,0.0,0.0
2018-12-16 14:00:00,0.044035668735695824,0.008103002857044319,0.0,0.0,0.0
2018-12-16 15:00:00,0.0694811265398339,0.03651742044036921,0.0,0.0,0.023029476494334712
2018-12-16 16:00:00,0.16063559029987592,0.06458955033926303,0.033788618513030694,0.0209405639849503,0.09447386593105955
2018-12-16 17:00:00,0.3852845103293469,0.0656482537296509,0.11425360945030331,0.03188109235527649,0.219203353011717
2018-12-16 18:00:00,0.7364026044002464,0.08225882321849512,0.27921213631082437,0.014084947711876381,0.3183246972817676
2018-12-16 19:00:00,0.981089337265665,0.14203801927132723,0.1848006583769082,0.03495075097018873,0.0
2018-12-16 20:00:00,0.981089337265665,0.3460016924292849,0.5810674999493678,0.05261589567498257,0.048384836019453974
2018-12-16 21:00:00,0.981089337265665,0.40487703775657524,0.9834636537614106,0.05795925693365922,0.2200315732636477
2018-12-16 22:00:00,0.981089337265665,0.3178508670592844,0.9834636537614106,0.06601054786695079,0.2166973734913628
2018-12-16 23:00:00,0.981089337265665,0.15936428166507802,0.9834636537614106,0.02600071501659333,0.22110555100069587
2018-12-17 00:00:00,0.981089337265665,0.04141735418984282,0.9834636537614106,0.059073266910303374,0.06597945541674481
2018-12-17 01:00:00,0.981089337265665,0.0,0.9834636537614106,0.15141127999257034,0.019130578832147672
2018-12-17 02:00:00,0.981089337265665,0.0,0.9834636537614106,0.1588932197775177,0.0
2018-12-17 03:00:00,0.981089337265665,0.0,0.74757255188533,0.17586145151115845,0.0
2018-12-17 04:00:00,0.981089337265665,0.0,0.33614899640316276,0.2526218832958173,0.0
2018-12-17 05:00:00,0.981089337265665,0.06507778546953936,0.40729193321063534,0.5431960112571798,0.0
2018-12-17 06:00:00,0.981089337265665,0.19746102208890265,0.17753077953910956,0.5717610361615469,0.0
2018-12-17 07:00:00,0.981089337265665,0.2509350944824011,0.17391076861063523,0.3189510319991839,0.0
2018-12-17 08:00:00,0.981089337265665,0.2134244476451334,0.31689870015116606,0.07671647743491752,0.005534439108860714
2018-12-17 09:00:00,0.981089337265665,0.1071430802093363,0.04681473742949779,0.0,0.025424223114659982
2018-12-17 10:00:00,0.981089337265665,0.0,0.0,0.0,0.018908206879857357
2018-12-17 11:00:00,0.981089337265665,0.028704651147771314,0.0,0.0,0.0
2018-12-17 12:00:00,0.7571309882507509,0.04303465984041516,0.0,0.040357438868834375,0.0
2018-12-17 13:00:00,0.8229112936337913,0.003198288233254323,0.0,0.03780161740109877,0.0
2018-12-17 14:00:00,0.981089337265665,0.012322482092742981,0.0,0.010919603561067774,0.019631929459011807
2018-12-17 15:00:00,0.9116956573019774,0.0,0.021275498731069063,0.039366657299124,0.12301339055406477
2018-12-17 16:00:00,0.981089337265665,0.022033984176786803,0.048560005632108244,0.0,0.07597809274391171
2018-12-17 17:00:00,0.981089337265665,0.0344542379434233,0.01266635641997352,0.0,0.1849742398191291
2018-12-17 18:00:00,0.981089337265665,0.04629968513095768,0.048049459750000884,0.0,0.14112163699782326
2018-12-17 19:00:00,0.981089337265665,0.05512179356596028,0.12131588503940421,0.13829799682143823,0.0
2018-12-17 20:00:00,0.981089337265665,0.9785379269967656,0.0,0.9607181251403021,0.34650152594206113
2018-12-17 21:00:00,0.981089337265665,0.9785379269967656,0.02662551005160628,0.958163651640884,0.302450494569653
2018-12-17 22:00:00,0.981089337265665,0.9785379269967656,0.022619821164745486,0.6968838605757237,0.5229321744646949
2018-12-17 23:00:00,0.981089337265665,0.9785379269967656,0.06853396567782322,0.4367254940081441,0.18890147208681468
2018-12-18 00:00:00,0.981089337265665,0.7176743707192588,0.23598414700760142,0.3486778485384216,0.2769977644923982
2018-12-18 01:00:00,0.981089337265665,0.6197107887199355,0.18215965730509873,0.24765930544636977,0.441705089269927
2018-12-18 02:00:00,0.8505118550195462,0.5184750168895588,0.8257090161382247,0.2757031971765112,0.6396666453575691
2018-12-18 03:00:00,0.981089337265665,0.3503236722236957,0.7969196129242341,0.6610866389223856,0.38899379868056233
2018-12-18 04:00:00,0.981089337265665,0.3072566371121327,0.9620510192647315,0.8405399283558855,0.2684734315673322
2018-12-18 05:00:00,0.981089337265665,0.2099881397700772,0.9134375788420441,0.1228851598516246,0.18229168198955978
2018-12-18 06:00:00,0.9631325098354693,0.30496230642114264,0.879145049345161,0.2303340266204985,0.18727962303879034
2018-12-18 07:00:00,0.46627564198258475,0.29060121327499044,0.9552656053322996,0.4805835038845004,0.19085884920965693
2018-12-18 08:00:00,0.8213806150471005,0.5481956606211378,0.8825859739201082,0.6544064577693846,0.09671394048184138
2018-12-18 09:00:00,0.8758032994403704,0.2502981355026311,0.9834636537614106,0.8145732619645717,0.0
2018-12-18 10:00:00,0.7968290788092686,0.09292658025168321,0.9834636537614106,1.0,0.02912930181021422
2018-12-18 11:00:00,0.6804339301359671,0.0,0.6933155473598539,0.47925365479738624,0.0
2018-12-18 12:00:00,0.7420672216938793,0.0,0.6801973999611152,0.5331864820918963,0.0
2018-12-18 13:00:00,0.43612052529542567,0.0,0.6435242645465092,0.42449543641687526,0.18103914830973059
2018-12-18 14:00:00,0.2735553567343137,0.0,0.5699561317035563,0.25261907953606233,0.2939089003777977
2018-12-18 15:00:00,0.15867624626364693,0.0,0.41471376815973804,0.5511635822203617,0.42425496550717395
2018-12-18 16:00:00,0.059489249413266235,0.04684723502248931,0.14746947281853542,0.9088358996844955,0.6208781423542494
2018-12-18 17:00:00,0.0,0.04583432903909508,0.003970958925894153,0.7840152632546066,0.3483819368719081
2018-12-18 18:00:00,0.0,0.03314480956070456,0.0027584181187985776,0.9105043933633675,0.2555255043119673
2018-12-18 19:00:00,0.0,0.0,0.0,0.9748792347461473,0.24402154179724045
2018-12-18 20:00:00,0.0,0.061973496038310726,0.06486265096213378,1.0,0.09616638371757266
2018-12-18 21:00:00,0.0,0.13477042346394555,0.32748961527551396,0.9678549004388195,0.0
2018-12-18 22:00:00,0.0,0.23990311658071842,0.46433426807718325,0.8081368959611367,0.0
2018-12-18 23:00:00,0.030536849704740562,0.3445082815462617,0.20559713802536808,0.9536983165818582,0.036562676272686584
2018-12-19 00:00:00,0.07326800742385037,0.30521515870761357,0.8912055397233205,0.8990065836886421,0.12190424668297484
2018-12-19 01:00:00,0.10197253956400314,0.3706119904709764,0.9834636537614106,1.0,0.2919650219450317
2018-12-19 02:00:00,0.09910847633272993,0.2444323698299,0.7439513431313542,1.0,0.14108489300394178
2018-12-19 03:00:00,0.2295107905388153,0.10520660428226954,0.9834636537614106,1.0,0.21001843452171218
2018-12-19 04:00:00,0.981089337265665,0.9642725598046497,0.9834636537614106,1.0,0.89642047669991
2018-12-19 05:00:00,0.981089337265665,0.39607877397623187,0.9834636537614106,1.0,0.9495255609856614
2018-12-19 06:00:00,0.9095743337792759,0.2372846309234611,0.9834636537614106,1.0,0.9495255609856614
2018-12-19 07:00:00,0.9154038213456572,0.4193623651641075,0.9834636537614106,1.0,0.9495255609856614
2018-12-19 08:00:00,0.308246596382299,0.5283424544421591,0.9834636537614106,1.0,0.9495255609856614
2018-12-19 09:00:00,0.6620109274860567,0.9472360452074456,0.8960108169756639,1.0,0.5519299072439777
2018-12-19 10:00:00,0.5910103632886916,0.9785379269967656,0.9834636537614106,1.0,0.9495255609856614
2018-12-19 11:00:00,0.981089337265665,0.9785379269967656,0.8087558762672578,1.0,0.8100233640502094
2018-12-19 12:00:00,0.6332466757106416,0.9785379269967656,0.9834636537614106,1.0,0.9495255609856614
2018-12-19 13:00:00,0.981089337265665,0.9785379269967656,0.9834636537614106,1.0,0.9495255609856614
2018-12-19 14:00:00,0.981089337265665,0.9785379269967656,0.9834636537614106,1.0,0.9495255609856614
2018-12-19 15:00:00,0.981089337265665,0.9785379269967656,0.9834636537614106,1.0,0.43562102331213837
2018-12-19 16:00:00,0.981089337265665,0.9785379269967656,0.9834636537614106,1.0,0.095866109009881
2018-12-19 17:00:00,0.981089337265665,0.9785379269967656,0.9834636537614106,0.8044436023572114,0.04025087354032695
2018-12-19 18:00:00,0.958183199058114,0.6089834251697415,0.9834636537614106,1.0,0.0
2018-12-19 19:00:00,0.981089337265665,0.6224869102946424,0.9834636537614106,1.0,0.5396420930305795
2018-12-19 20:00:00,0.981089337265665,0.9785379269967656,0.9834636537614106,1.0,0.20441021759195693
2018-12-19 21:00:00,0.981089337265665,0.9785379269967656,0.9834636537614106,1.0,0.0
2018-12-19 22:00:00,0.981089337265665,0.9785379269967656,0.9834636537614106,1.0,0.001510948026749476
2018-12-19 23:00:00,0.981089337265665,0.9785379269967656,0.9834636537614106,1.0,0.0
2018-12-20 00:00:00,0.981089337265665,0.9785379269967656,0.9834636537614106,1.0,0.0
2018-12-20 01:00:00,0.981089337265665,0.9785379269967656,0.9834636537614106,1.0,0.03103842752146501
2018-12-20 02:00:00,0.981089337265665,0.9785379269967656,0.9834636537614106,1.0,0.0650344487914463
2018-12-20 03:00:00,0.981089337265665,0.8460140226841195,0.9834636537614106,1.0,0.0
2018-12-20 04:00:00,0.981089337265665,0.8451534974156415,0.9834636537614106,1.0,0.0
2018-12-20 05:00:00,0.981089337265665,0.9785379269967656,0.9834636537614106,1.0,0.005610460687551241
2018-12-20 06:00:00,0.981089337265665,0.9366395965717492,0.9834636537614106,1.0,0.0
2018-12-20 07:00:00,0.981089337265665,0.46752640939665036,0.9834636537614106,1.0,0.013268661928144795
2018-12-20 08:00:00,0.9592124314432591,0.5935801098522997,0.9834636537614106,0.9860205830184855,0.0056310673023342115
2018-12-20 09:00:00,0.981089337265665,0.6521676802820697,0.9834636537614106,1.0,0.015323158889073608
2018-12-20 10:00:00,0.9528425685343425,0.32419512523838384,0.9834636537614106,0.90060342766324,0.0
2018-12-20 11:00:00,0.7388381913756144,0.0856752462008741,0.9834636537614106,0.5559620694660709,0.0
2018-12-20 12:00:00,0.49374438851126395,0.12099597691692657,0.9834636537614106,0.5142777631428829,0.0
2018-12-20 13:00:00,0.6698050563489651,0.08221106089883352,0.8904605708012128,0.5899215488985153,0.050090228918466775
2018-12-20 14:00:00,0.6496697095328506,9.552688096181547e-05,0.8399822815197652,0.6136555448054105,0.04660608793527594
2018-12-20 15:00:00,0.31913163162638536,0.0,0.6606016800856901,0.4836517777376765,0.044722060287171864
2018-12-20 16:00:00,0.21222046084151036,0.0,0.28529511854954703,0.0613476331070533,0.019061898544351225
2018-12-20 17:00:00,0.07366560600204565,0.0,0.14647541366555156,0.047664588099733916,0.13097159311800985
2018-12-20 18:00:00,0.0,0.0,0.0402481370152727,0.09771626341671394,0.13226809796879463
2018-12-20 19:00:00,0.0,0.05345454035263361,0.0,0.14554837126286313,0.07626718111004148
2018-12-20 20:00:00,0.0,0.2026789801757844,0.0,0.34194928943466896,0.0
2018-12-20 21:00:00,0.0003790498888494966,0.2284203059371927,0.13090580866455825,0.4090569716634476,0.0
2018-12-20 22:00:00,0.0,0.18057194008925265,0.21468057966540077,0.41265179316049033,0.0
2018-12-20 23:00:00,0.0,0.2465496231573755,0.2773329611662323,0.45932283775532656,0.0
2018-12-21 00:00:00,0.03053646540800546,0.2655664305403397,0.3401829426905256,0.3962736288720486,0.0
2018-12-21 01:00:00,0.12022238229798086,0.32738343633858086,0.5340760679769078,0.38909128713434366,0.0
2018-12-21 02:00:00,0.5835922650051795,0.4369392659400475,0.7719225553939283,0.33338106109854065,0.0
2018-12-21 03:00:00,0.8417958966007065,0.5611772269780828,0.6570432441023661,0.24414604997274955,0.02183401195407011
2018-12-21 04:00:00,0.5252267778251337,0.47330533380913314,0.6289825647394524,0.20024266508451738,0.038046746360798876
2018-12-21 05:00:00,0.14140496824441243,0.13396266361993292,0.31622926355257247,0.47158945789167184,0.02570883316878474
2018-12-21 06:00:00,0.36156596360474913,0.0822898727370231,0.31359530130846175,0.7153656741536109,0.0
2018-12-21 07:00:00,0.20657120417498556,0.05286428396811727,0.6826234848753543,0.48027020361273093,0.0
2018-12-21 08:00:00,0.05568733409670392,0.072888159148779,0.35800807049176775,0.8800700019256569,0.0
2018-12-21 09:00:00,0.19511571351219295,0.10692607649336461,0.22488634107724387,1.0,0.16434575746593194
2018-12-21 10:00:00,0.3260786148381682,0.3684589394742701,0.03671383219786797,0.6328740921017023,0.3748353111887681
2018-12-21 11:00:00,0.15563724661996267,0.05305894244233504,0.0,1.0,0.12415641932016427
2018-12-21 12:00:00,0.014723573642160233,0.40145724768981855,0.0,1.0,0.0
2018-12-21 13:00:00,0.11684526469695508,0.31337260663160726,0.14386030824634083,1.0,0.9495255609856614
2018-12-21 14:00:00,0.042921660215692985,0.1505859332103329,0.0,1.0,0.9495255609856614
2018-12-21 15:00:00,0.117544491000302,0.9785379269967656,0.0,1.0,0.9495255609856614
2018-12-21 16:00:00,0.08727069938972297,0.5875296870908829,0.0,1.0,0.9495255609856614
2018-12-21 17:00:00,0.14765382394775076,0.47394183404407547,0.0,1.0,0.9495255609856614
2018-12-21 18:00:00,0.07055104113873589,0.45709139973765855,0.2717274063788095,1.0,0.9495255609856614
2018-12-21 19:00:00,0.0,0.21528609765349493,0.768802998022434,1.0,0.9495255609856614
2018-12-21 20:00:00,0.981089337265665,0.5514003314810957,0.12288061003770925,1.0,0.9495255609856614
2018-12-21 21:00:00,0.981089337265665,0.3462465662452827,0.9834636537614106,1.0,0.9495255609856614
2018-12-21 22:00:00,0.7291389212493186,0.049228478756502846,0.49132263283818717,1.0,0.40372664767792543
2018-12-21 23:00:00,0.432041242925006,0.0,0.3258414498219404,1.0,0.8399866381576591
2018-12-22 00:00:00,0.32601442428845195,0.23681463096234187,0.4651229493986737,0.8046576556773306,0.40072938606117553
2018-12-22 01:00:00,0.6356179090224244,0.1880225819995255,0.0,0.1261917309935065,0.7194940468887809
2018-12-22 02:00:00,0.981089337265665,0.0,0.0,0.13594403238466998,0.6539660895973577
2018-12-22 03:00:00,0.1878334170049155,0.011271537093049273,0.0,0.43211957465278594,0.9495255609856614
2018-12-22 04:00:00,0.2639012697887912,0.02646837611558735,0.08073189461746284,0.2278620504094765,0.7292624942961972
2018-12-22 05:00:00,0.07827938984805825,0.10804277664915705,0.03233485818635123,0.52759797028461,0.3542179904397521
2018-12-22 06:00:00,0.023376276051267,0.15553780480082943,0.0,0.3447631247254008,0.0
2018-12-22 07:00:00,0.0,0.29779500178107726,0.0,0.2774328826699108,0.0
2018-12-22 08:00:00,0.0,0.19288017378018002,0.0,0.0934568172491051,0.2724972023340699
2018-12-22 09:00:00,0.05034412920960152,0.12327139800766458,0.0,0.0,0.013867052239321795
2018-12-22 10:00:00,0.03695969637616954,0.16541065032557573,0.0,0.4290138405477231,0.023973491396222808
2018-12-22 11:00:00,0.11947645839797086,0.19448564488840483,0.0,0.262533972076334,0.0
2018-12-22 12:00:00,0.12641724329362458,0.004710166689580052,0.02002451128579596,1.0,0.0
2018-12-22 13:00:00,0.24840835330273392,0.4067040501084976,0.051179624536485425,1.0,0.9495255609856614
2018-12-22 14:00:00,0.5671066606884516,0.6564534416540712,0.41263924173963024,0.762917527614162,0.9258397884167638
2018-12-22 15:00:00,0.3315227743517475,0.9056064141298272,0.4780140501080252,1.0,0.27899341242022485
2018-12-22 16:00:00,0.5049509298503185,0.9785379269967656,0.1735458523487172,0.9873188536283503,0.6971195886922783
2018-12-22 17:00:00,0.3112293514204499,0.9785379269967656,0.03892994032302676,0.5516771584316355,0.4642226307054396
2018-12-22 18:00:00,0.9108658476011737,0.34882738954517883,0.176894563999185,0.8454998429570056,0.1607772417015433
2018-12-22 19:00:00,0.8308860123044345,0.245474744540164,0.6985021336247058,0.7264687288080124,0.1489590467552959
2018-12-22 20:00:00,0.5055537724973729,0.11704365840885876,0.9834636537614106,0.3973896171604377,0.0
2018-12-22 21:00:00,0.26142497287694,0.0,0.7153599196710315,0.536755356486971,0.0
2018-12-22 22:00:00,0.1083854030100944,0.0,0.5130255232376025,0.8489306161920369,0.0
2018-12-22 23:00:00,0.0,0.08845330294645913,0.23640630103127258,0.7455911556176973,0.0
2018-12-23 00:00:00,0.0,0.1496559799539107,0.3718916717688299,0.7480100386820803,0.0
2018-12-23 01:00:00,0.019132302742756943,0.23564297693963993,0.537260436511882,0.5499943863114146,0.0
2018-12-23 02:00:00,0.002097552774227745,0.5605260917944328,0.25987808169398996,0.2875453608532992,0.0
2018-12-23 03:00:00,0.056713523240741574,0.5080966057412873,0.6511404380208923,0.18908651379674954,0.0
2018-12-23 04:00:00,0.028609417653701258,0.24801905603036556,0.9834636537614106,0.28780782849089476,0.0
2018-12-23 05:00:00,0.02190243536893557,0.07424595614366082,0.44452255760701065,0.45890537882188875,0.0
2018-12-23 06:00:00,0.029419169706590916,0.0,0.5053691934085156,1.0,0.0
2018-12-23 07:00:00,0.09872471359978748,0.0,0.26842589907912506,1.0,0.0
2018-12-23 08:00:00,0.05025610047427511,0.0,0.15356438637451836,0.9259444184721621,0.0
2018-12-23 09:00:00,0.0,0.0,0.13607474702384112,0.7066021196072488,0.0
2018-12-23 10:00:00,0.0,0.03824176912291635,0.0,0.31882292582740557,0.0
2018-12-23 11:00:00,0.0,0.17329576014333323,0.0,0.25049321962641424,0.0
2018-12-23 12:00:00,0.032863815541397626,0.22857677019383818,0.0,0.14892142568463015,0.0
2018-12-23 13:00:00,0.060856026962924144,0.09892789394527957,0.0,0.023570719270729457,0.06018465408177944
2018-12-23 14:00:00,0.08747231075889894,0.10264854230330273,0.0,0.0,0.13633527244101895
2018-12-23 15:00:00,0.11407013322615649,0.0603897729793121,0.014441153782023158,0.0,0.042656000748116985
2018-12-23 16:00:00,0.27502962299457784,0.03957225220061451,0.10734515740603723,0.0,0.049934087536332994
2018-12-23 17:00:00,0.3380825978500929,0.06135230278258353,0.24249423536846215,0.09360552274363237,0.12355049492460173
2018-12-23 18:00:00,0.5920888339412057,0.12287634016105778,0.7691227929053154,0.09399237852597309,0.15233874859592883
2018-12-23 19:00:00,0.6432442568542741,0.15018577449429127,0.9834636537614106,0.0132833499606473,0.0
2018-12-23 20:00:00,0.5092318568033838,0.12479960875782968,0.9834636537614106,0.0384805768238551,0.0
2018-12-23 21:00:00,0.3763602257931219,0.03314608213321553,0.9834636537614106,0.0,0.0
2018-12-23 22:00:00,0.5794667351141337,0.0,0.9834636537614106,0.8007084992511866,0.0
2018-12-23 23:00:00,0.4179411379667238,0.0,0.9834636537614106,1.0,0.0
2018-12-24 00:00:00,0.981089337265665,0.0,0.97342551996102,0.7675658740878157,0.0043063940957758905
2018-12-24 01:00:00,0.981089337265665,0.0,0.6430186298674244,0.9329987854242998,0.0
2018-12-24 02:00:00,0.6754595701885652,0.0,0.0,0.9252817081681407,0.0
2018-12-24 03:00:00,0.6166486278722105,0.23024305956350183,0.034345958589439014,0.5057973361915564,0.0
2018-12-24 04:00:00,0.8045037631879067,0.4623106207503119,0.02763284347808803,0.5057973361915564,0.0
2018-12-24 05:00:00,0.5263804299176437,0.5850500100718281,0.0,0.06298935066996918,0.0
2018-12-24 06:00:00,0.6414371970473932,0.8174147997275352,0.0,0.09076033871816186,0.20553271381882235
2018-12-24 07:00:00,0.6774909900324431,0.30677105385419384,0.0,0.19815919851191852,0.05849492300084531
2018-12-24 08:00:00,0.9787195944194217,0.28917343871762163,0.0,0.4993132599365472,0.06056767248399345
2018-12-24 09:00:00,0.15210241475286332,0.10199068421194987,0.0,0.3289701594161252,0.0
2018-12-24 10:00:00,0.13939510295992885,0.019445736387015355,0.062028284079402016,0.35598640165190243,0.0
2018-12-24 11:00:00,0.29278626903372984,0.028745677275536067,0.07502395339016883,0.35443659864704685,0.1964242503077474
2018-12-24 12:00:00,0.3320192315647811,0.0,0.10836549185939919,0.4562435512717169,0.18269385944145813
2018-12-24 13:00:00,0.19020284688342223,0.0,0.046824341803142516,0.5519806037095761,0.1106895656184111
2018-12-24 14:00:00,0.1413246635345862,0.0,0.03587692968513799,0.1180664226962719,0.10140223413879153
2018-12-24 15:00:00,0.06445560328745095,0.0,0.030629483540589295,0.09952367544400713,0.11437047402208025
2018-12-24 16:00:00,0.028197846428228274,0.0,0.0,0.38747141639268745,0.0
2018-12-24 17:00:00,0.0388874741073612,0.02414691587846423,0.0,0.05665445255643119,0.0
2018-12-24 18:00:00,0.048748467128464236,0.053526083436978955,0.0,0.0,0.0
2018-12-24 19:00:00,0.12666592443983207,0.006733695121022636,0.0,0.0,0.1506588780117625
2018-12-24 20:00:00,0.09180271420789525,0.10754734617124322,0.0,0.0,0.0
2018-12-24 21:00:00,0.0,0.01233076270122665,0.032152469009915384,0.0816746285670213,0.0
2018-12-24 22:00:00,0.013298137390378361,0.0,0.037789568802847236,0.20161354291497008,0.08982106197003967
2018-12-24 23:00:00,0.05716409827755101,0.0,0.08481891352560564,0.11163702521408356,0.14148936764804912
2018-12-25 00:00:00,0.02181208874557905,0.0,0.18070319200560328,0.0,0.0
2018-12-25 01:00:00,0.02852664468003516,0.034458718721586484,0.06968615340316686,0.0,0.0
2018-12-25 02:00:00,0.08190078159147691,0.06675208543862572,0.0,0.020189716397903318,0.05427215208992641
2018-12-25 03:00:00,0.16125196702950587,0.10268717984509149,0.08055682282825524,0.05575512282686947,0.05042153910268849
2018-12-25 04:00:00,0.1263485771540639,0.03130992128995992,0.026326169346135225,0.0749677681649354,0.07791348018422568
2018-12-25 05:00:00,0.08823666351220524,0.0,0.18657514618126556,0.0,0.0
2018-12-25 06:00:00,0.2011426605973954,0.030303968976960246,0.0,0.0,0.0
2018-12-25 07:00:00,0.32643409069256596,0.09825173928017579,0.0,0.05351507164726805,0.0
2018-12-25 08:00:00,0.4987042851249051,0.06132236711611346,0.0,0.11341917689055721,0.0
2018-12-25 09:00:00,0.5984782751285437,0.027308570998294125,0.0,0.07243112483917412,0.0
2018-12-25 10:00:00,0.28524563766875183,0.05908169915412811,0.0,0.1141742346327461,0.0
2018-12-25 11:00:00,0.29358716289505843,0.1509321958375876,0.0,0.18493609216163084,0.0
2018-12-25 12:00:00,0.4566653352500889,0.7041811916526537,0.09899190275283842,0.31724138717240286,0.0
2018-12-25 13:00:00,0.6065221944483064,0.8170681577810673,0.29189171171177053,0.6484742245581547,0.0
2018-12-25 14:00:00,0.8166184871727415,0.8742557963186871,0.6089830922655805,0.8478466874759794,0.04893598121313377
2018-12-25 15:00:00,0.9672216654139568,0.8359745820025775,0.9834636537614106,0.49141829815927895,0.07152763207325799
2018-12-25 16:00:00,0.981089337265665,0.9785379269967656,0.9834636537614106,0.1729146628402313,0.058915608981397964
2018-12-25 17:00:00,0.981089337265665,0.7344039124910442,0.7653908041150118,0.7747721807840419,0.0012505945540494108
2018-12-25 18:00:00,0.981089337265665,0.6956157922672905,0.9834636537614106,1.0,0.01776395965592845
2018-12-25 19:00:00,0.981089337265665,0.6584892910410154,0.9834636537614106,1.0,0.005339674140962179
2018-12-25 20:00:00,0.981089337265665,0.7996677571893656,0.9834636537614106,1.0,0.0
2018-12-25 21:00:00,0.981089337265665,0.6927171362178114,0.9834636537614106,1.0,0.0
2018-12-25 22:00:00,0.981089337265665,0.8729752320482788,0.8241907690087148,1.0,0.0
2018-12-25 23:00:00,0.8377108385324975,0.9785379269967656,0.6934070183697368,1.0,0.0
2018-12-26 00:00:00,0.7424827689010939,0.9785379269967656,0.6087015032217558,0.9967163431262314,0.0
2018-12-26 01:00:00,0.6339002181913233,0.8748508597177946,0.726663507308063,0.9577845634615579,0.0
2018-12-26 02:00:00,0.5251619874239456,0.6195687485122423,0.6180245309938668,1.0,0.0
2018-12-26 03:00:00,0.2907064372016466,0.3052497131946063,0.40894514165595597,1.0,0.0
2018-12-26 04:00:00,0.3157023951399783,0.14792400061549155,0.3529475652203116,0.9374390839430425,0.018987970009505552
2018-12-26 05:00:00,0.28354835365603925,0.1335425987041841,0.3119002089341599,0.5865371875436294,0.048930124971306915
2018-12-26 06:00:00,0.3179235346455232,0.10188746547733595,0.2247347142773358,0.637607396314253,0.007160874879719528
2018-12-26 07:00:00,0.061880884956272836,0.1061598839126146,0.3442561345878014,0.17952470061783857,0.0
2018-12-26 08:00:00,0.10636562811660086,0.10364519697564648,0.13375342618660127,0.1508015218769307,0.0
2018-12-26 09:00:00,0.12450285103733909,0.6394635502837386,0.21511337534241487,0.3563577749033579,0.0
2018-12-26 10:00:00,0.09183572072375686,0.1262672868998088,0.05471953990733821,0.23144019810985025,0.0
2018-12-26 11:00:00,0.1136669196475241,0.04008515308357782,0.0,0.0,0.0
2018-12-26 12:00:00,0.08134170507109445,0.0,0.05451395019808403,0.12776817428685727,0.0
2018-12-26 13:00:00,0.24911189198455452,0.03892171556839543,0.0,0.617955598163961,0.0
2018-12-26 14:00:00,0.1819681123032454,0.026029474753691405,0.0,0.854546790608918,0.0
2018-12-26 15:00:00,0.4099592920570767,0.0,0.0589853484796045,0.7540609520840436,0.001123105638299278
2018-12-26 16:00:00,0.27236143704067434,0.9785379269967656,0.3935802032451777,1.0,0.025765036982056847
2018-12-26 17:00:00,0.30298684770127343,0.9785379269967656,0.5196814070327751,1.0,0.4617201612110651
2018-12-26 18:00:00,0.40223212849999646,0.9785379269967656,0.9834636537614106,1.0,0.6084567718111873
2018-12-26 19:00:00,0.5518107371491849,0.9785379269967656,0.9834636537614106,1.0,0.9266407700914436
2018-12-26 20:00:00,0.981089337265665,0.9785379269967656,0.9834636537614106,1.0,0.7990708951854416
2018-12-26 21:00:00,0.981089337265665,0.9785379269967656,0.9834636537614106,1.0,0.9495255609856614
2018-12-26 22:00:00,0.981089337265665,0.9785379269967656,0.9834636537614106,1.0,0.4814359703333215
2018-12-26 23:00:00,0.981089337265665,0.9785379269967656,0.9834636537614106,1.0,0.9495255609856614
2018-12-27 00:00:00,0.981089337265665,0.9785379269967656,0.9834636537614106,1.0,0.9495255609856614
2018-12-27 01:00:00,0.981089337265665,0.9785379269967656,0.9834636537614106,1.0,0.7553915670403438
2018-12-27 02:00:00,0.981089337265665,0.9785379269967656,0.9834636537614106,1.0,0.07005898209085054
2018-12-27 03:00:00,0.981089337265665,0.9785379269967656,0.9834636537614106,1.0,0.0
2018-12-27 04:00:00,0.981089337265665,0.9785379269967656,0.9834636537614106,1.0,0.0
2018-12-27 05:00:00,0.981089337265665,0.9785379269967656,0.9834636537614106,1.0,0.0
2018-12-27 06:00:00,0.981089337265665,0.9785379269967656,0.9834636537614106,1.0,0.18817309039149022
2018-12-27 07:00:00,0.981089337265665,0.9785379269967656,0.9834636537614106,1.0,0.1729169896245347
2018-12-27 08:00:00,0.981089337265665,0.9785379269967656,0.9834636537614106,1.0,0.07595258051754035
2018-12-27 09:00:00,0.981089337265665,0.9785379269967656,0.9834636537614106,1.0,0.09832558587537088
2018-12-27 10:00:00,0.981089337265665,0.9785379269967656,0.9834636537614106,1.0,0.12636295372481451
2018-12-27 11:00:00,0.981089337265665,0.9785379269967656,0.9834636537614106,1.0,0.20268928048037063
2018-12-27 12:00:00,0.981089337265665,0.9785379269967656,0.9834636537614106,1.0,0.28685352648648654
2018-12-27 13:00:00,0.981089337265665,0.9785379269967656,0.9834636537614106,1.0,0.19312182910373354
2018-12-27 14:00:00,0.981089337265665,0.9785379269967656,0.9834636537614106,1.0,0.13530209828037768
2018-12-27 15:00:00,0.981089337265665,0.9785379269967656,0.9834636537614106,1.0,0.21528212904052832
2018-12-27 16:00:00,0.8481688055862655,0.9785379269967656,0.9834636537614106,1.0,0.32002572619307934
2018-12-27 17:00:00,0.46040646764990284,0.9785379269967656,0.9834636537614106,1.0,0.4291503744451606
2018-12-27 18:00:00,0.33978571107766903,0.9785379269967656,0.9834636537614106,1.0,0.34528716792964076
2018-12-27 19:00:00,0.29820951165759785,0.9785379269967656,0.9834636537614106,1.0,0.1327580495218311
2018-12-27 20:00:00,0.32672296522468075,0.9785379269967656,0.9834636537614106,1.0,0.07976985587707086
2018-12-27 21:00:00,0.36416276657545915,0.9785379269967656,0.9834636537614106,1.0,0.0
2018-12-27 22:00:00,0.5606638266777071,0.7387476286747273,0.9834636537614106,1.0,0.18052286357044067
2018-12-27 23:00:00,0.7170226489708034,0.9406980202386624,0.9834636537614106,1.0,0.03945398363304609
2018-12-28 00:00:00,0.5849020243134004,0.8645048589461418,0.9834636537614106,1.0,0.001798364230568179
2018-12-28 01:00:00,0.9418934406816952,0.6942060088339628,0.9834636537614106,1.0,0.033042029912513184
2018-12-28 02:00:00,0.8395673361162982,0.7247918823130319,0.9834636537614106,1.0,0.0
2018-12-28 03:00:00,0.981089337265665,0.5275215753958991,0.9834636537614106,1.0,0.0
2018-12-28 04:00:00,0.8268682933293782,0.618703966019707,0.9834636537614106,1.0,0.0
2018-12-28 05:00:00,0.4150920155243405,0.6695902473319209,0.9834636537614106,1.0,0.0
2018-12-28 06:00:00,0.47313149765816326,0.6028855854548781,0.9834636537614106,1.0,0.0
2018-12-28 07:00:00,0.6468824689230649,0.6248068191691727,0.7346000056967376,1.0,0.0
2018-12-28 08:00:00,0.6999084686429026,0.4480401081008268,0.7024716288749737,0.06388854356921497,0.0
2018-12-28 09:00:00,0.7613655839416305,0.6635364929506671,0.47879046565324246,0.05861133667383156,0.023966576333699356
2018-12-28 10:00:00,0.7537492048446724,0.5675351734504059,0.4427362649417406,0.08869664532326052,0.007618723357946047
2018-12-28 11:00:00,0.8089120235875533,0.7009910386975381,0.5867620016844781,0.0917869544427756,0.0
2018-12-28 12:00:00,0.33800937696137834,0.33485295132166387,0.44056401577899545,0.10124921587534402,0.0
2018-12-28 13:00:00,0.3642388729826881,0.21631437475171686,0.4188567127714275,0.034174909563592,0.0
2018-12-28 14:00:00,0.16107162711381146,0.05881694645358255,0.40730058082353227,0.02834268664688901,0.0
2018-12-28 15:00:00,0.09220402816590773,0.02703413948100013,0.24832671038709356,0.0,0.010404755463534657
2018-12-28 16:00:00,0.08907805121115611,0.0,0.16393696901511154,0.059619882868609135,0.009840240516575442
2018-12-28 17:00:00,0.047800861907495974,0.0,0.1286177333452221,0.0,0.05325237765756651
2018-12-28 18:00:00,0.039704509203583815,0.0,0.05942776432491493,0.0,0.09703237954824831
2018-12-28 19:00:00,0.0310031377906874,0.0,0.0,0.0,0.09703237954824831
2018-12-28 20:00:00,0.050062430803069866,0.0,0.0,0.0,0.0
2018-12-28 21:00:00,0.08410082974764205,0.0,0.0,0.0,0.24088243428043302
2018-12-28 22:00:00,0.0911156881788035,0.030551610289017744,0.0,0.053423255466202114,0.09691799858948244
2018-12-28 23:00:00,0.047522567832067146,0.051876311867262194,0.060187567016932654,0.14589418146016597,0.022925506143958423
2018-12-29 00:00:00,0.04499614093885847,0.09179716340005632,0.1754946516293145,0.2039346256184119,0.0
2018-12-29 01:00:00,0.04812253866012728,0.17232055542025732,0.21261077650863813,0.2331666744728829,0.0
2018-12-29 02:00:00,0.03481372453547472,0.17847602132738086,0.2514325540367723,0.21097910686047258,0.0
2018-12-29 03:00:00,0.15996704055480104,0.18140597910643252,0.27106129094537634,0.18108762157687572,0.0
2018-12-29 04:00:00,0.3034946635573194,0.191698864891076,0.42855223098242684,0.20876871370427136,0.0
2018-12-29 05:00:00,0.31481895838782176,0.14522209057228852,0.5148696925112372,0.17944345490475358,0.0
2018-12-29 06:00:00,0.414923056635608,0.07215046819422662,0.7158687367566613,0.06734569652447418,0.0
2018-12-29 07:00:00,0.6153310905532184,0.08825553290552984,0.857906214097929,0.12826041483348607,0.0
2018-12-29 08:00:00,0.7410020042369106,0.10856435338217772,0.9834636537614106,0.2741929704935183,0.0
2018-12-29 09:00:00,0.2810019384691444,0.020176103560313973,0.7198000862128345,0.2539857705218324,0.0
2018-12-29 10:00:00,0.08705462530529404,0.0,0.2169316993808272,0.667079962186994,0.0
2018-12-29 11:00:00,0.0,0.0,0.16709953611900966,0.6519895585155636,0.0
2018-12-29 12:00:00,0.022497284650932182,0.0,0.08078086750788369,0.44049246942203335,0.0
2018-12-29 13:00:00,0.0,0.0,0.06400352554996692,0.22871607233964078,0.0
2018-12-29 14:00:00,0.0,0.0,0.15219249825781048,0.2348100834155962,0.0
2018-12-29 15:00:00,0.0,0.02328245810608741,0.10080272993392075,0.19399856738230728,0.0
2018-12-29 16:00:00,0.0,0.06064552613129527,0.09838244492553987,0.17220830445930946,0.0
2018-12-29 17:00:00,0.07799999456345127,0.08871796549442083,0.04540883297003956,0.24781908551298754,0.0496504530752403
2018-12-29 18:00:00,0.20608490875239927,0.1214936416602344,0.13692786914115088,0.21614447057247885,0.09231278124590081
2018-12-29 19:00:00,0.5055837714646133,0.2532572245751486,0.4486899574701758,0.39136854070900967,0.09425354823154941
2018-12-29 20:00:00,0.8789508644570421,0.34895767877695805,0.9834636537614106,0.8625327147338049,0.0
2018-12-29 21:00:00,0.8520827305008515,0.5001007951993217,0.9834636537614106,0.8315580305563504,0.0
2018-12-29 22:00:00,0.8604359214279219,0.4908630753103366,0.9834636537614106,0.6239090575308576,0.0
2018-12-29 23:00:00,0.6665426575330875,0.5029196996382221,0.9834636537614106,1.0,0.0
2018-12-30 00:00:00,0.2983962008095313,0.49624369048996364,0.9834636537614106,0.6613586181325001,0.022043778994283964
2018-12-30 01:00:00,0.15757976425367565,0.5350719568623115,0.9433444845442256,0.6315674199903782,0.0
2018-12-30 02:00:00,0.03994566547453326,0.2540133542726453,0.9288926497141541,0.8269037420108672,0.021024716868229047
2018-12-30 03:00:00,0.04043372068916467,0.03420246640509391,0.9834636537614106,0.6882435480271766,0.025700324965738958
2018-12-30 04:00:00,0.04363533897959716,0.0,0.9834636537614106,0.7050940132834032,0.0
2018-12-30 05:00:00,0.0726477232666518,0.12441080015203455,0.9834636537614106,0.47016315096795785,0.0
2018-12-30 06:00:00,0.028183874578078114,0.043277939322369605,0.9834636537614106,0.8397779671192701,0.0006837337691103237
2018-12-30 07:00:00,0.04275065703299725,0.07893954745986731,0.9834636537614106,1.0,0.023149917185441547
2018-12-30 08:00:00,0.0,0.0,0.9823256333535636,1.0,0.0
2018-12-30 09:00:00,0.11287099537232048,0.0,0.6405544178463893,1.0,0.0
2018-12-30 10:00:00,0.2876245171005479,0.0,0.4514974807226159,1.0,0.021543840126725004
2018-12-30 11:00:00,0.5586690465420857,0.0,0.09779448260225881,1.0,0.0
2018-12-30 12:00:00,0.814593338543841,0.0,0.020139497094403984,1.0,0.0
2018-12-30 13:00:00,0.8901591581057132,0.0,0.0,1.0,0.0
2018-12-30 14:00:00,0.981089337265665,0.0,0.0,1.0,0.057380155963562746
2018-12-30 15:00:00,0.981089337265665,0.24357348217271435,0.0,1.0,0.12474831981412167
2018-12-30 16:00:00,0.981089337265665,0.9785379269967656,0.0,1.0,0.0923682880511399
2018-12-30 17:00:00,0.981089337265665,0.9785379269967656,0.314116106658008,1.0,0.03865643879840532
2018-12-30 18:00:00,0.981089337265665,0.9785379269967656,0.19620929956053,1.0,0.3436499968119212
2018-12-30 19:00:00,0.981089337265665,0.9785379269967656,0.06404481717999008,1.0,0.729661758236645
2018-12-30 20:00:00,0.26183739729374544,0.5199399276478687,0.0,0.758205574767975,0.0
2018-12-30 21:00:00,0.22095127589830887,0.5805884264741017,0.0,0.13566723106240258,0.21971862211610488
2018-12-30 22:00:00,0.7629558189263724,0.6697717489426385,0.0,0.20286622234342697,0.213169729366083
2018-12-30 23:00:00,0.981089337265665,0.5816601406213725,0.2768008146070065,0.9454214346029084,0.18450042033521635
2018-12-31 00:00:00,0.981089337265665,0.37624370964805315,0.9834636537614106,1.0,0.24948587343485457
2018-12-31 01:00:00,0.981089337265665,0.051243937492223224,0.9834636537614106,1.0,0.0441000427773428
2018-12-31 02:00:00,0.981089337265665,0.02368055606996984,0.9834636537614106,1.0,0.0
2018-12-31 03:00:00,0.981089337265665,0.1039106652565645,0.9834636537614106,1.0,0.04830139300512072
2018-12-31 04:00:00,0.981089337265665,0.5646214843127434,0.9834636537614106,1.0,0.1186930557131363
2018-12-31 05:00:00,0.981089337265665,0.9785379269967656,0.9834636537614106,1.0,0.10621913850314532
2018-12-31 06:00:00,0.981089337265665,0.9785379269967656,0.9834636537614106,1.0,0.05135094160188386
2018-12-31 07:00:00,0.981089337265665,0.9785379269967656,0.9834636537614106,1.0,0.6501536492437209
2018-12-31 08:00:00,0.981089337265665,0.9785379269967656,0.9834636537614106,1.0,0.9105598635790308
2018-12-31 09:00:00,0.981089337265665,0.9785379269967656,0.9834636537614106,1.0,0.6190321950197178
2018-12-31 10:00:00,0.981089337265665,0.9785379269967656,0.9834636537614106,1.0,0.518781209351379
2018-12-31 11:00:00,0.981089337265665,0.9785379269967656,0.9834636537614106,1.0,0.33760998712851004
2018-12-31 12:00:00,0.981089337265665,0.9785379269967656,0.9834636537614106,1.0,0.2355217576351245
2018-12-31 13:00:00,0.981089337265665,0.9785379269967656,0.9834636537614106,1.0,0.3643565956578149
2018-12-31 14:00:00,0.981089337265665,0.9785379269967656,0.9834636537614106,1.0,0.23241323891777205
2018-12-31 15:00:00,0.981089337265665,0.9785379269967656,0.9834636537614106,1.0,0.23296750222922238
2018-12-31 16:00:00,0.981089337265665,0.9785379269967656,0.9834636537614106,1.0,0.16242451225570304
2018-12-31 17:00:00,0.21789011212456402,0.3949453949939535,0.17747653796332422,0.2393615804522119,0.44091338134112135
2018-12-31 18:00:00,0.27432981776182425,0.45836632301535374,0.27586546507634024,0.17765993698542273,0.44984793952165547
2018-12-31 19:00:00,0.2808117652154612,0.41439257908793087,0.3364236458096092,0.2670348443621561,0.3019493518000752
2018-12-31 20:00:00,0.28322878044224875,0.7303710984394285,0.24179866171643508,0.313353198252892,0.1947987230531156
2018-12-31 21:00:00,0.19190311177311295,0.6825536802470797,0.2251570311839806,0.28701780587789644,0.10126326665785194
2018-12-31 22:00:00,0.2656234491608837,0.5669533608989897,0.32656587260540026,0.33761462824250754,0.052525655082071666
2018-12-31 23:00:00,0.25481405068612545,0.5580951538706513,0.2258181293033029,0.2594732674693156,0.08202717426784978
