datetime,East_2018_wind_point1_cf,East_2018_wind_point2_cf,East_2018_wind_point3_cf,North_2018_wind_point1_cf,South_2018_wind_point1_cf
2018-01-01 00:00:00,0.3096106563207333,0.539173921177382,0.24648506940513396,0.07436822900644745,0.04574323660863041
2018-01-01 01:00:00,0.35000070711067793,0.34556090814857804,0.24068734411060103,0.09174877946509193,0.0
2018-01-01 02:00:00,0.4798196637260938,0.5066743697194845,0.31402468290680025,0.015206649493479631,0.0
2018-01-01 03:00:00,0.45481297806361937,0.21272851227179596,0.36601158920486326,0.032472486928545666,0.0
2018-01-01 04:00:00,0.403227017136793,0.14133141589158155,0.4991711138720584,0.05648826431346576,0.0
2018-01-01 05:00:00,0.6386956628219621,0.15326459785777485,0.33087516595314187,0.07286769004211953,0.0
2018-01-01 06:00:00,0.6298516743332534,0.15140760856883254,0.31371730168608625,0.039328061183495494,0.0
2018-01-01 07:00:00,0.5950557744308819,0.10068463518634792,0.46785516560916557,0.05124571570969529,0.0
2018-01-01 08:00:00,0.6486872896809919,0.0735662534946169,0.6039551317837981,0.22412057997917267,0.0
2018-01-01 09:00:00,0.479762892733694,0.03142723387449629,0.4042417757488517,0.3014029746181086,0.0
2018-01-01 10:00:00,0.656915313574427,0.026130191161627483,0.3368305201764859,0.1531997525907723,0.0
2018-01-01 11:00:00,0.9602506623307073,0.10377056610992035,0.3560665048780635,0.0006570572660840905,0.0
2018-01-01 12:00:00,0.9250197626876194,0.18371267155875604,0.6615847897256687,0.03170553964336748,0.0
2018-01-01 13:00:00,1.0,0.2251637894937406,0.5671175844920678,0.034366720233189825,0.0
2018-01-01 14:00:00,0.8450018974589357,0.20646435952148007,0.6000680355934072,0.09728568501650516,0.027020379969210032
2018-01-01 15:00:00,0.7990955631109794,0.18076583166316074,0.5593094105105535,0.1360246483634337,0.10637821712656906
2018-01-01 16:00:00,0.983518902923939,0.3691710404484056,0.7467209957240839,0.12054416591611138,0.05635796976363683
2018-01-01 17:00:00,1.0,0.31325087882248875,1.0,0.11049536220885404,0.2307525992174945
2018-01-01 18:00:00,1.0,0.656098910282928,1.0,0.1294084355347019,0.21271773712550932
2018-01-01 19:00:00,1.0,0.5495267467032388,1.0,0.35401849632805776,0.01944141315721466
2018-01-01 20:00:00,1.0,0.47284137451822245,0.7681799472944516,0.22675973883867467,0.0
2018-01-01 21:00:00,1.0,0.19986159968947595,0.46022181362338566,0.30008903574977286,0.0
2018-01-01 22:00:00,1.0,0.14421858462941176,0.417218019839929,0.23976993618097353,0.06785846881309945
2018-01-01 23:00:00,0.9339548997613996,0.04147356468448642,0.2530539334706941,0.12408466963146703,0.27265672299479454
2018-01-02 00:00:00,0.7832909291891137,0.011828475837568096,0.2000736740114845,0.13750667714422882,0.06482515913280322
2018-01-02 01:00:00,0.6945240771187773,0.039967574933323514,0.10944590808193463,0.15711512206835695,0.08715126395589523
2018-01-02 02:00:00,0.5497198472519694,0.07350117020496229,0.04856712972348498,0.5600183173335306,0.08694606242454013
2018-01-02 03:00:00,0.3595842129470625,0.06660190303907246,0.1489837195763379,0.8885564927590903,0.10708425385351356
2018-01-02 04:00:00,0.13979986770771766,0.14631198270862447,0.09091953046368788,0.8522233219254707,0.10221492816627513
2018-01-02 05:00:00,0.15492231622183483,1.0,0.04817258661950257,1.0,0.03710390944125199
2018-01-02 06:00:00,0.1047625988497828,1.0,0.23821591370537318,1.0,0.0
2018-01-02 07:00:00,0.7504217305819472,1.0,0.21814218160633703,1.0,0.0
2018-01-02 08:00:00,1.0,1.0,0.5150504647052806,1.0,0.023835395220625364
2018-01-02 09:00:00,0.5876016966087502,1.0,0.41915925574964863,1.0,0.0
2018-01-02 10:00:00,0.23265378426990355,0.6226925153095688,0.43205694697115815,1.0,0.0
2018-01-02 11:00:00,0.21098716924554348,0.20034379152353593,0.4655143497593008,0.5717970704112831,0.0
2018-01-02 12:00:00,0.23689175280454097,0.15217639844486963,0.49072522276066227,0.827522533700464,0.0
2018-01-02 13:00:00,0.12196525765329867,0.2234044850750648,0.9997310114797409,0.9009749273774211,0.0
2018-01-02 14:00:00,0.10854722269044456,0.5167038184632462,1.0,1.0,0.0
2018-01-02 15:00:00,0.2211813466210997,0.8593891385803382,1.0,1.0,0.029685498888554075
2018-01-02 16:00:00,0.1792747588942134,0.6401137130382273,1.0,1.0,0.0
2018-01-02 17:00:00,0.20470677358595343,0.4946977762539988,1.0,1.0,0.05442823859114348
2018-01-02 18:00:00,0.6002275740030337,0.5278297376751925,1.0,1.0,0.050533583452161454
2018-01-02 19:00:00,1.0,0.49177889824508203,1.0,1.0,0.0
2018-01-02 20:00:00,1.0,0.7285798658511585,1.0,1.0,0.0
2018-01-02 21:00:00,1.0,0.6434095030223929,1.0,1.0,0.030502510590386805
2018-01-02 22:00:00,1.0,0.41288402414417563,1.0,1.0,0.0
2018-01-02 23:00:00,1.0,0.20562254340999578,1.0,1.0,0.0
2018-01-03 00:00:00,1.0,0.14750425454521474,1.0,1.0,0.044457045502298474
2018-01-03 01:00:00,1.0,0.29019031165215436,1.0,1.0,0.049102911430015675
2018-01-03 02:00:00,1.0,0.563506252732334,1.0,1.0,0.20927825374238024
2018-01-03 03:00:00,0.959294196860952,0.6004859734999871,1.0,1.0,0.1943123608078444
2018-01-03 04:00:00,0.688677167086066,0.3905919395371751,1.0,1.0,0.15788122628730222
2018-01-03 05:00:00,0.5491869160863704,0.23387452749943152,1.0,1.0,0.10354690767935847
2018-01-03 06:00:00,0.5321713445077927,0.25464209101092666,1.0,1.0,0.09257442022130138
2018-01-03 07:00:00,0.30173246320873903,0.11840455603238956,0.9696769611436289,1.0,0.03868882985834098
2018-01-03 08:00:00,0.19941285272700937,0.07088394862233789,1.0,1.0,0.020928794592164006
2018-01-03 09:00:00,0.10704697954972937,0.0,0.534972078938324,1.0,0.0
2018-01-03 10:00:00,0.0,0.0,0.18193397017424703,0.8606131303703051,0.0
2018-01-03 11:00:00,0.0,0.0,0.06630117135564793,0.3318942575526489,0.0
2018-01-03 12:00:00,0.0,0.00044573334455954715,0.04201497904167142,0.11412938083882568,0.0
2018-01-03 13:00:00,0.0,0.0,0.040440767436151194,0.025191684662746752,0.09166541706974321
2018-01-03 14:00:00,0.0,0.0,0.027015736747869615,0.062490811452447434,0.06286667103268118
2018-01-03 15:00:00,0.00764609540827386,0.0,0.0,0.07249902277689568,0.08574192615326527
2018-01-03 16:00:00,0.058282106614623255,0.03139656284604128,0.0,0.033346387257033254,0.17185050740252078
2018-01-03 17:00:00,0.31957558117723134,0.11962702455806834,0.0,0.20315557611563304,0.3645391567584003
2018-01-03 18:00:00,0.6074023849131486,0.2102341032361394,0.2967219976607421,0.12092631839828422,0.2530748523995338
2018-01-03 19:00:00,0.8330018152118555,0.2747978455461489,0.17521008052949824,0.13132337046138953,0.02478691606910894
2018-01-03 20:00:00,1.0,0.26728001835105425,0.22077131276541428,0.03628011043421725,0.0
2018-01-03 21:00:00,0.6953339766215528,0.16054534715502147,0.20141400359103742,0.0,0.03844145031474115
2018-01-03 22:00:00,1.0,0.1554250918985497,0.10244466529953923,0.0,0.04067081452406196
2018-01-03 23:00:00,1.0,0.03078005423775634,0.1724690137599276,0.0,0.020358712122364807
2018-01-04 00:00:00,0.9826165306118593,0.0,0.13075101933934094,0.0,0.03498862749759731
2018-01-04 01:00:00,0.12671474940650956,0.0,0.13769517143356083,0.0,0.0
2018-01-04 02:00:00,0.03741125065856198,0.0,0.10778572254051687,0.0,0.0
2018-01-04 03:00:00,0.1060018166630947,0.0,0.08641011730403417,0.42870145700440887,0.0
2018-01-04 04:00:00,0.10036629238663723,0.022039836616981043,0.3090973925146127,0.4533749375054828,0.03843134275109927
2018-01-04 05:00:00,0.10432370698629458,1.0,0.26583130060327176,1.0,0.05239520997821285
2018-01-04 06:00:00,0.1497375496053209,1.0,0.14949281666467748,1.0,0.06399845487534268
2018-01-04 07:00:00,0.2484287959691795,1.0,0.3503960939439286,1.0,0.03648254104158389
2018-01-04 08:00:00,0.537189474336444,1.0,0.4484121762587853,1.0,0.12641885904411143
2018-01-04 09:00:00,0.323791366767987,1.0,0.61933848086352,0.4946653404125806,0.05025239259428323
2018-01-04 10:00:00,0.1378535206465055,0.5076488578298631,0.1890944124107758,0.37905550549967393,0.0
2018-01-04 11:00:00,0.11378476442831129,0.16578377145559253,0.21722674667771738,0.2728070135867953,0.0
2018-01-04 12:00:00,0.011868049717425189,0.1674700338095116,0.26319452317102165,0.14507840016490317,0.0
2018-01-04 13:00:00,0.03275839485597256,0.03560496294012455,0.33354890643718044,0.15682451061771205,0.0
2018-01-04 14:00:00,0.04697150618884613,0.04334111214749185,0.2446523579133577,0.06188341220219275,0.007594429274307118
2018-01-04 15:00:00,0.05258673767780946,0.021840092629581326,0.23389856390008285,0.016629576696619665,0.08186215887276876
2018-01-04 16:00:00,0.10211033503743291,0.0017172558390075967,0.2056551674405648,0.006490848212495962,0.144804491989775
2018-01-04 17:00:00,0.042401905749915404,0.054002532996942514,0.1630793927866588,0.0,0.1939330926500257
2018-01-04 18:00:00,0.0,0.09432571694696579,0.10136163343651117,0.0,0.2566063601801355
2018-01-04 19:00:00,0.0,0.18756879852895714,0.045793760094379445,0.0,0.2467121509128662
2018-01-04 20:00:00,0.0,0.041404721505936076,0.0,0.025980202970393957,0.0
2018-01-04 21:00:00,0.0,0.0,0.0,0.12070423360537476,0.0440341835409699
2018-01-04 22:00:00,0.0,0.0,0.054456368426266444,0.2115722490114023,0.028479635883435304
2018-01-04 23:00:00,0.0,0.0,0.1323154880937302,0.4663763394851473,0.0
2018-01-05 00:00:00,0.021792572497616087,0.007568555820379933,0.04118787499537844,0.3458533605434762,0.054084549956385446
2018-01-05 01:00:00,0.01917461222661088,0.07385467094250335,0.2082847235929318,0.3372054532155524,0.11576299771741576
2018-01-05 02:00:00,0.06888176666169515,0.10011672895636839,0.31185835389437794,0.25397175241439923,0.12509314763651377
2018-01-05 03:00:00,0.06503319755214837,0.1329503776919918,0.45544000170358473,0.08516223841914261,0.041722876135978554
2018-01-05 04:00:00,0.09103578093372862,0.13496793434458262,0.37939986582093904,0.15058294602807343,0.024117143265095724
2018-01-05 05:00:00,0.056958795517018074,0.043579334415316015,0.14974684837624236,1.0,0.0
2018-01-05 06:00:00,0.20113555842692804,0.13071406003274275,0.2788949426971018,1.0,0.04753888501755582
2018-01-05 07:00:00,0.26114756098932035,0.04893392540904764,0.21099291974231332,1.0,0.0
2018-01-05 08:00:00,0.2721078023632361,0.05990187313793111,0.17630873175493214,1.0,0.0
2018-01-05 09:00:00,0.3631834348256061,0.07052325585792149,0.15682968821524013,0.678260249841385,0.010534259415648345
2018-01-05 10:00:00,0.3761149359926133,0.0,0.014868646894098675,0.3364248913122701,0.0
2018-01-05 11:00:00,0.5607757686628078,0.0,0.0,0.11140013379874464,0.0
2018-01-05 12:00:00,0.3673470562836798,0.06581535529382612,0.0,0.20079490306890443,0.0
2018-01-05 13:00:00,0.21291043076640706,0.0938751827383758,0.0,0.1208605667834009,0.0
2018-01-05 14:00:00,0.13803008314690116,0.06060357524425532,0.0,0.14770365408511762,0.0
2018-01-05 15:00:00,0.12578825838546573,0.062215518121864,0.0,0.23228256501022043,0.0
2018-01-05 16:00:00,0.20061726530340676,0.0,0.10015834092637431,0.030419267013340155,0.019852125703981434
2018-01-05 17:00:00,0.2560110901424964,0.013240575271892567,0.22886710851373315,0.0,0.5732993662050646
2018-01-05 18:00:00,0.876557100150059,0.06922451144025839,0.5299807294601712,0.03250810622338768,0.1557399178288225
2018-01-05 19:00:00,0.6390015845988443,0.0,0.35475005822868844,0.0882818676547391,0.09351775953171121
2018-01-05 20:00:00,0.6172911049892496,0.056661112032413447,0.20008145566040994,1.0,0.0
2018-01-05 21:00:00,0.33419471488191493,0.030740042566266255,0.16657826367503814,0.5378794550698406,0.0
2018-01-05 22:00:00,0.4109023854222972,0.006915043466272361,0.09907129118096573,0.1648383187049407,0.0
2018-01-05 23:00:00,0.4302759742776393,0.0,0.1078543622343096,0.17000660362054024,0.0
2018-01-06 00:00:00,0.5221032024610985,0.0,0.12315389487660354,0.09928053501840493,0.0
2018-01-06 01:00:00,0.0,0.0,0.15116699199450825,0.06568987084249397,0.0
2018-01-06 02:00:00,0.0,0.0,0.23356755292071119,0.8144684358209421,0.0
2018-01-06 03:00:00,0.0,0.0,0.26788509934373755,1.0,0.0
2018-01-06 04:00:00,0.051776139726514694,0.01127058120598815,0.17681590589686705,0.8350493447928621,0.0
2018-01-06 05:00:00,0.45113163726997635,0.0,0.03617597291401133,0.4020337064001877,0.0
2018-01-06 06:00:00,0.45280867328804136,0.0,0.014317148034008747,0.41600719500991046,0.0
2018-01-06 07:00:00,0.3072941718598716,0.0,0.05923150680911632,0.5910461619229683,0.0
2018-01-06 08:00:00,0.49634768034876803,0.0,0.0,0.314601375493596,0.0
2018-01-06 09:00:00,0.4256127075568158,0.0,0.02281704909021039,0.24674929648392027,0.0
2018-01-06 10:00:00,0.08516844783390938,0.0,0.0,0.18743923216135175,0.0
2018-01-06 11:00:00,0.14532551231330862,0.0,0.0,0.09195958353301584,0.0
2018-01-06 12:00:00,0.558626038641996,0.0,0.021894535584713593,0.09126330384443523,0.0
2018-01-06 13:00:00,0.9747585035917196,0.0,0.02323340120623582,0.04843894034908866,0.0
2018-01-06 14:00:00,1.0,0.0,0.11058347276166607,0.03324084362655878,0.0
2018-01-06 15:00:00,1.0,0.0,0.091705825530467,0.05931930471811628,0.0
2018-01-06 16:00:00,0.6933854619992623,0.012959264384668661,0.19838995577476348,0.0953065186066179,0.03069779368357634
2018-01-06 17:00:00,1.0,0.10117054771897957,0.28633749147466914,0.2857034052752219,0.08778559872883655
2018-01-06 18:00:00,1.0,0.05403540742012577,0.5668762267403984,0.6145696640019185,0.1319941412048244
2018-01-06 19:00:00,1.0,0.0,0.8010230330795993,1.0,0.028091138567146286
2018-01-06 20:00:00,1.0,0.0,0.5599260247513779,1.0,0.0
2018-01-06 21:00:00,1.0,0.0,0.8464187038477782,1.0,0.0
2018-01-06 22:00:00,1.0,0.0,0.5708633640175773,0.830747746670883,0.0
2018-01-06 23:00:00,0.6399530656238076,0.1853842814539471,0.08437243932114151,0.7364395827335918,0.029780656113163387
2018-01-07 00:00:00,1.0,0.45874085881827614,0.5252075911484568,0.0836253632901819,0.046409633347291576
2018-01-07 01:00:00,1.0,1.0,1.0,1.0,1.0
2018-01-07 02:00:00,1.0,0.6679595205862296,1.0,1.0,0.04504382587633148
2018-01-07 03:00:00,1.0,1.0,0.1969016706289223,1.0,0.03816431390296257
2018-01-07 04:00:00,1.0,1.0,1.0,1.0,0.1579928127976575
2018-01-07 05:00:00,1.0,1.0,1.0,1.0,1.0
2018-01-07 06:00:00,1.0,1.0,1.0,1.0,1.0
2018-01-07 07:00:00,1.0,1.0,1.0,1.0,1.0
2018-01-07 08:00:00,1.0,1.0,1.0,1.0,0.9187571232216781
2018-01-07 09:00:00,1.0,1.0,1.0,1.0,0.23467802384745529
2018-01-07 10:00:00,1.0,1.0,0.8808034370798826,0.924191561339286,0.08236031470296674
2018-01-07 11:00:00,1.0,0.581450037684712,1.0,0.7493224390621702,0.003791033257442109
2018-01-07 12:00:00,1.0,0.14779798786354786,1.0,0.97045470666077,0.0
2018-01-07 13:00:00,1.0,0.14981048858193252,1.0,0.7851519538883479,0.0
2018-01-07 14:00:00,1.0,0.2032572692663519,1.0,0.2731701135024552,0.0
2018-01-07 15:00:00,0.5396457993783103,0.1124227883262494,1.0,0.31761302846667633,0.0
2018-01-07 16:00:00,0.3535059713228992,0.09651005428869609,0.8003120941661889,0.7244603693919422,0.0
2018-01-07 17:00:00,0.4912251204460208,0.14832095494054767,0.690904196304505,1.0,0.04321271987788856
2018-01-07 18:00:00,0.5931352958973337,0.060045675967216654,0.2513543531457414,1.0,0.1678856168400135
2018-01-07 19:00:00,0.6716637703128496,0.028989405487748608,0.08851708967654395,0.41786628481639354,0.3010947945336096
2018-01-07 20:00:00,0.2827258675254114,0.0,0.07186702506878487,0.6666050559530676,0.0
2018-01-07 21:00:00,0.1465052025464869,0.0,0.254583158552546,0.387871041883944,0.0
2018-01-07 22:00:00,0.07986318542470341,0.0,0.1560700877808772,0.34065492411983783,0.0
2018-01-07 23:00:00,0.0,0.0,0.1397043724463456,0.5249116449241765,0.0020046092160149556
2018-01-08 00:00:00,0.0,0.03941239688839024,0.11601562040957113,0.4381083121349851,0.11069333387906856
2018-01-08 01:00:00,0.0,0.2317562253390817,0.06623986320503321,0.3496566426775941,0.08350562382902615
2018-01-08 02:00:00,0.10420364822890618,0.46971080422552525,0.09006621775633289,0.4117267278029456,0.0
2018-01-08 03:00:00,0.4856262432638753,0.39948384468548254,0.541899864157388,0.48068189196882455,0.0
2018-01-08 04:00:00,0.7726529097922032,0.3607399253285839,0.45179688797341955,0.3762376132788084,0.0
2018-01-08 05:00:00,0.8857842288986479,0.10510243886553212,0.5873620764197878,0.06650137282496124,0.0
2018-01-08 06:00:00,0.8956777303165042,0.028732288930535012,0.6992888608232173,0.04461570284263917,0.0
2018-01-08 07:00:00,0.9378441095849712,0.054828785893037205,0.934412433572507,0.10404608686934376,0.020998050540810918
2018-01-08 08:00:00,0.8808914927540172,0.11587958551076523,1.0,0.07928356573179018,0.0
2018-01-08 09:00:00,0.8936713099572392,0.4353405532831581,0.7957180549116174,0.28770622103904636,0.0
2018-01-08 10:00:00,0.4037682411523333,0.14618553970426773,0.2527890771857566,0.11257285054744731,0.0
2018-01-08 11:00:00,0.253518699782038,0.03993116498504548,0.10968562684221782,0.05401395391092054,0.0
2018-01-08 12:00:00,0.35444569076472016,0.003842725874963359,0.08330464390031894,0.0,0.0
2018-01-08 13:00:00,0.5502434544705066,0.019951486334693166,0.0941008033067651,0.0,0.0
2018-01-08 14:00:00,0.5315946552842015,0.04257239780614803,0.2654335157743817,0.0,0.0
2018-01-08 15:00:00,0.6403323033219316,0.09589564623281785,0.2798419885127714,0.020077644569922597,0.03653748366307652
2018-01-08 16:00:00,0.7682681101881338,0.09533271460739202,0.2603346106184323,0.0138897831064268,0.013561238860668292
2018-01-08 17:00:00,1.0,0.32154310285121757,0.26769544039941034,0.02615823596812464,0.08873255824046146
2018-01-08 18:00:00,1.0,0.3936006256453303,1.0,0.04838925903905503,0.09860442312319245
2018-01-08 19:00:00,1.0,0.2638684403385846,1.0,0.0863388463004067,0.0
2018-01-08 20:00:00,1.0,0.02773486473557413,1.0,0.10320735221906496,0.0
2018-01-08 21:00:00,1.0,0.0008374828723743804,1.0,0.19791131976441784,0.0
2018-01-08 22:00:00,1.0,0.0,0.9929088073217889,0.9953385625074918,0.0018678842723295096
2018-01-08 23:00:00,1.0,0.1422935577496042,0.8130744401951454,1.0,0.05538240022689395
2018-01-09 00:00:00,1.0,0.259051080525244,0.3974264643112353,1.0,0.40948317385654825
2018-01-09 01:00:00,1.0,0.3962934711411722,0.3020094082277513,1.0,0.5724299174576984
2018-01-09 02:00:00,1.0,0.2677545853619105,1.0,1.0,0.2602193609115773
2018-01-09 03:00:00,1.0,1.0,1.0,0.6523926953552094,0.8487372208678868
2018-01-09 04:00:00,1.0,1.0,1.0,1.0,0.6237878693988379
2018-01-09 05:00:00,1.0,0.7994314687630543,0.588416534151574,1.0,0.5997852901988797
2018-01-09 06:00:00,1.0,0.25376762604789127,0.19203382921530837,1.0,0.3642486546516167
2018-01-09 07:00:00,1.0,0.06693232459759114,0.1872837019735808,1.0,0.2310114592570438
2018-01-09 08:00:00,0.9869322078215842,0.03467321992515459,0.08212843929907948,1.0,0.0
2018-01-09 09:00:00,0.29929116474267203,0.0,0.08242355337532403,1.0,0.14542919160234138
2018-01-09 10:00:00,0.43211064307292435,0.0,0.03703389590323053,0.8098637479710639,0.0
2018-01-09 11:00:00,0.09356930258508074,0.0012153173760700233,0.13030016059994878,0.5257359954991583,0.3091505034582313
2018-01-09 12:00:00,0.06409084636212155,0.31560130221317284,0.03536684586079313,0.2582720197578506,0.39701735294439566
2018-01-09 13:00:00,0.06039638858390204,0.388312854632319,0.0,0.27882636692159213,0.23294779349642172
2018-01-09 14:00:00,0.037500057293763975,0.3826352928735303,0.0,0.1688547424074825,0.12499737605575478
2018-01-09 15:00:00,0.12434995386449843,0.3881987529763217,0.005389328694409604,0.03287591052963842,0.15591247916798123
2018-01-09 16:00:00,0.3529215170077623,0.7709020294200627,0.11184635308795547,0.009446556086704428,0.1834624649440882
2018-01-09 17:00:00,0.6242813674444022,1.0,0.4778239123453823,0.14176696119545712,0.26121533241428035
2018-01-09 18:00:00,1.0,1.0,1.0,0.06665251384122174,0.0
2018-01-09 19:00:00,1.0,0.7952537914822636,1.0,0.15682497656836117,0.032458159103214014
2018-01-09 20:00:00,0.5846017779217472,0.0,1.0,0.12502834345838595,0.4813066568062362
2018-01-09 21:00:00,1.0,0.19827499761356407,1.0,0.26311594497284596,0.06545358814850204
2018-01-09 22:00:00,1.0,0.006386134330362438,1.0,0.0,0.01686066452585093
2018-01-09 23:00:00,1.0,0.0,1.0,0.014995644050902797,0.07282825259613064
2018-01-10 00:00:00,1.0,0.9519642536461376,1.0,0.03151958134526088,0.10648748544936613
2018-01-10 01:00:00,1.0,0.8616040294201357,1.0,0.0,0.04653401738891203
2018-01-10 02:00:00,1.0,1.0,0.5645438823739105,0.03675921697821061,0.03801588058908457
2018-01-10 03:00:00,1.0,0.8047818831988919,1.0,0.007258577317152913,0.011514253769464897
2018-01-10 04:00:00,1.0,0.7253371862774387,1.0,0.0,0.023942859583454247
2018-01-10 05:00:00,1.0,0.9504259688954586,0.3520407550484656,0.052797338840134024,0.0
2018-01-10 06:00:00,1.0,1.0,0.06399505682013179,0.0,0.0
2018-01-10 07:00:00,1.0,0.3531261736829694,0.03847135254869947,0.006885654230024329,0.0
2018-01-10 08:00:00,1.0,0.10179591988979227,0.24968854162627757,0.0,0.0
2018-01-10 09:00:00,0.6430963701133036,0.004781926815707758,0.0,0.0,0.0
2018-01-10 10:00:00,0.8144070787227087,0.0,0.0,0.2640975464909252,0.04286752577308778
2018-01-10 11:00:00,1.0,0.0,0.0,1.0,0.09441032094516694
2018-01-10 12:00:00,1.0,0.30655775321273826,0.0,0.07216800632543986,1.0
2018-01-10 13:00:00,0.9111592013915142,0.14507458096342907,0.010174049323464449,0.18124240511064665,1.0
2018-01-10 14:00:00,0.42062616370735667,0.3621593421490299,0.14148627819912954,0.8207576093733181,1.0
2018-01-10 15:00:00,0.24545148168146655,0.5905637123926879,0.11414960400049123,1.0,1.0
2018-01-10 16:00:00,0.10482700148560355,0.29030104592093026,0.2708968091104598,1.0,1.0
2018-01-10 17:00:00,0.19340589791444093,0.6589316904643155,0.5096213094032737,1.0,1.0
2018-01-10 18:00:00,1.0,1.0,1.0,1.0,1.0
2018-01-10 19:00:00,1.0,1.0,1.0,1.0,1.0
2018-01-10 20:00:00,1.0,1.0,1.0,1.0,1.0
2018-01-10 21:00:00,1.0,1.0,1.0,1.0,0.37669030078017657
2018-01-10 22:00:00,1.0,1.0,1.0,1.0,1.0
2018-01-10 23:00:00,1.0,1.0,1.0,1.0,1.0
2018-01-11 00:00:00,1.0,1.0,1.0,1.0,0.7932897256288831
2018-01-11 01:00:00,1.0,1.0,1.0,1.0,0.6477771026827595
2018-01-11 02:00:00,1.0,1.0,1.0,1.0,0.20514224709268722
2018-01-11 03:00:00,1.0,1.0,1.0,1.0,0.11806584692531336
2018-01-11 04:00:00,1.0,1.0,1.0,1.0,0.108851806442314
2018-01-11 05:00:00,1.0,1.0,1.0,1.0,0.0
2018-01-11 06:00:00,1.0,1.0,1.0,1.0,0.0
2018-01-11 07:00:00,1.0,1.0,1.0,1.0,0.0013180652415680167
2018-01-11 08:00:00,1.0,1.0,1.0,1.0,0.053964390627047616
2018-01-11 09:00:00,1.0,1.0,1.0,0.9217908268233456,0.0
2018-01-11 10:00:00,1.0,0.850902483501146,1.0,0.4066604927348365,0.027426257435672785
2018-01-11 11:00:00,1.0,0.5560950314118939,1.0,0.24981536255898285,0.053476754051494366
2018-01-11 12:00:00,0.7452121613007111,0.2736857329959134,0.7106669717378272,0.3076095663324941,0.005676662867383887
2018-01-11 13:00:00,0.6330998068267225,0.25348908861681335,0.38418726592526264,0.26672505891185466,0.02007032419556839
2018-01-11 14:00:00,0.33160110965729594,0.14165564638648023,0.2872787710900008,1.0,0.024109058261824468
2018-01-11 15:00:00,0.12439107936993325,0.13128298656203718,0.05748048766467491,1.0,0.00942940703156042
2018-01-11 16:00:00,0.08299169924789707,0.20925774314551307,0.042041982049649734,0.6352465460156383,0.014563973079550124
2018-01-11 17:00:00,0.23174592528741444,0.0,0.27002433578159224,0.6830148938054814,0.23293789678479682
2018-01-11 18:00:00,0.29264809703226197,0.006115539502945997,0.2682372080351879,1.0,0.4265033564660254
2018-01-11 19:00:00,0.18692840906542688,0.323887180977638,0.4011491847788754,1.0,0.6264822625506754
2018-01-11 20:00:00,0.22731966426133582,0.32113529335150603,0.2743986482835059,0.16615062289617527,0.3146403765077897
2018-01-11 21:00:00,0.09328206658611438,1.0,0.34107690980957583,0.48606115891966145,0.08545169229946865
2018-01-11 22:00:00,0.1363624178789484,0.8760388400152166,0.6425321410334875,0.46022195191771154,0.31342557525368175
2018-01-11 23:00:00,0.3372796240983621,0.0524747409966114,1.0,0.8582932256378997,0.16551349726404913
2018-01-12 00:00:00,0.3811763508469809,0.07017569967320363,1.0,0.5974331982833099,0.0
2018-01-12 01:00:00,0.6005924332670582,0.5069723927023881,1.0,0.16885273620280963,0.0
2018-01-12 02:00:00,0.42192060921194297,0.47279412903610013,1.0,0.7982539573594183,0.0
2018-01-12 03:00:00,0.5192410937873826,0.2790380106598356,1.0,0.47992430363921357,0.09679304486626139
2018-01-12 04:00:00,0.9554950227342347,0.16332419279268182,0.4657509222652222,0.4368726660614014,0.14496081501855723
2018-01-12 05:00:00,0.9387628147719463,0.08593754210735342,0.41539781217385097,0.0,0.011505327035878015
2018-01-12 06:00:00,0.8902585392277943,0.09022336462373483,0.8383217899365354,0.0,0.02123061829625603
2018-01-12 07:00:00,0.9633383082124382,0.04521685490606758,0.46585679070014097,0.06286169099703845,0.02966395755964881
2018-01-12 08:00:00,0.5945887824299845,0.055104909549017256,0.42170992167868965,0.17402654046801855,1.0
2018-01-12 09:00:00,0.1190906572929298,0.0,0.12653477253551007,0.03706103089879417,0.15108509140119789
2018-01-12 10:00:00,0.0,0.5108307708093398,0.07190697867714986,0.56296796101283,1.0
2018-01-12 11:00:00,0.059731514104508394,0.4723422317171683,0.03173286577978748,1.0,0.4232504011169561
2018-01-12 12:00:00,0.05110035857133406,0.5410613225466413,0.0,1.0,1.0
2018-01-12 13:00:00,0.05087828797144903,0.5995207551131384,0.020197412606933654,1.0,1.0
2018-01-12 14:00:00,0.1442591501739988,1.0,0.14227698838145905,1.0,0.8566357018747297
2018-01-12 15:00:00,0.1293299108804353,1.0,0.11676235667600782,1.0,1.0
2018-01-12 16:00:00,0.39696085642066375,0.6200073896277465,0.08601738951054953,0.8472414783498077,1.0
2018-01-12 17:00:00,0.14698926714568772,0.9013596060507947,0.0,0.6848747959172719,0.35674151587345976
2018-01-12 18:00:00,0.2186209179704947,0.7935831900111098,0.0,0.1618942810660648,0.06904266830963877
2018-01-12 19:00:00,1.0,0.637827065469603,0.0,0.031208006836712626,0.0036325097287495584
2018-01-12 20:00:00,0.43414251304529744,0.03495120909926142,0.0,0.0,0.6799817434037358
2018-01-12 21:00:00,0.07651575875808404,0.0,0.0,0.0,0.7307267143173704
2018-01-12 22:00:00,0.0,0.001443718504639302,0.0,0.04024785998813277,0.4610806937206771
2018-01-12 23:00:00,0.037790373125874376,0.0,0.0,0.1704055521614521,0.6960055816763252
2018-01-13 00:00:00,0.030516613862641484,0.16379777655909614,0.0,0.2190900409381828,0.7405334252590995
2018-01-13 01:00:00,0.08254453294476738,0.19588954359516061,0.0,0.4430642477050706,0.5683804804913801
2018-01-13 02:00:00,0.11737470842196072,0.7981779930950067,0.0,1.0,0.15401624222355872
2018-01-13 03:00:00,0.19095853859201672,0.7506586822670509,0.0,0.8259645520185483,0.0002923923089293036
2018-01-13 04:00:00,0.20811251481029322,0.7450525599112662,0.02945478999753779,0.7874466359501154,0.0
2018-01-13 05:00:00,0.03549936158584795,1.0,0.0,0.5011027540573926,0.0
2018-01-13 06:00:00,0.011489602900010746,0.7885285073573705,0.02404672861833446,0.713726962297487,0.0
2018-01-13 07:00:00,0.0965039082342231,0.10766003895797113,0.09345833637614771,0.8307939241674351,0.0
2018-01-13 08:00:00,0.12060425477623464,0.0,0.22208865600819247,0.3147104464152397,0.0
2018-01-13 09:00:00,0.13711034605429784,0.0,0.2319124243386403,0.27251880274511237,0.0
2018-01-13 10:00:00,0.24834312550340307,0.0,0.09888476046149128,0.20992588759445963,0.0
2018-01-13 11:00:00,0.11832821995533178,0.0,0.0,0.11094022621028618,0.0
2018-01-13 12:00:00,0.08897626535881621,0.0,0.0,0.10515701568607028,0.0
2018-01-13 13:00:00,0.06096402481788709,0.024250252421259423,0.0,0.09022890118190253,0.09263711440244443
2018-01-13 14:00:00,0.0,0.0,0.0,0.853927350673763,0.26107274374510187
2018-01-13 15:00:00,0.0,0.0,0.0,1.0,0.22574823705152844
2018-01-13 16:00:00,0.05329131118622126,0.0,0.0,1.0,0.16895019915788603
2018-01-13 17:00:00,0.40780120076361104,0.016488312650539114,0.07965803046371703,0.9568178882225067,0.12068637026852283
2018-01-13 18:00:00,0.7891295232863165,0.01443701151806162,0.05366791952236815,1.0,0.05313775800861769
2018-01-13 19:00:00,0.5788485380625246,0.05930905789179773,0.045447475188401254,0.7503942578475941,0.034906208336596876
2018-01-13 20:00:00,0.4377767873380996,0.0,0.03164476253470131,1.0,0.0
2018-01-13 21:00:00,0.3320661730670305,0.0,0.0,0.8109508512092416,0.0
2018-01-13 22:00:00,0.0,0.07031387584608399,0.6272593181285046,0.4299350870728155,0.0
2018-01-13 23:00:00,0.0,0.023886127242034472,0.7184100290204557,0.6997764891795181,0.0
2018-01-14 00:00:00,0.48558156022494436,0.7545576056640748,1.0,0.7603201767410559,0.04737885817041291
2018-01-14 01:00:00,0.6493162831687135,0.4944741263519803,0.771114207207888,0.9892270888208291,0.04359829129955783
2018-01-14 02:00:00,0.7323088562507865,0.8155399882551737,1.0,0.8935083546180983,0.09080869824656834
2018-01-14 03:00:00,1.0,0.3416638792573687,0.848571672016437,0.8422308240360963,0.2003695295165703
2018-01-14 04:00:00,1.0,0.41066668650737365,0.9734106150456963,0.7714959759672123,0.18715773429954735
2018-01-14 05:00:00,0.7891227619588256,0.3025071568442448,1.0,0.5258841858843367,0.0
2018-01-14 06:00:00,0.7101208093258259,0.20611140873066916,1.0,0.9488070207132441,0.0
2018-01-14 07:00:00,0.6934162334768438,0.202606871492803,0.9848097499579491,0.9414665894767459,0.0
2018-01-14 08:00:00,0.42030331817519134,0.04108657159758008,0.9848097499579491,0.9577109485865545,0.0
2018-01-14 09:00:00,0.16532662024768432,0.15499009192844385,0.817501324790935,0.8218443942969328,0.0
2018-01-14 10:00:00,0.024452683068349947,0.3792756327167528,0.737643858494565,0.5244715477268361,0.0
2018-01-14 11:00:00,0.0,0.5684035281829032,0.5402721014598453,0.31625207495239815,0.0
2018-01-14 12:00:00,0.0,0.4773714256445846,0.45687873839369514,0.1361091159400062,0.0
2018-01-14 13:00:00,0.03057617306472836,0.10498722038796943,0.48942343672903554,0.034554847901198345,0.0
2018-01-14 14:00:00,0.07191197910024998,0.1366920895139442,0.49482626426518556,0.033163530221186364,0.0
2018-01-14 15:00:00,0.19399793953899933,0.23316737197499454,0.3037468036125841,0.42546310546246224,0.08227326150981568
2018-01-14 16:00:00,0.14572578227338454,0.09403267492047296,0.1540836480733598,0.8317492119403735,0.056413020560942904
2018-01-14 17:00:00,0.42013191924933563,0.024421147732240134,0.051183732614642354,0.4614196951532834,0.17795887345116596
2018-01-14 18:00:00,1.0,0.08785055242082337,0.15813867614303512,0.07923883547193122,0.09591769724101262
2018-01-14 19:00:00,1.0,0.21742119584254602,0.5446351209130711,0.8217177540260436,0.19383078510536075
2018-01-14 20:00:00,1.0,0.02648472031493452,0.40654261853054807,0.9717166717162268,0.0
2018-01-14 21:00:00,1.0,0.04966737977373983,0.734913896164762,1.0,0.028594618743813083
2018-01-14 22:00:00,1.0,0.08413336299720281,0.5719108590938671,1.0,0.0
2018-01-14 23:00:00,0.9843105610904818,0.6028654026808155,0.7358676014789407,1.0,0.0
2018-01-15 00:00:00,1.0,1.0,0.5786099274956183,1.0,0.0396745569773336
2018-01-15 01:00:00,1.0,1.0,0.6453419198831728,1.0,0.06558892174680833
2018-01-15 02:00:00,1.0,1.0,0.6900259073280777,1.0,0.6323748043312863
2018-01-15 03:00:00,1.0,1.0,0.5518232635046143,1.0,0.6495663231633553
2018-01-15 04:00:00,1.0,0.8758400955537906,0.6438565858946762,1.0,0.024747056466960772
2018-01-15 05:00:00,0.8345466232807933,1.0,0.5354213542811249,1.0,0.06409746605543265
2018-01-15 06:00:00,0.7034129762221667,1.0,0.5422950235416456,1.0,0.22086221752406412
2018-01-15 07:00:00,0.5415119295023084,1.0,0.738061479036645,1.0,0.1193091218288254
2018-01-15 08:00:00,0.7946201923864037,0.47973481303574106,0.8990465125971989,1.0,0.1450939480320313
2018-01-15 09:00:00,0.7706021426064553,0.858828666680069,1.0,1.0,0.5626012762704762
2018-01-15 10:00:00,0.2972598938803133,1.0,1.0,1.0,0.5870949269745114
2018-01-15 11:00:00,0.2504133443055122,0.9364904659740635,1.0,1.0,0.437166493026322
2018-01-15 12:00:00,0.52176531419201,0.8778071262180244,1.0,1.0,0.3472785714461984
2018-01-15 13:00:00,0.6967199921070393,0.5117892910463328,1.0,1.0,0.12000695893528397
2018-01-15 14:00:00,0.7422701835639418,0.37597167312516955,1.0,1.0,0.14234521165563546
2018-01-15 15:00:00,0.7095045192119905,1.0,1.0,1.0,0.12083948394560669
2018-01-15 16:00:00,0.6611999440760277,0.893898742969619,1.0,1.0,0.24175156257852176
2018-01-15 17:00:00,0.8920608852132064,0.7565947908215842,1.0,1.0,0.24356843278875326
2018-01-15 18:00:00,0.4461480477970445,0.723996387534261,0.9997928648868014,1.0,0.3094764459821639
2018-01-15 19:00:00,0.3580389823506657,0.4297871868593848,0.7603048300099284,0.8088641175682566,0.3892183077540996
2018-01-15 20:00:00,0.40047142711365735,0.10939080047172,0.48199758530941866,0.6123358639235356,0.16898950379437103
2018-01-15 21:00:00,0.6008266637856724,0.057655007673069386,0.3389950889025142,0.5170674769757346,0.17534511493944918
2018-01-15 22:00:00,0.39002978140415706,0.08913487226669539,0.28452623569662655,0.5178456679553128,0.18394526042790296
2018-01-15 23:00:00,0.20834186987742312,0.2001755242665503,0.3552582312854802,0.41097738797380756,0.4037946255452563
2018-01-16 00:00:00,0.029131985055246997,0.430018450043692,0.41524400768741754,0.5293306528945402,0.2224665996407707
2018-01-16 01:00:00,0.020513011883551067,0.2924193060350226,0.4957881501774315,0.7415720255285354,0.14869162621364482
2018-01-16 02:00:00,0.019554006719208986,0.20394674247708114,0.4845372621229641,0.5331257342787757,0.0769891267912196
2018-01-16 03:00:00,0.026980544034487384,0.1761978304350971,0.44679591183036854,0.38316170128344584,0.038681923222349916
2018-01-16 04:00:00,0.04359620628208018,0.10745339460991207,0.43765738771593427,0.33508140741552417,0.0
2018-01-16 05:00:00,0.0667363760513909,0.17223964863211896,0.3662282496298138,0.3929789774884075,0.022671329995953365
2018-01-16 06:00:00,0.07296791516138516,0.061763222279766224,0.2094827338183696,0.42269814631516994,0.0
2018-01-16 07:00:00,0.08481203548044451,0.05270527653519374,0.11931155337175399,0.4277739179258712,0.0
2018-01-16 08:00:00,0.08111086789852871,0.12524601552084444,0.1676123482569952,0.3947714164114224,0.0
2018-01-16 09:00:00,0.0,0.04929510238248861,0.09412289692914343,0.3889882126932783,0.0
2018-01-16 10:00:00,0.0,0.0,0.0,0.3034091101550904,0.0
2018-01-16 11:00:00,0.0,0.0,0.0,0.2116492312063098,0.0
2018-01-16 12:00:00,0.0,0.0,0.0,0.14637149717894407,0.0
2018-01-16 13:00:00,0.0,0.0,0.0,0.0332111754135373,0.0
2018-01-16 14:00:00,0.0,0.0,0.0,0.07144643493724087,0.02144407097383985
2018-01-16 15:00:00,0.0,0.02700220538924805,0.006124736876693646,0.09811074158489759,0.05938507426517989
2018-01-16 16:00:00,0.0,0.07322340088007395,0.0,0.052201967758468415,0.05221960331268125
2018-01-16 17:00:00,0.09068370426834386,0.23773844894555046,0.1658881212448485,0.369618082761562,0.19017481537137368
2018-01-16 18:00:00,0.3260044176658575,0.529097089647178,0.285140921221458,0.7109758740717516,0.2104477504489248
2018-01-16 19:00:00,0.653014514883315,0.6517760124556213,0.4880654560902664,0.6146754336097549,0.12558792629348864
2018-01-16 20:00:00,0.7134956291841521,0.8079096642203525,0.9651137407948743,0.6610131252685505,0.0
2018-01-16 21:00:00,1.0,0.9829959698318873,0.8114015505025333,0.742317729332969,0.0
2018-01-16 22:00:00,0.9998671921230994,1.0,0.8772406570318926,0.750293493645745,0.0
2018-01-16 23:00:00,1.0,1.0,0.8369238132918232,0.6810953739370822,0.0
2018-01-17 00:00:00,1.0,1.0,0.9249942561063562,0.3873301433735261,0.03326587543470752
2018-01-17 01:00:00,1.0,1.0,0.7457088012159577,0.336099594991605,0.011453895262321528
2018-01-17 02:00:00,0.4898546664810838,0.5594236647079697,0.34467600694570893,0.25029103865321245,0.0
2018-01-17 03:00:00,0.23972483362211383,0.30627814355617194,0.07546846120115219,0.13068789658870703,0.0
2018-01-17 04:00:00,0.18464422055864527,0.0875397308079287,0.0,0.09843884106369251,0.0
2018-01-17 05:00:00,0.11291590579123295,0.026572070738265285,0.0,0.3834351570717351,0.0
2018-01-17 06:00:00,0.09571222353203822,0.2596448718331653,0.0,0.6413972396239633,0.0
2018-01-17 07:00:00,0.0,0.0,0.019319413582384034,1.0,0.0
2018-01-17 08:00:00,0.0,0.025756003520061466,0.15144573947829734,1.0,0.0
2018-01-17 09:00:00,0.0,0.08568935180394169,0.43626780119386677,1.0,0.0
2018-01-17 10:00:00,0.0,0.09943571847915288,0.49646964282172423,1.0,0.0
2018-01-17 11:00:00,0.0,0.09710154858765414,0.1625580840308647,1.0,0.0
2018-01-17 12:00:00,0.0,0.6679387822269076,0.16474631344055077,1.0,0.0
2018-01-17 13:00:00,0.0,0.6040998519494125,0.08289378977403494,1.0,0.0
2018-01-17 14:00:00,0.0,0.30175291403725835,0.010953996566827034,1.0,0.0
2018-01-17 15:00:00,0.0,0.2542591562291602,0.03357466652927195,0.9921043906319905,0.0519766565714519
2018-01-17 16:00:00,0.0,0.38370962403057424,0.17210803354579018,0.5720831072954985,0.1317294754278468
2018-01-17 17:00:00,0.0,0.4988693210313037,0.5257053632100432,0.4381816163030545,0.14239132772555937
2018-01-17 18:00:00,0.0,0.43966032614676076,0.5162741760539726,0.30111966270605656,0.07221608323620982
2018-01-17 19:00:00,0.0,0.15158195977026556,0.25716659900036726,0.061760988142954075,0.09842350451758261
2018-01-17 20:00:00,0.0,0.08893540183404794,0.053345027418947366,0.02158670680700275,0.0
2018-01-17 21:00:00,0.0,0.023986226391409217,0.06254987973746191,0.07551638711504909,0.0
2018-01-17 22:00:00,0.09831650931987072,0.0,0.1649620164197905,0.05617937051626802,0.0
2018-01-17 23:00:00,0.1580003197160717,0.01094538403557658,0.17771136845060861,0.2697632045531486,0.04041448857000709
2018-01-18 00:00:00,0.10140315185492572,0.09110451964975323,0.6094958761599363,0.5545260773937705,0.11012693885752765
2018-01-18 01:00:00,0.05238593407214455,0.23723512333322513,0.9832275282044292,0.6880690841403909,0.22905162124122655
2018-01-18 02:00:00,0.0800754001913912,0.2487841617289261,1.0,0.7974432601967322,0.13166827758544325
2018-01-18 03:00:00,0.10984250268083899,0.5359906687878477,1.0,1.0,0.06658870249860638
2018-01-18 04:00:00,0.08651327466642393,0.7662504193774997,1.0,1.0,0.03912566512565273
2018-01-18 05:00:00,0.042644363923425126,0.16235615201292042,1.0,1.0,0.05069153221127757
2018-01-18 06:00:00,0.0,0.0,0.8115842066792714,1.0,0.05563464503376504
2018-01-18 07:00:00,0.0,0.0,0.7069680654228689,1.0,0.05016600984615354
2018-01-18 08:00:00,0.0,0.0,0.6363006749767615,1.0,0.10284182609742751
2018-01-18 09:00:00,0.24668447849236266,0.1557227766717398,0.8104644282067147,1.0,0.06960136131576299
2018-01-18 10:00:00,0.1750820061980593,0.0880986074621446,0.23443765790602916,1.0,0.013983295324029275
2018-01-18 11:00:00,0.05796779239477091,0.010292913706031716,0.1570489963827009,0.7684446246514948,0.0
2018-01-18 12:00:00,0.0,0.0,0.19451884852611206,0.32291226831184544,0.0
2018-01-18 13:00:00,0.0,0.006856354017742964,0.21367216158731608,0.1497206505695061,0.0
2018-01-18 14:00:00,0.0,0.020734262260546435,0.24330985096899818,0.07703707176446903,0.0
2018-01-18 15:00:00,0.0,0.04626101114874623,0.1495073100391644,0.0,0.0
2018-01-18 16:00:00,0.0,0.05328359050450725,0.07852964056247189,0.0,0.09379729187156446
2018-01-18 17:00:00,0.27684841653152276,0.05058098549295732,0.026072346616115852,0.09074688779412379,0.1815551057230672
2018-01-18 18:00:00,0.1630081579105692,0.038203147729392525,0.05321528860118796,0.14202584786327815,0.2114010968985091
2018-01-18 19:00:00,0.35854622338645703,0.033753463930687136,0.17724697465377964,0.10353471788462457,0.022020234432624818
2018-01-18 20:00:00,0.843496478071249,0.01573003528300838,0.43689920766191653,0.1353009184486582,0.005388563376081341
2018-01-18 21:00:00,0.9931794797463998,0.14510703966432864,0.6967379255847211,0.12085199977694712,0.07402940505022577
2018-01-18 22:00:00,0.42506119115661006,0.07542237577536642,0.6381491666825033,0.14193820629639806,0.03864708488385503
2018-01-18 23:00:00,0.27466762116831994,0.3439841919365684,0.568849075132874,0.373077107112934,0.0
2018-01-19 00:00:00,0.5757283019175314,0.3998822972166557,0.4523874922828909,0.45893716234307036,0.0
2018-01-19 01:00:00,0.9405266698669796,0.2554935785577545,0.7997953105922597,0.3777720347279336,0.02491927746473878
2018-01-19 02:00:00,0.9501147355038092,0.15357070205359938,0.9351092968655509,0.29455279074540097,0.0
2018-01-19 03:00:00,0.7812144042525585,0.15563051910845668,0.9786120172275242,0.28585284443355463,0.02989812068530773
2018-01-19 04:00:00,0.9144834957280973,0.18690411232345727,1.0,0.19667501540220034,0.03012815826918177
2018-01-19 05:00:00,0.5225123498477869,0.4345831828447114,1.0,0.4249184265794185,0.24385667239925807
2018-01-19 06:00:00,0.2892677141631378,0.45148492255423994,0.7492898662406496,1.0,0.7315950870989297
2018-01-19 07:00:00,0.10724316288979223,0.8163017146348529,0.6344967259339618,1.0,1.0
2018-01-19 08:00:00,0.23022933447440921,0.32638769165940645,0.48116260852283144,1.0,1.0
2018-01-19 09:00:00,0.5492436783159156,1.0,0.21157198894161827,1.0,1.0
2018-01-19 10:00:00,0.4662732469635327,0.5845416783441805,0.06422800826557541,0.9626208365180087,1.0
2018-01-19 11:00:00,0.20676130531435472,0.024190104233453136,0.1315300718140141,0.8104388261960705,1.0
2018-01-19 12:00:00,0.07928294424711926,0.015081244270450838,0.01927139836845862,0.7375400972793456,1.0
2018-01-19 13:00:00,0.07185862713786893,0.0,0.03374824145506816,1.0,1.0
2018-01-19 14:00:00,0.0,0.0,0.0,1.0,1.0
2018-01-19 15:00:00,0.0,0.04235024538194085,0.0,1.0,1.0
2018-01-19 16:00:00,0.0,0.0,0.0,0.3869923300418703,1.0
2018-01-19 17:00:00,0.0,0.4500828281790937,0.0,0.07264457908977734,1.0
2018-01-19 18:00:00,0.0,0.48893850673926714,0.0,0.0,1.0
2018-01-19 19:00:00,0.0,0.2568188371974855,0.0,0.04564654194113956,0.37103988405025423
2018-01-19 20:00:00,0.0,0.06333273171812516,0.0,0.1701518716546093,1.0
2018-01-19 21:00:00,0.2953413180555649,0.0,0.07468282768222669,0.44686030627111695,1.0
2018-01-19 22:00:00,0.2903999015805017,0.02028896576080304,0.028405300776092587,0.3523179956408638,0.6348683836026623
2018-01-19 23:00:00,1.0,0.0717237983476006,0.04018481619719438,0.2310221015708365,0.5616838780973172
2018-01-20 00:00:00,1.0,0.021110672241919304,0.0,0.1740336399499378,0.40673468080106356
2018-01-20 01:00:00,1.0,0.4309834641723696,0.0250884157221044,0.2063831327788533,0.156580448679528
2018-01-20 02:00:00,1.0,1.0,0.04474573300135522,1.0,0.37893620087922547
2018-01-20 03:00:00,1.0,1.0,0.0,0.39278995908707476,0.1739882239595379
2018-01-20 04:00:00,1.0,1.0,0.06299116154280603,0.0,0.10921386560648709
2018-01-20 05:00:00,1.0,1.0,0.10139988893099068,0.0,1.0
2018-01-20 06:00:00,1.0,1.0,0.0,0.9135313971168195,0.9739782323911642
2018-01-20 07:00:00,1.0,1.0,0.0,1.0,0.9971849122793967
2018-01-20 08:00:00,1.0,0.1840991433487211,0.15762412921760166,1.0,0.16954121651682386
2018-01-20 09:00:00,1.0,0.7048775031564661,0.13759831113265145,1.0,0.009972789354680496
2018-01-20 10:00:00,0.8101814790724733,0.46110257029223733,0.20591243314952173,1.0,0.032402094161459505
2018-01-20 11:00:00,0.5127810824515384,0.5305128063760327,0.14759487013316328,0.36556764696098903,0.0
2018-01-20 12:00:00,0.11057089798000122,0.3225339294314699,0.09236649082482962,0.38785021073965104,0.0
2018-01-20 13:00:00,0.027649869003594955,0.22799861996638826,0.09304902798432833,0.5136504048592764,0.0
2018-01-20 14:00:00,0.08636024053470108,0.6062610831905615,0.10714367080689324,0.5389091063943158,0.3562203142748379
2018-01-20 15:00:00,0.48079009292782515,0.15258478173073778,0.160878080038217,0.24519364820189063,0.9034904677653595
2018-01-20 16:00:00,0.6561064303112071,0.0,0.20380680332225157,0.9742253877279965,0.9277405973246113
2018-01-20 17:00:00,0.5773888718063642,0.2146105665345129,0.33883373774827363,0.3413680098111646,1.0
2018-01-20 18:00:00,1.0,0.9475250814110155,0.6889337905628008,0.23559880253342347,0.2224733007475132
2018-01-20 19:00:00,0.3015024417843209,0.7035430569766699,1.0,0.38446246005190643,0.7516380923508534
2018-01-20 20:00:00,0.7161979306899717,0.9551121298171382,1.0,0.16388875416085816,0.5477387125876995
2018-01-20 21:00:00,0.4356848797262252,0.9901568489438495,1.0,0.4956787608734454,1.0
2018-01-20 22:00:00,0.32656481038394425,0.8836143861294977,0.6696825848786608,0.37232297692862387,0.4690270037061218
2018-01-20 23:00:00,0.4952974968663387,0.6848359744647327,0.6800245454353314,0.13109305760612164,0.17156914745137153
2018-01-21 00:00:00,0.544777204285019,0.37016984367946315,0.40236304499719033,0.2379406973209951,0.11609669424913205
2018-01-21 01:00:00,0.8985143084249324,0.3229822071794151,0.394132134550456,0.49539329662409154,0.12923317494136186
2018-01-21 02:00:00,0.4223285416469662,0.25028360157020674,0.26628141020602214,0.4476883858115189,0.13683201256386465
2018-01-21 03:00:00,0.06983440900337579,0.27188668006184175,0.23384213886603175,0.4459210034291652,0.026795827963743364
2018-01-21 04:00:00,0.22715125048123824,0.31636810205637966,0.46837873122880685,0.3664319849363055,0.036160199226565035
2018-01-21 05:00:00,0.2953502375089318,0.24622733055415347,0.37447190607293,0.08745196671987522,0.05923889205649046
2018-01-21 06:00:00,0.2980756152355234,0.1827285762171219,0.45482821243472576,0.3749013849287776,0.029495568922440894
2018-01-21 07:00:00,0.2217743275521266,0.6074678245942876,0.8885667949075747,0.9250763414656048,0.0
2018-01-21 08:00:00,0.09863026695739044,0.7478222585732256,0.7978213355552968,0.968924986132258,0.0
2018-01-21 09:00:00,0.07049379779690389,0.929783010442137,0.784108609993625,0.931254260449773,0.0004242885481658808
2018-01-21 10:00:00,0.09794472166830444,1.0,1.0,1.0,0.4766422703319537
2018-01-21 11:00:00,0.024860512450591083,0.8276495857729081,1.0,1.0,0.3982144179815174
2018-01-21 12:00:00,0.02115755646925809,1.0,1.0,1.0,0.663153934992821
2018-01-21 13:00:00,0.1889861365812022,1.0,1.0,1.0,0.6888614696767427
2018-01-21 14:00:00,0.5663896658546412,1.0,0.9893494170898773,1.0,0.32728800969390187
2018-01-21 15:00:00,0.8557054039875839,1.0,1.0,1.0,0.9714678227766521
2018-01-21 16:00:00,1.0,1.0,1.0,1.0,1.0
2018-01-21 17:00:00,1.0,1.0,1.0,1.0,1.0
2018-01-21 18:00:00,1.0,1.0,1.0,1.0,0.9589727027697328
2018-01-21 19:00:00,1.0,1.0,1.0,1.0,1.0
2018-01-21 20:00:00,1.0,1.0,1.0,1.0,1.0
2018-01-21 21:00:00,1.0,1.0,1.0,1.0,1.0
2018-01-21 22:00:00,1.0,1.0,1.0,1.0,1.0
2018-01-21 23:00:00,1.0,1.0,1.0,1.0,1.0
2018-01-22 00:00:00,1.0,1.0,1.0,1.0,1.0
2018-01-22 01:00:00,1.0,1.0,1.0,1.0,1.0
2018-01-22 02:00:00,1.0,1.0,1.0,1.0,0.5579587938526422
2018-01-22 03:00:00,1.0,1.0,1.0,1.0,0.44997008935005184
2018-01-22 04:00:00,1.0,1.0,1.0,1.0,1.0
2018-01-22 05:00:00,1.0,1.0,1.0,1.0,1.0
2018-01-22 06:00:00,1.0,1.0,1.0,1.0,1.0
2018-01-22 07:00:00,1.0,1.0,1.0,1.0,1.0
2018-01-22 08:00:00,1.0,1.0,1.0,1.0,1.0
2018-01-22 09:00:00,1.0,0.971786605286199,1.0,1.0,1.0
2018-01-22 10:00:00,1.0,0.4615764143643143,1.0,1.0,1.0
2018-01-22 11:00:00,1.0,0.478691204904267,1.0,1.0,1.0
2018-01-22 12:00:00,1.0,0.8220967598546507,1.0,1.0,1.0
2018-01-22 13:00:00,0.9224283773547222,1.0,1.0,1.0,0.3377266937385158
2018-01-22 14:00:00,0.603714418400864,1.0,1.0,1.0,0.14740691757989163
2018-01-22 15:00:00,0.3714174662084509,0.6658322358462544,1.0,1.0,0.1216665809158147
2018-01-22 16:00:00,0.2816096991885893,0.5880887121869717,1.0,1.0,0.0
2018-01-22 17:00:00,0.46664608465569746,0.23081385875305205,1.0,1.0,0.0
2018-01-22 18:00:00,1.0,0.8765869453685088,1.0,1.0,0.0350808407070027
2018-01-22 19:00:00,1.0,1.0,1.0,1.0,0.33614518073812527
2018-01-22 20:00:00,0.44706416909557267,0.5143047426847018,1.0,1.0,0.663089930630111
2018-01-22 21:00:00,0.33393074081080143,0.8023026086724443,1.0,1.0,0.0
2018-01-22 22:00:00,0.18500054232145688,1.0,1.0,1.0,0.0
2018-01-22 23:00:00,0.0,0.19021711939811817,1.0,0.6564073693411616,0.0
2018-01-23 00:00:00,0.0,0.12569782757520231,1.0,1.0,0.0
2018-01-23 01:00:00,0.0,0.9716113919074201,1.0,1.0,0.0854778543025251
2018-01-23 02:00:00,0.019482155798904006,1.0,1.0,1.0,0.6426434832977383
2018-01-23 03:00:00,0.14874227218694605,0.9442468919466261,0.9333403987394576,1.0,1.0
2018-01-23 04:00:00,0.08949637209260883,0.06442790247058743,1.0,1.0,0.6225702533845225
2018-01-23 05:00:00,0.0,0.36949072372876496,1.0,1.0,1.0
2018-01-23 06:00:00,0.031807664825577016,0.05272597154192135,1.0,1.0,0.28903572940111705
2018-01-23 07:00:00,0.06073454987792138,0.7147606336498654,1.0,1.0,0.3912128595175504
2018-01-23 08:00:00,0.0786508883711678,0.2469516707040969,1.0,1.0,0.0594599566942519
2018-01-23 09:00:00,0.08273886964388923,0.10832305726373442,1.0,1.0,0.0871403951133921
2018-01-23 10:00:00,0.02567809049494389,0.0052686957426482574,0.6793492605310993,1.0,0.03741938149918557
2018-01-23 11:00:00,0.1609822467744954,0.0,0.5003864327842826,0.986148278256343,0.03651228801568139
2018-01-23 12:00:00,0.19094318682764083,0.0,0.4482570099304442,0.8072284885929047,0.0
2018-01-23 13:00:00,0.09131253127366816,0.09962764417362568,0.3383141662155067,0.44433187377114003,0.03789064036522437
2018-01-23 14:00:00,0.02720917422430919,0.07711251276739199,0.37853349061663993,0.5479655205632799,0.0
2018-01-23 15:00:00,0.03434795890268714,0.022526293585998378,0.41870471246603364,0.539968841244782,0.007622747455541874
2018-01-23 16:00:00,0.07570653834706215,0.0,0.7293742374415664,0.5411550224167273,0.06051439747067752
2018-01-23 17:00:00,0.06952010084725263,0.09455459133150418,0.6738908208075961,0.9594773970404429,0.5311638695057863
2018-01-23 18:00:00,0.2798765710445188,0.04281409602664739,0.8213022491022224,0.9440596648043865,0.9696242328721333
2018-01-23 19:00:00,0.2798765710445188,0.025312164356334356,0.6302467397414859,0.6270816775997572,0.7771406985657213
2018-01-23 20:00:00,0.3748055533438942,0.008678959728711636,0.7082742644080463,0.18933142888054416,0.29692284324524115
2018-01-23 21:00:00,0.05785058410750946,0.0,0.0392089984250657,0.1878245566403447,0.0
2018-01-23 22:00:00,0.04207108313791512,0.0,0.5820526195693583,0.4752154961559715,0.0
2018-01-23 23:00:00,0.0,0.006189959545324844,0.610564771345783,0.7055465346354628,0.0
2018-01-24 00:00:00,0.0,0.032589681856939,0.49107478045379443,0.5139537155280847,0.14912906151756958
2018-01-24 01:00:00,0.03690617799843941,0.059114667344510735,0.7070222668134883,0.5755939300018232,0.16967565134834436
2018-01-24 02:00:00,0.22734878415835388,0.5444405682763621,0.7647029508664854,0.8851733963924993,0.0718529082433366
2018-01-24 03:00:00,1.0,0.3425884903294015,1.0,0.4751129999439566,0.044822766033722414
2018-01-24 04:00:00,1.0,0.3537290395982753,1.0,0.20463284498719478,0.02590452993072561
2018-01-24 05:00:00,1.0,0.20395545002793816,1.0,0.41713636099746176,0.05155251345110317
2018-01-24 06:00:00,1.0,0.20817895978024087,1.0,0.7389874667576041,0.10840509336611838
2018-01-24 07:00:00,0.6438459871690642,0.17067986108815816,1.0,0.4339051596238972,0.17325605124254473
2018-01-24 08:00:00,0.05324475140023685,0.23309846738991896,1.0,0.20500713948925303,0.08239725318641444
2018-01-24 09:00:00,0.05869767858932236,0.6738237658874353,0.8537520664555592,0.11464974103106268,0.03593966241721
2018-01-24 10:00:00,0.2850674127517318,0.2461727520895647,0.5574303487023851,0.20855390057403406,0.03752932423128592
2018-01-24 11:00:00,0.12413140280397662,0.15541154321134915,0.3693498996043656,0.26154385554014775,0.01949524401302506
2018-01-24 12:00:00,0.04738802804862295,0.0,0.3111776697987704,0.13903876558983394,0.045515043605277035
2018-01-24 13:00:00,0.03468732536158967,0.020381554124319336,0.34312676987892715,0.19475710140369515,0.047725545648585735
2018-01-24 14:00:00,0.05197010101607558,0.058277751958390696,0.5472227032755763,0.15543461620533208,0.021053875462324317
2018-01-24 15:00:00,0.0,0.10942613524711009,0.24996099402994998,0.22000704691372341,0.6078639222954305
2018-01-24 16:00:00,0.0,0.18424837419740114,0.3092943101787876,0.1353194603137349,0.34517360549218556
2018-01-24 17:00:00,0.037426148138840154,0.2738425726861507,0.3527282242703838,0.1677478960534344,0.09146842274208487
2018-01-24 18:00:00,0.14784586544772796,0.33436507414940936,0.3589135954073695,0.19409824099454234,0.1707874839161065
2018-01-24 19:00:00,0.8427193840292405,0.49274013542010564,0.19244129390927825,0.4204371218219439,0.3567817124398249
2018-01-24 20:00:00,1.0,0.0,0.1878157181145469,0.19535019930185163,0.36312143323098084
2018-01-24 21:00:00,1.0,0.0,0.3541429377655683,0.8898093623662301,0.5356470488189394
2018-01-24 22:00:00,1.0,0.0,0.307411087784593,0.6010236615938234,0.6020608399502869
2018-01-24 23:00:00,1.0,0.0,0.4395044949290462,0.6324730411606729,0.7760762802841643
2018-01-25 00:00:00,0.9260191166694185,0.0,0.486998612500461,0.43780179673818626,1.0
2018-01-25 01:00:00,0.6725874211584144,0.0,0.2778039229562117,0.6525329028422242,1.0
2018-01-25 02:00:00,0.6501883657908047,0.0,0.23054439192034426,0.9551411708560428,1.0
2018-01-25 03:00:00,0.43631890554106073,0.0,0.11686698014432317,0.6840905273613517,0.7237763054815047
2018-01-25 04:00:00,0.2593845068578239,0.0,0.08836873028321622,0.45587654002712347,0.40704847258665994
2018-01-25 05:00:00,0.573258606871353,0.0,0.45820875599950917,0.22691307222298351,0.3411006396873205
2018-01-25 06:00:00,0.6192129432641873,0.0,0.09916403762473047,0.44713957018229394,0.23057238419118298
2018-01-25 07:00:00,0.2890967758989952,0.0,0.0,0.3853015795111678,0.5159740478972153
2018-01-25 08:00:00,0.4437929703519209,0.07455554254614243,0.14684126864887503,0.0955332435676568,0.26366089487902794
2018-01-25 09:00:00,1.0,0.5934514434838837,0.12741038037851732,0.151841755321284,0.2593984670416238
2018-01-25 10:00:00,0.91613581085487,0.7780440865494614,0.06547456571559329,0.0,0.06588953577856421
2018-01-25 11:00:00,1.0,0.8834332653061026,0.0,0.0,0.0
2018-01-25 12:00:00,1.0,0.871124607546496,0.24052140430132857,0.030280172325705165,0.0
2018-01-25 13:00:00,1.0,0.7737037152650692,0.6013564241927883,0.2681277428764435,0.0
2018-01-25 14:00:00,1.0,0.7627970909466385,1.0,0.08027150306587084,0.0
2018-01-25 15:00:00,1.0,0.9673551002567388,1.0,0.09185955225811249,1.0
2018-01-25 16:00:00,1.0,0.9620065685726497,0.781748591271786,0.08040531643765886,1.0
2018-01-25 17:00:00,1.0,1.0,1.0,0.2792943972973238,0.9040343307868667
2018-01-25 18:00:00,1.0,0.9187563823277166,1.0,0.1364214250719358,1.0
2018-01-25 19:00:00,1.0,1.0,1.0,0.6269141858372491,1.0
2018-01-25 20:00:00,1.0,1.0,1.0,0.2143055805915047,0.9960048671850028
2018-01-25 21:00:00,1.0,1.0,1.0,0.41371514910462537,1.0
2018-01-25 22:00:00,1.0,0.7354101644273869,1.0,0.6873454327930258,0.9087087077643307
2018-01-25 23:00:00,1.0,1.0,0.4908220941576395,1.0,0.0
2018-01-26 00:00:00,1.0,1.0,0.20910574893118283,0.48596158350971563,0.0
2018-01-26 01:00:00,1.0,1.0,0.7778397799083505,0.5569531210304376,1.0
2018-01-26 02:00:00,1.0,1.0,1.0,1.0,1.0
2018-01-26 03:00:00,1.0,1.0,1.0,1.0,1.0
2018-01-26 04:00:00,1.0,1.0,1.0,1.0,1.0
2018-01-26 05:00:00,1.0,1.0,0.460867053876493,1.0,1.0
2018-01-26 06:00:00,1.0,0.4953702358188754,1.0,1.0,0.6268259982372342
2018-01-26 07:00:00,1.0,0.12406108483113606,1.0,1.0,0.2605511406450743
2018-01-26 08:00:00,1.0,0.3509940532249431,1.0,1.0,0.19930711727673323
2018-01-26 09:00:00,1.0,0.2725337363200247,1.0,1.0,0.24448250126056215
2018-01-26 10:00:00,0.7300482816257899,1.0,1.0,1.0,1.0
2018-01-26 11:00:00,0.3061355846467615,1.0,1.0,1.0,1.0
2018-01-26 12:00:00,1.0,1.0,1.0,1.0,1.0
2018-01-26 13:00:00,0.6197980895806708,1.0,1.0,1.0,1.0
2018-01-26 14:00:00,0.6190581805447111,1.0,0.7128437566627481,1.0,0.6482508561791062
2018-01-26 15:00:00,1.0,0.9530426627380639,1.0,1.0,0.3829288632367846
2018-01-26 16:00:00,1.0,1.0,0.6579012811499885,1.0,0.054687587633696806
2018-01-26 17:00:00,1.0,1.0,0.4304309737790838,1.0,0.025697050667296915
2018-01-26 18:00:00,1.0,1.0,0.5288112707811418,1.0,0.09525195799775868
2018-01-26 19:00:00,1.0,1.0,0.32088358330833305,1.0,0.021491586137531993
2018-01-26 20:00:00,0.941519221412308,1.0,0.8264502358682855,1.0,0.15348626747562966
2018-01-26 21:00:00,0.6504816920275631,1.0,1.0,1.0,0.0
2018-01-26 22:00:00,0.3057829645067242,1.0,1.0,1.0,0.0024266188342001744
2018-01-26 23:00:00,0.18200231496247565,1.0,1.0,1.0,0.08333918816683385
2018-01-27 00:00:00,0.09686770893371731,0.5664524671899198,1.0,1.0,0.20536720876564118
2018-01-27 01:00:00,0.09275084357993194,0.1663037704447372,1.0,1.0,0.3561434321562691
2018-01-27 02:00:00,0.1516023468654521,0.05927980967294218,1.0,1.0,0.25954628587607687
2018-01-27 03:00:00,0.11856093951757013,0.2227847997267276,1.0,1.0,0.22161765245878942
2018-01-27 04:00:00,0.1277517031991806,0.137937853408152,1.0,1.0,0.06640295767744976
2018-01-27 05:00:00,0.10269340576260234,0.23154622802771505,1.0,1.0,0.112925573902881
2018-01-27 06:00:00,0.03860388862738512,0.327991655857013,1.0,1.0,0.03269568302786087
2018-01-27 07:00:00,0.0016615592321935538,0.46414549060458954,1.0,1.0,0.13326591827091883
2018-01-27 08:00:00,0.23654992153444665,0.3405332693187582,1.0,1.0,0.0
2018-01-27 09:00:00,0.23772531315671677,0.3031649148025255,1.0,1.0,0.0
2018-01-27 10:00:00,0.18971456125757694,0.017252765525707446,0.48582365916231934,0.595209468166581,0.0
2018-01-27 11:00:00,0.4609445297832332,0.0,0.1437240419493371,0.3899892587251361,0.0
2018-01-27 12:00:00,0.5477786921603377,0.0,0.17814408376993301,0.3209040279842419,0.0
2018-01-27 13:00:00,0.28304119046504395,0.0,0.5215619101204253,0.334651019249677,0.0
2018-01-27 14:00:00,0.12404006874976593,0.0,0.21817153659878433,0.07796997430813235,0.0
2018-01-27 15:00:00,0.07439390265557798,0.0,0.026375832400740745,0.042863673180839404,0.0
2018-01-27 16:00:00,0.16888942598728818,0.0,0.0,0.08570634811770936,0.0
2018-01-27 17:00:00,0.3175474180244529,0.8888361004165299,0.0,1.0,0.11386721123755819
2018-01-27 18:00:00,0.7566015670072147,1.0,0.04504908327168939,1.0,0.4617381465848439
2018-01-27 19:00:00,0.7647799715517388,1.0,0.10704885600722511,1.0,0.375803600733077
2018-01-27 20:00:00,0.5851049839238238,0.7333728629722558,0.3778760470814221,1.0,0.10306633022527198
2018-01-27 21:00:00,0.34482486674524354,0.3930797990510794,0.25478711221549505,1.0,0.233835259472308
2018-01-27 22:00:00,0.19399912803849012,0.13550457509362004,0.4598477521798256,1.0,0.0
2018-01-27 23:00:00,0.019200149827818015,0.007921495042900347,0.7467173663958729,1.0,0.04728976565260653
2018-01-28 00:00:00,1.0,0.0,0.5492888041950379,1.0,0.1367680547724141
2018-01-28 01:00:00,1.0,0.0,0.4588891291010847,1.0,0.15064890497755778
2018-01-28 02:00:00,1.0,0.0,0.6266149257502006,1.0,0.0
2018-01-28 03:00:00,1.0,0.0,0.53512045422482,1.0,0.0
2018-01-28 04:00:00,1.0,0.0,0.6409144680366774,1.0,0.0
2018-01-28 05:00:00,1.0,0.07573418722483238,0.8783121251463211,1.0,0.13173697594479783
2018-01-28 06:00:00,1.0,0.22395628251673996,0.9644285912979899,1.0,0.14288017801409925
2018-01-28 07:00:00,1.0,0.2404194770773832,1.0,1.0,0.17360066779225372
2018-01-28 08:00:00,0.777253948584901,0.3003784997460944,1.0,1.0,0.08858339670368813
2018-01-28 09:00:00,0.6418832963274996,0.6243981345556859,0.8452206203802125,1.0,0.1586354239819114
2018-01-28 10:00:00,0.21017303770773552,0.5310378328864572,0.7252769046993326,0.6180899859663567,0.1195779854979409
2018-01-28 11:00:00,0.035576167412383654,0.3766437605207228,0.3337865754454181,0.8129904046990472,0.06653477547158794
2018-01-28 12:00:00,0.11939282248335341,0.10873605723810928,0.1495248873913998,1.0,0.0
2018-01-28 13:00:00,0.22851493399185346,0.16457015577238795,0.0,0.9029615963195826,0.05766884140814913
2018-01-28 14:00:00,0.19632056821941424,0.3382396448298919,0.04126327070035317,1.0,0.011061351818492047
2018-01-28 15:00:00,0.22351410073440509,0.5923186032986688,0.0,0.8011078770161191,0.041941946956603485
2018-01-28 16:00:00,0.23668762295524523,0.9318552708601632,0.1872468535531882,1.0,0.06345725876277318
2018-01-28 17:00:00,1.0,0.7871863687827426,1.0,1.0,0.1025552754866131
2018-01-28 18:00:00,1.0,0.49273971162350033,1.0,1.0,0.3260632689414924
2018-01-28 19:00:00,0.44338855368487595,0.36475987079215094,0.7161562205846139,1.0,0.9820679137309231
2018-01-28 20:00:00,0.2482526939667329,0.48081058982710206,0.49230277323134397,0.438656103477622,0.36353753306515957
2018-01-28 21:00:00,0.10589757802916866,0.4322128877927448,0.054834645174804526,0.22632298837249468,0.36120789763640415
2018-01-28 22:00:00,0.0,0.07059974510027621,0.013896750826745158,0.025495905922658723,0.2800768148777359
2018-01-28 23:00:00,0.164069047878381,0.0,0.0,0.029761013898656926,0.10661995866005464
2018-01-29 00:00:00,0.28097613423205986,0.0,0.0,0.0,0.24069167384457538
2018-01-29 01:00:00,0.19781070973651693,0.052911319785398744,0.0,0.07903689366926298,0.2692193809840696
2018-01-29 02:00:00,0.17868259565247194,0.1980692768515646,0.0,0.30453229729748454,0.08189845490680579
2018-01-29 03:00:00,0.15721792815862645,0.32913163102735143,0.006266669625417876,0.42110726320293923,0.028399657046380165
2018-01-29 04:00:00,0.043079473232634447,0.33935291978493554,0.09122990220992658,0.5894130670426583,0.0
2018-01-29 05:00:00,0.05015953709611207,0.6092080973593295,0.08768536582199908,0.3158274479773158,0.0
2018-01-29 06:00:00,0.02309882886790164,0.3496797585353866,0.11787441087009688,0.2982454370695112,0.0
2018-01-29 07:00:00,0.023186918475365737,0.03227563614449131,0.2359465442309103,0.5266007881904491,0.0
2018-01-29 08:00:00,0.0827773603941774,0.0,0.14736981226755946,1.0,0.0
2018-01-29 09:00:00,0.265044082073158,0.1288053331316136,0.08156008344448124,1.0,0.0
2018-01-29 10:00:00,0.07256186471224403,0.0,0.12490514047293293,0.5235108985129449,0.0
2018-01-29 11:00:00,0.0,0.0,0.05621677015009815,0.476801207000879,0.0
2018-01-29 12:00:00,0.0,0.0,0.04822256455997694,0.8632778953658129,0.0
2018-01-29 13:00:00,0.0,0.029417875268044385,0.18901795364574492,0.9778792909468706,0.0
2018-01-29 14:00:00,0.0,0.06585792619682934,0.05124666852934945,0.9120428176553254,0.015870312721941143
2018-01-29 15:00:00,0.0,0.05661626138370052,0.0,0.7174727041194604,0.0008239484920871973
2018-01-29 16:00:00,0.0,0.06585792619682934,0.0,0.2955007043540824,0.05234150157606841
2018-01-29 17:00:00,0.0657527064562297,0.16723719571653828,0.039711827646664914,0.08509260595656432,0.08008846812566901
2018-01-29 18:00:00,0.18128039206577326,0.1912495824237686,0.19512303775016046,0.07829626673127146,0.46786220465141226
2018-01-29 19:00:00,0.1866640799811164,0.39202527990159824,0.5951462641796493,0.10419268931747713,0.2634787433334127
2018-01-29 20:00:00,0.6689443995427149,0.28450289790328254,0.94364248512484,0.23364935688152202,0.02660853667684654
2018-01-29 21:00:00,0.865069291220765,0.6229025394239587,0.6337218457256044,0.31325300456907207,0.0
2018-01-29 22:00:00,1.0,0.3603308197950264,0.9195068997101425,0.14238852535890426,0.0
2018-01-29 23:00:00,1.0,0.4474274038842029,1.0,0.30654967375491393,0.16951027548480405
2018-01-30 00:00:00,1.0,0.39429925263353033,1.0,0.599685119734301,0.08826421791602558
2018-01-30 01:00:00,0.9961836100928815,0.5456278253071584,1.0,0.3159331006078543,0.060740644630012074
2018-01-30 02:00:00,0.5797206842172915,0.6339073190824015,1.0,0.21834402766886904,0.19599149396077595
2018-01-30 03:00:00,0.9801896029548196,0.6370239668543962,1.0,0.23621150218618808,0.1547303191739398
2018-01-30 04:00:00,1.0,0.4589466814539034,1.0,0.03982847350723211,1.0
2018-01-30 05:00:00,1.0,0.38663186861513726,0.8447702436162071,0.8675982413701832,0.0
2018-01-30 06:00:00,1.0,0.9796901052563379,0.5124340615733205,1.0,0.11085005968947446
2018-01-30 07:00:00,1.0,0.6469106812200474,0.31310457804428493,1.0,0.9638172622206883
2018-01-30 08:00:00,0.9625501262830684,0.0,0.38845702492920114,1.0,1.0
2018-01-30 09:00:00,1.0,0.1854498833125352,1.0,1.0,1.0
2018-01-30 10:00:00,1.0,0.7864366844757366,1.0,1.0,1.0
2018-01-30 11:00:00,1.0,0.4335747397061643,0.4079202536520723,1.0,0.8959455780173151
2018-01-30 12:00:00,1.0,1.0,0.31207104614639747,1.0,0.6749188062593048
2018-01-30 13:00:00,0.8279898019698224,1.0,0.21563717910808972,1.0,0.01819966366529517
2018-01-30 14:00:00,0.6191604957248648,1.0,0.08403012736785331,0.3704114784956508,0.8365665873212823
2018-01-30 15:00:00,0.7232971484601303,0.27486266231244616,0.2834945418343773,0.9464174856931759,0.3558427594851881
2018-01-30 16:00:00,0.3543649521852241,0.11399303553969298,0.223888226486014,1.0,0.45787972429859747
2018-01-30 17:00:00,0.024365170855214464,0.14508902781396524,1.0,1.0,1.0
2018-01-30 18:00:00,0.45869954538442015,0.2557460929331643,1.0,1.0,1.0
2018-01-30 19:00:00,0.3064844101087304,0.9715113752564183,1.0,1.0,1.0
2018-01-30 20:00:00,0.4984650788004474,0.8439450305080588,1.0,1.0,1.0
2018-01-30 21:00:00,0.3049083280452601,1.0,1.0,1.0,1.0
2018-01-30 22:00:00,0.5036640260655488,1.0,1.0,1.0,0.8636090806298907
2018-01-30 23:00:00,1.0,1.0,1.0,1.0,0.202448859036561
2018-01-31 00:00:00,1.0,1.0,1.0,1.0,0.975521924869994
2018-01-31 01:00:00,1.0,1.0,1.0,1.0,1.0
2018-01-31 02:00:00,1.0,1.0,1.0,1.0,1.0
2018-01-31 03:00:00,1.0,1.0,0.7774462860675864,0.9442044190857223,1.0
2018-01-31 04:00:00,1.0,0.0985111293160583,0.3379454380707172,0.5983513455632106,1.0
2018-01-31 05:00:00,1.0,0.9719585590627198,0.02175100875954117,0.29446237061540964,1.0
2018-01-31 06:00:00,0.8982632615662406,0.05223548721608438,0.048727295148084486,0.002645965192017305,0.3549656041356122
2018-01-31 07:00:00,0.8184746345058581,0.0,0.032467837312558215,0.0,0.7204328753015892
2018-01-31 08:00:00,0.22874568159098652,0.0,0.0,0.0,1.0
2018-01-31 09:00:00,0.0519169033233228,0.0,0.016311241864490778,0.05347248991078857,0.6416516960296021
2018-01-31 10:00:00,0.0,0.0,0.03536513834403043,0.6814097782416675,0.1981417262915438
2018-01-31 11:00:00,0.01885363012635609,0.0,0.07954645529381608,0.6079700056099451,0.04024487462146703
2018-01-31 12:00:00,0.0,0.01823597261961292,0.09535510149466578,0.8503085385598351,0.0
2018-01-31 13:00:00,0.05610955441196832,0.10003896293656786,0.030764833458513958,0.560758071401794,0.0
2018-01-31 14:00:00,0.09890371999465761,0.05872627329926528,0.0,0.1850321131585607,0.0
2018-01-31 15:00:00,0.047488082080873996,0.029357436340238376,0.0,0.6221784688519066,0.0
2018-01-31 16:00:00,0.03570155008118462,0.0,0.013366589739963653,0.6716185120015156,0.0
2018-01-31 17:00:00,0.09225678117729345,0.0,1.0,1.0,0.039477918391245585
2018-01-31 18:00:00,0.21079375472251316,0.0,0.9251857538331333,1.0,0.001002007445177772
2018-01-31 19:00:00,0.26007742064534217,1.0,0.8668534071201168,1.0,0.0
2018-01-31 20:00:00,0.0890563202334514,1.0,0.42298742347717005,1.0,0.0
2018-01-31 21:00:00,0.8449841290596648,0.3852066338098389,0.16549721409643067,1.0,0.031046040243470865
2018-01-31 22:00:00,0.8563028001943525,0.35015904420811406,0.29972650320882316,1.0,0.47408915118618883
2018-01-31 23:00:00,0.9668896815031808,0.6097759794831874,0.6364137244406979,0.18506637523594707,0.223673393800281
2018-02-01 00:00:00,0.7037184222129024,0.44208875256691743,0.18349264453510272,0.12797805029215092,0.0
2018-02-01 01:00:00,0.25572704743298863,0.4244371520540264,0.498110242031484,0.0,0.07462257240262207
2018-02-01 02:00:00,0.19833351069619615,0.16963752662094103,0.38017442322507,0.0,0.1443176740695122
2018-02-01 03:00:00,0.36148020775248657,0.11446797919472457,0.47621113066382076,0.0,0.031690167543153715
2018-02-01 04:00:00,0.5490409681530491,0.0,0.5006696917436517,0.0,0.10932806944206179
2018-02-01 05:00:00,0.15824749166430677,0.0,0.45994313836229506,0.2498972883739384,0.10189740059237366
2018-02-01 06:00:00,0.16766348739471898,0.0,0.2405150433411862,0.04857602860798056,0.16526696092117815
2018-02-01 07:00:00,0.19774116707596362,0.0,0.19983405434616816,0.010742420646773818,0.11449441838633698
2018-02-01 08:00:00,0.17792591053759785,0.0385352152764515,0.2889677879295247,0.0,0.16895086848846905
2018-02-01 09:00:00,0.08992895801199609,0.13596545378265265,0.493989379003912,0.0,0.07767108235175249
2018-02-01 10:00:00,0.07739204914207562,0.04009689836296428,0.334029447537013,0.0,0.04740057496888208
2018-02-01 11:00:00,0.053516898223299414,0.03433542387235574,0.22280934685158854,0.007740302290610089,0.0472815275291054
2018-02-01 12:00:00,0.0,0.0,0.04685270397165734,0.0,0.060285412290763514
2018-02-01 13:00:00,0.0,0.0,0.0,0.019705572334066366,0.05001387322155199
2018-02-01 14:00:00,0.0,0.0,0.0,0.0,0.08788432771834512
2018-02-01 15:00:00,0.0,0.0,0.0,0.0,0.10594294014489318
2018-02-01 16:00:00,0.0,0.0,0.0,0.0,0.08168692048894513
2018-02-01 17:00:00,0.06608902281157032,0.0,0.3507374463676915,0.01362227723482446,0.08842994567685226
2018-02-01 18:00:00,0.44507477320230887,0.032078511359417326,0.25290200120436657,0.15443657928975904,0.07668200091624881
2018-02-01 19:00:00,0.46521396333561643,0.02666386933940841,0.4830152365259458,0.6813904097527884,0.0
2018-02-01 20:00:00,0.45892822365716046,0.39826646889821615,0.1746371253517694,1.0,0.050698275238536934
2018-02-01 21:00:00,0.2874198234018648,0.4707668386365943,0.26592639146545527,0.6159715231325807,0.0
2018-02-01 22:00:00,0.21277128843987209,0.15879912655210707,0.9809903705648453,1.0,0.0
2018-02-01 23:00:00,1.0,0.5080852362408053,1.0,0.680086503549696,0.0
2018-02-02 00:00:00,1.0,0.6174499474883376,1.0,0.2757401175007267,0.0
2018-02-02 01:00:00,1.0,0.4137665913534543,0.8291014221280123,0.33164960587525744,0.0
2018-02-02 02:00:00,1.0,0.1192393053692327,1.0,0.37538193437844,0.0
2018-02-02 03:00:00,1.0,0.01620947491022116,1.0,0.47635966372991606,0.0
2018-02-02 04:00:00,1.0,0.0,1.0,0.3400402660149427,0.0
2018-02-02 05:00:00,1.0,0.0,0.8751773315753402,0.1380831175945312,0.022712732236719754
2018-02-02 06:00:00,1.0,0.0,0.8646912847334203,0.09666011682887862,0.01010681521098358
2018-02-02 07:00:00,1.0,0.020038336666814493,0.937725934837427,0.05376004661945433,0.0
2018-02-02 08:00:00,1.0,0.19461077934481802,0.469597418806565,0.0,0.0
2018-02-02 09:00:00,0.5638214477766951,0.08423349963548905,0.1869799398963878,0.48635273335228857,0.0
2018-02-02 10:00:00,0.04493670093920224,0.0,0.10490923990402379,0.8968417966413323,0.0
2018-02-02 11:00:00,0.0,0.0,0.0,0.4917097553212716,0.0
2018-02-02 12:00:00,0.0,0.06495996288469959,0.0,0.8881054684077274,0.020621190316746266
2018-02-02 13:00:00,0.0,0.04619602517606035,0.06548107385441759,0.7645696750785461,0.07695477573190367
2018-02-02 14:00:00,0.0,0.11264364900943641,0.2649794278901698,0.856005080254737,0.06577331137126187
2018-02-02 15:00:00,0.0,0.07019880773630185,0.16245298692287202,0.978869637923299,0.04678278026779505
2018-02-02 16:00:00,0.0,0.06534340647972155,0.133196455362822,1.0,0.0575833792517144
2018-02-02 17:00:00,0.2490717214920657,0.03407466239837421,0.3141732966313654,1.0,0.09156848169097684
2018-02-02 18:00:00,0.7163402873970275,0.04741935613645787,0.0,1.0,0.2719680141700645
2018-02-02 19:00:00,1.0,0.0434022841523322,0.0411656347892407,1.0,0.11870292643169447
2018-02-02 20:00:00,1.0,0.0,0.24872814417129652,1.0,0.02794557903835344
2018-02-02 21:00:00,1.0,0.0,0.31249535186442834,1.0,0.0
2018-02-02 22:00:00,0.7592455707406771,0.0,0.44895162613529527,0.731990628948962,0.0
2018-02-02 23:00:00,0.862582370855264,0.13659939452255693,1.0,1.0,0.0
2018-02-03 00:00:00,0.7305203157484096,0.0,1.0,0.6901009811227911,0.0
2018-02-03 01:00:00,0.35132874546032494,0.020315482789129948,0.932523568197819,1.0,0.0
2018-02-03 02:00:00,0.22398991727969997,0.02236002728277839,1.0,1.0,0.0
2018-02-03 03:00:00,0.41911384241862715,0.07348902134819954,1.0,1.0,0.0
2018-02-03 04:00:00,1.0,0.04663410259850478,1.0,1.0,0.0
2018-02-03 05:00:00,1.0,0.3503917225985544,1.0,1.0,0.4472453760814827
2018-02-03 06:00:00,1.0,0.11044264916711836,1.0,1.0,1.0
2018-02-03 07:00:00,1.0,1.0,1.0,1.0,1.0
2018-02-03 08:00:00,1.0,1.0,1.0,1.0,1.0
2018-02-03 09:00:00,0.5776038977656781,1.0,1.0,1.0,1.0
2018-02-03 10:00:00,0.2625530659984905,0.5415730794326771,0.9633676759810391,1.0,0.8513865353718556
2018-02-03 11:00:00,0.362700192189525,0.5469466495364799,0.4872546405825745,1.0,1.0
2018-02-03 12:00:00,0.33270633381510833,0.7088813680785822,0.1874397669035787,1.0,0.6210523443920555
2018-02-03 13:00:00,0.2472060947076981,0.4663273546100845,0.1557246668093284,1.0,1.0
2018-02-03 14:00:00,0.16868314784310057,0.22253117891501326,0.18247776587865844,0.9922343332765929,1.0
2018-02-03 15:00:00,0.10825549068091883,0.8096937827933989,0.5740246010278549,1.0,1.0
2018-02-03 16:00:00,0.04138330761590568,0.7898725318538239,0.2558976620934712,1.0,1.0
2018-02-03 17:00:00,0.0,1.0,1.0,0.538470847778986,1.0
2018-02-03 18:00:00,0.1197711119002419,1.0,0.572783828624335,0.2735407370090978,1.0
2018-02-03 19:00:00,0.6875931203199083,0.8645096069356426,0.11545945806426479,1.0,0.17121242220617236
2018-02-03 20:00:00,0.978636955631114,0.023773844328735416,0.1915638600430212,0.8914806209397618,1.0
2018-02-03 21:00:00,0.8990947408992866,1.0,1.0,1.0,0.10888192023051753
2018-02-03 22:00:00,0.7604083852337726,0.6281904344294819,0.8354830728455045,0.7338192690700547,1.0
2018-02-03 23:00:00,0.10154511426704627,0.3876029394312268,1.0,0.7783997380703895,0.16286549575157505
2018-02-04 00:00:00,0.0409946655775509,0.08401239142929619,0.29133796515062055,0.2604359832395468,0.14974718411587992
2018-02-04 01:00:00,0.048822690845230415,0.0,0.48485241508786686,0.03719676303571003,0.0367758191102396
2018-02-04 02:00:00,0.0,0.0443664819628285,0.5108705084241062,0.0,0.015432252878286628
2018-02-04 03:00:00,0.0,0.026010608775541528,0.22935973142352184,0.07217844775401955,0.0
2018-02-04 04:00:00,0.023862154441137894,0.10320990677387366,0.22359899491887714,0.09825588333157316,0.03193891824961304
2018-02-04 05:00:00,0.002914369093545209,0.03364576574882712,0.32346607461890214,0.25424721504836756,0.0
2018-02-04 06:00:00,0.628101722707865,0.24613604277647544,0.23309607322516165,0.33246079734642214,0.0
2018-02-04 07:00:00,0.7372560060795337,0.25355511037066103,0.2315699421206823,0.24400851227531545,0.0
2018-02-04 08:00:00,0.9121755054724747,0.17843974900236298,0.18925258503423265,0.03952587478710871,1.0
2018-02-04 09:00:00,0.88068246278689,0.14452780156085243,0.015295626460382322,0.030360065845347967,1.0
2018-02-04 10:00:00,0.5475533402907798,0.2285434481463217,0.0,0.14031488602949663,0.5392230150429331
2018-02-04 11:00:00,0.3897094568702302,0.029077864411726297,0.0,0.18103267243296128,0.8667786999009195
2018-02-04 12:00:00,0.2501119405108887,0.0,0.0,0.25382694355028174,0.5121647206699211
2018-02-04 13:00:00,0.10308317378903996,0.0,0.0,0.21638539056519493,0.17752283149125114
2018-02-04 14:00:00,0.05084995397354616,0.11949730017936744,0.0,0.16403321412540245,0.08067545265244026
2018-02-04 15:00:00,0.0,0.0769092290839795,0.0,0.4612650228882188,0.0
2018-02-04 16:00:00,0.0,0.25390511788518294,0.024710840361074588,0.41151133521026606,0.0
2018-02-04 17:00:00,0.03795285705037124,0.27510869017882866,0.09563404409963899,0.48316046317061195,0.0
2018-02-04 18:00:00,0.04408514316555441,0.4289971698069638,0.5248624320206752,0.7204154348016706,0.0
2018-02-04 19:00:00,0.3564880250004394,0.4334371466220382,0.7358521868048283,0.844500859543947,0.019605247974407783
2018-02-04 20:00:00,0.6583245417306416,0.5544421927206473,1.0,0.8112339204673201,0.0
2018-02-04 21:00:00,0.9724443387185739,0.5682708939676601,1.0,0.48778968413334406,0.0
2018-02-04 22:00:00,1.0,0.6078726094152209,1.0,1.0,0.0
2018-02-04 23:00:00,1.0,0.28987399045788137,1.0,1.0,0.0
2018-02-05 00:00:00,1.0,0.059028842205113466,1.0,1.0,0.0
2018-02-05 01:00:00,1.0,0.4492476402256319,1.0,1.0,0.0
2018-02-05 02:00:00,1.0,0.20749261858440227,1.0,1.0,0.17199536591011147
2018-02-05 03:00:00,1.0,1.0,0.7671043151916868,1.0,0.6755646108922411
2018-02-05 04:00:00,1.0,1.0,0.3846446972182553,1.0,1.0
2018-02-05 05:00:00,1.0,1.0,0.5706611448983107,1.0,1.0
2018-02-05 06:00:00,1.0,1.0,1.0,1.0,1.0
2018-02-05 07:00:00,1.0,1.0,1.0,1.0,1.0
2018-02-05 08:00:00,1.0,1.0,1.0,1.0,1.0
2018-02-05 09:00:00,1.0,1.0,1.0,1.0,1.0
2018-02-05 10:00:00,1.0,1.0,1.0,1.0,1.0
2018-02-05 11:00:00,0.7698212474753093,0.8178467307942692,1.0,1.0,1.0
2018-02-05 12:00:00,0.7869450982098266,1.0,1.0,0.985627107564072,1.0
2018-02-05 13:00:00,1.0,0.3668027059653051,1.0,0.28298800340131963,1.0
2018-02-05 14:00:00,0.9432870909588528,0.30243549378151796,0.8863095825646057,0.07810268381485476,0.8928003686794458
2018-02-05 15:00:00,1.0,0.9125124149175912,0.627191989179592,0.11597578092520962,0.1610026762021912
2018-02-05 16:00:00,1.0,1.0,0.28685840626327674,0.17915427738995005,1.0
2018-02-05 17:00:00,1.0,0.839877973212957,0.2486229549625209,0.03594276765060679,1.0
2018-02-05 18:00:00,0.7888321633656509,0.4351530117225314,0.36001916610472245,0.02728321072965552,1.0
2018-02-05 19:00:00,0.529360719929599,0.09680210646547187,0.10859163958034476,0.27296159621356797,0.6239624469126276
2018-02-05 20:00:00,0.2760652340016897,0.14616480184953684,0.0,0.13044194658669503,0.4938794091949491
2018-02-05 21:00:00,0.19199835068094306,0.02394927346238569,0.0,0.29771161711988875,0.6218588867895404
2018-02-05 22:00:00,0.07018968151120976,0.021982442724148902,0.021269840985022728,0.3952956335341946,0.5876602386470433
2018-02-05 23:00:00,0.07365509321309,0.2809857999165504,0.024950285484064486,0.4292735132180625,0.42439847522850793
2018-02-06 00:00:00,0.20884857520430805,0.2636180078078519,0.20217229909066237,0.31349085625543954,0.1960617151868594
2018-02-06 01:00:00,0.38010148488986334,0.12145193501177937,0.49675561297363796,0.5157043400114298,0.13078297280360962
2018-02-06 02:00:00,0.551647199327014,0.22949244583920822,0.6608560081422556,1.0,0.12849451617810936
2018-02-06 03:00:00,0.3722381919037839,0.022549817155673717,0.6608560081422556,0.6379181295517266,0.08210065844677816
2018-02-06 04:00:00,0.5938806474438596,0.7130580848691067,0.6723821631416677,0.3265281760099592,0.20203694847037165
2018-02-06 05:00:00,0.62548454655131,0.433375980209377,0.8703886854170069,0.3770479812341937,0.06250847448379901
2018-02-06 06:00:00,0.690506601017356,0.3830871513107036,0.9020482796464023,0.15660459571398633,0.0665067180824583
2018-02-06 07:00:00,0.765317846209274,0.1233857324345003,1.0,0.07789057878094559,0.05662114796720035
2018-02-06 08:00:00,0.7644650457243352,0.04001284086838672,0.5015184282104829,0.0,0.014298994074840456
2018-02-06 09:00:00,0.47823469434694715,0.12883022331748664,0.37506131408837323,0.10679344094130518,0.025058703025513638
2018-02-06 10:00:00,0.6182642778327928,0.06928818207623673,0.21864161757841719,0.23548888924438718,0.0
2018-02-06 11:00:00,0.37409924905567216,0.0,0.16903189191178353,0.25552332937967975,0.0
2018-02-06 12:00:00,0.1392891295277468,0.02265286711599733,0.11741651744409295,0.11799390123090256,0.0
2018-02-06 13:00:00,0.07531782023029526,0.0,0.1253289441454975,0.03667840609899374,0.0
2018-02-06 14:00:00,0.0,0.007879967292931042,0.057349676705254184,0.018353752994672845,0.0
2018-02-06 15:00:00,0.0,0.0,0.029918900425143495,0.0392068455471477,0.0
2018-02-06 16:00:00,0.12415226354355453,0.0,0.0,0.06244664680156616,0.0
2018-02-06 17:00:00,0.03419703683767559,0.0,0.0,0.023917056785344337,0.0
2018-02-06 18:00:00,0.14761620471654646,0.08664891707473926,0.0,0.30122568207000644,0.01566323463288241
2018-02-06 19:00:00,0.3031598864179441,0.07404511414492879,0.0,0.13731990259714802,0.0
2018-02-06 20:00:00,0.2235579881743431,0.05912354265794329,0.04095136708555928,0.295526109540788,0.0
2018-02-06 21:00:00,0.7651032973746961,0.19235291460289666,0.19252789330483136,0.23382995712511137,0.0
2018-02-06 22:00:00,0.3486999954428884,0.2456171667327714,0.13596046852833615,0.06351612455128137,0.013047009013963513
2018-02-06 23:00:00,0.38099307676227956,0.18543452476348118,0.1646568212916052,0.06474283031815582,0.023882698142076286
2018-02-07 00:00:00,0.23982288084402156,0.4049010945004854,0.4732469733191362,0.11471618812255914,0.00023900087319683887
2018-02-07 01:00:00,0.8960872656055134,0.23864548143054162,0.24352523897418996,0.13852704354394177,0.0
2018-02-07 02:00:00,0.6309821370668677,0.05286493705722819,0.2381559534998508,0.0,0.0
2018-02-07 03:00:00,0.6297667796869438,0.0,0.22543036299458283,0.0,0.0
2018-02-07 04:00:00,0.41311266570534766,0.004206911266355254,0.03292591647710147,0.08958900845423617,0.0
2018-02-07 05:00:00,0.24556943455323502,0.028718542619744065,0.010127700864936742,0.20238566915553816,0.0
2018-02-07 06:00:00,0.2785810640900531,0.046605311094549184,0.05786010372567049,0.32414251493097646,0.0
2018-02-07 07:00:00,0.3421779946214815,0.09848421219206523,0.2815691224964277,0.3583300053129551,0.06631524121085931
2018-02-07 08:00:00,0.2949510654280572,0.16473728758448866,0.4136506782924445,0.577169917330416,0.022515609478244377
2018-02-07 09:00:00,0.05261555510536088,0.18731071587608114,0.42956958693437536,0.8013740380159831,0.0350879045118743
2018-02-07 10:00:00,0.004946051845960445,0.2098707120458809,0.32319428274561174,0.5736150834450594,0.0
2018-02-07 11:00:00,0.11950876819276603,0.16589130322719514,0.5885156224952699,0.5987774413252483,0.0
2018-02-07 12:00:00,0.30121242346583493,0.21686308320317585,0.39393226990589514,0.36121367149152167,0.0
2018-02-07 13:00:00,0.680806656887602,0.11263555007606041,0.2169442602416634,0.491032838358991,0.0
2018-02-07 14:00:00,0.6062266673094423,0.08679407300870885,0.2434519900841466,0.598636514960862,0.0
2018-02-07 15:00:00,0.19803490096928256,0.033358636051950746,0.26511218725710706,0.40064314545486757,0.0
2018-02-07 16:00:00,0.0,0.0,0.6423087644455366,0.5560978042793937,0.0
2018-02-07 17:00:00,0.036252192613082684,0.0,0.5039871598976706,0.4540947545743293,0.0006914512967339685
2018-02-07 18:00:00,0.08924517469928325,0.0,0.9374864528148813,1.0,0.26901946452850944
2018-02-07 19:00:00,0.14306053616603828,0.024182415486980594,1.0,1.0,0.059842275335736834
2018-02-07 20:00:00,0.1834732560034607,0.0622148242508243,0.46831336194979395,1.0,0.0
2018-02-07 21:00:00,0.06079356352749323,0.13820157041283612,0.13434051187937546,1.0,0.021047301612219523
2018-02-07 22:00:00,0.0,0.07708479476507675,0.044158152083313196,1.0,0.0
2018-02-07 23:00:00,0.03189917481780092,0.05713178565916041,0.12994983625684342,1.0,0.0
2018-02-08 00:00:00,0.10405137830576075,0.31231665177880963,0.0,1.0,0.0
2018-02-08 01:00:00,0.30539935581605854,0.7391500358151043,0.07231796709110128,1.0,0.0
2018-02-08 02:00:00,0.36633540450434204,0.6760274976466314,0.6285005784788839,1.0,0.0
2018-02-08 03:00:00,0.12443783723133492,0.8525073725974935,1.0,1.0,0.0
2018-02-08 04:00:00,0.0,0.6168913654426683,1.0,1.0,0.0
2018-02-08 05:00:00,0.0,0.19518996059574853,0.9129104597581535,1.0,0.0
2018-02-08 06:00:00,0.0,0.13971559893813945,1.0,1.0,0.0
2018-02-08 07:00:00,0.0,0.025948586098900744,1.0,1.0,0.02755146603487009
2018-02-08 08:00:00,0.0,0.0,0.9163406202079775,1.0,0.03631544939232557
2018-02-08 09:00:00,0.0,0.0,1.0,1.0,0.062256371491524874
2018-02-08 10:00:00,0.011354854934412136,0.060709272682962286,0.7580562184774483,0.4506140201208345,0.0
2018-02-08 11:00:00,0.06530337820250452,0.04315837848306086,0.20210331275018703,0.9563356472358463,0.0
2018-02-08 12:00:00,0.06826083504131725,0.19476063466458352,0.19279094455591592,1.0,0.02017995166280226
2018-02-08 13:00:00,0.07080565075079907,0.08566983679090637,0.04012633020240439,1.0,0.1612532960924134
2018-02-08 14:00:00,0.11492302946685291,0.012270003597918579,0.2177760663363472,1.0,0.0
2018-02-08 15:00:00,0.0654832974254698,0.046109319604001844,0.4755620982445586,1.0,0.0
2018-02-08 16:00:00,0.10589141996343426,0.05434827142671762,0.465243688618466,1.0,0.1967419108624775
2018-02-08 17:00:00,0.04251049427978529,0.09292988234991788,0.4162057876671829,1.0,0.5527665662123684
2018-02-08 18:00:00,0.0,0.18744153777618172,0.5722054146855389,1.0,0.629383703830419
2018-02-08 19:00:00,0.0,0.3933174563273007,1.0,1.0,0.7966660651212212
2018-02-08 20:00:00,0.0,0.3032223910038835,1.0,1.0,1.0
2018-02-08 21:00:00,0.0009357573264953013,0.0,1.0,1.0,1.0
2018-02-08 22:00:00,0.0,1.0,1.0,1.0,1.0
2018-02-08 23:00:00,0.14196015988922614,0.6123096258474642,0.5741043258823356,1.0,1.0
2018-02-09 00:00:00,0.7382707131301692,1.0,0.2500834203340102,0.8337410139381385,1.0
2018-02-09 01:00:00,0.20256269278365258,0.5175540518357199,0.533739490821142,0.969134019371118,1.0
2018-02-09 02:00:00,0.04951469094218809,1.0,1.0,0.6122722049050366,1.0
2018-02-09 03:00:00,0.0,1.0,1.0,0.20567344275613322,1.0
2018-02-09 04:00:00,0.0,1.0,0.41875784718702364,0.11159516677228187,1.0
2018-02-09 05:00:00,0.5730853080514289,1.0,0.5054308639005222,0.044758141132162754,1.0
2018-02-09 06:00:00,1.0,0.7911108884321708,0.28104840927750896,0.0,1.0
2018-02-09 07:00:00,0.7324002173317627,0.24734514625260606,0.20271719593741,0.0,0.31608642495364486
2018-02-09 08:00:00,0.3045677047817603,0.18493362106160013,0.07286455150779257,0.09309442038433391,1.0
2018-02-09 09:00:00,0.25538842715801136,0.007866878387833367,0.06553620533179674,0.2515981387326163,0.43029989546806685
2018-02-09 10:00:00,0.2943259235631534,0.0,0.05573231790912231,0.1569370069554193,0.34927638215554907
2018-02-09 11:00:00,0.1905393550397305,0.03636856417922356,0.06168323213217457,0.17456740854841618,0.6358003180109956
2018-02-09 12:00:00,0.11849053864791653,0.019941104163433598,0.0,0.18205349229457504,0.1754295678030503
2018-02-09 13:00:00,0.06752260361278627,0.036731745653981726,0.03910577176652625,0.47665898267478646,0.21952327717448847
2018-02-09 14:00:00,0.1429255494574936,0.059947837227179925,0.13508643305073753,0.18044825280303925,0.2561055543256269
2018-02-09 15:00:00,0.1928878528245357,0.23710083183892797,0.22977609889334433,0.12316294250740051,0.3361681930704822
2018-02-09 16:00:00,0.15967135436561686,0.16973874466317548,0.14559356083773864,0.3564598360427235,0.14955480952473105
2018-02-09 17:00:00,0.18368822768066115,0.1745624763252033,0.27628963006034324,0.3480220944340375,0.1720138640074496
2018-02-09 18:00:00,0.15124858590658352,0.21813466706984636,0.1605733065549569,0.40333361130230744,0.13001030238284936
2018-02-09 19:00:00,0.26683859360793044,0.17128708787228408,0.030958962874421937,0.33596623446117824,0.1988232242833761
2018-02-09 20:00:00,0.6415227169360029,0.30259258072388956,0.10112177434302991,0.12152435419587777,0.21183056021904675
2018-02-09 21:00:00,0.7856815077702929,0.4310401861900926,0.02871805810936174,0.04744078221104623,0.07210568521597312
2018-02-09 22:00:00,0.969322373548362,0.045986854567731994,0.044930504571778766,0.011686250794396074,0.26801358178660983
2018-02-09 23:00:00,0.7971823412294686,0.3309208625572743,0.0,0.0,0.23187075166689494
2018-02-10 00:00:00,0.12569973343922175,0.0,0.03546776137415408,0.0,0.043065220020361415
2018-02-10 01:00:00,0.20930832729218923,0.0,0.08017294205568999,0.05644279786926893,0.042194382836280096
2018-02-10 02:00:00,0.16829010098277097,0.0,0.0,0.2555685953975564,0.04924227836745721
2018-02-10 03:00:00,0.14531557344205406,0.0475598868147646,0.008836468538730779,0.08474032513634382,0.01950483551353731
2018-02-10 04:00:00,0.1590021792957175,0.05199663062081038,0.011163117944308397,0.0,0.05904453108929954
2018-02-10 05:00:00,0.126036120105454,0.047322273877626914,0.0399743339324033,0.04836470950132502,0.16831130402684902
2018-02-10 06:00:00,0.09915319325271602,0.08321646203597557,0.03578374934688344,0.1141045724198516,0.19741458016832955
2018-02-10 07:00:00,0.15939040428895807,0.14604219302841293,0.05301831886176884,0.0792448056480683,0.28285648223966153
2018-02-10 08:00:00,0.11770929100336927,0.14861645261030032,0.0,0.18496468966550667,0.11990837835603005
2018-02-10 09:00:00,0.07678300682426936,0.02635679726012169,0.0,0.0,0.08970548129285642
2018-02-10 10:00:00,0.07782353953354573,0.05493299245017128,0.0,0.023367937307789285,0.13026150861870073
2018-02-10 11:00:00,0.10058875779034394,0.023118203802545926,0.0,0.0,0.10905993432685432
2018-02-10 12:00:00,0.12431550656113048,0.0,0.0,0.0,0.06260488227951336
2018-02-10 13:00:00,0.11405234985257864,0.0,0.0,0.0,0.11008299287359569
2018-02-10 14:00:00,0.11559029328011881,0.04598980687220219,0.0,0.0,0.10332334493695798
2018-02-10 15:00:00,0.11789720842142878,0.1047695212112629,0.0,0.0,0.2435047208539595
2018-02-10 16:00:00,0.21163108852505305,0.0,0.0,0.0,0.0854130358905453
2018-02-10 17:00:00,0.14357251618178482,0.0,0.0,0.0,0.07931004306233812
2018-02-10 18:00:00,0.13764746681010076,0.03872664192606038,0.0,0.03791996541277981,0.0
2018-02-10 19:00:00,0.15150426752544724,0.1100575066493346,0.1980558402719174,0.09943362933719398,0.0
2018-02-10 20:00:00,0.3455635291009174,0.1334533479164739,0.2760498982404703,0.2664866026624974,0.0034876087497284895
2018-02-10 21:00:00,0.5895700350189564,1.0,0.9014645991968355,0.41448222173565863,0.0
2018-02-10 22:00:00,0.8662254460417571,1.0,1.0,0.4602230697230686,0.0
2018-02-10 23:00:00,1.0,1.0,1.0,0.43779780434199833,0.028188033040381016
2018-02-11 00:00:00,1.0,1.0,1.0,0.2623687670260321,0.026967674576381984
2018-02-11 01:00:00,1.0,0.9933684505434093,1.0,0.27432733916967617,0.025263778891950438
2018-02-11 02:00:00,1.0,0.8677315745333062,1.0,0.3102024898298126,0.10010829136040937
2018-02-11 03:00:00,1.0,0.7676510139448004,1.0,0.5393925748841378,0.03695709156818147
2018-02-11 04:00:00,1.0,0.3846454185981908,1.0,0.731494184068767,0.06653796857372268
2018-02-11 05:00:00,1.0,0.40555816333500844,1.0,0.6155649211582199,0.033423998849884395
2018-02-11 06:00:00,1.0,0.4340924801574183,1.0,0.38075863099909507,0.20674543725405403
2018-02-11 07:00:00,1.0,0.2553096032957092,1.0,0.5426942421226022,0.18089254116192327
2018-02-11 08:00:00,0.8945841791558047,0.2278161775558066,0.638835091077132,0.761529072618329,0.0
2018-02-11 09:00:00,0.20789681168054494,0.5179373025466585,0.3610602043533844,0.8651987830714695,0.0
2018-02-11 10:00:00,0.025924785799651583,0.14085802011296528,0.12150826914950069,0.7712738442847819,0.0
2018-02-11 11:00:00,0.0,0.3030147528454242,0.09866171289712083,0.3638402233758687,0.0
2018-02-11 12:00:00,0.018650842948859957,0.2534421477619768,0.03061161232803486,0.1845630995088655,0.0
2018-02-11 13:00:00,0.0,0.3372948855492229,0.1086886474902401,0.15574099181526466,0.0038743925475423564
2018-02-11 14:00:00,0.0,0.23342380497971818,0.19848992252082992,0.07099282477142264,0.0
2018-02-11 15:00:00,0.06781641525975954,0.09195670676958961,0.10571440272282473,0.06977567721365714,0.0012303252277731645
2018-02-11 16:00:00,0.08813629084432444,0.057455177176498146,0.10409601223433283,0.2547755799198441,0.0
2018-02-11 17:00:00,0.048726122566709135,0.13370879055576734,0.790343316267334,0.8016164131053177,0.029596316022586146
2018-02-11 18:00:00,0.46317138937019836,0.2879629830874049,0.8652040696324408,1.0,0.03878327738835589
2018-02-11 19:00:00,1.0,0.22836154255453858,1.0,1.0,0.03620991086703837
2018-02-11 20:00:00,0.7679090777872971,0.1457691726906319,1.0,0.04007374424172197,0.0
2018-02-11 21:00:00,1.0,0.17340508696051507,1.0,0.5627134769889781,0.16584337033900912
2018-02-11 22:00:00,1.0,0.4751775697912799,1.0,0.479545784697167,0.13710617894019
2018-02-11 23:00:00,1.0,0.5051754997838862,1.0,0.9491589961545548,0.08508386642382981
2018-02-12 00:00:00,1.0,0.37918092150029237,1.0,1.0,0.10142512631049287
2018-02-12 01:00:00,1.0,0.3035398942342504,1.0,1.0,0.0
2018-02-12 02:00:00,1.0,0.20214809348609522,1.0,0.5781201058979529,0.0
2018-02-12 03:00:00,1.0,0.09526688209112494,1.0,0.49872437894727834,0.0
2018-02-12 04:00:00,1.0,0.10210965735525106,0.765738166428906,0.7486327253069943,0.0
2018-02-12 05:00:00,1.0,0.3804798427802283,1.0,0.8347167209338522,0.0
2018-02-12 06:00:00,1.0,0.14953882244270017,1.0,0.76942333265858,0.0
2018-02-12 07:00:00,1.0,0.0,1.0,0.5996907506426356,0.0
2018-02-12 08:00:00,1.0,0.033405670059532405,1.0,0.40612344984001947,0.0
2018-02-12 09:00:00,1.0,0.0,1.0,0.1829986286054612,0.0425480415823867
2018-02-12 10:00:00,1.0,0.0,1.0,0.13597746810998676,0.0
2018-02-12 11:00:00,1.0,0.0,1.0,0.22639105078940217,0.0
2018-02-12 12:00:00,1.0,0.11288211581199675,1.0,0.15558277558371172,0.0
2018-02-12 13:00:00,1.0,0.18144510428574237,1.0,0.0796007937771509,0.0
2018-02-12 14:00:00,1.0,0.25972074925747635,1.0,0.14805733328650852,0.0
2018-02-12 15:00:00,1.0,0.8713811973772423,1.0,0.02485651748096543,0.0
2018-02-12 16:00:00,1.0,0.8181147770683853,1.0,0.024757897660871227,0.0
2018-02-12 17:00:00,1.0,0.8612242582619195,1.0,0.07932710587965032,0.09800469474254685
2018-02-12 18:00:00,1.0,0.0,1.0,0.0,0.0
2018-02-12 19:00:00,1.0,0.07540966725676776,1.0,0.08517808595681159,0.05423740625709202
2018-02-12 20:00:00,1.0,0.0,1.0,0.0,0.0
2018-02-12 21:00:00,1.0,0.4555841059948631,1.0,0.04499766896367182,0.08104542381952919
2018-02-12 22:00:00,1.0,0.25045568368412857,1.0,0.030102397633254972,0.0
2018-02-12 23:00:00,1.0,0.16538696962455773,1.0,0.0,0.0
2018-02-13 00:00:00,1.0,0.1397874658637895,0.750071468101889,0.0,0.040127828353501246
2018-02-13 01:00:00,1.0,0.0,0.05182352797403409,0.24384195029941658,0.0
2018-02-13 02:00:00,1.0,0.038999795282696426,0.044650600844987044,0.07378724741949019,0.0
2018-02-13 03:00:00,1.0,0.04245303182865024,0.0,0.16863238008520542,0.009680136550768718
2018-02-13 04:00:00,1.0,0.0,0.3231554479702139,0.2675796712356855,0.0
2018-02-13 05:00:00,1.0,0.09264184526006958,0.8057799231809765,0.2181430029986183,0.0
2018-02-13 06:00:00,1.0,0.4862521223269144,0.5474342114740126,0.19296363486441617,0.0
2018-02-13 07:00:00,1.0,0.6677491607752303,0.5502830231523728,0.11034001777342685,0.0051663143432028845
2018-02-13 08:00:00,1.0,0.8722129489558478,0.5730329438234837,0.16380335464606485,0.039124151159292714
2018-02-13 09:00:00,0.5404512987633161,0.9987431881278288,0.22607299113418458,0.2981447674260098,0.027725787440278264
2018-02-13 10:00:00,0.19265423396781314,0.650103036349231,0.08002984350702468,0.379275468382752,0.0
2018-02-13 11:00:00,0.0822806699996457,0.1871503193164881,0.03264600030558129,0.27264263033723407,0.0
2018-02-13 12:00:00,0.194742285747872,0.14891826738002578,0.006149023177435121,0.19228197349913004,0.0
2018-02-13 13:00:00,0.16692043283462082,0.10228924116835905,0.0,0.28036514288889686,0.0
2018-02-13 14:00:00,0.4684289507786564,0.20312560349841685,0.0,0.27880602027485746,0.0
2018-02-13 15:00:00,0.3622649561666197,0.3160666255035347,0.0,0.3126695437983993,0.0
2018-02-13 16:00:00,0.37414706106933227,0.3041199674697094,0.0,0.3493664958460067,0.0
2018-02-13 17:00:00,0.24889313067029373,0.6470118273884179,0.04380224356105011,0.8238255268320572,0.06341267071135046
2018-02-13 18:00:00,0.11949247149449403,1.0,0.0,1.0,0.30750135737247397
2018-02-13 19:00:00,0.4418068440353272,1.0,0.19107280382724623,1.0,0.5397394501565338
2018-02-13 20:00:00,1.0,1.0,0.36177751536825026,1.0,0.11868017356735974
2018-02-13 21:00:00,1.0,0.9611245109974975,0.3368779009102753,1.0,0.0
2018-02-13 22:00:00,1.0,0.8736787680885764,0.4067254230328284,1.0,0.0
2018-02-13 23:00:00,1.0,0.41488382951841246,0.15826406826991965,1.0,0.0
2018-02-14 00:00:00,1.0,0.689968015512437,0.013857498324966439,1.0,0.0
2018-02-14 01:00:00,1.0,0.5490819844056041,0.025446908013060352,1.0,0.0
2018-02-14 02:00:00,1.0,0.13494387628027904,0.07425335969165209,0.22221912490340476,0.20978239992142425
2018-02-14 03:00:00,1.0,0.022623333707844,0.08967807761027775,1.0,0.33804913247135693
2018-02-14 04:00:00,1.0,0.08042197944062365,0.16485683623125033,1.0,0.7992092900436865
2018-02-14 05:00:00,1.0,0.3628214798093873,0.33992342916418633,1.0,1.0
2018-02-14 06:00:00,0.7607732754655593,0.20801890070575033,0.3030035286083706,1.0,1.0
2018-02-14 07:00:00,0.40903525425059495,0.5813025638881366,0.02800797339867709,1.0,1.0
2018-02-14 08:00:00,0.46593075140439333,0.0,0.3718953308059652,1.0,0.0
2018-02-14 09:00:00,0.2274485864814557,0.03863662312969306,0.11573809110254252,1.0,0.0
2018-02-14 10:00:00,0.11350091183334932,0.0,0.0,1.0,0.0
2018-02-14 11:00:00,0.11096839757833633,0.3120834574298269,0.0,1.0,0.0
2018-02-14 12:00:00,0.27948622273375956,0.47359222769482767,0.10205368807569869,1.0,0.0
2018-02-14 13:00:00,0.5220405471306515,0.9562525746568992,0.15498957189583204,1.0,0.7448556082228794
2018-02-14 14:00:00,0.43149478989078155,1.0,0.41999666410125547,1.0,1.0
2018-02-14 15:00:00,0.7756770818574499,1.0,0.30828928349815593,1.0,0.6073184224586429
2018-02-14 16:00:00,1.0,1.0,0.3844265098057223,1.0,0.5016948863828162
2018-02-14 17:00:00,0.5362859726668366,1.0,0.1734603562918672,1.0,1.0
2018-02-14 18:00:00,1.0,1.0,0.04062411206143368,1.0,1.0
2018-02-14 19:00:00,1.0,1.0,0.08332050043791098,1.0,0.47216804606167745
2018-02-14 20:00:00,1.0,1.0,0.11334391765691741,1.0,0.30863466556734725
2018-02-14 21:00:00,1.0,1.0,0.5951414220601893,1.0,0.6114018428420264
2018-02-14 22:00:00,1.0,1.0,0.0449027492421515,1.0,0.0429263622090431
2018-02-14 23:00:00,1.0,1.0,0.0035504371114662187,1.0,0.17784285156220364
2018-02-15 00:00:00,1.0,0.7719513470034723,0.041928356136000884,1.0,0.031660571928782306
2018-02-15 01:00:00,1.0,1.0,0.28126966631781763,1.0,0.41089739278714404
2018-02-15 02:00:00,1.0,1.0,0.05659772279245954,0.9693515363684829,1.0
2018-02-15 03:00:00,1.0,1.0,0.1319196767680252,1.0,1.0
2018-02-15 04:00:00,1.0,1.0,1.0,1.0,1.0
2018-02-15 05:00:00,1.0,1.0,1.0,1.0,0.02019008267663124
2018-02-15 06:00:00,1.0,1.0,1.0,1.0,0.3692447038284931
2018-02-15 07:00:00,1.0,0.7485477283808474,1.0,1.0,0.04484848392229005
2018-02-15 08:00:00,1.0,0.25153299575688837,1.0,1.0,1.0
2018-02-15 09:00:00,1.0,0.0,1.0,1.0,1.0
2018-02-15 10:00:00,1.0,0.12402234363955199,0.9603165350632512,1.0,1.0
2018-02-15 11:00:00,0.8944256624190435,0.07453496736844928,0.23887870388232568,1.0,1.0
2018-02-15 12:00:00,0.8063239268550569,0.022945535546409095,0.5763853898649871,1.0,1.0
2018-02-15 13:00:00,0.3830907130107727,0.09449949704800001,0.8800076592339858,1.0,0.937371763821864
2018-02-15 14:00:00,0.2859941240944675,0.34398710173796065,1.0,1.0,0.3963024156293956
2018-02-15 15:00:00,0.051906293647194277,0.1262583259415913,1.0,1.0,1.0
2018-02-15 16:00:00,0.04149015471823653,0.37222184522149154,1.0,1.0,1.0
2018-02-15 17:00:00,0.9033932513758555,1.0,1.0,1.0,0.1859530857783096
2018-02-15 18:00:00,0.9594354528389466,1.0,1.0,1.0,1.0
2018-02-15 19:00:00,1.0,1.0,1.0,1.0,1.0
2018-02-15 20:00:00,1.0,1.0,1.0,1.0,0.657038006161419
2018-02-15 21:00:00,1.0,1.0,1.0,1.0,0.22411704189196827
2018-02-15 22:00:00,1.0,0.425764774685818,1.0,1.0,0.10574860828018826
2018-02-15 23:00:00,1.0,0.9703456984734347,1.0,1.0,0.08850756309295037
2018-02-16 00:00:00,0.829338315129247,1.0,1.0,0.8859084183640871,1.0
2018-02-16 01:00:00,0.7567602374099845,0.5553954946766968,0.6356991058842285,0.1601793940000864,0.7400738104040635
2018-02-16 02:00:00,1.0,0.37778235701755253,0.3504140138760734,0.10546277931461179,0.458920734695456
2018-02-16 03:00:00,0.6615770785993109,0.19571888878356664,0.33215677632905377,0.056121462608139494,0.23094248693665137
2018-02-16 04:00:00,0.20233441259061752,0.08739381267357559,0.14380354106669604,0.2625170198349606,0.12994626074598015
2018-02-16 05:00:00,0.06665179400348241,0.0,0.2589000454988604,0.24663432722668707,0.174150309256185
2018-02-16 06:00:00,0.07761158931337722,0.0,0.3294216756609674,0.5332106425950411,0.164102844982397
2018-02-16 07:00:00,0.05566949254265091,0.1200331784211136,0.21405429244774798,0.6768091374849464,0.09115014505987305
2018-02-16 08:00:00,0.0,0.16688809322843334,0.07756124382414357,0.6347188931812265,0.10613408903928792
2018-02-16 09:00:00,0.0,0.36268915352438186,0.06784077033449167,0.26403922973274574,0.041886999797935386
2018-02-16 10:00:00,0.04379377313984151,0.32318962046474947,0.2618688915255628,0.3239627552984712,0.035710253742738646
2018-02-16 11:00:00,0.13243657131030742,0.40361778618263255,0.3263139968048828,0.11925303352757283,0.030505217411025208
2018-02-16 12:00:00,0.5084188313284834,0.35152049515859835,0.6165495718086961,0.0624333587824943,0.0
2018-02-16 13:00:00,0.944541181470684,0.4178327563514978,0.7029205378007924,0.0,0.0
2018-02-16 14:00:00,1.0,0.5504023132165115,0.8636512389719098,0.006507053855234252,0.023971503288374548
2018-02-16 15:00:00,1.0,0.43156193822687466,1.0,0.0,0.028214868723641907
2018-02-16 16:00:00,1.0,0.29306542155734994,1.0,0.04253118231804873,0.007543717692696229
2018-02-16 17:00:00,1.0,0.0669910120322913,1.0,0.08539714015204784,0.020656540529131424
2018-02-16 18:00:00,1.0,0.2035775546182741,0.9319608306114106,0.09226552684471684,0.0
2018-02-16 19:00:00,1.0,0.04769793963784665,1.0,0.04253177568129947,0.0
2018-02-16 20:00:00,1.0,0.0,0.41704405851620563,0.0,0.047738489119032806
2018-02-16 21:00:00,1.0,0.0,0.9512384834977287,0.7069187361104547,0.2983172233549044
2018-02-16 22:00:00,1.0,0.05964049612645575,0.5622856604940523,1.0,0.025951358622928068
2018-02-16 23:00:00,1.0,0.2287677484642283,0.6366737100929529,1.0,0.6760160087627521
2018-02-17 00:00:00,0.9697107575527163,0.1761833056011686,0.7545558561893613,1.0,0.010035829476614709
2018-02-17 01:00:00,1.0,1.0,1.0,1.0,0.40552671181978517
2018-02-17 02:00:00,1.0,0.5670955746175711,1.0,1.0,0.7940667843638833
2018-02-17 03:00:00,1.0,0.46659564195254005,1.0,1.0,0.24278006917381556
2018-02-17 04:00:00,0.8822544412336717,0.506072399704822,1.0,1.0,0.024799525329723907
2018-02-17 05:00:00,0.3496561961636189,0.46505272328623143,1.0,1.0,1.0
2018-02-17 06:00:00,0.287596070881916,0.6152196783518273,1.0,1.0,0.0165317798825987
2018-02-17 07:00:00,0.8537038161571133,0.6814185516287086,1.0,1.0,0.0033455229888798687
2018-02-17 08:00:00,0.9525142953413506,0.8020998324647128,1.0,1.0,0.0
2018-02-17 09:00:00,1.0,0.2739402730490351,1.0,1.0,0.15183511916359657
2018-02-17 10:00:00,0.5191970530785214,0.27942238400286806,1.0,1.0,0.5430235932235298
2018-02-17 11:00:00,0.17968348763468012,0.0,0.7153077416947387,1.0,0.5232101312554032
2018-02-17 12:00:00,0.0,0.0,1.0,1.0,0.11993076195207263
2018-02-17 13:00:00,0.0,0.0,0.7208058816061066,1.0,0.06653976540187757
2018-02-17 14:00:00,0.0,0.0518974808227,0.18196296058260858,1.0,0.1389882436204479
2018-02-17 15:00:00,0.009014501456741528,0.2942185970549978,0.2274985271796416,1.0,0.4322683181531482
2018-02-17 16:00:00,0.2393042516470523,0.7160245919383575,0.24442788014092806,0.9999332066587544,0.7011210144000628
2018-02-17 17:00:00,0.6731497258598343,0.6749469028035343,0.45918165693416085,0.6505278258362523,1.0
2018-02-17 18:00:00,0.9864507548982394,1.0,0.8430942008647747,0.6948437596245397,1.0
2018-02-17 19:00:00,1.0,1.0,1.0,1.0,1.0
2018-02-17 20:00:00,1.0,1.0,1.0,1.0,0.09659490757985043
2018-02-17 21:00:00,1.0,1.0,1.0,1.0,0.2001433389688168
2018-02-17 22:00:00,1.0,1.0,1.0,1.0,0.06246562156978257
2018-02-17 23:00:00,1.0,0.3460799198939935,1.0,1.0,0.41454332815867595
2018-02-18 00:00:00,1.0,0.15058010807229144,1.0,1.0,0.1359754697328658
2018-02-18 01:00:00,1.0,0.5761835272709359,1.0,1.0,0.0
2018-02-18 02:00:00,1.0,1.0,1.0,1.0,0.011210538467853061
2018-02-18 03:00:00,1.0,1.0,1.0,1.0,0.0
2018-02-18 04:00:00,1.0,1.0,1.0,1.0,0.0
2018-02-18 05:00:00,1.0,1.0,1.0,1.0,0.0
2018-02-18 06:00:00,1.0,1.0,1.0,1.0,0.3160933540117371
2018-02-18 07:00:00,1.0,1.0,1.0,1.0,0.20536736784235093
2018-02-18 08:00:00,1.0,0.6540922572029949,1.0,1.0,0.18954180979718066
2018-02-18 09:00:00,1.0,0.43823370926980243,1.0,1.0,0.0
2018-02-18 10:00:00,0.9491164067010647,0.7151587931168881,0.25348386574538045,0.4900848288687084,0.017087952454712913
2018-02-18 11:00:00,1.0,0.40829319918033935,0.0936069582056737,0.29770852745165044,0.16489249623977995
2018-02-18 12:00:00,0.9906950793426239,1.0,0.017674018443387847,1.0,1.0
2018-02-18 13:00:00,1.0,1.0,0.12300673495065621,1.0,1.0
2018-02-18 14:00:00,1.0,1.0,0.18748572785144202,1.0,1.0
2018-02-18 15:00:00,1.0,1.0,0.6841220240259315,0.24741344565105797,1.0
2018-02-18 16:00:00,1.0,1.0,0.4215522139883451,1.0,1.0
2018-02-18 17:00:00,1.0,0.8190978798295522,0.37910297504213986,1.0,0.9989140418385782
2018-02-18 18:00:00,1.0,1.0,1.0,1.0,0.1701644681303713
2018-02-18 19:00:00,1.0,1.0,1.0,1.0,1.0
2018-02-18 20:00:00,1.0,1.0,1.0,1.0,0.17576737367492715
2018-02-18 21:00:00,1.0,1.0,1.0,1.0,0.8705840293975086
2018-02-18 22:00:00,1.0,1.0,0.7631855879397921,1.0,0.05268017510062983
2018-02-18 23:00:00,1.0,0.8624727722112039,0.7777650789674235,1.0,0.022658841063006398
2018-02-19 00:00:00,1.0,0.8949736881136057,0.980910216702924,0.8989611782334781,0.011631018563924423
2018-02-19 01:00:00,1.0,0.8394776262857528,0.8870223003411908,0.8969356846656668,0.011268397383875747
2018-02-19 02:00:00,0.6273034110949509,0.8944290500645544,0.8846410704151686,0.3007331545397842,1.0
2018-02-19 03:00:00,0.5520248322875347,0.5000310436973505,0.6942630741961044,0.22661731669702992,1.0
2018-02-19 04:00:00,0.32614901777643795,0.40129874840230073,0.5984017717161058,0.40768555837720155,1.0
2018-02-19 05:00:00,0.17902624198891953,0.10962115898304121,0.4307044567566859,0.31796628285340994,1.0
2018-02-19 06:00:00,0.1498588339938711,0.08702836253382012,0.3306198153841894,0.14496227288187644,0.9950230931748664
2018-02-19 07:00:00,0.10856967949210343,0.08731341146367663,0.2677560600525547,0.07234585369326361,0.3356588294167365
2018-02-19 08:00:00,0.035487286406232235,0.0585008306878558,0.2082600842104301,0.1117336576306831,0.24986266652603112
2018-02-19 09:00:00,0.08765204121077871,0.06486952527476705,0.14641645275612936,0.07088296534852051,0.1956793127337112
2018-02-19 10:00:00,0.05458913596159861,0.0,0.0826099348463172,0.08590405877366016,0.09704374069656509
2018-02-19 11:00:00,0.02106911276333642,0.0,0.0870162613531459,0.09582149064212202,0.20135732804092496
2018-02-19 12:00:00,0.0,0.0,0.09117199790801059,0.08512651043738932,0.006287904495634734
2018-02-19 13:00:00,0.0,0.051893213973841584,0.030583816586534245,0.14226159186872725,0.02664259710069621
2018-02-19 14:00:00,0.24853531642492907,0.3793596376442242,0.10641815678116165,0.24558092669230366,0.21422766293779608
2018-02-19 15:00:00,0.7035381779279997,0.43049343486552105,0.043245201107336775,0.23849725790256782,0.5114033308867253
2018-02-19 16:00:00,0.9040135018411533,0.40729800900901336,0.12554479554168635,0.22155738705214564,0.28225664093972425
2018-02-19 17:00:00,1.0,0.514453096071559,0.10017870811300232,0.49183980992444504,0.1743768026790893
2018-02-19 18:00:00,1.0,0.6459807779444864,0.21974902031008908,0.9750059258019066,0.30191781112805227
2018-02-19 19:00:00,1.0,0.34568535105737025,0.0644492537683412,0.316272304722943,0.17998213416082337
2018-02-19 20:00:00,1.0,0.17181956646364815,0.09009689775144507,0.3697690993309417,0.02906568762686548
2018-02-19 21:00:00,1.0,0.42791613508869614,0.23598160853807865,0.15952234527804915,0.0
2018-02-19 22:00:00,0.7857860558856482,0.8927605465401914,0.0889472328311778,0.0868035157988733,0.03952146165840278
2018-02-19 23:00:00,0.38962950677043257,0.89857045561399,0.10560222240518745,0.11737560307801906,0.38796676176042016
2018-02-20 00:00:00,0.400896240831223,0.3665754544063495,0.555257561592574,0.17502058886560515,0.1538141344794755
2018-02-20 01:00:00,0.4035746699819848,0.31540169842990023,0.42929777096048216,0.1864155122282413,0.08723564730715759
2018-02-20 02:00:00,0.6089642156395025,0.2585680568168544,0.5457682401898234,0.31832039449256927,0.2913005945248354
2018-02-20 03:00:00,0.44611671569402067,0.460320425940468,0.7144475818470483,0.22615912302071714,0.151832322681029
2018-02-20 04:00:00,0.24610864823502804,0.552711501552148,0.9304499129191229,0.3670304631437008,0.5692208291094621
2018-02-20 05:00:00,0.353728099979987,0.6953111134100161,0.7980238876216369,0.8024303197821958,0.10544564219319234
2018-02-20 06:00:00,0.5154834511786861,0.8177564365489322,1.0,0.9147574525126623,0.1471071018559728
2018-02-20 07:00:00,0.6284906237507987,1.0,0.8770389484019443,0.9088374947073499,0.17805095409892055
2018-02-20 08:00:00,0.7792675174945501,0.6929198065647248,0.5802093370165315,0.5026169483513835,0.2305753757281656
2018-02-20 09:00:00,0.43421401716969465,0.772111501680208,0.47224706716029324,0.3169418098751591,0.08192120997268895
2018-02-20 10:00:00,0.18647592319052889,0.3073121693115357,0.5535931956990271,0.057739713437247056,0.0
2018-02-20 11:00:00,0.1635215577968736,0.15042830994520803,0.31706036974849044,0.10822532328377436,0.009603309368031016
2018-02-20 12:00:00,0.38777048294405253,0.04225906165952489,0.24388096752734237,0.1119515523914381,0.0
2018-02-20 13:00:00,0.21314744801468397,0.0,0.2046830132717849,0.0751027327442528,0.0
2018-02-20 14:00:00,0.09627606360064135,0.0,0.05533375752385462,0.036189192683131165,0.0
2018-02-20 15:00:00,0.15689354867209682,0.08806553750029446,0.12390414831040077,0.1636003876108929,0.2186157815032092
2018-02-20 16:00:00,0.14754428990516985,0.11730383775527957,0.1164832524079136,0.03971933421128326,0.5070632835796559
2018-02-20 17:00:00,0.24726442711620544,0.1576989790011321,0.18589016122285715,0.0,0.2755070110049222
2018-02-20 18:00:00,0.6484201331607585,0.13412403884010216,0.11568440962631978,0.008475829539142865,0.42593914056259885
2018-02-20 19:00:00,0.8275851515566592,0.1458661726572315,0.0,0.06204189996342317,0.29925285108883826
2018-02-20 20:00:00,0.3937058926580135,0.02235362585066241,0.0,0.32883283354980963,0.35166984417729946
2018-02-20 21:00:00,0.3544472238177467,0.0,0.0,0.4939279126751747,0.25217556829514404
2018-02-20 22:00:00,0.3921613880554352,0.0,0.01993347119259793,0.8461136633625574,0.0
2018-02-20 23:00:00,0.357715322080763,0.0,0.14559912882492282,0.8017036442292853,0.0
2018-02-21 00:00:00,0.15850629625360338,0.0,0.18382685291648257,0.40533632163388317,0.0
2018-02-21 01:00:00,0.09576717936916168,0.0,0.04338028634435254,0.31434806163037987,0.0955423402510806
2018-02-21 02:00:00,0.17032023043392702,0.02244114280788915,0.026472299010968033,0.32215301070331576,0.0
2018-02-21 03:00:00,0.16011803440993883,0.0007854997392162962,0.011000824871673483,0.4431162069077833,0.0
2018-02-21 04:00:00,0.11635404109733054,0.06031641920142131,0.0,0.19478766156465258,0.0
2018-02-21 05:00:00,0.0300196034208026,0.030477661029607323,0.14738424909681724,0.5392482528203545,0.04286190932675047
2018-02-21 06:00:00,0.0,0.003163425261873158,0.09956480329886472,0.38148996992241413,0.011453807277378056
2018-02-21 07:00:00,0.047404211663981434,0.01087229830972827,0.051318115547937776,0.36654698609292685,0.0
2018-02-21 08:00:00,0.027339643225249878,0.0,0.0,0.4169235970672673,0.0
2018-02-21 09:00:00,0.0,0.0,0.0,0.09543592120678045,0.0
2018-02-21 10:00:00,0.0738360735539759,0.15775801249920027,0.22079852441600664,0.18268098951340775,0.0
2018-02-21 11:00:00,0.1398778420486937,0.33746042628874406,0.20155929087919086,0.23816321161652346,0.0
2018-02-21 12:00:00,0.06575339175850695,0.5143745636808131,0.326350079621937,0.12053080935465883,0.020747254514092997
2018-02-21 13:00:00,0.2129687825233175,0.5518159938411961,0.7552118138034648,0.0536796608893161,0.07428829936267327
2018-02-21 14:00:00,0.19216467699777573,0.45593438854606516,0.4808250154488402,0.10637041001423551,0.09568797738471532
2018-02-21 15:00:00,0.3048556047368447,0.3528972731317287,0.4222425513223971,0.07318024603065662,0.11563908558339221
2018-02-21 16:00:00,0.5718729399581889,0.4006674482148263,0.4086589078632122,0.062076077043028095,0.15182765419643313
2018-02-21 17:00:00,0.5612460747513697,0.34349623891762426,0.5680490847588726,0.06064714023230791,0.1604477767667475
2018-02-21 18:00:00,0.28321300189822884,0.4975174768498891,0.8669139888035697,0.09593608554338229,0.41314055894183577
2018-02-21 19:00:00,0.3997860892188502,0.5629641677753298,1.0,0.42014431814015507,0.29867097727236813
2018-02-21 20:00:00,0.6316778645094723,0.3469081961203357,0.9066821332759749,0.9410615067718221,0.13664499775558625
2018-02-21 21:00:00,0.34996832383959536,0.27659471948077075,0.5917084272896604,0.8546407549236328,0.13523722800598262
2018-02-21 22:00:00,0.36373278503886197,0.1620308499758831,0.49202808187343966,0.48642287212501045,0.2310219627250952
2018-02-21 23:00:00,0.2725379733663458,0.18672727375751053,0.4093166526168916,0.3119313989488767,0.10245654454161941
2018-02-22 00:00:00,0.22278649811649567,0.07634382410270014,0.30114651624391203,0.13573937644505257,0.0
2018-02-22 01:00:00,0.3210700878310054,0.0400518981273069,0.2704047139033337,0.07937850225900862,0.0
2018-02-22 02:00:00,0.2429352272811002,0.0,0.33615273649449123,0.050695982332331746,0.0
2018-02-22 03:00:00,0.4004300300190921,0.026528766387540998,0.461136586979067,0.037206186813668336,0.0
2018-02-22 04:00:00,0.7317516406198264,0.0,0.28273622602593224,0.02405124450773468,0.0
2018-02-22 05:00:00,0.6113698742129747,0.085022627677058,0.36220888107663907,0.04291126073235347,0.0
2018-02-22 06:00:00,0.9300329883428894,0.0,0.3750083153027742,0.1049920948742118,0.0
2018-02-22 07:00:00,1.0,0.0,0.37767036008924953,0.25026392498865696,0.0
2018-02-22 08:00:00,1.0,0.0,0.48087937646927426,0.05116580017544201,0.0
2018-02-22 09:00:00,0.803680173594461,0.0,0.24475695208269949,0.0375209259922096,0.0
2018-02-22 10:00:00,0.8352410571716312,0.0,0.03412827050937079,0.0,0.0
2018-02-22 11:00:00,1.0,0.02130430351667718,0.00282300071528194,0.0,0.0
2018-02-22 12:00:00,1.0,0.0,0.025509304338374117,0.0,0.0
2018-02-22 13:00:00,1.0,0.021426987592863895,0.04281341653799998,0.0,0.0
2018-02-22 14:00:00,1.0,0.0,0.11468210965141361,0.0,0.0
2018-02-22 15:00:00,1.0,0.0499893274203536,0.07240806132881808,0.0,0.0
2018-02-22 16:00:00,1.0,0.09784530197799707,0.014463164582283791,0.0,0.0
2018-02-22 17:00:00,0.37408620657236785,0.09663477581829431,0.0,0.0,0.0
2018-02-22 18:00:00,0.2803563988220115,0.369065788476174,0.2769773890072888,0.0,1.0
2018-02-22 19:00:00,0.15519855512256223,0.9067804065759996,0.0,0.0,0.6438056125773055
2018-02-22 20:00:00,1.0,0.7941717583716096,0.2067004014813567,0.1655015720115237,0.22135854172673552
2018-02-22 21:00:00,1.0,0.9601134117860197,0.07475680493368429,0.02598564146627399,0.7757604331571563
2018-02-22 22:00:00,0.5748718122569563,0.8676683627414823,0.017496629525070563,0.1498789442700907,0.4693160065453591
2018-02-22 23:00:00,0.9340376019395972,0.5126268160120262,0.0523279426050126,0.2953107807918709,0.3954110234340897
2018-02-23 00:00:00,0.16486239937965502,0.17738452717202646,0.10326235942405458,0.19261249428376936,0.2945598825922972
2018-02-23 01:00:00,0.5794560766088356,0.21867445030054267,0.2001924099699915,0.2537243470613015,0.13282205829329724
2018-02-23 02:00:00,0.2714325898006873,0.027034373383717347,0.276157819226987,0.1970063032007084,0.05724317927129497
2018-02-23 03:00:00,0.07245423717249347,0.0,0.18011613735701856,0.0910321634230507,0.1460607617480445
2018-02-23 04:00:00,0.0,0.0,0.14378023027208095,0.0011151722725510353,0.30292917192658597
2018-02-23 05:00:00,0.0,0.0,0.0,0.002616133588826718,0.12147888585283506
2018-02-23 06:00:00,0.0,0.0,0.0,0.1396694707713077,0.0889692729140614
2018-02-23 07:00:00,0.0,0.0,0.0,0.1590040753056704,0.03264206547712852
2018-02-23 08:00:00,0.0,0.0,0.0,0.059617364116602324,0.0
2018-02-23 09:00:00,0.03705043429383399,0.0,0.0,0.15577182995507172,0.0
2018-02-23 10:00:00,0.023536516611297655,0.0,0.0,0.09101827613142381,0.0
2018-02-23 11:00:00,0.11210848975021236,0.10183574793308799,0.09892333604887543,0.21921362587165838,0.021128022860290363
2018-02-23 12:00:00,0.16726620855803434,0.20245741578881712,0.33067720122693056,0.292875410500896,0.08155140720866681
2018-02-23 13:00:00,0.21387410470648827,0.31589403020058215,0.3371615541415796,0.31892555106803167,0.4839230347075945
2018-02-23 14:00:00,0.5087011331284241,0.35752153755606575,0.315594130050404,0.40198259615785825,1.0
2018-02-23 15:00:00,0.47623747031606245,0.39675101391327794,0.3174637455336639,0.413130240893235,0.9962933907611713
2018-02-23 16:00:00,0.37141727794173146,0.6802863461566175,0.5274266896916197,0.7161034344441372,1.0
2018-02-23 17:00:00,0.8156951032262787,0.9634795948091162,0.44615949845240294,1.0,0.9831267843385411
2018-02-23 18:00:00,1.0,0.6570995724651757,0.33561444169286053,1.0,0.5486142510311708
2018-02-23 19:00:00,0.21330507954665254,0.730944099561304,0.6515186037533355,1.0,0.4332149821866357
2018-02-23 20:00:00,0.1242538641429691,0.9644294518765554,0.6721514913588322,1.0,0.3083380441057372
2018-02-23 21:00:00,0.28581115140337926,0.15702171002068196,0.7361650882100502,0.4943412584283078,0.0
2018-02-23 22:00:00,0.282639843545011,0.0690737998073433,0.49502626384598625,0.3839459723554866,0.04108794361530183
2018-02-23 23:00:00,0.2372084627947411,0.0,0.29064476425547003,0.867344416925402,0.0
2018-02-24 00:00:00,0.07739399015031465,0.030598881690423164,0.24490024474384486,0.3331843544776354,0.0
2018-02-24 01:00:00,0.0,0.02701055686292284,0.19952599734489226,0.0,0.02840544529888687
2018-02-24 02:00:00,0.00757204505579269,0.0,0.23930746340451772,0.0,0.03706315614621079
2018-02-24 03:00:00,0.0,0.018244804832468542,0.26286393505030553,0.0,0.0
2018-02-24 04:00:00,0.03224759316451126,0.03326957180070603,0.24533463178390957,0.06565420987566863,0.0036275263516820358
2018-02-24 05:00:00,0.029202705451995523,0.11264045734706778,0.2730678375656409,0.31784425745750106,0.01870239066042969
2018-02-24 06:00:00,0.0,0.190837876474337,0.395320321712982,0.8568012531021341,0.04122149996376125
2018-02-24 07:00:00,0.0,0.18252934340617344,0.6952737769490643,1.0,0.0
2018-02-24 08:00:00,0.16005630975154267,0.14638152230086643,0.9795915528081915,1.0,0.0
2018-02-24 09:00:00,0.2695157405786592,1.0,1.0,1.0,0.020048292168645163
2018-02-24 10:00:00,0.613336479378576,0.7329066980012588,1.0,1.0,0.17301384412487542
2018-02-24 11:00:00,0.5462942725837047,1.0,1.0,1.0,1.0
2018-02-24 12:00:00,0.34021315917146056,1.0,1.0,1.0,0.670512562521804
2018-02-24 13:00:00,0.29457909101727486,1.0,1.0,1.0,1.0
2018-02-24 14:00:00,0.5949581219045635,1.0,1.0,1.0,1.0
2018-02-24 15:00:00,0.6142662110290613,1.0,1.0,1.0,1.0
2018-02-24 16:00:00,0.8810531493358689,1.0,1.0,1.0,1.0
2018-02-24 17:00:00,0.23636412577124097,0.6236677969215542,1.0,1.0,1.0
2018-02-24 18:00:00,0.03521521402964595,0.4177473325181275,1.0,1.0,0.42649035385896406
2018-02-24 19:00:00,0.0,1.0,1.0,1.0,1.0
2018-02-24 20:00:00,0.06386985863015306,0.7152806229217176,1.0,1.0,0.03254039964681251
2018-02-24 21:00:00,0.025954912931612797,0.20152093807279842,1.0,1.0,0.004726419757188789
2018-02-24 22:00:00,1.0,0.012853513437595894,1.0,1.0,1.0
2018-02-24 23:00:00,1.0,0.0,1.0,1.0,1.0
2018-02-25 00:00:00,1.0,0.0,1.0,1.0,0.8763474176583456
2018-02-25 01:00:00,1.0,0.0,1.0,1.0,0.4220617485286868
2018-02-25 02:00:00,0.7187497409712653,0.0,1.0,1.0,0.11257772360557995
2018-02-25 03:00:00,0.409928344051998,0.0,1.0,1.0,0.0
2018-02-25 04:00:00,0.3396345832555347,0.0,1.0,1.0,0.0
2018-02-25 05:00:00,0.5793684020917984,0.24154882157535865,1.0,1.0,0.0
2018-02-25 06:00:00,0.32082999006261587,0.2937264690096545,1.0,1.0,0.027860964725909525
2018-02-25 07:00:00,0.10594559587858111,0.23858230910090364,1.0,1.0,0.0
2018-02-25 08:00:00,0.0,0.3198784353195735,1.0,0.43938550642650476,0.0
2018-02-25 09:00:00,0.0,0.03825842529810186,1.0,1.0,0.0
2018-02-25 10:00:00,0.0,0.03053134801280811,1.0,1.0,0.0
2018-02-25 11:00:00,0.0,0.18717161745588518,1.0,1.0,0.07086524711801276
2018-02-25 12:00:00,0.0,0.583029136114149,1.0,1.0,0.7317935356067007
2018-02-25 13:00:00,0.043897383681498675,0.36508642991247414,1.0,1.0,0.5214351101851037
2018-02-25 14:00:00,0.2833810075951046,0.5604528783697728,0.9459987144788965,1.0,0.7311410014162387
2018-02-25 15:00:00,0.5264566937698464,0.33160181452617793,0.7372155115452943,1.0,0.8952767041458379
2018-02-25 16:00:00,0.24990089943006175,0.2682274197563837,0.6725242832256575,0.8431737750552156,0.8346008112910058
2018-02-25 17:00:00,0.16885116276925988,0.19043755322735517,0.5838493317495128,0.838870501098119,0.4649917245686396
2018-02-25 18:00:00,0.0,0.030460503516215966,0.4201160672776385,0.2766069144685815,0.08002732071983322
2018-02-25 19:00:00,0.0,0.0,0.2333189621884438,0.1261977015378143,0.28556519241408324
2018-02-25 20:00:00,0.00629491219660133,0.0393681164840711,0.06220594965848371,0.4630222787439537,0.37884604874078953
2018-02-25 21:00:00,0.09201288221620768,0.0457746066113506,0.0,0.08710004103075236,0.39211529468032236
2018-02-25 22:00:00,0.5049235220014716,0.07800633380499755,0.0,0.2634030600725822,0.07690595572082422
2018-02-25 23:00:00,0.7314563773286288,0.07335010439856364,0.5004989519660445,0.4859853370928098,0.0
2018-02-26 00:00:00,0.5270814576634429,0.17590100881737356,0.4920415729608194,0.6765309064026788,0.0
2018-02-26 01:00:00,0.6361523369358297,0.07031171046992687,0.506315186284672,1.0,0.0
2018-02-26 02:00:00,0.9639747443272453,0.0,0.5165592238105573,0.32322531334089216,0.008747415926296867
2018-02-26 03:00:00,1.0,0.0,0.34671084443651173,0.07343939926348143,0.023346920193692198
2018-02-26 04:00:00,1.0,0.03175819602359055,0.21915755336303414,0.0,0.0936298895574838
2018-02-26 05:00:00,0.9054099745816866,0.0,0.0,0.05454854432284295,0.14609600005175313
2018-02-26 06:00:00,0.7849092206843422,0.0,0.0,0.0,0.08456353830159298
2018-02-26 07:00:00,0.5115210526939908,0.0,0.0,0.0,0.12490042983172142
2018-02-26 08:00:00,0.5887090151176355,0.0,0.0,0.09152516954916852,0.019704981273559706
2018-02-26 09:00:00,0.19686771969317837,0.0,0.0,0.15473577357256743,0.04220872884704234
2018-02-26 10:00:00,0.3498930865236374,0.0,0.06549634413538119,0.16753476224692934,0.0
2018-02-26 11:00:00,0.7211346643076634,0.024176957494762633,0.23357857936474466,0.32984716802683245,0.0
2018-02-26 12:00:00,1.0,0.025817496284460315,0.14709047301642106,0.32932092970740406,0.0
2018-02-26 13:00:00,1.0,0.14536440407451792,0.09544044900116326,0.13668038199927013,0.0
2018-02-26 14:00:00,1.0,0.16862104305066464,0.056661682102825656,0.18216540837404135,0.0
2018-02-26 15:00:00,1.0,0.4167377922163957,0.022390791012643168,0.1285911803591613,0.0
2018-02-26 16:00:00,1.0,0.7719491260375146,0.12192633821751452,0.061184135457901634,1.0
2018-02-26 17:00:00,1.0,0.40105808323619035,0.2761988547997965,0.0,0.31227355348442976
2018-02-26 18:00:00,1.0,0.12401163906442805,0.7030018938649076,0.059460491291775386,0.1613524116015179
2018-02-26 19:00:00,1.0,0.41986235724097576,0.8020656608387187,0.618547077474947,0.9244305996121089
2018-02-26 20:00:00,1.0,0.4043826002589012,0.9937731272688802,0.6197728558918608,1.0
2018-02-26 21:00:00,1.0,1.0,0.43035575648608104,0.38781322346268615,0.3859788837247164
2018-02-26 22:00:00,1.0,1.0,0.09463841840034277,0.6330006157786118,0.11682012225801608
2018-02-26 23:00:00,1.0,1.0,0.0,0.7006034098104013,0.20248942216402635
2018-02-27 00:00:00,1.0,1.0,0.05984201312150136,0.4662270496538061,0.0
2018-02-27 01:00:00,1.0,1.0,0.42419212924247174,0.5419786591832542,0.0
2018-02-27 02:00:00,1.0,1.0,0.39289867601799594,0.8473118999590193,0.0
2018-02-27 03:00:00,1.0,1.0,0.5834822832084194,0.8483387819596604,0.0
2018-02-27 04:00:00,1.0,1.0,0.23664225123586477,0.22003761849811204,0.0
2018-02-27 05:00:00,1.0,1.0,0.19849497866408622,0.04523615258256039,0.021452482056011697
2018-02-27 06:00:00,1.0,1.0,0.15481902652062604,0.0,0.0
2018-02-27 07:00:00,1.0,1.0,0.08430681228773111,0.0,0.0
2018-02-27 08:00:00,0.9519624605961153,0.9919007887125222,0.04734934327082107,0.043382603684859855,0.0
2018-02-27 09:00:00,0.35044003346562325,0.5757699734459196,0.027196898867681778,0.0,0.0
2018-02-27 10:00:00,0.08179550860708248,0.6755511726944591,0.0,0.0,0.0
2018-02-27 11:00:00,0.25876107683427,0.3732498562169937,0.0,0.020244021332776165,0.808418524871018
2018-02-27 12:00:00,0.8350778647015074,0.18238599640358946,0.0,0.0374852531287201,1.0
2018-02-27 13:00:00,0.9807648969245003,0.1808288506758338,0.0,0.0,0.9264438399807616
2018-02-27 14:00:00,1.0,0.7558483793404979,0.0,0.02723291874465849,1.0
2018-02-27 15:00:00,0.9646663182675465,0.42255159561314287,0.0,0.06459601298815218,1.0
2018-02-27 16:00:00,0.9532985669568947,0.2832555510910926,0.0,0.029643586112683768,1.0
2018-02-27 17:00:00,0.5238715109849085,0.06834772440319496,0.0764592762606439,0.0,1.0
2018-02-27 18:00:00,0.41354656811725027,0.033455312614230404,0.08525351788836702,0.0,1.0
2018-02-27 19:00:00,0.2622497118878678,0.06737802172672544,0.20388636662537352,0.61519759964924,0.9868442983414811
2018-02-27 20:00:00,0.07077212960789227,1.0,0.42564238093087275,0.7192735892293113,1.0
2018-02-27 21:00:00,1.0,0.40509608146475073,0.04830873194266477,0.6022826405537894,0.15748380537663215
2018-02-27 22:00:00,1.0,0.19113738846692643,0.030637743701894465,0.39776385328143565,0.0
2018-02-27 23:00:00,0.759928165196278,0.24783269694847967,0.06258110580767808,0.07674384524100143,0.030729380875623748
2018-02-28 00:00:00,0.0,0.15892889980972108,0.0,0.06615929704484548,0.0
2018-02-28 01:00:00,0.0,0.03330461841703956,0.0,0.13123928893171577,0.0
2018-02-28 02:00:00,0.2429238013684121,0.07790291312461295,0.0,0.1573162898738016,0.0
2018-02-28 03:00:00,1.0,0.026826950114557387,0.0,1.0,0.08453949535910987
2018-02-28 04:00:00,1.0,0.05096424827407297,0.0,1.0,0.16656206927761832
2018-02-28 05:00:00,1.0,0.896832814493289,0.19343812437334842,1.0,0.6937233783767973
2018-02-28 06:00:00,1.0,1.0,0.17496560436304215,1.0,0.7263040950675598
2018-02-28 07:00:00,1.0,1.0,0.24041006387118144,1.0,0.10894303403675
2018-02-28 08:00:00,1.0,1.0,1.0,0.9634830485508341,0.09120638504002296
2018-02-28 09:00:00,1.0,0.4000914977403286,0.4998406243184727,0.45337515759768454,0.36275357403042474
2018-02-28 10:00:00,0.6389021908443683,0.39553990529461197,0.3189413038348175,0.6119510903892995,0.09128703504561679
2018-02-28 11:00:00,0.2756073314618746,0.28089699786219446,0.3346157277561084,0.4720572366193207,0.21905164924093554
2018-02-28 12:00:00,0.1913510266425676,0.3062926038225563,0.4056653131953969,0.23803505400309646,0.7111938104390101
2018-02-28 13:00:00,0.22383417641811396,0.26394664814999275,0.63824418397192,0.13062953651858947,0.2833475030978431
2018-02-28 14:00:00,0.2296122562626186,0.44961345937908237,1.0,0.10527540524835187,0.3701118591599285
2018-02-28 15:00:00,0.5766461229630919,0.2602352858865876,0.8947383896512371,0.0931830293732753,0.708844595980989
2018-02-28 16:00:00,1.0,0.3015020237363383,0.7098710443164297,0.10772290334391846,0.2797056809207364
2018-02-28 17:00:00,0.8713929693075846,0.46861391959851184,0.7126999721770892,0.07101137113019063,0.3161250103536337
2018-02-28 18:00:00,1.0,0.631441902035306,0.5500680930105261,0.12294334385877588,0.10345262148262979
2018-02-28 19:00:00,1.0,0.9235170828628155,0.2126798208707411,0.175256853535704,0.1979867661110778
2018-02-28 20:00:00,1.0,0.5514668892683033,0.2739363935624218,0.1620083560190679,0.504468081571062
2018-02-28 21:00:00,1.0,0.796025503828936,0.1141430244551944,0.16230705173377546,0.11276598220132292
2018-02-28 22:00:00,1.0,0.5116756357934682,0.11992341803604335,0.27378781541104247,0.19353088200294838
2018-02-28 23:00:00,1.0,0.39446444582745077,0.21269697211625044,0.22469644094373703,0.03471025425694624
2018-03-01 00:00:00,0.9002006928339561,0.010921655690507957,0.18269700409833406,0.030699276474532893,0.010620515305442722
2018-03-01 01:00:00,0.5982884580550049,0.0,0.0,0.0792031661907816,0.08918182428414036
2018-03-01 02:00:00,0.2071632411205798,0.0,0.0,0.21361525489785513,0.04179962777673592
2018-03-01 03:00:00,0.13661791601599446,0.029291112161891685,0.0,0.2617653831869058,0.0
2018-03-01 04:00:00,0.13022092172837088,0.048931764638779365,0.058570951193935114,0.32184545758697564,0.0
2018-03-01 05:00:00,0.036928972526998186,0.06339087969656956,0.09903443692440742,0.383018006218969,0.0
2018-03-01 06:00:00,0.0,0.1604169405092341,0.12905830127629164,0.3549053483375254,0.0
2018-03-01 07:00:00,0.0,0.2786196375857489,0.24298167175719845,0.4857570447548854,0.0
2018-03-01 08:00:00,0.0,0.3151867929200321,0.28698930059723776,0.21037394729870948,0.0
2018-03-01 09:00:00,0.03293122236260986,0.26732382704377916,0.12173843846879709,0.021866439488574068,0.0
2018-03-01 10:00:00,0.08113649593017491,0.2929846845282271,0.08803921409125,0.011259010676043658,0.0
2018-03-01 11:00:00,0.3362548938700726,0.3823164198877142,0.28554324996289504,0.08194925037708144,0.0
2018-03-01 12:00:00,0.5682746905885997,0.5050623495375933,0.5234926623740185,0.19507333470043675,0.0
2018-03-01 13:00:00,0.8628239630483701,0.668898885542258,0.710290488726029,0.23385640845424707,0.10034469374978074
2018-03-01 14:00:00,1.0,0.9336054948169897,0.8929210720723519,0.2125045102135273,0.8300905518045602
2018-03-01 15:00:00,1.0,0.9883966565866505,0.7418245252352371,0.286586698958659,0.7656421813855759
2018-03-01 16:00:00,1.0,0.8568622161762154,1.0,0.30326273196462744,1.0
2018-03-01 17:00:00,1.0,1.0,0.9366251517643462,0.19949997020159724,1.0
2018-03-01 18:00:00,1.0,1.0,1.0,0.5845576661584369,1.0
2018-03-01 19:00:00,1.0,1.0,1.0,0.5457475742597871,1.0
2018-03-01 20:00:00,1.0,1.0,1.0,1.0,1.0
2018-03-01 21:00:00,1.0,1.0,1.0,1.0,1.0
2018-03-01 22:00:00,1.0,1.0,1.0,1.0,1.0
2018-03-01 23:00:00,1.0,1.0,1.0,0.10031692244195232,0.8185505951336112
2018-03-02 00:00:00,1.0,0.8300726032124909,1.0,0.0,0.0
2018-03-02 01:00:00,1.0,0.8211632156188046,0.6806943224644877,0.19150319854775624,0.0
2018-03-02 02:00:00,1.0,0.8088250160700426,0.7231583553345651,0.0,0.0
2018-03-02 03:00:00,1.0,0.9581682156763258,0.5091829051849399,0.029690373092727932,0.06299161190079974
2018-03-02 04:00:00,1.0,0.8995687988995215,0.08638892564766369,0.02244072394500292,0.001560592234629477
2018-03-02 05:00:00,1.0,0.9223907414217426,0.22239541940639135,0.028808339498862474,0.0
2018-03-02 06:00:00,1.0,1.0,0.4366161750994775,0.18460702971561743,0.0
2018-03-02 07:00:00,1.0,0.5506756415859781,0.0,0.5159250636388858,0.0
2018-03-02 08:00:00,0.8928697103926033,0.059965508700142736,0.0,1.0,0.19001745885906007
2018-03-02 09:00:00,0.6833131826652683,0.03555825347969574,0.0,0.43645427746734594,0.023198040266943963
2018-03-02 10:00:00,0.3923257042823146,0.0,0.0,0.9705725999338003,0.0
2018-03-02 11:00:00,0.45966350880880963,0.04105031714462829,0.0,0.8801148887738451,0.0
2018-03-02 12:00:00,0.9861303070210469,0.09560261479623948,0.07765012258645637,0.939211831963384,0.0
2018-03-02 13:00:00,1.0,0.22301899787970592,0.06531845373462958,0.7546248437978471,0.0
2018-03-02 14:00:00,1.0,0.45412748131949654,0.05211451405043294,1.0,0.0
2018-03-02 15:00:00,1.0,0.43372507109826985,0.0891053839930626,1.0,0.020752566684964696
2018-03-02 16:00:00,1.0,0.769500020724363,0.15535852305986889,1.0,1.0
2018-03-02 17:00:00,1.0,0.3674756364609242,0.3818590092439187,0.20984191943915273,0.770876244916858
2018-03-02 18:00:00,1.0,0.3488970137737075,0.5875935221768933,0.17351884837273526,1.0
2018-03-02 19:00:00,1.0,0.1229251926186552,0.6828106627509839,0.0407501812132997,1.0
2018-03-02 20:00:00,1.0,0.6452132256927725,0.6104861158756908,0.039912524251743096,1.0
2018-03-02 21:00:00,1.0,0.38625052369043306,0.3354170197218429,0.0,1.0
2018-03-02 22:00:00,1.0,1.0,0.8693694893095008,0.05849978228631566,1.0
2018-03-02 23:00:00,1.0,1.0,1.0,0.0,1.0
2018-03-03 00:00:00,1.0,1.0,1.0,0.14687003861303333,1.0
2018-03-03 01:00:00,1.0,1.0,0.8309601626119093,0.0499630938399899,0.6939866648231925
2018-03-03 02:00:00,1.0,1.0,1.0,0.21412246525132475,0.0
2018-03-03 03:00:00,1.0,1.0,1.0,0.0,0.08152183698232436
2018-03-03 04:00:00,1.0,0.5364239255816928,0.9393171940814267,0.1234512910677704,0.055167091720629516
2018-03-03 05:00:00,1.0,0.20502796884201954,0.3287635264321173,0.10330824877060188,0.102087043081191
2018-03-03 06:00:00,1.0,0.15435940690559377,0.10626222148207731,0.2960749129239402,0.12810717324551002
2018-03-03 07:00:00,1.0,0.2152674440193209,0.02012889724521233,0.38757816382371707,0.3700855002704936
2018-03-03 08:00:00,0.9497289146481993,0.038423050152079856,0.04491413564394135,0.10845679138521563,0.11840433044659578
2018-03-03 09:00:00,0.23750174147942288,0.0,0.0,0.1381347927481016,0.08334161603151813
2018-03-03 10:00:00,0.13098940242687634,0.16574955226543836,0.0,0.05072110378982078,0.0
2018-03-03 11:00:00,0.12474490280147225,0.054260775714175265,0.0,0.046195368866242155,0.0
2018-03-03 12:00:00,0.2244069859358736,0.21152330329656402,0.0,0.2476428271703086,0.0
2018-03-03 13:00:00,0.1121464395721392,0.5576781432850317,0.05182067071309791,0.361136675838758,0.035717626083630424
2018-03-03 14:00:00,0.8408634601461141,0.5726821195719877,0.10186539077133033,0.3672036566630169,0.0461828990559419
2018-03-03 15:00:00,0.5088955729848055,0.35696489556909045,0.025760113126422103,0.3067787494886508,1.0
2018-03-03 16:00:00,1.0,0.45720427976739664,0.03694169870003367,0.10514493913186922,0.6785119671492742
2018-03-03 17:00:00,1.0,0.25822708472268674,0.055049040169007184,0.05959658055370483,1.0
2018-03-03 18:00:00,1.0,0.28021574616918193,0.33116505420257136,0.3355171892029898,1.0
2018-03-03 19:00:00,1.0,0.5213015381652188,0.9869706767219485,0.578819356121928,1.0
2018-03-03 20:00:00,1.0,1.0,1.0,0.4100601406474631,1.0
2018-03-03 21:00:00,1.0,1.0,0.5305859551476051,0.4984796346015928,1.0
2018-03-03 22:00:00,1.0,1.0,0.229624129641906,1.0,1.0
2018-03-03 23:00:00,1.0,1.0,0.3687282711553889,0.13975557287858062,0.3795591638453955
2018-03-04 00:00:00,1.0,1.0,0.975141267956221,0.37371893654775656,0.06758225450145862
2018-03-04 01:00:00,1.0,1.0,1.0,0.16176403895495256,0.38952930440628475
2018-03-04 02:00:00,1.0,1.0,1.0,0.22864084971595047,0.03142096628522887
2018-03-04 03:00:00,1.0,1.0,1.0,0.35032401148869957,0.1776201723116877
2018-03-04 04:00:00,1.0,1.0,0.8822559847465582,0.23406483600741043,0.7862435586196747
2018-03-04 05:00:00,1.0,1.0,0.8748193743454137,0.0,0.474927360667942
2018-03-04 06:00:00,1.0,0.9277030423756039,0.7759273455714344,0.0,0.5051398384526586
2018-03-04 07:00:00,1.0,1.0,0.5469250935091368,0.01197269275675914,0.0031233959822483635
2018-03-04 08:00:00,1.0,1.0,0.39010724862314283,0.0,0.0
2018-03-04 09:00:00,0.8305280701228903,1.0,0.0377780728991836,0.36476314293384077,1.0
2018-03-04 10:00:00,0.9104957425330871,1.0,0.0,0.0,1.0
2018-03-04 11:00:00,0.33014775161226256,1.0,0.0,0.04022468840720338,1.0
2018-03-04 12:00:00,1.0,1.0,0.037136786939727814,0.030739460762223038,1.0
2018-03-04 13:00:00,1.0,1.0,0.12327434259151755,0.16332713627365683,1.0
2018-03-04 14:00:00,1.0,1.0,0.10874096497518379,0.14288900948442604,1.0
2018-03-04 15:00:00,1.0,1.0,0.05706986426742522,0.48134792669908316,1.0
2018-03-04 16:00:00,1.0,1.0,0.687525710481534,0.34597805635474665,1.0
2018-03-04 17:00:00,1.0,1.0,0.19239425230089993,1.0,1.0
2018-03-04 18:00:00,1.0,1.0,1.0,1.0,1.0
2018-03-04 19:00:00,1.0,1.0,1.0,1.0,1.0
2018-03-04 20:00:00,1.0,1.0,1.0,1.0,1.0
2018-03-04 21:00:00,1.0,1.0,1.0,1.0,1.0
2018-03-04 22:00:00,1.0,0.957157102790935,1.0,1.0,1.0
2018-03-04 23:00:00,1.0,0.3260074682082212,1.0,1.0,1.0
2018-03-05 00:00:00,1.0,1.0,1.0,1.0,1.0
2018-03-05 01:00:00,0.7669006936265345,1.0,1.0,1.0,1.0
2018-03-05 02:00:00,0.946543448593191,1.0,1.0,1.0,1.0
2018-03-05 03:00:00,0.507612902643337,1.0,1.0,1.0,1.0
2018-03-05 04:00:00,1.0,1.0,1.0,1.0,1.0
2018-03-05 05:00:00,1.0,1.0,1.0,1.0,1.0
2018-03-05 06:00:00,1.0,1.0,1.0,1.0,1.0
2018-03-05 07:00:00,1.0,1.0,1.0,1.0,1.0
2018-03-05 08:00:00,1.0,1.0,1.0,1.0,1.0
2018-03-05 09:00:00,1.0,1.0,1.0,1.0,1.0
2018-03-05 10:00:00,1.0,1.0,1.0,1.0,1.0
2018-03-05 11:00:00,1.0,1.0,1.0,1.0,1.0
2018-03-05 12:00:00,1.0,1.0,1.0,1.0,1.0
2018-03-05 13:00:00,0.8422036158987224,1.0,1.0,1.0,1.0
2018-03-05 14:00:00,0.9764625062079111,1.0,1.0,1.0,1.0
2018-03-05 15:00:00,1.0,1.0,1.0,1.0,1.0
2018-03-05 16:00:00,1.0,1.0,1.0,1.0,1.0
2018-03-05 17:00:00,0.8186707234377611,1.0,1.0,1.0,0.5526203677373984
2018-03-05 18:00:00,0.3712398203124549,1.0,1.0,1.0,0.601097390794199
2018-03-05 19:00:00,0.8907658493929875,1.0,1.0,1.0,0.7728455681309309
2018-03-05 20:00:00,1.0,1.0,1.0,1.0,0.30198391305894484
2018-03-05 21:00:00,0.7697041786702227,1.0,1.0,1.0,1.0
2018-03-05 22:00:00,0.2747300370891373,1.0,1.0,1.0,0.7141374489593018
2018-03-05 23:00:00,0.11643926757541234,1.0,1.0,1.0,0.2530036705666879
2018-03-06 00:00:00,0.5868672506475158,1.0,1.0,0.9023990936880203,0.18675405978353282
2018-03-06 01:00:00,1.0,1.0,1.0,1.0,0.062058053265766605
2018-03-06 02:00:00,1.0,1.0,1.0,1.0,0.0
2018-03-06 03:00:00,1.0,1.0,1.0,1.0,0.0
2018-03-06 04:00:00,1.0,1.0,1.0,1.0,0.0
2018-03-06 05:00:00,1.0,1.0,1.0,1.0,0.0
2018-03-06 06:00:00,1.0,1.0,1.0,1.0,0.0
2018-03-06 07:00:00,1.0,1.0,1.0,1.0,0.0
2018-03-06 08:00:00,1.0,1.0,1.0,1.0,0.0
2018-03-06 09:00:00,0.8667580746335425,1.0,1.0,1.0,0.0
2018-03-06 10:00:00,0.7225985142648533,0.9385859762096689,1.0,1.0,0.0
2018-03-06 11:00:00,0.7952956227695186,1.0,1.0,1.0,0.0
2018-03-06 12:00:00,0.9530921229217875,1.0,1.0,1.0,0.040451173373914344
2018-03-06 13:00:00,0.6708136809866886,1.0,1.0,1.0,0.1792626241432585
2018-03-06 14:00:00,1.0,1.0,1.0,0.9419376037024264,0.0480049289164586
2018-03-06 15:00:00,1.0,1.0,1.0,1.0,0.08000887702278461
2018-03-06 16:00:00,1.0,1.0,1.0,0.8653646304533634,0.07128775895745601
2018-03-06 17:00:00,0.8411496748317898,0.4105650673678941,1.0,0.46061449123279635,0.22964906205782532
2018-03-06 18:00:00,0.7345947088651507,0.18964259595312472,1.0,0.46515598008332837,0.5315174999149731
2018-03-06 19:00:00,0.9296619256916998,0.4712374950341142,1.0,0.566229298276255,0.8007688589946186
2018-03-06 20:00:00,1.0,0.40312996144748575,1.0,0.8743388218837711,0.39181555977791777
2018-03-06 21:00:00,0.5613912064505127,0.02510823681614708,0.49430419955397037,0.2439448029830496,0.39817312853485554
2018-03-06 22:00:00,0.27140441787997754,0.04036027389905248,0.06767086045178519,0.0,0.36543647382294103
2018-03-06 23:00:00,0.12256754561471848,0.0,0.10050474051761682,0.03140490808581488,0.5370861489162526
2018-03-07 00:00:00,0.05281369642767095,0.0,0.2642751680201142,0.11449284828040436,0.4622877091919145
2018-03-07 01:00:00,0.0,0.0,0.2844045176471424,0.16741294492855915,0.02498544294327824
2018-03-07 02:00:00,0.0,0.13852589492872486,0.3889159546364822,0.34557967295141667,0.0
2018-03-07 03:00:00,0.03979619475888152,0.3928280768274969,0.6895846513161117,0.5108156588070182,0.0
2018-03-07 04:00:00,0.18941434358368398,0.35056762303922673,0.315420614987181,0.6751576784815819,0.0
2018-03-07 05:00:00,0.2766776492563739,0.3379997766996756,0.22597878426925597,0.4487667837145555,0.0
2018-03-07 06:00:00,0.5683172427987971,0.45538552472431304,0.08737841676707073,0.925866483966739,0.0
2018-03-07 07:00:00,0.9964835073349618,0.3631909427005404,0.027494369955983512,1.0,0.0
2018-03-07 08:00:00,0.8147218191627086,0.14595309589535563,0.15896829276253743,1.0,0.0
2018-03-07 09:00:00,0.6919193973930684,0.03307484359118884,0.0,0.8342971444732863,0.0
2018-03-07 10:00:00,0.30261007796303707,0.0,0.0,0.29984589480179497,0.0
2018-03-07 11:00:00,0.04184741370901404,0.0,0.0,0.172863549369956,0.0
2018-03-07 12:00:00,0.0,0.02388746365466138,0.028684839332532554,0.12549805005070705,0.05750570849886901
2018-03-07 13:00:00,0.0,0.053576954850433366,0.07395733433090679,0.1625803469912962,0.09685916995726977
2018-03-07 14:00:00,0.10213366172925749,0.20431599492542782,0.20474371230655508,0.12051266217861045,0.20906470450969308
2018-03-07 15:00:00,0.13281354911571294,0.08143489202519735,0.3606943649212649,0.2949568964920951,0.16662161522377733
2018-03-07 16:00:00,0.1243419075604946,0.07096849555251125,0.18944464115041887,0.49020029418121186,0.21353980074565568
2018-03-07 17:00:00,0.1586476834864458,0.12017988896520274,0.2678178804772935,0.24884710517178368,0.17990471879829345
2018-03-07 18:00:00,0.15377637391814142,0.13705010767573944,0.24260548334117357,0.16239216871927853,0.34986819911274963
2018-03-07 19:00:00,0.016927368327244723,0.11196898518617551,0.1832828239376181,0.31793142197678725,0.4199981266235582
2018-03-07 20:00:00,0.114228285605863,0.13920539695059408,0.7352459436572696,0.3437460330981614,0.7834693435923834
2018-03-07 21:00:00,0.21437839028735667,0.09841109403421786,0.7295340410309888,0.469331967374932,0.7286675008494437
2018-03-07 22:00:00,0.5210390482613296,0.09003674536606317,0.2398743786377357,0.4852082496790208,0.0
2018-03-07 23:00:00,0.37812906187429507,0.1684944136343009,0.33013791997170483,0.9597777740910088,0.0
2018-03-08 00:00:00,0.3069830036313007,0.6904878649768531,0.5082105635519635,1.0,0.0
2018-03-08 01:00:00,0.4215067256085619,1.0,0.6848702468861962,1.0,0.0
2018-03-08 02:00:00,0.6233356169609474,0.8778423535911161,0.8239227480912077,0.9428917022274533,0.0
2018-03-08 03:00:00,0.6709217467650905,0.7399579256613055,0.5522304552720068,0.3636983081392432,0.0
2018-03-08 04:00:00,0.7632136331637861,0.5662188490758708,0.5461104696848503,0.3835430126964199,0.0
2018-03-08 05:00:00,0.8073029547540633,0.3159372187250028,1.0,0.34119832260286026,0.0566060792256438
2018-03-08 06:00:00,0.5620059300900035,0.2725254384064297,0.990924576722302,0.2678638806899224,0.0
2018-03-08 07:00:00,0.4898129395097994,0.08351461268071557,0.6047967522732283,0.45608292394279276,0.10503078019143784
2018-03-08 08:00:00,0.36727792032634365,0.022387477241779738,0.3214408611653259,0.3087262043896132,0.039378728293748035
2018-03-08 09:00:00,0.05816117727231699,0.0,0.25252659865247856,0.1994206323359481,0.0
2018-03-08 10:00:00,0.026175038551899697,0.0,0.06910125769550526,0.22821586738647798,0.0
2018-03-08 11:00:00,0.021672184693957035,0.0,0.18247941541292623,0.15735222111756056,0.0
2018-03-08 12:00:00,0.043233664760418435,0.0,0.2358308759113667,0.48729330896842443,0.0
2018-03-08 13:00:00,0.028511507046688297,0.0,0.15195062930155026,0.5680593932592479,0.0
2018-03-08 14:00:00,0.0237657303521155,0.041124400003227,0.17975684835896216,1.0,0.0
2018-03-08 15:00:00,0.0,0.0,0.14574322153800442,0.8925401061448708,0.06505963073694405
2018-03-08 16:00:00,0.0,0.0,0.05992435917706314,1.0,0.11557871136051207
2018-03-08 17:00:00,0.05223246931728242,0.0,0.017206203015500212,0.9653315165380975,0.37040580800550804
2018-03-08 18:00:00,0.04505662527038269,0.10386809836838055,0.06877233046592775,1.0,0.6719868019204396
2018-03-08 19:00:00,0.18195768160039422,0.29256605933891433,0.9867732376076624,0.9650267224608765,0.9314443892545563
2018-03-08 20:00:00,0.5406732875076499,0.15981112880397208,1.0,1.0,0.7257829668286198
2018-03-08 21:00:00,0.500226026490994,0.0,0.718756201574056,1.0,0.2553721106285614
2018-03-08 22:00:00,0.6745320020606826,0.0,0.9079393042155334,1.0,0.0
2018-03-08 23:00:00,0.5152262895129633,0.0,0.47568423767785345,1.0,0.0904653846569632
2018-03-09 00:00:00,0.382052823306587,0.05043331481078087,0.4328870884442531,1.0,0.1614681353511336
2018-03-09 01:00:00,0.3739011664333692,0.3465881329915249,1.0,1.0,0.17062275572736788
2018-03-09 02:00:00,0.2637841919634116,0.0773083688511081,1.0,1.0,0.17438033707682385
2018-03-09 03:00:00,0.3025408135558208,0.23282100005124373,1.0,1.0,0.22758974089952927
2018-03-09 04:00:00,0.34656817744227797,0.12549442560077947,1.0,1.0,0.18056683093742276
2018-03-09 05:00:00,1.0,1.0,1.0,1.0,0.055477023388166916
2018-03-09 06:00:00,1.0,1.0,1.0,1.0,0.13031605140217206
2018-03-09 07:00:00,1.0,1.0,1.0,1.0,0.12604378681506204
2018-03-09 08:00:00,0.7538514861706853,1.0,0.9960886412201673,1.0,0.0
2018-03-09 09:00:00,0.3278319446145559,0.5868519812809859,0.8310889474363978,0.8888795316317665,0.0
2018-03-09 10:00:00,0.31631484951872,0.22529027530639012,0.615560134669408,1.0,0.0
2018-03-09 11:00:00,0.16881737609053843,0.09341659137091828,0.9502830702677074,1.0,0.02908923871119589
2018-03-09 12:00:00,0.0,0.06061037284845804,1.0,1.0,0.0
2018-03-09 13:00:00,0.0,0.0,0.9687715609458951,0.9635971881623793,0.0
2018-03-09 14:00:00,0.0,0.05060030432136705,0.8388321439534745,1.0,0.6906891946950097
2018-03-09 15:00:00,0.0,0.0,0.4125520934803123,1.0,0.4840867188130333
2018-03-09 16:00:00,0.0,0.027781831412751142,0.24373151556901393,1.0,1.0
2018-03-09 17:00:00,0.0,0.0,0.81328152598625,1.0,0.17177480644258383
2018-03-09 18:00:00,0.06062910447606885,0.0,0.2432684005247864,1.0,0.6198639490902338
2018-03-09 19:00:00,0.24838595135538677,0.0,0.0,1.0,1.0
2018-03-09 20:00:00,0.3018803987751544,0.43289238820053194,0.48575146574591116,1.0,1.0
2018-03-09 21:00:00,0.29509711864543137,0.3268435841652566,0.27002767927513893,1.0,0.46971572267533035
2018-03-09 22:00:00,0.165047752499972,1.0,0.33869032431673257,1.0,0.0
2018-03-09 23:00:00,0.16563228969778865,1.0,0.4072742344120832,1.0,0.0206135147482384
2018-03-10 00:00:00,0.5060875526478724,1.0,0.33145102518567104,1.0,0.14369421426578666
2018-03-10 01:00:00,0.38389646628464424,1.0,0.39955865838990423,0.9221055915786526,0.0
2018-03-10 02:00:00,0.19222518029121927,1.0,0.35709843109535755,1.0,0.1240802868430247
2018-03-10 03:00:00,0.4293819624317781,1.0,0.7109443993731135,1.0,0.4579087998506608
2018-03-10 04:00:00,0.9836015796474271,0.31082125142752787,0.9447757228521593,1.0,0.40125709565251555
2018-03-10 05:00:00,0.3680514100545638,1.0,1.0,1.0,0.10177661416550465
2018-03-10 06:00:00,0.38451485904180044,0.6318190901100602,1.0,1.0,0.07837833504773224
2018-03-10 07:00:00,1.0,0.46166113569104406,0.8784469303248792,1.0,0.07264559754250509
2018-03-10 08:00:00,1.0,0.0,1.0,1.0,0.0
2018-03-10 09:00:00,1.0,0.25705816869175985,1.0,1.0,0.0
2018-03-10 10:00:00,0.7954739324300911,0.04810829261947788,1.0,1.0,0.0
2018-03-10 11:00:00,0.26556595103950775,0.5647680642843312,1.0,1.0,0.13463555221003312
2018-03-10 12:00:00,0.2766928669856229,0.37968739803390783,1.0,1.0,0.03377478024451322
2018-03-10 13:00:00,0.14861253779481012,1.0,1.0,1.0,0.2605659540544895
2018-03-10 14:00:00,0.12539885869141654,0.8547009814188287,1.0,1.0,0.2449891837571807
2018-03-10 15:00:00,0.08444363230577194,1.0,1.0,1.0,1.0
2018-03-10 16:00:00,0.5366927494931543,0.6965716949577824,1.0,1.0,1.0
2018-03-10 17:00:00,1.0,0.8193810459646687,1.0,1.0,1.0
2018-03-10 18:00:00,1.0,0.8813788693382409,1.0,1.0,0.831711283702952
2018-03-10 19:00:00,1.0,1.0,1.0,1.0,0.309219190938193
2018-03-10 20:00:00,1.0,1.0,1.0,1.0,0.0
2018-03-10 21:00:00,0.8904867184179636,0.9762385068536097,1.0,1.0,0.20183321684105407
2018-03-10 22:00:00,0.8904867184179636,0.9762385068536097,1.0,1.0,0.20183321684105407
2018-03-10 23:00:00,1.0,0.4138670390869493,1.0,1.0,0.27630509664191777
2018-03-11 00:00:00,1.0,0.734503752242312,1.0,1.0,0.05399414765380948
2018-03-11 01:00:00,1.0,0.8836436042087028,1.0,1.0,0.0
2018-03-11 02:00:00,1.0,0.9884733044547961,0.7511809180211073,1.0,0.0
2018-03-11 03:00:00,1.0,1.0,0.8488755916669427,1.0,0.06509152278165906
2018-03-11 04:00:00,1.0,1.0,0.923978099029681,1.0,0.10497809607461132
2018-03-11 05:00:00,1.0,0.9330998302856218,0.8111181247493335,1.0,0.03326031263676964
2018-03-11 06:00:00,1.0,0.8128346998090201,0.6948220833910069,0.9671917439322759,0.07981710982295412
2018-03-11 07:00:00,1.0,0.7232377137530348,0.6322339146617015,0.7776445335757283,0.002550723725331598
2018-03-11 08:00:00,0.8055204221085587,0.38932162475095855,0.3529231990287144,0.5062920458119885,0.0
2018-03-11 09:00:00,0.6552955442522834,0.5781875966850066,0.29809569210632114,0.3463667430240421,0.0
2018-03-11 10:00:00,0.5816438689160887,0.26799462816532255,0.30069066748855555,0.19734226577804279,0.0
2018-03-11 11:00:00,0.8571379207806643,0.30884853243438903,0.23611189869089064,0.15051866308742348,0.0
2018-03-11 12:00:00,0.9649803410717775,0.40561088852645255,0.11458840239814087,0.0651512029686708,0.0
2018-03-11 13:00:00,0.6198581497386512,0.33951283357951495,0.09110768101367576,0.054602297190501116,0.05602865797130467
2018-03-11 14:00:00,0.3064302984825631,0.19964858564572516,0.06020284825140588,0.04261820477181527,0.05106320134953978
2018-03-11 15:00:00,0.19863371530807344,0.18287162135736246,0.09775641948950965,0.050752717871759535,0.03133179367633638
2018-03-11 16:00:00,0.12661672844467414,0.051736409663777634,0.06086885813140642,0.014754103046751956,0.06378209462538738
2018-03-11 17:00:00,0.12018618581970911,0.02559465233990458,0.021872414182743133,0.0,0.08255273532818183
2018-03-11 18:00:00,0.06636380440303401,0.03246173120283354,0.024550234159400094,0.044283887082017734,0.09432953910041696
2018-03-11 19:00:00,0.17539166543412504,0.02446802308395123,0.03532056297496028,0.06416810203819037,0.2594992126441304
2018-03-11 20:00:00,0.33781811794531585,0.09825042871007138,0.0844057856969129,0.16818788401493126,0.29865131876408046
2018-03-11 21:00:00,0.21935286757279898,0.0,0.03243304735645866,0.29019663073014634,0.2979630064859283
2018-03-11 22:00:00,0.07507368672341821,0.0,0.04805952638914916,0.29423318920915015,0.0
2018-03-11 23:00:00,0.03489538781592326,0.0,0.056696399942734614,0.40318021788361313,0.0
2018-03-12 00:00:00,0.06029965821045672,0.03665482687413847,0.05340894485594193,0.438440152526615,0.0
2018-03-12 01:00:00,0.09146172241968474,0.016989778849043128,0.04340129168751543,0.5351769235070182,0.0
2018-03-12 02:00:00,0.1932855999494844,0.03970835177136352,0.13719786037007853,0.45073870058815163,0.0
2018-03-12 03:00:00,0.4251480053926754,0.07039295719492315,0.21596054538785764,0.573423018188545,0.0
2018-03-12 04:00:00,0.47553297416155327,0.1334406761414619,0.2499481914839545,0.5214485353370067,0.0
2018-03-12 05:00:00,0.4763157088958242,0.04622978053789467,0.005836858800649603,0.3132758857375305,0.0
2018-03-12 06:00:00,0.6059255732634549,0.024467735440789323,0.012976934755207026,0.31049902073434577,0.0074584999570331545
2018-03-12 07:00:00,0.7701771789336432,0.0,0.0,0.43515523939833156,0.018047287171915817
2018-03-12 08:00:00,0.524236209422393,0.0,0.0,0.3437734079577622,0.0
2018-03-12 09:00:00,0.19472814782439968,0.0,0.0,0.1731150613049073,0.0
2018-03-12 10:00:00,0.3313734449450026,0.0,0.048398989282511594,0.28463132735185004,0.0
2018-03-12 11:00:00,0.235073660219544,0.11240097306434578,0.1374471856816211,0.02129411849835365,0.0
2018-03-12 12:00:00,0.29878758286764073,0.16134838545415134,0.25637846154961863,0.0,0.0
2018-03-12 13:00:00,0.21433894085115646,0.15601815762316368,0.24224165558078645,0.0,0.06575891884673346
2018-03-12 14:00:00,0.2469493050396042,0.14621969519271466,0.22186716976555082,0.0069075271048069835,0.069043701011941
2018-03-12 15:00:00,0.2370617765617949,0.046567805126200956,0.20463315305795504,0.031645932829783986,0.15968308842239679
2018-03-12 16:00:00,0.15668719102000092,0.0,0.2632841586180284,0.08247568545181601,0.11282279824960073
2018-03-12 17:00:00,0.4353344787079988,0.049263632780887745,0.2601472873995822,0.0,0.22093876898734774
2018-03-12 18:00:00,0.8126425914294008,0.22504626927973687,0.8245139321510172,0.0,0.3861975490574752
2018-03-12 19:00:00,1.0,0.5066269459974956,1.0,0.0,0.6408761257092016
2018-03-12 20:00:00,1.0,0.47376295899653936,1.0,1.0,0.2891666003148419
2018-03-12 21:00:00,1.0,1.0,0.7854293534730287,1.0,0.8027508902088542
2018-03-12 22:00:00,1.0,0.8755415161601252,0.5497998375594192,1.0,1.0
2018-03-12 23:00:00,1.0,0.9696320229013164,0.42297607152442757,0.969105401949362,1.0
2018-03-13 00:00:00,1.0,0.6389203911970641,0.1591562561450779,0.8457700071659295,0.0
2018-03-13 01:00:00,0.8904091668742818,0.47828351104660516,0.0895448288193489,0.7476935979747759,0.0
2018-03-13 02:00:00,1.0,0.025713715639227492,0.10563336805863184,0.601182494414462,0.04362988589945987
2018-03-13 03:00:00,0.8999880378264973,0.0,0.12223953634988682,0.7401359479340242,0.11525624699780966
2018-03-13 04:00:00,0.12196535489446758,0.0,0.16163898057793008,0.7131261942362065,0.15355331642439607
2018-03-13 05:00:00,0.5995665842104043,0.0,0.053111640347663525,0.08982383943084968,0.14311539545193902
2018-03-13 06:00:00,0.496833239365926,0.0,0.048652567184944095,0.10082310244523804,0.1360774509761436
2018-03-13 07:00:00,0.5140230689419232,0.0,0.041751334199873764,0.0,0.0
2018-03-13 08:00:00,0.22282797596881013,0.0,0.03327856270326189,0.07950310758838669,0.0
2018-03-13 09:00:00,0.0938599317779477,0.02045330680902621,0.05924606345874721,0.020029604216862406,0.0
2018-03-13 10:00:00,0.12509937386530395,0.10834240580362864,0.11969553343784582,0.05375889163404918,0.0
2018-03-13 11:00:00,0.14164394965825772,0.10842072026489322,0.19471022182544037,0.05885272177861884,0.0
2018-03-13 12:00:00,0.19828864661543358,0.16874791343595666,0.22358997761179988,0.0606768418120054,0.062306293356215785
2018-03-13 13:00:00,0.23940068921906035,0.21641532602279903,0.24555696335831104,0.11212926717463961,0.21529280647744303
2018-03-13 14:00:00,0.28869950250856496,0.3359767333311476,0.25163229193459435,0.08030799972726667,0.3504665081199311
2018-03-13 15:00:00,0.22845044936930542,0.20448162477298085,0.1253519601557742,0.057662246516914595,0.3888303445818192
2018-03-13 16:00:00,0.294135908002893,0.32585718349608944,0.2536742412572665,0.029514511376643668,0.46019543438300964
2018-03-13 17:00:00,0.28953693440172024,0.3923066720586297,0.2891871468962859,0.06621706208205803,0.743428468182221
2018-03-13 18:00:00,0.43355602038074387,0.510997516084336,0.679502224592197,0.11778870652417277,0.7743250930252774
2018-03-13 19:00:00,0.8931953463429845,0.9803915245810775,1.0,0.5281862885199504,1.0
2018-03-13 20:00:00,0.9254105636686533,0.9824062987230523,1.0,0.765785581404282,1.0
2018-03-13 21:00:00,1.0,1.0,1.0,0.7265569981316375,1.0
2018-03-13 22:00:00,1.0,0.9424293049194109,1.0,1.0,1.0
2018-03-13 23:00:00,1.0,0.8931954408640298,1.0,1.0,1.0
2018-03-14 00:00:00,1.0,0.5285326746257009,1.0,1.0,0.4987511089607957
2018-03-14 01:00:00,1.0,0.21704038096126804,1.0,1.0,0.0
2018-03-14 02:00:00,1.0,0.09537470345104343,1.0,0.9538971174392707,0.10197519365245125
2018-03-14 03:00:00,1.0,0.08720811005636865,1.0,0.5209104209400336,0.05530773393554792
2018-03-14 04:00:00,1.0,0.0,1.0,0.35899138098796085,0.09571674787753694
2018-03-14 05:00:00,1.0,0.0,1.0,0.19200220416827438,0.11805274106260571
2018-03-14 06:00:00,1.0,0.023233864217658322,1.0,0.21067236616654675,0.0496609546194062
2018-03-14 07:00:00,1.0,0.09228392048576897,0.9454681354886731,0.27043576099038213,0.019187916983766058
2018-03-14 08:00:00,1.0,0.027971754418430615,0.34809358156579007,0.09005210776846631,0.03185722531085672
2018-03-14 09:00:00,0.3121122133116919,0.0,0.014096866524323333,0.06846848729718162,0.0
2018-03-14 10:00:00,0.06596572822198785,0.0,0.0,0.02631994913912598,0.0
2018-03-14 11:00:00,0.0,0.0,0.0,0.050169234986010905,0.0
2018-03-14 12:00:00,0.0,0.0,0.0,0.11126997423891316,0.05857183630954599
2018-03-14 13:00:00,0.0,0.0059995638444577636,0.0,0.022330699084834368,0.0
2018-03-14 14:00:00,0.0,0.030632177745312354,0.0,0.035275605426465365,0.004483503510587791
2018-03-14 15:00:00,0.027205495837300798,0.0,0.0,0.0,0.0
2018-03-14 16:00:00,0.07243646301750095,0.017191122128535425,0.02512784815268812,0.1073732611487704,0.2719481076313256
2018-03-14 17:00:00,0.7389817678325951,0.0,0.03109370023791731,0.07880204926844078,0.6749003431183416
2018-03-14 18:00:00,0.8703071868541704,0.2375878458482889,0.1534153233029164,0.29371395723180316,1.0
2018-03-14 19:00:00,1.0,0.4761049410780891,0.5342291100518199,0.4369814807845267,1.0
2018-03-14 20:00:00,1.0,0.7336066298697536,0.9413054288215014,0.4256140616058186,1.0
2018-03-14 21:00:00,1.0,0.7970245597893,0.8831572250694731,0.46896852001873807,1.0
2018-03-14 22:00:00,1.0,0.12403404742324847,0.531994426886525,0.881653273594174,0.0
2018-03-14 23:00:00,1.0,0.09358326678595555,0.3886907215151153,0.4685227713479614,0.04557963037064239
2018-03-15 00:00:00,1.0,0.0,0.2523828066194666,0.9544895274437741,0.0
2018-03-15 01:00:00,1.0,0.0,0.027666494870150625,1.0,0.0
2018-03-15 02:00:00,1.0,0.0,0.0,1.0,0.0
2018-03-15 03:00:00,1.0,0.0,0.0,1.0,0.0
2018-03-15 04:00:00,1.0,0.060743122947606705,0.005420119230404377,0.7675121243230654,0.0
2018-03-15 05:00:00,0.9771677363857284,0.1849599812460658,0.0,1.0,0.0
2018-03-15 06:00:00,1.0,0.10563670656058692,0.03721712398731279,1.0,0.0
2018-03-15 07:00:00,1.0,0.09862966539657733,0.0,0.06552795426921497,0.0
2018-03-15 08:00:00,0.4795328209879881,0.0275908177298445,0.02397340717538833,0.023074310399419932,0.0
2018-03-15 09:00:00,0.4492822411453787,0.0843191104581629,0.005607313764238256,0.0,0.0
2018-03-15 10:00:00,0.5586295964917578,0.2502885309232767,0.1326374847506282,0.03227316799251609,0.0
2018-03-15 11:00:00,0.8493991218083944,0.0,0.5772375482891142,0.23758095221970552,0.0
2018-03-15 12:00:00,0.7782563098638842,0.0,0.5632602111570465,0.1735678033901472,0.0
2018-03-15 13:00:00,1.0,0.07264523157906384,0.5904386745683619,0.11821797603253958,0.0
2018-03-15 14:00:00,1.0,0.10781152289967501,0.8478287029533612,0.4903172222584602,0.8517002383179227
2018-03-15 15:00:00,0.784176258783789,0.5246207663577698,1.0,0.4428474762263137,1.0
2018-03-15 16:00:00,1.0,0.39247558871905797,1.0,0.9522123776338512,1.0
2018-03-15 17:00:00,1.0,0.5901470964005047,1.0,0.7765560810265378,1.0
2018-03-15 18:00:00,1.0,0.8998843858518548,1.0,0.23537949885930615,1.0
2018-03-15 19:00:00,1.0,0.16032309201137795,1.0,0.13533138131726832,1.0
2018-03-15 20:00:00,1.0,0.63690009512263,1.0,0.12266434641451088,1.0
2018-03-15 21:00:00,1.0,1.0,1.0,0.7036389438718819,1.0
2018-03-15 22:00:00,1.0,1.0,1.0,1.0,1.0
2018-03-15 23:00:00,1.0,1.0,1.0,1.0,1.0
2018-03-16 00:00:00,1.0,1.0,1.0,1.0,0.1408500849209814
2018-03-16 01:00:00,1.0,1.0,1.0,1.0,0.0966361135648619
2018-03-16 02:00:00,1.0,1.0,1.0,1.0,0.23856969193149932
2018-03-16 03:00:00,1.0,1.0,1.0,1.0,0.23511993510213658
2018-03-16 04:00:00,1.0,1.0,1.0,1.0,0.7544649636355155
2018-03-16 05:00:00,1.0,1.0,1.0,1.0,1.0
2018-03-16 06:00:00,1.0,1.0,1.0,1.0,1.0
2018-03-16 07:00:00,1.0,1.0,1.0,1.0,1.0
2018-03-16 08:00:00,1.0,0.9432255502017048,1.0,1.0,1.0
2018-03-16 09:00:00,1.0,0.8173629542815031,1.0,1.0,1.0
2018-03-16 10:00:00,1.0,0.4204046896975947,1.0,1.0,1.0
2018-03-16 11:00:00,1.0,0.28657561835049483,1.0,1.0,1.0
2018-03-16 12:00:00,0.9814061807254907,0.4877367464707192,1.0,1.0,1.0
2018-03-16 13:00:00,0.9159775640997068,1.0,1.0,1.0,1.0
2018-03-16 14:00:00,1.0,1.0,1.0,1.0,1.0
2018-03-16 15:00:00,0.6159256421014023,1.0,1.0,1.0,1.0
2018-03-16 16:00:00,0.4097557592726559,1.0,1.0,1.0,1.0
2018-03-16 17:00:00,0.6213993283818892,1.0,0.9715227812178147,0.7086162479098366,1.0
2018-03-16 18:00:00,1.0,1.0,0.37890107094245423,0.49968853118307227,0.7983569925630499
2018-03-16 19:00:00,0.9440320021712311,0.9718994125654316,0.11575953523976105,1.0,0.44873798842343876
2018-03-16 20:00:00,0.6027634260379371,0.8711383400092939,0.02670490302885213,0.7604949531004365,0.26458476977261763
2018-03-16 21:00:00,0.5439705471996834,0.5229025024547412,0.0,0.5136894948879832,1.0
2018-03-16 22:00:00,0.1859567618098203,0.017594677379809697,0.04833551910286731,0.2608211703832552,1.0
2018-03-16 23:00:00,0.08489861713717055,0.03238692227359066,0.8044324307532549,0.4063763626621062,1.0
2018-03-17 00:00:00,0.28945031459908127,0.045462180118496516,1.0,0.30107257333682186,1.0
2018-03-17 01:00:00,0.4303663612335657,0.0538069578405397,0.40815886195026785,0.06753804163449559,0.271330463653003
2018-03-17 02:00:00,0.5956594885550165,0.14108537465426813,0.39419098953566434,0.0,0.040739895654350086
2018-03-17 03:00:00,0.3231566421744983,0.2643191964807432,0.3003655873511699,0.0,0.0
2018-03-17 04:00:00,0.20791387393476968,0.2220853268736455,0.20539638527664547,0.26173767601946885,0.0
2018-03-17 05:00:00,0.32537955432704224,0.15142643278626725,0.1134154964499481,0.22373034616117987,0.0
2018-03-17 06:00:00,0.32973835869285356,0.21062844959739338,0.039948476177475545,0.3063511969464491,0.0
2018-03-17 07:00:00,0.3971095000367826,0.4735842162931831,0.02653738809594563,0.5771031744657658,0.0
2018-03-17 08:00:00,0.11086363351348473,0.3615453104576401,0.0,0.4567843534256802,0.0
2018-03-17 09:00:00,0.16570694390174048,0.25033451871934037,0.0,0.0724938118079017,0.0
2018-03-17 10:00:00,0.3759604491208335,0.901525141011749,0.0,0.4637591884516766,0.0
2018-03-17 11:00:00,0.5180947385881916,1.0,0.12924572031300263,0.9405679001356508,0.0
2018-03-17 12:00:00,0.5997314851814146,0.9159438188256059,0.3262545880618768,0.6739720643170634,0.06380832547328259
2018-03-17 13:00:00,0.6631965844986459,0.8269077918433968,0.4499715709625622,0.7394049780485036,0.14567559641295627
2018-03-17 14:00:00,0.9751972194602733,0.601838119141473,0.9484383522370439,0.4065203208493834,0.2684189004568264
2018-03-17 15:00:00,1.0,0.449408817898098,1.0,0.466700302633583,1.0
2018-03-17 16:00:00,1.0,0.7234365146144139,0.9066492266689201,0.3478190819269859,1.0
2018-03-17 17:00:00,1.0,1.0,0.9092007412858144,0.34923621292380674,0.9970385234399363
2018-03-17 18:00:00,1.0,1.0,1.0,0.6439217152053206,1.0
2018-03-17 19:00:00,1.0,1.0,1.0,1.0,0.7854261762506555
2018-03-17 20:00:00,1.0,1.0,1.0,1.0,0.947471857445373
2018-03-17 21:00:00,1.0,1.0,1.0,1.0,0.8214971986460723
2018-03-17 22:00:00,1.0,1.0,1.0,1.0,1.0
2018-03-17 23:00:00,1.0,1.0,1.0,1.0,0.019336609891183097
2018-03-18 00:00:00,0.941336641260129,0.5258398538140597,1.0,1.0,0.0
2018-03-18 01:00:00,0.9285090225541857,0.2876608393162966,1.0,1.0,0.0
2018-03-18 02:00:00,0.6855250337284176,0.125057573213473,1.0,1.0,0.0
2018-03-18 03:00:00,0.8425319771698848,0.04811785548721181,1.0,0.9356360554599984,0.0
2018-03-18 04:00:00,0.7594544819816744,0.0,0.8852722556581727,0.47298837887366063,0.0
2018-03-18 05:00:00,0.36183347813030453,0.0,0.722424080269843,0.0,0.040841379723227815
2018-03-18 06:00:00,0.17405851715369539,0.0298711992815052,0.6494578939952734,0.01974055702210243,0.10534444961720597
2018-03-18 07:00:00,0.0,0.0,0.6208145928035782,0.06847702091553602,0.00831501659659845
2018-03-18 08:00:00,0.0,0.0,0.40219671699107373,0.20762291869222257,0.052017557511745846
2018-03-18 09:00:00,0.0,0.0,0.6098084614170789,0.24691000077702424,0.024843584013729714
2018-03-18 10:00:00,0.047715952722880386,0.0,0.6869882925197531,0.07972123914036873,0.0
2018-03-18 11:00:00,0.7762342118886911,0.07206465888756383,0.5607134780756511,0.22031682846354603,1.0
2018-03-18 12:00:00,1.0,0.08468988449937558,0.4170243191995937,0.33970130778717145,1.0
2018-03-18 13:00:00,1.0,0.4017697833798185,0.2906345156094984,0.38259846663419544,1.0
2018-03-18 14:00:00,1.0,0.0,0.18104563904522766,0.3523414673501623,1.0
2018-03-18 15:00:00,1.0,0.7402123276147189,0.22469126912712772,0.41254430267320474,1.0
2018-03-18 16:00:00,1.0,1.0,0.4569044469376692,0.27811629594685383,1.0
2018-03-18 17:00:00,1.0,1.0,1.0,1.0,1.0
2018-03-18 18:00:00,0.4984857243315798,1.0,1.0,1.0,1.0
2018-03-18 19:00:00,0.5040583640086442,1.0,1.0,1.0,0.6547349359883077
2018-03-18 20:00:00,0.9748158064280904,1.0,1.0,1.0,1.0
2018-03-18 21:00:00,1.0,1.0,1.0,1.0,1.0
2018-03-18 22:00:00,1.0,1.0,1.0,1.0,1.0
2018-03-18 23:00:00,1.0,1.0,0.8572195436107174,1.0,1.0
2018-03-19 00:00:00,1.0,1.0,1.0,1.0,1.0
2018-03-19 01:00:00,1.0,1.0,1.0,1.0,1.0
2018-03-19 02:00:00,1.0,1.0,1.0,1.0,0.23630014281424672
2018-03-19 03:00:00,1.0,1.0,1.0,1.0,0.4954371120482216
2018-03-19 04:00:00,1.0,1.0,1.0,1.0,1.0
2018-03-19 05:00:00,1.0,1.0,1.0,1.0,0.5859762118456958
2018-03-19 06:00:00,1.0,1.0,1.0,1.0,0.63912316945274
2018-03-19 07:00:00,1.0,1.0,1.0,1.0,0.13558777612282022
2018-03-19 08:00:00,1.0,1.0,1.0,1.0,0.22655059018843
2018-03-19 09:00:00,1.0,1.0,1.0,1.0,0.65250915024203
2018-03-19 10:00:00,1.0,1.0,1.0,1.0,0.947996781780363
2018-03-19 11:00:00,1.0,1.0,1.0,1.0,1.0
2018-03-19 12:00:00,1.0,1.0,1.0,1.0,1.0
2018-03-19 13:00:00,1.0,1.0,0.7743267552630162,1.0,1.0
2018-03-19 14:00:00,1.0,1.0,0.9023539306284132,1.0,0.7285771321674228
2018-03-19 15:00:00,1.0,1.0,0.8737685160996191,1.0,0.9435038524542715
2018-03-19 16:00:00,1.0,1.0,0.8373870794266083,1.0,0.48112421926537746
2018-03-19 17:00:00,0.8999508050651958,0.8043190505418504,0.7897715473851737,1.0,0.35662408587290795
2018-03-19 18:00:00,0.5886675786972126,0.4058721115656472,0.6518323599226102,0.6635193928879144,0.17322243395652048
2018-03-19 19:00:00,0.9904007571053655,0.38181497669464426,0.47423202538632236,0.485445715969181,0.49046642146328245
2018-03-19 20:00:00,0.8716060081106018,0.3829411434234095,0.3469188591786418,0.2527713451736037,1.0
2018-03-19 21:00:00,0.5269150969966261,0.4595117820403502,0.14686994198584313,0.1353744841391061,0.11557581206780264
2018-03-19 22:00:00,0.4641584271142495,0.5503423660160907,0.02767152142217708,0.00041117366940053064,0.18693764027111054
2018-03-19 23:00:00,0.26722171142498824,0.031676842911558936,0.0,0.0,0.29797738050234085
2018-03-20 00:00:00,0.12270465421666199,0.0,0.023916995200388765,0.06615458277063639,0.2891876898856047
2018-03-20 01:00:00,0.17376660264192417,0.32377992526010546,0.01178453945409577,0.23242569168969765,0.4380428975222491
2018-03-20 02:00:00,0.14417457058770675,0.6240574174857634,0.10633441556254002,0.9141126453794393,0.15568596339617768
2018-03-20 03:00:00,0.04802683663981988,0.8599598630619781,0.14701147489519834,0.9794988136085272,0.150245885516436
2018-03-20 04:00:00,0.11328977647810719,0.7623145131475721,0.3232025007752539,1.0,0.0
2018-03-20 05:00:00,0.1420545469157715,0.8996791825731031,0.2800350351469551,1.0,0.0
2018-03-20 06:00:00,0.2095312969154899,0.9773983887332386,0.15341651185451838,1.0,0.03126193469327626
2018-03-20 07:00:00,0.18623200937691983,0.9646289861834692,1.0,1.0,0.029982093171418134
2018-03-20 08:00:00,0.39135550012881093,0.595844323342943,1.0,1.0,0.06339470491827004
2018-03-20 09:00:00,0.10271989422593883,0.41815908087937853,0.7316964102222194,1.0,0.05236489108852462
2018-03-20 10:00:00,0.09721582706089854,0.15354468375265326,0.3094833957968205,1.0,0.06882732059845717
2018-03-20 11:00:00,0.07496054929606036,0.6823311327417125,0.20195410718249393,1.0,0.0
2018-03-20 12:00:00,0.0835602885932398,0.7901218846118063,0.2504404827298972,1.0,0.15066834701791368
2018-03-20 13:00:00,0.29497828098745654,0.8940217631940832,0.39218374390486543,1.0,0.035214880599749775
2018-03-20 14:00:00,0.28281142319635594,1.0,0.5399059164578457,1.0,0.08586853635300296
2018-03-20 15:00:00,0.18958257797940634,1.0,0.42201558653523624,1.0,0.09612545107520463
2018-03-20 16:00:00,0.35825951816168633,1.0,1.0,1.0,0.059201508586003114
2018-03-20 17:00:00,0.17136706595253176,1.0,0.8764453272136594,1.0,0.03491457877543436
2018-03-20 18:00:00,0.26575062166251806,0.27193427230000755,0.6522339277434472,0.9497891544394919,0.011206822225364363
2018-03-20 19:00:00,0.07752740064965391,0.07965260663280144,0.3497684110420178,0.9789312258879643,0.209864846603845
2018-03-20 20:00:00,0.17183121168218668,0.17731363550639495,0.6170791635157447,0.5594560849249077,0.15230970183344364
2018-03-20 21:00:00,0.25493476926855874,0.5899043581305067,0.2527485168479175,1.0,0.6257932121110006
2018-03-20 22:00:00,0.23506447627482294,0.21824644211021973,0.3132807529978871,0.05366669286097192,0.18511571445927666
2018-03-20 23:00:00,0.1282989199883224,0.1551392986283767,0.45413927965453693,0.0,0.0
2018-03-21 00:00:00,0.10352951967368763,0.16072145856829306,0.5383965029041811,0.36022859456952133,0.0
2018-03-21 01:00:00,0.23360409813610097,0.0,0.608840322558814,0.7956588588969192,0.0
2018-03-21 02:00:00,0.29577808705062825,0.075727315012914,0.9371935679550779,1.0,0.0
2018-03-21 03:00:00,0.639649139290777,0.17787020783430574,0.9224656431931914,0.9637691446562887,0.0
2018-03-21 04:00:00,0.7357116432810129,0.16795907797640938,0.7928753473796284,0.8002688592570391,0.0
2018-03-21 05:00:00,0.44589420405322105,0.061662965294070435,0.758801064791873,0.4922894036660476,0.0
2018-03-21 06:00:00,0.6397387495093969,0.091424228506816,0.715408036974018,0.3732663631872136,0.0
2018-03-21 07:00:00,0.5599342697948335,0.5859284039074399,0.8360076031102844,0.3448723166150741,0.0
2018-03-21 08:00:00,0.2340702871724352,1.0,0.3060409275118233,0.19248374058326015,0.0
2018-03-21 09:00:00,0.4530252377227183,0.9790609901267606,0.20004535534056528,0.08630779449032104,0.0
2018-03-21 10:00:00,0.5447678351236885,0.9035173577992152,0.07944207466835493,0.1212714004569832,0.0
2018-03-21 11:00:00,0.460107580400572,0.5529132116830848,0.10772100683547728,0.06283034322578805,0.0
2018-03-21 12:00:00,0.31514644306985623,0.23822310437747576,0.2184990386530892,0.06774118912258931,0.0639652381125322
2018-03-21 13:00:00,0.22224266465101059,0.05003462102459506,0.5632395829875083,0.08436672776810125,0.046453570119939835
2018-03-21 14:00:00,0.2075200421715756,0.04246304278284182,0.35152591265907795,0.02441965406034497,0.1763035292311378
2018-03-21 15:00:00,0.212842998534761,0.09858996938390753,0.0854200372659543,0.05196419365301843,0.17413384474067425
2018-03-21 16:00:00,0.22992289618774506,0.06595569397776509,0.00349575445687348,0.07216226835073412,0.1042727273724737
2018-03-21 17:00:00,0.3999716088713182,0.10467587810014128,0.0,0.12390915480454844,0.08522766478447738
2018-03-21 18:00:00,0.4840200918736221,0.15299364926883793,0.0,0.05704755885004738,0.1279384482331844
2018-03-21 19:00:00,1.0,0.39542229731252004,0.46561684327721803,0.10071555001146582,0.36365895585609964
2018-03-21 20:00:00,1.0,0.818502047877206,0.6419898841212719,0.18027536495373578,0.09524207558823199
2018-03-21 21:00:00,1.0,0.8868557150618996,0.22522122346851528,0.042845325222097184,0.0
2018-03-21 22:00:00,1.0,0.41795302910730864,1.0,0.03778203235234459,0.0
2018-03-21 23:00:00,1.0,0.19229993041561913,0.6167871235926452,0.08595588602690339,0.2329066029195498
2018-03-22 00:00:00,1.0,0.0,0.37471738513176556,0.012866517423905483,0.16349444666507687
2018-03-22 01:00:00,1.0,0.0,0.6814450567377074,0.05123735713776599,0.06425109916544178
2018-03-22 02:00:00,1.0,0.0022928835526346727,0.5988668560181994,0.026421236174335814,0.006263258885998274
2018-03-22 03:00:00,1.0,0.0958733434542329,0.5717424646605886,0.2565654056793249,0.06627014031960955
2018-03-22 04:00:00,1.0,0.5484701788291693,0.5821122077217705,0.5250893541886441,0.0698169466954646
2018-03-22 05:00:00,1.0,0.48945037004467273,0.94271802406944,0.6492673410379441,0.0
2018-03-22 06:00:00,1.0,0.5564062235946567,0.4659379237632232,0.2845793869786182,0.021693082634941505
2018-03-22 07:00:00,1.0,0.3437863683158581,0.30946295274941393,0.32471988573592125,0.03260549422861893
2018-03-22 08:00:00,0.5347970478598923,0.05630050866491816,0.15743850975958398,0.17764502324365322,0.04433664126153578
2018-03-22 09:00:00,0.28317892627914215,0.0,0.0,0.1388150699225674,0.0
2018-03-22 10:00:00,0.10210092246266322,0.0,0.0,0.0912147544064024,0.0
2018-03-22 11:00:00,0.13167234902766586,0.0,0.0,0.04428029714765302,0.22940402452265107
2018-03-22 12:00:00,0.00968323981592649,0.013328896888546259,0.0442684876475859,0.015971362671530112,0.2505427754811493
2018-03-22 13:00:00,0.0,0.037637425381743604,0.08590935336624844,0.07195297097708703,0.19088656429980969
2018-03-22 14:00:00,0.0,0.2760728830239159,0.1841334378065432,0.21799608954092817,0.4595399146502259
2018-03-22 15:00:00,0.0,0.2880214958416659,0.5496056259807055,0.23698265385091538,0.15946846169423892
2018-03-22 16:00:00,0.00997299870368075,0.2192234139693756,0.47923139527651865,0.19106373439951335,0.09533927276593962
2018-03-22 17:00:00,0.11954175704705267,0.3406010174181264,0.3637744452091468,0.286760292249044,0.6044708022180034
2018-03-22 18:00:00,0.3508734692473504,0.514389277852781,0.32114677805401276,0.3815632168195196,0.04688539950671283
2018-03-22 19:00:00,0.9648470507873351,0.531528840414336,0.8073403161361666,0.44819787805242656,0.1765640163909477
2018-03-22 20:00:00,1.0,1.0,1.0,0.12258337014635595,1.0
2018-03-22 21:00:00,1.0,1.0,1.0,0.5030011254764064,1.0
2018-03-22 22:00:00,1.0,0.35405930262457164,1.0,0.8952548277172182,0.5369982223397726
2018-03-22 23:00:00,0.9163235617442315,0.09255123442251932,1.0,0.384088983667819,0.0338053383511644
2018-03-23 00:00:00,1.0,0.06736168934543385,0.47454273454913165,0.05535376037447107,0.0
2018-03-23 01:00:00,1.0,0.21434114713958213,0.4251465889299707,1.0,0.8788815698413018
2018-03-23 02:00:00,1.0,0.741027904007187,0.1480544471387781,0.43447369943151126,0.2087263584894077
2018-03-23 03:00:00,1.0,1.0,0.08508067723240632,0.11115805746853812,0.0
2018-03-23 04:00:00,1.0,0.9159672589950629,0.16984381093764653,0.08726330762707024,0.0
2018-03-23 05:00:00,1.0,1.0,0.5649102636388064,0.24690848876009946,0.0
2018-03-23 06:00:00,1.0,0.8001176895127764,0.4710758341789915,0.16165448954925962,0.0629485929839927
2018-03-23 07:00:00,1.0,1.0,0.136373327041523,0.04081215638133972,0.06958893263536982
2018-03-23 08:00:00,0.8804981837742129,1.0,0.025234030679029084,0.19023338932993086,0.5871170229463422
2018-03-23 09:00:00,0.7542696268903522,1.0,0.0,0.0,0.11776830023645334
2018-03-23 10:00:00,1.0,1.0,0.0,0.0,1.0
2018-03-23 11:00:00,1.0,1.0,0.004447867486676766,0.10450669720769225,1.0
2018-03-23 12:00:00,1.0,1.0,0.05420858776454001,0.10681523385965162,1.0
2018-03-23 13:00:00,1.0,1.0,0.298379428614582,0.4332582287390542,1.0
2018-03-23 14:00:00,1.0,1.0,0.3146444890515236,0.42145777784797656,1.0
2018-03-23 15:00:00,1.0,1.0,1.0,0.14093983195375692,1.0
2018-03-23 16:00:00,1.0,1.0,1.0,0.08960126665429481,1.0
2018-03-23 17:00:00,1.0,1.0,0.6102463109268957,0.18006610843848217,1.0
2018-03-23 18:00:00,1.0,0.8957202761761027,0.2612807481580509,0.960785193529481,1.0
2018-03-23 19:00:00,1.0,1.0,0.0,1.0,1.0
2018-03-23 20:00:00,1.0,0.1931251691156135,0.3825886495474504,1.0,1.0
2018-03-23 21:00:00,1.0,0.62382845264734,0.33512724679469513,1.0,1.0
2018-03-23 22:00:00,0.8192077328214964,1.0,1.0,1.0,1.0
2018-03-23 23:00:00,0.6407006353991107,1.0,1.0,1.0,0.16695581714525753
2018-03-24 00:00:00,0.7526197818074052,1.0,1.0,0.7657476029693853,0.02534794421710001
2018-03-24 01:00:00,0.6219730127441555,1.0,1.0,1.0,0.0
2018-03-24 02:00:00,1.0,1.0,1.0,1.0,0.04396293243795126
2018-03-24 03:00:00,1.0,0.5932864436007793,1.0,0.5797898581640794,0.06981345548756723
2018-03-24 04:00:00,0.939523870325939,0.3281367353224621,0.9350671389376303,0.29672060623300545,0.03004344479358256
2018-03-24 05:00:00,0.9617825156300125,0.40048454381746723,0.9717308235089445,0.8658295931537313,0.0
2018-03-24 06:00:00,0.939523870325939,0.20252204325229659,0.7895203913632489,0.5985511428338506,0.04158169340524885
2018-03-24 07:00:00,0.5968829185341754,0.06744701543470422,0.3996062480312494,0.16844053972371095,0.0
2018-03-24 08:00:00,0.1949867836302705,0.0,0.141693790047463,0.05938544119924283,0.0
2018-03-24 09:00:00,0.1143708792933628,0.0,0.08898261728634835,0.0,0.05712314733577413
2018-03-24 10:00:00,0.0,0.012955975181279352,0.0,0.0,0.15065662297010984
2018-03-24 11:00:00,0.0,0.12679566555246516,0.0,0.07598163724885486,0.18887369176085092
2018-03-24 12:00:00,0.011922571389873496,0.26167059956319355,0.0,0.24399677720773374,0.27603125927533956
2018-03-24 13:00:00,0.08031697401510879,0.5516407650918421,0.005874892843991309,0.600783547408004,0.7233071509918622
2018-03-24 14:00:00,0.29221156218484234,0.7338523279976319,0.057178579992831755,1.0,0.9630184299814293
2018-03-24 15:00:00,0.4543195715855842,0.7713021580456416,0.276816235715609,0.9200419868733222,1.0
2018-03-24 16:00:00,0.8789723063808679,1.0,0.31110871439174675,1.0,1.0
2018-03-24 17:00:00,1.0,1.0,0.855637607599582,1.0,1.0
2018-03-24 18:00:00,1.0,1.0,1.0,1.0,1.0
2018-03-24 19:00:00,1.0,1.0,1.0,1.0,1.0
2018-03-24 20:00:00,1.0,1.0,1.0,1.0,0.07296452275535592
2018-03-24 21:00:00,1.0,1.0,1.0,1.0,0.9333563754054467
2018-03-24 22:00:00,1.0,1.0,1.0,1.0,1.0
2018-03-24 23:00:00,1.0,1.0,1.0,1.0,1.0
2018-03-25 00:00:00,1.0,0.9630814005318032,0.7554217541219468,1.0,0.8681075537543071
2018-03-25 01:00:00,1.0,0.8478672597120782,0.5560284862250904,1.0,0.4704519195073305
2018-03-25 02:00:00,1.0,0.8098859510651201,0.5107350165689628,1.0,0.0
2018-03-25 03:00:00,1.0,0.530164458061633,0.7693322801878185,1.0,0.23607290464755806
2018-03-25 04:00:00,1.0,0.17219341550439313,0.8586542678918677,0.38958580809260107,0.09744546482068923
2018-03-25 05:00:00,0.5072948753998917,0.021939531599704406,0.4191986845942976,0.11625107370046946,0.0
2018-03-25 06:00:00,0.47695602517632113,0.032170962303381165,0.217182179222561,0.0,0.0
2018-03-25 07:00:00,0.13467446690277976,0.0,0.13628799436348715,0.0456390529201909,0.0
2018-03-25 08:00:00,0.0,0.0,0.09831666388458314,0.029373982112257786,0.03213534537992505
2018-03-25 09:00:00,0.0,0.0,0.14986171979650634,0.0,0.0
2018-03-25 10:00:00,0.0,0.0,0.0804434705768028,0.0,0.05370432889365566
2018-03-25 11:00:00,0.0,0.0,0.12264448983434606,0.0,0.27029572563468357
2018-03-25 12:00:00,0.0038287815054745427,0.08536669789011977,0.15394960326664425,0.0882776880992008,0.09297014243393278
2018-03-25 13:00:00,0.10140342854827782,0.28277092837926343,0.11951084236810766,0.16072179837545386,0.1056514555379365
2018-03-25 14:00:00,0.35632578075518223,0.35527501573613773,0.06911945711859804,0.5582887786989252,0.6293596256733989
2018-03-25 15:00:00,0.8133992615634037,0.8419382330515518,0.12779549260533804,0.9617350093840333,0.01490825567397466
2018-03-25 16:00:00,1.0,1.0,0.22924857189900968,0.7756012215432568,1.0
2018-03-25 17:00:00,1.0,1.0,0.2875278325079615,0.8875809182972935,1.0
2018-03-25 18:00:00,1.0,1.0,0.24354657728009216,0.531484731648231,1.0
2018-03-25 19:00:00,1.0,1.0,0.679435602084046,0.6180215197722092,1.0
2018-03-25 20:00:00,1.0,1.0,0.6249349586425604,0.372091328769404,0.22356048190256153
2018-03-25 21:00:00,1.0,1.0,0.7139575223748876,0.34232853770733906,0.6997306619696637
2018-03-25 22:00:00,0.959586884031054,0.9984181004426641,0.06797387180647813,1.0,1.0
2018-03-25 23:00:00,0.013009273732316388,0.21923094726622958,0.0185481429245148,0.514258925799669,0.5635452020384131
2018-03-26 00:00:00,0.188064409823129,0.0,0.08569673258768933,0.23353807305182772,0.30749959430001156
2018-03-26 01:00:00,0.059104668375727594,0.01891654945784876,0.2267433599738156,0.4016266749315168,0.23283379111823252
2018-03-26 02:00:00,0.03348700615015749,0.02002848681994927,0.14149822879651963,0.0,0.08165940960899805
2018-03-26 03:00:00,0.21387761272156172,0.07013704449355851,0.058389659632499466,0.0,0.08121859454287952
2018-03-26 04:00:00,0.35298401146617303,0.0449834842517206,0.1431711729292095,0.0,0.05943110045126264
2018-03-26 05:00:00,0.23786669147302048,0.0,0.0,0.08517862038836586,0.0
2018-03-26 06:00:00,0.14836953903573477,0.0,0.0,0.07986811815461146,0.0
2018-03-26 07:00:00,0.08676043184236334,0.0,0.0,0.02701857679115479,0.0
2018-03-26 08:00:00,0.13898855647538472,0.0,0.0,0.0,0.0
2018-03-26 09:00:00,0.20390911296011988,0.020215760459326475,0.020118679905069617,0.026926185823578426,0.0
2018-03-26 10:00:00,0.14544357275486625,0.0,0.022580768344339787,0.09982270505571482,0.0
2018-03-26 11:00:00,0.05771369194428125,0.0,0.014078457025036944,0.15931786826869546,0.006771231174274438
2018-03-26 12:00:00,0.02383905348133686,0.0,0.0,0.2030757355901682,0.06069468185293007
2018-03-26 13:00:00,0.0,0.0,0.0,0.27117683830585776,0.12073196465101577
2018-03-26 14:00:00,0.022764919904763627,0.07293411697051594,0.0,0.026620097288507547,0.3798235586302071
2018-03-26 15:00:00,0.0672051376188753,0.21422382646243682,0.08990782753661157,0.35337663825116306,0.9664611306539345
2018-03-26 16:00:00,0.22401128938578677,0.6585991958959349,0.16082758631140784,1.0,1.0
2018-03-26 17:00:00,0.4996273312755326,0.4754256461186208,0.15991826745863666,1.0,1.0
2018-03-26 18:00:00,0.3377723075211387,0.35847211404507273,0.07034956847791402,1.0,0.9587079925898104
2018-03-26 19:00:00,0.7776332819244196,0.24826542934598805,0.1652973266879679,0.5457673074088814,0.6054393084537579
2018-03-26 20:00:00,0.8493299448452302,0.7630791485273476,0.23624831356442488,0.31856953220941403,1.0
2018-03-26 21:00:00,0.487980060748501,0.4652289452479821,0.07586273498225778,0.7324836625208645,1.0
2018-03-26 22:00:00,0.5282082939658236,1.0,0.14526167479253893,0.5701985802385804,1.0
2018-03-26 23:00:00,0.5947399114584434,0.9705630679654388,0.23163792278963288,0.49460769582621894,1.0
2018-03-27 00:00:00,0.6622117253827358,1.0,0.40840659776730837,0.16236065703274905,0.5488856927046384
2018-03-27 01:00:00,0.5560959333875762,1.0,0.40379648876667446,0.1291037050671413,0.5271504296845994
2018-03-27 02:00:00,0.6855578617934379,1.0,0.33103097454943037,0.0,0.1670258588795735
2018-03-27 03:00:00,0.9735878822313218,0.7515006884106339,0.41327255934971224,0.24550126115604734,0.032724212666576234
2018-03-27 04:00:00,0.7743092716667591,0.5455543594297335,0.46874446528659064,0.25342284473024485,0.2669366844261708
2018-03-27 05:00:00,0.43016592577504087,0.17982235850796405,0.36551951665222393,0.21209740942683236,0.3668827757488275
2018-03-27 06:00:00,0.16994624884705611,0.08968086310147695,0.406282343500722,0.277972865583301,0.08495862988693516
2018-03-27 07:00:00,0.1298954637494033,0.09794747018374153,0.30235967739735287,0.2672993648145748,0.0
2018-03-27 08:00:00,0.11142330720755801,0.04609141979776334,0.1922247550475191,0.20550785154487,0.0
2018-03-27 09:00:00,0.03498656840331684,0.004883020486892785,0.09668747850704251,0.11206648655686861,0.0
2018-03-27 10:00:00,0.05447675901248598,0.0,0.0,0.1110037157007805,0.0
2018-03-27 11:00:00,0.13940469535501007,0.0,0.0,0.07605203950146752,0.0
2018-03-27 12:00:00,0.1066206182724324,0.0,0.0,0.18499108378603615,0.0
2018-03-27 13:00:00,0.05153360260734799,0.0,0.0,0.2768101766681137,0.0
2018-03-27 14:00:00,0.02099532541600278,0.0,0.046637748126214205,0.3461011814054582,0.0
2018-03-27 15:00:00,0.0,0.0,0.042188258884754436,0.403282794358208,0.0
2018-03-27 16:00:00,0.0,0.053058081931821675,0.022026920387132918,0.2578836212907551,0.0
2018-03-27 17:00:00,0.017793628205620925,0.23345939253354178,0.032092503821550815,0.29040266937797254,0.399137276576359
2018-03-27 18:00:00,0.18478432576846293,0.401193835528215,0.03510112054597531,0.3604647778797024,0.2478824355610021
2018-03-27 19:00:00,0.40606894712459946,0.6065029626143149,0.5487799097411644,0.37320707979445267,0.5299339404004162
2018-03-27 20:00:00,0.11782918063246742,0.7717566087819395,0.7089071447919659,0.5212145806913728,0.3557955934092344
2018-03-27 21:00:00,0.37184846627067675,1.0,1.0,0.6132430610063525,0.039025414866144505
2018-03-27 22:00:00,0.5444528296352324,1.0,1.0,0.5719759549005088,0.0
2018-03-27 23:00:00,1.0,0.7274035943394556,1.0,0.2674528650779877,0.0
2018-03-28 00:00:00,1.0,0.29370128741654283,1.0,0.22175803299479335,0.07758342525722507
2018-03-28 01:00:00,0.7999272203958714,0.16635272870832143,0.8960283491592612,0.3473054214838603,0.03789428547977692
2018-03-28 02:00:00,0.6891617217855756,0.13849238442431186,0.6396864543682769,0.46558456438012247,0.029540831112559753
2018-03-28 03:00:00,0.568465222136652,0.1257040001622647,0.4578902095312842,0.9038125457726603,0.0
2018-03-28 04:00:00,0.3128748672798362,0.07428714696243074,0.36971938164927226,1.0,0.08991011115829944
2018-03-28 05:00:00,0.8863641898926247,0.6729644136187014,1.0,1.0,0.38682766546241265
2018-03-28 06:00:00,0.0,1.0,1.0,1.0,0.18264688394261733
2018-03-28 07:00:00,0.0,1.0,1.0,1.0,0.6078578743633517
2018-03-28 08:00:00,0.027190843462016327,1.0,1.0,0.56212219320578,0.10302264000376848
2018-03-28 09:00:00,0.1778219147062939,1.0,1.0,0.3273484946138842,0.037083407430314214
2018-03-28 10:00:00,0.38245662811530323,1.0,1.0,0.6668372551302946,0.0
2018-03-28 11:00:00,0.7920504259561187,0.8242842686591305,0.5157873377502725,0.6735381187372065,0.0
2018-03-28 12:00:00,0.37826128170057444,0.5173838615228866,0.245945004917603,0.16984935283591404,0.024524867984218778
2018-03-28 13:00:00,0.28601873541630873,0.35043309263746975,0.3863496942818744,0.05691468313084169,0.0
2018-03-28 14:00:00,0.05206039809588348,0.1888065811334058,0.3588764043179308,0.09639539524519508,0.1035957927115522
2018-03-28 15:00:00,0.09855805500261329,0.13015627690580223,0.31670837627665377,0.08429050740384396,0.37629448834261725
2018-03-28 16:00:00,0.3982578923054064,0.2901676240506158,0.35731345936433595,0.09102334732349841,0.20688565402574122
2018-03-28 17:00:00,0.8143067931094795,1.0,0.07188058975621316,0.05285624902639256,0.3219998452465214
2018-03-28 18:00:00,1.0,1.0,0.021961646231936034,0.09315480352506555,0.0
2018-03-28 19:00:00,1.0,0.4393085029636659,0.0,0.0,0.7777264899853089
2018-03-28 20:00:00,1.0,0.23433483759459234,0.0,0.0,0.14778335489682323
2018-03-28 21:00:00,1.0,0.5923967488219479,0.0,0.0622966205269045,0.3162804890225754
2018-03-28 22:00:00,1.0,0.736483550431886,0.0,0.02517768364040656,0.4440524036821498
2018-03-28 23:00:00,0.5737201213985654,0.2908145691213131,0.0,0.06469864828065071,0.13596315943093457
2018-03-29 00:00:00,0.4395848433921592,0.09734749339170252,0.0,0.0,0.0
2018-03-29 01:00:00,0.5880355017373479,0.08458782031277698,0.0,0.05137440611476457,0.0
2018-03-29 02:00:00,0.2898456145439756,0.05865319455776512,0.005622528476499345,0.03280284963518702,0.0
2018-03-29 03:00:00,0.09963969202940882,0.09738050491096374,0.0,0.014604073711289554,0.01700026556831794
2018-03-29 04:00:00,0.09771159662452575,0.019703087693992264,0.0,0.09028269730187409,0.0
2018-03-29 05:00:00,0.10399285305667991,0.06271427245602157,0.028738826550855436,0.4225514545556316,0.0
2018-03-29 06:00:00,0.12510671547947225,0.03416630577375984,0.10319035308837719,0.28585314237457443,0.0
2018-03-29 07:00:00,0.08068340068195315,0.06982550724980095,0.022068187147816956,0.4293197068156234,0.015014645071329975
2018-03-29 08:00:00,0.029815254410279823,0.29097865065739675,0.06397437020506869,0.12454239338922882,0.0
2018-03-29 09:00:00,0.016244532071389435,0.07828817815423808,0.040921563743368645,0.10253228482343146,0.009669292485865942
2018-03-29 10:00:00,0.06955601774106121,0.05881489584990353,0.0,0.24195220485360383,0.0
2018-03-29 11:00:00,0.13647085653442195,0.1289782262448338,0.0,0.23771109201044555,0.0
2018-03-29 12:00:00,0.20839914507166987,0.2443097778725302,0.46339540985731703,0.22141939394518698,0.042013664303361245
2018-03-29 13:00:00,0.14705514750520182,0.2666284407313453,0.4077410202942278,0.25397783848220373,0.0
2018-03-29 14:00:00,0.10450575720071659,0.32741210573131396,1.0,0.47635819294043996,0.0
2018-03-29 15:00:00,0.10262782072964369,0.490533733825886,1.0,0.569095302531778,0.0
2018-03-29 16:00:00,0.2357013404570624,1.0,0.19156642323569903,0.7624168972960178,0.03529447952976581
2018-03-29 17:00:00,0.1399779318000795,1.0,0.05195473253210502,0.47572976276642326,0.3152523528671427
2018-03-29 18:00:00,1.0,0.6368391056457126,0.006163123890209211,0.32275004261517126,1.0
2018-03-29 19:00:00,1.0,0.6021230929204513,0.0,0.0922474926332386,1.0
2018-03-29 20:00:00,1.0,0.3499379179944649,0.0,0.096299646273291,0.27693546608525593
2018-03-29 21:00:00,0.5157338475118062,0.3406095077257322,0.0,0.07453098930969061,0.027255495059884387
2018-03-29 22:00:00,0.2201625647195073,0.2810737754215928,0.0,0.0,0.01949654728771206
2018-03-29 23:00:00,0.066826435282889,0.09178084252511311,0.054930353272837386,0.15461542314568882,0.2831470410160958
2018-03-30 00:00:00,0.0,0.03260116123513541,0.2557965254740964,0.2127681611012147,0.15486685501452022
2018-03-30 01:00:00,0.04912436664898329,0.5104550016420284,0.36472298345134335,0.27810101638534496,0.16774843774082768
2018-03-30 02:00:00,0.1427651307743613,0.6026948659104409,0.8120104027205107,0.5492557614531558,0.1945317315197345
2018-03-30 03:00:00,0.042606002213729954,0.9074963850987806,0.4672195225021957,1.0,0.14731845968468155
2018-03-30 04:00:00,0.16450288817853273,0.995648642581077,0.20047396594331252,0.8728816255586223,0.14382401373248224
2018-03-30 05:00:00,0.36195510904020906,0.9919897622133781,0.31823167215523246,0.4142583286227071,0.015492872986875341
2018-03-30 06:00:00,0.5850541908002816,0.9447400242065599,0.4445177229064581,0.3365926577526987,0.0
2018-03-30 07:00:00,0.7472834729672495,0.5466674481763012,0.9944156504409889,0.3672598428306819,0.0
2018-03-30 08:00:00,0.7616530888124944,0.22477181869967883,0.47577015867035427,0.28457161896487815,0.0
2018-03-30 09:00:00,1.0,0.4426501768298334,0.48548534269330623,0.14254118623874024,0.0
2018-03-30 10:00:00,1.0,0.3995625589334098,0.37278244542258865,0.14288924346740306,0.0
2018-03-30 11:00:00,1.0,0.18831837917399782,0.4744723622269548,0.8944928795614896,0.0
2018-03-30 12:00:00,1.0,0.17803758152662424,0.9418692748301218,1.0,0.0
2018-03-30 13:00:00,1.0,0.16252503396943266,0.5158388165157894,0.7617714736424426,0.0
2018-03-30 14:00:00,1.0,0.1203000780653684,0.41161850310372666,1.0,0.11201269582623535
2018-03-30 15:00:00,1.0,0.10552376549111842,0.35099118187735834,1.0,0.023424505627544324
2018-03-30 16:00:00,1.0,0.0,0.3263871940368422,1.0,0.0
2018-03-30 17:00:00,1.0,0.0,0.6901190637264275,1.0,0.22000111470917802
2018-03-30 18:00:00,1.0,0.0,1.0,1.0,1.0
2018-03-30 19:00:00,1.0,0.30656727223369473,0.201965388996851,1.0,1.0
2018-03-30 20:00:00,1.0,1.0,0.10640228808951258,1.0,1.0
2018-03-30 21:00:00,1.0,0.22889253579446145,0.1559609812007127,1.0,0.8318757724263471
2018-03-30 22:00:00,1.0,0.31197938953708715,0.5965039949048637,1.0,0.9487429960736656
2018-03-30 23:00:00,1.0,0.24199391082279892,1.0,1.0,1.0
2018-03-31 00:00:00,1.0,0.34242658426095035,1.0,1.0,0.22921482790902625
2018-03-31 01:00:00,0.975490572742136,1.0,1.0,1.0,0.9663870676386915
2018-03-31 02:00:00,0.7871248537594013,1.0,1.0,1.0,0.04417538768043863
2018-03-31 03:00:00,0.2706783463096332,1.0,1.0,1.0,0.03792390878422051
2018-03-31 04:00:00,0.7481835187925772,1.0,1.0,1.0,0.31506061158376086
2018-03-31 05:00:00,1.0,1.0,1.0,1.0,0.19539777393615335
2018-03-31 06:00:00,1.0,0.11220183727676415,1.0,1.0,0.3480507949498686
2018-03-31 07:00:00,1.0,0.29952153527960096,1.0,0.4624156424590762,0.5888353068057767
2018-03-31 08:00:00,0.6020330765036405,0.11191454906877478,1.0,0.11003643157532997,0.15195333371354242
2018-03-31 09:00:00,0.3295000037580973,0.0,0.25785395575000714,0.009260451141401557,0.23225523327931705
2018-03-31 10:00:00,0.3228035291888318,0.0,0.24030980134548555,0.0,0.19940042155068932
2018-03-31 11:00:00,0.21857854497850387,0.0208353225389021,0.17488417713807977,0.06590805041127237,0.18418076200299788
2018-03-31 12:00:00,0.14000685732383286,0.06264101606766159,0.11880240659337066,0.3049936402658888,0.21972929528132212
2018-03-31 13:00:00,0.08334806293668169,0.08600082913885153,0.09977532835597716,0.34080932930963326,0.22364477235755825
2018-03-31 14:00:00,0.11252106083279728,0.1958768168146872,0.2681180931004445,0.4037662608327523,0.32930852639787356
2018-03-31 15:00:00,0.2120262229032033,0.19507547378154452,0.17207802072440714,0.5517345355316192,0.6091949042122359
2018-03-31 16:00:00,0.376712842547464,0.4825413410020792,0.12509000569750106,0.595137395840152,0.797351370549404
2018-03-31 17:00:00,0.6481324840974891,0.7236391558980667,0.13993627136752615,0.2970400281959085,0.9465719602876794
2018-03-31 18:00:00,1.0,0.9290479744534874,0.23439147466889698,0.5081990033138863,1.0
2018-03-31 19:00:00,1.0,1.0,0.21550162449246046,0.11394382851048135,1.0
2018-03-31 20:00:00,1.0,1.0,0.2818073333162218,0.12847281135172708,1.0
2018-03-31 21:00:00,1.0,0.7331583198235682,0.117795615713106,0.20923210763222808,1.0
2018-03-31 22:00:00,0.6998909100805873,0.286067824822789,0.07228340692806758,0.5562043585819316,0.8785419219893928
2018-03-31 23:00:00,0.2773800408775972,0.11856312034321892,0.1061498484991514,0.8881258275392104,0.6798331869954
2018-04-01 00:00:00,0.2652471261722991,0.17212810108430882,0.09456435135966058,0.6776864318427164,0.29462496754658213
2018-04-01 01:00:00,0.15929633990938843,0.12586652015318334,0.07198606531148073,0.8675003906248464,0.22679649023244353
2018-04-01 02:00:00,0.16481313611174173,0.07627109557266681,0.24428089508062278,0.7582049327127682,0.20506328287760645
2018-04-01 03:00:00,0.14122795226678114,0.21292463018124272,0.47372231242600477,0.33639575833269175,0.050817127917396
2018-04-01 04:00:00,0.1944956267607888,0.2807403350888584,0.17901893707857472,0.4309671265266278,0.1269942355264502
2018-04-01 05:00:00,0.22353655062234998,0.15173654826843624,0.13463665571389105,0.8734547632889131,0.11512338935944005
2018-04-01 06:00:00,0.13580832836335716,0.3014495272384946,0.33664305470381184,0.337855891551242,0.04522967176295968
2018-04-01 07:00:00,0.16041304156227798,0.030961786221233977,0.4211886285995644,0.3175972887747806,0.021285765122232077
2018-04-01 08:00:00,0.2042340175722824,0.04520676302309606,0.38457134076564564,0.1499469358830491,0.01269616780501167
2018-04-01 09:00:00,0.04745520189268891,0.07323446850123598,0.2475371906062181,0.08070348611188384,0.0
2018-04-01 10:00:00,0.0372809464508034,0.028326030329454757,0.2134681582160268,0.0,0.029950408305061293
2018-04-01 11:00:00,0.06598051571673492,0.12199220102327467,0.2310870373521813,0.030788192106883345,0.027657891006996768
2018-04-01 12:00:00,0.0,0.04398142673790369,0.13818414770816792,0.0,0.07387687734843473
2018-04-01 13:00:00,0.0,0.08765445219128412,0.1427063980222437,0.05001360038609611,0.0678442385442728
2018-04-01 14:00:00,0.0,0.10162389393772663,0.2080936344485148,0.035406295753293286,0.11370801921753172
2018-04-01 15:00:00,0.03011299079898894,0.14416894621723048,0.2469033527944184,0.039393426594287254,0.15740355662704777
2018-04-01 16:00:00,0.14160754601511188,0.2020408488896847,0.36991528518907957,0.05263269849201265,0.260658286629394
2018-04-01 17:00:00,0.4059103561652273,0.3889214683637192,0.9338324676023446,0.498886343134451,0.29296759433953595
2018-04-01 18:00:00,0.3407003931182556,0.35139437265367013,1.0,0.342722087024764,0.3168895651600405
2018-04-01 19:00:00,0.7832463071054677,0.5269656564094005,1.0,0.38922625773966046,0.37534294410425356
2018-04-01 20:00:00,1.0,1.0,1.0,1.0,0.7395870154955828
2018-04-01 21:00:00,1.0,0.805858960499126,1.0,0.9586739384495293,0.18690379182914482
2018-04-01 22:00:00,1.0,0.4755410075430063,1.0,1.0,0.0
2018-04-01 23:00:00,1.0,0.339647626951555,1.0,1.0,0.0
2018-04-02 00:00:00,1.0,0.06423498958574063,1.0,0.5082282132973511,0.0
2018-04-02 01:00:00,1.0,0.00507044004211654,1.0,0.21958698622956452,0.0
2018-04-02 02:00:00,1.0,0.08650206988224886,1.0,0.19608374984248994,0.0
2018-04-02 03:00:00,1.0,0.38362045608786577,1.0,0.19943134241430455,0.0
2018-04-02 04:00:00,1.0,1.0,0.5667301198113667,0.30798962942889346,0.0
2018-04-02 05:00:00,0.8552746549206749,1.0,0.3009342227821673,0.21969359918527676,0.047696374822791654
2018-04-02 06:00:00,1.0,1.0,0.1036429341715838,0.3033458213365643,0.04148183204745698
2018-04-02 07:00:00,1.0,1.0,0.07094354858332542,0.6980985340736813,0.14866483710931394
2018-04-02 08:00:00,0.5886934638242012,1.0,0.0,0.7885105501455753,0.0
2018-04-02 09:00:00,0.02066538561722634,0.5320755786418725,0.0,0.4435325827669458,0.011522191603502544
2018-04-02 10:00:00,0.0,0.39196127426918714,0.005756356857938007,0.11834098127012407,0.0
2018-04-02 11:00:00,0.030855980044435984,0.08986495202951512,0.0,0.12769497177442424,0.0
2018-04-02 12:00:00,0.0702121440950682,0.18667174983301835,0.040142049893230024,1.0,0.0
2018-04-02 13:00:00,0.05366028782884037,0.38578624315737775,0.238662302933315,1.0,0.0
2018-04-02 14:00:00,0.15218658084001133,0.2984628926401369,0.22782756491918357,1.0,0.027907713227084553
2018-04-02 15:00:00,0.1961780795032236,0.4637518255901047,0.1491548331006022,0.19681736508848569,1.0
2018-04-02 16:00:00,0.10408184609297806,1.0,0.09103676049708008,0.4786045771683654,1.0
2018-04-02 17:00:00,0.09789763531668662,1.0,0.45702764121716366,1.0,1.0
2018-04-02 18:00:00,0.6447238929289151,0.8223536964694382,0.9815980848754332,0.10276851227014401,1.0
2018-04-02 19:00:00,1.0,0.7817806097289279,0.6794993642329225,0.307635396103832,1.0
2018-04-02 20:00:00,1.0,1.0,1.0,0.2957417540506273,1.0
2018-04-02 21:00:00,1.0,0.559596025295431,1.0,1.0,1.0
2018-04-02 22:00:00,1.0,0.5577826184605456,1.0,1.0,1.0
2018-04-02 23:00:00,1.0,1.0,1.0,1.0,1.0
2018-04-03 00:00:00,1.0,1.0,1.0,1.0,1.0
2018-04-03 01:00:00,1.0,1.0,1.0,1.0,0.7026569100423715
2018-04-03 02:00:00,1.0,1.0,0.7978819883865044,1.0,1.0
2018-04-03 03:00:00,1.0,1.0,1.0,1.0,0.6412825588171087
2018-04-03 04:00:00,1.0,1.0,1.0,1.0,0.06303922357484282
2018-04-03 05:00:00,1.0,1.0,1.0,1.0,0.06289230711746366
2018-04-03 06:00:00,1.0,1.0,1.0,1.0,0.16092755439213124
2018-04-03 07:00:00,1.0,1.0,1.0,1.0,0.24567751732089574
2018-04-03 08:00:00,1.0,1.0,1.0,1.0,0.36157082435681814
2018-04-03 09:00:00,1.0,1.0,1.0,1.0,0.15599783352642022
2018-04-03 10:00:00,1.0,1.0,1.0,0.8580022073685326,0.11028335526894943
2018-04-03 11:00:00,1.0,1.0,1.0,1.0,0.03269547624712658
2018-04-03 12:00:00,1.0,1.0,1.0,1.0,0.0
2018-04-03 13:00:00,1.0,0.79378251167144,1.0,1.0,0.0
2018-04-03 14:00:00,1.0,0.49071501566781717,1.0,1.0,0.0
2018-04-03 15:00:00,0.3619986465061393,0.21905495382872117,0.6958343327241233,1.0,0.05918842256041565
2018-04-03 16:00:00,0.2646800332053984,0.14975023890243172,0.6811494576724975,1.0,0.25099215223877114
2018-04-03 17:00:00,0.25495069243735574,0.03999528245852711,0.9084054827563717,1.0,0.18406218917556028
2018-04-03 18:00:00,0.07054930214217488,0.0,0.5055731523842909,0.9928769680290399,0.20304663048734742
2018-04-03 19:00:00,0.34322454956081205,0.034117035636258626,0.14056717402393162,0.37448324956185114,0.4195748549032869
2018-04-03 20:00:00,0.3390744710801652,0.0,1.0,0.22214819820015144,0.8282561714942773
2018-04-03 21:00:00,0.8186556335009522,0.0,0.9793238931296984,0.16684397503517015,1.0
2018-04-03 22:00:00,0.7439809700508471,0.14677053174906549,0.5803649037434176,0.307602010796703,1.0
2018-04-03 23:00:00,1.0,0.07763863626748992,0.7061459609516557,0.7255059443839451,1.0
2018-04-04 00:00:00,1.0,0.020310512957087933,1.0,0.6267270219092574,0.26671865273286827
2018-04-04 01:00:00,1.0,0.03029372670257696,0.976912398550555,0.38895255122275696,0.0
2018-04-04 02:00:00,1.0,0.047072759313853796,0.7535069954997377,0.12218816077239596,0.0
2018-04-04 03:00:00,1.0,0.045226200208167845,0.4890915743687398,0.1550368765000059,0.0
2018-04-04 04:00:00,1.0,0.0,0.4151963326415181,0.06412595696494729,0.0
2018-04-04 05:00:00,1.0,0.008082386499643386,0.5872018266966502,0.42729652328627193,0.041466657635588336
2018-04-04 06:00:00,1.0,0.015156261072214534,0.3138605242755446,1.0,0.11470318597147555
2018-04-04 07:00:00,1.0,0.021239883522872694,0.3525968169685122,1.0,0.06580642357796933
2018-04-04 08:00:00,1.0,0.0664644650956914,0.06948587412992181,1.0,0.023068828899970698
2018-04-04 09:00:00,1.0,0.0,0.02140681937695763,1.0,0.038488205234466215
2018-04-04 10:00:00,1.0,0.0,0.0,1.0,0.0
2018-04-04 11:00:00,1.0,0.0,0.02634779366835189,1.0,0.0
2018-04-04 12:00:00,1.0,0.0,0.7718784866477872,1.0,0.018342180409276543
2018-04-04 13:00:00,1.0,0.0,0.9591525977663918,1.0,0.0
2018-04-04 14:00:00,1.0,0.0,0.9390569761304587,1.0,0.0
2018-04-04 15:00:00,0.40357443246283553,0.04714721976861404,1.0,1.0,1.0
2018-04-04 16:00:00,1.0,0.39173999176691054,1.0,1.0,1.0
2018-04-04 17:00:00,0.607490836358884,0.17055166518207868,0.28558125992945177,1.0,1.0
2018-04-04 18:00:00,0.17636400629717938,0.9003779391874168,0.32575955863881156,1.0,0.9222389769363165
2018-04-04 19:00:00,0.25859412527749903,0.31550583413839484,0.03965200957029672,1.0,1.0
2018-04-04 20:00:00,0.4683422089815843,0.4676885488291106,0.0,1.0,1.0
2018-04-04 21:00:00,0.6477569531569322,0.038524398440818154,0.06555292032912352,1.0,0.2479908497831363
2018-04-04 22:00:00,0.0959761027541977,0.0,0.0035006113219274463,1.0,0.9189764154333974
2018-04-04 23:00:00,0.0,0.0,1.0,0.21955850371194152,0.0
2018-04-05 00:00:00,0.2905906028892958,0.0,1.0,0.04807191986228603,0.0
2018-04-05 01:00:00,0.5603404052375284,0.0,0.49212714624701703,0.06358703872047325,0.01935840968155092
2018-04-05 02:00:00,0.5743052096855733,0.06454597931802672,0.0444312280774627,0.037158023483137334,0.0
2018-04-05 03:00:00,0.43794422808912004,0.08970690799249895,0.0,0.6617666582789764,0.01802129127614103
2018-04-05 04:00:00,0.8917328265550459,0.0017584766593994345,0.015204803415213557,1.0,0.048969587741339714
2018-04-05 05:00:00,1.0,0.005591872137755331,0.0,1.0,0.07150549374417975
2018-04-05 06:00:00,1.0,0.0,0.02115064585294929,1.0,0.0
2018-04-05 07:00:00,0.45750207137824783,0.0,0.08910244526502269,0.9997423211962045,0.0
2018-04-05 08:00:00,0.32511924020210503,0.0,0.03835795951187034,0.7061926808554871,0.0
2018-04-05 09:00:00,0.1632601178658709,0.0,0.0036259158724062292,1.0,0.0
2018-04-05 10:00:00,0.09821100481870156,0.0,0.0,1.0,0.0
2018-04-05 11:00:00,0.038615209547988624,0.021975310677001043,0.1764690634313083,0.9131371823977424,0.043881155665161126
2018-04-05 12:00:00,0.0,0.02404671723585949,0.08239927372676623,1.0,0.03895056133149533
2018-04-05 13:00:00,0.0,0.07135619819556943,0.17458665416429228,1.0,0.02745106448536982
2018-04-05 14:00:00,0.008598760448893206,0.08343022413210945,0.6073417276513812,1.0,0.11573308006927338
2018-04-05 15:00:00,0.02962936029371057,0.0,0.5385132340856271,0.3171842670686495,0.30279162345109156
2018-04-05 16:00:00,0.0,0.0,0.8977422221809163,0.42933748381451126,0.010190689742127234
2018-04-05 17:00:00,0.15376878309413633,0.0,0.5184891203461557,0.32601932372100784,0.09993641043924663
2018-04-05 18:00:00,0.6488584412053388,0.0,0.30739390641556097,0.2146645314639351,1.0
2018-04-05 19:00:00,1.0,0.11157877477112606,0.41833223928540203,0.2948888062122114,0.0
2018-04-05 20:00:00,1.0,1.0,0.9737668094452205,0.33179184357562297,0.20713971911669576
2018-04-05 21:00:00,1.0,0.9222467524402127,1.0,0.49447870398888427,0.04006879831697959
2018-04-05 22:00:00,1.0,1.0,0.6096514902249096,1.0,0.8321253373304978
2018-04-05 23:00:00,0.9318866510926621,1.0,0.9139234812657963,1.0,0.9063273998619634
2018-04-06 00:00:00,0.3946541085760887,0.2352666927589644,0.7498953148556015,1.0,0.8347705960226542
2018-04-06 01:00:00,0.461641414944074,0.397231831779216,0.13913428508011133,1.0,0.18013093481154616
2018-04-06 02:00:00,1.0,0.6107607768030746,0.0,1.0,0.09081824021628578
2018-04-06 03:00:00,1.0,0.22284045567983435,0.9953481414599353,1.0,0.0788461503819652
2018-04-06 04:00:00,0.9504904557491876,0.10108866484279092,0.403494960683119,1.0,0.20426317525430016
2018-04-06 05:00:00,1.0,0.22937738658628057,0.6215899222484749,0.6888437177941005,0.18824422931219306
2018-04-06 06:00:00,0.7810644723258308,0.12000020575259002,0.905817222820193,1.0,0.2698344685873658
2018-04-06 07:00:00,0.42257332630868344,0.12101834984480563,0.7785364980377881,1.0,0.11578045666171473
2018-04-06 08:00:00,0.0558071399914168,0.08910525870312634,0.5848114669823331,0.6895954944880244,0.052028810162528465
2018-04-06 09:00:00,0.23006838568804353,0.08692701451509398,0.5843414821888906,0.9604008501609447,0.0006892348395662869
2018-04-06 10:00:00,0.3621292080314194,0.3373863819478749,1.0,1.0,0.22316576169441169
2018-04-06 11:00:00,0.7116835150875289,0.46336435216581745,0.8857728459344698,0.45632747569257026,0.34520137795804795
2018-04-06 12:00:00,0.9691702096704716,0.6987022243505868,0.4917336275909077,0.18535342943527683,0.36608720709831355
2018-04-06 13:00:00,1.0,0.35247183921808695,0.48627147411324223,0.1341362619575742,0.38517625491579627
2018-04-06 14:00:00,1.0,0.39581917574121084,0.46728831845808416,0.048510051145898805,1.0
2018-04-06 15:00:00,0.8996308823918219,0.37845474775034244,0.22356020736758053,0.0,1.0
2018-04-06 16:00:00,0.7569736281977781,0.33459665524775606,0.22659032516487393,0.01873756983755584,0.7491422340626277
2018-04-06 17:00:00,0.7895276908238111,0.12043845573672775,0.1503806795815179,0.061307819456205497,0.5093570811282137
2018-04-06 18:00:00,0.6942254143489945,0.07731861965703911,0.08042056588463588,0.21310953719069675,0.3664821729741423
2018-04-06 19:00:00,0.733832056165762,0.07274635477238318,0.08387953010797161,0.25368302514600405,0.4357843418208824
2018-04-06 20:00:00,0.25564132571488835,0.09604978190048186,0.12876947460212448,0.26813279496299824,0.2318645550721009
2018-04-06 21:00:00,0.288753403413873,0.02166593935944055,0.08083641872740308,0.5013626335073298,0.5270521711742904
2018-04-06 22:00:00,0.3195036986056719,0.0678510002759103,0.04138627495968095,0.2718824726150791,0.48053972699279074
2018-04-06 23:00:00,0.2857979242031626,0.016025543619133182,0.06442543610613147,0.27820017113187123,0.2390151772164786
2018-04-07 00:00:00,0.21988932087046456,0.06516022782384323,0.05442979103479926,0.1493907077306901,0.11743439943822637
2018-04-07 01:00:00,0.21634443641043702,0.14783212953659222,0.011240811787216141,0.22429073769279104,0.2060521370498502
2018-04-07 02:00:00,0.026223229730146406,0.3004351218600118,0.04765021008904447,0.19615283927516491,0.2914928891083394
2018-04-07 03:00:00,0.0,0.18027670048769626,0.03004150340143508,0.20622743143361133,0.10934619701751604
2018-04-07 04:00:00,0.0,0.11611745285238506,0.0,0.16790573759458477,0.037938340506508024
2018-04-07 05:00:00,0.0814003889209347,0.165390112226819,0.043085401664521274,0.13547088904611973,0.0
2018-04-07 06:00:00,0.08327742284891106,0.29331971358646375,0.10410737870172955,0.07605315073605251,0.0
2018-04-07 07:00:00,0.07413527113166474,0.3755353322562648,0.1332928756000158,0.07901521137937728,0.03137027615235939
2018-04-07 08:00:00,0.05569124262282226,0.41314150413831735,0.14290560393377527,0.07593937945044377,0.0
2018-04-07 09:00:00,0.08608338634869953,0.25356162333876864,0.14053679466373492,0.0662346474889664,0.0
2018-04-07 10:00:00,0.14883585132740412,0.3488573125252795,0.20163375019816954,0.031868016319462164,0.0
2018-04-07 11:00:00,0.21276425011678898,0.33495931021721814,0.24251003705404023,0.0,0.0
2018-04-07 12:00:00,0.18552085760470224,0.20455001529242114,0.3388611154838403,0.0,0.0
2018-04-07 13:00:00,0.19332553466848232,0.29576731489762764,0.3132211554518388,0.09752687101241364,0.0
2018-04-07 14:00:00,0.44415771614768346,0.27432069449594837,0.3970700822829934,0.07343920030681242,0.04377756212348873
2018-04-07 15:00:00,0.6758235043243664,0.28992770022096165,0.4000848439677103,0.05726420931061917,0.12100806935731809
2018-04-07 16:00:00,0.8267422930851229,0.403219294205229,0.44441857644086,0.20649285296660197,0.27513744280730135
2018-04-07 17:00:00,1.0,0.35378850654953886,0.6650155131042084,0.17435661540427957,0.2189372816553718
2018-04-07 18:00:00,1.0,0.4261291260957458,1.0,0.26075353450057354,0.27277447417791184
2018-04-07 19:00:00,1.0,0.3743273098983756,1.0,0.07812267127683512,0.22286469058948555
2018-04-07 20:00:00,1.0,0.7528313454921135,1.0,0.5783096056273389,0.0
2018-04-07 21:00:00,1.0,0.4854432275894466,1.0,0.08675772579796728,0.0
2018-04-07 22:00:00,1.0,0.22890823520980544,1.0,0.20271813551478454,0.0
2018-04-07 23:00:00,0.9654374088579724,0.12903598239987757,1.0,0.47020103555766246,0.0
2018-04-08 00:00:00,1.0,0.6293992531742528,1.0,0.29763836839731644,0.0
2018-04-08 01:00:00,1.0,1.0,1.0,0.9379187238087701,0.021533468411107967
2018-04-08 02:00:00,1.0,1.0,1.0,1.0,0.027068788538982175
2018-04-08 03:00:00,1.0,1.0,1.0,1.0,0.16146999908665885
2018-04-08 04:00:00,0.985911758724485,1.0,1.0,1.0,0.06978919786902456
2018-04-08 05:00:00,0.6734564589873604,1.0,1.0,1.0,0.2966094376416651
2018-04-08 06:00:00,0.19600017119809118,1.0,1.0,1.0,1.0
2018-04-08 07:00:00,0.20906065949163188,1.0,0.5076638082334685,1.0,0.09789569299725728
2018-04-08 08:00:00,1.0,0.6581207973317933,1.0,1.0,0.0
2018-04-08 09:00:00,1.0,1.0,1.0,1.0,0.022011570376841347
2018-04-08 10:00:00,0.3742363643225135,1.0,1.0,0.9180597070522899,0.35163149730646276
2018-04-08 11:00:00,0.040956985246735994,1.0,1.0,1.0,0.018481087661196664
2018-04-08 12:00:00,0.02760005834979616,1.0,1.0,0.9920761574842831,0.1307890639324722
2018-04-08 13:00:00,0.22404731991122845,1.0,0.8351356644400187,0.733988562531541,0.7687643477014968
2018-04-08 14:00:00,0.19221111490668666,1.0,0.3660147235963362,0.4178115611452228,1.0
2018-04-08 15:00:00,0.08226077563577129,0.6868739488131284,0.7963149278181394,0.6543787487863568,0.7939946899360566
2018-04-08 16:00:00,0.0,0.5672273921998688,0.3370787107407309,1.0,0.25656749201724854
2018-04-08 17:00:00,0.8850061910256639,0.14597888155491334,0.30441594758037127,1.0,1.0
2018-04-08 18:00:00,0.3236080874960686,0.05418359065525696,1.0,1.0,1.0
2018-04-08 19:00:00,0.40101009801209875,0.13727696160918876,1.0,1.0,0.0
2018-04-08 20:00:00,0.4728640382457464,0.5151383471421938,0.8265675017730131,1.0,0.03695583895106527
2018-04-08 21:00:00,0.1318383400535563,0.6560275632455695,1.0,0.8079651069855369,1.0
2018-04-08 22:00:00,0.08469933864679134,0.3463811589900588,0.22687422115211847,0.11226243028500683,0.29712711970160416
2018-04-08 23:00:00,0.0,0.3995064356563016,0.09505838290172755,0.1764091294733762,0.6289122212963562
2018-04-09 00:00:00,0.31419754349622264,0.2790970153384037,0.0,0.0964619257371002,0.6952063689369431
2018-04-09 01:00:00,0.5449081351284506,0.09552002918066846,0.01013379854513399,0.18887713618265245,0.43585120564910523
2018-04-09 02:00:00,0.17639730462602513,0.02785528755163377,0.10767862477783342,0.35343040507901285,0.3074137315641201
2018-04-09 03:00:00,0.26679666921263623,0.11251773710434326,0.3915764002086897,0.14573987287327136,0.15650017683913028
2018-04-09 04:00:00,0.2593373295684789,0.11401141471603977,0.4569302799775096,0.2534809221614396,0.1637144153341603
2018-04-09 05:00:00,0.4520130525148206,0.8817775716762156,1.0,0.5455000711219188,0.0
2018-04-09 06:00:00,0.09898906727170985,1.0,0.700892517119824,0.9133148864395765,0.0
2018-04-09 07:00:00,0.18655592030342602,0.9460489071079629,0.7425137435549332,0.787603178014608,0.04369883152084562
2018-04-09 08:00:00,0.31004346337508926,0.8019568415717,1.0,0.825441539751886,0.09220154397869715
2018-04-09 09:00:00,1.0,1.0,1.0,0.42101276083906186,0.059861420824875416
2018-04-09 10:00:00,0.7586525819089517,0.8249070555952582,1.0,0.2551704282448788,0.1447071648529067
2018-04-09 11:00:00,0.6750291404921642,0.9239886475207062,0.6013956738551526,0.22851646286381735,0.8740578399995313
2018-04-09 12:00:00,0.22651830119764008,0.2623817517210599,0.6148363159719176,0.4760247145284923,0.9054945307209861
2018-04-09 13:00:00,0.2582911215437305,0.18682724292938654,1.0,1.0,0.47881994104795134
2018-04-09 14:00:00,0.12313342327066183,0.19095913142536272,0.47090439491460256,1.0,0.523630449474369
2018-04-09 15:00:00,0.08729876621535675,0.13787491976909783,1.0,1.0,0.5423190486232794
2018-04-09 16:00:00,0.16613320200184906,0.160865630227682,0.2062481731821264,0.9834422159152268,0.3293359099422494
2018-04-09 17:00:00,0.07973525173787752,0.08061425840608562,0.002735851749268742,0.08670609907762976,0.4080941269423483
2018-04-09 18:00:00,0.02491570671176559,0.08061425840608562,0.4088000354283681,0.03488131133324813,0.1767464416035241
2018-04-09 19:00:00,0.047636117320043754,0.10426705329888541,0.07949866695533887,0.0,0.5483702090998298
2018-04-09 20:00:00,0.09087534935617304,0.0,0.06657368055469765,0.0,0.25259133010644835
2018-04-09 21:00:00,0.21549460365967874,0.03999192900981793,0.4398354348376658,0.0,0.6637089696356255
2018-04-09 22:00:00,0.4398437728169071,0.30313372305941205,0.8196787285778082,0.0,0.34937457663678395
2018-04-09 23:00:00,0.5819101377816687,0.5066003204122475,1.0,0.18363879136344105,0.7304394002362327
2018-04-10 00:00:00,0.793653123458945,0.7264076678606267,0.9868939971215082,0.45178865458244793,0.18828414468997237
2018-04-10 01:00:00,0.9667522680056004,0.6270923226107527,0.545804012528511,0.7289354707018598,0.0
2018-04-10 02:00:00,1.0,0.9928052632423898,0.3325207926220749,0.2988035462042794,0.0
2018-04-10 03:00:00,1.0,1.0,0.3497738591574089,0.5045093983853458,0.04316058730263218
2018-04-10 04:00:00,1.0,1.0,0.37649846537905873,1.0,0.1695346668010721
2018-04-10 05:00:00,1.0,0.32028588154365584,1.0,1.0,0.0532006481723857
2018-04-10 06:00:00,1.0,0.1507257305806827,1.0,1.0,0.05915052197953829
2018-04-10 07:00:00,1.0,0.14803179812931444,0.868411131696356,1.0,0.06204549390509366
2018-04-10 08:00:00,1.0,0.07773716323144121,0.40925131218104677,1.0,0.0986232827731485
2018-04-10 09:00:00,0.34428534031593927,0.09589326504063703,0.24719169924849407,0.862847164875779,0.08315047432859467
2018-04-10 10:00:00,0.07318034047499748,0.07207110167795236,0.32294389932459305,0.47366063078347814,0.0
2018-04-10 11:00:00,0.029849903269771497,0.0,0.5066982498255496,0.3838787812552111,0.0
2018-04-10 12:00:00,0.032128351772989824,0.0,0.5403210769068653,0.4154914293017978,0.0
2018-04-10 13:00:00,0.05486956241219335,0.04896303720697407,0.3445966063858247,0.30821383481845444,0.007350184084093068
2018-04-10 14:00:00,0.07373719943251004,0.04147522643120622,0.3546236803839685,0.2339338709147643,0.028725531930686467
2018-04-10 15:00:00,0.055342399595118046,0.0,0.2015171092671206,0.06035345839468334,0.11566177211962766
2018-04-10 16:00:00,0.0,0.36524969788799094,0.12668218330562742,0.7031151355131223,0.09737589420977998
2018-04-10 17:00:00,0.04499333825700768,0.04468170332303455,0.13813109390573003,1.0,0.25190595280051076
2018-04-10 18:00:00,0.0,0.04394025298159111,0.011225353128571744,1.0,0.33757092008906586
2018-04-10 19:00:00,0.08824244923505664,0.09414341003144087,0.0,1.0,0.6879186112771274
2018-04-10 20:00:00,0.18952993736163784,0.5344006965348266,0.8391803097902988,1.0,1.0
2018-04-10 21:00:00,0.28724680517470796,0.34022838727078425,1.0,1.0,0.11427103820728796
2018-04-10 22:00:00,0.6919701847652125,0.1860887607205694,1.0,1.0,0.0
2018-04-10 23:00:00,1.0,0.0,1.0,0.945477539187852,0.12805805079483562
2018-04-11 00:00:00,1.0,0.0,1.0,0.42600698027670447,0.04039306304511935
2018-04-11 01:00:00,1.0,0.0,1.0,0.4960434312196664,0.11107566906809355
2018-04-11 02:00:00,1.0,0.1065085240358291,1.0,0.3830684445956552,0.05221788382242899
2018-04-11 03:00:00,1.0,0.6626986464448286,0.967056523059502,0.8950798623709343,0.17365798080791334
2018-04-11 04:00:00,1.0,0.49250060756498687,0.881336348760793,1.0,0.16561067088445544
2018-04-11 05:00:00,1.0,0.0,0.741209730749399,0.21369069242972977,0.21771564647794678
2018-04-11 06:00:00,1.0,0.022503525536507803,0.35098202166611553,0.44955003700582197,0.1755905212925292
2018-04-11 07:00:00,1.0,0.5935400263003647,0.5366054516004815,0.392973839614797,0.4013796271530996
2018-04-11 08:00:00,0.43650388673980844,0.20082585777004988,0.07589467879888386,0.2685573954096452,0.5351927508305646
2018-04-11 09:00:00,0.3591404872984555,0.0,0.03455989328047711,0.2451472027568008,0.4157073781545749
2018-04-11 10:00:00,0.4489345601407837,0.0351958006216301,0.0,1.0,0.16793199305475445
2018-04-11 11:00:00,0.6291894250084835,0.0,0.04909400917882548,1.0,1.0
2018-04-11 12:00:00,0.6831412166457528,0.08481788275065068,0.054767255819656614,1.0,1.0
2018-04-11 13:00:00,0.404378592360032,1.0,0.0,1.0,1.0
2018-04-11 14:00:00,0.19721923778383266,0.05773679801389168,1.0,1.0,1.0
2018-04-11 15:00:00,0.030078765292808365,0.10401967526405914,1.0,1.0,1.0
2018-04-11 16:00:00,0.0,0.04290303812393832,1.0,1.0,1.0
2018-04-11 17:00:00,0.15804243112041194,0.15613165962541992,1.0,1.0,1.0
2018-04-11 18:00:00,0.37269553669040456,0.2804525368894862,0.9351014064597226,1.0,0.7024740885781051
2018-04-11 19:00:00,1.0,0.2814713306366048,0.9907327147299634,1.0,1.0
2018-04-11 20:00:00,1.0,0.3168958657532269,0.5674252994559026,1.0,0.15603202586326975
2018-04-11 21:00:00,1.0,0.24562112303760947,0.00017687156742723193,1.0,0.34283859794450927
2018-04-11 22:00:00,0.5096024583215091,0.047307728130018496,0.2407452262870464,1.0,0.0
2018-04-11 23:00:00,1.0,0.06120402646955635,1.0,1.0,0.01680005715045623
2018-04-12 00:00:00,1.0,0.0,1.0,1.0,0.032778996946457896
2018-04-12 01:00:00,1.0,0.07680820288870935,1.0,1.0,0.0
2018-04-12 02:00:00,1.0,0.0,1.0,1.0,0.0
2018-04-12 03:00:00,1.0,0.0,1.0,1.0,0.0
2018-04-12 04:00:00,1.0,0.2954597668069594,1.0,1.0,0.0
2018-04-12 05:00:00,1.0,0.2796973281519445,1.0,1.0,0.0
2018-04-12 06:00:00,1.0,0.0,0.08756595310827966,1.0,0.02601549589873925
2018-04-12 07:00:00,1.0,0.21298722201590445,0.19232368871507355,0.9577593490401642,0.023782496094875587
2018-04-12 08:00:00,0.8401584815669751,0.2817101168648704,0.07792321777815758,0.7364187892696051,0.012168394209292955
2018-04-12 09:00:00,0.7625125698447761,0.05336772256493164,0.14206934598592252,0.5132926455426593,0.036345078194068375
2018-04-12 10:00:00,0.8475337727350719,0.9217764370301527,0.17677633250113914,0.46383981667983154,1.0
2018-04-12 11:00:00,1.0,1.0,0.14117116464460544,0.17235865659879446,0.3721956779057841
2018-04-12 12:00:00,1.0,1.0,0.1012641840966896,0.2916443244726723,0.971786293924421
2018-04-12 13:00:00,1.0,1.0,0.11609830849666848,0.4269354850214325,1.0
2018-04-12 14:00:00,1.0,0.9840291676661459,0.18946396897118023,0.46907264105851604,1.0
2018-04-12 15:00:00,1.0,1.0,0.3870116373414803,1.0,1.0
2018-04-12 16:00:00,1.0,1.0,0.5563744509346009,1.0,1.0
2018-04-12 17:00:00,1.0,1.0,0.8123965881093448,0.7409434814894418,1.0
2018-04-12 18:00:00,1.0,1.0,0.6215612716261668,0.04742732683849274,1.0
2018-04-12 19:00:00,1.0,1.0,1.0,0.06884232667072862,0.9173996459350777
2018-04-12 20:00:00,1.0,1.0,1.0,1.0,1.0
2018-04-12 21:00:00,1.0,1.0,1.0,1.0,1.0
2018-04-12 22:00:00,1.0,1.0,0.9814498881156197,1.0,0.7549247367254059
2018-04-12 23:00:00,1.0,1.0,1.0,1.0,1.0
2018-04-13 00:00:00,1.0,1.0,1.0,1.0,1.0
2018-04-13 01:00:00,1.0,1.0,1.0,1.0,1.0
2018-04-13 02:00:00,1.0,1.0,1.0,1.0,1.0
2018-04-13 03:00:00,1.0,1.0,1.0,1.0,0.6606201899034537
2018-04-13 04:00:00,1.0,1.0,1.0,1.0,1.0
2018-04-13 05:00:00,1.0,1.0,1.0,1.0,1.0
2018-04-13 06:00:00,1.0,1.0,1.0,1.0,0.2068223302745464
2018-04-13 07:00:00,1.0,1.0,1.0,1.0,0.2317152278348455
2018-04-13 08:00:00,1.0,1.0,1.0,1.0,0.07104828016912404
2018-04-13 09:00:00,1.0,1.0,1.0,1.0,0.07279554790757466
2018-04-13 10:00:00,1.0,1.0,1.0,1.0,0.12429504566167733
2018-04-13 11:00:00,1.0,0.0,1.0,1.0,1.0
2018-04-13 12:00:00,1.0,0.0,1.0,1.0,1.0
2018-04-13 13:00:00,1.0,1.0,1.0,1.0,1.0
2018-04-13 14:00:00,1.0,0.0,1.0,1.0,1.0
2018-04-13 15:00:00,1.0,0.0,1.0,1.0,1.0
2018-04-13 16:00:00,1.0,0.0,1.0,1.0,1.0
2018-04-13 17:00:00,1.0,1.0,1.0,1.0,1.0
2018-04-13 18:00:00,1.0,1.0,1.0,1.0,1.0
2018-04-13 19:00:00,1.0,1.0,1.0,1.0,1.0
2018-04-13 20:00:00,1.0,1.0,1.0,1.0,1.0
2018-04-13 21:00:00,1.0,1.0,1.0,1.0,1.0
2018-04-13 22:00:00,1.0,1.0,1.0,1.0,1.0
2018-04-13 23:00:00,1.0,1.0,1.0,1.0,1.0
2018-04-14 00:00:00,1.0,1.0,1.0,1.0,1.0
2018-04-14 01:00:00,1.0,1.0,1.0,1.0,1.0
2018-04-14 02:00:00,1.0,1.0,1.0,1.0,0.3381043982477025
2018-04-14 03:00:00,1.0,1.0,1.0,1.0,0.09977559104774245
2018-04-14 04:00:00,1.0,1.0,1.0,1.0,0.0
2018-04-14 05:00:00,1.0,1.0,1.0,1.0,0.03507765347744477
2018-04-14 06:00:00,1.0,1.0,1.0,1.0,0.06142652962143249
2018-04-14 07:00:00,1.0,1.0,1.0,1.0,0.0
2018-04-14 08:00:00,1.0,1.0,1.0,1.0,0.4486822677949473
2018-04-14 09:00:00,1.0,1.0,1.0,1.0,0.028248094041993264
2018-04-14 10:00:00,1.0,1.0,1.0,1.0,0.03749540192787121
2018-04-14 11:00:00,1.0,1.0,1.0,1.0,0.05084167364615253
2018-04-14 12:00:00,1.0,1.0,1.0,1.0,0.09319129976882724
2018-04-14 13:00:00,1.0,1.0,1.0,1.0,0.7205084247124393
2018-04-14 14:00:00,1.0,1.0,1.0,1.0,1.0
2018-04-14 15:00:00,1.0,1.0,1.0,1.0,0.7819865202164632
2018-04-14 16:00:00,1.0,1.0,1.0,1.0,0.5796036880392491
2018-04-14 17:00:00,1.0,1.0,1.0,1.0,0.8558301277844539
2018-04-14 18:00:00,1.0,1.0,0.8992366357856536,0.8630736348885193,0.46779632023142553
2018-04-14 19:00:00,1.0,0.8119314713733353,0.8208448284287306,0.3585515163147798,0.541292178378884
2018-04-14 20:00:00,1.0,0.3216856481257758,0.9888623349526814,0.1181441300517403,0.7390142389795428
2018-04-14 21:00:00,0.5578426430353198,0.31077549639026847,0.766210108580501,0.07601222249438032,0.5235082365000199
2018-04-14 22:00:00,0.5714383933596879,0.3878983144536387,0.4001253930875537,0.07396238543300486,0.38543290482286163
2018-04-14 23:00:00,0.6300114400443952,0.5378642699427861,0.4929514740115252,0.07333052630507018,0.3979156584189726
2018-04-15 00:00:00,0.9902939506344893,0.13874899518727626,0.5833365335823049,0.21216118125991731,0.5452539338435942
2018-04-15 01:00:00,1.0,0.6961349291758904,1.0,0.3426492953912898,0.809631465628648
2018-04-15 02:00:00,1.0,0.9332917857675935,1.0,0.4694420345042654,0.5774519872782818
2018-04-15 03:00:00,1.0,0.8070402049830967,1.0,0.42457828074047194,0.17631248479274125
2018-04-15 04:00:00,1.0,0.6613622189272952,1.0,0.5426984558815314,0.0
2018-04-15 05:00:00,0.2013773122896721,0.3580906383471906,0.711272608983023,0.7653242612051906,0.0
2018-04-15 06:00:00,0.3296694161110304,0.1433801445423315,0.6111610705293286,0.7040792489354678,0.0
2018-04-15 07:00:00,0.28289686738474773,0.11272841070350811,0.7533145321333077,0.3272622540061023,0.0
2018-04-15 08:00:00,0.113830978647541,0.0,0.3333687146596033,0.12110518068156702,0.0
2018-04-15 09:00:00,0.14732023896776408,0.0,0.14808676007959123,0.055395687323422524,0.0
2018-04-15 10:00:00,0.05702512978966839,0.0,0.030721400786439403,0.0694633878331703,0.04620892788069318
2018-04-15 11:00:00,0.0033985343686544715,0.045751663676472445,0.0,0.15167497464458954,0.10383615301120475
2018-04-15 12:00:00,0.07854956433350674,0.07799476440160553,0.0,0.14563811047652706,0.023067751269426746
2018-04-15 13:00:00,0.16522743727140504,0.046448290842202464,0.0,0.10851903760891105,0.05802495168416632
2018-04-15 14:00:00,0.06767136266555171,0.030296781276078415,0.0,0.023544627281080067,0.10827600871609108
2018-04-15 15:00:00,0.0,0.0,0.0,0.11972699142900038,0.13296228684904743
2018-04-15 16:00:00,0.007026462037916265,0.0,0.009759400931843592,0.2072148816285191,0.15876330748351195
2018-04-15 17:00:00,0.07179274740011052,0.0,0.053759212526168464,0.34938482234410384,0.3632835334600418
2018-04-15 18:00:00,0.008648122641033448,0.0,0.19160314617345428,0.6276007139603987,0.36441340937895195
2018-04-15 19:00:00,0.6887532798287845,1.0,0.22715723687029488,0.9900753887545874,0.5323935979760014
2018-04-15 20:00:00,1.0,0.860688003607784,0.13133758310274454,1.0,0.50320817421419
2018-04-15 21:00:00,0.9469824656604275,0.9471585243113796,0.19623878440075404,0.9651281535592803,0.9195371601382418
2018-04-15 22:00:00,1.0,0.7316131939202065,0.25680248009917434,1.0,0.5701492291720806
2018-04-15 23:00:00,1.0,0.7078124475146275,0.27957999643085896,1.0,0.4898193871233185
2018-04-16 00:00:00,1.0,0.3851822276962635,0.3330016857620529,1.0,0.5138768120240702
2018-04-16 01:00:00,1.0,0.5367406037336544,0.30913433257172257,1.0,0.14424337010493044
2018-04-16 02:00:00,1.0,0.12436255405390186,0.3500072987632558,1.0,0.054471246646821445
2018-04-16 03:00:00,1.0,0.15501661339345157,0.44256217005213877,1.0,0.07286041637787263
2018-04-16 04:00:00,1.0,0.0024717618149766546,0.6256131581306786,1.0,0.0
2018-04-16 05:00:00,1.0,0.0,0.5994193195408869,0.6061440551336953,0.0
2018-04-16 06:00:00,1.0,0.0,0.4870519561998162,0.29937069840883274,0.0
2018-04-16 07:00:00,1.0,0.0,0.40451060997602295,0.07874074316020578,0.0
2018-04-16 08:00:00,0.6754926249154429,0.0,0.28478309594704415,0.0,0.0
2018-04-16 09:00:00,0.12099530367988988,0.0,0.5467111449039421,0.014520208141479505,0.0
2018-04-16 10:00:00,0.0,0.0,0.6959032514804354,0.05160434432513224,0.0
2018-04-16 11:00:00,0.0,0.028138355485491956,0.3434814389429929,0.05912324639822824,0.026432770264457322
2018-04-16 12:00:00,0.0,0.1171974595417261,0.5280049318982001,0.11150159439893749,0.3042993135621649
2018-04-16 13:00:00,0.0,0.2033144738783266,0.7392909257820289,0.23885115741463156,0.34170555671766156
2018-04-16 14:00:00,0.029430467513402107,0.4481804122022513,1.0,0.5460475617006477,0.21286860920496853
2018-04-16 15:00:00,0.0,0.5694573815018257,1.0,0.8772023435161425,0.05776827302783458
2018-04-16 16:00:00,0.0,0.37019199307960965,1.0,0.8546790760473046,0.30431610041737867
2018-04-16 17:00:00,0.4164027479882654,0.968620294874147,1.0,1.0,0.3588791324544101
2018-04-16 18:00:00,1.0,0.703777824055967,1.0,0.9543244276420985,0.028446993557932766
2018-04-16 19:00:00,1.0,1.0,1.0,0.9777323254547581,0.05863575932688802
2018-04-16 20:00:00,0.7185075890341283,1.0,1.0,1.0,0.03674012256736497
2018-04-16 21:00:00,0.26466499050264825,1.0,1.0,1.0,0.17892782187202633
2018-04-16 22:00:00,0.011422317871490199,0.6419607476132841,1.0,1.0,0.02072294758557814
2018-04-16 23:00:00,0.0,0.7472513245440399,1.0,1.0,0.018832241215288415
2018-04-17 00:00:00,1.0,0.1399940108009946,1.0,1.0,0.0
2018-04-17 01:00:00,1.0,0.3625770852298339,1.0,1.0,0.02031248522140881
2018-04-17 02:00:00,1.0,0.25406588668932195,1.0,0.8011640811778962,0.10501775854143947
2018-04-17 03:00:00,1.0,0.3162864634320125,0.758088262219401,0.8053711152206063,0.012690852423406417
2018-04-17 04:00:00,1.0,0.25485815318242444,0.6540544772257445,0.7401108058731825,0.0
2018-04-17 05:00:00,1.0,1.0,0.647036464314805,0.24069458079725914,0.0
2018-04-17 06:00:00,1.0,1.0,0.5796609760909529,0.8329101791718719,0.4927495487535874
2018-04-17 07:00:00,1.0,1.0,0.42635828334365217,0.5559054615111639,0.39792141444576296
2018-04-17 08:00:00,1.0,1.0,0.11873258379662988,0.2765908911507266,1.0
2018-04-17 09:00:00,1.0,1.0,0.15754809864896363,0.463980466690361,1.0
2018-04-17 10:00:00,1.0,1.0,0.32693914482421893,0.49254480893163327,1.0
2018-04-17 11:00:00,1.0,1.0,0.8208340366874958,0.5920320417177289,1.0
2018-04-17 12:00:00,1.0,1.0,0.2735238515152552,0.2587108121360755,1.0
2018-04-17 13:00:00,1.0,1.0,1.0,1.0,1.0
2018-04-17 14:00:00,1.0,1.0,1.0,1.0,1.0
2018-04-17 15:00:00,1.0,1.0,1.0,1.0,1.0
2018-04-17 16:00:00,1.0,1.0,1.0,1.0,1.0
2018-04-17 17:00:00,1.0,1.0,1.0,1.0,1.0
2018-04-17 18:00:00,1.0,1.0,1.0,1.0,1.0
2018-04-17 19:00:00,1.0,1.0,1.0,1.0,1.0
2018-04-17 20:00:00,1.0,1.0,1.0,1.0,1.0
2018-04-17 21:00:00,1.0,1.0,1.0,1.0,1.0
2018-04-17 22:00:00,1.0,1.0,1.0,1.0,1.0
2018-04-17 23:00:00,1.0,1.0,1.0,1.0,0.8960653975673782
2018-04-18 00:00:00,1.0,1.0,1.0,1.0,0.74911434262413
2018-04-18 01:00:00,1.0,1.0,1.0,1.0,0.3568682559482275
2018-04-18 02:00:00,1.0,1.0,1.0,1.0,0.21498864234632553
2018-04-18 03:00:00,1.0,1.0,1.0,1.0,0.1554283803284496
2018-04-18 04:00:00,1.0,1.0,1.0,1.0,0.0
2018-04-18 05:00:00,1.0,1.0,1.0,1.0,0.025751061254385754
2018-04-18 06:00:00,1.0,0.9538529549288206,1.0,1.0,0.03980112668026851
2018-04-18 07:00:00,0.9748042336982776,0.6793007910523087,1.0,1.0,0.0
2018-04-18 08:00:00,1.0,1.0,1.0,1.0,0.0
2018-04-18 09:00:00,1.0,1.0,1.0,1.0,0.0
2018-04-18 10:00:00,1.0,1.0,1.0,1.0,0.0
2018-04-18 11:00:00,1.0,1.0,1.0,1.0,0.027215100835801156
2018-04-18 12:00:00,1.0,1.0,1.0,1.0,0.0
2018-04-18 13:00:00,0.9655196823071033,1.0,1.0,1.0,0.10761059936708148
2018-04-18 14:00:00,0.5784332376150508,0.7004642723542354,1.0,0.34766889225199205,0.08057496685361089
2018-04-18 15:00:00,0.7074415350631895,0.32892881217238995,1.0,0.5202735352955605,0.1422327743106329
2018-04-18 16:00:00,0.21384607088340377,0.07058292294641656,1.0,0.2433689585097483,0.35907298066093213
2018-04-18 17:00:00,0.48472541657514073,0.20605652892386925,0.5334879126400228,0.14780529528037284,0.6222147185454301
2018-04-18 18:00:00,0.1471529623853656,0.04194585884800853,0.4618889172736244,0.18484195462107156,0.5246985441230209
2018-04-18 19:00:00,0.18771747514832177,0.13454917802784636,0.37115082876489913,0.4030802956464378,0.5612459357792996
2018-04-18 20:00:00,0.32499123413315434,0.597564370672212,0.2834966049679888,0.6582632929051536,0.6891512880704092
2018-04-18 21:00:00,0.5492096994851987,0.5572938535311445,0.17126353836480984,0.4608136639669492,0.7027491686899257
2018-04-18 22:00:00,0.37974178795466257,0.1614306817738158,0.6156915940170398,0.4265278798556765,0.0
2018-04-18 23:00:00,0.1529071048440832,0.16564319399407812,0.7517512026219535,0.36450787075447233,0.21372644479534142
2018-04-19 00:00:00,0.08905683358860628,0.08371822332282898,0.6545785940969072,0.4530173512823997,0.7154202225039898
2018-04-19 01:00:00,0.1904349660063208,0.08920417391404169,0.867361357946787,0.9524064406598982,0.7048283692006553
2018-04-19 02:00:00,0.5651159471503039,0.0743291233446882,0.9507350903433543,0.8465361162932771,1.0
2018-04-19 03:00:00,0.8348908254797838,0.12259438766996929,0.6974589998883448,0.7530282356924047,1.0
2018-04-19 04:00:00,0.8581143012490499,0.2066857577450305,0.5992077912484893,0.7792983498743121,0.0
2018-04-19 05:00:00,1.0,0.9728279638145673,0.38575599117032683,1.0,0.0
2018-04-19 06:00:00,1.0,1.0,0.4164190006527271,1.0,0.05131221905122224
2018-04-19 07:00:00,0.9990517287741545,0.7419996429578302,0.29950570274436117,0.9629821250877456,0.0
2018-04-19 08:00:00,0.9651143981393712,1.0,0.2895198572240074,0.9391983424600072,0.0
2018-04-19 09:00:00,1.0,1.0,0.3925843250678421,1.0,0.0
2018-04-19 10:00:00,1.0,1.0,0.577420880421458,1.0,0.0
2018-04-19 11:00:00,1.0,1.0,0.9539145692881252,1.0,0.0
2018-04-19 12:00:00,1.0,1.0,1.0,1.0,0.0
2018-04-19 13:00:00,1.0,1.0,1.0,1.0,0.5065667816954786
2018-04-19 14:00:00,1.0,1.0,1.0,1.0,1.0
2018-04-19 15:00:00,1.0,1.0,1.0,1.0,1.0
2018-04-19 16:00:00,1.0,1.0,1.0,1.0,1.0
2018-04-19 17:00:00,1.0,1.0,1.0,1.0,1.0
2018-04-19 18:00:00,1.0,1.0,1.0,1.0,1.0
2018-04-19 19:00:00,1.0,1.0,1.0,1.0,1.0
2018-04-19 20:00:00,1.0,1.0,1.0,1.0,1.0
2018-04-19 21:00:00,1.0,1.0,1.0,1.0,1.0
2018-04-19 22:00:00,1.0,1.0,1.0,1.0,1.0
2018-04-19 23:00:00,1.0,1.0,1.0,1.0,1.0
2018-04-20 00:00:00,1.0,1.0,1.0,1.0,1.0
2018-04-20 01:00:00,1.0,1.0,1.0,1.0,1.0
2018-04-20 02:00:00,1.0,1.0,1.0,1.0,1.0
2018-04-20 03:00:00,1.0,1.0,1.0,1.0,1.0
2018-04-20 04:00:00,1.0,1.0,1.0,1.0,1.0
2018-04-20 05:00:00,1.0,1.0,1.0,1.0,1.0
2018-04-20 06:00:00,1.0,1.0,1.0,1.0,1.0
2018-04-20 07:00:00,1.0,1.0,1.0,1.0,1.0
2018-04-20 08:00:00,1.0,1.0,1.0,1.0,1.0
2018-04-20 09:00:00,1.0,1.0,0.8840566264042324,1.0,1.0
2018-04-20 10:00:00,1.0,1.0,0.5165709079290588,1.0,1.0
2018-04-20 11:00:00,1.0,1.0,0.552238615431462,1.0,1.0
2018-04-20 12:00:00,0.9960740048257095,1.0,1.0,1.0,1.0
2018-04-20 13:00:00,0.938518141697113,1.0,1.0,1.0,1.0
2018-04-20 14:00:00,1.0,1.0,1.0,1.0,0.16503416337033225
2018-04-20 15:00:00,1.0,1.0,1.0,1.0,1.0
2018-04-20 16:00:00,1.0,1.0,1.0,1.0,0.3616698975382675
2018-04-20 17:00:00,0.13694939596826072,0.8369974265970286,1.0,0.7242885347041341,1.0
2018-04-20 18:00:00,0.09174383537599572,1.0,0.9289566964448359,0.7305731346498957,1.0
2018-04-20 19:00:00,0.3826024337523907,0.39091526810147464,1.0,0.6317670112629068,0.9366780367745162
2018-04-20 20:00:00,0.8484911392256071,0.3271951004968302,0.6548169944600801,0.9775865292856866,0.47391144238003197
2018-04-20 21:00:00,0.8433295769119189,0.17887961801296606,1.0,0.2889155827875334,0.918432743752147
2018-04-20 22:00:00,0.7218776737150323,0.04820948374040021,0.3421861603225357,0.46478279137703155,0.7415607370951363
2018-04-20 23:00:00,0.1823539500452974,0.060183952968392684,0.18667466286854323,0.40523146415957656,0.8931645037690693
2018-04-21 00:00:00,0.09729459854723238,0.011641633906645476,0.1456404124086117,0.44071065789425967,0.13532228142092526
2018-04-21 01:00:00,0.10156942623418908,0.09168479366307762,0.1367743505915383,0.39716081446380136,0.002082927444524368
2018-04-21 02:00:00,0.05128017479663121,0.17569772371965814,0.09247126876122336,0.33944876089293724,0.03288114816396196
2018-04-21 03:00:00,0.029133876665297976,0.3182351124779037,0.05298583624072588,0.3635937495869095,0.1162778403736607
2018-04-21 04:00:00,0.03178201353873872,0.20228438888311484,0.10439344844446839,0.19988628935449204,0.29247865534592166
2018-04-21 05:00:00,0.0,0.0,0.0,0.15066366851198465,0.09687154280764113
2018-04-21 06:00:00,0.015271661436255461,0.006594725184672332,0.0,0.05919682029918575,0.034507754663698584
2018-04-21 07:00:00,0.04534616679119542,0.0,0.0,0.0,0.0522114106238392
2018-04-21 08:00:00,0.03447903730225801,0.0,0.0,0.0,0.0
2018-04-21 09:00:00,0.00781394537470798,0.0,0.0,0.0,0.0
2018-04-21 10:00:00,0.05662346818472512,0.0,0.0,0.018248446250495817,0.0
2018-04-21 11:00:00,0.12872753795916697,0.08028378449605497,0.0,0.0,0.03561960275166738
2018-04-21 12:00:00,0.25935850081382766,0.18736286441147817,0.0,0.0,0.14233396882215107
2018-04-21 13:00:00,0.17432892899422744,0.3013639197744795,0.0,0.0,0.06793048874224447
2018-04-21 14:00:00,0.4697992339763271,0.17534952794468905,0.0,0.0,0.10715147052598548
2018-04-21 15:00:00,0.2967514560529345,0.24472392387256528,0.00953363458194652,0.0,0.04231945311983742
2018-04-21 16:00:00,0.13017497183334506,0.14651815789859204,0.0,0.0,0.045308318065203954
2018-04-21 17:00:00,0.26304102177138305,0.1929830927802496,0.0,0.0,0.0182769414159366
2018-04-21 18:00:00,0.3244399454805948,0.10589879600127934,0.0,0.042363611793343615,0.028730909201253627
2018-04-21 19:00:00,0.2014264491887678,0.04156845590677165,0.0,0.0878818152509372,0.0
2018-04-21 20:00:00,0.2999695193563589,0.051862640142395625,0.0,0.11503918707981302,0.0
2018-04-21 21:00:00,0.09860749844115908,0.0,0.027414003118272263,0.17317175710122637,0.03628661951639934
2018-04-21 22:00:00,0.0,0.0,0.019819605289933633,0.12291377067913997,0.31000818911902767
2018-04-21 23:00:00,0.05281632922289562,0.022418069105746306,0.0,0.13025587587536885,0.15085462221669324
2018-04-22 00:00:00,0.06621665910665551,0.0,0.025763047068633436,0.1446530267759941,0.046389493258257836
2018-04-22 01:00:00,0.05632863806097612,0.0,0.016866902378643772,0.11236120867782756,0.020477941277537676
2018-04-22 02:00:00,0.0,0.020038242758065376,0.006303986523138027,0.13395776942416765,0.11155050381096884
2018-04-22 03:00:00,0.0,0.02296275356371615,0.0,0.11295896458755829,0.1564298007913404
2018-04-22 04:00:00,0.0,0.053701477017250684,0.0,0.08099141145749797,0.0
2018-04-22 05:00:00,0.0,0.0,0.0,0.02242710174680413,0.0
2018-04-22 06:00:00,0.0,0.0,0.0,0.00187948568720617,0.0
2018-04-22 07:00:00,0.0,0.012396061892489874,0.0,0.053755389701645416,0.0
2018-04-22 08:00:00,0.0,0.0,0.0,0.009336474630007236,0.0
2018-04-22 09:00:00,0.0,0.0,0.0,0.0,0.03155202966810989
2018-04-22 10:00:00,0.0,0.0,0.0,0.0,0.0
2018-04-22 11:00:00,0.0,0.0,0.013465624713384045,0.0,0.0
2018-04-22 12:00:00,0.0026953222340392433,0.08561878380662476,0.021081770711642266,0.0,0.0
2018-04-22 13:00:00,0.10751795331178247,0.13853648897763923,0.028608837474663952,0.0,0.04089978547325823
2018-04-22 14:00:00,0.06648837939285719,0.0721146244209914,0.03888828236442153,0.0,0.13264518031787786
2018-04-22 15:00:00,0.05479984908252743,0.08791457044703589,0.03292017703835073,0.0,0.4196931177736034
2018-04-22 16:00:00,0.054467428954324264,0.13401762541377146,0.03340661923184047,0.0,0.4226735834373403
2018-04-22 17:00:00,0.05869670128088728,0.12271445410355235,0.12226838557713775,0.0,0.7252536967959965
2018-04-22 18:00:00,0.07572118672550622,0.19931028026931374,0.20915133098490968,0.13538548112771015,0.6719279282764662
2018-04-22 19:00:00,0.1715795625646894,0.728589646043621,0.3468499636797055,0.5261147727567753,0.9542467182390023
2018-04-22 20:00:00,0.22258277697028953,0.46504343864293574,0.452758103225164,0.544761775309679,0.838648209032119
2018-04-22 21:00:00,0.23153030643739445,0.42456906279864554,0.47575490131585746,0.41403582518113385,1.0
2018-04-22 22:00:00,0.2380788938718462,0.4734933338118511,0.4436492192649105,0.6719980217092167,0.3500522223648865
2018-04-22 23:00:00,0.17830598238986015,0.590464877399268,0.4232171173270984,0.8340319036005658,0.024381244542924663
2018-04-23 00:00:00,0.10610947224529475,0.5127104928262755,0.5589576530415964,0.8626791505451953,0.028061153883625005
2018-04-23 01:00:00,0.11273432802095809,0.23601904641826407,0.6782994460411764,0.8380678086583063,0.051256282214100564
2018-04-23 02:00:00,0.05487513378121029,0.35832530466394835,0.8168818303585503,0.7920392237440419,0.006948249252712647
2018-04-23 03:00:00,0.15202290924487322,0.37532546186820265,0.9593971695444523,0.49378803326511117,0.003287933265756768
2018-04-23 04:00:00,0.292869091198441,0.26123551417098617,0.9500414073402338,0.25842083018393897,0.0
2018-04-23 05:00:00,0.6947408132961628,0.18766024970363332,0.7278329806182576,0.2333376972491137,0.0
2018-04-23 06:00:00,0.8405492237329988,0.07723093093687036,0.7141489714007724,0.26158443982915836,0.0
2018-04-23 07:00:00,0.5944359722599967,0.029453522269070352,0.2646007044608032,0.16426441817614462,0.0
2018-04-23 08:00:00,0.6222847673999369,0.024325357219088555,0.2257299431770513,0.045847963466933116,0.0
2018-04-23 09:00:00,0.6137147911169646,0.036368890349488175,0.2363118614695489,0.03635687181567901,0.0
2018-04-23 10:00:00,0.5227251559010437,0.038167822763162766,0.3557431266006373,0.08097716817970259,0.0
2018-04-23 11:00:00,0.33157327368696676,0.052610818141655614,0.4185240539446077,0.19105553789201554,0.0
2018-04-23 12:00:00,0.26590800256785013,0.07205560251646788,0.531086967327085,0.16683470485849125,0.04970788204782688
2018-04-23 13:00:00,0.24074100919270314,0.07542600175883615,0.4909686981646992,0.34288092097037604,0.164304769787429
2018-04-23 14:00:00,0.25463667868254847,0.2935176898105933,0.6087384460313849,0.16957888075987687,0.08066718466532957
2018-04-23 15:00:00,0.24012735003956595,0.1280938186324218,0.5310227627361039,0.1977082571165563,0.0
2018-04-23 16:00:00,0.316434161985955,0.18068512191079988,0.7072656024637224,0.3904893862050955,0.0
2018-04-23 17:00:00,0.360039879028245,0.23384941048681382,0.659727993227667,1.0,1.0
2018-04-23 18:00:00,0.40209649274919534,0.31843218441107474,0.7735530511662531,1.0,0.9806796414914741
2018-04-23 19:00:00,0.7929136376238115,0.9117285210314497,1.0,1.0,1.0
2018-04-23 20:00:00,0.8742056443260271,1.0,1.0,1.0,0.0
2018-04-23 21:00:00,0.8658016922581956,0.8812619418791907,0.622170856569171,1.0,0.0
2018-04-23 22:00:00,0.8478222589533665,0.7335298654992888,0.17164709790531993,1.0,0.044493441227287975
2018-04-23 23:00:00,1.0,0.7443441027592904,0.7600032546826985,1.0,0.8717772264391318
2018-04-24 00:00:00,0.9434658465650015,1.0,0.1149977459559885,1.0,1.0
2018-04-24 01:00:00,0.5283113355513651,1.0,0.8090758156299228,1.0,1.0
2018-04-24 02:00:00,0.43367578642195576,1.0,1.0,1.0,1.0
2018-04-24 03:00:00,0.3885142818630243,1.0,1.0,1.0,1.0
2018-04-24 04:00:00,0.5355781842454371,1.0,1.0,1.0,1.0
2018-04-24 05:00:00,0.14135199957966302,1.0,1.0,1.0,0.47395463731074233
2018-04-24 06:00:00,0.9326877052062958,1.0,1.0,1.0,0.1742499415489521
2018-04-24 07:00:00,1.0,1.0,1.0,1.0,0.0
2018-04-24 08:00:00,1.0,1.0,1.0,1.0,0.1410851137183078
2018-04-24 09:00:00,1.0,1.0,1.0,1.0,0.03159274602270312
2018-04-24 10:00:00,1.0,1.0,1.0,1.0,0.16372633720917837
2018-04-24 11:00:00,1.0,1.0,1.0,1.0,0.10218226897795095
2018-04-24 12:00:00,1.0,1.0,0.9314285092218951,0.9639724289158895,0.05054498793311332
2018-04-24 13:00:00,0.9820079383340713,1.0,1.0,0.854408550418757,0.0
2018-04-24 14:00:00,0.9699191698551333,1.0,1.0,0.6913877767298487,0.12860802654434778
2018-04-24 15:00:00,0.9780951378255933,1.0,1.0,0.725942213828703,0.22462995513533224
2018-04-24 16:00:00,1.0,1.0,1.0,0.970990137106583,0.04288752797026367
2018-04-24 17:00:00,0.9652094227839841,0.24839771206614478,1.0,0.823490512811386,0.0
2018-04-24 18:00:00,1.0,0.15947562287920006,1.0,0.7482452438951398,0.0
2018-04-24 19:00:00,1.0,0.45508799661732247,0.7171135599043859,0.591757856612026,0.0
2018-04-24 20:00:00,1.0,0.3648322028759749,0.2788370362826939,0.20300791287106987,0.0
2018-04-24 21:00:00,0.8887183163877256,1.0,0.7057571346272455,0.20434755040035005,0.0
2018-04-24 22:00:00,0.8875016984425205,0.5404932448893017,0.9345722100715887,0.0,0.023137676617507603
2018-04-24 23:00:00,0.8380624288900617,0.550527594114953,0.8380395193740479,0.0,0.0406583629650172
2018-04-25 00:00:00,1.0,0.5826375116370373,0.7346266842476911,0.03606467157706288,0.0
2018-04-25 01:00:00,1.0,1.0,0.6924837663334056,0.03418644728231029,0.0
2018-04-25 02:00:00,1.0,1.0,0.5863382419607683,0.02012754083113477,0.0
2018-04-25 03:00:00,1.0,0.6656260709902226,0.750605363701743,0.0555288749713017,0.0
2018-04-25 04:00:00,1.0,0.35055543727487065,0.5795698895059501,0.04264665894649859,0.0
2018-04-25 05:00:00,1.0,0.22525818885651172,0.550285680250111,0.26373770161557136,0.03874165439185532
2018-04-25 06:00:00,1.0,0.1496841454329777,0.34958382261370585,0.22787784879535034,0.061973378786209725
2018-04-25 07:00:00,0.9278800175435193,0.054552116135709906,0.08987011102790113,0.35225786856402436,0.021696440092734026
2018-04-25 08:00:00,0.6472721834729558,0.016416250423345824,0.07034079361613904,0.40027830254484464,0.0
2018-04-25 09:00:00,0.42169302943675424,0.027889120028364876,0.10464962733923619,0.36347942659347654,0.0
2018-04-25 10:00:00,0.43231021626449817,0.03272424014070305,0.10315073800368657,0.22126855115448066,0.0
2018-04-25 11:00:00,0.38465218811049984,0.0,0.03028720757207702,0.0803702436474598,0.0
2018-04-25 12:00:00,0.3221314555848197,0.01594858797592,0.004731363054352793,0.04211146683257372,0.0
2018-04-25 13:00:00,0.20586262588031135,0.0,0.03477162069797524,0.02997084432023803,0.0
2018-04-25 14:00:00,0.1586142734357205,0.0,0.0,0.019458926224129678,0.0
2018-04-25 15:00:00,0.053489065670027876,0.0,0.0,0.03878175571306925,0.0
2018-04-25 16:00:00,0.0445131101972511,0.0,0.0,0.021070192422625592,0.0596768882499933
2018-04-25 17:00:00,0.0,0.0,0.0,0.04739395494051022,0.16010751347392344
2018-04-25 18:00:00,0.0,0.0,0.019896014265872775,0.09870144701143901,0.25982382168364937
2018-04-25 19:00:00,0.0,0.17849758007586586,0.22967219347512902,0.4152692410984223,0.625058407853663
2018-04-25 20:00:00,0.1524923725644327,0.45766246396111576,0.44449725441191096,0.2951604184293889,0.8699884622569101
2018-04-25 21:00:00,0.43543558095960316,1.0,0.7774715650351285,0.49644592320378494,0.6894651908144518
2018-04-25 22:00:00,0.8319503373192922,0.9248229869354676,1.0,1.0,0.0
2018-04-25 23:00:00,1.0,0.7152263076690724,1.0,1.0,0.0
2018-04-26 00:00:00,1.0,0.6379802489102663,0.9970774767552528,1.0,0.0
2018-04-26 01:00:00,1.0,0.4543102248697663,1.0,1.0,0.23561124729493563
2018-04-26 02:00:00,1.0,0.9197693978948549,1.0,1.0,0.3444418371214166
2018-04-26 03:00:00,1.0,1.0,1.0,1.0,0.716086513625343
2018-04-26 04:00:00,1.0,1.0,1.0,1.0,1.0
2018-04-26 05:00:00,0.7305222808645119,1.0,1.0,1.0,1.0
2018-04-26 06:00:00,1.0,1.0,1.0,1.0,1.0
2018-04-26 07:00:00,1.0,1.0,1.0,1.0,1.0
2018-04-26 08:00:00,1.0,1.0,1.0,1.0,1.0
2018-04-26 09:00:00,1.0,1.0,1.0,1.0,1.0
2018-04-26 10:00:00,1.0,1.0,1.0,1.0,1.0
2018-04-26 11:00:00,1.0,1.0,1.0,0.8353027157119244,1.0
2018-04-26 12:00:00,1.0,1.0,1.0,0.7231988768172147,1.0
2018-04-26 13:00:00,1.0,1.0,1.0,0.5371950548843161,1.0
2018-04-26 14:00:00,1.0,1.0,1.0,0.2383188706434624,1.0
2018-04-26 15:00:00,1.0,0.9670732999484078,1.0,0.48480272756862236,0.9254344581750953
2018-04-26 16:00:00,0.5307021541436282,0.8360830979441395,0.8119612178235303,0.2846272845148966,0.7540499855321441
2018-04-26 17:00:00,0.8895119113822608,0.5437405065352516,0.5226011712480583,0.14784552833225365,0.31379522620677397
2018-04-26 18:00:00,0.7701659164790411,0.46398928432511943,0.394192885455827,0.14768009279900404,0.24897970218313095
2018-04-26 19:00:00,0.44062199153054554,0.2005155653036413,0.07901752155137001,0.11417918570308189,0.2429244421608746
2018-04-26 20:00:00,0.37103074569369393,0.156140978063165,0.1054559708357107,0.07368009683515546,0.24610099278895678
2018-04-26 21:00:00,0.16674041878396587,0.031113142278502627,0.022809341716593053,0.015294575744965868,0.2390728700568017
2018-04-26 22:00:00,0.1544750465296028,0.0,0.008940320785693491,0.0,0.03013785205464228
2018-04-26 23:00:00,0.0,0.0,0.01442515371487832,0.052470020112849965,0.1307965293228289
2018-04-27 00:00:00,0.0,0.0,0.11607285300324793,0.15550959053443655,0.009400745796348323
2018-04-27 01:00:00,0.0,0.11571040866957173,0.20872346925570354,0.20862118214986497,0.030681547315025398
2018-04-27 02:00:00,0.03509541732555336,0.10196139996898038,0.5014076271252479,0.3209818736613459,0.0
2018-04-27 03:00:00,0.11270623751249574,0.18886005414631032,0.727746769197525,0.4663737148931759,0.046826390875166414
2018-04-27 04:00:00,0.21816176496320197,0.46478057939722295,0.8669941904812155,0.6655108098108873,0.06917990093104674
2018-04-27 05:00:00,0.31890691776145014,0.7969470750717146,1.0,0.399837477588665,0.04890026893111485
2018-04-27 06:00:00,0.3759953006332321,0.8855830182258939,1.0,0.3919867118725688,0.038565470211721464
2018-04-27 07:00:00,0.20807485366004902,0.4540887233405389,0.7834251719368073,0.1827280353454615,0.02445772675038078
2018-04-27 08:00:00,0.06113281737067677,0.14946893112624585,0.17415467645030647,0.04528825689274218,0.0
2018-04-27 09:00:00,0.0,0.02198090281644926,0.06627178734024952,0.045511927610019695,0.0
2018-04-27 10:00:00,0.0,0.02622147099701664,0.019786398904388495,0.050954876585852425,0.0
2018-04-27 11:00:00,0.0,0.005539320198445693,0.0,0.0,0.0
2018-04-27 12:00:00,0.0,0.0,0.0,0.0,0.0
2018-04-27 13:00:00,0.0477433271150598,0.0,0.0,0.010074845962129644,0.022989348425907243
2018-04-27 14:00:00,0.09753563018302562,0.0,0.0,0.01132767851661716,0.1057115030758152
2018-04-27 15:00:00,0.03944016537430002,0.0,0.0,0.0,0.1673206119786846
2018-04-27 16:00:00,0.05877786594788172,0.0,0.0,0.0,0.4110089455483553
2018-04-27 17:00:00,0.10857987018897892,0.025737486704326025,0.0,0.01409129642498442,0.29776701971977326
2018-04-27 18:00:00,0.2505529071785977,0.11825575324526001,0.023442520464959274,0.03039924582417918,1.0
2018-04-27 19:00:00,0.5028176039695663,0.4211357094437358,0.09873713193564254,0.25152510695310243,1.0
2018-04-27 20:00:00,0.5867662880646838,0.7397966162281245,1.0,0.7124481933936893,1.0
2018-04-27 21:00:00,0.4487359697054505,1.0,0.6062125955757837,0.9661693460302472,1.0
2018-04-27 22:00:00,1.0,1.0,0.45491975218893066,1.0,0.6960843420159408
2018-04-27 23:00:00,1.0,1.0,1.0,1.0,0.0
2018-04-28 00:00:00,0.9056200665868716,0.9155391832771392,1.0,1.0,0.34943759872844565
2018-04-28 01:00:00,1.0,0.29071377466767234,1.0,1.0,0.17376790116451654
2018-04-28 02:00:00,1.0,0.24243334446271805,1.0,1.0,0.22114286870396502
2018-04-28 03:00:00,1.0,0.39664963152742455,1.0,0.9855043598833977,0.328251257483437
2018-04-28 04:00:00,1.0,0.08455386801070507,1.0,1.0,0.13609858459933905
2018-04-28 05:00:00,1.0,0.3243495794834522,1.0,1.0,0.035928916488628754
2018-04-28 06:00:00,1.0,0.35115179142660147,0.5993213595752376,1.0,0.05151931623982568
2018-04-28 07:00:00,0.31905783680635263,0.23867662813710483,0.36415169345813925,1.0,0.0
2018-04-28 08:00:00,0.35540684695305524,0.10515982868648742,0.26976137242378156,0.5247379461929152,0.0
2018-04-28 09:00:00,0.43776074862546044,0.08098406276841016,0.33915068268560783,0.4789725844000329,0.0
2018-04-28 10:00:00,0.8108577158729443,0.16832312608930147,0.5079843462925849,0.6086032763416002,0.0
2018-04-28 11:00:00,0.9483443479401691,0.21322363495278646,0.8482925677737873,0.6295302885713171,0.045185977782466864
2018-04-28 12:00:00,1.0,0.23533611649787659,1.0,0.5544845015877053,0.08045109579734432
2018-04-28 13:00:00,1.0,0.43392257929278794,1.0,0.7884042136559146,0.11237722297028169
2018-04-28 14:00:00,1.0,0.6673072512264404,1.0,0.9259843792811895,0.2632746171866353
2018-04-28 15:00:00,0.87122349247298,0.48160022140043657,1.0,1.0,0.27520364250682466
2018-04-28 16:00:00,0.642821905324295,0.4557770750008188,1.0,0.9009356841636824,0.3563420850424022
2018-04-28 17:00:00,1.0,0.6652472655139978,1.0,1.0,0.3446999332443188
2018-04-28 18:00:00,0.6141205492593601,0.6008227466526167,1.0,1.0,0.350336915982986
2018-04-28 19:00:00,1.0,1.0,1.0,1.0,1.0
2018-04-28 20:00:00,1.0,1.0,1.0,1.0,0.7871289062653813
2018-04-28 21:00:00,1.0,1.0,1.0,1.0,1.0
2018-04-28 22:00:00,1.0,1.0,1.0,1.0,1.0
2018-04-28 23:00:00,1.0,1.0,0.948080547322621,1.0,1.0
2018-04-29 00:00:00,1.0,1.0,1.0,1.0,0.897685832432594
2018-04-29 01:00:00,1.0,1.0,0.8162071117214303,0.8401922421997305,1.0
2018-04-29 02:00:00,1.0,1.0,0.4835020397965715,0.9285343116706436,0.29818257145789706
2018-04-29 03:00:00,1.0,1.0,0.6249473600393047,0.6267193609702609,0.5878300147538235
2018-04-29 04:00:00,1.0,0.8822816565338386,0.7508813965674366,0.19182813381463515,0.0
2018-04-29 05:00:00,1.0,1.0,1.0,0.0009989463826451583,0.0
2018-04-29 06:00:00,1.0,0.26279647217426283,0.9406515740422192,0.0,0.01721963665984913
2018-04-29 07:00:00,1.0,0.0234446873293741,0.7380131772984838,0.0,0.010596801648409268
2018-04-29 08:00:00,1.0,0.061185164586396314,0.6356956169783309,0.05051386486238793,0.0
2018-04-29 09:00:00,1.0,0.15976352843652672,0.4732224284804033,0.16926450146173078,0.0
2018-04-29 10:00:00,1.0,0.8694181367178117,0.4068938252729246,0.22652061169370244,0.05487426936698053
2018-04-29 11:00:00,1.0,1.0,0.1565666335683242,0.16137259672119655,0.0
2018-04-29 12:00:00,1.0,0.8583565239104655,0.07576055359657755,0.16967890219879367,0.005457902765985447
2018-04-29 13:00:00,1.0,0.5805125272902102,0.2871132336000783,0.5913604192387925,0.3307732149603451
2018-04-29 14:00:00,1.0,1.0,0.59826244339569,0.4363438721839889,1.0
2018-04-29 15:00:00,1.0,0.37720211890161515,1.0,0.7367437696446617,1.0
2018-04-29 16:00:00,1.0,1.0,1.0,0.33902810732579686,1.0
2018-04-29 17:00:00,1.0,1.0,1.0,0.7219170885620387,1.0
2018-04-29 18:00:00,1.0,0.42330855238437015,1.0,0.4137033003678313,1.0
2018-04-29 19:00:00,1.0,0.00016930837704395193,1.0,0.7764817295047857,1.0
2018-04-29 20:00:00,1.0,1.0,1.0,1.0,1.0
2018-04-29 21:00:00,1.0,0.9464575993836176,1.0,0.708195549656201,0.45844199727426377
2018-04-29 22:00:00,1.0,0.12880154021694912,1.0,0.27671200577600985,1.0
2018-04-29 23:00:00,1.0,1.0,1.0,1.0,1.0
2018-04-30 00:00:00,1.0,1.0,1.0,0.36561954565119564,1.0
2018-04-30 01:00:00,1.0,1.0,1.0,1.0,1.0
2018-04-30 02:00:00,1.0,1.0,1.0,1.0,0.7067768424575255
2018-04-30 03:00:00,1.0,1.0,1.0,1.0,0.740447981025585
2018-04-30 04:00:00,1.0,1.0,1.0,1.0,1.0
2018-04-30 05:00:00,1.0,1.0,1.0,1.0,0.9699598979710737
2018-04-30 06:00:00,1.0,1.0,1.0,1.0,1.0
2018-04-30 07:00:00,1.0,0.958277057417067,0.7942782332171734,0.9160549479142707,0.6663130262486144
2018-04-30 08:00:00,1.0,0.45759553858408736,0.6133971878514308,0.42320427070598815,0.49021091199786043
2018-04-30 09:00:00,0.9411364209680608,0.32814848639952077,0.15060037440037588,0.336523306182229,0.4472502467900246
2018-04-30 10:00:00,1.0,0.5555294340871636,0.21258355630189407,0.10135029096996943,0.7430616589150101
2018-04-30 11:00:00,1.0,0.5329658988249257,0.24145581929170673,0.0,0.9270188254498465
2018-04-30 12:00:00,1.0,1.0,0.05189688022897712,0.0,0.9962456889965711
2018-04-30 13:00:00,1.0,1.0,0.03281342794218019,0.0,1.0
2018-04-30 14:00:00,1.0,0.8450331598343273,0.06292774028306478,0.0,0.6690020372417199
2018-04-30 15:00:00,1.0,0.5819462614508099,0.09038868504638477,0.06751405022483607,0.6586937991620501
2018-04-30 16:00:00,1.0,0.8466547368895265,0.17975359971153937,0.8325673896403962,1.0
2018-04-30 17:00:00,1.0,0.3021498965298477,0.1591716421077346,1.0,1.0
2018-04-30 18:00:00,1.0,0.3873471497944503,0.2778618546158126,1.0,1.0
2018-04-30 19:00:00,1.0,0.6723233771407989,0.4420441070159216,0.37759684738907373,1.0
2018-04-30 20:00:00,1.0,1.0,1.0,0.6017234471379077,1.0
2018-04-30 21:00:00,1.0,0.473513258180253,1.0,0.43477873384417504,0.8707313102247503
2018-04-30 22:00:00,1.0,0.8571231550919617,1.0,0.9012559392742612,0.08673846071463882
2018-04-30 23:00:00,1.0,1.0,1.0,0.40451751381068923,0.16408997452235977
2018-05-01 00:00:00,0.9675355171830096,1.0,1.0,0.5319467364289263,0.0
2018-05-01 01:00:00,1.0,1.0,1.0,0.357957507233548,0.018803725662784473
2018-05-01 02:00:00,0.7361446698733598,1.0,1.0,0.2900347017622797,0.22651131720257672
2018-05-01 03:00:00,0.48900386116367617,0.7028592210166708,0.775219402521919,0.19580385855073557,0.04835484537673017
2018-05-01 04:00:00,1.0,0.23323693860493266,0.35333825103098676,0.034870968921019256,0.02283027772340184
2018-05-01 05:00:00,0.6589157276949369,0.09101709224589093,0.14086686735526277,0.0,0.0
2018-05-01 06:00:00,0.20576906717141705,0.1093144460479507,0.0725760902283694,0.08373202307756927,0.004732241353751192
2018-05-01 07:00:00,0.21112064518013965,0.1502186548241494,0.2705803305050508,0.10705079052717512,0.0
2018-05-01 08:00:00,0.32021582935164966,0.10245884329025474,0.3490763185640649,0.0,0.0
2018-05-01 09:00:00,0.21465479829731354,0.0,0.1487206222507798,0.0,0.02642077253228543
2018-05-01 10:00:00,0.1547304070668359,0.0,0.07107967363498548,0.0,0.0
2018-05-01 11:00:00,0.0,0.0,0.02297437347301883,0.0,0.0
2018-05-01 12:00:00,0.0,0.040811495861940765,0.0427981269096788,0.0,0.01178876828851541
2018-05-01 13:00:00,0.0498270828321594,0.2907570309785774,0.004954350303059262,0.0,0.02399121558183695
2018-05-01 14:00:00,1.0,0.39883047688078355,0.0,0.05164825848754291,1.0
2018-05-01 15:00:00,1.0,0.3662510385251876,0.0,0.09999770868205417,1.0
2018-05-01 16:00:00,1.0,0.21605321197774507,0.18746184831065868,1.0,0.07745698482468155
2018-05-01 17:00:00,1.0,0.08507963733123934,0.0,0.9373020267794973,0.0
2018-05-01 18:00:00,1.0,0.0,0.0,0.5176882735420884,0.0
2018-05-01 19:00:00,1.0,0.48393144145074407,0.6255710356818537,0.5759906782237753,0.4190111494597307
2018-05-01 20:00:00,1.0,0.646790064260379,0.9925400572432892,0.5693369003772025,0.04743213440177849
2018-05-01 21:00:00,1.0,1.0,0.915944854873985,0.29018190553001283,0.05957163537750705
2018-05-01 22:00:00,1.0,1.0,0.5912108702660194,0.19768421523888402,1.0
2018-05-01 23:00:00,1.0,0.38923729368810683,0.852433228918239,0.2911081995884885,0.986855509594371
2018-05-02 00:00:00,1.0,0.7246243508739165,0.4133392031679573,0.0,0.22879781449521625
2018-05-02 01:00:00,0.8280788862447859,0.4596292234324334,0.31342720856061124,0.005306211675098325,0.034628995988088246
2018-05-02 02:00:00,1.0,0.7601992026418593,0.1710649857049767,0.09178990492507122,0.0
2018-05-02 03:00:00,0.7675072987679087,0.1718726576658452,0.03554649046091949,0.20772798749177082,0.0
2018-05-02 04:00:00,0.29375805594479715,0.15213077837452754,0.03469222253241649,0.17463265333162037,0.0
2018-05-02 05:00:00,0.1510587179004114,0.0,0.02105211027514656,0.195110269735467,0.07500608842220444
2018-05-02 06:00:00,0.05061374819023691,0.0,0.05083001772899062,0.0083292236230025,0.08025913867881967
2018-05-02 07:00:00,0.0,0.0,0.1109667971425766,0.0,0.02550207979782698
2018-05-02 08:00:00,0.029285500344209917,0.0,0.029590081442871678,0.06049484983455443,0.0
2018-05-02 09:00:00,0.0,0.003604705699600231,0.0,0.13387582370178014,0.0
2018-05-02 10:00:00,0.0,0.07787092432984734,0.009198267192464641,0.0,0.0
2018-05-02 11:00:00,0.0,0.1437790975015871,0.056519197656390435,0.09635253195994706,0.02511158424937772
2018-05-02 12:00:00,0.0,0.17044860670596032,0.08126914957011142,0.0,0.0
2018-05-02 13:00:00,0.08790751289288161,0.2828912865144871,0.16514359442856835,0.2588587841495567,0.18681359681259946
2018-05-02 14:00:00,0.16358448118306015,0.34252432520299075,0.09079860445463002,0.22606615902818356,0.2334075113164043
2018-05-02 15:00:00,1.0,0.2589443941579757,0.05738853320075835,0.6819917348789104,0.2585033030294762
2018-05-02 16:00:00,1.0,1.0,0.37307136850927086,0.7646475044966841,1.0
2018-05-02 17:00:00,1.0,0.23911879968280178,0.6708939657738993,0.398880269016771,1.0
2018-05-02 18:00:00,0.9515532570260405,0.2239263112361094,0.42804200052860053,0.0,1.0
2018-05-02 19:00:00,0.4507232313480642,0.23434847279704718,0.5381091164457648,0.8924058094422941,1.0
2018-05-02 20:00:00,1.0,1.0,0.9965504353634586,0.0,0.18043534232467687
2018-05-02 21:00:00,0.608513846658459,1.0,0.11376268521596149,0.9702461725494821,0.19177329391234813
2018-05-02 22:00:00,0.2593098992568148,1.0,0.1974479566138116,0.44413608167886137,0.004209922628924876
2018-05-02 23:00:00,0.08830489463387493,0.20918079473888437,0.33781702884844755,0.5631554009206384,0.0903973292705933
2018-05-03 00:00:00,0.0,0.1847085944231999,0.10517934842758798,0.11225167757131112,0.06328635173656187
2018-05-03 01:00:00,0.20029792566992038,1.0,0.07585529943298995,0.0957212777258776,0.12153390572757795
2018-05-03 02:00:00,0.0,0.02371014562849992,0.2447212838180982,0.010940967872520408,0.0
2018-05-03 03:00:00,0.0,0.12069865390761986,0.12183058395603182,0.1327968313635817,0.0
2018-05-03 04:00:00,0.11134484881959399,0.6206934243622532,0.47704045693606256,0.3044273919849391,0.04009955020896524
2018-05-03 05:00:00,0.12512001345356066,0.23044605903059528,0.046362203259014356,0.32188686105884257,0.0
2018-05-03 06:00:00,0.4851966967042954,0.13554170405397334,0.0,1.0,0.0
2018-05-03 07:00:00,0.5340211729220121,0.07448427664782681,0.0,1.0,0.214832089975839
2018-05-03 08:00:00,0.5464519725509678,0.6469953274952689,0.13053269393900693,0.7711943703275513,1.0
2018-05-03 09:00:00,0.2283160352057554,0.784787116296737,0.0,1.0,0.3050818282293485
2018-05-03 10:00:00,0.5552300734342125,0.6768273635094992,0.0,1.0,1.0
2018-05-03 11:00:00,1.0,1.0,0.021953183075741966,1.0,0.6794454510368766
2018-05-03 12:00:00,0.831955514213803,1.0,0.1835063716147529,0.9617107375387681,0.5089461598642777
2018-05-03 13:00:00,1.0,1.0,1.0,1.0,1.0
2018-05-03 14:00:00,1.0,1.0,0.3046226736384956,0.9792548866434364,1.0
2018-05-03 15:00:00,1.0,1.0,0.5637150970130949,0.23865857533697485,1.0
2018-05-03 16:00:00,1.0,1.0,0.6853853119235588,0.11541332137506106,0.3760091793634927
2018-05-03 17:00:00,1.0,1.0,0.9847025317427452,0.25012551300581437,0.5362087273355225
2018-05-03 18:00:00,1.0,1.0,0.1473179505723445,0.0199380314498358,0.4479867664551763
2018-05-03 19:00:00,1.0,0.9754987932807906,0.7493379796526054,0.04068856486914101,0.28168849558765363
2018-05-03 20:00:00,1.0,1.0,0.7180158994696348,0.13844297594453625,0.16045047732212045
2018-05-03 21:00:00,1.0,0.7086069055436977,0.7036897891065537,0.14435377566252797,0.3184479810420694
2018-05-03 22:00:00,1.0,0.9507319817214629,0.622479476414381,0.13964303278071574,0.18370050803090665
2018-05-03 23:00:00,1.0,1.0,1.0,0.2840250729485833,0.12268049053923702
2018-05-04 00:00:00,1.0,1.0,1.0,0.4222232078360415,0.029368567552902278
2018-05-04 01:00:00,1.0,1.0,1.0,0.523110551944389,0.1420506332716718
2018-05-04 02:00:00,1.0,0.9540313257938704,1.0,0.5044880592415869,0.20924207002347453
2018-05-04 03:00:00,1.0,0.8807434462855269,1.0,0.4293397008650354,0.2556267254364708
2018-05-04 04:00:00,1.0,0.7883895024705383,1.0,0.3873917076105042,0.16121892447168368
2018-05-04 05:00:00,1.0,0.650390551029349,1.0,0.5329636528103056,0.22436837085507993
2018-05-04 06:00:00,1.0,0.6140147303087699,0.9951459837408385,0.5038762662092658,0.3248969047188343
2018-05-04 07:00:00,0.7526053313156436,0.4930033472819144,0.6207232110150185,0.21497117943401758,0.06681209720715724
2018-05-04 08:00:00,0.21889679596776554,0.17928589691573113,0.20937581203726782,0.12512059576835927,0.053938860690172834
2018-05-04 09:00:00,0.12386839679245926,0.19583326108616803,0.14684114163645973,0.036945422327565855,0.0
2018-05-04 10:00:00,0.13866124265145308,0.16113559049610915,0.10245231735607392,0.016098712328769502,0.0
2018-05-04 11:00:00,0.11921332734020235,0.09283622012781287,0.09159067104777584,0.00894450621431948,0.0
2018-05-04 12:00:00,0.11596054610423198,0.10062063210768467,0.05772297878226876,0.07750437535177294,0.02898814195721309
2018-05-04 13:00:00,0.0,0.04649670161456542,0.05847742746511703,0.13736193203221797,0.06360852209611191
2018-05-04 14:00:00,0.39919660331532486,0.005263365501858175,0.056413557309270154,0.08005766097094556,0.011353258242941972
2018-05-04 15:00:00,0.08929453340262929,0.07917934820538915,0.0656883998599991,0.0,0.07982551141494161
2018-05-04 16:00:00,0.03923619574276554,0.0,0.0,0.0,0.0
2018-05-04 17:00:00,0.09846147324039403,0.11499565069149525,0.0,0.02848531580308734,0.024838440583248276
2018-05-04 18:00:00,0.06932810559377704,0.05500102294401051,0.0,0.412966612439059,0.0526854598860322
2018-05-04 19:00:00,0.2507050070736418,0.056045362603028254,0.11972989084795972,0.4709334814768014,0.19352665369799094
2018-05-04 20:00:00,0.22060738007058528,0.042981970410993595,0.35015810098837863,0.5147898582138408,0.9515622553440493
2018-05-04 21:00:00,0.16367566433703767,0.06539674855963312,0.3206423872029997,0.6042570820770942,0.8903319096787258
2018-05-04 22:00:00,0.3537458050843146,0.08630410377024096,0.550356281814702,0.8211667982996093,0.10488933454576299
2018-05-04 23:00:00,0.2879644302302692,0.23052303877705177,0.5887022928413858,0.35416475794740154,0.0
2018-05-05 00:00:00,0.32057933082165785,0.10946392335450628,0.5940005385006317,0.8666550356042438,0.02795653022646623
2018-05-05 01:00:00,0.4671187887122666,0.192647214768736,0.9709024887941103,0.340578280263378,0.0
2018-05-05 02:00:00,0.4997168036090549,0.7309799790647509,1.0,0.601432533167123,0.16823348086168669
2018-05-05 03:00:00,1.0,0.5341053497096084,1.0,0.8398740004897588,0.16690101336370344
2018-05-05 04:00:00,1.0,0.39586619027354786,1.0,1.0,0.09926078202623277
2018-05-05 05:00:00,1.0,0.15299745230893244,1.0,1.0,0.11353652667696573
2018-05-05 06:00:00,0.6261527652132265,0.19308158701510025,1.0,1.0,0.058478840964526664
2018-05-05 07:00:00,0.10133965212465659,0.18583222549056502,1.0,0.7249969032042946,0.05268638950955839
2018-05-05 08:00:00,0.0,0.059770248766078456,0.5924508080412862,0.28608550841741665,0.031539747756249445
2018-05-05 09:00:00,0.0,0.0362638956947027,0.37839730858306864,0.1898652039719888,0.0
2018-05-05 10:00:00,0.0,0.0,0.2893507323059501,0.18948128710979564,0.0
2018-05-05 11:00:00,0.0,0.0996359242599904,0.3446929704954026,0.1834149505914273,0.0
2018-05-05 12:00:00,0.0,0.05304551214377072,0.2909261733430511,0.3021313189128106,0.05586924413568829
2018-05-05 13:00:00,0.0,0.30089885889921075,0.36348867634636145,0.16956560382063482,0.015110513351218819
2018-05-05 14:00:00,0.0,0.36153272016122673,0.014471869847366028,0.10964191733185286,0.0
2018-05-05 15:00:00,0.0,0.13065661980275914,0.17718777753619808,0.055938024398466915,0.1259170970805667
2018-05-05 16:00:00,0.0315295553081293,0.332542090265484,0.10738951037087228,0.0539632982219141,0.02005997718416711
2018-05-05 17:00:00,0.07176101693311905,0.034606309399213844,0.13315371752817456,0.0642610339812796,0.12065881258155786
2018-05-05 18:00:00,0.04477528995713959,0.316273643181957,0.12091763715592023,0.12166382043449198,0.07262566248289815
2018-05-05 19:00:00,0.032130184220755455,0.5118658632502698,0.0,0.12657154525858316,0.303647812526406
2018-05-05 20:00:00,0.05439782659321853,0.30907756431446415,0.1567358600812435,0.07987506591877809,1.0
2018-05-05 21:00:00,0.40234385609798773,0.4985118721266411,0.17337529786963424,0.020055545217786686,0.6893137799349136
2018-05-05 22:00:00,0.36551931259465104,0.23590195469802225,0.39494067087010204,0.06112791373991051,0.44436999664128357
2018-05-05 23:00:00,0.26077970017991736,0.020710186558809046,0.2783833927256305,0.2067635314935062,0.008642013472010794
2018-05-06 00:00:00,0.16176890838698704,0.0,0.34754479861485044,0.1032321818052219,0.07468076442615185
2018-05-06 01:00:00,0.2258463179974383,0.0,0.10037816892246,0.1145402811995159,0.0
2018-05-06 02:00:00,0.0963432926416134,0.08508541429884312,0.0,0.16493665033362073,0.0
2018-05-06 03:00:00,0.3398846390939128,0.24539283970571812,0.0,0.1605085519707174,0.0
2018-05-06 04:00:00,0.11926806499159048,0.2513490259045693,0.015495229000410973,0.14182462728415127,0.008727581745644936
2018-05-06 05:00:00,0.34285334831287156,0.10463786831643566,0.15454537768086168,0.02246737585901379,0.2233702625213176
2018-05-06 06:00:00,0.2718771430395914,0.03380613314155797,0.04333915585480846,0.034383974234409094,0.6049717023861398
2018-05-06 07:00:00,0.14798716817393967,0.0,0.0,0.020157216306991303,0.10637131685252564
2018-05-06 08:00:00,0.042605477180478545,0.02465005688727583,0.0,0.039382986357482254,0.025991315408329
2018-05-06 09:00:00,0.03329922709392027,0.08197928281569614,0.0,0.15255416218503418,0.0
2018-05-06 10:00:00,0.07912359069020965,0.19900103094592564,0.0,0.1944232515960695,0.0
2018-05-06 11:00:00,0.12809715653508533,0.29147049904468697,0.0,0.3189528698774585,0.017965394761448275
2018-05-06 12:00:00,0.21191948729562757,0.23990943298528433,0.04008434761874114,0.21870145776057076,0.0
2018-05-06 13:00:00,0.14113573395076848,0.09860193087579228,0.0,0.15372136458846633,0.0
2018-05-06 14:00:00,0.07116537372452611,0.04310233046665087,0.037536957000842676,0.2103536873309716,0.0
2018-05-06 15:00:00,0.0,0.0,0.0826404908176478,0.1535825540136158,0.0
2018-05-06 16:00:00,0.024062491154771482,0.0,0.19060957140519053,0.10106823355280972,0.10859853119451539
2018-05-06 17:00:00,0.0,0.0,0.2664045084458818,0.15910221897700536,0.0
2018-05-06 18:00:00,1.0,0.0,0.415830605106675,0.20450539903906967,0.0
2018-05-06 19:00:00,1.0,1.0,0.7033462296766486,0.5318952525451948,0.1592111455384217
2018-05-06 20:00:00,1.0,1.0,1.0,1.0,0.2777520509667766
2018-05-06 21:00:00,1.0,1.0,1.0,1.0,0.6667048964216923
2018-05-06 22:00:00,1.0,0.8644064230672193,1.0,1.0,0.4556396357326718
2018-05-06 23:00:00,1.0,0.702996310799305,1.0,1.0,0.015455972835610624
2018-05-07 00:00:00,0.9798383176724681,1.0,0.8031604206092494,1.0,0.0430896375324062
2018-05-07 01:00:00,0.8727602252315761,1.0,1.0,1.0,0.10772835571148069
2018-05-07 02:00:00,0.7425174440317669,0.8502421888446734,0.9149476446060519,1.0,0.1298788629771547
2018-05-07 03:00:00,0.6438507099386555,0.12210937016462306,1.0,0.8505959597813665,0.3478217817876953
2018-05-07 04:00:00,0.3479623188559887,0.08249525612351931,1.0,1.0,0.45671369751676805
2018-05-07 05:00:00,0.0,0.0,0.2208030978409246,1.0,0.3153529515796337
2018-05-07 06:00:00,0.3396151136908302,0.0,0.262415172698367,0.9314918868842887,0.21426072786406045
2018-05-07 07:00:00,0.12485172389087901,0.0,0.37551502531856373,0.2971825681157364,0.002050524096645745
2018-05-07 08:00:00,0.09022654898883661,0.0,0.8511598307748309,0.2104962746805276,0.0
2018-05-07 09:00:00,0.09159704213317624,0.024484979982425045,1.0,0.11742065757087554,0.0
2018-05-07 10:00:00,0.060573423600317255,0.015022643217146461,0.8535655740403787,0.15459738936448822,0.0
2018-05-07 11:00:00,0.0,0.04846495918668359,0.7255875073421548,0.2793829330835006,0.0
2018-05-07 12:00:00,0.0,0.02920818979633456,0.8180055432303961,0.475218951132546,0.0
2018-05-07 13:00:00,0.0,0.021303467615427528,0.7694886583286449,0.5687084065750971,0.0
2018-05-07 14:00:00,0.0,0.029088249087987017,0.34639813675234005,0.2770486981221337,0.23136613859306968
2018-05-07 15:00:00,0.0,0.07616512003516573,0.2887961954563805,0.584223862651516,0.0
2018-05-07 16:00:00,0.029822415917151866,0.025967729695715168,0.14236031160786644,0.7684707092432339,0.14891139914868426
2018-05-07 17:00:00,0.1321657605561652,0.062432407767465066,0.09796753324020274,0.9340092435212837,0.47476320788919685
2018-05-07 18:00:00,0.3964649340974476,0.3864679331758633,0.2886254593249426,0.5000540555663295,1.0
2018-05-07 19:00:00,0.6286436930848678,0.2227632874045646,0.5674791985889269,0.31471505816745154,0.0
2018-05-07 20:00:00,0.4326427607549632,0.31252616067395306,0.563398190441006,0.930623996470759,0.013922314639622452
2018-05-07 21:00:00,0.07331730621109481,0.018180059193322943,1.0,0.42063999014588566,0.0
2018-05-07 22:00:00,0.19019125924127372,0.6438951909518797,0.6334624513157676,0.421514345388051,0.1887470412316584
2018-05-07 23:00:00,0.24799890534692864,0.28623253527416725,1.0,0.2386503234792402,0.3892131782453448
2018-05-08 00:00:00,0.15367630378883534,0.10292806784192245,1.0,1.0,1.0
2018-05-08 01:00:00,0.03186948883985171,0.07949860388423212,1.0,1.0,0.039552178206892205
2018-05-08 02:00:00,0.0,0.08219354974323134,1.0,1.0,0.37418306929807205
2018-05-08 03:00:00,0.0,0.5479282062861803,1.0,1.0,0.3039346869742318
2018-05-08 04:00:00,1.0,1.0,0.4712987608870535,1.0,0.9701269237169025
2018-05-08 05:00:00,1.0,1.0,1.0,1.0,0.7861061254244617
2018-05-08 06:00:00,0.8642743298362912,1.0,0.9950084432311531,0.9077678595122067,1.0
2018-05-08 07:00:00,0.9587670926083515,1.0,0.48117428069969326,0.42760972010473974,0.801976111317839
2018-05-08 08:00:00,0.7378014595793599,1.0,0.7981924041367429,0.31661634519544746,0.2521381811632697
2018-05-08 09:00:00,0.3109771743061906,1.0,0.8036564534711651,0.2948829051710027,0.030956777677912935
2018-05-08 10:00:00,0.4585067572109498,0.9504341796897552,0.914123232711669,0.19936076310074227,0.0
2018-05-08 11:00:00,0.5335076015405714,0.6933459112656456,0.7779014871267318,0.07233338421873944,0.0
2018-05-08 12:00:00,0.5341326121637706,0.5257126734308961,0.49338561941799375,0.0,0.0
2018-05-08 13:00:00,0.37709602224074995,0.6888818749767661,0.5277151818322561,0.0,0.0
2018-05-08 14:00:00,0.19867798947186158,0.5837456939946503,0.3357519815207176,0.059555878442571424,0.07267468349262932
2018-05-08 15:00:00,0.23259938625933485,0.3407596705462805,0.2651683584235402,0.02872437062412763,0.041160674937067786
2018-05-08 16:00:00,0.30334483882045093,0.2526754327637512,0.363971287945151,0.005714207453319053,0.9164633393073285
2018-05-08 17:00:00,0.23341482795841104,0.18248238820590768,0.44562762683704266,0.0,0.9067606633947095
2018-05-08 18:00:00,0.33565515817034475,0.06918278080994351,0.42962852773930776,0.12409622772088778,0.9776011881164788
2018-05-08 19:00:00,0.6316678472199736,0.1398873218446472,0.49795520692678835,0.419870251500437,0.9501583230554992
2018-05-08 20:00:00,0.8792831018717121,0.03374139478788243,0.15345578623858447,0.24612353415713173,1.0
2018-05-08 21:00:00,0.7592372276129251,0.09819467892488691,0.12983270794780516,0.31225273598590747,0.8252211104544355
2018-05-08 22:00:00,0.7534945514599048,0.10100622917366434,0.1201878331507891,0.5222646730888464,0.027697532785189327
2018-05-08 23:00:00,0.4642332728577515,0.09369358066436242,0.34111763483667557,0.576327643734071,0.25083247379437884
2018-05-09 00:00:00,0.1615234353394939,0.05812475820857397,0.33555920897518005,0.29443710781366084,0.04645492076128987
2018-05-09 01:00:00,0.044458033528727146,0.1672063682815054,0.08892404683109806,0.2501738713412098,0.04392600373241533
2018-05-09 02:00:00,0.022175481369198148,0.49237493580527036,0.0,0.23537770282339457,0.0
2018-05-09 03:00:00,0.17628767599837428,0.722124043387252,0.0,0.16879526344390122,0.0
2018-05-09 04:00:00,0.1743351604901352,0.6109614113894454,0.0,0.3691042952587691,0.0
2018-05-09 05:00:00,0.3960640497578817,0.4690872883147073,0.0,0.26271429609875363,0.0
2018-05-09 06:00:00,0.3652974957928116,0.3276517472219325,0.0,0.2013425016355161,0.04263995078753538
2018-05-09 07:00:00,0.22793138897406243,0.16731078665194074,0.05407351984281873,0.06435341479089011,0.0
2018-05-09 08:00:00,0.24032447991529898,0.2488441752677445,0.14271250094800864,0.02116548316455506,0.0
2018-05-09 09:00:00,0.21630620875037904,0.40050547412188964,0.08151067731702824,0.0,0.0
2018-05-09 10:00:00,0.21073962986456862,0.27735544690558755,0.051646855697107225,0.0,0.0
2018-05-09 11:00:00,0.21269483731064756,0.05293978162618365,0.052267500805486214,0.0,0.019461452692207216
2018-05-09 12:00:00,0.10052786813817298,0.0,0.020049395798709176,0.0,0.08911548674550568
2018-05-09 13:00:00,0.10551419150559248,0.0,0.0023094759108106475,0.0,0.06969709609813413
2018-05-09 14:00:00,0.15288915757068997,0.0,0.007810333848021818,0.042012244709266934,0.02792507018600757
2018-05-09 15:00:00,0.1081667364044149,0.0,0.0,0.021571011868517304,0.03730729342219509
2018-05-09 16:00:00,0.09856410332778534,0.0,0.006945880452888522,0.0,0.11867007743230935
2018-05-09 17:00:00,0.08199029413002835,0.0,0.08904466708354637,0.0,0.23397617173843854
2018-05-09 18:00:00,0.05672765755774098,0.05667218354909668,0.009419836491400853,0.09389519778212589,0.0
2018-05-09 19:00:00,0.15743441870758443,0.4554214304336644,0.31793597019901443,0.0,0.5094471994187597
2018-05-09 20:00:00,0.07222387081891808,0.0,0.02699732493154742,0.08537613227751747,0.9975210590854026
2018-05-09 21:00:00,0.03277154043744508,0.0,0.09315983235074134,0.6472653190256245,1.0
2018-05-09 22:00:00,0.3033332226392043,0.30603847041170124,1.0,0.7101584962397525,0.7273168606494343
2018-05-09 23:00:00,0.4833355301861608,0.028369918517943366,0.7545671226435476,0.8214903657849439,0.07162031153485475
2018-05-10 00:00:00,0.2454468257554231,0.052366917460965244,0.4589224960597988,0.35698097669292506,0.192826372373178
2018-05-10 01:00:00,0.43258543630254703,0.0,0.4064993519231028,0.4094238641445451,0.10430860021627242
2018-05-10 02:00:00,0.007410034853098902,0.0,0.20849452838335733,0.6489770573669402,0.1505335388982673
2018-05-10 03:00:00,0.8090443063942202,0.0,0.05484987259674498,0.9621092904029949,0.19615199174526546
2018-05-10 04:00:00,0.6906726233999422,0.0,0.3211522017660066,0.9259386991047713,0.15319840855492112
2018-05-10 05:00:00,0.7912661779135933,0.0,0.9178188259205217,0.2502219673566374,0.023950709488870642
2018-05-10 06:00:00,0.2744228169463095,0.03780337337719995,0.3780239730953925,0.16603803555729663,0.0
2018-05-10 07:00:00,0.035557091912085566,0.14837678574786378,0.090360488991833,0.03772363825423126,0.0
2018-05-10 08:00:00,0.02720775311615271,0.12280782359045596,0.024251025152954526,0.06061094468740892,0.0
2018-05-10 09:00:00,0.051193087025608555,0.31085842984847856,0.08432369399979704,0.045749032142840464,0.0
2018-05-10 10:00:00,0.15643741198355443,0.4656756351740754,0.11954023771401702,0.08959414865161261,0.0
2018-05-10 11:00:00,0.20931907997783053,0.7374774510048198,0.3370909839052089,0.29786401691358744,0.0
2018-05-10 12:00:00,0.33599490824505784,0.717336275488402,0.8713089689745879,0.3657200919672009,0.0260727182933187
2018-05-10 13:00:00,0.6380000317407896,0.6830847348557361,1.0,0.33166141859038273,0.022962612241388892
2018-05-10 14:00:00,1.0,0.5520829553749715,1.0,0.4593376311848154,0.35235159343692235
2018-05-10 15:00:00,1.0,0.5712563445593126,1.0,1.0,1.0
2018-05-10 16:00:00,1.0,1.0,1.0,1.0,1.0
2018-05-10 17:00:00,1.0,0.3859650692251803,1.0,1.0,1.0
2018-05-10 18:00:00,1.0,0.07281007673446929,1.0,1.0,1.0
2018-05-10 19:00:00,1.0,0.17220299317661783,1.0,1.0,1.0
2018-05-10 20:00:00,1.0,0.7023194648034032,0.9856737410328722,1.0,0.6639526942412479
2018-05-10 21:00:00,1.0,0.1351895344505553,0.08302354461195743,1.0,1.0
2018-05-10 22:00:00,1.0,0.0,0.9301281424119522,1.0,1.0
2018-05-10 23:00:00,1.0,1.0,1.0,1.0,0.8566774242801499
2018-05-11 00:00:00,1.0,1.0,1.0,1.0,1.0
2018-05-11 01:00:00,1.0,1.0,1.0,0.9043980913790507,0.05866812368345935
2018-05-11 02:00:00,1.0,1.0,1.0,0.5846342279533533,0.0
2018-05-11 03:00:00,1.0,1.0,0.9150301939710983,0.4595852906155751,0.0
2018-05-11 04:00:00,1.0,1.0,0.6477392667032882,0.15089534459759785,0.05049671629272643
2018-05-11 05:00:00,1.0,0.470799209830048,0.32479779796806313,0.11002673782017723,0.0
2018-05-11 06:00:00,1.0,0.26755487950217216,0.13536227799058984,0.0,0.028261481982791093
2018-05-11 07:00:00,0.4632247173899371,0.13645179086541293,0.0422009232777757,0.0,0.0
2018-05-11 08:00:00,0.2194657155860156,0.13488723330489552,0.06697621994630257,0.030170769375005686,0.0
2018-05-11 09:00:00,0.22853850894120448,0.0003474148958129414,0.0,0.04734052680876656,0.030097314187796827
2018-05-11 10:00:00,0.08003191867354428,0.0,0.0,0.020359963022215804,0.11020733256688178
2018-05-11 11:00:00,0.0,0.05365062323598466,0.022518908580241883,0.0,0.2827934067614706
2018-05-11 12:00:00,0.0,0.11924571709464506,0.059478885833703886,0.03381649083669381,0.212070009340519
2018-05-11 13:00:00,0.08360416055674041,0.32833900703512914,0.03528834681017273,0.20108984420115272,0.4333578189302628
2018-05-11 14:00:00,0.3848550344211382,0.7275316111239393,0.0,0.273725797932779,1.0
2018-05-11 15:00:00,0.8025621660467841,0.8506858463762729,0.08211469692796451,0.687229698192604,1.0
2018-05-11 16:00:00,1.0,0.773756407218622,0.26377683443094446,1.0,1.0
2018-05-11 17:00:00,1.0,0.8611217589710999,0.25713751756430886,1.0,0.3400565300820305
2018-05-11 18:00:00,1.0,0.5118071424870068,0.3142302613811889,0.7474483114056405,0.928334677640207
2018-05-11 19:00:00,1.0,1.0,0.8301000482377207,1.0,1.0
2018-05-11 20:00:00,0.531985871486082,1.0,0.989294563757874,0.4817821166055707,1.0
2018-05-11 21:00:00,1.0,1.0,0.6203212920451423,0.45738741755204654,1.0
2018-05-11 22:00:00,0.7130513130964364,0.8290835597576728,0.5601502328215717,0.2512202062939312,0.5411346152410439
2018-05-11 23:00:00,0.600793458421715,0.3584679492128025,0.4389511015733859,0.5549812966684042,0.6379426640922398
2018-05-12 00:00:00,0.2625339604983348,0.272350999744358,0.2158680249788669,0.9722961092403992,0.5056128086821561
2018-05-12 01:00:00,0.2485182499577627,0.15739090041297202,0.2022561303822124,0.49536899805372103,0.046264067694504585
2018-05-12 02:00:00,0.22816364915375714,0.30522242757578777,0.2577628596164521,0.299774667143554,0.007757846953421639
2018-05-12 03:00:00,0.677090239632802,0.10741310268720326,0.3007699929849497,0.24226352816904562,0.07930940907719101
2018-05-12 04:00:00,0.5741468171254028,0.05893994800496061,0.08214245768134719,0.16969799609299177,0.09752555464452708
2018-05-12 05:00:00,0.35656244929015396,0.0,0.02852179678613707,0.02228855862651106,0.149117892800088
2018-05-12 06:00:00,0.37814912800956124,0.0,0.06411823256830561,0.07732674053323077,0.07244478941373882
2018-05-12 07:00:00,0.3205087291839447,0.0,0.2000491525119299,0.10980375985043278,0.0
2018-05-12 08:00:00,0.08265985391279336,0.003945282636549034,0.10661053316914104,0.08541609523156504,0.038523433873472526
2018-05-12 09:00:00,0.03866689389996232,0.03312156045836169,0.10388108719260405,0.10032755583062045,0.0
2018-05-12 10:00:00,0.07820755400847414,0.04839779277166285,0.13708175677234521,0.09211313983519627,0.10533919137356683
2018-05-12 11:00:00,0.05920423462478269,0.0641329493836009,0.08106909311610139,0.09392276028873785,0.239459115954585
2018-05-12 12:00:00,0.0753040764387567,0.11773150710578102,0.049709351624576625,0.093429971414861,0.3846461712813501
2018-05-12 13:00:00,0.22940945082466094,0.2678633792911784,0.0,0.10305166178728455,0.6010368447883634
2018-05-12 14:00:00,0.41415663431105987,0.594280056993237,0.0,0.34998600746379166,0.9779212595178447
2018-05-12 15:00:00,0.7799138248501698,1.0,0.020965418027371886,0.21036854491747028,1.0
2018-05-12 16:00:00,0.9819442888111669,0.9040150945914887,0.10535651209439008,0.23894558329778784,1.0
2018-05-12 17:00:00,1.0,1.0,0.2855744643985219,0.19546678871150433,1.0
2018-05-12 18:00:00,1.0,1.0,0.21014833426347157,0.05304734428587108,1.0
2018-05-12 19:00:00,1.0,1.0,0.20444754402104817,0.3022381640737243,1.0
2018-05-12 20:00:00,1.0,0.36728464308604514,0.045479817301611415,0.7837367309011518,0.45309203155101235
2018-05-12 21:00:00,1.0,0.24582446541680716,0.023560387466203585,0.4515490500010019,0.2512272010148763
2018-05-12 22:00:00,1.0,0.5254445436212954,0.13124376447550595,0.1517761584415031,0.24197419394855585
2018-05-12 23:00:00,0.976846152156976,0.35859487270301227,0.10702809564292821,0.14085043427483,0.21147450658590258
2018-05-13 00:00:00,0.8546661388936518,0.2087502120485896,0.021994838696560236,0.3425726345030583,0.12364419767639735
2018-05-13 01:00:00,0.34062395075759666,0.22204123218254684,0.013723186355462871,0.22775471503301742,0.06008541048196973
2018-05-13 02:00:00,0.043211558493520465,0.05797053005796636,0.013834259157144478,0.178244931049688,0.03808384294934554
2018-05-13 03:00:00,0.17834458531667435,0.16677628232759018,0.0,0.11069181996517766,0.0474072691442208
2018-05-13 04:00:00,0.2667104295514341,0.06413475813970812,0.0,0.12105870220209704,0.04581623322880142
2018-05-13 05:00:00,0.28490167906938874,0.0,0.007812848549958062,0.0,0.025063869271413883
2018-05-13 06:00:00,0.20990355535105534,0.0,0.0,0.021353588644145268,0.021525049564839017
2018-05-13 07:00:00,0.07224936115085712,0.0,0.0,0.0,0.03136964470092517
2018-05-13 08:00:00,0.04812175359026264,0.0,0.0,0.0,0.04581623322880142
2018-05-13 09:00:00,0.020270128466867446,0.0,0.0,0.0,0.11635011057693297
2018-05-13 10:00:00,0.027919939427121485,0.006916344575130893,0.0,0.0,0.231339832424908
2018-05-13 11:00:00,0.0,0.014710082395329777,0.0,0.0,0.4350165155444461
2018-05-13 12:00:00,0.0354789580923406,0.025256995539967818,0.0,0.0,0.4900372645805449
2018-05-13 13:00:00,0.15590265638035855,0.13246738151715606,0.0,0.0,0.5089376400941925
2018-05-13 14:00:00,0.5276244803927981,0.25676745340269114,0.0,0.0,0.7602320501085488
2018-05-13 15:00:00,0.8476956406020808,0.3815290678194783,0.005694282292421803,0.07998714089569076,1.0
2018-05-13 16:00:00,1.0,0.5019749654051241,0.044664177644577065,0.08082141648032162,1.0
2018-05-13 17:00:00,0.3894016528881469,0.46848779247604094,0.02242665136627134,0.12535919421618033,0.5917626717768536
2018-05-13 18:00:00,0.24633263979743258,0.6612933440858166,0.09553040363096522,0.14961546634803896,0.41441566024489807
2018-05-13 19:00:00,0.7339255460936305,0.5544266464405625,0.35193847434688585,0.04156079182132694,0.39321121411341076
2018-05-13 20:00:00,0.9291056196081333,1.0,0.4413505170005113,0.19400226918101135,0.4215764690308189
2018-05-13 21:00:00,0.9272768760682736,0.5553670331388133,0.1168120295960598,0.03582651107848869,0.9429829310054547
2018-05-13 22:00:00,0.8193667529316596,0.29174574788257557,0.2037634764084489,0.15283180559111625,0.4275941131396532
2018-05-13 23:00:00,1.0,0.0,0.6569039760230359,0.055360840767042646,0.5471979981677386
2018-05-14 00:00:00,1.0,0.16175158436106918,0.4945968637416863,0.22835812441174647,0.2388664505917862
2018-05-14 01:00:00,0.26725855298588747,0.08203884320496108,0.0,0.02363147896194649,0.12309826555404903
2018-05-14 02:00:00,0.0,0.04536266141755162,0.06925353184102032,0.06878193357564161,0.007827693067170002
2018-05-14 03:00:00,0.02170816292987259,0.08344113410443735,0.3520642337831914,0.0,0.0
2018-05-14 04:00:00,0.9823768087237339,0.06201222901918887,0.10231265124421858,0.0,0.0
2018-05-14 05:00:00,0.8039332577871834,0.15640998298755182,0.05629951993238073,0.005533068888246627,0.07700251260151712
2018-05-14 06:00:00,0.8646668605501433,0.12959766637361872,0.02670011459112817,0.02763457752498628,0.15253394203073942
2018-05-14 07:00:00,0.44189692492583676,0.1745489776950829,0.033633521415686936,0.0,0.03029387081099274
2018-05-14 08:00:00,0.3785657038206732,0.0,0.06952102589466135,0.02132549600736089,0.029922654890738462
2018-05-14 09:00:00,0.11821831599076381,0.09855114565375754,0.12011445414586411,0.0,0.03227355823184094
2018-05-14 10:00:00,0.1772513228454499,0.0,0.14712877403216695,0.0,0.07582145246515813
2018-05-14 11:00:00,0.13430507192992816,0.0,0.0420154540219689,0.0,0.042430365985942124
2018-05-14 12:00:00,0.11508786537189933,0.01651169949947761,0.020194805937449625,0.0,0.17260476908212316
2018-05-14 13:00:00,0.0,0.06352579994883994,0.0,0.0,0.3517919692054079
2018-05-14 14:00:00,0.0,0.45262565501429586,0.0,0.0,0.6777439602194769
2018-05-14 15:00:00,0.02454191142784477,0.49980960550681053,0.0,0.27836503210353536,0.7067644136159176
2018-05-14 16:00:00,0.02413932332025136,0.7831857575646497,0.0,0.2922019202261172,0.8643726974499638
2018-05-14 17:00:00,0.0,1.0,0.06530799290990152,1.0,0.8466466711555029
2018-05-14 18:00:00,0.026015942325405283,0.5506027662727104,0.1654821905367935,0.4190670228025033,0.6381299570630504
2018-05-14 19:00:00,0.3034200862025491,0.4654788553015627,0.02018370097174454,0.0330940173490884,0.395173956934001
2018-05-14 20:00:00,0.8737631466663558,0.32934057261487004,0.10693806701284371,0.6548130357717049,0.7203304740035783
2018-05-14 21:00:00,1.0,1.0,1.0,1.0,0.1654479378529176
2018-05-14 22:00:00,0.8717748067104257,0.8429504693026738,0.02083393821034762,0.6471219626897934,0.0
2018-05-14 23:00:00,0.5380503935299584,0.8478537612126865,0.26099397386063083,0.6320013377177152,0.024064585607418375
2018-05-15 00:00:00,0.29460159025266286,0.6135446223618375,0.4463149940700835,0.0732936741719047,0.0
2018-05-15 01:00:00,0.9985191206390005,0.22487081843840315,0.0,0.04412545307524728,0.10798870485054227
2018-05-15 02:00:00,0.27968595980041255,0.19472794906004728,0.09147309103041282,0.0,0.0
2018-05-15 03:00:00,0.3706293534789752,0.12240309018670655,0.14553978851520477,0.0,0.0
2018-05-15 04:00:00,0.5106960512934444,0.022164485841577763,0.3667448554032276,0.0,0.0
2018-05-15 05:00:00,0.08978892084985478,0.04101533586872411,0.3259071923108102,0.0,0.0
2018-05-15 06:00:00,0.0744562922356345,0.0,0.1055185425241652,0.044330711603244005,0.0
2018-05-15 07:00:00,0.0305551080868921,0.0,2.655629712042658e-06,0.08783516745364954,0.0
2018-05-15 08:00:00,0.0,0.0,0.0,0.04738665777008291,0.0
2018-05-15 09:00:00,0.0204859028057409,0.0,0.0,0.06239818750297184,0.07075947257227339
2018-05-15 10:00:00,0.017378314550966896,0.0,0.0,0.06025212771765147,0.06485485259101176
2018-05-15 11:00:00,0.024017346082212877,0.05283632339691341,0.0,0.0818349301296353,0.08178004325253108
2018-05-15 12:00:00,0.04883969700318259,0.12234741223393886,0.0,0.08544535755941941,0.14540931461378567
2018-05-15 13:00:00,0.2101237165289082,0.12914485279523485,0.0,0.10545564647625812,0.1259194763639595
2018-05-15 14:00:00,0.4070378609725076,0.11225864992220629,0.12862235971298622,0.11809610758863467,0.49983482988644756
2018-05-15 15:00:00,0.4404060110108703,0.1924743577965596,0.05524252117097103,0.05223346639829185,0.08700563882647347
2018-05-15 16:00:00,0.6619545628825496,0.23586159660446113,0.12413277608096504,0.023161275012821912,0.4130972951011816
2018-05-15 17:00:00,0.34150305377612555,1.0,0.027736580354521475,0.035997301744696016,0.3897459716913334
2018-05-15 18:00:00,0.10393367093555185,0.5324158384542931,0.3529820352887568,0.04221860167943161,1.0
2018-05-15 19:00:00,1.0,0.8209458182730599,0.7181110926771368,0.6578555098797496,0.9933948487359238
2018-05-15 20:00:00,0.06512349143422792,0.5312509111333714,0.3880857600750046,0.7169797656469948,0.744938056535331
2018-05-15 21:00:00,1.0,1.0,1.0,0.3028476241203128,1.0
2018-05-15 22:00:00,1.0,0.41316631755003935,0.2756363280942366,0.6425673267285532,0.4612228230435224
2018-05-15 23:00:00,0.6266104943999321,0.0,0.395539016588685,1.0,0.02545670324700192
2018-05-16 00:00:00,0.0,0.0,0.18525108790753514,0.36087020207124626,0.0
2018-05-16 01:00:00,0.011045338351551701,0.1990256093742142,0.01784084633846184,0.15545911530887588,0.0
2018-05-16 02:00:00,0.11985716657252367,0.23772192810655346,0.05392371478341617,0.16061400181908972,0.0
2018-05-16 03:00:00,0.03982288770950794,0.3901189016215794,0.0767662218480076,0.0,0.021629178131521844
2018-05-16 04:00:00,0.0,0.4706448012346858,0.1574922939216263,0.01838795268314747,0.07801428394624699
2018-05-16 05:00:00,0.08868568494746057,0.22635273654735616,0.043284213348229725,0.10678921662257665,0.06547374943033317
2018-05-16 06:00:00,0.38795823647123445,0.47950262515673725,0.02563994111769396,0.16452277113248762,0.030407718195080785
2018-05-16 07:00:00,0.046313694571830696,0.25299701199775565,0.0,0.10159668395954262,0.05192799593945957
2018-05-16 08:00:00,0.09834537111838627,0.0,0.0,0.0,0.0
2018-05-16 09:00:00,0.2049918109791644,0.0,0.0,0.0,0.0
2018-05-16 10:00:00,0.07122504363995388,0.0,0.0,0.038219639875634225,0.0
2018-05-16 11:00:00,0.04378818914156547,0.0,0.0,0.08312803052494219,0.0
2018-05-16 12:00:00,0.046428475403208075,0.0,0.0,0.0,0.0
2018-05-16 13:00:00,0.055104446197674635,0.016575805664262325,0.0,0.0,0.025715931850969355
2018-05-16 14:00:00,0.04280026915983683,0.1924662991791075,0.0,0.019349593383492996,0.31999688835958384
2018-05-16 15:00:00,0.1670035068546371,0.040505329914090206,0.022562036466074537,0.06810870584499741,0.3371104028907924
2018-05-16 16:00:00,0.23213574910352008,0.31340350794874183,0.02820970848330082,0.09552207310243253,0.3226608553055027
2018-05-16 17:00:00,1.0,0.04577324024388166,0.026090743661968056,0.03638675564576797,0.7255369333980646
2018-05-16 18:00:00,0.6328383398364863,0.7359970301876759,0.3580532484826431,0.033844731779180716,1.0
2018-05-16 19:00:00,0.8770769742977949,0.9830756145195457,0.32769505654170383,0.17459884034065293,1.0
2018-05-16 20:00:00,1.0,1.0,0.08359629259615906,1.0,1.0
2018-05-16 21:00:00,1.0,1.0,0.38341717998148167,1.0,1.0
2018-05-16 22:00:00,1.0,1.0,0.7689463272972207,1.0,1.0
2018-05-16 23:00:00,1.0,0.9872095379052294,1.0,1.0,0.18211749296816523
2018-05-17 00:00:00,1.0,1.0,1.0,1.0,0.007982310291362335
2018-05-17 01:00:00,1.0,1.0,1.0,0.8934179972692309,0.0
2018-05-17 02:00:00,1.0,0.6993105126260146,1.0,1.0,0.22600048629628025
2018-05-17 03:00:00,1.0,0.9049772804639379,1.0,1.0,0.07794608501103828
2018-05-17 04:00:00,1.0,0.7990066903466568,1.0,1.0,0.3371840995302444
2018-05-17 05:00:00,1.0,0.2867328233279968,1.0,1.0,0.013925750737310219
2018-05-17 06:00:00,1.0,0.0,1.0,0.5674122372879807,0.018361362031332342
2018-05-17 07:00:00,1.0,0.0,1.0,0.2027162758878469,0.035659373402891506
2018-05-17 08:00:00,1.0,0.0,0.8343488595561332,0.17354090062864627,0.0
2018-05-17 09:00:00,1.0,0.10921614625550251,1.0,0.2947026868532956,0.0
2018-05-17 10:00:00,0.8242197759707224,0.148991022254683,1.0,0.4323857137879022,0.0
2018-05-17 11:00:00,0.6160499571092958,0.3050650966958454,1.0,0.5938647111405236,0.08814004186451435
2018-05-17 12:00:00,0.9621943792836111,0.6246528824052744,1.0,0.6686686806257928,0.10177013716462663
2018-05-17 13:00:00,1.0,0.5902040576293079,1.0,0.5951244938059116,0.7069636872414127
2018-05-17 14:00:00,1.0,0.4505922073673285,1.0,1.0,1.0
2018-05-17 15:00:00,1.0,0.519862131573674,1.0,0.5195356559532599,1.0
2018-05-17 16:00:00,1.0,0.31693370895878675,1.0,0.44480257799365247,1.0
2018-05-17 17:00:00,1.0,0.5495708552446785,1.0,0.47166749774963895,1.0
2018-05-17 18:00:00,1.0,1.0,1.0,0.5854315114259503,0.949637192420951
2018-05-17 19:00:00,1.0,0.9889071055825839,1.0,0.821146380727079,1.0
2018-05-17 20:00:00,1.0,1.0,1.0,0.22638791320921656,1.0
2018-05-17 21:00:00,1.0,1.0,1.0,0.42619439599953224,0.9062539987885242
2018-05-17 22:00:00,1.0,1.0,1.0,0.2501139159093171,0.8457578569966526
2018-05-17 23:00:00,1.0,1.0,1.0,0.5655863166547388,0.4952218568232095
2018-05-18 00:00:00,1.0,0.7909327137534704,1.0,1.0,0.0586992456880442
2018-05-18 01:00:00,1.0,0.8764605651046583,1.0,1.0,0.1829253845384539
2018-05-18 02:00:00,1.0,0.0,1.0,0.7960986876036007,0.9525058304082832
2018-05-18 03:00:00,1.0,0.0,0.7943270883701334,0.45689481725926845,1.0
2018-05-18 04:00:00,1.0,1.0,0.3622745136349275,0.18075861110650862,1.0
2018-05-18 05:00:00,1.0,1.0,0.0633222746213144,0.0,1.0
2018-05-18 06:00:00,1.0,1.0,0.02059983426237964,0.016129116618943992,0.9339530130585472
2018-05-18 07:00:00,1.0,1.0,0.16840553570683908,0.0,0.3855770085702373
2018-05-18 08:00:00,0.20951667123279108,1.0,0.23819918115975694,0.0246416309074689,0.34775625247935354
2018-05-18 09:00:00,0.1314627905071026,0.6241953920634841,0.04730030542507753,0.03963414014759042,0.5745615656223745
2018-05-18 10:00:00,0.05046385816557468,0.2935237588484614,0.028812263459832024,0.10769153683090447,0.8075493344595892
2018-05-18 11:00:00,0.0,0.3607418618306586,0.048698971065740504,0.0463642821730258,0.5973883362534924
2018-05-18 12:00:00,0.0,0.42875482035433016,0.1659953806998317,0.00731419186499492,0.8881454013644028
2018-05-18 13:00:00,0.012666502488893987,0.8162954075028738,0.09226300645989177,0.037102152485980866,0.6327086823948883
2018-05-18 14:00:00,0.09028787185409923,0.8045882613990025,0.39565161760999734,0.08799492145294198,0.45794855607435025
2018-05-18 15:00:00,0.03434820635084247,0.46593123644685236,0.16023317959587954,0.10895082775595703,1.0
2018-05-18 16:00:00,0.26763291366221137,0.661946962251231,0.08385008768010588,0.1103793790257965,1.0
2018-05-18 17:00:00,0.4440922142526333,0.6458662980705042,0.0681497611275466,0.06595528819712838,1.0
2018-05-18 18:00:00,1.0,0.22412574927084294,0.1436292841619323,0.0,0.918952060969216
2018-05-18 19:00:00,1.0,0.572496613867382,0.5151314684073629,0.014256228204857887,0.677284202118762
2018-05-18 20:00:00,1.0,1.0,1.0,0.0,0.3307691510281325
2018-05-18 21:00:00,1.0,1.0,0.8815774965257903,0.0,0.0
2018-05-18 22:00:00,0.5866230535207704,1.0,1.0,0.102136668099389,0.0
2018-05-18 23:00:00,0.7893126213300357,1.0,1.0,0.8468644906123634,0.0
2018-05-19 00:00:00,0.39095064610361424,1.0,1.0,0.9380217751516587,0.0
2018-05-19 01:00:00,0.9445504479451741,0.9528716589567787,1.0,0.38355634845133957,0.0
2018-05-19 02:00:00,0.08980549784608058,1.0,0.09644450181153529,1.0,0.0
2018-05-19 03:00:00,0.06152831739608481,1.0,0.6419886219546188,1.0,0.0
2018-05-19 04:00:00,0.055127755931201894,1.0,0.15170435004566366,1.0,0.0
2018-05-19 05:00:00,0.0,0.8310707459376433,0.07568913935086971,1.0,0.034644759394911906
2018-05-19 06:00:00,0.09352288398558876,0.881656661027517,0.0492961356018947,1.0,0.08155056800337043
2018-05-19 07:00:00,0.059022161153861365,1.0,0.04100274725062771,1.0,0.0
2018-05-19 08:00:00,0.019042665031380655,1.0,1.0,1.0,0.2659777275023057
2018-05-19 09:00:00,0.09530556683504002,1.0,1.0,1.0,0.02641721848246393
2018-05-19 10:00:00,0.25378034299297286,1.0,1.0,1.0,0.0
2018-05-19 11:00:00,0.1134670528725109,1.0,1.0,1.0,0.04596428496472625
2018-05-19 12:00:00,0.14933322495559773,1.0,0.7558295238822087,1.0,0.039371768655724206
2018-05-19 13:00:00,0.24946536234438085,1.0,0.9331310839969152,1.0,0.011686240636432406
2018-05-19 14:00:00,0.12221104747193613,1.0,0.9357761400136396,0.9842047131382213,0.7540235320184784
2018-05-19 15:00:00,0.07808533426855804,1.0,1.0,0.5689002110923362,1.0
2018-05-19 16:00:00,0.7569722923226079,1.0,1.0,0.37588478526430663,1.0
2018-05-19 17:00:00,1.0,1.0,1.0,0.6015808287192796,0.3409987314968877
2018-05-19 18:00:00,1.0,1.0,1.0,0.5246325148552539,0.04426213674227343
2018-05-19 19:00:00,1.0,1.0,0.9259269303606307,1.0,0.32249441945252255
2018-05-19 20:00:00,0.9064835967451463,1.0,0.6110676668252513,0.23449199859173905,0.3695406574695339
2018-05-19 21:00:00,1.0,0.9803253388999245,0.9687192202164595,0.069080137315548,0.493038839205187
2018-05-19 22:00:00,0.8890596736448694,0.1949636436302466,1.0,0.035297927696515484,0.5658562297323809
2018-05-19 23:00:00,1.0,0.6106983263035444,0.5269474539077906,0.024867089740211894,0.11123649354044172
2018-05-20 00:00:00,1.0,0.2708947361902192,0.16936567909368955,0.06472681645612469,0.06582235186211195
2018-05-20 01:00:00,1.0,0.20577641910834102,0.49456482570979915,0.05014758196000756,0.0
2018-05-20 02:00:00,0.9770342272182023,0.08693399821826495,0.13415112163137216,0.0,0.03501182687578671
2018-05-20 03:00:00,0.6892856863072311,0.12780512948243117,0.2869439674618343,0.01979150007766712,0.00924250128787374
2018-05-20 04:00:00,0.8014013990834277,0.18679529610232165,0.22258237081245041,0.0,0.014460344284921878
2018-05-20 05:00:00,0.6308330941246948,0.09095933032175409,0.2846556335915061,0.0,0.2527625049355773
2018-05-20 06:00:00,0.9572536348220324,0.06775709747192882,0.23422520034323982,0.0,0.13263985541614595
2018-05-20 07:00:00,0.7689198297258063,0.07421169409703089,0.20218228206050132,0.0031064895292936398,0.044001010285988816
2018-05-20 08:00:00,0.6953829699724732,0.0010094921474236571,0.16564961938062675,0.0,0.03929323307451453
2018-05-20 09:00:00,0.24191513422345134,0.04561055504904132,0.061548397352602854,0.015755964146758176,0.0
2018-05-20 10:00:00,0.16634506016675263,0.043903844010932405,0.003304650683764483,0.011620806070612806,0.0
2018-05-20 11:00:00,0.030479201011420685,0.0,0.0630191510514541,0.03660525073934927,0.023370175500897913
2018-05-20 12:00:00,0.0,0.0,0.09228360195247665,0.018383332863863528,0.04897928679430997
2018-05-20 13:00:00,0.0,0.0,0.02103361302252955,0.03926447113982397,0.0
2018-05-20 14:00:00,0.0,0.0,0.06518215813143831,0.06713172539287487,0.02720371524311283
2018-05-20 15:00:00,0.05337039393047837,0.11365581135931772,0.05444260724520727,0.08029984504306795,0.17953516565125233
2018-05-20 16:00:00,0.06152425488368814,0.03436280749222537,0.05474900760396857,0.040343331877921246,0.10200484604459466
2018-05-20 17:00:00,0.14329019667021817,0.015038383983884008,0.03617947439542276,0.23832738615543955,0.44975051545697775
2018-05-20 18:00:00,0.22967986051303524,0.10820596362964625,0.014512567060241432,0.1084131905725125,0.5248804791831675
2018-05-20 19:00:00,0.27765840951429754,0.02469179546521112,0.0,0.09094730230445536,0.0
2018-05-20 20:00:00,0.5260158757485924,0.473990178202496,0.05255729112324817,0.25709720542290626,0.0
2018-05-20 21:00:00,0.2421492131807407,0.4542751498214687,0.2095720543846597,0.4186623738833576,0.08641510550725506
2018-05-20 22:00:00,0.06361486775755656,0.5618540772726713,0.3328371135789495,0.255273065136028,0.22216926125750858
2018-05-20 23:00:00,0.0,0.9048349006989711,0.5066463968716122,1.0,0.02551250241146886
2018-05-21 00:00:00,0.1975818020073948,1.0,0.6188537591491148,1.0,0.0
2018-05-21 01:00:00,1.0,0.744045330867021,0.5745933110367268,1.0,0.04799340282947681
2018-05-21 02:00:00,0.9811104801241743,0.7040977661215962,0.5184300303494114,0.8865196964315658,0.0
2018-05-21 03:00:00,1.0,0.3577301184355977,0.623813581701909,0.6948457300846143,0.0018325532078322718
2018-05-21 04:00:00,1.0,0.2205539453493221,0.5349336893206109,0.6266475213398031,0.06758821539142892
2018-05-21 05:00:00,1.0,0.11320680181238746,0.5310329539107642,0.5350772567704234,0.0727667347223285
2018-05-21 06:00:00,0.7557248787153852,0.103952478349659,0.578232206509961,0.2903909586138787,0.11599117393496036
2018-05-21 07:00:00,0.7166586875866418,0.044912797623649886,0.45164981755287076,0.06712738989307593,0.0
2018-05-21 08:00:00,0.5695615295556824,0.15618433707751175,0.3647158136739055,0.040103733450698315,0.0
2018-05-21 09:00:00,0.7173687940108111,0.07653374152222155,0.23622042279884772,0.0,0.0
2018-05-21 10:00:00,0.9135334993996514,0.08574688936985789,0.17129989710622567,0.0,0.0
2018-05-21 11:00:00,1.0,0.22050881164157074,0.29466662453653136,0.0,0.0
2018-05-21 12:00:00,1.0,0.2515147844709924,0.2592412364259844,0.0,0.0
2018-05-21 13:00:00,1.0,0.37993157908070513,0.15028790952654708,0.0,0.0
2018-05-21 14:00:00,1.0,0.23074048582015833,0.15042116646480244,0.014002703450555562,1.0
2018-05-21 15:00:00,1.0,0.3971434349971837,0.21612818977108,0.15767182860588924,1.0
2018-05-21 16:00:00,1.0,1.0,0.2079101446750648,0.1281685792559947,1.0
2018-05-21 17:00:00,0.5323767991098524,0.46197071841011167,0.2607776044137866,0.15615095996293296,1.0
2018-05-21 18:00:00,0.9327747020617784,0.21731612957473703,0.3975707184910698,0.7130800336692312,1.0
2018-05-21 19:00:00,1.0,0.4010825266915995,0.9556149901254813,1.0,0.7112082952388364
2018-05-21 20:00:00,1.0,1.0,0.6791440426216026,0.44116489833651334,1.0
2018-05-21 21:00:00,1.0,0.9780115750566518,1.0,0.8473359166951346,0.055479479694177825
2018-05-21 22:00:00,1.0,0.1511794237272119,0.7127464476692512,0.8622393080339058,0.10955538657257406
2018-05-21 23:00:00,1.0,0.09719448356187066,0.6728835996510979,0.6424597836875207,0.02348108604104014
2018-05-22 00:00:00,1.0,0.3192576455181146,0.6463834135307467,0.1362507612225498,0.074904928752706
2018-05-22 01:00:00,0.46811921164796966,0.3133942350442121,0.2522199770338813,0.16781499150885656,0.022796582517185526
2018-05-22 02:00:00,1.0,0.3008596691411088,1.0,0.2505820672030145,0.04395846090202237
2018-05-22 03:00:00,1.0,0.09017592215529935,1.0,0.17831343073093256,0.02717005140491659
2018-05-22 04:00:00,0.9320584535095598,0.034236903163959255,0.8583943207244499,0.08029059103758175,0.05722632025026682
2018-05-22 05:00:00,0.44252055212469077,0.02793533129377094,0.3475963871254486,0.5140663002376089,0.07704639943904275
2018-05-22 06:00:00,0.2518581678839831,0.025953901169873384,0.6305684265732535,0.4875834552104049,0.038368897533418135
2018-05-22 07:00:00,0.26340786326405197,0.0,0.25318778932069186,0.12074220172824668,0.0
2018-05-22 08:00:00,0.33624600449964875,0.0,0.05279452930940067,0.16748747957584534,0.013240109927024112
2018-05-22 09:00:00,0.5770111977868628,0.0,0.03539088291294375,0.2361936362467204,0.0
2018-05-22 10:00:00,0.8444291273914969,0.0,0.07284047550099532,0.23978636141895035,0.0
2018-05-22 11:00:00,0.6995931531441398,0.06698199302130237,0.1532391034229238,0.16874620943980645,0.0
2018-05-22 12:00:00,0.723875250580844,0.12317648941896572,0.14603086394003648,0.2208028738644964,0.03890214846789111
2018-05-22 13:00:00,0.8795675082420403,0.18851590161837878,0.9360460700090752,0.21836081721242975,1.0
2018-05-22 14:00:00,1.0,0.29250774751177977,0.9074136578598109,0.3263939617730601,1.0
2018-05-22 15:00:00,1.0,0.5946057210044305,0.72415140423018,0.6323002896804596,1.0
2018-05-22 16:00:00,1.0,1.0,1.0,0.7005954251888864,0.928998365015289
2018-05-22 17:00:00,1.0,0.7243476310406055,1.0,1.0,1.0
2018-05-22 18:00:00,1.0,1.0,1.0,1.0,0.5322195248160839
2018-05-22 19:00:00,1.0,1.0,1.0,0.8692681762969181,1.0
2018-05-22 20:00:00,1.0,0.8552947009016634,1.0,0.7366786860055444,1.0
2018-05-22 21:00:00,1.0,1.0,0.9110892353094929,1.0,1.0
2018-05-22 22:00:00,1.0,1.0,0.4888063002720725,1.0,1.0
2018-05-22 23:00:00,1.0,1.0,1.0,1.0,1.0
2018-05-23 00:00:00,1.0,1.0,0.495613101466722,0.7614724896979994,0.10614964070750246
2018-05-23 01:00:00,0.40195874304947377,0.4157143628530991,0.9048830475004546,0.622747522837203,0.2201451210039924
2018-05-23 02:00:00,1.0,0.18686448985018667,0.46257944862741895,0.5287945696165507,0.0
2018-05-23 03:00:00,1.0,0.07345118904997995,0.09245295665017272,0.3221434411136726,0.0
2018-05-23 04:00:00,1.0,0.022883904337908614,0.19266204936868378,0.26534675277647496,0.011975073749950032
2018-05-23 05:00:00,1.0,0.05773113587263936,0.9795146361132769,0.046221368772901374,0.2801993905311306
2018-05-23 06:00:00,1.0,0.0,0.15270113878113345,0.0,0.20232426053277625
2018-05-23 07:00:00,0.65246624317376,0.030151594959792267,0.16961515818236453,0.0,0.0
2018-05-23 08:00:00,1.0,0.0,0.40251125590484543,0.0,0.0
2018-05-23 09:00:00,1.0,0.11083483596879615,0.21916707271966068,0.0,0.0
2018-05-23 10:00:00,1.0,0.30023990574320303,0.2797768198387477,0.0,0.0
2018-05-23 11:00:00,1.0,0.6029113738260208,0.2175873645018177,0.06433905872599201,0.02130371923747284
2018-05-23 12:00:00,1.0,0.9660199889238106,0.38709869686402454,0.07350511009800119,0.5521849634904739
2018-05-23 13:00:00,1.0,1.0,1.0,0.025965770927408812,1.0
2018-05-23 14:00:00,1.0,1.0,1.0,0.059522215438884585,1.0
2018-05-23 15:00:00,1.0,0.9004637850603849,0.8338999734396566,0.11733669010182757,1.0
2018-05-23 16:00:00,1.0,0.5396312312308282,1.0,0.08087859815233238,1.0
2018-05-23 17:00:00,1.0,0.3432841637221162,1.0,0.3437478301143489,1.0
2018-05-23 18:00:00,1.0,1.0,0.9815142147738526,0.32377315971410675,1.0
2018-05-23 19:00:00,1.0,0.43250929803649585,1.0,0.2631011474631082,1.0
2018-05-23 20:00:00,1.0,0.5566649209148421,1.0,0.09898503384917483,1.0
2018-05-23 21:00:00,1.0,0.9615504137399077,1.0,0.48090722681060866,1.0
2018-05-23 22:00:00,1.0,1.0,1.0,0.6461400088988803,1.0
2018-05-23 23:00:00,1.0,0.6649128294208467,1.0,0.4606045226650355,0.8646827057869416
2018-05-24 00:00:00,1.0,0.609775184090906,0.686411495729931,0.08614582889970286,0.0215704773268216
2018-05-24 01:00:00,1.0,0.34685058834897836,1.0,0.18275625037347557,0.0
2018-05-24 02:00:00,1.0,0.13986040247279727,0.7999812741083654,0.422164234193837,0.0
2018-05-24 03:00:00,1.0,1.0,0.5113758922903204,0.4744983152615332,0.0
2018-05-24 04:00:00,1.0,1.0,0.33807233918289,0.3183997361355247,0.0
2018-05-24 05:00:00,1.0,1.0,0.24252053084378075,0.5470984352628423,0.2646891801139609
2018-05-24 06:00:00,1.0,1.0,0.2509543431634167,0.5568942099425143,0.15070668150636282
2018-05-24 07:00:00,1.0,0.3375361226947293,0.17059566566864684,0.3456496149867415,0.04615175693780052
2018-05-24 08:00:00,0.7367524634646883,0.22672596858816071,0.1492805644529842,0.14691166084882312,0.060514861876606194
2018-05-24 09:00:00,0.694896545773996,0.19991824556258173,0.17761933248951248,0.0295473415110806,0.017761331480123658
2018-05-24 10:00:00,0.5035821917307751,0.0,0.07005235822022507,0.0,0.0
2018-05-24 11:00:00,0.2990484522274082,0.0,0.0,0.1027355348922963,0.0
2018-05-24 12:00:00,0.2639184704203096,1.0,0.0,0.13715522994434998,0.0
2018-05-24 13:00:00,0.416408677795109,1.0,0.06067975039225617,0.07680905857320686,0.0
2018-05-24 14:00:00,0.6442618172185758,0.7114219512494371,0.03852462235890414,0.0,0.0
2018-05-24 15:00:00,0.8093694132516748,0.0,0.0,0.4103510226487524,0.0
2018-05-24 16:00:00,1.0,0.000614576495355133,0.0,0.09847585237896998,0.26357265005010866
2018-05-24 17:00:00,0.4060001445919123,0.41689766405497114,0.06214613608769495,0.5132859044848186,0.6902398077936662
2018-05-24 18:00:00,0.130667618321646,0.1316880656821927,0.14406600014538964,0.0,1.0
2018-05-24 19:00:00,0.8376723089505491,0.24133244224548206,0.11375397224762424,1.0,1.0
2018-05-24 20:00:00,0.9992393779288006,0.36884099130063136,0.21892276144371217,0.0,0.45932066573167535
2018-05-24 21:00:00,0.505152312478077,0.4387242234678503,0.1525675569356023,0.0,1.0
2018-05-24 22:00:00,0.6997770309579519,0.023482079866660305,0.026548680438436483,0.0,0.0
2018-05-24 23:00:00,1.0,0.0,0.0,0.0294010716177638,0.004028479320536727
2018-05-25 00:00:00,0.730101932183201,0.0,0.04356720275750799,0.11734456630488428,0.19794265465278424
2018-05-25 01:00:00,0.09869529565178399,0.0,0.2844824801239805,0.14339492652447705,0.06751024407841336
2018-05-25 02:00:00,0.0,0.0,0.582477871210948,0.13537605213275242,0.24057870681274046
2018-05-25 03:00:00,0.0,0.0,0.6192091017213271,0.26883431382485895,0.30978031349384644
2018-05-25 04:00:00,1.0,0.0,0.6370488927873001,0.5223178458742074,0.3397200207528907
2018-05-25 05:00:00,1.0,0.0,0.7227178113976015,0.1617658652291152,0.3888004632886794
2018-05-25 06:00:00,1.0,0.0,0.8755816139298859,0.13140681121073847,0.2850197506074786
2018-05-25 07:00:00,0.5035089942227714,0.0,0.6720520368178613,0.05047180377448857,0.019732321000459897
2018-05-25 08:00:00,0.23346715436689375,0.0,0.29314601715390015,0.04351410109664105,0.001790403466613687
2018-05-25 09:00:00,0.045022256227918965,0.0,0.08508740998750883,0.026295002700092236,0.0
2018-05-25 10:00:00,0.038330122350208155,0.0,0.08918606935412193,0.019742946384171282,0.0
2018-05-25 11:00:00,0.051383618424806744,0.0,0.19176957386258003,0.03935359357044206,0.007652441714470834
2018-05-25 12:00:00,0.040759076651783153,0.0375858298067573,0.1649590297993534,0.0010934159117862994,0.0
2018-05-25 13:00:00,0.03223940190139776,0.0,0.08013211625416132,0.0,0.06567199067489105
2018-05-25 14:00:00,0.06762186324444648,0.0,0.11753156657049181,0.0,0.12103200984877079
2018-05-25 15:00:00,0.8758469248084193,0.0,0.13716514384892534,0.0,0.29724310002631954
2018-05-25 16:00:00,0.04463641986943361,0.05985342282160195,0.06860230181706152,0.0,0.5012146088986668
2018-05-25 17:00:00,0.6884049961086839,0.03290379153011374,0.14403143094134574,0.0,0.9433147091019567
2018-05-25 18:00:00,1.0,0.17325395006946315,0.0,0.0,1.0
2018-05-25 19:00:00,1.0,0.6691989989158056,0.1672463618886927,0.08391954554248654,1.0
2018-05-25 20:00:00,1.0,1.0,0.5931817314777438,0.041751361243587685,1.0
2018-05-25 21:00:00,1.0,0.9076975565907642,0.0,0.4901590104263229,1.0
2018-05-25 22:00:00,1.0,1.0,0.11070191623452827,0.34334392565588984,1.0
2018-05-25 23:00:00,1.0,1.0,0.13762310314663576,0.4521281252024116,1.0
2018-05-26 00:00:00,1.0,0.5880551862764376,0.12987855470690163,0.3503121109902222,0.0345964947761708
2018-05-26 01:00:00,1.0,0.7688855173983387,0.2507385391467795,0.9536429704116801,0.0962493933142612
2018-05-26 02:00:00,1.0,1.0,0.24932725894595903,0.8748749454348089,0.42542632011619813
2018-05-26 03:00:00,1.0,1.0,0.39707171668058316,1.0,0.5971691040872822
2018-05-26 04:00:00,1.0,0.9848766972376554,1.0,1.0,0.22120650296548622
2018-05-26 05:00:00,1.0,0.21177271130561856,1.0,1.0,0.08706831879029986
2018-05-26 06:00:00,1.0,0.0,1.0,0.57882176249107,0.021612793947024915
2018-05-26 07:00:00,0.8914105872715931,0.0,0.5570802879912898,0.0902184706462947,0.0
2018-05-26 08:00:00,0.8142878129987782,0.0,0.563218782295134,0.0,0.0
2018-05-26 09:00:00,1.0,0.03698945018361682,0.7839620366830213,0.0,0.0
2018-05-26 10:00:00,1.0,0.0768215961258121,1.0,0.0,0.0
2018-05-26 11:00:00,0.8587682873170018,0.24684966569520234,1.0,0.04786979293209532,0.00829043072319045
2018-05-26 12:00:00,0.974143665536006,0.4639716202119101,1.0,0.17019276006333728,0.08020388756201502
2018-05-26 13:00:00,1.0,0.6266408120428895,1.0,0.1523681284500952,0.7859122538713281
2018-05-26 14:00:00,1.0,1.0,1.0,0.11321254461069907,0.7824807747954247
2018-05-26 15:00:00,1.0,0.6653209639769218,1.0,0.2305216619355224,0.058018201805004804
2018-05-26 16:00:00,1.0,1.0,1.0,0.20280505266873722,1.0
2018-05-26 17:00:00,1.0,1.0,1.0,0.8480198294435104,0.3370626349083453
2018-05-26 18:00:00,1.0,1.0,1.0,1.0,0.5736972683236412
2018-05-26 19:00:00,1.0,1.0,1.0,1.0,0.4744573773187849
2018-05-26 20:00:00,1.0,1.0,1.0,1.0,1.0
2018-05-26 21:00:00,1.0,1.0,1.0,1.0,1.0
2018-05-26 22:00:00,1.0,1.0,1.0,1.0,1.0
2018-05-26 23:00:00,1.0,1.0,1.0,1.0,1.0
2018-05-27 00:00:00,1.0,1.0,1.0,1.0,1.0
2018-05-27 01:00:00,1.0,1.0,1.0,1.0,1.0
2018-05-27 02:00:00,1.0,1.0,1.0,1.0,0.30544854496112034
2018-05-27 03:00:00,1.0,1.0,1.0,1.0,0.0
2018-05-27 04:00:00,0.9903758131235204,0.9208105869019831,1.0,1.0,0.0
2018-05-27 05:00:00,0.8522938004302314,1.0,1.0,1.0,0.0
2018-05-27 06:00:00,0.7670090520136983,0.9305560335298578,1.0,0.6629009298756685,0.029037950502044132
2018-05-27 07:00:00,0.7439308696113236,0.7039060601525993,1.0,0.6832964659853263,0.0
2018-05-27 08:00:00,0.5097026553702326,0.387906726936718,1.0,0.7665033802525401,0.0
2018-05-27 09:00:00,0.6092044802522903,0.09009374522738933,1.0,0.43537654671138415,0.0
2018-05-27 10:00:00,0.8224550427904784,0.2389759292617896,0.6918305347634895,0.02709630924739154,0.039384187547959165
2018-05-27 11:00:00,1.0,0.21661080093108043,0.8151734067612445,0.06515818440334203,0.5531048944044709
2018-05-27 12:00:00,1.0,0.3741113290790789,0.6574453150040417,0.3355333889555059,0.46222390084485265
2018-05-27 13:00:00,1.0,0.4772459106181814,1.0,0.4517436236225094,1.0
2018-05-27 14:00:00,1.0,1.0,1.0,1.0,1.0
2018-05-27 15:00:00,1.0,0.7828758181605742,1.0,1.0,1.0
2018-05-27 16:00:00,1.0,0.45348035328886577,1.0,1.0,1.0
2018-05-27 17:00:00,1.0,0.4550062698860496,1.0,1.0,1.0
2018-05-27 18:00:00,1.0,0.7603431703409166,0.6773800174108989,1.0,1.0
2018-05-27 19:00:00,1.0,0.09649805194270637,1.0,0.7537666950745746,0.9775448627797373
2018-05-27 20:00:00,1.0,1.0,1.0,0.73637022862583,0.627957281791691
2018-05-27 21:00:00,1.0,1.0,0.5928674485046324,1.0,1.0
2018-05-27 22:00:00,1.0,1.0,1.0,0.35948413582592575,1.0
2018-05-27 23:00:00,1.0,1.0,1.0,1.0,0.9291362589896438
2018-05-28 00:00:00,1.0,1.0,1.0,1.0,0.8183758968968826
2018-05-28 01:00:00,1.0,0.37009378557131567,1.0,0.22839604528202836,1.0
2018-05-28 02:00:00,1.0,0.7619690275306202,1.0,0.08843083511541977,0.7819658672887857
2018-05-28 03:00:00,1.0,1.0,0.9688635979714592,0.4984449744822859,0.2621362413192845
2018-05-28 04:00:00,1.0,1.0,0.6592571316056213,0.3194884966397393,0.07668060913870602
2018-05-28 05:00:00,1.0,0.7313441557335816,0.1962280088747532,0.0,0.2474307274242169
2018-05-28 06:00:00,1.0,0.691878995904045,0.0,0.042721749874689484,0.12366904991393184
2018-05-28 07:00:00,0.8847006682680916,0.5412421607164782,0.39302490839190085,0.0,0.04972862037036661
2018-05-28 08:00:00,0.6927384662181039,0.46797094772427134,0.09238263985932693,0.031236140605712972,0.04205275181229956
2018-05-28 09:00:00,1.0,0.1923815701647994,0.275368865241195,0.0,0.0
2018-05-28 10:00:00,0.9659086867516324,0.3130911516760778,0.6713413804085163,0.0,0.0
2018-05-28 11:00:00,0.977763485864569,0.38340633813760966,0.1917823717142199,0.0,0.0
2018-05-28 12:00:00,0.8457881885361112,0.3969801387630364,0.2126791356266242,0.4336493548548278,0.15148777826802362
2018-05-28 13:00:00,0.7654381007887872,0.10365124329838102,0.5466841711761011,0.2574809489516582,0.8634977928055126
2018-05-28 14:00:00,1.0,0.07456533412251133,0.4126588595190983,0.6512874839827709,1.0
2018-05-28 15:00:00,1.0,0.0,0.38314943921634753,0.39281148567176966,0.6388274599019351
2018-05-28 16:00:00,1.0,1.0,0.49417025615968424,0.2548394416893334,0.4654208517795356
2018-05-28 17:00:00,1.0,1.0,0.07756443795352277,0.4987565827765526,0.2613477037554079
2018-05-28 18:00:00,1.0,0.4795087951772081,0.04490910179370043,1.0,0.7318504357421225
2018-05-28 19:00:00,0.7649713479961765,0.19698314226872676,1.0,0.22895426700019259,0.14742167682671994
2018-05-28 20:00:00,1.0,1.0,1.0,0.03543921894808625,0.6075028448812165
2018-05-28 21:00:00,1.0,0.5759611301665348,1.0,1.0,0.16532696657383758
2018-05-28 22:00:00,1.0,0.29977009463429294,0.0,0.14444402491310954,0.5447353403219076
2018-05-28 23:00:00,1.0,0.3147712709411647,0.1728116040645444,0.42045702370464655,0.4134498260298107
2018-05-29 00:00:00,1.0,0.09910939658592925,0.0,0.3132805222076363,0.129509161862634
2018-05-29 01:00:00,1.0,0.0322901936742003,0.728920632615925,0.4261334088903268,0.027413931062121037
2018-05-29 02:00:00,1.0,0.02717873682713495,0.3760259050812156,0.7637435001167775,0.23048870875612965
2018-05-29 03:00:00,0.7951490682927624,0.0673975563070104,0.0,0.8121936252895624,0.011692783702101526
2018-05-29 04:00:00,1.0,0.0,0.0369522530201419,0.6388621926528658,0.0
2018-05-29 05:00:00,0.42003269826801304,0.06358818414970324,0.11519224846014822,1.0,0.2229547552757866
2018-05-29 06:00:00,0.35357231201357264,0.025063384739312123,0.0,0.5135316354934263,0.34854157531143665
2018-05-29 07:00:00,0.05393690092319226,0.0,0.3112109455538442,0.21291464896572795,0.0786005745303424
2018-05-29 08:00:00,0.1041640187897503,0.0,0.10213238149655558,0.0463791184936109,0.0
2018-05-29 09:00:00,0.1050919012778066,0.0,0.11074084359076665,0.18166240701778755,0.0
2018-05-29 10:00:00,0.031650147485225454,0.0,0.03484260872700503,0.08145273821472188,0.0
2018-05-29 11:00:00,0.0,0.0,0.05256282689765468,0.1911330440771294,0.0
2018-05-29 12:00:00,0.0,0.0,0.036527975875083656,0.0467495636913651,0.0
2018-05-29 13:00:00,0.0,0.009682168429909098,0.06858014527707929,0.08228805324998416,0.0
2018-05-29 14:00:00,0.0,0.04653977856643877,0.07793628879696067,0.0,0.12307754331279427
2018-05-29 15:00:00,0.1590138978793578,0.0,0.20316254751130722,0.5280511647067342,0.41026126907441235
2018-05-29 16:00:00,0.0,0.2439237639428828,1.0,0.2782915304725102,0.0924720464939716
2018-05-29 17:00:00,0.09655595454902656,0.12594842352400057,0.10662946256786238,0.18762635630516258,0.7319174410362987
2018-05-29 18:00:00,0.19910340297542037,0.1881005657931838,0.055034718014758864,0.5629293596783339,0.8261983607250067
2018-05-29 19:00:00,0.11416818919971251,0.1259807176893318,0.0,0.2527985510100319,1.0
2018-05-29 20:00:00,0.3283665363399083,0.16728158757438102,0.0,0.2650101092669976,0.9379404616916339
2018-05-29 21:00:00,0.2019096904137053,0.10377400523219554,0.12508486500480004,1.0,0.4123312010168197
2018-05-29 22:00:00,0.28709518466245953,0.5654202393340365,0.12463288108967602,1.0,0.3512417735743887
2018-05-29 23:00:00,0.6621993222743928,0.3167298962154646,0.2602540614711085,0.896764062363936,0.22129028973882411
2018-05-30 00:00:00,0.38259907781429864,0.10490469395897173,0.19896696695305308,0.3917980848532012,0.0
2018-05-30 01:00:00,0.11915993262835635,0.033249476319083024,0.29117984976212374,0.6789255980262596,0.012815589380368806
2018-05-30 02:00:00,0.04898559421713431,0.0,0.41440582397498654,0.5044593236391417,0.0
2018-05-30 03:00:00,0.0,0.0,0.7256844046025702,0.72833672656411,0.0
2018-05-30 04:00:00,0.0,0.0,0.8527325603816414,0.4359171281214285,0.0
2018-05-30 05:00:00,0.0,0.0,0.5382231260933547,0.2641390195026547,0.0
2018-05-30 06:00:00,0.0,0.0,0.3567044251204091,0.19643248668983726,0.0
2018-05-30 07:00:00,0.0,0.0,0.1863105861409455,0.169390796788299,0.0
2018-05-30 08:00:00,0.0,0.09599207700749363,0.043498953736415276,0.21294312931130624,0.0
2018-05-30 09:00:00,0.07823404839375803,0.2529966200596981,0.0,0.05144802398640096,0.0
2018-05-30 10:00:00,0.1898539250211238,0.2958716553868409,0.08422462545029544,0.06956221447496481,0.0
2018-05-30 11:00:00,0.2113497881728099,0.20816081357977395,0.17253993460883937,0.02530986351226676,0.0
2018-05-30 12:00:00,0.25895237614969635,0.19263301540887315,0.03909021368164641,0.0008347674240911071,0.004672611249833229
2018-05-30 13:00:00,0.1909511998364347,0.1482346659785219,0.0,0.0,0.06111974514313738
2018-05-30 14:00:00,0.3040345641752826,0.1067703896154638,0.14789765544576017,0.0,0.0
2018-05-30 15:00:00,0.8360100782236541,0.0,0.1281228591403523,0.0,0.25829165412246646
2018-05-30 16:00:00,0.3868004050099101,0.3144630988042818,0.4254698191172693,0.0,1.0
2018-05-30 17:00:00,0.05479796209869081,1.0,0.047548002770884314,1.0,0.42202258519169755
2018-05-30 18:00:00,1.0,0.12588463056091959,0.03171934729162024,0.5817950060491555,0.6461338610120325
2018-05-30 19:00:00,1.0,0.0845757163544093,0.40687168120609113,1.0,1.0
2018-05-30 20:00:00,1.0,0.33212854699801314,0.31331455586361534,0.18492117320229962,0.08748540492643951
2018-05-30 21:00:00,0.6189765428233784,0.19380591331212585,0.8776918434753876,0.9815646727713983,0.0
2018-05-30 22:00:00,0.0,0.1373027055428547,0.4462938973046251,0.6072555430814165,0.0
2018-05-30 23:00:00,0.4293241678947464,0.22580322425556656,0.9056032229943306,0.9166743141332051,0.0
2018-05-31 00:00:00,0.12504998889516789,0.2135727005017377,0.28392029134989283,0.778496788934167,0.1062818371551865
2018-05-31 01:00:00,0.0,0.1797546109725534,0.39176105491905233,0.7443708200696031,0.1349101240590374
2018-05-31 02:00:00,0.010542514533742027,0.3458325785912581,0.7605349044372388,0.8608008551713695,0.041672679587810235
2018-05-31 03:00:00,0.2439820357605842,0.3571939007478024,0.9809555131274803,0.9314365439938452,0.013969788609028038
2018-05-31 04:00:00,1.0,0.42926867421805004,0.9967872404757107,0.7886405959681843,0.007957883264096646
2018-05-31 05:00:00,1.0,0.9995046390687914,0.30161705757173435,0.30822900400087017,0.06607900280969652
2018-05-31 06:00:00,1.0,0.5869393983398306,0.1266287006494957,0.19863295189155247,0.05612880698149214
2018-05-31 07:00:00,0.44035768796700725,0.09819492172440072,0.0,0.14138887460962823,0.05677976274157493
2018-05-31 08:00:00,0.13811426717267128,0.0,0.0,0.0,0.030680297176395848
2018-05-31 09:00:00,0.05124364851066018,0.0,0.0,0.0,0.0
2018-05-31 10:00:00,0.0,0.0,0.020578562049677184,0.03901598583617287,0.0
2018-05-31 11:00:00,0.13809534494460787,0.0,0.047599911911949844,0.09621729453352126,0.0
2018-05-31 12:00:00,0.05056439830566103,0.0,0.045235944484514616,0.07575411781759483,0.027563496435719287
2018-05-31 13:00:00,0.061740573893627394,0.0,0.039249488156407004,0.12678518826245508,0.26406286174220367
2018-05-31 14:00:00,0.24634461230102353,0.06626950798829102,0.047840715049103075,0.0939216043245818,0.5299790182915024
2018-05-31 15:00:00,0.1943204006079036,0.0,0.06337952224530413,0.15624106671084784,0.8100045363541674
2018-05-31 16:00:00,0.30285543838533296,0.10579543603798804,0.05334696971359275,0.5501464356669628,0.40762467195848207
2018-05-31 17:00:00,0.8830645435851023,0.567841386743046,0.2622115587210968,0.7096036933580924,1.0
2018-05-31 18:00:00,0.9884349789462071,0.6622956101879814,0.6673634294072714,1.0,0.5351939146800323
2018-05-31 19:00:00,1.0,1.0,1.0,1.0,0.4537494574932928
2018-05-31 20:00:00,1.0,1.0,1.0,1.0,1.0
2018-05-31 21:00:00,1.0,1.0,1.0,1.0,0.9671267848260081
2018-05-31 22:00:00,1.0,1.0,1.0,1.0,1.0
2018-05-31 23:00:00,1.0,1.0,1.0,1.0,1.0
2018-06-01 00:00:00,1.0,1.0,0.7815862318486697,1.0,0.0
2018-06-01 01:00:00,1.0,1.0,1.0,0.8355626242968001,0.0
2018-06-01 02:00:00,1.0,1.0,1.0,0.6287207857930839,0.0
2018-06-01 03:00:00,1.0,0.5226244657970167,0.4862231115898782,0.3723117806024505,0.03958491661790475
2018-06-01 04:00:00,1.0,0.09344277756317278,0.7462503700229208,0.1392001128904395,0.07070156163325089
2018-06-01 05:00:00,1.0,0.1822776747460608,1.0,0.0,0.15272442154661509
2018-06-01 06:00:00,1.0,0.5217148836973595,0.5417096051314463,0.0,0.1603432901840881
2018-06-01 07:00:00,0.3344653308872642,1.0,0.5923853076048088,0.08565717927019181,0.028836655657575098
2018-06-01 08:00:00,0.28077381838369925,0.5536674021035375,0.2712425658770559,0.5697116125906099,0.0
2018-06-01 09:00:00,0.2579986559975068,1.0,0.07318360626283872,0.46685534629581615,0.06525991154375936
2018-06-01 10:00:00,0.3249330527740367,0.9208529711879755,0.03351579304154916,1.0,0.35874029188406165
2018-06-01 11:00:00,0.5641801391186791,1.0,0.11196307134457759,0.8469180258240422,0.7211876656461248
2018-06-01 12:00:00,0.9280021558755183,1.0,0.06357297833801537,0.08703503697712123,0.4800441054916855
2018-06-01 13:00:00,1.0,1.0,0.0,0.0,0.7260798768099885
2018-06-01 14:00:00,1.0,0.776731404171496,0.0,0.07683944856607001,1.0
2018-06-01 15:00:00,1.0,0.4196084251874031,0.10020117142611257,0.0,1.0
2018-06-01 16:00:00,1.0,0.21425300749046944,0.2394438518675667,0.0,1.0
2018-06-01 17:00:00,1.0,0.0,0.0,0.0,1.0
2018-06-01 18:00:00,1.0,0.18250605390659613,0.22043708225503247,0.3513826092972372,1.0
2018-06-01 19:00:00,1.0,1.0,0.02316720969516007,1.0,1.0
2018-06-01 20:00:00,1.0,1.0,1.0,1.0,1.0
2018-06-01 21:00:00,1.0,1.0,1.0,1.0,1.0
2018-06-01 22:00:00,1.0,1.0,1.0,1.0,0.7723531084486297
2018-06-01 23:00:00,1.0,1.0,1.0,1.0,0.003755992148498232
2018-06-02 00:00:00,1.0,1.0,1.0,1.0,0.37600290422463983
2018-06-02 01:00:00,1.0,1.0,1.0,1.0,0.1033667297628012
2018-06-02 02:00:00,1.0,1.0,1.0,1.0,0.03415804510466205
2018-06-02 03:00:00,1.0,1.0,1.0,1.0,0.04944012204087369
2018-06-02 04:00:00,1.0,1.0,1.0,1.0,0.1777583090700704
2018-06-02 05:00:00,1.0,1.0,1.0,1.0,0.121394532796594
2018-06-02 06:00:00,0.934365735592012,1.0,1.0,0.4381695448013955,0.0
2018-06-02 07:00:00,0.8025150463393914,0.9599383910770843,0.8738011731043352,0.08085387567105545,0.0
2018-06-02 08:00:00,0.7106667771417897,0.4494342359095005,0.9762937131152941,0.21086130550145277,0.0
2018-06-02 09:00:00,0.5213880584823464,0.34354265073623885,1.0,0.23061136855666836,0.0
2018-06-02 10:00:00,0.3056945972455754,0.06475829818535461,0.8720488197863561,0.26728116205551333,0.0
2018-06-02 11:00:00,0.18654230880093156,0.02412476577150871,0.5371256196334819,0.15395714908685326,0.04156438608240448
2018-06-02 12:00:00,0.1465231724461675,0.03621023772924356,0.39247403183388574,0.16377042929394778,0.07819728146005483
2018-06-02 13:00:00,0.1453261621067999,0.031549147375097716,0.3197499071786389,0.09077362459926105,0.2214276392383193
2018-06-02 14:00:00,0.08253530742721114,0.0,0.39316633501213605,0.059046429132874514,0.22500523704476913
2018-06-02 15:00:00,0.0,0.0,0.3802365073175682,0.02979682320911733,0.2290187750203281
2018-06-02 16:00:00,0.062074907312696916,0.0,0.18466507511885175,0.01144231544591086,0.46514459062831126
2018-06-02 17:00:00,0.06046900502784259,0.0,0.10179780549820194,0.009253718595036351,0.5907538200748839
2018-06-02 18:00:00,0.13267871307978907,0.03197327642652554,0.006645410558630905,0.0019583957587881286,0.5792637954069378
2018-06-02 19:00:00,0.36717007364945053,0.06249164737496437,0.10407487972754731,0.17566743636506127,0.7535220899284325
2018-06-02 20:00:00,0.7348266742347532,0.5712691731060301,0.029827655936238217,0.1377470940766215,1.0
2018-06-02 21:00:00,0.6578469016974777,0.5153737841130721,0.0,0.040196101497427056,1.0
2018-06-02 22:00:00,0.5235033810347189,0.6795375691605495,0.0,0.024726891911167947,1.0
2018-06-02 23:00:00,0.4717182128997086,0.3042836063074205,0.022524208718698504,0.04962437273525685,1.0
2018-06-03 00:00:00,0.3360259275900694,0.13541063839589856,0.0236838063791101,0.21578421466275094,1.0
2018-06-03 01:00:00,0.4592990028924351,0.28658291928535695,0.041459879907113514,0.4193538667959112,1.0
2018-06-03 02:00:00,0.43723889076353273,0.2592251037683185,0.09817005356562898,0.5399874790871797,0.6200612118714239
2018-06-03 03:00:00,0.41340587562163894,0.2819925165108016,0.1338520969718399,0.4632265632113734,0.04592585233242903
2018-06-03 04:00:00,0.4424819296486212,0.4532410520854528,0.18665589247676848,0.5048719968322846,0.0
2018-06-03 05:00:00,0.3964791325167386,0.6948633313298502,0.278662522767727,1.0,0.04283764812408134
2018-06-03 06:00:00,0.5840664544539904,0.37205298155740624,0.1575863832795935,1.0,0.020181885925585143
2018-06-03 07:00:00,0.4124180133014112,0.31997616735669454,0.031328520881857815,0.741348212295633,0.0
2018-06-03 08:00:00,0.5814871531497747,0.5315667457250808,0.017258994456521386,0.9691275969946572,0.0
2018-06-03 09:00:00,0.7291484987010272,0.6556526038621314,0.06091129271877321,0.9833860099959973,0.02787177474474633
2018-06-03 10:00:00,0.882615860247066,1.0,0.2590528442823843,0.6561260332406355,0.0
2018-06-03 11:00:00,0.7178694371058691,0.6406011988023617,0.5299973770859324,0.23633110332915308,0.0
2018-06-03 12:00:00,0.8815236370460552,0.16069208281907316,0.8828147263779914,0.27798896471484025,0.0
2018-06-03 13:00:00,1.0,0.455659546484063,0.7562688156518631,0.19582826645467358,0.09828878252361972
2018-06-03 14:00:00,1.0,0.8280762950299283,0.9685459570896766,0.195537997225254,1.0
2018-06-03 15:00:00,1.0,0.5201838025539076,1.0,0.34785749223949125,1.0
2018-06-03 16:00:00,1.0,1.0,1.0,0.4608799797398227,0.12698024084222373
2018-06-03 17:00:00,1.0,0.28047772403792987,1.0,0.9827293084571146,1.0
2018-06-03 18:00:00,0.44743853909324693,1.0,1.0,0.12179207940937727,1.0
2018-06-03 19:00:00,1.0,1.0,1.0,0.26092594147712,1.0
2018-06-03 20:00:00,0.4614413996318523,1.0,1.0,0.7700162956740165,0.5570758816755148
2018-06-03 21:00:00,0.6906685249858668,0.3585448661665543,1.0,0.7083390156905947,1.0
2018-06-03 22:00:00,1.0,0.44598035898878213,0.7446679048785412,0.2538050575144851,1.0
2018-06-03 23:00:00,1.0,0.6787213010810149,0.9955057186765339,0.48427983826467424,0.4105819687049739
2018-06-04 00:00:00,1.0,0.4915323660357523,0.8448467578503187,0.35719599178031103,0.20009539232529408
2018-06-04 01:00:00,1.0,0.24278160144659766,0.8433073396589077,0.13437651274174883,0.0633657256939434
2018-06-04 02:00:00,1.0,0.0,0.38301422648352385,0.0,0.0
2018-06-04 03:00:00,1.0,0.0,0.4870571442038354,0.0,0.030281875360649583
2018-06-04 04:00:00,1.0,0.0,0.7568787415445276,0.02130212080357675,0.35262739653423764
2018-06-04 05:00:00,1.0,0.047596957510787796,0.4017275969434645,0.1065259857907289,0.5205122248710022
2018-06-04 06:00:00,0.48634061956067853,0.17466229187214594,0.1310768105877202,0.07566800233570492,0.3819788183971086
2018-06-04 07:00:00,0.0,0.009732502980768989,0.1849234270938739,0.027440342090601918,0.1768818745910227
2018-06-04 08:00:00,0.026405409512200682,0.002238557824933688,0.18955581548806572,0.0,0.19037899442148182
2018-06-04 09:00:00,0.0,0.044492201355834746,0.1711549105318921,0.0,0.14200929393981634
2018-06-04 10:00:00,0.0,0.10510336543585978,0.1062652928760643,0.0,0.0
2018-06-04 11:00:00,0.0,0.058777593668639,0.09741783034873341,0.0,0.0
2018-06-04 12:00:00,0.011558789006101279,0.030543405478601775,0.08821226154987111,0.0,0.0
2018-06-04 13:00:00,0.0,0.06447202643338229,0.03489678970330429,0.22812794328375274,0.0
2018-06-04 14:00:00,0.11712420427446955,0.09964928406989589,0.0,0.16916460155760274,0.0
2018-06-04 15:00:00,0.5020534539065947,0.14724699991196993,0.0,0.0,0.0
2018-06-04 16:00:00,0.3731674287709064,0.11762492874304538,0.03773145471605096,0.0014697371684390342,0.025860341485211717
2018-06-04 17:00:00,0.3079684023848322,0.050499907209602686,0.16717936141197023,0.025268590352184844,0.8862032772534627
2018-06-04 18:00:00,0.5415427756925183,0.10155055025339152,0.15500725625166578,0.0,0.016140521894925843
2018-06-04 19:00:00,0.4440289010156193,0.38242885455704556,0.2642075230126343,0.3535307224292892,1.0
2018-06-04 20:00:00,0.6293394345759903,0.29948843105091344,0.8141124167858859,0.15230041676321115,0.9996530699848747
2018-06-04 21:00:00,0.31646222461161355,0.923665118702235,0.8758436390457889,0.3916904276834372,0.30191888463085736
2018-06-04 22:00:00,0.22145936493469995,0.9173208400422542,0.8833495248523614,1.0,0.1267756043179176
2018-06-04 23:00:00,0.07687374188425845,1.0,1.0,0.9545498690970485,0.07988906324807844
2018-06-05 00:00:00,0.06384258614128305,0.5673640772244134,1.0,1.0,0.0
2018-06-05 01:00:00,0.43388263989533804,0.201945513359508,1.0,0.6247995054222127,0.0043732034300021875
2018-06-05 02:00:00,0.4344874404748466,0.30625682338078375,1.0,0.3331316885273236,0.2479013926990495
2018-06-05 03:00:00,0.7332378748515979,0.04773303992363807,1.0,0.2035504236583792,0.20092910134885641
2018-06-05 04:00:00,0.8422953071100134,0.08718793469528752,1.0,0.3550401357678737,0.10341417470175107
2018-06-05 05:00:00,0.33379237740783946,0.16352167664928713,1.0,0.18988771947639255,0.059636412122203976
2018-06-05 06:00:00,0.23634872078635014,0.2230955154687778,1.0,0.33766414195801403,0.10797366567949522
2018-06-05 07:00:00,0.08124415998047421,0.19062560935399672,0.9247390560053688,0.4710778429522297,0.04040348946105615
2018-06-05 08:00:00,0.0,0.006500041195177876,0.3372135905296691,0.23251196872871802,0.0
2018-06-05 09:00:00,0.14794067732455052,0.07249449995908852,0.14533661172375212,0.13848093165588898,0.0
2018-06-05 10:00:00,0.27209598969019133,0.09131678914403066,0.09284178416295512,0.08515646104075154,0.0
2018-06-05 11:00:00,0.05985681802264605,0.00317480042234259,0.07048103607626009,0.0469904871674381,0.0
2018-06-05 12:00:00,0.5553701312012757,0.0,0.06334705076713439,0.032661554036495864,0.0
2018-06-05 13:00:00,0.0932107582641047,0.0,0.13254206494230372,0.045546602552397605,1.0
2018-06-05 14:00:00,0.07596290004039634,0.4776964617605072,0.10702669006976866,0.0,0.0
2018-06-05 15:00:00,1.0,0.0,0.128341067728208,0.0,0.038506246771445984
2018-06-05 16:00:00,1.0,0.0,0.3693689504514511,0.0,0.11100717016041388
2018-06-05 17:00:00,0.4297311668925501,0.0,0.13669714511383094,0.0,0.6124774419730433
2018-06-05 18:00:00,0.7727738095555123,0.0,1.0,0.0,0.0
2018-06-05 19:00:00,1.0,0.42090989366519654,1.0,0.0,0.13670911314504164
2018-06-05 20:00:00,1.0,1.0,1.0,0.10806343741362905,0.6223053576478886
2018-06-05 21:00:00,1.0,0.748276767608163,1.0,0.0,0.29077827871460976
2018-06-05 22:00:00,1.0,1.0,1.0,0.10944337102865416,1.0
2018-06-05 23:00:00,1.0,1.0,1.0,0.12918102552544655,0.42648486860313417
2018-06-06 00:00:00,1.0,1.0,0.42304640313542174,0.05759017021128519,0.2912390402195415
2018-06-06 01:00:00,1.0,1.0,0.48317333571747895,1.0,0.6764628870780377
2018-06-06 02:00:00,1.0,0.7338185419550558,1.0,0.1721022333770687,0.8091226426321613
2018-06-06 03:00:00,1.0,0.05798316861473363,1.0,0.27633822266162844,0.8981000746184618
2018-06-06 04:00:00,1.0,0.0,1.0,0.41255458827075187,0.44537083946193434
2018-06-06 05:00:00,0.8082985990589581,0.13013294335198006,0.548257745773787,1.0,0.27893289589084136
2018-06-06 06:00:00,0.4901119687167144,0.011540891721217122,1.0,1.0,0.14410637263885254
2018-06-06 07:00:00,0.3789071253060843,0.0,0.7020269036123561,0.5177808903928508,0.14328514752130353
2018-06-06 08:00:00,0.34297464871833805,0.0,0.13836651608256678,0.4283460674420488,0.08092147500458093
2018-06-06 09:00:00,0.265752159688482,0.025864010214863564,0.18640877500741718,0.19294239573870353,0.030088934588573105
2018-06-06 10:00:00,0.21678346593971629,0.0,0.11373108129235637,0.06099088178631033,0.0
2018-06-06 11:00:00,0.1694688911319495,0.0,0.21420962308583935,0.0151214132888947,0.0
2018-06-06 12:00:00,0.09550193958949622,0.0,0.21962619151923932,0.0511716833353025,0.0
2018-06-06 13:00:00,0.04830000132711192,0.0,0.2637326906475329,0.07630593549086828,0.11104111107222328
2018-06-06 14:00:00,0.06503330562227108,0.0,0.549110253774145,0.0901715306627104,0.04480793737183501
2018-06-06 15:00:00,0.397734050082431,0.0,0.7781705416700955,0.13827131817638338,0.0
2018-06-06 16:00:00,0.9180218906246731,0.3259784378084293,0.5745800530634021,0.2164678955219071,0.0
2018-06-06 17:00:00,1.0,0.17093097815069533,1.0,0.3573948936736157,1.0
2018-06-06 18:00:00,1.0,0.7394952000525157,1.0,0.029877491521856616,0.4558496702819502
2018-06-06 19:00:00,0.14538943185116143,0.9398170484801985,0.3474826782768984,0.34952119349581773,0.42441700564543455
2018-06-06 20:00:00,1.0,1.0,0.9418684331891781,0.9169656790383518,1.0
2018-06-06 21:00:00,1.0,0.6360688234661228,0.30874573299314517,0.4607907553015654,0.7572417210859945
2018-06-06 22:00:00,1.0,1.0,1.0,0.12893406425019058,0.8331829202561564
2018-06-06 23:00:00,1.0,0.6818225045867845,1.0,0.3054645964271513,0.09967532171652768
2018-06-07 00:00:00,1.0,0.5137688154854059,0.03472861908985675,1.0,0.6274138529395015
2018-06-07 01:00:00,1.0,0.0,0.33510501720632707,0.5828194075736834,0.562841027629067
2018-06-07 02:00:00,1.0,0.03768528956690453,1.0,0.10630695229050725,0.3871470013995558
2018-06-07 03:00:00,1.0,0.05942526378820681,0.09307305139798294,0.09410681089236327,0.5630869209466755
2018-06-07 04:00:00,1.0,0.10967407626473838,0.49832439347020563,0.8784986418461228,0.4522020833302289
2018-06-07 05:00:00,0.9228585459177514,0.13998798747780786,1.0,0.9084250044085496,0.33460175423716826
2018-06-07 06:00:00,0.5604397128252758,0.05889815458253448,0.806901704482372,0.6901373878564024,0.11493447172333095
2018-06-07 07:00:00,0.040100818789846907,0.0,0.03186830236663129,0.7241455699020053,0.058394635180511766
2018-06-07 08:00:00,0.0,0.0,0.0,0.5302160120714476,0.0
2018-06-07 09:00:00,0.0,0.08267284393278886,0.0754435025667547,0.4796744069538081,0.0
2018-06-07 10:00:00,0.0,0.0012158714455621294,0.12545526702004417,0.2579554602624201,0.0
2018-06-07 11:00:00,0.0,0.015257897500979462,0.18005557441682268,0.2930617016419284,0.0
2018-06-07 12:00:00,0.0,0.0,0.14966780463313586,0.1521305426230145,0.0
2018-06-07 13:00:00,0.05120776428990106,0.04151224290725427,0.10684540115073203,0.08383179407368822,0.011746794275534172
2018-06-07 14:00:00,0.10503422339876613,0.10022176390353403,0.06019339657300145,0.04569891578757866,0.8555024559693969
2018-06-07 15:00:00,0.20483589633618324,0.22052660401065455,0.07945769208272194,0.4616587671777494,1.0
2018-06-07 16:00:00,0.22161435582431774,0.32664170706856505,0.4215541044629343,0.9450961043554107,1.0
2018-06-07 17:00:00,0.24577654357965578,0.08259620488178109,0.46319920345378857,0.24025006509704144,0.6292660426246504
2018-06-07 18:00:00,0.15572517552060156,0.41958409360457366,0.5335819500009199,1.0,1.0
2018-06-07 19:00:00,0.7088800672925815,1.0,1.0,1.0,1.0
2018-06-07 20:00:00,1.0,1.0,0.9860871275268557,0.6105468701772047,1.0
2018-06-07 21:00:00,1.0,1.0,1.0,1.0,1.0
2018-06-07 22:00:00,0.8330026847349267,0.692562205742353,0.8448774780034877,1.0,1.0
2018-06-07 23:00:00,1.0,0.8383715701056839,1.0,1.0,0.0
2018-06-08 00:00:00,0.9235393422269071,0.3959724636827688,1.0,1.0,0.0
2018-06-08 01:00:00,0.9209920150324536,0.27929801808467863,1.0,1.0,0.0
2018-06-08 02:00:00,1.0,0.30191333710728335,0.9137476907731186,1.0,0.028908754415969195
2018-06-08 03:00:00,1.0,0.03042800972604804,0.548559466396037,1.0,0.4972540042249972
2018-06-08 04:00:00,0.0,0.013585307211972198,0.3797487104020514,0.5146312894145646,0.2959847208034048
2018-06-08 05:00:00,0.6261770059938979,0.027309609701947256,0.7840153663306828,0.43201785461023384,0.0
2018-06-08 06:00:00,0.47085322290557935,0.03503035928957064,0.31411586450365286,0.1164717660578596,0.15309038349389925
2018-06-08 07:00:00,0.37363331632287344,0.0,0.15600505176107732,0.0,0.10265298853251655
2018-06-08 08:00:00,1.0,0.0,0.12194096880655782,0.06333662311512789,0.041667655505084535
2018-06-08 09:00:00,0.6757368203902643,0.0,0.16582186777875904,0.02488370443029934,0.0
2018-06-08 10:00:00,0.36467485277481104,0.0,0.14759981871657063,0.0,0.0
2018-06-08 11:00:00,0.17049103009708583,0.0,0.16955332131158085,0.0,0.0
2018-06-08 12:00:00,0.06934294133224653,0.13518780469837308,0.14744934127380732,0.034121392829542095,0.0
2018-06-08 13:00:00,0.07863854061223556,0.7198833523434041,0.2395388001051348,0.021834613289448423,0.16865801052057486
2018-06-08 14:00:00,0.15032319449183063,0.23589576304778742,0.2846047747673545,0.045595984855120494,0.6046584589046183
2018-06-08 15:00:00,1.0,0.27792375048991774,0.35805631977572194,0.565379095972596,0.7212075109547192
2018-06-08 16:00:00,1.0,0.050341678884625596,0.7111889508706585,0.41122207611504596,1.0
2018-06-08 17:00:00,0.42070275599410223,0.22601979945396639,0.6545194457004239,0.9315164512555254,0.4814119105883789
2018-06-08 18:00:00,0.9236052406175753,0.18969475871862165,0.25849849282770065,1.0,0.4313802765855862
2018-06-08 19:00:00,0.7921169762494249,1.0,0.6690708365299846,1.0,0.3658507672852056
2018-06-08 20:00:00,0.9980343133451657,0.717924445036883,1.0,1.0,0.8131861034306949
2018-06-08 21:00:00,1.0,0.7760334877205559,0.325296710057885,1.0,1.0
2018-06-08 22:00:00,1.0,1.0,0.2595493510578217,0.8723999313336869,1.0
2018-06-08 23:00:00,1.0,1.0,0.3326505912918042,0.9188620957988533,1.0
2018-06-09 00:00:00,1.0,1.0,1.0,0.4044815606305744,1.0
2018-06-09 01:00:00,1.0,1.0,1.0,0.29913836606395927,0.3590962909514213
2018-06-09 02:00:00,1.0,1.0,0.0,0.284854847198482,0.050981461034611396
2018-06-09 03:00:00,1.0,1.0,0.04414762507486537,0.36087671777125235,0.057309366135835794
2018-06-09 04:00:00,1.0,0.3898067888499798,0.056898892839884904,0.2194855239547441,0.0
2018-06-09 05:00:00,1.0,0.2456870740178982,0.20468104519726943,0.17819525732116342,0.029004047172553404
2018-06-09 06:00:00,1.0,1.0,0.20603964921753026,0.04116710236904546,0.1844643168652877
2018-06-09 07:00:00,0.35362189847392894,0.6185162677416064,0.17390702143041092,0.02651692045092034,0.03876408586631832
2018-06-09 08:00:00,0.09203053628669038,0.5385934544466418,0.10166810695396869,0.0,0.23323783151358127
2018-06-09 09:00:00,0.0759182681591966,0.20814753924202767,0.12732053395933393,0.0,0.2964864382005646
2018-06-09 10:00:00,0.12449210937132466,0.11252568890856833,0.16793130654135643,0.0,0.24593855540781565
2018-06-09 11:00:00,0.0,0.033890704103969785,0.08855202274638907,0.0,0.18808978700801898
2018-06-09 12:00:00,0.008566820018080573,0.08609407223175489,0.09594606231553178,0.0,0.07195204886497095
2018-06-09 13:00:00,0.0,0.022972198741609173,0.07924741862627149,0.02643515293165829,0.0
2018-06-09 14:00:00,0.7603024761489477,0.0,0.07373145860974997,0.0,0.19049487661639758
2018-06-09 15:00:00,0.7046598782246325,0.15609539090731148,0.061561362439342585,0.02529683090888498,0.3101991950977987
2018-06-09 16:00:00,0.9731332958131966,0.05529169230315563,0.03713322399178105,0.29011175081057644,0.5797894267444553
2018-06-09 17:00:00,1.0,0.25635213046594785,0.02589629110780216,1.0,1.0
2018-06-09 18:00:00,1.0,0.1931508218238535,0.04453994170488452,1.0,1.0
2018-06-09 19:00:00,1.0,0.3669322423061235,0.4753062380057221,1.0,1.0
2018-06-09 20:00:00,1.0,0.9375401159879854,0.6197059399274196,1.0,0.13698811116012893
2018-06-09 21:00:00,1.0,1.0,1.0,1.0,0.6778372226533256
2018-06-09 22:00:00,1.0,1.0,0.5567202790181637,1.0,1.0
2018-06-09 23:00:00,1.0,1.0,1.0,1.0,0.3362120449869562
2018-06-10 00:00:00,1.0,1.0,1.0,0.619074572804482,0.16650509776397104
2018-06-10 01:00:00,1.0,0.5491668318558813,1.0,0.22650559095372214,0.21594893822775513
2018-06-10 02:00:00,1.0,0.4142306536568029,1.0,0.14733047013777104,1.0
2018-06-10 03:00:00,1.0,0.0020455466432720945,1.0,0.3102894368541961,1.0
2018-06-10 04:00:00,1.0,0.04742074218651148,1.0,0.47905496345250415,0.20557824727631743
2018-06-10 05:00:00,1.0,0.1772553419879627,1.0,0.7776666404603612,1.0
2018-06-10 06:00:00,1.0,0.5243426834558838,1.0,0.7341283843499683,1.0
2018-06-10 07:00:00,0.4980348801073642,0.13408927706261586,0.25886691042600113,0.6192427077531834,0.9784284511550776
2018-06-10 08:00:00,0.1910412336799885,0.15620177908039196,0.22639255364239536,0.30925495921542673,0.05918478519626785
2018-06-10 09:00:00,0.1908501120010829,0.20896902273022722,0.1003168561399234,0.38356276320502625,0.050361037594332365
2018-06-10 10:00:00,0.18994533732398555,0.3320724498410323,0.019796256902139514,0.2703401815307075,0.016023098544672695
2018-06-10 11:00:00,0.402906366874211,0.2744592181163245,0.007466385580038226,0.0,0.07639416832468889
2018-06-10 12:00:00,0.1749336354064857,0.40640892977373944,0.0,0.024578296803057356,0.0
2018-06-10 13:00:00,0.28698679108897235,0.5163810733894455,0.0,0.0,0.1852743920762839
2018-06-10 14:00:00,0.9260844416047388,0.36134680700727967,0.16660290871082695,0.03146832884012813,0.22509268970894708
2018-06-10 15:00:00,0.6893190470657962,0.3777333629369509,0.48078866329486725,0.14458327233454862,0.04244459907128235
2018-06-10 16:00:00,0.6082872448675788,0.005348999478157869,0.16614392192081096,0.11837894519305557,0.2320901135586555
2018-06-10 17:00:00,1.0,0.41614060168464057,0.6471363227273693,0.050521863927896864,0.48188432639394035
2018-06-10 18:00:00,1.0,0.12058500427306194,0.762611835568744,0.0,0.022255559561738684
2018-06-10 19:00:00,1.0,0.14184584600097083,0.8688895051177099,0.23603426552425572,1.0
2018-06-10 20:00:00,1.0,0.2744563052042181,1.0,0.0663291624290293,1.0
2018-06-10 21:00:00,1.0,1.0,1.0,0.9165411031613454,1.0
2018-06-10 22:00:00,1.0,1.0,1.0,1.0,1.0
2018-06-10 23:00:00,1.0,1.0,1.0,1.0,0.8824340969568785
2018-06-11 00:00:00,1.0,1.0,1.0,1.0,1.0
2018-06-11 01:00:00,1.0,1.0,1.0,1.0,1.0
2018-06-11 02:00:00,1.0,1.0,1.0,1.0,1.0
2018-06-11 03:00:00,1.0,1.0,1.0,1.0,0.3218865183810447
2018-06-11 04:00:00,1.0,1.0,1.0,1.0,0.4597458209710206
2018-06-11 05:00:00,1.0,1.0,1.0,1.0,0.1828644644775526
2018-06-11 06:00:00,1.0,1.0,1.0,1.0,0.09976711764342527
2018-06-11 07:00:00,1.0,1.0,1.0,1.0,0.0
2018-06-11 08:00:00,1.0,1.0,1.0,0.6419621894772275,0.01584962733014523
2018-06-11 09:00:00,1.0,1.0,1.0,0.6408217378636485,0.11040307555958588
2018-06-11 10:00:00,1.0,0.8985094912406942,0.9969353586028945,0.21904680320113917,0.14597638395969376
2018-06-11 11:00:00,1.0,0.3691099623123744,0.7798689996296525,0.07967239753764443,0.1760868514760354
2018-06-11 12:00:00,0.6955341230889232,0.10629321641088912,0.5209569776265228,0.0,0.15627238316532377
2018-06-11 13:00:00,0.3736831533864858,0.032432546065371735,0.19972773651947917,0.0,0.4485306936624762
2018-06-11 14:00:00,0.19552789885500133,0.052480756633803555,0.09042886353990313,0.0,1.0
2018-06-11 15:00:00,0.16434415693920953,0.12487551716185347,0.12162191556684457,0.0,1.0
2018-06-11 16:00:00,0.22675328177836884,0.09301099492913155,0.08392206095682013,0.02326725133908813,1.0
2018-06-11 17:00:00,0.4093376445524647,0.21242367509657387,0.11187041141574385,0.14220022321877915,1.0
2018-06-11 18:00:00,0.18810048290310694,0.40172107210134844,0.0595974037891203,0.3258344554112767,1.0
2018-06-11 19:00:00,0.5878173571765524,0.6845317962676408,0.23566942186082784,0.3404199274045107,1.0
2018-06-11 20:00:00,0.8384668675897298,1.0,0.38129067386084714,0.5812374373339428,1.0
2018-06-11 21:00:00,0.9530257008021336,0.4562473439942508,0.6289753633075508,1.0,1.0
2018-06-11 22:00:00,1.0,0.7135160407603438,0.43866887582069314,0.7635073768982711,1.0
2018-06-11 23:00:00,0.8992013816198763,0.3724934848362506,0.22236583099740656,1.0,1.0
2018-06-12 00:00:00,1.0,0.04225575883605088,0.30977902243251615,0.8394022172149547,1.0
2018-06-12 01:00:00,1.0,0.0,0.3353364664737569,0.8719000734208642,0.28019853982552667
2018-06-12 02:00:00,1.0,0.0,0.2873836441967375,1.0,0.023232799807470107
2018-06-12 03:00:00,0.7623245616885139,0.034588108711769656,0.39203103944589507,0.5287530793561048,0.18782416202782096
2018-06-12 04:00:00,0.6454160664013007,0.07139024732748472,0.23239713073911344,1.0,0.22243465754201094
2018-06-12 05:00:00,0.3019443303890227,0.07865729012250142,0.12955405797763297,1.0,0.08452116948277319
2018-06-12 06:00:00,0.1240416884903021,0.08731587603736848,0.1312014473560026,1.0,0.06331607839496067
2018-06-12 07:00:00,0.04634691744075449,0.052493463546281226,0.032802488735014984,0.9234439136790528,0.03939657047351282
2018-06-12 08:00:00,0.04165886892638707,0.0,0.03359201358059714,0.5054520644446218,0.0649062547401589
2018-06-12 09:00:00,0.027790214958487373,0.0,0.0,0.45417837302631203,0.0
2018-06-12 10:00:00,0.025805316187805905,0.0,0.07404089649322779,0.052317733600580674,0.0
2018-06-12 11:00:00,0.0,0.0,0.09674630368150819,0.04045779392672352,0.05802411554034866
2018-06-12 12:00:00,0.0,0.00432592577278164,0.06518723468691924,0.0,0.18578565335178784
2018-06-12 13:00:00,0.0,0.0,0.0,0.0,0.301194542388265
2018-06-12 14:00:00,0.0005649408217262816,0.05422886621218201,0.0,0.039748265435060756,0.6047133949279588
2018-06-12 15:00:00,0.0,0.0462345902823425,0.026063883946410498,0.04786430358390089,0.5690515502112721
2018-06-12 16:00:00,0.021772363134258153,0.09994965086071299,0.026332233938369635,0.04412177148723909,1.0
2018-06-12 17:00:00,0.0,0.28223344959288577,0.010626668884004478,0.11141652180804204,1.0
2018-06-12 18:00:00,0.184435713264372,0.25529123158397293,0.08680673619658356,0.3001054941753829,1.0
2018-06-12 19:00:00,0.2343605415970013,0.3770151313828499,0.12671177970068426,0.2930742726484746,1.0
2018-06-12 20:00:00,0.5058191949887405,1.0,0.5993889846163394,0.8112371780548222,1.0
2018-06-12 21:00:00,0.54838871903232,1.0,0.8356347344429308,1.0,0.1852336044133452
2018-06-12 22:00:00,0.6252751486664848,1.0,1.0,0.7199315065257694,1.0
2018-06-12 23:00:00,0.6277374412654212,0.6332403118258024,0.6085460093268028,1.0,1.0
2018-06-13 00:00:00,0.2231977221294936,0.8085844080533804,1.0,1.0,1.0
2018-06-13 01:00:00,0.7305479677731407,0.49922894938078843,0.5639431472383567,1.0,0.355254897533667
2018-06-13 02:00:00,0.7399400189098475,0.3336659046612675,0.6582612667456357,1.0,0.0618812270588763
2018-06-13 03:00:00,0.939672183787356,1.0,1.0,1.0,0.15108335930872657
2018-06-13 04:00:00,0.8191765548022598,1.0,1.0,1.0,0.48118833267223815
2018-06-13 05:00:00,0.1427685515424819,0.48803279234910435,0.7920044606188081,1.0,0.021016370839341447
2018-06-13 06:00:00,0.5406508965186315,1.0,0.6782947725145411,1.0,0.03904728972087649
2018-06-13 07:00:00,1.0,0.30026832817915816,0.6917716309899018,1.0,0.027083146003648268
2018-06-13 08:00:00,1.0,0.28535073988560133,1.0,1.0,0.0
2018-06-13 09:00:00,1.0,0.39200530724845084,0.7069816287419701,0.6928641165050494,0.0
2018-06-13 10:00:00,1.0,0.510716399552259,0.5332943707792519,0.46510347691190174,0.0
2018-06-13 11:00:00,1.0,0.8173183053286196,0.805172639893742,0.24228821624409572,0.024993478299997377
2018-06-13 12:00:00,1.0,0.6079040106099045,1.0,0.08869997664011388,0.4685975035543406
2018-06-13 13:00:00,1.0,0.5621228515184961,0.6239790300882534,0.06226675058219583,0.49339493995382844
2018-06-13 14:00:00,1.0,0.3198662984244073,1.0,0.0,0.583668446814706
2018-06-13 15:00:00,1.0,0.1176218948881085,1.0,0.0,0.0
2018-06-13 16:00:00,1.0,0.19798759078331682,1.0,0.0,0.1078799391017338
2018-06-13 17:00:00,1.0,0.8609701494215706,1.0,0.0,1.0
2018-06-13 18:00:00,1.0,1.0,1.0,0.0,1.0
2018-06-13 19:00:00,1.0,0.676769612570821,1.0,0.0828352302400502,1.0
2018-06-13 20:00:00,1.0,0.0,1.0,0.012063295277826153,1.0
2018-06-13 21:00:00,1.0,0.14349296018236282,0.8101006187118367,0.15284497920362886,1.0
2018-06-13 22:00:00,1.0,0.8505416264823901,0.27178450997018233,1.0,1.0
2018-06-13 23:00:00,1.0,0.0,1.0,1.0,0.20836316887272188
2018-06-14 00:00:00,1.0,0.022168346185930242,1.0,1.0,0.43161853129527195
2018-06-14 01:00:00,1.0,0.005047339664833847,1.0,1.0,0.07406178496436898
2018-06-14 02:00:00,1.0,0.07699841232791292,0.8497927763066448,1.0,0.0
2018-06-14 03:00:00,1.0,0.41580670521037716,1.0,1.0,0.0
2018-06-14 04:00:00,1.0,0.5293474846123384,0.9760581419726024,0.9690891207216408,0.0
2018-06-14 05:00:00,1.0,0.15256140416661082,1.0,0.38181869740637164,0.0
2018-06-14 06:00:00,1.0,0.04936717755764752,0.9855803204440937,0.495098849840444,0.034794262030172926
2018-06-14 07:00:00,0.9705772718671547,0.015744086697092294,0.32046276907592225,0.4987445712416966,0.028292556408078554
2018-06-14 08:00:00,1.0,0.0,0.23617569393563356,0.43806039621697407,0.2556895689105692
2018-06-14 09:00:00,1.0,0.052130574563851534,0.29478262640417247,0.38051299570076175,0.07690218681125248
2018-06-14 10:00:00,1.0,0.14591366428365465,0.1539494297514646,0.8056706892493688,0.37544081803843043
2018-06-14 11:00:00,1.0,0.45512200711101436,0.0797034194907773,0.036828290370082964,0.3344973129822768
2018-06-14 12:00:00,0.9704870761303198,0.5273707707502742,0.032970858477805315,0.06251468227985603,0.7317904587973029
2018-06-14 13:00:00,0.986325743364359,1.0,0.11177785053220214,0.15670360304779987,0.7180566955264464
2018-06-14 14:00:00,0.7755782103351373,0.6036233232120363,0.1547721421956309,0.04295301717243149,0.5515621879302316
2018-06-14 15:00:00,1.0,1.0,0.4126172994692341,0.020243827085306254,0.0
2018-06-14 16:00:00,1.0,0.18602289862848026,0.11380156532759755,0.2804255365187138,1.0
2018-06-14 17:00:00,1.0,0.1222782481192775,0.13341770067827496,1.0,1.0
2018-06-14 18:00:00,1.0,0.30398364679725637,0.02038623040406903,0.1566771968744416,0.7170180128300842
2018-06-14 19:00:00,1.0,1.0,0.053033816881877215,0.10018783395673998,0.8457421569418211
2018-06-14 20:00:00,1.0,0.164964519874652,0.7169801495328172,0.012531331945495026,0.9029881369038019
2018-06-14 21:00:00,1.0,0.48134284029743685,0.5054703980908892,0.027718805426526445,0.0
2018-06-14 22:00:00,1.0,0.6501977049266967,0.558775267787071,0.1179980436940494,0.07326494554134096
2018-06-14 23:00:00,1.0,0.0,0.32030823342811726,0.4991197412056111,0.22687789501185246
2018-06-15 00:00:00,1.0,0.021805576862877197,1.0,0.18867979313257624,0.12197754691027793
2018-06-15 01:00:00,1.0,0.0,1.0,0.4735274878551033,0.060118830773601604
2018-06-15 02:00:00,1.0,0.025181468098270217,1.0,0.6348122264346644,0.11655854280849742
2018-06-15 03:00:00,1.0,0.0,1.0,0.8532186755620411,0.5079713867673675
2018-06-15 04:00:00,1.0,0.021958677391255548,0.6829710473830964,1.0,0.49685209464042845
2018-06-15 05:00:00,1.0,0.26136410865215626,0.16503290088495964,1.0,0.5844132458985755
2018-06-15 06:00:00,1.0,0.25643254222320516,0.6176904772172283,1.0,1.0
2018-06-15 07:00:00,0.3861493667196971,0.030136979399024672,0.3087628222811506,0.8229569710819808,1.0
2018-06-15 08:00:00,0.18350909866301093,0.0,0.01970421673815461,0.366452093972213,1.0
2018-06-15 09:00:00,0.07273812883118906,0.059404665648984674,0.03513135406762486,0.16387347576993694,0.9238750342110749
2018-06-15 10:00:00,0.0942951580231714,0.05307890597401293,0.029357689716502627,0.10632450567380097,0.12970846994481167
2018-06-15 11:00:00,0.37651303240865125,0.06964284538460981,0.038509206815118546,0.04338284452538926,0.13077632305793963
2018-06-15 12:00:00,0.7205261905496345,0.0,0.0,0.09474221895722675,0.26848846040825675
2018-06-15 13:00:00,0.9359410078621222,0.14786651776826967,0.016223181298888487,0.18789552356121605,0.006709099118060597
2018-06-15 14:00:00,0.9914746027220409,0.045240947833665376,0.03997959610450655,0.2393146004615734,1.0
2018-06-15 15:00:00,1.0,0.4602266746170829,0.03224017825485318,0.5604044910080144,0.25801488301170666
2018-06-15 16:00:00,1.0,0.0,0.040735829360430464,0.8260136298520805,0.2931616082802049
2018-06-15 17:00:00,1.0,0.0,0.03285877663937299,0.48881375386862935,0.0
2018-06-15 18:00:00,1.0,1.0,0.04431918773152788,0.9113062255452083,0.34405764259862764
2018-06-15 19:00:00,1.0,1.0,0.2865015798522953,0.8265776808148734,0.0
2018-06-15 20:00:00,1.0,1.0,0.0,0.8649720399580155,0.2128163619252632
2018-06-15 21:00:00,1.0,1.0,0.6083966227764569,0.20518158119920887,1.0
2018-06-15 22:00:00,1.0,1.0,1.0,0.19898651006632592,0.14924507794257838
2018-06-15 23:00:00,1.0,0.5774790052388177,0.7481110693753708,0.3519054319134748,0.4357962775618491
2018-06-16 00:00:00,1.0,0.8405883084505625,1.0,0.2323427161013786,0.404549701434893
2018-06-16 01:00:00,1.0,0.7218473730196632,1.0,0.7270087955622911,0.13405141131905376
2018-06-16 02:00:00,1.0,0.10743379309252567,0.3315322458238708,0.42096207186694606,0.0
2018-06-16 03:00:00,1.0,0.048706179095685344,0.5848623509028161,0.20722960927741382,0.0
2018-06-16 04:00:00,1.0,0.0,0.7167191275913158,0.183727912134321,0.022700477036814087
2018-06-16 05:00:00,1.0,0.0,0.5493806986598183,0.0017775919978820032,0.0
2018-06-16 06:00:00,1.0,0.0,0.6437710708057441,0.02446025771438781,0.0
2018-06-16 07:00:00,1.0,0.0,0.4480366331385203,0.06620920648463584,0.0
2018-06-16 08:00:00,1.0,0.4293678801078509,0.6897560489527362,0.03740350215139773,0.0
2018-06-16 09:00:00,1.0,0.2345040824341727,0.5230952118662208,0.0,0.0
2018-06-16 10:00:00,1.0,0.731753625283973,0.7793644114070772,0.010521180678530338,0.49419461146208415
2018-06-16 11:00:00,0.8030658388412772,1.0,1.0,0.07517948242348652,0.9761445600556804
2018-06-16 12:00:00,1.0,1.0,1.0,0.2573333437960518,0.5642876889263698
2018-06-16 13:00:00,1.0,1.0,1.0,0.2850769753526021,0.4330381336719449
2018-06-16 14:00:00,1.0,1.0,1.0,0.4105344525699094,0.14585929025340383
2018-06-16 15:00:00,1.0,1.0,1.0,0.3089855898859249,1.0
2018-06-16 16:00:00,1.0,1.0,1.0,0.023622812939763,0.3046592333004128
2018-06-16 17:00:00,0.10849149713654963,1.0,1.0,1.0,0.7698767111582262
2018-06-16 18:00:00,1.0,0.585826291706288,1.0,0.2056286686484794,0.6475270515932501
2018-06-16 19:00:00,1.0,0.4979569756503834,1.0,1.0,0.5547785219050169
2018-06-16 20:00:00,1.0,0.40094625225759756,1.0,1.0,0.4193525787801174
2018-06-16 21:00:00,1.0,0.12021024954569672,0.7835871157352354,1.0,0.5507538246515651
2018-06-16 22:00:00,1.0,0.35099682155191536,0.9764115599582196,1.0,0.1024185429012114
2018-06-16 23:00:00,1.0,0.25638374387963525,0.42138426097430526,0.5046347874535523,0.16248367628629384
2018-06-17 00:00:00,1.0,0.9907530426378187,0.8150132227053618,0.41676827539925443,0.023392332025178614
2018-06-17 01:00:00,1.0,0.8415351346273771,0.7044046264992024,0.4419133157849067,0.040208042367226575
2018-06-17 02:00:00,1.0,0.3644266545489051,0.548407106177747,0.3484622238759171,0.023373209723141504
2018-06-17 03:00:00,1.0,0.0,0.5325545688762438,0.4753317015923752,0.007835143244974764
2018-06-17 04:00:00,1.0,0.0,0.6700996318959257,0.4931414514209258,0.0
2018-06-17 05:00:00,1.0,0.0,0.6898650156708751,0.4155485973846727,0.0035841828065752753
2018-06-17 06:00:00,1.0,0.17966696188653744,0.47603530046906417,0.4537834353456316,0.006522762092619056
2018-06-17 07:00:00,1.0,0.046592013996416215,0.20804513810832417,0.7599712111231929,0.02763744550836776
2018-06-17 08:00:00,1.0,0.0,0.127312324667988,0.7295556937694937,0.0
2018-06-17 09:00:00,1.0,0.0,0.06382151220836321,0.3989456906762653,0.0
2018-06-17 10:00:00,1.0,0.0,0.1261039894371047,0.21847579426431632,0.0
2018-06-17 11:00:00,1.0,0.0,0.12043121561292136,0.2745663093931172,0.0
2018-06-17 12:00:00,1.0,0.0,0.1251323472834832,0.5845147985371163,0.0
2018-06-17 13:00:00,1.0,0.21348532253986627,0.12103865180575804,0.6793753152366108,0.10194367310464462
2018-06-17 14:00:00,1.0,0.1970362735452254,0.16655074517578555,0.7809263684613598,0.1327326541976822
2018-06-17 15:00:00,1.0,0.8879766429235105,0.0,0.7422434847501882,0.0
2018-06-17 16:00:00,1.0,0.04903681301658575,0.0,0.6515683585479167,0.0
2018-06-17 17:00:00,1.0,1.0,0.5182889227930467,0.9635210016492057,0.6487505412786849
2018-06-17 18:00:00,1.0,1.0,0.23300614705529582,0.5179734986525052,1.0
2018-06-17 19:00:00,1.0,1.0,0.9792892188132132,1.0,1.0
2018-06-17 20:00:00,1.0,1.0,0.19008715821279967,0.9688906950940811,0.9878775219155675
2018-06-17 21:00:00,1.0,0.8238553531426172,0.9937049739353429,0.9467379143038036,0.5164797144589827
2018-06-17 22:00:00,1.0,0.692316765691875,0.04183144076327979,0.20611699554643467,0.2736777342823425
2018-06-17 23:00:00,1.0,0.7977783352639414,0.13129478170328154,0.16037493827320085,0.03321828970809755
2018-06-18 00:00:00,1.0,0.5758340852458981,0.08796036878167961,0.13333161738814495,0.0
2018-06-18 01:00:00,1.0,0.41243254346092817,0.07117052895703951,0.03170664200239422,0.0
2018-06-18 02:00:00,1.0,0.40427310064578614,0.12852870532966207,0.08368037376300015,0.0
2018-06-18 03:00:00,1.0,0.3651435763411705,0.08741232853774364,0.1131234311877262,0.0
2018-06-18 04:00:00,0.8966922992648597,0.42828378059659294,0.08954516243559225,0.07870842667263328,0.0
2018-06-18 05:00:00,1.0,0.3873314974149665,0.15336173829866084,0.07810685702066686,0.0
2018-06-18 06:00:00,0.8458091029019882,0.4427030850699827,0.19212531748130565,0.008814043036630437,0.0
2018-06-18 07:00:00,0.3484002674293917,0.12029226337037062,0.15336173829866084,0.0,0.0
2018-06-18 08:00:00,0.15181416527179917,0.0,0.050454397273694856,0.02460120208690567,0.0
2018-06-18 09:00:00,0.0,0.0,0.05544832710991451,0.04360055226430171,0.019327640374267315
2018-06-18 10:00:00,0.0,0.0,0.06540219547187356,0.0,0.037640738729506136
2018-06-18 11:00:00,0.0,0.0,0.02736025108310383,0.0,0.08532801682535489
2018-06-18 12:00:00,0.02103150414075634,0.10750752392789074,0.0,0.0,0.05166381521241681
2018-06-18 13:00:00,0.2200625318568134,0.17831892159731108,0.0,0.0,0.14591580887724787
2018-06-18 14:00:00,0.14021548890287902,0.12505285469267338,0.0,0.05987073976094257,0.5952872254883703
2018-06-18 15:00:00,0.6091968279484095,0.14964372779288268,0.0,0.1652028192323803,0.4966391855461922
2018-06-18 16:00:00,0.8197945546736237,0.11527141210615537,0.0,0.4097587765305622,0.29623268213686016
2018-06-18 17:00:00,0.6591060500567528,0.43990070491386146,0.06523335809758692,0.3379994323566725,0.8546073141760516
2018-06-18 18:00:00,1.0,0.4953212369825354,0.13744286327374333,0.4047848040410716,0.3748993129801649
2018-06-18 19:00:00,1.0,1.0,0.646371368913422,0.5375250040658753,0.07082619059327555
2018-06-18 20:00:00,1.0,1.0,1.0,1.0,1.0
2018-06-18 21:00:00,1.0,1.0,1.0,1.0,0.19355238006146488
2018-06-18 22:00:00,1.0,1.0,0.9614691407907295,0.2901996113096949,0.9945289902234322
2018-06-18 23:00:00,1.0,1.0,1.0,1.0,0.9169350699111344
2018-06-19 00:00:00,1.0,1.0,1.0,1.0,1.0
2018-06-19 01:00:00,1.0,0.116184866741363,0.7391902900574523,1.0,0.9605860343223804
2018-06-19 02:00:00,1.0,0.12300123214612904,0.2150178203635738,0.0,0.499135458131111
2018-06-19 03:00:00,1.0,0.20882851962309035,0.12794240399239395,0.0781394693892502,0.12151367922762742
2018-06-19 04:00:00,1.0,0.16099890036131426,0.4403427493512163,0.44892161891278404,0.16858903758249902
2018-06-19 05:00:00,1.0,0.6548989643181791,0.22101607949547528,0.21626634425992886,0.06485537021413544
2018-06-19 06:00:00,1.0,0.6789888448705127,0.19512392659327557,0.05652776253620012,0.1995202046787251
2018-06-19 07:00:00,1.0,0.8127775394969576,0.2386528931902961,0.027195109774306673,0.11239812791054965
2018-06-19 08:00:00,1.0,0.40818454915542574,0.7105852826641545,0.12329248107630565,0.03708519755418663
2018-06-19 09:00:00,0.5363835202301325,0.22678205244608793,0.114073357140702,0.051620434500248204,0.0
2018-06-19 10:00:00,0.10194728107192395,0.27973460767866315,0.09050498842253728,0.1603494508463866,0.0
2018-06-19 11:00:00,0.09611097575643884,0.18303561058499668,0.3664794663835167,0.2099751566047687,0.0
2018-06-19 12:00:00,0.41852618670279024,0.2201537116678947,0.14836309418008106,0.3693582309909446,0.0
2018-06-19 13:00:00,0.399303552489849,0.26697467694932175,0.3338400098960401,0.2907187705037468,0.0
2018-06-19 14:00:00,1.0,0.13015948000182925,0.0935105679974447,0.8968467245488683,0.4170208649616934
2018-06-19 15:00:00,1.0,1.0,0.13460622909959996,0.47996457261323483,0.6332379724602474
2018-06-19 16:00:00,1.0,0.3915511775385876,1.0,0.11127912116857003,0.1188814052769939
2018-06-19 17:00:00,1.0,0.11923219439159645,0.38736293242963576,0.38463361948912766,0.728256736655444
2018-06-19 18:00:00,1.0,1.0,0.8299986959136028,0.3995714196526683,1.0
2018-06-19 19:00:00,1.0,0.14640023158547819,1.0,0.9883813979758254,1.0
2018-06-19 20:00:00,1.0,1.0,0.8925614881928007,0.9496627607460132,1.0
2018-06-19 21:00:00,1.0,1.0,0.0,0.6694601692496305,1.0
2018-06-19 22:00:00,1.0,1.0,0.2223878463600022,0.6569468061774142,1.0
2018-06-19 23:00:00,0.9313573788992329,1.0,0.9646894583996529,0.987285328085509,0.867022556525964
2018-06-20 00:00:00,0.1082853732058261,0.6025809002377787,0.1721399907645633,0.6746326579265909,0.8005205128907364
2018-06-20 01:00:00,0.952804344744788,0.7932764294326919,0.7370237395140757,0.3886894348537274,0.07948548652171189
2018-06-20 02:00:00,0.5569499124270508,1.0,0.650504869788692,0.5808493002047128,0.0
2018-06-20 03:00:00,0.5866617958866835,1.0,0.5239156520364634,1.0,0.0
2018-06-20 04:00:00,0.6453589272488707,0.9896230630969489,0.6764618271209775,0.8685919628617952,0.03875503160800156
2018-06-20 05:00:00,1.0,0.6825428650651711,1.0,0.40448188447729916,0.0544156121479189
2018-06-20 06:00:00,1.0,0.5106757750423242,0.7850024319418305,0.3380918522965468,0.0
2018-06-20 07:00:00,0.31965059322075984,0.05800409288767961,0.40990336122065446,0.3749490220996613,0.0
2018-06-20 08:00:00,0.20772131680051265,0.016547250388067026,0.413160076003271,0.5039966579533245,0.0
2018-06-20 09:00:00,0.10848849079786729,0.07622673528798138,0.700087054641254,0.6187386548235653,0.0
2018-06-20 10:00:00,0.09896526693323877,0.0,0.8602508175085628,0.4593061226165443,0.03642077732337403
2018-06-20 11:00:00,0.03262465325320382,0.027723899960146563,0.9346198580616523,0.505329571539045,0.03884975549941438
2018-06-20 12:00:00,0.030885409946365884,0.24771654533640944,1.0,0.9945737199985262,0.030416853780914795
2018-06-20 13:00:00,0.03401549700183657,0.24351811297042317,0.9485708328027952,1.0,0.0
2018-06-20 14:00:00,0.03572505038705892,0.1649894502759602,0.9914958683032751,1.0,0.06048426988935993
2018-06-20 15:00:00,0.08105077498943801,0.12709848171471336,0.6718252967669454,1.0,0.4005230276317138
2018-06-20 16:00:00,0.16971155227556375,0.06142621175280874,0.7824246603670235,0.9108341663865313,0.40213578215570656
2018-06-20 17:00:00,0.09691787473190588,0.369138917658907,0.924431860272936,0.7574598199958824,0.5346636791938754
2018-06-20 18:00:00,0.3442661075126292,0.3058765490181936,0.8857912278865657,0.6847491846869183,0.5848159343206112
2018-06-20 19:00:00,0.5886327545479788,0.4008822777929328,0.42023522541088687,0.27563021335649623,1.0
2018-06-20 20:00:00,0.311882581253419,0.22691888891292925,0.520346985384542,0.44525421748983685,0.991445677860262
2018-06-20 21:00:00,0.3133828478975077,0.6593274581539157,0.40226522103055823,0.4127543856155333,0.673384047903812
2018-06-20 22:00:00,0.20547120036927094,0.1043260282457583,0.30760677063072855,0.08593174885694684,0.33523429346658123
2018-06-20 23:00:00,0.2612114050879971,0.0,0.17130626399693513,0.0013513831399342279,0.47284076860473034
2018-06-21 00:00:00,0.23148018902813572,0.01296250059142801,0.1049839298523085,0.0,0.6754255037834185
2018-06-21 01:00:00,0.14219925186526347,0.0,0.1607213750456636,0.0,0.5077969079125387
2018-06-21 02:00:00,0.04999369770816967,0.0,0.1607213750456636,0.06389259332382478,0.28146599589807025
2018-06-21 03:00:00,0.0,0.11070547632811137,0.13176282153818467,0.08186157278744542,0.2744888962542691
2018-06-21 04:00:00,0.0,0.13460427872046557,0.14678734800079374,0.058673388738490796,0.15507717443328087
2018-06-21 05:00:00,0.05982195098762918,0.04577193335044772,0.23654643851434912,0.09257369779900197,0.04262495910082401
2018-06-21 06:00:00,0.06136054780660875,0.0,0.1036905665145645,0.04548899781841376,0.0
2018-06-21 07:00:00,0.0,0.0,0.04463998350535957,0.021465129292983002,0.0
2018-06-21 08:00:00,0.0,0.07377452758466184,0.022102974882143522,0.0,0.0
2018-06-21 09:00:00,0.013150918353156233,0.07495156977185662,0.027734984693821046,0.0,0.0
2018-06-21 10:00:00,0.038910589047839304,0.0,0.03448835525342719,0.0,0.0
2018-06-21 11:00:00,0.0,0.0,0.02492613575562073,0.0,0.0
2018-06-21 12:00:00,0.0,0.0,0.027013407973141702,0.0,0.026644254514814614
2018-06-21 13:00:00,0.0,0.11267376641717161,0.0,0.009499431479319052,0.2777866013166813
2018-06-21 14:00:00,0.014268328217770167,0.30274358595844447,0.01756110931124806,0.025494835739218295,0.40226247077269334
2018-06-21 15:00:00,0.23595485054193507,0.21970987179616516,0.02956851849497,0.21866803654082104,0.5818411669352078
2018-06-21 16:00:00,0.22182104886901113,0.14547624149703597,0.0354299601253061,0.47568389557317886,1.0
2018-06-21 17:00:00,0.5432139673997244,1.0,0.08017307613448482,0.11820203568015678,1.0
2018-06-21 18:00:00,0.8897670344930775,0.3751580945905774,0.07502198596999203,0.26760575550401866,1.0
2018-06-21 19:00:00,0.908297872817896,0.6535369905547247,0.580159699571134,0.7180767630047042,1.0
2018-06-21 20:00:00,0.7379996897577384,0.8818526683804508,0.49721090539881546,0.7667794509143793,1.0
2018-06-21 21:00:00,0.39302187977435915,0.9595105895890694,0.22143243109515856,1.0,1.0
2018-06-21 22:00:00,0.20338529213572157,0.04746202943788389,0.4004399545443633,0.7345302591697009,1.0
2018-06-21 23:00:00,0.9863061541198593,0.5997948602273144,0.37457979389320145,0.8975893925308428,1.0
2018-06-22 00:00:00,0.5636483565512156,0.5939569844853854,0.4442317987686674,1.0,0.37951226634158747
2018-06-22 01:00:00,0.5687226969722184,0.2924971752859239,0.19266411693343086,1.0,0.5373180205909988
2018-06-22 02:00:00,0.2551146646160214,0.18773417227678751,0.12321821080208649,0.8372065153454022,0.2630570895358921
2018-06-22 03:00:00,1.0,0.06982994193876224,0.30263018572740186,0.567487055285516,0.15933515266356207
2018-06-22 04:00:00,0.2977329617249802,0.0727611248404922,0.3585252485056732,0.6790010617692157,0.23364072690591092
2018-06-22 05:00:00,0.22809331495016416,0.5227677861614932,0.1325818269273052,1.0,0.0
2018-06-22 06:00:00,0.1763393934220838,0.14763394878841246,0.10825975664319351,0.6232218931045471,0.0
2018-06-22 07:00:00,0.12476664969745169,0.1222656519066358,0.1813027190611251,0.6659358190913347,0.0
2018-06-22 08:00:00,0.07312682368812129,0.012114695788261012,1.0,0.3142289468817742,0.0
2018-06-22 09:00:00,0.2618678290130083,0.08174642864212088,0.48434664183959497,0.06712492578629986,0.0
2018-06-22 10:00:00,0.2920269424047695,0.0206930390599213,0.6094741653562267,0.37049954242113364,0.0
2018-06-22 11:00:00,0.4000352667367571,0.06293502735440461,0.5221734399540228,0.21727572996472494,0.0
2018-06-22 12:00:00,0.560579863326044,0.0,0.3447310994611876,0.11271046634484574,0.13767605483144849
2018-06-22 13:00:00,0.42421556940808614,0.0,1.0,0.08646635379661745,0.5445278636346338
2018-06-22 14:00:00,1.0,0.0,1.0,0.22645512242415589,1.0
2018-06-22 15:00:00,0.9753783201725802,0.0,1.0,0.0,0.5265780205628219
2018-06-22 16:00:00,0.30084194015344456,0.2169840322512067,0.19913107744916556,0.015870605238133217,0.2096297082426842
2018-06-22 17:00:00,0.45424398561426155,0.13717181877619677,0.48283128294874617,0.10391918389900465,0.0
2018-06-22 18:00:00,0.7223235186386816,1.0,0.0,0.2983659223645718,0.24777395837874716
2018-06-22 19:00:00,1.0,0.160847440665059,0.0,1.0,0.03547426171203121
2018-06-22 20:00:00,0.9443964132814114,0.4222959160145277,0.15224178914098632,0.6288995900818141,1.0
2018-06-22 21:00:00,0.7625992090728542,0.3663583735662055,0.21924396676986393,0.3651766201187932,0.2751514182602497
2018-06-22 22:00:00,0.16184362836443308,0.013633358967500082,0.011874791548610384,0.7782095369292059,0.2707920409722889
2018-06-22 23:00:00,0.1306624894532992,0.1713923195460677,0.0,0.10239459179960897,0.06531802801104913
2018-06-23 00:00:00,0.6934510879378201,0.20698490008463893,0.20440209544565588,0.0,0.05573626680665772
2018-06-23 01:00:00,0.030780127835154398,0.44927491766884514,0.8602653285254213,0.0,0.049623273890873974
2018-06-23 02:00:00,0.044310531029122954,0.11397731333424455,1.0,0.2410350390381218,0.04806433974070434
2018-06-23 03:00:00,0.12254465156064134,0.08175241066908552,1.0,0.5832210310121722,0.2462499796065696
2018-06-23 04:00:00,0.07258229183592486,0.2317865449493194,1.0,0.5718941167080787,0.32144800881939317
2018-06-23 05:00:00,0.042483894786962066,0.10175400799729092,0.6993502750557861,0.2900323080935758,0.07488647583167486
2018-06-23 06:00:00,0.06696460700859594,0.18970274079958593,0.2648034215332688,0.17656670822572476,0.07548759232174548
2018-06-23 07:00:00,0.20792423291287862,0.0,0.031578416919059445,0.23763477622642784,0.034076627900861675
2018-06-23 08:00:00,0.4602088930186704,0.0,0.004385140220716001,0.15179751594913357,0.0
2018-06-23 09:00:00,0.2187679420926558,0.0977191792280219,0.02432823927567862,0.0652569966444463,0.0
2018-06-23 10:00:00,0.11758955413066505,0.12094965536514973,0.040267985372307843,0.15126355218120452,0.09621486481863989
2018-06-23 11:00:00,0.2837890801205981,0.089682792679798,0.07510090772568893,0.11924696644268261,0.05806289199583034
2018-06-23 12:00:00,0.5121936471093862,0.11639900887060185,0.061793507964405456,0.061434150152253855,0.025724114685357298
2018-06-23 13:00:00,0.7774500418932834,0.11329835438243974,0.23038768735934156,0.0,0.00692278043921336
2018-06-23 14:00:00,0.8890435416951707,0.044940811281976245,0.17888589261851728,0.0,0.17643079302203318
2018-06-23 15:00:00,1.0,0.0,0.424153817641386,0.0034253205344671944,0.14757550827070948
2018-06-23 16:00:00,1.0,0.5567654168957812,0.032894835156917185,0.034861583690115217,1.0
2018-06-23 17:00:00,1.0,0.07085847273937076,0.0,0.037364407860843586,0.9870738802862457
2018-06-23 18:00:00,0.08973478892051753,0.4826235159391348,1.0,0.0,1.0
2018-06-23 19:00:00,1.0,0.9516555250537168,0.9371074853145401,1.0,0.2548624872395156
2018-06-23 20:00:00,1.0,0.05071137756958956,0.1864892487656088,0.6474104117969637,0.9800095995814389
2018-06-23 21:00:00,0.9647055009472698,1.0,0.8180444584118067,1.0,0.2989120131601032
2018-06-23 22:00:00,0.5819914016823113,0.740952426133547,0.6367103996613185,0.5075918826995345,0.003116839544928022
2018-06-23 23:00:00,0.7064367928995362,0.24556276495541277,0.2568769849777227,1.0,0.0
2018-06-24 00:00:00,0.8216408721650005,0.36408763972004743,0.035423098144231766,0.8860461367285555,0.0
2018-06-24 01:00:00,0.8016216217900934,0.5343580950597898,0.11547141305270701,1.0,0.36789576747361463
2018-06-24 02:00:00,0.9897848995041058,0.0,0.5758723349063533,1.0,1.0
2018-06-24 03:00:00,0.981927090975919,0.8348371841480684,0.0,1.0,0.7939171551928584
2018-06-24 04:00:00,0.7625304775927446,1.0,0.011399473670710184,0.6193642112002267,0.43893387641860043
2018-06-24 05:00:00,0.0,1.0,0.0,0.092798337362977,0.24334831772948035
2018-06-24 06:00:00,0.7083719366930136,0.9121235874987942,0.038874329905857485,0.2312133277589572,0.0899849208090955
2018-06-24 07:00:00,0.12797759817965274,0.15919484463505554,0.11023525823466063,0.18236258949620607,0.0
2018-06-24 08:00:00,0.0,0.21165288766474713,0.0,0.07409751659320314,0.0
2018-06-24 09:00:00,0.0,0.27467239921904335,0.0,0.2205068674904738,0.03366235395839804
2018-06-24 10:00:00,0.0,0.05144524739432491,0.0,0.38266575419764254,0.05513075467040255
2018-06-24 11:00:00,0.0,0.0,0.0,0.27000733847911185,0.05860271248559851
2018-06-24 12:00:00,0.02921040025088085,0.038720774970568056,0.0,0.29725639970368,0.0
2018-06-24 13:00:00,0.26371005533711983,1.0,0.06186454613624911,0.04318302119547269,0.0
2018-06-24 14:00:00,0.177640999494734,0.8278476283783269,0.0,0.10344062200176199,1.0
2018-06-24 15:00:00,0.6489066120625069,1.0,0.0,0.4504083297236563,0.020619076400301046
2018-06-24 16:00:00,0.6602559687564304,1.0,1.0,1.0,1.0
2018-06-24 17:00:00,0.020775480919124904,1.0,0.02043098082743531,0.9841450959736171,1.0
2018-06-24 18:00:00,0.19411047123673605,1.0,1.0,1.0,0.2702700331333153
2018-06-24 19:00:00,1.0,1.0,0.12817946808548034,0.7538675536995391,0.03138463102541288
2018-06-24 20:00:00,0.13915562311813823,1.0,0.5782786745221804,0.3377027515505623,0.10566234733954832
2018-06-24 21:00:00,0.5754628428133477,0.13679142493248847,0.4796660317635924,1.0,0.40210178845863187
2018-06-24 22:00:00,0.36058752207904854,0.7178526285922632,1.0,1.0,0.10494835113511052
2018-06-24 23:00:00,0.3933763021007185,0.9669952201787575,1.0,1.0,0.19029551878358925
2018-06-25 00:00:00,1.0,1.0,0.9825145310091606,0.8397509338136172,0.15531002966401547
2018-06-25 01:00:00,1.0,1.0,1.0,1.0,0.09494728454832663
2018-06-25 02:00:00,1.0,1.0,1.0,0.9908886491119449,0.1811008035219442
2018-06-25 03:00:00,1.0,1.0,1.0,1.0,0.18782995108365405
2018-06-25 04:00:00,1.0,1.0,1.0,0.9652092984837962,0.10484140571838896
2018-06-25 05:00:00,1.0,1.0,0.8000414184842624,0.9238792388649705,0.10615697874828527
2018-06-25 06:00:00,1.0,1.0,0.49787077122651197,0.5698150086190905,0.03450746541431448
2018-06-25 07:00:00,0.8800109023026725,0.39072925662671515,0.21810397205280757,0.41144370850257517,0.0
2018-06-25 08:00:00,0.6599933989338633,0.22443179245840778,0.08948679019643263,0.17343676053647036,0.0
2018-06-25 09:00:00,0.3996470536353557,0.22857258204131903,0.0936402824102992,0.13584987807037843,0.0
2018-06-25 10:00:00,0.20585041480461191,0.1835585054333416,0.2174877240341929,0.20047399823370424,0.0
2018-06-25 11:00:00,0.0643807087381142,0.3340007562825334,0.19909236567945526,0.38905689643137037,0.0
2018-06-25 12:00:00,0.022413284991893496,0.7587105836504764,0.13494914805955652,0.4723981077777765,0.0
2018-06-25 13:00:00,0.0941116410171613,0.6555499418805967,0.32699406400429415,0.5241377346673617,0.011081972432761138
2018-06-25 14:00:00,0.010637901276644584,0.16592811857812315,0.0,0.5887468426000037,0.4120229775513623
2018-06-25 15:00:00,0.0,0.14248808290343967,0.5828193202381478,0.3340681836467949,0.49864397687691964
2018-06-25 16:00:00,0.0,0.1088989316824737,0.29554599677541044,0.3174116137004579,0.5096189438112205
2018-06-25 17:00:00,0.0,0.0035327012898540033,0.2312174233364232,0.1283442274653756,0.650785960346407
2018-06-25 18:00:00,0.04347414603275316,0.03441672123060314,0.06584659986996519,0.04325612503388216,0.8797552691602107
2018-06-25 19:00:00,0.1294492388437502,0.02352093983097736,0.9028125683919622,0.1348684740871704,0.9570849852511991
2018-06-25 20:00:00,0.09009024201220867,0.022657345499707087,0.6137531140424097,0.24026025795455022,1.0
2018-06-25 21:00:00,0.27730792967270856,0.0,0.19741860304225095,0.39705429458205255,1.0
2018-06-25 22:00:00,0.5604992560920952,0.5918190062498787,0.11603115888818154,0.9669184213198913,1.0
2018-06-25 23:00:00,1.0,0.24999905767436317,0.05886922992405804,0.6483656017672669,0.4375923447273722
2018-06-26 00:00:00,1.0,0.2741949488247992,0.02852647918881807,0.6257118750048619,0.0
2018-06-26 01:00:00,1.0,1.0,0.03457151610644621,0.628132395975646,0.04667316855255507
2018-06-26 02:00:00,1.0,0.9655338240113531,0.04925010680573325,0.5869965324339093,0.08113183867994868
2018-06-26 03:00:00,1.0,0.48052288235757473,0.025156035589307027,0.230494479575969,0.1929460198027232
2018-06-26 04:00:00,1.0,0.5760417567413721,0.20359496132177432,0.06743051543538699,0.159751383495526
2018-06-26 05:00:00,1.0,0.5878267859881596,0.13451788900982123,0.022941291164524348,0.1693144183403887
2018-06-26 06:00:00,1.0,1.0,0.11264676782004411,0.3979140412094863,0.2804679980344664
2018-06-26 07:00:00,0.9544850945661221,0.10327871927043497,0.06935430328249895,0.03253856314048827,0.04895367679998677
2018-06-26 08:00:00,0.1936371531030956,0.02952010096049956,0.017403139894064643,0.0,0.026944111142786064
2018-06-26 09:00:00,0.03652112738125813,0.0,0.0,0.06035446004793247,0.11669451759163053
2018-06-26 10:00:00,0.0,0.028732379341064283,0.0,0.0,0.06560799883954485
2018-06-26 11:00:00,0.0,0.02590079851302145,0.0,0.27244982229048553,0.0
2018-06-26 12:00:00,0.03050698093947481,0.0497411069606643,0.0,0.3596525745010587,0.0
2018-06-26 13:00:00,0.0,0.2094504432879841,0.0,0.13676126776106465,0.04217956096773814
2018-06-26 14:00:00,0.033462516660890645,0.26914272790879373,0.0,0.04087586177640482,0.30843813593639274
2018-06-26 15:00:00,0.10687801391683498,0.7627969114030663,0.0,0.017105243149175713,0.3778720110986684
2018-06-26 16:00:00,0.0,0.15240419916732648,0.0,0.002646789046744478,0.25087723660611133
2018-06-26 17:00:00,0.0,0.06386653636890655,0.024133777787133076,0.11070387922845286,0.7294272583604497
2018-06-26 18:00:00,0.019730304434539714,0.08904882845315608,0.1246580892186702,0.5363129393399634,1.0
2018-06-26 19:00:00,0.23113496575570297,0.5806235232706577,0.8927486264655693,0.256453638791453,1.0
2018-06-26 20:00:00,0.8272644776728955,1.0,0.8220040057850493,0.7231072183712449,1.0
2018-06-26 21:00:00,0.9630605986383836,1.0,0.8884258577210631,1.0,1.0
2018-06-26 22:00:00,1.0,1.0,1.0,0.497620342167275,1.0
2018-06-26 23:00:00,1.0,1.0,1.0,0.48302396117583185,0.0
2018-06-27 00:00:00,1.0,1.0,0.9557995736667891,0.5604045874708053,0.0
2018-06-27 01:00:00,1.0,0.5137405689490121,0.9040948876206331,0.4226574137651278,0.0
2018-06-27 02:00:00,1.0,0.4506195411921138,0.1005681575333682,0.9590676559740288,0.022686882254349675
2018-06-27 03:00:00,1.0,0.4001304565026153,0.04704525247089591,1.0,0.388694792386706
2018-06-27 04:00:00,1.0,0.2638383464992039,0.0,1.0,0.7351387027984831
2018-06-27 05:00:00,1.0,0.055360909689948015,0.459227297465725,0.9377687874850462,0.40786946654848966
2018-06-27 06:00:00,1.0,0.28492698776156883,0.4049645265797059,0.8780956254622767,0.17482008646302727
2018-06-27 07:00:00,0.5483712694686088,0.2776297926920735,0.4345772603975135,0.87037467604751,0.1663041054409126
2018-06-27 08:00:00,0.23215037848254966,0.12180099417193128,0.1502930587152451,0.09741103412486207,0.030747519393497687
2018-06-27 09:00:00,0.11772992244510806,0.07332478591522874,0.12936610217876796,0.0015603584820112625,0.020123853413918008
2018-06-27 10:00:00,0.4578301005859348,0.0,0.08984454610874704,0.0,0.0
2018-06-27 11:00:00,0.6915148207920498,0.0,0.07390865908762127,0.0,0.0
2018-06-27 12:00:00,0.7522541184934098,0.003680402980538512,0.03334253981155657,0.0448930127792285,0.0
2018-06-27 13:00:00,0.9860000859286296,0.03057414320605172,0.05444541999099905,0.2673016590797673,0.0
2018-06-27 14:00:00,0.8278701376397285,0.29941925222667504,0.029163979669600205,0.5553772029233675,0.12374276728136056
2018-06-27 15:00:00,1.0,0.22379909840992498,0.04219622908987802,0.6438084029188846,0.01429004714547375
2018-06-27 16:00:00,1.0,0.2611315854284371,0.023378424888949458,0.7939073673081448,0.0
2018-06-27 17:00:00,1.0,0.3507662367045497,0.334856857714453,0.4095300037562612,0.26034111359398776
2018-06-27 18:00:00,1.0,0.4347393749231448,0.6524773132485373,0.18250554813069456,0.45688410229288
2018-06-27 19:00:00,1.0,1.0,0.5485833313277981,0.06986121894855879,0.3760410487461583
2018-06-27 20:00:00,1.0,1.0,0.7373555408879147,0.2290038559607348,0.18520892405111264
2018-06-27 21:00:00,1.0,1.0,0.9856915076970513,0.7818682581727537,0.41328812262566
2018-06-27 22:00:00,1.0,1.0,0.9963392979760254,0.8457807064878695,0.23802134353326862
2018-06-27 23:00:00,1.0,1.0,1.0,1.0,0.5724720168743179
2018-06-28 00:00:00,1.0,0.4854905747856674,0.04612201488531203,1.0,0.33949861683835675
2018-06-28 01:00:00,1.0,0.0,0.0,1.0,0.15988293666170011
2018-06-28 02:00:00,1.0,0.0,0.09259384821238446,0.857334238748025,0.12358930087930663
2018-06-28 03:00:00,1.0,0.0,0.11929525386209844,0.5087791136253745,0.0
2018-06-28 04:00:00,1.0,0.0,0.022536016996455962,0.16212486962102768,0.0
2018-06-28 05:00:00,1.0,0.0,0.3779901355370277,0.25195409395623786,0.07525712036566642
2018-06-28 06:00:00,1.0,0.0,0.39541789634495295,0.6349205810249601,0.17311464275056035
2018-06-28 07:00:00,1.0,0.0,0.15663699756466257,0.371521813338411,0.1141786300239847
2018-06-28 08:00:00,1.0,0.07941780266591836,0.036393343130337125,0.45532281049970513,0.1559236583506059
2018-06-28 09:00:00,0.9744391560578168,0.2160739426723559,0.0,0.25561684593389766,0.052441841468072126
2018-06-28 10:00:00,0.9591820625752687,0.13296817239971795,0.0,0.20837335653444136,0.0
2018-06-28 11:00:00,1.0,0.41441001100237007,0.0,0.4697528737247303,0.0
2018-06-28 12:00:00,1.0,0.5029579818945158,0.0,0.3942584448818485,0.03254148556437004
2018-06-28 13:00:00,1.0,0.3402554079310404,0.04196252283842142,0.4836761888152799,0.10280190961242966
2018-06-28 14:00:00,1.0,0.1831943566943987,0.0,0.0,0.33231364091599425
2018-06-28 15:00:00,1.0,0.28198860645586665,0.04507199391189907,0.34320380178839804,1.0
2018-06-28 16:00:00,1.0,0.32364760750810984,1.0,0.2838128866121265,0.45615172436467766
2018-06-28 17:00:00,1.0,0.17989695312032608,0.48163255869847005,0.666534950277986,0.09825258123957341
2018-06-28 18:00:00,0.8074255173201949,1.0,1.0,0.5590795986031784,0.23626637522753996
2018-06-28 19:00:00,0.24716775314729147,1.0,1.0,0.0784834042358212,1.0
2018-06-28 20:00:00,0.42003712144463484,1.0,1.0,0.6585776178406495,1.0
2018-06-28 21:00:00,1.0,1.0,1.0,0.38956955136792976,1.0
2018-06-28 22:00:00,1.0,1.0,1.0,0.38413317615303183,1.0
2018-06-28 23:00:00,1.0,0.7871134484059379,1.0,0.9962046066799635,1.0
2018-06-29 00:00:00,1.0,1.0,1.0,1.0,1.0
2018-06-29 01:00:00,1.0,1.0,1.0,1.0,1.0
2018-06-29 02:00:00,1.0,0.5159115473359143,1.0,1.0,0.4918230586236435
2018-06-29 03:00:00,1.0,0.1584024337727551,1.0,1.0,0.039844903304559184
2018-06-29 04:00:00,1.0,0.14311407797532366,0.4524052911257058,1.0,0.09495538579252145
2018-06-29 05:00:00,1.0,1.0,0.7278272219718855,1.0,1.0
2018-06-29 06:00:00,1.0,1.0,0.625628035424997,1.0,1.0
2018-06-29 07:00:00,1.0,0.3255149390952791,1.0,1.0,0.09460183287804921
2018-06-29 08:00:00,1.0,0.0,0.9101510598345591,0.9218917084682716,0.046021125287948814
2018-06-29 09:00:00,0.8029436220915916,0.0,0.7763165151963209,0.6214076449723721,0.11675322061840415
2018-06-29 10:00:00,0.8058055716862015,0.02773301429161063,0.39274829407857004,0.11091070971831254,0.1219849809209314
2018-06-29 11:00:00,0.6196580062271804,0.08870452109117331,0.2332499004805815,0.18382784152482062,0.010946485495327958
2018-06-29 12:00:00,0.353071711186076,0.3207210830485901,0.12025183760348129,0.1277367738005669,0.10687798712859668
2018-06-29 13:00:00,1.0,0.1255301744682647,0.0,0.0,0.776009754077449
2018-06-29 14:00:00,0.8390986020917741,0.12076607831083591,0.0,0.019199208289995946,0.818720037272273
2018-06-29 15:00:00,1.0,0.13804648799609215,0.0,0.08945181763510655,0.44537432880527345
2018-06-29 16:00:00,1.0,0.14042419680213714,0.0,0.12365323036669164,0.3791834784553248
2018-06-29 17:00:00,0.21477093937107544,0.3220754647725888,0.40616413905635573,0.16009707297598766,0.7734719509977092
2018-06-29 18:00:00,1.0,0.1766389117402931,1.0,0.024550851035204744,0.7336548017767548
2018-06-29 19:00:00,1.0,0.3460429376869909,1.0,1.0,0.7421361331110677
2018-06-29 20:00:00,1.0,0.8841916239062081,1.0,0.5546367614613251,1.0
2018-06-29 21:00:00,0.8565213403972748,0.5979278492337079,1.0,0.45270461910720344,1.0
2018-06-29 22:00:00,1.0,0.7379065712444068,1.0,1.0,1.0
2018-06-29 23:00:00,1.0,0.32170227298045423,1.0,1.0,0.556006680209129
2018-06-30 00:00:00,1.0,0.033406443027983436,1.0,1.0,0.22253615390172338
2018-06-30 01:00:00,1.0,1.0,0.7322701821222269,1.0,0.6455657546823452
2018-06-30 02:00:00,1.0,1.0,0.4774480589241881,1.0,0.5366643863116117
2018-06-30 03:00:00,1.0,1.0,0.8013543088855243,1.0,1.0
2018-06-30 04:00:00,1.0,1.0,1.0,0.6708035606505788,0.7903204235441211
2018-06-30 05:00:00,1.0,1.0,0.5904408618754662,0.5499619137253869,0.2130100129446363
2018-06-30 06:00:00,1.0,1.0,1.0,0.1588836555678009,0.5650038108260315
2018-06-30 07:00:00,0.7724232147764221,1.0,1.0,0.020996802920186308,0.8342451170836499
2018-06-30 08:00:00,0.9100404884019321,1.0,0.9015593082108059,0.02841865311610161,0.23550901234870406
2018-06-30 09:00:00,0.9940774096048057,1.0,0.2994814315439072,0.0,0.10284568585317155
2018-06-30 10:00:00,0.5617826113458426,1.0,0.2284975664740782,0.005512566606055505,0.0
2018-06-30 11:00:00,0.4887040545849468,0.5977108541828655,0.19949402415697348,0.04230504745413297,0.02329280350617241
2018-06-30 12:00:00,0.23090368549427104,0.22701904362614594,0.36138733189351585,0.11869664108884467,0.26191215807603657
2018-06-30 13:00:00,0.104208449862028,0.2081638941957392,0.2562959833144734,0.24978153543585283,0.1732981481640611
2018-06-30 14:00:00,0.04086433114231261,0.4054881406023201,0.38936618754047264,0.22416769472306017,0.5587527046901802
2018-06-30 15:00:00,0.03825288693740083,0.36553793434050386,0.47639671025091807,0.1463478438408493,1.0
2018-06-30 16:00:00,0.035916570389508934,0.3953792700384758,0.3905517287798516,1.0,0.6956136242379959
2018-06-30 17:00:00,0.022810645273668457,0.2249652997602519,0.1227504373043771,1.0,0.3522208715784856
2018-06-30 18:00:00,0.04168559685379063,1.0,1.0,0.8942772559351791,1.0
2018-06-30 19:00:00,0.024522614601972408,1.0,1.0,0.2587546814041345,1.0
2018-06-30 20:00:00,0.0,1.0,0.9408724232208848,0.103330853191193,1.0
2018-06-30 21:00:00,1.0,1.0,1.0,0.9296460327580407,0.6051551453491628
2018-06-30 22:00:00,1.0,1.0,0.692273079208453,0.5115842021797699,0.0
2018-06-30 23:00:00,1.0,1.0,0.11723123483157209,1.0,0.0
2018-07-01 00:00:00,0.5396137045848894,1.0,0.3298657861568978,1.0,0.23652812184734665
2018-07-01 01:00:00,0.6783555742049608,0.4227880201351189,0.2418054008110803,1.0,0.02601511508664267
2018-07-01 02:00:00,0.8763708591247257,0.6744574296432896,0.25851473618906434,0.8729679004417449,0.07764180085234049
2018-07-01 03:00:00,0.6622995784411799,0.38307851630097894,0.17042247133292207,0.2948720465883019,0.052593868324822365
2018-07-01 04:00:00,0.5431191958180261,0.058331944924436774,0.5202360221429095,0.17558843376225308,0.0
2018-07-01 05:00:00,0.20619956532570707,0.06903947123588922,0.7736400116780472,0.04554543990453857,0.0
2018-07-01 06:00:00,0.12193587560757048,0.15566387297535547,0.9600657332753054,0.1097068059284242,0.028195129094111242
2018-07-01 07:00:00,0.06634582479946516,0.026627264640430706,0.35115476815205815,0.12865077706319136,0.037715574750873296
2018-07-01 08:00:00,0.0465761480154167,0.0020622334496114263,0.13112495112888148,0.16710004008496965,0.03563956330511128
2018-07-01 09:00:00,0.0,0.08309401872501443,0.08864444606304808,0.1778675788497563,0.0724920346272698
2018-07-01 10:00:00,0.0,0.1416880606386591,0.045532224751839274,0.10495879486207385,0.09652457626336805
2018-07-01 11:00:00,0.0,0.1664461840014595,0.028922289870919504,0.10551656031335578,0.16047838794566965
2018-07-01 12:00:00,0.05717223572902136,0.19060995676835765,0.0,0.05773639095007551,0.1627340755876333
2018-07-01 13:00:00,0.11567233450866138,0.11160243841607076,0.0,0.04298566755826941,0.22339104159916245
2018-07-01 14:00:00,0.19842718135943246,0.05151278294620086,0.0360663439339822,0.01067934097872247,0.4345300323858111
2018-07-01 15:00:00,0.20004547254671837,0.06446768387859537,0.0,0.0,0.4915152441791503
2018-07-01 16:00:00,0.5004496042310802,0.26682136368338527,0.05878476127409461,0.0,0.9068116821655049
2018-07-01 17:00:00,0.8571545945048793,0.3216591506966206,0.07316891793866656,0.0,0.8523296682761551
2018-07-01 18:00:00,0.7993760916443625,0.16920767195793876,0.21261514875631504,0.02231480592519919,1.0
2018-07-01 19:00:00,1.0,1.0,0.9097060574869243,0.17064638936319745,1.0
2018-07-01 20:00:00,0.9901824431997973,1.0,1.0,0.3582295848380587,1.0
2018-07-01 21:00:00,1.0,1.0,0.975377063415493,0.39508989072947787,1.0
2018-07-01 22:00:00,1.0,0.5235775808143293,1.0,0.3576040638505965,1.0
2018-07-01 23:00:00,1.0,1.0,1.0,1.0,1.0
2018-07-02 00:00:00,1.0,1.0,1.0,1.0,0.44501315439692524
2018-07-02 01:00:00,1.0,0.9773167577273133,1.0,1.0,0.10583834732596173
2018-07-02 02:00:00,1.0,0.5123645856189969,1.0,1.0,0.16239975280463023
2018-07-02 03:00:00,1.0,0.4159782344805118,1.0,1.0,0.06889599487527812
2018-07-02 04:00:00,1.0,0.16238482210424385,1.0,1.0,0.0
2018-07-02 05:00:00,1.0,0.026108470923423416,0.6951714141428968,0.017282313082649124,0.16571901481898907
2018-07-02 06:00:00,0.8806146003871718,0.0,0.14445069426761725,0.0960508505506059,0.049814339178938176
2018-07-02 07:00:00,0.8431203703873622,0.0,0.31677900456386426,0.23053248113339972,0.0
2018-07-02 08:00:00,0.9429646413260558,0.0,0.4698935127445896,0.07916426683121502,0.0
2018-07-02 09:00:00,0.9168927009646607,0.0,0.2351815168043122,0.0,0.0
2018-07-02 10:00:00,0.8754129533738445,0.0,0.13415033827538347,0.0,0.0
2018-07-02 11:00:00,0.9121987815646602,0.0,0.08224259811221024,0.0,0.0
2018-07-02 12:00:00,0.9220870324432011,0.09129381118223792,0.34377810893283456,0.013869374066584972,0.08323400439400314
2018-07-02 13:00:00,1.0,0.20993748412967708,0.7979736364973278,0.06637630539198267,0.555284243430865
2018-07-02 14:00:00,1.0,0.28714879475662214,0.4270729127812612,0.0,1.0
2018-07-02 15:00:00,1.0,0.3405613844189717,0.12818835646430118,0.04160101223301744,0.12855908441768762
2018-07-02 16:00:00,1.0,0.0,0.2173642641314682,0.0,0.07617762356761902
2018-07-02 17:00:00,1.0,0.0,0.14174636800541301,0.0,1.0
2018-07-02 18:00:00,1.0,0.11078845685457622,1.0,0.03687116643160234,1.0
2018-07-02 19:00:00,1.0,1.0,1.0,0.14283937637557695,1.0
2018-07-02 20:00:00,1.0,0.44357121764266383,1.0,0.11824323516803656,1.0
2018-07-02 21:00:00,1.0,0.24364082182262656,1.0,0.22915665231107732,1.0
2018-07-02 22:00:00,1.0,1.0,1.0,0.8937004649567183,0.12360457932455741
2018-07-02 23:00:00,1.0,0.9012016575033983,0.8741761778141494,1.0,1.0
2018-07-03 00:00:00,0.35093659157269225,1.0,1.0,1.0,0.0
2018-07-03 01:00:00,0.16085148131653546,0.1469415186106275,1.0,0.7420830704380723,0.6694576727945029
2018-07-03 02:00:00,0.22750382511701248,0.10714833041972456,0.7831297493169438,0.24223142802627595,0.18234283889571284
2018-07-03 03:00:00,0.8992110414300102,0.10012657361762657,0.739680419070537,0.20917743688659926,0.0
2018-07-03 04:00:00,1.0,0.0,1.0,0.038042043383047786,0.04034405610967142
2018-07-03 05:00:00,1.0,0.0,1.0,0.09309456211813211,0.16967401935557078
2018-07-03 06:00:00,1.0,0.0,0.3031468514742472,0.02685807816927659,0.0
2018-07-03 07:00:00,1.0,0.0,0.3514073481799307,0.0,0.0
2018-07-03 08:00:00,1.0,0.0,0.0,0.0,0.0
2018-07-03 09:00:00,1.0,0.0,0.05286981656967968,0.0,0.0
2018-07-03 10:00:00,1.0,0.0,0.16060301328980175,0.0006909706022671193,0.0
2018-07-03 11:00:00,1.0,0.038529612067233925,0.251021822754453,0.02657587277734772,0.0
2018-07-03 12:00:00,0.9382661839673604,0.11739664116940185,0.36731431830626876,0.022914166495084924,0.029263263140087228
2018-07-03 13:00:00,0.8153415786618161,0.09597247313340464,0.20360399626121117,0.08297410975751325,0.09800675142378452
2018-07-03 14:00:00,0.6918395876132293,0.06657392494506788,0.3148646330413855,0.22397756063993376,0.0
2018-07-03 15:00:00,0.5739814341530048,0.0,0.3223740589965247,0.29641456282130035,0.13296742771126122
2018-07-03 16:00:00,0.9369834675938976,0.017288748389163288,0.4490276423234418,1.0,0.32668264054459256
2018-07-03 17:00:00,1.0,0.019706922907452868,0.6622474286078774,1.0,0.03317513721466268
2018-07-03 18:00:00,1.0,0.020885452188705605,0.7628354261710449,1.0,0.0
2018-07-03 19:00:00,1.0,0.0,1.0,1.0,0.15012958008564814
2018-07-03 20:00:00,0.5599935632160022,0.0,1.0,1.0,0.4846100443132106
2018-07-03 21:00:00,1.0,0.021438534163094915,1.0,0.7252315486257155,0.05115673288247467
2018-07-03 22:00:00,1.0,0.12568780471187788,1.0,1.0,0.23545695241834466
2018-07-03 23:00:00,1.0,0.0,0.7306209721173551,0.0,0.6098607209622992
2018-07-04 00:00:00,1.0,0.2376434400584123,0.7704950496421773,0.19784929196784287,0.6889620023348176
2018-07-04 01:00:00,1.0,0.2714411850650342,1.0,0.32236936089822166,1.0
2018-07-04 02:00:00,1.0,0.0,1.0,0.11537888026857195,1.0
2018-07-04 03:00:00,1.0,0.030700372096167466,1.0,0.0,0.7832059365254378
2018-07-04 04:00:00,1.0,0.00022913954435675046,1.0,0.1052524077017803,0.12480328077306058
2018-07-04 05:00:00,0.9702359204379853,0.19002855700003365,1.0,0.10071386886797598,0.31917346657154044
2018-07-04 06:00:00,1.0,0.1845093671227127,0.3999150283822367,0.8602938444800502,0.2514920250000437
2018-07-04 07:00:00,0.8831614782366256,0.021627393141843677,0.1340524375896442,1.0,0.0592204968457562
2018-07-04 08:00:00,0.15748201322480948,0.0,0.024108180337768393,0.9573188042145343,0.2343435423340702
2018-07-04 09:00:00,0.03262032347898571,0.0,0.0,0.6814587489678361,0.08608399748436792
2018-07-04 10:00:00,0.004311886872244031,0.0,0.0,0.2795642923371656,0.0
2018-07-04 11:00:00,0.0,0.025162316287183253,0.0,0.26482232121456917,0.0
2018-07-04 12:00:00,0.04907450805275323,0.0,0.10905423892473391,0.3534837943100171,0.0
2018-07-04 13:00:00,0.02573430533544352,0.4494504574112728,0.03486474928409954,0.24016552136171762,0.0
2018-07-04 14:00:00,1.0,1.0,0.07840822756270942,0.3676955224009916,0.0
2018-07-04 15:00:00,1.0,0.062883320810506,0.050595724750067426,0.26295720927982985,0.0
2018-07-04 16:00:00,1.0,0.04809947238358859,0.0,0.3612189054654342,0.055414328663822406
2018-07-04 17:00:00,1.0,0.6848342917684922,0.06301778936278334,0.5252756830241039,0.25390355184234037
2018-07-04 18:00:00,1.0,1.0,0.0,0.4980983287147486,0.37668333002715904
2018-07-04 19:00:00,1.0,1.0,0.21407253544724486,0.025110010995920768,1.0
2018-07-04 20:00:00,1.0,1.0,0.8421492696658903,0.32458392056443547,0.04403158732320088
2018-07-04 21:00:00,1.0,1.0,0.3040910666734132,0.4038214598657325,1.0
2018-07-04 22:00:00,1.0,0.41728425070995157,0.06844097947552594,1.0,1.0
2018-07-04 23:00:00,0.26612975116190746,0.0,0.0,0.23229468930368588,0.0009977331885114608
2018-07-05 00:00:00,0.08154881964606868,0.1430475456461956,0.022156314329405537,1.0,1.0
2018-07-05 01:00:00,0.4098006543653294,0.4173217127257115,1.0,0.12215372211375143,0.16558560867806607
2018-07-05 02:00:00,0.8108696189759385,0.05233225609235452,1.0,0.01577953068248386,0.10238982091608978
2018-07-05 03:00:00,0.5567951300005158,0.0,1.0,0.0,0.2657018404891698
2018-07-05 04:00:00,0.30660894562754354,0.2574598591278855,0.0,0.11849543911288515,0.04613929381721575
2018-07-05 05:00:00,0.21575088472440113,0.2903366048225384,0.023343176596052596,0.0,0.18047000838016736
2018-07-05 06:00:00,0.1921384204158243,0.1170137016611715,0.0747594077391057,0.10377348869089113,0.03734419994005348
2018-07-05 07:00:00,0.14600262640097944,0.0,0.06929682625928463,0.13262556303024925,0.0
2018-07-05 08:00:00,0.08907511381770283,0.034923944441995126,0.020346332538809898,0.7153153613237075,0.0
2018-07-05 09:00:00,0.1644328838482442,0.04114437020272963,0.0,0.052715164423220356,0.0
2018-07-05 10:00:00,0.180433143596507,0.07584817591684513,0.0426499552601806,0.24381972081021422,0.02093664749423338
2018-07-05 11:00:00,1.0,0.0,0.1292387348853128,0.18136037291938154,0.011906043374969347
2018-07-05 12:00:00,1.0,0.04683347275814282,0.20547735045496066,0.17433835755883334,0.07658566936888542
2018-07-05 13:00:00,0.3957564831143474,0.349010436112078,0.18289360073444821,0.36920992647025197,0.06050687104890703
2018-07-05 14:00:00,0.234373412359525,1.0,0.2642995705608843,0.71608750680981,0.24002754815685148
2018-07-05 15:00:00,0.0526454612291498,0.7426348360028708,0.2562275633844791,0.8803769369374859,0.38488731825040307
2018-07-05 16:00:00,0.20358746566760297,0.9443451738270917,0.280520436092518,1.0,1.0
2018-07-05 17:00:00,0.33877506421241366,0.2833204713366258,0.3784621907276643,0.8531476393264427,0.4819388466390507
2018-07-05 18:00:00,0.18184841947340782,0.4829309351884961,1.0,1.0,0.3330655372475541
2018-07-05 19:00:00,0.3954733399646563,0.12893026457683657,1.0,1.0,0.0
2018-07-05 20:00:00,0.9192147965663726,0.4822931730736345,0.8364079785185368,1.0,0.11866476228942512
2018-07-05 21:00:00,0.374231590831352,0.42524155268397285,1.0,1.0,0.2766297395572716
2018-07-05 22:00:00,0.6053101323731509,0.0757832084103765,0.6746180754743861,1.0,0.0
2018-07-05 23:00:00,0.20004208175417193,0.3238404441108795,0.6887716790170856,1.0,0.0
2018-07-06 00:00:00,0.14378199166175637,0.31524213397214257,0.531987796220129,0.7323696672777215,0.0
2018-07-06 01:00:00,0.03565048195189335,0.502570510381468,0.4573646674831965,0.4814982384148443,0.0
2018-07-06 02:00:00,0.05987692651210379,0.36650686291238466,0.2904747926530663,0.901985538534007,0.0
2018-07-06 03:00:00,0.07934264655110769,0.27649085439584226,0.1140228459205786,1.0,0.0
2018-07-06 04:00:00,0.08359882199046619,0.25282450457698374,0.1013130471618595,1.0,0.0
2018-07-06 05:00:00,0.009311643251506135,0.01706156165330083,0.3204268297251504,0.9336097513356969,0.08901088792166316
2018-07-06 06:00:00,0.0,0.0,0.0789540893913534,0.6816762199916347,0.03289187989144223
2018-07-06 07:00:00,0.0,0.0,0.031015199665381014,0.3417012722070751,0.04451922423309634
2018-07-06 08:00:00,0.0,0.0106541037347345,0.10325888431370651,0.34004790760754655,0.0
2018-07-06 09:00:00,0.0008432471685737634,0.040995585101401257,0.05378088755676966,0.27665303993436297,0.0
2018-07-06 10:00:00,0.05341211728938784,0.07644815973531233,0.07997958113445854,0.38142481068138173,0.0
2018-07-06 11:00:00,0.1296708531319641,0.1647076962414232,0.2775832935113311,0.48895725778489607,0.030939308034589923
2018-07-06 12:00:00,0.10054639436334321,0.16465517653713588,0.30495334261235607,0.47028951911128875,0.0
2018-07-06 13:00:00,0.05497388087721898,0.07363892459583903,0.27475281176189764,0.348930975116031,0.0
2018-07-06 14:00:00,0.09736039008961284,0.12006379017380202,0.27752925702459363,0.19071910830623445,0.0
2018-07-06 15:00:00,0.1646917034148803,0.1652953772548836,0.63248865748543,0.16944422856593194,0.004540062028162993
2018-07-06 16:00:00,0.2664210060162136,0.08432493726095663,0.6489658311533282,0.5425500913156736,0.056303313639515636
2018-07-06 17:00:00,0.6380600040970629,0.11652239725000868,0.5511604957684261,0.5255930490502657,0.04063942676965873
2018-07-06 18:00:00,0.7480889675773985,1.0,1.0,0.330342030186569,0.09052073780291031
2018-07-06 19:00:00,0.925383501941679,0.9595607399434237,0.8045446299595509,0.3302128797978697,0.1168533572733714
2018-07-06 20:00:00,1.0,1.0,0.9147321597046209,1.0,1.0
2018-07-06 21:00:00,0.9158479687874921,1.0,0.9956143745996607,1.0,1.0
2018-07-06 22:00:00,1.0,0.8275985847854875,1.0,1.0,1.0
2018-07-06 23:00:00,1.0,0.7385565379725753,0.9979546128561835,1.0,0.0
2018-07-07 00:00:00,0.9774768578816007,1.0,0.8972053855265215,0.6776445701481835,0.14619982434942827
2018-07-07 01:00:00,0.9593561824742676,0.8427486489080662,1.0,0.8879950395478554,0.023824092682196523
2018-07-07 02:00:00,0.8270416613962525,0.6486299834590048,1.0,0.7264045719632864,0.0483225788806249
2018-07-07 03:00:00,0.829981945599386,0.7197973964652387,1.0,0.8157348010139391,0.25044619542473173
2018-07-07 04:00:00,0.7608609110851845,0.6465650231708456,1.0,0.6760276497956447,0.2722839611448505
2018-07-07 05:00:00,0.7994509300321776,0.1919470459160532,1.0,0.5513993612004585,0.12669474955244506
2018-07-07 06:00:00,0.8406715969489211,0.0367752808647366,1.0,0.25210149395765513,0.10794246120016245
2018-07-07 07:00:00,0.42418344469442837,0.04200947931030627,0.8354926737569167,0.12086728730884859,0.0
2018-07-07 08:00:00,0.5072447558908443,0.06207752008247693,0.7292152957035214,0.043640038744347825,0.0
2018-07-07 09:00:00,0.6605882825564858,0.17061384121167786,0.811709098313997,0.15581202791204274,0.0
2018-07-07 10:00:00,0.7511644609921614,0.48707540836916846,0.8145128252145957,0.22884291687634262,0.0
2018-07-07 11:00:00,0.7539104282451335,0.3631646405495159,0.9655521905569866,0.17438568744351096,0.0
2018-07-07 12:00:00,0.7326601228489035,0.3588861484755256,0.9495857208791844,0.0911762220235283,0.039094446048603626
2018-07-07 13:00:00,0.7895006023925423,0.16933780778979818,0.8800063312656526,0.08952250419733128,0.04711511681979021
2018-07-07 14:00:00,0.6937868694263707,0.10763734680033728,0.855031109992448,0.05242973694129326,0.14998230780628047
2018-07-07 15:00:00,0.48379079988355744,0.3557219635001526,0.7931675420808324,0.07351262616774079,0.2117410812599748
2018-07-07 16:00:00,0.49551502830998195,0.36161572576054823,0.9009196314012082,0.07837898798761031,0.5351709029591629
2018-07-07 17:00:00,0.5539352710391541,0.6043646775259299,0.9004542154290075,0.18872913411009495,0.42200019282479057
2018-07-07 18:00:00,0.8388200197312465,0.9593598077680588,0.9340989582735852,0.30132011223256283,0.673632072828067
2018-07-07 19:00:00,1.0,1.0,1.0,0.5732465741549595,0.8746381869664501
2018-07-07 20:00:00,1.0,0.8501556975668743,1.0,1.0,0.9729438496999284
2018-07-07 21:00:00,1.0,1.0,1.0,0.9283334722223181,0.8808394393307617
2018-07-07 22:00:00,1.0,1.0,1.0,1.0,1.0
2018-07-07 23:00:00,1.0,1.0,1.0,1.0,0.8729444072049076
2018-07-08 00:00:00,1.0,1.0,1.0,1.0,0.0
2018-07-08 01:00:00,1.0,0.6970421170036085,1.0,1.0,0.0
2018-07-08 02:00:00,0.9606788264977445,0.5714761202713947,1.0,1.0,0.06509841285546637
2018-07-08 03:00:00,0.9816983672162488,0.3426361949397042,1.0,0.9845022826179807,0.05759419173529508
2018-07-08 04:00:00,1.0,0.49740472851616657,1.0,0.9630614860018236,0.1396257786587358
2018-07-08 05:00:00,1.0,0.20815725630821855,1.0,0.7084156396885176,0.18914553411165913
2018-07-08 06:00:00,1.0,0.13973343779520367,1.0,0.4333029384465511,0.06399410166015385
2018-07-08 07:00:00,0.968569387662358,0.0322192591225723,1.0,0.03680812148084984,0.033371426773508725
2018-07-08 08:00:00,0.8886567932248755,0.07775563982907534,1.0,0.0,0.0
2018-07-08 09:00:00,0.7709276626312849,0.2746375215664469,0.8195911837746405,0.0,0.0
2018-07-08 10:00:00,0.7378023929920771,0.21183059777875815,0.656487035039597,0.0,0.0
2018-07-08 11:00:00,0.5814729373974481,0.11860390235960647,0.5679047978999664,0.0,0.013842728056475115
2018-07-08 12:00:00,0.5971018334748025,0.04075522777751716,0.4828338804903915,0.10773371415218193,0.020172748003592006
2018-07-08 13:00:00,0.37004013405533925,0.016591979286119416,0.4058817638376842,0.10881226887420788,0.08138606762893794
2018-07-08 14:00:00,0.3903713466782604,0.11805940072804666,0.5009128707960866,0.06592167611439398,0.17831541847805374
2018-07-08 15:00:00,0.9601582284219935,0.16311464942446036,0.47165473220849313,0.12732974900313782,0.22231430965990617
2018-07-08 16:00:00,0.7081094923184897,0.3724838036931789,0.5767688403201795,0.2709465358711292,0.30821256033711536
2018-07-08 17:00:00,1.0,0.2119440843074608,0.7203897216161131,0.13367572346833284,0.8785694909095662
2018-07-08 18:00:00,0.6124353109549237,0.9588925428397153,0.9241038623604673,0.056913641296668815,0.5589950321336401
2018-07-08 19:00:00,0.7249158258516151,1.0,1.0,0.07623302851297005,0.960021409097551
2018-07-08 20:00:00,1.0,1.0,1.0,0.34621170550746155,1.0
2018-07-08 21:00:00,1.0,1.0,1.0,0.9227462542893966,1.0
2018-07-08 22:00:00,0.9910176816935777,0.6479398446010388,1.0,0.5195027490737596,1.0
2018-07-08 23:00:00,1.0,0.636525651251305,1.0,0.5491171013270114,1.0
2018-07-09 00:00:00,1.0,0.3462508267867415,1.0,1.0,1.0
2018-07-09 01:00:00,0.98036799759747,0.23579638337581613,1.0,1.0,0.0
2018-07-09 02:00:00,1.0,0.16085298015050428,1.0,1.0,0.09532436760403853
2018-07-09 03:00:00,1.0,0.08384058105428938,1.0,1.0,0.0
2018-07-09 04:00:00,1.0,0.019953233090415003,1.0,1.0,0.0
2018-07-09 05:00:00,0.8326582968953705,0.0,1.0,0.7873860007763236,0.009905290093925979
2018-07-09 06:00:00,0.5582064456251492,0.0,0.602437639738117,0.1841274825446115,0.02648495025475184
2018-07-09 07:00:00,0.0802541976803066,0.0,0.17531164625909423,0.0,0.004006863070620852
2018-07-09 08:00:00,0.06789634387505286,0.0,0.0480028523941801,0.0,0.0
2018-07-09 09:00:00,0.13216580572985723,0.0,0.0256495882557838,0.17577027778105375,0.0
2018-07-09 10:00:00,0.2203494977043109,0.05863632110537719,0.23933346435576172,0.3248818633851658,0.01982357226241743
2018-07-09 11:00:00,0.13383892073627165,0.02554150171782199,0.41512214584217844,0.4550923911699098,0.0
2018-07-09 12:00:00,0.14382080259393715,0.09117944992955691,0.3321146229890528,0.5960422767096545,0.03226305759227845
2018-07-09 13:00:00,0.2174309660813154,0.1101125208072746,0.4180544713414856,0.687356443510432,0.05035943786065718
2018-07-09 14:00:00,0.2544753884012284,0.17958883434626607,0.30232443720221425,0.42635295662400086,0.07513278891109254
2018-07-09 15:00:00,0.28514654168878767,0.17577617537656004,0.2637426738583842,0.857888108490041,0.04090050993290269
2018-07-09 16:00:00,0.2822741417575136,0.3123362075279036,0.40672818257507015,0.3347941243980561,0.3067392594412836
2018-07-09 17:00:00,0.4544997484244262,0.43718950120028677,0.37161698482907574,0.642373950435261,0.5046941198170589
2018-07-09 18:00:00,0.34391010433409325,0.39374454402241676,0.31860083667994543,0.6637189799894798,0.6117685442685311
2018-07-09 19:00:00,0.701583221264132,1.0,0.5177470161318264,1.0,1.0
2018-07-09 20:00:00,0.9133861539433555,1.0,1.0,1.0,1.0
2018-07-09 21:00:00,0.9995670650612802,1.0,1.0,1.0,1.0
2018-07-09 22:00:00,0.8829841648396587,1.0,0.9950219347554577,1.0,1.0
2018-07-09 23:00:00,0.5963771121344127,0.7887086206083361,1.0,1.0,1.0
2018-07-10 00:00:00,0.5033429102102945,0.4746691683820682,1.0,1.0,1.0
2018-07-10 01:00:00,0.4283760829298344,0.45839922883145817,1.0,1.0,1.0
2018-07-10 02:00:00,0.45944422886745423,0.23317707961389458,1.0,1.0,0.800623895704371
2018-07-10 03:00:00,0.7967718650445403,0.21251414132643548,1.0,1.0,0.0
2018-07-10 04:00:00,0.5093789205545993,0.127512478422305,1.0,1.0,0.11969492619829823
2018-07-10 05:00:00,1.0,0.13642973908449493,1.0,1.0,0.133518796619301
2018-07-10 06:00:00,0.9816082586319642,0.03075221525402776,0.7879241999866787,1.0,0.07562167698611218
2018-07-10 07:00:00,0.30235885744950336,0.0,0.2216082124277889,0.4636134127612249,0.015587070696458491
2018-07-10 08:00:00,0.47357946336788365,0.12276361040419405,0.2996717665465238,0.17681350255107864,0.0
2018-07-10 09:00:00,0.5682878124629027,0.6057552914184575,0.5447274391841201,0.2400615691241584,0.0
2018-07-10 10:00:00,0.45660812608605705,0.5922024765914476,0.7660640344203736,0.417767345563234,0.0
2018-07-10 11:00:00,0.5385662158344503,0.4398057691224673,0.6692084890973322,0.43406556656690204,0.011717157584257355
2018-07-10 12:00:00,0.5069679506868345,0.16176912262754853,0.5717951299561755,0.24746123117433777,0.04172867183470635
2018-07-10 13:00:00,0.38457736887123517,0.15488566531336642,0.5053117517033797,0.3302201528427557,0.026350565114291537
2018-07-10 14:00:00,0.32865979220698105,0.31202345867265285,0.8161054559181176,0.30274261623345367,0.02305351010741515
2018-07-10 15:00:00,0.2179234291157003,0.24397857384320923,0.6252378666144885,0.39309728199312305,0.20849650164868383
2018-07-10 16:00:00,0.39146083949796395,0.3983100352335127,0.8262620109575267,0.627764973983598,0.445543133356395
2018-07-10 17:00:00,0.5540361838624815,0.8006577490857505,0.8138256959031178,0.6932600871685196,0.43236050507396384
2018-07-10 18:00:00,0.826982447317736,0.908996040288479,0.8079163531955037,0.8123087430375405,0.5934761270565573
2018-07-10 19:00:00,0.6259406571173399,0.9878194502069896,1.0,0.9163000184184826,1.0
2018-07-10 20:00:00,1.0,0.9424013999847193,1.0,1.0,1.0
2018-07-10 21:00:00,1.0,1.0,1.0,1.0,1.0
2018-07-10 22:00:00,1.0,1.0,1.0,1.0,1.0
2018-07-10 23:00:00,1.0,1.0,1.0,1.0,0.21430836662720654
2018-07-11 00:00:00,1.0,1.0,1.0,1.0,0.07152365680551406
2018-07-11 01:00:00,1.0,1.0,1.0,1.0,0.42801867242586955
2018-07-11 02:00:00,1.0,0.8843831048203195,1.0,1.0,0.35321436787967986
2018-07-11 03:00:00,1.0,0.31529585881577216,1.0,1.0,0.5415171632889999
2018-07-11 04:00:00,0.8340833801677442,0.24976659701708437,1.0,0.7966089870981993,0.5595206543797573
2018-07-11 05:00:00,1.0,0.2862761616602041,0.998174634400829,0.33482034378942627,0.3267607997183048
2018-07-11 06:00:00,0.8239437828727845,0.15950482780712955,0.5832043654758484,0.21020633799327137,0.1952406825759456
2018-07-11 07:00:00,1.0,0.04537313563384849,0.2953412043594259,0.04013022412041744,0.06404423562076264
2018-07-11 08:00:00,1.0,0.019932445059738957,0.170641844781338,0.0,0.0936242547469692
2018-07-11 09:00:00,1.0,0.10605665580143739,0.34852477030919865,0.0,0.0
2018-07-11 10:00:00,1.0,0.3324147926884813,0.6354099606049965,0.10025404956041992,0.0
2018-07-11 11:00:00,0.8509016398050234,0.22049776003969973,0.40422306808116615,0.12812445455938837,0.0
2018-07-11 12:00:00,0.9924548771522691,0.050566407855506555,0.36106417592374934,0.058787118980963476,0.0
2018-07-11 13:00:00,0.36218350057653,0.1508765784399997,0.28525168019451774,0.0235932378259083,0.00149622950445098
2018-07-11 14:00:00,0.38668099543972173,0.5838091887751725,0.4008548154194289,0.026976365685607562,0.18903732014305455
2018-07-11 15:00:00,0.34953614256993415,0.46089999997747116,0.38389795870319493,0.12136641475231764,0.23812564441542447
2018-07-11 16:00:00,0.6091881893579744,0.28348227932285225,0.5576563761387673,0.13510016827832047,1.0
2018-07-11 17:00:00,1.0,0.8896749858383113,0.8120850558369024,0.3123058349484403,1.0
2018-07-11 18:00:00,1.0,1.0,0.9560246021184956,0.3950635766349745,0.5188203741743218
2018-07-11 19:00:00,0.5040170745612634,1.0,1.0,0.6305546275730902,1.0
2018-07-11 20:00:00,1.0,1.0,1.0,1.0,0.5514843661267196
2018-07-11 21:00:00,0.7226349004858299,1.0,0.822298943223771,1.0,0.31422084404957634
2018-07-11 22:00:00,1.0,0.9226995799807419,1.0,1.0,0.558856710269815
2018-07-11 23:00:00,1.0,0.43346122464912845,1.0,1.0,0.2238899185328646
2018-07-12 00:00:00,0.6720441594863114,0.9233270170106619,1.0,0.7059256821232445,0.0
2018-07-12 01:00:00,0.8190395874556765,0.9049978728513476,1.0,0.31891219033012175,0.010917327047397937
2018-07-12 02:00:00,0.9885932291455242,0.5396466611424706,1.0,0.4090483056390687,0.14803647809489243
2018-07-12 03:00:00,1.0,0.7940537769184515,1.0,0.39845902054213395,0.19302908315752265
2018-07-12 04:00:00,1.0,0.429940320747236,1.0,0.0,0.2261509195479448
2018-07-12 05:00:00,0.9948576409879768,0.1836654021085112,0.8036374532777897,0.1873575708493927,0.053146111085705605
2018-07-12 06:00:00,0.9930514054537811,0.03612779827061013,0.3132989165451992,0.16335172329680245,0.045993172889508285
2018-07-12 07:00:00,0.9980285226211532,0.0,0.15739650997679497,0.09402662493015718,0.03645528342188552
2018-07-12 08:00:00,0.911823466178848,0.0,0.1857866883257809,0.07734292226690623,0.02047099729028226
2018-07-12 09:00:00,0.8378689388603334,0.0,0.1906353367236189,0.15754030916093273,0.0
2018-07-12 10:00:00,0.8582768166582185,0.0,0.3582925414353385,0.21523585476539484,0.0
2018-07-12 11:00:00,0.6882070857422277,0.0,0.3064502145710979,0.13612891687284606,0.0
2018-07-12 12:00:00,0.5852651876173521,0.0,0.2580596658853213,0.12774303766002412,0.02613548390204871
2018-07-12 13:00:00,0.7662359594110152,0.0,0.7422560381410749,0.1385904613238225,0.03704862472340968
2018-07-12 14:00:00,0.8909320632183235,0.005403307295410324,1.0,0.2832990457217855,0.5941005600684258
2018-07-12 15:00:00,0.8575549284950891,0.0714900010507929,0.2199085102838517,0.12332160396671824,1.0
2018-07-12 16:00:00,1.0,1.0,1.0,0.017064626371771054,0.49907080359079886
2018-07-12 17:00:00,1.0,1.0,1.0,0.2584668791149082,0.2294346056038336
2018-07-12 18:00:00,1.0,1.0,1.0,1.0,0.462335129379815
2018-07-12 19:00:00,0.7010452688615538,0.34348543823064875,0.4056559261131959,0.6526024857797423,0.1465512776393926
2018-07-12 20:00:00,0.658350446443701,0.04719695686123409,0.11737659179797871,0.6936216935778311,0.17783038151327363
2018-07-12 21:00:00,1.0,0.11500185846271757,0.7738665601440758,0.6479208520165564,0.35652680949218274
2018-07-12 22:00:00,0.9275783784213811,0.1900994738057372,1.0,0.4013078747177237,0.219308963455783
2018-07-12 23:00:00,0.6906209324426115,0.37987032713686325,0.21985159490124595,0.23133007675117506,0.014407051535079329
2018-07-13 00:00:00,0.7681572171111615,0.7096600059856413,0.0,0.24722689605028092,0.0
2018-07-13 01:00:00,0.8720443603168144,0.9257046797924658,0.0,0.19638874831986822,0.0033448469507120155
2018-07-13 02:00:00,0.8543709130159256,1.0,0.05692719223566807,0.31255487062514475,0.0
2018-07-13 03:00:00,0.5849684719261206,1.0,0.32938954877474375,0.372516335217111,0.018063707275237182
2018-07-13 04:00:00,0.8603095313216378,1.0,0.46363350656887725,0.4597027277754775,0.08240020758437035
2018-07-13 05:00:00,0.6247972471724287,1.0,0.3015214716204488,0.4639031584558979,0.12170321388380564
2018-07-13 06:00:00,0.2281570027391182,1.0,0.25787189135185434,0.43068485543067664,0.07849879709207203
2018-07-13 07:00:00,0.17797745310500848,1.0,0.1400504741993171,0.1753831529365472,0.033971065615670246
2018-07-13 08:00:00,0.30236863705385275,0.8709314360097357,0.0444335885215145,0.03388631976616296,0.0
2018-07-13 09:00:00,0.25926447340101233,0.5188913650891979,0.05858456269343602,0.0,0.0
2018-07-13 10:00:00,0.10408363789062196,0.3358610578478641,0.028715586599028786,0.0,0.0
2018-07-13 11:00:00,0.097090412939297,0.25052197024978007,0.04675260821612132,0.0,0.0
2018-07-13 12:00:00,0.058554504093913426,0.16437748859759047,0.0709041952919849,0.0,0.0
2018-07-13 13:00:00,0.023644055367697567,0.12276768756019177,0.009506984748103528,0.0,0.5269186713849406
2018-07-13 14:00:00,0.060526520484413024,0.19414724206550932,0.008430372394969708,0.026488132303397985,0.2191566476389856
2018-07-13 15:00:00,0.07417048824679698,0.25897175461612915,0.0030911081502431443,0.04378448413497957,0.4526046162165218
2018-07-13 16:00:00,0.4195291629904691,0.26383414872187755,0.02906271194142088,0.12481180292813686,0.4594754255932191
2018-07-13 17:00:00,0.6358487051622598,0.2044167490565447,0.09372522181636388,0.05672372959522943,0.44572879609702765
2018-07-13 18:00:00,0.0,0.20545656905244739,0.10308907068879652,0.22765762338592518,0.48356414196268754
2018-07-13 19:00:00,0.021856355718465465,0.20020624230014672,0.19944998417931417,0.38477342444042323,0.38666931790757825
2018-07-13 20:00:00,0.044132060006221704,0.35949207734617344,0.32808997577547566,0.6581007417838306,0.2517192613713746
2018-07-13 21:00:00,0.10449950422354705,0.4124580170268638,0.6453253307845571,0.797139614550753,0.3061077426867752
2018-07-13 22:00:00,0.385133188440177,0.5809262871528896,0.4425793319908574,0.9488855661397474,0.27084701941978256
2018-07-13 23:00:00,0.0,0.4229377980361235,0.4344174578073145,1.0,0.11770185152550713
2018-07-14 00:00:00,0.047119318325314664,0.15473190072833617,0.18842414238281563,1.0,0.17079655313412975
2018-07-14 01:00:00,0.17535638763395514,0.033080617412045835,0.07744689922375506,1.0,0.01074332587967183
2018-07-14 02:00:00,0.3230795827721572,0.0,0.06191033335522987,0.9337346135378809,0.0
2018-07-14 03:00:00,0.40898526626829246,0.0,0.12156566399216065,0.9098231573890723,0.0
2018-07-14 04:00:00,0.3427010592294899,0.0,0.08885425031156645,0.7347067628600668,0.0
2018-07-14 05:00:00,0.12727219058938408,0.009239199629621718,0.07090272522342551,0.3234454487635665,0.0
2018-07-14 06:00:00,0.0,0.06814685450918766,0.08308453924335675,0.27961331893532954,0.0
2018-07-14 07:00:00,0.0,0.028424766365513773,0.045578701689170525,0.23728817604194896,0.03627994303728868
2018-07-14 08:00:00,0.0,0.04819168199535606,0.0,0.10982419055518843,0.03196119891117939
2018-07-14 09:00:00,0.0,0.04735690136579704,0.0,0.12697070201150057,0.0042237002887273245
2018-07-14 10:00:00,0.0,0.09123540180827372,0.031823205400100654,0.1598693276956893,0.0
2018-07-14 11:00:00,0.027918308749510838,0.16797942621888623,0.05157714698957148,0.14831186939528562,0.0
2018-07-14 12:00:00,0.057722342492206966,0.15575008210055724,0.07551195900556221,0.12453815949584895,0.0
2018-07-14 13:00:00,0.051662259308693254,0.12205257468506875,0.07006554676518832,0.12042868582872901,0.029729946744521726
2018-07-14 14:00:00,0.08271358678185592,0.09255641080068722,0.07816737984488543,0.10638318078148745,0.13743167749474788
2018-07-14 15:00:00,0.05029932250630683,0.07125349139877123,0.09380237885707012,0.0873173474700399,0.191243694843609
2018-07-14 16:00:00,0.03864864916234982,0.11006833274826984,0.08477196715075187,0.060202164569228105,0.35492300292631673
2018-07-14 17:00:00,0.02619534930482797,0.12167519544217946,0.12275645583057478,0.28377747513327617,1.0
2018-07-14 18:00:00,0.052102737670428195,0.15619855212112058,0.18208655003371593,0.5855247159404396,0.9083758740457136
2018-07-14 19:00:00,0.17280491536917914,0.2881327895872699,0.14976288935159976,0.5519074225502352,0.5204435728186769
2018-07-14 20:00:00,0.32535516379893153,0.5824774726302806,0.51548611482738,0.9729176692297474,0.4887879261250252
2018-07-14 21:00:00,0.5228039287853423,0.6256690517669171,0.7567635371885869,0.9398332376473018,0.07871699494360886
2018-07-14 22:00:00,0.48270589308297923,0.681657064095229,0.5350121242547276,1.0,0.11804406962510484
2018-07-14 23:00:00,0.3361914151372289,0.5208607008908241,0.31254492210751156,1.0,0.26229615762802766
2018-07-15 00:00:00,0.1668397221660273,0.5328945093150553,0.2122894537564851,1.0,0.1262282977654022
2018-07-15 01:00:00,0.10243428523062316,0.204043718589605,0.10648528240245284,1.0,0.13996206837522057
2018-07-15 02:00:00,0.0,0.1420885817231793,0.0826110850587905,1.0,0.0
2018-07-15 03:00:00,0.0,0.0,0.07549599643767578,0.9014098372177277,0.06357785212147504
2018-07-15 04:00:00,0.0,0.0,0.07170623024757268,0.7129804556516358,0.1141306237896957
2018-07-15 05:00:00,0.07082373711285152,0.0,0.02238006522922573,0.09371431712999102,0.04545595798304226
2018-07-15 06:00:00,0.14644512735920748,0.0,0.0,0.3019895417687911,0.0
2018-07-15 07:00:00,0.1202697065788074,0.0,0.0,0.5741305166321633,0.0
2018-07-15 08:00:00,0.14870540529194348,4.495532086252751e-05,0.0,0.42128925718236176,0.0
2018-07-15 09:00:00,0.11376537301547417,0.08918976328973156,0.0,0.3403587177642045,0.061275744938083146
2018-07-15 10:00:00,0.08281995047414185,0.09495796711600125,0.07748869293880159,0.23016048778881212,0.11016000270318818
2018-07-15 11:00:00,0.04035660195281921,0.06020440996058934,0.5608486163622766,0.24526533789104982,0.07588531833033309
2018-07-15 12:00:00,0.029831108552401342,0.5583011203199767,0.529372501455603,0.2245338047596062,0.2649692632724606
2018-07-15 13:00:00,0.02963756767044282,0.5888099553428645,0.42373740872587584,0.34146070278090745,0.29038548064708086
2018-07-15 14:00:00,0.06255539843836994,0.25182434046043833,0.2606457246900477,0.1366249946971941,1.0
2018-07-15 15:00:00,0.20781142393560262,1.0,0.10047260022285169,0.0,1.0
2018-07-15 16:00:00,0.026066020099955685,1.0,0.17855594913664619,0.0,1.0
2018-07-15 17:00:00,0.2916830450562064,1.0,0.17717440606896898,0.18513735498469774,1.0
2018-07-15 18:00:00,0.28461786996397526,1.0,0.14034353424733398,0.24149253833427897,0.8372563762023267
2018-07-15 19:00:00,0.2996762646508064,0.6824270089124623,0.13048471902388656,0.1159758428257719,0.16256085661762312
2018-07-15 20:00:00,0.099123045343272,0.4444218062431798,0.19004252517400938,0.14643258167895395,0.008065808394492365
2018-07-15 21:00:00,1.0,0.39337540106193364,0.07262341133137788,0.05426689679539887,0.09376310468704348
2018-07-15 22:00:00,0.8333312988726688,0.22507162060041613,0.3400190331088537,0.013303354016335674,0.013129202603188332
2018-07-15 23:00:00,0.503241583707682,0.14962823190906024,0.28747335797640955,0.018992922142045777,0.0
2018-07-16 00:00:00,0.14739465181681394,0.033776399134641755,0.41292718338221646,0.0,0.0
2018-07-16 01:00:00,0.22729579490846058,0.0,0.502808857958136,0.03787810805371316,0.03412464419843318
2018-07-16 02:00:00,0.2171480561111582,0.0,0.04019849144977235,0.09553866330476364,0.0
2018-07-16 03:00:00,0.14865607689982396,0.0,0.028283538513656063,0.42843871335406586,0.0
2018-07-16 04:00:00,0.03149751825778547,0.0,0.0,0.5144515234794972,0.0799429466746734
2018-07-16 05:00:00,0.056443350071245166,0.0,0.0,0.2742578422957683,0.0
2018-07-16 06:00:00,0.065700547864421,0.0,0.0,0.11760169103527937,0.0
2018-07-16 07:00:00,0.069060297879267,0.031773202262712026,0.01944395013189319,0.0953519834562804,0.0
2018-07-16 08:00:00,0.07208870394985187,0.050471868859161495,0.04365335545686812,0.038475440277033326,0.0
2018-07-16 09:00:00,0.03095887422701774,0.004658956840522364,0.050091629423212033,0.033060428181552574,0.014709012283064225
2018-07-16 10:00:00,0.020934087336201362,0.059971525186047,0.02857493915835259,0.041998170008328145,0.04086104767949568
2018-07-16 11:00:00,0.039061768145694085,0.04973649546067941,0.08414768337937285,0.06383629974739438,0.1421526199284896
2018-07-16 12:00:00,0.08750641853401324,0.018911476929147738,0.06843752010981488,0.16649430479520158,0.1473706871912729
2018-07-16 13:00:00,0.09267651613554426,0.028111220553113526,0.10819066933930632,0.09383632720355975,0.09348398992922308
2018-07-16 14:00:00,0.2171898595283053,0.0,0.16476723090051656,0.06315499392426371,0.11624422699148879
2018-07-16 15:00:00,0.22137659436864715,0.13191678426607828,0.23790755501751013,0.08612414235502634,0.18629548816938396
2018-07-16 16:00:00,0.3556961569910494,0.06250239418598025,0.22368047826949486,0.06020618874626367,0.027972137526191355
2018-07-16 17:00:00,0.7788801514125071,0.0772638293159087,0.2986490301958426,0.0,0.8783290453937125
2018-07-16 18:00:00,0.1112909546313972,0.2744613952805745,0.4241663691986255,0.024659919472509274,0.07945924673854893
2018-07-16 19:00:00,0.2654667705291161,0.31320850167039893,0.29968069528340024,0.0,0.048409831758283
2018-07-16 20:00:00,0.5296206226259638,0.7864253375944866,0.49989461481452147,0.08538521796868345,0.47848093403987635
2018-07-16 21:00:00,0.44832457556435534,0.25048251260929644,0.8632130246801377,1.0,0.5315473869049947
2018-07-16 22:00:00,0.0518139285737459,0.20474008313098435,0.7154513030174652,1.0,0.2865263416929902
2018-07-16 23:00:00,0.0,0.18482985298715948,0.42579535656287937,0.7843684465083425,0.0
2018-07-17 00:00:00,0.056839093625661995,0.5089846548218144,0.05642961813637892,1.0,0.0
2018-07-17 01:00:00,0.14122834823171995,0.12334968520929071,0.12548687880999418,0.1328464041280334,0.0
2018-07-17 02:00:00,0.19971764627122404,0.025877613089085136,0.1269503219335733,0.041631182063530316,0.0
2018-07-17 03:00:00,0.39352762447774314,0.0,0.0,0.0,0.05649660028380769
2018-07-17 04:00:00,0.4954672630752175,0.0,0.02730481874676991,0.06161218249438389,0.11232951621073797
2018-07-17 05:00:00,0.2966538975734966,0.26966422707823345,0.0,0.08387437549164883,0.044539361391497986
2018-07-17 06:00:00,0.4125548099427997,0.1711956790346159,0.0,0.10211901136903165,0.06132408960990665
2018-07-17 07:00:00,0.21520070327568266,0.1572107042631553,0.0,0.09546243321299884,0.023818246046990094
2018-07-17 08:00:00,0.06499378738291152,0.28582197263952247,0.0,0.026146259343665823,0.02832679453634224
2018-07-17 09:00:00,0.032623584102531404,0.21509346755792663,0.0,0.0,0.03920448822317081
2018-07-17 10:00:00,0.0,0.026278446315224472,0.0,0.0,0.0038251986442374647
2018-07-17 11:00:00,0.0,0.0,0.0,0.0,0.02525997919838223
2018-07-17 12:00:00,0.0,0.0,0.023900211537435535,0.0531554559133358,0.03684311544096516
2018-07-17 13:00:00,0.0,0.06280760053370504,0.050830902956193316,0.1293181549302601,0.05474727761164392
2018-07-17 14:00:00,0.0,0.06610506368466967,0.1163536025287765,0.1949396279150617,0.14273649077925665
2018-07-17 15:00:00,0.0,0.026293562506996295,0.20870130376748663,0.1506362021186419,0.0
2018-07-17 16:00:00,0.0,0.0,0.2614623820839682,0.061137130023648144,0.06954557466179336
2018-07-17 17:00:00,0.048581473251808685,0.012746985038100017,0.3970503054962598,1.0,0.0
2018-07-17 18:00:00,1.0,0.005703541833848135,0.15793513854084873,1.0,0.0
2018-07-17 19:00:00,0.3825514374498454,0.07746658707880215,0.23253531533474006,1.0,0.021321659430488714
2018-07-17 20:00:00,0.19004002082056345,0.028274272300052965,0.09489191865462882,1.0,0.10021308125766495
2018-07-17 21:00:00,0.24374234727874486,0.08783097836255668,0.3150160083153705,1.0,0.1284742068184803
2018-07-17 22:00:00,0.5882713664487963,1.0,0.15259209838818394,1.0,0.24956638371631623
2018-07-17 23:00:00,0.4182450699680915,0.8130244483618565,0.30512271666167773,1.0,0.0
2018-07-18 00:00:00,0.2765781361278102,0.2695343896660314,0.34821933776677405,1.0,0.0
2018-07-18 01:00:00,0.2404375289284967,0.33829010648633523,0.3907378766690202,1.0,0.0
2018-07-18 02:00:00,0.5305181426790889,0.4401449966823984,0.4211835948479335,0.9128974075144763,0.09242004061972879
2018-07-18 03:00:00,0.7582372567265374,0.6258521038664392,0.3413330328717889,0.10586661961089658,0.15002831011268533
2018-07-18 04:00:00,1.0,0.37192151968322135,0.2545207106258681,0.06466082558733671,0.3194027978410153
2018-07-18 05:00:00,0.029688280457324957,0.22515562342709822,0.3967950987468019,0.06112405014553341,0.1372356276792424
2018-07-18 06:00:00,0.0,0.4113435338524262,0.004947647893362122,0.0,0.14741753492653759
2018-07-18 07:00:00,0.0,0.41902683314296385,0.19365075493758757,0.0,0.300330521855413
2018-07-18 08:00:00,0.0,0.2821143682075473,0.12967155100790553,0.0,0.14634422222033755
2018-07-18 09:00:00,0.0,0.3177248385828519,0.09789609417055013,0.0,0.028315239109620374
2018-07-18 10:00:00,0.0,0.37424320151014234,0.0,0.0,0.029822705607602265
2018-07-18 11:00:00,0.0,0.7757942012315965,0.0,0.0,0.0
2018-07-18 12:00:00,0.0418531088293776,0.60145951239459,0.0,0.7459863870023525,0.015314871477593405
2018-07-18 13:00:00,0.1256137743346419,0.2566634438414168,0.0,0.8230350452915473,0.12135343938126403
2018-07-18 14:00:00,0.13193332272858613,0.17458932959169557,0.07641485110320828,0.17975714694068612,0.25270071009212947
2018-07-18 15:00:00,0.05915029149727619,0.1316530497666384,0.052547732010120626,0.08260579312323522,0.024759261118596346
2018-07-18 16:00:00,0.03738265621089482,0.10967881873963423,0.046401420636556584,0.13470974891230503,0.2278531692706832
2018-07-18 17:00:00,0.02490237893943845,0.030125803682647112,0.06634947857081519,0.12675974275013846,1.0
2018-07-18 18:00:00,0.0398853018102062,0.21226734393566069,0.105387162078865,0.21594591048444256,0.6301478753233188
2018-07-18 19:00:00,0.20416588876759875,0.24082308137794584,0.17127105668997258,0.3903286098506317,0.35335967935017015
2018-07-18 20:00:00,0.21367038796882018,0.19314933493166578,0.15650180005746075,0.08948422929508074,0.31113679232612657
2018-07-18 21:00:00,0.42430627328089726,0.7804370478775242,0.17403757230036135,0.09926524551706567,0.5780174825502102
2018-07-18 22:00:00,0.6898482950117493,0.36263698671077826,0.35451260659646006,0.1696859934701657,0.48677477719584417
2018-07-18 23:00:00,1.0,0.04838940865986729,0.6775319162092694,0.11073767823616087,0.3847288293509617
2018-07-19 00:00:00,1.0,0.0,0.8525105991302068,0.12018457967466717,0.0
2018-07-19 01:00:00,1.0,0.03906390528746376,0.7919653300334594,0.08473799688586332,0.0
2018-07-19 02:00:00,0.9757268882982285,0.10865532663222689,0.10156101349814264,0.09310451624938067,0.15403050681908143
2018-07-19 03:00:00,0.8839447369074678,0.06739217231483792,0.12905229178936664,0.0,0.4884326432197037
2018-07-19 04:00:00,0.49803502448972814,0.023380958044314278,0.141258699326316,0.030632989432470992,0.7125587210652002
2018-07-19 05:00:00,0.39889100265434807,0.027366313162799447,0.06931131369874724,0.0,0.31827910107211516
2018-07-19 06:00:00,0.4021577093360588,0.4432642939338484,0.0,0.0,0.34928328070311426
2018-07-19 07:00:00,0.05862719223091263,0.39294848793805826,0.0,0.0071495785266797235,0.09990990166666988
2018-07-19 08:00:00,0.13984345866441156,0.10661575005531533,0.0,0.008300212397181326,0.0
2018-07-19 09:00:00,0.1856773418621045,0.358739100130346,0.0,0.08007941317952914,0.0
2018-07-19 10:00:00,0.25303585596042166,0.3932738296286566,0.0,0.08652318834413802,0.0
2018-07-19 11:00:00,0.16718263982393355,0.3474852549063198,0.0,0.10194879707221378,0.0
2018-07-19 12:00:00,0.06916091716345656,0.32435928556320415,0.0,0.019289284172926878,0.0
2018-07-19 13:00:00,0.32581947059178096,0.4312584951357541,0.0,0.0,0.0
2018-07-19 14:00:00,0.360671159830717,0.19008241039166948,0.015506972184403252,0.0,0.0
2018-07-19 15:00:00,0.13839625523013002,0.11660529366692406,0.013199973891695853,0.0,0.0
2018-07-19 16:00:00,0.19915653403149092,0.09277150960765009,0.04353133140611169,0.0,0.4846940873672923
2018-07-19 17:00:00,1.0,0.09135033329532026,1.0,0.03178757843863413,0.6650512519731723
2018-07-19 18:00:00,0.3849834782801039,0.09135033329532026,0.6598023617481058,1.0,0.1322792517018814
2018-07-19 19:00:00,0.3343018438997457,0.1020429517499061,1.0,0.9406861830488654,0.3628718476235366
2018-07-19 20:00:00,0.5212515174173641,0.17908555945606455,0.8741808259033378,0.7217604194706961,0.9617495189936067
2018-07-19 21:00:00,0.5318625186212164,0.12128290472046259,0.6564451085870736,1.0,0.9746436850621344
2018-07-19 22:00:00,0.6600702037810815,0.1300094897380355,0.43583742570906286,0.9517626482128922,0.29815385806460004
2018-07-19 23:00:00,0.8822068875674034,0.06668286469176349,0.41266147820999305,0.6997069924561077,0.0
2018-07-20 00:00:00,0.9758022195152597,0.06562382121653108,0.5036894161104116,0.5119145812400584,0.0
2018-07-20 01:00:00,0.9633585251430433,0.0,0.43889716264813705,0.49780476306823795,0.0
2018-07-20 02:00:00,1.0,0.0605172892622658,0.3676871140280644,0.7876380264371247,0.20886031410882372
2018-07-20 03:00:00,1.0,0.05170238897265718,0.20276376915277455,0.27294967706687234,0.3408899421384161
2018-07-20 04:00:00,1.0,0.02477180510763958,0.14901577135284175,0.0,0.26978303108709617
2018-07-20 05:00:00,1.0,0.1937834606168458,0.1523711724726812,0.20886868560408886,0.04723367650186587
2018-07-20 06:00:00,1.0,0.12743666690300318,0.025805668048410554,0.29546406282508664,0.0
2018-07-20 07:00:00,1.0,0.0,0.034958910886469616,0.1135812375340466,0.07167802952643054
2018-07-20 08:00:00,0.5703812484142691,0.1858374389708099,0.0,0.09978874651239383,0.0
2018-07-20 09:00:00,0.21183593129670908,0.18945100294824965,0.020598115009164607,0.10243804165835994,0.0
2018-07-20 10:00:00,0.08872108123417449,0.18301911216847633,0.0,0.2974884345848968,0.0
2018-07-20 11:00:00,0.09927333422278192,0.43512971688803326,0.0,0.15981236008982538,0.028577016586082207
2018-07-20 12:00:00,0.26304573275981874,0.3247602948728201,0.0436162023510757,0.041172326941624,0.0735342854117036
2018-07-20 13:00:00,0.9394374025433087,0.4282891201096768,0.0685251207754554,0.053824582589647584,0.1506885074324363
2018-07-20 14:00:00,1.0,0.45682375037363393,0.12005598562628378,0.09342085377155024,0.05625232597549249
2018-07-20 15:00:00,1.0,0.5211310165265841,0.11321127264212077,0.07584810187436915,0.027597081682220335
2018-07-20 16:00:00,1.0,0.3023720774949156,0.0947393799494223,0.11569300100328686,0.6600067271238144
2018-07-20 17:00:00,1.0,0.5364567586860413,0.30057226274495075,0.544805690119579,1.0
2018-07-20 18:00:00,1.0,0.44034623467555656,0.4968179287500176,0.3030861544178588,1.0
2018-07-20 19:00:00,1.0,0.24606125800534603,0.5200854024810005,0.2141681641070646,0.6665846035520104
2018-07-20 20:00:00,1.0,0.07725474926695634,0.643800403621273,0.4070084439846467,0.038440658137052386
2018-07-20 21:00:00,1.0,0.9524597864181106,0.30187633134442515,0.9438250878146695,0.7415315712854963
2018-07-20 22:00:00,1.0,0.4148502750953823,0.49303539664264795,1.0,0.16159357993357587
2018-07-20 23:00:00,0.09331141142264554,0.16419002127280563,0.3062957644755823,1.0,0.368124128774249
2018-07-21 00:00:00,0.9612143456817174,0.3405759553788601,0.28996103125534184,0.9280716793645355,0.2533878588311686
2018-07-21 01:00:00,0.4360249641844836,0.29107386462918916,0.3961837444765503,0.37648159642915635,0.00895871805130048
2018-07-21 02:00:00,1.0,0.04216224862726989,1.0,0.6222144350838306,0.1698619958954178
2018-07-21 03:00:00,0.010917867278513465,0.0,0.6880365999774576,0.46832216591520653,0.16272315067786802
2018-07-21 04:00:00,0.057582593117506006,0.0,0.5565204806525599,0.8836673638678233,0.1573389468070781
2018-07-21 05:00:00,0.5405580950555898,0.388638260801287,0.4003699240710424,0.5683529871130328,0.027357408283328614
2018-07-21 06:00:00,0.18060604040970066,0.23702336491543535,0.259800004011287,0.6274256088116534,0.043351146271802365
2018-07-21 07:00:00,0.06744483401671156,0.17479682058904297,0.22968443159190155,0.3717543361823039,0.0
2018-07-21 08:00:00,0.12813022933536247,0.14136202823464306,0.2856483120044271,0.23520686364546978,0.0
2018-07-21 09:00:00,0.06844869878157889,0.17202793260645505,0.16778703969889314,0.09713757050757045,0.020642619663616604
2018-07-21 10:00:00,0.09920062790372594,0.15904640625859467,0.20223545382838332,0.034085758160086924,0.03727191568806698
2018-07-21 11:00:00,0.11564363187127583,0.2581566222313924,0.4009011014762324,0.07725556026011512,0.09863793637074555
2018-07-21 12:00:00,0.21726885348050964,0.5148259428732292,0.6781445510941466,0.11819935687866451,0.07149549828270983
2018-07-21 13:00:00,0.2241637325662658,0.4782322408069946,0.7092045738492037,0.2672925803580785,0.04373218564003994
2018-07-21 14:00:00,0.34142799099511556,0.42534032221071433,0.780834626243504,0.3766142163645915,0.07749149251273381
2018-07-21 15:00:00,0.8903304040053523,0.5782630693938202,0.8545048362563276,0.1908688563115909,1.0
2018-07-21 16:00:00,1.0,0.6065596461875316,1.0,0.09348354679047251,1.0
2018-07-21 17:00:00,1.0,1.0,1.0,0.3471258206648126,1.0
2018-07-21 18:00:00,1.0,1.0,1.0,1.0,0.5287676171813815
2018-07-21 19:00:00,1.0,0.16731802204983523,0.7658472991406376,1.0,0.004468750324128185
2018-07-21 20:00:00,1.0,0.14072045614826348,0.2688734091116172,1.0,0.0
2018-07-21 21:00:00,0.6855382701926825,0.03211541106458378,0.559670007757985,1.0,0.24903133783757692
2018-07-21 22:00:00,0.63464042128677,0.18681452183473002,1.0,0.29335892804102254,0.019664705473831836
2018-07-21 23:00:00,0.633218160999661,0.03841281907144927,1.0,0.5409894856510433,0.0
2018-07-22 00:00:00,0.26613700189759354,0.0,0.3158220384982725,0.45711716241834227,0.10377185664576125
2018-07-22 01:00:00,0.29055606615236423,0.0,0.35574908553738804,0.6715576729513044,0.13164138904293896
2018-07-22 02:00:00,0.3650834362031972,0.0,0.13463347008918186,0.45696049502938424,0.11851882606811212
2018-07-22 03:00:00,0.5127608038635081,0.0,0.033608469113321236,0.38040967141553483,0.21618531050582965
2018-07-22 04:00:00,0.9703446262249156,0.028444698426878724,0.04428184858089463,0.5735218143553126,0.1688312056653233
2018-07-22 05:00:00,0.9000828910930907,0.0,0.1598921606240739,0.3535085741964029,0.09838017640525762
2018-07-22 06:00:00,1.0,0.03194755465284533,0.1896925137176704,0.5418761872858646,0.05321454584352379
2018-07-22 07:00:00,0.7046356066051179,0.07693089901956765,0.1988995729254177,1.0,0.0205004398731982
2018-07-22 08:00:00,0.23530125578559105,0.00029972823107683174,0.11569549775068609,0.6536825333450358,0.10060385524913966
2018-07-22 09:00:00,0.1336545016818339,0.13009104563024637,0.06902087569391764,0.5548336752124782,0.060767669427094044
2018-07-22 10:00:00,0.06752515256574453,0.12670716060794235,0.02951437780402466,0.3232479172098521,0.0
2018-07-22 11:00:00,0.06867099755547856,0.5693846632030103,0.0,0.5048959559058318,0.04653594399181103
2018-07-22 12:00:00,0.07044252963802819,0.6950964695915963,0.0,1.0,0.1189456045766527
2018-07-22 13:00:00,0.07979366318193074,0.5570632463170742,0.0,0.9931302775598765,0.39243054463449667
2018-07-22 14:00:00,0.11278660059436402,0.654692106879641,0.03280728094988543,1.0,0.674157442553467
2018-07-22 15:00:00,0.1287551003403177,0.38742779815258077,0.2457822131834746,0.9412361576370349,1.0
2018-07-22 16:00:00,0.13576181857115907,0.33743598832295313,0.6222023873032845,1.0,0.03451003396988246
2018-07-22 17:00:00,0.20991510115917042,0.969375599087596,0.17289879675147457,1.0,0.11978776730391405
2018-07-22 18:00:00,0.3250559411659083,0.41894591167853756,0.07443208390511305,0.41157940126622394,0.23849816368245091
2018-07-22 19:00:00,0.22442239981659623,0.9769778346543163,0.5399658534995785,0.5624245105493877,0.19493237234152344
2018-07-22 20:00:00,1.0,0.8440142460373069,0.22116540816090635,0.5775607440320415,0.0
2018-07-22 21:00:00,1.0,1.0,1.0,1.0,0.07990060392591367
2018-07-22 22:00:00,0.2544369880446584,1.0,0.4527945193014833,0.9506979814534373,0.0
2018-07-22 23:00:00,1.0,1.0,0.0,1.0,0.0029169036398650782
2018-07-23 00:00:00,0.0,0.8987719710986942,0.06554748278537904,1.0,0.10512754271646504
2018-07-23 01:00:00,0.0,0.674348448679894,0.43730354224004486,1.0,0.021114597361011494
2018-07-23 02:00:00,0.45799242420223013,0.4940469747683407,0.2107439265277554,0.13540789066790193,0.0
2018-07-23 03:00:00,0.13706473005619757,0.666261713191695,0.3154167249617729,0.11849705850588528,0.0
2018-07-23 04:00:00,0.055194104490206314,0.34796119189105273,0.07647778136275583,0.24788019763282848,0.0
2018-07-23 05:00:00,0.4540461819156238,0.7480771703233489,1.0,0.537402224011661,0.0
2018-07-23 06:00:00,0.37044501174576694,0.7141965615246615,1.0,0.2589375332237499,0.0
2018-07-23 07:00:00,0.29886845536710294,0.4709485072788108,0.4582229777660177,0.42644980228504287,0.0
2018-07-23 08:00:00,0.12612601168458612,0.3898461238715002,0.31632914421320024,0.025153716744034264,0.0
2018-07-23 09:00:00,0.10699808566274915,0.08744140459619587,0.37698103526511645,0.041072756735823855,0.04553929595392479
2018-07-23 10:00:00,0.09176674752561352,0.09016151231534923,0.18001910691797107,0.35013955491005133,0.1426903244082029
2018-07-23 11:00:00,0.11199249486252257,0.09632330107978608,0.13159751245760307,0.18822468824221938,0.29735797468631564
2018-07-23 12:00:00,0.1290250841372421,0.06478298224016558,0.13093194611410952,0.1466195522784817,0.20337303430729958
2018-07-23 13:00:00,0.06990439983922343,0.3737862192273234,0.16034203327019828,0.19533516076927798,0.27581844639196834
2018-07-23 14:00:00,0.16409572597216712,0.388027659062561,0.1937184626689512,0.20626568430258538,0.3179929141423289
2018-07-23 15:00:00,0.4427513609212395,0.36902846608552076,0.27559585753363336,0.17237034626316397,0.3756450168456446
2018-07-23 16:00:00,0.5205492963847225,0.25508039411369055,0.18068584669862547,0.2521017681827473,0.5691389646222758
2018-07-23 17:00:00,0.4196974041677148,0.328223979341414,0.17679044852587314,0.35155608871999705,0.2180437120185045
2018-07-23 18:00:00,0.8912420565703936,0.104872096479033,0.3341472212050873,0.17908967485266392,1.0
2018-07-23 19:00:00,0.6631172007318673,0.1911491329894824,0.44022004770594686,0.3556575579403176,1.0
2018-07-23 20:00:00,0.12401230531350613,0.0,0.2947745908183432,0.06281286480885384,0.0
2018-07-23 21:00:00,0.0,0.027973556428345033,0.10623586956306486,0.10535876516693603,0.044701562642421984
2018-07-23 22:00:00,0.6682457159384846,0.6306377553340697,0.5668003422996505,0.012463496333385933,0.02140371060409704
2018-07-23 23:00:00,0.08939963756686552,0.06756404493373218,0.5094799703314709,0.08280079245808633,0.10385919451778734
2018-07-24 00:00:00,0.4420137330622477,0.037455772989216485,0.28977729453770096,0.27767076682375014,0.15458787855449024
2018-07-24 01:00:00,0.04790339407391165,0.04250907832744476,0.33711673212881654,0.6699451350066823,0.18680579942303166
2018-07-24 02:00:00,0.27483403809312523,0.0,0.2714897759742382,0.9609668537316731,0.0
2018-07-24 03:00:00,0.43942794612459163,0.0,0.2946060613979409,0.396060080843724,0.0
2018-07-24 04:00:00,0.3432933330398887,0.0,0.466417038404002,0.2669402840546398,0.0
2018-07-24 05:00:00,0.19055455099405996,0.06803830440085532,0.7376832810559368,0.16702978439125096,0.0
2018-07-24 06:00:00,0.05557776927928258,0.0717981615677066,0.5735648071185097,0.10153713918408974,0.12098627500438336
2018-07-24 07:00:00,0.12408951498085298,0.0,0.497389457857751,0.058980108088151684,0.0728469070069657
2018-07-24 08:00:00,0.10357191040301279,0.0,0.2708934648812583,0.08470685665191392,0.0
2018-07-24 09:00:00,0.18973474249679997,0.0,0.21083191729857065,0.05747668208581039,0.0
2018-07-24 10:00:00,0.31263931995101546,0.0,0.22379460038147453,0.02093410847156279,0.019216563698211397
2018-07-24 11:00:00,0.42187578195129555,0.0,0.3022672121166608,0.0,0.0
2018-07-24 12:00:00,0.43058006685158456,0.012700354627174799,0.4132325216456649,0.0,0.022146990675931667
2018-07-24 13:00:00,0.39560441829411774,0.037396211746904745,0.366517990900082,0.046045065920375675,0.055555899424690476
2018-07-24 14:00:00,0.22551083448700562,0.02351564303449709,0.2617715806911959,0.08719065803882552,0.09079588972392234
2018-07-24 15:00:00,0.31634684870740315,0.08196132725784305,0.31919976327249333,0.12587149991634122,0.17238606751631444
2018-07-24 16:00:00,0.5831266622682554,0.20566687124878466,0.35888438496868685,0.18939951307163597,0.18484750008940418
2018-07-24 17:00:00,0.3709572665225272,0.6158766512520311,0.6055570948715784,0.18463904813089682,0.16383864121592107
2018-07-24 18:00:00,0.3914709974755542,0.6199968035206498,0.8073321973374604,0.17977565551202074,0.0
2018-07-24 19:00:00,0.2889884799103523,0.3135849070304127,0.7640428845583677,0.9811588470046219,1.0
2018-07-24 20:00:00,0.2542948125999601,0.36691207565615663,0.7185114491528942,0.7603165928357245,0.18013625578005796
2018-07-24 21:00:00,0.6814983366711395,0.7877815894715625,0.5917110236720035,1.0,0.7555347414999888
2018-07-24 22:00:00,0.9248952669045944,0.36224696978082493,0.5165234731651399,1.0,0.1464817606211337
2018-07-24 23:00:00,0.8680755126834914,0.1437327905212928,0.7282829598794315,1.0,0.46117802695532767
2018-07-25 00:00:00,0.969687491415119,0.13062282094484773,0.5919199659647618,1.0,0.21151125622469097
2018-07-25 01:00:00,0.7587020573947575,0.04037816795754692,0.726786312423332,1.0,0.0
2018-07-25 02:00:00,0.8563885081568842,0.024690512351186935,0.726786312423332,1.0,0.0
2018-07-25 03:00:00,1.0,0.04631535010476604,0.42481574079568085,1.0,0.05277896508959145
2018-07-25 04:00:00,0.8462712259202126,0.1318914490206667,0.4965070075526243,0.9033087469300599,0.04172341901225098
2018-07-25 05:00:00,0.44005043195150545,0.03392505105668583,0.5407194365941508,0.8880763005614729,0.09683289153571684
2018-07-25 06:00:00,0.37423402126568983,0.17391624978659131,0.19816835585010145,1.0,0.19381861953669152
2018-07-25 07:00:00,0.285467716552615,0.08603751207425311,0.07746751894267553,1.0,0.11587291712461108
2018-07-25 08:00:00,0.1960467678912825,0.10182163887490978,0.0,1.0,0.025975671422223966
2018-07-25 09:00:00,0.21830064469183472,0.03929956358639633,0.0,0.5426475611124091,0.0814999793587461
2018-07-25 10:00:00,0.11743930938359957,0.5170071973390986,0.04135309803587628,0.16809641081135426,0.1673706452965962
2018-07-25 11:00:00,0.0783651762405135,0.7546552188507755,0.2416235508434,0.12550149693687293,0.2215564260529612
2018-07-25 12:00:00,0.019714506188531176,0.8240359913773482,0.30422293072727463,0.09852096756827897,0.34121030192564544
2018-07-25 13:00:00,0.0,0.6883400462983927,0.04905948012685629,0.12387945915638761,0.6170693091807357
2018-07-25 14:00:00,0.0,0.59227785972204,0.08801492253887162,0.24605747612089984,0.5344460583735181
2018-07-25 15:00:00,0.0,0.46654864812357727,0.18145091901599775,0.07732273427938212,0.6796215043982035
2018-07-25 16:00:00,0.12298955492165911,0.3792119832201209,0.07710628166820531,0.0,1.0
2018-07-25 17:00:00,0.0,0.3966133319533028,0.16717044151698662,0.33032763603759635,1.0
2018-07-25 18:00:00,0.565755917394484,0.5693843744010276,0.5588315621603985,0.1776030499557963,0.4130881433603686
2018-07-25 19:00:00,0.3150215305287948,1.0,1.0,0.0,1.0
2018-07-25 20:00:00,0.62395273489141,1.0,0.13748420323081464,0.09883881130509595,0.25352971048937356
2018-07-25 21:00:00,1.0,1.0,0.15804344135809567,0.06082553646595553,0.0
2018-07-25 22:00:00,0.1693802607674442,0.22908661712144657,0.15455348523771067,0.10561195726387428,0.41958654876706125
2018-07-25 23:00:00,0.2879569436048952,0.7246944091037476,0.3792291131370083,0.06896307462463888,0.04971489408231836
2018-07-26 00:00:00,0.136008688052521,0.15432608428900615,0.5421793483598446,0.25235220444087963,0.0
2018-07-26 01:00:00,0.10022545387226925,0.0,0.3837373702183125,0.26539884657165125,0.0
2018-07-26 02:00:00,1.0,0.0,0.19966429155803855,0.33073268300174535,0.0
2018-07-26 03:00:00,0.39103574630113885,0.0,0.05864395474932985,0.09392298735592218,0.0
2018-07-26 04:00:00,0.7392134600099747,0.055090139298231144,0.0,0.0,0.12116012981006952
2018-07-26 05:00:00,0.5032291285548772,0.20270413331017373,0.0,0.0,0.0
2018-07-26 06:00:00,0.44590964391481186,0.0,0.0,0.0,0.0
2018-07-26 07:00:00,0.2974703224511736,0.0,0.0,0.0,0.0
2018-07-26 08:00:00,0.18918185438683646,0.0,0.0,0.0,0.0
2018-07-26 09:00:00,0.2319798989583037,0.0,0.0,0.0,0.0
2018-07-26 10:00:00,0.015094738257502703,0.0,0.0,0.0,0.08040215643868426
2018-07-26 11:00:00,0.04781392785449947,0.019294188791222362,0.0,0.0,0.08107273447355957
2018-07-26 12:00:00,0.06292698242749703,0.0012720596229324882,0.0,0.0,0.07810890226088198
2018-07-26 13:00:00,0.16226455396106879,0.0,0.0,0.0,0.13831957107436096
2018-07-26 14:00:00,0.1156312585315089,0.08153148001748624,0.0,0.11548037401216796,0.24216690116352976
2018-07-26 15:00:00,0.1376797194829704,0.056634572351176075,0.024783657637168822,0.3634759977301396,0.11885995867793395
2018-07-26 16:00:00,0.07149819274165933,0.12069367362238079,0.04619627091885828,0.08422960864178375,0.15038692588780925
2018-07-26 17:00:00,0.07188012388735994,0.3485737817977447,0.36102283226460485,0.11972863985652861,0.05141107551356822
2018-07-26 18:00:00,0.08796646737759807,0.43064122666812077,0.6052690558790714,0.083964110197211,0.08260045075804044
2018-07-26 19:00:00,0.0789357441514029,0.17680564004060678,0.1675751073795518,0.06674021397291517,0.5579680776353388
2018-07-26 20:00:00,0.49303982337440355,0.10501971509070207,0.1531642987237746,0.0697368130316765,0.0
2018-07-26 21:00:00,0.22250408257960583,0.1793237637228029,0.0,0.17267608146561506,0.11674933435275216
2018-07-26 22:00:00,0.5404284180258767,0.3112153674980623,0.03763565633867235,0.4293646656409919,0.0
2018-07-26 23:00:00,0.5477582944735335,0.42846220683197106,0.07140815861131156,0.25372252237674575,0.0
2018-07-27 00:00:00,0.45215519849697405,0.20831360462496423,0.0,0.0,0.13443356143157068
2018-07-27 01:00:00,0.0,0.12261208611111465,0.08520636251573414,0.5104703779339586,0.30996985061585264
2018-07-27 02:00:00,0.0,1.0,0.0,1.0,0.0005452004440507684
2018-07-27 03:00:00,0.05445198952747989,0.9822136381979679,0.0848048958543532,0.5383997320668061,0.400214473673467
2018-07-27 04:00:00,0.028640926782804704,0.6284797678367933,0.1348537978100569,0.5841874012277994,0.052222203276159423
2018-07-27 05:00:00,1.0,0.5795826757090577,0.0,0.6682741375093998,0.0
2018-07-27 06:00:00,1.0,0.08941184554972346,0.06330893625995096,0.3739378164565587,0.0
2018-07-27 07:00:00,0.6975343201098928,0.40360903696127587,0.0,0.1924641323499286,0.0
2018-07-27 08:00:00,0.0,0.4465048359855903,0.0,0.0,0.0
2018-07-27 09:00:00,0.03139249360398905,0.46064134893463327,0.004389758606929376,0.0,0.0
2018-07-27 10:00:00,0.09777494731055246,0.3853824005793366,0.0,0.0,0.0
2018-07-27 11:00:00,0.17398243690365536,0.3311097777808315,0.21186898366298298,0.0,0.0
2018-07-27 12:00:00,0.1956523150841073,0.5052834336429617,0.14221188678495672,0.0,0.0
2018-07-27 13:00:00,0.1914947798430795,0.5477957657746325,0.24791784669050518,0.07568220991791608,0.0975415006757427
2018-07-27 14:00:00,0.25253238780842957,0.7296723763383409,0.5581979185540841,0.36303180708156907,0.3045472051428319
2018-07-27 15:00:00,0.6452513219012165,1.0,0.5627361422298075,0.2263054256551348,1.0
2018-07-27 16:00:00,0.6764462024447326,0.29785312034051564,1.0,0.4704728122970091,0.719500855821632
2018-07-27 17:00:00,0.7932454323764738,0.3052560491218129,0.9435641494682774,0.16859856837398327,0.9694190859118667
2018-07-27 18:00:00,0.5291629930176741,0.06329484711898056,0.32598665342547534,0.5820326212910671,0.009407346128941792
2018-07-27 19:00:00,1.0,0.1355966341192578,0.16891570362753783,0.0,0.0
2018-07-27 20:00:00,1.0,0.08129536703299638,0.13600351764296867,0.04623837596268157,0.022080712697318556
2018-07-27 21:00:00,1.0,0.1689704674455946,0.028018352035656335,0.38614786278090335,0.012111781072238462
2018-07-27 22:00:00,1.0,0.0592222592900143,0.011012095156260632,0.3387716833145058,0.0
2018-07-27 23:00:00,0.3454317551543776,0.0,0.22031090535881626,0.408173385754874,0.1730851697916364
2018-07-28 00:00:00,0.23136567595414606,0.0,0.03496666456961255,0.16500731263792362,0.0
2018-07-28 01:00:00,0.427369319407377,0.054952319002910824,0.039513890157616194,0.03507144906385512,0.06077277348387888
2018-07-28 02:00:00,0.48896203064983274,0.08164099659772137,0.07003335527246854,0.049842266408371756,0.06131046971375065
2018-07-28 03:00:00,0.29883853911575775,0.07682969402090195,0.3115147993495363,0.10444707197127104,0.07470803171340996
2018-07-28 04:00:00,0.35449345509818536,0.11995892799782519,0.2700715758669511,0.05652159944775288,0.0
2018-07-28 05:00:00,0.3068331644865969,0.16221095860570617,0.5586267153987676,0.0,0.0
2018-07-28 06:00:00,0.5084135364330108,0.20568619794614082,0.09516260675839791,0.0,0.0
2018-07-28 07:00:00,0.4501936654893819,0.0,0.0,0.0,0.0
2018-07-28 08:00:00,0.39654994398473065,0.0,0.0,0.0,0.0
2018-07-28 09:00:00,0.3960154497815967,0.0,0.0,0.0,0.0
2018-07-28 10:00:00,0.2579438742823342,0.010128490125978412,0.0,0.0,0.0
2018-07-28 11:00:00,0.08931839020749086,0.0,0.0,0.0,0.0
2018-07-28 12:00:00,0.05508381155005156,0.0,0.0,0.0,0.0
2018-07-28 13:00:00,0.04982070542079475,0.0,0.022829990104272745,0.0,0.008552809664904354
2018-07-28 14:00:00,0.014371144073547119,0.0,0.08842309244027027,0.0,0.0
2018-07-28 15:00:00,0.0,0.23097821432747695,0.1031901316196814,0.06878295648771697,1.0
2018-07-28 16:00:00,0.0,1.0,0.18405339704317514,0.0,1.0
2018-07-28 17:00:00,0.0,1.0,0.612025605852925,0.46776065786303145,0.840783692282329
2018-07-28 18:00:00,0.034706722825603796,0.05941801560555253,0.6277599028379892,0.8080055723051262,0.20280998790188165
2018-07-28 19:00:00,0.03610872312832906,0.040480995893134225,1.0,0.0,0.023364313458106155
2018-07-28 20:00:00,0.26667007670622855,0.23027242144247717,0.06449723401561422,0.0,0.08627368268032148
2018-07-28 21:00:00,1.0,0.10598082657477058,0.7174422484898703,0.306929116186185,0.0
2018-07-28 22:00:00,0.018758946380314154,0.1686376992671058,1.0,0.9476475240691277,0.19264841667214114
2018-07-28 23:00:00,0.14604322366205907,0.8230683963418562,0.3528030244013221,0.25924565547678335,0.334644751588405
2018-07-29 00:00:00,0.01712050222868807,0.9440785226145629,0.0,0.3781583121576135,0.20434795657230037
2018-07-29 01:00:00,0.29652345571854616,0.1947410890242759,0.0,0.19483519408858274,0.0
2018-07-29 02:00:00,0.15420948513813362,0.15132142357720849,0.0,0.12507477566904224,0.0
2018-07-29 03:00:00,0.2774188721139623,0.3851661957421317,0.0,0.0,0.021853753069870644
2018-07-29 04:00:00,0.1382961800113629,0.106361945724247,0.0,0.0,0.04499551940097071
2018-07-29 05:00:00,0.02035198187396863,0.0,0.05769857383746103,0.0,0.0
2018-07-29 06:00:00,0.0,0.0,0.02127911290645316,0.0,0.0
2018-07-29 07:00:00,0.0,0.0,0.0,0.0,0.0
2018-07-29 08:00:00,0.0,0.02026956967948011,0.0,0.0,0.0
2018-07-29 09:00:00,0.0,0.0,0.0,0.0,0.0
2018-07-29 10:00:00,0.0,0.04224612682584346,0.0,0.0015778104698115384,0.0
2018-07-29 11:00:00,0.0,0.0,0.0,0.10727884983663928,0.0012392304378367953
2018-07-29 12:00:00,0.0,0.0,0.0,0.09950572324723006,0.041100909269090664
2018-07-29 13:00:00,0.030127815451323082,0.20336879165988322,0.04317730480854188,0.44790619097270823,0.2830858614605343
2018-07-29 14:00:00,0.017619514113498023,0.1150484348794874,0.026096476972886515,0.15578347286741828,0.5738919173413757
2018-07-29 15:00:00,0.1277451285930058,0.041251630289801916,0.03606967805691875,0.0,1.0
2018-07-29 16:00:00,0.42538560974617107,0.11155124854693342,0.4603801231535663,0.7556914899506094,0.342199521508026
2018-07-29 17:00:00,0.5929215134386876,0.16597311708746293,0.8507961199505116,0.02512323240059023,0.9940861155801741
2018-07-29 18:00:00,0.44426036645968847,0.19000344649133855,0.09394119691325549,0.237064858881616,0.31661028387137
2018-07-29 19:00:00,1.0,0.0,0.0355153427916984,0.06994555639651431,0.4634348243506341
2018-07-29 20:00:00,0.5780439541068412,0.3416046954220421,0.33090305925262886,0.04414424585753714,0.0
2018-07-29 21:00:00,0.819222041481504,1.0,0.041427346389656707,0.0,0.9282617948729976
2018-07-29 22:00:00,1.0,0.0378543650480496,0.2748646540205456,0.0,1.0
2018-07-29 23:00:00,1.0,0.0,0.29142251430984695,0.10894476975229259,0.630571226397905
2018-07-30 00:00:00,1.0,0.06284857054625775,0.5190100040526213,0.11000224307238901,0.3499873618023721
2018-07-30 01:00:00,0.0047845968321792425,0.14169056607574,0.1710360063109522,0.10759424052544266,0.0
2018-07-30 02:00:00,0.13858138056018454,0.12317770170247984,0.2443447934647056,0.15208871583005096,0.0
2018-07-30 03:00:00,0.011352959595181043,0.33382141000064425,0.5263248312351695,0.14280586485181537,0.008453846588696934
2018-07-30 04:00:00,0.28992622438054105,0.18485909689152089,0.7380015460287459,0.16895894570752018,0.0
2018-07-30 05:00:00,0.709877629252502,0.1294670986018685,0.3308055676049853,0.43928802103327963,0.0
2018-07-30 06:00:00,0.36434982535550064,0.14164043211538804,0.1793384756528016,0.5873182400140633,0.0
2018-07-30 07:00:00,0.44945656970410347,0.09003510873080052,0.17065020844959433,0.40591332630293664,0.0
2018-07-30 08:00:00,0.21809840836177197,0.11142785367014077,0.20686737163903762,0.24512907624460226,0.0
2018-07-30 09:00:00,0.3257579152426174,0.25162493410540826,0.2071325649020758,0.26171100646877765,0.0
2018-07-30 10:00:00,0.2631766006194951,0.2551760110980516,0.20129555200263857,0.26065559036017655,0.05237021713425149
2018-07-30 11:00:00,0.1812346006143961,0.22221414528597136,0.26686279778999716,0.26542025403433733,0.2881130193455495
2018-07-30 12:00:00,0.09829214384910828,0.5669235070577843,0.2690255201043916,0.3380876146212989,0.07758029831517887
2018-07-30 13:00:00,0.04607021419521465,0.37571387443044946,0.35709563975591024,0.3416182248169654,0.2100065682755356
2018-07-30 14:00:00,0.13295217757610725,0.45281602173916297,0.6359226486841479,0.30799292838963266,0.3939182043797767
2018-07-30 15:00:00,0.1852783358186519,0.5014152713822814,0.6239962923952255,0.19982975730048058,0.3837299966823122
2018-07-30 16:00:00,0.15380206107620567,0.2920322707341623,0.4810689235942552,0.20610404759069517,0.2865256208769829
2018-07-30 17:00:00,0.3212240438670721,0.23086805480183192,0.3107023649059045,0.16630100389159602,0.21876899784364348
2018-07-30 18:00:00,0.3398044831982543,0.19150268942876952,0.2409928329288585,0.08515339378799021,0.1178716046710449
2018-07-30 19:00:00,0.15139812347375756,0.07548360770295597,0.2914341764848984,0.24056152510339493,0.044999599018975135
2018-07-30 20:00:00,0.19637611164837881,0.3773518020938503,0.49963135593790414,0.359571421015708,0.0
2018-07-30 21:00:00,0.0900538690378423,0.20958232973802743,0.295260519346471,0.28088178071662345,0.0
2018-07-30 22:00:00,0.3684691041657132,0.19872450159446492,0.16667093188942256,0.3769368747383161,0.0
2018-07-30 23:00:00,0.23342856397130465,0.37842500967295445,0.08148633259558585,0.3556878756990236,0.09974136342127016
2018-07-31 00:00:00,0.030065920304686623,0.11327590224817603,0.07318501917593082,0.48987474699776096,0.4824787868262917
2018-07-31 01:00:00,0.0,0.0056191188316087924,0.04293863752968192,0.5514510163617957,0.19872114986096062
2018-07-31 02:00:00,0.0,0.0,0.13022607368132647,0.7128610373408286,0.1355948222200153
2018-07-31 03:00:00,0.0,0.0363544709832658,0.2375769402269854,0.8713647639423058,0.059500921647657565
2018-07-31 04:00:00,0.0,0.13355697129940147,0.2784033823219626,0.9302276068986327,0.0
2018-07-31 05:00:00,0.0,0.17492738411173073,0.5863948082059834,1.0,0.0
2018-07-31 06:00:00,0.0,0.07849227369051796,0.4350938567013469,0.7887332340026696,0.0
2018-07-31 07:00:00,0.0,0.03900360734357586,0.18377957893336772,0.21441829158781994,0.0
2018-07-31 08:00:00,0.0,0.04938778839551761,0.01904401463743242,0.10558572926803439,0.0
2018-07-31 09:00:00,0.0,0.08614397889237634,0.0,0.06555423013595484,0.0
2018-07-31 10:00:00,0.0,0.04594661744754651,0.0,0.053191643550595545,0.0
2018-07-31 11:00:00,0.0,0.06629301658686579,0.0,0.037245037327983864,0.0
2018-07-31 12:00:00,0.0,0.041389663148233675,0.08972414064891625,0.0,0.0
2018-07-31 13:00:00,0.0,0.03623877121600541,0.09335178305642933,0.0,0.021959443728787827
2018-07-31 14:00:00,0.0,0.009437285132082139,0.08511092277063938,0.013626014748239754,0.0
2018-07-31 15:00:00,0.0,0.015044288621308738,0.07881936903852177,0.14003039748685311,0.06352116531976552
2018-07-31 16:00:00,0.0,0.0,0.06314490178555897,0.24259519408862723,0.17048016968308746
2018-07-31 17:00:00,0.07088992190454507,0.0,0.09013715939053112,0.15940325614641543,0.2746010664431772
2018-07-31 18:00:00,0.16625298795421947,0.03234626673699125,0.07297952601944196,0.07707673061792442,0.5490325834915587
2018-07-31 19:00:00,0.48164594601259825,0.11769895592931282,0.13134553066620758,0.09471895885892358,0.3860388821465717
2018-07-31 20:00:00,0.6945107531951114,0.45530313672881617,0.06473630063696555,0.0535196346739992,0.19142337253161743
2018-07-31 21:00:00,0.8268889578851649,0.35956360543548666,0.051894359543955146,0.06129520130974026,0.2179763847517696
2018-07-31 22:00:00,1.0,0.3531121262974569,0.06811694102132279,0.027240387765920217,0.2716861327632402
2018-07-31 23:00:00,1.0,0.14458198251247753,0.04210843169470794,0.0,0.0
2018-08-01 00:00:00,1.0,0.13375072663063733,0.10920221021381493,0.0,0.0
2018-08-01 01:00:00,1.0,0.07237696480601047,0.6021973130158184,0.0,0.0
2018-08-01 02:00:00,1.0,0.04159080953052487,0.9329110823023111,0.0,0.04074816336876654
2018-08-01 03:00:00,1.0,0.0,0.24491904765136147,0.0,0.10133778030332133
2018-08-01 04:00:00,0.9630515509573214,0.0,0.12210194163450365,0.0,0.1573695080485611
2018-08-01 05:00:00,0.743861930453317,0.0,0.04764674404209876,0.029533509119844665,0.05093308470136431
2018-08-01 06:00:00,0.5114311021095936,0.0,0.0,0.17459138593803375,0.0
2018-08-01 07:00:00,0.2205218725742014,0.0,0.14550592030136394,0.1479195877776793,0.0
2018-08-01 08:00:00,0.037967713868652365,0.0,0.0,0.09700923307919664,0.0
2018-08-01 09:00:00,0.014556177902804621,0.0,0.0,0.06125186843429367,0.0
2018-08-01 10:00:00,0.06378574060014292,0.004359851688553325,0.0,0.06581275527196055,0.0
2018-08-01 11:00:00,0.0858598962664095,0.026115497665171176,0.008972290609827155,0.09204337764422943,0.09408076378301489
2018-08-01 12:00:00,0.09274468291327381,0.021144217453378758,0.01937882661233539,0.03997984289475901,0.22742236287440376
2018-08-01 13:00:00,0.05778584652156072,0.032822509961883045,0.019298608491290527,0.04732427576016695,0.38576262293398256
2018-08-01 14:00:00,0.0646236799256006,0.021842910715815702,0.01698152817773583,0.031016190340602143,0.5803049350545905
2018-08-01 15:00:00,0.1206532307180728,0.0,0.0455769636469048,0.062294869792711705,0.6295341238990114
2018-08-01 16:00:00,0.21325716938667005,0.03864983834828308,0.04261996164216007,0.05797846616610643,0.10314476752640538
2018-08-01 17:00:00,0.21614586122686819,0.025747290074363074,0.03527789789620488,0.0337881346802511,0.8996368969222504
2018-08-01 18:00:00,0.06206569251066905,0.0487350579346784,0.07997952221093939,0.0,0.3572776435368313
2018-08-01 19:00:00,0.5778463772184287,0.009077559646582738,0.14712532219572375,0.049278458876362036,0.0
2018-08-01 20:00:00,0.20223175032079235,0.20076335077661647,0.44371014551429594,0.047960978366087564,0.02266197330152962
2018-08-01 21:00:00,0.6451839536240687,0.23949895163932494,0.6691621227782826,0.02110992271902241,0.0
2018-08-01 22:00:00,0.6896616570276486,0.24276257357101363,0.11565873813001569,0.40998771131525275,0.0
2018-08-01 23:00:00,0.6295613841492257,0.18062404773359073,0.056738594489856874,0.46147491425216774,0.0
2018-08-02 00:00:00,0.015178955105487413,0.37673910311513376,0.11341683024201514,0.3933184018912207,0.0
2018-08-02 01:00:00,0.17938331485237208,0.561210132364707,0.2859396995061194,0.25181341309073363,0.0
2018-08-02 02:00:00,0.4898451212297829,0.2370096026327686,0.11830303320528643,0.20689573854642965,0.03382499074339656
2018-08-02 03:00:00,0.05210368149527752,0.04884074310774637,0.07427642120840267,0.23602261246906361,0.03242484130101955
2018-08-02 04:00:00,0.024022788555884876,0.12695143841363,0.10648119698702278,0.18780152267766212,0.03859704528789638
2018-08-02 05:00:00,0.5127210235464363,0.0,0.11903358759198113,0.1148326274424982,0.055209521304480175
2018-08-02 06:00:00,0.5200244887785744,0.0,0.2555610749710525,0.21124952123052684,0.0
2018-08-02 07:00:00,0.12666237630738578,0.0,0.21743346276977604,0.20916482343006965,0.0
2018-08-02 08:00:00,0.026600002830227613,0.0,0.08301598192843904,0.07529701869817507,0.0
2018-08-02 09:00:00,0.0,0.016776228759241653,0.03047204895997593,0.09041259394485224,0.0
2018-08-02 10:00:00,0.0,0.07705626004849156,0.05946780900426468,0.047001725783924544,0.0
2018-08-02 11:00:00,0.047036322820324265,0.141872425423882,0.17937494863723152,0.05586633340419727,0.0
2018-08-02 12:00:00,0.09980768999299558,0.12299457715336826,0.16645198495374536,0.0,0.03526616885328548
2018-08-02 13:00:00,0.12213618456895839,0.06588321787012455,0.10947381910328825,0.0,0.12401029888652572
2018-08-02 14:00:00,0.07226976844183222,0.005379293882695947,0.08673910076163827,0.0,0.10581321394304385
2018-08-02 15:00:00,0.04754474523130672,0.0,0.11098739382508029,0.0,0.10221431551993097
2018-08-02 16:00:00,0.07139515797244944,0.02468576216030584,0.23328174183154365,0.0,0.30466950244562213
2018-08-02 17:00:00,0.13197957281647768,0.059767989949952305,0.4998707288192833,0.1099772660930821,0.16359028558544386
2018-08-02 18:00:00,0.568820837958306,0.10679406836975246,0.4428032879024125,0.15240250013330114,0.3217684515465583
2018-08-02 19:00:00,0.6436368614719222,0.1507448562937675,1.0,0.10365858554308052,0.17976083551168
2018-08-02 20:00:00,0.5855528107043305,0.14495105240906195,1.0,0.19026788076043605,1.0
2018-08-02 21:00:00,0.9308510249637845,0.3455957969034183,1.0,0.21905027193760385,0.0
2018-08-02 22:00:00,1.0,0.6632218994582109,1.0,0.4040058755511653,0.048559953563205985
2018-08-02 23:00:00,1.0,0.5958331566806696,1.0,0.4088148649965868,0.6355984044503119
2018-08-03 00:00:00,1.0,1.0,1.0,0.283036419439914,0.07487342040942466
2018-08-03 01:00:00,1.0,0.669835382235448,1.0,0.13770668005380973,0.2493443525841018
2018-08-03 02:00:00,1.0,0.5793240137535771,1.0,0.1952660472569465,0.2474443792511091
2018-08-03 03:00:00,1.0,0.8237866971933233,1.0,0.027309253659072455,0.04098803042968702
2018-08-03 04:00:00,0.985751194318549,0.08196840619131221,1.0,0.42468368327009587,0.06565665191879229
2018-08-03 05:00:00,0.9605127873331171,0.10642079394298586,0.41683907027671024,0.13073424923988372,0.023921230945374173
2018-08-03 06:00:00,0.9022427470127532,0.0,0.5857163415399795,0.5769943423000271,0.07624692541187832
2018-08-03 07:00:00,0.41572780497344713,0.0,0.4276078814319938,0.6383432263216159,0.026635240361799938
2018-08-03 08:00:00,0.18546958974806785,0.0,0.26602126798071474,0.08870608947456345,0.0
2018-08-03 09:00:00,0.18281452414527408,0.0,0.13141898961106405,0.10330026072693473,0.0
2018-08-03 10:00:00,0.4464558760185185,0.0,0.0,0.08716083428728863,0.0846804238221439
2018-08-03 11:00:00,0.6417529058250742,0.6416154291716121,0.0,0.06952855277231451,0.12651910045953876
2018-08-03 12:00:00,0.9628737338397166,1.0,0.0,0.006374041616251437,0.15707366854550361
2018-08-03 13:00:00,1.0,0.9655993843639006,0.0,0.0,0.011933255943594191
2018-08-03 14:00:00,1.0,0.5318344020675725,0.0,0.0,0.028922141129212566
2018-08-03 15:00:00,1.0,1.0,0.37026899304859157,0.0,0.1210929494487015
2018-08-03 16:00:00,0.9578011491501591,0.5346306798509716,0.8165150906666441,0.27567601224081273,0.3852658656928902
2018-08-03 17:00:00,1.0,0.3152510982313896,0.3568983915718262,0.24676830797557658,0.8858807441049636
2018-08-03 18:00:00,1.0,0.5267958765772395,0.14880163732171256,0.3658070609877785,0.042549203380095185
2018-08-03 19:00:00,0.08401885217746713,0.09927069606761806,0.23994934046715086,0.27182035565308993,0.0029134705378048315
2018-08-03 20:00:00,0.04914561172887094,0.1177207315873596,0.0,1.0,0.0
2018-08-03 21:00:00,0.3101732559613632,0.17103330662149263,0.1947860266674949,0.9561214000812128,0.04039479450995329
2018-08-03 22:00:00,0.6503855104318327,0.34413865012114214,0.1419322559425281,0.8406085863618319,0.5039042765416898
2018-08-03 23:00:00,0.9202316040995877,0.2090338142756131,0.3886799793887555,1.0,0.14492726593330774
2018-08-04 00:00:00,0.5615577549980575,0.667297386143686,1.0,0.7795157375884395,0.12125669609440312
2018-08-04 01:00:00,0.4020538768246506,0.2918679565100342,1.0,0.5561705189672879,1.0
2018-08-04 02:00:00,0.6760465148939799,0.5899603348427843,0.7414765414155469,0.33156931868050427,0.8436854710009177
2018-08-04 03:00:00,0.595364659012471,0.4236796190850973,0.21548661637767486,0.23917332377033032,0.8438844589740462
2018-08-04 04:00:00,0.6376724888208314,0.06868554938750829,0.4374519786981215,0.13496312635824378,0.9281284456779795
2018-08-04 05:00:00,0.5136190998370075,0.09828090238065992,0.3886502009620499,1.0,0.000717047561125355
2018-08-04 06:00:00,0.6150364665997456,0.03888588597078806,0.7043885527522922,0.6252956069432337,0.046467860675008674
2018-08-04 07:00:00,0.5250574574339204,0.02078890476085354,0.27905143507147095,0.35837605441698817,0.33484001827073734
2018-08-04 08:00:00,0.3529090225765849,0.0,0.0905445437986153,0.181269344338594,0.17762066266134913
2018-08-04 09:00:00,0.12702486438630983,0.0,0.07531035137884999,0.0837939040993191,0.5297932960855511
2018-08-04 10:00:00,0.0786048340640508,0.0,0.0350859739266323,0.0,0.056304801452221116
2018-08-04 11:00:00,0.0,0.0,0.028562524014552233,0.0,0.0
2018-08-04 12:00:00,0.0,0.013335286278811358,0.0,0.0,0.0
2018-08-04 13:00:00,0.0,0.11740917335906731,0.0,0.8558367723649475,0.02996985900133785
2018-08-04 14:00:00,0.0,0.14669030306585432,0.0,0.5486761917288938,0.1931032306405679
2018-08-04 15:00:00,0.014705125608144916,0.12514102579347028,0.039446693517732175,0.10338530350524733,0.3204315211851816
2018-08-04 16:00:00,0.02387734235001009,0.13054169061395562,0.39810114687075354,1.0,0.5420278943234486
2018-08-04 17:00:00,0.2973983651512491,0.028973333054684646,0.7451047729809334,0.31812212472017337,0.5277745314273946
2018-08-04 18:00:00,0.6785914600883819,0.15044464638928443,0.3691157348281225,1.0,1.0
2018-08-04 19:00:00,0.7779091256640231,1.0,0.0,1.0,0.035854749277255335
2018-08-04 20:00:00,1.0,0.3477646703023238,0.9644822900667658,0.1287176769700796,0.26633106069818846
2018-08-04 21:00:00,1.0,1.0,0.3270028041601126,0.09559011545972437,0.8350270699807087
2018-08-04 22:00:00,1.0,1.0,0.39779496644061646,0.5968968461281379,0.27872504404171633
2018-08-04 23:00:00,1.0,1.0,1.0,0.15489564088706068,0.4721312015048552
2018-08-05 00:00:00,1.0,0.25315295015624983,0.2751585715759826,0.3061497172638859,0.42758346778088496
2018-08-05 01:00:00,1.0,0.18873953610437122,0.20534201607899272,0.2009013722153017,0.37188598205290996
2018-08-05 02:00:00,1.0,0.2516478635130414,0.7344104251827593,0.06992782653514189,0.3173918287732369
2018-08-05 03:00:00,1.0,0.15363989455172228,0.6305409607209084,0.02004563552402205,0.30135717869622974
2018-08-05 04:00:00,1.0,0.6532459525978553,0.40992674935507467,0.09463838785292804,0.23220871002428203
2018-08-05 05:00:00,1.0,0.0,0.11389588780722693,0.7127891063484973,0.11953455924088947
2018-08-05 06:00:00,0.8610757311529769,0.0,0.11315352817120068,0.4953857575787509,0.0868726330690569
2018-08-05 07:00:00,0.5435327864289496,0.0,0.09590838755749372,1.0,0.03086255024142531
2018-08-05 08:00:00,0.29382697027208377,0.0,0.9843527931072136,0.7817044526071398,0.0
2018-08-05 09:00:00,0.07163181849191468,0.2542159372922699,0.8641865166437053,0.015091970632392872,0.0
2018-08-05 10:00:00,0.04946955127453649,0.2688233520879485,0.3853493336086197,0.12249736810822591,0.0
2018-08-05 11:00:00,0.06728264643862292,0.08423190803758362,0.22280253428817665,0.03859066124878952,0.11429337195113719
2018-08-05 12:00:00,0.2974150134047036,0.0,0.02201466309809219,0.016925230718064427,0.023139752348964066
2018-08-05 13:00:00,1.0,0.0,0.04850343983366653,0.08464277491588136,0.037316372178034345
2018-08-05 14:00:00,0.8188777480947322,0.11594356119091632,0.04284181864027194,0.0,0.3091023355156911
2018-08-05 15:00:00,0.039945020466552746,0.2542941296016864,0.04653696753175831,0.4360939397812702,0.5697043950563281
2018-08-05 16:00:00,0.35350516173155816,0.39659961631147794,0.005505595018964906,0.19889799561499436,0.6849966396801401
2018-08-05 17:00:00,0.3718288430930158,0.08454880109937274,0.10267653407475427,1.0,1.0
2018-08-05 18:00:00,0.4315544021565329,1.0,0.07427412054940824,1.0,1.0
2018-08-05 19:00:00,0.9568484471496896,0.8269859870379066,0.31753928989949814,0.861348525345759,1.0
2018-08-05 20:00:00,1.0,0.5434214057789092,1.0,1.0,0.1684817696678702
2018-08-05 21:00:00,1.0,0.4031607740170499,0.8470505189421825,1.0,0.044483126426257895
2018-08-05 22:00:00,1.0,0.6297229138482748,1.0,0.955678593796936,0.13085546654286562
2018-08-05 23:00:00,1.0,0.7188149678378792,0.489651198547961,0.4477177086004655,0.0
2018-08-06 00:00:00,1.0,0.3292462892858457,0.3156997132478923,0.23452492400218308,0.07972235083802441
2018-08-06 01:00:00,0.7547203243795817,0.4298393099419312,0.15438736685562768,0.0,0.8546626144663699
2018-08-06 02:00:00,1.0,0.6736352148179021,0.3196138447326683,0.008677535559250259,0.13058883591670542
2018-08-06 03:00:00,1.0,0.5266521500348572,0.8242658466306572,0.013818990457564458,0.011799859010861344
2018-08-06 04:00:00,1.0,0.37827586085920395,0.6302521244916289,0.08545828751630855,0.0
2018-08-06 05:00:00,0.9272430405010476,0.3192689985778711,0.10254922045034869,0.19790035375617215,0.0
2018-08-06 06:00:00,0.7574560999890494,0.324899868627635,0.06196210280269448,0.12816982924033005,0.021556911203754643
2018-08-06 07:00:00,0.15212576007302142,0.3708310437897559,0.08349456955382008,0.02371392760248606,0.0
2018-08-06 08:00:00,0.17318292152267614,0.21428000655326862,0.08593089431327716,0.035671729304179396,0.0
2018-08-06 09:00:00,0.13299734916111014,0.2604990799101588,0.20559778627902028,0.02613945112432659,0.0
2018-08-06 10:00:00,0.1000123325453582,0.28639807938769596,0.23297646332081998,0.0,0.0
2018-08-06 11:00:00,0.07990759139773691,0.3039695872601216,0.243181562763593,0.024081671332817755,0.11288101080737593
2018-08-06 12:00:00,0.03240571385273969,0.10854195667371255,0.415427798264475,0.06953643532239744,0.15352397382837824
2018-08-06 13:00:00,0.0,0.16074145531987802,0.22778468382954997,0.17932704662649704,0.27196442850022245
2018-08-06 14:00:00,0.0,0.2329131027816919,0.2705315904239748,0.36268770811434053,0.8244509650697321
2018-08-06 15:00:00,0.0,0.6064081799477209,0.26221211924700644,0.4585436811868867,0.5147985398884654
2018-08-06 16:00:00,0.0,0.3750528538431087,0.24968110289310727,0.4217755237316575,0.0
2018-08-06 17:00:00,0.03577274825771936,0.0,0.5539833820164365,0.35722216057297346,1.0
2018-08-06 18:00:00,0.29269947368939425,0.22931379610064279,0.19363367070083373,0.09866571761688203,0.14737421134450945
2018-08-06 19:00:00,0.23814554482487954,0.14163724016509938,0.02562660817180866,0.3241945418337615,0.7983953337110946
2018-08-06 20:00:00,0.2688632038976686,0.8093419628300047,0.1892573286147473,0.16077724327674445,0.0
2018-08-06 21:00:00,0.0,1.0,0.0,0.040747773479667425,0.07211641913129514
2018-08-06 22:00:00,0.5061000757173473,0.42489134644792936,0.1672077893014429,0.04460620196334596,0.15336847084042915
2018-08-06 23:00:00,0.46600594799312633,1.0,0.032770077817524945,0.0708119597905797,0.0
2018-08-07 00:00:00,0.0,0.05759169565013637,0.0,0.08559441165560937,0.04497933996027429
2018-08-07 01:00:00,0.6933653732543061,0.02935688572947322,0.011695948874085312,0.06515367645114793,0.14657407472357833
2018-08-07 02:00:00,0.5016112347241024,0.006309571108495599,0.0,0.106283709472565,0.0
2018-08-07 03:00:00,0.1119750368388765,0.027474018859947345,0.0,0.14821593187983823,0.0
2018-08-07 04:00:00,0.04281190551685467,0.07271441873736202,0.024909234455807658,0.12352497290690788,0.0
2018-08-07 05:00:00,0.5024184250898379,0.040834166950004504,0.029861615781411822,0.04506355856875823,0.0789113385626628
2018-08-07 06:00:00,0.3634531973581472,0.024279018507997307,0.0,0.02522610005825546,0.02047015768167635
2018-08-07 07:00:00,0.11164496710496799,0.0,0.0,0.1383656089697584,0.0
2018-08-07 08:00:00,0.06352376755872277,0.0,0.0,0.06395911438618994,0.0
2018-08-07 09:00:00,0.0010921109770384494,0.0,0.0,0.023035050531964564,0.0
2018-08-07 10:00:00,0.0,0.03810090592106972,0.0,0.0,0.0558972938558411
2018-08-07 11:00:00,0.0,0.0548366810394095,0.014801979389093427,0.0,0.09108138422804041
2018-08-07 12:00:00,0.0,0.17389501450091885,0.052341942366001794,0.0,0.29529143310867434
2018-08-07 13:00:00,0.0,0.18656507420329224,0.04817955440397338,0.0024919290666090698,0.5582966128054844
2018-08-07 14:00:00,0.0,0.3223660371126607,0.09857996237712716,0.0,0.8271351717018187
2018-08-07 15:00:00,0.0,0.3156549595509029,0.17420862764359368,0.0303530227697158,0.9245403881711548
2018-08-07 16:00:00,0.015056349666764505,0.2057466843625312,0.39598793832919105,0.07405324142239544,0.8795841344160765
2018-08-07 17:00:00,0.09490582255404312,0.3022204224005773,1.0,0.05231447624518106,0.8711428883180764
2018-08-07 18:00:00,0.22001910016358572,0.3828132442010401,0.2371084514225675,0.06317523322238465,0.3940519380948895
2018-08-07 19:00:00,0.5551471435971941,0.38297656958912574,0.23561920801809144,0.0,0.4991427597417299
2018-08-07 20:00:00,0.7240796350705092,0.5606016910876581,0.30846676795896777,0.27821312596458436,0.2906572984978693
2018-08-07 21:00:00,0.6979047302326156,0.53055982538767,0.3165750606818618,0.7662264886592202,0.527905559180929
2018-08-07 22:00:00,1.0,0.9800739416234863,0.4046903298572627,0.17626224662927023,0.18039169336948885
2018-08-07 23:00:00,1.0,0.09653709352065282,0.42684617524948454,0.0,0.16099915752448601
2018-08-08 00:00:00,0.5429751869122422,0.10920467280613336,0.28436116391974503,0.14155285343395402,0.0
2018-08-08 01:00:00,0.8423041197546287,1.0,0.04335918280922965,0.21344586886935826,0.10171461239533672
2018-08-08 02:00:00,0.3711454800491776,1.0,0.3493757111467588,0.24310970995929376,0.05151247499029463
2018-08-08 03:00:00,0.7700318111404891,0.036239118367617305,0.47498005361200285,0.7730855997159415,0.010821027280181283
2018-08-08 04:00:00,0.9533571996626623,0.25940041131744573,0.0,0.8750728181560737,0.044123106636968584
2018-08-08 05:00:00,0.6693921162122639,0.026494471436332333,0.35915551435832926,0.5674438137767062,0.0
2018-08-08 06:00:00,0.4639756755783607,0.0,0.23915425727961367,1.0,0.0
2018-08-08 07:00:00,1.0,0.0,0.6650660421205579,1.0,0.0
2018-08-08 08:00:00,0.5106396082366321,0.0,1.0,0.272829252719849,0.0
2018-08-08 09:00:00,0.5671777909620672,0.0,1.0,0.0,0.0
2018-08-08 10:00:00,0.3949498281537908,0.0,0.0611027860470698,0.10520880698896277,0.0
2018-08-08 11:00:00,0.06956220756326574,1.0,0.0,0.002396725493917832,0.04096705918670828
2018-08-08 12:00:00,0.029039309427716414,0.42241726294746046,0.049160991422150954,0.0,0.19589837717422195
2018-08-08 13:00:00,0.0,0.009664440313934696,0.0,0.0,0.021914075048612158
2018-08-08 14:00:00,0.0,0.0,0.008986916412267381,0.0,0.10314269763524882
2018-08-08 15:00:00,0.0,0.06897594988757047,0.0,0.03982044835111996,0.030800427549674925
2018-08-08 16:00:00,0.0,0.17347330500287414,0.8017482181134137,0.1310464736810399,0.3624251379657151
2018-08-08 17:00:00,0.0,0.06047222589331439,0.1466685656018472,0.30184211127796895,0.19710396525197998
2018-08-08 18:00:00,0.02204280889701753,0.05291911711176177,0.2714101069838275,0.2979132592758874,0.13890931166115403
2018-08-08 19:00:00,0.02782978962562701,0.005159750387651419,0.3133425961319106,0.1477769974337757,0.08283749074769094
2018-08-08 20:00:00,0.1278499298892024,0.0,0.1964605189606049,0.08855802576195837,0.0
2018-08-08 21:00:00,0.023844080532408763,0.0,0.3328565615793817,0.11289343710089307,0.011055936786838402
2018-08-08 22:00:00,0.0,0.025443473623147063,0.8110902477491508,0.07352583710751003,0.02239177986767025
2018-08-08 23:00:00,0.0,0.028064895280546998,0.6660038665512688,0.09371897026139224,0.0
2018-08-09 00:00:00,0.04196287648736274,0.027697718881189284,0.7215827038417956,0.0792990074630544,0.0
2018-08-09 01:00:00,0.05567047330101631,0.0,0.5227864035069149,0.08483857708932101,0.005516799712103723
2018-08-09 02:00:00,0.10108371099206526,0.0,0.5176671022500662,0.29158947833945864,0.0
2018-08-09 03:00:00,0.12724227881016031,0.03903853099659265,0.442405162585637,0.08470629410912124,0.0
2018-08-09 04:00:00,0.07897642436827061,0.045755201991299635,0.47047236423260286,0.10243980050228364,0.0230200152156703
2018-08-09 05:00:00,0.25899653239559073,0.10463282709826967,0.5253215321715758,0.0,0.12382995209182111
2018-08-09 06:00:00,0.295592727474036,0.05535781203716044,0.5506852626034415,0.0,0.11422589669173362
2018-08-09 07:00:00,0.3148258207239608,0.0,0.10591561977164077,0.0,0.0781598749082051
2018-08-09 08:00:00,0.06931417693533468,0.0,0.0,0.0,0.0
2018-08-09 09:00:00,0.0,0.0,0.0,0.0,0.0
2018-08-09 10:00:00,0.0,0.0,0.03227108970853417,0.030985597556127537,0.0
2018-08-09 11:00:00,0.0,0.0,0.004870524998127735,0.08794632498710754,0.09522229579860123
2018-08-09 12:00:00,0.0,0.0,0.0,0.19646052468262687,0.2683869276737905
2018-08-09 13:00:00,0.0,0.0,0.045206149266207474,0.168725570267368,0.4525530396145262
2018-08-09 14:00:00,0.0,0.0,0.08767458175828767,0.1790250138241685,0.5321241151209664
2018-08-09 15:00:00,0.033141886205540705,0.0,0.02861018301118283,0.26282457332973,0.6611347577468332
2018-08-09 16:00:00,0.08428848748353986,0.24846723646217211,0.06418757797602416,0.21454768523563925,0.3678745999437133
2018-08-09 17:00:00,0.06663463935696291,0.15100879547034765,0.12346023580905807,0.05555405543067358,0.36636289277964534
2018-08-09 18:00:00,0.0,0.10513587158286429,0.17094474601948673,0.15006544125399357,0.22855691854040014
2018-08-09 19:00:00,0.0008999176476470438,0.3246536520462711,0.18879461826772875,0.08906594400297425,0.14455616573848798
2018-08-09 20:00:00,0.028458363190746277,0.25658256139268676,0.35381756429079403,0.10042696281618271,0.022590458413110318
2018-08-09 21:00:00,0.04030340522623781,0.38669519751860437,0.7309078778894255,0.175331780872872,0.014000686585008415
2018-08-09 22:00:00,0.05532086666200901,0.32425732044508776,1.0,0.32082840652101324,0.0
2018-08-09 23:00:00,0.0007898240684579226,0.6054528612746294,1.0,0.35906165392772044,0.0
2018-08-10 00:00:00,0.03167969379533302,0.6199683602153511,0.7713133858492723,0.08408805687907542,0.0
2018-08-10 01:00:00,0.0782334784775511,0.304084593564799,0.8594472527575393,0.35953181825734387,0.0
2018-08-10 02:00:00,0.0023597370647987647,0.2529369525948964,0.7210253049903615,0.4292544667653201,0.02276229118639901
2018-08-10 03:00:00,0.0,0.13247635092811075,0.80583700497132,0.1199635498983085,0.04232309467369708
2018-08-10 04:00:00,0.0,0.0506908977371542,0.2387226490436962,0.0,0.060838915043843256
2018-08-10 05:00:00,0.0,0.0,1.0,0.019314849975956026,0.08817814366841799
2018-08-10 06:00:00,0.0,0.020686777013519266,0.685840901637201,0.0,0.0
2018-08-10 07:00:00,0.0,0.015336070743799573,1.0,0.06797951456849947,0.0
2018-08-10 08:00:00,0.0,0.010481597755092519,0.134857223088038,0.05992005477707679,0.0
2018-08-10 09:00:00,0.028725514452815085,0.873425408775766,0.15952615776518564,0.029882359174192536,0.0
2018-08-10 10:00:00,0.04007452601719973,0.27945981869713765,0.025922217656501496,0.04152892847709815,0.0
2018-08-10 11:00:00,0.08500040584392358,0.23626452351437896,0.020623160787332173,0.11911258471009273,0.10105673648401697
2018-08-10 12:00:00,0.09989701019206511,0.16674331810461998,0.03386937088191517,0.15409804945755445,0.19455532246475468
2018-08-10 13:00:00,0.08193339607276175,0.10201656246478671,0.12600955465313843,0.2420035759406831,0.2624630323338321
2018-08-10 14:00:00,0.09089895787356787,0.05312695927314769,0.19295874999377718,0.2922653547189257,0.2545432559051099
2018-08-10 15:00:00,0.07512428775363511,0.02792409585489677,0.15733913134090471,0.28834367539787975,0.3603772402089007
2018-08-10 16:00:00,0.06442967381695355,0.0,0.09646363428401314,0.18049946812975068,0.3800561970619992
2018-08-10 17:00:00,0.0,0.007167553187829829,0.16222475324299968,0.13379527951511788,0.42581629323601056
2018-08-10 18:00:00,0.0,0.0,0.22292214728092866,0.12443883683621827,0.27592445703187074
2018-08-10 19:00:00,0.7865105663233359,0.07261380341864113,0.12295168363352287,0.08604196155635369,0.24665920465888938
2018-08-10 20:00:00,0.5006282012352088,0.0,0.0,0.058704431401803994,0.19050921343398597
2018-08-10 21:00:00,0.7924034607954761,0.02799804022246906,0.5093644708347795,0.3474924960943795,0.1681722480041902
2018-08-10 22:00:00,0.28575488459055454,0.20784150482634786,0.7126941450225808,1.0,0.4139731873671646
2018-08-10 23:00:00,0.23857931779750258,0.27727063254469736,1.0,1.0,0.08092170061501895
2018-08-11 00:00:00,0.29511869846351707,0.25332386879490104,1.0,1.0,0.0
2018-08-11 01:00:00,0.13264972805762923,0.2935980533088347,0.9919693209672555,1.0,0.0
2018-08-11 02:00:00,0.0856968827967061,0.2041893831817794,0.9109620177014043,1.0,0.0
2018-08-11 03:00:00,0.057783868859531025,0.1861790598212076,0.9629763022091127,1.0,0.0
2018-08-11 04:00:00,0.0,0.1574826978402181,1.0,1.0,0.0
2018-08-11 05:00:00,0.11316476458478655,0.0,1.0,1.0,0.01448421441509538
2018-08-11 06:00:00,0.1385486261693345,0.0,0.7252788615505849,0.953074151882615,0.02708643288062681
2018-08-11 07:00:00,0.04718466911024334,0.0,0.23711273013592865,0.6894341611025735,0.00719150156736229
2018-08-11 08:00:00,0.0,0.0,0.06558612053552788,0.33194893908705353,0.0
2018-08-11 09:00:00,0.0,0.03765029053508876,0.04798021783692178,0.3280842340250986,0.0
2018-08-11 10:00:00,0.0,0.110747522909663,0.1393700987884938,0.29205741259176726,0.04267655349371764
2018-08-11 11:00:00,0.0,0.15422395968729377,0.19861236025146187,0.22808241293195716,0.057334402957991644
2018-08-11 12:00:00,0.0,0.2108508877157294,0.1875437776437196,0.22099399142717888,0.10038916942124225
2018-08-11 13:00:00,0.01616751865091271,0.17858412858944667,0.14511842012014517,0.236593775741459,0.15914495628388453
2018-08-11 14:00:00,0.010685266209685892,0.16868943532570477,0.13904241682651977,0.17190004839053488,0.10961694928819747
2018-08-11 15:00:00,0.033138215639937185,0.08758536126445146,0.17174149415141687,0.17230630705282352,0.1857202641452431
2018-08-11 16:00:00,0.050990931284853366,0.06605559196723773,0.26890094879700743,0.15125120361438568,0.25153010702919576
2018-08-11 17:00:00,0.19878422042906815,0.16933809336873795,0.2865892645699544,0.38164661437377084,0.29468962041155766
2018-08-11 18:00:00,0.24379707243458992,0.3804147055437396,0.40765222001429857,0.4393638867017318,0.6002661446671105
2018-08-11 19:00:00,0.09137911647280555,0.7580155854331396,0.35483634960387084,0.5839774954374907,0.7564277631720782
2018-08-11 20:00:00,0.10706790903609771,0.4881776039912229,0.49478325345304225,0.5610959250817035,0.8131554833378086
2018-08-11 21:00:00,0.1429553578689613,1.0,1.0,0.9402552843823505,0.9650138517795238
2018-08-11 22:00:00,0.341228982671517,1.0,1.0,1.0,0.8910144274735897
2018-08-11 23:00:00,0.4446726653752821,0.9166662823832121,1.0,1.0,0.4112690649516541
2018-08-12 00:00:00,0.19000191918473258,0.8057550272992561,1.0,1.0,0.4120947086933179
2018-08-12 01:00:00,0.2313653093171212,0.5727028269378989,1.0,1.0,0.09637804170400693
2018-08-12 02:00:00,0.1761003470871862,0.3219461216762335,1.0,1.0,0.0
2018-08-12 03:00:00,0.1021359652917937,0.30594605499332694,1.0,1.0,0.0
2018-08-12 04:00:00,0.04542022392160294,0.3742188047996172,1.0,1.0,0.0
2018-08-12 05:00:00,0.02421076437061212,0.6125367645669074,0.9406547899214771,1.0,0.0
2018-08-12 06:00:00,0.02163453122613845,0.5343869995869432,0.9355600787305753,1.0,0.0
2018-08-12 07:00:00,0.008540996400403022,0.22877500797690542,0.26947356188365923,1.0,0.0
2018-08-12 08:00:00,0.0,0.2541165318173403,0.05153083709439935,0.9721133693183512,0.0
2018-08-12 09:00:00,0.024671637631205102,0.2717188358133091,0.22470202722465712,0.8158422335400288,0.0
2018-08-12 10:00:00,0.032635748598160735,0.30905728152651335,0.5146115412344168,1.0,0.07588913505375865
2018-08-12 11:00:00,0.06496072322270163,0.44407432793974266,0.7261031502643388,0.9670304308800194,0.2395260559378609
2018-08-12 12:00:00,0.11674763225929026,0.48179700202146825,0.7397516478519698,0.834842851883243,0.27448861257422613
2018-08-12 13:00:00,0.13796557470536625,0.45269571505653433,0.8086849782263886,0.8124143907457814,0.27791361720034774
2018-08-12 14:00:00,0.10776629985660474,0.48819610828342136,0.8292434688478809,0.6973331748883147,0.3835178331809637
2018-08-12 15:00:00,0.17349918883172896,0.5205834861919338,0.5467287111732639,0.5934108328701084,0.9062547057390075
2018-08-12 16:00:00,0.2919745049572766,0.6484991267164317,0.6197532544099957,0.720958555923338,1.0
2018-08-12 17:00:00,0.20701458214468146,0.6448739427329525,0.6336795016690844,0.7319017251714734,0.7207080313942603
2018-08-12 18:00:00,0.503246447244493,0.8035868751195631,0.7215781085701686,0.7765696102336688,0.8750151449610464
2018-08-12 19:00:00,0.9873329540179434,0.6015897270649952,0.5428170817075191,0.5784417531888624,0.6319670212391786
2018-08-12 20:00:00,1.0,0.6758089948399887,0.7776189296183187,0.9509664677761445,0.5372014910725414
2018-08-12 21:00:00,1.0,0.5165215113640412,0.8715546914264624,1.0,0.6872862805853496
2018-08-12 22:00:00,1.0,0.7252486402467508,1.0,1.0,0.45997564743729463
2018-08-12 23:00:00,0.7862529741756226,0.7013010662911966,0.8203691491769659,1.0,0.03272965819077495
2018-08-13 00:00:00,0.5900179044522518,0.7222438872247336,0.7868529960155305,1.0,0.0
2018-08-13 01:00:00,0.5512494213398741,0.46350589943204007,0.7668033087903241,1.0,0.0
2018-08-13 02:00:00,0.6552701109750794,0.2153985552531041,1.0,1.0,0.08813224932671418
2018-08-13 03:00:00,1.0,0.14467994750405083,1.0,1.0,0.24983880805834618
2018-08-13 04:00:00,1.0,0.1377341617181603,0.9795117606354304,1.0,0.10329554011487736
2018-08-13 05:00:00,1.0,0.04277183116028808,0.6391181599816337,0.8053425001411939,0.0
2018-08-13 06:00:00,1.0,0.06022392624403631,0.4976045712924212,0.4819643524182954,0.0
2018-08-13 07:00:00,0.8478235213881075,0.0,0.1785728760664684,0.2350048072543844,0.0
2018-08-13 08:00:00,0.44942085131696363,0.0,0.14146348182953866,0.0794768416869368,0.0
2018-08-13 09:00:00,0.41775817872715365,0.0013650693310615148,0.21764717299825323,0.07503566573307201,0.0
2018-08-13 10:00:00,0.5284948612298546,0.14142111170383373,0.3535515702550503,0.07557070562511747,0.0
2018-08-13 11:00:00,0.8876206810735615,0.23226649638975005,0.31887502475015966,0.10306477342767217,0.03304728851537004
2018-08-13 12:00:00,0.8588229379179984,0.22095999851026735,0.33840112729917093,0.09840209103654017,0.0330998154395552
2018-08-13 13:00:00,1.0,0.11451120911825152,0.21949726888960996,0.07757071050979335,0.04192841533533288
2018-08-13 14:00:00,0.6759464699532989,0.07143603986462893,0.22865022080449215,0.062033537257505524,0.04809424920245262
2018-08-13 15:00:00,0.488728013860997,0.20046602162244442,0.3031476913858358,0.07288768416074792,0.12792523722469074
2018-08-13 16:00:00,0.424829707544709,0.0276619479546384,0.1559189956307821,0.0,0.23025026673289753
2018-08-13 17:00:00,0.7888690445474346,0.35932154589952053,0.7866043842725778,0.04804927046763248,0.16962220209025775
2018-08-13 18:00:00,0.6847880437482048,0.48754956597316623,0.8985142770706892,0.21737212502732708,0.07170386382972818
2018-08-13 19:00:00,0.6657400234110925,0.733337073899108,1.0,0.29304115838357375,0.012726648379910594
2018-08-13 20:00:00,0.9552909887676398,1.0,0.68151019130985,1.0,0.0
2018-08-13 21:00:00,0.6190057965523666,0.8596037394143325,0.3965342249866873,1.0,0.9113141482151401
2018-08-13 22:00:00,0.5318128830868042,0.27443816280275557,0.16621183721225308,1.0,0.5583702040075625
2018-08-13 23:00:00,0.4628479612196158,0.09388654280314256,0.11462495277796476,0.9498893460581888,0.3038981027484222
2018-08-14 00:00:00,0.12094528051263584,0.19713795965740277,0.010871294374972232,0.9426697918943755,0.09546738589929063
2018-08-14 01:00:00,0.15102603981149695,0.1825580514579373,0.010871294374972232,0.6157643696908461,0.0
2018-08-14 02:00:00,0.0006741287094534982,0.0,0.018595857833843942,0.3006203857928608,0.04119324306316152
2018-08-14 03:00:00,0.04067631425749375,0.0,0.0,0.3766438327142349,0.0
2018-08-14 04:00:00,0.0,0.023962196687441803,0.0,0.04250615934047443,0.0
2018-08-14 05:00:00,0.0,0.0,0.0,0.0,0.0
2018-08-14 06:00:00,0.0,0.0,0.0,0.25489003762607143,0.0
2018-08-14 07:00:00,0.0,0.016328290580323104,0.020783262394037667,0.1866133563070876,0.0
2018-08-14 08:00:00,0.0,0.023434117752333804,0.07875194246649767,0.23979680811067555,0.0
2018-08-14 09:00:00,0.0,0.07615980964315486,0.11931329697860724,0.1225588512606868,0.0
2018-08-14 10:00:00,0.04595004483143856,0.09969478251003545,0.1413581983667216,0.06969218374885429,0.0
2018-08-14 11:00:00,0.2057247589884756,0.3181273392901051,0.2177004873373105,0.23995837646483914,0.058256324854304695
2018-08-14 12:00:00,0.1858047825666506,0.26856476650754846,0.2627039331843777,0.38339910290025847,0.11546803918136933
2018-08-14 13:00:00,0.14709644420866727,0.11533057001484606,0.14196882211979905,0.3744957036085405,0.1284997478248897
2018-08-14 14:00:00,0.09749072904269526,0.1441059458147588,0.24803961229778754,0.3875294059147286,0.12874649807950475
2018-08-14 15:00:00,0.044917441719728286,0.12853429108546113,0.08877417556449284,0.15633964195925423,0.20043486241984132
2018-08-14 16:00:00,0.036124014163317494,0.18523575155781896,0.03095697077918815,0.11221291985445525,0.2806354787470354
2018-08-14 17:00:00,0.31502183906115777,0.2625049205422176,0.11580295485429891,0.6492458068719291,0.30913412410646623
2018-08-14 18:00:00,0.31566952433988005,0.26160651231116255,0.10430004005508715,0.24651732942261712,0.5890891975487798
2018-08-14 19:00:00,0.34328224642324556,0.49866507316334324,0.2608803782893736,0.2894307032034887,0.37438034460792613
2018-08-14 20:00:00,0.47975750735828754,0.20831711710485593,0.16904275465035343,0.19230777250271383,0.883681352406477
2018-08-14 21:00:00,0.7059812288540598,0.0,0.1583917291930286,0.26273412636470433,0.541296654872405
2018-08-14 22:00:00,0.5709991100529802,0.7852198014404415,0.5299627973872205,0.36874067711821634,0.07029706091689764
2018-08-14 23:00:00,0.3914946320584127,0.06877483835599783,0.5839274844034217,0.4709029542183756,0.019199276250489523
2018-08-15 00:00:00,0.06993446786961105,0.19027053512763398,0.7382133985435781,0.3325787658220955,0.0
2018-08-15 01:00:00,0.0,0.6851830183029278,0.36687701165848635,0.22212633442702798,0.0
2018-08-15 02:00:00,0.03713857047503539,1.0,0.4403151731009575,0.473677987545655,0.10420050037926266
2018-08-15 03:00:00,0.15467408858851991,1.0,0.597873054319022,0.6199974525994584,0.14439482988914937
2018-08-15 04:00:00,0.0,0.3168209308396084,0.8141595639588237,0.9105056354596712,0.08805837603706959
2018-08-15 05:00:00,0.0,0.045305941331144274,0.5616779985244609,1.0,0.17913525026909488
2018-08-15 06:00:00,0.0,0.0385740752721382,0.4745213366494715,0.7074127447248929,0.007855040013924697
2018-08-15 07:00:00,0.0025659268933727994,0.06980077453597236,0.3279744206744875,0.14271165552839063,0.0
2018-08-15 08:00:00,0.03402648900734368,0.07394945963767349,0.39127726392544127,0.047164512712903915,0.0
2018-08-15 09:00:00,0.0813056451117781,0.16745356576624468,0.5232408892010272,0.06322532612738299,0.0
2018-08-15 10:00:00,0.07355108351331242,0.10115284931163804,0.4223133927424087,0.17588540359004007,0.0
2018-08-15 11:00:00,0.0805469642683987,0.05332035134159419,0.32625010453672365,0.27015193896130224,0.0
2018-08-15 12:00:00,0.05725642417607791,0.0,0.3059240292065377,0.30472179325878174,0.0
2018-08-15 13:00:00,0.1171598445068878,0.0,0.08750285179321364,0.2547657624678415,0.09375154142898406
2018-08-15 14:00:00,0.31146634447967564,0.0,0.16628023807392772,0.4545981275541253,0.24071150124629367
2018-08-15 15:00:00,0.5282645535753342,0.04802800877494259,0.1533325177796027,0.23736915773107314,0.24451699197682214
2018-08-15 16:00:00,0.4390273647533771,0.0,0.27874909889677035,0.17877305438918212,0.09693572259061754
2018-08-15 17:00:00,0.6385772734466572,0.06149008805581915,0.7553643221536304,0.3658318832516649,0.4831906106868328
2018-08-15 18:00:00,0.7010703555499804,0.07072225811782823,0.9420367195958707,0.4131682818060479,1.0
2018-08-15 19:00:00,0.6688229127984866,0.035691179221059466,1.0,0.296265179287476,1.0
2018-08-15 20:00:00,0.839879829392063,0.14001368318270904,0.8891360648427853,0.19559742764205476,1.0
2018-08-15 21:00:00,0.4665929228825295,0.02699601965188477,1.0,0.9760982490602387,1.0
2018-08-15 22:00:00,0.5192268688985784,0.2703365769642842,1.0,0.7767112948720254,0.14919254249000505
2018-08-15 23:00:00,0.5254328431615295,0.26198932409784054,0.5218407156058769,0.38031788263950755,0.6322082281292637
2018-08-16 00:00:00,0.8614484446430003,0.02303716695816752,0.10133710802213769,0.31395385145657534,0.1755123655936621
2018-08-16 01:00:00,1.0,0.23566969442181576,0.0,0.020231309101468885,0.03340180037549902
2018-08-16 02:00:00,1.0,0.16837737307550074,0.0,0.0,0.017484500051790558
2018-08-16 03:00:00,1.0,0.02858375073961033,0.0,0.0,0.052251027854653104
2018-08-16 04:00:00,1.0,0.06283473508559985,0.04745837222721315,0.059525331073591585,0.0
2018-08-16 05:00:00,0.6107371184371958,0.6551316025101888,0.31133445227769196,0.11717079290734272,0.0
2018-08-16 06:00:00,0.8471882539108386,1.0,0.3933179050421242,0.09685859942563176,0.0667727862069282
2018-08-16 07:00:00,0.35955655585381147,1.0,0.2683441196863499,0.026151673108597662,0.04674145925191177
2018-08-16 08:00:00,0.027013220254064208,0.6570369807852139,0.1009443541902474,0.0,0.03566114378145668
2018-08-16 09:00:00,0.0,0.35201961467514803,0.09221594459433008,0.0,0.0
2018-08-16 10:00:00,0.0,0.2137229440372661,0.0824077865504443,0.0,0.013119877300912814
2018-08-16 11:00:00,0.0,0.1289106252694359,0.10323180552361491,0.0,0.02296207078327573
2018-08-16 12:00:00,0.0,0.15278190705162645,0.11757152565550427,0.0,0.06857708966990564
2018-08-16 13:00:00,0.00946549423866414,0.1311167749116637,0.09545269084886376,0.0,0.13502250696806406
2018-08-16 14:00:00,0.0262646000648042,0.05351993593694533,0.1182739546994986,0.0,0.1302753677783393
2018-08-16 15:00:00,0.024679324047619675,0.1599050941048979,0.13265402462129086,0.0,0.06043458116051636
2018-08-16 16:00:00,0.20703568947243503,0.08848922015529638,0.11791856992512438,0.042344174460874094,0.050074031438211514
2018-08-16 17:00:00,0.39945971197644137,0.11702421812795834,0.1438499504215556,0.13245653769038518,0.9835388462265399
2018-08-16 18:00:00,0.32294288707610397,0.07783191208725403,0.10882880051477924,0.17917135745355062,0.634912398913644
2018-08-16 19:00:00,0.6665825001708638,0.18402795911405412,0.3015655432533922,0.26945702358118734,0.20863988008572595
2018-08-16 20:00:00,0.8790545928758929,0.23388560823826476,0.16049580937410937,0.32036895949273003,0.051322445309000576
2018-08-16 21:00:00,1.0,0.0572820476796832,0.26849801460651984,0.5197750404603184,0.0
2018-08-16 22:00:00,1.0,0.19950574845029284,0.128681966033991,0.45871812248758914,0.07330377882139999
2018-08-16 23:00:00,1.0,0.4385613459716196,0.14366981756181857,0.7333092943295969,0.025133787643305767
2018-08-17 00:00:00,0.903572478245342,0.33789918189193774,0.14117784181580145,0.5892810603904864,0.0
2018-08-17 01:00:00,0.6011874303477763,0.17999884462044632,0.20623441889821115,1.0,0.041596794668012915
2018-08-17 02:00:00,0.5279976739180348,0.0,0.0660725109153866,0.9565015030325338,0.0653888746333832
2018-08-17 03:00:00,0.49441320619674994,0.0,0.0,0.9646658318322863,0.14137097913681326
2018-08-17 04:00:00,0.3416883004972377,0.0,0.012954017009708878,0.934221129241596,0.1475566564563469
2018-08-17 05:00:00,0.2941331140762627,0.0,0.08154711055378451,0.4394855446125921,0.0
2018-08-17 06:00:00,0.16367408797236202,0.0,0.14192328241827362,0.6095366485658601,0.0
2018-08-17 07:00:00,0.015563459967828219,0.0,0.0511717160357385,0.10795127621736787,0.0
2018-08-17 08:00:00,0.0,0.0,0.0,0.0478429690035501,0.0
2018-08-17 09:00:00,0.0,0.06082710491838854,0.020195930964381395,0.1151800378285953,0.0
2018-08-17 10:00:00,0.0,0.13230548958656663,0.04554386814382661,0.08428604143879678,0.00882657797144039
2018-08-17 11:00:00,0.03534937835607868,0.1600437626856073,0.08225697972731374,0.12655158329877123,0.09245949046701356
2018-08-17 12:00:00,0.06665559966376076,0.31211775800767966,0.11876058637681074,0.13057522096250523,0.2077138309341289
2018-08-17 13:00:00,0.11172430905666761,0.37333473555742297,0.10063494676101281,0.18423301622349217,0.2921598279850435
2018-08-17 14:00:00,0.23444868006452407,0.5150960988446135,0.17202741314735864,0.2439692091724884,0.6564765486826063
2018-08-17 15:00:00,0.4079314713184684,0.7309557266433591,0.3438615055795875,0.3416086562788023,0.540328814089555
2018-08-17 16:00:00,0.4193148587628314,0.6364380059249599,0.3146416161059374,0.07025153205639906,1.0
2018-08-17 17:00:00,0.803274346186837,1.0,0.11976671456933287,0.4652635655614431,0.2842795531726638
2018-08-17 18:00:00,0.3842546375274064,0.22043373741601735,0.07233364739192802,1.0,0.9220661995030341
2018-08-17 19:00:00,0.3670157359386861,1.0,0.3292936425748661,1.0,0.08506361419106089
2018-08-17 20:00:00,0.07225897950446453,0.5901252996972233,1.0,0.7430451967070106,0.3564928407750052
2018-08-17 21:00:00,0.04855061285793291,0.4417141338109965,0.0,1.0,0.0
2018-08-17 22:00:00,0.0,0.23267850992143424,0.08793968144534134,1.0,0.0
2018-08-17 23:00:00,0.05444751896161366,0.3296672118623522,0.01300760363333878,1.0,0.0
2018-08-18 00:00:00,0.3059372600812831,0.044754431530192165,1.0,1.0,0.0
2018-08-18 01:00:00,0.2800766665333725,0.2652480049529887,0.45749763830898277,1.0,0.0
2018-08-18 02:00:00,0.47915463037080797,0.15080953434182676,0.04185543842423088,0.9708328008480726,0.0
2018-08-18 03:00:00,0.32778742916148984,0.2132384817980492,0.021294827982994168,0.4662836209310178,0.0
2018-08-18 04:00:00,0.0888154190331622,0.2374372705068716,0.13806221770550753,0.2993959426544017,0.0
2018-08-18 05:00:00,0.31745939235861137,0.04714883467888418,0.3462830091987654,0.1848972644945683,0.0
2018-08-18 06:00:00,0.47281179518163724,0.05141981603248022,0.13388044860354248,0.16437723387544853,0.0
2018-08-18 07:00:00,0.439468782486884,0.02721165805759053,0.03849210653319449,0.04620624920380648,0.0
2018-08-18 08:00:00,0.48701354669794245,0.035592675799382904,0.045840930522677126,0.0,0.0
2018-08-18 09:00:00,0.5084104337340929,0.04758999662029113,0.27862484937424564,0.0,0.0
2018-08-18 10:00:00,0.6773102994290039,0.025799842817507548,0.5590684320296371,0.0,0.0
2018-08-18 11:00:00,0.6921168858468418,0.04126408755684012,0.8618260393709452,0.12544901949966955,0.0
2018-08-18 12:00:00,0.6598195907430912,0.0,0.3798541634979665,1.0,0.004402260573049943
2018-08-18 13:00:00,0.6585351187876674,0.0,0.3355274143370266,1.0,0.07432288918378901
2018-08-18 14:00:00,0.45128393774857856,0.041980473410330336,0.2668428695435008,1.0,0.04724427516844734
2018-08-18 15:00:00,0.5920490492038473,0.1717680429062093,0.1265066209352714,0.9605985246661347,0.12821634490942801
2018-08-18 16:00:00,0.47110337191736684,0.6155447161552431,0.24492506760773963,0.31876705117828047,0.320104682136409
2018-08-18 17:00:00,0.6491579670685614,1.0,1.0,0.02926962464777332,0.327165723174558
2018-08-18 18:00:00,1.0,0.7516321610693136,1.0,0.05530830819219424,0.0
2018-08-18 19:00:00,0.8319433942428508,0.34345770390781505,0.7562487049541623,0.3087281188797557,0.20497468147813447
2018-08-18 20:00:00,0.0,0.5834080261707913,0.0,1.0,0.005618493303221801
2018-08-18 21:00:00,0.28077456044305577,0.332426373181347,0.0495889962205188,0.02079917919724333,0.11360310063888998
2018-08-18 22:00:00,0.16120757469832325,0.6569836851504469,0.03562592497207485,0.44626862371534814,0.3258788508052786
2018-08-18 23:00:00,0.7152139957653411,0.3753684493834988,0.7205619883395963,0.5539938240316724,0.11651597276673753
2018-08-19 00:00:00,0.6784305430438113,0.9981296560053572,1.0,0.1738980696806224,0.029150503873788692
2018-08-19 01:00:00,0.5207181092014407,0.698235448403478,1.0,0.6478320233560456,0.02701103134662323
2018-08-19 02:00:00,0.22185929117976275,0.6611310823432138,1.0,1.0,0.05019368555681179
2018-08-19 03:00:00,0.15973623047091967,1.0,1.0,1.0,0.05545091491789659
2018-08-19 04:00:00,0.45109732481238646,1.0,1.0,1.0,0.2233241057211704
2018-08-19 05:00:00,1.0,1.0,1.0,1.0,0.15521217802631063
2018-08-19 06:00:00,0.9638482618115681,1.0,1.0,1.0,0.1519917401415971
2018-08-19 07:00:00,0.8976119029097778,1.0,1.0,1.0,0.11963728952616741
2018-08-19 08:00:00,0.8404047505120937,1.0,1.0,1.0,0.1391779358091763
2018-08-19 09:00:00,0.5254149456727446,1.0,1.0,1.0,0.16269563719598606
2018-08-19 10:00:00,0.3547970227219879,1.0,1.0,1.0,0.27429660820855756
2018-08-19 11:00:00,0.677603968638308,1.0,1.0,1.0,0.19511903446188572
2018-08-19 12:00:00,0.8027243747379604,1.0,0.9953827154217271,1.0,0.13452795710418278
2018-08-19 13:00:00,0.6782575868390944,1.0,1.0,1.0,0.2161605307248372
2018-08-19 14:00:00,1.0,1.0,1.0,1.0,0.2912868724165569
2018-08-19 15:00:00,1.0,1.0,1.0,1.0,0.5587826326237625
2018-08-19 16:00:00,1.0,1.0,1.0,1.0,0.08279380838560728
2018-08-19 17:00:00,1.0,1.0,1.0,1.0,1.0
2018-08-19 18:00:00,1.0,1.0,1.0,1.0,0.873177711872052
2018-08-19 19:00:00,1.0,1.0,1.0,1.0,0.5126128768646419
2018-08-19 20:00:00,0.7935895505597197,1.0,1.0,1.0,0.0320681049469067
2018-08-19 21:00:00,0.5066831503613036,0.8192513089342265,1.0,1.0,0.0
2018-08-19 22:00:00,0.574630195549079,0.9476250878455558,1.0,1.0,0.0
2018-08-19 23:00:00,0.7156976801608856,0.9039828401344508,1.0,0.942656105533619,0.0
2018-08-20 00:00:00,0.6988862774111297,0.9752837351278897,1.0,1.0,0.0
2018-08-20 01:00:00,0.7275748952259061,1.0,1.0,1.0,0.02383506723909731
2018-08-20 02:00:00,0.6728871441330575,1.0,0.9327087338800869,0.960900882186076,0.0
2018-08-20 03:00:00,0.6387543018127988,0.8746663120909167,1.0,0.5591506416135702,0.0
2018-08-20 04:00:00,0.8056912068568503,0.4074256771629618,0.9927485241971049,0.2293513089198374,0.0
2018-08-20 05:00:00,1.0,0.47425566406512915,0.9738836003057463,0.08426908524338728,0.0
2018-08-20 06:00:00,1.0,0.5512158013412718,0.8467388344636962,0.06702121335365628,0.04080519768771171
2018-08-20 07:00:00,1.0,0.31056440825396614,0.6368044804257368,0.039853310991905685,0.05617943162439311
2018-08-20 08:00:00,0.7517928032161924,0.22824213683004366,0.3691262243754221,0.0,0.08879329160937553
2018-08-20 09:00:00,0.4664669814945067,0.08904009490107091,0.2941339086646055,0.0,0.03144167032179664
2018-08-20 10:00:00,0.33294852385352686,0.08238287104827278,0.2390524183325001,0.0,0.04769398398322702
2018-08-20 11:00:00,0.2713548818453082,0.03686816888496927,0.17805591051396172,0.0,0.07999824257510019
2018-08-20 12:00:00,0.15011858433871633,0.022625730732691637,0.18788375659713,0.0,0.1510365633124502
2018-08-20 13:00:00,0.0770483000787793,0.0091999378627033,0.1347164668886005,0.039126440286731436,0.14275022735104623
2018-08-20 14:00:00,0.024755537332758478,0.022393453831369734,0.08368244528598841,0.1477969504051313,0.1773299965795192
2018-08-20 15:00:00,0.0,0.0,0.06185804513525701,0.13780133500168798,0.33985142266631907
2018-08-20 16:00:00,0.0,0.03240593275245709,0.04427665551204135,0.18469011518365325,0.5961508780237063
2018-08-20 17:00:00,0.0,0.0129782406718687,0.0,0.19277148791843282,0.769647976952625
2018-08-20 18:00:00,0.053084156016972354,0.13211411563643854,0.029303400109976924,0.2652942647493154,0.6568337307394085
2018-08-20 19:00:00,0.3192038129428527,0.15850263931647032,0.22456400919620456,0.22660274357836352,0.31818834405442686
2018-08-20 20:00:00,0.533592482819335,0.2097819249267267,0.24589441305916535,0.6456312568974603,0.11742191637685671
2018-08-20 21:00:00,0.33341691373407,0.6180676464573012,0.031859485872927605,1.0,0.4959427224332024
2018-08-20 22:00:00,0.21901327343017282,0.5438562853898814,0.0,1.0,0.2596948825024965
2018-08-20 23:00:00,0.19075743846937704,0.3049405601296838,0.028893719757974185,1.0,0.16567775172474755
2018-08-21 00:00:00,0.2668886556489574,0.16709359876854077,0.08915957542123366,1.0,0.15675520379632235
2018-08-21 01:00:00,0.2786476998894306,0.17574566597349583,0.22322371313219228,1.0,0.220819906309274
2018-08-21 02:00:00,0.38802601984221946,0.19518794645345702,0.0029911877594128856,0.4918125211516996,0.053532170464786984
2018-08-21 03:00:00,0.46451622366496786,0.24230567868604005,0.0,0.6298699085048937,0.0075330760085102685
2018-08-21 04:00:00,0.6595157632691462,0.13930452478509983,0.0,0.7665222796184389,0.007685828303673171
2018-08-21 05:00:00,1.0,0.08385322530927034,0.0,1.0,0.0
2018-08-21 06:00:00,1.0,0.15392391310667267,0.052856211822493226,1.0,0.020069946011213934
2018-08-21 07:00:00,0.7345470159259843,0.0,0.07274467321896157,0.5989649910837098,0.0
2018-08-21 08:00:00,0.6271513092056704,0.012775950489099842,0.03232006681993511,0.042789878315604594,0.006794013833964451
2018-08-21 09:00:00,0.5048256004314056,0.16082511086485807,0.06489089668165801,0.1412431765929805,0.0
2018-08-21 10:00:00,0.46976344547929266,0.19084397752431065,0.10731476531438489,0.1074087531062166,0.0
2018-08-21 11:00:00,0.22456442917292543,0.06536841247076397,0.18460854755668743,0.354607005659544,0.0
2018-08-21 12:00:00,0.14796333507631795,0.056768193478732465,0.21536203768553824,0.336580376687218,0.0
2018-08-21 13:00:00,0.09360109048116579,0.10274129861117914,0.12926580723262684,0.40708421854392796,0.05877428177413291
2018-08-21 14:00:00,0.1463666553899737,0.10087770123047035,0.20169048830012176,0.19865779811045156,0.05355328602886773
2018-08-21 15:00:00,0.5149048683947474,0.3736392334197067,0.13555235619787048,0.06386512221466717,0.2394019541325603
2018-08-21 16:00:00,0.9283226077515331,0.43381135731649967,0.1462270034879958,0.7079567688606806,0.09085435157726476
2018-08-21 17:00:00,1.0,0.35668638429372973,0.30059958914890045,0.706927901590246,0.03471955966486568
2018-08-21 18:00:00,0.8801541617579,0.27035756835821134,0.14171102573658276,0.4204528071620083,0.11382561474506701
2018-08-21 19:00:00,0.3344164745320054,0.4047520604571182,0.5995449393470351,0.2858571156459243,0.40944021649068946
2018-08-21 20:00:00,1.0,0.18717946619291956,0.4849775978168806,1.0,0.23125223435501902
2018-08-21 21:00:00,0.7515523499878269,0.029749463800827377,0.5850013979137616,0.6052583700215906,0.029767871130923745
2018-08-21 22:00:00,0.0553695846695734,0.02753099650108828,0.4229109407012326,0.34170844757359325,0.0
2018-08-21 23:00:00,1.0,0.0257414881124472,0.2567288342234598,0.4592336215364676,0.0
2018-08-22 00:00:00,1.0,0.0,0.22316008691353847,0.5594245065574914,0.0
2018-08-22 01:00:00,0.0,0.15008661168238527,0.09154487854427998,0.4469727084869625,0.0
2018-08-22 02:00:00,0.053644648071305936,0.7489454476881598,0.31169211710387074,0.1923804766618032,0.0
2018-08-22 03:00:00,0.04317201072177858,0.212417759286033,0.27768700926444445,0.061839440915471,0.0
2018-08-22 04:00:00,0.07929956232643569,0.23663528300133446,0.13830105885705166,0.1434482114606266,0.0
2018-08-22 05:00:00,0.6575671184263975,0.23663528300133446,0.16231500050844966,0.2190630713968172,0.0
2018-08-22 06:00:00,0.533798360253482,0.28916468933715245,0.12481036642036125,0.40588802196644475,0.0
2018-08-22 07:00:00,0.5993657471963081,0.24550625633228537,0.12145125101622209,0.32550381267617845,0.01248374031527025
2018-08-22 08:00:00,0.5626351112774928,0.0018480307880913642,0.06705678308884087,0.5187531957944448,0.0006536617421396613
2018-08-22 09:00:00,0.46994239558849554,0.025075653948256046,0.1314025221060383,0.4512498402635271,0.0
2018-08-22 10:00:00,0.5092135067204605,0.008032655527964038,0.13471705804442324,0.2550079971300782,0.0
2018-08-22 11:00:00,0.3738319826095949,0.0,0.1905662007575,0.1414277412136248,0.0
2018-08-22 12:00:00,0.2606467111211417,0.0,0.33018808206533246,0.09193495958921218,0.0
2018-08-22 13:00:00,0.3281330345221545,0.0,0.31053158447203166,0.12482939159479209,0.04390298268424819
2018-08-22 14:00:00,0.5838339835917422,0.048711409368397504,0.38379504258891955,0.14843793527994087,0.0
2018-08-22 15:00:00,0.7263796745063825,0.07832272710436064,0.41142813993986677,0.1029914866171529,0.0
2018-08-22 16:00:00,0.7132434260700078,0.15048739827126997,0.4126741939024943,0.10454834221877359,0.06280233420457129
2018-08-22 17:00:00,0.7311944980259932,0.2671425097557159,0.3451292682532812,0.109646282273128,0.0
2018-08-22 18:00:00,0.5530757161823822,0.4632355263001779,0.3528103139519653,0.12057736424527116,0.16285403703035572
2018-08-22 19:00:00,0.43982145647503934,0.1455540324218912,0.3160225016306896,0.060507828654616444,0.06781613376445386
2018-08-22 20:00:00,0.8080406879544489,0.1946408866564923,0.3561976252762714,0.4051387289247823,0.03686768055019108
2018-08-22 21:00:00,0.19924640154779574,0.21481423662617863,0.26095523273760757,0.476178921549628,0.0
2018-08-22 22:00:00,0.31643728894165757,0.09493073808950184,0.3196033698089506,0.3306730965509711,0.0
2018-08-22 23:00:00,0.7288801219518982,0.09543210995591342,0.208238844748449,0.0950403192982064,0.0
2018-08-23 00:00:00,1.0,0.06312210716093489,0.19619997055652516,0.1533118641670682,0.1850784950889694
2018-08-23 01:00:00,1.0,0.0,0.18540201850250826,0.20827275105248783,0.11074101652601628
2018-08-23 02:00:00,0.8472931535450534,0.0,0.11469408903035802,0.1933187611745722,0.11311511799178864
2018-08-23 03:00:00,0.9188680359489372,0.0,0.12724615038951112,0.8849564263761304,0.06416844085444813
2018-08-23 04:00:00,0.9927647962561691,0.0,0.03796113477009751,0.40424686957155215,0.05604897221590723
2018-08-23 05:00:00,0.8502402024747835,0.04209028583249937,0.0,1.0,0.15135222198592965
2018-08-23 06:00:00,0.6170675830817783,0.3726375806876687,0.0,0.3675407635109267,0.0
2018-08-23 07:00:00,0.8451151583521214,0.7196114262894525,0.0,0.4813201103374146,0.0
2018-08-23 08:00:00,0.6903499102196253,0.5212268927464635,0.007163990991319072,0.3885934887405224,0.09525281806875281
2018-08-23 09:00:00,0.7314735900656136,0.16989410056158877,0.006070154960176903,0.1822380691313386,0.7360667286551049
2018-08-23 10:00:00,0.3576268212029719,0.10848900146336367,0.0,0.5781379040538079,0.7582760042847774
2018-08-23 11:00:00,0.2112401475688846,0.023062618596774068,0.0,0.8265528722607969,0.767635980052875
2018-08-23 12:00:00,0.07138501147070228,0.011096720346513999,0.0,1.0,0.6059986437708756
2018-08-23 13:00:00,0.23226374225250962,0.14955635942233167,0.15607034536364578,1.0,0.724798642618076
2018-08-23 14:00:00,0.22930173944516022,0.17236428628401343,0.18659122182976384,1.0,0.3658015223021401
2018-08-23 15:00:00,0.1007409470056144,0.025910512343656194,0.2817832795571315,0.8903566504353239,0.31566895356969127
2018-08-23 16:00:00,0.0,0.10894638354855411,0.3985080599374452,0.6155631495657815,0.1706155614878441
2018-08-23 17:00:00,0.08258423293295122,0.03225212003308578,0.04824070370742163,1.0,1.0
2018-08-23 18:00:00,0.1842577521561657,0.0,0.21552339309578186,0.6290861347943908,0.4626340682175863
2018-08-23 19:00:00,0.19603841129020763,0.05437790449316973,0.2711402651537123,0.37500276892331325,0.2762119331071791
2018-08-23 20:00:00,0.2012499142285432,0.0,0.14030446175841393,0.3566669690784023,0.023000333077787406
2018-08-23 21:00:00,0.17197221940771373,0.06575922484597183,0.4096699087390428,1.0,0.3898496267022774
2018-08-23 22:00:00,0.5241151921606937,0.03383576073559724,0.6122615369706665,0.14045235518283714,0.9453519614816687
2018-08-23 23:00:00,0.525961248710757,0.37441940440894467,0.7682806337801433,0.06920228976764103,1.0
2018-08-24 00:00:00,1.0,0.32399409674249696,0.8712819604662752,0.13156298568484043,1.0
2018-08-24 01:00:00,0.58146729197292,1.0,0.7723461124553023,0.0,1.0
2018-08-24 02:00:00,1.0,1.0,0.13754693945451316,0.0,1.0
2018-08-24 03:00:00,1.0,1.0,0.583316844475964,0.026598208469057926,0.563723153043294
2018-08-24 04:00:00,1.0,0.8601424824692401,0.8042545662873981,0.08367497809746723,0.500188952701236
2018-08-24 05:00:00,1.0,1.0,1.0,0.9882154783109847,0.6196729696323232
2018-08-24 06:00:00,1.0,0.5508082862035223,1.0,0.3078899947535909,0.7136787279508213
2018-08-24 07:00:00,1.0,0.0755339187895532,1.0,0.3742940913670465,0.47166333971799185
2018-08-24 08:00:00,0.6376250260397138,0.0,0.6254555913189841,0.1254000368531202,0.24151202583168105
2018-08-24 09:00:00,0.26757127846194284,0.0,0.3307515186669436,0.05708962842738272,0.19155349044675593
2018-08-24 10:00:00,0.15679317571759407,0.0,0.18982663265233501,0.050346258576982564,0.039211130116697177
2018-08-24 11:00:00,0.1610131056022264,0.0,0.18794840521027836,0.22341106359224772,0.0
2018-08-24 12:00:00,0.07411607171009772,0.0,0.2469517534273162,0.1654953752379213,0.0
2018-08-24 13:00:00,0.0,0.0,0.26387134800600914,0.25510084814250816,0.046084519239136965
2018-08-24 14:00:00,0.0,0.0,0.3102152190264716,0.3739376782282394,0.11203936960086056
2018-08-24 15:00:00,0.0,0.0,0.5451789522725112,0.2091604050307529,0.14989173908692183
2018-08-24 16:00:00,0.14650826607165118,0.10889957558452625,0.6559663994074729,0.08019967302458603,0.25611711253146496
2018-08-24 17:00:00,0.19752467082208894,0.12732520047994536,0.3343300078484611,0.12018331655875447,0.4742988094542576
2018-08-24 18:00:00,0.3038786762991264,0.09653148902104507,0.352295463678104,0.021621749048906302,0.430321358509619
2018-08-24 19:00:00,0.31424362169984715,0.0,0.6810193239567004,0.004184117750370925,0.27329340482723347
2018-08-24 20:00:00,0.436028274607461,0.014733803342243126,0.42686274067972757,0.04259358097356206,0.30856938425665853
2018-08-24 21:00:00,0.5779601753939108,0.2590912798029849,0.07215093591983948,0.4670455956253254,1.0
2018-08-24 22:00:00,0.4085619923679883,0.2674822050186623,0.29730453864327594,0.1301314905156732,0.9282967856541855
2018-08-24 23:00:00,0.3098913079916403,0.13708041437030669,0.4969678017429245,0.15967846624418797,0.9670477315039411
2018-08-25 00:00:00,0.24231714699502754,0.15365044078973664,1.0,0.0,0.8286005333730894
2018-08-25 01:00:00,0.2762012306467218,0.20662131055091276,1.0,0.0,0.0719793807202005
2018-08-25 02:00:00,0.3148563141903719,0.1993070851570432,1.0,0.03372717939256233,0.0127637652377659
2018-08-25 03:00:00,0.25137064678913246,0.40082360473136064,1.0,0.03445474114489127,0.026047903059425778
2018-08-25 04:00:00,0.26844211210755503,0.48201463845082587,1.0,0.015929886095612914,0.04987064176485857
2018-08-25 05:00:00,0.20393964881534832,0.6060264901958767,0.9614084257804205,0.160347154756598,0.0
2018-08-25 06:00:00,0.1826773911477601,0.4611378830809596,0.7079920889011401,0.13266634445591347,0.0
2018-08-25 07:00:00,0.10609044185845035,0.29210470207662503,0.3967337362508048,0.12673750951797108,0.0
2018-08-25 08:00:00,0.015477337835518672,0.11537515199822156,0.26868421616617144,0.10185657683976536,0.0
2018-08-25 09:00:00,0.005979552909559061,0.10647887909730828,0.16192403627478763,0.014241179527846157,0.0
2018-08-25 10:00:00,0.04878335743149936,0.06595352067486032,0.03850332924150706,0.0,0.0
2018-08-25 11:00:00,0.12905788245197777,0.13277397508178432,0.003579461568109233,0.0,0.0
2018-08-25 12:00:00,0.2135980627787163,0.16866861915557485,0.07480965792967095,0.01120212309995558,0.0
2018-08-25 13:00:00,0.36666759731291027,0.2379578468074245,0.028066866006770986,0.03476310075201462,0.0
2018-08-25 14:00:00,0.4151312438933516,0.17558642777594605,0.19305609683179759,0.0,0.0
2018-08-25 15:00:00,0.4336089174331851,0.2568169194438318,0.19164476905686667,0.0,0.16313359517930281
2018-08-25 16:00:00,0.8623265343344977,0.5671546051369084,1.0,0.19627181399111063,0.439686179769347
2018-08-25 17:00:00,1.0,0.6432611294800281,1.0,0.13635937899293685,0.9429742181930209
2018-08-25 18:00:00,0.33486943828941595,0.4350365640155977,1.0,0.28296147124004317,0.20203228776213025
2018-08-25 19:00:00,0.25660364820791587,0.2031911818540065,1.0,0.17279963478899904,1.0
2018-08-25 20:00:00,0.28827086729748364,0.12455781834236518,0.7640524959674336,0.24343467222138074,1.0
2018-08-25 21:00:00,1.0,0.37143961411246285,0.4837543855929692,0.11514151829658416,0.607426452936334
2018-08-25 22:00:00,1.0,0.1355979237491935,0.42676689238991594,0.1967776408444957,0.345755792183564
2018-08-25 23:00:00,1.0,0.08508266303870834,0.8953662979474238,0.283903612775619,0.06890413204585719
2018-08-26 00:00:00,1.0,0.054166356141365744,0.6776460473158203,0.6047326543054289,0.08026246780453501
2018-08-26 01:00:00,1.0,0.021745857032189633,0.2817572379670384,0.8619349098523895,0.061390092647484074
2018-08-26 02:00:00,1.0,0.0,0.1948375750581253,0.7563988392713596,0.07285418087967276
2018-08-26 03:00:00,1.0,0.0,0.21894661504384286,0.43639422727929894,0.05579804364596832
2018-08-26 04:00:00,1.0,0.0,0.271698085753108,0.08553916013031304,0.1012541631542315
2018-08-26 05:00:00,1.0,0.22092149026123586,0.14950250816757626,0.1606164634490161,0.1050581782677082
2018-08-26 06:00:00,1.0,1.0,0.2768987383423458,0.40892200390896083,0.9209798695459855
2018-08-26 07:00:00,1.0,1.0,0.1781885697297164,0.5913249848592409,1.0
2018-08-26 08:00:00,0.9665537950506025,0.7349299827237662,0.06257541429599076,0.2929247634906754,1.0
2018-08-26 09:00:00,0.8571928418315835,0.35224500344445897,0.014747926488854243,0.176322478389461,1.0
2018-08-26 10:00:00,0.7410489107445556,0.2706174336099889,0.0,0.3201229737638649,0.9069231159213662
2018-08-26 11:00:00,0.4486253118200821,0.15640984195228255,0.0,0.2300093126537654,0.7522548776709758
2018-08-26 12:00:00,0.3125113350686223,0.06979171264651161,0.0,0.5442141671428287,0.4313132654268793
2018-08-26 13:00:00,0.23292574379031536,0.03693626705578496,0.0,0.9306751290732446,0.3253149421289821
2018-08-26 14:00:00,0.3679776226608947,0.0,0.0,1.0,0.0
2018-08-26 15:00:00,0.14574176780441758,0.0,0.0,1.0,0.0
2018-08-26 16:00:00,0.4741921472820304,0.04697933728298458,0.0,0.3876676478668552,0.26704155961727005
2018-08-26 17:00:00,0.868079007851747,1.0,0.04003040392824948,0.145370992785191,0.0
2018-08-26 18:00:00,1.0,0.0,1.0,0.0026013176978937434,0.0
2018-08-26 19:00:00,0.4268180555113352,0.012456310094819135,0.04812141143139941,0.6496443744644266,0.0
2018-08-26 20:00:00,1.0,0.027782763190733778,0.0,0.9427841948391921,0.043212460469557186
2018-08-26 21:00:00,0.47460271180913,0.005001467928700322,0.06801979159866604,0.6013448024858834,0.3224380567092253
2018-08-26 22:00:00,0.5858362507116976,0.0,0.02835466685463852,1.0,0.363170843505528
2018-08-26 23:00:00,0.6705824396728607,0.14161638135016894,0.04435986955620446,0.7717740371713223,1.0
2018-08-27 00:00:00,1.0,0.37524574903391417,0.1366696366816718,1.0,1.0
2018-08-27 01:00:00,1.0,0.22318350638218112,0.04235610047739112,1.0,1.0
2018-08-27 02:00:00,1.0,0.10399928425578227,0.0008991043550069738,0.5264138201620316,0.4986275727728768
2018-08-27 03:00:00,1.0,0.39607330957590087,0.0,0.7404318945677554,0.5939420805889384
2018-08-27 04:00:00,1.0,0.3315839171825349,0.0,0.9022917094412168,0.11563464167380312
2018-08-27 05:00:00,1.0,0.31149467619427285,0.461526631558163,0.16856326828303092,0.18838240970163428
2018-08-27 06:00:00,1.0,0.07726473412469258,1.0,0.22058878373112695,1.0
2018-08-27 07:00:00,1.0,0.06228899584991116,0.6579302692332197,1.0,0.5519165850121741
2018-08-27 08:00:00,0.6886562270278989,0.15017804932653628,0.8460735558569898,0.6534075102868343,0.07670386695768908
2018-08-27 09:00:00,0.3514246628478222,0.3557811962128491,0.5874036362167852,0.5889169533958246,0.0
2018-08-27 10:00:00,0.2600999802037016,0.2575560822916233,0.3965312485858329,0.9111772933803574,0.0
2018-08-27 11:00:00,0.18970514413106412,0.3116500099190119,0.44598236642919437,0.9214151889934143,0.0
2018-08-27 12:00:00,0.13345727533234905,0.44118020953340603,0.1642345509457441,1.0,0.3577455435258407
2018-08-27 13:00:00,0.21500822815957865,0.45836806011592673,0.06424520918026841,0.5826538399868914,0.1592933236347091
2018-08-27 14:00:00,0.20413470544547346,1.0,0.08541187916887501,0.28271317916117916,0.38921225371549234
2018-08-27 15:00:00,0.0,1.0,0.8852003316289602,1.0,0.1540805042333193
2018-08-27 16:00:00,1.0,1.0,0.16710675343357964,0.34079469682275415,0.0
2018-08-27 17:00:00,1.0,0.39721169585835225,0.2322340358338488,0.5712359507513624,0.13304293351966862
2018-08-27 18:00:00,1.0,0.284789867877195,0.308897344104314,0.6485362009070273,0.2117674706167614
2018-08-27 19:00:00,1.0,0.06590001736173606,0.252596485925691,0.9988861120013154,0.3561939566337007
2018-08-27 20:00:00,1.0,0.030362475440147495,0.79429656118945,1.0,0.2143450873545581
2018-08-27 21:00:00,0.9476729509488556,0.06308495894194058,0.04050943535667038,1.0,0.2916609009223322
2018-08-27 22:00:00,1.0,0.8289888592780732,1.0,1.0,0.9753239139288306
2018-08-27 23:00:00,1.0,1.0,1.0,1.0,0.7321209641817492
2018-08-28 00:00:00,1.0,1.0,1.0,1.0,1.0
2018-08-28 01:00:00,1.0,1.0,1.0,1.0,0.7941725778814577
2018-08-28 02:00:00,1.0,1.0,1.0,1.0,0.4350460663893937
2018-08-28 03:00:00,1.0,1.0,1.0,1.0,0.9841700331103513
2018-08-28 04:00:00,1.0,1.0,1.0,1.0,0.832586120529804
2018-08-28 05:00:00,0.9716815787854328,1.0,0.9042199895652999,0.4251400799870171,0.03911581082950626
2018-08-28 06:00:00,1.0,1.0,0.9793627861444161,0.5068154952080413,0.0
2018-08-28 07:00:00,1.0,1.0,0.8502087532854032,0.30313424089453217,0.0
2018-08-28 08:00:00,0.8405419643329833,0.5506389802740271,0.8157610653285707,0.17791643839578017,0.0
2018-08-28 09:00:00,0.46784633517870133,0.200381714473301,0.4364321506018079,0.0962546195089734,0.014550264671396236
2018-08-28 10:00:00,0.36180073181330547,0.12550772221168632,0.42750722943590985,0.035816687059938186,0.10348850284183174
2018-08-28 11:00:00,0.23977062223586867,0.050537377240659265,0.32148613193561565,0.04182706533191174,0.16267423048336543
2018-08-28 12:00:00,0.1550567648861467,0.09421156843071628,0.2712231839075904,0.07695527537908144,0.2587103691577692
2018-08-28 13:00:00,0.06895130706872578,0.1090077395095528,0.19887800659442262,0.09871929599967405,0.2907300926343737
2018-08-28 14:00:00,0.11186054750043226,0.1615461100897497,0.21933186921983655,0.08561388085078886,0.5535656181360279
2018-08-28 15:00:00,0.17554425883253497,0.32536404157761806,0.19810321696011723,0.134854304151673,1.0
2018-08-28 16:00:00,0.38919366769213565,0.4290377663455864,0.20977897570296294,0.041490830671162465,1.0
2018-08-28 17:00:00,0.45741001647024676,0.461909795280472,0.18066697911988724,0.08952866460124415,0.3380433660370556
2018-08-28 18:00:00,0.7221200999624537,0.343582540054309,0.2503652272882094,0.15430286324304462,1.0
2018-08-28 19:00:00,1.0,0.34564937792720535,0.44365790481098005,0.28801844406842886,0.7711465020464539
2018-08-28 20:00:00,1.0,0.20239715789071586,0.48289148983570856,0.2989483793350843,0.3997054751001168
2018-08-28 21:00:00,0.32242781322401,0.20221052779746582,0.43993239644915866,0.670640522499466,0.6100043346779074
2018-08-28 22:00:00,0.25282467680596543,0.028635009638540092,0.6270157203272345,1.0,0.4279728848743766
2018-08-28 23:00:00,0.32437458474930825,0.08445542381438478,0.35452264056423627,1.0,0.423860818006347
2018-08-29 00:00:00,0.04072342273089659,0.09108444390078382,0.25223646696148005,1.0,0.13143888659524253
2018-08-29 01:00:00,0.05609002354298559,0.054186380883543016,0.24961891398191333,1.0,0.03829803615932584
2018-08-29 02:00:00,0.025320295776123696,0.08670465795013176,0.42242512798293425,1.0,0.10873050748037871
2018-08-29 03:00:00,0.03029415049876375,0.11754884263750917,0.30057879550356786,1.0,0.07660231892588934
2018-08-29 04:00:00,0.019216150503003557,0.09380623088312068,0.27057200326493525,1.0,0.08713672843001526
2018-08-29 05:00:00,0.0,0.04617820308131318,0.5197354048669856,1.0,0.006341749856561137
2018-08-29 06:00:00,0.0,0.03061345837706794,0.5610575228734106,1.0,0.0
2018-08-29 07:00:00,0.0,0.11438232248195725,0.24151307143330647,0.8838652892880149,0.0
2018-08-29 08:00:00,0.0,0.1047033728014414,0.4952953260764804,0.46329150378523537,0.0
2018-08-29 09:00:00,0.0,0.23531572425002834,0.40046319484773996,0.2584833431132694,0.0
2018-08-29 10:00:00,0.0,0.2208979254760142,0.41557108545411375,0.26628104575951206,0.0
2018-08-29 11:00:00,0.04942892049156588,0.2093755163654683,0.46724620101545195,0.24190665567345893,0.06346316801609934
2018-08-29 12:00:00,0.12851324966696467,0.3146960841985071,0.7255421730629054,0.22992884890007037,0.16355520820124714
2018-08-29 13:00:00,0.24680033345964134,0.3332978085528345,0.9505031274216605,0.3614667278733979,0.3048127559354675
2018-08-29 14:00:00,0.2587305457757443,0.648317993175844,1.0,0.24921854820799444,0.579907634199483
2018-08-29 15:00:00,0.33420859800188296,1.0,0.985238341334347,0.2916347770223448,1.0
2018-08-29 16:00:00,0.39707264176794527,0.8756570943486116,1.0,0.49146176962114896,1.0
2018-08-29 17:00:00,0.6302245566164482,0.85074419947706,1.0,0.12287017328535399,1.0
2018-08-29 18:00:00,0.6135083721314294,1.0,1.0,0.22420217939721868,0.5336245505362027
2018-08-29 19:00:00,0.7696753744311224,1.0,1.0,0.852723249339792,0.11601089821298971
2018-08-29 20:00:00,1.0,1.0,1.0,1.0,0.5237389222775337
2018-08-29 21:00:00,1.0,0.3163500154623803,0.8880025965192726,1.0,0.2995110558256764
2018-08-29 22:00:00,1.0,0.9083577427240677,0.8661214779174491,1.0,0.0974217831573222
2018-08-29 23:00:00,1.0,0.7511853685611593,0.8516507612477902,1.0,0.0
2018-08-30 00:00:00,1.0,1.0,0.522681365867206,1.0,0.02087217080809154
2018-08-30 01:00:00,1.0,0.6102270200211889,0.6070979705014975,0.3613752353359296,0.03026635554513721
2018-08-30 02:00:00,1.0,0.11593325396107593,0.5791970337092365,1.0,0.11838761299755932
2018-08-30 03:00:00,1.0,0.0,0.17794493468641395,0.42105935028174146,0.10280418296625908
2018-08-30 04:00:00,0.9200814140469529,0.0,0.12334834904454464,0.18093013362946878,0.01053693789274098
2018-08-30 05:00:00,0.8550014697386872,0.0,0.18624031986181852,0.5445729244590254,0.24946338475999133
2018-08-30 06:00:00,1.0,0.05211816921246039,0.25121350750748356,0.305309175656451,0.4214483644175428
2018-08-30 07:00:00,0.5151154367452103,0.051378561486013836,0.13296825951786453,0.16238811960037136,0.2752474918761083
2018-08-30 08:00:00,0.4102561879198811,0.01079863547665722,0.03982805164744659,0.11790193243217117,0.1506462759242022
2018-08-30 09:00:00,0.2903132720964321,0.0,0.0,0.09307922612504918,0.14850115668771172
2018-08-30 10:00:00,0.20922527096745694,0.0,0.0,0.047044414604624954,0.028197720496258814
2018-08-30 11:00:00,0.15716996053490045,0.0,0.0,0.09816941246631594,0.023065452794771752
2018-08-30 12:00:00,0.06217021940876676,0.0885060781487421,0.0,0.11042523293580507,0.0
2018-08-30 13:00:00,0.01910704928426291,0.09470783592659317,0.0,0.15015729173511438,0.0
2018-08-30 14:00:00,0.005756484430938372,0.13015006755345537,0.035070813863625476,0.082499669413927,0.0
2018-08-30 15:00:00,0.047808114369476074,0.20378354275181754,0.0,0.10583825612528047,0.0
2018-08-30 16:00:00,0.07489400681786071,0.21823699973626035,0.0,0.13269108220443004,0.1635866533311708
2018-08-30 17:00:00,0.0,0.32145834153344627,0.09887016438459735,0.21861650422464746,0.9535591467942093
2018-08-30 18:00:00,0.03297995420673224,0.0,0.1578245338810428,0.05121196805580155,0.2965968570012298
2018-08-30 19:00:00,0.2082066295873774,0.11471037299494469,0.5680833055341348,0.06689748020326294,0.4939258662859829
2018-08-30 20:00:00,1.0,0.0,0.8981420953953005,0.5826739459476961,0.5262314505053073
2018-08-30 21:00:00,1.0,0.22997741612625622,0.5820577448885612,0.24645802410787715,0.12051045389442477
2018-08-30 22:00:00,1.0,0.30666594918525225,0.6442350425275911,0.5767138700178569,0.047583374475938155
2018-08-30 23:00:00,1.0,0.3117310322655494,0.9406913452574542,0.6583458085503225,0.20064519716745302
2018-08-31 00:00:00,1.0,0.02938857945037203,0.6151327132698162,0.2826648722773763,0.496919894848125
2018-08-31 01:00:00,1.0,0.0,0.08864283478858677,0.0,0.6367227845419688
2018-08-31 02:00:00,1.0,0.22269267181692384,0.0,0.2908863987029401,0.3762041748464932
2018-08-31 03:00:00,1.0,1.0,0.021016128817988713,0.28443364642614477,1.0
2018-08-31 04:00:00,1.0,1.0,0.06203086807709178,0.1967178957993911,1.0
2018-08-31 05:00:00,1.0,1.0,0.08911080094227714,0.053538075737975914,0.8794418931967776
2018-08-31 06:00:00,1.0,0.8897702595508532,0.012464511059479226,0.23430658500169724,0.7676586044000339
2018-08-31 07:00:00,0.7966413344783623,0.49932927259691706,0.0,0.40453503806514574,0.8658733609793153
2018-08-31 08:00:00,0.47228778727365683,0.16944601922461114,0.12447563262988054,0.19048828938610063,0.19840860697932589
2018-08-31 09:00:00,0.3624681791638521,0.004239661736118099,0.19121436259465713,0.14256541869064965,0.0746334908477277
2018-08-31 10:00:00,0.14423560906857097,0.0,0.32369054233173394,0.03394530385429789,0.06979754549450991
2018-08-31 11:00:00,0.08644395060502362,0.027738245407398627,0.17651516755063706,0.021587590371418684,0.031550464455130434
2018-08-31 12:00:00,0.044478696537461455,0.049569699468520564,0.04774746148317964,0.11941959075535397,0.0
2018-08-31 13:00:00,0.0,0.052774189096567434,0.0,0.4594306504265372,0.0
2018-08-31 14:00:00,0.0,0.07130264736496902,0.0,0.18711620078927588,0.14561870336208607
2018-08-31 15:00:00,1.0,0.11651532620938541,0.03028718407817102,0.7133299603551819,0.9801819794443714
2018-08-31 16:00:00,0.03393384966247578,0.051238440464982354,0.8813401309285664,1.0,0.49249934670215073
2018-08-31 17:00:00,0.276380750956814,0.14856372688580693,1.0,0.0,0.0905917099001055
2018-08-31 18:00:00,0.10455790844944739,0.0,1.0,0.05738765985231491,0.6601712591924069
2018-08-31 19:00:00,1.0,0.8592580361384741,1.0,0.0,1.0
2018-08-31 20:00:00,0.8526581482271773,0.5880763160339882,0.07097071539935651,0.024424767520395695,0.0
2018-08-31 21:00:00,0.6931624099440408,1.0,0.2953344455907645,0.025371169699617554,0.02011568276577293
2018-08-31 22:00:00,0.945776429077534,0.5237763814001127,0.4868905081717124,0.4543647623457834,0.3230036933075848
2018-08-31 23:00:00,1.0,1.0,0.0026834156298240638,0.029279329030247367,0.0
2018-09-01 00:00:00,1.0,1.0,0.0,0.7453819283226352,0.05068519970950282
2018-09-01 01:00:00,1.0,0.41262963090705745,0.0,0.6188318546101184,0.3153143968436819
2018-09-01 02:00:00,0.1858679183549904,0.6140692505299638,0.14460807883120969,0.9633081845275769,0.1113656665437135
2018-09-01 03:00:00,0.9702925458453899,0.0,0.04126334785391558,1.0,0.35924718219715046
2018-09-01 04:00:00,0.8707655149311949,0.0,0.040410407369504034,0.6574005731522754,0.2021872062188428
2018-09-01 05:00:00,0.7252441792899686,0.0,0.0,0.34875167649673905,0.20113776692257745
2018-09-01 06:00:00,1.0,0.0,0.0,0.18654422741027762,0.1316001901047504
2018-09-01 07:00:00,0.5509157093346958,0.059361358522073714,0.0,0.03744051480056101,0.08287235271588057
2018-09-01 08:00:00,0.16839146048699907,0.02399088083399287,0.0,0.0,0.0
2018-09-01 09:00:00,0.08936819881700872,0.0,0.0,0.010154341952616126,0.0
2018-09-01 10:00:00,0.0,0.0,0.0,0.0,0.0
2018-09-01 11:00:00,0.036286329621801956,0.0,0.02728216422944805,0.0,0.0
2018-09-01 12:00:00,0.07234880139593274,0.0,0.049329114478945904,0.0,0.0
2018-09-01 13:00:00,0.553835041990081,0.0,0.04814740952234251,0.0,0.0
2018-09-01 14:00:00,0.8613993099522774,0.0,0.060371935076453005,0.0,0.0
2018-09-01 15:00:00,1.0,0.15550472873101187,0.3024872050156238,0.0,0.0
2018-09-01 16:00:00,1.0,0.16474265373472416,0.3820667155499162,1.0,0.0
2018-09-01 17:00:00,1.0,0.1541849999357709,0.6776683861759908,0.0,0.5460512689981858
2018-09-01 18:00:00,1.0,0.3394924537462263,0.18746822695723805,0.3036462996745783,0.3954324092491094
2018-09-01 19:00:00,1.0,0.5213802126440453,1.0,0.09056769944846645,0.3244220248181446
2018-09-01 20:00:00,1.0,0.8424250361291822,1.0,0.7852719231919312,1.0
2018-09-01 21:00:00,1.0,0.9847703219119004,0.14510785406468654,0.8911657747925483,0.6383680400122377
2018-09-01 22:00:00,1.0,0.8794656430900744,0.37116872423941655,0.761182906574793,0.2575271047973561
2018-09-01 23:00:00,1.0,0.08231026652438732,0.45283720600954347,0.08541488393552872,0.37117057211951443
2018-09-02 00:00:00,1.0,0.49897718994960544,0.16620694246300877,0.07464977809698989,0.11788020676759303
2018-09-02 01:00:00,1.0,0.3332628475792741,0.05031703194868813,0.33697948942064915,0.14238449797613317
2018-09-02 02:00:00,0.30058450963651207,0.16228387183823664,0.026535004727304114,0.14659747243090548,0.40776098285380447
2018-09-02 03:00:00,0.40807175387877076,0.2326584116501631,0.0,0.05074746833535149,0.12676278239317307
2018-09-02 04:00:00,0.249376175510567,0.8849595656041338,0.001971709044406869,0.19210448328427507,0.42615510268701806
2018-09-02 05:00:00,0.49654776133869594,0.36864565018831613,0.19307471427434886,0.3087720676918901,0.3268076114185505
2018-09-02 06:00:00,0.3917989192745549,0.3453652075491829,0.05719909557348156,1.0,0.730053685783867
2018-09-02 07:00:00,0.004911776845752759,0.19358965165386832,0.6738008934029179,1.0,0.1789231846784321
2018-09-02 08:00:00,0.0,0.20489544187596206,0.03245983660174232,1.0,0.0
2018-09-02 09:00:00,0.0,0.13167868961468754,0.0,0.724855257231904,0.0
2018-09-02 10:00:00,0.0,0.2873895545021331,0.0,0.4774968360409345,0.8319925634265658
2018-09-02 11:00:00,0.007309578689326562,0.08427532614974663,0.0,0.11283742894836746,0.3325559813544431
2018-09-02 12:00:00,0.0702150758076325,0.04842627688485516,0.05382082876131206,0.03517390080181275,0.2783488277117155
2018-09-02 13:00:00,0.08947464704665511,0.08692421867888439,0.08964481362677922,0.0,0.09691394607669675
2018-09-02 14:00:00,0.1071857708162942,0.1564345339996267,0.16484922337907862,0.0,0.1325369961564341
2018-09-02 15:00:00,0.14157179722206592,0.14489623763631979,0.17178290307144828,0.06983530927848115,0.13066912341034928
2018-09-02 16:00:00,0.17204836512046942,0.9047888173626707,0.05295104977266847,0.005396178130173136,0.11825005303284175
2018-09-02 17:00:00,0.15602412214272476,0.09362190878694931,0.09036996411322298,0.06638081577662584,0.02609361888425815
2018-09-02 18:00:00,0.13386303183048942,0.2669778236185677,0.5559042170251839,0.4383502458479012,0.0
2018-09-02 19:00:00,0.13592970319732664,0.0,0.7855786551373003,0.1940838937394513,0.11413888477783855
2018-09-02 20:00:00,0.17480554147366753,0.049820347365943915,0.4822728850485707,0.5118050778776851,1.0
2018-09-02 21:00:00,0.6791983931949778,0.0,0.2523743530461288,0.4352481387066459,0.03163622831385768
2018-09-02 22:00:00,0.5861985170220853,0.10551979627100139,0.11572857587634212,0.6939847591731441,1.0
2018-09-02 23:00:00,0.31173428792911045,0.3956068008703357,0.09605486845308901,0.8406164349691092,0.305964209252418
2018-09-03 00:00:00,0.0,0.21239476319661335,0.09380712058016456,0.7786826108171936,0.8855773342539663
2018-09-03 01:00:00,0.03707260662891381,0.0,0.07797019641351975,0.7493928296767042,0.0
2018-09-03 02:00:00,0.0,0.0,0.047313370832511456,1.0,0.0
2018-09-03 03:00:00,0.0782923547602145,0.0,0.0,0.8179481044659754,0.020064154871568443
2018-09-03 04:00:00,0.05643870435630341,0.05741728775661966,0.0,0.5266921104079411,0.05347965718568666
2018-09-03 05:00:00,0.25538213552370387,0.0,0.0,0.2959008042627858,0.0
2018-09-03 06:00:00,0.052864931892945985,0.020487948864493774,0.0,0.239544221285797,0.0
2018-09-03 07:00:00,0.0,0.03238817685039523,0.0,0.2790194948407887,0.0
2018-09-03 08:00:00,0.0,0.0,0.0,0.1616049770964659,0.0
2018-09-03 09:00:00,0.0,0.0,0.03883624227489971,0.22942627462395815,0.0
2018-09-03 10:00:00,0.0,0.04491143050817033,0.032098778006982416,0.2331706041983839,0.0403790388142646
2018-09-03 11:00:00,0.0,0.20223155167799875,0.09603472295845483,0.24538187028102781,0.0
2018-09-03 12:00:00,0.0,0.07147765885020169,0.12847126312156404,0.20673125342699003,0.0
2018-09-03 13:00:00,0.0,0.02412612741926851,0.19924172227939002,0.18292632576837384,0.0
2018-09-03 14:00:00,0.1649036359650807,0.04126679969610935,0.2672250096155132,0.2218959935703248,0.0
2018-09-03 15:00:00,0.1306995713882728,0.0,0.3759246614938753,0.185842780552863,0.0
2018-09-03 16:00:00,0.021300041596021137,0.0,0.8399535756480606,0.14216280360220815,0.0
2018-09-03 17:00:00,0.9634816967664688,0.05402188224099435,0.0,0.19037139646466403,0.0
2018-09-03 18:00:00,0.3757870057047188,0.13574766024750154,0.02279084148639356,0.14189725807312373,0.057644341360276866
2018-09-03 19:00:00,0.7075774710373671,0.0646640744744163,0.16825787168279893,0.26815159282529716,0.24889444929474894
2018-09-03 20:00:00,0.1085501557877003,0.5035795260764929,0.170055424507458,0.693435600832802,0.3428367271298083
2018-09-03 21:00:00,0.04090242226939142,0.34492295539993545,0.2076056352242888,0.9359826343431923,0.27222036945041117
2018-09-03 22:00:00,0.07056926375070194,0.11747913360825017,0.10669925153534356,0.9681903458710484,0.1270959384916288
2018-09-03 23:00:00,0.1751171433458537,0.19372107182734696,0.3106891611376442,0.5196607827344079,0.0
2018-09-04 00:00:00,0.027916685364790604,0.4248312730362227,0.2555543157232537,0.4271765213350465,0.05273495939107723
2018-09-04 01:00:00,0.37567082678276636,0.1715432026608574,0.19290973662525016,0.3784149302546004,0.0
2018-09-04 02:00:00,0.27424407830209796,0.0,0.15900364625928326,0.29098329695957664,0.04635573934727898
2018-09-04 03:00:00,0.2902520368040106,0.0,0.06212014293644893,0.032579936892061026,0.08287796227354495
2018-09-04 04:00:00,0.38317979268172303,0.0,0.03536579642900752,0.0,0.043492099973436796
2018-09-04 05:00:00,0.630110311036749,0.0,0.03306457233830895,0.0,0.0
2018-09-04 06:00:00,0.6585844632118312,0.0,0.02098699816015642,0.0,0.0
2018-09-04 07:00:00,0.1610766128046955,0.0,0.012264638627862041,0.7351976874322048,0.0
2018-09-04 08:00:00,0.07903316427644555,0.0,0.011895865386051923,0.5673671737539802,0.0
2018-09-04 09:00:00,0.029066133829095387,0.0,0.0,0.4635841223232222,0.0
2018-09-04 10:00:00,0.01147101397406603,0.0,0.0,0.23555337562718917,0.0
2018-09-04 11:00:00,0.00886603568325442,0.0,0.0,0.18945249470238415,0.0
2018-09-04 12:00:00,0.05750296199646391,0.0,0.030197669488994695,0.17621388219878,0.019530589275214234
2018-09-04 13:00:00,0.08669731594860002,0.0,0.02894111679694415,0.19991807706658513,0.0753372687959921
2018-09-04 14:00:00,0.10513984046211176,0.024251234556965075,0.1812038754440605,0.17514798279720936,0.13545353066021865
2018-09-04 15:00:00,0.1103175890010269,0.027330583325631,0.09618106710139038,0.21595117707906622,0.19320985614993613
2018-09-04 16:00:00,0.09075387263123331,0.418965810912297,1.0,0.23819927170819785,0.11369341735835185
2018-09-04 17:00:00,0.028761828557698037,0.019188704655988376,0.8235663231855139,0.22846103725085293,0.0870537657622839
2018-09-04 18:00:00,0.03850555306288993,0.08366951458962607,0.48940075881645617,0.43148795704035925,0.07959294232509334
2018-09-04 19:00:00,0.8027685700480812,0.3746955793047902,0.18214883386051603,0.5021574413639228,0.0
2018-09-04 20:00:00,0.7640750883598012,0.06971101418924108,0.7208745129295913,0.6504480319487991,0.0
2018-09-04 21:00:00,0.40858511807732034,0.8164965901442514,0.7913455425185963,1.0,0.0
2018-09-04 22:00:00,0.217135424128293,0.48917887332797333,0.7913941729314062,0.7405412008104844,0.14705226505643623
2018-09-04 23:00:00,0.0,0.25430022791700885,0.8394937361548269,0.8192149063905053,0.5822918521913479
2018-09-05 00:00:00,0.19545093933608876,0.08944009907386097,0.42408063724307127,0.5766605341665997,0.191677165923459
2018-09-05 01:00:00,0.0,0.1481479998878875,0.15524607203263538,0.10436046264233027,0.025545403372190568
2018-09-05 02:00:00,0.23491576096211125,0.12753689361905737,0.2236108015875791,0.06056148963745064,0.0
2018-09-05 03:00:00,0.031307549147747464,0.20781141792274374,0.2732243311096834,0.05240306663850136,0.0
2018-09-05 04:00:00,0.12768275666456308,0.1252508922076823,0.47713086527685483,0.049524511639039134,0.009252292779154611
2018-09-05 05:00:00,0.0,0.15407325732949972,0.12498182832175128,0.23196018817118755,0.0
2018-09-05 06:00:00,0.17139711933696328,0.03751914879298437,0.19949322686877585,0.1773328786846073,0.0
2018-09-05 07:00:00,0.13347007607567724,0.1956387899001536,0.1863894271462425,0.35092671371724177,0.08379049950825439
2018-09-05 08:00:00,0.14333194190712675,0.12782934801384271,0.17354343502840744,0.06719895001676214,0.0
2018-09-05 09:00:00,0.12296296928732454,0.11716378301615593,0.14920939149587525,0.02798097832326937,0.0
2018-09-05 10:00:00,0.31180271451394537,0.07302234369774184,0.14669422796995424,0.05961640639945025,0.0
2018-09-05 11:00:00,0.33857355839809905,0.031868432859928096,0.09183203419260307,0.04400102047306253,0.0
2018-09-05 12:00:00,0.17695690974644201,0.00420243565393802,0.04881694711894234,0.06772383426051942,0.2975016604790586
2018-09-05 13:00:00,0.11902897113141868,0.0,0.17834949500226277,0.08962458398117766,0.15216799384762636
2018-09-05 14:00:00,0.24987494881393255,0.0,0.25059786947369167,0.05345386904834595,0.045302449315424174
2018-09-05 15:00:00,0.2847986125529134,0.011787894114261841,0.2078056218410098,0.1103872608256103,0.1772706798634183
2018-09-05 16:00:00,0.2567142590822265,0.11113698754501737,0.18312928754892885,0.13912420669735343,0.46087307210886924
2018-09-05 17:00:00,0.35679662259795486,0.27827723052668063,0.18080620208475437,0.06973467152451572,0.8776031126991778
2018-09-05 18:00:00,0.7458998625944344,0.2933507533455868,0.08501332021636411,0.07430312931845863,0.46917360666732383
2018-09-05 19:00:00,0.3472497100180055,0.27380395866527824,0.15692458284487082,0.24232850261703182,0.020503544546440235
2018-09-05 20:00:00,0.16762841479307045,0.0510077181827595,0.23972169499769855,0.10364405247854472,0.0
2018-09-05 21:00:00,0.12233860639326387,0.0,0.11677435824032409,0.6930102740293911,0.0
2018-09-05 22:00:00,0.16109195422629083,0.009761593304088744,0.13128745269754138,0.3424939243196773,0.00814655743112587
2018-09-05 23:00:00,0.015391271548967552,0.0,0.06450148476607422,0.43877629381845995,0.0
2018-09-06 00:00:00,0.0,0.0,0.038137864472969435,0.6639471723794386,0.0
2018-09-06 01:00:00,0.0,0.0,0.0,0.9727146731307604,0.0
2018-09-06 02:00:00,0.0,0.0,0.049151438107887656,0.9978755538151582,0.0
2018-09-06 03:00:00,0.04204446982524329,0.0,0.0,0.9339276825232873,0.0
2018-09-06 04:00:00,0.043753924111236395,0.0,0.0,0.8318898000325322,0.0005508859496634007
2018-09-06 05:00:00,0.04760019625472093,0.0,0.02470834137093114,0.7774657243031837,0.0
2018-09-06 06:00:00,0.024011829023113402,0.0,0.07470741415049281,0.8475794474165259,0.0
2018-09-06 07:00:00,0.02725410188871062,0.0,0.09967114499582673,0.5350646410377689,0.0
2018-09-06 08:00:00,0.0,0.0,0.12332304260322742,0.2390951895661598,0.0
2018-09-06 09:00:00,0.0,0.0,0.16769427082858251,0.18698266780485165,0.0
2018-09-06 10:00:00,0.0,0.0,0.08406711649007662,0.15268859417529096,0.0
2018-09-06 11:00:00,0.034640200965719806,0.03248894717210408,0.10287019529741118,0.21253440429937306,0.0
2018-09-06 12:00:00,0.0,0.05550365886279364,0.053673815001073835,0.1947722365594328,0.0
2018-09-06 13:00:00,0.0,0.04952626970796204,0.04978424473995779,0.32462524427020056,0.0
2018-09-06 14:00:00,0.03205280709558862,0.3643930150816794,0.08559074798310747,0.4963947805947564,0.01888839513593977
2018-09-06 15:00:00,0.24990284051859424,0.6159266084651522,0.034062558589701,0.33832011603492174,0.059041591986018604
2018-09-06 16:00:00,0.11991474119001926,0.576726144102503,0.044172424244253855,0.24155407081430272,0.0
2018-09-06 17:00:00,0.034711861790678276,0.37915955114467276,0.05624048437440301,0.317707621552935,0.17045678025527558
2018-09-06 18:00:00,0.25247271842942187,0.6622095218704993,0.11894717250079831,0.6190819723083618,0.10954382620612213
2018-09-06 19:00:00,0.18670417856093308,0.3766709403800845,0.09170020757677741,0.3195045940956643,0.1431145447950142
2018-09-06 20:00:00,0.14540495258035344,0.1800747737049412,0.09440820197210663,0.5605992473367263,0.10334752801273153
2018-09-06 21:00:00,0.08733306421240214,0.3639173916464548,0.0325937798059345,0.587493301057289,0.004427823250212479
2018-09-06 22:00:00,0.010702409329278793,0.15367056690664951,0.0,0.8097570438487552,0.0
2018-09-06 23:00:00,0.0,0.24574050827805605,0.0,0.7237197649556516,0.0
2018-09-07 00:00:00,0.0,0.3164916546200284,0.0,0.5155364192710515,0.0
2018-09-07 01:00:00,0.0,0.029125081178385567,0.0,0.2214746128214572,0.03130502047353991
2018-09-07 02:00:00,0.0,0.046502772597446056,0.0,0.24373543731607925,0.021563463210442137
2018-09-07 03:00:00,0.0,0.03534410141697028,0.0,0.11187391789330278,0.0
2018-09-07 04:00:00,0.0,0.0,0.0,0.03061027332864116,0.0
2018-09-07 05:00:00,0.0,0.0,0.0,0.051124989020666776,0.0
2018-09-07 06:00:00,0.0,0.03133479357882224,0.0,0.06500061895853321,0.0
2018-09-07 07:00:00,0.0,0.0,0.0,0.05314667098905189,0.0
2018-09-07 08:00:00,0.0,0.0,0.0,0.0,0.005664058592201703
2018-09-07 09:00:00,0.012635657262106633,0.0,0.0,0.0,0.0
2018-09-07 10:00:00,0.016810811011929255,0.0,0.0,0.0,0.0
2018-09-07 11:00:00,0.03107287656266688,0.0,0.0,0.0,0.0
2018-09-07 12:00:00,0.05418212367594636,0.0,0.0,0.04901146209793247,0.11346820404757538
2018-09-07 13:00:00,0.09807078257122351,0.0,0.0,0.04972694648235889,0.2159399800848599
2018-09-07 14:00:00,0.1312245527736124,0.0,0.0,0.08142343964547229,0.35130462455087613
2018-09-07 15:00:00,0.10540273813190197,0.20086376997905495,0.13433003201194468,0.05167368187489569,0.17469579713836855
2018-09-07 16:00:00,0.1727719862512526,0.0708993452537928,0.3682456152366767,0.0723140628529906,0.18917917169072493
2018-09-07 17:00:00,0.08383024539737638,0.07411045734348791,0.20867401329014396,0.12995175608275417,0.2395661008389969
2018-09-07 18:00:00,0.11315779023604758,0.03405121712893748,0.12785722199108962,0.21040510393250542,0.2622921043293198
2018-09-07 19:00:00,0.0,0.06734419335349272,0.34647257815719756,0.6400847186997705,0.47178491715168697
2018-09-07 20:00:00,0.024323531537372486,0.10153833976897363,0.3174601209686181,1.0,0.41455929060981117
2018-09-07 21:00:00,0.0842808239792732,0.14124556671218405,0.12123879403334414,1.0,0.33750435776963317
2018-09-07 22:00:00,0.31183401598148247,0.18913367285412716,0.11569662900227816,1.0,0.0
2018-09-07 23:00:00,0.2213136287453455,0.18486759360469243,0.09885587539213705,1.0,0.2312365122719316
2018-09-08 00:00:00,0.04213649714619521,0.0,0.06872012273582008,0.5139693047432632,0.0
2018-09-08 01:00:00,0.0,0.0,0.0029294423068007137,0.46176293658942175,0.0
2018-09-08 02:00:00,0.0,0.0271575268333108,0.0,0.6819151082778353,0.0
2018-09-08 03:00:00,0.0,0.026564513476017966,0.0,0.4900780311264649,0.0
2018-09-08 04:00:00,0.0,0.03492473173427946,0.0,0.42293897131537417,0.0
2018-09-08 05:00:00,0.0,0.023736475378445903,0.04596197382078111,0.16228908385595636,0.0
2018-09-08 06:00:00,0.0,0.03420537796308914,0.07754558235250875,0.17506624417485697,0.0
2018-09-08 07:00:00,0.0,0.0,0.056389031130131266,0.16827582117139991,0.0
2018-09-08 08:00:00,0.013351350320909054,0.0,0.04627183519441021,0.22575909440716094,0.0
2018-09-08 09:00:00,0.0,0.04293534658447982,0.016917667747032017,0.19123068990091488,0.0
2018-09-08 10:00:00,0.010683625088789919,0.0528204393975102,0.0,0.26644828612687527,0.03841131562626007
2018-09-08 11:00:00,0.0,0.03505532607419021,0.017592263194078517,0.23345638038244124,0.05741590403496976
2018-09-08 12:00:00,0.0,0.11392135269583666,0.07404440691965321,0.20174870047858479,0.040632691067342935
2018-09-08 13:00:00,0.028374998382550264,0.192823128877029,0.245530437406298,0.13848826140212736,0.05116126793331356
2018-09-08 14:00:00,0.04597783928608387,0.09992771258009134,0.36823537600324413,0.24509601954157992,0.12578313661416132
2018-09-08 15:00:00,0.04194068099562842,0.15154585237355128,0.432531709392817,0.36973456856244274,0.11548783359781403
2018-09-08 16:00:00,0.0,0.40069228643130084,0.6441049528663716,0.31268282336179876,0.2333763782107047
2018-09-08 17:00:00,0.11369735714108659,0.45222315053813084,0.7070754228606214,0.2670653407494768,0.17020603767438236
2018-09-08 18:00:00,0.3217134963340054,0.3448756971830203,1.0,0.08307199078959752,0.5863150856093875
2018-09-08 19:00:00,0.6101556160381189,0.5252579889921902,1.0,0.6971001600103048,0.48986652733660657
2018-09-08 20:00:00,0.5575150009356297,0.7385788137993289,1.0,0.6500744449907145,0.5268612464651148
2018-09-08 21:00:00,0.5948886701592433,0.5866380080365621,0.8670491599783533,0.5670527383938261,0.5423915368590445
2018-09-08 22:00:00,0.5872305712982568,0.33462283857082636,0.4032755433996285,0.8003643315722966,0.5107362780659744
2018-09-08 23:00:00,0.5914497135093523,0.26592114940656286,0.17500097293814157,0.8903138608161671,0.15841097599288856
2018-09-09 00:00:00,0.49777695656792365,0.16324512963755236,0.5479868982072069,0.4854593729702495,0.0
2018-09-09 01:00:00,0.43489975235297984,0.027778384584866048,1.0,0.1360481736295817,0.045961597557065165
2018-09-09 02:00:00,0.6023821642202108,0.12633827695501348,1.0,0.10319409435899456,0.010396142884902777
2018-09-09 03:00:00,0.3783654228258585,0.11969667985010786,0.7213108879951187,0.213233878748667,0.0
2018-09-09 04:00:00,0.31230246275130896,0.11822076938235106,0.7180499650573183,0.23610763235264132,0.0
2018-09-09 05:00:00,0.5178392013878995,0.03511301659149998,0.33952028462816164,0.2256716644519676,0.0
2018-09-09 06:00:00,0.44375758200162513,0.02705724288461071,0.27286221772048885,0.3484900768861033,0.0
2018-09-09 07:00:00,0.7021985713293519,0.01669538375751146,0.41751540767513823,0.40153713421887427,0.0
2018-09-09 08:00:00,0.8550109019847141,0.0,0.22947911298517693,0.18518453628760478,0.0
2018-09-09 09:00:00,0.5440526215057592,0.0,0.14415778309864247,0.04620929220483184,0.0
2018-09-09 10:00:00,0.2374450592123147,0.0,0.17695043262208043,0.0,0.0
2018-09-09 11:00:00,0.18892117262122407,0.0,0.0913568990479024,0.0,0.0
2018-09-09 12:00:00,0.2020993530257183,0.024576273850957987,0.15857994936502587,0.0,0.0
2018-09-09 13:00:00,0.2755962744310614,0.07494744424780693,0.26498458501461103,0.0,0.09913198194352416
2018-09-09 14:00:00,0.3471265396425538,0.0,0.566174163528768,0.06296599545398503,0.06975405294570199
2018-09-09 15:00:00,0.3777359873815346,0.19323739733362602,0.9939572135694339,0.45053637945547326,0.0
2018-09-09 16:00:00,0.4910097255583623,0.1794745039550735,1.0,0.0,0.03702777596999114
2018-09-09 17:00:00,0.37474288359016206,0.17728582813775787,0.9343983059646382,1.0,0.49611839824890164
2018-09-09 18:00:00,0.2259285205396195,0.9094377526229395,0.8050716410621226,0.11549701457167491,0.07100525826959059
2018-09-09 19:00:00,0.4650666080258616,0.47044280205801137,0.654591510638028,0.0,0.0
2018-09-09 20:00:00,0.6588277729976013,0.2071610553818579,0.6042902559451191,0.004074243143110077,0.05723716209444191
2018-09-09 21:00:00,0.6736035526413394,0.5095455288300561,0.7519365420324257,0.0,0.15080723300571322
2018-09-09 22:00:00,0.6264260691106233,0.43949747336484596,1.0,0.0,0.26528772302272774
2018-09-09 23:00:00,0.7182137666499466,0.24846000513743774,0.4016345221765872,0.0,0.14150232990274073
2018-09-10 00:00:00,0.4486095266623746,0.09808610279301903,0.3825542808949455,0.0,0.1471708222461932
2018-09-10 01:00:00,0.20369751760247048,0.0,0.36401649535444436,0.03436875671722339,0.1691734947787645
2018-09-10 02:00:00,0.17535681500599093,0.0,0.2716816085542265,0.14331057828471172,0.2029979733416482
2018-09-10 03:00:00,0.20249567609485264,0.1069403375418423,0.25132719725663477,0.9117084103213052,0.17244453906726312
2018-09-10 04:00:00,0.19489047057249748,0.044694910786262254,0.12400680135715167,1.0,0.1282913666209973
2018-09-10 05:00:00,0.11412874432772863,0.002378649180124133,0.24919394101832995,1.0,0.1640935533907187
2018-09-10 06:00:00,0.04732760731949853,0.0,0.1578626484860713,1.0,0.10761377379140936
2018-09-10 07:00:00,0.0006749105293342079,0.0,0.04585476501963359,0.9864996927797751,0.03596116741448791
2018-09-10 08:00:00,0.0,0.0,0.0004753511692582985,0.16920202513179408,0.0
2018-09-10 09:00:00,0.028047821278388882,0.0,0.0,0.03668791691716761,0.0
2018-09-10 10:00:00,0.07235261461216325,0.030092147261896837,0.0,0.0,0.0
2018-09-10 11:00:00,0.20165716051428065,0.06771512724509701,0.0,0.0,0.0
2018-09-10 12:00:00,0.37628737944503926,0.16832425072393684,0.0,0.0,0.029012343524097883
2018-09-10 13:00:00,0.4988659523793634,0.19812455734947132,0.07620948091149993,0.04979657587349641,0.04384380977477554
2018-09-10 14:00:00,0.5285417617028352,0.3989404275509801,0.38528172498288055,0.08816183846038682,0.0
2018-09-10 15:00:00,0.5089897437368,0.3568560709135756,0.8838903653068352,0.05790625552420651,0.09926727713833444
2018-09-10 16:00:00,0.6205526917139667,0.14505624827108476,1.0,0.0,0.29030433738730227
2018-09-10 17:00:00,0.6393912698585952,0.47658478161106904,1.0,0.14441194031153987,0.3698259523291328
2018-09-10 18:00:00,0.7690863507929602,0.26532508347527906,0.9961023514648112,0.5815534685576303,0.3021663207098054
2018-09-10 19:00:00,1.0,1.0,0.7838185912148061,0.886260607199258,1.0
2018-09-10 20:00:00,1.0,1.0,1.0,0.6711498974316904,1.0
2018-09-10 21:00:00,1.0,1.0,1.0,0.35737711052000504,1.0
2018-09-10 22:00:00,1.0,1.0,1.0,0.5698343335412149,0.18347372642227736
2018-09-10 23:00:00,1.0,1.0,1.0,1.0,0.034785946139523426
2018-09-11 00:00:00,1.0,0.5767057718341336,1.0,1.0,0.4250164510327345
2018-09-11 01:00:00,1.0,0.16031372829871218,1.0,1.0,0.4190477436900945
2018-09-11 02:00:00,1.0,0.05337515930362641,1.0,0.5623828251906073,0.38339747415138375
2018-09-11 03:00:00,1.0,0.029243529075138972,1.0,0.34382769481179926,0.08669214925941306
2018-09-11 04:00:00,1.0,0.0,1.0,0.31784358353898323,0.05644563982020558
2018-09-11 05:00:00,1.0,0.05830280682074598,1.0,0.3685226698563959,0.0514366347791652
2018-09-11 06:00:00,1.0,0.0032672615624624846,1.0,0.18170090813879036,0.3108475266394533
2018-09-11 07:00:00,1.0,0.0,1.0,0.3035062293872813,0.22944707315085422
2018-09-11 08:00:00,0.6000499522054208,0.04385412755418836,0.9199746603959047,0.2902717842847954,0.04535580861513951
2018-09-11 09:00:00,0.5735494857308989,0.0485951634317175,1.0,0.22739355973675143,0.0
2018-09-11 10:00:00,0.5957160220940855,0.1531095232873108,1.0,0.09973699504675794,0.0
2018-09-11 11:00:00,0.8233851170427731,0.19940382308646265,1.0,0.07259382442318395,0.0
2018-09-11 12:00:00,0.9951849675258089,0.2318313535955458,1.0,0.11673573464928708,0.0
2018-09-11 13:00:00,1.0,0.25913886117093304,1.0,0.15822069268779335,0.0
2018-09-11 14:00:00,1.0,0.2918807509180395,1.0,0.03328142217833675,0.29654837894233743
2018-09-11 15:00:00,1.0,0.10612667427533252,1.0,0.08690171813256996,1.0
2018-09-11 16:00:00,1.0,0.14097666623296687,1.0,1.0,0.3148059807208964
2018-09-11 17:00:00,1.0,0.614625410637773,1.0,0.0,0.14678187203494084
2018-09-11 18:00:00,1.0,0.0,1.0,0.41447512819266846,0.1083296007001273
2018-09-11 19:00:00,1.0,0.7553281366675001,1.0,0.2444835695942091,0.7912803755962474
2018-09-11 20:00:00,1.0,0.47606787195739675,1.0,0.20934331502327336,0.0
2018-09-11 21:00:00,1.0,0.5366223757067988,1.0,0.5054882600823721,0.0
2018-09-11 22:00:00,1.0,0.5391415187546891,1.0,0.7688944031333752,0.0
2018-09-11 23:00:00,1.0,0.25073390923079736,0.7769246999858684,1.0,0.06755164813575391
2018-09-12 00:00:00,1.0,0.062483858486514006,0.3857452060500938,1.0,0.06517364144455026
2018-09-12 01:00:00,1.0,0.0,0.4372728303957198,1.0,0.04087941773527863
2018-09-12 02:00:00,1.0,1.4701694202737296e-05,0.49583846830499717,0.6508206441107146,0.07677725453007384
2018-09-12 03:00:00,1.0,0.0,0.34884120820628794,0.19204425209820275,0.1508153885497934
2018-09-12 04:00:00,1.0,0.0,0.24697141026654132,0.07148873447191902,0.056590899860639636
2018-09-12 05:00:00,0.9749020928123772,0.0,0.2666781480252116,0.0,0.5165178733750032
2018-09-12 06:00:00,1.0,0.0,0.18042161106953647,0.3226210808692914,0.8081269732344851
2018-09-12 07:00:00,0.8112729488265173,0.0,0.09317134265159564,0.02736099641782596,0.9006036933884173
2018-09-12 08:00:00,0.5218162781900301,0.0,0.038880625731072295,0.2892512079356402,0.25495426719524267
2018-09-12 09:00:00,0.2576598003115126,0.0,0.0759098022506707,0.037696093734835755,0.9702672774451374
2018-09-12 10:00:00,0.14822356243013118,0.021484813390999665,0.1835270002874635,0.031007404623801166,0.6799929534467917
2018-09-12 11:00:00,0.18968691635132434,0.04353150138381212,0.31569206357866675,0.02758116454498031,0.6794136770589396
2018-09-12 12:00:00,0.3461412865969031,0.06449308996205025,0.46941531654055535,0.1058880835349133,0.4409934967151166
2018-09-12 13:00:00,0.40164000126395133,0.09210864023921472,0.49294695294187296,0.08920442924048874,0.4655456621334521
2018-09-12 14:00:00,1.0,0.13971729047426173,0.6560452930328347,0.18840668853875847,0.31149747472508976
2018-09-12 15:00:00,1.0,0.7143751397535092,1.0,0.37236809666123855,0.0
2018-09-12 16:00:00,1.0,0.3416926119501383,1.0,0.10365489919242267,0.08914292155271744
2018-09-12 17:00:00,1.0,0.44990626359855407,1.0,0.2309692517285827,0.0
2018-09-12 18:00:00,1.0,0.563370099682782,1.0,0.3026262959307295,0.7977661350289346
2018-09-12 19:00:00,1.0,0.08280619327961505,1.0,0.22509247576645414,0.158256461217104
2018-09-12 20:00:00,1.0,1.0,1.0,0.6683716951040233,0.14875141018810942
2018-09-12 21:00:00,1.0,0.021655020707994122,1.0,0.9276895285099702,0.020485790147956776
2018-09-12 22:00:00,1.0,0.026977715548086374,1.0,0.0,0.0
2018-09-12 23:00:00,1.0,0.0,0.8818186720803769,0.3779801365871338,0.16763877100665764
2018-09-13 00:00:00,1.0,0.21497574526897945,0.917301321012203,0.0,1.0
2018-09-13 01:00:00,1.0,0.8697137182350737,0.727337647114396,0.2958444976896109,1.0
2018-09-13 02:00:00,1.0,0.9459100191958272,0.6069903519499504,0.8121846973647094,1.0
2018-09-13 03:00:00,1.0,0.3534334966113902,0.38423763924799276,0.2404806199631424,1.0
2018-09-13 04:00:00,1.0,0.02179265922232857,0.35158247983206503,0.622716990751172,0.6977124691009758
2018-09-13 05:00:00,1.0,0.0,0.3501450797803721,0.3845580636888271,0.34335441808448924
2018-09-13 06:00:00,1.0,0.006485840176436795,0.5301646733838522,0.3704871799699049,0.5940498177913297
2018-09-13 07:00:00,1.0,0.0,0.39960223629915115,0.13045424454526816,0.128162648943336
2018-09-13 08:00:00,0.7178088191708706,0.0,0.12243523808795574,0.13125737328513493,0.24033441118548035
2018-09-13 09:00:00,0.09611577460767985,0.0,0.024009719457106657,0.0,0.14755586811403995
2018-09-13 10:00:00,0.06530534037934949,0.0,0.041599198400481444,0.0,0.022611202144188384
2018-09-13 11:00:00,0.0458364509864104,0.1777448391116259,0.01635104975643795,0.0,0.0
2018-09-13 12:00:00,0.07006431605463323,0.183770133791718,0.0567355579995168,0.0,0.0
2018-09-13 13:00:00,0.35763822672232,0.17956355221010623,0.08518801999244298,0.08432673994864402,0.0
2018-09-13 14:00:00,0.5233491727161614,0.20861940704415793,0.1844716218438795,0.20494367483884382,0.003241920742512358
2018-09-13 15:00:00,1.0,0.16417568218454268,0.38984354517633285,0.17694161880334583,0.16590684464902422
2018-09-13 16:00:00,1.0,0.4095770175356085,0.47085158969577334,0.09896488717686963,0.12115405785545985
2018-09-13 17:00:00,1.0,0.22010011790695125,0.409510267983156,0.3085501690653455,0.20201044599054802
2018-09-13 18:00:00,0.9936969340511677,0.34256345467583366,0.5782666444476535,0.5971790602234892,0.39530341798953533
2018-09-13 19:00:00,1.0,0.7067932045739515,0.898820097832433,0.9572662339719329,0.9970980579719906
2018-09-13 20:00:00,1.0,0.40810186526907516,0.6721487738750175,1.0,1.0
2018-09-13 21:00:00,1.0,0.4920875099190704,0.8144771692963926,0.791367482009519,0.02915235126995905
2018-09-13 22:00:00,1.0,0.0972868680688354,0.9931206453933678,0.5488042990702203,0.40848120242360375
2018-09-13 23:00:00,1.0,0.0610145430724023,0.9998720288879751,0.33312016524657506,0.16271424916594296
2018-09-14 00:00:00,1.0,0.0,1.0,0.07264624989172337,0.23149047061893316
2018-09-14 01:00:00,1.0,0.3560237954865638,0.9232686395180915,0.19460429181654884,0.19110841683973537
2018-09-14 02:00:00,1.0,0.4633894263450623,0.6145429174236038,1.0,0.931863274140171
2018-09-14 03:00:00,1.0,1.0,0.413067934882892,1.0,0.1779319842223731
2018-09-14 04:00:00,1.0,1.0,0.24537060404232838,1.0,0.35687876276024855
2018-09-14 05:00:00,1.0,1.0,0.1754183151235399,1.0,0.35020817329704973
2018-09-14 06:00:00,1.0,1.0,0.0423766453268048,1.0,0.21797532405678877
2018-09-14 07:00:00,0.5108076839399558,1.0,0.2212985519982213,1.0,0.317261181638783
2018-09-14 08:00:00,0.10056425304673762,0.978536139924023,0.06646051286205223,0.9164368715108512,0.036496389196349927
2018-09-14 09:00:00,0.07826534326463369,0.896115395147435,0.018078690509520736,0.6753878471074929,0.023819626455422224
2018-09-14 10:00:00,0.04144409752732821,0.654727663720545,0.0,0.18834822540341042,0.0
2018-09-14 11:00:00,0.08099691311122456,0.4465937230481025,0.04969217419119074,0.13061966092922117,0.0
2018-09-14 12:00:00,0.13813992503143732,0.17020326825042284,0.10198049091853503,0.1333816357968156,0.03732653252562525
2018-09-14 13:00:00,0.3940512314673253,0.059266124738027656,0.09398026643269668,0.11661034941820117,0.07796546531667609
2018-09-14 14:00:00,0.5915634466727944,0.0,0.11717069315046653,0.08578429304318687,0.013188834855750278
2018-09-14 15:00:00,0.949327770381228,0.0,0.06916938404291606,0.30000637412141334,0.0
2018-09-14 16:00:00,0.9914126915036449,0.0,0.060962210124108615,0.31596382878866974,0.03814067386455256
2018-09-14 17:00:00,1.0,0.08053245779927863,0.11152885017382505,0.7769212043862214,0.18766912868307759
2018-09-14 18:00:00,1.0,0.07722090540387516,0.05662899144196516,0.8248780870675494,0.37095612047340304
2018-09-14 19:00:00,1.0,0.18469066309909393,0.13468880423178053,0.8258799353107922,0.40726625197946914
2018-09-14 20:00:00,1.0,0.20725087999197905,0.7374586633662793,1.0,0.23457161838350188
2018-09-14 21:00:00,1.0,0.2750211280381266,1.0,0.9846173914918913,0.5818770908219464
2018-09-14 22:00:00,1.0,0.4730488665130118,1.0,0.9765144842092982,0.050877235159894174
2018-09-14 23:00:00,1.0,0.6602405401172727,1.0,0.8340502262628421,0.0
2018-09-15 00:00:00,1.0,0.18405289665597996,1.0,0.8715446623116571,0.0
2018-09-15 01:00:00,1.0,0.16508575763908243,1.0,0.74984492236532,0.0
2018-09-15 02:00:00,1.0,0.1439654532581714,1.0,0.48575130906470987,0.130767450809704
2018-09-15 03:00:00,1.0,0.18330843154838605,0.9780009687880125,0.30561943086975196,0.056499388991326595
2018-09-15 04:00:00,1.0,0.08645186447292667,0.6915607485339527,0.17130220093993004,0.030371819111804862
2018-09-15 05:00:00,1.0,0.0160727074987952,0.8608467583269621,0.021719550971873634,0.0
2018-09-15 06:00:00,0.829454516172085,0.0,0.709324441603032,0.0,0.0
2018-09-15 07:00:00,0.7481449423648758,0.0,0.48315105466880504,0.0,0.0
2018-09-15 08:00:00,0.7442917500186771,0.020919932354486397,0.24414078657665217,0.0,0.021993530702910106
2018-09-15 09:00:00,0.7557433582749172,0.11015009917863774,0.20179091070959498,0.034902566829820104,0.0
2018-09-15 10:00:00,0.78984487577392,0.40239352536762757,0.5924033960746169,0.052974697539448244,0.0
2018-09-15 11:00:00,1.0,0.7953856952212539,1.0,0.42793463247127206,0.0
2018-09-15 12:00:00,1.0,0.7988969480265083,1.0,0.7751937494547859,0.020132744930537814
2018-09-15 13:00:00,1.0,0.7540384926027264,1.0,0.6794007253870213,0.09815473161789502
2018-09-15 14:00:00,1.0,0.3131453354196165,1.0,0.5314024408652204,0.09951530845582336
2018-09-15 15:00:00,1.0,1.0,1.0,0.933691161340142,0.032414039944638
2018-09-15 16:00:00,0.977059533555795,1.0,1.0,0.6901423557998057,0.035213743447632645
2018-09-15 17:00:00,1.0,1.0,1.0,0.6814844772625165,0.04157811308727946
2018-09-15 18:00:00,1.0,1.0,1.0,0.9997530255563538,0.0673069920660409
2018-09-15 19:00:00,1.0,1.0,1.0,1.0,0.1967140065874155
2018-09-15 20:00:00,1.0,1.0,1.0,1.0,0.330000873827223
2018-09-15 21:00:00,1.0,1.0,1.0,1.0,0.6205637428319816
2018-09-15 22:00:00,1.0,1.0,1.0,1.0,0.9952768728969063
2018-09-15 23:00:00,1.0,0.8705473343998713,1.0,1.0,0.3647949927250105
2018-09-16 00:00:00,1.0,0.6994783195407736,1.0,0.7812537271409941,0.0
2018-09-16 01:00:00,1.0,0.46342165986409234,1.0,0.49436436066808254,0.2289648184160222
2018-09-16 02:00:00,1.0,0.2523617983147662,1.0,0.42082090868989236,0.2395167219493581
2018-09-16 03:00:00,1.0,0.1173931318269944,0.9862103128683225,0.3935509636733476,0.3919760419902224
2018-09-16 04:00:00,1.0,0.02162769703093147,0.6644347580849413,0.23288703294216778,0.22633374400884365
2018-09-16 05:00:00,1.0,0.0,0.3998275904057773,0.07867219065902377,0.056835439006619824
2018-09-16 06:00:00,1.0,0.0,0.37646871186708875,0.06605149273573639,0.0
2018-09-16 07:00:00,1.0,0.0,0.1964692321147767,0.13405571505698838,0.0
2018-09-16 08:00:00,1.0,0.0,0.14206164531677754,0.48179627331133995,0.0
2018-09-16 09:00:00,1.0,0.0,0.18438982341541826,0.23647604663657845,0.020773361254426127
2018-09-16 10:00:00,1.0,0.0,0.12297844603134832,0.10084488230368568,0.00042513960774707965
2018-09-16 11:00:00,0.9217531130205322,0.0,0.10129601565376656,0.0,0.052257645529661015
2018-09-16 12:00:00,0.7101823082674882,0.0,0.10661187819725683,0.0,0.0
2018-09-16 13:00:00,0.5689352476675519,0.045323811306111184,0.12492238890059677,0.0,0.08594836475387498
2018-09-16 14:00:00,0.545969958827528,0.16850905895011253,0.1712306892225531,0.09554677684342464,0.11904344344422703
2018-09-16 15:00:00,0.5655036984926316,0.21852161289442323,0.19121642440254685,0.02035810816200681,0.2116049145802546
2018-09-16 16:00:00,0.6182252626581247,0.32257176456476466,0.554972197127273,0.0,0.05695765922376298
2018-09-16 17:00:00,0.5843560708486184,0.2137973878108907,0.33007417208665113,0.3017992393348301,0.6159977419321141
2018-09-16 18:00:00,0.6604496947976777,0.5920039430154346,0.33724564306176247,0.3076336979947969,0.4995354415622933
2018-09-16 19:00:00,0.8074284504927695,0.8956515950001533,0.9280869825048563,0.09153213307888351,0.6131647554799724
2018-09-16 20:00:00,1.0,0.8689222144222379,1.0,0.09173262574434261,0.5016796908904483
2018-09-16 21:00:00,1.0,1.0,1.0,0.21405290073354058,0.21871781059959433
2018-09-16 22:00:00,1.0,0.8013103518087622,1.0,1.0,0.05146136839581739
2018-09-16 23:00:00,1.0,0.43602748257430446,0.9948774973434666,0.8769066523560708,0.0
2018-09-17 00:00:00,1.0,0.2524378986957305,0.8153907911257735,0.861995314909479,0.0
2018-09-17 01:00:00,0.9959350614282241,0.0,0.5764473219586386,0.49511361731786807,0.2070315771398682
2018-09-17 02:00:00,0.7939585775168395,0.0,0.4694491496576223,0.6488794032823628,0.34668433683540617
2018-09-17 03:00:00,0.5629606168233574,0.0,0.3615512769487676,0.106838094614411,0.593370109795247
2018-09-17 04:00:00,0.4833144643313981,0.0,0.20861917404226551,0.44434184919102854,0.19249651202124338
2018-09-17 05:00:00,0.4546815126875323,0.07778221755575457,0.0,1.0,0.154146376715397
2018-09-17 06:00:00,0.37438283725207216,0.8096423241244186,0.0,0.8904615760550983,0.17385951753828074
2018-09-17 07:00:00,0.05192848986616142,1.0,0.0,0.4577885158057149,0.24264916821447058
2018-09-17 08:00:00,0.0,0.8076118576795719,0.0,0.19709937591731447,0.18481186669820862
2018-09-17 09:00:00,0.0,0.3922385517938592,0.0,0.11420321872506012,0.10018098036705317
2018-09-17 10:00:00,0.0,0.2629039546648669,0.027225567552835343,0.0,0.023887748377227448
2018-09-17 11:00:00,0.03057510941720621,0.2140580961726752,0.07189997239489802,0.0,0.0
2018-09-17 12:00:00,0.05380168046607362,0.08838838771993059,0.05449874231029874,0.021249227611806663,0.03455252450493214
2018-09-17 13:00:00,0.10035683537354677,0.04446903616273217,0.060717332638513234,0.0,0.007241803540022526
2018-09-17 14:00:00,0.23061874177593503,0.04304384455147154,0.061386421833631855,0.0,0.0
2018-09-17 15:00:00,0.2261015994062897,0.0,0.08716883758133402,0.0,0.02425657505500544
2018-09-17 16:00:00,0.36345272174119464,0.12466624851755827,0.21603761685808087,0.14189171718604643,0.06011683939095314
2018-09-17 17:00:00,0.38226430803814887,0.0724433077189899,0.3392221666254927,0.0,0.2415298934013017
2018-09-17 18:00:00,0.6517923018525732,0.22775630164861044,0.5752426826431044,0.0,0.029735907798362347
2018-09-17 19:00:00,0.9345855257662494,0.47859386751111044,0.4864590544267142,0.05302467556542698,0.3210911185996506
2018-09-17 20:00:00,1.0,0.1812651423694866,0.9926977145454016,0.28454887751647917,0.8243584558766313
2018-09-17 21:00:00,1.0,0.2633931068045725,0.7340045367538156,0.4213880020590327,0.8956127483085738
2018-09-17 22:00:00,1.0,0.04513554283590391,0.5645023643111339,0.16265488281071158,0.0
2018-09-17 23:00:00,1.0,0.0,0.270302646696166,0.2229675444506688,0.0249317739932582
2018-09-18 00:00:00,1.0,0.052651791727306656,0.34014148674683353,0.07388093149963401,0.10111504319370226
2018-09-18 01:00:00,1.0,0.0,0.33935661742823714,0.2182622463314113,0.15146141261906473
2018-09-18 02:00:00,0.9934071061706101,0.06113837592931039,0.23193480419183532,0.11530201994898683,0.10220424101011777
2018-09-18 03:00:00,0.7648566838165725,0.0,0.3337718966716969,0.0591899035069797,0.07793297065599143
2018-09-18 04:00:00,0.5049182149042047,0.2966924905123501,0.19875301913021076,0.1859602595359598,0.6378589032056605
2018-09-18 05:00:00,0.9199912298686174,0.09232376646620116,0.21698863567281182,0.33673756284468787,0.14513277262292232
2018-09-18 06:00:00,0.9831984451260373,0.35145732848447536,0.0,0.2019604399588553,0.10217271916234426
2018-09-18 07:00:00,0.591364388582587,1.0,0.0,0.05562836731948581,0.04285222513728532
2018-09-18 08:00:00,0.17594088345491044,1.0,0.0,0.0,0.04647014631317283
2018-09-18 09:00:00,0.06857495700556941,0.5124447024559134,0.14331576288199668,0.0,0.0
2018-09-18 10:00:00,0.08257093282041926,0.3869393595875516,0.1931354223509013,0.03729670075809209,0.05429022021326777
2018-09-18 11:00:00,0.20815928158951047,0.2135215966722087,0.3042887218006657,0.10055417316497677,0.0
2018-09-18 12:00:00,0.32905535173206696,0.10994290866533439,0.27609411376645526,0.11603195986434267,0.04931909813188111
2018-09-18 13:00:00,0.3258430420252057,0.14050932124447324,0.23392007861294375,0.20106786300339285,0.0
2018-09-18 14:00:00,0.2669064142183632,0.08275411160067563,0.11472779476029965,0.24574373085050563,0.0
2018-09-18 15:00:00,0.21327973224399338,0.1852227952699049,0.06032731348385183,0.7064856028722604,0.0
2018-09-18 16:00:00,0.3597931079384683,0.41130811346951485,0.032554532239764136,0.701898407550388,0.38020927223379825
2018-09-18 17:00:00,0.7311339703907285,0.3900352851165594,0.2943227181391785,1.0,0.41188225965065567
2018-09-18 18:00:00,0.7949024653508907,0.2401064405022327,0.9818612979988931,1.0,0.5511695040577882
2018-09-18 19:00:00,0.959261043915822,0.35729193507922535,1.0,1.0,0.6306102482783449
2018-09-18 20:00:00,1.0,1.0,1.0,1.0,1.0
2018-09-18 21:00:00,1.0,1.0,0.830803744965064,1.0,0.31189914926890255
2018-09-18 22:00:00,1.0,1.0,0.5618441260013524,0.9696021630543793,0.9640289088331548
2018-09-18 23:00:00,1.0,1.0,0.541742211413232,0.5107890279265339,0.09990713681531925
2018-09-19 00:00:00,0.9210065913358015,1.0,0.9444153358866897,0.3450335083822371,0.135074865659523
2018-09-19 01:00:00,0.7531751117115986,1.0,1.0,0.2709332184309822,0.09676738325555369
2018-09-19 02:00:00,0.8185827486088922,0.2933950220635076,0.994751996845812,0.0,0.18887939680460872
2018-09-19 03:00:00,0.8675287083111043,0.01699800573958741,0.28829439433885196,0.0,0.06560670545250082
2018-09-19 04:00:00,0.9921712996385357,0.06736980874565017,0.028890236917550643,0.046645501134805555,0.0
2018-09-19 05:00:00,1.0,0.0,0.5656521351904081,0.8488361319365325,0.0
2018-09-19 06:00:00,1.0,0.0,0.8054627040456638,1.0,0.0
2018-09-19 07:00:00,1.0,0.22690757782849294,0.2523929780007429,0.9282650776865794,0.0
2018-09-19 08:00:00,1.0,0.25144040033719345,0.050000995522916585,0.9474086580809823,0.0
2018-09-19 09:00:00,1.0,0.20299433419515944,0.08870169170298868,1.0,0.0
2018-09-19 10:00:00,1.0,0.5979647852100893,0.1494193792643207,0.6843474155938205,0.0
2018-09-19 11:00:00,1.0,0.4246344734644129,0.09418514867002573,0.49984709715025594,0.034506463469486166
2018-09-19 12:00:00,1.0,0.48006062950368655,0.10688529034182685,0.5081498373579149,0.015662965827023527
2018-09-19 13:00:00,1.0,0.4595460458217691,0.2179559104001083,0.3389241734452776,0.031634772929851146
2018-09-19 14:00:00,1.0,0.3661520287738457,0.33264960014121836,0.18009147078116597,0.0
2018-09-19 15:00:00,1.0,0.5403750697555355,0.409484146397733,0.36786114547804727,0.0
2018-09-19 16:00:00,0.5798438536037893,0.44268004387170184,0.4684636932464555,0.5709022098385188,0.0433875093614123
2018-09-19 17:00:00,1.0,0.2398248715871999,0.9867591303615199,0.4182757531681303,0.0
2018-09-19 18:00:00,1.0,0.18378138213219547,1.0,0.2690465712271731,0.0
2018-09-19 19:00:00,1.0,0.20999903165726944,1.0,0.41722928948610527,1.0
2018-09-19 20:00:00,1.0,1.0,1.0,0.30004301693072344,0.7997940503021115
2018-09-19 21:00:00,1.0,1.0,1.0,0.7272664236608826,0.14435465007272538
2018-09-19 22:00:00,1.0,0.8498115906109663,1.0,0.5736377758894329,0.008061469009434366
2018-09-19 23:00:00,1.0,0.48171973330454176,0.9776396935114743,0.41339540577577993,0.17158492401642403
2018-09-20 00:00:00,1.0,0.30282468105748483,0.6280049477162052,0.0,0.01657709527203891
2018-09-20 01:00:00,1.0,0.11482814879480634,0.4236406116825139,0.0,0.0
2018-09-20 02:00:00,1.0,0.10308032849915112,0.22324754797990554,0.0,0.0
2018-09-20 03:00:00,1.0,0.20121978809620714,0.09578036389739551,0.0,0.0
2018-09-20 04:00:00,0.9729847430719578,0.03514531001078821,0.51021895722228,0.04750118516738964,0.0
2018-09-20 05:00:00,1.0,0.3337152490477439,0.42570588292922107,0.0,0.00709360178323224
2018-09-20 06:00:00,0.7846401519365402,0.05594564394516567,0.22049295405113822,0.06234914627772328,0.06901285073184313
2018-09-20 07:00:00,0.19709728847132466,0.0,0.0,0.0,0.0
2018-09-20 08:00:00,0.2169774706668082,0.0,0.0,0.05261948734469551,0.02234571091634056
2018-09-20 09:00:00,0.1361922357813017,0.02022093128120927,0.0,0.17674921669430327,0.036865471810296715
2018-09-20 10:00:00,0.20272505518477638,0.03978633437417231,0.0,0.06747524713222723,0.06142111032079875
2018-09-20 11:00:00,0.10412024415608603,0.10471481790230693,0.021565473586958754,0.06757314817593017,0.027655531602594995
2018-09-20 12:00:00,0.036728373942513715,0.30359447889094887,0.4088637221820048,0.17532416229932893,0.021450930391710813
2018-09-20 13:00:00,0.04186201593791498,0.08908622058228616,0.10430984043176375,0.3059025173361323,0.0
2018-09-20 14:00:00,1.0,0.05528801691235147,0.053510734020642076,0.9053307422762088,0.0
2018-09-20 15:00:00,0.8428700456565961,0.31340669619118916,0.2313805649753596,0.17498335445736682,0.0
2018-09-20 16:00:00,0.35263280417496085,0.0,0.16999368967778036,0.9993259467253897,0.2665960633478259
2018-09-20 17:00:00,0.0,0.08286008753230723,0.07639045133781501,1.0,0.673727276270407
2018-09-20 18:00:00,0.0,0.08998870832436663,0.1948920452178632,1.0,0.5517167515564979
2018-09-20 19:00:00,0.08518785988584318,0.15987955074333482,0.009783583600894645,1.0,0.5556385264710134
2018-09-20 20:00:00,0.13566618771870875,0.10525775935300355,1.0,0.8395232347143868,0.5290498813845973
2018-09-20 21:00:00,0.37353030088171696,0.0,1.0,0.6284790067086268,0.0908930977654874
2018-09-20 22:00:00,0.38559009835831604,0.0,1.0,0.6570538363798356,0.03054047893880365
2018-09-20 23:00:00,0.43080029744112985,1.0,0.9486581536462263,1.0,0.9603790908499567
2018-09-21 00:00:00,0.30146617927726765,1.0,0.7195157456197184,0.5523837705318992,0.9955991494322615
2018-09-21 01:00:00,0.04955086375985388,1.0,0.36250720416025206,0.10106710375245127,0.6983252867891888
2018-09-21 02:00:00,0.8393330128566807,0.7746451996284962,0.3477476863056801,0.016449340979666355,0.0
2018-09-21 03:00:00,0.9593037512668444,0.5528189671216739,0.5048237606650494,0.05482477994257374,0.0
2018-09-21 04:00:00,1.0,0.3446009876289513,0.759055602983286,0.23072525792779802,0.0
2018-09-21 05:00:00,1.0,0.34298112418495325,1.0,0.3873394773266241,0.0
2018-09-21 06:00:00,0.9660146628933897,0.24788034414611076,1.0,0.16643981539472277,0.0
2018-09-21 07:00:00,0.8721539676170672,0.057352873337160604,0.3201955214477719,0.035949629002151935,0.0
2018-09-21 08:00:00,0.48627428102325787,0.0,0.07709858430628747,0.0,0.0
2018-09-21 09:00:00,0.29340114646904825,0.0,0.0,0.02844316348169993,0.0
2018-09-21 10:00:00,0.2033998722967642,0.0,0.0,0.09416537966793878,0.012050233111661328
2018-09-21 11:00:00,0.15117883863964887,0.08335095399594854,0.0,0.09940502763217106,0.07644157100551441
2018-09-21 12:00:00,0.09748278493058929,0.22839702270082352,0.0020641893988135205,0.13622685406564225,0.08536613441948582
2018-09-21 13:00:00,0.13700221013006095,0.3541144168899221,0.035392922076099786,0.23421101614920098,0.17491676039598125
2018-09-21 14:00:00,0.12440838607211989,0.4291014626408011,0.11207118721946896,0.3325538078193575,0.4627271884873823
2018-09-21 15:00:00,0.19815180843479166,0.44476136383777826,0.2649994339661316,0.6858575344499261,0.45515926891090536
2018-09-21 16:00:00,0.38693054858359377,0.6675500241053102,0.4632494709814552,0.9765797145585874,0.6523996313120015
2018-09-21 17:00:00,0.5248278462345812,0.8098429229459968,0.6823072603953876,1.0,0.7918250617137279
2018-09-21 18:00:00,0.5941126642398875,0.8517085255141571,0.980161368492223,0.4984588597008363,0.75715125705436
2018-09-21 19:00:00,0.5737545725759877,0.8290923327633895,1.0,1.0,0.4451330938547135
2018-09-21 20:00:00,0.8981510533898485,1.0,1.0,0.9076125289427288,0.48598757310608137
2018-09-21 21:00:00,0.8442854364887326,1.0,1.0,0.7079584390069589,1.0
2018-09-21 22:00:00,1.0,1.0,0.9444222366052955,0.5436814842870984,1.0
2018-09-21 23:00:00,0.9853237286767167,1.0,0.8876413111252562,1.0,0.4085820433925463
2018-09-22 00:00:00,1.0,0.8354161215588465,1.0,1.0,0.12187993641980567
2018-09-22 01:00:00,1.0,0.772817334042819,1.0,0.8691431129786563,0.0
2018-09-22 02:00:00,1.0,0.6847008145180937,1.0,0.6214749532544542,0.04681357692054471
2018-09-22 03:00:00,1.0,0.38795065548776225,1.0,0.47218750197024384,0.03345417334260414
2018-09-22 04:00:00,1.0,0.22156102687325702,1.0,0.27137838663495223,0.05112785953438216
2018-09-22 05:00:00,1.0,0.05486014809816197,0.7885011403174815,0.2959979082163898,0.06619432959630657
2018-09-22 06:00:00,1.0,0.037575348392903135,0.6342831487769777,0.5395191057074886,0.05195105041279612
2018-09-22 07:00:00,1.0,0.03633215236340766,0.4019035376862595,0.8254640485440135,0.0
2018-09-22 08:00:00,0.6059752896481163,0.020371874051833383,0.49217160150167516,0.5025099596443564,0.024055791203945128
2018-09-22 09:00:00,0.565932438946685,0.08022828183824277,0.5201864367617884,0.11825369950275452,0.009866763503078914
2018-09-22 10:00:00,0.5526654617404092,0.06704483715389635,0.3212176107249228,0.06835598481625209,0.0
2018-09-22 11:00:00,0.49878192274410776,0.0193741810587526,0.1689936897436575,0.03921862407020835,0.0
2018-09-22 12:00:00,0.4598244203994373,0.0,0.03731994683860277,0.11863910784594403,0.0
2018-09-22 13:00:00,0.4786363948024846,0.0,0.0,0.17992178405346157,0.0
2018-09-22 14:00:00,0.5298229557797249,0.0626436941447857,0.0,0.0614996242674132,0.0
2018-09-22 15:00:00,0.6439107775169338,0.10245659165474437,0.0,0.10289518592602212,0.0
2018-09-22 16:00:00,0.8360668736020183,0.16308659349253557,0.0,0.2209674064053673,0.11213537711504978
2018-09-22 17:00:00,0.9992224236835453,0.1011418672881194,1.0,0.09388239803524842,0.19219758410385004
2018-09-22 18:00:00,1.0,0.39939068560700586,1.0,0.19645733982156002,0.6794713468902197
2018-09-22 19:00:00,1.0,0.6289885483134241,1.0,0.14803857142768903,0.8699241496834714
2018-09-22 20:00:00,1.0,1.0,1.0,0.38085097815488234,0.7439413093774889
2018-09-22 21:00:00,1.0,0.6141162889372577,1.0,0.6553834401465277,0.8497640148573589
2018-09-22 22:00:00,1.0,0.2998761141602087,1.0,0.7996562519023934,0.7765306739230466
2018-09-22 23:00:00,1.0,0.09152256903370251,1.0,0.030935028246028253,0.15874257676871556
2018-09-23 00:00:00,1.0,0.08803622003076506,1.0,0.5114035358662192,0.13294435124906637
2018-09-23 01:00:00,1.0,0.05592188749707918,0.9567604377127001,0.24040307229605923,0.18359465820261425
2018-09-23 02:00:00,1.0,0.0030414620945809928,0.967065053588884,0.30538703254663674,0.12140035781912578
2018-09-23 03:00:00,1.0,0.0,0.8833593617666083,0.44543311678270614,0.02925624301714394
2018-09-23 04:00:00,1.0,0.021224311333522015,0.8592792029584385,0.7559021720841453,0.0
2018-09-23 05:00:00,1.0,0.0,0.6898152175402487,0.5125300030220311,0.0
2018-09-23 06:00:00,1.0,0.0,0.4238102676334517,0.6460271642477261,0.0
2018-09-23 07:00:00,0.5080651142632926,0.04719833986617914,0.2615694993219181,0.8859548594759672,0.014081513425510821
2018-09-23 08:00:00,0.18679883771345188,0.0,0.051006106976841846,0.2829488427698899,0.06278432781194253
2018-09-23 09:00:00,0.006980542780035952,0.0077852998580364855,0.03517518892681687,0.04528812024754948,0.028728610945627
2018-09-23 10:00:00,0.0,0.11200061395043501,0.0,0.029736435015937104,0.05889286117669523
2018-09-23 11:00:00,0.0,0.05079891635384899,0.042669272227668045,0.1266743512535361,0.15423150347252007
2018-09-23 12:00:00,0.031644984192167956,0.36072410472424143,0.14762388093877318,0.5206889373723558,0.008221752091659255
2018-09-23 13:00:00,0.04492623461550629,0.29987053884649656,0.12450891257064396,0.23072472910151023,0.045762474432441594
2018-09-23 14:00:00,0.09301461691033497,0.6350880417976679,0.3884717468005042,0.2660415193225476,0.0
2018-09-23 15:00:00,0.8433314219157159,0.40137128456616106,0.2646383104288645,0.1868371687904477,0.0
2018-09-23 16:00:00,1.0,0.6522522889511705,0.1015886304959491,0.14642745816142033,0.6847703898854118
2018-09-23 17:00:00,1.0,0.6043095174806553,0.49697595406368084,0.13846670349265847,0.16922077139256475
2018-09-23 18:00:00,1.0,0.8659743508322969,0.2222221118100662,0.12177112579589236,0.4095879780063906
2018-09-23 19:00:00,1.0,0.8018142395531626,0.0,0.16846944159946997,0.04677702149086976
2018-09-23 20:00:00,1.0,0.41042875226478887,0.48983461958783453,0.26807093003722926,0.0
2018-09-23 21:00:00,1.0,0.7557011042776082,0.7224631355941729,0.0734293766998359,0.04175608176414941
2018-09-23 22:00:00,1.0,0.3774421847831933,0.6115391913861905,0.28985029492971837,0.0
2018-09-23 23:00:00,1.0,0.5975492667332575,1.0,0.3787303459082224,0.8570998791025392
2018-09-24 00:00:00,1.0,0.09780805518576506,1.0,0.1695025022000944,0.6846959831566801
2018-09-24 01:00:00,1.0,0.12902867651711253,0.41597732340994586,0.18574298556924917,0.3692047547002183
2018-09-24 02:00:00,1.0,0.3651069969677794,0.17908070112691296,1.0,0.6872838384667954
2018-09-24 03:00:00,1.0,0.2165444559174701,0.17257327941255882,1.0,0.627838594926249
2018-09-24 04:00:00,0.9539014456281562,0.7710772055175127,0.25520688438295397,1.0,0.8537778237870716
2018-09-24 05:00:00,1.0,1.0,1.0,1.0,0.8929509220677834
2018-09-24 06:00:00,0.8157907770745226,1.0,1.0,1.0,0.5764224629020442
2018-09-24 07:00:00,0.20288894614625322,1.0,1.0,0.2735775306717498,0.35643132289697693
2018-09-24 08:00:00,1.0,1.0,0.7162705929907124,0.42318781882422746,0.10448645056126114
2018-09-24 09:00:00,1.0,0.6879268584858231,0.10551263703476237,0.5372251964560779,0.05687542800870646
2018-09-24 10:00:00,0.8769387513322866,0.2659727377314607,0.044670108639473675,0.5742763039244115,0.11206248017768394
2018-09-24 11:00:00,0.6566190201256474,0.0999946205072816,0.03633974685388737,0.3044815706404168,0.23291189879958968
2018-09-24 12:00:00,0.5000020404804618,0.029053421414675522,0.0,0.08968301857124084,0.25583130872989934
2018-09-24 13:00:00,0.2654439254299412,0.0,0.002798412752528975,0.7252557225143785,0.21601534897024696
2018-09-24 14:00:00,0.13705928086570596,0.0,0.0,0.03258866382950699,0.25505963352129646
2018-09-24 15:00:00,0.1250892263932113,0.016509129986461025,0.0007230575017892609,0.1111497596292179,0.09892432262034216
2018-09-24 16:00:00,0.09080370386019043,0.0,0.06614748360597192,0.5126259441869494,0.4007669852027449
2018-09-24 17:00:00,0.5377982312332281,0.0222557003218623,0.4460377292904141,0.2617226597376801,0.18524320852511572
2018-09-24 18:00:00,0.6629990421272708,0.4173064675296705,0.46715807896713707,1.0,0.2255266176857211
2018-09-24 19:00:00,0.48994654747120087,0.10127217423271012,0.8952278612800595,1.0,0.750921305564016
2018-09-24 20:00:00,0.4608001493174555,0.2271529496410317,0.7159998337203669,1.0,0.0
2018-09-24 21:00:00,0.4520775474263255,0.04006115388361186,0.5010394468928486,0.0,0.06677833161642074
2018-09-24 22:00:00,0.37024717584154665,0.06168669813756033,1.0,0.14030535531734215,0.0
2018-09-24 23:00:00,0.5428205942101789,0.0,0.9748279708225871,0.2015585138760132,0.0
2018-09-25 00:00:00,0.4288473076326218,0.029795143646433642,1.0,0.49563819804737647,0.0
2018-09-25 01:00:00,0.1854745647257167,0.022154912848351253,0.4698721006470884,1.0,0.02407460600336333
2018-09-25 02:00:00,0.025798173478980325,0.16153686446493065,0.33333938338132413,1.0,0.005754983793466673
2018-09-25 03:00:00,0.84607714174451,1.0,1.0,1.0,0.22011277764965023
2018-09-25 04:00:00,1.0,1.0,1.0,1.0,0.16506433785952815
2018-09-25 05:00:00,1.0,1.0,1.0,1.0,1.0
2018-09-25 06:00:00,1.0,1.0,1.0,1.0,0.2855492744198753
2018-09-25 07:00:00,1.0,1.0,1.0,0.7392311904738993,0.3152314742550017
2018-09-25 08:00:00,1.0,1.0,1.0,0.5901328237278899,0.03729276995788994
2018-09-25 09:00:00,1.0,1.0,1.0,0.5975685888717542,0.024759906975776725
2018-09-25 10:00:00,1.0,1.0,1.0,0.33248245775459284,0.031598831174044294
2018-09-25 11:00:00,1.0,1.0,1.0,0.3466299937261556,0.02339911168028582
2018-09-25 12:00:00,1.0,0.6183699701585842,1.0,0.38659935432722947,0.041274038980603014
2018-09-25 13:00:00,0.69381665099154,0.5545170448484623,1.0,0.3465017583080435,0.15499860870768628
2018-09-25 14:00:00,0.4462266868752173,0.33749078455447823,0.896556034132366,0.2697260244480503,0.27312855921626394
2018-09-25 15:00:00,0.47356445907543276,0.3839081707893982,0.4811116125435059,0.1782287189269746,0.34371282586883867
2018-09-25 16:00:00,0.5052576895703129,0.38589678385439674,0.7234217983896318,0.08820397043932356,0.4636142880889917
2018-09-25 17:00:00,0.46061624418156405,0.15797383111663202,0.21760047945510352,0.06861677305668498,0.5399554388716479
2018-09-25 18:00:00,0.4805127108883483,0.21869042716930054,0.19892105305478838,0.11166389531403016,0.6127962536152468
2018-09-25 19:00:00,0.5072295772165235,0.25591441018074934,0.29177625035873705,0.07693111890148426,0.2766190360567172
2018-09-25 20:00:00,0.34600033832559485,0.18737748765426515,0.17194085415187343,0.12361307623119744,0.2020815134110925
2018-09-25 21:00:00,0.7941836619090831,0.47636640458327173,0.0,0.3033603389658521,0.6708255167282738
2018-09-25 22:00:00,0.709641056680424,0.32552594203868224,0.01948280642608834,0.25428514656456036,1.0
2018-09-25 23:00:00,0.6306469114195714,0.3310166491589386,0.024390621203753314,0.40275933660578767,1.0
2018-09-26 00:00:00,0.3329323488923087,0.11616146522593188,0.1447638163864107,0.17287017977386418,0.8758096473852263
2018-09-26 01:00:00,0.2136083635211891,0.04714944588410253,0.06769403385033115,0.2037583570695111,0.4775698186374475
2018-09-26 02:00:00,0.16294788925566225,0.0704157910940307,0.0,0.24845062042134805,0.1868455746660449
2018-09-26 03:00:00,0.09447630664613439,0.029903037767766875,0.0,0.29871483448962605,0.054013241730603984
2018-09-26 04:00:00,0.05746656505381789,0.03071305707391298,0.0,0.2791276291843133,0.0
2018-09-26 05:00:00,0.11341646881660669,0.06651808372486277,0.0,0.6366153127603668,0.0
2018-09-26 06:00:00,0.32052626312613863,0.09319944101469028,0.0,0.9208520811213948,0.01996037552060623
2018-09-26 07:00:00,0.6856920127184127,0.12888492069105972,0.0,0.700757456881428,0.001564909392310862
2018-09-26 08:00:00,0.34525260884026193,0.14883898296984308,0.0,0.30726948078461663,0.0
2018-09-26 09:00:00,0.35354073362589117,0.39126999153402237,0.0,0.3273032991308933,0.0
2018-09-26 10:00:00,0.5975903328363149,0.5151964243846591,0.14051476706029098,0.4314550481120767,0.0
2018-09-26 11:00:00,0.6760413730074567,0.617577688069089,0.627256327573704,0.3765789016837698,0.0
2018-09-26 12:00:00,0.8302036355797239,0.7425237730284856,0.8399530377080264,0.29667522972039173,0.0
2018-09-26 13:00:00,1.0,0.45592723917850675,0.9230115107501063,0.24752798598159492,0.0
2018-09-26 14:00:00,1.0,0.3157707321581314,0.8708106461400185,0.16117005822729638,0.03291124445673902
2018-09-26 15:00:00,1.0,0.22963381886749584,1.0,0.020629666218775013,0.10325987647970733
2018-09-26 16:00:00,0.9752360306914587,0.3848688370560435,0.9019860992377289,0.0,0.2708670362703527
2018-09-26 17:00:00,0.8544445628263838,0.4116557842507473,1.0,0.042609446569429776,0.17455497449074656
2018-09-26 18:00:00,0.8578357119521497,0.5341259758742906,1.0,0.09901143282773758,0.09719888006528182
2018-09-26 19:00:00,1.0,0.6464153921987384,1.0,0.06204707234875089,0.10787084082242321
2018-09-26 20:00:00,1.0,0.6418061085356582,1.0,0.1062955069009148,0.032723312372813
2018-09-26 21:00:00,1.0,0.328403091890437,1.0,0.23826748158972533,0.4475293691599779
2018-09-26 22:00:00,1.0,0.09666078804255415,1.0,0.23939976017444117,0.26941338591671926
2018-09-26 23:00:00,1.0,0.03268978516397025,1.0,0.46280901644704775,0.45638605889324085
2018-09-27 00:00:00,1.0,0.0,0.9991600457275631,0.18496485901006834,0.3715217455648297
2018-09-27 01:00:00,1.0,0.05597117347734733,0.7240995675945163,0.2542865545664246,0.24628553613035045
2018-09-27 02:00:00,0.8826273516365891,0.2987362262823902,0.8954634798690525,0.45716463386419975,0.2000520254268741
2018-09-27 03:00:00,0.7913888685588876,0.6031383583121368,0.7918510939949847,0.4599543319806811,0.2123817874225411
2018-09-27 04:00:00,0.7838277751635178,1.0,1.0,0.2765234407439081,0.3495688099466012
2018-09-27 05:00:00,0.19822323716707305,0.33299273091159903,1.0,0.18875174184979596,0.2001554152160076
2018-09-27 06:00:00,0.32323836477766404,0.5458833602695734,1.0,0.14632535650813755,0.17547219642053793
2018-09-27 07:00:00,0.2961694752291836,1.0,0.6756396432844894,0.1862247877257236,0.27364800723244254
2018-09-27 08:00:00,0.05383845448144768,0.1967947710917622,0.12220581864259437,0.0,0.0
2018-09-27 09:00:00,0.01421772865628327,0.011894362029466607,0.026506241352143755,0.0,0.0
2018-09-27 10:00:00,0.008467857079221328,0.0,0.0,0.051571115580301884,0.0
2018-09-27 11:00:00,0.021023748312069473,0.0,0.0,0.019466419851412106,0.0
2018-09-27 12:00:00,0.010466469691533385,0.0,0.0,0.02656184466535452,0.0
2018-09-27 13:00:00,0.0,0.0,0.0,0.1201323027203507,0.0
2018-09-27 14:00:00,0.0,0.0,0.0,0.09102945239123357,0.05888976967283346
2018-09-27 15:00:00,0.0,0.0,0.07239020241153271,0.07047217337804496,0.21065936876090033
2018-09-27 16:00:00,0.03177664586059568,0.0,0.004856350795317629,0.01697018004627815,0.49414743253257953
2018-09-27 17:00:00,0.12324783646618122,0.028364104942579557,0.06187221733846066,0.0,0.6120619918174341
2018-09-27 18:00:00,0.3988784991308195,0.10404381056216085,0.6302514282478506,0.20584117716281472,0.555369548347258
2018-09-27 19:00:00,0.8355155366770353,0.25941522615437984,0.9382244733630265,0.958762877166938,0.8774923940874741
2018-09-27 20:00:00,1.0,0.3156245932481562,0.8565229307213691,1.0,0.05245017080978399
2018-09-27 21:00:00,1.0,0.28420142105846996,1.0,1.0,0.033347973435732946
2018-09-27 22:00:00,1.0,0.0945398460378569,1.0,1.0,0.0
2018-09-27 23:00:00,1.0,0.0,0.972699356197681,1.0,0.0
2018-09-28 00:00:00,0.9741429053273315,0.0,0.7245127325831148,0.7203038918701686,0.0
2018-09-28 01:00:00,0.5013403651572161,0.4795357229942059,0.4678754192448035,0.32992515668362954,0.061534235731460135
2018-09-28 02:00:00,0.2020002837470617,0.3257241546760307,0.4208504119101447,0.10621645706012608,0.44620990464260313
2018-09-28 03:00:00,0.14761552604790912,0.8729579092943304,0.1699955600316332,0.03381777097434036,0.05273334750584779
2018-09-28 04:00:00,0.6417381800758482,0.21596620405499947,0.15202539870123943,0.0,0.0
2018-09-28 05:00:00,0.7317120064678833,0.24213006111063154,0.22476587625267228,0.08773047459168666,0.20689377532779804
2018-09-28 06:00:00,0.9981780012502846,0.30674065844680914,0.2713131482496145,0.14182086120477613,0.12292895298790321
2018-09-28 07:00:00,0.9761222812029429,0.439914409358648,0.22642809081875612,0.15265528196889908,0.20284783315884375
2018-09-28 08:00:00,0.9905100271127013,0.18729478560665885,0.237767734741073,0.15245614108244648,0.0819226245737176
2018-09-28 09:00:00,0.822521341004569,0.08544297648910401,0.24402071937233677,0.20832336890577002,0.13770488248918947
2018-09-28 10:00:00,0.7936444695600988,0.04677154007932554,0.15085543184684577,0.2875209387113779,0.10932760050001525
2018-09-28 11:00:00,0.8783450232891358,0.07902168125934839,0.0949211233420422,0.2969397297361573,0.2819027328093354
2018-09-28 12:00:00,0.5676046036696358,0.1038365496234862,0.04920886079812749,0.38637435384929375,0.3158784429813619
2018-09-28 13:00:00,0.32562865696355203,0.09742416282005563,0.15423265514074797,0.24383447069877426,0.5316078186763671
2018-09-28 14:00:00,0.2827727685203143,0.12519667851228633,0.1618875500961946,0.3318907948513929,0.846304318701614
2018-09-28 15:00:00,0.17587429198460375,0.10594904676433377,0.07206004487360569,0.2726154734064273,0.7946441103995657
2018-09-28 16:00:00,0.2400588602789565,0.22225719215248144,0.09101665433354011,0.18976813616884775,0.7358525319574171
2018-09-28 17:00:00,0.2346357432102312,0.23314606695533924,0.12115696450819435,0.5517659736479703,0.4398143718567941
2018-09-28 18:00:00,0.07535872643192795,0.28067657484054326,0.05406052883672332,0.6033531934708367,0.29569114233491517
2018-09-28 19:00:00,0.08426737211334391,0.21595147893863412,0.19297440324749504,0.6438366205212008,0.1477153896168107
2018-09-28 20:00:00,0.2794464671504961,0.32971202798048654,0.23989233535995708,0.9394387788534341,0.20535259368967249
2018-09-28 21:00:00,0.14556379708367945,0.31424934940474836,0.25530868871699475,0.8361664939502604,0.15220931712498145
2018-09-28 22:00:00,0.12825837074820554,0.17213313924057547,0.4170550804053814,1.0,0.12959254428010641
2018-09-28 23:00:00,0.11286752368376847,0.5316227284139737,0.7111561483168722,1.0,0.12259542148550706
2018-09-29 00:00:00,0.07627211859458395,0.5554866256702232,1.0,1.0,0.08086152914512067
2018-09-29 01:00:00,0.04888607545615222,0.6540982702669571,1.0,1.0,0.03280566892276562
2018-09-29 02:00:00,0.10732917120448679,0.6608235166750525,0.7384519582770399,1.0,0.0
2018-09-29 03:00:00,0.2758924890639649,0.7826003199380566,0.9546517785365121,0.5076173430881709,0.0
2018-09-29 04:00:00,0.43303995306258125,0.6281339249768785,0.6517998012277688,0.5024336378746614,0.0
2018-09-29 05:00:00,0.6743705125886745,0.38299134293532494,0.7703147723401138,0.29289233098325834,0.0
2018-09-29 06:00:00,0.7569672105126813,0.3081577762728942,0.5503200271944692,0.49741672632778255,0.0
2018-09-29 07:00:00,0.9802556127569234,0.3840378265381117,0.6098513905930636,0.6256204803072292,0.0
2018-09-29 08:00:00,0.9697644757137758,0.09530967561283644,0.5573708166121769,1.0,0.0
2018-09-29 09:00:00,0.5058392697828776,0.1615339697307233,0.3984908589730038,1.0,0.0
2018-09-29 10:00:00,0.2728669562153641,0.2799515418561717,0.26300934916989627,0.7299552123958901,0.0
2018-09-29 11:00:00,0.11793442898082397,0.18032441657928977,0.09929122912455966,0.36069986053362313,0.0
2018-09-29 12:00:00,0.025505289188167562,0.193192958660114,0.0,0.23546476401283462,0.0
2018-09-29 13:00:00,0.0,0.1830619807388385,0.0,0.22940410280360646,0.0
2018-09-29 14:00:00,0.0,0.06578334495629277,0.019418279315554836,0.5353842643024234,0.0
2018-09-29 15:00:00,0.052347160404334694,0.042450934859347644,0.11288447016470703,0.36907688676003575,0.0
2018-09-29 16:00:00,0.5101523932127251,0.06684077974457796,0.4130032603638824,0.35997814027462816,0.12781557939333532
2018-09-29 17:00:00,0.4995335332156986,0.2823291284790798,0.4742292263684955,0.3474903873587726,0.3234671869437326
2018-09-29 18:00:00,0.8520147722850436,0.464501894440307,0.7688623822110354,1.0,0.7469841698275322
2018-09-29 19:00:00,1.0,0.8356788679568053,0.9598654742211137,1.0,0.9067925549086049
2018-09-29 20:00:00,1.0,0.6351037164723965,1.0,1.0,0.16718910640838203
2018-09-29 21:00:00,1.0,0.6337611955494478,0.9342383826842782,1.0,0.33655157779330286
2018-09-29 22:00:00,1.0,0.07906738734677901,0.9373790395351543,0.3983339510021707,0.13077589501349857
2018-09-29 23:00:00,1.0,0.0,0.8670948073430857,1.0,0.43614342254936156
2018-09-30 00:00:00,1.0,0.898483800439134,0.30741678320777904,0.8288004814387407,0.5413810515186203
2018-09-30 01:00:00,1.0,1.0,0.377967808458687,0.8251639425386399,0.33609986598343433
2018-09-30 02:00:00,1.0,1.0,0.3640035377701117,0.3219450703590869,0.0
2018-09-30 03:00:00,0.966446193705907,1.0,0.4045257357367239,0.2836490258069539,0.0
2018-09-30 04:00:00,1.0,1.0,0.44408170995672935,0.29822205282789915,0.10390071172561022
2018-09-30 05:00:00,1.0,1.0,0.20184540281322644,0.19431548543662447,0.8616849145743857
2018-09-30 06:00:00,0.94256323305291,0.651075067649771,0.24631708753119802,0.17321175642234585,1.0
2018-09-30 07:00:00,0.700912298791789,0.9667182991784949,0.41098765840060925,0.24917552802040488,1.0
2018-09-30 08:00:00,0.6284803204118027,0.8780599237321118,0.3308733909074569,0.17111695972589896,0.7639536218869728
2018-09-30 09:00:00,0.8074809204760798,0.2157917653380718,0.1447330184718143,0.07895727228690078,0.38691769056745534
2018-09-30 10:00:00,0.5187769554762972,0.08470552369581112,0.06980692109419215,0.06007618043981786,0.16999139950062256
2018-09-30 11:00:00,0.3106771664422542,0.0,0.0588022031808384,0.04781406424383577,0.1625688950292396
2018-09-30 12:00:00,0.17496551608302874,0.03558205314310984,0.02722044105712316,0.08675097462277441,0.13985912329605654
2018-09-30 13:00:00,0.10278727140719157,0.32837774430211947,0.010953783440366958,0.1396030693794278,0.5811413875580669
2018-09-30 14:00:00,0.09586357292632655,0.5058937079436024,0.0,0.18855770570122377,0.9611968650261231
2018-09-30 15:00:00,0.15686159929522062,0.46250878593544104,0.03589718290161572,0.249026888054009,0.7482821092716883
2018-09-30 16:00:00,0.24383328889755557,0.6694468709798966,0.054642455078866156,0.14015683159673,0.9941121202843523
2018-09-30 17:00:00,0.30728375445243833,0.6691862156234789,0.13305183468788892,0.19883823186755642,1.0
2018-09-30 18:00:00,0.23270698683623064,0.9012077992780014,0.0548042027578853,0.485868968224956,0.3398688060012026
2018-09-30 19:00:00,0.2529860432560316,0.058811040684766114,0.21769104682132334,0.3353779536847863,0.12478441116919657
2018-09-30 20:00:00,0.20298346216778176,0.047206686746136726,0.13450772381661127,0.4528165570216424,0.0871874262381208
2018-09-30 21:00:00,0.13209972016141924,0.07370801896241971,0.23169962076879058,0.39465657309657776,0.11501164864313092
2018-09-30 22:00:00,0.05227783370202758,0.1410670485535846,0.2593825759038964,0.2687665230336873,0.12027942045556339
2018-09-30 23:00:00,0.1257639941162193,0.14515593705460333,0.2151218358313569,0.44301573567732766,0.008297096644325696
2018-10-01 00:00:00,0.14869322823929382,0.20262453357896312,0.1956983548412157,0.290189798153984,0.0
2018-10-01 01:00:00,0.140369913476336,0.13534260465215828,0.2568512825211983,0.37283525630492903,0.0
2018-10-01 02:00:00,0.0628844177716854,0.07695221503343126,0.11261321785154026,0.02862123489718802,0.0
2018-10-01 03:00:00,0.05485539111900327,0.10049953958172633,0.04374762553117006,0.027988403337825995,0.0
2018-10-01 04:00:00,0.016038247716893238,0.13289479536914345,0.0,0.04532577026601543,0.0
2018-10-01 05:00:00,0.0,0.07443120128906036,0.0,0.07804417393926516,0.0
2018-10-01 06:00:00,0.0,0.037974820544717125,0.0,0.0,0.0
2018-10-01 07:00:00,0.021787912197905844,0.07914833852787793,0.01343322214948326,0.06803972269595518,0.0
2018-10-01 08:00:00,0.0,0.22830997454367888,0.0,0.1586701707414314,0.0
2018-10-01 09:00:00,0.0,0.005781542951167732,0.0,0.07379906534767963,0.0
2018-10-01 10:00:00,0.0,0.0,0.0,0.08279351126366294,0.0
2018-10-01 11:00:00,0.023061691960341194,0.0,0.0,0.07047960159030504,0.06283279838703375
2018-10-01 12:00:00,0.04806689299602459,0.025025957963291698,0.0,0.014380834226573293,0.21857823446022537
2018-10-01 13:00:00,0.018871271044427127,0.03339174901785801,0.0,0.0,0.5045936922036657
2018-10-01 14:00:00,0.1749466616838735,0.2999107170725183,0.0,0.07807938469558037,0.5832710663171047
2018-10-01 15:00:00,0.3053394519857591,0.17310761520338208,0.03413743793622647,0.20035815400596016,0.348194064372971
2018-10-01 16:00:00,0.30933234266122356,0.08681406396348204,0.12083815341215715,0.6129796910999438,0.1549118019779749
2018-10-01 17:00:00,0.6391281750357121,0.05488071385395658,0.07535119139260708,0.35231150633705116,0.0
2018-10-01 18:00:00,0.5730244797112994,0.020459008699250054,0.10228748548839993,0.24967168898250247,0.0
2018-10-01 19:00:00,0.4055398994577134,0.0,0.19587897589542466,0.9466628072637334,0.022628523839334776
2018-10-01 20:00:00,0.47888080989645915,0.09794674762793754,0.38042580776389195,0.06438490836345602,0.08755838947218585
2018-10-01 21:00:00,0.2981689137953983,0.1895657019223037,0.35024270419446035,0.23856851145091332,0.22682784896998934
2018-10-01 22:00:00,0.08703217176344061,0.09734749131372294,0.1897213227716881,0.223478889963697,0.03520784328003077
2018-10-01 23:00:00,0.10422477435229291,0.2555700543080091,0.2365426514499944,0.2118506646048905,0.33746017471795314
2018-10-02 00:00:00,0.23924377575409683,0.1712701337305388,0.33585967610354267,0.1241971792685844,0.23176354545224984
2018-10-02 01:00:00,0.5762305374031933,0.18062918237640346,0.1984439047660916,0.0931903459118795,0.14451622509357942
2018-10-02 02:00:00,0.5279992175918087,0.07036865935515406,0.13722757385978548,0.019573043232608143,0.0
2018-10-02 03:00:00,0.8445496892949911,0.017726530244771613,0.1638760302621673,0.0,0.0
2018-10-02 04:00:00,1.0,0.0738156389592687,0.1277736992702928,0.0006307952870157578,0.0
2018-10-02 05:00:00,1.0,0.04913992621921545,0.2902815228631739,0.2434667484235621,0.0
2018-10-02 06:00:00,1.0,0.019393857419563593,0.13004393932003805,0.12233593480436888,0.0
2018-10-02 07:00:00,1.0,0.10462910094356224,0.06396497908646855,0.1987489266807827,0.02098309564827012
2018-10-02 08:00:00,0.6361232334973036,0.04813116651088304,0.0,0.17645836312653704,0.0
2018-10-02 09:00:00,0.5271488480336723,0.006296021119349765,0.0,0.12252936637450595,0.0
2018-10-02 10:00:00,0.3747900223898837,0.032472040191944565,0.0,0.10883081977050786,0.0
2018-10-02 11:00:00,0.5224895473929471,0.2081327253619943,0.0,0.09895237880701874,0.0
2018-10-02 12:00:00,0.775405494870644,0.34628621745536503,0.0,0.023873945610554625,0.0
2018-10-02 13:00:00,0.7999986365119837,0.3280780526224886,0.036977739491859535,0.06851843830917695,0.0
2018-10-02 14:00:00,1.0,0.26764866235949286,0.07499714964784308,0.11384387407705367,0.0
2018-10-02 15:00:00,0.13057267281193444,0.09704231263393755,0.07404747351436208,0.10535139596143343,0.9203871704919314
2018-10-02 16:00:00,1.0,0.6580364988168034,0.09791637208773367,0.17781109429543995,0.9981588755806565
2018-10-02 17:00:00,1.0,0.472489564814791,0.2043325666531369,0.053531512048440845,0.5578901003291673
2018-10-02 18:00:00,1.0,0.26248509336848036,0.49031579538714204,0.13244150230033483,0.18530846347160976
2018-10-02 19:00:00,1.0,0.23879741725509424,0.3532115056934808,0.2511450329264185,0.0
2018-10-02 20:00:00,0.16273424168573994,0.6805965715689426,0.18812995985105893,1.0,0.0
2018-10-02 21:00:00,1.0,0.39140444580516487,0.36128133586761607,0.43155539633248463,0.05389234838201272
2018-10-02 22:00:00,1.0,0.2758046189284649,0.0,0.5059943016579731,0.0980622861435675
2018-10-02 23:00:00,1.0,0.3985666423954805,0.04966149699805889,0.5509452082177164,0.6965496485299885
2018-10-03 00:00:00,1.0,0.35585227061818203,0.03136073821038525,0.7857549119836827,0.7452589329779106
2018-10-03 01:00:00,1.0,0.1492382710637618,0.22752757921037878,1.0,0.15848281034963216
2018-10-03 02:00:00,1.0,0.422699585640262,0.6006968849678899,0.6455244586019528,0.05408289100045761
2018-10-03 03:00:00,1.0,0.2740676728622754,1.0,0.1962177454155642,0.06572889652012452
2018-10-03 04:00:00,1.0,0.034114050832074555,1.0,1.0,0.1171883736461892
2018-10-03 05:00:00,0.9630707096237345,0.12309980619943584,1.0,0.9836775219472285,0.6744514361423372
2018-10-03 06:00:00,0.6413150702386229,0.12875447219081274,1.0,1.0,0.6876435749276761
2018-10-03 07:00:00,0.5993720433926703,0.18887877534886555,1.0,1.0,1.0
2018-10-03 08:00:00,0.4187076340275565,0.22082605476314582,0.7269235558552597,1.0,1.0
2018-10-03 09:00:00,0.3965900272843448,0.2972425843101496,0.2403212034071151,1.0,1.0
2018-10-03 10:00:00,0.12690296578518315,0.1198478510483457,0.6893366346669494,1.0,1.0
2018-10-03 11:00:00,0.09676741606644862,0.0,1.0,1.0,1.0
2018-10-03 12:00:00,0.05014688788219769,0.0,1.0,1.0,0.738154980479809
2018-10-03 13:00:00,0.024847184185591422,0.0,1.0,1.0,0.68410726850482
2018-10-03 14:00:00,0.0,0.18614041797120096,0.7990026463364132,1.0,0.6997956719232661
2018-10-03 15:00:00,0.0,0.479929466398106,0.4951069259904252,1.0,0.3655278359358775
2018-10-03 16:00:00,0.0,0.7700158218556062,1.0,1.0,0.0344021607093171
2018-10-03 17:00:00,0.0,0.7140019656370338,1.0,1.0,0.04686346577962979
2018-10-03 18:00:00,0.6952253878773476,0.2032624634996824,1.0,1.0,0.016299054035628313
2018-10-03 19:00:00,0.6323064307210378,0.7710374426077397,1.0,1.0,0.0
2018-10-03 20:00:00,1.0,1.0,1.0,1.0,0.001535580739254063
2018-10-03 21:00:00,1.0,1.0,0.6832178883159489,0.541670826103822,1.0
2018-10-03 22:00:00,1.0,1.0,0.7406944523945876,0.0259429037353443,1.0
2018-10-03 23:00:00,1.0,0.6948485726405385,0.8307285966260345,0.0,0.4737595062111013
2018-10-04 00:00:00,1.0,0.3483824740648036,0.7201436979232692,0.07988971683069357,0.42335186446429984
2018-10-04 01:00:00,1.0,0.38223017294693046,0.36856685514340565,0.19388400989220395,0.08820405553542257
2018-10-04 02:00:00,1.0,0.11538803596240063,0.0,0.8354541416628706,0.1540814954802638
2018-10-04 03:00:00,0.8344671839054857,0.0,0.10666862231557135,1.0,0.31132281457901595
2018-10-04 04:00:00,0.869183231654938,0.0,0.0,1.0,0.3918966035845289
2018-10-04 05:00:00,0.4777702972754681,0.0,0.05502028128634777,0.9753241607303645,0.4498919716338584
2018-10-04 06:00:00,0.19513831271569604,0.07364480423478127,0.15352633143437264,1.0,0.5145178651895437
2018-10-04 07:00:00,0.1513344399781491,0.22631564599727244,0.021276293468448046,1.0,0.23967830252931754
2018-10-04 08:00:00,0.058235074410524855,0.37150638360729304,0.08691007006089846,1.0,0.10790662532116425
2018-10-04 09:00:00,0.03454293552848886,0.41634682545945273,0.2308919367188555,1.0,0.08123242410180159
2018-10-04 10:00:00,0.015922294490230495,0.4471404045649742,0.18207351032101543,1.0,0.040816851159768915
2018-10-04 11:00:00,0.0850928563511474,0.6246228918966303,0.27063428007349727,0.6271809635346215,0.09444479171879486
2018-10-04 12:00:00,0.2534615789952877,0.6526421370126769,0.4168771090300829,0.6416068187962947,0.0783078888761618
2018-10-04 13:00:00,0.44827444909075015,0.6002720763569449,0.550065413211371,0.5493358044836453,0.13455512198349107
2018-10-04 14:00:00,0.9374329531163539,0.9774399808163176,0.7818448834944787,0.5217331713712432,0.4474481231785867
2018-10-04 15:00:00,1.0,1.0,0.7882222345004181,0.17086350760121505,0.18233532583090642
2018-10-04 16:00:00,1.0,1.0,0.42200550691305744,0.06169962064281996,1.0
2018-10-04 17:00:00,1.0,0.7478139514692979,0.744654152755906,0.033887301852864295,0.9441873214360885
2018-10-04 18:00:00,0.8358360826018413,0.0,0.37056696554630086,0.18640011941789802,1.0
2018-10-04 19:00:00,0.42709039481225713,0.07958609383825933,0.43821677486186655,0.42081707040162536,0.33083432368095617
2018-10-04 20:00:00,0.5119959091140958,0.04170764723281483,0.4659391264351898,0.24587414257966672,0.06753921116268741
2018-10-04 21:00:00,0.4797295992345583,0.03436630081612526,0.837956326980935,0.16265249675687923,0.0
2018-10-04 22:00:00,0.4773913165676904,0.05766982831177006,1.0,0.0,0.0
2018-10-04 23:00:00,0.8894837783033963,0.0,0.46948956650374507,0.0,0.04177261905992382
2018-10-05 00:00:00,1.0,0.0,0.18058460521677414,0.0,0.01788876278680224
2018-10-05 01:00:00,1.0,0.05831681532491757,0.12011991617379317,0.027956224317727787,0.0
2018-10-05 02:00:00,0.7512233284587383,0.028270495843905678,0.16863097717899525,0.00046434304294177767,0.0
2018-10-05 03:00:00,0.9752679231768581,0.07945935597655879,0.0,0.020821971458748503,0.0
2018-10-05 04:00:00,0.9972010290218306,0.23088345650001885,0.0,0.012867800853590058,0.0
2018-10-05 05:00:00,0.951433150239909,0.3150563347017895,0.0,0.047439119774159884,0.0
2018-10-05 06:00:00,1.0,0.5958261293151986,0.0,0.17018338841776456,0.04193183276334982
2018-10-05 07:00:00,0.6141835577795669,0.4294562654317651,0.058473363034680155,0.33720291586850376,0.08306262486292644
2018-10-05 08:00:00,0.680189393718126,0.34608065353303696,0.03923022814573854,0.4370783082338806,0.06762454161682815
2018-10-05 09:00:00,1.0,0.09523083366011152,0.0,0.22942515969989882,0.0
2018-10-05 10:00:00,1.0,0.18015972267229782,0.0,0.15298270241945502,0.0
2018-10-05 11:00:00,0.773543400156141,0.46448600893771014,0.0,0.0721492934703552,0.0
2018-10-05 12:00:00,0.5853689807952219,0.51428392625785,0.0,1.0,0.0
2018-10-05 13:00:00,0.5353266970306574,0.43700783529521686,0.0,1.0,0.0
2018-10-05 14:00:00,0.5553617467581641,0.14116285795889105,1.0,1.0,0.0
2018-10-05 15:00:00,0.4138893084804939,0.038889822940013745,1.0,1.0,0.01641993347673349
2018-10-05 16:00:00,0.4243991090342,0.0,1.0,1.0,0.8079464549576293
2018-10-05 17:00:00,0.24326636127968915,1.0,1.0,1.0,0.0
2018-10-05 18:00:00,0.10507751694590434,1.0,1.0,1.0,1.0
2018-10-05 19:00:00,0.037874053633483014,1.0,1.0,0.8225677906648629,0.9352659001228336
2018-10-05 20:00:00,1.0,1.0,1.0,1.0,0.2997043939277781
2018-10-05 21:00:00,1.0,1.0,0.4109570112034759,0.977284331810542,0.37097021201988384
2018-10-05 22:00:00,1.0,1.0,0.32308392574405936,0.2508085003381819,0.21126709081939749
2018-10-05 23:00:00,1.0,0.835696276830442,0.06188792487167609,0.05419127942982277,0.4210878264376996
2018-10-06 00:00:00,1.0,0.22226090863433667,0.04890288616981089,0.0,0.37599747495250163
2018-10-06 01:00:00,1.0,0.08244779872970594,0.03455764110014239,0.0,0.1439426200547964
2018-10-06 02:00:00,0.5228476308468362,0.04831298142805641,0.0,0.0,0.044208815429968525
2018-10-06 03:00:00,0.22525447051753872,0.008642858351227044,0.0,0.0,0.04298388962777725
2018-10-06 04:00:00,0.4086429160515715,0.0,0.0,0.23561911313566164,0.03364430212653841
2018-10-06 05:00:00,0.424165128874604,0.0,0.0,0.34488923436920976,0.0
2018-10-06 06:00:00,0.3326896354109425,0.0,0.0,0.25916383021721956,0.0
2018-10-06 07:00:00,0.24518542135806062,0.0,0.0,0.17597032057203477,0.0
2018-10-06 08:00:00,0.12743910629516245,0.0,0.0024150301074173514,0.0690075484174732,0.0
2018-10-06 09:00:00,0.1350210590416933,0.013406594519854063,0.0,0.055703519809819683,0.04702839684590361
2018-10-06 10:00:00,0.11034058505109177,0.15116663469030367,0.04616753849690097,0.1322881941536835,0.09672487568665038
2018-10-06 11:00:00,0.08301005950148085,0.14951145126124812,0.18296772700993194,0.2689720978080057,0.16784624557441724
2018-10-06 12:00:00,0.06941710202031731,0.2659561788928616,0.22047667212174193,0.693041445510354,0.22797797196766154
2018-10-06 13:00:00,0.09395887352854031,0.42811617472395985,0.1647233374905674,0.5223734378153889,0.326048861001461
2018-10-06 14:00:00,0.19729354790754966,0.5182744126162964,0.30713657524871074,0.7090382113628503,0.3192781210002402
2018-10-06 15:00:00,0.2875695472868268,0.48132483248836344,0.5064567648352868,0.7432319244899581,0.22386955650435858
2018-10-06 16:00:00,0.5063669628691272,0.5832032797395487,0.5529119035881738,0.9112687589678217,0.48997717944523783
2018-10-06 17:00:00,0.5516690945962155,0.6627186014629112,0.5769714457547904,0.9314381311432668,0.6430696378637734
2018-10-06 18:00:00,0.6554410437843071,0.7176425636489924,0.7026520955184493,1.0,0.13668154314513126
2018-10-06 19:00:00,0.8059357316957713,0.8187258934310845,0.5627523528338751,1.0,0.4042149222044259
2018-10-06 20:00:00,0.7539264263391615,0.7305275940590709,0.9023937016649427,1.0,0.36809500585794935
2018-10-06 21:00:00,0.3323931998478865,0.6033885309324034,0.6962699292105038,1.0,0.4953594926816944
2018-10-06 22:00:00,0.38755555404766345,0.5242440684747095,0.4790156332059972,1.0,0.1632638715018042
2018-10-06 23:00:00,0.29721358595463504,0.3901711639473289,0.4900804253329079,0.9447816428502047,0.0610569326927457
2018-10-07 00:00:00,0.7632337616161761,0.42341003987489373,0.6377598256882007,1.0,0.0
2018-10-07 01:00:00,0.5370999626361364,0.25745292786169316,0.5697301704326868,1.0,0.0
2018-10-07 02:00:00,0.8037417872104916,0.09301919623288396,0.49913432871800584,1.0,0.0
2018-10-07 03:00:00,0.5463447112322798,0.1330399663800913,0.3140597691086602,0.7191144463398198,0.0
2018-10-07 04:00:00,0.575269071780505,0.05753049314647114,0.2806847450840326,0.4545580490439949,0.0
2018-10-07 05:00:00,0.35771057598741346,0.08858687602018094,0.384066869414014,0.4937858089747721,0.0
2018-10-07 06:00:00,0.44511927758403697,0.11993650472170186,0.1893724959674715,0.6508864261356223,0.0
2018-10-07 07:00:00,0.43811753335898995,0.0,0.21476509754660592,0.25108866344743985,0.0
2018-10-07 08:00:00,0.2698039689108909,0.0,0.17163300481339547,0.5035045967408793,0.0
2018-10-07 09:00:00,0.2435993536916541,0.0367941090366251,0.13615105691685145,0.2987689435278386,0.0
2018-10-07 10:00:00,0.16530459189538138,0.04379461152597177,0.21234272400485898,0.05788549601265045,0.0
2018-10-07 11:00:00,0.1316362580126376,0.07934350955414399,0.10998961159758884,0.11062561929828658,0.0
2018-10-07 12:00:00,0.1597005050161807,0.0,0.08352684553346425,0.2178719386918339,0.07894123209745024
2018-10-07 13:00:00,0.1803333584950761,0.016160222497947112,0.06878058960022633,0.2111555061367554,0.09728001833242111
2018-10-07 14:00:00,0.40162234881044695,0.018644556426732756,0.14950995987516208,0.21221743574945884,0.0
2018-10-07 15:00:00,0.3723868440055682,0.018483803585301682,0.15153301358884352,0.05072072364758227,0.0749567414623505
2018-10-07 16:00:00,0.3877462649488948,0.039755699374275213,0.06859609041393644,0.0,0.12921978794217073
2018-10-07 17:00:00,1.0,0.28084157838140117,0.0870077854629559,0.06424367760039244,0.2994858910816244
2018-10-07 18:00:00,1.0,0.1059839239566423,0.12003166554397232,0.008906652259492186,0.0459986733232437
2018-10-07 19:00:00,1.0,0.22551292300434958,0.05748925774046753,0.1693793017436764,0.04557418055702656
2018-10-07 20:00:00,1.0,0.12154396210823044,0.17957708436730302,0.03741516054290558,0.031515257619508776
2018-10-07 21:00:00,0.41488850696260915,0.0,0.25910322523742435,0.07359027341702722,0.21889082369432367
2018-10-07 22:00:00,1.0,0.06590884927585083,0.6584201543091743,0.1315093956701428,0.2368756534350379
2018-10-07 23:00:00,0.9296797872057456,0.6781154081634492,0.09275387316373603,0.3753719107083002,0.0201876249609334
2018-10-08 00:00:00,0.5029778284007798,0.8502159930084454,0.3198438307160071,0.42059252953265636,0.0
2018-10-08 01:00:00,0.31721084990640325,0.9000720886972531,0.15213322111125702,0.3694105974566602,0.05726916351322499
2018-10-08 02:00:00,1.0,0.7748091927841531,1.0,0.5108929128779728,0.06553827694364933
2018-10-08 03:00:00,0.254815537630939,0.2349130410717518,0.22331127751402316,0.22031885450329303,0.13053118663851948
2018-10-08 04:00:00,0.29894982144104554,1.0,0.36627783102076367,0.5849782084307631,0.14323672713317545
2018-10-08 05:00:00,0.07394995549636811,1.0,0.5105838338325888,0.2357369513360395,0.0
2018-10-08 06:00:00,0.029998309316359457,1.0,0.4906659453558368,0.5466191239839554,0.0
2018-10-08 07:00:00,0.0,1.0,0.5887586539827133,0.5705622066214289,0.0
2018-10-08 08:00:00,0.04996816128768232,1.0,0.3245270750929426,0.25339294886834507,0.0
2018-10-08 09:00:00,0.07682643444131565,1.0,0.34863081034696597,0.3910887115116831,0.0
2018-10-08 10:00:00,0.15890986393249362,0.7701452906266583,0.5576288401987274,0.3028358790904631,0.040432240703816735
2018-10-08 11:00:00,0.3435566931017558,0.845922422627635,0.2892201400500038,0.2144201694054988,0.0
2018-10-08 12:00:00,0.2688648610257522,0.5106450488809466,0.12072689178314756,0.03395844499825658,0.0
2018-10-08 13:00:00,0.14900903368448531,0.4685404774408886,0.19420906830191106,0.11958683955183119,0.0
2018-10-08 14:00:00,0.11461323260906935,0.205830503608205,0.11733288008412493,0.09882778672779871,0.05214897048515877
2018-10-08 15:00:00,0.37833811912936244,0.21435284328189383,0.10541452410307932,0.08081075375451928,0.17190051691781758
2018-10-08 16:00:00,0.3383666293297435,0.20902638098583817,0.04591628731428786,0.048442863758088,0.20175029897274793
2018-10-08 17:00:00,0.3267650217117416,0.315368345562107,0.09690475776646285,0.06871518491467263,0.0
2018-10-08 18:00:00,0.38156056630703644,0.3399965131173226,0.14023608563963375,0.03857552387631216,0.06868297155839931
2018-10-08 19:00:00,0.4938719503035997,0.22548799090131086,0.059968228590092966,0.02369171405872214,0.04581581695517819
2018-10-08 20:00:00,0.22991234193052393,0.20425345855712204,0.1860101091289248,0.0,0.0453886379280482
2018-10-08 21:00:00,0.19043614267761563,0.22592001553322127,0.1282732788397215,0.027538698960290143,0.07577226236354836
2018-10-08 22:00:00,0.22907748435723702,0.27986509937035303,0.11598714649340362,0.02081637467909337,0.05307152167501215
2018-10-08 23:00:00,0.44061145859737977,0.23285161466920637,0.05561143788715204,0.0,0.13530846054860604
2018-10-09 00:00:00,0.44306691867940756,0.342801964939129,0.06993774404760984,0.025422844721461692,0.0
2018-10-09 01:00:00,0.5533193509830486,0.33414368349658874,0.16116415712598428,0.0,0.04047522687734259
2018-10-09 02:00:00,0.5573443682919066,0.3170508425532835,0.25637327056142883,0.0,0.05254684244734343
2018-10-09 03:00:00,0.7121320897692537,0.32760765533633535,0.5133397909319656,0.0029395435651288155,0.0
2018-10-09 04:00:00,0.6691227726970619,0.3353300055944886,0.45422036862030596,0.0,0.0
2018-10-09 05:00:00,0.5741073420285351,0.7737854917268344,0.5275482928395677,0.10116925694781913,0.0
2018-10-09 06:00:00,1.0,0.3173919497306141,0.487910295309796,0.2153678411483848,0.0
2018-10-09 07:00:00,1.0,0.8569578380102348,0.2889043553377361,0.20361353073179037,0.0
2018-10-09 08:00:00,1.0,1.0,0.4466889070617466,0.2127370518822213,0.013307062528190462
2018-10-09 09:00:00,0.8213518826932972,0.9629260447743374,0.8014731307534436,0.32388659022741045,0.07098945998049135
2018-10-09 10:00:00,0.6517174279114998,1.0,0.7648642133032463,0.18013245473026487,0.0
2018-10-09 11:00:00,0.6947355393901811,0.9297070942692356,0.874802870129943,0.3682213109685566,0.0
2018-10-09 12:00:00,1.0,0.9845371758865663,0.6914599954367693,0.21428178505131762,0.0
2018-10-09 13:00:00,1.0,0.7444536631235915,0.5247066288843583,0.27970799343997077,0.015518580120764265
2018-10-09 14:00:00,1.0,1.0,0.78438060111218,0.3982660744925409,0.0005914402694164664
2018-10-09 15:00:00,1.0,0.8053217728794101,0.8583496156316553,0.511094398533967,0.04822011011018397
2018-10-09 16:00:00,1.0,0.4502958487262137,0.7178126425089122,0.5794297606875222,0.04489000877034338
2018-10-09 17:00:00,0.8341245112145692,0.42378112927617,0.5819510687199918,0.6286884872624576,0.012056262480925511
2018-10-09 18:00:00,0.5640934898256916,0.3903670716161071,0.9177473334229198,0.6096794820355782,0.08884799770350602
2018-10-09 19:00:00,0.6627682339337195,0.4937693724056571,0.9345105007588266,0.4477148699914211,0.08048311721503637
2018-10-09 20:00:00,0.8247609060145487,0.48552355987350376,0.7077685397491262,0.30414244144140656,0.13874461592112675
2018-10-09 21:00:00,1.0,0.7338580719138527,0.9267037865319705,0.25285350786976885,0.048940483239962834
2018-10-09 22:00:00,0.8145302735005765,0.828331623786981,1.0,0.2960651608416912,0.02523480783175406
2018-10-09 23:00:00,0.6265080703509616,0.4761624433591536,0.9744808991645215,0.4016345817531331,0.07725836114601929
2018-10-10 00:00:00,0.706711417698232,0.5954601481470252,0.8451867911133726,0.5308391363270282,0.04917565308540088
2018-10-10 01:00:00,0.44761111629095224,0.41038302717472575,0.7081926641901786,0.584651421209346,0.08186828071295743
2018-10-10 02:00:00,0.30977518955027394,0.3614153190180847,0.6847219778821336,0.46799757089563354,0.16900174533546086
2018-10-10 03:00:00,0.23725049558083552,0.22630163637449277,0.8725467211240069,0.524091184391225,0.16448621568882768
2018-10-10 04:00:00,0.23544548969706527,0.16787337842817798,1.0,0.4616291413921581,0.17111081631689876
2018-10-10 05:00:00,0.48215132092149937,0.10602081851120874,0.5694315163712784,0.30395259611392506,0.19122944747026607
2018-10-10 06:00:00,0.5651903324960146,0.046459271444590174,0.45260396070506187,0.1628945247313828,0.2391510563685383
2018-10-10 07:00:00,0.2732497008005189,0.15309310167806583,0.5700336346928849,0.042829817158689706,0.11312977270668641
2018-10-10 08:00:00,0.11256505628864943,0.20757322801281014,0.7700782832643203,0.08882369223072267,0.12439321355782174
2018-10-10 09:00:00,0.05236934164351222,0.09102747899211901,0.6202977666707773,0.1321135433072621,0.08650901179958889
2018-10-10 10:00:00,0.003096260671611238,0.07227905490519622,0.34876961223807346,0.01960453738412866,0.11838604510388283
2018-10-10 11:00:00,0.0,0.0,0.2708907658201689,0.0266914844665431,0.06928025304668957
2018-10-10 12:00:00,0.0,0.028304729539626466,0.336632172631808,0.021108569305444747,0.08639042778108982
2018-10-10 13:00:00,0.0,0.0969463127869357,0.30947485142013115,0.02143284007983203,0.05274818603722046
2018-10-10 14:00:00,0.0,0.11328963703977585,0.15079799876217923,0.010947769150374825,0.0
2018-10-10 15:00:00,0.0016253054997212454,0.14080668617580727,0.17002931917858458,0.0,0.009518912876325468
2018-10-10 16:00:00,0.08777836630126762,0.21065289157450895,0.07933748247286287,0.0,0.04457687382144654
2018-10-10 17:00:00,0.16785886340117948,0.09117275050772301,0.36114717512409317,0.0,0.06225849038658396
2018-10-10 18:00:00,0.2527510101714482,0.1166538710190999,0.19133326452815846,0.0,0.08722511612656786
2018-10-10 19:00:00,0.3271237807649151,0.1189052402085753,0.0423825271929594,0.030019235788632536,0.11732489006857781
2018-10-10 20:00:00,0.3308848291788343,0.041870608101312046,0.01877236501770479,0.0,0.07588974071728148
2018-10-10 21:00:00,0.34484634649316576,0.020561804723444387,0.0,0.00534645655848063,0.10431830614304018
2018-10-10 22:00:00,0.4511233980506504,0.0,0.0,0.02894263091373273,0.3701885543630457
2018-10-10 23:00:00,0.1627813824276597,0.0,0.0,0.0649564416317562,0.2540598635323969
2018-10-11 00:00:00,0.1230125011806086,0.0,0.0,0.09343922655054364,0.18829411049040384
2018-10-11 01:00:00,0.08567863341437343,0.02745683006144232,0.0,0.12566209811504336,0.15787234447738563
2018-10-11 02:00:00,0.05679199736455295,0.046164849445606476,0.0,0.12416397007460524,0.1112608353920209
2018-10-11 03:00:00,0.06682366728716833,0.06267702945748006,0.0,0.08307475443019591,0.10002678871828141
2018-10-11 04:00:00,0.10576178458089984,0.13628826588811435,0.0,0.050684090734077474,0.13864755168573575
2018-10-11 05:00:00,0.1052813092910463,0.19870808631838394,0.029876685444637778,0.10567225316484,0.08986054716912596
2018-10-11 06:00:00,0.17674661392048197,0.24279816838931523,0.02558154845718646,0.10702794476882388,0.06289793911138346
2018-10-11 07:00:00,0.3189183791015877,0.36871393459524615,0.023260521586943944,0.13369135429555157,0.05446127363734604
2018-10-11 08:00:00,0.3158789509474359,0.41491262444309407,0.017901828234465598,0.18786965318626556,0.055922004160764344
2018-10-11 09:00:00,0.3639163218687583,0.26025213213122184,0.0300564771021191,0.27743586230189066,0.019413635989765303
2018-10-11 10:00:00,0.49521286476366183,0.3525158281236983,0.12081706471134628,0.14185724461018714,0.0
2018-10-11 11:00:00,0.6700454842835567,0.37301253793371464,0.10981844493537248,0.04640743391177339,0.0
2018-10-11 12:00:00,0.688192258107961,0.3318861690233128,0.2832317757941863,0.026057649018735106,0.0
2018-10-11 13:00:00,0.840625793491783,0.20703146899931296,0.4818861819953087,0.007098153100006054,0.0
2018-10-11 14:00:00,0.945033569373519,0.3560162119193794,0.33117581348548264,0.026523353174494425,0.0
2018-10-11 15:00:00,0.9930244359427762,0.48036125594055223,0.18407158875744592,0.12281258808039457,0.06664303918330522
2018-10-11 16:00:00,0.8724770994274729,0.04392745545803065,0.14251252296135278,0.09174992528238302,0.02248072375900718
2018-10-11 17:00:00,0.9654002677448045,0.025463384910900402,0.1418461966646844,0.16888768661461132,0.0
2018-10-11 18:00:00,0.7732571976504635,0.0,0.35788061810452015,0.108540004562772,0.0
2018-10-11 19:00:00,0.8855456381708088,0.0,0.2625907139163725,0.09807056168558105,0.003984142831399481
2018-10-11 20:00:00,1.0,0.0,0.20755585433337714,0.1309477091259571,0.0
2018-10-11 21:00:00,0.9554878739892194,0.018150396910808848,0.08930935554778015,0.26720493868361955,0.008577986535551531
2018-10-11 22:00:00,0.8433085616789573,0.0,0.12762196938692424,0.723481070769657,0.04410963806186023
2018-10-11 23:00:00,0.5480227844681558,0.0,0.027887358317240835,0.4272895677956447,0.011925583186614555
2018-10-12 00:00:00,0.14847614920007618,0.0,0.0967736137587804,0.37184888341256417,0.0
2018-10-12 01:00:00,0.2707351074184944,0.0,0.057173465746811716,0.6822966539508346,0.0
2018-10-12 02:00:00,0.3872654902397583,0.024327000687975935,0.12902778755838054,0.5404672699415785,0.0
2018-10-12 03:00:00,0.4605763591464114,0.13688920170166155,0.461415562307212,1.0,0.0
2018-10-12 04:00:00,0.5514597736166752,0.5060919571167238,0.6313702492093669,1.0,0.0
2018-10-12 05:00:00,0.8385916466315448,0.15563967038451104,0.8946277662038147,0.6987812278493526,0.0
2018-10-12 06:00:00,0.7708843402802146,0.20010673747851448,1.0,0.3647450622370061,0.0
2018-10-12 07:00:00,0.41619884903339593,0.6241758269556262,1.0,0.17579544254871446,0.0
2018-10-12 08:00:00,0.2807899655940528,0.9912411912207227,0.6289636168584188,0.2859448046623908,0.03174247343566596
2018-10-12 09:00:00,0.3332856954692899,0.24747187640393833,0.4247658441339193,0.29008892862821023,0.016736883539384812
2018-10-12 10:00:00,0.3338201520013375,0.06202205335651073,0.27185889129990815,0.3774279154146595,0.0
2018-10-12 11:00:00,0.22561894904166033,0.0,0.2710452596586197,0.7448834508351365,0.0
2018-10-12 12:00:00,0.10257575252540706,0.0,0.27738328450425265,0.9563371919702387,0.08509532121563636
2018-10-12 13:00:00,0.029959370811535657,0.06162362307840529,0.27145529125955953,0.6915800099697001,0.09815374462113008
2018-10-12 14:00:00,0.0,0.08207325291856027,0.17100581732051387,0.18136033156965511,0.16483797431692634
2018-10-12 15:00:00,0.0,0.11723545395874635,0.10362865341490113,0.16241234037396923,0.1470479578299847
2018-10-12 16:00:00,0.0,0.16729601839695207,0.07763047882568867,0.10092258145578656,0.23326324757823097
2018-10-12 17:00:00,0.07339732067316777,0.11998695645416925,0.046924120448789436,0.22239199048609543,0.2626909792832213
2018-10-12 18:00:00,0.27661400198900843,0.15395214330664325,0.1670347494937784,0.33340134229308327,0.29508343076737203
2018-10-12 19:00:00,0.8407938966433579,0.26015506724629117,0.4666375593442884,0.43667834944068634,0.11100976014082645
2018-10-12 20:00:00,1.0,0.7827442206884802,1.0,0.2738886809570487,0.1530837071555092
2018-10-12 21:00:00,1.0,0.8594399093141546,1.0,0.17733461858505992,0.0
2018-10-12 22:00:00,1.0,0.5103015548030526,1.0,0.1370734400863408,0.04962725197853634
2018-10-12 23:00:00,1.0,0.21863737209043052,1.0,0.1587644874342043,0.11444990830160608
2018-10-13 00:00:00,1.0,0.004654031713429162,1.0,0.31895366662135166,0.08259787172938628
2018-10-13 01:00:00,1.0,0.0,1.0,0.3348959771108398,0.033669838268790914
2018-10-13 02:00:00,1.0,0.0,1.0,0.769383816623638,0.0996052862909825
2018-10-13 03:00:00,1.0,0.0256654018931942,0.6696994594488082,1.0,0.07337542789721534
2018-10-13 04:00:00,1.0,0.2682673113776703,0.22397020570195475,1.0,0.0
2018-10-13 05:00:00,1.0,0.9248998269021249,0.1347153422601447,0.3231738621249971,0.0
2018-10-13 06:00:00,1.0,0.8338721632073324,0.0760782018561888,0.4486242845928194,0.0
2018-10-13 07:00:00,0.8878507335547089,0.4386247364083341,0.04942899330448487,0.24118030866548557,0.0
2018-10-13 08:00:00,0.7848232204376403,0.40159301549761356,0.3285971744663477,0.23435085491220797,0.025757839895268052
2018-10-13 09:00:00,0.7932680369141899,0.3599507241371793,0.24029335861522866,0.4798340693215872,0.0
2018-10-13 10:00:00,0.6680831180046447,0.30145211447977516,0.12050688029517967,0.6913710866272753,0.0
2018-10-13 11:00:00,0.21686166168184848,0.6058223341387095,0.09811399867707932,0.37956278329729837,0.03308679978814477
2018-10-13 12:00:00,0.05795194732744066,0.3107393459180342,0.29995058386415335,0.10151950844188518,0.04806315306850496
2018-10-13 13:00:00,0.0014532817292494732,0.18149287954801988,0.24528725161393308,0.05814781423198781,0.06381803137834216
2018-10-13 14:00:00,0.0,0.08279042063099973,0.20827903992384503,0.1398864688279964,0.036354755866727484
2018-10-13 15:00:00,0.0,0.10988407620268094,0.30957236519213105,0.24134705015333777,0.12321568397330186
2018-10-13 16:00:00,0.0,0.14530143106185778,0.4538602348231246,0.6091832262515826,0.4668593075149186
2018-10-13 17:00:00,0.025407960186517566,0.5201516365074367,0.5341377870569188,1.0,0.6689245197789578
2018-10-13 18:00:00,0.2891884472980892,0.3418078212903262,1.0,1.0,0.19620737268429153
2018-10-13 19:00:00,0.7104890512761479,0.5834101135236984,1.0,1.0,0.08070729404862334
2018-10-13 20:00:00,1.0,0.5994507950986585,1.0,1.0,0.04094223307238646
2018-10-13 21:00:00,0.6496882915894764,0.32420392603326975,1.0,1.0,0.0
2018-10-13 22:00:00,0.4224433281775009,0.948974705388825,1.0,1.0,0.04777439228533416
2018-10-13 23:00:00,0.09913450219260642,1.0,1.0,1.0,1.0
2018-10-14 00:00:00,0.0,1.0,1.0,1.0,1.0
2018-10-14 01:00:00,0.18981269745391205,1.0,1.0,1.0,1.0
2018-10-14 02:00:00,1.0,1.0,1.0,0.7313891613592869,0.4921702233096988
2018-10-14 03:00:00,1.0,1.0,1.0,0.8478150364915258,0.37200029864859363
2018-10-14 04:00:00,1.0,1.0,1.0,1.0,0.4287906082359139
2018-10-14 05:00:00,1.0,1.0,1.0,0.7437998187752555,0.11783758069977565
2018-10-14 06:00:00,1.0,1.0,1.0,0.5131304719642021,0.07062876421852972
2018-10-14 07:00:00,1.0,1.0,1.0,0.6617650933929232,0.0
2018-10-14 08:00:00,1.0,1.0,0.7842667123027932,0.6060883842667458,0.029704706249393895
2018-10-14 09:00:00,1.0,1.0,0.6744134252901052,0.4765784748494937,0.21946670480024044
2018-10-14 10:00:00,1.0,1.0,0.7739248797230599,0.586964274120301,0.24372538967917232
2018-10-14 11:00:00,1.0,1.0,0.556692136724491,0.4555147440537806,0.25249004569219263
2018-10-14 12:00:00,0.9198744014074294,1.0,0.3209430911587406,0.5700742753900055,0.4031618320177972
2018-10-14 13:00:00,0.949937868069435,1.0,0.17653329728448186,0.7512078914997382,0.27413479787124684
2018-10-14 14:00:00,1.0,1.0,0.17101084014111506,0.6865074101343762,0.52336456609106
2018-10-14 15:00:00,1.0,0.8488271282073199,0.20473896670734804,0.4609213559082876,0.15541387781265506
2018-10-14 16:00:00,1.0,0.523066838290653,0.1689870491045611,0.3426499334965421,0.18989393595624757
2018-10-14 17:00:00,1.0,0.31386025930472217,0.33364262388007,0.5029476428403119,0.08224387170322746
2018-10-14 18:00:00,1.0,0.25239518553764445,0.6192933541043701,0.3814756051830803,0.07537751254387982
2018-10-14 19:00:00,1.0,0.2961306432798234,0.4688908833866332,0.26315435102859086,0.0
2018-10-14 20:00:00,0.6171210005853638,0.0910511285857724,0.20278240708543102,0.543258098886589,0.0
2018-10-14 21:00:00,0.5478612897900387,0.1372078226770061,0.16782062429065975,0.5263234009242763,0.0
2018-10-14 22:00:00,0.6201350370603279,0.11728665163728064,0.22803359367389886,0.41372256920537653,0.0
2018-10-14 23:00:00,0.6145247560690636,0.11705480551976385,0.3032851927220404,0.8000724225691138,0.0
2018-10-15 00:00:00,0.9350713307587072,0.22399999867258066,0.8012460431147095,0.7707543994405869,0.0
2018-10-15 01:00:00,0.7051764927061692,0.19252185810199293,1.0,0.6096580855374075,0.0
2018-10-15 02:00:00,0.5332706847252111,0.29993453778898627,1.0,0.43204032248269275,0.08666667497241663
2018-10-15 03:00:00,0.4097009193371476,0.35171961494603377,1.0,0.3437555074546561,0.042847955100620935
2018-10-15 04:00:00,0.4552472107558542,0.4946145605308884,1.0,0.8150453130287421,0.02210728081505376
2018-10-15 05:00:00,0.40435733633045917,0.4725732595364486,0.9794334707896882,1.0,0.021258173193078583
2018-10-15 06:00:00,0.4706092974555753,0.5811551340977521,0.9993786314946579,1.0,0.02754424169099078
2018-10-15 07:00:00,0.45797388574365383,0.5467902432538791,0.9543093013190636,1.0,0.022845675249839437
2018-10-15 08:00:00,0.42426861184328574,0.37366757470022016,0.6537882210136189,1.0,0.0
2018-10-15 09:00:00,0.2681305730777767,0.16403735670683825,0.3929405399077541,0.8097496662758012,0.0
2018-10-15 10:00:00,0.20458957537402087,0.1135150557175109,0.3661397228478201,0.3867131000320581,0.0
2018-10-15 11:00:00,0.1698241594725182,0.04867464240908051,0.2806757300315488,0.24053836843986423,0.0
2018-10-15 12:00:00,0.13772375042457013,0.04603574014400493,0.22812097049964844,0.17724720856666015,0.0
2018-10-15 13:00:00,0.05168017783749781,0.12291499889941944,0.21851295747354826,0.13352781054080984,0.0
2018-10-15 14:00:00,0.0466835110172176,0.030986279300117683,0.1270430855413384,0.15489035513383062,0.0
2018-10-15 15:00:00,0.009098846934191177,0.03197636029592517,0.09529809292558995,0.17307073093113853,0.0
2018-10-15 16:00:00,0.0,0.048739294611361894,0.1709321595625207,0.15251290198124434,0.0
2018-10-15 17:00:00,0.0,0.06395366761813034,0.22978235772352568,0.11054877318306505,0.0
2018-10-15 18:00:00,0.0,0.043801437763533686,0.2826713002925935,0.11977196175657029,0.0
2018-10-15 19:00:00,0.0,0.0,0.20685990844985577,0.32514985912292815,0.0
2018-10-15 20:00:00,0.0,0.0,0.3928311528460989,1.0,0.0
2018-10-15 21:00:00,0.10026522387841487,0.03676761699791166,0.6837101659529896,1.0,0.0
2018-10-15 22:00:00,0.2103648777251992,0.23986194068815106,1.0,0.5454634404122741,0.0
2018-10-15 23:00:00,0.2867617389484953,0.19389371902605254,1.0,0.39150592778924237,0.02910823478777585
2018-10-16 00:00:00,0.33403528328411963,0.41641528606780714,1.0,0.7033564642136977,0.03381656929431301
2018-10-16 01:00:00,0.3311094059453329,0.39983645641399973,1.0,1.0,0.05436589057906334
2018-10-16 02:00:00,0.8658861938353147,0.4166567361205933,1.0,1.0,0.04801892810061289
2018-10-16 03:00:00,1.0,0.3279453242646197,1.0,1.0,0.08327572936906358
2018-10-16 04:00:00,1.0,0.24167733211331613,1.0,1.0,0.08081545066244916
2018-10-16 05:00:00,1.0,0.1464741218052446,1.0,1.0,0.07048692012638583
2018-10-16 06:00:00,1.0,0.15690984810530298,0.9532386750366403,1.0,0.08245060535610772
2018-10-16 07:00:00,0.9964180642471773,0.20327870374461343,0.8985880573846228,0.9925352545916808,0.07753361574476923
2018-10-16 08:00:00,0.6870027265196825,0.23894786114561323,0.6486015379383828,1.0,0.07336854015580734
2018-10-16 09:00:00,0.27375312043221434,0.2774086447402219,0.4018351089814852,0.8060725032985259,0.04789148301322666
2018-10-16 10:00:00,0.15637303770163272,0.4088955845495666,0.2910425482304216,0.674399192604142,0.016163565856114778
2018-10-16 11:00:00,0.2082722279878319,0.4370662891691301,0.22410389166953337,0.5195910685413259,0.0
2018-10-16 12:00:00,0.30352748658259165,0.37582347979977443,0.2654555174989446,0.24792869134381407,0.0
2018-10-16 13:00:00,0.2084212526453426,0.24289800675706025,0.261597601790371,0.17194813166949968,0.0
2018-10-16 14:00:00,0.14270051169475384,0.2808027434858274,0.3007863381145647,0.14227748568942722,0.0
2018-10-16 15:00:00,0.08241034795759784,0.2671625920081081,0.36052465927314853,0.13474418810166156,0.0
2018-10-16 16:00:00,0.12295640917570881,0.24777370970334003,0.28997816952190064,0.03795188036631248,0.0
2018-10-16 17:00:00,0.1706384158421196,0.1269615848643654,0.09354686918402691,0.022942232345994455,0.0
2018-10-16 18:00:00,0.07411584677505936,0.11978768046871195,0.06292035056704819,0.0,0.0
2018-10-16 19:00:00,0.10414400604196923,0.057961975557565625,0.0,0.0,0.013752226760794618
2018-10-16 20:00:00,0.0895176121404623,0.41391311905418265,0.2888477762544721,0.0,0.0
2018-10-16 21:00:00,0.017983229398867442,0.3843556522862212,0.48016205714967297,0.0,0.06734052503622032
2018-10-16 22:00:00,0.08106876293380556,0.3226107932716683,0.6792285637750405,0.019359298775006493,0.08368149786181198
2018-10-16 23:00:00,0.07678693396009699,0.23825453298387023,0.5992482848743822,0.0,0.06712901433611804
2018-10-17 00:00:00,0.21790853050888775,0.22787807511306118,0.3720025877420009,0.0,0.04770203236439617
2018-10-17 01:00:00,0.09850412468292075,0.13380521763929393,0.18473282163317511,0.0,0.07052915203016334
2018-10-17 02:00:00,0.05188172867614863,0.054983803964181975,0.07208688879997942,0.0,0.04716053296305368
2018-10-17 03:00:00,0.18207145423517235,0.0,0.10059920675615558,0.0,0.11722334739045255
2018-10-17 04:00:00,0.11146517567947649,0.0,0.18232703630309696,0.0,0.0986230469001592
2018-10-17 05:00:00,0.12252242307987368,0.0,0.14307979270666865,0.0,0.04968320837481622
2018-10-17 06:00:00,0.032961133966740365,0.0,0.07751314373484468,0.013516321970529058,0.10332165664155843
2018-10-17 07:00:00,0.008581385106255387,0.0,0.06863194198280306,0.0564812959202427,0.08561439061023092
2018-10-17 08:00:00,0.021110721444951384,0.0,0.0,0.17090342559970553,0.0
2018-10-17 09:00:00,0.0,0.0,0.0,0.08675142527552251,0.0
2018-10-17 10:00:00,0.0,0.027826012848057833,0.0,0.1612130060587433,0.0
2018-10-17 11:00:00,0.07145607562782519,0.07936686720924183,0.0,0.24275992438502725,0.04229037193303888
2018-10-17 12:00:00,0.13354308929683756,0.18978684670315926,0.0,0.2423746299509603,0.11944167077717968
2018-10-17 13:00:00,0.12079442783297585,0.29761287776915074,0.04054956367980505,0.2766959354337731,0.23773997183602266
2018-10-17 14:00:00,0.196067200679636,0.5741872311578899,0.05302452593498367,0.2847883448293628,0.6639051373324197
2018-10-17 15:00:00,0.3622559581505837,0.6820343478433012,0.11035377193950982,0.26804466175847785,0.7399449148340134
2018-10-17 16:00:00,0.4101786388574099,0.56516961662896,0.16833945854678034,0.24750729435698182,0.48975299346557405
2018-10-17 17:00:00,0.21476924082573434,0.4666151396416138,0.1734389695347041,0.32850463970087806,0.6815279098445229
2018-10-17 18:00:00,0.17442676472402316,0.48476516765444405,0.11663937491459865,0.35137580364914567,0.5547338581161442
2018-10-17 19:00:00,0.2923814199632405,0.4557397192224286,0.46268739707523615,1.0,0.23673099400581607
2018-10-17 20:00:00,0.6246764628988566,0.5230924888128332,0.8336736885524578,1.0,0.2436663874516051
2018-10-17 21:00:00,0.7213595084274812,0.4856718312098392,0.9862853996402711,1.0,0.41635351096101747
2018-10-17 22:00:00,0.6243330378520712,0.433301338803542,1.0,1.0,0.6275932950352952
2018-10-17 23:00:00,1.0,0.5892424618738061,1.0,1.0,0.5225252753967958
2018-10-18 00:00:00,1.0,0.4476747606941623,1.0,1.0,0.3666696818867686
2018-10-18 01:00:00,1.0,0.47287159192269884,1.0,1.0,0.026814579050984926
2018-10-18 02:00:00,1.0,0.41140799514918003,1.0,1.0,0.00208941096994306
2018-10-18 03:00:00,1.0,0.3402250251157146,1.0,1.0,0.0
2018-10-18 04:00:00,1.0,0.6439959266790911,1.0,1.0,0.0
2018-10-18 05:00:00,0.9648669252043021,0.8885974489035483,1.0,1.0,0.0
2018-10-18 06:00:00,0.9611967249802675,0.8061166175627189,1.0,1.0,0.0
2018-10-18 07:00:00,1.0,0.6181695100194149,1.0,1.0,0.0
2018-10-18 08:00:00,1.0,0.35553752130391725,1.0,0.7515310074763969,0.0
2018-10-18 09:00:00,0.9108691186907963,0.4459655943898967,1.0,0.3784586756431921,0.0
2018-10-18 10:00:00,0.8618748849339739,0.6469925776895082,1.0,0.265048113628015,0.0
2018-10-18 11:00:00,1.0,0.8439770990512525,1.0,0.0,0.0
2018-10-18 12:00:00,1.0,0.9242144805316912,1.0,0.0,0.0
2018-10-18 13:00:00,1.0,0.9957330384304167,1.0,0.0,0.07362272382288752
2018-10-18 14:00:00,1.0,0.8321267852019218,1.0,0.0,0.2234178279247254
2018-10-18 15:00:00,1.0,0.6665297020717426,1.0,0.0,0.31184769504241616
2018-10-18 16:00:00,1.0,1.0,1.0,0.03813643233528226,0.511198297855106
2018-10-18 17:00:00,1.0,0.9319280376601862,1.0,0.059159373892416815,0.3350569741039582
2018-10-18 18:00:00,1.0,0.9612398490361503,1.0,0.0,0.17305428332212022
2018-10-18 19:00:00,1.0,0.2534516589280835,0.6146069776851796,0.2900834422452596,0.1576193582661368
2018-10-18 20:00:00,1.0,0.07556114058601615,0.3818054782240271,0.10986487471087639,0.0
2018-10-18 21:00:00,0.9710707195204088,0.020428426534674658,0.248213386826462,0.0,0.05040243445885661
2018-10-18 22:00:00,0.9154549030398385,0.0,0.3582561135236918,0.9060099703948002,0.08404594196910257
2018-10-18 23:00:00,0.8576314226926679,0.07187413942880809,0.4979027552688946,1.0,0.21241701226889678
2018-10-19 00:00:00,0.8679182660817074,0.5364293798429298,0.31485953777031167,1.0,0.12612911264803392
2018-10-19 01:00:00,0.8125095133867999,0.8613977283020422,0.36884801557155833,1.0,0.03974778802750353
2018-10-19 02:00:00,0.5424900619683497,1.0,0.5552312761940933,0.9780118023929998,0.3150604902305431
2018-10-19 03:00:00,1.0,1.0,1.0,1.0,0.5110136237662795
2018-10-19 04:00:00,1.0,0.937169884789455,1.0,1.0,0.45766724825979144
2018-10-19 05:00:00,1.0,0.6716097980303539,1.0,1.0,0.45064438873657947
2018-10-19 06:00:00,1.0,1.0,1.0,1.0,0.603862477860282
2018-10-19 07:00:00,1.0,1.0,1.0,1.0,0.6469291506644713
2018-10-19 08:00:00,0.6931217275724948,0.7180240482061251,1.0,1.0,0.5303111073433865
2018-10-19 09:00:00,0.9105728340294527,0.9887497350697412,1.0,1.0,0.3083932509967326
2018-10-19 10:00:00,0.7921543276775028,1.0,1.0,1.0,0.07404843339555983
2018-10-19 11:00:00,0.778131271969467,1.0,1.0,1.0,0.22142887622300508
2018-10-19 12:00:00,0.6784613759967251,0.9702759388326766,1.0,0.9876852724927017,0.06828908742080918
2018-10-19 13:00:00,0.674955762947329,0.737122403404843,1.0,0.8131978325560273,0.23348297757513
2018-10-19 14:00:00,0.6665682643766914,0.4740811192667188,0.901345034584467,0.5202821777247196,0.4681604160271909
2018-10-19 15:00:00,0.5552408506656542,0.5920755960798763,0.6971990846247691,0.354797003676033,0.23234077747018272
2018-10-19 16:00:00,0.3108528337253198,0.5224989648494341,0.4949039179190577,0.2900668728735921,0.13052905648287658
2018-10-19 17:00:00,0.3813566919085774,0.4537993316228767,0.3354442824824726,0.17027070667124636,0.030060028005143503
2018-10-19 18:00:00,0.5137038433112512,0.2512833997047992,0.15053359696608473,0.17560512088484848,0.14652045900042246
2018-10-19 19:00:00,0.7337259607524017,0.08925011455885931,0.09357324208625042,0.057745837438602884,0.07735953375389977
2018-10-19 20:00:00,0.968625718311884,0.0759747477070694,0.07332027268614275,0.03466262851955901,0.07101627193102877
2018-10-19 21:00:00,1.0,0.0,0.0,0.0,0.033374096151891554
2018-10-19 22:00:00,0.9565796310395915,0.03345936973534979,0.0,0.0,0.0
2018-10-19 23:00:00,0.680382399115449,0.0,0.04719681797843568,0.0,0.0
2018-10-20 00:00:00,0.3512762110309309,0.0,0.11975161263016768,0.0,0.0
2018-10-20 01:00:00,0.14051328918277137,0.0,0.25241474254709556,0.028681556899163525,0.0
2018-10-20 02:00:00,0.024700201611293552,0.08886890098589485,0.5841066548512878,0.06477521185970564,0.008239635056971754
2018-10-20 03:00:00,0.0,0.2661722858849177,0.8061322028117999,0.10801981801720194,0.069922225558145
2018-10-20 04:00:00,0.0,0.3469161301894404,1.0,0.1742071847981929,0.08680602485354556
2018-10-20 05:00:00,0.1262214880143575,0.2736364190394268,0.6883593860347864,0.36278750153963013,0.04398752116770081
2018-10-20 06:00:00,0.23186066494427102,0.22836668032641894,0.46186318171961527,0.3558010986547723,0.06919445508149283
2018-10-20 07:00:00,0.3213900407896978,0.10691256505441485,0.2364272319326348,0.21009679713675813,0.06700712815084285
2018-10-20 08:00:00,0.11524459245851441,0.09950216043313298,0.02962179509592183,0.09406158828329068,0.04236487606939592
2018-10-20 09:00:00,0.0,0.0,0.0,0.0,0.0
2018-10-20 10:00:00,0.0,0.026502649205957633,0.0,0.0,0.0
2018-10-20 11:00:00,0.0,0.02757630021696777,0.0,0.0,0.0
2018-10-20 12:00:00,0.0,0.02988497733417669,0.0,0.0,0.0
2018-10-20 13:00:00,0.0,0.035609939452298726,0.007294267515241435,0.0,0.0
2018-10-20 14:00:00,0.0,0.02199861746289279,0.013664825070398517,0.0,0.025149504459840575
2018-10-20 15:00:00,0.02383940962568723,0.02551173018111219,0.029270717940521385,0.03012432694524328,0.0661010361856343
2018-10-20 16:00:00,0.09328078730899911,0.07315222425837727,0.08921192305719547,0.07271504350802646,0.1374705295520927
2018-10-20 17:00:00,0.21864165121103382,0.12099141434537425,0.23578738562864948,0.20550474505267985,0.16313579164306605
2018-10-20 18:00:00,0.4841146053129111,0.1408350965451901,0.5864194847195763,0.2512474774503307,0.1988443735357233
2018-10-20 19:00:00,0.8488830083924186,0.4011959239877295,1.0,0.3918526749881362,0.3863473147278552
2018-10-20 20:00:00,1.0,1.0,1.0,0.7562124547492894,0.0
2018-10-20 21:00:00,1.0,1.0,0.9605656024121995,1.0,0.0
2018-10-20 22:00:00,1.0,0.8225770159206174,1.0,1.0,0.0158878963630065
2018-10-20 23:00:00,1.0,0.6960073039102744,0.8527101079351578,1.0,0.14381465038964697
2018-10-21 00:00:00,1.0,0.5998628611024444,0.7742089932393031,0.6212623045943426,0.12089916499636463
2018-10-21 01:00:00,1.0,0.1166886653225484,0.8316255559710856,0.13069674900898418,0.09040814331085574
2018-10-21 02:00:00,1.0,0.023365127750068476,1.0,0.1609707661307666,0.028836439402186404
2018-10-21 03:00:00,1.0,0.0,1.0,0.20105043150588617,0.0
2018-10-21 04:00:00,1.0,0.0,1.0,0.5631394910042081,0.02514532393269629
2018-10-21 05:00:00,1.0,0.0,0.5856450511390069,1.0,0.19900809382052087
2018-10-21 06:00:00,1.0,0.033093083870701964,0.9580250274964845,1.0,0.11077784182731686
2018-10-21 07:00:00,1.0,0.028859312672523365,0.9038609621856665,1.0,0.06179205368720102
2018-10-21 08:00:00,1.0,0.1506107047691963,0.16556822453072967,0.8709291577844933,0.05764697478169853
2018-10-21 09:00:00,0.9965031125480613,0.25500055684805134,0.017965687701037267,0.44561157221524084,0.04336507446985502
2018-10-21 10:00:00,0.9865575696309474,0.20692744919296222,0.0224825153194649,0.18762151133846722,0.0
2018-10-21 11:00:00,0.7047731542991241,0.1844419823129537,0.0370034413295038,0.11177241250356473,0.024594693272347305
2018-10-21 12:00:00,0.38547454359642386,0.19825339875404013,0.022847895179919683,0.06729483217735534,0.04174637681647014
2018-10-21 13:00:00,0.37725666847303124,0.16969544635277545,0.0,0.04282938363476973,0.024518688212182876
2018-10-21 14:00:00,0.10887303850710237,0.17873160751087183,0.012755174300714277,0.06099096551357142,0.06413143127699254
2018-10-21 15:00:00,0.09005365778503206,0.10389296536278517,0.020182036892898016,0.03134431365482554,0.06413143127699254
2018-10-21 16:00:00,0.3696936964543869,0.07687529473853484,0.05357640712153758,0.0,0.08620038518231707
2018-10-21 17:00:00,0.4853761381962716,0.041551258863961604,0.15539065928685045,0.23650862834010347,0.019644525129874524
2018-10-21 18:00:00,0.760428069001111,0.046157376181186614,0.2761538964537926,0.21857398779239293,0.0
2018-10-21 19:00:00,0.8047606807373765,0.0,0.11464998273245594,0.22432493174808132,0.0
2018-10-21 20:00:00,0.8397483701159351,0.14273722049231605,0.0,0.1484258636827705,0.0
2018-10-21 21:00:00,0.5295172738853313,0.034427433313641925,0.08961605613675241,0.4339840052694205,0.020806638908436165
2018-10-21 22:00:00,0.5571067145723455,0.0,0.1574834067916466,0.3511801806337418,0.1807258326098388
2018-10-21 23:00:00,0.3717808671898133,0.03069614236129983,0.06667836723699974,0.3795026699069275,0.21761218903200658
2018-10-22 00:00:00,0.20975735511186622,0.08514681815274855,0.19604996540563116,0.3076803820612331,0.22342156041056016
2018-10-22 01:00:00,0.023124118443490337,0.0934665744236067,0.2823062169535674,0.07670413747235114,0.20060359539416073
2018-10-22 02:00:00,0.05023516203796218,0.0829322210229556,0.11692588152220841,0.0,0.3505497411466261
2018-10-22 03:00:00,0.18334309457420317,0.0331115424838903,0.04958345410794152,0.0,0.16223711886673725
2018-10-22 04:00:00,0.32619796651084715,0.0,0.06615244272653456,0.039419509220999696,0.04465483689931047
2018-10-22 05:00:00,0.991003071503077,0.02068186447414189,0.10434862827265962,0.049385841954569173,0.03838131102913648
2018-10-22 06:00:00,0.7927620797984143,0.0,0.13617356042797965,0.04171117073313404,0.061829314989989295
2018-10-22 07:00:00,0.7601481392147452,0.02610928044456722,0.1827310637795196,0.09326554134031043,0.06023913671590719
2018-10-22 08:00:00,0.44446339541854346,0.06035481535351115,0.07129806883550736,0.09248179408573681,0.059370005020136014
2018-10-22 09:00:00,0.19870866617097083,0.030765735632968604,0.04317514588641649,0.05668396199286588,0.0
2018-10-22 10:00:00,0.0849595119310112,0.0,0.07125033813434535,0.0,0.0
2018-10-22 11:00:00,0.07960710947371172,0.02757137855862974,0.05102393387050813,0.0,0.0
2018-10-22 12:00:00,0.09973341532810964,0.07835127676941488,0.04785470513866221,0.029040914012910188,0.034244764106863196
2018-10-22 13:00:00,0.12186967173399876,0.09295798017080749,0.09556553633017506,0.08731175376831228,0.1550856502499426
2018-10-22 14:00:00,0.10493505687946887,0.24523386391082355,0.1334016722553415,0.14251840790523496,0.4595504929892865
2018-10-22 15:00:00,0.18002274773818575,0.40412525525263115,0.20474364933071904,0.1380150673461438,0.5513113086701766
2018-10-22 16:00:00,0.3246338494122021,0.7472986881217872,0.2802824493851576,0.3328839024340417,0.7286367229450088
2018-10-22 17:00:00,0.40581437516159513,0.47445749552476474,0.40483166389752917,0.5723968385793138,0.6723131173483862
2018-10-22 18:00:00,0.58566698513182,0.7650740572807502,0.6315306319192846,1.0,0.8292358041740384
2018-10-22 19:00:00,0.8132085694861286,0.9348133280943576,1.0,1.0,0.9821823526588064
2018-10-22 20:00:00,0.966318200849558,1.0,1.0,1.0,0.9632937853189376
2018-10-22 21:00:00,0.9427727390234756,0.7156219321377699,0.8335481071082168,1.0,0.4585853782461048
2018-10-22 22:00:00,0.806062079615275,0.4674404985215115,0.6613175237283268,1.0,0.03386311530011839
2018-10-22 23:00:00,0.6357513460822394,0.29025921661905535,0.6280195701394158,1.0,0.22112572534898678
2018-10-23 00:00:00,0.5153915751476319,0.12204595604224619,0.3155512351631107,1.0,0.4515531951744142
2018-10-23 01:00:00,0.3922740021256642,0.12606176605047942,0.18604240164445127,0.7925338304019433,0.24282598392666613
2018-10-23 02:00:00,0.24109586985345474,0.055096301444595874,0.10253894927981942,0.8403232025986196,0.0
2018-10-23 03:00:00,0.13389797892127345,0.010975041910463498,0.02103834555137604,0.7527980514820098,0.0
2018-10-23 04:00:00,0.09978100277041915,0.04625029771950674,0.0,0.8000361659583487,0.0
2018-10-23 05:00:00,0.05464289218964662,0.10256232769099184,0.07721276462746066,1.0,0.0
2018-10-23 06:00:00,0.059709286345992686,0.05863630176593135,0.10735363796986613,1.0,0.0
2018-10-23 07:00:00,0.058940722627858384,0.03599482041176613,0.12136130511465444,1.0,0.0
2018-10-23 08:00:00,0.02040466483031124,0.0,0.06566824875618803,1.0,0.0
2018-10-23 09:00:00,0.021020242884324244,0.019352952680210707,0.08034133967102275,0.8336518599154263,0.0
2018-10-23 10:00:00,0.03633339287469952,0.08698840573585236,0.16926079560005852,0.791471160451137,0.0
2018-10-23 11:00:00,0.09393966152493885,0.13164975407269633,0.21241338362615048,0.7434404457611666,0.004508717114430131
2018-10-23 12:00:00,0.2508311914950185,0.20199406471340428,0.35454713765778556,0.8604524752320036,0.04048485051253052
2018-10-23 13:00:00,0.345097504159141,0.25493839366715626,0.4924929442135314,1.0,0.1250334491409946
2018-10-23 14:00:00,0.2923008615958209,0.24153065112754424,0.5067079765772451,1.0,0.15609668424839848
2018-10-23 15:00:00,0.3225206129069231,0.48220285961289633,0.5590722285782586,1.0,0.10871327776981177
2018-10-23 16:00:00,0.5044958534748096,0.5972649212648061,0.786104135428107,0.9926145016330834,0.23287840423248585
2018-10-23 17:00:00,0.667548876155896,0.7748695425897634,0.7693260871131097,0.6105956648591663,0.2750019456954921
2018-10-23 18:00:00,0.7634906475312422,0.8069161045713757,0.9779054045990113,1.0,0.3308874848371882
2018-10-23 19:00:00,0.6240956603512612,0.9192947816026744,1.0,1.0,0.06105856702612209
2018-10-23 20:00:00,1.0,1.0,1.0,1.0,0.08019016285155707
2018-10-23 21:00:00,1.0,1.0,1.0,1.0,0.0
2018-10-23 22:00:00,1.0,1.0,1.0,0.9758833736723923,0.0
2018-10-23 23:00:00,0.8664894938465649,0.5726587510461125,1.0,0.9352685217372352,0.0
2018-10-24 00:00:00,0.7019213187966904,0.38753328704263335,0.972302028479538,0.6646534471284771,0.013216280762486349
2018-10-24 01:00:00,0.6453828994177757,0.22106012833384633,0.7147238185545587,0.46651295308222085,0.07821402231719037
2018-10-24 02:00:00,0.7919435647483042,0.14976199287419156,0.6571658763080368,0.2614109845488921,0.0
2018-10-24 03:00:00,0.9145826794878622,0.11351903417652928,0.6526406437801482,0.2185160193572313,0.0
2018-10-24 04:00:00,0.8376496349735216,0.044330902652875974,0.5906015300585361,0.20266297849525025,0.03282311850032221
2018-10-24 05:00:00,0.8269692903390129,0.14935758917675238,0.5209838373911525,0.14216489823923106,0.0
2018-10-24 06:00:00,1.0,0.03022199742423974,0.3198007689204348,0.11023095492785395,0.06795329916671501
2018-10-24 07:00:00,1.0,0.08057638050822163,0.22616310345682358,0.0,0.0
2018-10-24 08:00:00,0.6512680201099623,0.29148044139437146,0.16737190304481228,0.0,0.0
2018-10-24 09:00:00,0.3813114003684729,0.21723025661067769,0.2571464250863031,0.06165461145573226,0.0
2018-10-24 10:00:00,0.27053282362316317,0.18430321195261748,1.0,0.0,0.0
2018-10-24 11:00:00,0.20406460843602553,0.009461800459213124,0.5450148591106748,0.0,0.035940056121082156
2018-10-24 12:00:00,0.43430747637627004,0.04272002519540812,0.44235642875780895,0.0,0.026985461861744456
2018-10-24 13:00:00,0.35865299548926444,0.0,0.43841797551999373,0.030042843471762202,0.02722397705101463
2018-10-24 14:00:00,0.21213473209409608,0.1394413119851563,0.5373453857477216,0.10035627819018013,0.05634934104887498
2018-10-24 15:00:00,0.19847667950272277,0.15242457132625495,0.7719998540515871,0.126100942579158,0.2776210849877622
2018-10-24 16:00:00,0.45220854727799936,0.050125070361094724,0.7346219972292177,0.16510732313840656,0.45173995402294714
2018-10-24 17:00:00,0.3325899396779282,0.0212384444843831,0.457424641509025,0.30183539653142166,0.0
2018-10-24 18:00:00,0.3578543574449344,0.0,1.0,0.3360115510341325,0.07014251964537921
2018-10-24 19:00:00,0.2564468695571354,0.0,0.32865910701370377,0.7618856239112705,0.0
2018-10-24 20:00:00,0.29359988746899035,0.01821824278570898,0.25347263603538356,0.4636949345744239,0.0
2018-10-24 21:00:00,0.21599026254696324,0.02004820322209264,0.2276730140088689,0.20461837969668772,0.0
2018-10-24 22:00:00,0.23403357172282782,0.03343750212925562,0.18703932186904665,0.11476277726349327,0.0
2018-10-24 23:00:00,0.15493001595317546,0.051749547599428035,0.19002683254521882,0.179156086709491,0.0
2018-10-25 00:00:00,0.07418727610529102,0.1519559632731194,0.11825232769480135,0.20923685271629225,0.0
2018-10-25 01:00:00,0.07582036427579313,0.23785969172416208,0.11272828422497894,0.4997365402833211,0.0
2018-10-25 02:00:00,0.06941513713571029,0.27792667270166704,0.029331355629136642,0.9625435629101765,0.008121732863869094
2018-10-25 03:00:00,0.5158419779260967,0.3263337032136251,0.0,1.0,0.03212757383182003
2018-10-25 04:00:00,0.12053091626834922,0.9789652585992346,0.0,1.0,0.08222896124585391
2018-10-25 05:00:00,0.06422434261607468,0.9573685483716294,0.0,1.0,0.0849478108479805
2018-10-25 06:00:00,0.18360041686504405,1.0,0.0,1.0,0.18846421874306976
2018-10-25 07:00:00,0.5435385512863168,1.0,0.024452410003835724,1.0,0.23002590725198024
2018-10-25 08:00:00,1.0,1.0,0.21241635316275817,0.904065332516983,0.2228847447452701
2018-10-25 09:00:00,1.0,0.9140540331463747,0.153930328842431,0.3623727727054519,0.11582040232301984
2018-10-25 10:00:00,0.8918936767170853,0.728254060139875,0.16677120817372415,0.2832011824793343,0.07437399108759205
2018-10-25 11:00:00,0.7094434553105102,0.6617089045005844,0.237664526210793,0.3273376967534958,0.0
2018-10-25 12:00:00,0.7498206445768905,0.591551756800884,0.20681597583780467,0.3666025358269641,0.0
2018-10-25 13:00:00,0.6375087081534437,0.5580877079666646,0.2075375453352686,0.3629627227802657,0.0
2018-10-25 14:00:00,0.8889024934342251,0.5365142827591214,0.1055438315668885,0.3726905265922528,0.0
2018-10-25 15:00:00,1.0,0.423375970913854,0.1278209612053165,0.21831157072100282,0.0
2018-10-25 16:00:00,1.0,0.3683264955522283,0.3799881441584134,0.262854874009461,0.3027064450469922
2018-10-25 17:00:00,0.5976560248636738,0.4721032668080091,0.9265115161342249,0.12304454416096307,0.2641125113803062
2018-10-25 18:00:00,0.08307270885452525,0.41143610544879083,0.4528834952080403,0.15179588036551497,0.2177241638726178
2018-10-25 19:00:00,0.0,0.4487257755376859,0.2636828149032173,0.08123786634198275,0.24214002907228588
2018-10-25 20:00:00,0.0,0.9208001826878314,0.4076851600493842,0.3176500192180053,0.09704215808807949
2018-10-25 21:00:00,0.05115750315941553,0.3488287106229856,0.1839406002712511,0.17361728355422526,0.04399561995692005
2018-10-25 22:00:00,0.030456217443325596,0.6700209972877256,0.13068718102781107,0.09921673174333755,0.0
2018-10-25 23:00:00,0.036418807671028994,0.43309023722325446,0.024068822525609924,0.37440151248958714,0.0
2018-10-26 00:00:00,0.06381245752727709,0.08313974085194631,0.09329624754630848,1.0,0.0
2018-10-26 01:00:00,0.4044105218991476,0.017028535064923515,0.10058139636298241,1.0,0.0
2018-10-26 02:00:00,0.5318799397751725,0.0,0.3167993278984933,1.0,0.015224214775830925
2018-10-26 03:00:00,0.43581932963636455,0.5795097741167895,0.47134823650622065,1.0,0.039712086958532795
2018-10-26 04:00:00,0.30457673420462245,0.6940951574023365,0.5197571000077087,1.0,0.15057022316161775
2018-10-26 05:00:00,0.4196366846981691,0.2232617772591803,0.8037091620022226,0.9978773087403287,0.34283685594753466
2018-10-26 06:00:00,0.9004445770013344,0.14587086668469085,0.6057348810037715,1.0,0.21601518841680287
2018-10-26 07:00:00,0.816364632052464,0.29631585783848685,0.7781120898507061,1.0,0.2110218126162698
2018-10-26 08:00:00,0.4278938602362908,0.08383156420673886,0.759848648000477,1.0,0.13134520515404027
2018-10-26 09:00:00,0.11438887456169793,0.08202117796886636,0.4351886865001643,0.9761493398520847,0.034596432663765844
2018-10-26 10:00:00,0.0,0.04359878344252201,0.3721151434685038,0.8373810663428991,0.030430893800046686
2018-10-26 11:00:00,0.0,0.04677647860712028,0.28965074442823635,0.7675087037423928,0.0
2018-10-26 12:00:00,0.0,0.0,0.3367939833493651,0.6624240882793122,0.0
2018-10-26 13:00:00,0.0,0.0,0.5383736167100539,0.9135866915090122,0.0
2018-10-26 14:00:00,0.026932573586723664,0.14031908939361126,0.6377450423750377,1.0,0.0
2018-10-26 15:00:00,0.10812217471946943,0.16415934374721208,0.2757217375585636,1.0,0.030456398973440532
2018-10-26 16:00:00,0.25446774039441306,0.14737808791503532,0.1826322560136442,1.0,0.039617027892582715
2018-10-26 17:00:00,0.418334102060892,0.22598128521753763,0.2583312617285627,0.920529556732864,0.11978500702617861
2018-10-26 18:00:00,0.1820250781561333,0.023776183876933372,0.13423511302443603,1.0,0.043408269866309204
2018-10-26 19:00:00,0.0,0.0,0.13547615012443906,0.9542132371344998,0.05015754102536156
2018-10-26 20:00:00,0.0,0.08945426824212598,0.12786233178823508,0.05877360059529762,0.09315314920374984
2018-10-26 21:00:00,0.0,0.16455539760351864,0.26044673199994334,0.39457223519047163,0.030583013933373402
2018-10-26 22:00:00,0.024458024902519773,0.5454031387899525,0.3164162391002824,0.948276410499759,0.014270843245406051
2018-10-26 23:00:00,0.02813610294683853,0.21790612600572906,0.32626841096999243,1.0,0.0
2018-10-27 00:00:00,0.14681919908060687,0.37168780804991186,0.39229502972899716,0.9467809170115979,0.3155210811593975
2018-10-27 01:00:00,0.5106901364351761,0.127003303197876,0.8532718164639433,0.7896224744825246,0.5618371418564029
2018-10-27 02:00:00,0.5066521378063981,0.35016198279186167,0.9330381690207439,0.4240461430922683,0.24376269795639155
2018-10-27 03:00:00,0.8899492260675321,0.3514649454038534,1.0,0.7682975966881626,0.2273119833126551
2018-10-27 04:00:00,0.5752795959832201,0.11163520288007854,1.0,0.9949445871985959,0.2411154756066059
2018-10-27 05:00:00,0.33575298904023976,0.0756244702758352,0.9030968027237186,1.0,0.2789236405782826
2018-10-27 06:00:00,0.641300506561243,0.26793766393635027,0.9377831404165223,1.0,0.05714576981546827
2018-10-27 07:00:00,0.7809978486470006,1.0,0.981054787883936,0.9224767516130202,0.0
2018-10-27 08:00:00,0.7345735403142356,0.6264549467863394,0.8794176253398069,0.6289897247883832,0.11401242216593876
2018-10-27 09:00:00,0.5080100375648714,0.23637009561517547,0.9935287871299844,0.5434034017651727,0.0
2018-10-27 10:00:00,0.559463986699949,0.357955898620755,0.7305168858746999,0.4528589641875272,0.0
2018-10-27 11:00:00,0.5377545552756368,0.20283157512167235,0.9942733970654958,0.2826648548404428,0.0
2018-10-27 12:00:00,0.6766958120591474,0.04837754476350422,0.3734133020084211,1.0,0.20323638811997344
2018-10-27 13:00:00,0.9069903151412891,0.08179814777778843,0.21429515051085984,1.0,0.18899709384759983
2018-10-27 14:00:00,0.6175180962746655,0.11558840195724276,0.1691684921444891,1.0,0.16724661833415227
2018-10-27 15:00:00,0.6174677188236724,0.6648969685583894,0.21986703555403103,1.0,0.07613643433270385
2018-10-27 16:00:00,0.3195742705776053,1.0,0.1432780955104187,1.0,0.073392132376417
2018-10-27 17:00:00,0.13445672103619405,0.99601819020569,0.6147192988154934,0.9631735473896869,0.0
2018-10-27 18:00:00,0.012839309137029508,0.9787766289614218,1.0,1.0,0.09946313604555936
2018-10-27 19:00:00,0.0,0.5977380713529891,1.0,1.0,0.5901601643148546
2018-10-27 20:00:00,0.04498015662161665,1.0,0.04562647637801524,1.0,0.07250360212364766
2018-10-27 21:00:00,0.16647058440499624,0.885443939598943,0.41597637649762814,0.38958646172498207,0.07408072967703333
2018-10-27 22:00:00,0.13292916659006468,0.09911485796270207,0.9407023046372927,0.3376740618399147,0.0
2018-10-27 23:00:00,0.564893067891855,0.31901667562028674,0.5141274870834583,0.38308352599073214,0.36041964749287353
2018-10-28 00:00:00,1.0,0.6378566664047507,0.30686656156749814,0.27245035083232716,0.43246112889167837
2018-10-28 01:00:00,1.0,0.8075909418099639,0.4804451528543644,0.13643670575305245,0.08670190631441661
2018-10-28 02:00:00,0.8419796340561382,0.46496345137660017,0.4965716532892808,0.1731623954268223,0.0
2018-10-28 03:00:00,0.5795733620721355,0.2713990215316547,0.5121390714111685,0.261025026553526,0.0
2018-10-28 04:00:00,0.3851370508366114,0.11738373950307884,0.6970244041013888,0.2660001039757144,0.044281535335362776
2018-10-28 05:00:00,0.10593019863342616,0.0,0.31939076596525473,0.3702243896641247,0.11955243469130164
2018-10-28 06:00:00,0.030787420477628436,0.06603170790302412,0.29250796944670904,0.5975884616250606,0.05949733472455932
2018-10-28 07:00:00,0.024872090810387115,0.3693176780948646,0.12802978945965016,0.7657008950204184,0.023996362184661942
2018-10-28 08:00:00,0.0,0.5015822093111628,0.014911049303582256,0.3447077489488333,0.0
2018-10-28 09:00:00,0.0,0.2780614164667127,0.0,0.13799286520584883,0.0
2018-10-28 10:00:00,0.0,0.18635843008542216,0.0,0.04624906531248943,0.0
2018-10-28 11:00:00,0.034824900764217924,0.27029930840852484,0.024686706073068575,0.0,0.0
2018-10-28 12:00:00,0.15406005971637585,0.20648096308240202,0.06357036639031473,0.0,0.0
2018-10-28 13:00:00,0.20936158738955138,0.1859078562220691,0.15524654932557125,0.042500891367648556,0.031459962723140486
2018-10-28 14:00:00,0.2630917904857,0.162356653223157,0.23136850248826613,0.1161276954794871,0.08766236719566203
2018-10-28 15:00:00,0.44070515744038735,0.23468897501386315,0.28721787580490943,0.30085272700961607,0.16382399375621512
2018-10-28 16:00:00,0.5709694770262701,0.2506087670687451,0.3502892840693915,0.17223134119911887,0.21562326876112184
2018-10-28 17:00:00,0.6748238577369678,0.22711966004609,0.6292496500409926,0.5208208302815965,0.2229784904038319
2018-10-28 18:00:00,0.9628507514902623,0.3131435055134481,1.0,0.3755282728549857,0.23456167423681548
2018-10-28 19:00:00,1.0,0.40426276692177043,1.0,0.3928459566520269,0.19883956807616582
2018-10-28 20:00:00,1.0,0.13439033839994363,1.0,0.5358324313612806,0.0
2018-10-28 21:00:00,1.0,0.06279376619519655,1.0,0.6024216740708378,0.022309907693301264
2018-10-28 22:00:00,1.0,0.0,1.0,0.292303536193901,0.07759827942167476
2018-10-28 23:00:00,1.0,0.0,1.0,0.18574995737638156,0.024316240809426633
2018-10-29 00:00:00,1.0,0.0,1.0,0.25995352564542706,0.06632976741421881
2018-10-29 01:00:00,1.0,0.07483082154190962,1.0,0.17206457399781386,0.25475556178921593
2018-10-29 02:00:00,0.9193405699643293,0.37894155887816383,1.0,0.3172460001095045,0.2936523638260402
2018-10-29 03:00:00,0.7349105289799633,1.0,0.6150395630898361,0.2145122428672634,0.3261405407820777
2018-10-29 04:00:00,1.0,1.0,0.42777238125143063,0.45622827955851125,0.3472020086950438
2018-10-29 05:00:00,1.0,1.0,0.7492609405680293,0.9539328608778513,0.6745135316696369
2018-10-29 06:00:00,1.0,0.8747521992033699,0.7287425221073851,1.0,0.5914317171495355
2018-10-29 07:00:00,1.0,1.0,1.0,1.0,0.5821223426967697
2018-10-29 08:00:00,0.7443820496444699,0.11738845137531045,1.0,0.8146878179974504,0.4245498781221495
2018-10-29 09:00:00,0.35031077261092436,0.0,0.7689708622301348,0.9910999942894874,0.20224018646387565
2018-10-29 10:00:00,0.27559554058122393,0.0,0.47893101553968853,0.3689097517895584,0.12282080064350029
2018-10-29 11:00:00,0.35023107450675145,0.0,0.29794523563123587,0.25664192376350925,0.32062172334678646
2018-10-29 12:00:00,0.18546852122537122,0.09472432576871745,0.0782255990753749,0.3677327143235748,0.23111938251593983
2018-10-29 13:00:00,0.19774316570024172,0.1186881280914785,0.03026471456676393,0.17803615635835285,0.22990295150797585
2018-10-29 14:00:00,0.3829780387616449,0.11486796158630151,0.018458174837281262,0.29227022906437816,0.15108299489862376
2018-10-29 15:00:00,0.280530464675376,0.15177106304810734,0.0,0.38578854843722227,0.17993912315779084
2018-10-29 16:00:00,0.1238773069784946,0.2070667312412529,0.0,0.21295113357749393,0.0
2018-10-29 17:00:00,0.12355780964824832,0.2530886591461843,0.08576249496215947,0.16125666553065982,0.0
2018-10-29 18:00:00,0.09147577203359936,0.05698095387821206,0.275093809120741,1.0,0.0
2018-10-29 19:00:00,0.8793883720295058,0.0,0.4437770546704126,1.0,0.7963064701404349
2018-10-29 20:00:00,0.8618207781639358,0.13647233465120812,1.0,1.0,0.27362763956169084
2018-10-29 21:00:00,0.5437322465223011,1.0,1.0,1.0,0.2004384501921883
2018-10-29 22:00:00,1.0,1.0,1.0,1.0,0.677625727042788
2018-10-29 23:00:00,1.0,1.0,1.0,1.0,0.9387338024402618
2018-10-30 00:00:00,1.0,1.0,1.0,1.0,0.3426310056269701
2018-10-30 01:00:00,1.0,1.0,0.6703060477456584,0.9388101126577194,0.1893476493439222
2018-10-30 02:00:00,1.0,1.0,1.0,0.9532350386604298,0.1081416831607049
2018-10-30 03:00:00,1.0,1.0,1.0,1.0,0.03356708498094137
2018-10-30 04:00:00,1.0,1.0,1.0,1.0,0.0
2018-10-30 05:00:00,0.9976755416860207,1.0,0.5767201975402358,0.8404675602428237,0.0
2018-10-30 06:00:00,0.840613876321906,1.0,0.5876084707174564,0.4957145576582279,0.0
2018-10-30 07:00:00,0.9238927630374288,0.7820610564667952,0.38851170436525034,0.3824439743919414,0.0
2018-10-30 08:00:00,1.0,0.5610956977513557,0.2692149700470859,0.2356291036808284,0.0
2018-10-30 09:00:00,0.9568623472097932,0.13938749943015386,0.2398161059420877,0.09218240738093626,0.0
2018-10-30 10:00:00,0.8473033949889062,0.03372599085672899,0.18364068670873612,0.022795753754956308,0.024153314707277086
2018-10-30 11:00:00,0.7435579503905686,0.11537930480752258,0.11544205613150871,0.029405553149149454,0.08512729954320222
2018-10-30 12:00:00,0.541551114684485,0.09258777873181005,0.16971727363620553,0.024579435295111883,0.17100018828832997
2018-10-30 13:00:00,0.5211957242928423,0.06666082235744894,0.14790198423282966,0.03832616414706331,0.22700749425055589
2018-10-30 14:00:00,0.3445498575226003,0.22766299107475182,0.0929832694599421,0.02355227317418894,0.33167377302536183
2018-10-30 15:00:00,0.2424835898097079,0.4171764197160922,0.05420828467826512,0.026399989311702447,0.2828868165806813
2018-10-30 16:00:00,0.28361514341530786,0.3154559354160227,0.0,0.0,0.2884644894968713
2018-10-30 17:00:00,0.4167775940759978,0.2438652707526756,0.0,0.0,0.38161016175323464
2018-10-30 18:00:00,0.39523629535614935,0.2573271117667562,0.004968117193619643,0.0,0.19130109730246705
2018-10-30 19:00:00,0.5711576992862892,0.2323917481873891,0.04110167614992999,0.0,0.2163330984944443
2018-10-30 20:00:00,0.7003790691039479,0.3597086185532709,0.0,0.02034711653347809,0.34512536830955987
2018-10-30 21:00:00,0.5577832087108697,0.19310886076045145,0.025052021950945972,0.029748876879436278,0.1641305944615107
2018-10-30 22:00:00,0.27025268748006875,0.1632894388868461,0.0,0.2116820909310446,0.43937716984437397
2018-10-30 23:00:00,0.18618446609867784,0.15193195932584763,0.04489799545897413,0.6006966875643297,0.05897892350178923
2018-10-31 00:00:00,0.38388621030726455,0.18074196767809236,0.14925334815481217,0.5152172984571528,0.0
2018-10-31 01:00:00,0.46762375611207246,0.2337097316901783,1.0,0.5818346321777532,0.0
2018-10-31 02:00:00,0.2782481034648922,0.6578269248055492,0.9991161265754558,0.5139962949292824,0.0
2018-10-31 03:00:00,0.16920902610116187,0.7578643979478217,0.6583355453306319,0.4097047912019893,0.0
2018-10-31 04:00:00,0.18050124677120508,0.39953854866826577,0.5820355741495469,0.3695014165188689,0.0
2018-10-31 05:00:00,0.14058517047295352,0.37820345474635103,0.613392306732382,0.2360975555760509,0.0
2018-10-31 06:00:00,0.10147230774338986,0.1889137997826687,0.7609935611314556,0.18881082887579714,0.0
2018-10-31 07:00:00,0.08178984691490564,0.1344789694523359,0.43909231333639065,0.1403200866283164,0.0
2018-10-31 08:00:00,0.0715368144541152,0.2557828104526617,0.187908402922492,0.14478923339348793,0.0
2018-10-31 09:00:00,0.0882998276033187,0.10985527437615845,0.0659576620084564,0.029395263897116764,0.0
2018-10-31 10:00:00,0.04241711218566852,0.053565765190733944,0.04168518703280411,0.0,0.0
2018-10-31 11:00:00,0.0,0.0,0.0,0.04563539613654045,0.0
2018-10-31 12:00:00,0.0,0.0,0.0,0.13833982967895606,0.0
2018-10-31 13:00:00,0.06334884393733956,0.0,0.0,0.22191535525915113,0.0
2018-10-31 14:00:00,0.041442353928322934,0.0,0.0,0.1786165917949981,0.0
2018-10-31 15:00:00,0.059486718160411706,0.02308681177907844,0.0,0.12078823630401432,0.0
2018-10-31 16:00:00,0.08704041390728222,0.038555651852243786,0.06284205548950733,0.12523644731573003,0.0
2018-10-31 17:00:00,0.09896955301296509,0.07845092576499375,0.007352433285958113,0.16425028796012975,0.06491939198690598
2018-10-31 18:00:00,0.05118387326816177,0.04295595918176938,0.0,0.513470225305821,0.06928598745242308
2018-10-31 19:00:00,0.012973476742217296,0.07439058155689898,0.027255719987687846,0.6063836269294142,0.06291084688042414
2018-10-31 20:00:00,0.07379065898395924,0.2927773425125514,0.0,0.5515377371956902,0.022697012759566083
2018-10-31 21:00:00,0.18555649332027715,0.37058473776508194,0.10071017490219117,0.33100772613911567,0.0
2018-10-31 22:00:00,0.09101714398482068,0.5129155581030439,0.2667149218629262,0.28208876069627103,0.05275428336747143
2018-10-31 23:00:00,0.12397778018940464,0.5662501979125582,0.6710608858776914,0.2601007614928667,0.0
2018-11-01 00:00:00,0.16047060564112675,0.3309540031674411,1.0,0.40769260924239326,0.0
2018-11-01 01:00:00,0.12397778018940464,0.16653562816767598,1.0,0.4795126052466276,0.0
2018-11-01 02:00:00,0.06004890534747832,0.14146558506668552,0.9790872407636521,0.6792790723069372,0.0
2018-11-01 03:00:00,0.0726278606032699,0.11008410905153376,0.9082429458724355,0.41395403577865636,0.0
2018-11-01 04:00:00,0.07207829023634119,0.07426822570716297,0.3108911355398136,0.5436478926556186,0.027269918812152242
2018-11-01 05:00:00,0.0,1.0,1.0,0.24283098106490525,0.1338716856851476
2018-11-01 06:00:00,0.26888068926151226,1.0,1.0,0.6969369045349928,0.3785026537687117
2018-11-01 07:00:00,0.19816892005063855,0.5756208468693952,1.0,1.0,0.27738032574943083
2018-11-01 08:00:00,0.23811707594593146,0.7777334944096459,0.923035952787796,1.0,0.23968809167093136
2018-11-01 09:00:00,0.11577762125044713,0.5195706220035975,1.0,1.0,0.15251468062895454
2018-11-01 10:00:00,0.08521848379468963,0.3491259122817299,1.0,1.0,0.06574748821044599
2018-11-01 11:00:00,0.28893251833957706,0.3250754253997946,0.9336838113263708,1.0,0.0
2018-11-01 12:00:00,0.26616614522530896,0.5862376049949309,1.0,0.9862537778938696,0.0
2018-11-01 13:00:00,0.3595314482663328,0.6345665955516308,1.0,1.0,0.0
2018-11-01 14:00:00,0.5516360611088788,0.35839578584733667,1.0,1.0,0.0
2018-11-01 15:00:00,0.9680617342988221,0.5722661130293937,1.0,1.0,0.0
2018-11-01 16:00:00,0.8206211425066058,0.4334076200993612,1.0,0.30623464180439686,0.0
2018-11-01 17:00:00,0.4199115208000944,0.023014492010110455,1.0,0.25578421859963796,0.0
2018-11-01 18:00:00,0.11172827278660058,0.0,1.0,0.26172156367701516,0.0
2018-11-01 19:00:00,0.41046872226483977,0.0,1.0,0.5072081426479199,0.0
2018-11-01 20:00:00,0.12685457112135046,0.1306788402603112,1.0,0.4002697926098026,0.17422153555288006
2018-11-01 21:00:00,0.07131394326295556,0.0,0.787100365761444,0.29930455803541234,0.39235211138569304
2018-11-01 22:00:00,0.22489127323782668,0.1452912788771946,0.5464246071748263,0.2814723979247992,0.04805663767217536
2018-11-01 23:00:00,0.10160859439035676,0.02409144231713496,0.6584190248147819,0.5061689059394836,0.0
2018-11-02 00:00:00,0.0,0.0,0.6112304106539991,0.7887147301173433,0.0
2018-11-02 01:00:00,0.0,0.017527196708968632,0.5097502068867955,0.3003153154950883,0.06975505479006577
2018-11-02 02:00:00,0.02412424746723832,0.05088982285857253,0.317519128179677,0.198557302017704,0.04829248247040645
2018-11-02 03:00:00,0.0,0.05406359919292872,0.3855528660658953,0.2074986555922369,0.0
2018-11-02 04:00:00,0.17713830265116107,0.05041273107526013,0.5085324084308207,0.18951189349951036,0.0
2018-11-02 05:00:00,0.4167872389958118,0.025981020411847813,0.16256958795973483,0.07695809425504611,0.036902964511971406
2018-11-02 06:00:00,0.1447240949802849,0.0,0.03788969008603393,0.03929806837216328,0.0
2018-11-02 07:00:00,0.0,0.18154435452376105,0.0045183727779085905,0.06789337956491977,0.0
2018-11-02 08:00:00,0.0,0.5776000546199339,0.10240910427137973,0.1175805558962345,0.0
2018-11-02 09:00:00,0.0099043500113346,0.42912142556635735,0.0,0.26310683779529076,0.0
2018-11-02 10:00:00,0.12816352563425115,0.1758202716927019,0.0029787760454703404,0.18936819719053724,0.0
2018-11-02 11:00:00,0.1868339317406982,0.06728516649693646,0.03967334307507859,0.11862661245748367,0.0
2018-11-02 12:00:00,0.17621496848675042,0.15408080431511326,0.06913043747688755,0.15086291089617074,0.0
2018-11-02 13:00:00,0.11915452858028228,0.1219077886346209,0.03794115227143669,0.0664103815257426,0.0
2018-11-02 14:00:00,0.11664117465389336,0.25721157784185245,0.08569648786275294,1.0,0.0
2018-11-02 15:00:00,0.11883842646092353,0.3047813423909156,0.15407492139314574,1.0,0.02603894848718367
2018-11-02 16:00:00,0.031699741669202905,0.22577323027733745,0.1200087590820339,1.0,0.38632207795168433
2018-11-02 17:00:00,0.2967480835324251,0.24260556891324464,0.6778720234516756,1.0,0.7084948039040143
2018-11-02 18:00:00,0.5275013939573289,0.21697428482117295,0.3346397923540882,1.0,0.8034241382130125
2018-11-02 19:00:00,0.9222334102695292,0.4709830864532487,0.6098396997412721,1.0,0.5441356014993372
2018-11-02 20:00:00,0.8483768858562426,0.15433145477211793,0.29500460493277675,1.0,1.0
2018-11-02 21:00:00,0.9958078274024276,0.06788251766954033,0.17593281730951163,1.0,1.0
2018-11-02 22:00:00,1.0,0.7789549799777367,0.7330648325153516,1.0,1.0
2018-11-02 23:00:00,0.6191063913244675,1.0,1.0,1.0,1.0
2018-11-03 00:00:00,1.0,1.0,1.0,1.0,0.9083413901939145
2018-11-03 01:00:00,1.0,1.0,1.0,0.12348778912593829,1.0
2018-11-03 02:00:00,1.0,0.8878863285073478,1.0,0.3113931787566128,1.0
2018-11-03 03:00:00,1.0,1.0,0.9054204765831294,0.3167284980036132,1.0
2018-11-03 04:00:00,0.9688962024575554,0.7874858107813355,1.0,1.0,0.3944850518036325
2018-11-03 05:00:00,1.0,0.7824843496417359,1.0,1.0,1.0
2018-11-03 06:00:00,1.0,1.0,1.0,1.0,0.45350484474689834
2018-11-03 07:00:00,0.4825192220855973,1.0,1.0,1.0,0.5181550922141396
2018-11-03 08:00:00,1.0,0.8135297362743646,1.0,1.0,0.14722873423898106
2018-11-03 09:00:00,1.0,1.0,1.0,1.0,0.5406229533590149
2018-11-03 10:00:00,1.0,1.0,1.0,1.0,0.5195712128522021
2018-11-03 11:00:00,1.0,1.0,1.0,1.0,0.24549859937863902
2018-11-03 12:00:00,1.0,0.8192958984227532,1.0,1.0,0.543486622903187
2018-11-03 13:00:00,1.0,0.9754263861544619,1.0,1.0,0.06487652522281556
2018-11-03 14:00:00,1.0,1.0,1.0,1.0,0.0
2018-11-03 15:00:00,1.0,0.6941580052087575,1.0,1.0,0.10611724861090878
2018-11-03 16:00:00,1.0,1.0,1.0,1.0,1.0
2018-11-03 17:00:00,0.8869117768784093,0.571076051106618,1.0,1.0,0.0356547648945871
2018-11-03 18:00:00,0.888391530994664,0.5466129395770819,1.0,0.919231266874803,0.04211620546099664
2018-11-03 19:00:00,0.8006888528632644,0.5577168112243571,0.8464538081439313,0.5358822881424566,0.03328042189790229
2018-11-03 20:00:00,1.0,0.13060707631444946,0.4243224501497351,0.5657977199438419,0.7494690235446135
2018-11-03 21:00:00,0.942662826249124,0.1719958315607067,0.341913469881603,0.4218315100901976,0.0
2018-11-03 22:00:00,1.0,0.22729964758928342,0.20834027874217947,0.30251997067577124,0.0
2018-11-03 23:00:00,1.0,0.18752816764791366,0.19372384649051885,0.21301677653441797,0.0
2018-11-04 00:00:00,0.868627585694266,0.09711665176375064,0.1960539544488576,0.20981207094176815,0.0
2018-11-04 01:00:00,0.9581755693464398,0.098473375134434,0.3031453406965128,0.05348252703931818,0.0
2018-11-04 02:00:00,0.8256741841786794,0.08238011780008363,0.3127630149394572,0.0734975175813613,0.11623452337449824
2018-11-04 03:00:00,0.6628220266830949,0.041999069229460076,0.23332114841772833,0.2272672966368673,0.23971200264122308
2018-11-04 04:00:00,0.5378727774287039,0.055032549104099306,0.2138284771210659,0.480128428091098,0.35047286103628145
2018-11-04 05:00:00,0.44741890851425253,0.29392002718876603,0.21756476311416373,0.5930433234314012,0.09682717660465452
2018-11-04 06:00:00,0.32098611645485275,0.3512148569885291,0.21101627415227592,0.39920602725125354,0.0
2018-11-04 07:00:00,0.20908531928159574,0.9333520573956633,0.14120552526277197,0.3352933646541446,0.0
2018-11-04 08:00:00,0.1586346505003829,0.5524561685782052,0.042350000604084455,0.2627440181175255,0.0
2018-11-04 09:00:00,0.19952884981103397,0.11243856403884638,0.0,0.2104476554213724,0.0
2018-11-04 10:00:00,0.5825176517868216,0.07893282604473836,0.0,0.12978090573431345,0.0
2018-11-04 11:00:00,0.3758932555960749,0.11551559989597256,0.02749560194641515,0.38453786204932994,0.0
2018-11-04 12:00:00,0.4517884815335707,0.14105218389089905,0.11326053986375965,0.8255107442361802,0.0
2018-11-04 13:00:00,1.0,0.2779663133876878,0.06372146331348369,0.5748684865701904,0.0
2018-11-04 14:00:00,1.0,0.3028159100434089,0.0,0.47633615117677347,0.0
2018-11-04 15:00:00,1.0,0.19766137075615522,0.0365511705929743,0.5647085311200317,0.0
2018-11-04 16:00:00,1.0,0.16838220677049245,0.3307587118442686,0.20170471671225135,0.10116551245509216
2018-11-04 17:00:00,1.0,0.024493657673698693,0.26491622046507624,0.0,0.0
2018-11-04 18:00:00,1.0,0.0,0.1745411568245159,0.0,0.07032341306846691
2018-11-04 19:00:00,0.9782133809856076,0.4138727541802024,0.0,0.9987718229197848,1.0
2018-11-04 20:00:00,0.6501316642436092,0.5623763573237266,0.14226696036587214,1.0,1.0
2018-11-04 21:00:00,0.5231266850774776,0.16470915326035016,0.3496703559135161,1.0,1.0
2018-11-04 22:00:00,1.0,0.0,1.0,0.9861583718457961,1.0
2018-11-04 23:00:00,1.0,0.0883914448642685,0.5275374015773017,1.0,1.0
2018-11-05 00:00:00,0.3442581519935505,0.24419750683935612,0.5951318949186866,1.0,1.0
2018-11-05 01:00:00,0.08587370501345087,0.7072107448344271,1.0,1.0,1.0
2018-11-05 02:00:00,0.0,0.37301980223673536,1.0,1.0,1.0
2018-11-05 03:00:00,0.0,0.21837371250577037,1.0,1.0,1.0
2018-11-05 04:00:00,0.0,0.18183671653312483,0.7500302823624355,1.0,0.7854096299738409
2018-11-05 05:00:00,0.0,0.19721950539770403,1.0,1.0,0.706140041441533
2018-11-05 06:00:00,0.0,0.17182748769769493,1.0,0.6193465871401578,0.292128392319151
2018-11-05 07:00:00,0.06119181069095881,0.35306243162048545,1.0,0.3867643363505622,0.24732723216015454
2018-11-05 08:00:00,0.0004995748319398293,0.08996676234103564,1.0,0.6298383435238586,0.0
2018-11-05 09:00:00,0.0,0.10729976874569343,1.0,0.6016142878149959,0.16731433550968183
2018-11-05 10:00:00,0.0,0.06254138481792623,1.0,0.4296791619100935,0.0648464007511656
2018-11-05 11:00:00,0.07364045657281637,0.3131450381677989,1.0,1.0,0.004447870338373984
2018-11-05 12:00:00,0.3090267945641608,0.20945181055657805,1.0,0.6561897248718445,0.028998730057433364
2018-11-05 13:00:00,0.24413735973558248,0.049644600168485264,1.0,0.5950252754063857,0.0
2018-11-05 14:00:00,0.2464435961444066,0.029662889377417477,1.0,1.0,0.06584020468419283
2018-11-05 15:00:00,0.2042455118609293,0.14039169417312472,1.0,0.8536518041559062,0.422056371710449
2018-11-05 16:00:00,0.08674969982078763,0.1383189433150106,1.0,0.6193350596996768,0.0
2018-11-05 17:00:00,0.007250001476141241,0.02947898794796121,0.15769604768046483,0.34926491046256053,0.33902819899309405
2018-11-05 18:00:00,0.027336210297331527,0.0,0.05729547369422933,0.0,0.9050276260787362
2018-11-05 19:00:00,0.042685075265531544,0.0,0.03985446574969177,0.10423762412300505,0.13434935573998305
2018-11-05 20:00:00,0.07668562638510062,0.009671449768718313,0.22051494843179043,0.2552024289011806,0.0
2018-11-05 21:00:00,0.0,0.05595328738374864,0.1894460780658723,0.19049848549407655,0.0
2018-11-05 22:00:00,0.4648692169760025,0.0,0.0,0.0707816779240258,0.0
2018-11-05 23:00:00,0.21806069925516233,0.0,0.04755351201277093,0.08003042709764353,0.0
2018-11-06 00:00:00,0.42782422802207476,0.0,0.24036983772182505,0.16718032684100104,0.0
2018-11-06 01:00:00,0.335206880592434,0.07558964898603347,0.3527202457915699,0.1282347743127065,0.016918515451745823
2018-11-06 02:00:00,0.2707685459819049,0.0,0.4675420920142266,0.0808486946716193,0.0
2018-11-06 03:00:00,0.325921418631118,0.0,0.7090873388012051,0.5627802405547145,0.0
2018-11-06 04:00:00,0.10350322482907692,0.0,0.40248071466943885,0.3562301137569504,0.0
2018-11-06 05:00:00,0.01573089686467271,0.0928748606797482,0.24730190905034002,0.17086412983484162,0.0
2018-11-06 06:00:00,0.05425229172099258,0.11284632432792872,0.42428549538364574,0.076460805337729,0.0
2018-11-06 07:00:00,0.08890079753056129,0.004355991408109958,0.6123230982176976,0.09880540814964543,0.006798813458640969
2018-11-06 08:00:00,0.0,0.08641944637065774,0.34806285681093746,0.18792229815037165,0.016541889061815408
2018-11-06 09:00:00,0.02733903627354397,0.0,0.5994447716667357,0.15356228512767203,0.0
2018-11-06 10:00:00,0.08639699088388071,0.0,0.0,0.09406461578951507,0.0
2018-11-06 11:00:00,0.06289793985649814,0.03437433345022888,0.026728666964046948,0.02390825402902711,0.0
2018-11-06 12:00:00,0.0714138801492414,0.0,0.0,0.0,0.08049163797845066
2018-11-06 13:00:00,0.02842970598816356,0.0,0.0,0.043462807772797776,0.009868786017714834
2018-11-06 14:00:00,0.0591130005912651,0.0,0.0,0.09609900711064782,0.06670033065454122
2018-11-06 15:00:00,0.1466943586974622,0.30029589239602666,0.020997330074916835,0.6544640749710173,0.0
2018-11-06 16:00:00,0.4467710612281456,0.10750143135109909,0.03136689305242372,0.9331667858527762,0.22911898919872845
2018-11-06 17:00:00,0.6571137787858388,0.09543372432859959,0.12241139095071481,0.39975886815787026,0.2931571242583614
2018-11-06 18:00:00,0.7688934138129928,0.024913430746034956,0.18020431685119387,0.3946781027078934,0.4097905538004026
2018-11-06 19:00:00,0.8961259785386904,0.19443617842047123,0.11919081449993905,0.2273237836549118,0.44819132833642045
2018-11-06 20:00:00,0.8139333226750699,0.08507827729923796,0.05400403225120469,0.5772748856944396,0.006308729871001067
2018-11-06 21:00:00,0.6699476288985627,0.0,0.2193910272888952,0.5257038162225308,0.0
2018-11-06 22:00:00,0.38509303850407045,0.05491328971148539,0.4380837223352023,0.5422726873074153,0.0
2018-11-06 23:00:00,0.2394968910116909,0.10716887660955975,0.2615983075467251,0.4470152678463713,0.0
2018-11-07 00:00:00,0.04872467656268282,0.006654937819304678,0.44220940885863913,0.46839566471197486,0.0
2018-11-07 01:00:00,0.0,0.023572498374978088,0.4578353611713319,0.2856345369549053,0.0
2018-11-07 02:00:00,0.06293658922743134,0.05865157430209888,0.34397672205419594,0.22381002667800765,0.0
2018-11-07 03:00:00,0.04329022602510393,0.07342459826317702,0.15952150050515676,0.07108465312417919,0.0
2018-11-07 04:00:00,0.06759436887942123,0.02385035090665976,0.19125741316225603,0.055510392068996904,0.0
2018-11-07 05:00:00,0.021221533287923516,0.0333093224565431,0.09549314826761611,0.0771222814975168,0.0
2018-11-07 06:00:00,0.0,0.0,0.0007766292232228882,0.0,0.0
2018-11-07 07:00:00,0.03661085706609708,0.04790682770863401,0.0,0.07187529511385496,0.0
2018-11-07 08:00:00,0.03698992534248015,0.07310529431766831,0.0,0.060892830291689695,0.0
2018-11-07 09:00:00,0.0,0.017327132323413215,0.0,0.03183761746341022,0.0
2018-11-07 10:00:00,0.07353505308560454,0.09908244205187972,0.0,0.0,0.0
2018-11-07 11:00:00,0.1927877083223681,0.25477929185803655,0.0,0.0,0.0
2018-11-07 12:00:00,0.34670586731281916,0.341306488521261,0.0,0.031004312358286143,0.04044656123036979
2018-11-07 13:00:00,0.4503537873577828,0.41310277779931676,0.0,0.05224841376972226,0.23555208205080877
2018-11-07 14:00:00,0.5708073048448262,0.4907971358235551,0.0,0.1303645262688213,0.5250303433026147
2018-11-07 15:00:00,0.6740097638617827,0.5040156622207129,0.051420630492824936,0.1445743837056437,0.7954631871865895
2018-11-07 16:00:00,0.7364010561640367,0.8887108785768932,0.05678905126290704,0.10936342990579828,1.0
2018-11-07 17:00:00,0.741055507397174,0.86015826625182,0.10628866611384853,0.23996979934519747,1.0
2018-11-07 18:00:00,0.7981426076733248,0.8110577989014643,0.149105787401893,0.07270677366072682,1.0
2018-11-07 19:00:00,0.585022327829496,0.577471278979674,0.08432166984004297,0.01725876136250061,1.0
2018-11-07 20:00:00,0.7099999103936931,0.183275933779616,0.046641084900891444,0.06582291628033601,0.7741947680700123
2018-11-07 21:00:00,0.6215495266476551,0.5630308479921714,0.023081359784524275,0.14457282929559695,0.7157763511240449
2018-11-07 22:00:00,0.41560658111675897,0.2551167649699687,0.0,0.14606261007254376,0.378885260107877
2018-11-07 23:00:00,0.3971208969594545,0.2114881495509736,0.013271163513276027,0.15131099383262692,0.0793411972417294
2018-11-08 00:00:00,0.4021624471841739,0.10232211968900769,0.14404215834490613,0.05029750709195859,0.015808388149080997
2018-11-08 01:00:00,0.36932283436538715,0.04613516232466181,0.0,0.11803744291569464,0.0
2018-11-08 02:00:00,0.2744493171660341,0.05513391840439241,0.0,0.12811210260498312,0.0
2018-11-08 03:00:00,0.24116043158378928,0.07430386599624349,0.00028120861794790625,0.14134632018611326,0.0
2018-11-08 04:00:00,0.2061864099080408,0.01923249910097879,0.023264932912867967,0.15925887405001807,0.023395576461068913
2018-11-08 05:00:00,0.24980094197250174,0.06717424335900603,0.011758654417874255,0.4564870785529547,0.0
2018-11-08 06:00:00,0.18874674675088893,0.13400273624108983,0.04780101090271874,0.9905006538740625,0.0
2018-11-08 07:00:00,0.17776118589034376,0.0,0.04341551392866141,0.9394312677489294,0.0
2018-11-08 08:00:00,0.1314689257789505,0.0,0.0,1.0,0.0
2018-11-08 09:00:00,0.014288917104913746,0.0,0.0,1.0,0.0
2018-11-08 10:00:00,0.0,0.7111555895379318,0.0,0.47583344837797603,0.0
2018-11-08 11:00:00,0.0,0.7183041545741017,0.0,0.43969526191270353,0.0
2018-11-08 12:00:00,0.07760387339191975,0.5644875317435186,0.0,0.4180736893679376,0.0
2018-11-08 13:00:00,0.20416374910013824,0.6793614817388143,0.11193581063326186,0.2756261979713334,0.04937602096549108
2018-11-08 14:00:00,0.2606737262743973,0.6852234146281246,0.287879858468614,0.5146673708155886,0.06578626241393545
2018-11-08 15:00:00,0.4336590941481597,0.23352227611981274,0.2800568723962727,0.32394437102171225,0.2983096328327524
2018-11-08 16:00:00,0.8826297563777541,0.04678546374170342,0.11506588541733474,0.02969301838693919,0.3117400213819114
2018-11-08 17:00:00,0.5359073197852771,0.0,0.11237161570970966,0.0,0.2959065619583365
2018-11-08 18:00:00,0.3267493220726251,0.0,0.13822930067846936,0.0,0.1607858265573052
2018-11-08 19:00:00,0.5154284329902779,0.0,0.05601844514539759,0.03349057616461435,0.14136546167786954
2018-11-08 20:00:00,0.2812355110988084,0.0,0.019331453868244485,0.1271848701021607,0.08267498628297192
2018-11-08 21:00:00,0.07913800346593697,0.0,0.1584742377882648,0.1578176045963672,0.13855310751351202
2018-11-08 22:00:00,0.0,0.0667455071534001,0.5477768121453173,0.3000800040268158,0.12164370944295161
2018-11-08 23:00:00,0.0,0.2650211513686898,0.4797321027402319,0.19014600102183826,0.05195857907370169
2018-11-09 00:00:00,0.0,0.5932472754089678,0.5637659276812077,0.16480212762247987,0.0
2018-11-09 01:00:00,0.05422759914721064,0.6465150771104275,0.49630005704450314,0.44507666607224017,0.0
2018-11-09 02:00:00,0.07560575198492363,0.6760626253407348,0.33453545070501467,0.7221502361140956,0.0
2018-11-09 03:00:00,0.16697388665414367,0.3827627837372673,1.0,1.0,0.0
2018-11-09 04:00:00,0.1988733292619736,0.3512992933183617,1.0,0.9561160664293534,0.0
2018-11-09 05:00:00,0.26102357299937634,0.4010099640559559,1.0,0.7410320655791802,0.0
2018-11-09 06:00:00,0.20397381564257905,0.5321891591086529,1.0,0.5998689796563748,0.03849104934946445
2018-11-09 07:00:00,0.17042238287558537,0.29264182130749017,0.7851930972660863,0.4496832101420947,0.0034452651308462616
2018-11-09 08:00:00,0.1571082623508211,0.3289270522532165,0.6847474171650854,0.11944715862895904,0.0
2018-11-09 09:00:00,0.26153119145036363,0.0,0.2722685488953334,0.1468281330937657,0.021429727137271166
2018-11-09 10:00:00,0.1229557255906224,0.0,0.04613645807500134,0.10435652321758339,0.13402632079833302
2018-11-09 11:00:00,0.20167064731918655,0.0,0.0,0.12351997594120924,0.2323285054402466
2018-11-09 12:00:00,0.12306750237463993,0.04434345982995849,0.0,0.1850916044295081,0.2786238015146446
2018-11-09 13:00:00,0.03791541720670142,0.10351471631382347,0.0,0.07527698113705965,0.16876237386937668
2018-11-09 14:00:00,0.0,0.15528039725469012,0.07628023076971154,0.08776062847888068,0.08365109691897059
2018-11-09 15:00:00,0.049865688014421684,0.30403398121560377,0.06154586801769373,0.06365950036651084,0.24694056240154108
2018-11-09 16:00:00,0.129201730339461,0.34526044150094337,0.1275438283481113,0.08483747250962059,0.37835505596720215
2018-11-09 17:00:00,0.4286164611586105,0.3379792385349924,0.29919182402879096,0.14292501498375063,0.3512639649516765
2018-11-09 18:00:00,0.7843885389051808,0.4036478714347721,0.5419577437003558,0.2811912600080994,0.3459121010364082
2018-11-09 19:00:00,1.0,0.6503316381203325,0.793181918501025,0.4369211738799756,0.0648680476658448
2018-11-09 20:00:00,1.0,0.7121375980559809,0.8295873654496445,0.1413520822832801,0.0
2018-11-09 21:00:00,1.0,0.7327749776876529,1.0,0.30814975405140044,0.0
2018-11-09 22:00:00,1.0,0.48139426656755796,1.0,0.049315468999110254,0.0
2018-11-09 23:00:00,1.0,0.10414900778678289,1.0,0.17139595591304155,0.0
2018-11-10 00:00:00,1.0,0.02253879867517736,1.0,0.24644662229235154,0.0
2018-11-10 01:00:00,1.0,0.0,1.0,0.33977800032940786,0.0
2018-11-10 02:00:00,1.0,0.0,1.0,0.2174724968522064,0.0
2018-11-10 03:00:00,1.0,0.0,1.0,0.3224146615894327,0.0
2018-11-10 04:00:00,1.0,0.08888626188394796,0.9682332470034916,0.40247907397731053,0.02073626459889395
2018-11-10 05:00:00,1.0,0.1257036604779358,0.7218820839088066,0.6959613276986938,0.10594827307769931
2018-11-10 06:00:00,1.0,0.05190083290747684,0.3158831298624271,0.7501144535697101,0.07226895778859564
2018-11-10 07:00:00,1.0,0.412296093357304,0.2584254900101819,1.0,0.1034279468168147
2018-11-10 08:00:00,0.8551725313557469,0.0,0.3125419110993604,1.0,0.22287787455761493
2018-11-10 09:00:00,0.07994684094343162,0.07197337334158711,0.3286984947564101,1.0,0.15323391053377183
2018-11-10 10:00:00,0.0,0.0,0.8180425470322958,1.0,0.038084447917728616
2018-11-10 11:00:00,0.019321476716764475,0.04865364108701279,0.4728824016768067,0.8219929050755348,0.016867997176180743
2018-11-10 12:00:00,0.0,0.056985047208637486,0.7035241259676857,0.5461617620279967,0.0
2018-11-10 13:00:00,0.00954176997077885,0.03227713855931929,0.5552872050443263,0.47456505400420035,0.47826737397896674
2018-11-10 14:00:00,0.0,0.015971502723081243,0.46468213585088264,0.3659560629230491,0.30708396267941496
2018-11-10 15:00:00,0.0,0.11307507421035068,0.18715608989819285,0.32414388541016753,0.017085433528034967
2018-11-10 16:00:00,0.02452224348699476,0.15687340506070163,0.020058321127969746,0.3804501737652396,1.0
2018-11-10 17:00:00,0.5827843525527963,0.2798089789981486,0.1465349693649488,0.9951231221567637,0.8551661271114832
2018-11-10 18:00:00,1.0,0.8068023847515178,0.2129061313463598,0.8099759457586257,0.4075064371862674
2018-11-10 19:00:00,1.0,1.0,0.0618491504813954,1.0,0.3906179501143647
2018-11-10 20:00:00,1.0,1.0,0.0,0.7258278076777029,0.31105835392836706
2018-11-10 21:00:00,1.0,0.38729595497545066,0.0,0.6545044249973986,0.0454266065604783
2018-11-10 22:00:00,1.0,0.7049570495749731,0.955526131672807,0.4862839885080372,0.0
2018-11-10 23:00:00,1.0,0.46549938496604437,1.0,1.0,0.0
2018-11-11 00:00:00,1.0,0.5649353496007501,0.9261844628665749,0.7793540152709848,0.0
2018-11-11 01:00:00,1.0,0.9100387324465664,0.7628261141080618,0.5909655135935629,0.0
2018-11-11 02:00:00,1.0,1.0,0.3461955979527487,0.24416758427280652,0.0
2018-11-11 03:00:00,1.0,0.9802087970043107,0.24785028964016312,0.304145925242715,0.0
2018-11-11 04:00:00,0.8863343472025635,0.8260343656411484,0.3635042331543053,0.22170235884635667,0.0
2018-11-11 05:00:00,1.0,0.2857723803811429,0.20665464827195773,0.6348977469676094,0.0
2018-11-11 06:00:00,0.700984531705787,0.30000261347808194,0.22417506799740552,0.5316877035399062,0.0
2018-11-11 07:00:00,0.4930091747321676,0.2291508008902991,0.21955670433086372,0.7087430274499739,0.0
2018-11-11 08:00:00,0.7429525727467047,0.18193082257981247,0.5337255926000241,0.9643920158301209,0.0
2018-11-11 09:00:00,0.8318906351511929,0.19609867732077524,0.3797919621271641,0.6091622158750822,0.13155013380650446
2018-11-11 10:00:00,0.9568936964172391,0.20901073239878162,0.19217178576596197,0.3157443393846917,0.4608972648295685
2018-11-11 11:00:00,0.9605989127930157,0.3229386840730116,0.1531068754923822,0.2889041921107232,0.29507453731220146
2018-11-11 12:00:00,0.7807104001481409,0.34731020859957046,0.1619484929972401,0.32091456730858803,0.18558843317282633
2018-11-11 13:00:00,0.7107685823519599,0.5679499901442232,0.07071536073934419,0.2251716515999545,0.10473675728309745
2018-11-11 14:00:00,0.4924264538899688,0.2819445314899958,0.07115300665351727,0.27162685125935243,0.21235745793081445
2018-11-11 15:00:00,0.9593145118796318,0.06754703538577811,0.0,0.30529675690353,0.04794142407734591
2018-11-11 16:00:00,0.539911795103699,0.3904622501839446,0.07067842415358246,0.19410033885787584,0.069115849463656
2018-11-11 17:00:00,0.7264298687610868,0.4792872752820837,0.0,0.1971382138783597,0.1326211580829506
2018-11-11 18:00:00,0.3594263362014291,0.6051127932155091,0.0,0.08161399032340004,0.23772994498046107
2018-11-11 19:00:00,0.5333866458574918,1.0,0.0,0.02774535613489299,0.16474491647271536
2018-11-11 20:00:00,0.5598671008241772,0.8615459919306094,0.3445719804992756,0.03609634087884295,0.11448959288076017
2018-11-11 21:00:00,0.5193079024012016,0.6301280167874106,0.36555851710922144,0.25244268973482137,0.3470258856812655
2018-11-11 22:00:00,0.6902835130698128,0.7337858838568788,0.2884182526117036,0.45806055723121364,0.12967589739300578
2018-11-11 23:00:00,0.8580842574998957,0.6734611702640335,0.24103904167175672,0.639217609480284,0.0
2018-11-12 00:00:00,0.675260459844408,1.0,0.11770167038359819,0.6188311711689461,0.0
2018-11-12 01:00:00,0.4272014399214924,1.0,0.18087757457532053,0.4826575141310729,0.0
2018-11-12 02:00:00,0.3053462166781586,0.8636127154177675,0.16946124817869826,0.3160683352372092,0.0
2018-11-12 03:00:00,0.3056721844769296,0.6390232551929548,0.2546172418866278,0.36078074069586896,0.0
2018-11-12 04:00:00,0.5639745199921047,0.597857121776128,0.417428162596671,0.34044661228963696,0.0
2018-11-12 05:00:00,0.3570179685214254,1.0,0.48294037893871034,0.6947520236395446,0.0
2018-11-12 06:00:00,0.45596912969819037,0.8696320224428657,0.2077971903721947,0.7827602165417693,0.03257194822717292
2018-11-12 07:00:00,0.4419354369855519,0.6079284457822294,0.2127906394984885,0.8366044262856491,0.1382482390286058
2018-11-12 08:00:00,0.3785682595101651,0.5244153983176144,0.2829031536120936,0.8340065624375156,0.11476702220882316
2018-11-12 09:00:00,0.49238807330478934,0.4655209180955444,0.1527739168154792,0.5036066516050508,0.20853235196146103
2018-11-12 10:00:00,0.40713896815970124,0.522647838211311,0.13829026397613317,0.5065546100805687,0.2786041455293119
2018-11-12 11:00:00,0.41223353993534556,0.39747812640135377,0.24537434297826,0.470693584687229,0.14216107202768338
2018-11-12 12:00:00,0.6025990675496468,0.4171289753982539,0.18437786673843054,0.3137253464560622,0.06327367725036315
2018-11-12 13:00:00,0.7178707973092399,0.28845207439616205,0.24651645608794281,0.18946492935415418,0.0
2018-11-12 14:00:00,0.6730429365549756,0.33499796866282655,0.35495920438255096,0.25249949681219946,0.0
2018-11-12 15:00:00,0.48885149010132956,0.3548391798203734,0.3522101858973786,0.3312167610863171,0.0
2018-11-12 16:00:00,0.2243066921199564,0.26610238497732586,0.196140987892145,0.49165056471519375,0.0
2018-11-12 17:00:00,0.4759371759243301,0.1843257796818463,0.1931179864061277,0.33894433500906596,0.0
2018-11-12 18:00:00,0.34884633302542656,0.12256803579392415,0.06361204861205189,0.24794074713094474,0.03200255705313263
2018-11-12 19:00:00,0.46255736572671624,0.6108048220364313,0.07586621928982841,0.17610996146030827,0.0
2018-11-12 20:00:00,0.408889861856928,0.2422295221361363,0.03591033362014298,0.3567621350747633,0.0
2018-11-12 21:00:00,0.7325695164696087,0.17754767774451755,0.07142691045451977,0.543193806251413,0.0057439403300398525
2018-11-12 22:00:00,0.8022866492702287,0.3164346324112136,0.16079545048461713,0.9002655702167509,0.0314807621631281
2018-11-12 23:00:00,0.5486754021739907,0.33664020321119553,0.6337625231357387,0.959624402120232,0.051088978101362086
2018-11-13 00:00:00,0.8053434576336004,0.25118284965177173,1.0,0.5142229693270395,0.03420008545424527
2018-11-13 01:00:00,1.0,0.363803614334637,1.0,0.26219786180283244,0.02249424371655986
2018-11-13 02:00:00,1.0,0.5413278026698242,1.0,0.22603964370173085,0.0025648681263229114
2018-11-13 03:00:00,1.0,0.4516272975783768,1.0,0.5084667881219014,0.026868227501776174
2018-11-13 04:00:00,1.0,0.21313152093155366,1.0,1.0,0.026486570157484457
2018-11-13 05:00:00,1.0,0.15958163190176242,1.0,1.0,0.11076943585592865
2018-11-13 06:00:00,1.0,0.14830575783449249,0.958007689599734,1.0,0.08193167181045578
2018-11-13 07:00:00,0.9629242456788687,0.18247339079746272,0.7447181501042245,0.9397114274387817,0.09714695320462143
2018-11-13 08:00:00,0.7927863968884852,0.26105681964368843,0.6081578665655035,0.9021038378495214,0.06316617363011524
2018-11-13 09:00:00,0.7960682309819673,0.28192527149942437,0.3157331367245888,0.6376383624351779,0.04314656866184845
2018-11-13 10:00:00,0.7066517338698735,0.19497339288262924,0.30528036252426166,0.7550074432357712,0.06311379054634608
2018-11-13 11:00:00,0.6389120162044728,0.2541136004637207,0.30915780868051845,0.7389481083100712,0.03548711063610269
2018-11-13 12:00:00,0.4645442830745499,0.24588521088787016,0.2873502177195619,0.5201871204925119,0.0
2018-11-13 13:00:00,0.42336398877485953,0.33390785686431385,0.2343112251147639,0.3647998858255002,0.0
2018-11-13 14:00:00,0.4770492762813786,0.353110155112002,0.1936586984968851,0.33744267204340817,0.0
2018-11-13 15:00:00,0.3026132981059553,0.23774410075147837,0.1658158075909574,0.36742383567013454,0.03620609508914758
2018-11-13 16:00:00,0.228309000951107,0.2905158795284442,0.182248265645312,0.31397141604411294,0.14069739166252604
2018-11-13 17:00:00,0.22548223639271903,0.10982436598670643,0.11468684697744856,0.39012080564403745,0.18653240966661383
2018-11-13 18:00:00,0.7781172690343198,0.027584007422339275,0.07077307524842597,0.453731956730353,0.21249894584225779
2018-11-13 19:00:00,1.0,0.043880007266532,0.07297929508485015,0.6257894382189351,0.23880882794568167
2018-11-13 20:00:00,0.9944371709078446,0.3540096276158893,0.1489554417897212,0.45277830016292864,0.2633957146097509
2018-11-13 21:00:00,0.8460868701234767,0.495215496986787,0.3367596895408495,0.3414390155582088,0.12696584163503827
2018-11-13 22:00:00,0.7973202478956185,0.32934344963450063,0.9086577536756355,0.5000842942635336,0.09744607908243848
2018-11-13 23:00:00,0.6407853924934237,0.20450978911271833,0.9843234622278255,0.7125067005853055,0.11659407753797056
2018-11-14 00:00:00,0.914130803790437,0.19011255939229516,1.0,1.0,0.11961272904108432
2018-11-14 01:00:00,0.9945327824846665,0.06974558129468869,0.9568549573258328,1.0,0.09264354019353625
2018-11-14 02:00:00,1.0,0.0,0.8544628714409876,0.9510993757082351,0.10220702488475657
2018-11-14 03:00:00,1.0,0.062123425298367355,0.8570657498369219,0.8416586857480682,0.10005171541839578
2018-11-14 04:00:00,1.0,0.1699979255070789,0.9694569978897569,0.9421831007015347,0.0787814830758394
2018-11-14 05:00:00,1.0,0.19312104000604585,0.7559125047448779,1.0,0.18928097892705198
2018-11-14 06:00:00,1.0,0.10017075955937897,0.7135309591132103,0.960221218347335,0.12508479978827608
2018-11-14 07:00:00,1.0,0.06414341836761223,0.7316741435415915,0.9376264976894754,0.05747128669713773
2018-11-14 08:00:00,0.648723321762455,0.041309908262250644,0.7384389975536205,0.25110327096234614,0.060932823290907094
2018-11-14 09:00:00,0.38470974747157183,0.026308700037033457,0.3175083202429613,0.2010927626904874,0.10106034627279246
2018-11-14 10:00:00,0.11683301497027848,0.0,0.21785273179859632,0.11196917399272874,0.043277151993856726
2018-11-14 11:00:00,0.047212365335471684,0.0,0.0937754929023655,0.06103969915974975,0.02160420765754291
2018-11-14 12:00:00,0.03588289225620457,0.0,0.049869962955893014,0.057450414082927066,0.0
2018-11-14 13:00:00,0.016452689585920895,0.0,0.03426954851461081,0.043711903337945196,0.0
2018-11-14 14:00:00,0.0005040136487441866,0.0,0.04870222054709249,0.05953773254248771,0.0
2018-11-14 15:00:00,0.0,0.0,0.06605715593805758,0.10203135324683182,0.0
2018-11-14 16:00:00,0.023666189058949915,0.0,0.08214301163547141,0.12152089701070069,0.019263959969225104
2018-11-14 17:00:00,0.143792590036332,0.0,0.16495161174245268,0.22368763016102064,0.44907567159553735
2018-11-14 18:00:00,0.2904812890162578,0.0,0.1771957429678708,0.23852194366723248,0.4208052205800824
2018-11-14 19:00:00,0.4419682259663253,0.04887691037576087,0.28138271310983937,0.3606901280286459,0.11253626669441193
2018-11-14 20:00:00,0.584704603983805,0.15741254433938137,0.4108982655188544,0.23213639571672623,0.09616748643368124
2018-11-14 21:00:00,0.8740115068114535,0.32024570097754546,0.5085618256900092,0.3797978951391674,0.18269124988194949
2018-11-14 22:00:00,0.8722824054369536,0.3090162487257085,0.6206171348602816,0.3074511138315265,0.20490161182205535
2018-11-14 23:00:00,0.7687485999406563,0.31310270850148314,0.9880575781019332,0.3389073001906939,0.05009026353916567
2018-11-15 00:00:00,0.7264838488458096,0.3909726137700774,1.0,1.0,0.01630205095288276
2018-11-15 01:00:00,1.0,0.6755121398572155,1.0,1.0,0.06710682136334849
2018-11-15 02:00:00,1.0,0.6168896221392016,1.0,1.0,0.11981004838179145
2018-11-15 03:00:00,1.0,0.9684633993224551,1.0,1.0,0.2129925285824438
2018-11-15 04:00:00,1.0,1.0,1.0,1.0,0.4023616394725582
2018-11-15 05:00:00,1.0,0.9804222085572936,1.0,1.0,0.5165484492275464
2018-11-15 06:00:00,1.0,0.8953401112094261,1.0,1.0,0.5894924806490879
2018-11-15 07:00:00,1.0,0.7697877957101146,1.0,1.0,0.6286559295768792
2018-11-15 08:00:00,1.0,0.2874890351615533,1.0,1.0,0.19194022611413372
2018-11-15 09:00:00,1.0,0.20166045171492344,0.9289905233118546,1.0,0.3664987280560786
2018-11-15 10:00:00,0.42301941886399874,0.03826255927246914,0.7402177458106692,1.0,0.4382789978524265
2018-11-15 11:00:00,0.33686457179565743,0.16430061441563568,0.4635877982059804,1.0,0.08761355711353781
2018-11-15 12:00:00,0.17574453117482425,1.0,0.5661333079626153,0.680776923639139,0.0
2018-11-15 13:00:00,0.36672748654736326,1.0,0.41670208994396807,0.2394608232010854,0.0
2018-11-15 14:00:00,0.18482412890852956,0.610308970587656,0.18043274939527107,0.15052966537330728,0.0
2018-11-15 15:00:00,0.1994444941572711,0.2054031926433726,0.10028337126059739,0.0828036250312507,0.1463753208904199
2018-11-15 16:00:00,0.2697715443064245,0.0913488218026766,0.07848632059671036,0.041742177278568,0.31619415511952925
2018-11-15 17:00:00,0.25165985762996357,0.08001861198261266,0.07681590824210147,0.027608878371859116,0.30337947271069104
2018-11-15 18:00:00,0.13048555958146038,0.015403556991133315,0.051091858883738836,0.03181611400193587,0.2967985002435767
2018-11-15 19:00:00,0.28639379882333166,0.0,0.5668157071850404,0.07278457366045037,0.30680016157728174
2018-11-15 20:00:00,0.3182273440996261,0.0,0.6582857690365826,0.046213007848319554,0.0
2018-11-15 21:00:00,0.3624319896508321,0.0,0.22091857661697123,0.03515603310304122,0.022581767229567732
2018-11-15 22:00:00,0.3366155714742002,0.0,0.0,0.06663555037704535,0.05474942719709471
2018-11-15 23:00:00,0.3366155714742002,0.02367259041675563,0.03286613507466389,0.11272146078019121,0.07747894934370732
2018-11-16 00:00:00,0.2735993586155838,0.0959795294209157,0.010308167273577435,0.31535735026542505,0.022294592150902588
2018-11-16 01:00:00,0.17715421275857207,0.3177904241115709,0.005532451201470015,0.25095178994875356,0.0
2018-11-16 02:00:00,0.35444288406184676,0.7739405250245008,0.026474938660359156,0.5027383163329978,0.0
2018-11-16 03:00:00,0.6388331935754443,0.7789658902724244,0.31757171772429227,0.5029173895364417,0.006585568974516529
2018-11-16 04:00:00,0.8823585779922326,0.3177904241115709,0.9341382506536022,0.44420595428282195,0.001080528950388801
2018-11-16 05:00:00,0.7609961359803874,0.31768459168686725,1.0,0.46833030019367805,0.0
2018-11-16 06:00:00,1.0,0.16233119832981932,1.0,0.46058186042482124,0.044840038073157264
2018-11-16 07:00:00,1.0,0.10768507121828012,1.0,0.7162008391515283,0.10750794661083485
2018-11-16 08:00:00,1.0,0.08633263043192986,1.0,0.6641568145286119,0.06230900867256897
2018-11-16 09:00:00,1.0,0.06518808868380946,0.7410071555709061,1.0,0.10877448067357015
2018-11-16 10:00:00,1.0,0.045658300066878134,0.25832250930269507,0.8475534637149352,0.07909610634983152
2018-11-16 11:00:00,1.0,0.0,0.18841307217134357,1.0,0.03554433215482186
2018-11-16 12:00:00,0.7766167927215368,0.0,0.03509992221801595,0.8463866638792346,0.0
2018-11-16 13:00:00,0.7189688867359797,0.0,0.0,1.0,0.0
2018-11-16 14:00:00,0.4071826982647253,0.0,0.0,1.0,0.0
2018-11-16 15:00:00,0.33484464495722266,0.0,0.0,0.8275634926855291,0.0
2018-11-16 16:00:00,0.13470232999343776,0.0,0.0,1.0,0.0033354572015149415
2018-11-16 17:00:00,0.017912535553141158,0.0,1.0,1.0,0.09146987386076523
2018-11-16 18:00:00,0.0,0.0,1.0,1.0,0.3176884475051282
2018-11-16 19:00:00,0.21908784382048552,0.01342228229261487,1.0,1.0,0.3589567624453924
2018-11-16 20:00:00,0.18496829210708476,0.6268108074172959,1.0,1.0,0.2374675885359408
2018-11-16 21:00:00,0.09437095944415227,0.8441114566280785,1.0,1.0,0.3485237267685578
2018-11-16 22:00:00,0.3417613736628726,1.0,1.0,1.0,0.55233394015872
2018-11-16 23:00:00,1.0,1.0,1.0,1.0,0.790438348925074
2018-11-17 00:00:00,1.0,1.0,1.0,0.5171695403365077,0.1075245717443044
2018-11-17 01:00:00,1.0,1.0,0.9785794873259448,0.2338338393645619,0.05101659019338975
2018-11-17 02:00:00,1.0,0.9681531560391694,1.0,0.16024730407137766,0.012112202308446096
2018-11-17 03:00:00,1.0,0.9377908519549749,1.0,0.45754019691812936,0.021448879329186488
2018-11-17 04:00:00,1.0,0.49007322701332545,1.0,0.6186449425220264,0.034402674321026436
2018-11-17 05:00:00,1.0,0.3010175401254132,1.0,0.5712618369613258,0.05550657750113222
2018-11-17 06:00:00,1.0,0.1592920481431854,0.8640594859877253,0.523630409076386,0.034437356807731474
2018-11-17 07:00:00,1.0,0.12487625382013023,0.706986920881605,0.6586693001699663,0.026989662565383033
2018-11-17 08:00:00,1.0,0.1629192400051189,0.40076620140901287,0.4919042781244531,0.04368845244705917
2018-11-17 09:00:00,0.9961999101010834,0.2224572658285637,0.38391779170749485,0.38592431983611825,0.06416179183787221
2018-11-17 10:00:00,0.9607419624869288,0.15136653907646913,0.30780115830453586,0.30486941246524685,0.20133593131453753
2018-11-17 11:00:00,0.9246563125309157,0.17572644875228502,0.2411034426210061,0.21199275472833853,0.24897442935278347
2018-11-17 12:00:00,0.7766839426371843,0.10771854816236441,0.20539569587242484,0.1770504194113918,0.2898669746754705
2018-11-17 13:00:00,0.6545892849112775,0.11274464153037994,0.1366050742538198,0.14839396790156617,0.2866453037194224
2018-11-17 14:00:00,0.7378987394642436,0.10624068007868209,0.15199252033441613,0.09305655599321577,0.46882205232411406
2018-11-17 15:00:00,0.7097995266463264,0.14627850333775944,0.09948025611954162,0.11807260503346667,0.4244826409456332
2018-11-17 16:00:00,0.5956477915442485,0.14922960606701577,0.10895667817839323,0.1399999232286416,0.21793594262917707
2018-11-17 17:00:00,0.5000237844491822,0.11506523410250936,0.19184996873201537,0.10611975289574938,0.1693168179367346
2018-11-17 18:00:00,0.48854509235555876,0.09217220522287554,0.15315276936274594,0.0,0.3554434376990906
2018-11-17 19:00:00,0.6032603740204335,0.029309891614754748,0.08263303797476056,0.0,0.29323283336581474
2018-11-17 20:00:00,0.37432533372778015,0.049185081513752685,0.033313446840864645,0.0,0.1840206994476354
2018-11-17 21:00:00,0.265292124811341,0.013459362194136968,0.0,0.0,0.25503170554457527
2018-11-17 22:00:00,0.21969616720354293,0.0,0.0,0.0,0.18047940046498592
2018-11-17 23:00:00,0.1840259968371876,0.0,0.0,0.0,0.059282698830778295
2018-11-18 00:00:00,0.17326383493120504,0.0,0.0,0.04529626428725603,0.02848130875439612
2018-11-18 01:00:00,0.134601268527829,0.0,0.0,0.35588768893870626,0.0
2018-11-18 02:00:00,0.09736659815075226,0.0,0.09548274596222722,0.7061489037121659,0.0
2018-11-18 03:00:00,0.042514280054415814,0.0,0.1467369669178391,0.45819618805328444,0.0
2018-11-18 04:00:00,0.015656364694106892,0.04218086301033505,0.22680307317915124,0.5013865861597661,0.0
2018-11-18 05:00:00,0.05212956754931937,0.030252801676811183,0.19220458366452234,0.7130322814485666,0.0
2018-11-18 06:00:00,0.025251029224780248,0.12667665298939315,0.2639196220617064,0.497220306640942,0.0
2018-11-18 07:00:00,0.0,0.16183289367708154,0.4472377906182028,0.4067136831010354,0.0
2018-11-18 08:00:00,0.0,0.12311219800379657,0.4545142658341083,0.2635283177547044,0.0
2018-11-18 09:00:00,0.0,0.028960844291976023,0.3006707674446516,0.3763512024181138,0.0
2018-11-18 10:00:00,0.0,0.0,0.1797753678559499,0.2643689676115191,0.0
2018-11-18 11:00:00,0.0,0.0,0.15332567497266897,0.15696575055735024,0.0
2018-11-18 12:00:00,0.0,0.021393374174075046,0.11330717403518338,0.13621510710833945,0.0
2018-11-18 13:00:00,0.022898809321768777,0.06043701763458841,0.09616706921510058,0.1186194723307373,0.0
2018-11-18 14:00:00,0.022063911169475887,0.02144187226965541,0.07089195536580371,0.07667721200715569,0.0
2018-11-18 15:00:00,0.10416148132224415,0.0255852957156971,0.1812543768154642,0.03614761761238922,0.0
2018-11-18 16:00:00,0.18026839254483662,0.030151289485587218,0.22908632593647327,0.0,0.0
2018-11-18 17:00:00,0.07773163367463337,0.0698583973394719,0.04302323469308961,0.0,0.0142290363100365
2018-11-18 18:00:00,0.07022533571395123,0.2572340623344265,0.03686052578209971,0.10298034233696679,0.019681240061375452
2018-11-18 19:00:00,0.2375278599177979,0.3387289636178537,0.04961414178280071,0.9189451134327389,0.0
2018-11-18 20:00:00,0.20102622360074535,0.3193740480922527,0.26575684484114936,1.0,0.0
2018-11-18 21:00:00,0.10577695094586917,0.565010780526685,0.9974943050023722,1.0,0.0
2018-11-18 22:00:00,0.1909529560874386,0.508660036668932,1.0,1.0,0.0
2018-11-18 23:00:00,0.1755691178208709,0.4351551839513786,1.0,1.0,0.0
2018-11-19 00:00:00,0.10515894133771034,0.15599857807996334,1.0,1.0,0.0
2018-11-19 01:00:00,0.0,0.2963670438747854,0.7049224685024243,1.0,0.0
2018-11-19 02:00:00,0.0,1.0,0.513184832159786,1.0,0.042457409356545135
2018-11-19 03:00:00,0.1259811047314616,1.0,0.452869477031395,1.0,0.05655194114290001
2018-11-19 04:00:00,0.8005180882787466,1.0,0.6465156012770021,1.0,0.029790771011990236
2018-11-19 05:00:00,1.0,0.9811315596675484,0.7232196885155742,1.0,0.0
2018-11-19 06:00:00,0.7808170491870027,0.8242889382124737,0.3871946811011762,1.0,0.0
2018-11-19 07:00:00,0.6030072946779408,0.5532854986385546,0.7367282302394281,1.0,0.05986290309197106
2018-11-19 08:00:00,0.6684465319785255,1.0,0.9432775880988656,1.0,0.005027008022484514
2018-11-19 09:00:00,0.5866901624238458,0.6011865590841351,0.5993041655440962,0.5035434871697174,0.0
2018-11-19 10:00:00,0.34504112061286835,0.11151040191359789,0.557106589835075,0.15009514782961764,0.0
2018-11-19 11:00:00,0.23782475203448622,0.03452635710500666,0.5322716845567329,0.15288880888109785,0.0
2018-11-19 12:00:00,0.12704791246648664,0.0,0.3991512973413378,0.1256696822736608,0.014560974250214827
2018-11-19 13:00:00,0.12726494571306574,0.04538584373689156,0.2247157897444766,0.17172958128259513,0.055103776167084485
2018-11-19 14:00:00,0.13735562747555635,0.019716158691724047,0.2430437306469953,0.11271643661287278,0.04908220478360719
2018-11-19 15:00:00,0.07182034379483752,0.0371578873083695,0.2371891175730155,0.06789922775864375,0.13467347471631394
2018-11-19 16:00:00,0.0690753327800343,0.036110913015694884,0.16763624913007516,0.05128948865763467,0.10437787824547448
2018-11-19 17:00:00,0.017318101781288724,0.055760105944639086,0.16283332602667672,0.10018286187563331,0.11974702983395848
2018-11-19 18:00:00,0.0,0.0,0.09687248432709862,0.0,0.07453387254631018
2018-11-19 19:00:00,0.0,0.04188782521485835,0.17517193941164147,0.0,0.18095458691154795
2018-11-19 20:00:00,0.0,0.0,0.09934616165017719,0.0,0.0
2018-11-19 21:00:00,0.0,0.0,0.033649324633551525,0.12486295888901554,0.03258366387553366
2018-11-19 22:00:00,0.0,0.0,0.0,0.15780072726788755,0.0074542612238805836
2018-11-19 23:00:00,0.0,0.0,0.00900014452099587,0.2984426307295298,0.022975756758778422
2018-11-20 00:00:00,0.017549700415004886,0.0,0.028078849978089467,0.12714333729646554,0.05013424262955137
2018-11-20 01:00:00,0.12215838502988004,0.009544437005952925,0.22410471196523243,0.13758600788901876,0.0
2018-11-20 02:00:00,0.19816434116743425,0.04865578845793156,0.4974957480606369,0.2597605334228372,0.0
2018-11-20 03:00:00,0.6184455913708836,0.1276562900527367,0.7140949929776707,0.21155343278058544,0.0
2018-11-20 04:00:00,1.0,0.12813525609687273,0.7416967140547722,0.14315373578750828,0.0
2018-11-20 05:00:00,1.0,0.0,0.6524994481107139,0.15797011684117296,0.0
2018-11-20 06:00:00,1.0,0.0,0.7945637888956532,0.2533696161631672,0.0
2018-11-20 07:00:00,1.0,0.0,0.5283253480371198,1.0,0.0
2018-11-20 08:00:00,1.0,0.0688463681555403,0.66597802715537,1.0,0.0
2018-11-20 09:00:00,0.7772222070909908,0.11884998759284303,0.20968041486010838,0.8774699848299379,0.0
2018-11-20 10:00:00,0.32224668156874137,0.01098540511886271,0.14738718488465974,0.2721030624698971,0.0
2018-11-20 11:00:00,0.052856767985138615,0.0,0.20576299476283952,0.13415821385663154,0.0
2018-11-20 12:00:00,0.0,0.0,0.20972533173062394,0.1263202507505805,0.0
2018-11-20 13:00:00,0.0,0.0,0.09428787863311731,0.06414429644970683,0.0
2018-11-20 14:00:00,0.0,0.0,0.03725455712973214,0.05546094706752937,0.0
2018-11-20 15:00:00,0.0,0.0,0.02313698215656846,0.024078759169410525,0.029865116681188228
2018-11-20 16:00:00,0.0,0.0,0.0,0.007684636935456031,0.0320975265132144
2018-11-20 17:00:00,0.0,0.0020040359884715524,0.0,0.056265150718259674,0.07075764452748164
2018-11-20 18:00:00,0.0,0.0,0.0,0.0,0.06335139017615161
2018-11-20 19:00:00,0.0202689342319804,0.0,0.0,0.0,0.22386865418764562
2018-11-20 20:00:00,0.0,0.0,0.0,0.0,0.0
2018-11-20 21:00:00,0.0,0.0,0.019391629095023517,0.07985622822192254,0.0
2018-11-20 22:00:00,0.0,0.0,0.09454067550729091,0.1614794286709989,0.0
2018-11-20 23:00:00,0.0,0.0,0.11585597202065492,0.24149739418712912,0.0
2018-11-21 00:00:00,0.02369500488854455,0.0,0.2026527384943938,0.2046650340873432,0.027265721446349575
2018-11-21 01:00:00,0.15781263538954568,0.14278753378346082,0.40457649493643566,0.22719472737430926,0.05645908226039394
2018-11-21 02:00:00,0.2689209549543848,0.08090510713061497,0.552296903891856,0.2520607470563235,0.06261173209947969
2018-11-21 03:00:00,0.20949419169289718,0.10397949134233132,0.4702789559861894,0.27302407628558134,0.04737416331542598
2018-11-21 04:00:00,0.18922607981335182,0.10465269799045931,0.44526533575632915,0.2503869269190148,0.03399402110908827
2018-11-21 05:00:00,0.03917576741464086,0.10263307804607541,0.5206930108141274,0.12463762422131784,0.0
2018-11-21 06:00:00,0.029136425747415103,0.09859383815730768,0.5805410792138495,0.0615693162142018,0.0
2018-11-21 07:00:00,0.059421593577807054,0.08958536529557705,0.528251673200118,0.06804324775091053,0.0
2018-11-21 08:00:00,0.020497735237831365,0.032332107758044196,0.6931694276792326,0.021961804390680927,0.017161118419745058
2018-11-21 09:00:00,0.0,0.01452400007578016,0.29220285014792385,0.45272577855535534,0.03973260995507083
2018-11-21 10:00:00,0.0,0.0,0.0977661057883422,0.3391571891089467,0.017638388187926998
2018-11-21 11:00:00,0.0,0.0,0.03815132190094564,0.15201717653607344,0.0
2018-11-21 12:00:00,0.0,0.0,0.0,0.06183388480000682,0.0
2018-11-21 13:00:00,0.03338900528910346,0.0,0.0,0.04672768172311102,0.0
2018-11-21 14:00:00,0.07491407927254802,0.0,0.0,0.036313460986906854,0.0
2018-11-21 15:00:00,0.14203415761463126,0.020115668829175263,0.0,0.043358666268373154,0.0
2018-11-21 16:00:00,0.18222747479607998,0.027557813790246372,0.01777394581112037,0.06153694562954441,0.0
2018-11-21 17:00:00,0.265603396592756,0.08817084906863966,0.06522603646452149,0.08961734516538328,0.09378186206824458
2018-11-21 18:00:00,0.4481056228479871,0.0855085995530288,0.10671825724170757,0.07592949555308291,0.26644886105144483
2018-11-21 19:00:00,0.8140467605199428,0.0908191305131235,0.36423586108451766,0.11585233355888484,0.19136287972387322
2018-11-21 20:00:00,0.6764770943868212,0.1183218263352779,0.605181161926441,0.12855512623104368,0.0
2018-11-21 21:00:00,1.0,0.10050595650570422,0.9047329050829646,0.21111440962954725,0.0
2018-11-21 22:00:00,1.0,0.07487141359216139,0.9953766755027413,0.1924796940342842,0.06629149509597335
2018-11-21 23:00:00,0.9684915746668007,0.058006295234566664,1.0,0.23565739201448407,0.06528624344295857
2018-11-22 00:00:00,0.5311529261943212,0.024409750637159163,1.0,0.15636910265775555,0.027879236888045607
2018-11-22 01:00:00,0.49156757153347946,0.07929287653839898,1.0,0.12422289421808348,0.02907686060243007
2018-11-22 02:00:00,0.8202247134461282,0.1279241156477889,1.0,0.10302443659292915,0.06443969255475929
2018-11-22 03:00:00,0.6977277995761606,0.0974574414522286,1.0,0.11890423343779867,0.03266219077196998
2018-11-22 04:00:00,0.6285758808489692,0.07820494133644627,1.0,0.15172658591729607,0.06951568178267174
2018-11-22 05:00:00,0.19912750995846326,0.08893625857196241,0.5837708809456865,0.26721231837956644,0.07697110780928938
2018-11-22 06:00:00,0.0844838896601636,0.08508777407689991,0.39721164240052,0.4223705783586815,0.17286802396867249
2018-11-22 07:00:00,0.09198252680920507,0.08194042601135372,0.40194394328457567,0.3968036789028118,0.3211758116632048
2018-11-22 08:00:00,0.03369582068908986,0.026560988259075203,0.3585348305646418,0.35144866157695287,0.17212813265017357
2018-11-22 09:00:00,0.0,0.07146877479401958,0.11936696242281505,0.1320558869370944,0.09580215153275394
2018-11-22 10:00:00,0.02057643524364096,0.023150956146331586,0.04778643699391419,0.09219880480545525,0.0
2018-11-22 11:00:00,0.02814328335131982,0.040092647744159514,0.0,0.04564109377330442,0.0
2018-11-22 12:00:00,0.06349876103329322,0.08528156115667564,0.0,0.039872245233103815,0.0
2018-11-22 13:00:00,0.1652960777013897,0.2501474820064166,0.006155389908864057,0.04547088755354417,0.0
2018-11-22 14:00:00,0.32554256165263906,0.7774025046118817,0.05027101242992758,0.1557821030745455,0.0
2018-11-22 15:00:00,0.47715414202136525,0.5454179008887264,0.23635659361960157,0.051230653810926584,0.0
2018-11-22 16:00:00,0.26999731384238357,0.4810689828221784,0.23981200589950155,0.056546658559268964,0.0
2018-11-22 17:00:00,1.0,0.12199984310426135,0.5601710666372292,0.2984806207771673,0.0
2018-11-22 18:00:00,1.0,0.04971736097082343,0.6671147841662254,0.7341065802559948,1.0
2018-11-22 19:00:00,1.0,0.0776336300655922,0.764274350276059,0.4572148262367497,1.0
2018-11-22 20:00:00,0.8820749730073073,1.0,0.24475530365303044,0.2501538569854259,1.0
2018-11-22 21:00:00,0.7179458966632589,1.0,1.0,0.5225067300620849,1.0
2018-11-22 22:00:00,1.0,1.0,1.0,1.0,0.7598894129038836
2018-11-22 23:00:00,1.0,0.5082991643754424,1.0,1.0,1.0
2018-11-23 00:00:00,1.0,0.434737229729149,1.0,1.0,1.0
2018-11-23 01:00:00,1.0,0.4189191985660256,1.0,1.0,1.0
2018-11-23 02:00:00,1.0,1.0,1.0,1.0,1.0
2018-11-23 03:00:00,1.0,1.0,1.0,1.0,1.0
2018-11-23 04:00:00,1.0,1.0,1.0,1.0,1.0
2018-11-23 05:00:00,1.0,1.0,1.0,1.0,1.0
2018-11-23 06:00:00,1.0,0.8907516709301223,1.0,1.0,1.0
2018-11-23 07:00:00,1.0,1.0,1.0,1.0,1.0
2018-11-23 08:00:00,1.0,1.0,1.0,1.0,1.0
2018-11-23 09:00:00,1.0,0.5653365691935597,1.0,1.0,0.5910710263846599
2018-11-23 10:00:00,1.0,1.0,1.0,1.0,1.0
2018-11-23 11:00:00,1.0,1.0,1.0,1.0,1.0
2018-11-23 12:00:00,1.0,1.0,1.0,1.0,1.0
2018-11-23 13:00:00,0.8446267711469503,1.0,1.0,1.0,1.0
2018-11-23 14:00:00,1.0,1.0,1.0,1.0,1.0
2018-11-23 15:00:00,0.9149278955972061,1.0,1.0,1.0,1.0
2018-11-23 16:00:00,0.5241048679421829,0.88387419495759,1.0,1.0,1.0
2018-11-23 17:00:00,0.29274659567933337,0.13045320091642104,1.0,1.0,1.0
2018-11-23 18:00:00,0.33065074330917166,0.25080994933836975,1.0,1.0,1.0
2018-11-23 19:00:00,0.565710427758102,0.3633253510832909,1.0,1.0,0.7678087590817859
2018-11-23 20:00:00,0.15963429740109017,0.21014648666047903,1.0,1.0,1.0
2018-11-23 21:00:00,0.31828068843241636,0.15346994393121652,1.0,1.0,1.0
2018-11-23 22:00:00,0.07763730249464736,0.37127632213164313,1.0,0.6892867642860653,0.0
2018-11-23 23:00:00,0.0,0.0,0.30686136971726957,0.09494892025858367,0.0947584816034417
2018-11-24 00:00:00,0.0,0.15057523876461784,0.03928379415657345,0.009079921806432708,0.08620378202391453
2018-11-24 01:00:00,0.04802542909871202,0.31115293521597565,0.0,0.5958286060481652,0.32952248056675487
2018-11-24 02:00:00,0.051422634658136,0.36841886747580127,0.0,1.0,0.07780837246847666
2018-11-24 03:00:00,0.12449547491347873,0.6606237485006274,0.05507463285143846,1.0,0.07476515098899032
2018-11-24 04:00:00,0.7114001454453304,1.0,0.31175156259141173,1.0,0.0
2018-11-24 05:00:00,0.9960069144813374,0.17154004736806808,0.6000022289477427,1.0,0.0
2018-11-24 06:00:00,0.9866549040550909,0.2375455170583729,0.7527576360559994,0.5003005471697782,0.0
2018-11-24 07:00:00,1.0,0.1188251151177166,0.7601084742089236,0.3743386580231606,0.0759452789195512
2018-11-24 08:00:00,1.0,0.0683332729006601,0.6489850141414517,0.16359603971711462,0.0
2018-11-24 09:00:00,0.9113787401280857,0.040458401631421545,0.8649291660503856,0.43541586011962924,0.0
2018-11-24 10:00:00,1.0,0.11127822752649597,0.9850446010487532,0.602736959608974,0.0
2018-11-24 11:00:00,0.5100718886040028,0.46317171503494503,0.9756420309676325,0.35432891052711646,0.0
2018-11-24 12:00:00,0.2899328436442032,0.6853647757649699,0.5642518175877985,0.21451106163433875,1.0
2018-11-24 13:00:00,0.14667870546899925,0.47395860638365683,0.15037992386898827,0.953668269058217,1.0
2018-11-24 14:00:00,0.3329552210376681,0.0,0.05394769746190915,0.9906793539958891,1.0
2018-11-24 15:00:00,0.9479550563139264,0.13139042103368775,0.0,1.0,1.0
2018-11-24 16:00:00,0.15436943938650757,1.0,1.0,1.0,1.0
2018-11-24 17:00:00,0.7984279566329515,1.0,1.0,1.0,1.0
2018-11-24 18:00:00,1.0,1.0,0.661547940016043,1.0,1.0
2018-11-24 19:00:00,1.0,1.0,0.9257325684449913,0.6610095122668035,1.0
2018-11-24 20:00:00,1.0,1.0,0.0251971737530896,0.38989742476261713,0.5916348610683185
2018-11-24 21:00:00,1.0,1.0,0.024940211924255946,1.0,1.0
2018-11-24 22:00:00,1.0,1.0,0.0,1.0,1.0
2018-11-24 23:00:00,1.0,1.0,0.0,1.0,1.0
2018-11-25 00:00:00,1.0,1.0,1.0,1.0,1.0
2018-11-25 01:00:00,1.0,1.0,1.0,1.0,1.0
2018-11-25 02:00:00,1.0,1.0,1.0,1.0,1.0
2018-11-25 03:00:00,1.0,1.0,1.0,1.0,0.8302968132967796
2018-11-25 04:00:00,1.0,1.0,1.0,1.0,0.553410393436184
2018-11-25 05:00:00,1.0,1.0,1.0,1.0,0.6944060908924302
2018-11-25 06:00:00,1.0,1.0,1.0,1.0,0.9023429430299266
2018-11-25 07:00:00,1.0,1.0,1.0,1.0,1.0
2018-11-25 08:00:00,1.0,1.0,1.0,1.0,0.2943989860607468
2018-11-25 09:00:00,1.0,1.0,1.0,1.0,0.20602799641565708
2018-11-25 10:00:00,1.0,1.0,1.0,0.7668498865198295,0.16793980381498871
2018-11-25 11:00:00,1.0,1.0,1.0,0.5780415158088669,0.23151603747296803
2018-11-25 12:00:00,1.0,1.0,1.0,0.7772322071584449,0.0
2018-11-25 13:00:00,1.0,1.0,0.8948858840494986,0.6550420690544136,0.02689246896179467
2018-11-25 14:00:00,1.0,0.508707662248167,0.7193003097007447,0.7764796525301896,0.04325356118202594
2018-11-25 15:00:00,1.0,0.21073678131950077,0.47957735710162525,0.7279456961141753,0.05862300086658524
2018-11-25 16:00:00,1.0,0.21002815264296829,0.24043741458318513,0.8315214687327162,0.08759585542865095
2018-11-25 17:00:00,0.6207272217858346,0.5524290283661224,0.13736553340938698,0.7623728142194508,0.21231074539640235
2018-11-25 18:00:00,0.3471084300200305,0.712547100858229,0.02377543141001672,0.7516643819056851,0.29515125669538306
2018-11-25 19:00:00,0.20872151404145614,0.0,0.1890057243578208,0.6902552158160361,0.2483230181110063
2018-11-25 20:00:00,0.0429373105372236,0.0959631454549099,0.37949171436797907,1.0,0.42685589904449006
2018-11-25 21:00:00,0.015272917525721975,0.08634523325054237,0.5933428369438493,1.0,0.28465338417963554
2018-11-25 22:00:00,0.08991219668735748,0.0887060796874952,0.4394632947557549,0.8776010361632677,0.036733650939832156
2018-11-25 23:00:00,0.10021375562275697,0.06149435136152109,0.9950228052121042,1.0,0.0
2018-11-26 00:00:00,0.258805138800235,0.05992344660518218,1.0,1.0,0.0
2018-11-26 01:00:00,0.33992804939989296,1.0,1.0,1.0,0.0
2018-11-26 02:00:00,0.37809940814081455,1.0,1.0,1.0,0.0
2018-11-26 03:00:00,0.3512329966942434,0.9762490502296073,1.0,1.0,0.0
2018-11-26 04:00:00,0.2433694312163337,0.13182819897673895,0.9592014265429154,1.0,0.0
2018-11-26 05:00:00,0.0430688433587113,0.45870463265794026,0.7169618652416948,1.0,0.0
2018-11-26 06:00:00,0.04821003416128906,0.4977978351176574,0.743674960944824,1.0,0.0
2018-11-26 07:00:00,0.0,0.28452475837473157,0.6117638298222621,1.0,0.0
2018-11-26 08:00:00,0.0,0.15750605188638042,0.4876679156958577,1.0,0.0
2018-11-26 09:00:00,0.055551076709118206,0.029351178694904966,0.36396526644513155,1.0,0.0
2018-11-26 10:00:00,0.0,0.0,0.2568838814235446,1.0,0.0
2018-11-26 11:00:00,0.0,0.0,0.21847627855752488,0.7595449616827306,0.01976325768058994
2018-11-26 12:00:00,0.0,0.15951323217186603,0.1083060413440575,0.6066244459577111,0.048181250007935696
2018-11-26 13:00:00,0.0,0.1355218128736214,0.06814277914955555,0.4250323463933537,0.035864108003015475
2018-11-26 14:00:00,0.0,0.08967899890773075,0.03468358849722963,0.3726821760310944,0.019194627235380398
2018-11-26 15:00:00,0.0,0.1220789518808574,0.024001207868569355,0.1615349426339215,0.025873423383943474
2018-11-26 16:00:00,0.0,0.16479767807019818,0.0,0.21114465097863475,0.058811487874084266
2018-11-26 17:00:00,0.0,0.11031617750345193,0.0,0.0,0.08042437484598637
2018-11-26 18:00:00,0.05528886126191188,0.28012401991416647,0.04172449099790367,0.0,0.10162316682290964
2018-11-26 19:00:00,0.33980601429824553,0.4977292422415867,0.0,0.0,0.0
2018-11-26 20:00:00,0.4471984110906093,0.9232913432226221,0.03272246082019605,0.2027705510749319,0.0
2018-11-26 21:00:00,0.44298189427725143,0.7538338536898057,0.11050689600314172,0.24631681793458468,0.008112144132028789
2018-11-26 22:00:00,0.6367008044565183,0.36033226387817435,0.22375646953213937,0.8589540317397878,0.1299223856046035
2018-11-26 23:00:00,0.5684818419260079,0.2550456851188419,0.2554479779691745,1.0,0.030583575207147665
2018-11-27 00:00:00,0.8351051963473801,0.39741818767185383,0.3337090869882095,1.0,0.1370855205484862
2018-11-27 01:00:00,1.0,1.0,0.4534938942708574,1.0,0.2913908828623639
2018-11-27 02:00:00,1.0,1.0,0.47248405745392424,1.0,0.48324152618714955
2018-11-27 03:00:00,0.6769601797574417,1.0,0.5562855806981882,1.0,0.0
2018-11-27 04:00:00,0.37877971834655394,1.0,0.5744508746413737,1.0,0.0
2018-11-27 05:00:00,0.7858986364928887,0.2743794243434727,0.06717995928205983,0.6708063579706268,0.10652025376086742
2018-11-27 06:00:00,0.5849779301902495,0.023051984795105892,0.03196880968210525,0.8796940716015285,0.0
2018-11-27 07:00:00,0.3914922700459674,0.0,0.024240257739297628,0.8552799403047605,0.0
2018-11-27 08:00:00,0.19047769911691323,0.0,0.032484545521108486,1.0,0.0
2018-11-27 09:00:00,0.0,0.09070050978989927,0.12232887169614173,1.0,0.0
2018-11-27 10:00:00,0.0,0.0263414507632815,0.13569000448075122,1.0,0.0
2018-11-27 11:00:00,0.008239810978931434,0.08142544639245697,0.06442605009238238,1.0,0.0
2018-11-27 12:00:00,0.05329636206839223,0.05933599321219765,0.05632888603249861,1.0,0.0
2018-11-27 13:00:00,0.14417289517708134,0.05522453961812983,0.10333056711256415,1.0,0.0
2018-11-27 14:00:00,0.1680492842245557,0.06399318719663222,0.0,0.2410176714026902,0.0
2018-11-27 15:00:00,0.15930352720722454,0.06384640335360026,0.0,0.19524684958143135,0.0
2018-11-27 16:00:00,0.5447632008314616,0.037852755258571354,0.0925769554635705,0.22472981873914188,0.0
2018-11-27 17:00:00,0.7116912454474725,0.0,0.18178968675972615,0.10163425265770634,0.0
2018-11-27 18:00:00,1.0,0.0,0.29603841631603656,0.43888284639918385,1.0
2018-11-27 19:00:00,1.0,0.0,0.2929447228209891,0.2865912536854336,0.35540179407355604
2018-11-27 20:00:00,0.9332489638052248,0.01782791671000814,0.5386313512163654,0.36218403659178483,1.0
2018-11-27 21:00:00,0.9637135503419902,0.04369892886712271,0.8204756974411593,0.4466981878785897,1.0
2018-11-27 22:00:00,0.7116619553218958,0.0,0.38771230556502845,0.5201825661133214,0.5642044529936286
2018-11-27 23:00:00,0.20403816974741382,0.0,0.4370194917844528,0.6302360450711108,0.44220280074934365
2018-11-28 00:00:00,0.7041004545696915,0.07229802594214808,0.6536362847131404,0.91697998383227,0.1341578915614015
2018-11-28 01:00:00,0.7887227937916271,0.08808310352958763,0.7384977741111642,1.0,0.029271697639389308
2018-11-28 02:00:00,0.7592169061005631,0.296696137165869,1.0,1.0,0.5850914981898673
2018-11-28 03:00:00,1.0,0.3470213581711869,1.0,1.0,0.7123293162965805
2018-11-28 04:00:00,1.0,0.40212491132005745,0.5218458760007315,1.0,1.0
2018-11-28 05:00:00,1.0,0.0,0.3834308462813789,1.0,0.43370148361227817
2018-11-28 06:00:00,0.857567915782752,0.3195906636563213,0.8448893715336696,1.0,0.08335981643758009
2018-11-28 07:00:00,0.731734985122214,0.47333849600324296,0.35826956367982726,1.0,0.10540836141197375
2018-11-28 08:00:00,0.45533052783512357,0.3510157927297937,1.0,1.0,0.0
2018-11-28 09:00:00,0.2621889376775183,0.1316295779450983,1.0,1.0,0.019297760942111986
2018-11-28 10:00:00,0.16983032274672646,0.0798471437213564,1.0,1.0,0.0317020401880449
2018-11-28 11:00:00,0.10086675423795793,0.37909433633717876,0.9965888565102734,1.0,0.0788853443677333
2018-11-28 12:00:00,0.02654075481195114,0.13725242639598104,1.0,1.0,0.03169094980767951
2018-11-28 13:00:00,0.07069927377150476,0.01801017486866556,0.780533473830604,1.0,0.07055111993427446
2018-11-28 14:00:00,0.14825508378608196,0.2459298006152964,0.9067849504060795,1.0,0.05661300163394132
2018-11-28 15:00:00,0.14252170551559312,0.2647055179599891,0.19171885802828706,1.0,0.0
2018-11-28 16:00:00,0.05162104806765998,0.08899601790642468,0.045035860819064986,1.0,0.0
2018-11-28 17:00:00,0.026382233030466485,0.06813170861119984,0.0,1.0,1.0
2018-11-28 18:00:00,0.28585752804840814,0.08191846130152923,0.0,1.0,1.0
2018-11-28 19:00:00,1.0,0.04898731275596621,0.0015976033652113984,0.9673171650224026,0.0
2018-11-28 20:00:00,1.0,0.31517040642682304,0.06322717516209013,0.9583311642848059,0.060093921760091006
2018-11-28 21:00:00,0.8756687244254062,0.5785675368373511,0.3240954606356001,0.5284581261221071,0.8315457226429617
2018-11-28 22:00:00,0.7304437267053127,1.0,0.34518046634142413,0.47706633386250513,0.0
2018-11-28 23:00:00,0.44889442666989604,1.0,0.11280801997691652,0.0,0.0
2018-11-29 00:00:00,0.4893441540568592,0.44827699345285965,0.040265830207027405,0.026431843883448814,0.04859879337266898
2018-11-29 01:00:00,0.6265868664527863,0.19905165879646636,0.0,0.08416829838373731,0.0
2018-11-29 02:00:00,0.2748201880988969,0.4175655798102066,0.04412394394566157,0.07749364582960247,0.0
2018-11-29 03:00:00,0.08238453598037954,0.25704872825934094,0.0,0.0,0.03292076543261659
2018-11-29 04:00:00,0.02439946793918832,0.0,0.0,0.1008467645151388,0.0
2018-11-29 05:00:00,0.9344432402494643,0.04638604249820043,0.0,0.18184277508490101,0.05470089518047117
2018-11-29 06:00:00,0.8299084241746932,0.11183185509132962,0.5062339520528285,0.04273173583364581,0.7777732136624906
2018-11-29 07:00:00,0.7680470224820104,1.0,0.4817546599757655,0.0,1.0
2018-11-29 08:00:00,1.0,1.0,0.4016713247092339,0.26804898858719023,0.09885053245618648
2018-11-29 09:00:00,0.9964884785882387,0.6744911458604635,0.20949732609210356,0.0725315724371314,0.05111385306223682
2018-11-29 10:00:00,0.7612730847120247,0.4337707176707131,0.0064735399275227794,0.10374834167047368,0.0
2018-11-29 11:00:00,0.37395529030880637,0.29011613987553103,0.12641974678413642,0.027190358620604076,0.0
2018-11-29 12:00:00,0.15139605139092138,0.06916563187796373,0.06701406523442274,0.0940950806058061,0.0
2018-11-29 13:00:00,0.04336004956462657,0.0,0.0,0.10660492399540299,0.0
2018-11-29 14:00:00,0.0,0.02468477040332262,0.0,0.102447378459072,0.0
2018-11-29 15:00:00,0.0,0.05252314176106931,0.0,0.0,0.126271857235348
2018-11-29 16:00:00,0.0,0.06992826045773211,0.0,0.0,0.4556137182929691
2018-11-29 17:00:00,0.24512881459589775,0.21986993368367053,0.18722195979034267,0.0,0.32079051199523473
2018-11-29 18:00:00,0.7071450690738821,0.47104699139525746,0.2228784797852667,0.12390860929555796,0.5108993253752978
2018-11-29 19:00:00,0.9663981620365956,0.05446240557850361,0.39194642443306144,0.13527468596602657,0.2041084287946288
2018-11-29 20:00:00,1.0,0.576041596268662,0.3187699913208835,0.09321407051177118,0.0
2018-11-29 21:00:00,1.0,0.5102895922033938,0.5237477155531518,0.5175370920892856,0.06540711906074394
2018-11-29 22:00:00,1.0,0.8319942671832972,0.5745739568113786,0.5323470087580678,0.00017566070973305158
2018-11-29 23:00:00,0.9354888142105611,1.0,0.43539558993816185,1.0,0.0
2018-11-30 00:00:00,0.909790086474387,1.0,0.18149288103857475,1.0,0.0
2018-11-30 01:00:00,0.539698530928163,0.45659755177928035,0.3386151474294038,1.0,0.0
2018-11-30 02:00:00,0.6775972928806735,0.19376497852917812,0.3749129502467974,1.0,0.0
2018-11-30 03:00:00,0.7432797182829897,0.0971111696523484,0.318679491674652,1.0,0.019296777136389266
2018-11-30 04:00:00,0.7778666872465777,0.12289313228721471,0.35224449414511944,1.0,0.03683801655635146
2018-11-30 05:00:00,0.4698316270567587,0.0,0.24314608619080869,0.6618066916202779,0.0
2018-11-30 06:00:00,0.5293314372643478,0.006088056726060358,0.32768306749199866,0.5362851984537259,0.0
2018-11-30 07:00:00,0.694951649652452,0.05990560019130904,0.44349780057044424,0.33984678788097156,0.0
2018-11-30 08:00:00,0.4417540582456192,0.05612792804680366,0.546493930280017,0.2180575667451723,0.0
2018-11-30 09:00:00,0.2857188629950433,0.0,0.44528905256617723,0.10267893790563494,0.0
2018-11-30 10:00:00,0.26027684892811415,0.0,0.3306157387137664,0.06443734935130105,0.0
2018-11-30 11:00:00,0.26103241048622644,0.0,0.30258390141750596,0.08254394129968247,0.0
2018-11-30 12:00:00,0.20313237168971476,0.0,0.2544572918777762,0.07969525738977412,0.0
2018-11-30 13:00:00,0.28456719767047634,0.1581349480675157,0.18332569289121223,0.0,0.0
2018-11-30 14:00:00,0.5069749700592672,0.04922221279713032,0.12645448393833444,0.0,0.08158240653907883
2018-11-30 15:00:00,1.0,0.21363121473840943,0.16544693052812243,0.0,0.04766873820012212
2018-11-30 16:00:00,0.48191650278124537,0.30550939098968577,0.2696511644331246,0.020894126592038504,0.30864749529631885
2018-11-30 17:00:00,0.7534952511413685,0.1694092259768892,0.2540953807762259,0.08992845654934865,0.7152595954279484
2018-11-30 18:00:00,1.0,0.2323515826098313,0.0,0.039167662104655755,0.5528954661292594
2018-11-30 19:00:00,0.6150235251081029,0.765893072352654,0.0,0.07477714968400218,0.12634128112936915
2018-11-30 20:00:00,1.0,0.6576165073539242,0.0,0.06540266272470069,0.03530997556867049
2018-11-30 21:00:00,1.0,1.0,0.17155687140454431,0.11536709252480364,0.11278728334118666
2018-11-30 22:00:00,1.0,1.0,0.14871184862078515,0.0746266153796233,0.0
2018-11-30 23:00:00,1.0,1.0,0.4553909999717801,0.35222437351592545,0.0
2018-12-01 00:00:00,1.0,0.7919007847038441,0.9606871419260186,1.0,0.1285665861337465
2018-12-01 01:00:00,1.0,0.9741412060061837,1.0,1.0,0.2596569087466716
2018-12-01 02:00:00,1.0,0.7555273952607489,1.0,1.0,0.19484566253024438
2018-12-01 03:00:00,1.0,0.7662270398636016,1.0,1.0,1.0
2018-12-01 04:00:00,1.0,1.0,1.0,1.0,1.0
2018-12-01 05:00:00,1.0,1.0,1.0,1.0,0.8473345439616223
2018-12-01 06:00:00,1.0,1.0,1.0,1.0,0.4484483146551423
2018-12-01 07:00:00,1.0,0.6009088583972833,1.0,1.0,0.328300333614918
2018-12-01 08:00:00,1.0,0.9012228842939772,1.0,1.0,0.07869038930355585
2018-12-01 09:00:00,1.0,1.0,1.0,1.0,0.09767742575972196
2018-12-01 10:00:00,1.0,1.0,1.0,1.0,0.01972006448977144
2018-12-01 11:00:00,1.0,1.0,1.0,1.0,0.9373731646466731
2018-12-01 12:00:00,1.0,1.0,1.0,1.0,1.0
2018-12-01 13:00:00,1.0,1.0,1.0,1.0,1.0
2018-12-01 14:00:00,1.0,1.0,1.0,1.0,1.0
2018-12-01 15:00:00,1.0,1.0,1.0,1.0,1.0
2018-12-01 16:00:00,1.0,1.0,1.0,1.0,0.2851382323875864
2018-12-01 17:00:00,1.0,1.0,1.0,1.0,0.3796346874033191
2018-12-01 18:00:00,1.0,1.0,1.0,1.0,0.035055176789344195
2018-12-01 19:00:00,1.0,1.0,1.0,1.0,0.03147339931349436
2018-12-01 20:00:00,1.0,0.6918627110840602,1.0,1.0,0.0
2018-12-01 21:00:00,1.0,0.9052255713354634,1.0,1.0,0.0
2018-12-01 22:00:00,0.9545888709624716,1.0,1.0,0.868767333659217,0.0
2018-12-01 23:00:00,1.0,0.8036540280657907,1.0,0.9273885184721042,0.0
2018-12-02 00:00:00,0.9675258669192943,1.0,1.0,0.717953160844933,0.0
2018-12-02 01:00:00,0.9700025560854142,0.98085439875372,1.0,0.7169294486723875,0.0
2018-12-02 02:00:00,0.8569231529521548,1.0,1.0,0.7430122713983119,0.0
2018-12-02 03:00:00,0.8543363889399225,1.0,0.9761276874744379,0.9157202662141923,0.0
2018-12-02 04:00:00,0.9371128373313589,0.9795749722464675,0.8120383974821731,0.46906041664394643,0.010923789396245715
2018-12-02 05:00:00,0.7882987781375475,0.4606951585243138,0.8262828903179995,1.0,0.0
2018-12-02 06:00:00,0.8043569018500193,0.44531872694333346,0.6006670505600433,1.0,0.0
2018-12-02 07:00:00,0.5719873761936685,0.3542346827504108,0.5877261956934582,1.0,0.0
2018-12-02 08:00:00,0.31631657605021385,0.519397321400202,0.7256077257934433,0.5920320211742266,0.0
2018-12-02 09:00:00,0.07221691686932112,0.33595219093700884,0.8946881614219856,0.25754389138706074,0.0
2018-12-02 10:00:00,0.08015457748515196,0.29147350514825104,0.8288016770857352,0.054753214994603054,0.0
2018-12-02 11:00:00,0.11121337785601274,0.19599520547411248,0.551125772396986,0.049414893332262524,0.024842153618479603
2018-12-02 12:00:00,0.1085345101755341,0.23337584651832138,0.3502686460680275,0.05365713380750439,0.12866150257980521
2018-12-02 13:00:00,0.09526920169427444,0.35885123965836235,0.42391953705729885,0.12240849745068248,0.07935743554908754
2018-12-02 14:00:00,0.0797606430693628,0.15138933903237187,0.24293307980550102,0.2409227109418386,0.03664162910778039
2018-12-02 15:00:00,0.0,0.06834116111077163,0.2373164330568455,0.22248386532846423,0.05155728475017463
2018-12-02 16:00:00,0.0,0.022196215466159894,0.2437547131566853,0.2924718687254773,0.02115745441755098
2018-12-02 17:00:00,0.0,0.04940312697208219,0.850366906217883,0.3670326818305945,0.09002927139146205
2018-12-02 18:00:00,0.0,0.08902581750864234,0.5920508939535062,0.27159126494129804,0.1426490512457808
2018-12-02 19:00:00,0.04346134299144486,0.09067811013543561,0.39858132403672014,0.18237905898715273,0.22890312883731395
2018-12-02 20:00:00,0.5089679992513272,0.0700683836695299,0.23981736697036451,0.13424864372893816,0.24857283803356403
2018-12-02 21:00:00,0.677837276878127,0.02370332645657756,0.10100282261398472,0.10825819059598082,0.04762181801902729
2018-12-02 22:00:00,0.2180413266901052,0.0,0.10405326497128503,0.23247941573230083,0.0
2018-12-02 23:00:00,0.11461926753686741,0.0,0.06356544748717757,0.18374555210169494,0.0
2018-12-03 00:00:00,0.061768774595157235,0.0,0.07047500814779088,0.08158382839444123,0.0
2018-12-03 01:00:00,0.05669845364622374,0.0,0.09809453379683858,0.06713418848792325,0.026158149030874767
2018-12-03 02:00:00,0.0847724328755446,0.037043234654651355,0.06845660372115947,0.09594354614157453,0.0
2018-12-03 03:00:00,0.09244968223941419,0.03666601147575676,0.035328235473975005,0.14205330995553284,0.0
2018-12-03 04:00:00,0.054454340908019885,0.07364675465179502,0.043127208833310116,0.17543266220506953,0.0
2018-12-03 05:00:00,0.0,0.13612393804140835,0.07210693958718696,0.23943061522778863,0.0
2018-12-03 06:00:00,0.0,0.0836777241346451,0.04268713156750152,0.12734620861603668,0.0
2018-12-03 07:00:00,0.0,0.07017084435945935,0.026373836241381354,0.03812928505444071,0.021004110288350395
2018-12-03 08:00:00,0.0,0.055894786750112835,0.0,0.0,0.03220704778495576
2018-12-03 09:00:00,0.0,0.008069907315954122,0.0,0.0,0.021738954042675195
2018-12-03 10:00:00,0.0,0.0,0.00836359651815936,0.0234786569653913,0.02000681253802723
2018-12-03 11:00:00,0.0,0.0,0.017341278622261713,0.0,0.0
2018-12-03 12:00:00,0.0,0.0,0.0,0.0,0.0
2018-12-03 13:00:00,0.0,0.009436554306886174,0.0,0.0,0.0
2018-12-03 14:00:00,0.0,0.03620118251709086,0.0,0.0,0.0
2018-12-03 15:00:00,0.0,0.04072736863661144,0.0,0.0,0.0
2018-12-03 16:00:00,0.025179671619385394,0.05052151269046885,0.06878114093967137,0.0,0.0
2018-12-03 17:00:00,0.13502047760517377,0.0,0.07715837983359897,0.0,0.053058868871017996
2018-12-03 18:00:00,0.09878225743047911,0.0,0.022145400179952826,0.0,0.06636927739813757
2018-12-03 19:00:00,0.17180877447208717,0.034375211823550654,0.0,0.0,0.05664351239960513
2018-12-03 20:00:00,0.3843725071205261,0.2796400330997235,0.0,0.0,0.0
2018-12-03 21:00:00,0.3469367600162028,0.03911392166839806,0.0,0.0,0.0
2018-12-03 22:00:00,0.6839147897316792,0.07868915811780713,0.0,0.0,0.0
2018-12-03 23:00:00,0.6776923310374047,0.0,0.0,0.0,0.0
2018-12-04 00:00:00,0.17475455900101625,0.01517501463555421,0.0,0.059053400177556455,0.02696475458580183
2018-12-04 01:00:00,0.17712951328392698,0.0,0.0,0.2653899986868531,0.16186795565469855
2018-12-04 02:00:00,0.22621534340086616,0.0,0.0,0.22159161962858084,0.0535319754359075
2018-12-04 03:00:00,0.1639867716971071,0.07505407676782712,0.0,0.24191452391870827,0.0
2018-12-04 04:00:00,0.06317657534405355,0.5873224224796494,0.0,0.33483688046197174,0.021697998209937036
2018-12-04 05:00:00,0.1493959228517683,0.4377011748376834,0.0,0.8194186592898104,0.07428913341567019
2018-12-04 06:00:00,0.3665018121084405,1.0,0.050646239917530506,1.0,0.04108841748752947
2018-12-04 07:00:00,0.8165251497587048,1.0,0.1371334997732744,1.0,0.04245101295107855
2018-12-04 08:00:00,0.7330292024255874,1.0,0.6142301030679499,1.0,0.03305161506683631
2018-12-04 09:00:00,0.5193398442735557,0.9882225482225969,0.9056177860092791,1.0,0.1432493683136445
2018-12-04 10:00:00,0.4805724255240087,0.9999786267937969,0.6025576730658123,1.0,0.1286896773242265
2018-12-04 11:00:00,0.4525951600187633,0.38121969459422145,0.360747616450171,1.0,0.09151853144891982
2018-12-04 12:00:00,0.2610956792229604,0.06765630627658409,0.37766249497974846,1.0,0.0
2018-12-04 13:00:00,0.13258650940765354,0.10547323534636711,0.3681846742236661,1.0,0.0
2018-12-04 14:00:00,0.22168224551064092,0.043951713705872655,0.27272128232924675,0.8871551350844653,0.0
2018-12-04 15:00:00,0.15993637328017818,0.026295184224366646,0.22949659112160317,0.9342479561501595,0.0
2018-12-04 16:00:00,0.07724271148940591,0.11971370034337103,0.12059955488748096,0.7825551382785713,0.02072776570289034
2018-12-04 17:00:00,0.0,0.055542186471652294,0.2457859486354664,0.27417275359264204,0.07315481443972642
2018-12-04 18:00:00,0.0,0.09595581592761407,0.11584461177195847,0.3987020445383385,0.0837610825733586
2018-12-04 19:00:00,0.022080585215886628,0.11678541652291824,0.0,0.9490761498139928,0.14797059002892357
2018-12-04 20:00:00,0.11157212934341888,0.0,0.0,0.8696213558495953,0.3566753786319876
2018-12-04 21:00:00,0.1709970036747323,0.0,0.045551851559246945,0.49481809803550125,0.4040660399773033
2018-12-04 22:00:00,0.46077062550891335,0.0,0.19749492216339148,0.3516168557088616,0.056731271104941625
2018-12-04 23:00:00,0.623488172085248,0.07075618793719882,0.33107948257521425,0.5725119340128394,0.012256108886697878
2018-12-05 00:00:00,1.0,0.09764318009422907,0.5242694386558906,0.3561151128929458,0.054286928735311143
2018-12-05 01:00:00,1.0,0.039033212642589375,0.9013656771963142,0.12633701837778752,0.0344878261697166
2018-12-05 02:00:00,0.6081308307716107,0.0,0.8935092243126698,0.15130325918713433,0.0
2018-12-05 03:00:00,0.562259149491528,0.0,0.4717222959546783,0.004493267161661303,0.02090738278061709
2018-12-05 04:00:00,0.5386444311593757,0.0,0.23426798173651756,0.0,0.0
2018-12-05 05:00:00,0.12333052183631586,0.0,0.09258193895431888,0.011448558727546052,0.0
2018-12-05 06:00:00,0.09984905097001873,0.0,0.01946467686682168,0.020956821383906175,0.0
2018-12-05 07:00:00,0.1263011609393828,0.0,0.13451893332561615,0.08519258894031873,0.0
2018-12-05 08:00:00,0.027041189744674683,0.0,0.04686676385451229,0.0,0.005083948956772815
2018-12-05 09:00:00,0.04124269856017025,0.018825631228145692,0.0,0.0,0.024615147845338168
2018-12-05 10:00:00,0.036888342937460704,0.0,0.0,0.0,0.0
2018-12-05 11:00:00,0.032918736512491685,0.0,0.0,0.045586146322406096,0.0
2018-12-05 12:00:00,0.001773477512320369,0.0,0.0,0.054063824611715744,0.0
2018-12-05 13:00:00,0.00578427836868957,0.0,0.0,0.026888728259939473,0.10453987078818427
2018-12-05 14:00:00,0.009021980131713766,0.04542744778749901,0.10456718592126439,0.1312579039697445,0.10553369279969832
2018-12-05 15:00:00,0.0,0.0,0.3145252809110445,0.6047322249891387,0.0
2018-12-05 16:00:00,0.0,0.09819896025052166,0.26944595494185597,0.6667153893481709,0.0
2018-12-05 17:00:00,0.0,0.6826697528432466,0.29237226593587545,0.5292603337929938,0.0
2018-12-05 18:00:00,0.0,1.0,0.46107210522219977,0.31739693005997077,1.0
2018-12-05 19:00:00,0.9850844274200385,1.0,0.8080234430644023,0.8736166022621668,0.5390677982362089
2018-12-05 20:00:00,1.0,0.7879634251187572,1.0,0.36159171618174346,0.14360619417458279
2018-12-05 21:00:00,1.0,0.603965644601049,1.0,0.37854333807312784,0.27171504309296446
2018-12-05 22:00:00,0.9985196972061362,0.5684429435432512,1.0,0.4033032926333931,0.04118083684711299
2018-12-05 23:00:00,1.0,0.3309367040816199,0.6730348579633031,0.2353771768643381,0.0
2018-12-06 00:00:00,0.9223008052530998,0.47643305876690073,0.5844633858251392,0.21779966852913504,0.0
2018-12-06 01:00:00,1.0,0.5740251296497685,0.3032858601719234,0.15633353412916987,0.0
2018-12-06 02:00:00,0.9626114751179622,0.40460434384716293,0.2513979883194744,0.10760400691811621,0.0
2018-12-06 03:00:00,0.6837444122314428,0.46090047254079247,0.3569955699972026,0.1292979017523484,0.0
2018-12-06 04:00:00,0.812375154095285,0.20511125989516313,0.22508232339638895,0.035388732865801444,0.09018021828444171
2018-12-06 05:00:00,1.0,0.1272923489601798,0.1482035790025058,0.0,0.3386321303088951
2018-12-06 06:00:00,0.6976650679450604,0.03234537677097315,0.0807702765911237,0.0,0.22102529962577638
2018-12-06 07:00:00,0.6304594479795561,0.0,0.07599357299757037,0.01566767698775247,0.15827416502644617
2018-12-06 08:00:00,0.2747397742643056,0.0,0.04244387388183109,0.1001169618530408,0.12153226876010748
2018-12-06 09:00:00,0.15237419293691196,0.0,0.0,0.2573340810073003,0.07494893530907863
2018-12-06 10:00:00,0.148679979784997,0.0,0.0,0.32722049823484756,0.041433425103823196
2018-12-06 11:00:00,0.07661306449113787,0.028805541941435003,0.0,0.31089807172711564,0.02518082328325109
2018-12-06 12:00:00,0.05454572449701917,0.12101496898409679,0.0,0.5186687404051175,0.05582625742098181
2018-12-06 13:00:00,0.03324390980814716,0.1481920132877858,0.038998748603080516,0.1628366983032491,0.10531574545315141
2018-12-06 14:00:00,0.05869087801671553,0.19076237129599363,0.07997601136399571,0.1516869199414598,0.13419614875206548
2018-12-06 15:00:00,0.08392641057598109,0.2032238375339995,0.08871119477976992,0.07942982545845098,0.14381451540662588
2018-12-06 16:00:00,0.07181225365799711,0.13591055424937773,0.1859435545274341,0.13973409712920465,0.07955328609099399
2018-12-06 17:00:00,0.24811151777979862,0.11708516648904083,0.11226548625887495,0.16532544002445806,0.16941970632758807
2018-12-06 18:00:00,0.36135818677030346,0.17301914873392996,0.16918827620970334,0.14111728359955872,0.19694600597574505
2018-12-06 19:00:00,0.36850017929747536,0.34470936513683154,0.29080265489808216,0.179915433891521,0.12990592247980257
2018-12-06 20:00:00,0.49220433210447995,0.09024935932935761,0.47326328243472926,0.11576794926169903,0.03134324083661276
2018-12-06 21:00:00,0.7589999071428067,0.1477527533530252,0.8490703496174283,0.20414855632716353,0.0
2018-12-06 22:00:00,0.7873245761787997,0.1500121645365181,0.6982735082982799,0.27274427540372487,0.024320985028953107
2018-12-06 23:00:00,0.5314559373463953,0.2283188863134445,0.47826902087502304,0.23252028376358355,0.0
2018-12-07 00:00:00,0.5640240815175348,0.0848414070735749,0.6302315031425125,0.15019204022957872,0.0
2018-12-07 01:00:00,0.5201692146629673,0.0,0.8144361851512812,0.19024719846045499,0.0
2018-12-07 02:00:00,0.44458734427023594,0.0,0.7367504798822407,0.08922863502573095,0.0
2018-12-07 03:00:00,0.4843792763414125,0.0,0.5953706311295202,0.1291220166077841,0.0
2018-12-07 04:00:00,0.2617621917491832,0.0,0.450289905263925,0.14275942130631528,0.0
2018-12-07 05:00:00,0.20681039866808842,0.0,0.4027404965001442,1.0,0.0
2018-12-07 06:00:00,0.16889312346656848,0.006023479640950541,0.2524729509800538,0.8784619814424417,0.0
2018-12-07 07:00:00,0.09949987032684643,0.17726498827229337,0.24905004925971827,0.5443791893454238,0.0
2018-12-07 08:00:00,0.07499344032017848,0.5070360482694936,0.34915749249512207,0.3848098678109401,0.0
2018-12-07 09:00:00,0.0,0.10089687847359824,0.22154188776015477,0.2543759208932911,0.0
2018-12-07 10:00:00,0.0,0.0,0.061506260537805967,0.16254571318272543,0.0
2018-12-07 11:00:00,0.0,0.0,0.0,0.041746726474619265,0.0
2018-12-07 12:00:00,0.0,0.0,0.0,0.0,0.0
2018-12-07 13:00:00,0.0,0.026446225928507906,0.0,0.0,0.0
2018-12-07 14:00:00,0.0,0.07643165396544123,0.0,0.0,0.02751090930609367
2018-12-07 15:00:00,0.0,0.0512125801702255,0.0,0.0,0.05971980964861749
2018-12-07 16:00:00,0.0,0.021971205712334154,0.01669176387096627,0.009480458712223784,0.09573831038311038
2018-12-07 17:00:00,0.044852817381408706,0.05037069860834496,0.11853942123361177,0.08722584543865246,0.182062908907441
2018-12-07 18:00:00,0.06603027695402443,0.06734761769513477,0.09901886447872633,0.10742940594167287,0.22802354262940647
2018-12-07 19:00:00,0.019940398312724577,0.049942622304292514,0.0842229749983757,0.13893597047920267,0.13535409122920805
2018-12-07 20:00:00,0.2527167419399217,0.1598210303523453,0.10327196267090752,0.2999407826450003,0.11177559019949998
2018-12-07 21:00:00,0.21126057529354458,0.11252088258756188,0.05856197760945376,0.5608137806264558,0.0
2018-12-07 22:00:00,0.16695806165676155,0.048064326962317806,0.10912201281474555,0.4460301054368271,0.0
2018-12-07 23:00:00,0.46610388994265184,0.11502422348544852,0.08182171245448297,0.8039753774877754,0.07063976444069685
2018-12-08 00:00:00,0.378392188110121,0.1993826474907274,0.2508930071865575,0.6453102679785049,0.0
2018-12-08 01:00:00,0.09062023109753078,0.19898904555213615,0.48942009204924214,0.418611897068835,0.0
2018-12-08 02:00:00,0.08933097987316774,0.10717629539269202,0.6151240773476779,0.19657220694910044,0.0
2018-12-08 03:00:00,0.25567425745548583,0.10308350087901329,0.4148941726952541,0.10599382016167204,0.0
2018-12-08 04:00:00,0.1270926526584289,0.14083016143813779,0.3655931506452342,0.08008169545987168,0.0
2018-12-08 05:00:00,0.033367952958769216,0.22609035928593205,0.15301589093073176,0.1257807912926809,0.0
2018-12-08 06:00:00,0.0,0.25992006909719306,0.2565692914280053,0.1889030697265526,0.0
2018-12-08 07:00:00,0.0,0.22511289569964069,0.2633064317512873,0.2923039946890135,0.0
2018-12-08 08:00:00,0.029657611543259653,0.17751567376499597,0.19288031620721519,0.19693271363743906,0.0
2018-12-08 09:00:00,0.0514620859364511,0.07327058857806447,0.3835658022009596,0.27359747999512973,0.0
2018-12-08 10:00:00,0.020676848496936507,0.0,0.2237620872988902,0.35496327786733145,0.0
2018-12-08 11:00:00,0.0,0.0,0.1652628327334214,0.31579710106811293,0.0
2018-12-08 12:00:00,0.0,0.0,0.08904671020092607,1.0,0.0
2018-12-08 13:00:00,0.0,0.0,0.022162027026693957,1.0,0.0
2018-12-08 14:00:00,0.020455110085518452,0.0,0.004600601953150431,1.0,0.07142270317346666
2018-12-08 15:00:00,0.04445653844929031,0.0,0.11402984421596345,1.0,0.05310998004979505
2018-12-08 16:00:00,0.0583357727991986,0.0,0.2125846278999524,1.0,0.058513580752942364
2018-12-08 17:00:00,0.12344418648725279,0.0,0.475383014285407,0.6543903547439162,0.048813191829650576
2018-12-08 18:00:00,0.0697401631336763,0.0,0.4424165473938192,1.0,0.1011965754802975
2018-12-08 19:00:00,0.1193483270739727,0.0,0.20901365729677257,0.7467568231083748,0.07751829997172346
2018-12-08 20:00:00,0.13866832294116427,0.05440508588271215,0.13119866843143277,0.33772393704323533,0.0
2018-12-08 21:00:00,0.19780538340246,0.10792907052760385,0.0340431604523521,0.05137465802527386,0.0
2018-12-08 22:00:00,0.20214691795324688,0.4882559674092451,0.0075402299322050795,0.31820414381030376,0.0
2018-12-08 23:00:00,0.15580541448737548,0.28339981150578875,0.0,0.4337288598080804,0.0
2018-12-09 00:00:00,0.06545443879945129,0.11910924121513441,0.0,0.9046284777351435,0.0
2018-12-09 01:00:00,0.22449830864802942,0.025131917168184165,0.0,0.5684887491083239,0.0
2018-12-09 02:00:00,0.14636830166504836,0.0,0.09247870936776516,0.4451706511387386,0.08721772704760736
2018-12-09 03:00:00,0.3988224462949156,0.0,0.25466844156292323,0.5390108332890893,0.08290855509067561
2018-12-09 04:00:00,0.5363290012292979,0.04157399982200576,0.6458974939805275,0.8592262581170226,0.06725782062179511
2018-12-09 05:00:00,0.8688444422950969,0.016363671169032652,0.9937919723541168,0.4492019180604511,0.05867326922094776
2018-12-09 06:00:00,0.9727284327897422,0.0,1.0,0.9993447221755989,0.05594967227649056
2018-12-09 07:00:00,0.9032691762406833,0.0617872592265251,1.0,1.0,0.05840185820382055
2018-12-09 08:00:00,0.7490700998151002,0.06835606240023188,1.0,1.0,0.04186476172972097
2018-12-09 09:00:00,0.3676857770775205,0.0467427095452937,1.0,1.0,0.0
2018-12-09 10:00:00,0.15537750539455275,0.2101942662824891,0.8443251410901875,0.9308917746643856,0.03143417119906843
2018-12-09 11:00:00,0.0933727914938531,0.028772075282249735,0.7122271614424702,1.0,0.006161748012045223
2018-12-09 12:00:00,0.050137546275239475,0.3183962647414969,0.6517762879274257,1.0,0.0
2018-12-09 13:00:00,0.002452931813213354,0.48698222141895287,0.6005772193111335,0.9132006257460352,0.0
2018-12-09 14:00:00,0.018861838346677474,0.4985082382049544,0.9817313063221268,0.831425679445414,0.029387494737069402
2018-12-09 15:00:00,0.07906136658662194,0.47648854688533354,1.0,0.9647635837615494,0.03308090889602859
2018-12-09 16:00:00,0.07709750420103395,0.34464271776951183,1.0,1.0,0.0
2018-12-09 17:00:00,0.19604901625273607,0.19890293008120702,0.8585386921537268,1.0,0.0
2018-12-09 18:00:00,0.10191114700275355,0.16238731796216568,0.8286088552061538,1.0,0.0
2018-12-09 19:00:00,0.12199945126943634,0.16800565091028177,0.6324938692601889,1.0,0.0
2018-12-09 20:00:00,0.39617067398640865,0.363929773666535,0.25372619446708283,1.0,0.0
2018-12-09 21:00:00,0.4862028303495993,0.1514343991601189,0.26466448215293725,1.0,0.0
2018-12-09 22:00:00,0.3859825232047456,0.05805476672830726,0.3449192149680221,1.0,0.0
2018-12-09 23:00:00,0.3695721119758835,0.037814161671059825,0.7447889428331791,1.0,0.0
2018-12-10 00:00:00,0.30941598934859366,0.16135199535812703,0.9677523623840729,1.0,0.04865272059007339
2018-12-10 01:00:00,0.23442847867174016,0.5491876388738253,1.0,1.0,0.0020569752809916127
2018-12-10 02:00:00,0.25573016928151554,0.9400894030865302,1.0,1.0,0.037394396667170475
2018-12-10 03:00:00,0.26587243590495063,0.53906764776213,1.0,1.0,0.055741612184553445
2018-12-10 04:00:00,0.18475576521146786,0.1801288112831863,1.0,1.0,0.06840080673478019
2018-12-10 05:00:00,0.4547863019915149,0.2842012464399803,1.0,0.7767057607092163,0.03573174726922635
2018-12-10 06:00:00,0.3097746470623368,0.18485279389225812,0.8712948387867636,0.5164975485751544,0.024495359744155072
2018-12-10 07:00:00,0.14907238858697086,0.09332833798177183,0.7941288253422117,0.5213141667398989,0.052465037395302526
2018-12-10 08:00:00,0.088242959039435,0.0,0.5837824591110593,0.49981948250941755,0.06227759370014761
2018-12-10 09:00:00,0.05282085577943705,0.22768157258351887,0.12322238703049114,0.32132598451597416,0.046561379228975304
2018-12-10 10:00:00,0.022202774889323963,0.1319051801943627,0.049409012449892244,0.14083465192088176,0.0
2018-12-10 11:00:00,0.07120945370808855,0.111727891483709,0.017485948064496028,0.07499856469371396,0.0
2018-12-10 12:00:00,0.09028486062567435,0.06475459649173058,0.0,0.06938553425986257,0.0
2018-12-10 13:00:00,0.05038032954091466,0.034430140052813085,0.0,0.05208165394465603,0.0
2018-12-10 14:00:00,0.03096214678824869,0.05027235170363425,0.0,0.022606908243335853,0.0
2018-12-10 15:00:00,0.05615967522468937,0.03729792618967726,0.0,0.0,0.018250727823647974
2018-12-10 16:00:00,0.2315633738985266,0.055793824007927886,0.0,0.0,0.08372580608740453
2018-12-10 17:00:00,0.5379021257078714,0.17568059944483108,0.15517409871255344,0.045379606342470916,0.21603751419937559
2018-12-10 18:00:00,1.0,0.10168699021157977,0.15843533130599113,0.02723292850665566,0.03256747793309398
2018-12-10 19:00:00,1.0,0.05850610025555106,0.1818506110233189,0.0,0.0
2018-12-10 20:00:00,1.0,0.03616480435746723,0.2812807409928835,0.08296279663966678,0.0035070304117249406
2018-12-10 21:00:00,1.0,0.044035816330395924,0.4327297239531357,0.0,0.0012686288061757598
2018-12-10 22:00:00,1.0,0.0,0.4743344651365775,0.0,0.2178768026610253
2018-12-10 23:00:00,1.0,0.06519667146673043,0.29757470710923706,0.0,0.2503989033258155
2018-12-11 00:00:00,1.0,0.17783132680960473,0.16435504291130518,0.0,0.2788613453765493
2018-12-11 01:00:00,1.0,0.03925274196807178,0.08050955306820519,0.029956531781517016,0.32534572487142227
2018-12-11 02:00:00,1.0,0.05366648465369273,0.15618457812493042,0.33004081022012843,0.3332928985101239
2018-12-11 03:00:00,1.0,0.0,0.3283691632942193,0.5697408537063217,0.11865473085951952
2018-12-11 04:00:00,1.0,0.8210733652347356,0.7925653138554165,1.0,0.13999096445157042
2018-12-11 05:00:00,1.0,0.6832804815856607,1.0,1.0,1.0
2018-12-11 06:00:00,1.0,0.4897727111846974,1.0,1.0,0.5565475075577524
2018-12-11 07:00:00,1.0,0.513158539098437,0.28728427086075226,1.0,1.0
2018-12-11 08:00:00,1.0,0.5071766690382562,0.6415026060701372,1.0,1.0
2018-12-11 09:00:00,1.0,0.25699175104164534,0.5682426966926636,1.0,1.0
2018-12-11 10:00:00,1.0,0.0,1.0,1.0,0.6512984213692616
2018-12-11 11:00:00,0.34333645624032866,0.0,1.0,1.0,1.0
2018-12-11 12:00:00,0.2820201403369245,0.003230412874825523,1.0,1.0,1.0
2018-12-11 13:00:00,0.04967432825359632,0.0,1.0,1.0,1.0
2018-12-11 14:00:00,0.05127693528040444,0.0659735225748415,1.0,1.0,1.0
2018-12-11 15:00:00,0.035410125691987294,0.05914685625823487,1.0,1.0,1.0
2018-12-11 16:00:00,0.0,0.26223508856625527,0.9789725709285589,1.0,0.8334040734499591
2018-12-11 17:00:00,0.23664211740131305,0.0002655942278197093,0.6618750967129663,0.4871502215349998,1.0
2018-12-11 18:00:00,0.5890719122969466,0.22665347123153728,0.21659267218564104,0.24062100757806776,0.9604320402589273
2018-12-11 19:00:00,0.4449255533811941,0.15742273461889675,0.05325882038663504,0.30297738167486493,0.22483145064341034
2018-12-11 20:00:00,0.5744514380012915,0.0,0.03872624045787086,1.0,0.11802208405745099
2018-12-11 21:00:00,0.6738104142598734,0.3826296049544682,0.010048234266238864,0.33689221679410897,0.0
2018-12-11 22:00:00,0.5265490205595382,0.35966509115316525,0.0,0.2159250736766296,0.05004361970922192
2018-12-11 23:00:00,1.0,0.16680284910826557,0.41543992593374046,0.09489009441667978,0.09535257427395641
2018-12-12 00:00:00,1.0,0.23608253237659088,0.6769392926987579,0.14941731517581464,0.06235620568810509
2018-12-12 01:00:00,1.0,0.06947271794365861,0.8753245554807855,0.2813491252362413,0.06368962704989732
2018-12-12 02:00:00,1.0,0.1030199856218993,1.0,1.0,0.015571507694846219
2018-12-12 03:00:00,1.0,0.03284472576141021,0.5897008138500504,1.0,0.0203394576589104
2018-12-12 04:00:00,1.0,0.0,0.24939669253580088,1.0,0.02019411969289424
2018-12-12 05:00:00,1.0,0.0,1.0,1.0,0.20252811882006577
2018-12-12 06:00:00,1.0,0.06664110827045489,0.7629844090373162,1.0,0.21985316993835377
2018-12-12 07:00:00,0.7058612473135069,0.0,1.0,1.0,0.06198314252579091
2018-12-12 08:00:00,0.457933612952614,0.06821734551484425,1.0,1.0,0.021294547692186427
2018-12-12 09:00:00,0.27809479507390505,0.15844979654929708,0.17728013215612382,1.0,0.06411823110590399
2018-12-12 10:00:00,0.06339964579568054,0.0,0.09349534340176861,1.0,0.2703682120583852
2018-12-12 11:00:00,0.04072050688567441,0.0,0.01171035412840979,0.6348815436855495,0.05809643213772953
2018-12-12 12:00:00,0.0,0.017300482018684685,0.0,0.8834835693647134,1.0
2018-12-12 13:00:00,0.05522015204403851,0.02514621017873992,0.0,1.0,1.0
2018-12-12 14:00:00,0.054531070649855753,0.15507337319431008,0.0,1.0,1.0
2018-12-12 15:00:00,0.025551791025506,0.1748724457027081,0.0,1.0,1.0
2018-12-12 16:00:00,0.16102942454746033,1.0,0.0,1.0,1.0
2018-12-12 17:00:00,0.020885343660205193,1.0,1.0,1.0,1.0
2018-12-12 18:00:00,0.1185243082882098,1.0,0.2836817035068995,1.0,1.0
2018-12-12 19:00:00,0.02312051267248599,1.0,1.0,1.0,0.07062812069080739
2018-12-12 20:00:00,0.2172812695932972,1.0,1.0,1.0,0.18262916733344497
2018-12-12 21:00:00,1.0,1.0,1.0,1.0,1.0
2018-12-12 22:00:00,1.0,1.0,1.0,1.0,1.0
2018-12-12 23:00:00,1.0,1.0,1.0,1.0,1.0
2018-12-13 00:00:00,1.0,1.0,1.0,1.0,1.0
2018-12-13 01:00:00,1.0,1.0,1.0,1.0,1.0
2018-12-13 02:00:00,1.0,1.0,1.0,1.0,0.2943909629531704
2018-12-13 03:00:00,1.0,1.0,1.0,1.0,0.1484332019273846
2018-12-13 04:00:00,1.0,1.0,1.0,1.0,0.1411538055012302
2018-12-13 05:00:00,1.0,1.0,1.0,1.0,0.0
2018-12-13 06:00:00,1.0,1.0,1.0,1.0,0.013512048210010107
2018-12-13 07:00:00,1.0,1.0,1.0,1.0,0.13128758246880776
2018-12-13 08:00:00,1.0,1.0,1.0,1.0,0.26720339151688843
2018-12-13 09:00:00,1.0,1.0,1.0,1.0,0.2927172412973717
2018-12-13 10:00:00,1.0,1.0,1.0,1.0,0.14719279881846745
2018-12-13 11:00:00,1.0,1.0,1.0,1.0,0.09544812252263091
2018-12-13 12:00:00,1.0,1.0,1.0,1.0,0.0
2018-12-13 13:00:00,1.0,0.7199755478722382,0.9483989109266622,1.0,0.0
2018-12-13 14:00:00,1.0,0.6594403669686502,0.9501392515048664,0.4311160448728542,0.0
2018-12-13 15:00:00,1.0,0.6073446845717767,0.8227552140189563,0.28025767996763534,0.0
2018-12-13 16:00:00,1.0,0.5452911098499617,0.40430317703615176,0.21005913037803037,0.0
2018-12-13 17:00:00,1.0,0.16029849843830743,0.20157918119703366,0.2827540988288512,0.01804328140564068
2018-12-13 18:00:00,1.0,0.03001778955644778,0.23806756695322218,0.5429231123243022,0.0
2018-12-13 19:00:00,1.0,0.10514274793468148,0.3125415734643478,0.40749608783226887,0.0
2018-12-13 20:00:00,1.0,0.12124802914173112,0.3091462353287823,0.6722295523134229,0.011305050479116214
2018-12-13 21:00:00,1.0,0.3104415221649721,0.3333651857576036,0.9176681016103448,0.0
2018-12-13 22:00:00,1.0,0.4016277555692227,0.4868249514169314,0.5430057287082488,0.0
2018-12-13 23:00:00,1.0,0.2681504977476481,0.9025413289576142,0.2900883096967961,0.007461030080694627
2018-12-14 00:00:00,1.0,0.22398830257818947,0.9958335841589865,0.4190306139520306,0.0
2018-12-14 01:00:00,1.0,0.04309597741720857,1.0,1.0,0.0
2018-12-14 02:00:00,1.0,0.2476727253891031,1.0,1.0,0.0
2018-12-14 03:00:00,1.0,0.2763941751226689,1.0,1.0,0.0
2018-12-14 04:00:00,1.0,0.2146807832446632,1.0,1.0,0.0
2018-12-14 05:00:00,1.0,0.16745514848231255,1.0,1.0,0.0
2018-12-14 06:00:00,1.0,0.04027520683141944,0.8525980543274457,1.0,0.0
2018-12-14 07:00:00,0.8947116168787637,0.0,0.8552043805455454,1.0,0.0
2018-12-14 08:00:00,0.6141941846831213,0.0,0.9166106119899187,1.0,0.0
2018-12-14 09:00:00,0.5177925795039949,0.0,0.8201488273874851,1.0,0.016829415025452363
2018-12-14 10:00:00,0.4239510462017071,0.040440081485479444,0.5462840534772907,0.7267335811472061,0.0
2018-12-14 11:00:00,0.3267222394628598,0.030511418911361735,0.279597511027827,0.17298682526453224,0.0
2018-12-14 12:00:00,0.156424411375681,0.0,0.11943695905838694,0.08341634103298805,0.0
2018-12-14 13:00:00,0.05767498078161282,0.0,0.027281877249130882,0.10452651115975903,0.023578653134135416
2018-12-14 14:00:00,0.0055852135078839635,0.0,0.0,0.05001230566804816,0.0
2018-12-14 15:00:00,0.0,0.0,0.0,0.08616590768791514,0.0
2018-12-14 16:00:00,0.0,0.0,0.0,0.07601556418009671,0.02304825925853701
2018-12-14 17:00:00,0.0,0.0,0.004874383612317425,0.3452839500353653,0.031395760720863565
2018-12-14 18:00:00,0.0,0.0,0.0,0.3227671920851297,0.06859025389063406
2018-12-14 19:00:00,0.0,0.0983803375230511,0.0,0.4605465847383275,0.02053293313097699
2018-12-14 20:00:00,0.03541282664881146,0.06818486435056335,0.031458728856547304,0.9796623296023244,0.0
2018-12-14 21:00:00,0.1423550990520824,0.092156994035012,0.13998338124300957,0.857221289825385,0.0
2018-12-14 22:00:00,0.32940400934755737,0.1692016029823917,0.41930638646533436,0.8788427708526512,0.0
2018-12-14 23:00:00,0.6387854002532127,0.2709907487231412,0.39220410826170565,0.8105088392187478,0.0
2018-12-15 00:00:00,0.8194746392379648,0.28654887839223464,0.5613599011116357,0.16081738644502683,0.0
2018-12-15 01:00:00,0.9559103715553624,0.14549651598352573,0.5714815800236808,0.050397048888628664,0.029572605650154987
2018-12-15 02:00:00,0.7552127901864051,0.04346566956473845,0.46231678770508733,0.0,0.0907492250144405
2018-12-15 03:00:00,0.1819985577911798,0.06511229368971044,0.3393028302541094,0.043160894197955636,0.141680431726936
2018-12-15 04:00:00,0.21570396687649326,0.11798264550765498,0.21879944536010595,0.4687050058213963,0.06739332805961366
2018-12-15 05:00:00,0.16818029195843906,0.1573196132014657,0.16021433360017379,0.3016723383911679,0.09241027519042624
2018-12-15 06:00:00,0.06916922645425128,0.07195089416954965,0.10699512633430606,0.7515573587315496,0.06338785214149951
2018-12-15 07:00:00,0.041736323305889375,0.04086824522696704,0.023456032804165222,1.0,0.22982607695539475
2018-12-15 08:00:00,0.0,0.1303185926629457,0.019745854686277046,1.0,0.0366666733520683
2018-12-15 09:00:00,0.0601185734578872,0.31236923044502235,0.0013319991003838444,1.0,0.05445719305511019
2018-12-15 10:00:00,0.0,0.29288443898957245,0.0,1.0,0.032337250224104726
2018-12-15 11:00:00,0.0,0.0,0.0,1.0,0.0
2018-12-15 12:00:00,0.0,0.0,0.04201920471863959,1.0,0.1692098321327888
2018-12-15 13:00:00,0.0,0.04649992566797484,0.3197706617760188,1.0,0.42727087656482826
2018-12-15 14:00:00,0.0,0.06492856832676121,0.43847286483348624,0.9826556448803035,0.011270478795520565
2018-12-15 15:00:00,0.027457101186392815,0.08301620666368664,0.11703068700161415,0.4031479399526996,0.1008001785169364
2018-12-15 16:00:00,0.1159205473623913,0.0069272997506097155,0.0622172533980336,0.36456782976859553,0.4046461690410171
2018-12-15 17:00:00,0.38547689640680044,1.0,0.0,0.6326449287585373,0.1972362084237258
2018-12-15 18:00:00,0.22512213300263056,0.7927084803775564,0.0,0.49987092924227694,0.29855065569109895
2018-12-15 19:00:00,0.1689019141460507,0.46305226932791294,0.0,0.3141526758661066,0.19649229491847411
2018-12-15 20:00:00,0.11761234325233295,0.10992208967094727,0.026894530588540702,0.907933400981931,0.13463142639633352
2018-12-15 21:00:00,0.27964652297464665,0.09193119680328653,0.0,0.5037191946449151,0.0
2018-12-15 22:00:00,0.1931239577032057,0.0,0.08154387706962295,0.24625653575319756,0.0
2018-12-15 23:00:00,0.05142393678834151,0.0,0.18321448079493227,0.13812197949298274,0.19959458972873229
2018-12-16 00:00:00,0.03350964023354811,0.020673307695762956,0.257882399560151,0.1350463130527356,0.22149242156915247
2018-12-16 01:00:00,0.0,0.061338382515799976,0.5777677345804038,0.08531435193730294,0.293621671802898
2018-12-16 02:00:00,0.046836364326044114,0.4518945633187556,0.35152990067015466,0.09953806576906084,0.0
2018-12-16 03:00:00,0.05702605672058166,0.39895758701360334,0.5304425923921408,0.258512102653083,0.08832057723600618
2018-12-16 04:00:00,0.1721791061845392,0.5841891798843193,0.6708398842858563,0.6677502381613982,0.27731731524365116
2018-12-16 05:00:00,0.0,0.28393404756024193,0.0,0.021289844185099185,0.019384866846136446
2018-12-16 06:00:00,0.0,0.30391584557854,0.0,0.039680692237038045,0.0
2018-12-16 07:00:00,0.0,0.09637698183714928,0.0,0.030812966443760824,0.04641644388072357
2018-12-16 08:00:00,0.06639323965579862,0.0,0.019946940434158573,0.0,0.0595697367759617
2018-12-16 09:00:00,0.09771257655124399,0.07530532419298762,0.028412145578852195,0.06827669988910759,0.0
2018-12-16 10:00:00,0.0,0.0,0.012028877859117756,0.0,0.0
2018-12-16 11:00:00,0.0,0.0,0.031375383540817744,0.0,0.0
2018-12-16 12:00:00,0.0,0.0,0.026947625855301416,0.0,0.0
2018-12-16 13:00:00,0.028686760262942698,0.0,0.0036331162777546145,0.0,0.0
2018-12-16 14:00:00,0.04488446369055959,0.00828072436794893,0.0,0.0,0.0
2018-12-16 15:00:00,0.07082038699297312,0.037318349583490396,0.0,0.0,0.0242536667158584
2018-12-16 16:00:00,0.16373186844286147,0.06600617978854954,0.0343567536876435,0.020687703853289784,0.0994958638427704
2018-12-16 17:00:00,0.39271093436113597,0.06708810350471772,0.11617471475770617,0.03149612386941186,0.2308556630999712
2018-12-16 18:00:00,0.750596889017905,0.08406298923022439,0.283906919430051,0.013914870070442476,0.33524605377798206
2018-12-16 19:00:00,1.0,0.145153310211753,0.18790796962359438,0.03452871594294163,0.0
2018-12-16 20:00:00,1.0,0.3535904770612213,0.5908377983537919,0.05198055164521448,0.05095685467300935
2018-12-16 21:00:00,1.0,0.4137571233433791,1.0,0.05725939109672538,0.23172790949960578
2018-12-16 22:00:00,1.0,0.32482222537331973,1.0,0.0652134616071623,0.22821647188351488
2018-12-16 23:00:00,1.0,0.1628595859888472,1.0,0.02568675287941833,0.2328589772466744
2018-12-17 00:00:00,1.0,0.04232575258166744,1.0,0.058359949252799276,0.06948676068104412
2018-12-17 01:00:00,1.0,0.0,1.0,0.1495829683854266,0.020147513261558895
2018-12-17 02:00:00,1.0,0.0,1.0,0.15697456273935032,0.0
2018-12-17 03:00:00,1.0,0.0,0.7601425319849104,0.1737379007884991,0.0
2018-12-17 04:00:00,1.0,0.0,0.34180113837202664,0.2495714400166183,0.0
2018-12-17 05:00:00,1.0,0.06650512328047402,0.4141403006129241,0.5366368462307404,0.0
2018-12-17 06:00:00,1.0,0.20179189445924803,0.18051585217218288,0.5648569446105212,0.0
2018-12-17 07:00:00,1.0,0.25643880278871456,0.17683497295043527,0.31509965531216827,0.0
2018-12-17 08:00:00,1.0,0.21810544257610454,0.32222716003701557,0.07579011563307347,0.005828636254000002
2018-12-17 09:00:00,1.0,0.10949302756017801,0.04760189891151297,0.0,0.026775712165418915
2018-12-17 10:00:00,1.0,0.0,0.0,0.0,0.019913320564250627
2018-12-17 11:00:00,1.0,0.029334224413629973,0.0,0.0,0.0
2018-12-17 12:00:00,0.7717248159692623,0.04397853026759329,0.0,0.03987011735671123,0.0
2018-12-17 13:00:00,0.8387730478523778,0.0032684356375130693,0.0,0.037345157777571254,0.0
2018-12-17 14:00:00,1.0,0.012592748582123931,0.0,0.010787747876754981,0.02067551445232588
2018-12-17 15:00:00,0.9292687451307029,0.0,0.021633233368307667,0.03889129960795354,0.12955247926803562
2018-12-17 16:00:00,1.0,0.02251725106293168,0.04937651274287869,0.0,0.08001690093002048
2018-12-17 17:00:00,1.0,0.03520991572515434,0.012879333538691601,0.0,0.19480701459696925
2018-12-17 18:00:00,1.0,0.0473151666926761,0.04885738234069781,0.0,0.14862331547065574
2018-12-17 19:00:00,1.0,0.05633076863472718,0.12335573823741493,0.13662802987547645,0.0
2018-12-17 20:00:00,1.0,1.0,0.0,0.9491173243315804,0.3649206932169081
2018-12-17 21:00:00,1.0,1.0,0.0270732018918776,0.9465936964438588,0.31852801756668064
2018-12-17 22:00:00,1.0,1.0,0.02300015977024926,0.6884688940607833,0.5507299602570589
2018-12-17 23:00:00,1.0,1.0,0.06968632284040632,0.4314519748233788,0.19894300885457392
2018-12-18 00:00:00,1.0,0.7334149764862726,0.2399520776441947,0.3444675165362881,0.29172228307878184
2018-12-18 01:00:00,1.0,0.6333027792002832,0.185222561716847,0.24466878596336317,0.4651850433719889
2018-12-18 02:00:00,0.8669056147220563,0.5298466238102926,0.839592813603402,0.2723740439222147,0.6736697479671414
2018-12-18 03:00:00,1.0,0.35800724995798117,0.8103193339949984,0.6531039286822452,0.40967175046532156
2018-12-18 04:00:00,1.0,0.31399563433901356,0.9782273250111653,0.8303902954662075,0.2827448176209617
2018-12-18 05:00:00,1.0,0.21459376686047585,0.9287964790040375,0.12140130498880687,0.19198185860350167
2018-12-18 06:00:00,0.9816970516872172,0.3116509825603833,0.8939273413742675,0.22755271221373127,0.19723494630769445
2018-12-18 07:00:00,0.4752631837607302,0.2969749104839255,0.9713278184493518,0.4747803933210274,0.20100443532192502
2018-12-18 08:00:00,0.8372128651773149,0.5602191243660909,0.8974261230138196,0.6465044116167576,0.10185501523671137
2018-12-18 09:00:00,0.8926845560071716,0.25578787351740373,1.0,0.8047371800703307,0.0
2018-12-18 10:00:00,0.8121880939304292,0.0949647200051658,1.0,0.9927367211744442,0.030677743714425523
2018-12-18 11:00:00,0.6935494091010748,0.0,0.7049732287595583,0.47346660234082477,0.0
2018-12-18 12:00:00,0.75637069276693,0.0,0.6916345076501748,0.5267481834788168,0.0
2018-12-18 13:00:00,0.4445268221046117,0.0,0.6543447356546934,0.41936959682540886,0.1906627433197287
2018-12-18 14:00:00,0.27882818245351987,0.0,0.5795395991744787,0.2495686701126401,0.30953237327566374
2018-12-18 15:00:00,0.16173475771929596,0.0,0.42168692922570183,0.5445082077009872,0.44680731403035984
2018-12-18 16:00:00,0.060635914746627655,0.04787472588443086,0.14994908276936864,0.8978615837387903,0.6538824944425327
2018-12-18 17:00:00,0.0,0.04683960404045397,0.004037728197383445,0.7745481733121887,0.3669010621581033
2018-12-18 18:00:00,0.0,0.03387176791647668,0.0028047992503318635,0.8995099301316762,0.26910861045880363
2018-12-18 19:00:00,0.0,0.0,0.0,0.9631074366308598,0.256993125644698
2018-12-18 20:00:00,0.0,0.06333274810156195,0.06595327718930587,1.0,0.10127835170413581
2018-12-18 21:00:00,0.0,0.13772631570609634,0.33299615499055685,0.9561679221067554,0.0
2018-12-18 22:00:00,0.0,0.2451648627631695,0.4721417678236142,0.7983785340536264,0.0
2018-12-18 23:00:00,0.031125452642109072,0.35206431150154127,0.20905412949327584,0.9421822809073322,0.038506258046105114
2018-12-19 00:00:00,0.07468026064583602,0.31190938060454193,0.906190621600265,0.8881509580579938,0.12838437604189548
2018-12-19 01:00:00,0.10393807749272324,0.37874054775620514,1.0,1.0,0.30748516305549006
2018-12-19 02:00:00,0.10101880895877359,0.24979345520115748,0.7564604347969505,1.0,0.1485846182566035
2018-12-19 03:00:00,0.23393464980311682,0.10751407930110543,1.0,1.0,0.2211824969763859
2018-12-19 04:00:00,1.0,0.9854217534154269,1.0,1.0,0.9440719802944268
2018-12-19 05:00:00,1.0,0.4047658890359403,1.0,1.0,1.0
2018-12-19 06:00:00,0.9271065327386959,0.24248894639343446,1.0,1.0,1.0
2018-12-19 07:00:00,0.9330483846628319,0.4285601544859627,1.0,1.0,1.0
2018-12-19 08:00:00,0.3141881016069286,0.5399304818605212,1.0,1.0,1.0
2018-12-19 09:00:00,0.6747712999624554,0.9680115804142732,0.9110766966819062,1.0,0.5812691410550793
2018-12-19 10:00:00,0.6024021878943878,1.0,1.0,1.0,1.0
2018-12-19 11:00:00,1.0,1.0,0.8223546169439454,1.0,0.8530822100348295
2018-12-19 12:00:00,0.6454526123742464,1.0,1.0,1.0,1.0
2018-12-19 13:00:00,1.0,1.0,1.0,1.0,1.0
2018-12-19 14:00:00,1.0,1.0,1.0,1.0,1.0
2018-12-19 15:00:00,1.0,1.0,1.0,1.0,0.45877756346015486
2018-12-19 16:00:00,1.0,1.0,1.0,1.0,0.10096211513291606
2018-12-19 17:00:00,1.0,1.0,1.0,0.7947298374676047,0.04239051079208893
2018-12-19 18:00:00,0.9766523421084247,0.6223401345707414,1.0,1.0,0.0
2018-12-19 19:00:00,1.0,0.6361397888839315,1.0,1.0,0.5683281369175575
2018-12-19 20:00:00,1.0,1.0,1.0,1.0,0.21527616105433495
2018-12-19 21:00:00,1.0,1.0,1.0,1.0,0.0
2018-12-19 22:00:00,1.0,1.0,1.0,1.0,0.001591266300594498
2018-12-19 23:00:00,1.0,1.0,1.0,1.0,0.0
2018-12-20 00:00:00,1.0,1.0,1.0,1.0,0.0
2018-12-20 01:00:00,1.0,1.0,1.0,1.0,0.03268835384404542
2018-12-20 02:00:00,1.0,1.0,1.0,1.0,0.06849151983221699
2018-12-20 03:00:00,1.0,0.8645694758920835,1.0,1.0,0.0
2018-12-20 04:00:00,1.0,0.8636900768981999,1.0,1.0,0.0
2018-12-20 05:00:00,1.0,1.0,1.0,1.0,0.005908698952482496
2018-12-20 06:00:00,1.0,0.9571827220293785,1.0,1.0,0.0
2018-12-20 07:00:00,1.0,0.47778057088858833,1.0,1.0,0.01397399129979317
2018-12-20 08:00:00,0.9777014131216861,0.6065989814764345,1.0,0.9741142516216186,0.0059304009641287314
2018-12-20 09:00:00,1.0,0.6664715411528708,1.0,1.0,0.016137700256502133
2018-12-20 10:00:00,0.971208770028989,0.3313056308745971,1.0,0.8897285199264389,0.0
2018-12-20 11:00:00,0.7530794223437243,0.08755434392187579,1.0,0.5492487525666538,0.0
2018-12-20 12:00:00,0.5032613950196922,0.12364975702911776,1.0,0.5080677898588831,0.0
2018-12-20 13:00:00,0.6827156619760423,0.08401417934933586,0.905433126476517,0.5827981667092339,0.05275290205612824
2018-12-20 14:00:00,0.6621922029481087,9.762205258103525e-05,0.8541060753054995,0.6062455714176226,0.0490835527238426
2018-12-20 15:00:00,0.3252829477444102,0.0,0.6717092976025251,0.4778116173540056,0.04709937480856003
2018-12-20 16:00:00,0.21631104607963356,0.0,0.2900921833342709,0.06060685217127415,0.020075182098904142
2018-12-20 17:00:00,0.07508552300380172,0.0,0.14893830911323813,0.047089031776078684,0.13793372026978812
2018-12-20 18:00:00,0.0,0.0,0.04092488508480962,0.09653632636961773,0.13929914412361147
2018-12-20 19:00:00,0.0,0.05462694789632856,0.0,0.14379085506860192,0.08032135652132612
2018-12-20 20:00:00,0.0,0.2071242969578371,0.0,0.33782020569032284,0.0
2018-12-20 21:00:00,0.00038635613949895744,0.23343020197309913,0.133106910625409,0.40411755361406554,0.0
2018-12-20 22:00:00,0.0,0.1845323876647752,0.2182903037080438,0.40766896715716333,0.0
2018-12-20 23:00:00,0.0,0.2519571458145336,0.2819961470925021,0.45377645260003646,0.0
2018-12-21 00:00:00,0.031125060937989474,0.27139104495968863,0.3459029130252478,0.39148857140930676,0.0
2018-12-21 01:00:00,0.12253968902877432,0.33456387055262604,0.5430562338874958,0.38439295741583707,0.0
2018-12-21 02:00:00,0.5948411045131469,0.4465225658458221,0.7849019660681812,0.3293554398658407,0.0
2018-12-21 03:00:00,0.8580216547321012,0.5734854127733137,0.6680910286713713,0.24119795352296478,0.022994654226480407
2018-12-21 04:00:00,0.5353506127066487,0.4836862432729167,0.6395585259646456,0.1978247079228225,0.040069217643076686
2018-12-21 05:00:00,0.1441305728981967,0.13690083942998338,0.32154646726709646,0.46589495164542466,0.027075451388688825
2018-12-21 06:00:00,0.3685352086410885,0.08409471975151678,0.3188682165416764,0.7067275372494684,0.0
2018-12-21 07:00:00,0.21055289903639945,0.05402374553877879,0.6941013857142091,0.47447087619225387,0.0
2018-12-21 08:00:00,0.05676071686999144,0.07448680029447648,0.3640277595643823,0.8694430380713214,0.0
2018-12-21 09:00:00,0.1988766018556355,0.10927126434591233,0.22866766882246323,1.0,0.17308197295429492
2018-12-21 10:00:00,0.3323638352313177,0.3765402743306116,0.03733115307052808,0.6252320521657947,0.39476063266761124
2018-12-21 11:00:00,0.15863718084402983,0.0542226734176553,0.0,1.0,0.13075626862670545
2018-12-21 12:00:00,0.015007373011713185,0.4102623277177743,0.0,1.0,0.0
2018-12-21 13:00:00,0.1190974769154127,0.32024574417200197,0.14627923227881842,1.0,1.0
2018-12-21 14:00:00,0.04374898246811796,0.1538887038057858,0.0,1.0,1.0
2018-12-21 15:00:00,0.1198101809238934,1.0,0.0,1.0,1.0
2018-12-21 16:00:00,0.08895285686515558,0.6004158560251952,0.0,1.0,1.0
2018-12-21 17:00:00,0.15049987635098333,0.484336703737843,0.0,1.0,1.0
2018-12-21 18:00:00,0.07191092437653489,0.4671166922885856,0.27629633829328165,1.0,1.0
2018-12-21 19:00:00,0.0,0.22000792377484063,0.781729955227147,1.0,1.0
2018-12-21 20:00:00,1.0,0.5634940826191587,0.12494677313974255,1.0,1.0
2018-12-21 21:00:00,1.0,0.3538407216447393,1.0,0.9996335916848743,1.0
2018-12-21 22:00:00,0.7431931971470179,0.050308196952151094,0.49958392560726256,1.0,0.4251877614109032
2018-12-21 23:00:00,0.44036891087729296,0.0,0.3313202766321956,1.0,0.8846382579587486
2018-12-22 00:00:00,0.3322984073979105,0.24200863801891728,0.47294371034429,0.7949413060650419,0.4220311727524172
2018-12-22 01:00:00,0.6478695516087422,0.19214644298620737,0.0,0.12466794883862144,0.7577405774541818
2018-12-22 02:00:00,1.0,0.0,0.0,0.13430248987645654,0.6887293154262258
2018-12-22 03:00:00,0.19145393785281037,0.011518753419852487,0.0,0.4269016725648406,1.0
2018-12-22 04:00:00,0.26898801135103,0.02704890161674329,0.08208935257413036,0.22511058544853269,0.7680282914545041
2018-12-22 05:00:00,0.07978823831296143,0.11041245685872551,0.03287854926074954,0.5212271537046024,0.37304734595249206
2018-12-22 06:00:00,0.023826857721660304,0.15894918378707218,0.0,0.3406000635407815,0.0
2018-12-22 07:00:00,0.0,0.30432647888778425,0.0,0.2740828432302228,0.0
2018-12-22 08:00:00,0.0,0.19711057533778922,0.0,0.0923283135884027,0.2869824821263393
2018-12-22 09:00:00,0.05131452080593666,0.12597508446708586,0.0,0.0,0.0146041905653672
2018-12-22 10:00:00,0.03767210076829266,0.16903856842139808,0.0,0.42383344061756467,0.025247863123702585
2018-12-22 11:00:00,0.12177938731956518,0.19875125891676113,0.0,0.2593638389895503,0.0
2018-12-22 12:00:00,0.12885395701675292,0.004813473816018662,0.020361211326121863,1.0,0.0
2018-12-22 13:00:00,0.25319646628212056,0.4156242071850138,0.052040178953986736,1.0,1.0
2018-12-22 14:00:00,0.5780377373879125,0.670851301255941,0.4195775208991475,0.7537051956723223,0.9750551501274906
2018-12-22 15:00:00,0.3379129318393314,0.9254688951190961,0.4860515671115915,1.0,0.29382401473280395
2018-12-22 16:00:00,0.5146839443364422,1.0,0.17646392084238596,0.9753968454389395,0.7341767481947812
2018-12-22 17:00:00,0.3172283497523869,1.0,0.03958452371283189,0.5450155824103103,0.48889956182280153
2018-12-22 18:00:00,0.9284229407077167,0.3564781496163018,0.17986893905293203,0.8352903184302176,0.16932376368535823
2018-12-22 19:00:00,0.8469014805727547,0.25085869210358713,0.710247024334021,0.7176965210228867,0.1568773426179996
2018-12-22 20:00:00,0.5152984068773709,0.11961075312438621,1.0,0.3925910839887447,0.0
2018-12-22 21:00:00,0.2664639833978237,0.0,0.7273882638519742,0.530273963234699,0.0
2018-12-22 22:00:00,0.11047454996521401,0.0,0.5216517369762026,0.8386796646161717,0.0
2018-12-22 23:00:00,0.0,0.09039333122011074,0.24038132993232617,0.7365880419522791,0.0
2018-12-23 00:00:00,0.0,0.15293835407404238,0.3781448051958728,0.7389777166777382,0.0
2018-12-23 01:00:00,0.019501081110594308,0.24081128634722698,0.5462941456525062,0.5433531299901788,0.0
2018-12-23 02:00:00,0.002137983458340045,0.5728199963743312,0.2642477743839801,0.28407321187698636,0.0
2018-12-23 03:00:00,0.05780668598315879,0.5192405850846156,0.6620889704774587,0.18680326866504007,0.0
2018-12-23 04:00:00,0.029160869012639427,0.2534588074593713,1.0,0.2843325101824929,0.0
2018-12-23 05:00:00,0.02232460851116633,0.07587437757423401,0.4519969354300635,0.4533640345394685,0.0
2018-12-23 06:00:00,0.029986229173159056,0.0,0.513866670593928,1.0,0.0
2018-12-23 07:00:00,0.10062764913431556,0.0,0.2729393181461137,1.0,0.0
2018-12-23 08:00:00,0.051224795301864065,0.0,0.15614647860872885,0.9147635148568852,0.0
2018-12-23 09:00:00,0.0,0.0,0.13836276155544944,0.6980698038050596,0.0
2018-12-23 10:00:00,0.0,0.03908051805440421,0.0,0.3149730960396752,0.0
2018-12-23 11:00:00,0.0,0.17709662074641908,0.0,0.2474684802478405,0.0
2018-12-23 12:00:00,0.03349727113841684,0.23359009792841046,0.0,0.14712317940373904,0.0
2018-12-23 13:00:00,0.06202903716447717,0.10109765928940499,0.0,0.023286099659604646,0.06338392198658073
2018-12-23 14:00:00,0.08915835432753537,0.10489991186988713,0.0,0.0,0.14358251956850457
2018-12-23 15:00:00,0.11626885431664619,0.06171428956734932,0.014683973044444278,0.0,0.04492348863556418
2018-12-23 16:00:00,0.2803308654450331,0.04044018234639704,0.10915010127265903,0.0,0.05258846058288168
2018-12-23 17:00:00,0.344599197043913,0.06269793034070756,0.2465716292015521,0.09247522344404695,0.13011813478338521
2018-12-23 18:00:00,0.6035014462509406,0.12557136189721133,0.7820551272674744,0.09285740789069075,0.16043670108026648
2018-12-23 19:00:00,0.6556428985835494,0.15347976849014638,1.0,0.013122951720067173,0.0
2018-12-23 20:00:00,0.5190473868798057,0.1275368131523043,1.0,0.03801591867381448,0.0
2018-12-23 21:00:00,0.38361463273268553,0.033873068400061206,1.0,0.0,0.0
2018-12-23 22:00:00,0.5906360543364282,0.0,1.0,0.7910398362348549,0.0
2018-12-23 23:00:00,0.4259970240136768,0.0,1.0,1.0,0.0
2018-12-24 00:00:00,1.0,0.0,0.9897930810538872,0.758297412735986,0.004535311394151032
2018-12-24 01:00:00,1.0,0.0,0.6538305990344422,0.9217326993775669,0.0
2018-12-24 02:00:00,0.6884791675252508,0.0,0.0,0.9141088068690788,0.0
2018-12-24 03:00:00,0.6285346343594302,0.23529293368335932,0.03492346510018706,0.49968976520565106,0.0
2018-12-24 04:00:00,0.8200107091471309,0.4724503854124399,0.02809747302038255,0.49968976520565106,0.0
2018-12-24 05:00:00,0.5365265016381554,0.5978817927552459,0.0,0.062228745773411975,0.0
2018-12-24 06:00:00,0.6538010073935817,0.8353429920046799,0.0,0.08966439539904558,0.2164583264145809
2018-12-24 07:00:00,0.6905497433298351,0.3134994008824022,0.0,0.19576639948981514,0.06160436896519597
2018-12-24 08:00:00,0.9975845799600188,0.29551582083805883,0.0,0.49328398504508886,0.06378730070322786
2018-12-24 09:00:00,0.1550342144954697,0.10422762511103671,0.0,0.32499780041556764,0.0
2018-12-24 10:00:00,0.14208196712078083,0.019872235761669858,0.06307125214253233,0.35168781788616554,0.0
2018-12-24 11:00:00,0.29842977383663843,0.02937615035909702,0.07628543576900688,0.3501567289614148,0.2068656794282061
2018-12-24 12:00:00,0.3384189583490244,0.0,0.11018759203244417,0.45073434891562103,0.1924054148177028
2018-12-24 13:00:00,0.19386903889254897,0.0,0.04761166477688882,0.5453153635456335,0.11657355016700034
2018-12-24 14:00:00,0.14404872030152083,0.0,0.0364801785484609,0.1166407547338841,0.10679252703163702
2018-12-24 15:00:00,0.06569799593082044,0.0,0.031144499772250964,0.09832191365314978,0.12045012659096536
2018-12-24 16:00:00,0.028741364682259095,0.0,0.0,0.3827926468316485,0.0
2018-12-24 17:00:00,0.03963703674095795,0.024676525265171525,0.0,0.05597034240816235,0.0
2018-12-24 18:00:00,0.04968810206859261,0.05470006012056793,0.0,0.0,0.0
2018-12-24 19:00:00,0.12910743153406914,0.006881383884311087,0.0,0.0,0.15866753271535952
2018-12-24 20:00:00,0.09357222703464811,0.10990616020506969,0.0,0.0,0.0
2018-12-24 21:00:00,0.0,0.012601210807506542,0.032693093320676665,0.08068839642219325,0.0
2018-12-24 22:00:00,0.013554461235345646,0.0,0.038424977535585714,0.1991790322187597,0.09459572828855743
2018-12-24 23:00:00,0.05826594592992899,0.0,0.08624509223213538,0.1102889930925935,0.14901059377609083
2018-12-25 00:00:00,0.022232520441380247,0.0,0.18374160683465593,0.0,0.0
2018-12-25 01:00:00,0.02907650057592112,0.035214494779312135,0.07085788390515639,0.0,0.0
2018-12-25 02:00:00,0.08347943299408152,0.06821614532969082,0.0,0.019945922852025927,0.05715712595834581
2018-12-25 03:00:00,0.16436012593809407,0.10493939684100868,0.08191133705872411,0.05508187220626125,0.0531018238733332
2018-12-25 04:00:00,0.12878396732575084,0.03199663541509665,0.026768827953576817,0.07406252226314837,0.08205516879750678
2018-12-25 05:00:00,0.08993744010930171,0.0,0.18971229436662937,0.0,0.0
2018-12-25 06:00:00,0.2050197193641794,0.03096861975495049,0.0,0.0,0.0
2018-12-25 07:00:00,0.33272616294286794,0.10040667466177891,0.0,0.05286886994647917,0.0
2018-12-25 08:00:00,0.5083168944785535,0.06266733810136335,0.0,0.11204962504744571,0.0
2018-12-25 09:00:00,0.6100140449966834,0.02790752432264632,0.0,0.07155650924733421,0.0
2018-12-25 10:00:00,0.2907437955280839,0.060377526025440865,0.0,0.11279556536566081,0.0
2018-12-25 11:00:00,0.2992461050624579,0.15424256094070285,0.0,0.1827029639303953,0.0
2018-12-25 12:00:00,0.4654676367422699,0.7196258542720555,0.10065639169706829,0.313410654677029,0.0
2018-12-25 13:00:00,0.6182130122203833,0.8349887472310187,0.2967996942188814,0.6406438109208656,0.0
2018-12-25 14:00:00,0.8323589464835992,0.8934306705943109,0.6192227744629192,0.8376088244854096,0.051537297387060865
2018-12-25 15:00:00,0.9858650264303577,0.854309842203327,1.0,0.4854843559950523,0.07532986473687796
2018-12-25 16:00:00,1.0,1.0,1.0,0.17082669498782524,0.06204741757582629
2018-12-25 17:00:00,1.0,0.7505114438895649,0.7782603873439093,0.7654167023078738,0.0013170730788450177
2018-12-25 18:00:00,1.0,0.7108725917269324,1.0,1.0,0.018708247977535734
2018-12-25 19:00:00,1.0,0.672931802512742,1.0,1.0,0.005623518060345115
2018-12-25 20:00:00,1.0,0.8172067071979815,1.0,1.0,0.0
2018-12-25 21:00:00,1.0,0.7079103600448398,1.0,1.0,0.0
2018-12-25 22:00:00,1.0,0.8921220199686386,0.8380490380671093,1.0,0.0
2018-12-25 23:00:00,0.8538578564794425,1.0,0.7050662377991227,1.0,0.0
2018-12-26 00:00:00,0.7567942497167718,1.0,0.6189364506697137,0.9846808589849111,0.0
2018-12-26 01:00:00,0.6461187519966616,0.8940387853977236,0.7388819144752575,0.9462191858053766,0.0
2018-12-26 02:00:00,0.5352845734595312,0.6331576236536514,0.628416239512396,1.0,0.0
2018-12-26 03:00:00,0.2963098528945967,0.3119446929680583,0.4158213067578871,1.0,0.0
2018-12-26 04:00:00,0.32178761214534596,0.1511683875856357,0.35888216495892705,0.9261193806934076,0.01999732370531971
2018-12-26 05:00:00,0.28901379607926414,0.1364715613160138,0.3171446222148106,0.5794546719737188,0.05153112984184933
2018-12-26 06:00:00,0.3240515644901296,0.10412214250094447,0.22851349250966496,0.629908201092211,0.0075415293425973385
2018-12-26 07:00:00,0.06307364946880102,0.10848826701937893,0.3500445931795648,0.177356915668628,0.0
2018-12-26 08:00:00,0.10841584356940022,0.10591842596611904,0.1360024091129757,0.14898057318119245,0.0
2018-12-26 09:00:00,0.12690266452628415,0.6534887740593955,0.21873037658247987,0.35205470675557066,0.0
2018-12-26 10:00:00,0.09360586975667953,0.1290366815799733,0.055639615859777676,0.22864552653330292,0.0
2018-12-26 11:00:00,0.11585786872816121,0.04096433257993722,0.0,0.0,0.0
2018-12-26 12:00:00,0.08290958017931072,0.0,0.055430569283965836,0.12622535636679427,0.0
2018-12-26 13:00:00,0.2539135657908986,0.03977537762675206,0.0,0.6104937010524771,0.0
2018-12-26 14:00:00,0.1854755784120514,0.026600373920690687,0.0,0.8442280229702428,0.0
2018-12-26 15:00:00,0.41786132667556,0.0,0.05997715142192177,0.7449555644850695,0.0011828071664900031
2018-12-26 16:00:00,0.2776112497560686,1.0,0.40019801620514256,1.0,0.027134642858177852
2018-12-26 17:00:00,0.30882697038142304,1.0,0.5284195354298781,1.0,0.48626406721665655
2018-12-26 18:00:00,0.4099852207353852,1.0,1.0,1.0,0.6408008344499695
2018-12-26 19:00:00,0.5624469823381256,1.0,1.0,1.0,0.9758987100142283
2018-12-26 20:00:00,1.0,1.0,1.0,1.0,0.8415475349141319
2018-12-26 21:00:00,1.0,1.0,1.0,1.0,1.0
2018-12-26 22:00:00,1.0,1.0,1.0,1.0,0.5070279201684298
2018-12-26 23:00:00,1.0,1.0,1.0,1.0,1.0
2018-12-27 00:00:00,1.0,1.0,1.0,1.0,1.0
2018-12-27 01:00:00,1.0,1.0,1.0,1.0,0.7955463213188326
2018-12-27 02:00:00,1.0,1.0,1.0,1.0,0.07378314494043256
2018-12-27 03:00:00,1.0,1.0,1.0,1.0,0.0
2018-12-27 04:00:00,1.0,1.0,1.0,1.0,0.0
2018-12-27 05:00:00,1.0,1.0,1.0,1.0,0.0
2018-12-27 06:00:00,1.0,1.0,1.0,1.0,0.19817590818319408
2018-12-27 07:00:00,1.0,1.0,1.0,1.0,0.1821088306933381
2018-12-27 08:00:00,1.0,1.0,1.0,1.0,0.07999003253656209
2018-12-27 09:00:00,1.0,1.0,1.0,1.0,0.10355233172796674
2018-12-27 10:00:00,1.0,1.0,1.0,1.0,0.1330800969629955
2018-12-27 11:00:00,1.0,1.0,1.0,1.0,0.21346374316660596
2018-12-27 12:00:00,1.0,1.0,1.0,1.0,0.3021019530940445
2018-12-27 13:00:00,1.0,1.0,1.0,1.0,0.20338770965076727
2018-12-27 14:00:00,1.0,1.0,1.0,1.0,0.1424944244154169
2018-12-27 15:00:00,1.0,1.0,1.0,1.0,0.22672599652509962
2018-12-27 16:00:00,0.8645174026150826,1.0,1.0,1.0,0.3370375051945674
2018-12-27 17:00:00,0.4692808801011679,1.0,1.0,1.0,0.4519629508442913
2018-12-27 18:00:00,0.3463351380666977,1.0,1.0,1.0,0.3636417829249516
2018-12-27 19:00:00,0.3039575503783576,1.0,1.0,1.0,0.13981514029387557
2018-12-27 20:00:00,0.3330206055803956,1.0,1.0,1.0,0.08401022484772841
2018-12-27 21:00:00,0.3711820654277981,1.0,1.0,1.0,0.0
2018-12-27 22:00:00,0.5714707166630711,0.7549504299153947,1.0,1.0,0.19011901415591986
2018-12-27 23:00:00,0.730843381673247,0.9613301582757884,1.0,1.0,0.041551260181022086
2018-12-28 00:00:00,0.5961761096533224,0.8834658678988528,1.0,1.0,0.0018939608415611247
2018-12-28 01:00:00,0.9600485958870878,0.7094318878007653,1.0,1.0,0.0347984628009526
2018-12-28 02:00:00,0.8557501383678328,0.7406885950118391,1.0,1.0,0.0
2018-12-28 03:00:00,1.0,0.5390915986413705,1.0,1.0,0.0
2018-12-28 04:00:00,0.8428063193856463,0.6322738740628825,1.0,1.0,0.0
2018-12-28 05:00:00,0.42309298425484726,0.6842762338164682,1.0,1.0,0.0
2018-12-28 06:00:00,0.4822511872127767,0.6161085521796754,1.0,1.0,0.0
2018-12-28 07:00:00,0.659351237804655,0.6385105798471906,0.7469518602819177,1.0,0.0
2018-12-28 08:00:00,0.7133993226280242,0.45786688051622937,0.7142832642449581,0.0631170807972416,0.0
2018-12-28 09:00:00,0.7760410342075336,0.6780897036736526,0.4868410376143881,0.05790359688617358,0.02524058047349534
2018-12-28 10:00:00,0.7682778481166673,0.5799828067903615,0.4501806073345227,0.08762562137995072,0.008023715917702514
2018-12-28 11:00:00,0.824503939510772,0.7163657323420793,0.596628049689803,0.09067861460045784,0.0
2018-12-28 12:00:00,0.34452456481019755,0.34219721288612936,0.4479718331165462,0.10002661795127801,0.0
2018-12-28 13:00:00,0.37125963879888485,0.2210587538651753,0.42589953494411764,0.03376224292586683,0.0
2018-12-28 14:00:00,0.16417630994005555,0.06010696655785015,0.4141490936301992,0.02800044488671972,0.0
2018-12-28 15:00:00,0.09398127638700479,0.02762707375479126,0.2525021737583582,0.0,0.010957846624722758
2018-12-28 16:00:00,0.09079504569830536,0.0,0.16669346994991527,0.058899964749757186,0.010363323454253077
2018-12-28 17:00:00,0.048722231596888946,0.0,0.13078036270410553,0.0,0.05608314283007561
2018-12-28 18:00:00,0.04046982032670127,0.0,0.06042700622196276,0.0,0.10219038173919531
2018-12-28 19:00:00,0.03160072850969359,0.0,0.0,0.0,0.10219038173919531
2018-12-28 20:00:00,0.05102739261502518,0.0,0.0,0.0,0.0
2018-12-28 21:00:00,0.08572188745016274,0.0,0.0,0.0,0.2536871509076421
2018-12-28 22:00:00,0.09287195846277015,0.031221692533455345,0.0,0.05277816245817091,0.10206992057051749
2018-12-28 23:00:00,0.04843857335613749,0.05301410444710719,0.061199584536485836,0.14413248956117772,0.02414416955785843
2018-12-29 00:00:00,0.04586344915771336,0.09381053188381919,0.17844548800365706,0.20147208753581367,0.0
2018-12-29 01:00:00,0.049050108723275684,0.17610002705682246,0.2161856980636498,0.23035115546162568,0.0
2018-12-29 02:00:00,0.0354847649577988,0.18239049954368383,0.25566024028964285,0.20843150571769942,0.0
2018-12-29 03:00:00,0.16305043228849633,0.18538471948980698,0.27561902253190557,0.17890096414649603,0.0
2018-12-29 04:00:00,0.3093445744738915,0.19590335704147893,0.4357580774270221,0.2062478033566888,0.0
2018-12-29 05:00:00,0.32088714700053184,0.14840721709989338,0.5235269148402562,0.17727665100847564,0.0
2018-12-29 06:00:00,0.4229207686549882,0.07373292971450167,0.7279056363890107,0.06653248816474759,0.0
2018-12-29 07:00:00,0.627191701286012,0.0901912235291638,0.8723313879640925,0.12671165304249773,0.0
2018-12-29 08:00:00,0.755284943063506,0.11094547322797499,1.0,0.2708820534299077,0.0
2018-12-29 09:00:00,0.2864182983094159,0.02061862192938861,0.7319030891074078,0.2509188581206084,0.0
2018-12-29 10:00:00,0.08873261791624273,0.0,0.22057927463931992,0.6590248817608899,0.0
2018-12-29 11:00:00,0.0,0.0,0.1699092137059782,0.6441166967470808,0.0
2018-12-29 12:00:00,0.022930923613575356,0.0,0.08213914891406986,0.43517346350158126,0.0
2018-12-29 13:00:00,0.0,0.0,0.06507970610319508,0.2259542949488188,0.0
2018-12-29 14:00:00,0.0,0.0,0.1547515230234757,0.2319747200199219,0.0
2018-12-29 15:00:00,0.0,0.023793107516582136,0.10249766684145879,0.1916560085416995,0.0
2018-12-29 16:00:00,0.0,0.06197565210111247,0.10003668620519007,0.17012886597952812,0.0
2018-12-29 17:00:00,0.07950345763703884,0.0906637985578193,0.04617235501928968,0.24482663666414767,0.05228974881276531
2018-12-29 18:00:00,0.21005723018738143,0.12415833695185537,0.1392302284049327,0.2135344969668994,0.09721990122106346
2018-12-29 19:00:00,0.5153289840797733,0.25881186368771764,0.45623440760021067,0.3866427128467506,0.09926383459725817
2018-12-29 20:00:00,0.8958927908713319,0.35661129645525896,1.0,0.8521175159852941,0.0
2018-12-29 21:00:00,0.8685067690936688,0.5110694040589545,1.0,0.8215168552928271,0.0
2018-12-29 22:00:00,0.8770209691871599,0.50162907514157,1.0,0.6163752715953462,0.0
2018-12-29 23:00:00,0.6793903798717947,0.5139501349546408,1.0,1.0,0.0
2018-12-30 00:00:00,0.30414783799523637,0.5071277022577827,1.0,0.653372623706751,0.023215571965647067
2018-12-30 01:00:00,0.16061714083332793,0.5468075810863078,0.9592062512287638,0.6239411582962765,0.0
2018-12-30 02:00:00,0.04071562492551745,0.2595845774238293,0.9445114175409114,0.816918767908652,0.022142339008129702
2018-12-30 03:00:00,0.041213087486869505,0.034952622132966196,1.0,0.67993291445046,0.027066490910534962
2018-12-30 04:00:00,0.04447641751077496,0.0,1.0,0.6965799080682773,0.0
2018-12-30 05:00:00,0.07404802040670828,0.12713947688656715,1.0,0.4644858675699958,0.0
2018-12-30 06:00:00,0.028727123522336608,0.04422714554886403,1.0,0.8296375350141912,0.0007200793714290133
2018-12-30 07:00:00,0.04357468317018417,0.0806709124725916,1.0,1.0,0.024380509737316213
2018-12-30 08:00:00,0.0,0.0,0.9988428444676175,1.0,0.0
2018-12-30 09:00:00,0.11504660287807883,0.0,0.6513249527793821,1.0,0.0
2018-12-30 10:00:00,0.29316852826284806,0.0,0.45908913765729237,1.0,0.022689057579831078
2018-12-30 11:00:00,0.5694374868033104,0.0,0.0994388376512223,1.0,0.0
2018-12-30 12:00:00,0.8302947627727205,0.0,0.020478130551523064,1.0,0.0
2018-12-30 13:00:00,0.9073171262737624,0.0,0.0,1.0,0.0
2018-12-30 14:00:00,1.0,0.0,0.0,1.0,0.060430343659204896
2018-12-30 15:00:00,1.0,0.24891572973596096,0.0,1.0,0.1313796330923686
2018-12-30 16:00:00,1.0,1.0,0.0,1.0,0.09727835863128996
2018-12-30 17:00:00,1.0,1.0,0.31939777891803306,1.0,0.040711319828270635
2018-12-30 18:00:00,1.0,1.0,0.19950844020528552,1.0,0.3619175838249083
2018-12-30 19:00:00,1.0,1.0,0.06512169202699124,1.0,0.7684487792821656
2018-12-30 20:00:00,0.2668843573649436,0.5313436641578301,0.0,0.749050140291644,0.0
2018-12-30 21:00:00,0.22521014907175413,0.5933223541533927,0.0,0.1340290309674518,0.23139832264022941
2018-12-30 22:00:00,0.7776619212402823,0.6844617162650378,0.0,0.2004165853743313,0.2245013068893066
2018-12-30 23:00:00,1.0,0.594417573988724,0.28145505281088784,0.9340053433935097,0.19430800803687104
2018-12-31 00:00:00,1.0,0.3844957862826882,1.0,1.0,0.2627479276870378
2018-12-31 01:00:00,1.0,0.052367860333728915,1.0,1.0,0.04644429238067534
2018-12-31 02:00:00,1.0,0.024199936882005165,1.0,1.0,0.0
2018-12-31 03:00:00,1.0,0.10618971670876075,1.0,1.0,0.05086897603365321
2018-12-31 04:00:00,1.0,0.5770052123024249,1.0,1.0,0.12500248607307238
2018-12-31 05:00:00,1.0,1.0,1.0,1.0,0.1118654861622512
2018-12-31 06:00:00,1.0,1.0,1.0,1.0,0.05408063111916518
2018-12-31 07:00:00,1.0,1.0,1.0,1.0,0.6847142151379522
2018-12-31 08:00:00,1.0,1.0,1.0,1.0,0.9589629821379617
2018-12-31 09:00:00,1.0,1.0,1.0,1.0,0.6519384210964551
2018-12-31 10:00:00,1.0,1.0,1.0,1.0,0.5463583400670695
2018-12-31 11:00:00,1.0,1.0,1.0,1.0,0.3555565021104347
2018-12-31 12:00:00,1.0,1.0,1.0,1.0,0.24804151390157372
2018-12-31 13:00:00,1.0,1.0,1.0,1.0,0.38372489444053737
2018-12-31 14:00:00,1.0,1.0,1.0,1.0,0.2447677539891753
2018-12-31 15:00:00,1.0,1.0,1.0,1.0,0.24535148057245443
2018-12-31 16:00:00,1.0,1.0,1.0,1.0,0.1710585990829959
2018-12-31 17:00:00,0.2220899808490758,0.40360765188333775,0.18046069855712252,0.23647125711654948,0.46435125020060364
2018-12-31 18:00:00,0.2796175713481836,0.4684195781988007,0.2805039759438487,0.1755146693083328,0.4737607474776011
2018-12-31 19:00:00,0.2862244594341375,0.42348136710423145,0.3420804058420505,0.2638103626360712,0.3180002352823811
2018-12-31 20:00:00,0.2886880630377847,0.7463901789489276,0.24586435989946176,0.3095694161626178,0.20515374315031976
2018-12-31 21:00:00,0.19560207667525423,0.6975239910648203,0.2289429104195486,0.2835520271989946,0.10664617238185246
2018-12-31 22:00:00,0.27074338602148795,0.579388233462783,0.33205688014640705,0.3335378861161112,0.0553177894732471
2018-12-31 23:00:00,0.2597256345648423,0.5703357411843026,0.2296151245037131,0.2563400928030625,0.08638753672170864
