--- solve.log unconstrained_internal start 2026-08-28T22:04:23 ---
  solve log: pypsa\scenarios\unconstrained_internal\solve.log



--- Colorado PyPSA case: unconstrained_internal ---

Investment years: [2030, 2035, 2040, 2045, 2050]

internal_limits=False

neighbors=True

reserve_margin=True

zonal_ra=False

co2_cap=True

co2_path=statutory

relax_pmin=True

aggregate_large_cc=True

hybrid_candidates=True

HiGHS dual simplex, threads=2, include_objective_constant=False



=== YEAR 2030/2050 START (step 1/5) ===

  surviving vintages: 0 generators, 0 storage

.\.venv\Lib\site-packages\pypsa\network\io.py:2082: FutureWarning: pandas infers the `str` dtype for string data since its version 3.0. PyPSA still converts it back to numpy object dtype on import, but will keep it from PyPSA 2.0 on. Set `pypsa.options.api.legacy_string_dtype` explicitly to suppress this warning.

  new_static = _coerce_string_dtypes(new_static)



[1/6] Buses...

  6 CO buses: ['Denver', 'North', 'South', 'Mountain', 'East', 'West']

  6 external buses: ['Wyoming', 'Utah', 'FourCorners', 'NewMexico', 'Nebraska', 'EasternInterconnect']



[2/6] Links...

  11 links, unconstrained (20,000 MW stand-in), bidirectional

    Link_South_West: South <-> West  p_nom=20,000.0 MW

    Link_East_South: East <-> South  p_nom=20,000.0 MW

    Link_East_North: East <-> North  p_nom=20,000.0 MW

    Link_Denver_South: Denver <-> South  p_nom=20,000.0 MW

    Link_Mountain_South: Mountain <-> South  p_nom=20,000.0 MW

    Link_Denver_East: Denver <-> East  p_nom=20,000.0 MW

    Link_Mountain_West: Mountain <-> West  p_nom=20,000.0 MW

    Link_Denver_Mountain: Denver <-> Mountain  p_nom=20,000.0 MW

    Link_Denver_North: Denver <-> North  p_nom=20,000.0 MW

    Link_Mountain_North: Mountain <-> North  p_nom=20,000.0 MW

    Link_North_West: North <-> West  p_nom=20,000.0 MW

  7 links, external (raw_sum_mw), bidirectional

    Link_West_FourCorners: West <-> FourCorners  p_nom=1,555.6 MW

    Link_West_Utah: West <-> Utah  p_nom=1,118.8 MW

    Link_East_Nebraska: East <-> Nebraska  p_nom=1,044.0 MW

    Link_South_NewMexico: South <-> NewMexico  p_nom=324.9 MW

    Link_Mountain_Wyoming: Mountain <-> Wyoming  p_nom=504.8 MW

    Link_North_Wyoming: North <-> Wyoming  p_nom=2,031.5 MW

    Link_East_EasternInterconnect: East <-> EasternInterconnect  p_nom=210.0 MW



[3/6] Representative weeks (Milestone 2 load + Milestone 3 clustering)...

.\.venv\Lib\site-packages\tsam\pipeline\orchestrator.py:296: UserWarning: The time series covers 8760 time steps, which is not a whole number of 168-step periods. The last period is filled up with the first 144 time steps of the series so it can be clustered; its occurrence count is reduced accordingly and the padding is dropped again on reconstruction.

  period_profiles = unstack_to_periods(norm_data.values, cfg.n_timesteps_per_period)

INFO:pyomo.contrib.appsi.solvers.highs:Running HiGHS 1.15.1 (git hash: 04024d7): Copyright (c) 2026 under MIT licence terms

INFO:pyomo.contrib.appsi.solvers.highs:Includes third-party software components, see THIRD_PARTY_NOTICES.md for full details

INFO:pyomo.contrib.appsi.solvers.highs:MIP has 2863 rows; 2809 cols; 8374 nonzeros; 2809 integer variables (2809 binary)

INFO:pyomo.contrib.appsi.solvers.highs:Coefficient ranges:

INFO:pyomo.contrib.appsi.solvers.highs:  Matrix  [1e+00, 1e+00]

INFO:pyomo.contrib.appsi.solvers.highs:  Cost    [7e+01, 6e+02]

INFO:pyomo.contrib.appsi.solvers.highs:  Bound   [1e+00, 1e+00]

INFO:pyomo.contrib.appsi.solvers.highs:  RHS     [1e+00, 1e+01]

INFO:pyomo.contrib.appsi.solvers.highs:Presolving model

INFO:pyomo.contrib.appsi.solvers.highs:2810 rows, 2809 cols, 8374 nonzeros 0s

INFO:pyomo.contrib.appsi.solvers.highs:2810 rows, 2809 cols, 8374 nonzeros 0s

INFO:pyomo.contrib.appsi.solvers.highs:Presolve reductions: rows 2810(-53); columns 2809(-0); nonzeros 8374(-0) 

INFO:pyomo.contrib.appsi.solvers.highs:

INFO:pyomo.contrib.appsi.solvers.highs:Solving MIP model with:

INFO:pyomo.contrib.appsi.solvers.highs:   2810 rows

INFO:pyomo.contrib.appsi.solvers.highs:   2809 cols (2809 binary, 0 integer, 0 implied int., 0 continuous, 0 domain fixed)

INFO:pyomo.contrib.appsi.solvers.highs:   8374 nonzeros

INFO:pyomo.contrib.appsi.solvers.highs:   Thread count 2 (of 4 threads). Using 1 max workers. Parallel search off

INFO:pyomo.contrib.appsi.solvers.highs:

INFO:pyomo.contrib.appsi.solvers.highs:Src: B => Branching; C => Central rounding; F => Feasibility pump; H => Heuristic;

INFO:pyomo.contrib.appsi.solvers.highs:     I => Shifting; J => Feasibility jump; L => Sub-MIP; P => Empty MIP; R => Randomized rounding;

INFO:pyomo.contrib.appsi.solvers.highs:     S => Solve LP; T => Evaluate node; U => Unbounded; X => User solution; Y => HiGHS solution;

INFO:pyomo.contrib.appsi.solvers.highs:     Z => ZI Round; l => Trivial lower; p => Trivial point; u => Trivial upper; z => Trivial zero

INFO:pyomo.contrib.appsi.solvers.highs:

INFO:pyomo.contrib.appsi.solvers.highs:        Nodes      |    B&B Tree     |            Objective Bounds              |  Dynamic Constraints |       Work      

INFO:pyomo.contrib.appsi.solvers.highs:Src  Proc. InQueue |  Leaves   Expl. | BestBound       BestSol              Gap |   Cuts   InLp Confl. | LpIters     Time

INFO:pyomo.contrib.appsi.solvers.highs:

INFO:pyomo.contrib.appsi.solvers.highs: J       0       0         0   0.00%   -inf            12071.762821       Large        0      0      0         0     0.2s

INFO:pyomo.contrib.appsi.solvers.highs: T       0       0         0   0.00%   0               5624.730147      100.00%        0      0      0       236     0.2s

INFO:pyomo.contrib.appsi.solvers.highs:         1       0         1 100.00%   5624.730147     5624.730147        0.00%        0      0      0       236     0.3s

INFO:pyomo.contrib.appsi.solvers.highs:

INFO:pyomo.contrib.appsi.solvers.highs:Solving report

INFO:pyomo.contrib.appsi.solvers.highs:  Status            Optimal

INFO:pyomo.contrib.appsi.solvers.highs:  Primal bound      5624.73014677

INFO:pyomo.contrib.appsi.solvers.highs:  Dual bound        5624.73014677

INFO:pyomo.contrib.appsi.solvers.highs:  Gap               0% (tolerance: 0.01%)

INFO:pyomo.contrib.appsi.solvers.highs:  P-D integral      0.0369076998904

INFO:pyomo.contrib.appsi.solvers.highs:  Solution status   feasible

INFO:pyomo.contrib.appsi.solvers.highs:                    5624.73014677 (objective)

INFO:pyomo.contrib.appsi.solvers.highs:                    0 (bound viol.)

INFO:pyomo.contrib.appsi.solvers.highs:                    0 (int. viol.)

INFO:pyomo.contrib.appsi.solvers.highs:                    0 (row viol.)

INFO:pyomo.contrib.appsi.solvers.highs:  Timing            0.25

INFO:pyomo.contrib.appsi.solvers.highs:                    0.09 (Presolve)

INFO:pyomo.contrib.appsi.solvers.highs:                    0.16 (Solve)

INFO:pyomo.contrib.appsi.solvers.highs:                    0.00 (Postsolve)

INFO:pyomo.contrib.appsi.solvers.highs:  Max sub-MIP depth 0

INFO:pyomo.contrib.appsi.solvers.highs:  Nodes             1

INFO:pyomo.contrib.appsi.solvers.highs:  Repair LPs        0

INFO:pyomo.contrib.appsi.solvers.highs:  LP iterations     236

INFO:pyomo.contrib.appsi.solvers.highs:                    0 (strong br.)

INFO:pyomo.contrib.appsi.solvers.highs:                    0 (separation)

INFO:pyomo.contrib.appsi.solvers.highs:                    0 (heuristics)

  1848 snapshots in 11 periods (weighted hours=8760.0)

    2018-12-03 00:00 to 2018-12-09 23:00  (168h)  weight=3.14

    2018-04-09 00:00 to 2018-04-15 23:00  (168h)  weight=6.00

    2018-05-07 00:00 to 2018-05-13 23:00  (168h)  weight=6.00

    2018-05-21 00:00 to 2018-05-27 23:00  (168h)  weight=3.00

    2018-06-04 00:00 to 2018-06-10 23:00  (168h)  weight=2.00

    2018-07-09 00:00 to 2018-07-15 23:00  (168h)  weight=2.00

    2018-08-06 00:00 to 2018-08-12 23:00  (168h)  weight=4.00

    2018-09-17 00:00 to 2018-09-23 23:00  (168h)  weight=6.00

    2018-10-22 00:00 to 2018-10-28 23:00  (168h)  weight=6.00

    2018-11-12 00:00 to 2018-11-18 23:00  (168h)  weight=11.00

    2018-06-25 00:00 to 2018-07-01 23:00  (168h)  weight=3.00



[4/6] Existing fleet + candidates...

  large CC merge: cherokee__7_cc  576.0 MW  (CT 336.0 + CA 240.0, scale=1.000)  co2=803.6 lb/MWh  hr=6761 Btu/kWh

  large CC merge: fort_st_vrain__1_cc  499.2 MW  (CT 292.0 + CA 207.2, scale=0.673)  co2=815.3 lb/MWh  hr=6859 Btu/kWh

  large CC merge: rocky_mountain_energy_center__STG1_cc  592.0 MW  (CT 292.0 + CA 300.0, scale=1.000)  co2=806.3 lb/MWh  hr=6784 Btu/kWh

  large CC merge: front_range_power_plant__3_cc  460.0 MW  (CT 270.0 + CA 190.0, scale=1.000)  co2=887.7 lb/MWh  hr=7469 Btu/kWh

  53 existing + 0 vintage + 41 candidate generators

  7 existing + 0 vintage + 12 candidate storage

  hybrid_candidates: 6 Solar+Storage generators, 6 storage

  6 market generators at Candidate_Gas:CC MC = $32.67/MWh

    Market_Wyoming: bus=Wyoming  p_nom=2,536.3 MW

    Market_Utah: bus=Utah  p_nom=1,118.8 MW

    Market_FourCorners: bus=FourCorners  p_nom=1,555.6 MW

    Market_NewMexico: bus=NewMexico  p_nom=324.9 MW

    Market_Nebraska: bus=Nebraska  p_nom=1,044.0 MW

    Market_EasternInterconnect: bus=EasternInterconnect  p_nom=210.0 MW

  relax_pmin: p_min_pu=0 on 94 in-state generators (6 Market_* kept at p_min_pu=-1)



[5/6] Capacity factors (aligned to representative snapshots)...

  p_max_pu assigned to 28 of 94 generators (solar/wind only)INFO:pypsa.consistency:Sanitizing network...



INFO:pypsa.components._types.carriers:Adding 15 missing carriers: ['AC', 'Coal', 'Gas:CC', 'Gas:CT', 'Gas:IC', 'Gas:ST', 'Geothermal', 'Hydro', 'Hydro:Pumped', 'Nuclear:SMR', 'Solar+Storage', 'Solar:PV', 'Storage:Battery', 'Wind', 'import']

INFO:pypsa.components._types.carriers:Assigned colors to 15 carriers using 'tab10' palette.



[6/6] Network assembled.INFO:pypsa.consistency:Network sanitization complete.



Solving 2030 (1848 snapshots, week-cyclic SOC, statewide PRM, CO2 cap, relax_pmin, aggregate_large_cc, hybrid_candidates)...

  RA: peak=13,187.5 MW at 2018-06-28 13:00:00  PRM=15.7%  requirement=15,258.0 MW

  CO2: cap=8.4046 MMT (8,404,600 t)  path=statutory  import intensity=729.8 lb/MWh (Candidate_Gas:CC)

  large CC merge: cherokee__7_cc  576.0 MW  (CT 336.0 + CA 240.0, scale=1.000)  co2=803.6 lb/MWh  hr=6761 Btu/kWh


  large CC merge: fort_st_vrain__1_cc  499.2 MW  (CT 292.0 + CA 207.2, scale=0.673)  co2=815.3 lb/MWh  hr=6859 Btu/kWh


  large CC merge: rocky_mountain_energy_center__STG1_cc  592.0 MW  (CT 292.0 + CA 300.0, scale=1.000)  co2=806.3 lb/MWh  hr=6784 Btu/kWh


  large CC merge: front_range_power_plant__3_cc  460.0 MW  (CT 270.0 + CA 190.0, scale=1.000)  co2=887.7 lb/MWh  hr=7469 Btu/kWh


  large CC merge: cherokee__7_cc  576.0 MW  (CT 336.0 + CA 240.0, scale=1.000)  co2=803.6 lb/MWh  hr=6761 Btu/kWh


  large CC merge: fort_st_vrain__1_cc  499.2 MW  (CT 292.0 + CA 207.2, scale=0.673)  co2=815.3 lb/MWh  hr=6859 Btu/kWh


  large CC merge: rocky_mountain_energy_center__STG1_cc  592.0 MW  (CT 292.0 + CA 300.0, scale=1.000)  co2=806.3 lb/MWh  hr=6784 Btu/kWh


  large CC merge: front_range_power_plant__3_cc  460.0 MW  (CT 270.0 + CA 190.0, scale=1.000)  co2=887.7 lb/MWh  hr=7469 Btu/kWh


  hybrid: 6 pairs  p_nom equality on 6 extendable  charge-from-solar on 6


INFO:linopy.model: Solve problem using Highs solver

INFO:linopy.model:Solver options:

 - solver: simplex

 - threads: 2

INFO:linopy.io:Writing objective.


Writing constraints.:   0%|[38;2;128;191;255m          [0m| 0/49 [00:00<?, ?it/s]
Writing constraints.:   8%|[38;2;128;191;255m8         [0m| 4/49 [00:00<00:01, 36.07it/s]
Writing constraints.:  16%|[38;2;128;191;255m#6        [0m| 8/49 [00:00<00:01, 32.21it/s]
Writing constraints.:  31%|[38;2;128;191;255m###       [0m| 15/49 [00:00<00:00, 47.32it/s]
Writing constraints.:  43%|[38;2;128;191;255m####2     [0m| 21/49 [00:00<00:00, 40.38it/s]
Writing constraints.:  55%|[38;2;128;191;255m#####5    [0m| 27/49 [00:00<00:00, 45.94it/s]
Writing constraints.:  76%|[38;2;128;191;255m#######5  [0m| 37/49 [00:00<00:00, 61.45it/s]
Writing constraints.: 100%|[38;2;128;191;255m##########[0m| 49/49 [00:00<00:00, 60.24it/s]


Writing continuous variables.:   0%|[38;2;128;191;255m          [0m| 0/8 [00:00<?, ?it/s]
Writing continuous variables.: 100%|[38;2;128;191;255m##########[0m| 8/8 [00:00<00:00, 91.15it/s]

INFO:linopy.io: Writing time: 0.95s

Running HiGHS 1.15.1 (git hash: 04024d7): Copyright (c) 2026 under MIT licence terms

Includes third-party software components, see THIRD_PARTY_NOTICES.md for full details

LP linopy-problem-9yztcvb_ has 726325 rows; 334541 cols; 1385325 nonzeros

Coefficient ranges:

  Matrix  [4e-05, 1e+01]

  Cost    [8e-01, 7e+05]

  Bound   [0e+00, 0e+00]

  RHS     [9e-04, 8e+06]

WARNING: Problem has some excessively large row bounds

WARNING:    Consider scaling the    bounds by 1e-1, or setting the user_bound_scale option to -4

Presolving model

190079 rows, 301557 cols, 800234 nonzeros 1s

Dependent equations search running on 41453 equations with time limit of 1000.00s

Dependent equations search removed 0 rows and 0 nonzeros in 0.01s (limit = 1000.00s)

183484 rows, 262736 cols, 745348 nonzeros 3s

Presolve reductions: rows 183484(-542841); columns 262736(-71805); nonzeros 745348(-639977) 

Solving the presolved LP

Using dual simplex solver



========== HiGHS simplex: YEAR 2030 (step 1/5) ==========

2030 |   Iteration        Objective     Infeasibilities num(sum)

2030 |           0    -1.9434123530e+09 Pr: 11089(1.89973e+08) 4.1s

2030 |       17986    -1.9434121159e+09 Pr: 5451(1.10851e+08); Du: 0(9.75265e-05) 9.2s

2030 |       24669    -1.4625734828e+09 Pr: 6479(1.52645e+07); Du: 0(9.55709e-05) 14.3s

2030 |       30117    -1.3334128788e+09 Pr: 8034(2.21523e+07); Du: 0(9.55612e-05) 19.4s

2030 |       38672    -1.3156202381e+09 Pr: 9011(5.99148e+07); Du: 0(9.35551e-05) 24.4s

2030 |       43681    -1.1157226332e+09 Pr: 9934(4.8452e+07); Du: 0(9.34367e-05) 29.5s

2030 |       47524    -1.0607910965e+09 Pr: 11351(6.94507e+07); Du: 0(9.38381e-05) 34.7s

2030 |       54989    -8.7681682287e+08 Pr: 12319(5.6978e+07); Du: 0(9.35859e-05) 39.9s

2030 |       59528    -7.7537369841e+08 Pr: 13540(4.57177e+07); Du: 0(9.3069e-05) 44.9s

2030 |       62360    -7.7537358038e+08 Pr: 14104(8.89129e+07); Du: 0(9.32726e-05) 50.4s

2030 |       65434    -6.1170585906e+08 Pr: 14967(4.83223e+07); Du: 0(9.30944e-05) 55.6s

2030 |       69642    -6.1170568331e+08 Pr: 15800(7.11208e+07); Du: 0(9.30175e-05) 61.3s

2030 |       71684    -5.8479908502e+08 Pr: 16813(8.10714e+07); Du: 0(9.25795e-05) 68.5s

2030 |       74758    -4.5961866858e+08 Pr: 17139(6.0676e+07); Du: 0(9.24138e-05) 73.5s

2030 |       77782    -4.5961857724e+08 Pr: 17710(7.16616e+07); Du: 0(9.22035e-05) 79.6s

2030 |       83589    -2.7371059528e+08 Pr: 19621(7.22275e+07); Du: 0(9.16828e-05) 84.9s

2030 |       87762    -1.9159757538e+08 Pr: 21055(1.07224e+08); Du: 0(9.1815e-05) 90.1s

2030 |       92211    -6.4286039864e+05 Pr: 22315(9.14957e+07); Du: 0(9.21993e-05) 95.8s

2030 |       94814     1.0897036716e+07 Pr: 23304(1.44756e+08); Du: 0(9.19926e-05) 101.1s

2030 |       95412     1.0900043949e+07 Pr: 22941(8.3607e+07); Du: 0(9.21183e-05) 108.8s

2030 |       96105     1.0902379008e+07 Pr: 22727(6.69566e+07); Du: 0(9.22366e-05) 115.2s

2030 |       96784     1.0903834256e+07 Pr: 22434(2.97136e+08); Du: 0(9.2156e-05) 121.7s

2030 |       98698     3.0530822333e+07 Pr: 21166(4.13086e+07); Du: 0(9.01206e-05) 127.3s

2030 |      102061     8.3157643419e+07 Pr: 20029(3.98246e+07); Du: 0(8.9636e-05) 133.3s

2030 |      103235     8.3157663677e+07 Pr: 20210(4.12015e+07); Du: 0(8.96043e-05) 138.5s

2030 |      104402     8.3157686821e+07 Pr: 20383(4.35015e+07); Du: 0(8.97278e-05) 145.1s

2030 |      105977     9.0296364951e+07 Pr: 20941(4.30712e+07); Du: 0(8.98357e-05) 151.5s

2030 |      107163     1.2480473576e+08 Pr: 20298(3.41832e+07); Du: 0(9.00637e-05) 156.8s

2030 |      110619     2.2209753214e+08 Pr: 21911(1.12932e+09); Du: 0(9.05917e-05) 162.3s

2030 |      114822     2.9707834233e+08 Pr: 16994(8.41495e+07); Du: 0(8.96826e-05) 169.2s

2030 |      115907     2.9894683936e+08 Pr: 17273(3.7509e+08); Du: 0(8.9534e-05) 175.8s

2030 |      118571     3.2664133429e+08 Pr: 16418(2.922e+08); Du: 0(9.02469e-05) 181.5s

2030 |      122537     4.3143522571e+08 Pr: 15300(1.04307e+08); Du: 0(9.08794e-05) 187.3s

2030 |      125323     4.9851549586e+08 Pr: 14359(4.77182e+07); Du: 0(9.17171e-05) 192.8s

2030 |      125988     4.9851594228e+08 Pr: 14274(4.84358e+07); Du: 0(9.17081e-05) 199.5s

2030 |      126672     4.9851621497e+08 Pr: 14158(3.58356e+07); Du: 0(9.11216e-05) 205.3s

2030 |      127534     5.1589109347e+08 Pr: 15849(4.62939e+07); Du: 0(9.07036e-05) 210.6s

2030 |      131239     5.5560233109e+08 Pr: 20911(3.56431e+07); Du: 0(9.18543e-05) 216.5s

2030 |      134960     5.7965362568e+08 Pr: 27609(1.5169e+08); Du: 0(9.26003e-05) 224.0s

2030 |      136979     5.8696820471e+08 Pr: 35586(1.8655e+08); Du: 0(9.22415e-05) 230.2s

2030 |      138291     5.9073331581e+08 Pr: 19043(1.19627e+07); Du: 0(9.23413e-05) 235.3s

2030 |      141178     5.9573255489e+08 Pr: 25397(2.60978e+07); Du: 0(9.27008e-05) 241.7s

2030 |      142734     5.9986197385e+08 Pr: 15490(1.56749e+07); Du: 0(9.28953e-05) 247.5s

2030 |      143658     6.0050138733e+08 Pr: 23202(8.97755e+06); Du: 0(9.30819e-05) 257.7s

2030 |      145468     6.0506808356e+08 Pr: 31479(5.97861e+07); Du: 0(9.3032e-05) 264.0s

2030 |      147915     6.0951500853e+08 Pr: 28498(1.56468e+07); Du: 0(9.35022e-05) 271.5s

2030 |      150462     6.1439190249e+08 Pr: 30800(2.0594e+08); Du: 0(9.40544e-05) 276.7s

2030 |      151478     6.1498947475e+08 Pr: 22851(5.29562e+06); Du: 0(9.43489e-05) 282.0s

2030 |      155131     6.1784684128e+08 Pr: 17693(3.09005e+06); Du: 0(9.48709e-05) 290.2s

2030 |      157494     6.1927642550e+08 Pr: 24539(1.34365e+07); Du: 0(9.41579e-05) 296.3s

2030 |      159811     6.2065832066e+08 Pr: 15572(1.49832e+06); Du: 0(9.40385e-05) 301.4s

2030 |      164275     6.2326577162e+08 Pr: 19777(1.10634e+07); Du: 0(9.33536e-05) 307.6s

2030 |      168029     6.2503050992e+08 Pr: 18965(1.53587e+07); Du: 0(9.36138e-05) 313.8s

2030 |      169772     6.2544713390e+08 Pr: 13619(1.63305e+06); Du: 0(9.3588e-05) 318.9s

2030 |      172360     6.2608939534e+08 Pr: 18037(2.17111e+06); Du: 0(9.34411e-05) 324.3s

2030 |      174329     6.2645204074e+08 Pr: 11574(538569); Du: 0(9.32459e-05) 330.2s

2030 |      176910     6.2666554276e+08 Pr: 23237(864639); Du: 0(9.36313e-05) 338.0s

2030 |      178850     6.2689239342e+08 Pr: 23891(836349); Du: 0(9.30466e-05) 343.6s

2030 |      180795     6.2726767174e+08 Pr: 6210(298392); Du: 0(9.35961e-05) 349.0s

2030 |      183225     6.2746247496e+08 Pr: 10261(154136); Du: 0(9.3843e-05) 355.1s

2030 |      184992     6.2750015481e+08 Pr: 4363(122742); Du: 0(9.33875e-05) 360.4s

2030 |      188082     6.2765888325e+08 Pr: 2501(77125.7); Du: 0(9.32379e-05) 368.8s

2030 |      189207     6.2766140639e+08 Pr: 3238(80477); Du: 0(9.31439e-05) 374.8s

2030 |      190540     6.2801281642e+08 Pr: 2965(38967.7); Du: 0(9.31481e-05) 380.4s

2030 |      194240     6.2920544297e+08 Pr: 0(0); Du: 0(9.31153e-05) 386.5s

2030 |      194240     6.2918650252e+08 Pr: 0(0); Du: 0(8.78225e-09) 386.5s



Performed postsolve

Solving the original LP from the solution after postsolve



Model name          : linopy-problem-9yztcvb_

Model status        : Optimal

Simplex   iterations: 194240

Objective value     :  6.2918650252e+08

P-D objective error :  1.7051917052e-14

HiGHS run time      :        387.51

INFO:linopy.constants: Optimization successful: 

Status: ok

Termination condition: optimal

Solution: 334541 primals, 726534 duals

Objective: 6.29e+08

Solver: highs

Runtime: 387.51s

MIP gap: inf

Dual bound: 0.00e+00

Solver model: available

Solver message: Optimal



INFO:pypsa.optimization.optimize:The variable 'CO2_import_flow' could not be mapped to the network component because it does not include the symbol '-'.

INFO:pypsa.optimization.optimize:The shadow-prices of the constraints Generator-fix-p-lower, Generator-fix-p-upper, Generator-ext-p-lower, Generator-ext-p-upper, Link-fix-p-lower, Link-fix-p-upper, StorageUnit-fix-p_dispatch-lower, StorageUnit-fix-p_dispatch-upper, StorageUnit-ext-p_dispatch-lower, StorageUnit-ext-p_dispatch-upper, StorageUnit-fix-p_store-lower, StorageUnit-fix-p_store-upper, StorageUnit-ext-p_store-lower, StorageUnit-ext-p_store-upper, StorageUnit-fix-state_of_charge-lower, StorageUnit-fix-state_of_charge-upper, StorageUnit-ext-state_of_charge-lower, StorageUnit-ext-state_of_charge-upper, StorageUnit-energy_balance, reserve_margin_CO, CO2_import_ge_p, co2_CO, hybrid_charge_from_solar_Candidate_Solar_plus_Storage_Denver_Battery, hybrid_pair_p_nom_Candidate_Solar_plus_Storage_Denver_Battery, hybrid_charge_from_solar_Candidate_Solar_plus_Storage_East_Battery, hybrid_pair_p_nom_Candidate_Solar_plus_Storage_East_Battery, hybrid_charge_from_solar_Candidate_Solar_plus_Storage_Mountain_Battery, hybrid_pair_p_nom_Candidate_Solar_plus_Storage_Mountain_Battery, hybrid_charge_from_solar_Candidate_Solar_plus_Storage_North_Battery, hybrid_pair_p_nom_Candidate_Solar_plus_Storage_North_Battery, hybrid_charge_from_solar_Candidate_Solar_plus_Storage_South_Battery, hybrid_pair_p_nom_Candidate_Solar_plus_Storage_South_Battery, hybrid_charge_from_solar_Candidate_Solar_plus_Storage_West_Battery, hybrid_pair_p_nom_Candidate_Solar_plus_Storage_West_Battery were not assigned to the network.

=== YEAR 2030 DONE status=ok  wall=414s  objective=$629,186,503  vintages_carried=3 ===

Build-out by carrier (MW):

layer            existing  vintage  new_build    total

carrier                                               

Wind              5,307.0      0.0   11,203.2 16,510.2

Solar:PV          4,659.7      0.0        0.0  4,659.7

Gas:CT            3,191.4      0.0    1,410.4  4,601.8

Gas:CC            2,799.2      0.0        0.0  2,799.2

Storage:Battery   1,202.3      0.0        0.0  1,202.3

Coal                750.0      0.0        0.0    750.0

Hydro               687.6      0.0        0.0    687.6

Gas:ST              602.0      0.0        0.0    602.0

Hydro:Pumped        578.5      0.0        0.0    578.5

Gas:IC              278.6      0.0        0.0    278.6

Zonal shadow prices, mean over snapshots ($/MWh):

name

Denver                 25.242137

North                  25.242137

South                  25.242137

Mountain               25.242137

East                   25.242137

West                   25.242137

Wyoming                32.673570

Utah                   32.673570

FourCorners            32.673570

NewMexico              32.673570

Nebraska               32.673570

EasternInterconnect    32.673570

  large CC merge: cherokee__7_cc  576.0 MW  (CT 336.0 + CA 240.0, scale=1.000)  co2=803.6 lb/MWh  hr=6761 Btu/kWh

  large CC merge: fort_st_vrain__1_cc  499.2 MW  (CT 292.0 + CA 207.2, scale=0.673)  co2=815.3 lb/MWh  hr=6859 Btu/kWh

  large CC merge: rocky_mountain_energy_center__STG1_cc  592.0 MW  (CT 292.0 + CA 300.0, scale=1.000)  co2=806.3 lb/MWh  hr=6784 Btu/kWh

  large CC merge: front_range_power_plant__3_cc  460.0 MW  (CT 270.0 + CA 190.0, scale=1.000)  co2=887.7 lb/MWh  hr=7469 Btu/kWh

Reserve margin (statewide, copper-plate):

  peak 13,187.5 MW at 2018-06-28 13:00:00  PRM 15.7%  requirement 15,258.0 MW

                 accredited_mw    p_nom

carrier                                

Coal                     666.7    750.0

Gas:CC                 2,612.9  2,799.2

Gas:CT                 4,152.6  4,601.8

Gas:IC                   232.5    278.6

Gas:ST                   505.3    602.0

Geothermal                 0.0      0.0

Hydro                    580.8    687.6

Hydro:Pumped             532.0    578.5

Nuclear:SMR                0.0      0.0

Solar+Storage              0.0      0.0

Solar:PV                 626.7  4,659.7

Storage:Battery          950.4  1,202.3

Wind                   4,398.0 16,510.2

  accredited total 15,258.0 MW  slack 0.0 MW

  dual $105,851.75/MW-yr

  large CC merge: cherokee__7_cc  576.0 MW  (CT 336.0 + CA 240.0, scale=1.000)  co2=803.6 lb/MWh  hr=6761 Btu/kWh

  large CC merge: fort_st_vrain__1_cc  499.2 MW  (CT 292.0 + CA 207.2, scale=0.673)  co2=815.3 lb/MWh  hr=6859 Btu/kWh

  large CC merge: rocky_mountain_energy_center__STG1_cc  592.0 MW  (CT 292.0 + CA 300.0, scale=1.000)  co2=806.3 lb/MWh  hr=6784 Btu/kWh

  large CC merge: front_range_power_plant__3_cc  460.0 MW  (CT 270.0 + CA 190.0, scale=1.000)  co2=887.7 lb/MWh  hr=7469 Btu/kWh

CO2 cap (annual, production + attributed imports):

  cap 8.4046 MMT  solved 8.4046 MMT  in-state 4.7015  imports 3.7031  slack 0.0000

  import energy 11,186,438 MWh (positive Market.p only)

  dual $-0.00/metric ton  (native on co2_CO)

Storage cyclic-week energy balance (expect ~0):

  week 0: max |net| = 0.0000 MWh  (South_Storage:Battery_agg)

  week 1: max |net| = 0.0000 MWh  (Mountain_Hydro:Pumped_agg)

  week 2: max |net| = 0.0000 MWh  (Mountain_Hydro:Pumped_agg)

  week 3: max |net| = 0.0000 MWh  (Mountain_Hydro:Pumped_agg)

  week 4: max |net| = 0.0000 MWh  (West_Storage:Battery_agg)

  week 5: max |net| = 0.0000 MWh  (West_Storage:Battery_agg)

  week 6: max |net| = 0.0000 MWh  (West_Storage:Battery_agg)

  week 7: max |net| = 0.0000 MWh  (Denver_Hydro:Pumped_agg)

  week 8: max |net| = 0.0000 MWh  (West_Storage:Battery_agg)

  week 9: max |net| = 0.0000 MWh  (Mountain_Hydro:Pumped_agg)

  week 10: max |net| = 0.0000 MWh  (Denver_Hydro:Pumped_agg)

Net interchange by interface (TWh, + = CO export):

  Link_West_FourCorners: West <-> FourCorners  +6.101 TWh

  Link_West_Utah: West <-> Utah  +4.270 TWh

  Link_East_Nebraska: East <-> Nebraska  +4.232 TWh

  Link_South_NewMexico: South <-> NewMexico  +1.348 TWh

  Link_Mountain_Wyoming: Mountain <-> Wyoming  +1.780 TWh

  Link_North_Wyoming: North <-> Wyoming  +8.555 TWh

  Link_East_EasternInterconnect: East <-> EasternInterconnect  +0.790 TWh

  total  +27.077 TWh

Annual cash-flow cost ($):

  capex_overnight  $15,227,861,223

  fom_existing  $459,797,072

  fom_vintage  $0

  fom_new  $363,063,279

  opex_instate  $136,411,211

  import_cost  $365,500,863

  export_revenue  $1,250,201,924

  annual_system_cost  $15,302,431,725

  annual_system_cost_ex_trade  $16,187,132,786

  lp_objective  $629,186,503

  identity_gap  $-0.00

  wrote pypsa\scenarios\unconstrained_internal\dispatch_2030.csv (286,440 rows)

INFO:pypsa.network.io:Exported network 'Unnamed Network' saved to '.\pypsa\scenarios\unconstrained_internal\2030.nc contains: loads, storage_units, carriers, buses, generators, links, sub_networks

  wrote pypsa\scenarios\unconstrained_internal\2030.nc



=== YEAR 2035/2050 START (step 2/5) ===

  surviving vintages: 3 generators, 0 storage



[1/6] Buses...

  6 CO buses: ['Denver', 'North', 'South', 'Mountain', 'East', 'West']

  6 external buses: ['Wyoming', 'Utah', 'FourCorners', 'NewMexico', 'Nebraska', 'EasternInterconnect']



[2/6] Links...

  11 links, unconstrained (20,000 MW stand-in), bidirectional

    Link_South_West: South <-> West  p_nom=20,000.0 MW

    Link_East_South: East <-> South  p_nom=20,000.0 MW

    Link_East_North: East <-> North  p_nom=20,000.0 MW

    Link_Denver_South: Denver <-> South  p_nom=20,000.0 MW

    Link_Mountain_South: Mountain <-> South  p_nom=20,000.0 MW

    Link_Denver_East: Denver <-> East  p_nom=20,000.0 MW

    Link_Mountain_West: Mountain <-> West  p_nom=20,000.0 MW

    Link_Denver_Mountain: Denver <-> Mountain  p_nom=20,000.0 MW

    Link_Denver_North: Denver <-> North  p_nom=20,000.0 MW

    Link_Mountain_North: Mountain <-> North  p_nom=20,000.0 MW

    Link_North_West: North <-> West  p_nom=20,000.0 MW

  7 links, external (raw_sum_mw), bidirectional

    Link_West_FourCorners: West <-> FourCorners  p_nom=1,555.6 MW

    Link_West_Utah: West <-> Utah  p_nom=1,118.8 MW

    Link_East_Nebraska: East <-> Nebraska  p_nom=1,044.0 MW

    Link_South_NewMexico: South <-> NewMexico  p_nom=324.9 MW

    Link_Mountain_Wyoming: Mountain <-> Wyoming  p_nom=504.8 MW

    Link_North_Wyoming: North <-> Wyoming  p_nom=2,031.5 MW

    Link_East_EasternInterconnect: East <-> EasternInterconnect  p_nom=210.0 MW



[3/6] Representative weeks (Milestone 2 load + Milestone 3 clustering)...

.\.venv\Lib\site-packages\tsam\pipeline\orchestrator.py:296: UserWarning: The time series covers 8760 time steps, which is not a whole number of 168-step periods. The last period is filled up with the first 144 time steps of the series so it can be clustered; its occurrence count is reduced accordingly and the padding is dropped again on reconstruction.

  period_profiles = unstack_to_periods(norm_data.values, cfg.n_timesteps_per_period)

INFO:pyomo.contrib.appsi.solvers.highs:Running HiGHS 1.15.1 (git hash: 04024d7): Copyright (c) 2026 under MIT licence terms

INFO:pyomo.contrib.appsi.solvers.highs:Includes third-party software components, see THIRD_PARTY_NOTICES.md for full details

INFO:pyomo.contrib.appsi.solvers.highs:MIP has 2863 rows; 2809 cols; 8374 nonzeros; 2809 integer variables (2809 binary)

INFO:pyomo.contrib.appsi.solvers.highs:Coefficient ranges:

INFO:pyomo.contrib.appsi.solvers.highs:  Matrix  [1e+00, 1e+00]

INFO:pyomo.contrib.appsi.solvers.highs:  Cost    [7e+01, 6e+02]

INFO:pyomo.contrib.appsi.solvers.highs:  Bound   [1e+00, 1e+00]

INFO:pyomo.contrib.appsi.solvers.highs:  RHS     [1e+00, 1e+01]

INFO:pyomo.contrib.appsi.solvers.highs:Presolving model

INFO:pyomo.contrib.appsi.solvers.highs:2810 rows, 2809 cols, 8374 nonzeros 0s

INFO:pyomo.contrib.appsi.solvers.highs:2810 rows, 2809 cols, 8374 nonzeros 0s

INFO:pyomo.contrib.appsi.solvers.highs:Presolve reductions: rows 2810(-53); columns 2809(-0); nonzeros 8374(-0) 

INFO:pyomo.contrib.appsi.solvers.highs:

INFO:pyomo.contrib.appsi.solvers.highs:Solving MIP model with:

INFO:pyomo.contrib.appsi.solvers.highs:   2810 rows

INFO:pyomo.contrib.appsi.solvers.highs:   2809 cols (2809 binary, 0 integer, 0 implied int., 0 continuous, 0 domain fixed)

INFO:pyomo.contrib.appsi.solvers.highs:   8374 nonzeros

INFO:pyomo.contrib.appsi.solvers.highs:   Thread count 2 (of 4 threads). Using 1 max workers. Parallel search off

INFO:pyomo.contrib.appsi.solvers.highs:

INFO:pyomo.contrib.appsi.solvers.highs:Src: B => Branching; C => Central rounding; F => Feasibility pump; H => Heuristic;

INFO:pyomo.contrib.appsi.solvers.highs:     I => Shifting; J => Feasibility jump; L => Sub-MIP; P => Empty MIP; R => Randomized rounding;

INFO:pyomo.contrib.appsi.solvers.highs:     S => Solve LP; T => Evaluate node; U => Unbounded; X => User solution; Y => HiGHS solution;

INFO:pyomo.contrib.appsi.solvers.highs:     Z => ZI Round; l => Trivial lower; p => Trivial point; u => Trivial upper; z => Trivial zero

INFO:pyomo.contrib.appsi.solvers.highs:

INFO:pyomo.contrib.appsi.solvers.highs:        Nodes      |    B&B Tree     |            Objective Bounds              |  Dynamic Constraints |       Work      

INFO:pyomo.contrib.appsi.solvers.highs:Src  Proc. InQueue |  Leaves   Expl. | BestBound       BestSol              Gap |   Cuts   InLp Confl. | LpIters     Time

INFO:pyomo.contrib.appsi.solvers.highs:

INFO:pyomo.contrib.appsi.solvers.highs: J       0       0         0   0.00%   -inf            12823.005754       Large        0      0      0         0     0.2s

INFO:pyomo.contrib.appsi.solvers.highs: R       0       0         0   0.00%   5987.417213     7358.079589       18.63%        0      0      0       259     0.3s

INFO:pyomo.contrib.appsi.solvers.highs: L       0       0         0 100.00%   5988.070925     5988.070925        0.00%       40      1     25       260     0.6s

INFO:pyomo.contrib.appsi.solvers.highs:         1       0         1 100.00%   5988.070925     5988.070925        0.00%       40      1     25       260     0.6s

INFO:pyomo.contrib.appsi.solvers.highs:

INFO:pyomo.contrib.appsi.solvers.highs:Solving report

INFO:pyomo.contrib.appsi.solvers.highs:  Status            Optimal

INFO:pyomo.contrib.appsi.solvers.highs:  Primal bound      5988.07092499

INFO:pyomo.contrib.appsi.solvers.highs:  Dual bound        5988.07092499

INFO:pyomo.contrib.appsi.solvers.highs:  Gap               0% (tolerance: 0.01%)

INFO:pyomo.contrib.appsi.solvers.highs:  P-D integral      0.111801704912

INFO:pyomo.contrib.appsi.solvers.highs:  Solution status   feasible

INFO:pyomo.contrib.appsi.solvers.highs:                    5988.07092499 (objective)

INFO:pyomo.contrib.appsi.solvers.highs:                    0 (bound viol.)

INFO:pyomo.contrib.appsi.solvers.highs:                    0 (int. viol.)

INFO:pyomo.contrib.appsi.solvers.highs:                    0 (row viol.)

INFO:pyomo.contrib.appsi.solvers.highs:  Timing            0.63

INFO:pyomo.contrib.appsi.solvers.highs:                    0.22 (Presolve)

INFO:pyomo.contrib.appsi.solvers.highs:                        MIP    time [calls] = 0.11 [1]

INFO:pyomo.contrib.appsi.solvers.highs:                        subMIP time [calls] = 0.12 [1]

INFO:pyomo.contrib.appsi.solvers.highs:                    0.41 (Solve)

INFO:pyomo.contrib.appsi.solvers.highs:                        MIP    time [calls] = 0.27 [1]

INFO:pyomo.contrib.appsi.solvers.highs:                        subMIP time [calls] = 0.14 [1]

INFO:pyomo.contrib.appsi.solvers.highs:                    0.00 (Postsolve)

INFO:pyomo.contrib.appsi.solvers.highs:                        MIP    time [calls] = 0.00 [1]

INFO:pyomo.contrib.appsi.solvers.highs:                        subMIP time [calls] = 0.00 [1]

INFO:pyomo.contrib.appsi.solvers.highs:  Max sub-MIP depth 2

INFO:pyomo.contrib.appsi.solvers.highs:  Nodes             1

INFO:pyomo.contrib.appsi.solvers.highs:  Repair LPs        0

INFO:pyomo.contrib.appsi.solvers.highs:  LP iterations     260

INFO:pyomo.contrib.appsi.solvers.highs:                    0 (strong br.)

INFO:pyomo.contrib.appsi.solvers.highs:                    1 (separation)

INFO:pyomo.contrib.appsi.solvers.highs:                    0 (heuristics)

.\.venv\Lib\site-packages\tsam\pipeline\orchestrator.py:100: UserWarning: At least one maximal value of the aggregated time series exceeds the maximal value the input time series for: {'South': 4.547473508864641e-13, 'East_wind_pt3_cf': 1.1102230246251565e-16, 'South_wind_pt1_cf': 2.220446049250313e-16}. To silence the warning set the 'numerical_tolerance' to a higher value.

  warnings.warn(

  1704 snapshots in 11 periods (weighted hours=8451.4)

    2018-01-08 00:00 to 2018-01-14 23:00  (168h)  weight=5.00

    2018-09-17 00:00 to 2018-09-23 23:00  (168h)  weight=9.00

    2018-03-12 00:00 to 2018-03-18 23:00  (168h)  weight=8.00

    2018-09-10 00:00 to 2018-09-16 23:00  (168h)  weight=4.00

    2018-06-04 00:00 to 2018-06-10 23:00  (168h)  weight=2.00

    2018-07-09 00:00 to 2018-07-15 23:00  (168h)  weight=2.00

    2018-07-30 00:00 to 2018-08-05 23:00  (168h)  weight=3.00

    2018-10-22 00:00 to 2018-10-28 23:00  (168h)  weight=8.00

    2018-12-03 00:00 to 2018-12-09 23:00  (168h)  weight=6.00

    2018-12-31 00:00 to 2018-12-31 23:00  (24h)  weight=2.14

    2018-06-25 00:00 to 2018-07-01 23:00  (168h)  weight=3.00



[4/6] Existing fleet + candidates...

  large CC merge: cherokee__7_cc  576.0 MW  (CT 336.0 + CA 240.0, scale=1.000)  co2=803.6 lb/MWh  hr=6761 Btu/kWh

  30 existing + 3 vintage + 41 candidate generators

  7 existing + 0 vintage + 12 candidate storage

  hybrid_candidates: 6 Solar+Storage generators, 6 storage

  6 market generators at Candidate_Gas:CC MC = $37.21/MWh

    Market_Wyoming: bus=Wyoming  p_nom=2,536.3 MW

    Market_Utah: bus=Utah  p_nom=1,118.8 MW

    Market_FourCorners: bus=FourCorners  p_nom=1,555.6 MW

    Market_NewMexico: bus=NewMexico  p_nom=324.9 MW

    Market_Nebraska: bus=Nebraska  p_nom=1,044.0 MW

    Market_EasternInterconnect: bus=EasternInterconnect  p_nom=210.0 MW

  relax_pmin: p_min_pu=0 on 74 in-state generators (6 Market_* kept at p_min_pu=-1)



[5/6] Capacity factors (aligned to representative snapshots)...

INFO:pypsa.consistency:Sanitizing network...

  p_max_pu assigned to 30 of 74 generators (solar/wind only)

INFO:pypsa.components._types.carriers:Adding 13 missing carriers: ['AC', 'Gas:CC', 'Gas:CT', 'Gas:IC', 'Geothermal', 'Hydro', 'Hydro:Pumped', 'Nuclear:SMR', 'Solar+Storage', 'Solar:PV', 'Storage:Battery', 'Wind', 'import']

INFO:pypsa.components._types.carriers:Assigned colors to 13 carriers using 'tab10' palette.

INFO:pypsa.consistency:Network sanitization complete.



[6/6] Network assembled.

Solving 2035 (1704 snapshots, week-cyclic SOC, statewide PRM, CO2 cap, relax_pmin, aggregate_large_cc, hybrid_candidates)...

  RA: peak=14,710.5 MW at 2018-06-28 13:00:00  PRM=13.9%  requirement=16,755.3 MW

  CO2: cap=6.3035 MMT (6,303,450 t)  path=statutory  import intensity=729.8 lb/MWh (Candidate_Gas:CC)

  large CC merge: cherokee__7_cc  576.0 MW  (CT 336.0 + CA 240.0, scale=1.000)  co2=803.6 lb/MWh  hr=6761 Btu/kWh


  large CC merge: cherokee__7_cc  576.0 MW  (CT 336.0 + CA 240.0, scale=1.000)  co2=803.6 lb/MWh  hr=6761 Btu/kWh


INFO:linopy.model: Solve problem using Highs solver

  hybrid: 6 pairs  p_nom equality on 6 extendable  charge-from-solar on 6


INFO:linopy.model:Solver options:

 - solver: simplex

 - threads: 2

INFO:linopy.io:Writing objective.


Writing constraints.:   0%|[38;2;128;191;255m          [0m| 0/48 [00:00<?, ?it/s]
Writing constraints.:  10%|[38;2;128;191;255m#         [0m| 5/48 [00:00<00:00, 47.91it/s]
Writing constraints.:  21%|[38;2;128;191;255m##        [0m| 10/48 [00:00<00:00, 45.62it/s]
Writing constraints.:  38%|[38;2;128;191;255m###7      [0m| 18/48 [00:00<00:00, 60.20it/s]
Writing constraints.:  52%|[38;2;128;191;255m#####2    [0m| 25/48 [00:00<00:00, 47.06it/s]
Writing constraints.:  77%|[38;2;128;191;255m#######7  [0m| 37/48 [00:00<00:00, 67.80it/s]
Writing constraints.: 100%|[38;2;128;191;255m##########[0m| 48/48 [00:00<00:00, 70.02it/s]


Writing continuous variables.:   0%|[38;2;128;191;255m          [0m| 0/8 [00:00<?, ?it/s]
Writing continuous variables.: 100%|[38;2;128;191;255m##########[0m| 8/8 [00:00<00:00, 116.30it/s]

INFO:linopy.io: Writing time: 0.78s

Running HiGHS 1.15.1 (git hash: 04024d7): Copyright (c) 2026 under MIT licence terms

Includes third-party software components, see THIRD_PARTY_NOTICES.md for full details

LP linopy-problem-mpj54rf4 has 601573 rows; 274397 cols; 1137217 nonzeros

Coefficient ranges:

  Matrix  [1e-05, 5e+00]

  Cost    [8e-01, 6e+05]

  Bound   [0e+00, 0e+00]

  RHS     [9e-04, 6e+06]

WARNING: Problem has some excessively large row bounds

WARNING:    Consider scaling the    bounds by 1e-1, or setting the user_bound_scale option to -3

Presolving model

174417 rows, 242806 cols, 663230 nonzeros 2s

Dependent equations search running on 38042 equations with time limit of 1000.00s

Dependent equations search removed 0 rows and 0 nonzeros in 0.01s (limit = 1000.00s)

168155 rows, 214176 cols, 630289 nonzeros 4s

Presolve reductions: rows 168155(-433418); columns 214176(-60221); nonzeros 630289(-506928) 

Solving the presolved LP

Using dual simplex solver



========== HiGHS simplex: YEAR 2035 (step 2/5) ==========

2035 |   Iteration        Objective     Infeasibilities num(sum)

2035 |           0    -2.1354234743e+09 Pr: 10225(1.64232e+08) 4.4s

2035 |       21021    -1.9632793133e+09 Pr: 5861(2.17117e+07); Du: 0(9.08862e-05) 9.6s

2035 |       29010    -1.8220064684e+09 Pr: 7123(2.46863e+07); Du: 0(8.98893e-05) 14.8s

2035 |       36937    -1.7921392705e+09 Pr: 7900(2.57285e+07); Du: 0(8.68666e-05) 20.4s

2035 |       41823    -1.7087441130e+09 Pr: 9134(2.87879e+07); Du: 0(8.66379e-05) 25.6s

2035 |       43296    -1.7087440393e+09 Pr: 9332(3.37691e+07); Du: 0(8.61305e-05) 31.8s

2035 |       44840    -1.6925718361e+09 Pr: 9994(3.17896e+07); Du: 0(8.59884e-05) 37.2s

2035 |       53610    -1.5852371634e+09 Pr: 10724(2.57227e+07); Du: 0(8.81803e-05) 42.4s

2035 |       62291    -1.4169639840e+09 Pr: 11545(2.09697e+07); Du: 0(8.81633e-05) 47.6s

2035 |       66836    -1.3339939895e+09 Pr: 12236(2.03159e+07); Du: 0(8.83927e-05) 52.8s

2035 |       75352    -1.2748307516e+09 Pr: 13089(3.6947e+07); Du: 0(8.80667e-05) 57.9s

2035 |       79618    -8.6684969103e+08 Pr: 14121(3.63273e+07); Du: 0(8.81429e-05) 65.7s

2035 |       80600    -8.6684967239e+08 Pr: 14366(4.03483e+07); Du: 0(8.81393e-05) 71.8s

2035 |       82145    -8.5903317258e+08 Pr: 14874(4.37633e+07); Du: 0(8.80006e-05) 78.4s

2035 |       84156    -8.1210747882e+08 Pr: 19684(4.0373e+07); Du: 0(8.7441e-05) 84.5s

2035 |       85766    -7.7834445656e+08 Pr: 21059(3.00113e+07); Du: 0(8.72711e-05) 89.8s

2035 |       87658    -7.2756924726e+08 Pr: 29965(9.95486e+08); Du: 0(8.75709e-05) 95.8s

2035 |       89601    -6.9709430349e+08 Pr: 26614(6.9785e+07); Du: 0(8.80388e-05) 102.2s

2035 |       91956    -6.4451321926e+08 Pr: 31607(6.82737e+07); Du: 0(8.81352e-05) 107.5s

2035 |       94004    -6.3792746714e+08 Pr: 29683(2.58674e+08); Du: 0(8.78994e-05) 113.0s

2035 |       96098    -5.9884145095e+08 Pr: 39830(4.4341e+08); Du: 0(8.85917e-05) 118.3s

2035 |       99463    -5.3688717680e+08 Pr: 29188(1.15821e+09); Du: 0(8.8593e-05) 124.1s

2035 |      101939    -4.8423475929e+08 Pr: 28109(7.99403e+07); Du: 0(8.74595e-05) 129.4s

2035 |      108836    -3.9912881076e+08 Pr: 24216(4.78607e+07); Du: 0(8.9016e-05) 134.8s

2035 |      113176    -3.7171441438e+08 Pr: 26748(2.03903e+07); Du: 0(9.18073e-05) 141.3s

2035 |      119671    -3.4619749768e+08 Pr: 28098(3.07128e+07); Du: 0(9.23596e-05) 146.6s

2035 |      125908    -3.2333203476e+08 Pr: 19559(5.62367e+06); Du: 0(9.16831e-05) 152.9s

2035 |      134208    -3.0365665036e+08 Pr: 14599(1.61033e+06); Du: 0(9.21797e-05) 158.0s

2035 |      144431    -2.6341719837e+08 Pr: 15563(1.66952e+06); Du: 0(9.14874e-05) 163.1s

2035 |      151077    -2.4878108157e+08 Pr: 13728(1.99352e+06); Du: 0(9.16147e-05) 169.8s

2035 |      160965    -2.3473501641e+08 Pr: 5276(233925); Du: 0(9.07913e-05) 175.4s

2035 |      168370    -2.3025410355e+08 Pr: 0(0); Du: 0(3.37549e-10) 177.7s

2035 |      168370    -2.3025410355e+08 Pr: 0(0); Du: 0(3.37549e-10) 177.7s



Performed postsolve

Solving the original LP from the solution after postsolve



Model name          : linopy-problem-mpj54rf4

Model status        : Optimal

Simplex   iterations: 168370

Objective value     : -2.3025410355e+08

P-D objective error :  6.7757818407e-14

HiGHS run time      :        178.47

INFO:linopy.constants: Optimization successful: 

Status: ok

Termination condition: optimal

Solution: 274397 primals, 601782 duals

Objective: -2.30e+08

Solver: highs

Runtime: 178.47s

MIP gap: inf

Dual bound: 0.00e+00

Solver model: available

Solver message: Optimal



INFO:pypsa.optimization.optimize:The variable 'CO2_import_flow' could not be mapped to the network component because it does not include the symbol '-'.

INFO:pypsa.optimization.optimize:The shadow-prices of the constraints Generator-fix-p-lower, Generator-fix-p-upper, Generator-ext-p-lower, Generator-ext-p-upper, Link-fix-p-lower, Link-fix-p-upper, StorageUnit-fix-p_dispatch-lower, StorageUnit-fix-p_dispatch-upper, StorageUnit-ext-p_dispatch-lower, StorageUnit-ext-p_dispatch-upper, StorageUnit-fix-p_store-lower, StorageUnit-fix-p_store-upper, StorageUnit-ext-p_store-lower, StorageUnit-ext-p_store-upper, StorageUnit-fix-state_of_charge-lower, StorageUnit-fix-state_of_charge-upper, StorageUnit-ext-state_of_charge-lower, StorageUnit-ext-state_of_charge-upper, StorageUnit-energy_balance, reserve_margin_CO, CO2_import_ge_p, co2_CO, hybrid_charge_from_solar_Candidate_Solar_plus_Storage_Denver_Battery, hybrid_pair_p_nom_Candidate_Solar_plus_Storage_Denver_Battery, hybrid_charge_from_solar_Candidate_Solar_plus_Storage_East_Battery, hybrid_pair_p_nom_Candidate_Solar_plus_Storage_East_Battery, hybrid_charge_from_solar_Candidate_Solar_plus_Storage_Mountain_Battery, hybrid_pair_p_nom_Candidate_Solar_plus_Storage_Mountain_Battery, hybrid_charge_from_solar_Candidate_Solar_plus_Storage_North_Battery, hybrid_pair_p_nom_Candidate_Solar_plus_Storage_North_Battery, hybrid_charge_from_solar_Candidate_Solar_plus_Storage_South_Battery, hybrid_pair_p_nom_Candidate_Solar_plus_Storage_South_Battery, hybrid_charge_from_solar_Candidate_Solar_plus_Storage_West_Battery, hybrid_pair_p_nom_Candidate_Solar_plus_Storage_West_Battery were not assigned to the network.

=== YEAR 2035 DONE status=ok  wall=198s  objective=$-230,254,104  vintages_carried=5 ===

Build-out by carrier (MW):

layer            existing  vintage  new_build    total

carrier                                               

Wind              5,307.0 11,203.2    1,387.2 17,897.3

Gas:CT            1,794.2  1,410.4    6,029.5  9,234.0

Solar:PV          4,659.7      0.0        0.0  4,659.7

Storage:Battery   1,198.1      0.0        0.0  1,198.1

Gas:CC              764.0      0.0        0.0    764.0

Hydro               687.6      0.0        0.0    687.6

Hydro:Pumped        578.5      0.0        0.0    578.5

Gas:IC              226.3      0.0        0.0    226.3

Zonal shadow prices, mean over snapshots ($/MWh):

name

Denver                 26.526984

North                  26.526984

South                  26.526984

Mountain               26.526984

East                   26.526984

West                   26.526984

Wyoming                37.212268

Utah                   37.212268

FourCorners            37.212268

NewMexico              37.212268

Nebraska               37.212268

EasternInterconnect    37.212268

  large CC merge: cherokee__7_cc  576.0 MW  (CT 336.0 + CA 240.0, scale=1.000)  co2=803.6 lb/MWh  hr=6761 Btu/kWh

Reserve margin (statewide, copper-plate):

  peak 14,710.5 MW at 2018-06-28 13:00:00  PRM 13.9%  requirement 16,755.3 MW

                 accredited_mw    p_nom

carrier                                

Gas:CC                   712.7    764.0

Gas:CT                 8,321.7  9,234.0

Gas:IC                   188.0    226.3

Geothermal                 0.0      0.0

Hydro                    580.8    687.6

Hydro:Pumped             532.0    578.5

Nuclear:SMR                0.0      0.0

Solar+Storage              0.0      0.0

Solar:PV                 281.7  4,659.7

Storage:Battery          947.1  1,198.1

Wind                   5,191.2 17,897.3

  accredited total 16,755.3 MW  slack 0.0 MW

  dual $101,659.61/MW-yr

  large CC merge: cherokee__7_cc  576.0 MW  (CT 336.0 + CA 240.0, scale=1.000)  co2=803.6 lb/MWh  hr=6761 Btu/kWh

CO2 cap (annual, production + attributed imports):

  cap 6.3035 MMT  solved 4.3713 MMT  in-state 0.0121  imports 4.3592  slack 1.9322

  import energy 13,168,623 MWh (positive Market.p only)

  dual $-0.00/metric ton  (native on co2_CO)

Storage cyclic-week energy balance (expect ~0):

  week 0: max |net| = 0.0000 MWh  (Mountain_Hydro:Pumped_agg)

  week 1: max |net| = 0.0000 MWh  (Mountain_Hydro:Pumped_agg)

  week 2: max |net| = 0.0000 MWh  (Mountain_Hydro:Pumped_agg)

  week 3: max |net| = 0.0000 MWh  (Mountain_Hydro:Pumped_agg)

  week 4: max |net| = 0.0000 MWh  (West_Storage:Battery_agg)

  week 5: max |net| = 0.0000 MWh  (North_Storage:Battery_agg)

  week 6: max |net| = 0.0000 MWh  (West_Storage:Battery_agg)

  week 7: max |net| = 0.0000 MWh  (West_Storage:Battery_agg)

  week 8: max |net| = 0.0000 MWh  (Denver_Hydro:Pumped_agg)

  week 9: max |net| = 0.0000 MWh  (Mountain_Hydro:Pumped_agg)

  week 10: max |net| = 0.0000 MWh  (West_Storage:Battery_agg)

Net interchange by interface (TWh, + = CO export):

  Link_West_FourCorners: West <-> FourCorners  +5.928 TWh

  Link_West_Utah: West <-> Utah  +3.948 TWh

  Link_East_Nebraska: East <-> Nebraska  +3.994 TWh

  Link_South_NewMexico: South <-> NewMexico  +1.296 TWh

  Link_Mountain_Wyoming: Mountain <-> Wyoming  +1.910 TWh

  Link_North_Wyoming: North <-> Wyoming  +7.159 TWh

  Link_East_EasternInterconnect: East <-> EasternInterconnect  +0.798 TWh

  total  +25.033 TWh

Annual cash-flow cost ($):

  capex_overnight  $7,613,910,270

  fom_existing  $354,515,896

  fom_vintage  $363,063,279

  fom_new  $185,113,664

  opex_instate  $1,654,713

  import_cost  $490,034,321

  export_revenue  $1,421,553,742

  annual_system_cost  $7,586,738,401

  annual_system_cost_ex_trade  $8,518,257,823

  lp_objective  $-230,254,104

  identity_gap  $-0.00

  wrote pypsa\scenarios\unconstrained_internal\dispatch_2035.csv (230,040 rows)

INFO:pypsa.network.io:Exported network 'Unnamed Network' saved to '.\pypsa\scenarios\unconstrained_internal\2035.nc contains: loads, storage_units, carriers, buses, generators, links, sub_networks

  wrote pypsa\scenarios\unconstrained_internal\2035.nc



=== YEAR 2040/2050 START (step 3/5) ===

  surviving vintages: 5 generators, 0 storage



[1/6] Buses...

  6 CO buses: ['Denver', 'North', 'South', 'Mountain', 'East', 'West']

  6 external buses: ['Wyoming', 'Utah', 'FourCorners', 'NewMexico', 'Nebraska', 'EasternInterconnect']



[2/6] Links...

  11 links, unconstrained (20,000 MW stand-in), bidirectional

    Link_South_West: South <-> West  p_nom=20,000.0 MW

    Link_East_South: East <-> South  p_nom=20,000.0 MW

    Link_East_North: East <-> North  p_nom=20,000.0 MW

    Link_Denver_South: Denver <-> South  p_nom=20,000.0 MW

    Link_Mountain_South: Mountain <-> South  p_nom=20,000.0 MW

    Link_Denver_East: Denver <-> East  p_nom=20,000.0 MW

    Link_Mountain_West: Mountain <-> West  p_nom=20,000.0 MW

    Link_Denver_Mountain: Denver <-> Mountain  p_nom=20,000.0 MW

    Link_Denver_North: Denver <-> North  p_nom=20,000.0 MW

    Link_Mountain_North: Mountain <-> North  p_nom=20,000.0 MW

    Link_North_West: North <-> West  p_nom=20,000.0 MW

  7 links, external (raw_sum_mw), bidirectional

    Link_West_FourCorners: West <-> FourCorners  p_nom=1,555.6 MW

    Link_West_Utah: West <-> Utah  p_nom=1,118.8 MW

    Link_East_Nebraska: East <-> Nebraska  p_nom=1,044.0 MW

    Link_South_NewMexico: South <-> NewMexico  p_nom=324.9 MW

    Link_Mountain_Wyoming: Mountain <-> Wyoming  p_nom=504.8 MW

    Link_North_Wyoming: North <-> Wyoming  p_nom=2,031.5 MW

    Link_East_EasternInterconnect: East <-> EasternInterconnect  p_nom=210.0 MW



[3/6] Representative weeks (Milestone 2 load + Milestone 3 clustering)...

.\.venv\Lib\site-packages\tsam\pipeline\orchestrator.py:296: UserWarning: The time series covers 8760 time steps, which is not a whole number of 168-step periods. The last period is filled up with the first 144 time steps of the series so it can be clustered; its occurrence count is reduced accordingly and the padding is dropped again on reconstruction.

  period_profiles = unstack_to_periods(norm_data.values, cfg.n_timesteps_per_period)

INFO:pyomo.contrib.appsi.solvers.highs:Running HiGHS 1.15.1 (git hash: 04024d7): Copyright (c) 2026 under MIT licence terms

INFO:pyomo.contrib.appsi.solvers.highs:Includes third-party software components, see THIRD_PARTY_NOTICES.md for full details

INFO:pyomo.contrib.appsi.solvers.highs:MIP has 2863 rows; 2809 cols; 8374 nonzeros; 2809 integer variables (2809 binary)

INFO:pyomo.contrib.appsi.solvers.highs:Coefficient ranges:

INFO:pyomo.contrib.appsi.solvers.highs:  Matrix  [1e+00, 1e+00]

INFO:pyomo.contrib.appsi.solvers.highs:  Cost    [7e+01, 7e+02]

INFO:pyomo.contrib.appsi.solvers.highs:  Bound   [1e+00, 1e+00]

INFO:pyomo.contrib.appsi.solvers.highs:  RHS     [1e+00, 1e+01]

INFO:pyomo.contrib.appsi.solvers.highs:Presolving model

INFO:pyomo.contrib.appsi.solvers.highs:2810 rows, 2809 cols, 8374 nonzeros 0s

INFO:pyomo.contrib.appsi.solvers.highs:2810 rows, 2809 cols, 8374 nonzeros 0s

INFO:pyomo.contrib.appsi.solvers.highs:Presolve reductions: rows 2810(-53); columns 2809(-0); nonzeros 8374(-0) 

INFO:pyomo.contrib.appsi.solvers.highs:

INFO:pyomo.contrib.appsi.solvers.highs:Solving MIP model with:

INFO:pyomo.contrib.appsi.solvers.highs:   2810 rows

INFO:pyomo.contrib.appsi.solvers.highs:   2809 cols (2809 binary, 0 integer, 0 implied int., 0 continuous, 0 domain fixed)

INFO:pyomo.contrib.appsi.solvers.highs:   8374 nonzeros

INFO:pyomo.contrib.appsi.solvers.highs:   Thread count 2 (of 4 threads). Using 1 max workers. Parallel search off

INFO:pyomo.contrib.appsi.solvers.highs:

INFO:pyomo.contrib.appsi.solvers.highs:Src: B => Branching; C => Central rounding; F => Feasibility pump; H => Heuristic;

INFO:pyomo.contrib.appsi.solvers.highs:     I => Shifting; J => Feasibility jump; L => Sub-MIP; P => Empty MIP; R => Randomized rounding;

INFO:pyomo.contrib.appsi.solvers.highs:     S => Solve LP; T => Evaluate node; U => Unbounded; X => User solution; Y => HiGHS solution;

INFO:pyomo.contrib.appsi.solvers.highs:     Z => ZI Round; l => Trivial lower; p => Trivial point; u => Trivial upper; z => Trivial zero

INFO:pyomo.contrib.appsi.solvers.highs:

INFO:pyomo.contrib.appsi.solvers.highs:        Nodes      |    B&B Tree     |            Objective Bounds              |  Dynamic Constraints |       Work      

INFO:pyomo.contrib.appsi.solvers.highs:Src  Proc. InQueue |  Leaves   Expl. | BestBound       BestSol              Gap |   Cuts   InLp Confl. | LpIters     Time

INFO:pyomo.contrib.appsi.solvers.highs:

INFO:pyomo.contrib.appsi.solvers.highs: J       0       0         0   0.00%   -inf            13900.454985       Large        0      0      0         0     0.2s

INFO:pyomo.contrib.appsi.solvers.highs: R       0       0         0   0.00%   6560.324477     9865.539879       33.50%        0      0      0       331     0.3s

INFO:pyomo.contrib.appsi.solvers.highs: C       0       0         0   0.00%   6573.377287     7878.738169       16.57%      616     11      0       380     2.9s

INFO:pyomo.contrib.appsi.solvers.highs: L       0       0         0   0.00%   6573.377287     6573.377287        0.00%      616     11      0       380     4.5s

INFO:pyomo.contrib.appsi.solvers.highs:         1       0         1 100.00%   6573.377287     6573.377287        0.00%      616     11      0       414     4.5s

INFO:pyomo.contrib.appsi.solvers.highs:

INFO:pyomo.contrib.appsi.solvers.highs:Solving report

INFO:pyomo.contrib.appsi.solvers.highs:  Status            Optimal

INFO:pyomo.contrib.appsi.solvers.highs:  Primal bound      6573.37728658

INFO:pyomo.contrib.appsi.solvers.highs:  Dual bound        6573.37728658

INFO:pyomo.contrib.appsi.solvers.highs:  Gap               0% (tolerance: 0.01%)

INFO:pyomo.contrib.appsi.solvers.highs:  P-D integral      1.20830016952

INFO:pyomo.contrib.appsi.solvers.highs:  Solution status   feasible

INFO:pyomo.contrib.appsi.solvers.highs:                    6573.37728658 (objective)

INFO:pyomo.contrib.appsi.solvers.highs:                    0 (bound viol.)

INFO:pyomo.contrib.appsi.solvers.highs:                    3.77475828373e-15 (int. viol.)

INFO:pyomo.contrib.appsi.solvers.highs:                    0 (row viol.)

INFO:pyomo.contrib.appsi.solvers.highs:  Timing            4.51

INFO:pyomo.contrib.appsi.solvers.highs:                    0.26 (Presolve)

INFO:pyomo.contrib.appsi.solvers.highs:                        MIP    time [calls] = 0.07 [1]

INFO:pyomo.contrib.appsi.solvers.highs:                        subMIP time [calls] = 0.19 [2]

INFO:pyomo.contrib.appsi.solvers.highs:                    4.24 (Solve)

INFO:pyomo.contrib.appsi.solvers.highs:                        MIP    time [calls] = 2.91 [1]

INFO:pyomo.contrib.appsi.solvers.highs:                        subMIP time [calls] = 1.33 [2]

INFO:pyomo.contrib.appsi.solvers.highs:                    0.00 (Postsolve)

INFO:pyomo.contrib.appsi.solvers.highs:                        MIP    time [calls] = 0.00 [1]

INFO:pyomo.contrib.appsi.solvers.highs:                        subMIP time [calls] = 0.00 [2]

INFO:pyomo.contrib.appsi.solvers.highs:  Max sub-MIP depth 4

INFO:pyomo.contrib.appsi.solvers.highs:  Nodes             1

INFO:pyomo.contrib.appsi.solvers.highs:  Repair LPs        0

INFO:pyomo.contrib.appsi.solvers.highs:  LP iterations     414

INFO:pyomo.contrib.appsi.solvers.highs:                    0 (strong br.)

INFO:pyomo.contrib.appsi.solvers.highs:                    49 (separation)

INFO:pyomo.contrib.appsi.solvers.highs:                    34 (heuristics)

.\.venv\Lib\site-packages\tsam\pipeline\orchestrator.py:100: UserWarning: At least one maximal value of the aggregated time series exceeds the maximal value the input time series for: {'West': 2.2737367544323206e-13, 'East_wind_pt3_cf': 1.1102230246251565e-16, 'South_wind_pt1_cf': 2.220446049250313e-16}. To silence the warning set the 'numerical_tolerance' to a higher value.

  warnings.warn(

  1704 snapshots in 11 periods (weighted hours=8451.4)

    2018-01-08 00:00 to 2018-01-14 23:00  (168h)  weight=4.00

    2018-02-19 00:00 to 2018-02-25 23:00  (168h)  weight=2.00

    2018-03-12 00:00 to 2018-03-18 23:00  (168h)  weight=9.00

    2018-06-04 00:00 to 2018-06-10 23:00  (168h)  weight=3.00

    2018-07-02 00:00 to 2018-07-08 23:00  (168h)  weight=2.00

    2018-07-30 00:00 to 2018-08-05 23:00  (168h)  weight=3.00

    2018-09-17 00:00 to 2018-09-23 23:00  (168h)  weight=12.00

    2018-10-22 00:00 to 2018-10-28 23:00  (168h)  weight=9.00

    2018-12-03 00:00 to 2018-12-09 23:00  (168h)  weight=5.00

    2018-12-31 00:00 to 2018-12-31 23:00  (24h)  weight=2.14

    2018-06-25 00:00 to 2018-07-01 23:00  (168h)  weight=1.00



[4/6] Existing fleet + candidates...

  large CC merge: cherokee__7_cc  576.0 MW  (CT 336.0 + CA 240.0, scale=1.000)  co2=803.6 lb/MWh  hr=6761 Btu/kWh

  24 existing + 5 vintage + 41 candidate generators

  4 existing + 0 vintage + 12 candidate storage

  hybrid_candidates: 6 Solar+Storage generators, 6 storage

  6 market generators at Candidate_Gas:CC MC = $38.28/MWh

    Market_Wyoming: bus=Wyoming  p_nom=2,536.3 MW

    Market_Utah: bus=Utah  p_nom=1,118.8 MW

    Market_FourCorners: bus=FourCorners  p_nom=1,555.6 MW

    Market_NewMexico: bus=NewMexico  p_nom=324.9 MW

    Market_Nebraska: bus=Nebraska  p_nom=1,044.0 MW

    Market_EasternInterconnect: bus=EasternInterconnect  p_nom=210.0 MW

  relax_pmin: p_min_pu=0 on 70 in-state generators (6 Market_* kept at p_min_pu=-1)



[5/6] Capacity factors (aligned to representative snapshots)...

  p_max_pu assigned to 31 of 70 generators (solar/wind only)

INFO:pypsa.consistency:Sanitizing network...

INFO:pypsa.components._types.carriers:Adding 12 missing carriers: ['AC', 'Gas:CC', 'Gas:CT', 'Geothermal', 'Hydro', 'Hydro:Pumped', 'Nuclear:SMR', 'Solar+Storage', 'Solar:PV', 'Storage:Battery', 'Wind', 'import']

INFO:pypsa.components._types.carriers:Assigned colors to 12 carriers using 'tab10' palette.



[6/6] Network assembled.INFO:pypsa.consistency:Network sanitization complete.



Solving 2040 (1704 snapshots, week-cyclic SOC, statewide PRM, CO2 cap, relax_pmin, aggregate_large_cc, hybrid_candidates)...

  RA: peak=16,423.6 MW at 2018-06-28 13:00:00  PRM=13.9%  requirement=18,706.4 MW

  CO2: cap=4.2023 MMT (4,202,300 t)  path=statutory  import intensity=729.8 lb/MWh (Candidate_Gas:CC)

  large CC merge: cherokee__7_cc  576.0 MW  (CT 336.0 + CA 240.0, scale=1.000)  co2=803.6 lb/MWh  hr=6761 Btu/kWh


  large CC merge: cherokee__7_cc  576.0 MW  (CT 336.0 + CA 240.0, scale=1.000)  co2=803.6 lb/MWh  hr=6761 Btu/kWh


INFO:linopy.model: Solve problem using Highs solver

  hybrid: 6 pairs  p_nom equality on 6 extendable  charge-from-solar on 6


INFO:linopy.model:Solver options:

 - solver: simplex

 - threads: 2

INFO:linopy.io:Writing objective.


Writing constraints.:   0%|[38;2;128;191;255m          [0m| 0/48 [00:00<?, ?it/s]
Writing constraints.:  12%|[38;2;128;191;255m#2        [0m| 6/48 [00:00<00:00, 44.84it/s]
Writing constraints.:  31%|[38;2;128;191;255m###1      [0m| 15/48 [00:00<00:00, 67.90it/s]
Writing constraints.:  48%|[38;2;128;191;255m####7     [0m| 23/48 [00:00<00:00, 51.23it/s]
Writing constraints.:  75%|[38;2;128;191;255m#######5  [0m| 36/48 [00:00<00:00, 74.54it/s]
Writing constraints.: 100%|[38;2;128;191;255m##########[0m| 48/48 [00:00<00:00, 75.65it/s]


Writing continuous variables.:   0%|[38;2;128;191;255m          [0m| 0/8 [00:00<?, ?it/s]
Writing continuous variables.: 100%|[38;2;128;191;255m##########[0m| 8/8 [00:00<00:00, 119.72it/s]

INFO:linopy.io: Writing time: 0.72s

Running HiGHS 1.15.1 (git hash: 04024d7): Copyright (c) 2026 under MIT licence terms

Includes third-party software components, see THIRD_PARTY_NOTICES.md for full details

LP linopy-problem-_21izan5 has 552157 rows; 252245 cols; 1046758 nonzeros

Coefficient ranges:

  Matrix  [1e-04, 7e+00]

  Cost    [4e-01, 6e+05]

  Bound   [0e+00, 0e+00]

  RHS     [9e-04, 4e+06]

WARNING: Problem has some excessively large row bounds

WARNING:    Consider scaling the    bounds by 1e-1, or setting the user_bound_scale option to -3

Presolving model

169072 rows, 220207 cols, 616266 nonzeros 1s

Dependent equations search running on 32955 equations with time limit of 1000.00s

Dependent equations search removed 0 rows and 0 nonzeros in 0.01s (limit = 1000.00s)

162835 rows, 195265 cols, 591849 nonzeros 2s

Presolve reductions: rows 162835(-389322); columns 195265(-56980); nonzeros 591849(-454909) 

Solving the presolved LP

Using dual simplex solver



========== HiGHS simplex: YEAR 2040 (step 3/5) ==========

2040 |   Iteration        Objective     Infeasibilities num(sum)

2040 |           0    -2.1967316667e+09 Pr: 10225(1.91519e+08) 2.9s

2040 |       24039    -1.9975713302e+09 Pr: 5916(1.76241e+07); Du: 0(8.4847e-05) 8.0s

2040 |       36293    -1.7888213800e+09 Pr: 6889(2.15469e+07); Du: 0(8.53343e-05) 13.0s

2040 |       46766    -1.6875722219e+09 Pr: 8212(3.17458e+07); Du: 0(8.52492e-05) 18.1s

2040 |       54653    -1.6172833784e+09 Pr: 9278(3.7391e+07); Du: 0(8.48944e-05) 23.3s

2040 |       65725    -1.3405054486e+09 Pr: 10094(6.735e+07); Du: 0(8.36074e-05) 28.5s

2040 |       74612    -1.2539380574e+09 Pr: 10839(3.70633e+07); Du: 0(8.37922e-05) 33.7s

2040 |       80420    -1.2149592633e+09 Pr: 11271(2.45659e+07); Du: 0(8.42038e-05) 38.7s

2040 |       82756    -1.2149592016e+09 Pr: 11501(3.45859e+07); Du: 0(8.35596e-05) 44.2s

2040 |       86724    -1.1289474956e+09 Pr: 11476(1.65428e+07); Du: 0(8.3577e-05) 49.4s

2040 |       91637    -9.6520917480e+08 Pr: 22332(5.67424e+07); Du: 0(8.36292e-05) 55.2s

2040 |       93561    -9.2740978189e+08 Pr: 28798(1.13916e+08); Du: 0(8.30526e-05) 60.2s

2040 |       94945    -9.1468008082e+08 Pr: 28943(4.1924e+07); Du: 0(8.36869e-05) 66.5s

2040 |       95544    -9.1467988528e+08 Pr: 28932(4.24341e+07); Du: 0(8.42357e-05) 73.7s

2040 |       96148    -9.1467970477e+08 Pr: 28914(4.28702e+07); Du: 0(8.40033e-05) 79.1s

2040 |       98504    -8.8982993517e+08 Pr: 27538(3.36951e+07); Du: 0(8.44494e-05) 84.5s

2040 |      110072    -7.6624358951e+08 Pr: 28329(3.46177e+07); Du: 0(8.69288e-05) 89.9s

2040 |      118459    -7.2424495226e+08 Pr: 25103(9.97636e+06); Du: 0(8.7731e-05) 95.6s

2040 |      123287    -7.1366820163e+08 Pr: 18325(2.05655e+07); Du: 0(8.6735e-05) 100.6s

2040 |      127341    -7.0860151744e+08 Pr: 11837(6.90837e+06); Du: 0(8.76486e-05) 105.8s

2040 |      129722    -7.0455682070e+08 Pr: 17946(1.10847e+07); Du: 0(8.70317e-05) 111.9s

2040 |      133112    -6.9855898196e+08 Pr: 11828(1.02261e+07); Du: 0(8.76171e-05) 117.5s

2040 |      136229    -6.9458245702e+08 Pr: 18063(6.83612e+06); Du: 0(8.69834e-05) 123.0s

2040 |      139211    -6.8862885648e+08 Pr: 10749(9.50911e+06); Du: 0(8.78247e-05) 128.2s

2040 |      142688    -6.7894118543e+08 Pr: 15097(4.21128e+06); Du: 0(8.84265e-05) 133.9s

2040 |      148458    -6.7342336243e+08 Pr: 16754(6.07752e+06); Du: 0(8.82867e-05) 139.4s

2040 |      150803    -6.7234577489e+08 Pr: 19648(5.33162e+06); Du: 0(8.80267e-05) 145.0s

2040 |      157197    -6.5835657301e+08 Pr: 8519(8.21357e+06); Du: 0(8.84665e-05) 150.7s

2040 |      161076    -6.5324837879e+08 Pr: 14730(1.95106e+06); Du: 0(8.88159e-05) 156.0s

2040 |      168783    -6.4678729615e+08 Pr: 16368(1.95127e+06); Du: 0(8.85098e-05) 161.9s

2040 |      172065    -6.4615900373e+08 Pr: 11225(1.87015e+06); Du: 0(8.87194e-05) 166.9s

2040 |      174690    -6.4575295492e+08 Pr: 5800(2.09992e+06); Du: 0(8.93442e-05) 172.4s

2040 |      176352    -6.4565398549e+08 Pr: 7418(2.37368e+06); Du: 0(8.92132e-05) 177.9s

2040 |      177927    -6.4550095716e+08 Pr: 7629(1.19264e+07); Du: 0(8.92042e-05) 183.1s

2040 |      181548    -6.4502761669e+08 Pr: 12398(1.36146e+06); Du: 0(8.88522e-05) 189.1s

2040 |      185130    -6.4414084363e+08 Pr: 6511(357593); Du: 0(8.86996e-05) 196.2s

2040 |      190465    -6.4314795281e+08 Pr: 6904(4.94768e+06); Du: 0(8.92056e-05) 202.1s

2040 |      192734    -6.4303689847e+08 Pr: 5706(1.36287e+07); Du: 0(8.95109e-05) 208.2s

2040 |      196209    -6.4261180549e+08 Pr: 4740(1.14951e+06); Du: 0(8.92119e-05) 213.8s

2040 |      199829    -6.4241783632e+08 Pr: 2154(28708.7); Du: 0(8.93008e-05) 219.7s

2040 |      202847    -6.4152193563e+08 Pr: 1387(16384); Du: 0(8.9344e-05) 226.0s

2040 |      203507    -6.4147856869e+08 Pr: 1296(116513); Du: 0(8.93395e-05) 231.0s

2040 |      204571    -6.4127694573e+08 Pr: 917(7844.8); Du: 0(8.94454e-05) 236.7s

2040 |      205358    -6.4117272744e+08 Pr: 776(8075.6); Du: 0(8.94454e-05) 242.0s

2040 |      206575    -6.4102003502e+08 Pr: 0(0); Du: 0(3.65553e-09) 246.1s

2040 |      206575    -6.4102003502e+08 Pr: 0(0); Du: 0(3.65553e-09) 246.1s



Performed postsolve

Solving the original LP from the solution after postsolve



Model name          : linopy-problem-_21izan5

Model status        : Optimal

Simplex   iterations: 206575

Objective value     : -6.4102003502e+08

P-D objective error :  5.1885104898e-14

HiGHS run time      :        247.77

INFO:linopy.constants: Optimization successful: 

Status: ok

Termination condition: optimal

Solution: 252245 primals, 552333 duals

Objective: -6.41e+08

Solver: highs

Runtime: 247.77s

MIP gap: inf

Dual bound: 0.00e+00

Solver model: available

Solver message: Optimal



INFO:pypsa.optimization.optimize:The variable 'CO2_import_flow' could not be mapped to the network component because it does not include the symbol '-'.

INFO:pypsa.optimization.optimize:The shadow-prices of the constraints Generator-fix-p-lower, Generator-fix-p-upper, Generator-ext-p-lower, Generator-ext-p-upper, Link-fix-p-lower, Link-fix-p-upper, StorageUnit-fix-p_dispatch-lower, StorageUnit-fix-p_dispatch-upper, StorageUnit-ext-p_dispatch-lower, StorageUnit-ext-p_dispatch-upper, StorageUnit-fix-p_store-lower, StorageUnit-fix-p_store-upper, StorageUnit-ext-p_store-lower, StorageUnit-ext-p_store-upper, StorageUnit-fix-state_of_charge-lower, StorageUnit-fix-state_of_charge-upper, StorageUnit-ext-state_of_charge-lower, StorageUnit-ext-state_of_charge-upper, StorageUnit-energy_balance, reserve_margin_CO, CO2_import_ge_p, co2_CO, hybrid_charge_from_solar_Candidate_Solar_plus_Storage_Denver_Battery, hybrid_pair_p_nom_Candidate_Solar_plus_Storage_Denver_Battery, hybrid_charge_from_solar_Candidate_Solar_plus_Storage_East_Battery, hybrid_pair_p_nom_Candidate_Solar_plus_Storage_East_Battery, hybrid_charge_from_solar_Candidate_Solar_plus_Storage_Mountain_Battery, hybrid_pair_p_nom_Candidate_Solar_plus_Storage_Mountain_Battery, hybrid_charge_from_solar_Candidate_Solar_plus_Storage_North_Battery, hybrid_pair_p_nom_Candidate_Solar_plus_Storage_North_Battery, hybrid_charge_from_solar_Candidate_Solar_plus_Storage_South_Battery, hybrid_pair_p_nom_Candidate_Solar_plus_Storage_South_Battery, hybrid_charge_from_solar_Candidate_Solar_plus_Storage_West_Battery, hybrid_pair_p_nom_Candidate_Solar_plus_Storage_West_Battery were not assigned to the network.

=== YEAR 2040 DONE status=ok  wall=266s  objective=$-641,020,035  vintages_carried=7 ===

Build-out by carrier (MW):

layer            existing  vintage  new_build    total

carrier                                               

Wind              5,063.0 12,590.3    1,163.7 18,817.0

Gas:CT            1,116.2  7,439.8    2,413.3 10,969.4

Solar:PV          4,659.7      0.0        0.0  4,659.7

Storage:Battery     856.0      0.0        0.0    856.0

Gas:CC              764.0      0.0        0.0    764.0

Hydro               667.7      0.0        0.0    667.7

Hydro:Pumped        578.5      0.0        0.0    578.5

Zonal shadow prices, mean over snapshots ($/MWh):

name

Denver                 28.270046

North                  28.270046

South                  28.270046

Mountain               28.270046

East                   28.270046

West                   28.270046

Wyoming                38.281213

Utah                   38.281213

FourCorners            38.281213

NewMexico              38.281213

Nebraska               38.281213

EasternInterconnect    38.281213

  large CC merge: cherokee__7_cc  576.0 MW  (CT 336.0 + CA 240.0, scale=1.000)  co2=803.6 lb/MWh  hr=6761 Btu/kWh

Reserve margin (statewide, copper-plate):

  peak 16,423.6 MW at 2018-06-28 13:00:00  PRM 13.9%  requirement 18,706.4 MW

                 accredited_mw    p_nom

carrier                                

Gas:CC                   712.7    764.0

Gas:CT                 9,880.2 10,969.4

Geothermal                 0.0      0.0

Hydro                    564.0    667.7

Hydro:Pumped             532.0    578.5

Nuclear:SMR                0.0      0.0

Solar+Storage              0.0      0.0

Solar:PV                 124.9  4,659.7

Storage:Battery          676.7    856.0

Wind                   6,215.9 18,817.0

  accredited total 18,706.4 MW  slack 0.0 MW

  dual $97,585.91/MW-yr

  large CC merge: cherokee__7_cc  576.0 MW  (CT 336.0 + CA 240.0, scale=1.000)  co2=803.6 lb/MWh  hr=6761 Btu/kWh

CO2 cap (annual, production + attributed imports):

  cap 4.2023 MMT  solved 4.2023 MMT  in-state 0.0211  imports 4.1812  slack -0.0000

  import energy 12,630,732 MWh (positive Market.p only)

  dual $-0.00/metric ton  (native on co2_CO)

Storage cyclic-week energy balance (expect ~0):

  week 0: max |net| = 0.0000 MWh  (Mountain_Hydro:Pumped_agg)

  week 1: max |net| = 0.0000 MWh  (West_Storage:Battery_agg)

  week 2: max |net| = 0.0000 MWh  (Mountain_Hydro:Pumped_agg)

  week 3: max |net| = 0.0000 MWh  (West_Storage:Battery_agg)

  week 4: max |net| = 0.0000 MWh  (Mountain_Hydro:Pumped_agg)

  week 5: max |net| = 0.0000 MWh  (Mountain_Hydro:Pumped_agg)

  week 6: max |net| = 0.0000 MWh  (Mountain_Hydro:Pumped_agg)

  week 7: max |net| = 0.0000 MWh  (Mountain_Hydro:Pumped_agg)

  week 8: max |net| = 0.0000 MWh  (West_Storage:Battery_agg)

  week 9: max |net| = 0.0000 MWh  (Mountain_Hydro:Pumped_agg)

  week 10: max |net| = 0.0000 MWh  (Denver_Hydro:Pumped_agg)

Net interchange by interface (TWh, + = CO export):

  Link_West_FourCorners: West <-> FourCorners  +5.703 TWh

  Link_West_Utah: West <-> Utah  +4.005 TWh

  Link_East_Nebraska: East <-> Nebraska  +4.013 TWh

  Link_South_NewMexico: South <-> NewMexico  +1.187 TWh

  Link_Mountain_Wyoming: Mountain <-> Wyoming  +2.023 TWh

  Link_North_Wyoming: North <-> Wyoming  +7.707 TWh

  Link_East_EasternInterconnect: East <-> EasternInterconnect  +0.795 TWh

  total  +25.434 TWh

Annual cash-flow cost ($):

  capex_overnight  $3,566,450,059

  fom_existing  $313,855,301

  fom_vintage  $548,176,943

  fom_new  $88,434,783

  opex_instate  $2,740,567

  import_cost  $483,519,731

  export_revenue  $1,457,163,785

  annual_system_cost  $3,546,013,599

  annual_system_cost_ex_trade  $4,519,657,653

  lp_objective  $-641,020,035

  identity_gap  $-0.00

  wrote pypsa\scenarios\unconstrained_internal\dispatch_2040.csv (218,112 rows)

INFO:pypsa.network.io:Exported network 'Unnamed Network' saved to '.\pypsa\scenarios\unconstrained_internal\2040.nc contains: loads, storage_units, carriers, buses, generators, links, sub_networks

  wrote pypsa\scenarios\unconstrained_internal\2040.nc



=== YEAR 2045/2050 START (step 4/5) ===

  surviving vintages: 7 generators, 0 storage



[1/6] Buses...

  6 CO buses: ['Denver', 'North', 'South', 'Mountain', 'East', 'West']

  6 external buses: ['Wyoming', 'Utah', 'FourCorners', 'NewMexico', 'Nebraska', 'EasternInterconnect']



[2/6] Links...

  11 links, unconstrained (20,000 MW stand-in), bidirectional

    Link_South_West: South <-> West  p_nom=20,000.0 MW

    Link_East_South: East <-> South  p_nom=20,000.0 MW

    Link_East_North: East <-> North  p_nom=20,000.0 MW

    Link_Denver_South: Denver <-> South  p_nom=20,000.0 MW

    Link_Mountain_South: Mountain <-> South  p_nom=20,000.0 MW

    Link_Denver_East: Denver <-> East  p_nom=20,000.0 MW

    Link_Mountain_West: Mountain <-> West  p_nom=20,000.0 MW

    Link_Denver_Mountain: Denver <-> Mountain  p_nom=20,000.0 MW

    Link_Denver_North: Denver <-> North  p_nom=20,000.0 MW

    Link_Mountain_North: Mountain <-> North  p_nom=20,000.0 MW

    Link_North_West: North <-> West  p_nom=20,000.0 MW

  7 links, external (raw_sum_mw), bidirectional

    Link_West_FourCorners: West <-> FourCorners  p_nom=1,555.6 MW

    Link_West_Utah: West <-> Utah  p_nom=1,118.8 MW

    Link_East_Nebraska: East <-> Nebraska  p_nom=1,044.0 MW

    Link_South_NewMexico: South <-> NewMexico  p_nom=324.9 MW

    Link_Mountain_Wyoming: Mountain <-> Wyoming  p_nom=504.8 MW

    Link_North_Wyoming: North <-> Wyoming  p_nom=2,031.5 MW

    Link_East_EasternInterconnect: East <-> EasternInterconnect  p_nom=210.0 MW



[3/6] Representative weeks (Milestone 2 load + Milestone 3 clustering)...

.\.venv\Lib\site-packages\tsam\pipeline\orchestrator.py:296: UserWarning: The time series covers 8760 time steps, which is not a whole number of 168-step periods. The last period is filled up with the first 144 time steps of the series so it can be clustered; its occurrence count is reduced accordingly and the padding is dropped again on reconstruction.

  period_profiles = unstack_to_periods(norm_data.values, cfg.n_timesteps_per_period)

INFO:pyomo.contrib.appsi.solvers.highs:Running HiGHS 1.15.1 (git hash: 04024d7): Copyright (c) 2026 under MIT licence terms

INFO:pyomo.contrib.appsi.solvers.highs:Includes third-party software components, see THIRD_PARTY_NOTICES.md for full details

INFO:pyomo.contrib.appsi.solvers.highs:MIP has 2863 rows; 2809 cols; 8374 nonzeros; 2809 integer variables (2809 binary)

INFO:pyomo.contrib.appsi.solvers.highs:Coefficient ranges:

INFO:pyomo.contrib.appsi.solvers.highs:  Matrix  [1e+00, 1e+00]

INFO:pyomo.contrib.appsi.solvers.highs:  Cost    [7e+01, 8e+02]

INFO:pyomo.contrib.appsi.solvers.highs:  Bound   [1e+00, 1e+00]

INFO:pyomo.contrib.appsi.solvers.highs:  RHS     [1e+00, 1e+01]

INFO:pyomo.contrib.appsi.solvers.highs:Presolving model

INFO:pyomo.contrib.appsi.solvers.highs:2810 rows, 2809 cols, 8374 nonzeros 0s

INFO:pyomo.contrib.appsi.solvers.highs:2810 rows, 2809 cols, 8374 nonzeros 0s

INFO:pyomo.contrib.appsi.solvers.highs:Presolve reductions: rows 2810(-53); columns 2809(-0); nonzeros 8374(-0) 

INFO:pyomo.contrib.appsi.solvers.highs:

INFO:pyomo.contrib.appsi.solvers.highs:Solving MIP model with:

INFO:pyomo.contrib.appsi.solvers.highs:   2810 rows

INFO:pyomo.contrib.appsi.solvers.highs:   2809 cols (2809 binary, 0 integer, 0 implied int., 0 continuous, 0 domain fixed)

INFO:pyomo.contrib.appsi.solvers.highs:   8374 nonzeros

INFO:pyomo.contrib.appsi.solvers.highs:   Thread count 2 (of 4 threads). Using 1 max workers. Parallel search off

INFO:pyomo.contrib.appsi.solvers.highs:

INFO:pyomo.contrib.appsi.solvers.highs:Src: B => Branching; C => Central rounding; F => Feasibility pump; H => Heuristic;

INFO:pyomo.contrib.appsi.solvers.highs:     I => Shifting; J => Feasibility jump; L => Sub-MIP; P => Empty MIP; R => Randomized rounding;

INFO:pyomo.contrib.appsi.solvers.highs:     S => Solve LP; T => Evaluate node; U => Unbounded; X => User solution; Y => HiGHS solution;

INFO:pyomo.contrib.appsi.solvers.highs:     Z => ZI Round; l => Trivial lower; p => Trivial point; u => Trivial upper; z => Trivial zero

INFO:pyomo.contrib.appsi.solvers.highs:

INFO:pyomo.contrib.appsi.solvers.highs:        Nodes      |    B&B Tree     |            Objective Bounds              |  Dynamic Constraints |       Work      

INFO:pyomo.contrib.appsi.solvers.highs:Src  Proc. InQueue |  Leaves   Expl. | BestBound       BestSol              Gap |   Cuts   InLp Confl. | LpIters     Time

INFO:pyomo.contrib.appsi.solvers.highs:

INFO:pyomo.contrib.appsi.solvers.highs: J       0       0         0   0.00%   -inf            15201.935369       Large        0      0      0         0     0.6s

INFO:pyomo.contrib.appsi.solvers.highs: T       0       0         0   0.00%   0               7075.387446      100.00%        0      0      0       299     1.1s

INFO:pyomo.contrib.appsi.solvers.highs:         1       0         1 100.00%   7075.387446     7075.387446        0.00%        0      0      0       299     1.6s

INFO:pyomo.contrib.appsi.solvers.highs:

INFO:pyomo.contrib.appsi.solvers.highs:Solving report

INFO:pyomo.contrib.appsi.solvers.highs:  Status            Optimal

INFO:pyomo.contrib.appsi.solvers.highs:  Primal bound      7075.38744567

INFO:pyomo.contrib.appsi.solvers.highs:  Dual bound        7075.38744567

INFO:pyomo.contrib.appsi.solvers.highs:  Gap               0% (tolerance: 0.01%)

INFO:pyomo.contrib.appsi.solvers.highs:  P-D integral      0.718008600175

INFO:pyomo.contrib.appsi.solvers.highs:  Solution status   feasible

INFO:pyomo.contrib.appsi.solvers.highs:                    7075.38744567 (objective)

INFO:pyomo.contrib.appsi.solvers.highs:                    0 (bound viol.)

INFO:pyomo.contrib.appsi.solvers.highs:                    0 (int. viol.)

INFO:pyomo.contrib.appsi.solvers.highs:                    0 (row viol.)

INFO:pyomo.contrib.appsi.solvers.highs:  Timing            1.82

INFO:pyomo.contrib.appsi.solvers.highs:                    0.31 (Presolve)

INFO:pyomo.contrib.appsi.solvers.highs:                    1.51 (Solve)

INFO:pyomo.contrib.appsi.solvers.highs:                    0.00 (Postsolve)

INFO:pyomo.contrib.appsi.solvers.highs:  Max sub-MIP depth 0

INFO:pyomo.contrib.appsi.solvers.highs:  Nodes             1

INFO:pyomo.contrib.appsi.solvers.highs:  Repair LPs        0

INFO:pyomo.contrib.appsi.solvers.highs:  LP iterations     299

INFO:pyomo.contrib.appsi.solvers.highs:                    0 (strong br.)

INFO:pyomo.contrib.appsi.solvers.highs:                    0 (separation)

INFO:pyomo.contrib.appsi.solvers.highs:                    0 (heuristics)

.\.venv\Lib\site-packages\tsam\pipeline\orchestrator.py:100: UserWarning: At least one maximal value of the aggregated time series exceeds the maximal value the input time series for: {'South': 4.547473508864641e-13, 'East_wind_pt3_cf': 1.1102230246251565e-16, 'South_wind_pt1_cf': 2.220446049250313e-16}. To silence the warning set the 'numerical_tolerance' to a higher value.

  warnings.warn(

  1704 snapshots in 11 periods (weighted hours=8451.4)

    2018-01-08 00:00 to 2018-01-14 23:00  (168h)  weight=4.00

    2018-02-12 00:00 to 2018-02-18 23:00  (168h)  weight=4.00

    2018-03-12 00:00 to 2018-03-18 23:00  (168h)  weight=9.00

    2018-06-04 00:00 to 2018-06-10 23:00  (168h)  weight=3.00

    2018-07-02 00:00 to 2018-07-08 23:00  (168h)  weight=2.00

    2018-07-16 00:00 to 2018-07-22 23:00  (168h)  weight=1.00

    2018-07-30 00:00 to 2018-08-05 23:00  (168h)  weight=3.00

    2018-09-17 00:00 to 2018-09-23 23:00  (168h)  weight=12.00

    2018-12-03 00:00 to 2018-12-09 23:00  (168h)  weight=11.00

    2018-12-31 00:00 to 2018-12-31 23:00  (24h)  weight=2.14

    2018-06-25 00:00 to 2018-07-01 23:00  (168h)  weight=1.00



[4/6] Existing fleet + candidates...

  large CC merge: cherokee__7_cc  576.0 MW  (CT 336.0 + CA 240.0, scale=1.000)  co2=803.6 lb/MWh  hr=6761 Btu/kWh

  21 existing + 7 vintage + 41 candidate generators

  3 existing + 0 vintage + 12 candidate storage

  hybrid_candidates: 6 Solar+Storage generators, 6 storage

  6 market generators at Candidate_Gas:CC MC = $36.51/MWh

    Market_Wyoming: bus=Wyoming  p_nom=2,536.3 MW

    Market_Utah: bus=Utah  p_nom=1,118.8 MW

    Market_FourCorners: bus=FourCorners  p_nom=1,555.6 MW

    Market_NewMexico: bus=NewMexico  p_nom=324.9 MW

    Market_Nebraska: bus=Nebraska  p_nom=1,044.0 MW

    Market_EasternInterconnect: bus=EasternInterconnect  p_nom=210.0 MW

  relax_pmin: p_min_pu=0 on 69 in-state generators (6 Market_* kept at p_min_pu=-1)



[5/6] Capacity factors (aligned to representative snapshots)...

INFO:pypsa.consistency:Sanitizing network...

  p_max_pu assigned to 32 of 69 generators (solar/wind only)

INFO:pypsa.components._types.carriers:Adding 12 missing carriers: ['AC', 'Gas:CC', 'Gas:CT', 'Geothermal', 'Hydro', 'Hydro:Pumped', 'Nuclear:SMR', 'Solar+Storage', 'Solar:PV', 'Storage:Battery', 'Wind', 'import']

INFO:pypsa.components._types.carriers:Assigned colors to 12 carriers using 'tab10' palette.

INFO:pypsa.consistency:Network sanitization complete.



[6/6] Network assembled.

Solving 2045 (1704 snapshots, week-cyclic SOC, statewide PRM, CO2 cap, relax_pmin, aggregate_large_cc, hybrid_candidates)...

  RA: peak=18,351.2 MW at 2018-06-28 13:00:00  PRM=13.9%  requirement=20,902.0 MW

  CO2: cap=2.1012 MMT (2,101,150 t)  path=statutory  import intensity=729.8 lb/MWh (Candidate_Gas:CC)

  large CC merge: cherokee__7_cc  576.0 MW  (CT 336.0 + CA 240.0, scale=1.000)  co2=803.6 lb/MWh  hr=6761 Btu/kWh


  large CC merge: cherokee__7_cc  576.0 MW  (CT 336.0 + CA 240.0, scale=1.000)  co2=803.6 lb/MWh  hr=6761 Btu/kWh


INFO:linopy.model: Solve problem using Highs solver

  hybrid: 6 pairs  p_nom equality on 6 extendable  charge-from-solar on 6


INFO:linopy.model:Solver options:

 - solver: simplex

 - threads: 2

INFO:linopy.io:Writing objective.


Writing constraints.:   0%|[38;2;128;191;255m          [0m| 0/48 [00:00<?, ?it/s]
Writing constraints.:  12%|[38;2;128;191;255m#2        [0m| 6/48 [00:00<00:00, 51.44it/s]
Writing constraints.:  33%|[38;2;128;191;255m###3      [0m| 16/48 [00:00<00:00, 74.97it/s]
Writing constraints.:  50%|[38;2;128;191;255m#####     [0m| 24/48 [00:00<00:00, 64.49it/s]
Writing constraints.:  83%|[38;2;128;191;255m########3 [0m| 40/48 [00:00<00:00, 96.66it/s]
Writing constraints.: 100%|[38;2;128;191;255m##########[0m| 48/48 [00:00<00:00, 93.27it/s]


Writing continuous variables.:   0%|[38;2;128;191;255m          [0m| 0/8 [00:00<?, ?it/s]
Writing continuous variables.: 100%|[38;2;128;191;255m##########[0m| 8/8 [00:00<00:00, 138.30it/s]

INFO:linopy.io: Writing time: 0.59s

Running HiGHS 1.15.1 (git hash: 04024d7): Copyright (c) 2026 under MIT licence terms

Includes third-party software components, see THIRD_PARTY_NOTICES.md for full details

LP linopy-problem-9odp3o7d has 536821 rows; 245429 cols; 1018083 nonzeros

Coefficient ranges:

  Matrix  [1e-04, 7e+00]

  Cost    [4e-01, 6e+05]

  Bound   [0e+00, 0e+00]

  RHS     [9e-04, 2e+06]

WARNING: Problem has some excessively large row bounds

WARNING:    Consider scaling the    bounds by 1e-1, or setting the user_bound_scale option to -2

Presolving model

167929 rows, 213833 cols, 602628 nonzeros 1s

Dependent equations search running on 31325 equations with time limit of 1000.00s

Dependent equations search removed 0 rows and 0 nonzeros in 0.02s (limit = 1000.00s)

161766 rows, 188952 cols, 580197 nonzeros 4s

Presolve reductions: rows 161766(-375055); columns 188952(-56477); nonzeros 580197(-437886) 

Solving the presolved LP

Using dual simplex solver



========== HiGHS simplex: YEAR 2045 (step 4/5) ==========

2045 |   Iteration        Objective     Infeasibilities num(sum)

2045 |           0    -2.0949014781e+09 Pr: 10225(1.91277e+08) 5.5s

2045 |        9756    -2.0949014578e+09 Pr: 5194(1.76592e+07); Du: 0(9.89039e-05) 10.8s

2045 |       15597    -2.0949013412e+09 Pr: 4761(3.69218e+07); Du: 0(8.8929e-05) 16.3s

2045 |       16936    -2.0949012751e+09 Pr: 4918(4.56137e+07); Du: 0(8.86674e-05) 22.0s

2045 |       19375    -1.6972647313e+09 Pr: 5745(4.38896e+07); Du: 0(8.83864e-05) 27.4s

2045 |       30174    -1.6312623283e+09 Pr: 6160(2.47587e+07); Du: 0(8.39956e-05) 32.5s

2045 |       42693    -1.4662056893e+09 Pr: 7321(4.45692e+07); Du: 0(8.37394e-05) 37.7s

2045 |       50060    -1.3769220014e+09 Pr: 8853(4.52539e+07); Du: 0(8.3818e-05) 42.7s

2045 |       58361    -1.2763049120e+09 Pr: 9993(5.03101e+07); Du: 0(8.35723e-05) 47.8s

2045 |       68158    -1.1616444692e+09 Pr: 11130(3.54943e+07); Du: 0(8.21977e-05) 52.8s

2045 |       80095    -9.9934224993e+08 Pr: 12465(5.09523e+07); Du: 0(8.19989e-05) 58.0s

2045 |       84507    -6.9939576797e+08 Pr: 24541(6.07577e+07); Du: 0(8.16186e-05) 63.9s

2045 |       85804    -6.9939511937e+08 Pr: 24191(4.85736e+07); Du: 0(8.10784e-05) 70.3s

2045 |       87226    -6.9752761241e+08 Pr: 23899(5.27175e+07); Du: 0(8.08229e-05) 76.9s

2045 |       88991    -6.7775515812e+08 Pr: 19049(1.561e+08); Du: 0(8.10009e-05) 82.9s

2045 |       90892    -6.6854206750e+08 Pr: 24242(1.55677e+08); Du: 0(8.15736e-05) 89.0s

2045 |       92641    -6.2559348865e+08 Pr: 28753(8.56487e+07); Du: 0(8.17689e-05) 98.9s

2045 |       96710    -5.7809566123e+08 Pr: 19519(4.40036e+07); Du: 0(8.15617e-05) 104.9s

2045 |      102960    -4.9147202393e+08 Pr: 31744(2.28245e+08); Du: 0(8.57898e-05) 110.4s

2045 |      108825    -4.4008763399e+08 Pr: 21012(3.9921e+07); Du: 0(8.59817e-05) 116.1s

2045 |      110727    -4.3363831506e+08 Pr: 19608(2.5423e+07); Du: 0(8.611e-05) 121.4s

2045 |      115387    -4.2401246176e+08 Pr: 16718(1.47077e+07); Du: 0(8.86277e-05) 126.7s

2045 |      119244    -4.1612972991e+08 Pr: 16760(9.8711e+06); Du: 0(8.7543e-05) 132.2s

2045 |      124453    -4.0268788391e+08 Pr: 25391(8.40584e+06); Du: 0(8.60141e-05) 138.2s

2045 |      127620    -3.7603092881e+08 Pr: 13871(1.06796e+07); Du: 0(8.65709e-05) 144.6s

2045 |      130930    -3.5850865895e+08 Pr: 17043(8.03794e+06); Du: 0(8.58139e-05) 151.0s

2045 |      134544    -3.5601962705e+08 Pr: 19092(6.81014e+06); Du: 0(8.65621e-05) 157.1s

2045 |      139345    -3.4042558363e+08 Pr: 11346(5.66975e+06); Du: 0(8.63554e-05) 162.7s

2045 |      143577    -3.2655822962e+08 Pr: 23266(3.76356e+07); Du: 0(8.65091e-05) 167.8s

2045 |      149113    -3.1554469967e+08 Pr: 20257(4.32631e+06); Du: 0(8.55438e-05) 173.3s

2045 |      155387    -2.9544860557e+08 Pr: 15788(8.36843e+06); Du: 0(8.57999e-05) 179.9s

2045 |      159246    -2.9267962480e+08 Pr: 15516(1.41075e+07); Du: 0(8.61809e-05) 185.7s

2045 |      164191    -2.8542026832e+08 Pr: 12486(1.20642e+06); Du: 0(8.60047e-05) 190.8s

2045 |      168047    -2.8354835433e+08 Pr: 5987(2.40914e+06); Du: 0(8.61168e-05) 197.9s

2045 |      170357    -2.8292627285e+08 Pr: 6190(690783); Du: 0(8.56873e-05) 203.3s

2045 |      175161    -2.8209051911e+08 Pr: 10931(4.07706e+06); Du: 0(8.58443e-05) 209.1s

2045 |      176721    -2.8175483970e+08 Pr: 10523(2.42757e+06); Du: 0(8.58683e-05) 214.8s

2045 |      178164    -2.8164243121e+08 Pr: 10545(331582); Du: 0(8.58488e-05) 220.7s

2045 |      180563    -2.8110910344e+08 Pr: 3814(137859); Du: 0(8.57431e-05) 227.5s

2045 |      183840    -2.8055145291e+08 Pr: 3889(169052); Du: 0(8.55694e-05) 232.5s

2045 |      186406    -2.8026334360e+08 Pr: 3790(475256); Du: 0(8.55838e-05) 238.6s

2045 |      187807    -2.8011155659e+08 Pr: 3816(206123); Du: 0(8.58272e-05) 245.7s

2045 |      189196    -2.7996319395e+08 Pr: 3554(226374); Du: 0(8.55629e-05) 252.4s

2045 |      190762    -2.7979341949e+08 Pr: 4576(3.2708e+06); Du: 0(8.52724e-05) 257.6s

2045 |      194379    -2.7931196099e+08 Pr: 3149(89630.9); Du: 0(8.5401e-05) 263.5s

2045 |      196406    -2.7914128705e+08 Pr: 3069(430147); Du: 0(8.55564e-05) 269.4s

2045 |      198247    -2.7902978332e+08 Pr: 2872(79603.5); Du: 0(8.52358e-05) 274.5s

2045 |      200294    -2.7894303273e+08 Pr: 2713(61586.4); Du: 0(8.52649e-05) 280.5s

2045 |      202769    -2.7851229836e+08 Pr: 2044(31844.9); Du: 0(8.55661e-05) 286.5s

2045 |      207617    -2.7744238410e+08 Pr: 0(0); Du: 0(8.57031e-05) 291.6s

2045 |      207768    -2.7742606366e+08 Pr: 0(0); Du: 0(5.50612e-08) 292.4s

2045 |      207768    -2.7742606366e+08 Pr: 0(0); Du: 0(5.50612e-08) 292.4s



Performed postsolve

Solving the original LP from the solution after postsolve



Model name          : linopy-problem-9odp3o7d

Model status        : Optimal

Simplex   iterations: 207768

Objective value     : -2.7742606366e+08

P-D objective error :  1.8691841775e-14

HiGHS run time      :        293.23

INFO:linopy.constants: Optimization successful: 

Status: ok

Termination condition: optimal

Solution: 245429 primals, 536986 duals

Objective: -2.77e+08

Solver: highs

Runtime: 293.23s

MIP gap: inf

Dual bound: 0.00e+00

Solver model: available

Solver message: Optimal



INFO:pypsa.optimization.optimize:The variable 'CO2_import_flow' could not be mapped to the network component because it does not include the symbol '-'.

INFO:pypsa.optimization.optimize:The shadow-prices of the constraints Generator-fix-p-lower, Generator-fix-p-upper, Generator-ext-p-lower, Generator-ext-p-upper, Link-fix-p-lower, Link-fix-p-upper, StorageUnit-fix-p_dispatch-lower, StorageUnit-fix-p_dispatch-upper, StorageUnit-ext-p_dispatch-lower, StorageUnit-ext-p_dispatch-upper, StorageUnit-fix-p_store-lower, StorageUnit-fix-p_store-upper, StorageUnit-ext-p_store-lower, StorageUnit-ext-p_store-upper, StorageUnit-fix-state_of_charge-lower, StorageUnit-fix-state_of_charge-upper, StorageUnit-ext-state_of_charge-lower, StorageUnit-ext-state_of_charge-upper, StorageUnit-energy_balance, reserve_margin_CO, CO2_import_ge_p, co2_CO, hybrid_charge_from_solar_Candidate_Solar_plus_Storage_Denver_Battery, hybrid_pair_p_nom_Candidate_Solar_plus_Storage_Denver_Battery, hybrid_charge_from_solar_Candidate_Solar_plus_Storage_East_Battery, hybrid_pair_p_nom_Candidate_Solar_plus_Storage_East_Battery, hybrid_charge_from_solar_Candidate_Solar_plus_Storage_Mountain_Battery, hybrid_pair_p_nom_Candidate_Solar_plus_Storage_Mountain_Battery, hybrid_charge_from_solar_Candidate_Solar_plus_Storage_North_Battery, hybrid_pair_p_nom_Candidate_Solar_plus_Storage_North_Battery, hybrid_charge_from_solar_Candidate_Solar_plus_Storage_South_Battery, hybrid_pair_p_nom_Candidate_Solar_plus_Storage_South_Battery, hybrid_charge_from_solar_Candidate_Solar_plus_Storage_West_Battery, hybrid_pair_p_nom_Candidate_Solar_plus_Storage_West_Battery were not assigned to the network.

=== YEAR 2045 DONE status=ok  wall=333s  objective=$-277,426,064  vintages_carried=11 ===

Build-out by carrier (MW):

layer            existing  vintage  new_build    total

carrier                                               

Wind              3,008.2 13,754.0      996.1 17,758.2

Gas:CT              936.2  9,853.2    4,155.0 14,944.3

Solar:PV          4,659.7      0.0    1,975.3  6,635.0

Hydro               667.7      0.0        0.0    667.7

Hydro:Pumped        578.5      0.0        0.0    578.5

Gas:CC              576.0      0.0        0.0    576.0

Storage:Battery       0.0      0.0      417.8    417.8

Zonal shadow prices, mean over snapshots ($/MWh):

name

Denver                 26.231101

North                  26.231101

South                  26.231101

Mountain               26.231101

East                   26.231101

West                   26.231101

Wyoming                36.506693

Utah                   36.506693

FourCorners            36.506693

NewMexico              36.506693

Nebraska               36.506693

EasternInterconnect    36.506693

  large CC merge: cherokee__7_cc  576.0 MW  (CT 336.0 + CA 240.0, scale=1.000)  co2=803.6 lb/MWh  hr=6761 Btu/kWh

Reserve margin (statewide, copper-plate):

  peak 18,351.2 MW at 2018-06-28 13:00:00  PRM 13.9%  requirement 20,902.0 MW

                 accredited_mw    p_nom

carrier                                

Gas:CC                   533.9    576.0

Gas:CT                13,461.7 14,944.3

Geothermal                 0.0      0.0

Hydro                    564.0    667.7

Hydro:Pumped             532.0    578.5

Nuclear:SMR                0.0      0.0

Solar+Storage              0.0      0.0

Solar:PV                 119.5  6,635.0

Storage:Battery          247.1    417.8

Wind                   5,443.7 17,758.2

  accredited total 20,902.0 MW  slack 0.0 MW

  dual $93,512.21/MW-yr

  large CC merge: cherokee__7_cc  576.0 MW  (CT 336.0 + CA 240.0, scale=1.000)  co2=803.6 lb/MWh  hr=6761 Btu/kWh

CO2 cap (annual, production + attributed imports):

  cap 2.1012 MMT  solved 2.1011 MMT  in-state 0.0340  imports 2.0671  slack 0.0000

  import energy 6,244,488 MWh (positive Market.p only)

  dual $-0.00/metric ton  (native on co2_CO)

Storage cyclic-week energy balance (expect ~0):

  week 0: max |net| = 0.0000 MWh  (Mountain_Hydro:Pumped_agg)

  week 1: max |net| = 0.0000 MWh  (Mountain_Hydro:Pumped_agg)

  week 2: max |net| = 0.0000 MWh  (Mountain_Hydro:Pumped_agg)

  week 3: max |net| = 0.0000 MWh  (Mountain_Hydro:Pumped_agg)

  week 4: max |net| = 0.0000 MWh  (Mountain_Hydro:Pumped_agg)

  week 5: max |net| = 0.0000 MWh  (Mountain_Hydro:Pumped_agg)

  week 6: max |net| = 0.0000 MWh  (Denver_Hydro:Pumped_agg)

  week 7: max |net| = 0.0000 MWh  (Mountain_Hydro:Pumped_agg)

  week 8: max |net| = 0.0000 MWh  (Denver_Hydro:Pumped_agg)

  week 9: max |net| = 0.0000 MWh  (Mountain_Hydro:Pumped_agg)

  week 10: max |net| = 0.0000 MWh  (Denver_Hydro:Pumped_agg)

Net interchange by interface (TWh, + = CO export):

  Link_West_FourCorners: West <-> FourCorners  +5.485 TWh

  Link_West_Utah: West <-> Utah  +4.093 TWh

  Link_East_Nebraska: East <-> Nebraska  +3.527 TWh

  Link_South_NewMexico: South <-> NewMexico  +1.137 TWh

  Link_Mountain_Wyoming: Mountain <-> Wyoming  +1.589 TWh

  Link_North_Wyoming: North <-> Wyoming  +7.303 TWh

  Link_East_EasternInterconnect: East <-> EasternInterconnect  +0.741 TWh

  total  +23.876 TWh

Annual cash-flow cost ($):

  capex_overnight  $6,448,213,114

  fom_existing  $226,142,816

  fom_vintage  $636,611,727

  fom_new  $158,016,753

  opex_instate  $4,138,307

  import_cost  $227,965,606

  export_revenue  $1,099,600,931

  annual_system_cost  $6,601,487,392

  annual_system_cost_ex_trade  $7,473,122,717

  lp_objective  $-277,426,064

  identity_gap  $0.00

  wrote pypsa\scenarios\unconstrained_internal\dispatch_2045.csv (214,704 rows)

INFO:pypsa.network.io:Exported network 'Unnamed Network' saved to '.\pypsa\scenarios\unconstrained_internal\2045.nc contains: loads, storage_units, carriers, buses, generators, links, sub_networks

  wrote pypsa\scenarios\unconstrained_internal\2045.nc



=== YEAR 2050/2050 START (step 5/5) ===

  surviving vintages: 10 generators, 1 storage



[1/6] Buses...

  6 CO buses: ['Denver', 'North', 'South', 'Mountain', 'East', 'West']

  6 external buses: ['Wyoming', 'Utah', 'FourCorners', 'NewMexico', 'Nebraska', 'EasternInterconnect']



[2/6] Links...

  11 links, unconstrained (20,000 MW stand-in), bidirectional

    Link_South_West: South <-> West  p_nom=20,000.0 MW

    Link_East_South: East <-> South  p_nom=20,000.0 MW

    Link_East_North: East <-> North  p_nom=20,000.0 MW

    Link_Denver_South: Denver <-> South  p_nom=20,000.0 MW

    Link_Mountain_South: Mountain <-> South  p_nom=20,000.0 MW

    Link_Denver_East: Denver <-> East  p_nom=20,000.0 MW

    Link_Mountain_West: Mountain <-> West  p_nom=20,000.0 MW

    Link_Denver_Mountain: Denver <-> Mountain  p_nom=20,000.0 MW

    Link_Denver_North: Denver <-> North  p_nom=20,000.0 MW

    Link_Mountain_North: Mountain <-> North  p_nom=20,000.0 MW

    Link_North_West: North <-> West  p_nom=20,000.0 MW

  7 links, external (raw_sum_mw), bidirectional

    Link_West_FourCorners: West <-> FourCorners  p_nom=1,555.6 MW

    Link_West_Utah: West <-> Utah  p_nom=1,118.8 MW

    Link_East_Nebraska: East <-> Nebraska  p_nom=1,044.0 MW

    Link_South_NewMexico: South <-> NewMexico  p_nom=324.9 MW

    Link_Mountain_Wyoming: Mountain <-> Wyoming  p_nom=504.8 MW

    Link_North_Wyoming: North <-> Wyoming  p_nom=2,031.5 MW

    Link_East_EasternInterconnect: East <-> EasternInterconnect  p_nom=210.0 MW



[3/6] Representative weeks (Milestone 2 load + Milestone 3 clustering)...

.\.venv\Lib\site-packages\tsam\pipeline\orchestrator.py:296: UserWarning: The time series covers 8760 time steps, which is not a whole number of 168-step periods. The last period is filled up with the first 144 time steps of the series so it can be clustered; its occurrence count is reduced accordingly and the padding is dropped again on reconstruction.

  period_profiles = unstack_to_periods(norm_data.values, cfg.n_timesteps_per_period)

INFO:pyomo.contrib.appsi.solvers.highs:Running HiGHS 1.15.1 (git hash: 04024d7): Copyright (c) 2026 under MIT licence terms

INFO:pyomo.contrib.appsi.solvers.highs:Includes third-party software components, see THIRD_PARTY_NOTICES.md for full details

INFO:pyomo.contrib.appsi.solvers.highs:MIP has 2863 rows; 2809 cols; 8374 nonzeros; 2809 integer variables (2809 binary)

INFO:pyomo.contrib.appsi.solvers.highs:Coefficient ranges:

INFO:pyomo.contrib.appsi.solvers.highs:  Matrix  [1e+00, 1e+00]

INFO:pyomo.contrib.appsi.solvers.highs:  Cost    [7e+01, 8e+02]

INFO:pyomo.contrib.appsi.solvers.highs:  Bound   [1e+00, 1e+00]

INFO:pyomo.contrib.appsi.solvers.highs:  RHS     [1e+00, 1e+01]

INFO:pyomo.contrib.appsi.solvers.highs:Presolving model

INFO:pyomo.contrib.appsi.solvers.highs:2810 rows, 2809 cols, 8374 nonzeros 0s

INFO:pyomo.contrib.appsi.solvers.highs:2810 rows, 2809 cols, 8374 nonzeros 0s

INFO:pyomo.contrib.appsi.solvers.highs:Presolve reductions: rows 2810(-53); columns 2809(-0); nonzeros 8374(-0) 

INFO:pyomo.contrib.appsi.solvers.highs:

INFO:pyomo.contrib.appsi.solvers.highs:Solving MIP model with:

INFO:pyomo.contrib.appsi.solvers.highs:   2810 rows

INFO:pyomo.contrib.appsi.solvers.highs:   2809 cols (2809 binary, 0 integer, 0 implied int., 0 continuous, 0 domain fixed)

INFO:pyomo.contrib.appsi.solvers.highs:   8374 nonzeros

INFO:pyomo.contrib.appsi.solvers.highs:   Thread count 2 (of 4 threads). Using 1 max workers. Parallel search off

INFO:pyomo.contrib.appsi.solvers.highs:

INFO:pyomo.contrib.appsi.solvers.highs:Src: B => Branching; C => Central rounding; F => Feasibility pump; H => Heuristic;

INFO:pyomo.contrib.appsi.solvers.highs:     I => Shifting; J => Feasibility jump; L => Sub-MIP; P => Empty MIP; R => Randomized rounding;

INFO:pyomo.contrib.appsi.solvers.highs:     S => Solve LP; T => Evaluate node; U => Unbounded; X => User solution; Y => HiGHS solution;

INFO:pyomo.contrib.appsi.solvers.highs:     Z => ZI Round; l => Trivial lower; p => Trivial point; u => Trivial upper; z => Trivial zero

INFO:pyomo.contrib.appsi.solvers.highs:

INFO:pyomo.contrib.appsi.solvers.highs:        Nodes      |    B&B Tree     |            Objective Bounds              |  Dynamic Constraints |       Work      

INFO:pyomo.contrib.appsi.solvers.highs:Src  Proc. InQueue |  Leaves   Expl. | BestBound       BestSol              Gap |   Cuts   InLp Confl. | LpIters     Time

INFO:pyomo.contrib.appsi.solvers.highs:

INFO:pyomo.contrib.appsi.solvers.highs: J       0       0         0   0.00%   -inf            16650.084472       Large        0      0      0         0     0.5s

INFO:pyomo.contrib.appsi.solvers.highs: T       0       0         0   0.00%   0               7536.522111      100.00%        0      0      0       261     0.6s

INFO:pyomo.contrib.appsi.solvers.highs:         1       0         1 100.00%   7536.522111     7536.522111        0.00%        0      0      0       261     0.7s

INFO:pyomo.contrib.appsi.solvers.highs:

INFO:pyomo.contrib.appsi.solvers.highs:Solving report

INFO:pyomo.contrib.appsi.solvers.highs:  Status            Optimal

INFO:pyomo.contrib.appsi.solvers.highs:  Primal bound      7536.52211092

INFO:pyomo.contrib.appsi.solvers.highs:  Dual bound        7536.52211092

INFO:pyomo.contrib.appsi.solvers.highs:  Gap               0% (tolerance: 0.01%)

INFO:pyomo.contrib.appsi.solvers.highs:  P-D integral      0.110525900032

INFO:pyomo.contrib.appsi.solvers.highs:  Solution status   feasible

INFO:pyomo.contrib.appsi.solvers.highs:                    7536.52211092 (objective)

INFO:pyomo.contrib.appsi.solvers.highs:                    0 (bound viol.)

INFO:pyomo.contrib.appsi.solvers.highs:                    0 (int. viol.)

INFO:pyomo.contrib.appsi.solvers.highs:                    0 (row viol.)

INFO:pyomo.contrib.appsi.solvers.highs:  Timing            0.67

INFO:pyomo.contrib.appsi.solvers.highs:                    0.24 (Presolve)

INFO:pyomo.contrib.appsi.solvers.highs:                    0.43 (Solve)

INFO:pyomo.contrib.appsi.solvers.highs:                    0.00 (Postsolve)

INFO:pyomo.contrib.appsi.solvers.highs:  Max sub-MIP depth 0

INFO:pyomo.contrib.appsi.solvers.highs:  Nodes             1

INFO:pyomo.contrib.appsi.solvers.highs:  Repair LPs        0

INFO:pyomo.contrib.appsi.solvers.highs:  LP iterations     261

INFO:pyomo.contrib.appsi.solvers.highs:                    0 (strong br.)

INFO:pyomo.contrib.appsi.solvers.highs:                    0 (separation)

INFO:pyomo.contrib.appsi.solvers.highs:                    0 (heuristics)

  1704 snapshots in 11 periods (weighted hours=8451.4)

    2018-01-15 00:00 to 2018-01-21 23:00  (168h)  weight=3.00

    2018-02-12 00:00 to 2018-02-18 23:00  (168h)  weight=5.00

    2018-03-12 00:00 to 2018-03-18 23:00  (168h)  weight=7.00

    2018-06-04 00:00 to 2018-06-10 23:00  (168h)  weight=2.00

    2018-07-02 00:00 to 2018-07-08 23:00  (168h)  weight=2.00

    2018-07-23 00:00 to 2018-07-29 23:00  (168h)  weight=3.00

    2018-09-17 00:00 to 2018-09-23 23:00  (168h)  weight=13.00

    2018-10-22 00:00 to 2018-10-28 23:00  (168h)  weight=10.00

    2018-12-10 00:00 to 2018-12-16 23:00  (168h)  weight=3.00

    2018-12-31 00:00 to 2018-12-31 23:00  (24h)  weight=2.14

    2018-06-25 00:00 to 2018-07-01 23:00  (168h)  weight=2.00



[4/6] Existing fleet + candidates...

  16 existing + 10 vintage + 41 candidate generators

  3 existing + 1 vintage + 12 candidate storage

  hybrid_candidates: 6 Solar+Storage generators, 6 storage

  6 market generators at Candidate_Gas:CC MC = $35.44/MWh

    Market_Wyoming: bus=Wyoming  p_nom=2,536.3 MW

    Market_Utah: bus=Utah  p_nom=1,118.8 MW

    Market_FourCorners: bus=FourCorners  p_nom=1,555.6 MW

    Market_NewMexico: bus=NewMexico  p_nom=324.9 MW

    Market_Nebraska: bus=Nebraska  p_nom=1,044.0 MW

    Market_EasternInterconnect: bus=EasternInterconnect  p_nom=210.0 MW

  relax_pmin: p_min_pu=0 on 67 in-state generators (6 Market_* kept at p_min_pu=-1)



[5/6] Capacity factors (aligned to representative snapshots)...

  p_max_pu assigned to 31 of 67 generators (solar/wind only)

INFO:pypsa.consistency:Sanitizing network...

INFO:pypsa.components._types.carriers:Adding 12 missing carriers: ['AC', 'Gas:CC', 'Gas:CT', 'Geothermal', 'Hydro', 'Hydro:Pumped', 'Nuclear:SMR', 'Solar+Storage', 'Solar:PV', 'Storage:Battery', 'Wind', 'import']

INFO:pypsa.components._types.carriers:Assigned colors to 12 carriers using 'tab10' palette.

INFO:pypsa.consistency:Network sanitization complete.



[6/6] Network assembled.

Solving 2050 (1704 snapshots, week-cyclic SOC, statewide PRM, CO2 cap, relax_pmin, aggregate_large_cc, hybrid_candidates)...

  RA: peak=20,521.2 MW at 2018-06-28 13:00:00  PRM=13.9%  requirement=23,373.6 MW

  CO2: cap=0.0000 MMT (0 t)  path=statutory  import intensity=729.8 lb/MWh (Candidate_Gas:CC)

INFO:linopy.model: Solve problem using Highs solver

INFO:linopy.model:Solver options:

 - solver: simplex

 - threads: 2

  hybrid: 6 pairs  p_nom equality on 6 extendable  charge-from-solar on 6


INFO:linopy.io:Writing objective.


Writing constraints.:   0%|[38;2;128;191;255m          [0m| 0/48 [00:00<?, ?it/s]
Writing constraints.:  10%|[38;2;128;191;255m#         [0m| 5/48 [00:00<00:01, 33.56it/s]
Writing constraints.:  19%|[38;2;128;191;255m#8        [0m| 9/48 [00:00<00:01, 29.19it/s]
Writing constraints.:  33%|[38;2;128;191;255m###3      [0m| 16/48 [00:00<00:00, 41.88it/s]
Writing constraints.:  44%|[38;2;128;191;255m####3     [0m| 21/48 [00:00<00:00, 31.74it/s]
Writing constraints.:  54%|[38;2;128;191;255m#####4    [0m| 26/48 [00:00<00:00, 35.62it/s]
Writing constraints.:  73%|[38;2;128;191;255m#######2  [0m| 35/48 [00:00<00:00, 48.16it/s]
Writing constraints.:  85%|[38;2;128;191;255m########5 [0m| 41/48 [00:00<00:00, 51.19it/s]
Writing constraints.: 100%|[38;2;128;191;255m##########[0m| 48/48 [00:01<00:00, 45.49it/s]


Writing continuous variables.:   0%|[38;2;128;191;255m          [0m| 0/8 [00:00<?, ?it/s]
Writing continuous variables.: 100%|[38;2;128;191;255m##########[0m| 8/8 [00:00<00:00, 95.49it/s]

INFO:linopy.io: Writing time: 1.17s

Running HiGHS 1.15.1 (git hash: 04024d7): Copyright (c) 2026 under MIT licence terms

Includes third-party software components, see THIRD_PARTY_NOTICES.md for full details

LP linopy-problem-7kq5d867 has 541933 rows; 247133 cols; 1026333 nonzeros

Coefficient ranges:

  Matrix  [5e-05, 7e+00]

  Cost    [8e-01, 6e+05]

  Bound   [0e+00, 0e+00]

  RHS     [4e-04, 2e+04]

Presolving model

138360 rows, 172171 cols, 469289 nonzeros 1s

Dependent equations search running on 33742 equations with time limit of 1000.00s

Dependent equations search removed 0 rows and 0 nonzeros in 0.01s (limit = 1000.00s)

132910 rows, 148318 cols, 458234 nonzeros 2s

Presolve reductions: rows 132910(-409023); columns 148318(-98815); nonzeros 458234(-568099) 

Solving the presolved LP

Using dual simplex solver



========== HiGHS simplex: YEAR 2050 (step 5/5) ==========

2050 |   Iteration        Objective     Infeasibilities num(sum)

2050 |           0     0.0000000000e+00 Ph1: 0(0) 2.4s

2050 |       37941    -1.7138772717e+09 Pr: 8894(1.55176e+07); Du: 0(2.00539e-06) 8.0s

2050 |       43659    -1.7078074446e+09 Pr: 9053(1.75394e+07); Du: 0(2.06561e-06) 13.3s

2050 |       46586    -1.7078073502e+09 Pr: 9253(2.86443e+07); Du: 0(2.08205e-06) 18.8s

2050 |       49353    -1.6203096755e+09 Pr: 9524(1.68312e+07); Du: 0(2.51429e-06) 24.1s

2050 |       53034    -1.6202728414e+09 Pr: 9716(2.32759e+07); Du: 0(2.60695e-06) 29.2s

2050 |       57658    -1.5341597587e+09 Pr: 10085(2.29971e+07); Du: 0(1.89721e-06) 34.6s

2050 |       60696    -1.4574775394e+09 Pr: 10125(1.81328e+07); Du: 0(1.83921e-06) 39.6s

2050 |       62413    -1.4086619210e+09 Pr: 15352(2.76892e+07); Du: 0(1.87774e-06) 45.0s

2050 |       64087    -1.4083006763e+09 Pr: 15272(2.79644e+07); Du: 0(1.76698e-06) 50.3s

2050 |       66112    -1.4083005369e+09 Pr: 15374(4.88465e+07); Du: 0(1.79055e-06) 55.9s

2050 |       68758    -1.2559429858e+09 Pr: 13057(3.53298e+07); Du: 0(1.7816e-06) 62.7s

2050 |       70677    -1.2548230217e+09 Pr: 21868(5.76015e+07); Du: 0(1.98784e-06) 67.7s

2050 |       72719    -1.2548229856e+09 Pr: 21938(6.45102e+07); Du: 0(1.85902e-06) 73.9s

2050 |       74421    -1.2548227956e+09 Pr: 22056(9.48705e+07); Du: 0(1.7098e-06) 79.3s

2050 |       75929    -1.2476026022e+09 Pr: 19788(1.58559e+08); Du: 0(1.60401e-06) 84.5s

2050 |       77308    -1.2476021912e+09 Pr: 20048(1.80566e+08); Du: 0(1.38074e-06) 89.5s

2050 |       78618    -1.2335727730e+09 Pr: 25302(1.05641e+09); Du: 0(1.38074e-06) 95.3s

2050 |       80273    -1.2162012698e+09 Pr: 20841(3.49717e+09); Du: 0(1.29086e-06) 101.6s

2050 |       82177    -1.1475323278e+09 Pr: 29087(2.10405e+08); Du: 0(1.04054e-06) 107.4s

2050 |       84294    -1.1231093006e+09 Pr: 30982(3.09194e+08); Du: 0(9.71763e-07) 113.6s

2050 |       87147    -1.0342714273e+09 Pr: 24613(8.86874e+07); Du: 0(9.67206e-07) 121.3s

2050 |       88391    -9.9529745651e+08 Pr: 24660(2.99954e+08); Du: 0(8.8799e-07) 127.4s

2050 |       89262    -9.3301938993e+08 Pr: 23033(5.54826e+07); Du: 0(7.67478e-07) 133.4s

2050 |       91234    -8.7597943916e+08 Pr: 27835(6.00045e+07); Du: 0(8.15545e-07) 141.5s

2050 |       92101    -8.5937652630e+08 Pr: 27728(5.42805e+07); Du: 0(7.26818e-07) 149.3s

2050 |       93544    -8.5937649303e+08 Pr: 27918(5.62557e+07); Du: 0(6.63878e-07) 156.2s

2050 |       95086    -8.5937641426e+08 Pr: 27944(7.44635e+07); Du: 0(7.27167e-07) 162.5s

2050 |       96611    -8.2307921917e+08 Pr: 24276(1.0696e+08); Du: 0(6.8123e-07) 167.5s

2050 |       99378    -7.1766119034e+08 Pr: 32331(2.24074e+09); Du: 0(6.48216e-07) 173.2s

2050 |      101852    -6.5710936693e+08 Pr: 29151(1.21977e+09); Du: 0(6.19066e-07) 181.8s

2050 |      103723    -5.6176717552e+08 Pr: 30056(1.26938e+08); Du: 0(9.16997e-07) 189.5s

2050 |      105393    -5.1345477171e+08 Pr: 24700(1.00719e+08); Du: 0(7.64688e-07) 197.3s

2050 |      106271    -4.9803202776e+08 Pr: 24624(1.28092e+08); Du: 0(6.3757e-07) 203.8s

2050 |      107110    -4.8949392159e+08 Pr: 28354(7.42298e+07); Du: 0(6.3757e-07) 208.8s

2050 |      108019    -4.6433892210e+08 Pr: 28150(6.70212e+07); Du: 0(5.58615e-07) 215.8s

2050 |      110165    -4.2111389488e+08 Pr: 21211(1.02019e+09); Du: 0(5.00433e-07) 223.6s

2050 |      112174    -3.5756423789e+08 Pr: 20205(3.21966e+08); Du: 0(6.95094e-07) 228.7s

2050 |      114062    -3.1928190320e+08 Pr: 26225(8.83006e+08); Du: 0(7.53884e-07) 235.8s

2050 |      115967    -2.9208406560e+08 Pr: 24584(5.19375e+08); Du: 0(6.12138e-07) 241.8s

2050 |      117666    -2.5816547361e+08 Pr: 29637(1.04891e+09); Du: 0(4.85501e-07) 247.2s

2050 |      119294    -2.1642928181e+08 Pr: 24559(3.66958e+08); Du: 0(6.05558e-07) 252.2s

2050 |      121410    -2.0562257501e+08 Pr: 26856(4.96525e+07); Du: 0(4.89065e-07) 260.9s

2050 |      123518    -1.9337166000e+08 Pr: 26898(5.06379e+07); Du: 0(4.24049e-07) 268.7s

2050 |      124945    -1.8267028886e+08 Pr: 28738(1.32171e+08); Du: 0(4.40619e-07) 274.8s

2050 |      127137    -1.6855548553e+08 Pr: 23133(1.06149e+08); Du: 0(5.75836e-07) 281.7s

2050 |      129885    -1.5457306772e+08 Pr: 25833(3.34858e+08); Du: 0(4.66577e-07) 291.3s

2050 |      130899    -1.4869541751e+08 Pr: 24910(9.07744e+07); Du: 0(4.9613e-07) 296.5s

2050 |      132641    -1.3631924748e+08 Pr: 23155(1.12481e+08); Du: 0(4.81057e-07) 302.9s

2050 |      135178    -1.0924688563e+08 Pr: 23632(7.63843e+07); Du: 0(4.61206e-07) 310.6s

2050 |      136720    -8.9136600462e+07 Pr: 22540(4.9731e+08); Du: 0(5.51918e-07) 316.8s

2050 |      139177    -2.1266844233e+07 Pr: 17972(9.90765e+07); Du: 0(5.52866e-07) 323.7s

2050 |      140936    -4.2322933709e+06 Pr: 15825(2.4554e+07); Du: 0(6.5779e-07) 332.8s

2050 |      142820     1.6692443963e+07 Pr: 23540(6.3664e+08); Du: 0(9.9773e-07) 338.3s

2050 |      145237     3.5021712893e+07 Pr: 22355(1.00464e+08); Du: 0(8.16825e-07) 343.8s

2050 |      147458     5.2772662003e+07 Pr: 22957(3.4205e+08); Du: 0(9.96443e-07) 351.0s

2050 |      149486     8.1842727639e+07 Pr: 22111(5.06213e+07); Du: 0(9.00097e-07) 360.2s

2050 |      151596     9.2675230264e+07 Pr: 17416(1.71591e+08); Du: 0(9.71805e-07) 368.6s

2050 |      153604     1.0778513747e+08 Pr: 22804(4.85186e+08); Du: 0(1.30541e-06) 375.3s

2050 |      156254     1.2391009927e+08 Pr: 13626(2.37878e+07); Du: 0(1.34003e-06) 383.6s

2050 |      158415     1.2867305823e+08 Pr: 17903(3.18949e+07); Du: 0(1.43434e-06) 393.2s

2050 |      160328     1.3207175578e+08 Pr: 19456(1.75665e+07); Du: 0(1.30185e-06) 399.9s

2050 |      162239     1.3830542712e+08 Pr: 24347(3.58895e+07); Du: 0(9.77587e-07) 407.8s

2050 |      164015     1.4550355565e+08 Pr: 29187(3.81078e+07); Du: 0(1.17628e-06) 413.5s

2050 |      165753     1.5620602411e+08 Pr: 24127(5.80837e+07); Du: 0(1.14379e-06) 419.4s

2050 |      167469     1.6289618624e+08 Pr: 18921(3.79686e+07); Du: 0(1.05772e-06) 425.9s

2050 |      169333     1.6913203913e+08 Pr: 25794(5.74442e+07); Du: 0(9.5527e-07) 435.5s

2050 |      171077     1.7426889628e+08 Pr: 21265(2.97644e+07); Du: 0(8.98721e-07) 441.4s

2050 |      172949     1.7748955858e+08 Pr: 21015(1.04808e+07); Du: 0(1.14436e-06) 446.6s

2050 |      177126     1.8255416845e+08 Pr: 26359(1.58726e+07); Du: 0(1.01028e-06) 452.4s

2050 |      181516     1.8701318292e+08 Pr: 31403(2.20557e+07); Du: 0(1.10122e-06) 459.0s

2050 |      184926     1.8930731506e+08 Pr: 14910(4.51444e+06); Du: 0(1.02526e-06) 464.7s

2050 |      190273     1.9349236937e+08 Pr: 14771(7.86559e+06); Du: 0(1.29476e-06) 470.7s

2050 |      193734     1.9587327382e+08 Pr: 18834(5.11249e+06); Du: 0(8.44669e-07) 476.8s

2050 |      197172     1.9853290528e+08 Pr: 8460(2.73577e+06); Du: 0(1.25078e-06) 482.5s

2050 |      202909     2.0294474621e+08 Pr: 24624(9.30678e+06); Du: 0(1.05074e-06) 488.5s

2050 |      208647     2.0524164561e+08 Pr: 16223(1.48407e+07); Du: 0(9.72744e-07) 493.8s

2050 |      215126     2.0991611821e+08 Pr: 8243(1.46641e+06); Du: 0(1.08734e-06) 499.1s

2050 |      222092     2.1416625612e+08 Pr: 4838(441087); Du: 0(7.16126e-07) 504.8s

2050 |      230350     2.1818338958e+08 Pr: 5905(4.22645e+06); Du: 0(8.01734e-07) 510.4s

2050 |      237412     2.3035988339e+08 Pr: 13180(5.95835e+06); Du: 0(8.73886e-07) 515.9s

2050 |      243220     2.3178688851e+08 Pr: 12472(2.11163e+06); Du: 0(9.06554e-07) 521.0s

2050 |      249338     2.3422904100e+08 Pr: 6770(1.35917e+06); Du: 0(1.12668e-06) 526.2s

2050 |      255366     2.3645910157e+08 Pr: 2294(108791); Du: 0(1.17448e-06) 532.0s

2050 |      262684     2.3800914445e+08 Pr: 279(1058.91); Du: 0(1.16983e-06) 537.8s

2050 |      263088     2.3808392721e+08 Pr: 0(0); Du: 0(4.99049e-09) 538.0s



Performed postsolve

Solving the original LP from the solution after postsolve



Model name          : linopy-problem-7kq5d867

Model status        : Optimal

Simplex   iterations: 263088

Objective value     :  2.3808392721e+08

P-D objective error :  3.9242582052e-14

HiGHS run time      :        538.74

INFO:linopy.constants: Optimization successful: 

Status: ok

Termination condition: optimal

Solution: 247133 primals, 542109 duals

Objective: 2.38e+08

Solver: highs

Runtime: 538.74s

MIP gap: inf

Dual bound: 0.00e+00

Solver model: available

Solver message: Optimal



INFO:pypsa.optimization.optimize:The variable 'CO2_import_flow' could not be mapped to the network component because it does not include the symbol '-'.

INFO:pypsa.optimization.optimize:The shadow-prices of the constraints Generator-fix-p-lower, Generator-fix-p-upper, Generator-ext-p-lower, Generator-ext-p-upper, Link-fix-p-lower, Link-fix-p-upper, StorageUnit-fix-p_dispatch-lower, StorageUnit-fix-p_dispatch-upper, StorageUnit-ext-p_dispatch-lower, StorageUnit-ext-p_dispatch-upper, StorageUnit-fix-p_store-lower, StorageUnit-fix-p_store-upper, StorageUnit-ext-p_store-lower, StorageUnit-ext-p_store-upper, StorageUnit-fix-state_of_charge-lower, StorageUnit-fix-state_of_charge-upper, StorageUnit-ext-state_of_charge-lower, StorageUnit-ext-state_of_charge-upper, StorageUnit-energy_balance, reserve_margin_CO, CO2_import_ge_p, co2_CO, hybrid_charge_from_solar_Candidate_Solar_plus_Storage_Denver_Battery, hybrid_pair_p_nom_Candidate_Solar_plus_Storage_Denver_Battery, hybrid_charge_from_solar_Candidate_Solar_plus_Storage_East_Battery, hybrid_pair_p_nom_Candidate_Solar_plus_Storage_East_Battery, hybrid_charge_from_solar_Candidate_Solar_plus_Storage_Mountain_Battery, hybrid_pair_p_nom_Candidate_Solar_plus_Storage_Mountain_Battery, hybrid_charge_from_solar_Candidate_Solar_plus_Storage_North_Battery, hybrid_pair_p_nom_Candidate_Solar_plus_Storage_North_Battery, hybrid_charge_from_solar_Candidate_Solar_plus_Storage_South_Battery, hybrid_pair_p_nom_Candidate_Solar_plus_Storage_South_Battery, hybrid_charge_from_solar_Candidate_Solar_plus_Storage_West_Battery, hybrid_pair_p_nom_Candidate_Solar_plus_Storage_West_Battery were not assigned to the network.

=== YEAR 2050 DONE status=ok  wall=573s  objective=$238,083,927  vintages_carried=18 ===

Build-out by carrier (MW):

layer            existing  vintage  new_build    total

carrier                                               

Solar:PV          4,329.2  1,975.3   14,449.3 20,753.8

Wind                249.0 14,750.0    5,033.2 20,032.2

Gas:CT              726.2 14,008.1        0.0 14,734.3

Storage:Battery       0.0    417.8   10,477.7 10,895.5

Hydro               638.2      0.0        0.0    638.2

Hydro:Pumped        578.5      0.0        0.0    578.5

Zonal shadow prices, mean over snapshots ($/MWh):

name

Denver                 56.336081

North                  56.336081

South                  56.336081

Mountain               56.336081

East                   56.336081

West                   56.336081

Wyoming                56.456715

Utah                   74.688407

FourCorners            74.688407

NewMexico              74.688407

Nebraska               74.688407

EasternInterconnect    74.688407

Reserve margin (statewide, copper-plate):

  peak 20,521.2 MW at 2018-06-28 13:00:00  PRM 13.9%  requirement 23,373.6 MW

                 accredited_mw    p_nom

carrier                                

Gas:CC                     0.0      0.0

Gas:CT                13,274.5 14,734.3

Geothermal                 0.0      0.0

Hydro                    539.1    638.2

Hydro:Pumped             532.0    578.5

Nuclear:SMR                0.0      0.0

Solar+Storage              0.0      0.0

Solar:PV                 108.2 20,753.8

Storage:Battery        6,354.2 10,895.5

Wind                   5,533.4 20,032.2

  accredited total 26,341.5 MW  slack 2,967.9 MW

  dual $-0.00/MW-yr

CO2 cap (annual, production + attributed imports):

  cap 0.0000 MMT  solved 0.0000 MMT  in-state 0.0000  imports 0.0000  slack 0.0000

  import energy 0 MWh (positive Market.p only)

  dual $-55,406.74/metric ton  (native on co2_CO)

Storage cyclic-week energy balance (expect ~0):

  week 0: max |net| = 0.0000 MWh  (Candidate_Storage:Battery_East)

  week 1: max |net| = 0.0000 MWh  (Candidate_Storage:Battery_East)

  week 2: max |net| = 0.0000 MWh  (Mountain_Hydro:Pumped_agg)

  week 3: max |net| = 0.0000 MWh  (Candidate_Storage:Battery_East)

  week 4: max |net| = 0.0000 MWh  (Candidate_Storage:Battery_East)

  week 5: max |net| = 0.0000 MWh  (Candidate_Storage:Battery_East)

  week 6: max |net| = 0.0000 MWh  (Candidate_Storage:Battery_East)

  week 7: max |net| = 0.0000 MWh  (Candidate_Storage:Battery_East)

  week 8: max |net| = 0.0000 MWh  (Candidate_Storage:Battery_East)

  week 9: max |net| = 0.0000 MWh  (Candidate_Storage:Battery_East)

  week 10: max |net| = 0.0000 MWh  (Candidate_Storage:Battery_East)

Net interchange by interface (TWh, + = CO export):

  Link_West_FourCorners: West <-> FourCorners  +11.523 TWh

  Link_West_Utah: West <-> Utah  +8.491 TWh

  Link_East_Nebraska: East <-> Nebraska  +7.696 TWh

  Link_South_NewMexico: South <-> NewMexico  +2.412 TWh

  Link_Mountain_Wyoming: Mountain <-> Wyoming  +3.967 TWh

  Link_North_Wyoming: North <-> Wyoming  +14.830 TWh

  Link_East_EasternInterconnect: East <-> EasternInterconnect  +1.568 TWh

  total  +50.486 TWh

Annual cash-flow cost ($):

  capex_overnight  $22,294,201,057

  fom_existing  $145,769,440

  fom_vintage  $794,628,479

  fom_new  $547,000,596

  opex_instate  $164,300

  import_cost  $0

  export_revenue  $1,789,306,588

  annual_system_cost  $21,992,457,285

  annual_system_cost_ex_trade  $23,781,763,873

  lp_objective  $238,083,927

  identity_gap  $-0.00

  wrote pypsa\scenarios\unconstrained_internal\dispatch_2050.csv (213,000 rows)

  NPV (r=0.03, base=2030, step=5): total $40,777,539,956  ex_trade $59,470,861,924

INFO:pypsa.network.io:Exported network 'Unnamed Network' saved to '.\pypsa\scenarios\unconstrained_internal\2050.nc contains: loads, storage_units, carriers, buses, generators, links, sub_networks

  wrote pypsa\scenarios\unconstrained_internal\2050.nc



=== MYOPIC SEQUENCE COMPLETE ===

  pypsa\scenarios\unconstrained_internal\capacity_by_year.csv

  pypsa\scenarios\unconstrained_internal\solve.log

  pypsa\scenarios\unconstrained_internal\2030.nc

  pypsa\scenarios\unconstrained_internal\2035.nc

  pypsa\scenarios\unconstrained_internal\2040.nc

  pypsa\scenarios\unconstrained_internal\2045.nc

  pypsa\scenarios\unconstrained_internal\2050.nc

