--- solve.log cap95 start 2026-08-28T17:00:51 ---
  solve log: pypsa\scenarios\cap95\solve.log



--- Colorado PyPSA case: cap95 ---

Investment years: [2030, 2035, 2040, 2045, 2050]

internal_limits=True

neighbors=True

reserve_margin=True

zonal_ra=True

co2_cap=True

co2_path=cap95

relax_pmin=True

aggregate_large_cc=True

hybrid_candidates=True

HiGHS dual simplex, threads=2, include_objective_constant=False



=== YEAR 2030/2050 START (step 1/5) ===

  surviving vintages: 0 generators, 0 storage

.\.venv\Lib\site-packages\pypsa\network\io.py:2082: FutureWarning: pandas infers the `str` dtype for string data since its version 3.0. PyPSA still converts it back to numpy object dtype on import, but will keep it from PyPSA 2.0 on. Set `pypsa.options.api.legacy_string_dtype` explicitly to suppress this warning.

  new_static = _coerce_string_dtypes(new_static)



[1/6] Buses...

  6 CO buses: ['Denver', 'North', 'South', 'Mountain', 'East', 'West']

  6 external buses: ['Wyoming', 'Utah', 'FourCorners', 'NewMexico', 'Nebraska', 'EasternInterconnect']



[2/6] Links...

  11 links, internal_limits (raw_sum_mw), bidirectional

    Link_South_West: South <-> West  p_nom=363.1 MW

    Link_East_South: East <-> South  p_nom=994.4 MW

    Link_East_North: East <-> North  p_nom=1,245.3 MW

    Link_Denver_South: Denver <-> South  p_nom=3,024.1 MW

    Link_Mountain_South: Mountain <-> South  p_nom=1,394.4 MW

    Link_Denver_East: Denver <-> East  p_nom=1,769.1 MW

    Link_Mountain_West: Mountain <-> West  p_nom=1,720.9 MW

    Link_Denver_Mountain: Denver <-> Mountain  p_nom=522.0 MW

    Link_Denver_North: Denver <-> North  p_nom=6,786.4 MW

    Link_Mountain_North: Mountain <-> North  p_nom=37.2 MW

    Link_North_West: North <-> West  p_nom=421.5 MW

  7 links, external (raw_sum_mw), bidirectional

    Link_West_FourCorners: West <-> FourCorners  p_nom=1,555.6 MW

    Link_West_Utah: West <-> Utah  p_nom=1,118.8 MW

    Link_East_Nebraska: East <-> Nebraska  p_nom=1,044.0 MW

    Link_South_NewMexico: South <-> NewMexico  p_nom=324.9 MW

    Link_Mountain_Wyoming: Mountain <-> Wyoming  p_nom=504.8 MW

    Link_North_Wyoming: North <-> Wyoming  p_nom=2,031.5 MW

    Link_East_EasternInterconnect: East <-> EasternInterconnect  p_nom=210.0 MW



[3/6] Representative weeks (Milestone 2 load + Milestone 3 clustering)...

.\.venv\Lib\site-packages\tsam\pipeline\orchestrator.py:296: UserWarning: The time series covers 8760 time steps, which is not a whole number of 168-step periods. The last period is filled up with the first 144 time steps of the series so it can be clustered; its occurrence count is reduced accordingly and the padding is dropped again on reconstruction.

  period_profiles = unstack_to_periods(norm_data.values, cfg.n_timesteps_per_period)

INFO:pyomo.contrib.appsi.solvers.highs:Running HiGHS 1.15.1 (git hash: 04024d7): Copyright (c) 2026 under MIT licence terms

INFO:pyomo.contrib.appsi.solvers.highs:Includes third-party software components, see THIRD_PARTY_NOTICES.md for full details

INFO:pyomo.contrib.appsi.solvers.highs:MIP has 2863 rows; 2809 cols; 8374 nonzeros; 2809 integer variables (2809 binary)

INFO:pyomo.contrib.appsi.solvers.highs:Coefficient ranges:

INFO:pyomo.contrib.appsi.solvers.highs:  Matrix  [1e+00, 1e+00]

INFO:pyomo.contrib.appsi.solvers.highs:  Cost    [7e+01, 6e+02]

INFO:pyomo.contrib.appsi.solvers.highs:  Bound   [1e+00, 1e+00]

INFO:pyomo.contrib.appsi.solvers.highs:  RHS     [1e+00, 1e+01]

INFO:pyomo.contrib.appsi.solvers.highs:Presolving model

INFO:pyomo.contrib.appsi.solvers.highs:2810 rows, 2809 cols, 8374 nonzeros 0s

INFO:pyomo.contrib.appsi.solvers.highs:2810 rows, 2809 cols, 8374 nonzeros 0s

INFO:pyomo.contrib.appsi.solvers.highs:Presolve reductions: rows 2810(-53); columns 2809(-0); nonzeros 8374(-0) 

INFO:pyomo.contrib.appsi.solvers.highs:

INFO:pyomo.contrib.appsi.solvers.highs:Solving MIP model with:

INFO:pyomo.contrib.appsi.solvers.highs:   2810 rows

INFO:pyomo.contrib.appsi.solvers.highs:   2809 cols (2809 binary, 0 integer, 0 implied int., 0 continuous, 0 domain fixed)

INFO:pyomo.contrib.appsi.solvers.highs:   8374 nonzeros

INFO:pyomo.contrib.appsi.solvers.highs:   Thread count 2 (of 4 threads). Using 1 max workers. Parallel search off

INFO:pyomo.contrib.appsi.solvers.highs:

INFO:pyomo.contrib.appsi.solvers.highs:Src: B => Branching; C => Central rounding; F => Feasibility pump; H => Heuristic;

INFO:pyomo.contrib.appsi.solvers.highs:     I => Shifting; J => Feasibility jump; L => Sub-MIP; P => Empty MIP; R => Randomized rounding;

INFO:pyomo.contrib.appsi.solvers.highs:     S => Solve LP; T => Evaluate node; U => Unbounded; X => User solution; Y => HiGHS solution;

INFO:pyomo.contrib.appsi.solvers.highs:     Z => ZI Round; l => Trivial lower; p => Trivial point; u => Trivial upper; z => Trivial zero

INFO:pyomo.contrib.appsi.solvers.highs:

INFO:pyomo.contrib.appsi.solvers.highs:        Nodes      |    B&B Tree     |            Objective Bounds              |  Dynamic Constraints |       Work      

INFO:pyomo.contrib.appsi.solvers.highs:Src  Proc. InQueue |  Leaves   Expl. | BestBound       BestSol              Gap |   Cuts   InLp Confl. | LpIters     Time

INFO:pyomo.contrib.appsi.solvers.highs:

INFO:pyomo.contrib.appsi.solvers.highs: J       0       0         0   0.00%   -inf            12071.762821       Large        0      0      0         0     0.4s

INFO:pyomo.contrib.appsi.solvers.highs: T       0       0         0   0.00%   0               5624.730147      100.00%        0      0      0       236     0.6s

INFO:pyomo.contrib.appsi.solvers.highs:         1       0         1 100.00%   5624.730147     5624.730147        0.00%        0      0      0       236     0.7s

INFO:pyomo.contrib.appsi.solvers.highs:

INFO:pyomo.contrib.appsi.solvers.highs:Solving report

INFO:pyomo.contrib.appsi.solvers.highs:  Status            Optimal

INFO:pyomo.contrib.appsi.solvers.highs:  Primal bound      5624.73014677

INFO:pyomo.contrib.appsi.solvers.highs:  Dual bound        5624.73014677

INFO:pyomo.contrib.appsi.solvers.highs:  Gap               0% (tolerance: 0.01%)

INFO:pyomo.contrib.appsi.solvers.highs:  P-D integral      0.161763900425

INFO:pyomo.contrib.appsi.solvers.highs:  Solution status   feasible

INFO:pyomo.contrib.appsi.solvers.highs:                    5624.73014677 (objective)

INFO:pyomo.contrib.appsi.solvers.highs:                    0 (bound viol.)

INFO:pyomo.contrib.appsi.solvers.highs:                    0 (int. viol.)

INFO:pyomo.contrib.appsi.solvers.highs:                    0 (row viol.)

INFO:pyomo.contrib.appsi.solvers.highs:  Timing            0.67

INFO:pyomo.contrib.appsi.solvers.highs:                    0.13 (Presolve)

INFO:pyomo.contrib.appsi.solvers.highs:                    0.53 (Solve)

INFO:pyomo.contrib.appsi.solvers.highs:                    0.00 (Postsolve)

INFO:pyomo.contrib.appsi.solvers.highs:  Max sub-MIP depth 0

INFO:pyomo.contrib.appsi.solvers.highs:  Nodes             1

INFO:pyomo.contrib.appsi.solvers.highs:  Repair LPs        0

INFO:pyomo.contrib.appsi.solvers.highs:  LP iterations     236

INFO:pyomo.contrib.appsi.solvers.highs:                    0 (strong br.)

INFO:pyomo.contrib.appsi.solvers.highs:                    0 (separation)

INFO:pyomo.contrib.appsi.solvers.highs:                    0 (heuristics)

  1848 snapshots in 11 periods (weighted hours=8760.0)

    2018-12-03 00:00 to 2018-12-09 23:00  (168h)  weight=3.14

    2018-04-09 00:00 to 2018-04-15 23:00  (168h)  weight=6.00

    2018-05-07 00:00 to 2018-05-13 23:00  (168h)  weight=6.00

    2018-05-21 00:00 to 2018-05-27 23:00  (168h)  weight=3.00

    2018-06-04 00:00 to 2018-06-10 23:00  (168h)  weight=2.00

    2018-07-09 00:00 to 2018-07-15 23:00  (168h)  weight=2.00

    2018-08-06 00:00 to 2018-08-12 23:00  (168h)  weight=4.00

    2018-09-17 00:00 to 2018-09-23 23:00  (168h)  weight=6.00

    2018-10-22 00:00 to 2018-10-28 23:00  (168h)  weight=6.00

    2018-11-12 00:00 to 2018-11-18 23:00  (168h)  weight=11.00

    2018-06-25 00:00 to 2018-07-01 23:00  (168h)  weight=3.00



[4/6] Existing fleet + candidates...

  large CC merge: cherokee__7_cc  576.0 MW  (CT 336.0 + CA 240.0, scale=1.000)  co2=803.6 lb/MWh  hr=6761 Btu/kWh

  large CC merge: fort_st_vrain__1_cc  499.2 MW  (CT 292.0 + CA 207.2, scale=0.673)  co2=815.3 lb/MWh  hr=6859 Btu/kWh

  large CC merge: rocky_mountain_energy_center__STG1_cc  592.0 MW  (CT 292.0 + CA 300.0, scale=1.000)  co2=806.3 lb/MWh  hr=6784 Btu/kWh

  large CC merge: front_range_power_plant__3_cc  460.0 MW  (CT 270.0 + CA 190.0, scale=1.000)  co2=887.7 lb/MWh  hr=7469 Btu/kWh

  53 existing + 0 vintage + 41 candidate generators

  7 existing + 0 vintage + 12 candidate storage

  hybrid_candidates: 6 Solar+Storage generators, 6 storage

  6 market generators at Candidate_Gas:CC MC = $32.67/MWh

    Market_Wyoming: bus=Wyoming  p_nom=2,536.3 MW

    Market_Utah: bus=Utah  p_nom=1,118.8 MW

    Market_FourCorners: bus=FourCorners  p_nom=1,555.6 MW

    Market_NewMexico: bus=NewMexico  p_nom=324.9 MW

    Market_Nebraska: bus=Nebraska  p_nom=1,044.0 MW

    Market_EasternInterconnect: bus=EasternInterconnect  p_nom=210.0 MW

  relax_pmin: p_min_pu=0 on 94 in-state generators (6 Market_* kept at p_min_pu=-1)



[5/6] Capacity factors (aligned to representative snapshots)...

  p_max_pu assigned to 28 of 94 generators (solar/wind only)INFO:pypsa.consistency:Sanitizing network...



INFO:pypsa.components._types.carriers:Adding 15 missing carriers: ['AC', 'Coal', 'Gas:CC', 'Gas:CT', 'Gas:IC', 'Gas:ST', 'Geothermal', 'Hydro', 'Hydro:Pumped', 'Nuclear:SMR', 'Solar+Storage', 'Solar:PV', 'Storage:Battery', 'Wind', 'import']

INFO:pypsa.components._types.carriers:Assigned colors to 15 carriers using 'tab10' palette.



[6/6] Network assembled.INFO:pypsa.consistency:Network sanitization complete.



Solving 2030 (1848 snapshots, week-cyclic SOC, statewide PRM, zonal RA pipes, CO2 cap, relax_pmin, aggregate_large_cc, hybrid_candidates)...

  RA: peak=13,187.5 MW at 2018-06-28 13:00:00  PRM=15.7%  requirement=15,258.0 MW

  RA pipes: t*=2018-06-28 13:00:00  statewide peak=13,187.5 MW  11 internal interfaces

    RA_pipe_South_West: South <-> West  +/-63.5 MW

    RA_pipe_East_South: East <-> South  +/-484.4 MW

    RA_pipe_East_North: East <-> North  +/-591.5 MW

    RA_pipe_Denver_South: Denver <-> South  +/-1,610.4 MW

    RA_pipe_Mountain_South: Mountain <-> South  +/-683.8 MW

    RA_pipe_Denver_East: Denver <-> East  +/-464.5 MW

    RA_pipe_Mountain_West: Mountain <-> West  +/-961.1 MW

    RA_pipe_Denver_Mountain: Denver <-> Mountain  +/-73.1 MW

    RA_pipe_Denver_North: Denver <-> North  +/-4,070.5 MW

    RA_pipe_Mountain_North: Mountain <-> North  +/-0.0 MW  (N-1 zero)

    RA_pipe_North_West: North <-> West  +/-0.0 MW  (N-1 zero)

  zonal load at t*:

    Denver: 7,700.4 MW

    North: 1,296.3 MW

    South: 2,529.1 MW

    Mountain: 276.1 MW

    East: 437.0 MW

    West: 948.6 MW

  CO2: cap=8.4046 MMT (8,404,600 t)  path=cap95  import intensity=729.8 lb/MWh (Candidate_Gas:CC)

  large CC merge: cherokee__7_cc  576.0 MW  (CT 336.0 + CA 240.0, scale=1.000)  co2=803.6 lb/MWh  hr=6761 Btu/kWh


  large CC merge: fort_st_vrain__1_cc  499.2 MW  (CT 292.0 + CA 207.2, scale=0.673)  co2=815.3 lb/MWh  hr=6859 Btu/kWh


  large CC merge: rocky_mountain_energy_center__STG1_cc  592.0 MW  (CT 292.0 + CA 300.0, scale=1.000)  co2=806.3 lb/MWh  hr=6784 Btu/kWh


  large CC merge: front_range_power_plant__3_cc  460.0 MW  (CT 270.0 + CA 190.0, scale=1.000)  co2=887.7 lb/MWh  hr=7469 Btu/kWh


  large CC merge: cherokee__7_cc  576.0 MW  (CT 336.0 + CA 240.0, scale=1.000)  co2=803.6 lb/MWh  hr=6761 Btu/kWh


  large CC merge: fort_st_vrain__1_cc  499.2 MW  (CT 292.0 + CA 207.2, scale=0.673)  co2=815.3 lb/MWh  hr=6859 Btu/kWh


  large CC merge: rocky_mountain_energy_center__STG1_cc  592.0 MW  (CT 292.0 + CA 300.0, scale=1.000)  co2=806.3 lb/MWh  hr=6784 Btu/kWh


  large CC merge: front_range_power_plant__3_cc  460.0 MW  (CT 270.0 + CA 190.0, scale=1.000)  co2=887.7 lb/MWh  hr=7469 Btu/kWh


  large CC merge: cherokee__7_cc  576.0 MW  (CT 336.0 + CA 240.0, scale=1.000)  co2=803.6 lb/MWh  hr=6761 Btu/kWh


  large CC merge: fort_st_vrain__1_cc  499.2 MW  (CT 292.0 + CA 207.2, scale=0.673)  co2=815.3 lb/MWh  hr=6859 Btu/kWh


  large CC merge: rocky_mountain_energy_center__STG1_cc  592.0 MW  (CT 292.0 + CA 300.0, scale=1.000)  co2=806.3 lb/MWh  hr=6784 Btu/kWh


  large CC merge: front_range_power_plant__3_cc  460.0 MW  (CT 270.0 + CA 190.0, scale=1.000)  co2=887.7 lb/MWh  hr=7469 Btu/kWh


  hybrid: 6 pairs  p_nom equality on 6 extendable  charge-from-solar on 6


INFO:linopy.model: Solve problem using Highs solver

INFO:linopy.model:Solver options:

 - solver: simplex

 - threads: 2

INFO:linopy.io:Writing objective.


Writing constraints.:   0%|[38;2;128;191;255m          [0m| 0/55 [00:00<?, ?it/s]
Writing constraints.:   7%|[38;2;128;191;255m7         [0m| 4/55 [00:00<00:01, 27.39it/s]
Writing constraints.:  13%|[38;2;128;191;255m#2        [0m| 7/55 [00:00<00:03, 15.30it/s]
Writing constraints.:  20%|[38;2;128;191;255m##        [0m| 11/55 [00:00<00:02, 20.21it/s]
Writing constraints.:  25%|[38;2;128;191;255m##5       [0m| 14/55 [00:00<00:01, 22.28it/s]
Writing constraints.:  31%|[38;2;128;191;255m###       [0m| 17/55 [00:00<00:01, 24.08it/s]
Writing constraints.:  38%|[38;2;128;191;255m###8      [0m| 21/55 [00:01<00:02, 14.40it/s]
Writing constraints.:  44%|[38;2;128;191;255m####3     [0m| 24/55 [00:01<00:02, 10.50it/s]
Writing constraints.:  53%|[38;2;128;191;255m#####2    [0m| 29/55 [00:01<00:01, 15.29it/s]
Writing constraints.:  62%|[38;2;128;191;255m######1   [0m| 34/55 [00:01<00:01, 19.83it/s]
Writing constraints.:  67%|[38;2;128;191;255m######7   [0m| 37/55 [00:02<00:01, 17.10it/s]
Writing constraints.:  73%|[38;2;128;191;255m#######2  [0m| 40/55 [00:02<00:01, 11.18it/s]
Writing constraints.:  76%|[38;2;128;191;255m#######6  [0m| 42/55 [00:03<00:01,  9.71it/s]
Writing constraints.:  80%|[38;2;128;191;255m########  [0m| 44/55 [00:03<00:01, 10.36it/s]
Writing constraints.:  91%|[38;2;128;191;255m######### [0m| 50/55 [00:03<00:00, 17.01it/s]
Writing constraints.: 100%|[38;2;128;191;255m##########[0m| 55/55 [00:03<00:00, 21.97it/s]
Writing constraints.: 100%|[38;2;128;191;255m##########[0m| 55/55 [00:03<00:00, 16.12it/s]


Writing continuous variables.:   0%|[38;2;128;191;255m          [0m| 0/9 [00:00<?, ?it/s]
Writing continuous variables.:  44%|[38;2;128;191;255m####4     [0m| 4/9 [00:00<00:00, 33.99it/s]
Writing continuous variables.: 100%|[38;2;128;191;255m##########[0m| 9/9 [00:00<00:00, 42.41it/s]
Writing continuous variables.: 100%|[38;2;128;191;255m##########[0m| 9/9 [00:00<00:00, 41.05it/s]

INFO:linopy.io: Writing time: 3.69s

Running HiGHS 1.15.1 (git hash: 04024d7): Copyright (c) 2026 under MIT licence terms

Includes third-party software components, see THIRD_PARTY_NOTICES.md for full details

LP linopy-problem-14ojszhd has 726331 rows; 334552 cols; 1385388 nonzeros

Coefficient ranges:

  Matrix  [4e-05, 1e+01]

  Cost    [8e-01, 7e+05]

  Bound   [6e+01, 4e+03]

  RHS     [9e-04, 8e+06]

WARNING: Problem has some excessively large row bounds

WARNING:    Consider scaling the    bounds by 1e-1, or setting the user_bound_scale option to -4

Presolving model

190085 rows, 301566 cols, 800293 nonzeros 2s

Dependent equations search running on 41453 equations with time limit of 1000.00s

Dependent equations search removed 0 rows and 0 nonzeros in 0.02s (limit = 1000.00s)

183490 rows, 262745 cols, 745407 nonzeros 4s

Presolve reductions: rows 183490(-542841); columns 262745(-71807); nonzeros 745407(-639981) 

Solving the presolved LP

Using dual simplex solver



========== HiGHS simplex: YEAR 2030 (step 1/5) ==========

2030 |   Iteration        Objective     Infeasibilities num(sum)

2030 |           0    -1.9434122514e+09 Pr: 11091(2.23266e+07) 5.2s

2030 |       12982    -1.9434119091e+09 Pr: 10551(4.96953e+07); Du: 0(2.61222e-05) 10.5s

2030 |       26225    -1.5490741379e+09 Pr: 12761(1.88008e+07); Du: 0(2.79575e-05) 15.6s

2030 |       34189    -1.4199793544e+09 Pr: 14710(2.00935e+07); Du: 0(2.39334e-05) 20.7s

2030 |       43431    -1.2665511830e+09 Pr: 16842(3.14966e+07); Du: 0(2.21382e-05) 25.8s

2030 |       51645    -1.0899087990e+09 Pr: 19012(3.80857e+07); Du: 0(2.07547e-05) 31.4s

2030 |       62399    -9.2856575709e+08 Pr: 21130(4.31675e+07); Du: 0(2.04143e-05) 36.7s

2030 |       72067    -7.7802698659e+08 Pr: 23210(1.00716e+08); Du: 0(1.9013e-05) 42.0s

2030 |       80375    -2.3312312108e+08 Pr: 36409(3.05583e+08); Du: 0(1.7078e-05) 47.1s

2030 |       81988    -2.3156771467e+08 Pr: 36722(4.00593e+08); Du: 0(1.65564e-05) 53.5s

2030 |       85702    -1.2406743452e+08 Pr: 36718(1.05936e+08); Du: 0(1.60452e-05) 59.6s

2030 |       88272    -1.0066626800e+08 Pr: 47116(1.79435e+09); Du: 0(1.50136e-05) 65.8s

2030 |       90155    -6.1043151604e+07 Pr: 42517(1.0359e+09); Du: 0(1.47414e-05) 70.9s

2030 |       94226    -8.7980852443e+06 Pr: 42667(4.8952e+09); Du: 0(1.49947e-05) 76.1s

2030 |       96809     2.0468588390e+07 Pr: 41310(7.20137e+07); Du: 0(1.53208e-05) 82.1s

2030 |       99524     6.6066410270e+07 Pr: 40565(2.99626e+09); Du: 0(1.46377e-05) 87.4s

2030 |      103147     1.1337590235e+08 Pr: 37325(1.36538e+09); Du: 0(1.57143e-05) 92.5s

2030 |      105501     1.6478460315e+08 Pr: 36199(8.11873e+07); Du: 0(1.6084e-05) 98.4s

2030 |      108968     2.2893089946e+08 Pr: 29876(1.283e+08); Du: 0(1.69334e-05) 103.4s

2030 |      111671     2.8008255143e+08 Pr: 33808(3.3241e+07); Du: 0(1.84106e-05) 110.4s

2030 |      117090     3.5678521429e+08 Pr: 29537(3.61428e+07); Du: 0(1.93198e-05) 115.4s

2030 |      121266     3.9954847313e+08 Pr: 35354(3.1658e+07); Du: 0(1.74251e-05) 120.8s

2030 |      125033     4.5216331405e+08 Pr: 33159(1.30207e+08); Du: 0(1.87719e-05) 126.2s

2030 |      128115     4.6740596333e+08 Pr: 42460(1.33216e+08); Du: 0(1.97731e-05) 132.2s

2030 |      131268     4.8382064934e+08 Pr: 34408(1.95231e+07); Du: 0(2.17828e-05) 137.7s

2030 |      134636     5.1779308060e+08 Pr: 34917(4.25489e+07); Du: 0(2.24074e-05) 143.3s

2030 |      137118     5.3595878218e+08 Pr: 30338(2.93457e+07); Du: 0(2.23135e-05) 148.4s

2030 |      139441     5.5473038512e+08 Pr: 34691(1.94469e+07); Du: 0(2.44323e-05) 154.0s

2030 |      142167     5.6813915629e+08 Pr: 35173(6.86635e+07); Du: 0(2.36698e-05) 159.2s

2030 |      146046     5.8455803575e+08 Pr: 27703(1.65791e+07); Du: 0(2.5846e-05) 164.8s

2030 |      149774     5.9649521068e+08 Pr: 29930(4.68875e+07); Du: 0(2.65105e-05) 170.3s

2030 |      154058     6.1114525926e+08 Pr: 36567(2.47467e+07); Du: 0(2.63699e-05) 176.4s

2030 |      158231     6.2093675438e+08 Pr: 21130(7.51781e+06); Du: 0(2.88177e-05) 183.0s

2030 |      160833     6.2639467051e+08 Pr: 29363(3.58064e+08); Du: 0(2.97319e-05) 191.3s

2030 |      163504     6.3159961530e+08 Pr: 26460(1.99645e+07); Du: 0(3.05528e-05) 199.3s

2030 |      166781     6.3733808331e+08 Pr: 20140(6.42901e+06); Du: 0(3.14421e-05) 205.6s

2030 |      170201     6.5815274524e+08 Pr: 38702(1.60149e+08); Du: 0(3.12404e-05) 211.4s

2030 |      173150     6.6254769445e+08 Pr: 30725(1.958e+07); Du: 0(3.34764e-05) 216.8s

2030 |      176330     6.6858008710e+08 Pr: 26209(1.23273e+07); Du: 0(3.20919e-05) 223.3s

2030 |      177698     6.6959905445e+08 Pr: 28845(2.22381e+08); Du: 0(2.98465e-05) 229.9s

2030 |      180632     6.7435244651e+08 Pr: 18651(4.33905e+06); Du: 0(3.34772e-05) 235.5s

2030 |      183412     6.7713301873e+08 Pr: 24783(8.642e+07); Du: 0(3.44198e-05) 241.5s

2030 |      185171     6.7809669782e+08 Pr: 25386(1.867e+07); Du: 0(3.25964e-05) 247.8s

2030 |      189068     6.8239748635e+08 Pr: 16546(3.00013e+06); Du: 0(3.44437e-05) 253.7s

2030 |      191907     6.8588071282e+08 Pr: 33867(1.18772e+07); Du: 0(3.58651e-05) 259.5s

2030 |      194339     6.8852778908e+08 Pr: 18993(2.87447e+07); Du: 0(3.40793e-05) 265.9s

2030 |      197694     6.9062819429e+08 Pr: 20399(2.15137e+06); Du: 0(3.63127e-05) 271.2s

2030 |      199685     6.9206984202e+08 Pr: 15028(2.07483e+06); Du: 0(3.63165e-05) 277.4s

2030 |      205283     7.1356415660e+08 Pr: 22055(3.38197e+07); Du: 0(3.61467e-05) 282.4s

2030 |      208482     7.2694063387e+08 Pr: 25641(2.32705e+07); Du: 0(3.58896e-05) 288.1s

2030 |      210263     7.2861745206e+08 Pr: 15798(4.94893e+06); Du: 0(3.78058e-05) 293.4s

2030 |      212397     7.3015254355e+08 Pr: 12876(2.21214e+06); Du: 0(3.84938e-05) 299.9s

2030 |      214108     7.3073518224e+08 Pr: 21367(1.3596e+07); Du: 0(3.83761e-05) 305.2s

2030 |      217213     7.3631697467e+08 Pr: 26094(2.57097e+07); Du: 0(3.88227e-05) 311.8s

2030 |      219896     7.4104571101e+08 Pr: 19145(2.09034e+07); Du: 0(3.77106e-05) 318.8s

2030 |      222727     7.4633220354e+08 Pr: 14983(1.55502e+07); Du: 0(3.78611e-05) 325.4s

2030 |      224679     7.5139582003e+08 Pr: 11841(2.53711e+06); Du: 0(3.89754e-05) 331.0s

2030 |      226786     7.5184597407e+08 Pr: 10547(1.05464e+06); Du: 0(3.89116e-05) 337.3s

2030 |      229218     7.5285044310e+08 Pr: 21160(2.05225e+06); Du: 0(3.83078e-05) 344.4s

2030 |      230817     7.5319229102e+08 Pr: 15098(956944); Du: 0(3.80536e-05) 349.8s

2030 |      236191     7.5836733346e+08 Pr: 13597(5.27535e+06); Du: 0(3.90892e-05) 354.9s

2030 |      237830     7.5892371664e+08 Pr: 7143(1.79484e+06); Du: 0(3.87676e-05) 359.9s

2030 |      242598     7.6241254142e+08 Pr: 11311(1.34938e+06); Du: 0(3.98775e-05) 366.6s

2030 |      245639     7.6273387741e+08 Pr: 3305(195584); Du: 0(3.887e-05) 373.1s

2030 |      247386     7.6303792282e+08 Pr: 3823(125341); Du: 0(3.94195e-05) 378.6s

2030 |      250412     7.6387042499e+08 Pr: 1731(12941.1); Du: 0(3.95797e-05) 384.6s

2030 |      252412     7.6445280662e+08 Pr: 0(0); Du: 0(1.0772e-08) 386.8s

2030 |      252412     7.6445280662e+08 Pr: 0(0); Du: 0(1.0772e-08) 386.8s



Performed postsolve

Solving the original LP from the solution after postsolve



Model name          : linopy-problem-14ojszhd

Model status        : Optimal

Simplex   iterations: 252412

Objective value     :  7.6445280662e+08

P-D objective error :  3.1344076412e-14

HiGHS run time      :        387.73

INFO:linopy.constants: Optimization successful: 

Status: ok

Termination condition: optimal

Solution: 334552 primals, 726540 duals

Objective: 7.64e+08

Solver: highs

Runtime: 387.73s

MIP gap: inf

Dual bound: 0.00e+00

Solver model: available

Solver message: Optimal



INFO:pypsa.optimization.optimize:The variable 'RA_pipe' could not be mapped to the network component because it does not include the symbol '-'.

INFO:pypsa.optimization.optimize:The variable 'CO2_import_flow' could not be mapped to the network component because it does not include the symbol '-'.

INFO:pypsa.optimization.optimize:The shadow-prices of the constraints Generator-fix-p-lower, Generator-fix-p-upper, Generator-ext-p-lower, Generator-ext-p-upper, Link-fix-p-lower, Link-fix-p-upper, StorageUnit-fix-p_dispatch-lower, StorageUnit-fix-p_dispatch-upper, StorageUnit-ext-p_dispatch-lower, StorageUnit-ext-p_dispatch-upper, StorageUnit-fix-p_store-lower, StorageUnit-fix-p_store-upper, StorageUnit-ext-p_store-lower, StorageUnit-ext-p_store-upper, StorageUnit-fix-state_of_charge-lower, StorageUnit-fix-state_of_charge-upper, StorageUnit-ext-state_of_charge-lower, StorageUnit-ext-state_of_charge-upper, StorageUnit-energy_balance, reserve_margin_CO, RA_deliverability_Denver, RA_deliverability_North, RA_deliverability_South, RA_deliverability_Mountain, RA_deliverability_East, RA_deliverability_West, CO2_import_ge_p, co2_CO, hybrid_charge_from_solar_Candidate_Solar_plus_Storage_Denver_Battery, hybrid_pair_p_nom_Candidate_Solar_plus_Storage_Denver_Battery, hybrid_charge_from_solar_Candidate_Solar_plus_Storage_East_Battery, hybrid_pair_p_nom_Candidate_Solar_plus_Storage_East_Battery, hybrid_charge_from_solar_Candidate_Solar_plus_Storage_Mountain_Battery, hybrid_pair_p_nom_Candidate_Solar_plus_Storage_Mountain_Battery, hybrid_charge_from_solar_Candidate_Solar_plus_Storage_North_Battery, hybrid_pair_p_nom_Candidate_Solar_plus_Storage_North_Battery, hybrid_charge_from_solar_Candidate_Solar_plus_Storage_South_Battery, hybrid_pair_p_nom_Candidate_Solar_plus_Storage_South_Battery, hybrid_charge_from_solar_Candidate_Solar_plus_Storage_West_Battery, hybrid_pair_p_nom_Candidate_Solar_plus_Storage_West_Battery were not assigned to the network.

=== YEAR 2030 DONE status=ok  wall=443s  objective=$764,452,807  vintages_carried=4 ===

Build-out by carrier (MW):

layer            existing  vintage  new_build    total

carrier                                               

Wind              5,307.0      0.0    9,797.9 15,104.9

Gas:CT            3,191.4      0.0    1,780.0  4,971.4

Solar:PV          4,659.7      0.0        0.0  4,659.7

Gas:CC            2,799.2      0.0        0.0  2,799.2

Storage:Battery   1,202.3      0.0        0.0  1,202.3

Coal                750.0      0.0        0.0    750.0

Hydro               687.6      0.0        0.0    687.6

Gas:ST              602.0      0.0        0.0    602.0

Hydro:Pumped        578.5      0.0        0.0    578.5

Gas:IC              278.6      0.0        0.0    278.6

Zonal shadow prices, mean over snapshots ($/MWh):

name

Denver                 27.300391

North                  27.300391

South                  27.300391

Mountain               32.486498

East                   24.337122

West                   32.486498

Wyoming                32.673570

Utah                   32.673570

FourCorners            32.673570

NewMexico              32.673570

Nebraska               32.673570

EasternInterconnect    32.673570

  large CC merge: cherokee__7_cc  576.0 MW  (CT 336.0 + CA 240.0, scale=1.000)  co2=803.6 lb/MWh  hr=6761 Btu/kWh

  large CC merge: fort_st_vrain__1_cc  499.2 MW  (CT 292.0 + CA 207.2, scale=0.673)  co2=815.3 lb/MWh  hr=6859 Btu/kWh

  large CC merge: rocky_mountain_energy_center__STG1_cc  592.0 MW  (CT 292.0 + CA 300.0, scale=1.000)  co2=806.3 lb/MWh  hr=6784 Btu/kWh

  large CC merge: front_range_power_plant__3_cc  460.0 MW  (CT 270.0 + CA 190.0, scale=1.000)  co2=887.7 lb/MWh  hr=7469 Btu/kWh

Reserve margin (statewide, copper-plate):

  peak 13,187.5 MW at 2018-06-28 13:00:00  PRM 15.7%  requirement 15,258.0 MW

                 accredited_mw    p_nom

carrier                                

Coal                     666.7    750.0

Gas:CC                 2,612.9  2,799.2

Gas:CT                 4,485.8  4,971.4

Gas:IC                   232.5    278.6

Gas:ST                   505.3    602.0

Geothermal                 0.0      0.0

Hydro                    580.8    687.6

Hydro:Pumped             532.0    578.5

Nuclear:SMR                0.0      0.0

Solar+Storage              0.0      0.0

Solar:PV                 626.7  4,659.7

Storage:Battery          950.4  1,202.3

Wind                   4,064.8 15,104.9

  accredited total 15,258.0 MW  slack 0.0 MW

  dual $105,851.75/MW-yr

  large CC merge: cherokee__7_cc  576.0 MW  (CT 336.0 + CA 240.0, scale=1.000)  co2=803.6 lb/MWh  hr=6761 Btu/kWh

  large CC merge: fort_st_vrain__1_cc  499.2 MW  (CT 292.0 + CA 207.2, scale=0.673)  co2=815.3 lb/MWh  hr=6859 Btu/kWh

  large CC merge: rocky_mountain_energy_center__STG1_cc  592.0 MW  (CT 292.0 + CA 300.0, scale=1.000)  co2=806.3 lb/MWh  hr=6784 Btu/kWh

  large CC merge: front_range_power_plant__3_cc  460.0 MW  (CT 270.0 + CA 190.0, scale=1.000)  co2=887.7 lb/MWh  hr=7469 Btu/kWh

Zonal deliverability (firm RA pipes at t*):

  t* 2018-06-28 13:00:00  statewide peak 13,187.5 MW

          accredited_mw  net_firm_in_mw  load_at_tstar_mw  slack_mw  dual

zone                                                                     

Denver          2,039.0         5,661.3           7,700.4      -0.0  -0.0

North           6,648.8        -4,662.0           1,296.3     690.4  -0.0

South           2,949.7          -420.7           2,529.1       0.0  -0.0

Mountain          252.2            23.9             276.1       0.0  -0.0

East            2,174.4          -357.4             437.0   1,380.0  -0.0

West            1,193.7          -245.2             948.6       0.0  -0.0

RA pipe flows (positive = from -> to):

                             from        to  flow_mw  limit_mw  at_bound

pipe                                                                    

RA_pipe_South_West          South      West     63.5      63.5      True

RA_pipe_East_South           East     South    484.4     484.4      True

RA_pipe_East_North           East     North   -591.5     591.5      True

RA_pipe_Denver_South       Denver     South -1,053.2   1,610.4     False

RA_pipe_Mountain_South   Mountain     South    211.7     683.8     False

RA_pipe_Denver_East        Denver      East   -464.5     464.5      True

RA_pipe_Mountain_West    Mountain      West   -308.7     961.1     False

RA_pipe_Denver_Mountain    Denver  Mountain    -73.1      73.1      True

RA_pipe_Denver_North       Denver     North -4,070.5   4,070.5      True

RA_pipe_Mountain_North   Mountain     North      0.0       0.0      True

RA_pipe_North_West          North      West      0.0       0.0      True

  reserve_margin_CO dual $105,851.75/MW-yr

  large CC merge: cherokee__7_cc  576.0 MW  (CT 336.0 + CA 240.0, scale=1.000)  co2=803.6 lb/MWh  hr=6761 Btu/kWh

  large CC merge: fort_st_vrain__1_cc  499.2 MW  (CT 292.0 + CA 207.2, scale=0.673)  co2=815.3 lb/MWh  hr=6859 Btu/kWh

  large CC merge: rocky_mountain_energy_center__STG1_cc  592.0 MW  (CT 292.0 + CA 300.0, scale=1.000)  co2=806.3 lb/MWh  hr=6784 Btu/kWh

  large CC merge: front_range_power_plant__3_cc  460.0 MW  (CT 270.0 + CA 190.0, scale=1.000)  co2=887.7 lb/MWh  hr=7469 Btu/kWh

CO2 cap (annual, production + attributed imports):

  cap 8.4046 MMT  solved 8.4046 MMT  in-state 5.2620  imports 3.1426  slack 0.0000

  import energy 9,493,464 MWh (positive Market.p only)

  dual $-0.00/metric ton  (native on co2_CO)

Storage cyclic-week energy balance (expect ~0):

  week 0: max |net| = 0.0000 MWh  (Denver_Storage:Battery_agg)

  week 1: max |net| = 0.0000 MWh  (Denver_Hydro:Pumped_agg)

  week 2: max |net| = 0.0000 MWh  (Denver_Hydro:Pumped_agg)

  week 3: max |net| = 0.0000 MWh  (Denver_Hydro:Pumped_agg)

  week 4: max |net| = 0.0000 MWh  (Denver_Hydro:Pumped_agg)

  week 5: max |net| = 0.0000 MWh  (Denver_Hydro:Pumped_agg)

  week 6: max |net| = 0.0000 MWh  (Denver_Hydro:Pumped_agg)

  week 7: max |net| = 0.0000 MWh  (South_Storage:Battery_agg)

  week 8: max |net| = 0.0000 MWh  (Denver_Hydro:Pumped_agg)

  week 9: max |net| = 0.0000 MWh  (Denver_Hydro:Pumped_agg)

  week 10: max |net| = 0.0000 MWh  (South_Storage:Battery_agg)

Net interchange by interface (TWh, + = CO export):

  Link_West_FourCorners: West <-> FourCorners  +3.922 TWh

  Link_West_Utah: West <-> Utah  +2.960 TWh

  Link_East_Nebraska: East <-> Nebraska  +3.929 TWh

  Link_South_NewMexico: South <-> NewMexico  +0.970 TWh

  Link_Mountain_Wyoming: Mountain <-> Wyoming  +0.848 TWh

  Link_North_Wyoming: North <-> Wyoming  +6.412 TWh

  Link_East_EasternInterconnect: East <-> EasternInterconnect  +0.701 TWh

  total  +19.742 TWh

Annual cash-flow cost ($):

  capex_overnight  $13,886,183,138

  fom_existing  $459,797,072

  fom_vintage  $0

  fom_new  $331,185,283

  opex_instate  $152,665,538

  import_cost  $310,185,357

  export_revenue  $955,236,212

  annual_system_cost  $14,184,780,177

  annual_system_cost_ex_trade  $14,829,831,032

  lp_objective  $764,452,807

  identity_gap  $-0.00

  wrote pypsa\scenarios\cap95\dispatch_2030.csv (286,440 rows)

INFO:pypsa.network.io:Exported network 'Unnamed Network' saved to '.\pypsa\scenarios\cap95\2030.nc contains: buses, generators, storage_units, sub_networks, carriers, loads, links

  wrote pypsa\scenarios\cap95\2030.nc



=== YEAR 2035/2050 START (step 2/5) ===

  surviving vintages: 4 generators, 0 storage



[1/6] Buses...

  6 CO buses: ['Denver', 'North', 'South', 'Mountain', 'East', 'West']

  6 external buses: ['Wyoming', 'Utah', 'FourCorners', 'NewMexico', 'Nebraska', 'EasternInterconnect']



[2/6] Links...

  11 links, internal_limits (raw_sum_mw), bidirectional

    Link_South_West: South <-> West  p_nom=363.1 MW

    Link_East_South: East <-> South  p_nom=994.4 MW

    Link_East_North: East <-> North  p_nom=1,245.3 MW

    Link_Denver_South: Denver <-> South  p_nom=3,024.1 MW

    Link_Mountain_South: Mountain <-> South  p_nom=1,394.4 MW

    Link_Denver_East: Denver <-> East  p_nom=1,769.1 MW

    Link_Mountain_West: Mountain <-> West  p_nom=1,720.9 MW

    Link_Denver_Mountain: Denver <-> Mountain  p_nom=522.0 MW

    Link_Denver_North: Denver <-> North  p_nom=6,786.4 MW

    Link_Mountain_North: Mountain <-> North  p_nom=37.2 MW

    Link_North_West: North <-> West  p_nom=421.5 MW

  7 links, external (raw_sum_mw), bidirectional

    Link_West_FourCorners: West <-> FourCorners  p_nom=1,555.6 MW

    Link_West_Utah: West <-> Utah  p_nom=1,118.8 MW

    Link_East_Nebraska: East <-> Nebraska  p_nom=1,044.0 MW

    Link_South_NewMexico: South <-> NewMexico  p_nom=324.9 MW

    Link_Mountain_Wyoming: Mountain <-> Wyoming  p_nom=504.8 MW

    Link_North_Wyoming: North <-> Wyoming  p_nom=2,031.5 MW

    Link_East_EasternInterconnect: East <-> EasternInterconnect  p_nom=210.0 MW



[3/6] Representative weeks (Milestone 2 load + Milestone 3 clustering)...

.\.venv\Lib\site-packages\tsam\pipeline\orchestrator.py:296: UserWarning: The time series covers 8760 time steps, which is not a whole number of 168-step periods. The last period is filled up with the first 144 time steps of the series so it can be clustered; its occurrence count is reduced accordingly and the padding is dropped again on reconstruction.

  period_profiles = unstack_to_periods(norm_data.values, cfg.n_timesteps_per_period)

INFO:pyomo.contrib.appsi.solvers.highs:Running HiGHS 1.15.1 (git hash: 04024d7): Copyright (c) 2026 under MIT licence terms

INFO:pyomo.contrib.appsi.solvers.highs:Includes third-party software components, see THIRD_PARTY_NOTICES.md for full details

INFO:pyomo.contrib.appsi.solvers.highs:MIP has 2863 rows; 2809 cols; 8374 nonzeros; 2809 integer variables (2809 binary)

INFO:pyomo.contrib.appsi.solvers.highs:Coefficient ranges:

INFO:pyomo.contrib.appsi.solvers.highs:  Matrix  [1e+00, 1e+00]

INFO:pyomo.contrib.appsi.solvers.highs:  Cost    [7e+01, 6e+02]

INFO:pyomo.contrib.appsi.solvers.highs:  Bound   [1e+00, 1e+00]

INFO:pyomo.contrib.appsi.solvers.highs:  RHS     [1e+00, 1e+01]

INFO:pyomo.contrib.appsi.solvers.highs:Presolving model

INFO:pyomo.contrib.appsi.solvers.highs:2810 rows, 2809 cols, 8374 nonzeros 0s

INFO:pyomo.contrib.appsi.solvers.highs:2810 rows, 2809 cols, 8374 nonzeros 0s

INFO:pyomo.contrib.appsi.solvers.highs:Presolve reductions: rows 2810(-53); columns 2809(-0); nonzeros 8374(-0) 

INFO:pyomo.contrib.appsi.solvers.highs:

INFO:pyomo.contrib.appsi.solvers.highs:Solving MIP model with:

INFO:pyomo.contrib.appsi.solvers.highs:   2810 rows

INFO:pyomo.contrib.appsi.solvers.highs:   2809 cols (2809 binary, 0 integer, 0 implied int., 0 continuous, 0 domain fixed)

INFO:pyomo.contrib.appsi.solvers.highs:   8374 nonzeros

INFO:pyomo.contrib.appsi.solvers.highs:   Thread count 2 (of 4 threads). Using 1 max workers. Parallel search off

INFO:pyomo.contrib.appsi.solvers.highs:

INFO:pyomo.contrib.appsi.solvers.highs:Src: B => Branching; C => Central rounding; F => Feasibility pump; H => Heuristic;

INFO:pyomo.contrib.appsi.solvers.highs:     I => Shifting; J => Feasibility jump; L => Sub-MIP; P => Empty MIP; R => Randomized rounding;

INFO:pyomo.contrib.appsi.solvers.highs:     S => Solve LP; T => Evaluate node; U => Unbounded; X => User solution; Y => HiGHS solution;

INFO:pyomo.contrib.appsi.solvers.highs:     Z => ZI Round; l => Trivial lower; p => Trivial point; u => Trivial upper; z => Trivial zero

INFO:pyomo.contrib.appsi.solvers.highs:

INFO:pyomo.contrib.appsi.solvers.highs:        Nodes      |    B&B Tree     |            Objective Bounds              |  Dynamic Constraints |       Work      

INFO:pyomo.contrib.appsi.solvers.highs:Src  Proc. InQueue |  Leaves   Expl. | BestBound       BestSol              Gap |   Cuts   InLp Confl. | LpIters     Time

INFO:pyomo.contrib.appsi.solvers.highs:

INFO:pyomo.contrib.appsi.solvers.highs: J       0       0         0   0.00%   -inf            12823.005754       Large        0      0      0         0     0.2s

INFO:pyomo.contrib.appsi.solvers.highs: R       0       0         0   0.00%   5987.417213     7358.079589       18.63%        0      0      0       259     0.3s

INFO:pyomo.contrib.appsi.solvers.highs: L       0       0         0 100.00%   5988.070925     5988.070925        0.00%       40      1     25       260     0.5s

INFO:pyomo.contrib.appsi.solvers.highs:         1       0         1 100.00%   5988.070925     5988.070925        0.00%       40      1     25       260     0.5s

INFO:pyomo.contrib.appsi.solvers.highs:

INFO:pyomo.contrib.appsi.solvers.highs:Solving report

INFO:pyomo.contrib.appsi.solvers.highs:  Status            Optimal

INFO:pyomo.contrib.appsi.solvers.highs:  Primal bound      5988.07092499

INFO:pyomo.contrib.appsi.solvers.highs:  Dual bound        5988.07092499

INFO:pyomo.contrib.appsi.solvers.highs:  Gap               0% (tolerance: 0.01%)

INFO:pyomo.contrib.appsi.solvers.highs:  P-D integral      0.0915498032522

INFO:pyomo.contrib.appsi.solvers.highs:  Solution status   feasible

INFO:pyomo.contrib.appsi.solvers.highs:                    5988.07092499 (objective)

INFO:pyomo.contrib.appsi.solvers.highs:                    0 (bound viol.)

INFO:pyomo.contrib.appsi.solvers.highs:                    0 (int. viol.)

INFO:pyomo.contrib.appsi.solvers.highs:                    0 (row viol.)

INFO:pyomo.contrib.appsi.solvers.highs:  Timing            0.51

INFO:pyomo.contrib.appsi.solvers.highs:                    0.15 (Presolve)

INFO:pyomo.contrib.appsi.solvers.highs:                        MIP    time [calls] = 0.09 [1]

INFO:pyomo.contrib.appsi.solvers.highs:                        subMIP time [calls] = 0.07 [1]

INFO:pyomo.contrib.appsi.solvers.highs:                    0.36 (Solve)

INFO:pyomo.contrib.appsi.solvers.highs:                        MIP    time [calls] = 0.26 [1]

INFO:pyomo.contrib.appsi.solvers.highs:                        subMIP time [calls] = 0.10 [1]

INFO:pyomo.contrib.appsi.solvers.highs:                    0.00 (Postsolve)

INFO:pyomo.contrib.appsi.solvers.highs:                        MIP    time [calls] = 0.00 [1]

INFO:pyomo.contrib.appsi.solvers.highs:                        subMIP time [calls] = 0.00 [1]

INFO:pyomo.contrib.appsi.solvers.highs:  Max sub-MIP depth 2

INFO:pyomo.contrib.appsi.solvers.highs:  Nodes             1

INFO:pyomo.contrib.appsi.solvers.highs:  Repair LPs        0

INFO:pyomo.contrib.appsi.solvers.highs:  LP iterations     260

INFO:pyomo.contrib.appsi.solvers.highs:                    0 (strong br.)

INFO:pyomo.contrib.appsi.solvers.highs:                    1 (separation)

INFO:pyomo.contrib.appsi.solvers.highs:                    0 (heuristics)

.\.venv\Lib\site-packages\tsam\pipeline\orchestrator.py:100: UserWarning: At least one maximal value of the aggregated time series exceeds the maximal value the input time series for: {'South': 4.547473508864641e-13, 'East_wind_pt3_cf': 1.1102230246251565e-16, 'South_wind_pt1_cf': 2.220446049250313e-16}. To silence the warning set the 'numerical_tolerance' to a higher value.

  warnings.warn(

  1704 snapshots in 11 periods (weighted hours=8451.4)

    2018-01-08 00:00 to 2018-01-14 23:00  (168h)  weight=5.00

    2018-09-17 00:00 to 2018-09-23 23:00  (168h)  weight=9.00

    2018-03-12 00:00 to 2018-03-18 23:00  (168h)  weight=8.00

    2018-09-10 00:00 to 2018-09-16 23:00  (168h)  weight=4.00

    2018-06-04 00:00 to 2018-06-10 23:00  (168h)  weight=2.00

    2018-07-09 00:00 to 2018-07-15 23:00  (168h)  weight=2.00

    2018-07-30 00:00 to 2018-08-05 23:00  (168h)  weight=3.00

    2018-10-22 00:00 to 2018-10-28 23:00  (168h)  weight=8.00

    2018-12-03 00:00 to 2018-12-09 23:00  (168h)  weight=6.00

    2018-12-31 00:00 to 2018-12-31 23:00  (24h)  weight=2.14

    2018-06-25 00:00 to 2018-07-01 23:00  (168h)  weight=3.00



[4/6] Existing fleet + candidates...

  large CC merge: cherokee__7_cc  576.0 MW  (CT 336.0 + CA 240.0, scale=1.000)  co2=803.6 lb/MWh  hr=6761 Btu/kWh

  30 existing + 4 vintage + 41 candidate generators

  7 existing + 0 vintage + 12 candidate storage

  hybrid_candidates: 6 Solar+Storage generators, 6 storage

  6 market generators at Candidate_Gas:CC MC = $37.21/MWh

    Market_Wyoming: bus=Wyoming  p_nom=2,536.3 MW

    Market_Utah: bus=Utah  p_nom=1,118.8 MW

    Market_FourCorners: bus=FourCorners  p_nom=1,555.6 MW

    Market_NewMexico: bus=NewMexico  p_nom=324.9 MW

    Market_Nebraska: bus=Nebraska  p_nom=1,044.0 MW

    Market_EasternInterconnect: bus=EasternInterconnect  p_nom=210.0 MW

  relax_pmin: p_min_pu=0 on 75 in-state generators (6 Market_* kept at p_min_pu=-1)



[5/6] Capacity factors (aligned to representative snapshots)...

  p_max_pu assigned to 30 of 75 generators (solar/wind only)INFO:pypsa.consistency:Sanitizing network...



INFO:pypsa.components._types.carriers:Adding 13 missing carriers: ['AC', 'Gas:CC', 'Gas:CT', 'Gas:IC', 'Geothermal', 'Hydro', 'Hydro:Pumped', 'Nuclear:SMR', 'Solar+Storage', 'Solar:PV', 'Storage:Battery', 'Wind', 'import']

INFO:pypsa.components._types.carriers:Assigned colors to 13 carriers using 'tab10' palette.



[6/6] Network assembled.INFO:pypsa.consistency:Network sanitization complete.



Solving 2035 (1704 snapshots, week-cyclic SOC, statewide PRM, zonal RA pipes, CO2 cap, relax_pmin, aggregate_large_cc, hybrid_candidates)...

  RA: peak=14,710.5 MW at 2018-06-28 13:00:00  PRM=13.9%  requirement=16,755.3 MW

  RA pipes: t*=2018-06-28 13:00:00  statewide peak=14,710.5 MW  11 internal interfaces

    RA_pipe_South_West: South <-> West  +/-63.5 MW

    RA_pipe_East_South: East <-> South  +/-484.4 MW

    RA_pipe_East_North: East <-> North  +/-591.5 MW

    RA_pipe_Denver_South: Denver <-> South  +/-1,610.4 MW

    RA_pipe_Mountain_South: Mountain <-> South  +/-683.8 MW

    RA_pipe_Denver_East: Denver <-> East  +/-464.5 MW

    RA_pipe_Mountain_West: Mountain <-> West  +/-961.1 MW

    RA_pipe_Denver_Mountain: Denver <-> Mountain  +/-73.1 MW

    RA_pipe_Denver_North: Denver <-> North  +/-4,070.5 MW

    RA_pipe_Mountain_North: Mountain <-> North  +/-0.0 MW  (N-1 zero)

    RA_pipe_North_West: North <-> West  +/-0.0 MW  (N-1 zero)

  zonal load at t*:

    Denver: 8,760.5 MW

    North: 1,355.9 MW

    South: 2,763.8 MW

    Mountain: 303.0 MW

    East: 485.3 MW

    West: 1,042.0 MW

  CO2: cap=6.8287 MMT (6,828,738 t)  path=cap95  import intensity=729.8 lb/MWh (Candidate_Gas:CC)

  large CC merge: cherokee__7_cc  576.0 MW  (CT 336.0 + CA 240.0, scale=1.000)  co2=803.6 lb/MWh  hr=6761 Btu/kWh


  large CC merge: cherokee__7_cc  576.0 MW  (CT 336.0 + CA 240.0, scale=1.000)  co2=803.6 lb/MWh  hr=6761 Btu/kWh


  large CC merge: cherokee__7_cc  576.0 MW  (CT 336.0 + CA 240.0, scale=1.000)  co2=803.6 lb/MWh  hr=6761 Btu/kWh


INFO:linopy.model: Solve problem using Highs solver

INFO:linopy.model:Solver options:

 - solver: simplex

 - threads: 2

  hybrid: 6 pairs  p_nom equality on 6 extendable  charge-from-solar on 6


INFO:linopy.io:Writing objective.


Writing constraints.:   0%|[38;2;128;191;255m          [0m| 0/54 [00:00<?, ?it/s]
Writing constraints.:  11%|[38;2;128;191;255m#1        [0m| 6/54 [00:00<00:01, 40.38it/s]
Writing constraints.:  26%|[38;2;128;191;255m##5       [0m| 14/54 [00:00<00:00, 59.30it/s]
Writing constraints.:  39%|[38;2;128;191;255m###8      [0m| 21/54 [00:00<00:00, 46.46it/s]
Writing constraints.:  57%|[38;2;128;191;255m#####7    [0m| 31/54 [00:00<00:00, 62.16it/s]
Writing constraints.:  81%|[38;2;128;191;255m########1 [0m| 44/54 [00:00<00:00, 81.26it/s]
Writing constraints.: 100%|[38;2;128;191;255m##########[0m| 54/54 [00:00<00:00, 75.20it/s]


Writing continuous variables.:   0%|[38;2;128;191;255m          [0m| 0/9 [00:00<?, ?it/s]
Writing continuous variables.: 100%|[38;2;128;191;255m##########[0m| 9/9 [00:00<00:00, 115.69it/s]

INFO:linopy.io: Writing time: 0.82s

Running HiGHS 1.15.1 (git hash: 04024d7): Copyright (c) 2026 under MIT licence terms

Includes third-party software components, see THIRD_PARTY_NOTICES.md for full details

LP linopy-problem-wgcg0q8g has 604987 rows; 276112 cols; 1144096 nonzeros

Coefficient ranges:

  Matrix  [1e-05, 5e+00]

  Cost    [8e-01, 6e+05]

  Bound   [6e+01, 4e+03]

  RHS     [9e-04, 7e+06]

WARNING: Problem has some excessively large row bounds

WARNING:    Consider scaling the    bounds by 1e-1, or setting the user_bound_scale option to -3

Presolving model

174422 rows, 244516 cols, 666682 nonzeros 1s

Dependent equations search running on 38041 equations with time limit of 1000.00s

Dependent equations search removed 0 rows and 0 nonzeros in 0.01s (limit = 1000.00s)

168159 rows, 215885 cols, 633795 nonzeros 2s

Presolve reductions: rows 168159(-436828); columns 215885(-60227); nonzeros 633795(-510301) 

Solving the presolved LP

Using dual simplex solver



========== HiGHS simplex: YEAR 2035 (step 2/5) ==========

2035 |   Iteration        Objective     Infeasibilities num(sum)

2035 |           0    -2.1354237461e+09 Pr: 10227(1.91325e+07) 3.1s

2035 |       30500    -1.8069232407e+09 Pr: 13017(9.63899e+06); Du: 0(1.79661e-05) 8.1s

2035 |       47406    -1.6057605358e+09 Pr: 16642(1.94996e+07); Du: 0(1.63697e-05) 13.3s

2035 |       58200    -1.4884227442e+09 Pr: 19024(1.56421e+07); Du: 0(1.54093e-05) 18.4s

2035 |       68241    -1.3469273395e+09 Pr: 20534(1.4802e+07); Du: 0(1.43786e-05) 23.5s

2035 |       74860    -1.2262807085e+09 Pr: 25879(1.73806e+07); Du: 0(1.61136e-05) 29.0s

2035 |       79304    -8.7606893087e+08 Pr: 27167(4.79568e+07); Du: 0(1.63308e-05) 34.4s

2035 |       82541    -7.8803423987e+08 Pr: 27890(1.17689e+08); Du: 0(1.67727e-05) 39.7s

2035 |       84772    -7.6523055082e+08 Pr: 28613(1.28768e+08); Du: 0(1.64613e-05) 44.9s

2035 |       88745    -6.2076621298e+08 Pr: 22975(1.59833e+07); Du: 0(1.6483e-05) 53.8s

2035 |       94577    -4.8323691122e+08 Pr: 29630(4.56777e+07); Du: 0(1.67993e-05) 58.8s

2035 |       97686    -4.3009897584e+08 Pr: 32587(3.55033e+07); Du: 0(1.76262e-05) 65.3s

2035 |      102887    -3.5990731608e+08 Pr: 26871(1.22045e+07); Du: 0(1.71111e-05) 70.7s

2035 |      106464    -2.8980537739e+08 Pr: 39078(5.6248e+08); Du: 0(1.52282e-05) 75.8s

2035 |      110140    -2.3889512303e+08 Pr: 27036(1.85866e+07); Du: 0(1.66345e-05) 81.4s

2035 |      113321    -2.0740180346e+08 Pr: 32526(2.43818e+07); Du: 0(1.8196e-05) 86.7s

2035 |      117519    -1.8483760801e+08 Pr: 36435(2.297e+07); Du: 0(1.64368e-05) 92.7s

2035 |      124011    -1.3976356187e+08 Pr: 25896(9.14923e+06); Du: 0(1.97142e-05) 97.8s

2035 |      135542    -9.2063626650e+07 Pr: 19937(3.30442e+06); Du: 0(2.7523e-05) 103.1s

2035 |      146819    -4.2278904319e+07 Pr: 18405(4.31917e+06); Du: 0(2.99609e-05) 108.4s

2035 |      156639    -9.4657314636e+06 Pr: 18531(2.91548e+06); Du: 0(3.07826e-05) 113.6s

2035 |      164611     1.0685402975e+07 Pr: 14463(1.64182e+06); Du: 0(3.29883e-05) 119.4s

2035 |      168261     2.0786613666e+07 Pr: 29043(1.44568e+07); Du: 0(3.43485e-05) 124.9s

2035 |      169137     2.0890615676e+07 Pr: 21200(6.54495e+06); Du: 0(3.31088e-05) 130.4s

2035 |      173938     4.0536717037e+07 Pr: 15661(1.00552e+07); Du: 0(3.40924e-05) 136.5s

2035 |      177975     4.9488840224e+07 Pr: 13867(3.66096e+06); Du: 0(3.44466e-05) 142.1s

2035 |      186887     1.0837026927e+08 Pr: 19727(4.25236e+07); Du: 0(3.28305e-05) 147.1s

2035 |      190892     1.1798647642e+08 Pr: 9690(625425); Du: 0(3.34382e-05) 152.3s

2035 |      194611     1.2813982737e+08 Pr: 21557(5.72707e+06); Du: 0(3.64899e-05) 158.3s

2035 |      200537     1.3765082163e+08 Pr: 15787(616272); Du: 0(3.60454e-05) 164.0s

2035 |      207182     1.4286480378e+08 Pr: 0(0); Du: 0(5.18301e-10) 167.1s

2035 |      207182     1.4286480378e+08 Pr: 0(0); Du: 0(5.18301e-10) 167.1s



Performed postsolve

Solving the original LP from the solution after postsolve



Model name          : linopy-problem-wgcg0q8g

Model status        : Optimal

Simplex   iterations: 207182

Objective value     :  1.4286480378e+08

P-D objective error :  3.0247735040e-15

HiGHS run time      :        168.43

INFO:linopy.constants: Optimization successful: 

Status: ok

Termination condition: optimal

Solution: 276112 primals, 605196 duals

Objective: 1.43e+08

Solver: highs

Runtime: 168.43s

MIP gap: inf

Dual bound: 0.00e+00

Solver model: available

Solver message: Optimal



INFO:pypsa.optimization.optimize:The variable 'RA_pipe' could not be mapped to the network component because it does not include the symbol '-'.

INFO:pypsa.optimization.optimize:The variable 'CO2_import_flow' could not be mapped to the network component because it does not include the symbol '-'.

INFO:pypsa.optimization.optimize:The shadow-prices of the constraints Generator-fix-p-lower, Generator-fix-p-upper, Generator-ext-p-lower, Generator-ext-p-upper, Link-fix-p-lower, Link-fix-p-upper, StorageUnit-fix-p_dispatch-lower, StorageUnit-fix-p_dispatch-upper, StorageUnit-ext-p_dispatch-lower, StorageUnit-ext-p_dispatch-upper, StorageUnit-fix-p_store-lower, StorageUnit-fix-p_store-upper, StorageUnit-ext-p_store-lower, StorageUnit-ext-p_store-upper, StorageUnit-fix-state_of_charge-lower, StorageUnit-fix-state_of_charge-upper, StorageUnit-ext-state_of_charge-lower, StorageUnit-ext-state_of_charge-upper, StorageUnit-energy_balance, reserve_margin_CO, RA_deliverability_Denver, RA_deliverability_North, RA_deliverability_South, RA_deliverability_Mountain, RA_deliverability_East, RA_deliverability_West, CO2_import_ge_p, co2_CO, hybrid_charge_from_solar_Candidate_Solar_plus_Storage_Denver_Battery, hybrid_pair_p_nom_Candidate_Solar_plus_Storage_Denver_Battery, hybrid_charge_from_solar_Candidate_Solar_plus_Storage_East_Battery, hybrid_pair_p_nom_Candidate_Solar_plus_Storage_East_Battery, hybrid_charge_from_solar_Candidate_Solar_plus_Storage_Mountain_Battery, hybrid_pair_p_nom_Candidate_Solar_plus_Storage_Mountain_Battery, hybrid_charge_from_solar_Candidate_Solar_plus_Storage_North_Battery, hybrid_pair_p_nom_Candidate_Solar_plus_Storage_North_Battery, hybrid_charge_from_solar_Candidate_Solar_plus_Storage_South_Battery, hybrid_pair_p_nom_Candidate_Solar_plus_Storage_South_Battery, hybrid_charge_from_solar_Candidate_Solar_plus_Storage_West_Battery, hybrid_pair_p_nom_Candidate_Solar_plus_Storage_West_Battery were not assigned to the network.

=== YEAR 2035 DONE status=ok  wall=193s  objective=$142,864,804  vintages_carried=10 ===

Build-out by carrier (MW):

layer            existing  vintage  new_build    total

carrier                                               

Wind              5,307.0  9,797.9    1,361.0 16,465.8

Gas:CT            1,794.2  1,780.0    5,898.3  9,472.5

Solar:PV          4,659.7      0.0        0.0  4,659.7

Storage:Battery   1,198.1      0.0      217.6  1,415.7

Gas:CC              764.0      0.0        0.0    764.0

Hydro               687.6      0.0        0.0    687.6

Hydro:Pumped        578.5      0.0        0.0    578.5

Gas:IC              226.3      0.0        0.0    226.3

Zonal shadow prices, mean over snapshots ($/MWh):

name

Denver                 30.525620

North                  30.525620

South                  30.525620

Mountain               37.159907

East                   25.132149

West                   37.142198

Wyoming                37.212268

Utah                   37.212268

FourCorners            37.212268

NewMexico              37.212268

Nebraska               37.212268

EasternInterconnect    37.212268

  large CC merge: cherokee__7_cc  576.0 MW  (CT 336.0 + CA 240.0, scale=1.000)  co2=803.6 lb/MWh  hr=6761 Btu/kWh

Reserve margin (statewide, copper-plate):

  peak 14,710.5 MW at 2018-06-28 13:00:00  PRM 13.9%  requirement 16,755.3 MW

                 accredited_mw    p_nom

carrier                                

Gas:CC                   712.7    764.0

Gas:CT                 8,536.7  9,472.5

Gas:IC                   188.0    226.3

Geothermal                 0.0      0.0

Hydro                    580.8    687.6

Hydro:Pumped             532.0    578.5

Nuclear:SMR                0.0      0.0

Solar+Storage              0.0      0.0

Solar:PV                 281.7  4,659.7

Storage:Battery        1,082.2  1,415.7

Wind                   4,841.1 16,465.8

  accredited total 16,755.3 MW  slack 0.0 MW

  dual $101,659.61/MW-yr

  large CC merge: cherokee__7_cc  576.0 MW  (CT 336.0 + CA 240.0, scale=1.000)  co2=803.6 lb/MWh  hr=6761 Btu/kWh

Zonal deliverability (firm RA pipes at t*):

  t* 2018-06-28 13:00:00  statewide peak 14,710.5 MW

          accredited_mw  net_firm_in_mw  load_at_tstar_mw  slack_mw  dual

zone                                                                     

Denver          4,569.2         4,191.3           8,760.5       0.0  -0.0

North           4,560.9        -3,205.0           1,355.9      -0.0  -0.0

South           1,389.3         1,374.5           2,763.8       0.0  -0.0

Mountain        1,078.3          -775.4             303.0       0.0  -0.0

East            4,070.5        -1,540.4             485.3   2,044.8  -0.0

West            1,087.0           -45.0           1,042.0       0.0  -0.0

RA pipe flows (positive = from -> to):

                             from        to  flow_mw  limit_mw  at_bound

pipe                                                                    

RA_pipe_South_West          South      West    -63.5      63.5      True

RA_pipe_East_South           East     South    484.4     484.4      True

RA_pipe_East_North           East     North    591.5     591.5      True

RA_pipe_Denver_South       Denver     South    142.8   1,610.4     False

RA_pipe_Mountain_South   Mountain     South    683.8     683.8      True

RA_pipe_Denver_East        Denver      East   -464.5     464.5      True

RA_pipe_Mountain_West    Mountain      West     18.5     961.1     False

RA_pipe_Denver_Mountain    Denver  Mountain    -73.1      73.1      True

RA_pipe_Denver_North       Denver     North -3,796.5   4,070.5     False

RA_pipe_Mountain_North   Mountain     North      0.0       0.0      True

RA_pipe_North_West          North      West      0.0       0.0      True

  reserve_margin_CO dual $101,659.61/MW-yr

  large CC merge: cherokee__7_cc  576.0 MW  (CT 336.0 + CA 240.0, scale=1.000)  co2=803.6 lb/MWh  hr=6761 Btu/kWh

CO2 cap (annual, production + attributed imports):

  cap 6.8287 MMT  solved 5.3291 MMT  in-state 0.0273  imports 5.3018  slack 1.4996

  import energy 16,016,118 MWh (positive Market.p only)

  dual $-0.00/metric ton  (native on co2_CO)

Storage cyclic-week energy balance (expect ~0):

  week 0: max |net| = 0.0000 MWh  (Denver_Hydro:Pumped_agg)

  week 1: max |net| = 0.0000 MWh  (Denver_Hydro:Pumped_agg)

  week 2: max |net| = 0.0000 MWh  (Denver_Hydro:Pumped_agg)

  week 3: max |net| = 0.0000 MWh  (Denver_Hydro:Pumped_agg)

  week 4: max |net| = 0.0000 MWh  (Denver_Hydro:Pumped_agg)

  week 5: max |net| = 0.0000 MWh  (Denver_Hydro:Pumped_agg)

  week 6: max |net| = 0.0000 MWh  (Candidate_Storage:Battery_East)

  week 7: max |net| = 0.0000 MWh  (South_Storage:Battery_agg)

  week 8: max |net| = 0.0000 MWh  (Denver_Hydro:Pumped_agg)

  week 9: max |net| = 0.0000 MWh  (Denver_Hydro:Pumped_agg)

  week 10: max |net| = 0.0000 MWh  (Denver_Hydro:Pumped_agg)

Net interchange by interface (TWh, + = CO export):

  Link_West_FourCorners: West <-> FourCorners  +2.460 TWh

  Link_West_Utah: West <-> Utah  +1.745 TWh

  Link_East_Nebraska: East <-> Nebraska  +3.697 TWh

  Link_South_NewMexico: South <-> NewMexico  +0.699 TWh

  Link_Mountain_Wyoming: Mountain <-> Wyoming  +0.741 TWh

  Link_North_Wyoming: North <-> Wyoming  +5.153 TWh

  Link_East_EasternInterconnect: East <-> EasternInterconnect  +0.768 TWh

  total  +15.263 TWh

Annual cash-flow cost ($):

  capex_overnight  $7,713,989,052

  fom_existing  $354,515,896

  fom_vintage  $331,185,283

  fom_new  $187,727,137

  opex_instate  $3,136,276

  import_cost  $595,996,097

  export_revenue  $1,163,979,978

  annual_system_cost  $8,022,569,764

  annual_system_cost_ex_trade  $8,590,553,645

  lp_objective  $142,864,804

  identity_gap  $0.00

  wrote pypsa\scenarios\cap95\dispatch_2035.csv (231,744 rows)

INFO:pypsa.network.io:Exported network 'Unnamed Network' saved to '.\pypsa\scenarios\cap95\2035.nc contains: buses, generators, storage_units, sub_networks, carriers, loads, links

  wrote pypsa\scenarios\cap95\2035.nc



=== YEAR 2040/2050 START (step 3/5) ===

  surviving vintages: 9 generators, 1 storage



[1/6] Buses...

  6 CO buses: ['Denver', 'North', 'South', 'Mountain', 'East', 'West']

  6 external buses: ['Wyoming', 'Utah', 'FourCorners', 'NewMexico', 'Nebraska', 'EasternInterconnect']



[2/6] Links...

  11 links, internal_limits (raw_sum_mw), bidirectional

    Link_South_West: South <-> West  p_nom=363.1 MW

    Link_East_South: East <-> South  p_nom=994.4 MW

    Link_East_North: East <-> North  p_nom=1,245.3 MW

    Link_Denver_South: Denver <-> South  p_nom=3,024.1 MW

    Link_Mountain_South: Mountain <-> South  p_nom=1,394.4 MW

    Link_Denver_East: Denver <-> East  p_nom=1,769.1 MW

    Link_Mountain_West: Mountain <-> West  p_nom=1,720.9 MW

    Link_Denver_Mountain: Denver <-> Mountain  p_nom=522.0 MW

    Link_Denver_North: Denver <-> North  p_nom=6,786.4 MW

    Link_Mountain_North: Mountain <-> North  p_nom=37.2 MW

    Link_North_West: North <-> West  p_nom=421.5 MW

  7 links, external (raw_sum_mw), bidirectional

    Link_West_FourCorners: West <-> FourCorners  p_nom=1,555.6 MW

    Link_West_Utah: West <-> Utah  p_nom=1,118.8 MW

    Link_East_Nebraska: East <-> Nebraska  p_nom=1,044.0 MW

    Link_South_NewMexico: South <-> NewMexico  p_nom=324.9 MW

    Link_Mountain_Wyoming: Mountain <-> Wyoming  p_nom=504.8 MW

    Link_North_Wyoming: North <-> Wyoming  p_nom=2,031.5 MW

    Link_East_EasternInterconnect: East <-> EasternInterconnect  p_nom=210.0 MW



[3/6] Representative weeks (Milestone 2 load + Milestone 3 clustering)...

.\.venv\Lib\site-packages\tsam\pipeline\orchestrator.py:296: UserWarning: The time series covers 8760 time steps, which is not a whole number of 168-step periods. The last period is filled up with the first 144 time steps of the series so it can be clustered; its occurrence count is reduced accordingly and the padding is dropped again on reconstruction.

  period_profiles = unstack_to_periods(norm_data.values, cfg.n_timesteps_per_period)

INFO:pyomo.contrib.appsi.solvers.highs:Running HiGHS 1.15.1 (git hash: 04024d7): Copyright (c) 2026 under MIT licence terms

INFO:pyomo.contrib.appsi.solvers.highs:Includes third-party software components, see THIRD_PARTY_NOTICES.md for full details

INFO:pyomo.contrib.appsi.solvers.highs:MIP has 2863 rows; 2809 cols; 8374 nonzeros; 2809 integer variables (2809 binary)

INFO:pyomo.contrib.appsi.solvers.highs:Coefficient ranges:

INFO:pyomo.contrib.appsi.solvers.highs:  Matrix  [1e+00, 1e+00]

INFO:pyomo.contrib.appsi.solvers.highs:  Cost    [7e+01, 7e+02]

INFO:pyomo.contrib.appsi.solvers.highs:  Bound   [1e+00, 1e+00]

INFO:pyomo.contrib.appsi.solvers.highs:  RHS     [1e+00, 1e+01]

INFO:pyomo.contrib.appsi.solvers.highs:Presolving model

INFO:pyomo.contrib.appsi.solvers.highs:2810 rows, 2809 cols, 8374 nonzeros 0s

INFO:pyomo.contrib.appsi.solvers.highs:2810 rows, 2809 cols, 8374 nonzeros 0s

INFO:pyomo.contrib.appsi.solvers.highs:Presolve reductions: rows 2810(-53); columns 2809(-0); nonzeros 8374(-0) 

INFO:pyomo.contrib.appsi.solvers.highs:

INFO:pyomo.contrib.appsi.solvers.highs:Solving MIP model with:

INFO:pyomo.contrib.appsi.solvers.highs:   2810 rows

INFO:pyomo.contrib.appsi.solvers.highs:   2809 cols (2809 binary, 0 integer, 0 implied int., 0 continuous, 0 domain fixed)

INFO:pyomo.contrib.appsi.solvers.highs:   8374 nonzeros

INFO:pyomo.contrib.appsi.solvers.highs:   Thread count 2 (of 4 threads). Using 1 max workers. Parallel search off

INFO:pyomo.contrib.appsi.solvers.highs:

INFO:pyomo.contrib.appsi.solvers.highs:Src: B => Branching; C => Central rounding; F => Feasibility pump; H => Heuristic;

INFO:pyomo.contrib.appsi.solvers.highs:     I => Shifting; J => Feasibility jump; L => Sub-MIP; P => Empty MIP; R => Randomized rounding;

INFO:pyomo.contrib.appsi.solvers.highs:     S => Solve LP; T => Evaluate node; U => Unbounded; X => User solution; Y => HiGHS solution;

INFO:pyomo.contrib.appsi.solvers.highs:     Z => ZI Round; l => Trivial lower; p => Trivial point; u => Trivial upper; z => Trivial zero

INFO:pyomo.contrib.appsi.solvers.highs:

INFO:pyomo.contrib.appsi.solvers.highs:        Nodes      |    B&B Tree     |            Objective Bounds              |  Dynamic Constraints |       Work      

INFO:pyomo.contrib.appsi.solvers.highs:Src  Proc. InQueue |  Leaves   Expl. | BestBound       BestSol              Gap |   Cuts   InLp Confl. | LpIters     Time

INFO:pyomo.contrib.appsi.solvers.highs:

INFO:pyomo.contrib.appsi.solvers.highs: J       0       0         0   0.00%   -inf            13900.454985       Large        0      0      0         0     0.3s

INFO:pyomo.contrib.appsi.solvers.highs: R       0       0         0   0.00%   6560.324477     9865.539879       33.50%        0      0      0       331     0.4s

INFO:pyomo.contrib.appsi.solvers.highs: C       0       0         0   0.00%   6573.377287     7878.738169       16.57%      616     11      0       380     2.8s

INFO:pyomo.contrib.appsi.solvers.highs: L       0       0         0   0.00%   6573.377287     6573.377287        0.00%      616     11      0       380     5.9s

INFO:pyomo.contrib.appsi.solvers.highs:         1       0         1 100.00%   6573.377287     6573.377287        0.00%      616     11      0       414     5.9s

INFO:pyomo.contrib.appsi.solvers.highs:

INFO:pyomo.contrib.appsi.solvers.highs:Solving report

INFO:pyomo.contrib.appsi.solvers.highs:  Status            Optimal

INFO:pyomo.contrib.appsi.solvers.highs:  Primal bound      6573.37728658

INFO:pyomo.contrib.appsi.solvers.highs:  Dual bound        6573.37728658

INFO:pyomo.contrib.appsi.solvers.highs:  Gap               0% (tolerance: 0.01%)

INFO:pyomo.contrib.appsi.solvers.highs:  P-D integral      1.39997198554

INFO:pyomo.contrib.appsi.solvers.highs:  Solution status   feasible

INFO:pyomo.contrib.appsi.solvers.highs:                    6573.37728658 (objective)

INFO:pyomo.contrib.appsi.solvers.highs:                    0 (bound viol.)

INFO:pyomo.contrib.appsi.solvers.highs:                    3.77475828373e-15 (int. viol.)

INFO:pyomo.contrib.appsi.solvers.highs:                    0 (row viol.)

INFO:pyomo.contrib.appsi.solvers.highs:  Timing            5.93

INFO:pyomo.contrib.appsi.solvers.highs:                    0.50 (Presolve)

INFO:pyomo.contrib.appsi.solvers.highs:                        MIP    time [calls] = 0.12 [1]

INFO:pyomo.contrib.appsi.solvers.highs:                        subMIP time [calls] = 0.38 [2]

INFO:pyomo.contrib.appsi.solvers.highs:                    5.42 (Solve)

INFO:pyomo.contrib.appsi.solvers.highs:                        MIP    time [calls] = 2.76 [1]

INFO:pyomo.contrib.appsi.solvers.highs:                        subMIP time [calls] = 2.66 [2]

INFO:pyomo.contrib.appsi.solvers.highs:                    0.00 (Postsolve)

INFO:pyomo.contrib.appsi.solvers.highs:                        MIP    time [calls] = 0.00 [1]

INFO:pyomo.contrib.appsi.solvers.highs:                        subMIP time [calls] = 0.00 [2]

INFO:pyomo.contrib.appsi.solvers.highs:  Max sub-MIP depth 4

INFO:pyomo.contrib.appsi.solvers.highs:  Nodes             1

INFO:pyomo.contrib.appsi.solvers.highs:  Repair LPs        0

INFO:pyomo.contrib.appsi.solvers.highs:  LP iterations     414

INFO:pyomo.contrib.appsi.solvers.highs:                    0 (strong br.)

INFO:pyomo.contrib.appsi.solvers.highs:                    49 (separation)

INFO:pyomo.contrib.appsi.solvers.highs:                    34 (heuristics)

.\.venv\Lib\site-packages\tsam\pipeline\orchestrator.py:100: UserWarning: At least one maximal value of the aggregated time series exceeds the maximal value the input time series for: {'West': 2.2737367544323206e-13, 'East_wind_pt3_cf': 1.1102230246251565e-16, 'South_wind_pt1_cf': 2.220446049250313e-16}. To silence the warning set the 'numerical_tolerance' to a higher value.

  warnings.warn(

  1704 snapshots in 11 periods (weighted hours=8451.4)

    2018-01-08 00:00 to 2018-01-14 23:00  (168h)  weight=4.00

    2018-02-19 00:00 to 2018-02-25 23:00  (168h)  weight=2.00

    2018-03-12 00:00 to 2018-03-18 23:00  (168h)  weight=9.00

    2018-06-04 00:00 to 2018-06-10 23:00  (168h)  weight=3.00

    2018-07-02 00:00 to 2018-07-08 23:00  (168h)  weight=2.00

    2018-07-30 00:00 to 2018-08-05 23:00  (168h)  weight=3.00

    2018-09-17 00:00 to 2018-09-23 23:00  (168h)  weight=12.00

    2018-10-22 00:00 to 2018-10-28 23:00  (168h)  weight=9.00

    2018-12-03 00:00 to 2018-12-09 23:00  (168h)  weight=5.00

    2018-12-31 00:00 to 2018-12-31 23:00  (24h)  weight=2.14

    2018-06-25 00:00 to 2018-07-01 23:00  (168h)  weight=1.00



[4/6] Existing fleet + candidates...

  large CC merge: cherokee__7_cc  576.0 MW  (CT 336.0 + CA 240.0, scale=1.000)  co2=803.6 lb/MWh  hr=6761 Btu/kWh

  24 existing + 9 vintage + 41 candidate generators

  4 existing + 1 vintage + 12 candidate storage

  hybrid_candidates: 6 Solar+Storage generators, 6 storage

  6 market generators at Candidate_Gas:CC MC = $38.28/MWh

    Market_Wyoming: bus=Wyoming  p_nom=2,536.3 MW

    Market_Utah: bus=Utah  p_nom=1,118.8 MW

    Market_FourCorners: bus=FourCorners  p_nom=1,555.6 MW

    Market_NewMexico: bus=NewMexico  p_nom=324.9 MW

    Market_Nebraska: bus=Nebraska  p_nom=1,044.0 MW

    Market_EasternInterconnect: bus=EasternInterconnect  p_nom=210.0 MW

  relax_pmin: p_min_pu=0 on 74 in-state generators (6 Market_* kept at p_min_pu=-1)



[5/6] Capacity factors (aligned to representative snapshots)...

  p_max_pu assigned to 32 of 74 generators (solar/wind only)

INFO:pypsa.consistency:Sanitizing network...

INFO:pypsa.components._types.carriers:Adding 12 missing carriers: ['AC', 'Gas:CC', 'Gas:CT', 'Geothermal', 'Hydro', 'Hydro:Pumped', 'Nuclear:SMR', 'Solar+Storage', 'Solar:PV', 'Storage:Battery', 'Wind', 'import']

INFO:pypsa.components._types.carriers:Assigned colors to 12 carriers using 'tab10' palette.



[6/6] Network assembled.INFO:pypsa.consistency:Network sanitization complete.



Solving 2040 (1704 snapshots, week-cyclic SOC, statewide PRM, zonal RA pipes, CO2 cap, relax_pmin, aggregate_large_cc, hybrid_candidates)...

  RA: peak=16,423.6 MW at 2018-06-28 13:00:00  PRM=13.9%  requirement=18,706.4 MW

  RA pipes: t*=2018-06-28 13:00:00  statewide peak=16,423.6 MW  11 internal interfaces

    RA_pipe_South_West: South <-> West  +/-63.5 MW

    RA_pipe_East_South: East <-> South  +/-484.4 MW

    RA_pipe_East_North: East <-> North  +/-591.5 MW

    RA_pipe_Denver_South: Denver <-> South  +/-1,610.4 MW

    RA_pipe_Mountain_South: Mountain <-> South  +/-683.8 MW

    RA_pipe_Denver_East: Denver <-> East  +/-464.5 MW

    RA_pipe_Mountain_West: Mountain <-> West  +/-961.1 MW

    RA_pipe_Denver_Mountain: Denver <-> Mountain  +/-73.1 MW

    RA_pipe_Denver_North: Denver <-> North  +/-4,070.5 MW

    RA_pipe_Mountain_North: Mountain <-> North  +/-0.0 MW  (N-1 zero)

    RA_pipe_North_West: North <-> West  +/-0.0 MW  (N-1 zero)

  zonal load at t*:

    Denver: 9,966.6 MW

    North: 1,419.9 MW

    South: 3,020.3 MW

    Mountain: 333.4 MW

    East: 538.9 MW

    West: 1,144.5 MW

  CO2: cap=5.2529 MMT (5,252,875 t)  path=cap95  import intensity=729.8 lb/MWh (Candidate_Gas:CC)

  large CC merge: cherokee__7_cc  576.0 MW  (CT 336.0 + CA 240.0, scale=1.000)  co2=803.6 lb/MWh  hr=6761 Btu/kWh


  large CC merge: cherokee__7_cc  576.0 MW  (CT 336.0 + CA 240.0, scale=1.000)  co2=803.6 lb/MWh  hr=6761 Btu/kWh


  large CC merge: cherokee__7_cc  576.0 MW  (CT 336.0 + CA 240.0, scale=1.000)  co2=803.6 lb/MWh  hr=6761 Btu/kWh


INFO:linopy.model: Solve problem using Highs solver

INFO:linopy.model:Solver options:

 - solver: simplex

 - threads: 2

  hybrid: 6 pairs  p_nom equality on 6 extendable  charge-from-solar on 6


INFO:linopy.io:Writing objective.


Writing constraints.:   0%|[38;2;128;191;255m          [0m| 0/54 [00:00<?, ?it/s]
Writing constraints.:  11%|[38;2;128;191;255m#1        [0m| 6/54 [00:00<00:01, 39.93it/s]
Writing constraints.:  28%|[38;2;128;191;255m##7       [0m| 15/54 [00:00<00:00, 61.35it/s]
Writing constraints.:  41%|[38;2;128;191;255m####      [0m| 22/54 [00:00<00:00, 48.21it/s]
Writing constraints.:  72%|[38;2;128;191;255m#######2  [0m| 39/54 [00:00<00:00, 83.88it/s]
Writing constraints.:  96%|[38;2;128;191;255m#########6[0m| 52/54 [00:00<00:00, 96.77it/s]
Writing constraints.: 100%|[38;2;128;191;255m##########[0m| 54/54 [00:00<00:00, 81.21it/s]


Writing continuous variables.:   0%|[38;2;128;191;255m          [0m| 0/9 [00:00<?, ?it/s]
Writing continuous variables.: 100%|[38;2;128;191;255m##########[0m| 9/9 [00:00<00:00, 122.17it/s]

INFO:linopy.io: Writing time: 0.77s

Running HiGHS 1.15.1 (git hash: 04024d7): Copyright (c) 2026 under MIT licence terms

Includes third-party software components, see THIRD_PARTY_NOTICES.md for full details

LP linopy-problem-4bjkq8tr has 577723 rows; 264184 cols; 1092829 nonzeros

Coefficient ranges:

  Matrix  [1e-04, 7e+00]

  Cost    [4e-01, 6e+05]

  Bound   [6e+01, 4e+03]

  RHS     [9e-04, 5e+06]

WARNING: Problem has some excessively large row bounds

WARNING:    Consider scaling the    bounds by 1e-1, or setting the user_bound_scale option to -3

Presolving model

170781 rows, 231973 cols, 638294 nonzeros 1s

Dependent equations search running on 34549 equations with time limit of 1000.00s

Dependent equations search removed 0 rows and 0 nonzeros in 0.01s (limit = 1000.00s)

164434 rows, 205385 cols, 613365 nonzeros 2s

Presolve reductions: rows 164434(-413289); columns 205385(-58799); nonzeros 613365(-479464) 

Solving the presolved LP

Using dual simplex solver



========== HiGHS simplex: YEAR 2040 (step 3/5) ==========

2040 |   Iteration        Objective     Infeasibilities num(sum)

2040 |           0    -2.1967324701e+09 Pr: 10227(2.1501e+07) 3.3s

2040 |       27158    -2.0401930156e+09 Pr: 11833(3.07983e+07); Du: 0(2.85928e-05) 8.5s

2040 |       29111    -1.9679813976e+09 Pr: 12557(2.89165e+07); Du: 0(2.81504e-05) 14.2s

2040 |       35270    -1.8049805046e+09 Pr: 13164(2.15512e+07); Du: 0(2.32247e-05) 19.5s

2040 |       40388    -1.7919865050e+09 Pr: 14184(3.62435e+07); Du: 0(2.28505e-05) 24.7s

2040 |       55245    -1.5170394784e+09 Pr: 16171(2.08873e+07); Du: 0(1.96087e-05) 29.8s

2040 |       58037    -1.5170393778e+09 Pr: 16581(3.46079e+07); Du: 0(1.93408e-05) 35.0s

2040 |       59861    -1.4627914339e+09 Pr: 17110(2.90018e+07); Du: 0(1.88777e-05) 40.4s

2040 |       66484    -1.4199720655e+09 Pr: 17975(2.5958e+07); Du: 0(1.88172e-05) 45.5s

2040 |       69021    -1.4199719866e+09 Pr: 18356(3.74309e+07); Du: 0(1.87484e-05) 50.9s

2040 |       71450    -1.3445287419e+09 Pr: 18860(2.47359e+07); Du: 0(1.9503e-05) 56.1s

2040 |       73582    -1.2245281030e+09 Pr: 19209(2.4989e+07); Du: 0(1.94754e-05) 61.2s

2040 |       84429    -8.8520477397e+08 Pr: 24505(2.58077e+07); Du: 0(2.1128e-05) 67.9s

2040 |       87114    -8.1159613547e+08 Pr: 24067(2.78433e+07); Du: 0(2.08081e-05) 74.6s

2040 |       88695    -7.8733697092e+08 Pr: 33887(5.32722e+07); Du: 0(2.08861e-05) 81.1s

2040 |       90406    -7.5224510004e+08 Pr: 30220(1.42687e+08); Du: 0(2.14157e-05) 87.9s

2040 |       97904    -6.6953217361e+08 Pr: 24974(1.26387e+07); Du: 0(1.90268e-05) 94.4s

2040 |      103928    -6.0479991887e+08 Pr: 25535(1.09238e+07); Du: 0(1.91409e-05) 100.3s

2040 |      109243    -5.5713141974e+08 Pr: 31866(1.06958e+08); Du: 0(1.9402e-05) 107.0s

2040 |      112606    -5.3369651629e+08 Pr: 24720(3.62818e+07); Du: 0(2.06563e-05) 112.8s

2040 |      116705    -5.0362159229e+08 Pr: 30058(3.08815e+07); Du: 0(2.22157e-05) 118.6s

2040 |      122642    -4.5959150004e+08 Pr: 26198(7.03076e+07); Du: 0(2.4173e-05) 124.3s

2040 |      125752    -4.4895367762e+08 Pr: 28932(5.23245e+07); Du: 0(2.30218e-05) 130.3s

2040 |      126644    -4.4879106190e+08 Pr: 29992(2.22525e+07); Du: 0(2.24388e-05) 135.8s

2040 |      132165    -4.1694511624e+08 Pr: 24362(6.44656e+06); Du: 0(2.59101e-05) 140.9s

2040 |      139015    -3.9341016612e+08 Pr: 24299(3.56553e+07); Du: 0(2.92625e-05) 146.1s

2040 |      143087    -3.7079786913e+08 Pr: 19887(2.58775e+06); Du: 0(3.01624e-05) 151.1s

2040 |      145340    -3.6591318587e+08 Pr: 20909(5.70536e+06); Du: 0(2.94425e-05) 158.3s

2040 |      151810    -3.4504570398e+08 Pr: 14089(2.8166e+06); Du: 0(3.18339e-05) 164.3s

2040 |      157864    -3.2008832033e+08 Pr: 13900(6.25192e+06); Du: 0(3.35767e-05) 169.6s

2040 |      159811    -3.1871973209e+08 Pr: 18386(9.03332e+06); Du: 0(3.29467e-05) 177.0s

2040 |      160766    -3.1835388019e+08 Pr: 27236(4.58249e+07); Du: 0(3.168e-05) 182.9s

2040 |      166185    -3.0498298048e+08 Pr: 32138(5.73857e+07); Du: 0(3.30353e-05) 188.3s

2040 |      171742    -2.9609004680e+08 Pr: 13681(2.13518e+06); Du: 0(3.46688e-05) 193.8s

2040 |      180889    -2.8511661026e+08 Pr: 5668(273663); Du: 0(3.45352e-05) 200.0s

2040 |      190221    -2.6576757434e+08 Pr: 958(5545.96); Du: 0(3.64042e-05) 205.3s

2040 |      191555    -2.6546143885e+08 Pr: 0(0); Du: 0(6.76085e-10) 205.8s



Performed postsolve

Solving the original LP from the solution after postsolve



Model name          : linopy-problem-4bjkq8tr

Model status        : Optimal

Simplex   iterations: 191555

Objective value     : -2.6546143885e+08

P-D objective error :  2.0825362872e-14

HiGHS run time      :        206.76

INFO:linopy.constants: Optimization successful: 

Status: ok

Termination condition: optimal

Solution: 264184 primals, 577910 duals

Objective: -2.65e+08

Solver: highs

Runtime: 206.76s

MIP gap: inf

Dual bound: 0.00e+00

Solver model: available

Solver message: Optimal



INFO:pypsa.optimization.optimize:The variable 'RA_pipe' could not be mapped to the network component because it does not include the symbol '-'.

INFO:pypsa.optimization.optimize:The variable 'CO2_import_flow' could not be mapped to the network component because it does not include the symbol '-'.

INFO:pypsa.optimization.optimize:The shadow-prices of the constraints Generator-fix-p-lower, Generator-fix-p-upper, Generator-ext-p-lower, Generator-ext-p-upper, Link-fix-p-lower, Link-fix-p-upper, StorageUnit-fix-p_dispatch-lower, StorageUnit-fix-p_dispatch-upper, StorageUnit-ext-p_dispatch-lower, StorageUnit-ext-p_dispatch-upper, StorageUnit-fix-p_store-lower, StorageUnit-fix-p_store-upper, StorageUnit-ext-p_store-lower, StorageUnit-ext-p_store-upper, StorageUnit-fix-state_of_charge-lower, StorageUnit-fix-state_of_charge-upper, StorageUnit-ext-state_of_charge-lower, StorageUnit-ext-state_of_charge-upper, StorageUnit-energy_balance, reserve_margin_CO, RA_deliverability_Denver, RA_deliverability_North, RA_deliverability_South, RA_deliverability_Mountain, RA_deliverability_East, RA_deliverability_West, CO2_import_ge_p, co2_CO, hybrid_charge_from_solar_Candidate_Solar_plus_Storage_Denver_Battery, hybrid_pair_p_nom_Candidate_Solar_plus_Storage_Denver_Battery, hybrid_charge_from_solar_Candidate_Solar_plus_Storage_East_Battery, hybrid_pair_p_nom_Candidate_Solar_plus_Storage_East_Battery, hybrid_charge_from_solar_Candidate_Solar_plus_Storage_Mountain_Battery, hybrid_pair_p_nom_Candidate_Solar_plus_Storage_Mountain_Battery, hybrid_charge_from_solar_Candidate_Solar_plus_Storage_North_Battery, hybrid_pair_p_nom_Candidate_Solar_plus_Storage_North_Battery, hybrid_charge_from_solar_Candidate_Solar_plus_Storage_South_Battery, hybrid_pair_p_nom_Candidate_Solar_plus_Storage_South_Battery, hybrid_charge_from_solar_Candidate_Solar_plus_Storage_West_Battery, hybrid_pair_p_nom_Candidate_Solar_plus_Storage_West_Battery were not assigned to the network.

=== YEAR 2040 DONE status=ok  wall=229s  objective=$-265,461,439  vintages_carried=16 ===

Build-out by carrier (MW):

layer            existing  vintage  new_build    total

carrier                                               

Wind              5,063.0 11,158.8      177.4 16,399.2

Gas:CT            1,116.2  7,678.3    2,662.3 11,456.8

Solar:PV          4,659.7      0.0    4,054.3  8,713.9

Storage:Battery     856.0    217.6      303.0  1,376.6

Gas:CC              764.0      0.0        0.0    764.0

Hydro               667.7      0.0        0.0    667.7

Hydro:Pumped        578.5      0.0        0.0    578.5

Zonal shadow prices, mean over snapshots ($/MWh):

name

Denver                 31.217841

North                  31.217841

South                  31.198976

Mountain               37.696583

East                   27.556553

West                   37.679026

Wyoming                38.281213

Utah                   38.281213

FourCorners            38.281213

NewMexico              38.281213

Nebraska               38.281213

EasternInterconnect    38.281213

  large CC merge: cherokee__7_cc  576.0 MW  (CT 336.0 + CA 240.0, scale=1.000)  co2=803.6 lb/MWh  hr=6761 Btu/kWh

Reserve margin (statewide, copper-plate):

  peak 16,423.6 MW at 2018-06-28 13:00:00  PRM 13.9%  requirement 18,706.4 MW

                 accredited_mw    p_nom

carrier                                

Gas:CC                   712.7    764.0

Gas:CT                10,319.6 11,456.8

Geothermal                 0.0      0.0

Hydro                    564.0    667.7

Hydro:Pumped             532.0    578.5

Nuclear:SMR                0.0      0.0

Solar+Storage              0.0      0.0

Solar:PV                 124.9  8,713.9

Storage:Battery          995.5  1,376.6

Wind                   5,588.3 16,399.2

  accredited total 18,837.0 MW  slack 130.6 MW

  dual $-0.00/MW-yr

  large CC merge: cherokee__7_cc  576.0 MW  (CT 336.0 + CA 240.0, scale=1.000)  co2=803.6 lb/MWh  hr=6761 Btu/kWh

Zonal deliverability (firm RA pipes at t*):

  t* 2018-06-28 13:00:00  statewide peak 16,423.6 MW

          accredited_mw  net_firm_in_mw  load_at_tstar_mw  slack_mw     dual

zone                                                                        

Denver          4,322.0         5,644.6           9,966.6       0.0 97,585.9

North           4,343.3        -2,923.5           1,419.9       0.0 97,585.9

South           3,579.1          -558.8           3,020.3       0.0 97,585.9

Mountain        1,078.1          -744.7             333.4       0.0 97,585.9

East            4,492.7        -1,540.4             538.9   2,413.4     -0.0

West            1,021.7           122.9           1,144.5       0.0 97,585.9

RA pipe flows (positive = from -> to):

                             from        to  flow_mw  limit_mw  at_bound

pipe                                                                    

RA_pipe_South_West          South      West    -63.5      63.5      True

RA_pipe_East_South           East     South    484.4     484.4      True

RA_pipe_East_North           East     North    591.5     591.5      True

RA_pipe_Denver_South       Denver     South -1,610.4   1,610.4      True

RA_pipe_Mountain_South   Mountain     South    503.7     683.8     False

RA_pipe_Denver_East        Denver      East   -464.5     464.5      True

RA_pipe_Mountain_West    Mountain      West    186.4     961.1     False

RA_pipe_Denver_Mountain    Denver  Mountain    -54.7      73.1     False

RA_pipe_Denver_North       Denver     North -3,515.0   4,070.5     False

RA_pipe_Mountain_North   Mountain     North      0.0       0.0      True

RA_pipe_North_West          North      West      0.0       0.0      True

  reserve_margin_CO dual $-0.00/MW-yr

  large CC merge: cherokee__7_cc  576.0 MW  (CT 336.0 + CA 240.0, scale=1.000)  co2=803.6 lb/MWh  hr=6761 Btu/kWh

CO2 cap (annual, production + attributed imports):

  cap 5.2529 MMT  solved 4.5047 MMT  in-state 0.0210  imports 4.4837  slack 0.7482

  import energy 13,544,558 MWh (positive Market.p only)

  dual $-0.00/metric ton  (native on co2_CO)

Storage cyclic-week energy balance (expect ~0):

  week 0: max |net| = 0.0000 MWh  (Denver_Hydro:Pumped_agg)

  week 1: max |net| = 0.0000 MWh  (Denver_Hydro:Pumped_agg)

  week 2: max |net| = 0.0000 MWh  (Denver_Hydro:Pumped_agg)

  week 3: max |net| = 0.0000 MWh  (Denver_Hydro:Pumped_agg)

  week 4: max |net| = 0.0000 MWh  (Denver_Hydro:Pumped_agg)

  week 5: max |net| = 0.0000 MWh  (North_Hydro:Pumped_agg)

  week 6: max |net| = 0.0000 MWh  (Denver_Hydro:Pumped_agg)

  week 7: max |net| = 0.0000 MWh  (Denver_Hydro:Pumped_agg)

  week 8: max |net| = 0.0000 MWh  (Denver_Hydro:Pumped_agg)

  week 9: max |net| = 0.0000 MWh  (Denver_Hydro:Pumped_agg)

  week 10: max |net| = 0.0000 MWh  (West_Storage:Battery_agg)

Net interchange by interface (TWh, + = CO export):

  Link_West_FourCorners: West <-> FourCorners  +4.451 TWh

  Link_West_Utah: West <-> Utah  +2.750 TWh

  Link_East_Nebraska: East <-> Nebraska  +3.961 TWh

  Link_South_NewMexico: South <-> NewMexico  +0.885 TWh

  Link_Mountain_Wyoming: Mountain <-> Wyoming  +1.203 TWh

  Link_North_Wyoming: North <-> Wyoming  +6.507 TWh

  Link_East_EasternInterconnect: East <-> EasternInterconnect  +0.790 TWh

  total  +20.547 TWh

Annual cash-flow cost ($):

  capex_overnight  $5,883,356,823

  fom_existing  $313,855,301

  fom_vintage  $518,912,420

  fom_new  $133,543,551

  opex_instate  $2,507,724

  import_cost  $518,502,100

  export_revenue  $1,305,067,206

  annual_system_cost  $6,065,610,712

  annual_system_cost_ex_trade  $6,852,175,818

  lp_objective  $-265,461,439

  identity_gap  $0.00

  wrote pypsa\scenarios\cap95\dispatch_2040.csv (226,632 rows)

INFO:pypsa.network.io:Exported network 'Unnamed Network' saved to '.\pypsa\scenarios\cap95\2040.nc contains: buses, generators, storage_units, sub_networks, carriers, loads, links

  wrote pypsa\scenarios\cap95\2040.nc



=== YEAR 2045/2050 START (step 4/5) ===

  surviving vintages: 14 generators, 2 storage



[1/6] Buses...

  6 CO buses: ['Denver', 'North', 'South', 'Mountain', 'East', 'West']

  6 external buses: ['Wyoming', 'Utah', 'FourCorners', 'NewMexico', 'Nebraska', 'EasternInterconnect']



[2/6] Links...

  11 links, internal_limits (raw_sum_mw), bidirectional

    Link_South_West: South <-> West  p_nom=363.1 MW

    Link_East_South: East <-> South  p_nom=994.4 MW

    Link_East_North: East <-> North  p_nom=1,245.3 MW

    Link_Denver_South: Denver <-> South  p_nom=3,024.1 MW

    Link_Mountain_South: Mountain <-> South  p_nom=1,394.4 MW

    Link_Denver_East: Denver <-> East  p_nom=1,769.1 MW

    Link_Mountain_West: Mountain <-> West  p_nom=1,720.9 MW

    Link_Denver_Mountain: Denver <-> Mountain  p_nom=522.0 MW

    Link_Denver_North: Denver <-> North  p_nom=6,786.4 MW

    Link_Mountain_North: Mountain <-> North  p_nom=37.2 MW

    Link_North_West: North <-> West  p_nom=421.5 MW

  7 links, external (raw_sum_mw), bidirectional

    Link_West_FourCorners: West <-> FourCorners  p_nom=1,555.6 MW

    Link_West_Utah: West <-> Utah  p_nom=1,118.8 MW

    Link_East_Nebraska: East <-> Nebraska  p_nom=1,044.0 MW

    Link_South_NewMexico: South <-> NewMexico  p_nom=324.9 MW

    Link_Mountain_Wyoming: Mountain <-> Wyoming  p_nom=504.8 MW

    Link_North_Wyoming: North <-> Wyoming  p_nom=2,031.5 MW

    Link_East_EasternInterconnect: East <-> EasternInterconnect  p_nom=210.0 MW



[3/6] Representative weeks (Milestone 2 load + Milestone 3 clustering)...

.\.venv\Lib\site-packages\tsam\pipeline\orchestrator.py:296: UserWarning: The time series covers 8760 time steps, which is not a whole number of 168-step periods. The last period is filled up with the first 144 time steps of the series so it can be clustered; its occurrence count is reduced accordingly and the padding is dropped again on reconstruction.

  period_profiles = unstack_to_periods(norm_data.values, cfg.n_timesteps_per_period)

INFO:pyomo.contrib.appsi.solvers.highs:Running HiGHS 1.15.1 (git hash: 04024d7): Copyright (c) 2026 under MIT licence terms

INFO:pyomo.contrib.appsi.solvers.highs:Includes third-party software components, see THIRD_PARTY_NOTICES.md for full details

INFO:pyomo.contrib.appsi.solvers.highs:MIP has 2863 rows; 2809 cols; 8374 nonzeros; 2809 integer variables (2809 binary)

INFO:pyomo.contrib.appsi.solvers.highs:Coefficient ranges:

INFO:pyomo.contrib.appsi.solvers.highs:  Matrix  [1e+00, 1e+00]

INFO:pyomo.contrib.appsi.solvers.highs:  Cost    [7e+01, 8e+02]

INFO:pyomo.contrib.appsi.solvers.highs:  Bound   [1e+00, 1e+00]

INFO:pyomo.contrib.appsi.solvers.highs:  RHS     [1e+00, 1e+01]

INFO:pyomo.contrib.appsi.solvers.highs:Presolving model

INFO:pyomo.contrib.appsi.solvers.highs:2810 rows, 2809 cols, 8374 nonzeros 0s

INFO:pyomo.contrib.appsi.solvers.highs:2810 rows, 2809 cols, 8374 nonzeros 0s

INFO:pyomo.contrib.appsi.solvers.highs:Presolve reductions: rows 2810(-53); columns 2809(-0); nonzeros 8374(-0) 

INFO:pyomo.contrib.appsi.solvers.highs:

INFO:pyomo.contrib.appsi.solvers.highs:Solving MIP model with:

INFO:pyomo.contrib.appsi.solvers.highs:   2810 rows

INFO:pyomo.contrib.appsi.solvers.highs:   2809 cols (2809 binary, 0 integer, 0 implied int., 0 continuous, 0 domain fixed)

INFO:pyomo.contrib.appsi.solvers.highs:   8374 nonzeros

INFO:pyomo.contrib.appsi.solvers.highs:   Thread count 2 (of 4 threads). Using 1 max workers. Parallel search off

INFO:pyomo.contrib.appsi.solvers.highs:

INFO:pyomo.contrib.appsi.solvers.highs:Src: B => Branching; C => Central rounding; F => Feasibility pump; H => Heuristic;

INFO:pyomo.contrib.appsi.solvers.highs:     I => Shifting; J => Feasibility jump; L => Sub-MIP; P => Empty MIP; R => Randomized rounding;

INFO:pyomo.contrib.appsi.solvers.highs:     S => Solve LP; T => Evaluate node; U => Unbounded; X => User solution; Y => HiGHS solution;

INFO:pyomo.contrib.appsi.solvers.highs:     Z => ZI Round; l => Trivial lower; p => Trivial point; u => Trivial upper; z => Trivial zero

INFO:pyomo.contrib.appsi.solvers.highs:

INFO:pyomo.contrib.appsi.solvers.highs:        Nodes      |    B&B Tree     |            Objective Bounds              |  Dynamic Constraints |       Work      

INFO:pyomo.contrib.appsi.solvers.highs:Src  Proc. InQueue |  Leaves   Expl. | BestBound       BestSol              Gap |   Cuts   InLp Confl. | LpIters     Time

INFO:pyomo.contrib.appsi.solvers.highs:

INFO:pyomo.contrib.appsi.solvers.highs: J       0       0         0   0.00%   -inf            15201.935369       Large        0      0      0         0     0.7s

INFO:pyomo.contrib.appsi.solvers.highs: T       0       0         0   0.00%   0               7075.387446      100.00%        0      0      0       299     0.9s

INFO:pyomo.contrib.appsi.solvers.highs:         1       0         1 100.00%   7075.387446     7075.387446        0.00%        0      0      0       299     0.9s

INFO:pyomo.contrib.appsi.solvers.highs:

INFO:pyomo.contrib.appsi.solvers.highs:Solving report

INFO:pyomo.contrib.appsi.solvers.highs:  Status            Optimal

INFO:pyomo.contrib.appsi.solvers.highs:  Primal bound      7075.38744567

INFO:pyomo.contrib.appsi.solvers.highs:  Dual bound        7075.38744567

INFO:pyomo.contrib.appsi.solvers.highs:  Gap               0% (tolerance: 0.01%)

INFO:pyomo.contrib.appsi.solvers.highs:  P-D integral      0.0945659000427

INFO:pyomo.contrib.appsi.solvers.highs:  Solution status   feasible

INFO:pyomo.contrib.appsi.solvers.highs:                    7075.38744567 (objective)

INFO:pyomo.contrib.appsi.solvers.highs:                    0 (bound viol.)

INFO:pyomo.contrib.appsi.solvers.highs:                    0 (int. viol.)

INFO:pyomo.contrib.appsi.solvers.highs:                    0 (row viol.)

INFO:pyomo.contrib.appsi.solvers.highs:  Timing            0.86

INFO:pyomo.contrib.appsi.solvers.highs:                    0.44 (Presolve)

INFO:pyomo.contrib.appsi.solvers.highs:                    0.41 (Solve)

INFO:pyomo.contrib.appsi.solvers.highs:                    0.00 (Postsolve)

INFO:pyomo.contrib.appsi.solvers.highs:  Max sub-MIP depth 0

INFO:pyomo.contrib.appsi.solvers.highs:  Nodes             1

INFO:pyomo.contrib.appsi.solvers.highs:  Repair LPs        0

INFO:pyomo.contrib.appsi.solvers.highs:  LP iterations     299

INFO:pyomo.contrib.appsi.solvers.highs:                    0 (strong br.)

INFO:pyomo.contrib.appsi.solvers.highs:                    0 (separation)

INFO:pyomo.contrib.appsi.solvers.highs:                    0 (heuristics)

.\.venv\Lib\site-packages\tsam\pipeline\orchestrator.py:100: UserWarning: At least one maximal value of the aggregated time series exceeds the maximal value the input time series for: {'South': 4.547473508864641e-13, 'East_wind_pt3_cf': 1.1102230246251565e-16, 'South_wind_pt1_cf': 2.220446049250313e-16}. To silence the warning set the 'numerical_tolerance' to a higher value.

  warnings.warn(

  1704 snapshots in 11 periods (weighted hours=8451.4)

    2018-01-08 00:00 to 2018-01-14 23:00  (168h)  weight=4.00

    2018-02-12 00:00 to 2018-02-18 23:00  (168h)  weight=4.00

    2018-03-12 00:00 to 2018-03-18 23:00  (168h)  weight=9.00

    2018-06-04 00:00 to 2018-06-10 23:00  (168h)  weight=3.00

    2018-07-02 00:00 to 2018-07-08 23:00  (168h)  weight=2.00

    2018-07-16 00:00 to 2018-07-22 23:00  (168h)  weight=1.00

    2018-07-30 00:00 to 2018-08-05 23:00  (168h)  weight=3.00

    2018-09-17 00:00 to 2018-09-23 23:00  (168h)  weight=12.00

    2018-12-03 00:00 to 2018-12-09 23:00  (168h)  weight=11.00

    2018-12-31 00:00 to 2018-12-31 23:00  (24h)  weight=2.14

    2018-06-25 00:00 to 2018-07-01 23:00  (168h)  weight=1.00



[4/6] Existing fleet + candidates...

  large CC merge: cherokee__7_cc  576.0 MW  (CT 336.0 + CA 240.0, scale=1.000)  co2=803.6 lb/MWh  hr=6761 Btu/kWh

  21 existing + 14 vintage + 41 candidate generators

  3 existing + 2 vintage + 12 candidate storage

  hybrid_candidates: 6 Solar+Storage generators, 6 storage

  6 market generators at Candidate_Gas:CC MC = $36.51/MWh

    Market_Wyoming: bus=Wyoming  p_nom=2,536.3 MW

    Market_Utah: bus=Utah  p_nom=1,118.8 MW

    Market_FourCorners: bus=FourCorners  p_nom=1,555.6 MW

    Market_NewMexico: bus=NewMexico  p_nom=324.9 MW

    Market_Nebraska: bus=Nebraska  p_nom=1,044.0 MW

    Market_EasternInterconnect: bus=EasternInterconnect  p_nom=210.0 MW

  relax_pmin: p_min_pu=0 on 76 in-state generators (6 Market_* kept at p_min_pu=-1)



[5/6] Capacity factors (aligned to representative snapshots)...

  p_max_pu assigned to 36 of 76 generators (solar/wind only)INFO:pypsa.consistency:Sanitizing network...



INFO:pypsa.components._types.carriers:Adding 12 missing carriers: ['AC', 'Gas:CC', 'Gas:CT', 'Geothermal', 'Hydro', 'Hydro:Pumped', 'Nuclear:SMR', 'Solar+Storage', 'Solar:PV', 'Storage:Battery', 'Wind', 'import']

INFO:pypsa.components._types.carriers:Assigned colors to 12 carriers using 'tab10' palette.

INFO:pypsa.consistency:Network sanitization complete.



[6/6] Network assembled.

Solving 2045 (1704 snapshots, week-cyclic SOC, statewide PRM, zonal RA pipes, CO2 cap, relax_pmin, aggregate_large_cc, hybrid_candidates)...

  RA: peak=18,351.2 MW at 2018-06-28 13:00:00  PRM=13.9%  requirement=20,902.0 MW

  RA pipes: t*=2018-06-28 13:00:00  statewide peak=18,351.2 MW  11 internal interfaces

    RA_pipe_South_West: South <-> West  +/-63.5 MW

    RA_pipe_East_South: East <-> South  +/-484.4 MW

    RA_pipe_East_North: East <-> North  +/-591.5 MW

    RA_pipe_Denver_South: Denver <-> South  +/-1,610.4 MW

    RA_pipe_Mountain_South: Mountain <-> South  +/-683.8 MW

    RA_pipe_Denver_East: Denver <-> East  +/-464.5 MW

    RA_pipe_Mountain_West: Mountain <-> West  +/-961.1 MW

    RA_pipe_Denver_Mountain: Denver <-> Mountain  +/-73.1 MW

    RA_pipe_Denver_North: Denver <-> North  +/-4,070.5 MW

    RA_pipe_Mountain_North: Mountain <-> North  +/-0.0 MW  (N-1 zero)

    RA_pipe_North_West: North <-> West  +/-0.0 MW  (N-1 zero)

  zonal load at t*:

    Denver: 11,338.7 MW

    North: 1,488.6 MW

    South: 3,300.6 MW

    Mountain: 367.7 MW

    East: 598.4 MW

    West: 1,257.2 MW

  CO2: cap=3.6770 MMT (3,677,013 t)  path=cap95  import intensity=729.8 lb/MWh (Candidate_Gas:CC)

  large CC merge: cherokee__7_cc  576.0 MW  (CT 336.0 + CA 240.0, scale=1.000)  co2=803.6 lb/MWh  hr=6761 Btu/kWh


  large CC merge: cherokee__7_cc  576.0 MW  (CT 336.0 + CA 240.0, scale=1.000)  co2=803.6 lb/MWh  hr=6761 Btu/kWh


  large CC merge: cherokee__7_cc  576.0 MW  (CT 336.0 + CA 240.0, scale=1.000)  co2=803.6 lb/MWh  hr=6761 Btu/kWh


INFO:linopy.model: Solve problem using Highs solver

  hybrid: 6 pairs  p_nom equality on 6 extendable  charge-from-solar on 6


INFO:linopy.model:Solver options:

 - solver: simplex

 - threads: 2

INFO:linopy.io:Writing objective.


Writing constraints.:   0%|[38;2;128;191;255m          [0m| 0/54 [00:00<?, ?it/s]
Writing constraints.:   9%|[38;2;128;191;255m9         [0m| 5/54 [00:00<00:01, 36.96it/s]
Writing constraints.:  17%|[38;2;128;191;255m#6        [0m| 9/54 [00:00<00:01, 35.94it/s]
Writing constraints.:  31%|[38;2;128;191;255m###1      [0m| 17/54 [00:00<00:00, 52.36it/s]
Writing constraints.:  43%|[38;2;128;191;255m####2     [0m| 23/54 [00:00<00:00, 36.75it/s]
Writing constraints.:  65%|[38;2;128;191;255m######4   [0m| 35/54 [00:00<00:00, 57.40it/s]
Writing constraints.:  78%|[38;2;128;191;255m#######7  [0m| 42/54 [00:00<00:00, 60.62it/s]
Writing constraints.:  96%|[38;2;128;191;255m#########6[0m| 52/54 [00:00<00:00, 70.89it/s]
Writing constraints.: 100%|[38;2;128;191;255m##########[0m| 54/54 [00:00<00:00, 58.72it/s]


Writing continuous variables.:   0%|[38;2;128;191;255m          [0m| 0/9 [00:00<?, ?it/s]
Writing continuous variables.:  56%|[38;2;128;191;255m#####5    [0m| 5/9 [00:00<00:00, 47.54it/s]
Writing continuous variables.: 100%|[38;2;128;191;255m##########[0m| 9/9 [00:00<00:00, 62.61it/s]

INFO:linopy.io: Writing time: 1.08s

Running HiGHS 1.15.1 (git hash: 04024d7): Copyright (c) 2026 under MIT licence terms

Includes third-party software components, see THIRD_PARTY_NOTICES.md for full details

LP linopy-problem-o4qcm67x has 584539 rows; 267592 cols; 1099938 nonzeros

Coefficient ranges:

  Matrix  [1e-04, 7e+00]

  Cost    [4e-01, 6e+05]

  Bound   [6e+01, 4e+03]

  RHS     [9e-04, 4e+06]

WARNING: Problem has some excessively large row bounds

WARNING:    Consider scaling the    bounds by 1e-1, or setting the user_bound_scale option to -2

Presolving model

171342 rows, 233342 cols, 637511 nonzeros 1s

Dependent equations search running on 34673 equations with time limit of 1000.00s

Dependent equations search removed 0 rows and 0 nonzeros in 0.01s (limit = 1000.00s)

165119 rows, 204234 cols, 611693 nonzeros 2s

Presolve reductions: rows 165119(-419420); columns 204234(-63358); nonzeros 611693(-488245) 

Solving the presolved LP

Using dual simplex solver



========== HiGHS simplex: YEAR 2045 (step 4/5) ==========

2045 |   Iteration        Objective     Infeasibilities num(sum)

2045 |           0    -2.0949013472e+09 Pr: 10227(2.18613e+07) 3.5s

2045 |       11751    -2.0202188437e+09 Pr: 9995(2.60675e+07); Du: 0(3.44761e-05) 8.7s

2045 |       22691    -1.6136568511e+09 Pr: 11340(1.52004e+07); Du: 0(3.12597e-05) 13.9s

2045 |       30966    -1.5559459456e+09 Pr: 12364(2.39189e+07); Du: 0(2.75472e-05) 19.0s

2045 |       37194    -1.4959337698e+09 Pr: 13543(2.92464e+07); Du: 0(2.51814e-05) 24.3s

2045 |       42344    -1.4227293683e+09 Pr: 16803(2.76648e+07); Du: 0(2.36229e-05) 29.4s

2045 |       45177    -1.3568179933e+09 Pr: 20137(2.86209e+07); Du: 0(2.28669e-05) 34.4s

2045 |       48611    -1.2927523361e+09 Pr: 15738(2.11592e+07); Du: 0(2.16116e-05) 39.5s

2045 |       52065    -1.2854076135e+09 Pr: 15968(2.28587e+07); Du: 0(2.10139e-05) 45.0s

2045 |       53301    -1.2854075883e+09 Pr: 16167(2.55895e+07); Du: 0(2.08333e-05) 50.3s

2045 |       54253    -1.2777563745e+09 Pr: 16698(2.75905e+07); Du: 0(2.09746e-05) 55.6s

2045 |       55714    -1.2339545296e+09 Pr: 18714(2.55571e+07); Du: 0(2.04083e-05) 60.7s

2045 |       59625    -1.2172483853e+09 Pr: 19426(2.84398e+07); Du: 0(2.00111e-05) 65.9s

2045 |       62837    -1.2097138289e+09 Pr: 19955(3.32445e+07); Du: 0(1.97351e-05) 71.2s

2045 |       64135    -1.2097137723e+09 Pr: 20116(3.55855e+07); Du: 0(1.93415e-05) 76.5s

2045 |       65413    -1.2028063736e+09 Pr: 20739(3.47769e+07); Du: 0(1.92382e-05) 82.0s

2045 |       74656    -8.8169542822e+08 Pr: 19755(2.30722e+07); Du: 0(1.81645e-05) 88.0s

2045 |       77138    -8.1859648254e+08 Pr: 24586(3.26462e+07); Du: 0(1.81036e-05) 94.4s

2045 |       78898    -7.8214067851e+08 Pr: 25583(1.28398e+08); Du: 0(1.716e-05) 100.0s

2045 |       81430    -7.3932591515e+08 Pr: 29553(2.91177e+07); Du: 0(1.81142e-05) 109.0s

2045 |       85935    -6.8018238565e+08 Pr: 25715(8.98553e+07); Du: 0(2.05092e-05) 115.2s

2045 |       92259    -5.6635578496e+08 Pr: 30868(9.00657e+07); Du: 0(1.8403e-05) 120.5s

2045 |       95568    -5.1085101758e+08 Pr: 26102(3.50094e+07); Du: 0(1.76491e-05) 126.4s

2045 |       98405    -4.6638013992e+08 Pr: 30564(1.91365e+07); Du: 0(1.67063e-05) 131.4s

2045 |      103096    -3.9939673144e+08 Pr: 35273(3.58903e+07); Du: 0(1.60829e-05) 136.7s

2045 |      109732    -3.5580619023e+08 Pr: 28008(3.18177e+07); Du: 0(2.06688e-05) 143.6s

2045 |      112868    -3.3340597484e+08 Pr: 26465(3.27705e+07); Du: 0(2.10809e-05) 149.6s

2045 |      115641    -3.1972190787e+08 Pr: 31968(3.18612e+07); Du: 0(2.26397e-05) 155.3s

2045 |      120370    -3.0231160323e+08 Pr: 31999(3.45371e+07); Du: 0(2.45074e-05) 161.2s

2045 |      125744    -2.8656579510e+08 Pr: 31658(1.55946e+07); Du: 0(2.30368e-05) 169.3s

2045 |      130027    -2.7200669766e+08 Pr: 26397(4.21918e+07); Du: 0(2.58259e-05) 175.5s

2045 |      133027    -2.6845443627e+08 Pr: 25863(1.20408e+07); Du: 0(2.6656e-05) 181.4s

2045 |      136030    -2.6184146685e+08 Pr: 25253(1.4105e+07); Du: 0(2.59486e-05) 189.3s

2045 |      140033    -2.4142162332e+08 Pr: 29319(2.28782e+07); Du: 0(2.68111e-05) 197.6s

2045 |      141807    -2.3733431684e+08 Pr: 24970(2.40525e+07); Du: 0(2.68108e-05) 203.1s

2045 |      146034    -2.2925210159e+08 Pr: 24396(1.64038e+07); Du: 0(2.49963e-05) 209.6s

2045 |      148438    -2.2401766927e+08 Pr: 17342(1.54736e+07); Du: 0(2.57871e-05) 215.2s

2045 |      152787    -2.1745292410e+08 Pr: 23663(1.62431e+07); Du: 0(2.76917e-05) 221.9s

2045 |      154819    -2.1500685759e+08 Pr: 16840(3.59543e+06); Du: 0(2.9759e-05) 227.5s

2045 |      158829    -2.0465860389e+08 Pr: 30327(9.00364e+06); Du: 0(3.02708e-05) 233.6s

2045 |      160685    -2.0240644316e+08 Pr: 20630(6.91496e+06); Du: 0(2.92917e-05) 238.9s

2045 |      163697    -1.9978347599e+08 Pr: 22501(1.04446e+07); Du: 0(2.94717e-05) 245.8s

2045 |      165600    -1.9678420437e+08 Pr: 17442(1.02537e+07); Du: 0(2.89226e-05) 253.6s

2045 |      167660    -1.9379694734e+08 Pr: 20071(5.04761e+06); Du: 0(2.91455e-05) 260.4s

2045 |      170603    -1.9084350461e+08 Pr: 22746(2.9052e+07); Du: 0(2.99597e-05) 266.8s

2045 |      173849    -1.8264784609e+08 Pr: 13426(2.083e+06); Du: 0(2.94605e-05) 272.2s

2045 |      177315    -1.7425465661e+08 Pr: 12611(1.73316e+06); Du: 0(3.18929e-05) 277.9s

2045 |      179886    -1.6238789466e+08 Pr: 12610(2.77038e+06); Du: 0(3.12938e-05) 283.2s

2045 |      184542    -1.5634450420e+08 Pr: 11621(2.45172e+06); Du: 0(3.26866e-05) 289.8s

2045 |      189230    -1.4761155653e+08 Pr: 10372(999222); Du: 0(3.33528e-05) 295.5s

2045 |      192494    -1.4451182479e+08 Pr: 11009(2.65477e+06); Du: 0(3.22214e-05) 301.7s

2045 |      194324    -1.4385975688e+08 Pr: 20508(3.65795e+06); Du: 0(3.29221e-05) 307.6s

2045 |      198112    -1.2788557386e+08 Pr: 9027(1.09748e+06); Du: 0(3.31468e-05) 312.7s

2045 |      200082    -1.2599286498e+08 Pr: 8507(2.03215e+06); Du: 0(3.34259e-05) 318.3s

2045 |      203025    -1.2478706960e+08 Pr: 7970(497100); Du: 0(3.40019e-05) 323.4s

2045 |      205525    -1.2214332245e+08 Pr: 14910(6.86216e+07); Du: 0(3.31763e-05) 329.3s

2045 |      206413    -1.2213686090e+08 Pr: 8697(5.41974e+06); Du: 0(3.26294e-05) 335.0s

2045 |      210296    -1.2097894032e+08 Pr: 12315(800432); Du: 0(3.53117e-05) 341.0s

2045 |      213546    -1.2024511142e+08 Pr: 11738(522834); Du: 0(3.64739e-05) 346.6s

2045 |      216757    -1.1954446620e+08 Pr: 9866(728007); Du: 0(3.76944e-05) 352.7s

2045 |      219455    -1.1920178888e+08 Pr: 3511(101027); Du: 0(3.74212e-05) 358.1s

2045 |      222143    -1.1907312293e+08 Pr: 7919(4.00719e+06); Du: 0(3.70604e-05) 363.6s

2045 |      224255    -1.1903639607e+08 Pr: 3109(56914.6); Du: 0(3.81893e-05) 369.3s

2045 |      225972    -1.1901567084e+08 Pr: 2872(30603.7); Du: 0(3.80588e-05) 375.7s

2045 |      229501    -1.1833785742e+08 Pr: 1238(18859.4); Du: 0(3.7815e-05) 380.7s

2045 |      231987    -1.1777575795e+08 Pr: 0(0); Du: 0(3.69074e-10) 384.3s



Performed postsolve

Solving the original LP from the solution after postsolve



Model name          : linopy-problem-o4qcm67x

Model status        : Optimal

Simplex   iterations: 231987

Objective value     : -1.1777575795e+08

P-D objective error :  2.1287236048e-13

HiGHS run time      :        385.15

INFO:linopy.constants: Optimization successful: 

Status: ok

Termination condition: optimal

Solution: 267592 primals, 584726 duals

Objective: -1.18e+08

Solver: highs

Runtime: 385.15s

MIP gap: inf

Dual bound: 0.00e+00

Solver model: available

Solver message: Optimal



INFO:pypsa.optimization.optimize:The variable 'RA_pipe' could not be mapped to the network component because it does not include the symbol '-'.

INFO:pypsa.optimization.optimize:The variable 'CO2_import_flow' could not be mapped to the network component because it does not include the symbol '-'.

INFO:pypsa.optimization.optimize:The shadow-prices of the constraints Generator-fix-p-lower, Generator-fix-p-upper, Generator-ext-p-lower, Generator-ext-p-upper, Link-fix-p-lower, Link-fix-p-upper, StorageUnit-fix-p_dispatch-lower, StorageUnit-fix-p_dispatch-upper, StorageUnit-ext-p_dispatch-lower, StorageUnit-ext-p_dispatch-upper, StorageUnit-fix-p_store-lower, StorageUnit-fix-p_store-upper, StorageUnit-ext-p_store-lower, StorageUnit-ext-p_store-upper, StorageUnit-fix-state_of_charge-lower, StorageUnit-fix-state_of_charge-upper, StorageUnit-ext-state_of_charge-lower, StorageUnit-ext-state_of_charge-upper, StorageUnit-energy_balance, reserve_margin_CO, RA_deliverability_Denver, RA_deliverability_North, RA_deliverability_South, RA_deliverability_Mountain, RA_deliverability_East, RA_deliverability_West, CO2_import_ge_p, co2_CO, hybrid_charge_from_solar_Candidate_Solar_plus_Storage_Denver_Battery, hybrid_pair_p_nom_Candidate_Solar_plus_Storage_Denver_Battery, hybrid_charge_from_solar_Candidate_Solar_plus_Storage_East_Battery, hybrid_pair_p_nom_Candidate_Solar_plus_Storage_East_Battery, hybrid_charge_from_solar_Candidate_Solar_plus_Storage_Mountain_Battery, hybrid_pair_p_nom_Candidate_Solar_plus_Storage_Mountain_Battery, hybrid_charge_from_solar_Candidate_Solar_plus_Storage_North_Battery, hybrid_pair_p_nom_Candidate_Solar_plus_Storage_North_Battery, hybrid_charge_from_solar_Candidate_Solar_plus_Storage_South_Battery, hybrid_pair_p_nom_Candidate_Solar_plus_Storage_South_Battery, hybrid_charge_from_solar_Candidate_Solar_plus_Storage_West_Battery, hybrid_pair_p_nom_Candidate_Solar_plus_Storage_West_Battery were not assigned to the network.

=== YEAR 2045 DONE status=ok  wall=417s  objective=$-117,775,758  vintages_carried=22 ===

Build-out by carrier (MW):

layer            existing  vintage  new_build    total

carrier                                               

Wind              3,008.2 11,336.2    2,016.8 16,361.2

Gas:CT              936.2 10,340.6    3,633.9 14,910.7

Solar:PV          4,659.7  4,054.3      218.3  8,932.3

Storage:Battery       0.0    520.6      582.7  1,103.3

Hydro               667.7      0.0        0.0    667.7

Hydro:Pumped        578.5      0.0        0.0    578.5

Gas:CC              576.0      0.0        0.0    576.0

Zonal shadow prices, mean over snapshots ($/MWh):

name

Denver                 29.926876

North                  29.793511

South                  29.844790

Mountain               35.355074

East                   24.266218

West                   35.267697

Wyoming                36.506693

Utah                   36.506693

FourCorners            36.506693

NewMexico              36.506693

Nebraska               36.506693

EasternInterconnect    36.506693

  large CC merge: cherokee__7_cc  576.0 MW  (CT 336.0 + CA 240.0, scale=1.000)  co2=803.6 lb/MWh  hr=6761 Btu/kWh

Reserve margin (statewide, copper-plate):

  peak 18,351.2 MW at 2018-06-28 13:00:00  PRM 13.9%  requirement 20,902.0 MW

                 accredited_mw    p_nom

carrier                                

Gas:CC                   533.9    576.0

Gas:CT                13,431.4 14,910.7

Geothermal                 0.0      0.0

Hydro                    564.0    667.7

Hydro:Pumped             532.0    578.5

Nuclear:SMR                0.0      0.0

Solar+Storage              0.0      0.0

Solar:PV                 119.5  8,932.3

Storage:Battery          652.5  1,103.3

Wind                   5,068.6 16,361.2

  accredited total 20,902.0 MW  slack 0.0 MW

  dual $93,512.21/MW-yr

  large CC merge: cherokee__7_cc  576.0 MW  (CT 336.0 + CA 240.0, scale=1.000)  co2=803.6 lb/MWh  hr=6761 Btu/kWh

Zonal deliverability (firm RA pipes at t*):

  t* 2018-06-28 13:00:00  statewide peak 18,351.2 MW

          accredited_mw  net_firm_in_mw  load_at_tstar_mw  slack_mw  dual

zone                                                                     

Denver          5,856.7         5,482.0          11,338.7       0.0  -0.0

North           4,231.1        -2,742.5           1,488.6       0.0  -0.0

South           4,957.4        -1,402.6           3,300.6     254.2  -0.0

Mountain        1,078.1          -710.4             367.7       0.0  -0.0

East            4,435.4        -1,540.4             598.4   2,296.6  -0.0

West              343.3           913.8           1,257.2       0.0  -0.0

RA pipe flows (positive = from -> to):

                             from        to  flow_mw  limit_mw  at_bound

pipe                                                                    

RA_pipe_South_West          South      West     63.5      63.5      True

RA_pipe_East_South           East     South    484.4     484.4      True

RA_pipe_East_North           East     North    591.5     591.5      True

RA_pipe_Denver_South       Denver     South -1,610.4   1,610.4      True

RA_pipe_Mountain_South   Mountain     South   -213.1     683.8     False

RA_pipe_Denver_East        Denver      East   -464.5     464.5      True

RA_pipe_Mountain_West    Mountain      West    850.3     961.1     False

RA_pipe_Denver_Mountain    Denver  Mountain    -73.1      73.1      True

RA_pipe_Denver_North       Denver     North -3,334.0   4,070.5     False

RA_pipe_Mountain_North   Mountain     North      0.0       0.0      True

RA_pipe_North_West          North      West      0.0       0.0      True

  reserve_margin_CO dual $93,512.21/MW-yr

  large CC merge: cherokee__7_cc  576.0 MW  (CT 336.0 + CA 240.0, scale=1.000)  co2=803.6 lb/MWh  hr=6761 Btu/kWh

CO2 cap (annual, production + attributed imports):

  cap 3.6770 MMT  solved 3.6770 MMT  in-state 0.0559  imports 3.6211  slack -0.0000

  import energy 10,938,827 MWh (positive Market.p only)

  dual $-0.00/metric ton  (native on co2_CO)

Storage cyclic-week energy balance (expect ~0):

  week 0: max |net| = 0.0000 MWh  (Candidate_Storage:Battery_East)

  week 1: max |net| = 0.0000 MWh  (Mountain_Hydro:Pumped_agg)

  week 2: max |net| = 0.0000 MWh  (Candidate_Storage:Battery_East)

  week 3: max |net| = 0.0000 MWh  (Candidate_Storage:Battery_East)

  week 4: max |net| = 0.0000 MWh  (Candidate_Storage:Battery_East)

  week 5: max |net| = 0.0000 MWh  (Candidate_Storage:Battery_East)

  week 6: max |net| = 0.0000 MWh  (Candidate_Storage:Battery_East)

  week 7: max |net| = 0.0000 MWh  (Candidate_Storage:Battery_East)

  week 8: max |net| = 0.0000 MWh  (Denver_Hydro:Pumped_agg)

  week 9: max |net| = 0.0000 MWh  (Candidate_Storage:Battery_East)

  week 10: max |net| = 0.0000 MWh  (Denver_Hydro:Pumped_agg)

Net interchange by interface (TWh, + = CO export):

  Link_West_FourCorners: West <-> FourCorners  +3.514 TWh

  Link_West_Utah: West <-> Utah  +2.366 TWh

  Link_East_Nebraska: East <-> Nebraska  +4.604 TWh

  Link_South_NewMexico: South <-> NewMexico  +0.709 TWh

  Link_Mountain_Wyoming: Mountain <-> Wyoming  +1.022 TWh

  Link_North_Wyoming: North <-> Wyoming  +5.727 TWh

  Link_East_EasternInterconnect: East <-> EasternInterconnect  +0.913 TWh

  total  +18.854 TWh

Annual cash-flow cost ($):

  capex_overnight  $6,079,138,060

  fom_existing  $226,142,816

  fom_vintage  $652,455,971

  fom_new  $153,325,154

  opex_instate  $6,282,015

  import_cost  $399,340,403

  export_revenue  $1,087,626,033

  annual_system_cost  $6,429,058,387

  annual_system_cost_ex_trade  $7,117,344,016

  lp_objective  $-117,775,758

  identity_gap  $0.00

  wrote pypsa\scenarios\cap95\dispatch_2045.csv (230,040 rows)

INFO:pypsa.network.io:Exported network 'Unnamed Network' saved to '.\pypsa\scenarios\cap95\2045.nc contains: buses, generators, storage_units, sub_networks, carriers, loads, links

  wrote pypsa\scenarios\cap95\2045.nc



=== YEAR 2050/2050 START (step 5/5) ===

  surviving vintages: 19 generators, 2 storage



[1/6] Buses...

  6 CO buses: ['Denver', 'North', 'South', 'Mountain', 'East', 'West']

  6 external buses: ['Wyoming', 'Utah', 'FourCorners', 'NewMexico', 'Nebraska', 'EasternInterconnect']



[2/6] Links...

  11 links, internal_limits (raw_sum_mw), bidirectional

    Link_South_West: South <-> West  p_nom=363.1 MW

    Link_East_South: East <-> South  p_nom=994.4 MW

    Link_East_North: East <-> North  p_nom=1,245.3 MW

    Link_Denver_South: Denver <-> South  p_nom=3,024.1 MW

    Link_Mountain_South: Mountain <-> South  p_nom=1,394.4 MW

    Link_Denver_East: Denver <-> East  p_nom=1,769.1 MW

    Link_Mountain_West: Mountain <-> West  p_nom=1,720.9 MW

    Link_Denver_Mountain: Denver <-> Mountain  p_nom=522.0 MW

    Link_Denver_North: Denver <-> North  p_nom=6,786.4 MW

    Link_Mountain_North: Mountain <-> North  p_nom=37.2 MW

    Link_North_West: North <-> West  p_nom=421.5 MW

  7 links, external (raw_sum_mw), bidirectional

    Link_West_FourCorners: West <-> FourCorners  p_nom=1,555.6 MW

    Link_West_Utah: West <-> Utah  p_nom=1,118.8 MW

    Link_East_Nebraska: East <-> Nebraska  p_nom=1,044.0 MW

    Link_South_NewMexico: South <-> NewMexico  p_nom=324.9 MW

    Link_Mountain_Wyoming: Mountain <-> Wyoming  p_nom=504.8 MW

    Link_North_Wyoming: North <-> Wyoming  p_nom=2,031.5 MW

    Link_East_EasternInterconnect: East <-> EasternInterconnect  p_nom=210.0 MW



[3/6] Representative weeks (Milestone 2 load + Milestone 3 clustering)...

.\.venv\Lib\site-packages\tsam\pipeline\orchestrator.py:296: UserWarning: The time series covers 8760 time steps, which is not a whole number of 168-step periods. The last period is filled up with the first 144 time steps of the series so it can be clustered; its occurrence count is reduced accordingly and the padding is dropped again on reconstruction.

  period_profiles = unstack_to_periods(norm_data.values, cfg.n_timesteps_per_period)

INFO:pyomo.contrib.appsi.solvers.highs:Running HiGHS 1.15.1 (git hash: 04024d7): Copyright (c) 2026 under MIT licence terms

INFO:pyomo.contrib.appsi.solvers.highs:Includes third-party software components, see THIRD_PARTY_NOTICES.md for full details

INFO:pyomo.contrib.appsi.solvers.highs:MIP has 2863 rows; 2809 cols; 8374 nonzeros; 2809 integer variables (2809 binary)

INFO:pyomo.contrib.appsi.solvers.highs:Coefficient ranges:

INFO:pyomo.contrib.appsi.solvers.highs:  Matrix  [1e+00, 1e+00]

INFO:pyomo.contrib.appsi.solvers.highs:  Cost    [7e+01, 8e+02]

INFO:pyomo.contrib.appsi.solvers.highs:  Bound   [1e+00, 1e+00]

INFO:pyomo.contrib.appsi.solvers.highs:  RHS     [1e+00, 1e+01]

INFO:pyomo.contrib.appsi.solvers.highs:Presolving model

INFO:pyomo.contrib.appsi.solvers.highs:2810 rows, 2809 cols, 8374 nonzeros 0s

INFO:pyomo.contrib.appsi.solvers.highs:2810 rows, 2809 cols, 8374 nonzeros 0s

INFO:pyomo.contrib.appsi.solvers.highs:Presolve reductions: rows 2810(-53); columns 2809(-0); nonzeros 8374(-0) 

INFO:pyomo.contrib.appsi.solvers.highs:

INFO:pyomo.contrib.appsi.solvers.highs:Solving MIP model with:

INFO:pyomo.contrib.appsi.solvers.highs:   2810 rows

INFO:pyomo.contrib.appsi.solvers.highs:   2809 cols (2809 binary, 0 integer, 0 implied int., 0 continuous, 0 domain fixed)

INFO:pyomo.contrib.appsi.solvers.highs:   8374 nonzeros

INFO:pyomo.contrib.appsi.solvers.highs:   Thread count 2 (of 4 threads). Using 1 max workers. Parallel search off

INFO:pyomo.contrib.appsi.solvers.highs:

INFO:pyomo.contrib.appsi.solvers.highs:Src: B => Branching; C => Central rounding; F => Feasibility pump; H => Heuristic;

INFO:pyomo.contrib.appsi.solvers.highs:     I => Shifting; J => Feasibility jump; L => Sub-MIP; P => Empty MIP; R => Randomized rounding;

INFO:pyomo.contrib.appsi.solvers.highs:     S => Solve LP; T => Evaluate node; U => Unbounded; X => User solution; Y => HiGHS solution;

INFO:pyomo.contrib.appsi.solvers.highs:     Z => ZI Round; l => Trivial lower; p => Trivial point; u => Trivial upper; z => Trivial zero

INFO:pyomo.contrib.appsi.solvers.highs:

INFO:pyomo.contrib.appsi.solvers.highs:        Nodes      |    B&B Tree     |            Objective Bounds              |  Dynamic Constraints |       Work      

INFO:pyomo.contrib.appsi.solvers.highs:Src  Proc. InQueue |  Leaves   Expl. | BestBound       BestSol              Gap |   Cuts   InLp Confl. | LpIters     Time

INFO:pyomo.contrib.appsi.solvers.highs:

INFO:pyomo.contrib.appsi.solvers.highs: J       0       0         0   0.00%   -inf            16650.084472       Large        0      0      0         0     0.3s

INFO:pyomo.contrib.appsi.solvers.highs: T       0       0         0   0.00%   0               7536.522111      100.00%        0      0      0       261     0.5s

INFO:pyomo.contrib.appsi.solvers.highs:         1       0         1 100.00%   7536.522111     7536.522111        0.00%        0      0      0       261     0.5s

INFO:pyomo.contrib.appsi.solvers.highs:

INFO:pyomo.contrib.appsi.solvers.highs:Solving report

INFO:pyomo.contrib.appsi.solvers.highs:  Status            Optimal

INFO:pyomo.contrib.appsi.solvers.highs:  Primal bound      7536.52211092

INFO:pyomo.contrib.appsi.solvers.highs:  Dual bound        7536.52211092

INFO:pyomo.contrib.appsi.solvers.highs:  Gap               0% (tolerance: 0.01%)

INFO:pyomo.contrib.appsi.solvers.highs:  P-D integral      0.10814659996

INFO:pyomo.contrib.appsi.solvers.highs:  Solution status   feasible

INFO:pyomo.contrib.appsi.solvers.highs:                    7536.52211092 (objective)

INFO:pyomo.contrib.appsi.solvers.highs:                    0 (bound viol.)

INFO:pyomo.contrib.appsi.solvers.highs:                    0 (int. viol.)

INFO:pyomo.contrib.appsi.solvers.highs:                    0 (row viol.)

INFO:pyomo.contrib.appsi.solvers.highs:  Timing            0.46

INFO:pyomo.contrib.appsi.solvers.highs:                    0.11 (Presolve)

INFO:pyomo.contrib.appsi.solvers.highs:                    0.34 (Solve)

INFO:pyomo.contrib.appsi.solvers.highs:                    0.00 (Postsolve)

INFO:pyomo.contrib.appsi.solvers.highs:  Max sub-MIP depth 0

INFO:pyomo.contrib.appsi.solvers.highs:  Nodes             1

INFO:pyomo.contrib.appsi.solvers.highs:  Repair LPs        0

INFO:pyomo.contrib.appsi.solvers.highs:  LP iterations     261

INFO:pyomo.contrib.appsi.solvers.highs:                    0 (strong br.)

INFO:pyomo.contrib.appsi.solvers.highs:                    0 (separation)

INFO:pyomo.contrib.appsi.solvers.highs:                    0 (heuristics)

  1704 snapshots in 11 periods (weighted hours=8451.4)

    2018-01-15 00:00 to 2018-01-21 23:00  (168h)  weight=3.00

    2018-02-12 00:00 to 2018-02-18 23:00  (168h)  weight=5.00

    2018-03-12 00:00 to 2018-03-18 23:00  (168h)  weight=7.00

    2018-06-04 00:00 to 2018-06-10 23:00  (168h)  weight=2.00

    2018-07-02 00:00 to 2018-07-08 23:00  (168h)  weight=2.00

    2018-07-23 00:00 to 2018-07-29 23:00  (168h)  weight=3.00

    2018-09-17 00:00 to 2018-09-23 23:00  (168h)  weight=13.00

    2018-10-22 00:00 to 2018-10-28 23:00  (168h)  weight=10.00

    2018-12-10 00:00 to 2018-12-16 23:00  (168h)  weight=3.00

    2018-12-31 00:00 to 2018-12-31 23:00  (24h)  weight=2.14

    2018-06-25 00:00 to 2018-07-01 23:00  (168h)  weight=2.00



[4/6] Existing fleet + candidates...

  16 existing + 19 vintage + 41 candidate generators

  3 existing + 2 vintage + 12 candidate storage

  hybrid_candidates: 6 Solar+Storage generators, 6 storage

  6 market generators at Candidate_Gas:CC MC = $35.44/MWh

    Market_Wyoming: bus=Wyoming  p_nom=2,536.3 MW

    Market_Utah: bus=Utah  p_nom=1,118.8 MW

    Market_FourCorners: bus=FourCorners  p_nom=1,555.6 MW

    Market_NewMexico: bus=NewMexico  p_nom=324.9 MW

    Market_Nebraska: bus=Nebraska  p_nom=1,044.0 MW

    Market_EasternInterconnect: bus=EasternInterconnect  p_nom=210.0 MW

  relax_pmin: p_min_pu=0 on 76 in-state generators (6 Market_* kept at p_min_pu=-1)



[5/6] Capacity factors (aligned to representative snapshots)...

  p_max_pu assigned to 36 of 76 generators (solar/wind only)INFO:pypsa.consistency:Sanitizing network...



INFO:pypsa.components._types.carriers:Adding 12 missing carriers: ['AC', 'Gas:CC', 'Gas:CT', 'Geothermal', 'Hydro', 'Hydro:Pumped', 'Nuclear:SMR', 'Solar+Storage', 'Solar:PV', 'Storage:Battery', 'Wind', 'import']

INFO:pypsa.components._types.carriers:Assigned colors to 12 carriers using 'tab10' palette.

INFO:pypsa.consistency:Network sanitization complete.



[6/6] Network assembled.

Solving 2050 (1704 snapshots, week-cyclic SOC, statewide PRM, zonal RA pipes, CO2 cap, relax_pmin, aggregate_large_cc, hybrid_candidates)...

  RA: peak=20,521.2 MW at 2018-06-28 13:00:00  PRM=13.9%  requirement=23,373.6 MW

  RA pipes: t*=2018-06-28 13:00:00  statewide peak=20,521.2 MW  11 internal interfaces

    RA_pipe_South_West: South <-> West  +/-63.5 MW

    RA_pipe_East_South: East <-> South  +/-484.4 MW

    RA_pipe_East_North: East <-> North  +/-591.5 MW

    RA_pipe_Denver_South: Denver <-> South  +/-1,610.4 MW

    RA_pipe_Mountain_South: Mountain <-> South  +/-683.8 MW

    RA_pipe_Denver_East: Denver <-> East  +/-464.5 MW

    RA_pipe_Mountain_West: Mountain <-> West  +/-961.1 MW

    RA_pipe_Denver_Mountain: Denver <-> Mountain  +/-73.1 MW

    RA_pipe_Denver_North: Denver <-> North  +/-4,070.5 MW

    RA_pipe_Mountain_North: Mountain <-> North  +/-0.0 MW  (N-1 zero)

    RA_pipe_North_West: North <-> West  +/-0.0 MW  (N-1 zero)

  zonal load at t*:

    Denver: 12,899.8 MW

    North: 1,562.5 MW

    South: 3,606.9 MW

    Mountain: 406.6 MW

    East: 664.4 MW

    West: 1,381.0 MW

  CO2: cap=2.1012 MMT (2,101,150 t)  path=cap95  import intensity=729.8 lb/MWh (Candidate_Gas:CC)

  hybrid: 6 pairs  p_nom equality on 6 extendable  charge-from-solar on 6


INFO:linopy.model: Solve problem using Highs solver

INFO:linopy.model:Solver options:

 - solver: simplex

 - threads: 2

INFO:linopy.io:Writing objective.


Writing constraints.:   0%|[38;2;128;191;255m          [0m| 0/54 [00:00<?, ?it/s]
Writing constraints.:   7%|[38;2;128;191;255m7         [0m| 4/54 [00:00<00:01, 30.34it/s]
Writing constraints.:  15%|[38;2;128;191;255m#4        [0m| 8/54 [00:00<00:02, 19.24it/s]
Writing constraints.:  24%|[38;2;128;191;255m##4       [0m| 13/54 [00:00<00:01, 27.24it/s]
Writing constraints.:  31%|[38;2;128;191;255m###1      [0m| 17/54 [00:00<00:01, 29.98it/s]
Writing constraints.:  39%|[38;2;128;191;255m###8      [0m| 21/54 [00:00<00:01, 21.65it/s]
Writing constraints.:  46%|[38;2;128;191;255m####6     [0m| 25/54 [00:01<00:01, 24.45it/s]
Writing constraints.:  65%|[38;2;128;191;255m######4   [0m| 35/54 [00:01<00:00, 40.54it/s]
Writing constraints.:  76%|[38;2;128;191;255m#######5  [0m| 41/54 [00:01<00:00, 43.26it/s]
Writing constraints.:  87%|[38;2;128;191;255m########7 [0m| 47/54 [00:01<00:00, 44.55it/s]
Writing constraints.:  96%|[38;2;128;191;255m#########6[0m| 52/54 [00:01<00:00, 45.60it/s]
Writing constraints.: 100%|[38;2;128;191;255m##########[0m| 54/54 [00:01<00:00, 35.59it/s]


Writing continuous variables.:   0%|[38;2;128;191;255m          [0m| 0/9 [00:00<?, ?it/s]
Writing continuous variables.: 100%|[38;2;128;191;255m##########[0m| 9/9 [00:00<00:00, 84.77it/s]
Writing continuous variables.: 100%|[38;2;128;191;255m##########[0m| 9/9 [00:00<00:00, 83.90it/s]

INFO:linopy.io: Writing time: 1.66s

Running HiGHS 1.15.1 (git hash: 04024d7): Copyright (c) 2026 under MIT licence terms

Includes third-party software components, see THIRD_PARTY_NOTICES.md for full details

LP linopy-problem-uvk1o3mo has 584539 rows; 267592 cols; 1099668 nonzeros

Coefficient ranges:

  Matrix  [5e-05, 7e+00]

  Cost    [8e-01, 6e+05]

  Bound   [6e+01, 4e+03]

  RHS     [4e-04, 2e+06]

WARNING: Problem has some excessively large row bounds

WARNING:    Consider scaling the    bounds by 1e-1, or setting the user_bound_scale option to -2

Presolving model

170742 rows, 232338 cols, 635142 nonzeros 1s

Dependent equations search running on 34510 equations with time limit of 1000.00s

Dependent equations search removed 0 rows and 0 nonzeros in 0.01s (limit = 1000.00s)

164356 rows, 205335 cols, 613468 nonzeros 2s

Presolve reductions: rows 164356(-420183); columns 205335(-62257); nonzeros 613468(-486200) 

Solving the presolved LP

Using dual simplex solver



========== HiGHS simplex: YEAR 2050 (step 5/5) ==========

2050 |   Iteration        Objective     Infeasibilities num(sum)

2050 |           0    -2.0337908348e+09 Pr: 10228(1.64918e+07) 3.1s

2050 |       21595    -1.7900590895e+09 Pr: 10471(1.02302e+07); Du: 0(2.43845e-05) 8.1s

2050 |       30822    -1.6847219762e+09 Pr: 11820(1.72874e+07); Du: 0(2.23552e-05) 13.1s

2050 |       37651    -1.5748356099e+09 Pr: 17944(2.34436e+07); Du: 0(1.98631e-05) 18.2s

2050 |       40708    -1.5748354322e+09 Pr: 18489(4.05951e+07); Du: 0(1.96562e-05) 23.4s

2050 |       45316    -1.4993660632e+09 Pr: 14303(1.84246e+07); Du: 0(1.88919e-05) 28.7s

2050 |       48527    -1.4306282911e+09 Pr: 15026(2.02302e+07); Du: 0(1.88861e-05) 33.8s

2050 |       51103    -1.4306281763e+09 Pr: 15518(2.91495e+07); Du: 0(1.8471e-05) 39.2s

2050 |       53663    -1.3611868382e+09 Pr: 16192(2.37318e+07); Du: 0(1.88131e-05) 44.2s

2050 |       58133    -1.3611867443e+09 Pr: 16790(3.06466e+07); Du: 0(1.93329e-05) 50.0s

2050 |       59278    -1.3466838738e+09 Pr: 17443(3.43674e+07); Du: 0(1.88703e-05) 55.6s

2050 |       63069    -1.2933753668e+09 Pr: 17872(3.04082e+07); Du: 0(1.77757e-05) 61.1s

2050 |       65274    -1.2535367810e+09 Pr: 18346(2.90426e+07); Du: 0(1.74822e-05) 66.2s

2050 |       70030    -1.2137112796e+09 Pr: 19029(3.53103e+07); Du: 0(1.80824e-05) 71.2s

2050 |       75005    -1.1817364239e+09 Pr: 20010(2.43107e+07); Du: 0(1.66959e-05) 76.3s

2050 |       76673    -1.1817363536e+09 Pr: 20324(3.48417e+07); Du: 0(1.71154e-05) 81.9s

2050 |       79337    -1.1121906870e+09 Pr: 20563(2.36189e+07); Du: 0(1.71071e-05) 86.9s

2050 |       83970    -9.3065931753e+08 Pr: 24676(7.91331e+07); Du: 0(1.76696e-05) 92.6s

2050 |       86076    -8.5326422765e+08 Pr: 39428(1.39442e+08); Du: 0(1.71069e-05) 97.8s

2050 |       89809    -7.9778355977e+08 Pr: 30277(4.96157e+07); Du: 0(1.80196e-05) 104.6s

2050 |       95686    -7.3293640091e+08 Pr: 25448(1.61188e+07); Du: 0(1.59725e-05) 110.3s

2050 |      102958    -6.2797610926e+08 Pr: 30669(2.90471e+07); Du: 0(1.78334e-05) 115.6s

2050 |      110819    -5.2324400414e+08 Pr: 31263(3.38751e+07); Du: 0(1.56108e-05) 121.0s

2050 |      117306    -4.7365184450e+08 Pr: 25312(1.01229e+07); Du: 0(2.00801e-05) 126.4s

2050 |      124925    -4.2738384091e+08 Pr: 23691(1.38693e+07); Du: 0(1.94356e-05) 131.6s

2050 |      129834    -4.0033361286e+08 Pr: 28067(9.9606e+07); Du: 0(1.92837e-05) 136.9s

2050 |      134073    -3.8260057264e+08 Pr: 33738(1.43555e+07); Du: 0(2.27307e-05) 143.4s

2050 |      138589    -3.7434195788e+08 Pr: 25340(1.97584e+07); Du: 0(2.50654e-05) 149.0s

2050 |      142239    -3.7023090140e+08 Pr: 18387(7.93794e+06); Du: 0(2.48485e-05) 154.3s

2050 |      147918    -3.5962319626e+08 Pr: 24873(1.81199e+07); Du: 0(2.53379e-05) 159.8s

2050 |      153710    -3.4459811895e+08 Pr: 26141(1.25332e+07); Du: 0(2.73292e-05) 165.0s

2050 |      159724    -3.3521605256e+08 Pr: 26146(1.52569e+07); Du: 0(2.86711e-05) 170.8s

2050 |      165394    -3.2310192610e+08 Pr: 17319(4.06761e+06); Du: 0(3.0027e-05) 176.6s

2050 |      169077    -3.2047212507e+08 Pr: 14586(2.53074e+06); Du: 0(2.93521e-05) 182.8s

2050 |      170791    -3.1048717823e+08 Pr: 14081(2.87587e+06); Du: 0(3.01685e-05) 188.6s

2050 |      174142    -2.7468997062e+08 Pr: 18717(4.76643e+06); Du: 0(3.00499e-05) 194.1s

2050 |      177406    -2.7055291432e+08 Pr: 14495(3.88514e+06); Du: 0(2.87535e-05) 199.6s

2050 |      179721    -2.6980240723e+08 Pr: 27776(5.28436e+07); Du: 0(2.88665e-05) 205.2s

2050 |      183483    -2.6767410876e+08 Pr: 23706(7.23394e+06); Du: 0(2.94384e-05) 210.7s

2050 |      188562    -2.6536918334e+08 Pr: 12206(1.92152e+06); Du: 0(3.00487e-05) 217.2s

2050 |      194273    -2.5273321514e+08 Pr: 12700(2.69007e+06); Du: 0(2.92972e-05) 222.9s

2050 |      197216    -2.5244242901e+08 Pr: 17895(3.50206e+06); Du: 0(2.92063e-05) 228.5s

2050 |      200413    -2.5172590869e+08 Pr: 18164(7.25175e+06); Du: 0(2.85092e-05) 233.5s

2050 |      204657    -2.4116464000e+08 Pr: 15414(1.47195e+06); Du: 0(2.86541e-05) 239.6s

2050 |      209714    -2.3961043628e+08 Pr: 9952(2.28471e+06); Du: 0(3.0141e-05) 245.1s

2050 |      215693    -2.3770285802e+08 Pr: 9295(3.08486e+06); Du: 0(2.95112e-05) 250.9s

2050 |      218083    -2.3701368322e+08 Pr: 10920(5.24927e+06); Du: 0(2.93091e-05) 256.9s

2050 |      221642    -2.3664098352e+08 Pr: 6885(521257); Du: 0(3.01267e-05) 262.4s

2050 |      226696    -2.3542845750e+08 Pr: 5495(230549); Du: 0(3.02786e-05) 268.1s

2050 |      229936    -2.3507514642e+08 Pr: 6158(887339); Du: 0(3.04739e-05) 273.9s

2050 |      233805    -2.3432477295e+08 Pr: 4209(469111); Du: 0(3.06421e-05) 279.3s

2050 |      238402    -2.3360106561e+08 Pr: 7201(187767); Du: 0(3.1943e-05) 285.2s

2050 |      240199    -2.3327992133e+08 Pr: 0(0); Du: 0(6.65234e-09) 287.5s



Performed postsolve

Solving the original LP from the solution after postsolve



Model name          : linopy-problem-uvk1o3mo

Model status        : Optimal

Simplex   iterations: 240199

Objective value     : -2.3327992133e+08

P-D objective error :  1.1817197122e-13

HiGHS run time      :        288.36

INFO:linopy.constants: Optimization successful: 

Status: ok

Termination condition: optimal

Solution: 267592 primals, 584726 duals

Objective: -2.33e+08

Solver: highs

Runtime: 288.36s

MIP gap: inf

Dual bound: 0.00e+00

Solver model: available

Solver message: Optimal



INFO:pypsa.optimization.optimize:The variable 'RA_pipe' could not be mapped to the network component because it does not include the symbol '-'.

INFO:pypsa.optimization.optimize:The variable 'CO2_import_flow' could not be mapped to the network component because it does not include the symbol '-'.

INFO:pypsa.optimization.optimize:The shadow-prices of the constraints Generator-fix-p-lower, Generator-fix-p-upper, Generator-ext-p-lower, Generator-ext-p-upper, Link-fix-p-lower, Link-fix-p-upper, StorageUnit-fix-p_dispatch-lower, StorageUnit-fix-p_dispatch-upper, StorageUnit-ext-p_dispatch-lower, StorageUnit-ext-p_dispatch-upper, StorageUnit-fix-p_store-lower, StorageUnit-fix-p_store-upper, StorageUnit-ext-p_store-lower, StorageUnit-ext-p_store-upper, StorageUnit-fix-state_of_charge-lower, StorageUnit-fix-state_of_charge-upper, StorageUnit-ext-state_of_charge-lower, StorageUnit-ext-state_of_charge-upper, StorageUnit-energy_balance, reserve_margin_CO, RA_deliverability_Denver, RA_deliverability_North, RA_deliverability_South, RA_deliverability_Mountain, RA_deliverability_East, RA_deliverability_West, CO2_import_ge_p, co2_CO, hybrid_charge_from_solar_Candidate_Solar_plus_Storage_Denver_Battery, hybrid_pair_p_nom_Candidate_Solar_plus_Storage_Denver_Battery, hybrid_charge_from_solar_Candidate_Solar_plus_Storage_East_Battery, hybrid_pair_p_nom_Candidate_Solar_plus_Storage_East_Battery, hybrid_charge_from_solar_Candidate_Solar_plus_Storage_Mountain_Battery, hybrid_pair_p_nom_Candidate_Solar_plus_Storage_Mountain_Battery, hybrid_charge_from_solar_Candidate_Solar_plus_Storage_North_Battery, hybrid_pair_p_nom_Candidate_Solar_plus_Storage_North_Battery, hybrid_charge_from_solar_Candidate_Solar_plus_Storage_South_Battery, hybrid_pair_p_nom_Candidate_Solar_plus_Storage_South_Battery, hybrid_charge_from_solar_Candidate_Solar_plus_Storage_West_Battery, hybrid_pair_p_nom_Candidate_Solar_plus_Storage_West_Battery were not assigned to the network.

=== YEAR 2050 DONE status=ok  wall=320s  objective=$-233,279,921  vintages_carried=29 ===

Build-out by carrier (MW):

layer            existing  vintage  new_build    total

carrier                                               

Gas:CT              726.2 13,974.5    3,582.9 18,283.6

Wind                249.0 13,353.0    2,015.2 15,617.2

Solar:PV          4,329.2  4,272.6    1,279.6  9,881.5

Storage:Battery       0.0    885.8    1,504.7  2,390.5

Hydro               638.2      0.0        0.0    638.2

Hydro:Pumped        578.5      0.0        0.0    578.5

Zonal shadow prices, mean over snapshots ($/MWh):

name

Denver                 28.964654

North                  27.596325

South                  28.686356

Mountain               33.945765

East                   23.463792

West                   33.889632

Wyoming                35.441544

Utah                   35.441544

FourCorners            35.441544

NewMexico              35.441544

Nebraska               35.441544

EasternInterconnect    35.441544

Reserve margin (statewide, copper-plate):

  peak 20,521.2 MW at 2018-06-28 13:00:00  PRM 13.9%  requirement 23,373.6 MW

                 accredited_mw    p_nom

carrier                                

Gas:CC                     0.0      0.0

Gas:CT                16,473.8 18,283.6

Geothermal                 0.0      0.0

Hydro                    539.1    638.2

Hydro:Pumped             532.0    578.5

Nuclear:SMR                0.0      0.0

Solar+Storage              0.0      0.0

Solar:PV                 108.2  9,881.5

Storage:Battery        1,394.1  2,390.5

Wind                   4,326.3 15,617.2

  accredited total 23,373.6 MW  slack 0.0 MW

  dual $89,305.99/MW-yr

Zonal deliverability (firm RA pipes at t*):

  t* 2018-06-28 13:00:00  statewide peak 20,521.2 MW

          accredited_mw  net_firm_in_mw  load_at_tstar_mw  slack_mw  dual

zone                                                                     

Denver          8,538.3         4,361.4          12,899.8       0.0  -0.0

North           5,254.3        -2,068.1           1,562.5   1,623.7  -0.0

South           4,737.9        -1,131.0           3,606.9      -0.0  -0.0

Mountain        1,053.2          -646.6             406.6       0.0  -0.0

East            3,433.5        -1,540.4             664.4   1,228.7  -0.0

West              356.4         1,024.6           1,381.0       0.0   3.5

RA pipe flows (positive = from -> to):

                             from        to  flow_mw  limit_mw  at_bound

pipe                                                                    

RA_pipe_South_West          South      West     63.5      63.5      True

RA_pipe_East_South           East     South    484.4     484.4      True

RA_pipe_East_North           East     North    591.5     591.5      True

RA_pipe_Denver_South       Denver     South -1,310.4   1,610.4     False

RA_pipe_Mountain_South   Mountain     South   -241.4     683.8     False

RA_pipe_Denver_East        Denver      East   -464.5     464.5      True

RA_pipe_Mountain_West    Mountain      West    961.1     961.1      True

RA_pipe_Denver_Mountain    Denver  Mountain     73.1      73.1      True

RA_pipe_Denver_North       Denver     North -2,659.6   4,070.5     False

RA_pipe_Mountain_North   Mountain     North      0.0       0.0      True

RA_pipe_North_West          North      West      0.0       0.0      True

  reserve_margin_CO dual $89,305.99/MW-yr

CO2 cap (annual, production + attributed imports):

  cap 2.1012 MMT  solved 2.1011 MMT  in-state 0.1820  imports 1.9192  slack 0.0000

  import energy 5,797,543 MWh (positive Market.p only)

  dual $-0.00/metric ton  (native on co2_CO)

Storage cyclic-week energy balance (expect ~0):

  week 0: max |net| = 0.0000 MWh  (Candidate_Storage:Battery_North)

  week 1: max |net| = 0.0000 MWh  (Candidate_Storage:Battery_North)

  week 2: max |net| = 0.0000 MWh  (Candidate_Storage:Battery_North)

  week 3: max |net| = 0.0000 MWh  (Candidate_Storage:Battery_North)

  week 4: max |net| = 0.0000 MWh  (Candidate_Storage:Battery_North)

  week 5: max |net| = 0.0000 MWh  (Candidate_Storage:Battery_North)

  week 6: max |net| = 0.0000 MWh  (Built_Storage:Battery_East_2045)

  week 7: max |net| = 0.0000 MWh  (Candidate_Storage:Battery_North)

  week 8: max |net| = 0.0000 MWh  (Candidate_Storage:Battery_North)

  week 9: max |net| = 0.0000 MWh  (Candidate_Storage:Battery_North)

  week 10: max |net| = 0.0000 MWh  (Built_Storage:Battery_East_2045)

Net interchange by interface (TWh, + = CO export):

  Link_West_FourCorners: West <-> FourCorners  +4.995 TWh

  Link_West_Utah: West <-> Utah  +3.605 TWh

  Link_East_Nebraska: East <-> Nebraska  +5.474 TWh

  Link_South_NewMexico: South <-> NewMexico  +1.220 TWh

  Link_Mountain_Wyoming: Mountain <-> Wyoming  +1.273 TWh

  Link_North_Wyoming: North <-> Wyoming  +8.036 TWh

  Link_East_EasternInterconnect: East <-> EasternInterconnect  +1.121 TWh

  total  +25.723 TWh

Annual cash-flow cost ($):

  capex_overnight  $7,083,679,774

  fom_existing  $145,769,440

  fom_vintage  $799,254,535

  fom_new  $179,862,463

  opex_instate  $20,229,632

  import_cost  $205,473,874

  export_revenue  $1,117,135,665

  annual_system_cost  $7,317,134,052

  annual_system_cost_ex_trade  $8,228,795,843

  lp_objective  $-233,279,921

  identity_gap  $0.00

  wrote pypsa\scenarios\cap95\dispatch_2050.csv (230,040 rows)

  NPV (r=0.03, base=2030, step=5): total $37,715,156,853  ex_trade $50,294,839,562

INFO:pypsa.network.io:Exported network 'Unnamed Network' saved to '.\pypsa\scenarios\cap95\2050.nc contains: buses, generators, storage_units, sub_networks, carriers, loads, links

  wrote pypsa\scenarios\cap95\2050.nc



=== MYOPIC SEQUENCE COMPLETE ===

  pypsa\scenarios\cap95\capacity_by_year.csv

  pypsa\scenarios\cap95\solve.log

  pypsa\scenarios\cap95\2030.nc

  pypsa\scenarios\cap95\2035.nc

  pypsa\scenarios\cap95\2040.nc

  pypsa\scenarios\cap95\2045.nc

  pypsa\scenarios\cap95\2050.nc

