--- solve.log island_cap95 start 2026-08-28T21:10:36 ---
  solve log: pypsa\scenarios\island_cap95\solve.log



--- Colorado PyPSA case: island_cap95 ---

Investment years: [2030, 2035, 2040, 2045, 2050]

internal_limits=True

neighbors=False

reserve_margin=True

zonal_ra=True

co2_cap=True

co2_path=cap95

relax_pmin=True

aggregate_large_cc=True

hybrid_candidates=True

HiGHS dual simplex, threads=2, include_objective_constant=False



=== YEAR 2030/2050 START (step 1/5) ===

  surviving vintages: 0 generators, 0 storage

.\.venv\Lib\site-packages\pypsa\network\io.py:2082: FutureWarning: pandas infers the `str` dtype for string data since its version 3.0. PyPSA still converts it back to numpy object dtype on import, but will keep it from PyPSA 2.0 on. Set `pypsa.options.api.legacy_string_dtype` explicitly to suppress this warning.

  new_static = _coerce_string_dtypes(new_static)



[1/6] Buses...

  6 CO buses: ['Denver', 'North', 'South', 'Mountain', 'East', 'West']



[2/6] Links...

  11 links, internal_limits (raw_sum_mw), bidirectional

    Link_South_West: South <-> West  p_nom=363.1 MW

    Link_East_South: East <-> South  p_nom=994.4 MW

    Link_East_North: East <-> North  p_nom=1,245.3 MW

    Link_Denver_South: Denver <-> South  p_nom=3,024.1 MW

    Link_Mountain_South: Mountain <-> South  p_nom=1,394.4 MW

    Link_Denver_East: Denver <-> East  p_nom=1,769.1 MW

    Link_Mountain_West: Mountain <-> West  p_nom=1,720.9 MW

    Link_Denver_Mountain: Denver <-> Mountain  p_nom=522.0 MW

    Link_Denver_North: Denver <-> North  p_nom=6,786.4 MW

    Link_Mountain_North: Mountain <-> North  p_nom=37.2 MW

    Link_North_West: North <-> West  p_nom=421.5 MW



[3/6] Representative weeks (Milestone 2 load + Milestone 3 clustering)...

.\.venv\Lib\site-packages\tsam\pipeline\orchestrator.py:296: UserWarning: The time series covers 8760 time steps, which is not a whole number of 168-step periods. The last period is filled up with the first 144 time steps of the series so it can be clustered; its occurrence count is reduced accordingly and the padding is dropped again on reconstruction.

  period_profiles = unstack_to_periods(norm_data.values, cfg.n_timesteps_per_period)

INFO:pyomo.contrib.appsi.solvers.highs:Running HiGHS 1.15.1 (git hash: 04024d7): Copyright (c) 2026 under MIT licence terms

INFO:pyomo.contrib.appsi.solvers.highs:Includes third-party software components, see THIRD_PARTY_NOTICES.md for full details

INFO:pyomo.contrib.appsi.solvers.highs:MIP has 2863 rows; 2809 cols; 8374 nonzeros; 2809 integer variables (2809 binary)

INFO:pyomo.contrib.appsi.solvers.highs:Coefficient ranges:

INFO:pyomo.contrib.appsi.solvers.highs:  Matrix  [1e+00, 1e+00]

INFO:pyomo.contrib.appsi.solvers.highs:  Cost    [7e+01, 6e+02]

INFO:pyomo.contrib.appsi.solvers.highs:  Bound   [1e+00, 1e+00]

INFO:pyomo.contrib.appsi.solvers.highs:  RHS     [1e+00, 1e+01]

INFO:pyomo.contrib.appsi.solvers.highs:Presolving model

INFO:pyomo.contrib.appsi.solvers.highs:2810 rows, 2809 cols, 8374 nonzeros 0s

INFO:pyomo.contrib.appsi.solvers.highs:2810 rows, 2809 cols, 8374 nonzeros 0s

INFO:pyomo.contrib.appsi.solvers.highs:Presolve reductions: rows 2810(-53); columns 2809(-0); nonzeros 8374(-0) 

INFO:pyomo.contrib.appsi.solvers.highs:

INFO:pyomo.contrib.appsi.solvers.highs:Solving MIP model with:

INFO:pyomo.contrib.appsi.solvers.highs:   2810 rows

INFO:pyomo.contrib.appsi.solvers.highs:   2809 cols (2809 binary, 0 integer, 0 implied int., 0 continuous, 0 domain fixed)

INFO:pyomo.contrib.appsi.solvers.highs:   8374 nonzeros

INFO:pyomo.contrib.appsi.solvers.highs:   Thread count 2 (of 4 threads). Using 1 max workers. Parallel search off

INFO:pyomo.contrib.appsi.solvers.highs:

INFO:pyomo.contrib.appsi.solvers.highs:Src: B => Branching; C => Central rounding; F => Feasibility pump; H => Heuristic;

INFO:pyomo.contrib.appsi.solvers.highs:     I => Shifting; J => Feasibility jump; L => Sub-MIP; P => Empty MIP; R => Randomized rounding;

INFO:pyomo.contrib.appsi.solvers.highs:     S => Solve LP; T => Evaluate node; U => Unbounded; X => User solution; Y => HiGHS solution;

INFO:pyomo.contrib.appsi.solvers.highs:     Z => ZI Round; l => Trivial lower; p => Trivial point; u => Trivial upper; z => Trivial zero

INFO:pyomo.contrib.appsi.solvers.highs:

INFO:pyomo.contrib.appsi.solvers.highs:        Nodes      |    B&B Tree     |            Objective Bounds              |  Dynamic Constraints |       Work      

INFO:pyomo.contrib.appsi.solvers.highs:Src  Proc. InQueue |  Leaves   Expl. | BestBound       BestSol              Gap |   Cuts   InLp Confl. | LpIters     Time

INFO:pyomo.contrib.appsi.solvers.highs:

INFO:pyomo.contrib.appsi.solvers.highs: J       0       0         0   0.00%   -inf            12071.762821       Large        0      0      0         0     0.4s

INFO:pyomo.contrib.appsi.solvers.highs: T       0       0         0   0.00%   0               5624.730147      100.00%        0      0      0       236     0.5s

INFO:pyomo.contrib.appsi.solvers.highs:         1       0         1 100.00%   5624.730147     5624.730147        0.00%        0      0      0       236     0.5s

INFO:pyomo.contrib.appsi.solvers.highs:

INFO:pyomo.contrib.appsi.solvers.highs:Solving report

INFO:pyomo.contrib.appsi.solvers.highs:  Status            Optimal

INFO:pyomo.contrib.appsi.solvers.highs:  Primal bound      5624.73014677

INFO:pyomo.contrib.appsi.solvers.highs:  Dual bound        5624.73014677

INFO:pyomo.contrib.appsi.solvers.highs:  Gap               0% (tolerance: 0.01%)

INFO:pyomo.contrib.appsi.solvers.highs:  P-D integral      0.0726520000026

INFO:pyomo.contrib.appsi.solvers.highs:  Solution status   feasible

INFO:pyomo.contrib.appsi.solvers.highs:                    5624.73014677 (objective)

INFO:pyomo.contrib.appsi.solvers.highs:                    0 (bound viol.)

INFO:pyomo.contrib.appsi.solvers.highs:                    0 (int. viol.)

INFO:pyomo.contrib.appsi.solvers.highs:                    0 (row viol.)

INFO:pyomo.contrib.appsi.solvers.highs:  Timing            0.53

INFO:pyomo.contrib.appsi.solvers.highs:                    0.16 (Presolve)

INFO:pyomo.contrib.appsi.solvers.highs:                    0.37 (Solve)

INFO:pyomo.contrib.appsi.solvers.highs:                    0.00 (Postsolve)

INFO:pyomo.contrib.appsi.solvers.highs:  Max sub-MIP depth 0

INFO:pyomo.contrib.appsi.solvers.highs:  Nodes             1

INFO:pyomo.contrib.appsi.solvers.highs:  Repair LPs        0

INFO:pyomo.contrib.appsi.solvers.highs:  LP iterations     236

INFO:pyomo.contrib.appsi.solvers.highs:                    0 (strong br.)

INFO:pyomo.contrib.appsi.solvers.highs:                    0 (separation)

INFO:pyomo.contrib.appsi.solvers.highs:                    0 (heuristics)

  1848 snapshots in 11 periods (weighted hours=8760.0)

    2018-12-03 00:00 to 2018-12-09 23:00  (168h)  weight=3.14

    2018-04-09 00:00 to 2018-04-15 23:00  (168h)  weight=6.00

    2018-05-07 00:00 to 2018-05-13 23:00  (168h)  weight=6.00

    2018-05-21 00:00 to 2018-05-27 23:00  (168h)  weight=3.00

    2018-06-04 00:00 to 2018-06-10 23:00  (168h)  weight=2.00

    2018-07-09 00:00 to 2018-07-15 23:00  (168h)  weight=2.00

    2018-08-06 00:00 to 2018-08-12 23:00  (168h)  weight=4.00

    2018-09-17 00:00 to 2018-09-23 23:00  (168h)  weight=6.00

    2018-10-22 00:00 to 2018-10-28 23:00  (168h)  weight=6.00

    2018-11-12 00:00 to 2018-11-18 23:00  (168h)  weight=11.00

    2018-06-25 00:00 to 2018-07-01 23:00  (168h)  weight=3.00



[4/6] Existing fleet + candidates...

  large CC merge: cherokee__7_cc  576.0 MW  (CT 336.0 + CA 240.0, scale=1.000)  co2=803.6 lb/MWh  hr=6761 Btu/kWh

  large CC merge: fort_st_vrain__1_cc  499.2 MW  (CT 292.0 + CA 207.2, scale=0.673)  co2=815.3 lb/MWh  hr=6859 Btu/kWh

  large CC merge: rocky_mountain_energy_center__STG1_cc  592.0 MW  (CT 292.0 + CA 300.0, scale=1.000)  co2=806.3 lb/MWh  hr=6784 Btu/kWh

  large CC merge: front_range_power_plant__3_cc  460.0 MW  (CT 270.0 + CA 190.0, scale=1.000)  co2=887.7 lb/MWh  hr=7469 Btu/kWh

  53 existing + 0 vintage + 41 candidate generators

  7 existing + 0 vintage + 12 candidate storage

  hybrid_candidates: 6 Solar+Storage generators, 6 storage

  relax_pmin: p_min_pu=0 on 94 in-state generators (0 Market_* kept at p_min_pu=-1)



[5/6] Capacity factors (aligned to representative snapshots)...

  p_max_pu assigned to 28 of 94 generators (solar/wind only)

INFO:pypsa.consistency:Sanitizing network...

INFO:pypsa.components._types.carriers:Adding 14 missing carriers: ['AC', 'Coal', 'Gas:CC', 'Gas:CT', 'Gas:IC', 'Gas:ST', 'Geothermal', 'Hydro', 'Hydro:Pumped', 'Nuclear:SMR', 'Solar+Storage', 'Solar:PV', 'Storage:Battery', 'Wind']

INFO:pypsa.components._types.carriers:Assigned colors to 14 carriers using 'tab10' palette.



[6/6] Network assembled.INFO:pypsa.consistency:Network sanitization complete.



Solving 2030 (1848 snapshots, week-cyclic SOC, statewide PRM, zonal RA pipes, CO2 cap, relax_pmin, aggregate_large_cc, hybrid_candidates)...

  RA: peak=13,187.5 MW at 2018-06-28 13:00:00  PRM=15.7%  requirement=15,258.0 MW

  RA pipes: t*=2018-06-28 13:00:00  statewide peak=13,187.5 MW  11 internal interfaces

    RA_pipe_South_West: South <-> West  +/-63.5 MW

    RA_pipe_East_South: East <-> South  +/-484.4 MW

    RA_pipe_East_North: East <-> North  +/-591.5 MW

    RA_pipe_Denver_South: Denver <-> South  +/-1,610.4 MW

    RA_pipe_Mountain_South: Mountain <-> South  +/-683.8 MW

    RA_pipe_Denver_East: Denver <-> East  +/-464.5 MW

    RA_pipe_Mountain_West: Mountain <-> West  +/-961.1 MW

    RA_pipe_Denver_Mountain: Denver <-> Mountain  +/-73.1 MW

    RA_pipe_Denver_North: Denver <-> North  +/-4,070.5 MW

    RA_pipe_Mountain_North: Mountain <-> North  +/-0.0 MW  (N-1 zero)

    RA_pipe_North_West: North <-> West  +/-0.0 MW  (N-1 zero)

  zonal load at t*:

    Denver: 7,700.4 MW

    North: 1,296.3 MW

    South: 2,529.1 MW

    Mountain: 276.1 MW

    East: 437.0 MW

    West: 948.6 MW

  CO2: cap=8.4046 MMT (8,404,600 t)  path=cap95  import intensity=729.8 lb/MWh (Candidate_Gas:CC)

  large CC merge: cherokee__7_cc  576.0 MW  (CT 336.0 + CA 240.0, scale=1.000)  co2=803.6 lb/MWh  hr=6761 Btu/kWh


  large CC merge: fort_st_vrain__1_cc  499.2 MW  (CT 292.0 + CA 207.2, scale=0.673)  co2=815.3 lb/MWh  hr=6859 Btu/kWh


  large CC merge: rocky_mountain_energy_center__STG1_cc  592.0 MW  (CT 292.0 + CA 300.0, scale=1.000)  co2=806.3 lb/MWh  hr=6784 Btu/kWh


  large CC merge: front_range_power_plant__3_cc  460.0 MW  (CT 270.0 + CA 190.0, scale=1.000)  co2=887.7 lb/MWh  hr=7469 Btu/kWh


  large CC merge: cherokee__7_cc  576.0 MW  (CT 336.0 + CA 240.0, scale=1.000)  co2=803.6 lb/MWh  hr=6761 Btu/kWh


  large CC merge: fort_st_vrain__1_cc  499.2 MW  (CT 292.0 + CA 207.2, scale=0.673)  co2=815.3 lb/MWh  hr=6859 Btu/kWh


  large CC merge: rocky_mountain_energy_center__STG1_cc  592.0 MW  (CT 292.0 + CA 300.0, scale=1.000)  co2=806.3 lb/MWh  hr=6784 Btu/kWh


  large CC merge: front_range_power_plant__3_cc  460.0 MW  (CT 270.0 + CA 190.0, scale=1.000)  co2=887.7 lb/MWh  hr=7469 Btu/kWh


  large CC merge: cherokee__7_cc  576.0 MW  (CT 336.0 + CA 240.0, scale=1.000)  co2=803.6 lb/MWh  hr=6761 Btu/kWh


  large CC merge: fort_st_vrain__1_cc  499.2 MW  (CT 292.0 + CA 207.2, scale=0.673)  co2=815.3 lb/MWh  hr=6859 Btu/kWh


  large CC merge: rocky_mountain_energy_center__STG1_cc  592.0 MW  (CT 292.0 + CA 300.0, scale=1.000)  co2=806.3 lb/MWh  hr=6784 Btu/kWh


  large CC merge: front_range_power_plant__3_cc  460.0 MW  (CT 270.0 + CA 190.0, scale=1.000)  co2=887.7 lb/MWh  hr=7469 Btu/kWh


  CO2: in-state only (no Market_* / import flow)


  hybrid: 6 pairs  p_nom equality on 6 extendable  charge-from-solar on 6


INFO:linopy.model: Solve problem using Highs solver

INFO:linopy.model:Solver options:

 - solver: simplex

 - threads: 2

INFO:linopy.io:Writing objective.


Writing constraints.:   0%|[38;2;128;191;255m          [0m| 0/54 [00:00<?, ?it/s]
Writing constraints.:   7%|[38;2;128;191;255m7         [0m| 4/54 [00:00<00:01, 30.72it/s]
Writing constraints.:  15%|[38;2;128;191;255m#4        [0m| 8/54 [00:00<00:01, 28.81it/s]
Writing constraints.:  28%|[38;2;128;191;255m##7       [0m| 15/54 [00:00<00:00, 41.71it/s]
Writing constraints.:  39%|[38;2;128;191;255m###8      [0m| 21/54 [00:00<00:00, 38.17it/s]
Writing constraints.:  46%|[38;2;128;191;255m####6     [0m| 25/54 [00:00<00:00, 38.16it/s]
Writing constraints.:  74%|[38;2;128;191;255m#######4  [0m| 40/54 [00:00<00:00, 69.28it/s]
Writing constraints.:  89%|[38;2;128;191;255m########8 [0m| 48/54 [00:00<00:00, 71.69it/s]
Writing constraints.: 100%|[38;2;128;191;255m##########[0m| 54/54 [00:00<00:00, 58.58it/s]


Writing continuous variables.:   0%|[38;2;128;191;255m          [0m| 0/8 [00:00<?, ?it/s]
Writing continuous variables.: 100%|[38;2;128;191;255m##########[0m| 8/8 [00:00<00:00, 110.50it/s]

INFO:linopy.io: Writing time: 1.28s

Running HiGHS 1.15.1 (git hash: 04024d7): Copyright (c) 2026 under MIT licence terms

Includes third-party software components, see THIRD_PARTY_NOTICES.md for full details

LP linopy-problem-44cgkj0x has 656107 rows; 299440 cols; 1267116 nonzeros

Coefficient ranges:

  Matrix  [4e-05, 1e+01]

  Cost    [8e-01, 7e+05]

  Bound   [6e+01, 4e+03]

  RHS     [9e-04, 8e+06]

WARNING: Problem has some excessively large row bounds

WARNING:    Consider scaling the    bounds by 1e-1, or setting the user_bound_scale option to -4

Presolving model

177149 rows, 275694 cols, 748549 nonzeros 1s

Dependent equations search running on 41450 equations with time limit of 1000.00s

Dependent equations search removed 0 rows and 0 nonzeros in 0.01s (limit = 1000.00s)

172399 rows, 238718 cols, 697405 nonzeros 2s

Presolve reductions: rows 172399(-483708); columns 238718(-60722); nonzeros 697405(-569711) 

Solving the presolved LP

Using dual simplex solver



========== HiGHS simplex: YEAR 2030 (step 1/5) ==========

2030 |   Iteration        Objective     Infeasibilities num(sum)

2030 |           0    -2.1691276956e+00 Pr: 11091(2.37898e+07) 3.0s

2030 |       18535     2.8688871600e+07 Pr: 9363(1.5604e+07); Du: 0(6.14145e-05) 8.3s

2030 |       34903     5.6520332487e+08 Pr: 10702(9.79717e+06); Du: 0(4.50757e-05) 13.3s

2030 |       45464     6.1991004592e+08 Pr: 12225(1.31194e+07); Du: 0(4.25321e-05) 18.4s

2030 |       57330     6.6512677869e+08 Pr: 14341(1.81361e+07); Du: 0(3.9973e-05) 23.5s

2030 |       60265     7.0259288888e+08 Pr: 26150(2.95098e+07); Du: 0(3.97621e-05) 30.8s

2030 |       63539     7.2325779820e+08 Pr: 20423(1.67991e+07); Du: 0(3.97832e-05) 36.8s

2030 |       66073     7.2741890893e+08 Pr: 21394(1.26167e+08); Du: 0(3.88864e-05) 43.5s

2030 |       67476     7.2748853908e+08 Pr: 23597(9.84653e+07); Du: 0(3.87686e-05) 49.0s

2030 |       72751     7.3542590844e+08 Pr: 23754(4.6469e+07); Du: 0(3.90848e-05) 55.0s

2030 |       74355     7.3542599752e+08 Pr: 24140(5.07221e+07); Du: 0(3.84145e-05) 60.3s

2030 |       75548     7.3542614774e+08 Pr: 24414(5.76931e+07); Du: 0(3.81677e-05) 67.9s

2030 |       75936     7.3542631847e+08 Pr: 24478(9.66299e+07); Du: 0(3.78099e-05) 74.5s

2030 |       76927     7.4062995226e+08 Pr: 22845(8.67405e+07); Du: 0(3.75016e-05) 81.8s

2030 |       78182     7.5703914910e+08 Pr: 22857(9.04099e+07); Du: 0(3.77515e-05) 88.9s

2030 |       80183     7.6865625123e+08 Pr: 19002(3.1742e+07); Du: 0(3.84343e-05) 94.4s

2030 |       81791     7.6915521228e+08 Pr: 19004(1.95984e+07); Du: 0(3.82376e-05) 101.1s

2030 |       83756     7.9420455215e+08 Pr: 20039(8.48652e+07); Du: 0(3.83786e-05) 108.2s

2030 |       85879     8.1797306285e+08 Pr: 25203(3.75991e+08); Du: 0(3.77698e-05) 114.3s

2030 |       88119     8.3825014404e+08 Pr: 36195(1.69846e+08); Du: 0(3.78999e-05) 120.5s

2030 |       89535     8.5434007385e+08 Pr: 30642(3.39385e+07); Du: 0(3.83778e-05) 125.8s

2030 |       91840     8.8020528721e+08 Pr: 30575(3.55371e+07); Du: 0(3.88957e-05) 132.0s

2030 |       93528     8.8875652515e+08 Pr: 30811(2.96065e+07); Du: 0(3.97748e-05) 137.3s

2030 |       95590     8.9893189300e+08 Pr: 23831(1.76219e+07); Du: 0(3.8896e-05) 143.0s

2030 |       98556     9.1138455459e+08 Pr: 29218(1.19321e+08); Du: 0(3.9933e-05) 149.5s

2030 |      101096     9.3170467196e+08 Pr: 32583(2.28012e+08); Du: 0(3.93059e-05) 155.9s

2030 |      103316     9.4896838631e+08 Pr: 29798(3.63631e+08); Du: 0(3.82172e-05) 163.1s

2030 |      105550     9.6184127285e+08 Pr: 40522(6.64948e+07); Du: 0(3.74891e-05) 170.2s

2030 |      106823     9.7185632589e+08 Pr: 27891(1.78461e+08); Du: 0(3.79778e-05) 175.7s

2030 |      110826     9.9382047389e+08 Pr: 37033(1.91947e+08); Du: 0(3.79826e-05) 182.7s

2030 |      112439     9.9382050647e+08 Pr: 37387(1.93877e+08); Du: 0(3.78584e-05) 188.7s

2030 |      114008     9.9582558417e+08 Pr: 36124(2.31861e+08); Du: 0(3.76985e-05) 194.0s

2030 |      115583     1.0033346631e+09 Pr: 34979(9.51012e+07); Du: 0(3.76227e-05) 199.3s

2030 |      118437     1.0151379054e+09 Pr: 34199(3.47857e+08); Du: 0(3.95634e-05) 206.5s

2030 |      121010     1.0284090064e+09 Pr: 32651(7.19656e+08); Du: 0(4.05659e-05) 214.1s

2030 |      123441     1.0428780635e+09 Pr: 35112(5.53275e+07); Du: 0(4.29497e-05) 220.0s

2030 |      125331     1.0553900087e+09 Pr: 28520(2.18794e+07); Du: 0(4.67609e-05) 225.7s

2030 |      127861     1.0671117759e+09 Pr: 39835(3.28026e+09); Du: 0(4.65727e-05) 231.7s

2030 |      129187     1.0743236773e+09 Pr: 34106(1.42673e+08); Du: 0(4.60058e-05) 236.9s

2030 |      131254     1.0832813336e+09 Pr: 26376(1.50093e+08); Du: 0(4.81421e-05) 243.6s

2030 |      132967     1.0871597455e+09 Pr: 34986(3.03423e+07); Du: 0(4.86003e-05) 249.3s

2030 |      134836     1.0921149314e+09 Pr: 29696(7.20107e+07); Du: 0(4.98723e-05) 254.8s

2030 |      136639     1.0969058856e+09 Pr: 25421(1.54338e+07); Du: 0(4.97788e-05) 261.1s

2030 |      138219     1.1003727924e+09 Pr: 32211(9.3552e+07); Du: 0(4.97513e-05) 266.3s

2030 |      139872     1.1025754417e+09 Pr: 29744(4.45345e+07); Du: 0(5.04107e-05) 272.0s

2030 |      141894     1.1053188505e+09 Pr: 20754(8.14317e+07); Du: 0(5.07463e-05) 278.3s

2030 |      143913     1.1080668425e+09 Pr: 21576(1.75813e+07); Du: 0(5.12909e-05) 286.7s

2030 |      144798     1.1096559876e+09 Pr: 30271(3.73848e+07); Du: 0(5.10154e-05) 292.2s

2030 |      146005     1.1115556581e+09 Pr: 16184(9.5008e+06); Du: 0(5.27791e-05) 298.5s

2030 |      147781     1.1132059446e+09 Pr: 31277(2.48163e+07); Du: 0(5.24752e-05) 304.4s

2030 |      149826     1.1154907179e+09 Pr: 31076(1.23399e+07); Du: 0(5.16059e-05) 310.8s

2030 |      151940     1.1165832164e+09 Pr: 32934(1.08686e+08); Du: 0(5.16399e-05) 316.7s

2030 |      153890     1.1175486100e+09 Pr: 26978(8.22374e+06); Du: 0(5.18345e-05) 322.5s

2030 |      155908     1.1187922149e+09 Pr: 26627(3.23672e+08); Du: 0(5.4645e-05) 328.4s

2030 |      159708     1.1218480954e+09 Pr: 18639(1.3961e+07); Du: 0(5.34826e-05) 334.2s

2030 |      163230     1.1241330874e+09 Pr: 26111(2.23533e+07); Du: 0(5.05661e-05) 340.7s

2030 |      166346     1.1266970129e+09 Pr: 30058(1.53397e+07); Du: 0(5.21209e-05) 346.5s

2030 |      169323     1.1281503001e+09 Pr: 26825(1.20046e+08); Du: 0(5.28112e-05) 352.2s

2030 |      172800     1.1299711295e+09 Pr: 27591(1.19387e+07); Du: 0(5.45092e-05) 360.9s

2030 |      174563     1.1305554875e+09 Pr: 13774(7.49157e+08); Du: 0(5.62274e-05) 366.8s

2030 |      177070     1.1313739716e+09 Pr: 22800(6.43295e+06); Du: 0(5.64876e-05) 372.3s

2030 |      180483     1.1327530920e+09 Pr: 24614(3.73226e+06); Du: 0(5.57707e-05) 377.8s

2030 |      183204     1.1340769365e+09 Pr: 18377(5.37984e+06); Du: 0(5.56811e-05) 383.0s

2030 |      184853     1.1347540584e+09 Pr: 14201(4.35663e+06); Du: 0(5.45068e-05) 389.1s

2030 |      187312     1.1350808950e+09 Pr: 16972(4.75203e+06); Du: 0(5.70127e-05) 395.4s

2030 |      189549     1.1356308473e+09 Pr: 13206(1.02876e+07); Du: 0(5.7515e-05) 401.3s

2030 |      191549     1.1363190536e+09 Pr: 27831(9.26504e+06); Du: 0(5.77396e-05) 412.0s

2030 |      192677     1.1365912892e+09 Pr: 21531(2.3793e+06); Du: 0(5.76112e-05) 417.5s

2030 |      194535     1.1368947449e+09 Pr: 12529(4.29282e+06); Du: 0(5.76835e-05) 424.7s

2030 |      197635     1.1377806826e+09 Pr: 15304(2.71508e+06); Du: 0(5.87679e-05) 431.4s

2030 |      200355     1.1384556672e+09 Pr: 17630(2.30751e+06); Du: 0(5.92265e-05) 437.9s

2030 |      203503     1.1390914142e+09 Pr: 23827(1.06645e+07); Du: 0(5.9058e-05) 444.9s

2030 |      205360     1.1392894919e+09 Pr: 28019(7.7147e+06); Du: 0(5.94947e-05) 452.0s

2030 |      206834     1.1394161792e+09 Pr: 21842(6.36078e+06); Du: 0(6.0194e-05) 458.2s

2030 |      209503     1.1397786350e+09 Pr: 34094(1.10341e+07); Du: 0(5.87837e-05) 464.5s

2030 |      211465     1.1400529201e+09 Pr: 20346(1.45501e+06); Du: 0(5.90027e-05) 469.9s

2030 |      214313     1.1404388372e+09 Pr: 8650(482597); Du: 0(5.93445e-05) 475.0s

2030 |      217602     1.1407929675e+09 Pr: 7534(629507); Du: 0(5.93573e-05) 480.5s

2030 |      221684     1.1414141110e+09 Pr: 6816(552904); Du: 0(5.91043e-05) 487.0s

2030 |      226503     1.1421808165e+09 Pr: 14413(2.41484e+06); Du: 0(5.99904e-05) 493.1s

2030 |      230162     1.1424796624e+09 Pr: 14931(3.1317e+06); Du: 0(5.95446e-05) 499.3s

2030 |      234301     1.1429305382e+09 Pr: 19036(4.24349e+06); Du: 0(6.03162e-05) 504.7s

2030 |      236712     1.1430713824e+09 Pr: 4804(184477); Du: 0(6.04979e-05) 511.2s

2030 |      243379     1.1433821416e+09 Pr: 3298(19948.2); Du: 0(6.07604e-05) 517.2s

2030 |      250297     1.1434444265e+09 Pr: 0(0); Du: 0(2.62026e-09) 521.9s

2030 |      250297     1.1434444265e+09 Pr: 0(0); Du: 0(2.62026e-09) 521.9s



Performed postsolve

Solving the original LP from the solution after postsolve



Model name          : linopy-problem-44cgkj0x

Model status        : Optimal

Simplex   iterations: 250297

Objective value     :  1.1434444265e+09

P-D objective error :  2.7106184220e-15

HiGHS run time      :        522.78

INFO:linopy.constants: Optimization successful: 

Status: ok

Termination condition: optimal

Solution: 299440 primals, 656316 duals

Objective: 1.14e+09

Solver: highs

Runtime: 522.78s

MIP gap: inf

Dual bound: 0.00e+00

Solver model: available

Solver message: Optimal



INFO:pypsa.optimization.optimize:The variable 'RA_pipe' could not be mapped to the network component because it does not include the symbol '-'.

INFO:pypsa.optimization.optimize:The shadow-prices of the constraints Generator-fix-p-lower, Generator-fix-p-upper, Generator-ext-p-lower, Generator-ext-p-upper, Link-fix-p-lower, Link-fix-p-upper, StorageUnit-fix-p_dispatch-lower, StorageUnit-fix-p_dispatch-upper, StorageUnit-ext-p_dispatch-lower, StorageUnit-ext-p_dispatch-upper, StorageUnit-fix-p_store-lower, StorageUnit-fix-p_store-upper, StorageUnit-ext-p_store-lower, StorageUnit-ext-p_store-upper, StorageUnit-fix-state_of_charge-lower, StorageUnit-fix-state_of_charge-upper, StorageUnit-ext-state_of_charge-lower, StorageUnit-ext-state_of_charge-upper, StorageUnit-energy_balance, reserve_margin_CO, RA_deliverability_Denver, RA_deliverability_North, RA_deliverability_South, RA_deliverability_Mountain, RA_deliverability_East, RA_deliverability_West, co2_CO, hybrid_charge_from_solar_Candidate_Solar_plus_Storage_Denver_Battery, hybrid_pair_p_nom_Candidate_Solar_plus_Storage_Denver_Battery, hybrid_charge_from_solar_Candidate_Solar_plus_Storage_East_Battery, hybrid_pair_p_nom_Candidate_Solar_plus_Storage_East_Battery, hybrid_charge_from_solar_Candidate_Solar_plus_Storage_Mountain_Battery, hybrid_pair_p_nom_Candidate_Solar_plus_Storage_Mountain_Battery, hybrid_charge_from_solar_Candidate_Solar_plus_Storage_North_Battery, hybrid_pair_p_nom_Candidate_Solar_plus_Storage_North_Battery, hybrid_charge_from_solar_Candidate_Solar_plus_Storage_South_Battery, hybrid_pair_p_nom_Candidate_Solar_plus_Storage_South_Battery, hybrid_charge_from_solar_Candidate_Solar_plus_Storage_West_Battery, hybrid_pair_p_nom_Candidate_Solar_plus_Storage_West_Battery were not assigned to the network.

=== YEAR 2030 DONE status=ok  wall=558s  objective=$1,143,444,426  vintages_carried=5 ===

Build-out by carrier (MW):

layer            existing  vintage  new_build   total

carrier                                              

Wind              5,307.0      0.0    3,038.3 8,345.3

Gas:CC            2,799.2      0.0    2,304.0 5,103.2

Solar:PV          4,659.7      0.0        0.0 4,659.7

Gas:CT            3,191.4      0.0    1,127.5 4,318.9

Storage:Battery   1,202.3      0.0        0.0 1,202.3

Coal                750.0      0.0        0.0   750.0

Hydro               687.6      0.0        0.0   687.6

Gas:ST              602.0      0.0        0.0   602.0

Hydro:Pumped        578.5      0.0        0.0   578.5

Gas:IC              278.6      0.0        0.0   278.6

Zonal shadow prices, mean over snapshots ($/MWh):

name

Denver      26.733179

North       26.733179

South       26.733179

Mountain    26.733179

East        24.464128

West        26.733179

  large CC merge: cherokee__7_cc  576.0 MW  (CT 336.0 + CA 240.0, scale=1.000)  co2=803.6 lb/MWh  hr=6761 Btu/kWh

  large CC merge: fort_st_vrain__1_cc  499.2 MW  (CT 292.0 + CA 207.2, scale=0.673)  co2=815.3 lb/MWh  hr=6859 Btu/kWh

  large CC merge: rocky_mountain_energy_center__STG1_cc  592.0 MW  (CT 292.0 + CA 300.0, scale=1.000)  co2=806.3 lb/MWh  hr=6784 Btu/kWh

  large CC merge: front_range_power_plant__3_cc  460.0 MW  (CT 270.0 + CA 190.0, scale=1.000)  co2=887.7 lb/MWh  hr=7469 Btu/kWh

Reserve margin (statewide, copper-plate):

  peak 13,187.5 MW at 2018-06-28 13:00:00  PRM 15.7%  requirement 15,258.0 MW

                 accredited_mw   p_nom

carrier                               

Coal                     666.7   750.0

Gas:CC                 4,803.7 5,103.2

Gas:CT                 3,897.6 4,318.9

Gas:IC                   232.5   278.6

Gas:ST                   505.3   602.0

Geothermal                 0.0     0.0

Hydro                    580.8   687.6

Hydro:Pumped             532.0   578.5

Nuclear:SMR                0.0     0.0

Solar+Storage              0.0     0.0

Solar:PV                 626.7 4,659.7

Storage:Battery          950.4 1,202.3

Wind                   2,462.1 8,345.3

  accredited total 15,258.0 MW  slack 0.0 MW

  dual $105,851.75/MW-yr

  large CC merge: cherokee__7_cc  576.0 MW  (CT 336.0 + CA 240.0, scale=1.000)  co2=803.6 lb/MWh  hr=6761 Btu/kWh

  large CC merge: fort_st_vrain__1_cc  499.2 MW  (CT 292.0 + CA 207.2, scale=0.673)  co2=815.3 lb/MWh  hr=6859 Btu/kWh

  large CC merge: rocky_mountain_energy_center__STG1_cc  592.0 MW  (CT 292.0 + CA 300.0, scale=1.000)  co2=806.3 lb/MWh  hr=6784 Btu/kWh

  large CC merge: front_range_power_plant__3_cc  460.0 MW  (CT 270.0 + CA 190.0, scale=1.000)  co2=887.7 lb/MWh  hr=7469 Btu/kWh

Zonal deliverability (firm RA pipes at t*):

  t* 2018-06-28 13:00:00  statewide peak 13,187.5 MW

          accredited_mw  net_firm_in_mw  load_at_tstar_mw  slack_mw  dual

zone                                                                     

Denver          1,729.9         5,970.4           7,700.4       0.0  -0.0

North           4,527.3        -3,230.9           1,296.3      -0.0  -0.0

South           4,728.5        -1,873.3           2,529.1     326.1  -0.0

Mountain          252.2            23.9             276.1       0.0  -0.0

East            2,826.2        -1,540.4             437.0     848.8  -0.0

West            1,193.7           650.3             948.6     895.5  -0.0

RA pipe flows (positive = from -> to):

                             from        to  flow_mw  limit_mw  at_bound

pipe                                                                    

RA_pipe_South_West          South      West     63.5      63.5      True

RA_pipe_East_South           East     South    484.4     484.4      True

RA_pipe_East_North           East     North    591.5     591.5      True

RA_pipe_Denver_South       Denver     South -1,610.4   1,610.4      True

RA_pipe_Mountain_South   Mountain     South   -683.8     683.8      True

RA_pipe_Denver_East        Denver      East   -464.5     464.5      True

RA_pipe_Mountain_West    Mountain      West    586.8     961.1     False

RA_pipe_Denver_Mountain    Denver  Mountain    -73.1      73.1      True

RA_pipe_Denver_North       Denver     North -3,822.4   4,070.5     False

RA_pipe_Mountain_North   Mountain     North      0.0       0.0      True

RA_pipe_North_West          North      West      0.0       0.0      True

  reserve_margin_CO dual $105,851.75/MW-yr

  large CC merge: cherokee__7_cc  576.0 MW  (CT 336.0 + CA 240.0, scale=1.000)  co2=803.6 lb/MWh  hr=6761 Btu/kWh

  large CC merge: fort_st_vrain__1_cc  499.2 MW  (CT 292.0 + CA 207.2, scale=0.673)  co2=815.3 lb/MWh  hr=6859 Btu/kWh

  large CC merge: rocky_mountain_energy_center__STG1_cc  592.0 MW  (CT 292.0 + CA 300.0, scale=1.000)  co2=806.3 lb/MWh  hr=6784 Btu/kWh

  large CC merge: front_range_power_plant__3_cc  460.0 MW  (CT 270.0 + CA 190.0, scale=1.000)  co2=887.7 lb/MWh  hr=7469 Btu/kWh

CO2 cap (annual, in-state only):

  cap 8.4046 MMT  solved 7.4849 MMT  in-state 7.4849  imports 0.0000  slack 0.9197

  import energy 0 MWh (positive Market.p only)

  dual $-0.00/metric ton  (native on co2_CO)

Storage cyclic-week energy balance (expect ~0):

  week 0: max |net| = 0.0000 MWh  (Mountain_Hydro:Pumped_agg)

  week 1: max |net| = 0.0000 MWh  (Mountain_Hydro:Pumped_agg)

  week 2: max |net| = 0.0000 MWh  (Mountain_Hydro:Pumped_agg)

  week 3: max |net| = 0.0000 MWh  (Mountain_Hydro:Pumped_agg)

  week 4: max |net| = 0.0000 MWh  (Mountain_Hydro:Pumped_agg)

  week 5: max |net| = 0.0000 MWh  (West_Storage:Battery_agg)

  week 6: max |net| = 0.0000 MWh  (Mountain_Hydro:Pumped_agg)

  week 7: max |net| = 0.0000 MWh  (West_Storage:Battery_agg)

  week 8: max |net| = 0.0000 MWh  (Mountain_Hydro:Pumped_agg)

  week 9: max |net| = 0.0000 MWh  (Mountain_Hydro:Pumped_agg)

  week 10: max |net| = 0.0000 MWh  (Mountain_Hydro:Pumped_agg)

Annual cash-flow cost ($):

  capex_overnight  $7,575,708,589

  fom_existing  $459,797,072

  fom_vintage  $0

  fom_new  $190,355,072

  opex_instate  $444,692,273

  import_cost  $0

  export_revenue  $0

  annual_system_cost  $8,670,553,007

  annual_system_cost_ex_trade  $8,670,553,007

  lp_objective  $1,143,444,426

  identity_gap  $0.00

  wrote pypsa\scenarios\island_cap95\dispatch_2030.csv (251,328 rows)

INFO:pypsa.network.io:Exported network 'Unnamed Network' saved to '.\pypsa\scenarios\island_cap95\2030.nc contains: storage_units, generators, sub_networks, links, carriers, buses, loads

  wrote pypsa\scenarios\island_cap95\2030.nc



=== YEAR 2035/2050 START (step 2/5) ===

  surviving vintages: 5 generators, 0 storage



[1/6] Buses...

  6 CO buses: ['Denver', 'North', 'South', 'Mountain', 'East', 'West']



[2/6] Links...

  11 links, internal_limits (raw_sum_mw), bidirectional

    Link_South_West: South <-> West  p_nom=363.1 MW

    Link_East_South: East <-> South  p_nom=994.4 MW

    Link_East_North: East <-> North  p_nom=1,245.3 MW

    Link_Denver_South: Denver <-> South  p_nom=3,024.1 MW

    Link_Mountain_South: Mountain <-> South  p_nom=1,394.4 MW

    Link_Denver_East: Denver <-> East  p_nom=1,769.1 MW

    Link_Mountain_West: Mountain <-> West  p_nom=1,720.9 MW

    Link_Denver_Mountain: Denver <-> Mountain  p_nom=522.0 MW

    Link_Denver_North: Denver <-> North  p_nom=6,786.4 MW

    Link_Mountain_North: Mountain <-> North  p_nom=37.2 MW

    Link_North_West: North <-> West  p_nom=421.5 MW



[3/6] Representative weeks (Milestone 2 load + Milestone 3 clustering)...

.\.venv\Lib\site-packages\tsam\pipeline\orchestrator.py:296: UserWarning: The time series covers 8760 time steps, which is not a whole number of 168-step periods. The last period is filled up with the first 144 time steps of the series so it can be clustered; its occurrence count is reduced accordingly and the padding is dropped again on reconstruction.

  period_profiles = unstack_to_periods(norm_data.values, cfg.n_timesteps_per_period)

INFO:pyomo.contrib.appsi.solvers.highs:Running HiGHS 1.15.1 (git hash: 04024d7): Copyright (c) 2026 under MIT licence terms

INFO:pyomo.contrib.appsi.solvers.highs:Includes third-party software components, see THIRD_PARTY_NOTICES.md for full details

INFO:pyomo.contrib.appsi.solvers.highs:MIP has 2863 rows; 2809 cols; 8374 nonzeros; 2809 integer variables (2809 binary)

INFO:pyomo.contrib.appsi.solvers.highs:Coefficient ranges:

INFO:pyomo.contrib.appsi.solvers.highs:  Matrix  [1e+00, 1e+00]

INFO:pyomo.contrib.appsi.solvers.highs:  Cost    [7e+01, 6e+02]

INFO:pyomo.contrib.appsi.solvers.highs:  Bound   [1e+00, 1e+00]

INFO:pyomo.contrib.appsi.solvers.highs:  RHS     [1e+00, 1e+01]

INFO:pyomo.contrib.appsi.solvers.highs:Presolving model

INFO:pyomo.contrib.appsi.solvers.highs:2810 rows, 2809 cols, 8374 nonzeros 0s

INFO:pyomo.contrib.appsi.solvers.highs:2810 rows, 2809 cols, 8374 nonzeros 0s

INFO:pyomo.contrib.appsi.solvers.highs:Presolve reductions: rows 2810(-53); columns 2809(-0); nonzeros 8374(-0) 

INFO:pyomo.contrib.appsi.solvers.highs:

INFO:pyomo.contrib.appsi.solvers.highs:Solving MIP model with:

INFO:pyomo.contrib.appsi.solvers.highs:   2810 rows

INFO:pyomo.contrib.appsi.solvers.highs:   2809 cols (2809 binary, 0 integer, 0 implied int., 0 continuous, 0 domain fixed)

INFO:pyomo.contrib.appsi.solvers.highs:   8374 nonzeros

INFO:pyomo.contrib.appsi.solvers.highs:   Thread count 2 (of 4 threads). Using 1 max workers. Parallel search off

INFO:pyomo.contrib.appsi.solvers.highs:

INFO:pyomo.contrib.appsi.solvers.highs:Src: B => Branching; C => Central rounding; F => Feasibility pump; H => Heuristic;

INFO:pyomo.contrib.appsi.solvers.highs:     I => Shifting; J => Feasibility jump; L => Sub-MIP; P => Empty MIP; R => Randomized rounding;

INFO:pyomo.contrib.appsi.solvers.highs:     S => Solve LP; T => Evaluate node; U => Unbounded; X => User solution; Y => HiGHS solution;

INFO:pyomo.contrib.appsi.solvers.highs:     Z => ZI Round; l => Trivial lower; p => Trivial point; u => Trivial upper; z => Trivial zero

INFO:pyomo.contrib.appsi.solvers.highs:

INFO:pyomo.contrib.appsi.solvers.highs:        Nodes      |    B&B Tree     |            Objective Bounds              |  Dynamic Constraints |       Work      

INFO:pyomo.contrib.appsi.solvers.highs:Src  Proc. InQueue |  Leaves   Expl. | BestBound       BestSol              Gap |   Cuts   InLp Confl. | LpIters     Time

INFO:pyomo.contrib.appsi.solvers.highs:

INFO:pyomo.contrib.appsi.solvers.highs: J       0       0         0   0.00%   -inf            12823.005754       Large        0      0      0         0     0.3s

INFO:pyomo.contrib.appsi.solvers.highs: R       0       0         0   0.00%   5987.417213     7358.079589       18.63%        0      0      0       259     0.3s

INFO:pyomo.contrib.appsi.solvers.highs: L       0       0         0 100.00%   5988.070925     5988.070925        0.00%       40      1     25       260     1.0s

INFO:pyomo.contrib.appsi.solvers.highs:         1       0         1 100.00%   5988.070925     5988.070925        0.00%       40      1     25       260     1.0s

INFO:pyomo.contrib.appsi.solvers.highs:

INFO:pyomo.contrib.appsi.solvers.highs:Solving report

INFO:pyomo.contrib.appsi.solvers.highs:  Status            Optimal

INFO:pyomo.contrib.appsi.solvers.highs:  Primal bound      5988.07092499

INFO:pyomo.contrib.appsi.solvers.highs:  Dual bound        5988.07092499

INFO:pyomo.contrib.appsi.solvers.highs:  Gap               0% (tolerance: 0.01%)

INFO:pyomo.contrib.appsi.solvers.highs:  P-D integral      0.158922109949

INFO:pyomo.contrib.appsi.solvers.highs:  Solution status   feasible

INFO:pyomo.contrib.appsi.solvers.highs:                    5988.07092499 (objective)

INFO:pyomo.contrib.appsi.solvers.highs:                    0 (bound viol.)

INFO:pyomo.contrib.appsi.solvers.highs:                    0 (int. viol.)

INFO:pyomo.contrib.appsi.solvers.highs:                    0 (row viol.)

INFO:pyomo.contrib.appsi.solvers.highs:  Timing            0.96

INFO:pyomo.contrib.appsi.solvers.highs:                    0.36 (Presolve)

INFO:pyomo.contrib.appsi.solvers.highs:                        MIP    time [calls] = 0.15 [1]

INFO:pyomo.contrib.appsi.solvers.highs:                        subMIP time [calls] = 0.21 [1]

INFO:pyomo.contrib.appsi.solvers.highs:                    0.60 (Solve)

INFO:pyomo.contrib.appsi.solvers.highs:                        MIP    time [calls] = 0.31 [1]

INFO:pyomo.contrib.appsi.solvers.highs:                        subMIP time [calls] = 0.29 [1]

INFO:pyomo.contrib.appsi.solvers.highs:                    0.00 (Postsolve)

INFO:pyomo.contrib.appsi.solvers.highs:                        MIP    time [calls] = 0.00 [1]

INFO:pyomo.contrib.appsi.solvers.highs:                        subMIP time [calls] = 0.00 [1]

INFO:pyomo.contrib.appsi.solvers.highs:  Max sub-MIP depth 2

INFO:pyomo.contrib.appsi.solvers.highs:  Nodes             1

INFO:pyomo.contrib.appsi.solvers.highs:  Repair LPs        0

INFO:pyomo.contrib.appsi.solvers.highs:  LP iterations     260

INFO:pyomo.contrib.appsi.solvers.highs:                    0 (strong br.)

INFO:pyomo.contrib.appsi.solvers.highs:                    1 (separation)

INFO:pyomo.contrib.appsi.solvers.highs:                    0 (heuristics)

.\.venv\Lib\site-packages\tsam\pipeline\orchestrator.py:100: UserWarning: At least one maximal value of the aggregated time series exceeds the maximal value the input time series for: {'South': 4.547473508864641e-13, 'East_wind_pt3_cf': 1.1102230246251565e-16, 'South_wind_pt1_cf': 2.220446049250313e-16}. To silence the warning set the 'numerical_tolerance' to a higher value.

  warnings.warn(

  1704 snapshots in 11 periods (weighted hours=8451.4)

    2018-01-08 00:00 to 2018-01-14 23:00  (168h)  weight=5.00

    2018-09-17 00:00 to 2018-09-23 23:00  (168h)  weight=9.00

    2018-03-12 00:00 to 2018-03-18 23:00  (168h)  weight=8.00

    2018-09-10 00:00 to 2018-09-16 23:00  (168h)  weight=4.00

    2018-06-04 00:00 to 2018-06-10 23:00  (168h)  weight=2.00

    2018-07-09 00:00 to 2018-07-15 23:00  (168h)  weight=2.00

    2018-07-30 00:00 to 2018-08-05 23:00  (168h)  weight=3.00

    2018-10-22 00:00 to 2018-10-28 23:00  (168h)  weight=8.00

    2018-12-03 00:00 to 2018-12-09 23:00  (168h)  weight=6.00

    2018-12-31 00:00 to 2018-12-31 23:00  (24h)  weight=2.14

    2018-06-25 00:00 to 2018-07-01 23:00  (168h)  weight=3.00



[4/6] Existing fleet + candidates...

  large CC merge: cherokee__7_cc  576.0 MW  (CT 336.0 + CA 240.0, scale=1.000)  co2=803.6 lb/MWh  hr=6761 Btu/kWh

  30 existing + 5 vintage + 41 candidate generators

  7 existing + 0 vintage + 12 candidate storage

  hybrid_candidates: 6 Solar+Storage generators, 6 storage

  relax_pmin: p_min_pu=0 on 76 in-state generators (0 Market_* kept at p_min_pu=-1)



[5/6] Capacity factors (aligned to representative snapshots)...

INFO:pypsa.consistency:Sanitizing network...

  p_max_pu assigned to 30 of 76 generators (solar/wind only)

INFO:pypsa.components._types.carriers:Adding 12 missing carriers: ['AC', 'Gas:CC', 'Gas:CT', 'Gas:IC', 'Geothermal', 'Hydro', 'Hydro:Pumped', 'Nuclear:SMR', 'Solar+Storage', 'Solar:PV', 'Storage:Battery', 'Wind']

INFO:pypsa.components._types.carriers:Assigned colors to 12 carriers using 'tab10' palette.



[6/6] Network assembled.INFO:pypsa.consistency:Network sanitization complete.



Solving 2035 (1704 snapshots, week-cyclic SOC, statewide PRM, zonal RA pipes, CO2 cap, relax_pmin, aggregate_large_cc, hybrid_candidates)...

  RA: peak=14,710.5 MW at 2018-06-28 13:00:00  PRM=13.9%  requirement=16,755.3 MW

  RA pipes: t*=2018-06-28 13:00:00  statewide peak=14,710.5 MW  11 internal interfaces

    RA_pipe_South_West: South <-> West  +/-63.5 MW

    RA_pipe_East_South: East <-> South  +/-484.4 MW

    RA_pipe_East_North: East <-> North  +/-591.5 MW

    RA_pipe_Denver_South: Denver <-> South  +/-1,610.4 MW

    RA_pipe_Mountain_South: Mountain <-> South  +/-683.8 MW

    RA_pipe_Denver_East: Denver <-> East  +/-464.5 MW

    RA_pipe_Mountain_West: Mountain <-> West  +/-961.1 MW

    RA_pipe_Denver_Mountain: Denver <-> Mountain  +/-73.1 MW

    RA_pipe_Denver_North: Denver <-> North  +/-4,070.5 MW

    RA_pipe_Mountain_North: Mountain <-> North  +/-0.0 MW  (N-1 zero)

    RA_pipe_North_West: North <-> West  +/-0.0 MW  (N-1 zero)

  zonal load at t*:

    Denver: 8,760.5 MW

    North: 1,355.9 MW

    South: 2,763.8 MW

    Mountain: 303.0 MW

    East: 485.3 MW

    West: 1,042.0 MW

  CO2: cap=6.8287 MMT (6,828,738 t)  path=cap95  import intensity=729.8 lb/MWh (Candidate_Gas:CC)

  large CC merge: cherokee__7_cc  576.0 MW  (CT 336.0 + CA 240.0, scale=1.000)  co2=803.6 lb/MWh  hr=6761 Btu/kWh


  large CC merge: cherokee__7_cc  576.0 MW  (CT 336.0 + CA 240.0, scale=1.000)  co2=803.6 lb/MWh  hr=6761 Btu/kWh


  large CC merge: cherokee__7_cc  576.0 MW  (CT 336.0 + CA 240.0, scale=1.000)  co2=803.6 lb/MWh  hr=6761 Btu/kWh


  CO2: in-state only (no Market_* / import flow)


INFO:linopy.model: Solve problem using Highs solver

  hybrid: 6 pairs  p_nom equality on 6 extendable  charge-from-solar on 6


INFO:linopy.model:Solver options:

 - solver: simplex

 - threads: 2

INFO:linopy.io:Writing objective.


Writing constraints.:   0%|[38;2;128;191;255m          [0m| 0/53 [00:00<?, ?it/s]
Writing constraints.:  11%|[38;2;128;191;255m#1        [0m| 6/53 [00:00<00:01, 39.10it/s]
Writing constraints.:  28%|[38;2;128;191;255m##8       [0m| 15/53 [00:00<00:00, 60.51it/s]
Writing constraints.:  42%|[38;2;128;191;255m####1     [0m| 22/53 [00:00<00:00, 44.85it/s]
Writing constraints.:  70%|[38;2;128;191;255m######9   [0m| 37/53 [00:00<00:00, 73.58it/s]
Writing constraints.:  94%|[38;2;128;191;255m#########4[0m| 50/53 [00:00<00:00, 87.98it/s]
Writing constraints.: 100%|[38;2;128;191;255m##########[0m| 53/53 [00:00<00:00, 74.74it/s]


Writing continuous variables.:   0%|[38;2;128;191;255m          [0m| 0/8 [00:00<?, ?it/s]
Writing continuous variables.: 100%|[38;2;128;191;255m##########[0m| 8/8 [00:00<00:00, 109.88it/s]

INFO:linopy.io: Writing time: 0.8s

Running HiGHS 1.15.1 (git hash: 04024d7): Copyright (c) 2026 under MIT licence terms

Includes third-party software components, see THIRD_PARTY_NOTICES.md for full details

LP linopy-problem-8dgmheoq has 543643 rows; 245440 cols; 1041856 nonzeros

Coefficient ranges:

  Matrix  [1e-05, 5e+00]

  Cost    [8e-01, 6e+05]

  Bound   [6e+01, 4e+03]

  RHS     [9e-04, 7e+06]

WARNING: Problem has some excessively large row bounds

WARNING:    Consider scaling the    bounds by 1e-1, or setting the user_bound_scale option to -3

Presolving model

162494 rows, 222364 cols, 622378 nonzeros 0s

Dependent equations search running on 38053 equations with time limit of 1000.00s

Dependent equations search removed 0 rows and 0 nonzeros in 0.01s (limit = 1000.00s)

157947 rows, 195449 cols, 592765 nonzeros 2s

Presolve reductions: rows 157947(-385696); columns 195449(-49991); nonzeros 592765(-449091) 

Solving the presolved LP

Using dual simplex solver



========== HiGHS simplex: YEAR 2035 (step 2/5) ==========

2035 |   Iteration        Objective     Infeasibilities num(sum)

2035 |           0    -1.6305071510e+00 Pr: 10227(1.77781e+07) 3.0s

2035 |       23267     1.9923739226e+08 Pr: 8600(5.13072e+06); Du: 0(5.18077e-05) 8.0s

2035 |       42528     5.1288360199e+08 Pr: 11007(7.95113e+06); Du: 0(3.95676e-05) 13.0s

2035 |       63209     5.9827686299e+08 Pr: 13505(8.94451e+06); Du: 0(4.32551e-05) 18.1s

2035 |       71224     6.4971901004e+08 Pr: 14287(6.04799e+06); Du: 0(4.30811e-05) 23.5s

2035 |       73798     6.5552401542e+08 Pr: 20660(5.07493e+07); Du: 0(4.28521e-05) 30.4s

2035 |       75433     6.6661016041e+08 Pr: 20910(4.08828e+07); Du: 0(4.24064e-05) 36.9s

2035 |       76773     6.7014241163e+08 Pr: 22592(4.03952e+07); Du: 0(4.23973e-05) 43.7s

2035 |       79334     6.8504704908e+08 Pr: 25047(1.34759e+07); Du: 0(4.18852e-05) 49.3s

2035 |       82618     7.0276026707e+08 Pr: 16984(1.03957e+07); Du: 0(4.16508e-05) 54.7s

2035 |       87081     8.8473120737e+08 Pr: 22895(2.9571e+08); Du: 0(4.37934e-05) 60.4s

2035 |       89021     8.9693896097e+08 Pr: 21926(1.669e+07); Du: 0(4.45148e-05) 65.7s

2035 |       90635     9.1566959174e+08 Pr: 29580(4.64862e+08); Du: 0(4.36442e-05) 73.9s

2035 |       92175     9.2439422427e+08 Pr: 31857(5.23362e+07); Du: 0(4.24338e-05) 82.1s

2035 |       93534     9.2899586109e+08 Pr: 29350(3.74137e+07); Du: 0(4.27793e-05) 89.0s

2035 |       94271     9.3518776045e+08 Pr: 39520(3.53642e+08); Du: 0(4.27939e-05) 94.3s

2035 |       96061     9.4304845875e+08 Pr: 35786(1.91191e+08); Du: 0(4.29463e-05) 101.4s

2035 |       99451     9.5000325239e+08 Pr: 34197(2.92229e+08); Du: 0(4.31612e-05) 110.1s

2035 |      100889     9.5483275403e+08 Pr: 32404(2.5159e+08); Du: 0(4.30526e-05) 116.3s

2035 |      102491     9.6500724552e+08 Pr: 26747(1.02248e+08); Du: 0(4.38653e-05) 124.9s

2035 |      104381     9.7448630764e+08 Pr: 26766(4.2781e+07); Du: 0(4.37582e-05) 131.6s

2035 |      105850     9.8223589054e+08 Pr: 26634(3.05472e+07); Du: 0(4.27039e-05) 138.2s

2035 |      107001     9.9790858111e+08 Pr: 27574(2.90895e+07); Du: 0(4.25807e-05) 145.2s

2035 |      107763     1.0030594126e+09 Pr: 21628(2.13057e+07); Du: 0(4.39779e-05) 150.9s

2035 |      108521     1.0080358671e+09 Pr: 22247(1.94421e+07); Du: 0(4.45381e-05) 160.5s

2035 |      109301     1.0108957821e+09 Pr: 28967(1.86074e+07); Du: 0(4.50079e-05) 168.2s

2035 |      110080     1.0153148505e+09 Pr: 37187(1.28309e+08); Du: 0(4.62835e-05) 181.0s

2035 |      110770     1.0194839365e+09 Pr: 28205(1.27772e+08); Du: 0(4.59385e-05) 186.2s

2035 |      111393     1.0272557451e+09 Pr: 39853(5.6995e+08); Du: 0(4.55568e-05) 193.2s

2035 |      112025     1.0301723737e+09 Pr: 24905(1.97934e+07); Du: 0(4.49731e-05) 198.6s

2035 |      112686     1.0340756526e+09 Pr: 25365(3.70658e+07); Du: 0(4.48689e-05) 205.9s

2035 |      113477     1.0404955675e+09 Pr: 30469(2.26071e+07); Du: 0(4.57603e-05) 212.9s

2035 |      114345     1.0463425157e+09 Pr: 28550(2.01054e+08); Du: 0(4.62704e-05) 218.3s

2035 |      115899     1.0498821669e+09 Pr: 36998(2.44673e+08); Du: 0(4.66037e-05) 226.4s

2035 |      116584     1.0618835722e+09 Pr: 23571(1.11459e+07); Du: 0(4.69912e-05) 233.4s

2035 |      118257     1.0702829641e+09 Pr: 22414(3.37771e+07); Du: 0(4.62036e-05) 241.4s

2035 |      119936     1.0777125694e+09 Pr: 28497(2.2628e+08); Du: 0(4.66783e-05) 250.8s

2035 |      121738     1.0861399874e+09 Pr: 24021(6.24787e+06); Du: 0(4.88225e-05) 259.4s

2035 |      122616     1.0879017542e+09 Pr: 28453(9.52731e+07); Du: 0(4.9645e-05) 264.8s

2035 |      124849     1.0946305659e+09 Pr: 28456(3.79371e+08); Du: 0(5.08995e-05) 272.2s

2035 |      125728     1.0983655059e+09 Pr: 32608(2.0897e+08); Du: 0(5.16804e-05) 277.9s

2035 |      127388     1.1042519280e+09 Pr: 35533(5.07015e+07); Du: 0(5.11003e-05) 287.4s

2035 |      129382     1.1075795111e+09 Pr: 23385(6.04534e+07); Du: 0(5.23171e-05) 296.5s

2035 |      130896     1.1106013712e+09 Pr: 19678(1.12979e+07); Du: 0(5.1701e-05) 306.7s

2035 |      132550     1.1120054273e+09 Pr: 31425(1.99581e+07); Du: 0(5.07325e-05) 315.7s

2035 |      134351     1.1155193386e+09 Pr: 21962(1.73484e+07); Du: 0(4.96214e-05) 325.7s

2035 |      135166     1.1162446029e+09 Pr: 27824(2.3171e+07); Du: 0(5.0173e-05) 334.2s

2035 |      136104     1.1167480240e+09 Pr: 33116(4.69855e+07); Du: 0(4.84163e-05) 345.5s

2035 |      137187     1.1173565018e+09 Pr: 28065(1.33397e+08); Du: 0(4.76287e-05) 356.7s

2035 |      138931     1.1181788841e+09 Pr: 28301(1.36472e+08); Du: 0(4.83724e-05) 365.5s

2035 |      140704     1.1200749384e+09 Pr: 32063(4.37015e+07); Du: 0(4.9248e-05) 373.3s

2035 |      142267     1.1220056250e+09 Pr: 23425(4.99213e+06); Du: 0(4.93329e-05) 382.5s

2035 |      143142     1.1225149641e+09 Pr: 27590(4.9036e+07); Du: 0(4.85132e-05) 387.7s

2035 |      143917     1.1230454686e+09 Pr: 27567(7.66762e+06); Du: 0(4.97201e-05) 392.7s

2035 |      144840     1.1233330512e+09 Pr: 30274(6.61171e+07); Du: 0(4.94733e-05) 397.9s

2035 |      146542     1.1247059646e+09 Pr: 31070(6.10495e+07); Du: 0(4.89507e-05) 406.5s

2035 |      148552     1.1262717735e+09 Pr: 32578(1.17564e+07); Du: 0(4.88315e-05) 414.1s

2035 |      149717     1.1269137038e+09 Pr: 23966(4.87186e+06); Du: 0(5.03325e-05) 420.9s

2035 |      150746     1.1271845696e+09 Pr: 20513(5.76631e+07); Du: 0(5.06853e-05) 430.2s

2035 |      151487     1.1278832569e+09 Pr: 23289(8.08183e+06); Du: 0(5.09095e-05) 436.4s

2035 |      152303     1.1284168321e+09 Pr: 32056(2.76341e+07); Du: 0(5.10625e-05) 442.3s

2035 |      153155     1.1287742880e+09 Pr: 24724(5.38254e+07); Du: 0(5.11759e-05) 449.5s

2035 |      153978     1.1291136107e+09 Pr: 22633(4.65102e+06); Du: 0(5.14823e-05) 456.1s

2035 |      154852     1.1295530159e+09 Pr: 27335(2.66526e+07); Du: 0(5.20678e-05) 462.8s

2035 |      155666     1.1299567321e+09 Pr: 18395(2.52305e+07); Du: 0(5.24082e-05) 468.9s

2035 |      156665     1.1302559844e+09 Pr: 19023(4.40842e+06); Du: 0(5.20081e-05) 474.9s

2035 |      157538     1.1304846449e+09 Pr: 28029(5.64704e+07); Du: 0(5.18811e-05) 481.0s

2035 |      158367     1.1308167098e+09 Pr: 13005(2.3944e+06); Du: 0(5.1955e-05) 487.7s

2035 |      159219     1.1311438577e+09 Pr: 15099(5.92079e+06); Du: 0(5.10298e-05) 494.4s

2035 |      160117     1.1315130802e+09 Pr: 24999(7.29101e+06); Du: 0(5.13094e-05) 499.5s

2035 |      161016     1.1317649719e+09 Pr: 28102(8.07671e+06); Du: 0(5.10287e-05) 504.7s

2035 |      162815     1.1325458970e+09 Pr: 24420(5.82384e+06); Du: 0(5.1037e-05) 511.4s

2035 |      164750     1.1329913272e+09 Pr: 13350(622342); Du: 0(5.07058e-05) 519.1s

2035 |      167582     1.1333907417e+09 Pr: 11199(456930); Du: 0(5.02805e-05) 524.6s

2035 |      171584     1.1340230436e+09 Pr: 6210(346927); Du: 0(5.11575e-05) 530.9s

2035 |      175390     1.1347912162e+09 Pr: 3780(106010); Du: 0(5.1733e-05) 536.8s

2035 |      179553     1.1353433701e+09 Pr: 8729(264056); Du: 0(5.18182e-05) 542.6s

2035 |      181799     1.1354818724e+09 Pr: 8308(606154); Du: 0(5.20951e-05) 548.3s

2035 |      185076     1.1355936024e+09 Pr: 1550(76006.9); Du: 0(5.26538e-05) 553.9s

2035 |      188930     1.1356196618e+09 Pr: 0(0); Du: 0(3.03167e-09) 558.0s

2035 |      188930     1.1356196618e+09 Pr: 0(0); Du: 0(3.03167e-09) 558.0s



Performed postsolve

Solving the original LP from the solution after postsolve



Model name          : linopy-problem-8dgmheoq

Model status        : Optimal

Simplex   iterations: 188930

Objective value     :  1.1356196618e+09

P-D objective error :  5.1436721132e-15

HiGHS run time      :        559.16

INFO:linopy.constants: Optimization successful: 

Status: ok

Termination condition: optimal

Solution: 245440 primals, 543852 duals

Objective: 1.14e+09

Solver: highs

Runtime: 559.16s

MIP gap: inf

Dual bound: 0.00e+00

Solver model: available

Solver message: Optimal



INFO:pypsa.optimization.optimize:The variable 'RA_pipe' could not be mapped to the network component because it does not include the symbol '-'.

INFO:pypsa.optimization.optimize:The shadow-prices of the constraints Generator-fix-p-lower, Generator-fix-p-upper, Generator-ext-p-lower, Generator-ext-p-upper, Link-fix-p-lower, Link-fix-p-upper, StorageUnit-fix-p_dispatch-lower, StorageUnit-fix-p_dispatch-upper, StorageUnit-ext-p_dispatch-lower, StorageUnit-ext-p_dispatch-upper, StorageUnit-fix-p_store-lower, StorageUnit-fix-p_store-upper, StorageUnit-ext-p_store-lower, StorageUnit-ext-p_store-upper, StorageUnit-fix-state_of_charge-lower, StorageUnit-fix-state_of_charge-upper, StorageUnit-ext-state_of_charge-lower, StorageUnit-ext-state_of_charge-upper, StorageUnit-energy_balance, reserve_margin_CO, RA_deliverability_Denver, RA_deliverability_North, RA_deliverability_South, RA_deliverability_Mountain, RA_deliverability_East, RA_deliverability_West, co2_CO, hybrid_charge_from_solar_Candidate_Solar_plus_Storage_Denver_Battery, hybrid_pair_p_nom_Candidate_Solar_plus_Storage_Denver_Battery, hybrid_charge_from_solar_Candidate_Solar_plus_Storage_East_Battery, hybrid_pair_p_nom_Candidate_Solar_plus_Storage_East_Battery, hybrid_charge_from_solar_Candidate_Solar_plus_Storage_Mountain_Battery, hybrid_pair_p_nom_Candidate_Solar_plus_Storage_Mountain_Battery, hybrid_charge_from_solar_Candidate_Solar_plus_Storage_North_Battery, hybrid_pair_p_nom_Candidate_Solar_plus_Storage_North_Battery, hybrid_charge_from_solar_Candidate_Solar_plus_Storage_South_Battery, hybrid_pair_p_nom_Candidate_Solar_plus_Storage_South_Battery, hybrid_charge_from_solar_Candidate_Solar_plus_Storage_West_Battery, hybrid_pair_p_nom_Candidate_Solar_plus_Storage_West_Battery were not assigned to the network.

=== YEAR 2035 DONE status=ok  wall=580s  objective=$1,135,619,662  vintages_carried=11 ===

Build-out by carrier (MW):

layer            existing  vintage  new_build   total

carrier                                              

Wind              5,307.0  3,038.3      637.3 8,982.6

Gas:CT            1,794.2  1,127.5    4,107.5 7,029.2

Gas:CC              764.0  2,304.0    2,079.2 5,147.1

Solar:PV          4,659.7      0.0        0.0 4,659.7

Storage:Battery   1,198.1      0.0        0.0 1,198.1

Hydro               687.6      0.0        0.0   687.6

Hydro:Pumped        578.5      0.0        0.0   578.5

Gas:IC              226.3      0.0        0.0   226.3

Zonal shadow prices, mean over snapshots ($/MWh):

name

Denver      29.737816

North       29.737816

South       29.737816

Mountain    29.737816

East        25.284656

West        29.737816

  large CC merge: cherokee__7_cc  576.0 MW  (CT 336.0 + CA 240.0, scale=1.000)  co2=803.6 lb/MWh  hr=6761 Btu/kWh

Reserve margin (statewide, copper-plate):

  peak 14,710.5 MW at 2018-06-28 13:00:00  PRM 13.9%  requirement 16,755.3 MW

                 accredited_mw   p_nom

carrier                               

Gas:CC                 4,880.6 5,147.1

Gas:CT                 6,334.3 7,029.2

Gas:IC                   188.0   226.3

Geothermal                 0.0     0.0

Hydro                    580.8   687.6

Hydro:Pumped             532.0   578.5

Nuclear:SMR                0.0     0.0

Solar+Storage              0.0     0.0

Solar:PV                 281.7 4,659.7

Storage:Battery          947.1 1,198.1

Wind                   3,010.7 8,982.6

  accredited total 16,755.3 MW  slack 0.0 MW

  dual $101,659.61/MW-yr

  large CC merge: cherokee__7_cc  576.0 MW  (CT 336.0 + CA 240.0, scale=1.000)  co2=803.6 lb/MWh  hr=6761 Btu/kWh

Zonal deliverability (firm RA pipes at t*):

  t* 2018-06-28 13:00:00  statewide peak 14,710.5 MW

          accredited_mw  net_firm_in_mw  load_at_tstar_mw  slack_mw  dual

zone                                                                     

Denver          4,503.9         4,256.6           8,760.5       0.0  -0.0

North           2,873.1        -1,517.1           1,355.9       0.0  -0.0

South           4,514.3          -770.3           2,763.8     980.2  -0.0

Mountain          245.3            57.7             303.0       0.0  -0.0

East            3,090.2        -1,540.4             485.3   1,064.5  -0.0

West            1,528.5          -486.5           1,042.0       0.0  -0.0

RA pipe flows (positive = from -> to):

                             from        to  flow_mw  limit_mw  at_bound

pipe                                                                    

RA_pipe_South_West          South      West     63.5      63.5      True

RA_pipe_East_South           East     South    484.4     484.4      True

RA_pipe_East_North           East     North    591.5     591.5      True

RA_pipe_Denver_South       Denver     South -1,610.4   1,610.4      True

RA_pipe_Mountain_South   Mountain     South    419.2     683.8     False

RA_pipe_Denver_East        Denver      East   -464.5     464.5      True

RA_pipe_Mountain_West    Mountain      West   -550.0     961.1     False

RA_pipe_Denver_Mountain    Denver  Mountain    -73.1      73.1      True

RA_pipe_Denver_North       Denver     North -2,108.6   4,070.5     False

RA_pipe_Mountain_North   Mountain     North      0.0       0.0      True

RA_pipe_North_West          North      West      0.0       0.0      True

  reserve_margin_CO dual $101,659.61/MW-yr

  large CC merge: cherokee__7_cc  576.0 MW  (CT 336.0 + CA 240.0, scale=1.000)  co2=803.6 lb/MWh  hr=6761 Btu/kWh

CO2 cap (annual, in-state only):

  cap 6.8287 MMT  solved 4.5990 MMT  in-state 4.5990  imports 0.0000  slack 2.2297

  import energy 0 MWh (positive Market.p only)

  dual $-0.00/metric ton  (native on co2_CO)

Storage cyclic-week energy balance (expect ~0):

  week 0: max |net| = 0.0000 MWh  (Mountain_Hydro:Pumped_agg)

  week 1: max |net| = 0.0000 MWh  (Mountain_Hydro:Pumped_agg)

  week 2: max |net| = 0.0000 MWh  (Mountain_Hydro:Pumped_agg)

  week 3: max |net| = 0.0000 MWh  (Mountain_Hydro:Pumped_agg)

  week 4: max |net| = 0.0000 MWh  (West_Storage:Battery_agg)

  week 5: max |net| = 0.0000 MWh  (Mountain_Hydro:Pumped_agg)

  week 6: max |net| = 0.0000 MWh  (West_Storage:Battery_agg)

  week 7: max |net| = 0.0000 MWh  (Mountain_Hydro:Pumped_agg)

  week 8: max |net| = 0.0000 MWh  (West_Storage:Battery_agg)

  week 9: max |net| = 0.0000 MWh  (Denver_Hydro:Pumped_agg)

  week 10: max |net| = 0.0000 MWh  (Mountain_Hydro:Pumped_agg)

Annual cash-flow cost ($):

  capex_overnight  $7,128,746,558

  fom_existing  $354,515,896

  fom_vintage  $190,355,072

  fom_new  $179,994,463

  opex_instate  $473,452,288

  import_cost  $0

  export_revenue  $0

  annual_system_cost  $8,327,064,278

  annual_system_cost_ex_trade  $8,327,064,278

  lp_objective  $1,135,619,662

  identity_gap  $0.00

  wrote pypsa\scenarios\island_cap95\dispatch_2035.csv (201,072 rows)

INFO:pypsa.network.io:Exported network 'Unnamed Network' saved to '.\pypsa\scenarios\island_cap95\2035.nc contains: storage_units, generators, sub_networks, links, carriers, buses, loads

  wrote pypsa\scenarios\island_cap95\2035.nc



=== YEAR 2040/2050 START (step 3/5) ===

  surviving vintages: 11 generators, 0 storage



[1/6] Buses...

  6 CO buses: ['Denver', 'North', 'South', 'Mountain', 'East', 'West']



[2/6] Links...

  11 links, internal_limits (raw_sum_mw), bidirectional

    Link_South_West: South <-> West  p_nom=363.1 MW

    Link_East_South: East <-> South  p_nom=994.4 MW

    Link_East_North: East <-> North  p_nom=1,245.3 MW

    Link_Denver_South: Denver <-> South  p_nom=3,024.1 MW

    Link_Mountain_South: Mountain <-> South  p_nom=1,394.4 MW

    Link_Denver_East: Denver <-> East  p_nom=1,769.1 MW

    Link_Mountain_West: Mountain <-> West  p_nom=1,720.9 MW

    Link_Denver_Mountain: Denver <-> Mountain  p_nom=522.0 MW

    Link_Denver_North: Denver <-> North  p_nom=6,786.4 MW

    Link_Mountain_North: Mountain <-> North  p_nom=37.2 MW

    Link_North_West: North <-> West  p_nom=421.5 MW



[3/6] Representative weeks (Milestone 2 load + Milestone 3 clustering)...

.\.venv\Lib\site-packages\tsam\pipeline\orchestrator.py:296: UserWarning: The time series covers 8760 time steps, which is not a whole number of 168-step periods. The last period is filled up with the first 144 time steps of the series so it can be clustered; its occurrence count is reduced accordingly and the padding is dropped again on reconstruction.

  period_profiles = unstack_to_periods(norm_data.values, cfg.n_timesteps_per_period)

INFO:pyomo.contrib.appsi.solvers.highs:Running HiGHS 1.15.1 (git hash: 04024d7): Copyright (c) 2026 under MIT licence terms

INFO:pyomo.contrib.appsi.solvers.highs:Includes third-party software components, see THIRD_PARTY_NOTICES.md for full details

INFO:pyomo.contrib.appsi.solvers.highs:MIP has 2863 rows; 2809 cols; 8374 nonzeros; 2809 integer variables (2809 binary)

INFO:pyomo.contrib.appsi.solvers.highs:Coefficient ranges:

INFO:pyomo.contrib.appsi.solvers.highs:  Matrix  [1e+00, 1e+00]

INFO:pyomo.contrib.appsi.solvers.highs:  Cost    [7e+01, 7e+02]

INFO:pyomo.contrib.appsi.solvers.highs:  Bound   [1e+00, 1e+00]

INFO:pyomo.contrib.appsi.solvers.highs:  RHS     [1e+00, 1e+01]

INFO:pyomo.contrib.appsi.solvers.highs:Presolving model

INFO:pyomo.contrib.appsi.solvers.highs:2810 rows, 2809 cols, 8374 nonzeros 0s

INFO:pyomo.contrib.appsi.solvers.highs:2810 rows, 2809 cols, 8374 nonzeros 0s

INFO:pyomo.contrib.appsi.solvers.highs:Presolve reductions: rows 2810(-53); columns 2809(-0); nonzeros 8374(-0) 

INFO:pyomo.contrib.appsi.solvers.highs:

INFO:pyomo.contrib.appsi.solvers.highs:Solving MIP model with:

INFO:pyomo.contrib.appsi.solvers.highs:   2810 rows

INFO:pyomo.contrib.appsi.solvers.highs:   2809 cols (2809 binary, 0 integer, 0 implied int., 0 continuous, 0 domain fixed)

INFO:pyomo.contrib.appsi.solvers.highs:   8374 nonzeros

INFO:pyomo.contrib.appsi.solvers.highs:   Thread count 2 (of 4 threads). Using 1 max workers. Parallel search off

INFO:pyomo.contrib.appsi.solvers.highs:

INFO:pyomo.contrib.appsi.solvers.highs:Src: B => Branching; C => Central rounding; F => Feasibility pump; H => Heuristic;

INFO:pyomo.contrib.appsi.solvers.highs:     I => Shifting; J => Feasibility jump; L => Sub-MIP; P => Empty MIP; R => Randomized rounding;

INFO:pyomo.contrib.appsi.solvers.highs:     S => Solve LP; T => Evaluate node; U => Unbounded; X => User solution; Y => HiGHS solution;

INFO:pyomo.contrib.appsi.solvers.highs:     Z => ZI Round; l => Trivial lower; p => Trivial point; u => Trivial upper; z => Trivial zero

INFO:pyomo.contrib.appsi.solvers.highs:

INFO:pyomo.contrib.appsi.solvers.highs:        Nodes      |    B&B Tree     |            Objective Bounds              |  Dynamic Constraints |       Work      

INFO:pyomo.contrib.appsi.solvers.highs:Src  Proc. InQueue |  Leaves   Expl. | BestBound       BestSol              Gap |   Cuts   InLp Confl. | LpIters     Time

INFO:pyomo.contrib.appsi.solvers.highs:

INFO:pyomo.contrib.appsi.solvers.highs: J       0       0         0   0.00%   -inf            13900.454985       Large        0      0      0         0     1.2s

INFO:pyomo.contrib.appsi.solvers.highs: R       0       0         0   0.00%   6560.324477     9865.539879       33.50%        0      0      0       331     1.8s

INFO:pyomo.contrib.appsi.solvers.highs: C       0       0         0   0.00%   6573.377287     7878.738169       16.57%      616     11      0       380     7.6s

INFO:pyomo.contrib.appsi.solvers.highs: L       0       0         0   0.00%   6573.377287     6573.377287        0.00%      616     11      0       380    10.8s

INFO:pyomo.contrib.appsi.solvers.highs:         1       0         1 100.00%   6573.377287     6573.377287        0.00%      616     11      0       414    10.8s

INFO:pyomo.contrib.appsi.solvers.highs:

INFO:pyomo.contrib.appsi.solvers.highs:Solving report

INFO:pyomo.contrib.appsi.solvers.highs:  Status            Optimal

INFO:pyomo.contrib.appsi.solvers.highs:  Primal bound      6573.37728658

INFO:pyomo.contrib.appsi.solvers.highs:  Dual bound        6573.37728658

INFO:pyomo.contrib.appsi.solvers.highs:  Gap               0% (tolerance: 0.01%)

INFO:pyomo.contrib.appsi.solvers.highs:  P-D integral      2.67699970797

INFO:pyomo.contrib.appsi.solvers.highs:  Solution status   feasible

INFO:pyomo.contrib.appsi.solvers.highs:                    6573.37728658 (objective)

INFO:pyomo.contrib.appsi.solvers.highs:                    0 (bound viol.)

INFO:pyomo.contrib.appsi.solvers.highs:                    3.77475828373e-15 (int. viol.)

INFO:pyomo.contrib.appsi.solvers.highs:                    0 (row viol.)

INFO:pyomo.contrib.appsi.solvers.highs:  Timing            10.84

INFO:pyomo.contrib.appsi.solvers.highs:                    0.70 (Presolve)

INFO:pyomo.contrib.appsi.solvers.highs:                        MIP    time [calls] = 0.41 [1]

INFO:pyomo.contrib.appsi.solvers.highs:                        subMIP time [calls] = 0.29 [2]

INFO:pyomo.contrib.appsi.solvers.highs:                    10.13 (Solve)

INFO:pyomo.contrib.appsi.solvers.highs:                        MIP    time [calls] = 7.21 [1]

INFO:pyomo.contrib.appsi.solvers.highs:                        subMIP time [calls] = 2.92 [2]

INFO:pyomo.contrib.appsi.solvers.highs:                    0.00 (Postsolve)

INFO:pyomo.contrib.appsi.solvers.highs:                        MIP    time [calls] = 0.00 [1]

INFO:pyomo.contrib.appsi.solvers.highs:                        subMIP time [calls] = 0.00 [2]

INFO:pyomo.contrib.appsi.solvers.highs:  Max sub-MIP depth 4

INFO:pyomo.contrib.appsi.solvers.highs:  Nodes             1

INFO:pyomo.contrib.appsi.solvers.highs:  Repair LPs        0

INFO:pyomo.contrib.appsi.solvers.highs:  LP iterations     414

INFO:pyomo.contrib.appsi.solvers.highs:                    0 (strong br.)

INFO:pyomo.contrib.appsi.solvers.highs:                    49 (separation)

INFO:pyomo.contrib.appsi.solvers.highs:                    34 (heuristics)

.\.venv\Lib\site-packages\tsam\pipeline\orchestrator.py:100: UserWarning: At least one maximal value of the aggregated time series exceeds the maximal value the input time series for: {'West': 2.2737367544323206e-13, 'East_wind_pt3_cf': 1.1102230246251565e-16, 'South_wind_pt1_cf': 2.220446049250313e-16}. To silence the warning set the 'numerical_tolerance' to a higher value.

  warnings.warn(

  1704 snapshots in 11 periods (weighted hours=8451.4)

    2018-01-08 00:00 to 2018-01-14 23:00  (168h)  weight=4.00

    2018-02-19 00:00 to 2018-02-25 23:00  (168h)  weight=2.00

    2018-03-12 00:00 to 2018-03-18 23:00  (168h)  weight=9.00

    2018-06-04 00:00 to 2018-06-10 23:00  (168h)  weight=3.00

    2018-07-02 00:00 to 2018-07-08 23:00  (168h)  weight=2.00

    2018-07-30 00:00 to 2018-08-05 23:00  (168h)  weight=3.00

    2018-09-17 00:00 to 2018-09-23 23:00  (168h)  weight=12.00

    2018-10-22 00:00 to 2018-10-28 23:00  (168h)  weight=9.00

    2018-12-03 00:00 to 2018-12-09 23:00  (168h)  weight=5.00

    2018-12-31 00:00 to 2018-12-31 23:00  (24h)  weight=2.14

    2018-06-25 00:00 to 2018-07-01 23:00  (168h)  weight=1.00



[4/6] Existing fleet + candidates...

  large CC merge: cherokee__7_cc  576.0 MW  (CT 336.0 + CA 240.0, scale=1.000)  co2=803.6 lb/MWh  hr=6761 Btu/kWh

  24 existing + 11 vintage + 41 candidate generators

  4 existing + 0 vintage + 12 candidate storage

  hybrid_candidates: 6 Solar+Storage generators, 6 storage

  relax_pmin: p_min_pu=0 on 76 in-state generators (0 Market_* kept at p_min_pu=-1)



[5/6] Capacity factors (aligned to representative snapshots)...

  p_max_pu assigned to 32 of 76 generators (solar/wind only)INFO:pypsa.consistency:Sanitizing network...



INFO:pypsa.components._types.carriers:Adding 11 missing carriers: ['AC', 'Gas:CC', 'Gas:CT', 'Geothermal', 'Hydro', 'Hydro:Pumped', 'Nuclear:SMR', 'Solar+Storage', 'Solar:PV', 'Storage:Battery', 'Wind']

INFO:pypsa.components._types.carriers:Assigned colors to 11 carriers using 'tab10' palette.

INFO:pypsa.consistency:Network sanitization complete.



[6/6] Network assembled.

Solving 2040 (1704 snapshots, week-cyclic SOC, statewide PRM, zonal RA pipes, CO2 cap, relax_pmin, aggregate_large_cc, hybrid_candidates)...

  RA: peak=16,423.6 MW at 2018-06-28 13:00:00  PRM=13.9%  requirement=18,706.4 MW

  RA pipes: t*=2018-06-28 13:00:00  statewide peak=16,423.6 MW  11 internal interfaces

    RA_pipe_South_West: South <-> West  +/-63.5 MW

    RA_pipe_East_South: East <-> South  +/-484.4 MW

    RA_pipe_East_North: East <-> North  +/-591.5 MW

    RA_pipe_Denver_South: Denver <-> South  +/-1,610.4 MW

    RA_pipe_Mountain_South: Mountain <-> South  +/-683.8 MW

    RA_pipe_Denver_East: Denver <-> East  +/-464.5 MW

    RA_pipe_Mountain_West: Mountain <-> West  +/-961.1 MW

    RA_pipe_Denver_Mountain: Denver <-> Mountain  +/-73.1 MW

    RA_pipe_Denver_North: Denver <-> North  +/-4,070.5 MW

    RA_pipe_Mountain_North: Mountain <-> North  +/-0.0 MW  (N-1 zero)

    RA_pipe_North_West: North <-> West  +/-0.0 MW  (N-1 zero)

  zonal load at t*:

    Denver: 9,966.6 MW

    North: 1,419.9 MW

    South: 3,020.3 MW

    Mountain: 333.4 MW

    East: 538.9 MW

    West: 1,144.5 MW

  CO2: cap=5.2529 MMT (5,252,875 t)  path=cap95  import intensity=729.8 lb/MWh (Candidate_Gas:CC)

  large CC merge: cherokee__7_cc  576.0 MW  (CT 336.0 + CA 240.0, scale=1.000)  co2=803.6 lb/MWh  hr=6761 Btu/kWh


  large CC merge: cherokee__7_cc  576.0 MW  (CT 336.0 + CA 240.0, scale=1.000)  co2=803.6 lb/MWh  hr=6761 Btu/kWh


  large CC merge: cherokee__7_cc  576.0 MW  (CT 336.0 + CA 240.0, scale=1.000)  co2=803.6 lb/MWh  hr=6761 Btu/kWh


  CO2: in-state only (no Market_* / import flow)


INFO:linopy.model: Solve problem using Highs solver

  hybrid: 6 pairs  p_nom equality on 6 extendable  charge-from-solar on 6


INFO:linopy.model:Solver options:

 - solver: simplex

 - threads: 2

INFO:linopy.io:Writing objective.


Writing constraints.:   0%|[38;2;128;191;255m          [0m| 0/53 [00:00<?, ?it/s]
Writing constraints.:   9%|[38;2;128;191;255m9         [0m| 5/53 [00:00<00:01, 38.78it/s]
Writing constraints.:  17%|[38;2;128;191;255m#6        [0m| 9/53 [00:00<00:01, 34.75it/s]
Writing constraints.:  28%|[38;2;128;191;255m##8       [0m| 15/53 [00:00<00:00, 43.64it/s]
Writing constraints.:  38%|[38;2;128;191;255m###7      [0m| 20/53 [00:00<00:00, 44.28it/s]
Writing constraints.:  47%|[38;2;128;191;255m####7     [0m| 25/53 [00:00<00:00, 35.56it/s]
Writing constraints.:  62%|[38;2;128;191;255m######2   [0m| 33/53 [00:00<00:00, 47.30it/s]
Writing constraints.:  77%|[38;2;128;191;255m#######7  [0m| 41/53 [00:00<00:00, 52.64it/s]
Writing constraints.:  94%|[38;2;128;191;255m#########4[0m| 50/53 [00:01<00:00, 60.30it/s]
Writing constraints.: 100%|[38;2;128;191;255m##########[0m| 53/53 [00:01<00:00, 51.28it/s]


Writing continuous variables.:   0%|[38;2;128;191;255m          [0m| 0/8 [00:00<?, ?it/s]
Writing continuous variables.:  75%|[38;2;128;191;255m#######5  [0m| 6/8 [00:00<00:00, 59.35it/s]
Writing continuous variables.: 100%|[38;2;128;191;255m##########[0m| 8/8 [00:00<00:00, 64.69it/s]

INFO:linopy.io: Writing time: 1.19s

Running HiGHS 1.15.1 (git hash: 04024d7): Copyright (c) 2026 under MIT licence terms

Includes third-party software components, see THIRD_PARTY_NOTICES.md for full details

LP linopy-problem-4swxrqi3 has 507859 rows; 230104 cols; 976957 nonzeros

Coefficient ranges:

  Matrix  [1e-04, 7e+00]

  Cost    [4e-01, 6e+05]

  Bound   [6e+01, 4e+03]

  RHS     [9e-04, 5e+06]

WARNING: Problem has some excessively large row bounds

WARNING:    Consider scaling the    bounds by 1e-1, or setting the user_bound_scale option to -3

Presolving model

157149 rows, 206413 cols, 587174 nonzeros 2s

Dependent equations search running on 32941 equations with time limit of 1000.00s

Dependent equations search removed 0 rows and 0 nonzeros in 0.04s (limit = 1000.00s)

152602 rows, 181625 cols, 564739 nonzeros 6s

Presolve reductions: rows 152602(-355257); columns 181625(-48479); nonzeros 564739(-412218) 

Solving the presolved LP

Using dual simplex solver



========== HiGHS simplex: YEAR 2040 (step 3/5) ==========

2040 |   Iteration        Objective     Infeasibilities num(sum)

2040 |           0    -1.7570352067e+00 Pr: 10227(1.96339e+07) 7.7s

2040 |       16378     2.0838540119e+08 Pr: 8134(7.20724e+06); Du: 0(4.81345e-05) 13.2s

2040 |       18935     2.0838546440e+08 Pr: 8418(1.62286e+07); Du: 0(4.77986e-05) 18.4s

2040 |       20708     2.7229498343e+08 Pr: 8934(9.20812e+06); Du: 0(4.54134e-05) 24.2s

2040 |       30750     2.8510754240e+08 Pr: 9540(1.48036e+07); Du: 0(4.17601e-05) 30.0s

2040 |       36976     3.0069042575e+08 Pr: 10025(1.15183e+07); Du: 0(4.03924e-05) 35.1s

2040 |       42316     3.2527382306e+08 Pr: 10323(1.16163e+07); Du: 0(3.89123e-05) 40.3s

2040 |       48344     3.4174329605e+08 Pr: 10919(1.30288e+07); Du: 0(3.82682e-05) 45.5s

2040 |       57031     3.9555585674e+08 Pr: 11696(8.06549e+06); Du: 0(3.80391e-05) 50.6s

2040 |       60918     4.0848955803e+08 Pr: 12135(8.67006e+06); Du: 0(3.80843e-05) 55.6s

2040 |       63194     4.1151739335e+08 Pr: 12739(1.03776e+07); Du: 0(3.81132e-05) 60.9s

2040 |       65894     4.4109295372e+08 Pr: 13024(8.92896e+06); Du: 0(3.85599e-05) 66.5s

2040 |       67870     4.4897656167e+08 Pr: 13239(9.62751e+06); Du: 0(3.79449e-05) 72.0s

2040 |       68241     4.5954131090e+08 Pr: 20788(4.97493e+07); Du: 0(3.78892e-05) 77.8s

2040 |       69526     4.8210233006e+08 Pr: 18691(1.47417e+07); Du: 0(3.77234e-05) 83.2s

2040 |       71168     4.8539246462e+08 Pr: 20955(5.11541e+07); Du: 0(3.74844e-05) 91.5s

2040 |       72363     4.9051723618e+08 Pr: 13996(9.96192e+06); Du: 0(3.85033e-05) 99.5s

2040 |       74560     5.0553166054e+08 Pr: 18824(1.76119e+07); Du: 0(3.76935e-05) 111.4s

2040 |       75612     5.1905189779e+08 Pr: 20943(1.04161e+08); Du: 0(3.761e-05) 119.3s

2040 |       76605     5.2230126394e+08 Pr: 19659(8.82543e+07); Du: 0(3.68401e-05) 129.0s

2040 |       77759     5.3050166798e+08 Pr: 21397(6.33291e+07); Du: 0(3.7049e-05) 139.0s

2040 |       78459     5.3949737857e+08 Pr: 21037(4.4469e+07); Du: 0(3.70299e-05) 144.1s

2040 |       80657     5.5103271979e+08 Pr: 19598(1.10898e+08); Du: 0(3.77704e-05) 150.3s

2040 |       84470     5.7175219597e+08 Pr: 17303(1.19548e+07); Du: 0(3.83287e-05) 155.5s

2040 |       85097     5.7698387454e+08 Pr: 17598(2.02948e+07); Du: 0(3.81482e-05) 160.7s

2040 |       85682     5.9319633249e+08 Pr: 17197(9.46973e+06); Du: 0(3.80085e-05) 166.2s

2040 |       86529     5.9845260149e+08 Pr: 16927(8.12502e+06); Du: 0(3.85365e-05) 172.8s

2040 |       88554     6.0593746876e+08 Pr: 17107(9.59551e+06); Du: 0(3.85169e-05) 179.0s

2040 |       89471     6.0934950674e+08 Pr: 17156(1.1941e+07); Du: 0(3.85895e-05) 186.4s

2040 |       90944     6.1492405301e+08 Pr: 12496(1.19487e+07); Du: 0(3.86169e-05) 198.4s

2040 |       91622     6.2090124042e+08 Pr: 18214(1.9696e+08); Du: 0(3.85129e-05) 207.0s

2040 |       92392     6.2715857523e+08 Pr: 12484(9.28372e+06); Du: 0(3.93442e-05) 213.4s

2040 |       93036     6.2767207463e+08 Pr: 16995(1.34652e+07); Du: 0(3.90069e-05) 221.8s

2040 |       93804     6.3179040998e+08 Pr: 18423(3.97573e+08); Du: 0(3.93255e-05) 227.1s

2040 |       95446     6.4173001718e+08 Pr: 16595(8.27778e+06); Du: 0(4.00685e-05) 234.3s

2040 |       97195     6.5249091835e+08 Pr: 11914(5.64162e+06); Du: 0(4.15321e-05) 241.9s

2040 |       99888     6.7298701573e+08 Pr: 17254(7.04438e+07); Du: 0(4.3209e-05) 247.1s

2040 |      102333     7.1258913112e+08 Pr: 16699(1.30273e+07); Du: 0(4.3822e-05) 252.2s

2040 |      104397     7.2086634554e+08 Pr: 29284(1.17229e+08); Du: 0(4.33911e-05) 258.0s

2040 |      106025     7.2441979003e+08 Pr: 31728(9.37324e+06); Du: 0(4.49811e-05) 263.6s

2040 |      107728     7.2834171137e+08 Pr: 32533(2.6225e+07); Du: 0(4.54125e-05) 269.3s

2040 |      109304     7.3406999459e+08 Pr: 27131(1.7992e+08); Du: 0(4.49408e-05) 275.3s

2040 |      110884     7.3948178431e+08 Pr: 29016(7.6108e+07); Du: 0(4.50993e-05) 281.7s

2040 |      112810     7.4336261022e+08 Pr: 24757(2.69968e+07); Du: 0(4.56212e-05) 286.9s

2040 |      114481     7.4868286795e+08 Pr: 18170(1.85105e+07); Du: 0(4.66811e-05) 292.9s

2040 |      116116     7.5245153484e+08 Pr: 17162(5.89552e+06); Du: 0(4.71234e-05) 298.7s

2040 |      118237     7.5811834950e+08 Pr: 15943(2.26142e+06); Du: 0(4.71079e-05) 308.1s

2040 |      120481     7.5933710604e+08 Pr: 25732(6.7603e+06); Du: 0(4.7698e-05) 317.6s

2040 |      124369     7.6214545132e+08 Pr: 11294(1.88648e+06); Du: 0(4.56556e-05) 323.8s

2040 |      129193     7.6817340248e+08 Pr: 21083(1.16382e+07); Du: 0(4.62551e-05) 329.9s

2040 |      132159     7.7140545964e+08 Pr: 15419(2.3309e+06); Du: 0(4.67984e-05) 336.5s

2040 |      135812     7.7398799455e+08 Pr: 11900(2.19663e+06); Du: 0(4.66021e-05) 341.9s

2040 |      139518     7.7679371531e+08 Pr: 24244(2.15474e+07); Du: 0(4.59613e-05) 348.1s

2040 |      143214     7.7838204594e+08 Pr: 23049(1.80175e+07); Du: 0(4.79921e-05) 354.4s

2040 |      146858     7.7955179084e+08 Pr: 23157(5.35405e+06); Du: 0(4.86822e-05) 359.5s

2040 |      150498     7.8161527520e+08 Pr: 13957(4.14684e+06); Du: 0(4.79709e-05) 365.0s

2040 |      154194     7.8230622324e+08 Pr: 20411(2.43885e+08); Du: 0(4.75529e-05) 370.4s

2040 |      157713     7.8283504967e+08 Pr: 12586(543431); Du: 0(4.86399e-05) 375.8s

2040 |      161275     7.8333464418e+08 Pr: 6617(357194); Du: 0(4.91994e-05) 381.5s

2040 |      165265     7.8392696016e+08 Pr: 5867(163013); Du: 0(5.1278e-05) 387.0s

2040 |      167200     7.8441777356e+08 Pr: 13729(2.97564e+06); Du: 0(5.04028e-05) 392.4s

2040 |      171320     7.8486120448e+08 Pr: 14353(2.20888e+07); Du: 0(5.04079e-05) 398.0s

2040 |      177722     7.8548746894e+08 Pr: 2661(26041.6); Du: 0(5.04275e-05) 403.6s

2040 |      182359     7.8649900701e+08 Pr: 0(0); Du: 0(1.06663e-09) 406.5s

2040 |      182359     7.8649900701e+08 Pr: 0(0); Du: 0(1.06663e-09) 406.5s



Performed postsolve

Solving the original LP from the solution after postsolve



Model name          : linopy-problem-4swxrqi3

Model status        : Optimal

Simplex   iterations: 182359

Objective value     :  7.8649900701e+08

P-D objective error :  2.5615251566e-14

HiGHS run time      :        407.18

INFO:linopy.constants: Optimization successful: 

Status: ok

Termination condition: optimal

Solution: 230104 primals, 508035 duals

Objective: 7.86e+08

Solver: highs

Runtime: 407.18s

MIP gap: inf

Dual bound: 0.00e+00

Solver model: available

Solver message: Optimal



INFO:pypsa.optimization.optimize:The variable 'RA_pipe' could not be mapped to the network component because it does not include the symbol '-'.

INFO:pypsa.optimization.optimize:The shadow-prices of the constraints Generator-fix-p-lower, Generator-fix-p-upper, Generator-ext-p-lower, Generator-ext-p-upper, Link-fix-p-lower, Link-fix-p-upper, StorageUnit-fix-p_dispatch-lower, StorageUnit-fix-p_dispatch-upper, StorageUnit-ext-p_dispatch-lower, StorageUnit-ext-p_dispatch-upper, StorageUnit-fix-p_store-lower, StorageUnit-fix-p_store-upper, StorageUnit-ext-p_store-lower, StorageUnit-ext-p_store-upper, StorageUnit-fix-state_of_charge-lower, StorageUnit-fix-state_of_charge-upper, StorageUnit-ext-state_of_charge-lower, StorageUnit-ext-state_of_charge-upper, StorageUnit-energy_balance, reserve_margin_CO, RA_deliverability_Denver, RA_deliverability_North, RA_deliverability_South, RA_deliverability_Mountain, RA_deliverability_East, RA_deliverability_West, co2_CO, hybrid_charge_from_solar_Candidate_Solar_plus_Storage_Denver_Battery, hybrid_pair_p_nom_Candidate_Solar_plus_Storage_Denver_Battery, hybrid_charge_from_solar_Candidate_Solar_plus_Storage_East_Battery, hybrid_pair_p_nom_Candidate_Solar_plus_Storage_East_Battery, hybrid_charge_from_solar_Candidate_Solar_plus_Storage_Mountain_Battery, hybrid_pair_p_nom_Candidate_Solar_plus_Storage_Mountain_Battery, hybrid_charge_from_solar_Candidate_Solar_plus_Storage_North_Battery, hybrid_pair_p_nom_Candidate_Solar_plus_Storage_North_Battery, hybrid_charge_from_solar_Candidate_Solar_plus_Storage_South_Battery, hybrid_pair_p_nom_Candidate_Solar_plus_Storage_South_Battery, hybrid_charge_from_solar_Candidate_Solar_plus_Storage_West_Battery, hybrid_pair_p_nom_Candidate_Solar_plus_Storage_West_Battery were not assigned to the network.

=== YEAR 2040 DONE status=ok  wall=433s  objective=$786,499,007  vintages_carried=17 ===

Build-out by carrier (MW):

layer            existing  vintage  new_build   total

carrier                                              

Wind              5,063.0  3,675.6      447.2 9,185.8

Gas:CT            1,116.2  5,235.0    1,931.1 8,282.3

Gas:CC              764.0  4,383.1      708.2 5,855.3

Solar:PV          4,659.7      0.0        0.0 4,659.7

Storage:Battery     856.0      0.0      132.2   988.2

Hydro               667.7      0.0        0.0   667.7

Hydro:Pumped        578.5      0.0        0.0   578.5

Zonal shadow prices, mean over snapshots ($/MWh):

name

Denver      31.509977

North       31.509977

South       31.508212

Mountain    31.508212

East        26.944667

West        31.508212

  large CC merge: cherokee__7_cc  576.0 MW  (CT 336.0 + CA 240.0, scale=1.000)  co2=803.6 lb/MWh  hr=6761 Btu/kWh

Reserve margin (statewide, copper-plate):

  peak 16,423.6 MW at 2018-06-28 13:00:00  PRM 13.9%  requirement 18,706.4 MW

                 accredited_mw   p_nom

carrier                               

Gas:CC                 5,554.0 5,855.3

Gas:CT                 7,458.1 8,282.3

Geothermal                 0.0     0.0

Hydro                    564.0   667.7

Hydro:Pumped             532.0   578.5

Nuclear:SMR                0.0     0.0

Solar+Storage              0.0     0.0

Solar:PV                 124.9 4,659.7

Storage:Battery          757.6   988.2

Wind                   3,715.7 9,185.8

  accredited total 18,706.4 MW  slack -0.0 MW

  dual $97,585.91/MW-yr

  large CC merge: cherokee__7_cc  576.0 MW  (CT 336.0 + CA 240.0, scale=1.000)  co2=803.6 lb/MWh  hr=6761 Btu/kWh

Zonal deliverability (firm RA pipes at t*):

  t* 2018-06-28 13:00:00  statewide peak 16,423.6 MW

          accredited_mw  net_firm_in_mw  load_at_tstar_mw  slack_mw  dual

zone                                                                     

Denver          6,311.0         3,655.6           9,966.6       0.0  -0.0

North           2,336.0          -916.1           1,419.9       0.0  -0.0

South           4,304.4          -609.0           3,020.3     675.1  -0.0

Mountain          245.1            88.3             333.4       0.0  -0.0

East            3,687.1        -1,540.4             538.9   1,607.8  -0.0

West            1,822.9          -678.4           1,144.5       0.0  -0.0

RA pipe flows (positive = from -> to):

                             from        to  flow_mw  limit_mw  at_bound

pipe                                                                    

RA_pipe_South_West          South      West     63.5      63.5      True

RA_pipe_East_South           East     South    484.4     484.4      True

RA_pipe_East_North           East     North    591.5     591.5      True

RA_pipe_Denver_South       Denver     South -1,610.4   1,610.4      True

RA_pipe_Mountain_South   Mountain     South    580.5     683.8     False

RA_pipe_Denver_East        Denver      East   -464.5     464.5      True

RA_pipe_Mountain_West    Mountain      West   -741.9     961.1     False

RA_pipe_Denver_Mountain    Denver  Mountain    -73.1      73.1      True

RA_pipe_Denver_North       Denver     North -1,507.6   4,070.5     False

RA_pipe_Mountain_North   Mountain     North      0.0       0.0      True

RA_pipe_North_West          North      West      0.0       0.0      True

  reserve_margin_CO dual $97,585.91/MW-yr

  large CC merge: cherokee__7_cc  576.0 MW  (CT 336.0 + CA 240.0, scale=1.000)  co2=803.6 lb/MWh  hr=6761 Btu/kWh

CO2 cap (annual, in-state only):

  cap 5.2529 MMT  solved 4.6965 MMT  in-state 4.6965  imports 0.0000  slack 0.5564

  import energy 0 MWh (positive Market.p only)

  dual $-0.00/metric ton  (native on co2_CO)

Storage cyclic-week energy balance (expect ~0):

  week 0: max |net| = 0.0000 MWh  (Mountain_Hydro:Pumped_agg)

  week 1: max |net| = 0.0000 MWh  (Mountain_Hydro:Pumped_agg)

  week 2: max |net| = 0.0000 MWh  (Mountain_Hydro:Pumped_agg)

  week 3: max |net| = 0.0000 MWh  (West_Storage:Battery_agg)

  week 4: max |net| = 0.0000 MWh  (West_Storage:Battery_agg)

  week 5: max |net| = 0.0000 MWh  (Denver_Hydro:Pumped_agg)

  week 6: max |net| = 0.0000 MWh  (Mountain_Hydro:Pumped_agg)

  week 7: max |net| = 0.0000 MWh  (Mountain_Hydro:Pumped_agg)

  week 8: max |net| = 0.0000 MWh  (Mountain_Hydro:Pumped_agg)

  week 9: max |net| = 0.0000 MWh  (West_Storage:Battery_agg)

  week 10: max |net| = 0.0000 MWh  (Mountain_Hydro:Pumped_agg)

Annual cash-flow cost ($):

  capex_overnight  $3,222,307,728

  fom_existing  $313,855,301

  fom_vintage  $370,349,535

  fom_new  $81,744,406

  opex_instate  $487,215,083

  import_cost  $0

  export_revenue  $0

  annual_system_cost  $4,475,472,053

  annual_system_cost_ex_trade  $4,475,472,053

  lp_objective  $786,499,007

  identity_gap  $-0.00

  wrote pypsa\scenarios\island_cap95\dispatch_2040.csv (195,960 rows)

INFO:pypsa.network.io:Exported network 'Unnamed Network' saved to '.\pypsa\scenarios\island_cap95\2040.nc contains: storage_units, generators, sub_networks, links, carriers, buses, loads

  wrote pypsa\scenarios\island_cap95\2040.nc



=== YEAR 2045/2050 START (step 4/5) ===

  surviving vintages: 16 generators, 1 storage



[1/6] Buses...

  6 CO buses: ['Denver', 'North', 'South', 'Mountain', 'East', 'West']



[2/6] Links...

  11 links, internal_limits (raw_sum_mw), bidirectional

    Link_South_West: South <-> West  p_nom=363.1 MW

    Link_East_South: East <-> South  p_nom=994.4 MW

    Link_East_North: East <-> North  p_nom=1,245.3 MW

    Link_Denver_South: Denver <-> South  p_nom=3,024.1 MW

    Link_Mountain_South: Mountain <-> South  p_nom=1,394.4 MW

    Link_Denver_East: Denver <-> East  p_nom=1,769.1 MW

    Link_Mountain_West: Mountain <-> West  p_nom=1,720.9 MW

    Link_Denver_Mountain: Denver <-> Mountain  p_nom=522.0 MW

    Link_Denver_North: Denver <-> North  p_nom=6,786.4 MW

    Link_Mountain_North: Mountain <-> North  p_nom=37.2 MW

    Link_North_West: North <-> West  p_nom=421.5 MW



[3/6] Representative weeks (Milestone 2 load + Milestone 3 clustering)...

.\.venv\Lib\site-packages\tsam\pipeline\orchestrator.py:296: UserWarning: The time series covers 8760 time steps, which is not a whole number of 168-step periods. The last period is filled up with the first 144 time steps of the series so it can be clustered; its occurrence count is reduced accordingly and the padding is dropped again on reconstruction.

  period_profiles = unstack_to_periods(norm_data.values, cfg.n_timesteps_per_period)

INFO:pyomo.contrib.appsi.solvers.highs:Running HiGHS 1.15.1 (git hash: 04024d7): Copyright (c) 2026 under MIT licence terms

INFO:pyomo.contrib.appsi.solvers.highs:Includes third-party software components, see THIRD_PARTY_NOTICES.md for full details

INFO:pyomo.contrib.appsi.solvers.highs:MIP has 2863 rows; 2809 cols; 8374 nonzeros; 2809 integer variables (2809 binary)

INFO:pyomo.contrib.appsi.solvers.highs:Coefficient ranges:

INFO:pyomo.contrib.appsi.solvers.highs:  Matrix  [1e+00, 1e+00]

INFO:pyomo.contrib.appsi.solvers.highs:  Cost    [7e+01, 8e+02]

INFO:pyomo.contrib.appsi.solvers.highs:  Bound   [1e+00, 1e+00]

INFO:pyomo.contrib.appsi.solvers.highs:  RHS     [1e+00, 1e+01]

INFO:pyomo.contrib.appsi.solvers.highs:Presolving model

INFO:pyomo.contrib.appsi.solvers.highs:2810 rows, 2809 cols, 8374 nonzeros 0s

INFO:pyomo.contrib.appsi.solvers.highs:2810 rows, 2809 cols, 8374 nonzeros 0s

INFO:pyomo.contrib.appsi.solvers.highs:Presolve reductions: rows 2810(-53); columns 2809(-0); nonzeros 8374(-0) 

INFO:pyomo.contrib.appsi.solvers.highs:

INFO:pyomo.contrib.appsi.solvers.highs:Solving MIP model with:

INFO:pyomo.contrib.appsi.solvers.highs:   2810 rows

INFO:pyomo.contrib.appsi.solvers.highs:   2809 cols (2809 binary, 0 integer, 0 implied int., 0 continuous, 0 domain fixed)

INFO:pyomo.contrib.appsi.solvers.highs:   8374 nonzeros

INFO:pyomo.contrib.appsi.solvers.highs:   Thread count 2 (of 4 threads). Using 1 max workers. Parallel search off

INFO:pyomo.contrib.appsi.solvers.highs:

INFO:pyomo.contrib.appsi.solvers.highs:Src: B => Branching; C => Central rounding; F => Feasibility pump; H => Heuristic;

INFO:pyomo.contrib.appsi.solvers.highs:     I => Shifting; J => Feasibility jump; L => Sub-MIP; P => Empty MIP; R => Randomized rounding;

INFO:pyomo.contrib.appsi.solvers.highs:     S => Solve LP; T => Evaluate node; U => Unbounded; X => User solution; Y => HiGHS solution;

INFO:pyomo.contrib.appsi.solvers.highs:     Z => ZI Round; l => Trivial lower; p => Trivial point; u => Trivial upper; z => Trivial zero

INFO:pyomo.contrib.appsi.solvers.highs:

INFO:pyomo.contrib.appsi.solvers.highs:        Nodes      |    B&B Tree     |            Objective Bounds              |  Dynamic Constraints |       Work      

INFO:pyomo.contrib.appsi.solvers.highs:Src  Proc. InQueue |  Leaves   Expl. | BestBound       BestSol              Gap |   Cuts   InLp Confl. | LpIters     Time

INFO:pyomo.contrib.appsi.solvers.highs:

INFO:pyomo.contrib.appsi.solvers.highs: J       0       0         0   0.00%   -inf            15201.935369       Large        0      0      0         0     0.1s

INFO:pyomo.contrib.appsi.solvers.highs: T       0       0         0   0.00%   0               7075.387446      100.00%        0      0      0       299     0.2s

INFO:pyomo.contrib.appsi.solvers.highs:         1       0         1 100.00%   7075.387446     7075.387446        0.00%        0      0      0       299     0.2s

INFO:pyomo.contrib.appsi.solvers.highs:

INFO:pyomo.contrib.appsi.solvers.highs:Solving report

INFO:pyomo.contrib.appsi.solvers.highs:  Status            Optimal

INFO:pyomo.contrib.appsi.solvers.highs:  Primal bound      7075.38744567

INFO:pyomo.contrib.appsi.solvers.highs:  Dual bound        7075.38744567

INFO:pyomo.contrib.appsi.solvers.highs:  Gap               0% (tolerance: 0.01%)

INFO:pyomo.contrib.appsi.solvers.highs:  P-D integral      0.0254895999096

INFO:pyomo.contrib.appsi.solvers.highs:  Solution status   feasible

INFO:pyomo.contrib.appsi.solvers.highs:                    7075.38744567 (objective)

INFO:pyomo.contrib.appsi.solvers.highs:                    0 (bound viol.)

INFO:pyomo.contrib.appsi.solvers.highs:                    0 (int. viol.)

INFO:pyomo.contrib.appsi.solvers.highs:                    0 (row viol.)

INFO:pyomo.contrib.appsi.solvers.highs:  Timing            0.16

INFO:pyomo.contrib.appsi.solvers.highs:                    0.05 (Presolve)

INFO:pyomo.contrib.appsi.solvers.highs:                    0.11 (Solve)

INFO:pyomo.contrib.appsi.solvers.highs:                    0.00 (Postsolve)

INFO:pyomo.contrib.appsi.solvers.highs:  Max sub-MIP depth 0

INFO:pyomo.contrib.appsi.solvers.highs:  Nodes             1

INFO:pyomo.contrib.appsi.solvers.highs:  Repair LPs        0

INFO:pyomo.contrib.appsi.solvers.highs:  LP iterations     299

INFO:pyomo.contrib.appsi.solvers.highs:                    0 (strong br.)

INFO:pyomo.contrib.appsi.solvers.highs:                    0 (separation)

INFO:pyomo.contrib.appsi.solvers.highs:                    0 (heuristics)

.\.venv\Lib\site-packages\tsam\pipeline\orchestrator.py:100: UserWarning: At least one maximal value of the aggregated time series exceeds the maximal value the input time series for: {'South': 4.547473508864641e-13, 'East_wind_pt3_cf': 1.1102230246251565e-16, 'South_wind_pt1_cf': 2.220446049250313e-16}. To silence the warning set the 'numerical_tolerance' to a higher value.

  warnings.warn(

  1704 snapshots in 11 periods (weighted hours=8451.4)

    2018-01-08 00:00 to 2018-01-14 23:00  (168h)  weight=4.00

    2018-02-12 00:00 to 2018-02-18 23:00  (168h)  weight=4.00

    2018-03-12 00:00 to 2018-03-18 23:00  (168h)  weight=9.00

    2018-06-04 00:00 to 2018-06-10 23:00  (168h)  weight=3.00

    2018-07-02 00:00 to 2018-07-08 23:00  (168h)  weight=2.00

    2018-07-16 00:00 to 2018-07-22 23:00  (168h)  weight=1.00

    2018-07-30 00:00 to 2018-08-05 23:00  (168h)  weight=3.00

    2018-09-17 00:00 to 2018-09-23 23:00  (168h)  weight=12.00

    2018-12-03 00:00 to 2018-12-09 23:00  (168h)  weight=11.00

    2018-12-31 00:00 to 2018-12-31 23:00  (24h)  weight=2.14

    2018-06-25 00:00 to 2018-07-01 23:00  (168h)  weight=1.00



[4/6] Existing fleet + candidates...

  large CC merge: cherokee__7_cc  576.0 MW  (CT 336.0 + CA 240.0, scale=1.000)  co2=803.6 lb/MWh  hr=6761 Btu/kWh

  21 existing + 16 vintage + 41 candidate generators

  3 existing + 1 vintage + 12 candidate storage

  hybrid_candidates: 6 Solar+Storage generators, 6 storage

  relax_pmin: p_min_pu=0 on 78 in-state generators (0 Market_* kept at p_min_pu=-1)



[5/6] Capacity factors (aligned to representative snapshots)...

  p_max_pu assigned to 34 of 78 generators (solar/wind only)INFO:pypsa.consistency:Sanitizing network...



INFO:pypsa.components._types.carriers:Adding 11 missing carriers: ['AC', 'Gas:CC', 'Gas:CT', 'Geothermal', 'Hydro', 'Hydro:Pumped', 'Nuclear:SMR', 'Solar+Storage', 'Solar:PV', 'Storage:Battery', 'Wind']

INFO:pypsa.components._types.carriers:Assigned colors to 11 carriers using 'tab10' palette.



[6/6] Network assembled.

Solving 2045 (1704 snapshots, week-cyclic SOC, statewide PRM, zonal RA pipes, CO2 cap, relax_pmin, aggregate_large_cc, hybrid_candidates)...INFO:pypsa.consistency:Network sanitization complete.



  RA: peak=18,351.2 MW at 2018-06-28 13:00:00  PRM=13.9%  requirement=20,902.0 MW

  RA pipes: t*=2018-06-28 13:00:00  statewide peak=18,351.2 MW  11 internal interfaces

    RA_pipe_South_West: South <-> West  +/-63.5 MW

    RA_pipe_East_South: East <-> South  +/-484.4 MW

    RA_pipe_East_North: East <-> North  +/-591.5 MW

    RA_pipe_Denver_South: Denver <-> South  +/-1,610.4 MW

    RA_pipe_Mountain_South: Mountain <-> South  +/-683.8 MW

    RA_pipe_Denver_East: Denver <-> East  +/-464.5 MW

    RA_pipe_Mountain_West: Mountain <-> West  +/-961.1 MW

    RA_pipe_Denver_Mountain: Denver <-> Mountain  +/-73.1 MW

    RA_pipe_Denver_North: Denver <-> North  +/-4,070.5 MW

    RA_pipe_Mountain_North: Mountain <-> North  +/-0.0 MW  (N-1 zero)

    RA_pipe_North_West: North <-> West  +/-0.0 MW  (N-1 zero)

  zonal load at t*:

    Denver: 11,338.7 MW

    North: 1,488.6 MW

    South: 3,300.6 MW

    Mountain: 367.7 MW

    East: 598.4 MW

    West: 1,257.2 MW

  CO2: cap=3.6770 MMT (3,677,013 t)  path=cap95  import intensity=729.8 lb/MWh (Candidate_Gas:CC)

  large CC merge: cherokee__7_cc  576.0 MW  (CT 336.0 + CA 240.0, scale=1.000)  co2=803.6 lb/MWh  hr=6761 Btu/kWh


  large CC merge: cherokee__7_cc  576.0 MW  (CT 336.0 + CA 240.0, scale=1.000)  co2=803.6 lb/MWh  hr=6761 Btu/kWh


  large CC merge: cherokee__7_cc  576.0 MW  (CT 336.0 + CA 240.0, scale=1.000)  co2=803.6 lb/MWh  hr=6761 Btu/kWh


  CO2: in-state only (no Market_* / import flow)


INFO:linopy.model: Solve problem using Highs solver

INFO:linopy.model:Solver options:

 - solver: simplex

 - threads: 2

  hybrid: 6 pairs  p_nom equality on 6 extendable  charge-from-solar on 6


INFO:linopy.io:Writing objective.


Writing constraints.:   0%|[38;2;128;191;255m          [0m| 0/53 [00:00<?, ?it/s]
Writing constraints.:  11%|[38;2;128;191;255m#1        [0m| 6/53 [00:00<00:01, 41.59it/s]
Writing constraints.:  30%|[38;2;128;191;255m###       [0m| 16/53 [00:00<00:00, 65.84it/s]
Writing constraints.:  43%|[38;2;128;191;255m####3     [0m| 23/53 [00:00<00:00, 55.44it/s]
Writing constraints.:  77%|[38;2;128;191;255m#######7  [0m| 41/53 [00:00<00:00, 91.17it/s]
Writing constraints.: 100%|[38;2;128;191;255m##########[0m| 53/53 [00:00<00:00, 87.32it/s]


Writing continuous variables.:   0%|[38;2;128;191;255m          [0m| 0/8 [00:00<?, ?it/s]
Writing continuous variables.: 100%|[38;2;128;191;255m##########[0m| 8/8 [00:00<00:00, 123.40it/s]

INFO:linopy.io: Writing time: 0.69s

Running HiGHS 1.15.1 (git hash: 04024d7): Copyright (c) 2026 under MIT licence terms

Includes third-party software components, see THIRD_PARTY_NOTICES.md for full details

LP linopy-problem-_1m9kabx has 514675 rows; 233512 cols; 987474 nonzeros

Coefficient ranges:

  Matrix  [1e-04, 7e+00]

  Cost    [4e-01, 6e+05]

  Bound   [6e+01, 4e+03]

  RHS     [4e-04, 4e+06]

WARNING: Problem has some excessively large row bounds

WARNING:    Consider scaling the    bounds by 1e-1, or setting the user_bound_scale option to -2

Presolving model

157710 rows, 210135 cols, 592152 nonzeros 0s

Dependent equations search running on 33066 equations with time limit of 1000.00s

Dependent equations search removed 0 rows and 0 nonzeros in 0.01s (limit = 1000.00s)

153288 rows, 183883 cols, 569731 nonzeros 1s

Presolve reductions: rows 153288(-361387); columns 183883(-49629); nonzeros 569731(-417743) 

Solving the presolved LP

Using dual simplex solver



========== HiGHS simplex: YEAR 2045 (step 4/5) ==========

2045 |   Iteration        Objective     Infeasibilities num(sum)

2045 |           0    -2.0898717590e+00 Pr: 10227(2.30733e+07) 2.3s

2045 |       21658     1.6952108321e+08 Pr: 8924(1.11012e+07); Du: 0(4.52625e-05) 7.4s

2045 |       42650     6.6809919091e+08 Pr: 11182(1.09319e+07); Du: 0(3.52022e-05) 12.4s

2045 |       52068     7.0812825380e+08 Pr: 12443(1.59313e+07); Du: 0(3.52707e-05) 17.5s

2045 |       61983     7.6978132327e+08 Pr: 13849(2.36274e+07); Du: 0(3.60647e-05) 22.6s

2045 |       64284     7.7785116415e+08 Pr: 19772(6.9903e+07); Du: 0(3.61234e-05) 28.3s

2045 |       66888     8.2161366546e+08 Pr: 27312(7.21822e+07); Du: 0(3.61796e-05) 33.3s

2045 |       68978     8.2161368243e+08 Pr: 27621(7.365e+07); Du: 0(3.5694e-05) 38.7s

2045 |       70570     8.2161370067e+08 Pr: 27756(7.66465e+07); Du: 0(3.56367e-05) 44.3s

2045 |       72120     8.2161378058e+08 Pr: 28049(9.11314e+07); Du: 0(3.48482e-05) 50.5s

2045 |       73656     8.3268731001e+08 Pr: 21372(2.86661e+07); Du: 0(3.43493e-05) 56.3s

2045 |       76630     8.6419602465e+08 Pr: 37867(6.14415e+07); Du: 0(3.57377e-05) 61.5s

2045 |       79574     8.7558471629e+08 Pr: 22091(2.17627e+07); Du: 0(3.50684e-05) 67.9s

2045 |       81007     8.8550741597e+08 Pr: 24339(3.11066e+07); Du: 0(3.49158e-05) 73.3s

2045 |       84156     9.0645093585e+08 Pr: 33194(6.91118e+07); Du: 0(3.65358e-05) 79.6s

2045 |       88133     9.2855330945e+08 Pr: 28203(5.66227e+07); Du: 0(3.75743e-05) 88.4s

2045 |       89392     9.3779092328e+08 Pr: 27347(2.09613e+08); Du: 0(3.68183e-05) 96.7s

2045 |       90893     9.6615608049e+08 Pr: 28768(2.51137e+08); Du: 0(3.59222e-05) 102.3s

2045 |       94466     9.8119075329e+08 Pr: 27325(6.03873e+07); Du: 0(3.83019e-05) 108.2s

2045 |       96271     1.0094063939e+09 Pr: 26614(1.85812e+08); Du: 0(3.80559e-05) 114.9s

2045 |       98591     1.0310324565e+09 Pr: 25728(3.55376e+07); Du: 0(3.76812e-05) 122.3s

2045 |      100142     1.0386190703e+09 Pr: 38446(5.5916e+08); Du: 0(3.82155e-05) 132.5s

2045 |      101041     1.0469105098e+09 Pr: 24736(1.87311e+07); Du: 0(4.10963e-05) 138.5s

2045 |      101874     1.0551914722e+09 Pr: 28244(1.92321e+08); Du: 0(4.04615e-05) 145.9s

2045 |      102800     1.0616036619e+09 Pr: 33570(7.96371e+08); Du: 0(4.15651e-05) 152.3s

2045 |      104459     1.0689679522e+09 Pr: 27795(2.4419e+08); Du: 0(4.35898e-05) 160.7s

2045 |      105190     1.0737557500e+09 Pr: 26402(4.52676e+07); Du: 0(4.26804e-05) 170.0s

2045 |      106024     1.0787845614e+09 Pr: 26668(7.4725e+07); Du: 0(4.36209e-05) 180.4s

2045 |      106810     1.0830728266e+09 Pr: 29155(6.74435e+07); Du: 0(4.35269e-05) 187.4s

2045 |      107582     1.0906068647e+09 Pr: 18630(1.94668e+07); Du: 0(4.39481e-05) 193.1s

2045 |      108273     1.0966175704e+09 Pr: 28660(1.64008e+08); Du: 0(4.35844e-05) 200.7s

2045 |      109247     1.1032998432e+09 Pr: 29261(8.36049e+07); Du: 0(4.49061e-05) 207.2s

2045 |      110312     1.1063521298e+09 Pr: 34326(4.31758e+08); Du: 0(4.41881e-05) 213.2s

2045 |      111356     1.1090116601e+09 Pr: 21092(4.3859e+07); Du: 0(4.49293e-05) 220.8s

2045 |      112325     1.1110743362e+09 Pr: 26667(2.86368e+07); Du: 0(4.49452e-05) 229.5s

2045 |      113050     1.1141639641e+09 Pr: 22406(1.4801e+07); Du: 0(4.54448e-05) 235.9s

2045 |      114060     1.1150736472e+09 Pr: 31857(6.77145e+07); Du: 0(4.58228e-05) 242.9s

2045 |      115045     1.1161225393e+09 Pr: 21381(3.31921e+07); Du: 0(4.60688e-05) 249.2s

2045 |      115973     1.1181418195e+09 Pr: 34935(1.1296e+08); Du: 0(4.72888e-05) 256.3s

2045 |      116798     1.1232912507e+09 Pr: 17495(1.4367e+07); Du: 0(4.70617e-05) 262.3s

2045 |      117655     1.1273091773e+09 Pr: 18485(1.47779e+07); Du: 0(4.78567e-05) 268.5s

2045 |      118416     1.1308053311e+09 Pr: 25633(3.04658e+07); Du: 0(4.75707e-05) 278.4s

2045 |      119225     1.1353395714e+09 Pr: 22025(9.72947e+07); Du: 0(4.81952e-05) 290.0s

2045 |      120101     1.1384639667e+09 Pr: 30403(1.11867e+08); Du: 0(4.81475e-05) 303.9s

2045 |      120883     1.1413653538e+09 Pr: 30454(5.68371e+07); Du: 0(4.8297e-05) 317.1s

2045 |      121655     1.1439093945e+09 Pr: 34205(1.03537e+08); Du: 0(4.82631e-05) 330.9s

2045 |      122497     1.1452344651e+09 Pr: 23261(2.51541e+07); Du: 0(4.91728e-05) 346.0s

2045 |      123266     1.1465244230e+09 Pr: 24711(7.97367e+07); Du: 0(4.8976e-05) 358.6s

2045 |      124187     1.1476598108e+09 Pr: 24537(2.24153e+07); Du: 0(5.02787e-05) 371.9s

2045 |      125147     1.1499209533e+09 Pr: 28422(3.88261e+07); Du: 0(5.03863e-05) 384.3s

2045 |      126186     1.1513171203e+09 Pr: 12274(4.88443e+06); Du: 0(4.97546e-05) 406.8s

2045 |      127212     1.1522797132e+09 Pr: 22468(1.78873e+07); Du: 0(4.95441e-05) 413.9s

2045 |      128129     1.1543402152e+09 Pr: 31844(5.13232e+07); Du: 0(4.89697e-05) 420.8s

2045 |      128997     1.1566472961e+09 Pr: 16910(6.10154e+06); Du: 0(4.95144e-05) 427.1s

2045 |      129935     1.1590889390e+09 Pr: 26995(7.64325e+07); Du: 0(4.92734e-05) 437.5s

2045 |      130828     1.1651559350e+09 Pr: 14401(1.32841e+07); Du: 0(4.93478e-05) 447.2s

2045 |      131491     1.1686717139e+09 Pr: 11962(7.58196e+06); Du: 0(4.93996e-05) 454.2s

2045 |      132426     1.1706554367e+09 Pr: 15712(9.78133e+06); Du: 0(4.88582e-05) 465.1s

2045 |      133202     1.1731399197e+09 Pr: 22592(2.8153e+07); Du: 0(4.84393e-05) 485.7s

2045 |      134090     1.1741328964e+09 Pr: 25927(3.73414e+07); Du: 0(4.82719e-05) 493.3s

2045 |      135050     1.1745725198e+09 Pr: 14343(5.82293e+06); Du: 0(4.87449e-05) 500.2s

2045 |      135925     1.1758743699e+09 Pr: 26601(1.262e+08); Du: 0(4.91311e-05) 507.5s

2045 |      136930     1.1767409636e+09 Pr: 14050(1.64288e+07); Du: 0(4.87533e-05) 514.2s

2045 |      137768     1.1777859525e+09 Pr: 9607(2.56951e+06); Du: 0(4.8455e-05) 520.3s

2045 |      138606     1.1783824116e+09 Pr: 28463(7.2145e+07); Du: 0(4.83941e-05) 526.2s

2045 |      139411     1.1800965095e+09 Pr: 27599(4.72356e+07); Du: 0(4.87415e-05) 532.6s

2045 |      140276     1.1813516479e+09 Pr: 21489(1.30019e+07); Du: 0(4.85596e-05) 537.8s

2045 |      141921     1.1819373196e+09 Pr: 21524(2.21837e+07); Du: 0(4.75434e-05) 549.0s

2045 |      142785     1.1825458752e+09 Pr: 17071(1.27955e+07); Du: 0(4.81465e-05) 555.2s

2045 |      143688     1.1831389170e+09 Pr: 15104(6.62278e+06); Du: 0(4.79035e-05) 561.7s

2045 |      144484     1.1834636057e+09 Pr: 22917(2.8067e+07); Du: 0(4.84573e-05) 567.1s

2045 |      145985     1.1847873181e+09 Pr: 14087(1.78461e+07); Du: 0(4.7312e-05) 577.2s

2045 |      147126     1.1868306810e+09 Pr: 10933(1.28324e+07); Du: 0(4.72218e-05) 583.0s

2045 |      148704     1.1885759779e+09 Pr: 9973(3.7737e+06); Du: 0(4.6793e-05) 591.8s

2045 |      149476     1.1892747611e+09 Pr: 13573(2.68872e+06); Du: 0(4.74225e-05) 596.9s

2045 |      150254     1.1899786039e+09 Pr: 6539(1.1066e+06); Du: 0(4.80613e-05) 602.0s

2045 |      152436     1.1920476925e+09 Pr: 7386(2.04138e+06); Du: 0(4.76167e-05) 611.1s

2045 |      154161     1.1936656403e+09 Pr: 6794(2.87507e+06); Du: 0(4.70023e-05) 622.4s

2045 |      155000     1.1940739010e+09 Pr: 9313(3.69283e+06); Du: 0(4.71736e-05) 628.1s

2045 |      156052     1.1943973046e+09 Pr: 13298(3.15424e+07); Du: 0(4.70112e-05) 634.7s

2045 |      157030     1.1949598015e+09 Pr: 9261(702621); Du: 0(4.61623e-05) 640.9s

2045 |      158210     1.1952522222e+09 Pr: 3440(209906); Du: 0(4.66043e-05) 648.7s

2045 |      159546     1.1956745692e+09 Pr: 16527(3.04688e+06); Du: 0(4.63793e-05) 654.2s

2045 |      160677     1.1959187377e+09 Pr: 8149(1.34709e+07); Du: 0(4.62639e-05) 660.6s

2045 |      161890     1.1960863564e+09 Pr: 7954(7.27586e+06); Du: 0(4.68115e-05) 665.9s

2045 |      162830     1.1962567903e+09 Pr: 1529(60546.4); Du: 0(4.75682e-05) 672.3s

2045 |      163880     1.1963368724e+09 Pr: 1548(137869); Du: 0(4.7207e-05) 677.5s

2045 |      165036     1.1963644312e+09 Pr: 1198(157123); Du: 0(4.69244e-05) 687.3s

2045 |      165587     1.1963292714e+09 Pr: 0(0); Du: 0(2.55148e-08) 691.7s

2045 |      165587     1.1963292714e+09 Pr: 0(0); Du: 0(2.55148e-08) 691.7s



Performed postsolve

Solving the original LP from the solution after postsolve



Model name          : linopy-problem-_1m9kabx

Model status        : Optimal

Simplex   iterations: 165587

Objective value     :  1.1963292714e+09

P-D objective error :  3.9061187086e-14

HiGHS run time      :        692.64

INFO:linopy.constants: Optimization successful: 

Status: ok

Termination condition: optimal

Solution: 233512 primals, 514851 duals

Objective: 1.20e+09

Solver: highs

Runtime: 692.64s

MIP gap: inf

Dual bound: 0.00e+00

Solver model: available

Solver message: Optimal



INFO:pypsa.optimization.optimize:The variable 'RA_pipe' could not be mapped to the network component because it does not include the symbol '-'.

INFO:pypsa.optimization.optimize:The shadow-prices of the constraints Generator-fix-p-lower, Generator-fix-p-upper, Generator-ext-p-lower, Generator-ext-p-upper, Link-fix-p-lower, Link-fix-p-upper, StorageUnit-fix-p_dispatch-lower, StorageUnit-fix-p_dispatch-upper, StorageUnit-ext-p_dispatch-lower, StorageUnit-ext-p_dispatch-upper, StorageUnit-fix-p_store-lower, StorageUnit-fix-p_store-upper, StorageUnit-ext-p_store-lower, StorageUnit-ext-p_store-upper, StorageUnit-fix-state_of_charge-lower, StorageUnit-fix-state_of_charge-upper, StorageUnit-ext-state_of_charge-lower, StorageUnit-ext-state_of_charge-upper, StorageUnit-energy_balance, reserve_margin_CO, RA_deliverability_Denver, RA_deliverability_North, RA_deliverability_South, RA_deliverability_Mountain, RA_deliverability_East, RA_deliverability_West, co2_CO, hybrid_charge_from_solar_Candidate_Solar_plus_Storage_Denver_Battery, hybrid_pair_p_nom_Candidate_Solar_plus_Storage_Denver_Battery, hybrid_charge_from_solar_Candidate_Solar_plus_Storage_East_Battery, hybrid_pair_p_nom_Candidate_Solar_plus_Storage_East_Battery, hybrid_charge_from_solar_Candidate_Solar_plus_Storage_Mountain_Battery, hybrid_pair_p_nom_Candidate_Solar_plus_Storage_Mountain_Battery, hybrid_charge_from_solar_Candidate_Solar_plus_Storage_North_Battery, hybrid_pair_p_nom_Candidate_Solar_plus_Storage_North_Battery, hybrid_charge_from_solar_Candidate_Solar_plus_Storage_South_Battery, hybrid_pair_p_nom_Candidate_Solar_plus_Storage_South_Battery, hybrid_charge_from_solar_Candidate_Solar_plus_Storage_West_Battery, hybrid_pair_p_nom_Candidate_Solar_plus_Storage_West_Battery were not assigned to the network.

=== YEAR 2045 DONE status=ok  wall=713s  objective=$1,196,329,271  vintages_carried=25 ===

Build-out by carrier (MW):

layer            existing  vintage  new_build    total

carrier                                               

Wind              3,008.2  4,122.8    3,719.7 10,850.7

Gas:CT              936.2  7,166.1    2,314.6 10,417.0

Solar:PV          4,659.7      0.0    1,462.9  6,122.6

Gas:CC              576.0  5,091.3      168.2  5,835.5

Storage:Battery       0.0    132.2    1,865.4  1,997.6

Hydro               667.7      0.0        0.0    667.7

Hydro:Pumped        578.5      0.0        0.0    578.5

Zonal shadow prices, mean over snapshots ($/MWh):

name

Denver      36.550556

North       36.550556

South       36.509305

Mountain    36.509305

East        30.666046

West        36.509305

  large CC merge: cherokee__7_cc  576.0 MW  (CT 336.0 + CA 240.0, scale=1.000)  co2=803.6 lb/MWh  hr=6761 Btu/kWh

Reserve margin (statewide, copper-plate):

  peak 18,351.2 MW at 2018-06-28 13:00:00  PRM 13.9%  requirement 20,902.0 MW

                 accredited_mw    p_nom

carrier                                

Gas:CC                 5,535.2  5,835.5

Gas:CT                 9,380.8 10,417.0

Geothermal                 0.0      0.0

Hydro                    564.0    667.7

Hydro:Pumped             532.0    578.5

Nuclear:SMR                0.0      0.0

Solar+Storage              0.0      0.0

Solar:PV                 119.5  6,122.6

Storage:Battery        1,181.4  1,997.6

Wind                   3,589.1 10,850.7

  accredited total 20,902.0 MW  slack 0.0 MW

  dual $93,491.37/MW-yr

  large CC merge: cherokee__7_cc  576.0 MW  (CT 336.0 + CA 240.0, scale=1.000)  co2=803.6 lb/MWh  hr=6761 Btu/kWh

Zonal deliverability (firm RA pipes at t*):

  t* 2018-06-28 13:00:00  statewide peak 18,351.2 MW

          accredited_mw  net_firm_in_mw  load_at_tstar_mw  slack_mw  dual

zone                                                                     

Denver          6,310.6         5,028.1          11,338.7       0.0  -0.0

North           4,881.0        -2,663.7           1,488.6     728.7  -0.0

South           4,359.9        -1,059.3           3,300.6      -0.0  -0.0

Mountain          245.1           122.6             367.7       0.0  -0.0

East            3,960.9        -1,540.4             598.4   1,822.1  -0.0

West            1,144.6           112.6           1,257.2       0.0  -0.0

RA pipe flows (positive = from -> to):

                             from        to  flow_mw  limit_mw  at_bound

pipe                                                                    

RA_pipe_South_West          South      West     63.5      63.5      True

RA_pipe_East_South           East     South    484.4     484.4      True

RA_pipe_East_North           East     North    591.5     591.5      True

RA_pipe_Denver_South       Denver     South -1,235.3   1,610.4     False

RA_pipe_Mountain_South   Mountain     South   -244.9     683.8     False

RA_pipe_Denver_East        Denver      East   -464.5     464.5      True

RA_pipe_Mountain_West    Mountain      West     49.1     961.1     False

RA_pipe_Denver_Mountain    Denver  Mountain    -73.1      73.1      True

RA_pipe_Denver_North       Denver     North -3,255.2   4,070.5     False

RA_pipe_Mountain_North   Mountain     North      0.0       0.0      True

RA_pipe_North_West          North      West      0.0       0.0      True

  reserve_margin_CO dual $93,491.37/MW-yr

  large CC merge: cherokee__7_cc  576.0 MW  (CT 336.0 + CA 240.0, scale=1.000)  co2=803.6 lb/MWh  hr=6761 Btu/kWh

CO2 cap (annual, in-state only):

  cap 3.6770 MMT  solved 3.6770 MMT  in-state 3.6770  imports 0.0000  slack -0.0000

  import energy 0 MWh (positive Market.p only)

  dual $-55.89/metric ton  (native on co2_CO)

Storage cyclic-week energy balance (expect ~0):

  week 0: max |net| = 0.0000 MWh  (Candidate_Storage:Battery_East)

  week 1: max |net| = 0.0000 MWh  (Candidate_Storage:Battery_Denver)

  week 2: max |net| = 0.0000 MWh  (Candidate_Storage:Battery_North)

  week 3: max |net| = 0.0000 MWh  (Candidate_Storage:Battery_North)

  week 4: max |net| = 0.0000 MWh  (Candidate_Storage:Battery_North)

  week 5: max |net| = 0.0000 MWh  (Mountain_Hydro:Pumped_agg)

  week 6: max |net| = 0.0000 MWh  (Candidate_Storage:Battery_North)

  week 7: max |net| = 0.0000 MWh  (Mountain_Hydro:Pumped_agg)

  week 8: max |net| = 0.0000 MWh  (Denver_Hydro:Pumped_agg)

  week 9: max |net| = 0.0000 MWh  (Mountain_Hydro:Pumped_agg)

  week 10: max |net| = 0.0000 MWh  (Candidate_Storage:Battery_East)

Annual cash-flow cost ($):

  capex_overnight  $8,853,227,073

  fom_existing  $226,142,816

  fom_vintage  $452,093,941

  fom_new  $221,510,151

  opex_instate  $381,321,574

  import_cost  $0

  export_revenue  $0

  annual_system_cost  $10,134,295,554

  annual_system_cost_ex_trade  $10,134,295,554

  lp_objective  $1,196,329,271

  identity_gap  $0.00

  wrote pypsa\scenarios\island_cap95\dispatch_2045.csv (199,368 rows)

INFO:pypsa.network.io:Exported network 'Unnamed Network' saved to '.\pypsa\scenarios\island_cap95\2045.nc contains: storage_units, generators, sub_networks, links, carriers, buses, loads

  wrote pypsa\scenarios\island_cap95\2045.nc



=== YEAR 2050/2050 START (step 5/5) ===

  surviving vintages: 22 generators, 3 storage



[1/6] Buses...

  6 CO buses: ['Denver', 'North', 'South', 'Mountain', 'East', 'West']



[2/6] Links...

  11 links, internal_limits (raw_sum_mw), bidirectional

    Link_South_West: South <-> West  p_nom=363.1 MW

    Link_East_South: East <-> South  p_nom=994.4 MW

    Link_East_North: East <-> North  p_nom=1,245.3 MW

    Link_Denver_South: Denver <-> South  p_nom=3,024.1 MW

    Link_Mountain_South: Mountain <-> South  p_nom=1,394.4 MW

    Link_Denver_East: Denver <-> East  p_nom=1,769.1 MW

    Link_Mountain_West: Mountain <-> West  p_nom=1,720.9 MW

    Link_Denver_Mountain: Denver <-> Mountain  p_nom=522.0 MW

    Link_Denver_North: Denver <-> North  p_nom=6,786.4 MW

    Link_Mountain_North: Mountain <-> North  p_nom=37.2 MW

    Link_North_West: North <-> West  p_nom=421.5 MW



[3/6] Representative weeks (Milestone 2 load + Milestone 3 clustering)...

.\.venv\Lib\site-packages\tsam\pipeline\orchestrator.py:296: UserWarning: The time series covers 8760 time steps, which is not a whole number of 168-step periods. The last period is filled up with the first 144 time steps of the series so it can be clustered; its occurrence count is reduced accordingly and the padding is dropped again on reconstruction.

  period_profiles = unstack_to_periods(norm_data.values, cfg.n_timesteps_per_period)

INFO:pyomo.contrib.appsi.solvers.highs:Running HiGHS 1.15.1 (git hash: 04024d7): Copyright (c) 2026 under MIT licence terms

INFO:pyomo.contrib.appsi.solvers.highs:Includes third-party software components, see THIRD_PARTY_NOTICES.md for full details

INFO:pyomo.contrib.appsi.solvers.highs:MIP has 2863 rows; 2809 cols; 8374 nonzeros; 2809 integer variables (2809 binary)

INFO:pyomo.contrib.appsi.solvers.highs:Coefficient ranges:

INFO:pyomo.contrib.appsi.solvers.highs:  Matrix  [1e+00, 1e+00]

INFO:pyomo.contrib.appsi.solvers.highs:  Cost    [7e+01, 8e+02]

INFO:pyomo.contrib.appsi.solvers.highs:  Bound   [1e+00, 1e+00]

INFO:pyomo.contrib.appsi.solvers.highs:  RHS     [1e+00, 1e+01]

INFO:pyomo.contrib.appsi.solvers.highs:Presolving model

INFO:pyomo.contrib.appsi.solvers.highs:2810 rows, 2809 cols, 8374 nonzeros 0s

INFO:pyomo.contrib.appsi.solvers.highs:2810 rows, 2809 cols, 8374 nonzeros 0s

INFO:pyomo.contrib.appsi.solvers.highs:Presolve reductions: rows 2810(-53); columns 2809(-0); nonzeros 8374(-0) 

INFO:pyomo.contrib.appsi.solvers.highs:

INFO:pyomo.contrib.appsi.solvers.highs:Solving MIP model with:

INFO:pyomo.contrib.appsi.solvers.highs:   2810 rows

INFO:pyomo.contrib.appsi.solvers.highs:   2809 cols (2809 binary, 0 integer, 0 implied int., 0 continuous, 0 domain fixed)

INFO:pyomo.contrib.appsi.solvers.highs:   8374 nonzeros

INFO:pyomo.contrib.appsi.solvers.highs:   Thread count 2 (of 4 threads). Using 1 max workers. Parallel search off

INFO:pyomo.contrib.appsi.solvers.highs:

INFO:pyomo.contrib.appsi.solvers.highs:Src: B => Branching; C => Central rounding; F => Feasibility pump; H => Heuristic;

INFO:pyomo.contrib.appsi.solvers.highs:     I => Shifting; J => Feasibility jump; L => Sub-MIP; P => Empty MIP; R => Randomized rounding;

INFO:pyomo.contrib.appsi.solvers.highs:     S => Solve LP; T => Evaluate node; U => Unbounded; X => User solution; Y => HiGHS solution;

INFO:pyomo.contrib.appsi.solvers.highs:     Z => ZI Round; l => Trivial lower; p => Trivial point; u => Trivial upper; z => Trivial zero

INFO:pyomo.contrib.appsi.solvers.highs:

INFO:pyomo.contrib.appsi.solvers.highs:        Nodes      |    B&B Tree     |            Objective Bounds              |  Dynamic Constraints |       Work      

INFO:pyomo.contrib.appsi.solvers.highs:Src  Proc. InQueue |  Leaves   Expl. | BestBound       BestSol              Gap |   Cuts   InLp Confl. | LpIters     Time

INFO:pyomo.contrib.appsi.solvers.highs:

INFO:pyomo.contrib.appsi.solvers.highs: J       0       0         0   0.00%   -inf            16650.084472       Large        0      0      0         0     0.2s

INFO:pyomo.contrib.appsi.solvers.highs: T       0       0         0   0.00%   0               7536.522111      100.00%        0      0      0       261     0.3s

INFO:pyomo.contrib.appsi.solvers.highs:         1       0         1 100.00%   7536.522111     7536.522111        0.00%        0      0      0       261     0.4s

INFO:pyomo.contrib.appsi.solvers.highs:

INFO:pyomo.contrib.appsi.solvers.highs:Solving report

INFO:pyomo.contrib.appsi.solvers.highs:  Status            Optimal

INFO:pyomo.contrib.appsi.solvers.highs:  Primal bound      7536.52211092

INFO:pyomo.contrib.appsi.solvers.highs:  Dual bound        7536.52211092

INFO:pyomo.contrib.appsi.solvers.highs:  Gap               0% (tolerance: 0.01%)

INFO:pyomo.contrib.appsi.solvers.highs:  P-D integral      0.0832793000154

INFO:pyomo.contrib.appsi.solvers.highs:  Solution status   feasible

INFO:pyomo.contrib.appsi.solvers.highs:                    7536.52211092 (objective)

INFO:pyomo.contrib.appsi.solvers.highs:                    0 (bound viol.)

INFO:pyomo.contrib.appsi.solvers.highs:                    0 (int. viol.)

INFO:pyomo.contrib.appsi.solvers.highs:                    0 (row viol.)

INFO:pyomo.contrib.appsi.solvers.highs:  Timing            0.36

INFO:pyomo.contrib.appsi.solvers.highs:                    0.08 (Presolve)

INFO:pyomo.contrib.appsi.solvers.highs:                    0.28 (Solve)

INFO:pyomo.contrib.appsi.solvers.highs:                    0.00 (Postsolve)

INFO:pyomo.contrib.appsi.solvers.highs:  Max sub-MIP depth 0

INFO:pyomo.contrib.appsi.solvers.highs:  Nodes             1

INFO:pyomo.contrib.appsi.solvers.highs:  Repair LPs        0

INFO:pyomo.contrib.appsi.solvers.highs:  LP iterations     261

INFO:pyomo.contrib.appsi.solvers.highs:                    0 (strong br.)

INFO:pyomo.contrib.appsi.solvers.highs:                    0 (separation)

INFO:pyomo.contrib.appsi.solvers.highs:                    0 (heuristics)

  1704 snapshots in 11 periods (weighted hours=8451.4)

    2018-01-15 00:00 to 2018-01-21 23:00  (168h)  weight=3.00

    2018-02-12 00:00 to 2018-02-18 23:00  (168h)  weight=5.00

    2018-03-12 00:00 to 2018-03-18 23:00  (168h)  weight=7.00

    2018-06-04 00:00 to 2018-06-10 23:00  (168h)  weight=2.00

    2018-07-02 00:00 to 2018-07-08 23:00  (168h)  weight=2.00

    2018-07-23 00:00 to 2018-07-29 23:00  (168h)  weight=3.00

    2018-09-17 00:00 to 2018-09-23 23:00  (168h)  weight=13.00

    2018-10-22 00:00 to 2018-10-28 23:00  (168h)  weight=10.00

    2018-12-10 00:00 to 2018-12-16 23:00  (168h)  weight=3.00

    2018-12-31 00:00 to 2018-12-31 23:00  (24h)  weight=2.14

    2018-06-25 00:00 to 2018-07-01 23:00  (168h)  weight=2.00



[4/6] Existing fleet + candidates...

  16 existing + 22 vintage + 41 candidate generators

  3 existing + 3 vintage + 12 candidate storage

  hybrid_candidates: 6 Solar+Storage generators, 6 storage

  relax_pmin: p_min_pu=0 on 79 in-state generators (0 Market_* kept at p_min_pu=-1)



[5/6] Capacity factors (aligned to representative snapshots)...

  p_max_pu assigned to 34 of 79 generators (solar/wind only)

INFO:pypsa.consistency:Sanitizing network...

INFO:pypsa.components._types.carriers:Adding 11 missing carriers: ['AC', 'Gas:CC', 'Gas:CT', 'Geothermal', 'Hydro', 'Hydro:Pumped', 'Nuclear:SMR', 'Solar+Storage', 'Solar:PV', 'Storage:Battery', 'Wind']

INFO:pypsa.components._types.carriers:Assigned colors to 11 carriers using 'tab10' palette.

INFO:pypsa.consistency:Network sanitization complete.



[6/6] Network assembled.

Solving 2050 (1704 snapshots, week-cyclic SOC, statewide PRM, zonal RA pipes, CO2 cap, relax_pmin, aggregate_large_cc, hybrid_candidates)...

  RA: peak=20,521.2 MW at 2018-06-28 13:00:00  PRM=13.9%  requirement=23,373.6 MW

  RA pipes: t*=2018-06-28 13:00:00  statewide peak=20,521.2 MW  11 internal interfaces

    RA_pipe_South_West: South <-> West  +/-63.5 MW

    RA_pipe_East_South: East <-> South  +/-484.4 MW

    RA_pipe_East_North: East <-> North  +/-591.5 MW

    RA_pipe_Denver_South: Denver <-> South  +/-1,610.4 MW

    RA_pipe_Mountain_South: Mountain <-> South  +/-683.8 MW

    RA_pipe_Denver_East: Denver <-> East  +/-464.5 MW

    RA_pipe_Mountain_West: Mountain <-> West  +/-961.1 MW

    RA_pipe_Denver_Mountain: Denver <-> Mountain  +/-73.1 MW

    RA_pipe_Denver_North: Denver <-> North  +/-4,070.5 MW

    RA_pipe_Mountain_North: Mountain <-> North  +/-0.0 MW  (N-1 zero)

    RA_pipe_North_West: North <-> West  +/-0.0 MW  (N-1 zero)

  zonal load at t*:

    Denver: 12,899.8 MW

    North: 1,562.5 MW

    South: 3,606.9 MW

    Mountain: 406.6 MW

    East: 664.4 MW

    West: 1,381.0 MW

  CO2: cap=2.1012 MMT (2,101,150 t)  path=cap95  import intensity=729.8 lb/MWh (Candidate_Gas:CC)

  CO2: in-state only (no Market_* / import flow)


INFO:linopy.model: Solve problem using Highs solver

  hybrid: 6 pairs  p_nom equality on 6 extendable  charge-from-solar on 6


INFO:linopy.model:Solver options:

 - solver: simplex

 - threads: 2

INFO:linopy.io:Writing objective.


Writing constraints.:   0%|[38;2;128;191;255m          [0m| 0/53 [00:00<?, ?it/s]
Writing constraints.:  11%|[38;2;128;191;255m#1        [0m| 6/53 [00:00<00:01, 43.14it/s]
Writing constraints.:  28%|[38;2;128;191;255m##8       [0m| 15/53 [00:00<00:00, 66.31it/s]
Writing constraints.:  42%|[38;2;128;191;255m####1     [0m| 22/53 [00:00<00:00, 51.57it/s]
Writing constraints.:  77%|[38;2;128;191;255m#######7  [0m| 41/53 [00:00<00:00, 90.88it/s]
Writing constraints.: 100%|[38;2;128;191;255m##########[0m| 53/53 [00:00<00:00, 86.91it/s]


Writing continuous variables.:   0%|[38;2;128;191;255m          [0m| 0/8 [00:00<?, ?it/s]
Writing continuous variables.: 100%|[38;2;128;191;255m##########[0m| 8/8 [00:00<00:00, 117.96it/s]

INFO:linopy.io: Writing time: 0.7s

Running HiGHS 1.15.1 (git hash: 04024d7): Copyright (c) 2026 under MIT licence terms

Includes third-party software components, see THIRD_PARTY_NOTICES.md for full details

LP linopy-problem-pgftctce has 541939 rows; 245440 cols; 1034916 nonzeros

Coefficient ranges:

  Matrix  [5e-05, 7e+00]

  Cost    [8e-01, 6e+05]

  Bound   [6e+01, 4e+03]

  RHS     [4e-04, 2e+06]

WARNING: Problem has some excessively large row bounds

WARNING:    Consider scaling the    bounds by 1e-1, or setting the user_bound_scale option to -2

Presolving model

160518 rows, 221132 cols, 613712 nonzeros 1s

Dependent equations search running on 36260 equations with time limit of 1000.00s

Dependent equations search removed 0 rows and 0 nonzeros in 0.01s (limit = 1000.00s)

155882 rows, 196861 cols, 596593 nonzeros 2s

Presolve reductions: rows 155882(-386057); columns 196861(-48579); nonzeros 596593(-438323) 

Solving the presolved LP

Using dual simplex solver



========== HiGHS simplex: YEAR 2050 (step 5/5) ==========

2050 |   Iteration        Objective     Infeasibilities num(sum)

2050 |           0    -1.5907556668e+00 Pr: 10227(1.70484e+07) 2.6s

2050 |       25698     1.0653297457e+08 Pr: 9489(9.6853e+06); Du: 0(3.90488e-05) 7.8s

2050 |       39904     4.8923666446e+08 Pr: 10585(1.03309e+07); Du: 0(3.62852e-05) 12.9s

2050 |       52726     5.3697189461e+08 Pr: 11918(1.18396e+07); Du: 0(3.53282e-05) 18.0s

2050 |       65716     5.8923570425e+08 Pr: 12734(1.07842e+07); Du: 0(3.72405e-05) 23.1s

2050 |       76227     6.4807254545e+08 Pr: 18495(9.1109e+08); Du: 0(3.74647e-05) 28.5s

2050 |       81484     6.6749336246e+08 Pr: 17841(1.07126e+07); Du: 0(3.71618e-05) 33.6s

2050 |       83365     6.7500412470e+08 Pr: 25292(5.48259e+07); Du: 0(3.66495e-05) 39.4s

2050 |       85504     6.9407743683e+08 Pr: 26758(4.83202e+07); Du: 0(3.61544e-05) 47.6s

2050 |       87100     7.0644794620e+08 Pr: 24154(6.16979e+07); Du: 0(3.59513e-05) 55.7s

2050 |       89872     7.2295953645e+08 Pr: 24741(1.62861e+07); Du: 0(3.8054e-05) 62.4s

2050 |       91670     7.3118120344e+08 Pr: 26962(2.18092e+07); Du: 0(3.90223e-05) 67.7s

2050 |       95411     7.4462341727e+08 Pr: 34105(6.7184e+08); Du: 0(3.99098e-05) 74.3s

2050 |       96808     7.5191286773e+08 Pr: 25668(4.41964e+07); Du: 0(3.84855e-05) 79.7s

2050 |       98381     7.6473793767e+08 Pr: 21816(1.11058e+08); Du: 0(3.68438e-05) 89.7s

2050 |       99877     7.7413005173e+08 Pr: 22255(9.62704e+07); Du: 0(3.65844e-05) 96.3s

2050 |      101312     7.7804117863e+08 Pr: 36202(1.28812e+08); Du: 0(3.65625e-05) 105.2s

2050 |      102149     7.8248117240e+08 Pr: 22180(4.37437e+07); Du: 0(3.60534e-05) 110.6s

2050 |      103442     8.3527940337e+08 Pr: 21610(5.87632e+07); Du: 0(3.53167e-05) 119.1s

2050 |      104939     8.5570865054e+08 Pr: 24764(3.11961e+07); Du: 0(3.63897e-05) 131.1s

2050 |      105660     8.5745532502e+08 Pr: 20937(5.86611e+07); Du: 0(3.6201e-05) 136.5s

2050 |      107337     8.6505619390e+08 Pr: 29347(5.72225e+07); Du: 0(3.44301e-05) 146.8s

2050 |      108197     8.6929232587e+08 Pr: 29999(1.02664e+08); Du: 0(3.44302e-05) 154.1s

2050 |      108982     8.7800153839e+08 Pr: 32059(3.11333e+08); Du: 0(3.37556e-05) 159.8s

2050 |      109803     8.8430318608e+08 Pr: 34818(1.00823e+08); Du: 0(3.34779e-05) 172.1s

2050 |      110577     8.8894970100e+08 Pr: 19833(2.33671e+08); Du: 0(3.33445e-05) 180.2s

2050 |      111575     8.9094253396e+08 Pr: 17647(2.0279e+08); Du: 0(3.44523e-05) 185.3s

2050 |      112347     8.9833697668e+08 Pr: 31972(9.57182e+07); Du: 0(3.49347e-05) 190.8s

2050 |      113110     9.0021837775e+08 Pr: 25018(2.82979e+08); Du: 0(3.4496e-05) 197.6s

2050 |      113960     9.0268427127e+08 Pr: 34934(5.78105e+08); Du: 0(3.4424e-05) 202.8s

2050 |      114722     9.0582546481e+08 Pr: 32627(9.05402e+07); Du: 0(3.45901e-05) 208.1s

2050 |      115603     9.0815492830e+08 Pr: 31984(5.69516e+07); Du: 0(3.46172e-05) 213.4s

2050 |      117367     9.1782423973e+08 Pr: 22213(1.09562e+08); Du: 0(3.45912e-05) 220.0s

2050 |      118289     9.2526500255e+08 Pr: 31355(7.08114e+07); Du: 0(3.54299e-05) 225.4s

2050 |      119210     9.3055059972e+08 Pr: 18792(3.95671e+07); Du: 0(3.52795e-05) 230.9s

2050 |      120480     9.3513131831e+08 Pr: 24144(1.3125e+08); Du: 0(3.92844e-05) 237.6s

2050 |      121390     9.4053052483e+08 Pr: 26905(4.0377e+07); Du: 0(3.92248e-05) 243.3s

2050 |      122434     9.4786833802e+08 Pr: 27269(1.92865e+09); Du: 0(3.93556e-05) 248.9s

2050 |      123422     9.5156953596e+08 Pr: 17349(6.65302e+06); Du: 0(3.94385e-05) 255.3s

2050 |      124224     9.5392077371e+08 Pr: 29620(2.2525e+07); Du: 0(3.99987e-05) 260.8s

2050 |      125177     9.5619360571e+08 Pr: 29238(6.61865e+07); Du: 0(3.95459e-05) 267.0s

2050 |      126063     9.6086573259e+08 Pr: 30077(5.56198e+08); Du: 0(3.82043e-05) 274.1s

2050 |      127028     9.6296663649e+08 Pr: 28291(3.44619e+07); Du: 0(3.80778e-05) 282.1s

2050 |      127973     9.6438223500e+08 Pr: 28244(4.13514e+07); Du: 0(3.74581e-05) 291.3s

2050 |      128922     9.6734853099e+08 Pr: 18238(2.4281e+07); Du: 0(3.81922e-05) 298.1s

2050 |      130008     9.6941619697e+08 Pr: 24025(6.43265e+07); Du: 0(3.74912e-05) 303.2s

2050 |      130974     9.7241341823e+08 Pr: 24165(2.29393e+08); Du: 0(3.74597e-05) 309.9s

2050 |      131967     9.7656295135e+08 Pr: 25567(2.78455e+07); Du: 0(3.74251e-05) 318.0s

2050 |      132939     9.7791152513e+08 Pr: 21373(1.27616e+07); Du: 0(3.81652e-05) 324.9s

2050 |      133865     9.8107087526e+08 Pr: 16094(2.13554e+07); Du: 0(3.86479e-05) 331.7s

2050 |      134719     9.8264414275e+08 Pr: 21865(9.24956e+07); Du: 0(3.85639e-05) 338.5s

2050 |      135888     9.8371703928e+08 Pr: 24331(1.82181e+08); Du: 0(4.11458e-05) 349.5s

2050 |      136913     9.8440229955e+08 Pr: 18705(4.7021e+06); Du: 0(4.29337e-05) 360.8s

2050 |      137877     9.8594754413e+08 Pr: 28370(3.50191e+07); Du: 0(4.24658e-05) 368.1s

2050 |      138903     9.8730428833e+08 Pr: 22785(1.81759e+07); Du: 0(4.25706e-05) 376.7s

2050 |      139906     9.8825107519e+08 Pr: 22853(7.03437e+07); Du: 0(4.26179e-05) 383.7s

2050 |      141076     9.9035266487e+08 Pr: 30623(1.05467e+09); Du: 0(4.20579e-05) 389.4s

2050 |      142300     9.9090319035e+08 Pr: 16786(1.06429e+07); Du: 0(4.2189e-05) 398.7s

2050 |      143251     9.9211371761e+08 Pr: 21304(8.06254e+06); Du: 0(4.19835e-05) 406.7s

2050 |      144119     9.9396953334e+08 Pr: 17735(2.03453e+07); Du: 0(4.3293e-05) 413.9s

2050 |      145160     9.9505218228e+08 Pr: 21131(1.59489e+09); Du: 0(4.22056e-05) 421.0s

2050 |      146062     9.9572826578e+08 Pr: 11557(5.50908e+06); Du: 0(4.26469e-05) 428.1s

2050 |      147063     9.9814292872e+08 Pr: 15731(7.24048e+07); Du: 0(4.26522e-05) 436.5s

2050 |      148071     9.9919921104e+08 Pr: 16563(1.37705e+07); Du: 0(4.29854e-05) 443.6s

2050 |      148871     1.0029225748e+09 Pr: 14947(8.887e+07); Du: 0(4.27407e-05) 448.8s

2050 |      149688     1.0073704390e+09 Pr: 12178(1.35162e+07); Du: 0(4.25659e-05) 455.6s

2050 |      150641     1.0080380676e+09 Pr: 14731(2.93026e+07); Du: 0(4.25831e-05) 462.4s

2050 |      151708     1.0091773261e+09 Pr: 20164(1.84616e+07); Du: 0(4.18704e-05) 470.0s

2050 |      152705     1.0102166965e+09 Pr: 14935(1.44378e+07); Du: 0(4.17957e-05) 477.6s

2050 |      153668     1.0112500736e+09 Pr: 16686(7.29932e+06); Du: 0(4.15571e-05) 485.7s

2050 |      154509     1.0117908223e+09 Pr: 11163(7.89843e+06); Du: 0(4.19501e-05) 491.8s

2050 |      155335     1.0122249294e+09 Pr: 25443(2.06943e+07); Du: 0(4.14182e-05) 498.7s

2050 |      156131     1.0123886566e+09 Pr: 21416(3.22106e+07); Du: 0(4.07709e-05) 504.1s

2050 |      157018     1.0127584592e+09 Pr: 24984(7.47425e+06); Du: 0(4.0919e-05) 510.8s

2050 |      157786     1.0130692869e+09 Pr: 12628(2.49413e+06); Du: 0(4.0682e-05) 517.2s

2050 |      158698     1.0135569634e+09 Pr: 11598(3.22276e+06); Du: 0(4.0693e-05) 531.9s

2050 |      159570     1.0140774716e+09 Pr: 21267(1.75152e+08); Du: 0(4.05849e-05) 542.8s

2050 |      160434     1.0156062613e+09 Pr: 20510(1.11393e+08); Du: 0(4.03804e-05) 548.0s

2050 |      161585     1.0161564462e+09 Pr: 20317(6.32846e+07); Du: 0(3.95998e-05) 554.6s

2050 |      162488     1.0162696911e+09 Pr: 18828(2.17888e+07); Du: 0(4.06542e-05) 566.3s

2050 |      163360     1.0167860941e+09 Pr: 16403(1.69437e+08); Du: 0(4.0423e-05) 579.0s

2050 |      164530     1.0176042613e+09 Pr: 9851(1.19883e+06); Du: 0(4.03635e-05) 588.8s

2050 |      165538     1.0179607850e+09 Pr: 4084(425908); Du: 0(3.99887e-05) 600.3s

2050 |      166705     1.0190730770e+09 Pr: 18706(6.99687e+07); Du: 0(3.95203e-05) 605.5s

2050 |      167690     1.0200315726e+09 Pr: 14996(3.10816e+08); Du: 0(3.99637e-05) 612.3s

2050 |      168840     1.0200735510e+09 Pr: 17100(1.3732e+07); Du: 0(3.97286e-05) 627.0s

2050 |      169767     1.0201679432e+09 Pr: 16455(5.79828e+07); Du: 0(3.98289e-05) 634.8s

2050 |      170976     1.0203043603e+09 Pr: 9795(7.0588e+06); Du: 0(4.00864e-05) 647.1s

2050 |      172160     1.0203699480e+09 Pr: 2591(275602); Du: 0(3.98886e-05) 659.0s

2050 |      173092     1.0204908360e+09 Pr: 13840(6.84043e+06); Du: 0(3.8773e-05) 665.2s

2050 |      174060     1.0205701646e+09 Pr: 2361(295639); Du: 0(3.89342e-05) 671.4s

2050 |      174897     1.0207298750e+09 Pr: 12626(719224); Du: 0(3.90126e-05) 677.9s

2050 |      175878     1.0207850876e+09 Pr: 372(1314.27); Du: 0(3.9188e-05) 684.3s

2050 |      176113     1.0207435660e+09 Pr: 0(0); Du: 0(4.67468e-09) 686.0s



Performed postsolve

Solving the original LP from the solution after postsolve



Model name          : linopy-problem-pgftctce

Model status        : Optimal

Simplex   iterations: 176113

Objective value     :  1.0207435660e+09

P-D objective error :  1.7226040689e-14

HiGHS run time      :        686.78

INFO:linopy.constants: Optimization successful: 

Status: ok

Termination condition: optimal

Solution: 245440 primals, 542137 duals

Objective: 1.02e+09

Solver: highs

Runtime: 686.78s

MIP gap: inf

Dual bound: 0.00e+00

Solver model: available

Solver message: Optimal



INFO:pypsa.optimization.optimize:The variable 'RA_pipe' could not be mapped to the network component because it does not include the symbol '-'.

INFO:pypsa.optimization.optimize:The shadow-prices of the constraints Generator-fix-p-lower, Generator-fix-p-upper, Generator-ext-p-lower, Generator-ext-p-upper, Link-fix-p-lower, Link-fix-p-upper, StorageUnit-fix-p_dispatch-lower, StorageUnit-fix-p_dispatch-upper, StorageUnit-ext-p_dispatch-lower, StorageUnit-ext-p_dispatch-upper, StorageUnit-fix-p_store-lower, StorageUnit-fix-p_store-upper, StorageUnit-ext-p_store-lower, StorageUnit-ext-p_store-upper, StorageUnit-fix-state_of_charge-lower, StorageUnit-fix-state_of_charge-upper, StorageUnit-ext-state_of_charge-lower, StorageUnit-ext-state_of_charge-upper, StorageUnit-energy_balance, reserve_margin_CO, RA_deliverability_Denver, RA_deliverability_North, RA_deliverability_South, RA_deliverability_Mountain, RA_deliverability_East, RA_deliverability_West, co2_CO, hybrid_charge_from_solar_Candidate_Solar_plus_Storage_Denver_Battery, hybrid_pair_p_nom_Candidate_Solar_plus_Storage_Denver_Battery, hybrid_charge_from_solar_Candidate_Solar_plus_Storage_East_Battery, hybrid_pair_p_nom_Candidate_Solar_plus_Storage_East_Battery, hybrid_charge_from_solar_Candidate_Solar_plus_Storage_Mountain_Battery, hybrid_pair_p_nom_Candidate_Solar_plus_Storage_Mountain_Battery, hybrid_charge_from_solar_Candidate_Solar_plus_Storage_North_Battery, hybrid_pair_p_nom_Candidate_Solar_plus_Storage_North_Battery, hybrid_charge_from_solar_Candidate_Solar_plus_Storage_South_Battery, hybrid_pair_p_nom_Candidate_Solar_plus_Storage_South_Battery, hybrid_charge_from_solar_Candidate_Solar_plus_Storage_West_Battery, hybrid_pair_p_nom_Candidate_Solar_plus_Storage_West_Battery were not assigned to the network.

=== YEAR 2050 DONE status=ok  wall=705s  objective=$1,020,743,566  vintages_carried=32 ===

Build-out by carrier (MW):

layer            existing  vintage  new_build    total

carrier                                               

Gas:CT              726.2  9,480.8      535.4 10,742.3

Wind                249.0  7,842.5    2,513.3 10,604.9

Solar:PV          4,329.2  1,462.9    2,687.8  8,480.0

Gas:CC                0.0  5,259.5    1,865.0  7,124.5

Storage:Battery       0.0  1,997.6    2,782.0  4,779.6

Hydro               638.2      0.0        0.0    638.2

Hydro:Pumped        578.5      0.0        0.0    578.5

Zonal shadow prices, mean over snapshots ($/MWh):

name

Denver      42.218298

North       42.218298

South       41.736115

Mountain    41.736115

East        36.082488

West        41.736115

Reserve margin (statewide, copper-plate):

  peak 20,521.2 MW at 2018-06-28 13:00:00  PRM 13.9%  requirement 23,373.6 MW

                 accredited_mw    p_nom

carrier                                

Gas:CC                 6,774.7  7,124.5

Gas:CT                 9,676.1 10,742.3

Geothermal                 0.0      0.0

Hydro                    539.1    638.2

Hydro:Pumped             532.0    578.5

Nuclear:SMR                0.0      0.0

Solar+Storage              0.0      0.0

Solar:PV                 108.2  8,480.0

Storage:Battery        2,787.5  4,779.6

Wind                   2,955.9 10,604.9

  accredited total 23,373.6 MW  slack 0.0 MW

  dual $89,247.61/MW-yr

Zonal deliverability (firm RA pipes at t*):

  t* 2018-06-28 13:00:00  statewide peak 20,521.2 MW

          accredited_mw  net_firm_in_mw  load_at_tstar_mw  slack_mw  dual

zone                                                                     

Denver          8,459.8         4,440.0          12,899.8       0.0  -0.0

North           5,736.3        -3,479.0           1,562.5     694.8  -0.0

South           4,683.6          -241.0           3,606.9     835.7  -0.0

Mountain          220.2           186.5             406.6       0.0  -0.0

East            3,130.1        -1,540.4             664.4     925.3  -0.0

West            1,143.6           633.9           1,381.0     396.6  -0.0

RA pipe flows (positive = from -> to):

                             from        to  flow_mw  limit_mw  at_bound

pipe                                                                    

RA_pipe_South_West          South      West     63.5      63.5      True

RA_pipe_East_South           East     South    484.4     484.4      True

RA_pipe_East_North           East     North    591.5     591.5      True

RA_pipe_Denver_South       Denver     South     21.9   1,610.4     False

RA_pipe_Mountain_South   Mountain     South   -683.8     683.8      True

RA_pipe_Denver_East        Denver      East   -464.5     464.5      True

RA_pipe_Mountain_West    Mountain      West    570.4     961.1     False

RA_pipe_Denver_Mountain    Denver  Mountain     73.1      73.1      True

RA_pipe_Denver_North       Denver     North -4,070.5   4,070.5      True

RA_pipe_Mountain_North   Mountain     North      0.0       0.0      True

RA_pipe_North_West          North      West      0.0       0.0      True

  reserve_margin_CO dual $89,247.61/MW-yr

CO2 cap (annual, in-state only):

  cap 2.1012 MMT  solved 2.1012 MMT  in-state 2.1012  imports 0.0000  slack -0.0000

  import energy 0 MWh (positive Market.p only)

  dual $-150.71/metric ton  (native on co2_CO)

Storage cyclic-week energy balance (expect ~0):

  week 0: max |net| = 0.0000 MWh  (Candidate_Storage:Battery_South)

  week 1: max |net| = 0.0000 MWh  (Candidate_Storage:Battery_South)

  week 2: max |net| = 0.0000 MWh  (Candidate_Storage:Battery_Denver)

  week 3: max |net| = 0.0000 MWh  (Built_Storage:Battery_North_2045)

  week 4: max |net| = 0.0000 MWh  (Candidate_Storage:Battery_North)

  week 5: max |net| = 0.0000 MWh  (Candidate_Storage:Battery_Denver)

  week 6: max |net| = 0.0000 MWh  (Built_Storage:Battery_East_2045)

  week 7: max |net| = 0.0000 MWh  (Candidate_Storage:Battery_South)

  week 8: max |net| = 0.0000 MWh  (Candidate_Storage:Battery_Denver)

  week 9: max |net| = 0.0000 MWh  (Candidate_Storage:Battery_Denver)

  week 10: max |net| = 0.0000 MWh  (Built_Storage:Battery_East_2045)

Annual cash-flow cost ($):

  capex_overnight  $8,666,988,310

  fom_existing  $145,769,440

  fom_vintage  $673,604,092

  fom_new  $221,871,074

  opex_instate  $216,700,161

  import_cost  $0

  export_revenue  $0

  annual_system_cost  $9,924,933,077

  annual_system_cost_ex_trade  $9,924,933,077

  lp_objective  $1,020,743,566

  identity_gap  $0.00

  wrote pypsa\scenarios\island_cap95\dispatch_2050.csv (204,480 rows)

  NPV (r=0.03, base=2030, step=5): total $48,207,149,392  ex_trade $48,207,149,392

INFO:pypsa.network.io:Exported network 'Unnamed Network' saved to '.\pypsa\scenarios\island_cap95\2050.nc contains: storage_units, generators, sub_networks, links, carriers, buses, loads

  wrote pypsa\scenarios\island_cap95\2050.nc



=== MYOPIC SEQUENCE COMPLETE ===

  pypsa\scenarios\island_cap95\capacity_by_year.csv

  pypsa\scenarios\island_cap95\solve.log

  pypsa\scenarios\island_cap95\2030.nc

  pypsa\scenarios\island_cap95\2035.nc

  pypsa\scenarios\island_cap95\2040.nc

  pypsa\scenarios\island_cap95\2045.nc

  pypsa\scenarios\island_cap95\2050.nc

