--- solve.log no_co2_policy start 2026-08-28T13:21:37 ---
  solve log: pypsa\scenarios\no_co2_policy\solve.log



--- Colorado PyPSA case: no_co2_policy ---

Investment years: [2030, 2035, 2040, 2045, 2050]

internal_limits=True

neighbors=True

reserve_margin=True

zonal_ra=True

co2_cap=False

co2_path=statutory

relax_pmin=True

aggregate_large_cc=True

hybrid_candidates=True

HiGHS dual simplex, threads=2, include_objective_constant=False



=== YEAR 2030/2050 START (step 1/5) ===

  surviving vintages: 0 generators, 0 storage

.\.venv\Lib\site-packages\pypsa\network\io.py:2082: FutureWarning: pandas infers the `str` dtype for string data since its version 3.0. PyPSA still converts it back to numpy object dtype on import, but will keep it from PyPSA 2.0 on. Set `pypsa.options.api.legacy_string_dtype` explicitly to suppress this warning.

  new_static = _coerce_string_dtypes(new_static)



[1/6] Buses...

  6 CO buses: ['Denver', 'North', 'South', 'Mountain', 'East', 'West']

  6 external buses: ['Wyoming', 'Utah', 'FourCorners', 'NewMexico', 'Nebraska', 'EasternInterconnect']



[2/6] Links...

  11 links, internal_limits (raw_sum_mw), bidirectional

    Link_South_West: South <-> West  p_nom=363.1 MW

    Link_East_South: East <-> South  p_nom=994.4 MW

    Link_East_North: East <-> North  p_nom=1,245.3 MW

    Link_Denver_South: Denver <-> South  p_nom=3,024.1 MW

    Link_Mountain_South: Mountain <-> South  p_nom=1,394.4 MW

    Link_Denver_East: Denver <-> East  p_nom=1,769.1 MW

    Link_Mountain_West: Mountain <-> West  p_nom=1,720.9 MW

    Link_Denver_Mountain: Denver <-> Mountain  p_nom=522.0 MW

    Link_Denver_North: Denver <-> North  p_nom=6,786.4 MW

    Link_Mountain_North: Mountain <-> North  p_nom=37.2 MW

    Link_North_West: North <-> West  p_nom=421.5 MW

  7 links, external (raw_sum_mw), bidirectional

    Link_West_FourCorners: West <-> FourCorners  p_nom=1,555.6 MW

    Link_West_Utah: West <-> Utah  p_nom=1,118.8 MW

    Link_East_Nebraska: East <-> Nebraska  p_nom=1,044.0 MW

    Link_South_NewMexico: South <-> NewMexico  p_nom=324.9 MW

    Link_Mountain_Wyoming: Mountain <-> Wyoming  p_nom=504.8 MW

    Link_North_Wyoming: North <-> Wyoming  p_nom=2,031.5 MW

    Link_East_EasternInterconnect: East <-> EasternInterconnect  p_nom=210.0 MW



[3/6] Representative weeks (Milestone 2 load + Milestone 3 clustering)...

.\.venv\Lib\site-packages\tsam\pipeline\orchestrator.py:296: UserWarning: The time series covers 8760 time steps, which is not a whole number of 168-step periods. The last period is filled up with the first 144 time steps of the series so it can be clustered; its occurrence count is reduced accordingly and the padding is dropped again on reconstruction.

  period_profiles = unstack_to_periods(norm_data.values, cfg.n_timesteps_per_period)

INFO:pyomo.contrib.appsi.solvers.highs:Running HiGHS 1.15.1 (git hash: 04024d7): Copyright (c) 2026 under MIT licence terms

INFO:pyomo.contrib.appsi.solvers.highs:Includes third-party software components, see THIRD_PARTY_NOTICES.md for full details

INFO:pyomo.contrib.appsi.solvers.highs:MIP has 2863 rows; 2809 cols; 8374 nonzeros; 2809 integer variables (2809 binary)

INFO:pyomo.contrib.appsi.solvers.highs:Coefficient ranges:

INFO:pyomo.contrib.appsi.solvers.highs:  Matrix  [1e+00, 1e+00]

INFO:pyomo.contrib.appsi.solvers.highs:  Cost    [7e+01, 6e+02]

INFO:pyomo.contrib.appsi.solvers.highs:  Bound   [1e+00, 1e+00]

INFO:pyomo.contrib.appsi.solvers.highs:  RHS     [1e+00, 1e+01]

INFO:pyomo.contrib.appsi.solvers.highs:Presolving model

INFO:pyomo.contrib.appsi.solvers.highs:2810 rows, 2809 cols, 8374 nonzeros 0s

INFO:pyomo.contrib.appsi.solvers.highs:2810 rows, 2809 cols, 8374 nonzeros 0s

INFO:pyomo.contrib.appsi.solvers.highs:Presolve reductions: rows 2810(-53); columns 2809(-0); nonzeros 8374(-0) 

INFO:pyomo.contrib.appsi.solvers.highs:

INFO:pyomo.contrib.appsi.solvers.highs:Solving MIP model with:

INFO:pyomo.contrib.appsi.solvers.highs:   2810 rows

INFO:pyomo.contrib.appsi.solvers.highs:   2809 cols (2809 binary, 0 integer, 0 implied int., 0 continuous, 0 domain fixed)

INFO:pyomo.contrib.appsi.solvers.highs:   8374 nonzeros

INFO:pyomo.contrib.appsi.solvers.highs:   Thread count 2 (of 4 threads). Using 1 max workers. Parallel search off

INFO:pyomo.contrib.appsi.solvers.highs:

INFO:pyomo.contrib.appsi.solvers.highs:Src: B => Branching; C => Central rounding; F => Feasibility pump; H => Heuristic;

INFO:pyomo.contrib.appsi.solvers.highs:     I => Shifting; J => Feasibility jump; L => Sub-MIP; P => Empty MIP; R => Randomized rounding;

INFO:pyomo.contrib.appsi.solvers.highs:     S => Solve LP; T => Evaluate node; U => Unbounded; X => User solution; Y => HiGHS solution;

INFO:pyomo.contrib.appsi.solvers.highs:     Z => ZI Round; l => Trivial lower; p => Trivial point; u => Trivial upper; z => Trivial zero

INFO:pyomo.contrib.appsi.solvers.highs:

INFO:pyomo.contrib.appsi.solvers.highs:        Nodes      |    B&B Tree     |            Objective Bounds              |  Dynamic Constraints |       Work      

INFO:pyomo.contrib.appsi.solvers.highs:Src  Proc. InQueue |  Leaves   Expl. | BestBound       BestSol              Gap |   Cuts   InLp Confl. | LpIters     Time

INFO:pyomo.contrib.appsi.solvers.highs:

INFO:pyomo.contrib.appsi.solvers.highs: J       0       0         0   0.00%   -inf            12071.762821       Large        0      0      0         0     0.1s

INFO:pyomo.contrib.appsi.solvers.highs: T       0       0         0   0.00%   0               5624.730147      100.00%        0      0      0       236     0.2s

INFO:pyomo.contrib.appsi.solvers.highs:         1       0         1 100.00%   5624.730147     5624.730147        0.00%        0      0      0       236     0.2s

INFO:pyomo.contrib.appsi.solvers.highs:

INFO:pyomo.contrib.appsi.solvers.highs:Solving report

INFO:pyomo.contrib.appsi.solvers.highs:  Status            Optimal

INFO:pyomo.contrib.appsi.solvers.highs:  Primal bound      5624.73014677

INFO:pyomo.contrib.appsi.solvers.highs:  Dual bound        5624.73014677

INFO:pyomo.contrib.appsi.solvers.highs:  Gap               0% (tolerance: 0.01%)

INFO:pyomo.contrib.appsi.solvers.highs:  P-D integral      0.0360426995903

INFO:pyomo.contrib.appsi.solvers.highs:  Solution status   feasible

INFO:pyomo.contrib.appsi.solvers.highs:                    5624.73014677 (objective)

INFO:pyomo.contrib.appsi.solvers.highs:                    0 (bound viol.)

INFO:pyomo.contrib.appsi.solvers.highs:                    0 (int. viol.)

INFO:pyomo.contrib.appsi.solvers.highs:                    0 (row viol.)

INFO:pyomo.contrib.appsi.solvers.highs:  Timing            0.16

INFO:pyomo.contrib.appsi.solvers.highs:                    0.05 (Presolve)

INFO:pyomo.contrib.appsi.solvers.highs:                    0.11 (Solve)

INFO:pyomo.contrib.appsi.solvers.highs:                    0.00 (Postsolve)

INFO:pyomo.contrib.appsi.solvers.highs:  Max sub-MIP depth 0

INFO:pyomo.contrib.appsi.solvers.highs:  Nodes             1

INFO:pyomo.contrib.appsi.solvers.highs:  Repair LPs        0

INFO:pyomo.contrib.appsi.solvers.highs:  LP iterations     236

INFO:pyomo.contrib.appsi.solvers.highs:                    0 (strong br.)

INFO:pyomo.contrib.appsi.solvers.highs:                    0 (separation)

INFO:pyomo.contrib.appsi.solvers.highs:                    0 (heuristics)

  1848 snapshots in 11 periods (weighted hours=8760.0)

    2018-12-03 00:00 to 2018-12-09 23:00  (168h)  weight=3.14

    2018-04-09 00:00 to 2018-04-15 23:00  (168h)  weight=6.00

    2018-05-07 00:00 to 2018-05-13 23:00  (168h)  weight=6.00

    2018-05-21 00:00 to 2018-05-27 23:00  (168h)  weight=3.00

    2018-06-04 00:00 to 2018-06-10 23:00  (168h)  weight=2.00

    2018-07-09 00:00 to 2018-07-15 23:00  (168h)  weight=2.00

    2018-08-06 00:00 to 2018-08-12 23:00  (168h)  weight=4.00

    2018-09-17 00:00 to 2018-09-23 23:00  (168h)  weight=6.00

    2018-10-22 00:00 to 2018-10-28 23:00  (168h)  weight=6.00

    2018-11-12 00:00 to 2018-11-18 23:00  (168h)  weight=11.00

    2018-06-25 00:00 to 2018-07-01 23:00  (168h)  weight=3.00



[4/6] Existing fleet + candidates...

  large CC merge: cherokee__7_cc  576.0 MW  (CT 336.0 + CA 240.0, scale=1.000)  co2=803.6 lb/MWh  hr=6761 Btu/kWh

  large CC merge: fort_st_vrain__1_cc  499.2 MW  (CT 292.0 + CA 207.2, scale=0.673)  co2=815.3 lb/MWh  hr=6859 Btu/kWh

  large CC merge: rocky_mountain_energy_center__STG1_cc  592.0 MW  (CT 292.0 + CA 300.0, scale=1.000)  co2=806.3 lb/MWh  hr=6784 Btu/kWh

  large CC merge: front_range_power_plant__3_cc  460.0 MW  (CT 270.0 + CA 190.0, scale=1.000)  co2=887.7 lb/MWh  hr=7469 Btu/kWh

  53 existing + 0 vintage + 41 candidate generators

  7 existing + 0 vintage + 12 candidate storage

  hybrid_candidates: 6 Solar+Storage generators, 6 storage

  6 market generators at Candidate_Gas:CC MC = $32.67/MWh

    Market_Wyoming: bus=Wyoming  p_nom=2,536.3 MW

    Market_Utah: bus=Utah  p_nom=1,118.8 MW

    Market_FourCorners: bus=FourCorners  p_nom=1,555.6 MW

    Market_NewMexico: bus=NewMexico  p_nom=324.9 MW

    Market_Nebraska: bus=Nebraska  p_nom=1,044.0 MW

    Market_EasternInterconnect: bus=EasternInterconnect  p_nom=210.0 MW

  relax_pmin: p_min_pu=0 on 94 in-state generators (6 Market_* kept at p_min_pu=-1)



[5/6] Capacity factors (aligned to representative snapshots)...

  p_max_pu assigned to 28 of 94 generators (solar/wind only)

INFO:pypsa.consistency:Sanitizing network...

INFO:pypsa.components._types.carriers:Adding 15 missing carriers: ['AC', 'Coal', 'Gas:CC', 'Gas:CT', 'Gas:IC', 'Gas:ST', 'Geothermal', 'Hydro', 'Hydro:Pumped', 'Nuclear:SMR', 'Solar+Storage', 'Solar:PV', 'Storage:Battery', 'Wind', 'import']

INFO:pypsa.components._types.carriers:Assigned colors to 15 carriers using 'tab10' palette.



[6/6] Network assembled.INFO:pypsa.consistency:Network sanitization complete.



Solving 2030 (1848 snapshots, week-cyclic SOC, statewide PRM, zonal RA pipes, relax_pmin, aggregate_large_cc, hybrid_candidates)...

  RA: peak=13,187.5 MW at 2018-06-28 13:00:00  PRM=15.7%  requirement=15,258.0 MW

  RA pipes: t*=2018-06-28 13:00:00  statewide peak=13,187.5 MW  11 internal interfaces

    RA_pipe_South_West: South <-> West  +/-63.5 MW

    RA_pipe_East_South: East <-> South  +/-484.4 MW

    RA_pipe_East_North: East <-> North  +/-591.5 MW

    RA_pipe_Denver_South: Denver <-> South  +/-1,610.4 MW

    RA_pipe_Mountain_South: Mountain <-> South  +/-683.8 MW

    RA_pipe_Denver_East: Denver <-> East  +/-464.5 MW

    RA_pipe_Mountain_West: Mountain <-> West  +/-961.1 MW

    RA_pipe_Denver_Mountain: Denver <-> Mountain  +/-73.1 MW

    RA_pipe_Denver_North: Denver <-> North  +/-4,070.5 MW

    RA_pipe_Mountain_North: Mountain <-> North  +/-0.0 MW  (N-1 zero)

    RA_pipe_North_West: North <-> West  +/-0.0 MW  (N-1 zero)

  zonal load at t*:

    Denver: 7,700.4 MW

    North: 1,296.3 MW

    South: 2,529.1 MW

    Mountain: 276.1 MW

    East: 437.0 MW

    West: 948.6 MW

  large CC merge: cherokee__7_cc  576.0 MW  (CT 336.0 + CA 240.0, scale=1.000)  co2=803.6 lb/MWh  hr=6761 Btu/kWh


  large CC merge: fort_st_vrain__1_cc  499.2 MW  (CT 292.0 + CA 207.2, scale=0.673)  co2=815.3 lb/MWh  hr=6859 Btu/kWh


  large CC merge: rocky_mountain_energy_center__STG1_cc  592.0 MW  (CT 292.0 + CA 300.0, scale=1.000)  co2=806.3 lb/MWh  hr=6784 Btu/kWh


  large CC merge: front_range_power_plant__3_cc  460.0 MW  (CT 270.0 + CA 190.0, scale=1.000)  co2=887.7 lb/MWh  hr=7469 Btu/kWh


  large CC merge: cherokee__7_cc  576.0 MW  (CT 336.0 + CA 240.0, scale=1.000)  co2=803.6 lb/MWh  hr=6761 Btu/kWh


  large CC merge: fort_st_vrain__1_cc  499.2 MW  (CT 292.0 + CA 207.2, scale=0.673)  co2=815.3 lb/MWh  hr=6859 Btu/kWh


  large CC merge: rocky_mountain_energy_center__STG1_cc  592.0 MW  (CT 292.0 + CA 300.0, scale=1.000)  co2=806.3 lb/MWh  hr=6784 Btu/kWh


  large CC merge: front_range_power_plant__3_cc  460.0 MW  (CT 270.0 + CA 190.0, scale=1.000)  co2=887.7 lb/MWh  hr=7469 Btu/kWh


  hybrid: 6 pairs  p_nom equality on 6 extendable  charge-from-solar on 6


INFO:linopy.model: Solve problem using Highs solver

INFO:linopy.model:Solver options:

 - solver: simplex

 - threads: 2

INFO:linopy.io:Writing objective.


Writing constraints.:   0%|[38;2;128;191;255m          [0m| 0/53 [00:00<?, ?it/s]
Writing constraints.:   8%|[38;2;128;191;255m7         [0m| 4/53 [00:00<00:01, 30.04it/s]
Writing constraints.:  15%|[38;2;128;191;255m#5        [0m| 8/53 [00:00<00:01, 35.18it/s]
Writing constraints.:  34%|[38;2;128;191;255m###3      [0m| 18/53 [00:00<00:00, 61.36it/s]
Writing constraints.:  47%|[38;2;128;191;255m####7     [0m| 25/53 [00:00<00:00, 50.75it/s]
Writing constraints.:  87%|[38;2;128;191;255m########6 [0m| 46/53 [00:00<00:00, 96.86it/s]
Writing constraints.: 100%|[38;2;128;191;255m##########[0m| 53/53 [00:00<00:00, 81.76it/s]


Writing continuous variables.:   0%|[38;2;128;191;255m          [0m| 0/8 [00:00<?, ?it/s]
Writing continuous variables.: 100%|[38;2;128;191;255m##########[0m| 8/8 [00:00<00:00, 137.70it/s]

INFO:linopy.io: Writing time: 0.98s

Running HiGHS 1.15.1 (git hash: 04024d7): Copyright (c) 2026 under MIT licence terms

Includes third-party software components, see THIRD_PARTY_NOTICES.md for full details

LP linopy-problem-z430rq74 has 715242 rows; 323464 cols; 1261572 nonzeros

Coefficient ranges:

  Matrix  [4e-05, 4e+00]

  Cost    [8e-01, 7e+05]

  Bound   [6e+01, 4e+03]

  RHS     [9e-04, 8e+03]

Presolving model

177148 rows, 288630 cols, 670933 nonzeros 0s

Dependent equations search running on 41453 equations with time limit of 1000.00s

Dependent equations search removed 0 rows and 0 nonzeros in 0.01s (limit = 1000.00s)

172401 rows, 247961 cols, 636375 nonzeros 2s

Presolve reductions: rows 172401(-542841); columns 247961(-75503); nonzeros 636375(-625197) 

Solving the presolved LP

Using dual simplex solver



========== HiGHS simplex: YEAR 2030 (step 1/5) ==========

2030 |   Iteration        Objective     Infeasibilities num(sum)

2030 |           0    -1.9434124040e+09 Pr: 11091(1.5498e+07) 2.4s

2030 |       21390    -1.8345659547e+09 Pr: 12211(9.97381e+06); Du: 0(2.77703e-05) 7.5s

2030 |       29579    -1.4736084938e+09 Pr: 14150(1.37908e+07); Du: 0(2.41455e-05) 12.6s

2030 |       38624    -1.3415627277e+09 Pr: 16298(1.99931e+07); Du: 0(2.23478e-05) 17.7s

2030 |       48835    -1.2167124704e+09 Pr: 18123(2.55263e+07); Du: 0(2.13701e-05) 22.7s

2030 |       58972    -1.0559962871e+09 Pr: 20254(2.66461e+07); Du: 0(2.06706e-05) 27.8s

2030 |       68274    -4.7965451815e+08 Pr: 33340(1.17417e+08); Du: 0(1.95087e-05) 33.0s

2030 |       71424    -4.2394335966e+08 Pr: 34600(2.16641e+08); Du: 0(1.92238e-05) 38.2s

2030 |       73748    -4.2394317129e+08 Pr: 35211(2.38452e+08); Du: 0(1.86781e-05) 43.3s

2030 |       75745    -3.8305329278e+08 Pr: 30929(1.36524e+09); Du: 0(1.7887e-05) 48.4s

2030 |       77464    -2.4217755130e+08 Pr: 35819(2.47094e+09); Du: 0(1.79342e-05) 53.6s

2030 |       79631    -2.1566462503e+08 Pr: 41212(2.74612e+08); Du: 0(1.72768e-05) 58.9s

2030 |       81908    -2.1566447582e+08 Pr: 41829(2.97175e+08); Du: 0(1.74596e-05) 64.4s

2030 |       83732    -1.9260350076e+08 Pr: 46839(1.85476e+08); Du: 0(1.73177e-05) 70.3s

2030 |       85953    -1.1218269429e+08 Pr: 41624(1.08022e+09); Du: 0(1.67097e-05) 77.3s

2030 |       88402    -7.7566262525e+07 Pr: 39484(2.50319e+09); Du: 0(1.64433e-05) 83.5s

2030 |       92056    -6.8359674039e+06 Pr: 38818(1.14565e+09); Du: 0(1.59568e-05) 88.6s

2030 |       94927     4.2817237852e+07 Pr: 41689(3.77208e+08); Du: 0(1.65741e-05) 95.3s

2030 |       97208     7.4554804177e+07 Pr: 41604(5.58312e+07); Du: 0(1.66725e-05) 101.2s

2030 |       99125     1.2551270059e+08 Pr: 47145(4.33899e+08); Du: 0(1.56133e-05) 107.4s

2030 |      104731     2.0643868330e+08 Pr: 35639(4.2252e+08); Du: 0(1.63728e-05) 113.4s

2030 |      106609     2.4254159701e+08 Pr: 45735(6.61826e+08); Du: 0(1.53336e-05) 119.3s

2030 |      108546     2.8883265686e+08 Pr: 40181(1.26514e+08); Du: 0(1.53828e-05) 125.9s

2030 |      113138     3.7405249535e+08 Pr: 40599(1.46755e+08); Du: 0(1.97685e-05) 132.2s

2030 |      115164     4.0957827982e+08 Pr: 36783(1.10022e+09); Du: 0(2.07831e-05) 138.6s

2030 |      117375     4.4001256030e+08 Pr: 39745(4.19781e+08); Du: 0(2.15656e-05) 144.1s

2030 |      119558     4.6301934666e+08 Pr: 38829(1.31296e+08); Du: 0(2.22555e-05) 150.4s

2030 |      122518     5.1191356553e+08 Pr: 40941(2.37047e+07); Du: 0(2.31069e-05) 155.5s

2030 |      129782     5.6884661728e+08 Pr: 28567(4.433e+07); Du: 0(2.32831e-05) 160.7s

2030 |      138325     6.3078796401e+08 Pr: 26584(8.76894e+07); Du: 0(2.48344e-05) 166.3s

2030 |      144032     6.7119876171e+08 Pr: 26231(1.82124e+08); Du: 0(2.72629e-05) 171.3s

2030 |      147608     6.9182908968e+08 Pr: 18911(4.12288e+06); Du: 0(2.83907e-05) 177.6s

2030 |      149929     6.9876202384e+08 Pr: 22270(8.2733e+06); Du: 0(3.03039e-05) 183.1s

2030 |      153321     7.0661637722e+08 Pr: 28460(1.59917e+07); Du: 0(3.20039e-05) 188.6s

2030 |      156865     7.1391873956e+08 Pr: 23578(6.3546e+06); Du: 0(3.31859e-05) 195.2s

2030 |      161568     7.2394066248e+08 Pr: 13984(1.24577e+06); Du: 0(3.51856e-05) 201.5s

2030 |      169213     7.4560478807e+08 Pr: 17576(5.10335e+06); Du: 0(3.49848e-05) 207.6s

2030 |      174769     7.5369192529e+08 Pr: 12238(1.91492e+06); Du: 0(3.6699e-05) 212.9s

2030 |      180039     7.6099121289e+08 Pr: 15404(2.91115e+07); Du: 0(3.61529e-05) 218.0s

2030 |      184424     7.6284182176e+08 Pr: 3315(49821.9); Du: 0(3.64715e-05) 224.0s

2030 |      187530     7.6445280662e+08 Pr: 0(0); Du: 0(1.06973e-09) 225.5s

2030 |      187530     7.6445280662e+08 Pr: 0(0); Du: 0(1.06973e-09) 225.5s



Performed postsolve

Solving the original LP from the solution after postsolve



Model name          : linopy-problem-z430rq74

Model status        : Optimal

Simplex   iterations: 187530

Objective value     :  7.6445280662e+08

P-D objective error :  1.3410898365e-14

HiGHS run time      :        227.01

INFO:linopy.constants: Optimization successful: 

Status: ok

Termination condition: optimal

Solution: 323464 primals, 715451 duals

Objective: 7.64e+08

Solver: highs

Runtime: 227.01s

MIP gap: inf

Dual bound: 0.00e+00

Solver model: available

Solver message: Optimal



INFO:pypsa.optimization.optimize:The variable 'RA_pipe' could not be mapped to the network component because it does not include the symbol '-'.

INFO:pypsa.optimization.optimize:The shadow-prices of the constraints Generator-fix-p-lower, Generator-fix-p-upper, Generator-ext-p-lower, Generator-ext-p-upper, Link-fix-p-lower, Link-fix-p-upper, StorageUnit-fix-p_dispatch-lower, StorageUnit-fix-p_dispatch-upper, StorageUnit-ext-p_dispatch-lower, StorageUnit-ext-p_dispatch-upper, StorageUnit-fix-p_store-lower, StorageUnit-fix-p_store-upper, StorageUnit-ext-p_store-lower, StorageUnit-ext-p_store-upper, StorageUnit-fix-state_of_charge-lower, StorageUnit-fix-state_of_charge-upper, StorageUnit-ext-state_of_charge-lower, StorageUnit-ext-state_of_charge-upper, StorageUnit-energy_balance, reserve_margin_CO, RA_deliverability_Denver, RA_deliverability_North, RA_deliverability_South, RA_deliverability_Mountain, RA_deliverability_East, RA_deliverability_West, hybrid_charge_from_solar_Candidate_Solar_plus_Storage_Denver_Battery, hybrid_pair_p_nom_Candidate_Solar_plus_Storage_Denver_Battery, hybrid_charge_from_solar_Candidate_Solar_plus_Storage_East_Battery, hybrid_pair_p_nom_Candidate_Solar_plus_Storage_East_Battery, hybrid_charge_from_solar_Candidate_Solar_plus_Storage_Mountain_Battery, hybrid_pair_p_nom_Candidate_Solar_plus_Storage_Mountain_Battery, hybrid_charge_from_solar_Candidate_Solar_plus_Storage_North_Battery, hybrid_pair_p_nom_Candidate_Solar_plus_Storage_North_Battery, hybrid_charge_from_solar_Candidate_Solar_plus_Storage_South_Battery, hybrid_pair_p_nom_Candidate_Solar_plus_Storage_South_Battery, hybrid_charge_from_solar_Candidate_Solar_plus_Storage_West_Battery, hybrid_pair_p_nom_Candidate_Solar_plus_Storage_West_Battery were not assigned to the network.

=== YEAR 2030 DONE status=ok  wall=248s  objective=$764,452,807  vintages_carried=3 ===

Build-out by carrier (MW):

layer            existing  vintage  new_build    total

carrier                                               

Wind              5,307.0      0.0    9,797.9 15,104.9

Gas:CT            3,191.4      0.0    1,780.0  4,971.4

Solar:PV          4,659.7      0.0        0.0  4,659.7

Gas:CC            2,799.2      0.0        0.0  2,799.2

Storage:Battery   1,202.3      0.0        0.0  1,202.3

Coal                750.0      0.0        0.0    750.0

Hydro               687.6      0.0        0.0    687.6

Gas:ST              602.0      0.0        0.0    602.0

Hydro:Pumped        578.5      0.0        0.0    578.5

Gas:IC              278.6      0.0        0.0    278.6

Zonal shadow prices, mean over snapshots ($/MWh):

name

Denver                 27.300391

North                  27.300391

South                  27.300391

Mountain               32.486498

East                   24.337122

West                   32.486498

Wyoming                32.673570

Utah                   32.673570

FourCorners            32.673570

NewMexico              32.673570

Nebraska               32.673570

EasternInterconnect    32.673570

  large CC merge: cherokee__7_cc  576.0 MW  (CT 336.0 + CA 240.0, scale=1.000)  co2=803.6 lb/MWh  hr=6761 Btu/kWh

  large CC merge: fort_st_vrain__1_cc  499.2 MW  (CT 292.0 + CA 207.2, scale=0.673)  co2=815.3 lb/MWh  hr=6859 Btu/kWh

  large CC merge: rocky_mountain_energy_center__STG1_cc  592.0 MW  (CT 292.0 + CA 300.0, scale=1.000)  co2=806.3 lb/MWh  hr=6784 Btu/kWh

  large CC merge: front_range_power_plant__3_cc  460.0 MW  (CT 270.0 + CA 190.0, scale=1.000)  co2=887.7 lb/MWh  hr=7469 Btu/kWh

Reserve margin (statewide, copper-plate):

  peak 13,187.5 MW at 2018-06-28 13:00:00  PRM 15.7%  requirement 15,258.0 MW

                 accredited_mw    p_nom

carrier                                

Coal                     666.7    750.0

Gas:CC                 2,612.9  2,799.2

Gas:CT                 4,485.8  4,971.4

Gas:IC                   232.5    278.6

Gas:ST                   505.3    602.0

Geothermal                 0.0      0.0

Hydro                    580.8    687.6

Hydro:Pumped             532.0    578.5

Nuclear:SMR                0.0      0.0

Solar+Storage              0.0      0.0

Solar:PV                 626.7  4,659.7

Storage:Battery          950.4  1,202.3

Wind                   4,064.8 15,104.9

  accredited total 15,258.0 MW  slack 0.0 MW

  dual $105,851.75/MW-yr

  large CC merge: cherokee__7_cc  576.0 MW  (CT 336.0 + CA 240.0, scale=1.000)  co2=803.6 lb/MWh  hr=6761 Btu/kWh

  large CC merge: fort_st_vrain__1_cc  499.2 MW  (CT 292.0 + CA 207.2, scale=0.673)  co2=815.3 lb/MWh  hr=6859 Btu/kWh

  large CC merge: rocky_mountain_energy_center__STG1_cc  592.0 MW  (CT 292.0 + CA 300.0, scale=1.000)  co2=806.3 lb/MWh  hr=6784 Btu/kWh

  large CC merge: front_range_power_plant__3_cc  460.0 MW  (CT 270.0 + CA 190.0, scale=1.000)  co2=887.7 lb/MWh  hr=7469 Btu/kWh

Zonal deliverability (firm RA pipes at t*):

  t* 2018-06-28 13:00:00  statewide peak 13,187.5 MW

          accredited_mw  net_firm_in_mw  load_at_tstar_mw  slack_mw  dual

zone                                                                     

Denver          1,729.9         5,970.4           7,700.4       0.0  -0.0

North           5,353.4        -3,377.1           1,296.3     679.9  -0.0

South           2,949.7          -420.7           2,529.1      -0.0  -0.0

Mountain          252.2            23.9             276.1       0.0  -0.0

East            2,174.4        -1,540.4             437.0     197.0  -0.0

West            2,798.2          -656.1             948.6   1,193.5  -0.0

RA pipe flows (positive = from -> to):

                             from        to  flow_mw  limit_mw  at_bound

pipe                                                                    

RA_pipe_South_West          South      West    -21.5      63.5     False

RA_pipe_East_South           East     South    484.4     484.4      True

RA_pipe_East_North           East     North    591.5     591.5      True

RA_pipe_Denver_South       Denver     South -1,610.4   1,610.4      True

RA_pipe_Mountain_South   Mountain     South    683.8     683.8      True

RA_pipe_Denver_East        Denver      East   -464.5     464.5      True

RA_pipe_Mountain_West    Mountain      West   -634.6     961.1     False

RA_pipe_Denver_Mountain    Denver  Mountain     73.1      73.1      True

RA_pipe_Denver_North       Denver     North -3,968.6   4,070.5     False

RA_pipe_Mountain_North   Mountain     North      0.0       0.0      True

RA_pipe_North_West          North      West      0.0       0.0      True

  reserve_margin_CO dual $105,851.75/MW-yr

Storage cyclic-week energy balance (expect ~0):

  week 0: max |net| = 0.0000 MWh  (Denver_Hydro:Pumped_agg)

  week 1: max |net| = 0.0000 MWh  (South_Storage:Battery_agg)

  week 2: max |net| = 0.0000 MWh  (South_Storage:Battery_agg)

  week 3: max |net| = 0.0000 MWh  (West_Storage:Battery_agg)

  week 4: max |net| = 0.0000 MWh  (South_Storage:Battery_agg)

  week 5: max |net| = 0.0000 MWh  (Denver_Hydro:Pumped_agg)

  week 6: max |net| = 0.0000 MWh  (West_Storage:Battery_agg)

  week 7: max |net| = 0.0000 MWh  (South_Storage:Battery_agg)

  week 8: max |net| = 0.0000 MWh  (Denver_Hydro:Pumped_agg)

  week 9: max |net| = 0.0000 MWh  (Denver_Hydro:Pumped_agg)

  week 10: max |net| = 0.0000 MWh  (Denver_Hydro:Pumped_agg)

Net interchange by interface (TWh, + = CO export):

  Link_West_FourCorners: West <-> FourCorners  +1.794 TWh

  Link_West_Utah: West <-> Utah  +6.050 TWh

  Link_East_Nebraska: East <-> Nebraska  +3.535 TWh

  Link_South_NewMexico: South <-> NewMexico  +0.887 TWh

  Link_Mountain_Wyoming: Mountain <-> Wyoming  +0.588 TWh

  Link_North_Wyoming: North <-> Wyoming  +5.852 TWh

  Link_East_EasternInterconnect: East <-> EasternInterconnect  +1.036 TWh

  total  +19.742 TWh

Annual cash-flow cost ($):

  capex_overnight  $13,886,183,138

  fom_existing  $459,797,072

  fom_vintage  $0

  fom_new  $331,185,283

  opex_instate  $152,665,538

  import_cost  $484,152,537

  export_revenue  $1,129,203,391

  annual_system_cost  $14,184,780,177

  annual_system_cost_ex_trade  $14,829,831,032

  lp_objective  $764,452,807

  identity_gap  $0.00

  wrote pypsa\scenarios\no_co2_policy\dispatch_2030.csv (286,440 rows)

INFO:pypsa.network.io:Exported network 'Unnamed Network' saved to '.\pypsa\scenarios\no_co2_policy\2030.nc contains: carriers, loads, generators, sub_networks, links, buses, storage_units

  wrote pypsa\scenarios\no_co2_policy\2030.nc



=== YEAR 2035/2050 START (step 2/5) ===

  surviving vintages: 3 generators, 0 storage



[1/6] Buses...

  6 CO buses: ['Denver', 'North', 'South', 'Mountain', 'East', 'West']

  6 external buses: ['Wyoming', 'Utah', 'FourCorners', 'NewMexico', 'Nebraska', 'EasternInterconnect']



[2/6] Links...

  11 links, internal_limits (raw_sum_mw), bidirectional

    Link_South_West: South <-> West  p_nom=363.1 MW

    Link_East_South: East <-> South  p_nom=994.4 MW

    Link_East_North: East <-> North  p_nom=1,245.3 MW

    Link_Denver_South: Denver <-> South  p_nom=3,024.1 MW

    Link_Mountain_South: Mountain <-> South  p_nom=1,394.4 MW

    Link_Denver_East: Denver <-> East  p_nom=1,769.1 MW

    Link_Mountain_West: Mountain <-> West  p_nom=1,720.9 MW

    Link_Denver_Mountain: Denver <-> Mountain  p_nom=522.0 MW

    Link_Denver_North: Denver <-> North  p_nom=6,786.4 MW

    Link_Mountain_North: Mountain <-> North  p_nom=37.2 MW

    Link_North_West: North <-> West  p_nom=421.5 MW

  7 links, external (raw_sum_mw), bidirectional

    Link_West_FourCorners: West <-> FourCorners  p_nom=1,555.6 MW

    Link_West_Utah: West <-> Utah  p_nom=1,118.8 MW

    Link_East_Nebraska: East <-> Nebraska  p_nom=1,044.0 MW

    Link_South_NewMexico: South <-> NewMexico  p_nom=324.9 MW

    Link_Mountain_Wyoming: Mountain <-> Wyoming  p_nom=504.8 MW

    Link_North_Wyoming: North <-> Wyoming  p_nom=2,031.5 MW

    Link_East_EasternInterconnect: East <-> EasternInterconnect  p_nom=210.0 MW



[3/6] Representative weeks (Milestone 2 load + Milestone 3 clustering)...

.\.venv\Lib\site-packages\tsam\pipeline\orchestrator.py:296: UserWarning: The time series covers 8760 time steps, which is not a whole number of 168-step periods. The last period is filled up with the first 144 time steps of the series so it can be clustered; its occurrence count is reduced accordingly and the padding is dropped again on reconstruction.

  period_profiles = unstack_to_periods(norm_data.values, cfg.n_timesteps_per_period)

INFO:pyomo.contrib.appsi.solvers.highs:Running HiGHS 1.15.1 (git hash: 04024d7): Copyright (c) 2026 under MIT licence terms

INFO:pyomo.contrib.appsi.solvers.highs:Includes third-party software components, see THIRD_PARTY_NOTICES.md for full details

INFO:pyomo.contrib.appsi.solvers.highs:MIP has 2863 rows; 2809 cols; 8374 nonzeros; 2809 integer variables (2809 binary)

INFO:pyomo.contrib.appsi.solvers.highs:Coefficient ranges:

INFO:pyomo.contrib.appsi.solvers.highs:  Matrix  [1e+00, 1e+00]

INFO:pyomo.contrib.appsi.solvers.highs:  Cost    [7e+01, 6e+02]

INFO:pyomo.contrib.appsi.solvers.highs:  Bound   [1e+00, 1e+00]

INFO:pyomo.contrib.appsi.solvers.highs:  RHS     [1e+00, 1e+01]

INFO:pyomo.contrib.appsi.solvers.highs:Presolving model

INFO:pyomo.contrib.appsi.solvers.highs:2810 rows, 2809 cols, 8374 nonzeros 0s

INFO:pyomo.contrib.appsi.solvers.highs:2810 rows, 2809 cols, 8374 nonzeros 0s

INFO:pyomo.contrib.appsi.solvers.highs:Presolve reductions: rows 2810(-53); columns 2809(-0); nonzeros 8374(-0) 

INFO:pyomo.contrib.appsi.solvers.highs:

INFO:pyomo.contrib.appsi.solvers.highs:Solving MIP model with:

INFO:pyomo.contrib.appsi.solvers.highs:   2810 rows

INFO:pyomo.contrib.appsi.solvers.highs:   2809 cols (2809 binary, 0 integer, 0 implied int., 0 continuous, 0 domain fixed)

INFO:pyomo.contrib.appsi.solvers.highs:   8374 nonzeros

INFO:pyomo.contrib.appsi.solvers.highs:   Thread count 2 (of 4 threads). Using 1 max workers. Parallel search off

INFO:pyomo.contrib.appsi.solvers.highs:

INFO:pyomo.contrib.appsi.solvers.highs:Src: B => Branching; C => Central rounding; F => Feasibility pump; H => Heuristic;

INFO:pyomo.contrib.appsi.solvers.highs:     I => Shifting; J => Feasibility jump; L => Sub-MIP; P => Empty MIP; R => Randomized rounding;

INFO:pyomo.contrib.appsi.solvers.highs:     S => Solve LP; T => Evaluate node; U => Unbounded; X => User solution; Y => HiGHS solution;

INFO:pyomo.contrib.appsi.solvers.highs:     Z => ZI Round; l => Trivial lower; p => Trivial point; u => Trivial upper; z => Trivial zero

INFO:pyomo.contrib.appsi.solvers.highs:

INFO:pyomo.contrib.appsi.solvers.highs:        Nodes      |    B&B Tree     |            Objective Bounds              |  Dynamic Constraints |       Work      

INFO:pyomo.contrib.appsi.solvers.highs:Src  Proc. InQueue |  Leaves   Expl. | BestBound       BestSol              Gap |   Cuts   InLp Confl. | LpIters     Time

INFO:pyomo.contrib.appsi.solvers.highs:

INFO:pyomo.contrib.appsi.solvers.highs: J       0       0         0   0.00%   -inf            12823.005754       Large        0      0      0         0     0.3s

INFO:pyomo.contrib.appsi.solvers.highs: R       0       0         0   0.00%   5987.417213     7358.079589       18.63%        0      0      0       259     0.4s

INFO:pyomo.contrib.appsi.solvers.highs: L       0       0         0 100.00%   5988.070925     5988.070925        0.00%       40      1     25       260     0.8s

INFO:pyomo.contrib.appsi.solvers.highs:         1       0         1 100.00%   5988.070925     5988.070925        0.00%       40      1     25       260     0.8s

INFO:pyomo.contrib.appsi.solvers.highs:

INFO:pyomo.contrib.appsi.solvers.highs:Solving report

INFO:pyomo.contrib.appsi.solvers.highs:  Status            Optimal

INFO:pyomo.contrib.appsi.solvers.highs:  Primal bound      5988.07092499

INFO:pyomo.contrib.appsi.solvers.highs:  Dual bound        5988.07092499

INFO:pyomo.contrib.appsi.solvers.highs:  Gap               0% (tolerance: 0.01%)

INFO:pyomo.contrib.appsi.solvers.highs:  P-D integral      0.123981610805

INFO:pyomo.contrib.appsi.solvers.highs:  Solution status   feasible

INFO:pyomo.contrib.appsi.solvers.highs:                    5988.07092499 (objective)

INFO:pyomo.contrib.appsi.solvers.highs:                    0 (bound viol.)

INFO:pyomo.contrib.appsi.solvers.highs:                    0 (int. viol.)

INFO:pyomo.contrib.appsi.solvers.highs:                    0 (row viol.)

INFO:pyomo.contrib.appsi.solvers.highs:  Timing            0.76

INFO:pyomo.contrib.appsi.solvers.highs:                    0.25 (Presolve)

INFO:pyomo.contrib.appsi.solvers.highs:                        MIP    time [calls] = 0.13 [1]

INFO:pyomo.contrib.appsi.solvers.highs:                        subMIP time [calls] = 0.12 [1]

INFO:pyomo.contrib.appsi.solvers.highs:                    0.51 (Solve)

INFO:pyomo.contrib.appsi.solvers.highs:                        MIP    time [calls] = 0.37 [1]

INFO:pyomo.contrib.appsi.solvers.highs:                        subMIP time [calls] = 0.13 [1]

INFO:pyomo.contrib.appsi.solvers.highs:                    0.00 (Postsolve)

INFO:pyomo.contrib.appsi.solvers.highs:                        MIP    time [calls] = 0.00 [1]

INFO:pyomo.contrib.appsi.solvers.highs:                        subMIP time [calls] = 0.00 [1]

INFO:pyomo.contrib.appsi.solvers.highs:  Max sub-MIP depth 2

INFO:pyomo.contrib.appsi.solvers.highs:  Nodes             1

INFO:pyomo.contrib.appsi.solvers.highs:  Repair LPs        0

INFO:pyomo.contrib.appsi.solvers.highs:  LP iterations     260

INFO:pyomo.contrib.appsi.solvers.highs:                    0 (strong br.)

INFO:pyomo.contrib.appsi.solvers.highs:                    1 (separation)

INFO:pyomo.contrib.appsi.solvers.highs:                    0 (heuristics)

.\.venv\Lib\site-packages\tsam\pipeline\orchestrator.py:100: UserWarning: At least one maximal value of the aggregated time series exceeds the maximal value the input time series for: {'South': 4.547473508864641e-13, 'East_wind_pt3_cf': 1.1102230246251565e-16, 'South_wind_pt1_cf': 2.220446049250313e-16}. To silence the warning set the 'numerical_tolerance' to a higher value.

  warnings.warn(

  1704 snapshots in 11 periods (weighted hours=8451.4)

    2018-01-08 00:00 to 2018-01-14 23:00  (168h)  weight=5.00

    2018-09-17 00:00 to 2018-09-23 23:00  (168h)  weight=9.00

    2018-03-12 00:00 to 2018-03-18 23:00  (168h)  weight=8.00

    2018-09-10 00:00 to 2018-09-16 23:00  (168h)  weight=4.00

    2018-06-04 00:00 to 2018-06-10 23:00  (168h)  weight=2.00

    2018-07-09 00:00 to 2018-07-15 23:00  (168h)  weight=2.00

    2018-07-30 00:00 to 2018-08-05 23:00  (168h)  weight=3.00

    2018-10-22 00:00 to 2018-10-28 23:00  (168h)  weight=8.00

    2018-12-03 00:00 to 2018-12-09 23:00  (168h)  weight=6.00

    2018-12-31 00:00 to 2018-12-31 23:00  (24h)  weight=2.14

    2018-06-25 00:00 to 2018-07-01 23:00  (168h)  weight=3.00



[4/6] Existing fleet + candidates...

  large CC merge: cherokee__7_cc  576.0 MW  (CT 336.0 + CA 240.0, scale=1.000)  co2=803.6 lb/MWh  hr=6761 Btu/kWh

  30 existing + 3 vintage + 41 candidate generators

  7 existing + 0 vintage + 12 candidate storage

  hybrid_candidates: 6 Solar+Storage generators, 6 storage

  6 market generators at Candidate_Gas:CC MC = $37.21/MWh

    Market_Wyoming: bus=Wyoming  p_nom=2,536.3 MW

    Market_Utah: bus=Utah  p_nom=1,118.8 MW

    Market_FourCorners: bus=FourCorners  p_nom=1,555.6 MW

    Market_NewMexico: bus=NewMexico  p_nom=324.9 MW

    Market_Nebraska: bus=Nebraska  p_nom=1,044.0 MW

    Market_EasternInterconnect: bus=EasternInterconnect  p_nom=210.0 MW

  relax_pmin: p_min_pu=0 on 74 in-state generators (6 Market_* kept at p_min_pu=-1)



[5/6] Capacity factors (aligned to representative snapshots)...

  p_max_pu assigned to 30 of 74 generators (solar/wind only)

INFO:pypsa.consistency:Sanitizing network...

INFO:pypsa.components._types.carriers:Adding 13 missing carriers: ['AC', 'Gas:CC', 'Gas:CT', 'Gas:IC', 'Geothermal', 'Hydro', 'Hydro:Pumped', 'Nuclear:SMR', 'Solar+Storage', 'Solar:PV', 'Storage:Battery', 'Wind', 'import']

INFO:pypsa.components._types.carriers:Assigned colors to 13 carriers using 'tab10' palette.



[6/6] Network assembled.INFO:pypsa.consistency:Network sanitization complete.



Solving 2035 (1704 snapshots, week-cyclic SOC, statewide PRM, zonal RA pipes, relax_pmin, aggregate_large_cc, hybrid_candidates)...

  RA: peak=14,710.5 MW at 2018-06-28 13:00:00  PRM=13.9%  requirement=16,755.3 MW

  RA pipes: t*=2018-06-28 13:00:00  statewide peak=14,710.5 MW  11 internal interfaces

    RA_pipe_South_West: South <-> West  +/-63.5 MW

    RA_pipe_East_South: East <-> South  +/-484.4 MW

    RA_pipe_East_North: East <-> North  +/-591.5 MW

    RA_pipe_Denver_South: Denver <-> South  +/-1,610.4 MW

    RA_pipe_Mountain_South: Mountain <-> South  +/-683.8 MW

    RA_pipe_Denver_East: Denver <-> East  +/-464.5 MW

    RA_pipe_Mountain_West: Mountain <-> West  +/-961.1 MW

    RA_pipe_Denver_Mountain: Denver <-> Mountain  +/-73.1 MW

    RA_pipe_Denver_North: Denver <-> North  +/-4,070.5 MW

    RA_pipe_Mountain_North: Mountain <-> North  +/-0.0 MW  (N-1 zero)

    RA_pipe_North_West: North <-> West  +/-0.0 MW  (N-1 zero)

  zonal load at t*:

    Denver: 8,760.5 MW

    North: 1,355.9 MW

    South: 2,763.8 MW

    Mountain: 303.0 MW

    East: 485.3 MW

    West: 1,042.0 MW

  large CC merge: cherokee__7_cc  576.0 MW  (CT 336.0 + CA 240.0, scale=1.000)  co2=803.6 lb/MWh  hr=6761 Btu/kWh


  large CC merge: cherokee__7_cc  576.0 MW  (CT 336.0 + CA 240.0, scale=1.000)  co2=803.6 lb/MWh  hr=6761 Btu/kWh


  hybrid: 6 pairs  p_nom equality on 6 extendable  charge-from-solar on 6


INFO:linopy.model: Solve problem using Highs solver

INFO:linopy.model:Solver options:

 - solver: simplex

 - threads: 2

INFO:linopy.io:Writing objective.


Writing constraints.:   0%|[38;2;128;191;255m          [0m| 0/52 [00:00<?, ?it/s]
Writing constraints.:  10%|[38;2;128;191;255m9         [0m| 5/52 [00:00<00:01, 44.97it/s]
Writing constraints.:  19%|[38;2;128;191;255m#9        [0m| 10/52 [00:00<00:01, 35.36it/s]
Writing constraints.:  31%|[38;2;128;191;255m###       [0m| 16/52 [00:00<00:00, 44.06it/s]
Writing constraints.:  40%|[38;2;128;191;255m####      [0m| 21/52 [00:00<00:00, 39.52it/s]
Writing constraints.:  58%|[38;2;128;191;255m#####7    [0m| 30/52 [00:00<00:00, 54.12it/s]
Writing constraints.:  88%|[38;2;128;191;255m########8 [0m| 46/52 [00:00<00:00, 85.06it/s]
Writing constraints.: 100%|[38;2;128;191;255m##########[0m| 52/52 [00:00<00:00, 66.24it/s]


Writing continuous variables.:   0%|[38;2;128;191;255m          [0m| 0/8 [00:00<?, ?it/s]
Writing continuous variables.: 100%|[38;2;128;191;255m##########[0m| 8/8 [00:00<00:00, 112.43it/s]

INFO:linopy.io: Writing time: 0.88s

Running HiGHS 1.15.1 (git hash: 04024d7): Copyright (c) 2026 under MIT licence terms

Includes third-party software components, see THIRD_PARTY_NOTICES.md for full details

LP linopy-problem-d3sf57vl has 591354 rows; 264184 cols; 1060600 nonzeros

Coefficient ranges:

  Matrix  [1e-05, 4e+00]

  Cost    [8e-01, 6e+05]

  Bound   [6e+01, 4e+03]

  RHS     [9e-04, 9e+03]

Presolving model

162492 rows, 230882 cols, 581472 nonzeros 2s

Dependent equations search running on 38042 equations with time limit of 1000.00s

Dependent equations search removed 0 rows and 0 nonzeros in 0.03s (limit = 1000.00s)

157933 rows, 200546 cols, 557041 nonzeros 4s

Presolve reductions: rows 157933(-433421); columns 200546(-63638); nonzeros 557041(-503559) 

Solving the presolved LP

Using dual simplex solver



========== HiGHS simplex: YEAR 2035 (step 2/5) ==========

2035 |   Iteration        Objective     Infeasibilities num(sum)

2035 |           0    -2.1354231480e+09 Pr: 10226(1.40451e+07) 6.0s

2035 |       20721    -1.9565418649e+09 Pr: 11221(8.96561e+06); Du: 0(2.09192e-05) 11.0s

2035 |       27349    -1.8429961104e+09 Pr: 12453(1.17511e+07); Du: 0(2.00805e-05) 16.2s

2035 |       33965    -1.7852503112e+09 Pr: 13341(9.83923e+06); Du: 0(1.97843e-05) 21.4s

2035 |       39204    -1.7672356937e+09 Pr: 14098(1.08375e+07); Du: 0(1.86197e-05) 26.5s

2035 |       43094    -1.7625042283e+09 Pr: 15035(1.60409e+07); Du: 0(1.86664e-05) 31.9s

2035 |       48901    -1.6173116350e+09 Pr: 16117(1.314e+07); Du: 0(1.75306e-05) 37.1s

2035 |       57904    -1.5137484191e+09 Pr: 18110(1.57711e+07); Du: 0(1.71599e-05) 42.1s

2035 |       61135    -1.4390070096e+09 Pr: 24176(5.64146e+07); Du: 0(1.65161e-05) 48.2s

2035 |       63145    -1.4106058077e+09 Pr: 24479(2.70884e+07); Du: 0(1.64244e-05) 53.9s

2035 |       67900    -1.2990475899e+09 Pr: 19714(1.25715e+07); Du: 0(1.62321e-05) 59.2s

2035 |       73141    -1.1938912670e+09 Pr: 22412(1.93363e+07); Du: 0(1.54855e-05) 65.4s

2035 |       75763    -8.3834235219e+08 Pr: 29120(4.72092e+08); Du: 0(1.592e-05) 70.7s

2035 |       77432    -8.2032604636e+08 Pr: 32372(3.33769e+08); Du: 0(1.50581e-05) 77.9s

2035 |       80606    -7.8663427410e+08 Pr: 31798(2.91202e+07); Du: 0(1.50184e-05) 83.6s

2035 |       81817    -7.3223596616e+08 Pr: 27747(6.54794e+07); Du: 0(1.45113e-05) 88.7s

2035 |       83154    -6.9065079174e+08 Pr: 22730(1.54166e+07); Du: 0(1.44549e-05) 93.8s

2035 |       84619    -6.5504114307e+08 Pr: 27754(4.10841e+07); Du: 0(1.45764e-05) 99.6s

2035 |       89499    -5.5339338192e+08 Pr: 31621(7.10927e+07); Du: 0(1.59771e-05) 105.0s

2035 |       96483    -4.1890698398e+08 Pr: 38159(4.16027e+07); Du: 0(1.47917e-05) 110.9s

2035 |      104082    -3.0285151813e+08 Pr: 27819(9.03116e+06); Du: 0(1.5159e-05) 116.8s

2035 |      109180    -2.3888780989e+08 Pr: 36190(1.84732e+08); Du: 0(1.46133e-05) 122.2s

2035 |      113696    -1.9164088190e+08 Pr: 25617(7.58541e+06); Du: 0(1.61291e-05) 127.4s

2035 |      123535    -9.9897217021e+07 Pr: 24838(9.25499e+06); Du: 0(1.98867e-05) 132.5s

2035 |      138334     9.9175757899e+05 Pr: 24472(1.89899e+07); Du: 0(2.54246e-05) 137.9s

2035 |      148385     3.8377683684e+07 Pr: 15803(1.90555e+06); Du: 0(2.55348e-05) 143.1s

2035 |      159844     1.1650881276e+08 Pr: 9596(462864); Du: 0(2.95912e-05) 148.2s

2035 |      171849     1.4103915989e+08 Pr: 8411(47732.1); Du: 0(3.08924e-05) 153.7s

2035 |      176075     1.4300307194e+08 Pr: 0(0); Du: 0(2.78579e-10) 155.5s

2035 |      176075     1.4300307194e+08 Pr: 0(0); Du: 0(2.78579e-10) 155.5s



Performed postsolve

Solving the original LP from the solution after postsolve



Model name          : linopy-problem-d3sf57vl

Model status        : Optimal

Simplex   iterations: 176075

Objective value     :  1.4300307194e+08

P-D objective error :  1.9798320264e-14

HiGHS run time      :        156.36

INFO:linopy.constants: Optimization successful: 

Status: ok

Termination condition: optimal

Solution: 264184 primals, 591563 duals

Objective: 1.43e+08

Solver: highs

Runtime: 156.36s

MIP gap: inf

Dual bound: 0.00e+00

Solver model: available

Solver message: Optimal



INFO:pypsa.optimization.optimize:The variable 'RA_pipe' could not be mapped to the network component because it does not include the symbol '-'.

INFO:pypsa.optimization.optimize:The shadow-prices of the constraints Generator-fix-p-lower, Generator-fix-p-upper, Generator-ext-p-lower, Generator-ext-p-upper, Link-fix-p-lower, Link-fix-p-upper, StorageUnit-fix-p_dispatch-lower, StorageUnit-fix-p_dispatch-upper, StorageUnit-ext-p_dispatch-lower, StorageUnit-ext-p_dispatch-upper, StorageUnit-fix-p_store-lower, StorageUnit-fix-p_store-upper, StorageUnit-ext-p_store-lower, StorageUnit-ext-p_store-upper, StorageUnit-fix-state_of_charge-lower, StorageUnit-fix-state_of_charge-upper, StorageUnit-ext-state_of_charge-lower, StorageUnit-ext-state_of_charge-upper, StorageUnit-energy_balance, reserve_margin_CO, RA_deliverability_Denver, RA_deliverability_North, RA_deliverability_South, RA_deliverability_Mountain, RA_deliverability_East, RA_deliverability_West, hybrid_charge_from_solar_Candidate_Solar_plus_Storage_Denver_Battery, hybrid_pair_p_nom_Candidate_Solar_plus_Storage_Denver_Battery, hybrid_charge_from_solar_Candidate_Solar_plus_Storage_East_Battery, hybrid_pair_p_nom_Candidate_Solar_plus_Storage_East_Battery, hybrid_charge_from_solar_Candidate_Solar_plus_Storage_Mountain_Battery, hybrid_pair_p_nom_Candidate_Solar_plus_Storage_Mountain_Battery, hybrid_charge_from_solar_Candidate_Solar_plus_Storage_North_Battery, hybrid_pair_p_nom_Candidate_Solar_plus_Storage_North_Battery, hybrid_charge_from_solar_Candidate_Solar_plus_Storage_South_Battery, hybrid_pair_p_nom_Candidate_Solar_plus_Storage_South_Battery, hybrid_charge_from_solar_Candidate_Solar_plus_Storage_West_Battery, hybrid_pair_p_nom_Candidate_Solar_plus_Storage_West_Battery were not assigned to the network.

=== YEAR 2035 DONE status=ok  wall=179s  objective=$143,003,072  vintages_carried=9 ===

Build-out by carrier (MW):

layer            existing  vintage  new_build    total

carrier                                               

Wind              5,307.0  9,797.9    1,361.8 16,466.7

Gas:CT            1,794.2  1,780.0    5,897.5  9,471.7

Solar:PV          4,659.7      0.0        0.0  4,659.7

Storage:Battery   1,198.1      0.0      218.4  1,416.5

Gas:CC              764.0      0.0        0.0    764.0

Hydro               687.6      0.0        0.0    687.6

Hydro:Pumped        578.5      0.0        0.0    578.5

Gas:IC              226.3      0.0        0.0    226.3

Zonal shadow prices, mean over snapshots ($/MWh):

name

Denver                 30.549418

North                  30.549418

South                  30.549418

Mountain               37.159907

East                   25.144858

West                   37.142198

Wyoming                37.212268

Utah                   37.212268

FourCorners            37.212268

NewMexico              37.212268

Nebraska               37.212268

EasternInterconnect    37.212268

  large CC merge: cherokee__7_cc  576.0 MW  (CT 336.0 + CA 240.0, scale=1.000)  co2=803.6 lb/MWh  hr=6761 Btu/kWh

Reserve margin (statewide, copper-plate):

  peak 14,710.5 MW at 2018-06-28 13:00:00  PRM 13.9%  requirement 16,755.3 MW

                 accredited_mw    p_nom

carrier                                

Gas:CC                   712.7    764.0

Gas:CT                 8,535.9  9,471.7

Gas:IC                   188.0    226.3

Geothermal                 0.0      0.0

Hydro                    580.8    687.6

Hydro:Pumped             532.0    578.5

Nuclear:SMR                0.0      0.0

Solar+Storage              0.0      0.0

Solar:PV                 281.7  4,659.7

Storage:Battery        1,082.8  1,416.5

Wind                   4,841.3 16,466.7

  accredited total 16,755.3 MW  slack 0.0 MW

  dual $101,659.61/MW-yr

  large CC merge: cherokee__7_cc  576.0 MW  (CT 336.0 + CA 240.0, scale=1.000)  co2=803.6 lb/MWh  hr=6761 Btu/kWh

Zonal deliverability (firm RA pipes at t*):

  t* 2018-06-28 13:00:00  statewide peak 14,710.5 MW

          accredited_mw  net_firm_in_mw  load_at_tstar_mw  slack_mw  dual

zone                                                                     

Denver          2,542.0         6,218.5           8,760.5       0.0  -0.0

North           5,529.4        -3,479.0           1,355.9     694.4  -0.0

South           3,142.5          -378.7           2,763.8       0.0  -0.0

Mountain          245.3           204.2             303.0     146.5  -0.0

East            2,604.6        -1,540.4             485.3     578.9  -0.0

West            2,691.5        -1,024.6           1,042.0     624.9  -0.0

RA pipe flows (positive = from -> to):

                             from        to  flow_mw  limit_mw  at_bound

pipe                                                                    

RA_pipe_South_West          South      West    -63.5      63.5      True

RA_pipe_East_South           East     South    484.4     484.4      True

RA_pipe_East_North           East     North    591.5     591.5      True

RA_pipe_Denver_South       Denver     South -1,610.4   1,610.4      True

RA_pipe_Mountain_South   Mountain     South    683.8     683.8      True

RA_pipe_Denver_East        Denver      East   -464.5     464.5      True

RA_pipe_Mountain_West    Mountain      West   -961.1     961.1      True

RA_pipe_Denver_Mountain    Denver  Mountain    -73.1      73.1      True

RA_pipe_Denver_North       Denver     North -4,070.5   4,070.5      True

RA_pipe_Mountain_North   Mountain     North      0.0       0.0      True

RA_pipe_North_West          North      West      0.0       0.0      True

  reserve_margin_CO dual $101,659.61/MW-yr

Storage cyclic-week energy balance (expect ~0):

  week 0: max |net| = 0.0000 MWh  (Denver_Hydro:Pumped_agg)

  week 1: max |net| = 0.0000 MWh  (Denver_Hydro:Pumped_agg)

  week 2: max |net| = 0.0000 MWh  (Denver_Hydro:Pumped_agg)

  week 3: max |net| = 0.0000 MWh  (Denver_Hydro:Pumped_agg)

  week 4: max |net| = 0.0000 MWh  (Candidate_Storage:Battery_East)

  week 5: max |net| = 0.0000 MWh  (Candidate_Storage:Battery_East)

  week 6: max |net| = 0.0000 MWh  (Denver_Hydro:Pumped_agg)

  week 7: max |net| = 0.0000 MWh  (South_Storage:Battery_agg)

  week 8: max |net| = 0.0000 MWh  (Denver_Hydro:Pumped_agg)

  week 9: max |net| = 0.0000 MWh  (Denver_Hydro:Pumped_agg)

  week 10: max |net| = 0.0000 MWh  (Candidate_Storage:Battery_East)

Net interchange by interface (TWh, + = CO export):

  Link_West_FourCorners: West <-> FourCorners  +0.095 TWh

  Link_West_Utah: West <-> Utah  +4.938 TWh

  Link_East_Nebraska: East <-> Nebraska  +3.714 TWh

  Link_South_NewMexico: South <-> NewMexico  +0.688 TWh

  Link_Mountain_Wyoming: Mountain <-> Wyoming  +0.617 TWh

  Link_North_Wyoming: North <-> Wyoming  +4.155 TWh

  Link_East_EasternInterconnect: East <-> EasternInterconnect  +1.058 TWh

  total  +15.266 TWh

Annual cash-flow cost ($):

  capex_overnight  $7,715,188,748

  fom_existing  $354,515,896

  fom_vintage  $331,185,283

  fom_new  $187,757,093

  opex_instate  $3,272,629

  import_cost  $593,722,681

  export_revenue  $1,161,810,094

  annual_system_cost  $8,023,832,236

  annual_system_cost_ex_trade  $8,591,919,649

  lp_objective  $143,003,072

  identity_gap  $0.00

  wrote pypsa\scenarios\no_co2_policy\dispatch_2035.csv (230,040 rows)

INFO:pypsa.network.io:Exported network 'Unnamed Network' saved to '.\pypsa\scenarios\no_co2_policy\2035.nc contains: carriers, loads, generators, sub_networks, links, buses, storage_units

  wrote pypsa\scenarios\no_co2_policy\2035.nc



=== YEAR 2040/2050 START (step 3/5) ===

  surviving vintages: 8 generators, 1 storage



[1/6] Buses...

  6 CO buses: ['Denver', 'North', 'South', 'Mountain', 'East', 'West']

  6 external buses: ['Wyoming', 'Utah', 'FourCorners', 'NewMexico', 'Nebraska', 'EasternInterconnect']



[2/6] Links...

  11 links, internal_limits (raw_sum_mw), bidirectional

    Link_South_West: South <-> West  p_nom=363.1 MW

    Link_East_South: East <-> South  p_nom=994.4 MW

    Link_East_North: East <-> North  p_nom=1,245.3 MW

    Link_Denver_South: Denver <-> South  p_nom=3,024.1 MW

    Link_Mountain_South: Mountain <-> South  p_nom=1,394.4 MW

    Link_Denver_East: Denver <-> East  p_nom=1,769.1 MW

    Link_Mountain_West: Mountain <-> West  p_nom=1,720.9 MW

    Link_Denver_Mountain: Denver <-> Mountain  p_nom=522.0 MW

    Link_Denver_North: Denver <-> North  p_nom=6,786.4 MW

    Link_Mountain_North: Mountain <-> North  p_nom=37.2 MW

    Link_North_West: North <-> West  p_nom=421.5 MW

  7 links, external (raw_sum_mw), bidirectional

    Link_West_FourCorners: West <-> FourCorners  p_nom=1,555.6 MW

    Link_West_Utah: West <-> Utah  p_nom=1,118.8 MW

    Link_East_Nebraska: East <-> Nebraska  p_nom=1,044.0 MW

    Link_South_NewMexico: South <-> NewMexico  p_nom=324.9 MW

    Link_Mountain_Wyoming: Mountain <-> Wyoming  p_nom=504.8 MW

    Link_North_Wyoming: North <-> Wyoming  p_nom=2,031.5 MW

    Link_East_EasternInterconnect: East <-> EasternInterconnect  p_nom=210.0 MW



[3/6] Representative weeks (Milestone 2 load + Milestone 3 clustering)...

.\.venv\Lib\site-packages\tsam\pipeline\orchestrator.py:296: UserWarning: The time series covers 8760 time steps, which is not a whole number of 168-step periods. The last period is filled up with the first 144 time steps of the series so it can be clustered; its occurrence count is reduced accordingly and the padding is dropped again on reconstruction.

  period_profiles = unstack_to_periods(norm_data.values, cfg.n_timesteps_per_period)

INFO:pyomo.contrib.appsi.solvers.highs:Running HiGHS 1.15.1 (git hash: 04024d7): Copyright (c) 2026 under MIT licence terms

INFO:pyomo.contrib.appsi.solvers.highs:Includes third-party software components, see THIRD_PARTY_NOTICES.md for full details

INFO:pyomo.contrib.appsi.solvers.highs:MIP has 2863 rows; 2809 cols; 8374 nonzeros; 2809 integer variables (2809 binary)

INFO:pyomo.contrib.appsi.solvers.highs:Coefficient ranges:

INFO:pyomo.contrib.appsi.solvers.highs:  Matrix  [1e+00, 1e+00]

INFO:pyomo.contrib.appsi.solvers.highs:  Cost    [7e+01, 7e+02]

INFO:pyomo.contrib.appsi.solvers.highs:  Bound   [1e+00, 1e+00]

INFO:pyomo.contrib.appsi.solvers.highs:  RHS     [1e+00, 1e+01]

INFO:pyomo.contrib.appsi.solvers.highs:Presolving model

INFO:pyomo.contrib.appsi.solvers.highs:2810 rows, 2809 cols, 8374 nonzeros 0s

INFO:pyomo.contrib.appsi.solvers.highs:2810 rows, 2809 cols, 8374 nonzeros 0s

INFO:pyomo.contrib.appsi.solvers.highs:Presolve reductions: rows 2810(-53); columns 2809(-0); nonzeros 8374(-0) 

INFO:pyomo.contrib.appsi.solvers.highs:

INFO:pyomo.contrib.appsi.solvers.highs:Solving MIP model with:

INFO:pyomo.contrib.appsi.solvers.highs:   2810 rows

INFO:pyomo.contrib.appsi.solvers.highs:   2809 cols (2809 binary, 0 integer, 0 implied int., 0 continuous, 0 domain fixed)

INFO:pyomo.contrib.appsi.solvers.highs:   8374 nonzeros

INFO:pyomo.contrib.appsi.solvers.highs:   Thread count 2 (of 4 threads). Using 1 max workers. Parallel search off

INFO:pyomo.contrib.appsi.solvers.highs:

INFO:pyomo.contrib.appsi.solvers.highs:Src: B => Branching; C => Central rounding; F => Feasibility pump; H => Heuristic;

INFO:pyomo.contrib.appsi.solvers.highs:     I => Shifting; J => Feasibility jump; L => Sub-MIP; P => Empty MIP; R => Randomized rounding;

INFO:pyomo.contrib.appsi.solvers.highs:     S => Solve LP; T => Evaluate node; U => Unbounded; X => User solution; Y => HiGHS solution;

INFO:pyomo.contrib.appsi.solvers.highs:     Z => ZI Round; l => Trivial lower; p => Trivial point; u => Trivial upper; z => Trivial zero

INFO:pyomo.contrib.appsi.solvers.highs:

INFO:pyomo.contrib.appsi.solvers.highs:        Nodes      |    B&B Tree     |            Objective Bounds              |  Dynamic Constraints |       Work      

INFO:pyomo.contrib.appsi.solvers.highs:Src  Proc. InQueue |  Leaves   Expl. | BestBound       BestSol              Gap |   Cuts   InLp Confl. | LpIters     Time

INFO:pyomo.contrib.appsi.solvers.highs:

INFO:pyomo.contrib.appsi.solvers.highs: J       0       0         0   0.00%   -inf            13900.454985       Large        0      0      0         0     0.2s

INFO:pyomo.contrib.appsi.solvers.highs: R       0       0         0   0.00%   6560.324477     9865.539879       33.50%        0      0      0       331     0.2s

INFO:pyomo.contrib.appsi.solvers.highs: C       0       0         0   0.00%   6573.377287     7878.738169       16.57%      616     11      0       380     1.9s

INFO:pyomo.contrib.appsi.solvers.highs: L       0       0         0   0.00%   6573.377287     6573.377287        0.00%      616     11      0       380     5.0s

INFO:pyomo.contrib.appsi.solvers.highs:         1       0         1 100.00%   6573.377287     6573.377287        0.00%      616     11      0       414     5.0s

INFO:pyomo.contrib.appsi.solvers.highs:

INFO:pyomo.contrib.appsi.solvers.highs:Solving report

INFO:pyomo.contrib.appsi.solvers.highs:  Status            Optimal

INFO:pyomo.contrib.appsi.solvers.highs:  Primal bound      6573.37728658

INFO:pyomo.contrib.appsi.solvers.highs:  Dual bound        6573.37728658

INFO:pyomo.contrib.appsi.solvers.highs:  Gap               0% (tolerance: 0.01%)

INFO:pyomo.contrib.appsi.solvers.highs:  P-D integral      1.12136567731

INFO:pyomo.contrib.appsi.solvers.highs:  Solution status   feasible

INFO:pyomo.contrib.appsi.solvers.highs:                    6573.37728658 (objective)

INFO:pyomo.contrib.appsi.solvers.highs:                    0 (bound viol.)

INFO:pyomo.contrib.appsi.solvers.highs:                    3.77475828373e-15 (int. viol.)

INFO:pyomo.contrib.appsi.solvers.highs:                    0 (row viol.)

INFO:pyomo.contrib.appsi.solvers.highs:  Timing            5.03

INFO:pyomo.contrib.appsi.solvers.highs:                    0.24 (Presolve)

INFO:pyomo.contrib.appsi.solvers.highs:                        MIP    time [calls] = 0.07 [1]

INFO:pyomo.contrib.appsi.solvers.highs:                        subMIP time [calls] = 0.17 [2]

INFO:pyomo.contrib.appsi.solvers.highs:                    4.79 (Solve)

INFO:pyomo.contrib.appsi.solvers.highs:                        MIP    time [calls] = 1.90 [1]

INFO:pyomo.contrib.appsi.solvers.highs:                        subMIP time [calls] = 2.90 [2]

INFO:pyomo.contrib.appsi.solvers.highs:                    0.00 (Postsolve)

INFO:pyomo.contrib.appsi.solvers.highs:                        MIP    time [calls] = 0.00 [1]

INFO:pyomo.contrib.appsi.solvers.highs:                        subMIP time [calls] = 0.00 [2]

INFO:pyomo.contrib.appsi.solvers.highs:  Max sub-MIP depth 4

INFO:pyomo.contrib.appsi.solvers.highs:  Nodes             1

INFO:pyomo.contrib.appsi.solvers.highs:  Repair LPs        0

INFO:pyomo.contrib.appsi.solvers.highs:  LP iterations     414

INFO:pyomo.contrib.appsi.solvers.highs:                    0 (strong br.)

INFO:pyomo.contrib.appsi.solvers.highs:                    49 (separation)

INFO:pyomo.contrib.appsi.solvers.highs:                    34 (heuristics)

.\.venv\Lib\site-packages\tsam\pipeline\orchestrator.py:100: UserWarning: At least one maximal value of the aggregated time series exceeds the maximal value the input time series for: {'West': 2.2737367544323206e-13, 'East_wind_pt3_cf': 1.1102230246251565e-16, 'South_wind_pt1_cf': 2.220446049250313e-16}. To silence the warning set the 'numerical_tolerance' to a higher value.

  warnings.warn(

  1704 snapshots in 11 periods (weighted hours=8451.4)

    2018-01-08 00:00 to 2018-01-14 23:00  (168h)  weight=4.00

    2018-02-19 00:00 to 2018-02-25 23:00  (168h)  weight=2.00

    2018-03-12 00:00 to 2018-03-18 23:00  (168h)  weight=9.00

    2018-06-04 00:00 to 2018-06-10 23:00  (168h)  weight=3.00

    2018-07-02 00:00 to 2018-07-08 23:00  (168h)  weight=2.00

    2018-07-30 00:00 to 2018-08-05 23:00  (168h)  weight=3.00

    2018-09-17 00:00 to 2018-09-23 23:00  (168h)  weight=12.00

    2018-10-22 00:00 to 2018-10-28 23:00  (168h)  weight=9.00

    2018-12-03 00:00 to 2018-12-09 23:00  (168h)  weight=5.00

    2018-12-31 00:00 to 2018-12-31 23:00  (24h)  weight=2.14

    2018-06-25 00:00 to 2018-07-01 23:00  (168h)  weight=1.00



[4/6] Existing fleet + candidates...

  large CC merge: cherokee__7_cc  576.0 MW  (CT 336.0 + CA 240.0, scale=1.000)  co2=803.6 lb/MWh  hr=6761 Btu/kWh

  24 existing + 8 vintage + 41 candidate generators

  4 existing + 1 vintage + 12 candidate storage

  hybrid_candidates: 6 Solar+Storage generators, 6 storage

  6 market generators at Candidate_Gas:CC MC = $38.28/MWh

    Market_Wyoming: bus=Wyoming  p_nom=2,536.3 MW

    Market_Utah: bus=Utah  p_nom=1,118.8 MW

    Market_FourCorners: bus=FourCorners  p_nom=1,555.6 MW

    Market_NewMexico: bus=NewMexico  p_nom=324.9 MW

    Market_Nebraska: bus=Nebraska  p_nom=1,044.0 MW

    Market_EasternInterconnect: bus=EasternInterconnect  p_nom=210.0 MW

  relax_pmin: p_min_pu=0 on 73 in-state generators (6 Market_* kept at p_min_pu=-1)



[5/6] Capacity factors (aligned to representative snapshots)...

INFO:pypsa.consistency:Sanitizing network...

  p_max_pu assigned to 32 of 73 generators (solar/wind only)

INFO:pypsa.components._types.carriers:Adding 12 missing carriers: ['AC', 'Gas:CC', 'Gas:CT', 'Geothermal', 'Hydro', 'Hydro:Pumped', 'Nuclear:SMR', 'Solar+Storage', 'Solar:PV', 'Storage:Battery', 'Wind', 'import']

INFO:pypsa.components._types.carriers:Assigned colors to 12 carriers using 'tab10' palette.



[6/6] Network assembled.INFO:pypsa.consistency:Network sanitization complete.



Solving 2040 (1704 snapshots, week-cyclic SOC, statewide PRM, zonal RA pipes, relax_pmin, aggregate_large_cc, hybrid_candidates)...

  RA: peak=16,423.6 MW at 2018-06-28 13:00:00  PRM=13.9%  requirement=18,706.4 MW

  RA pipes: t*=2018-06-28 13:00:00  statewide peak=16,423.6 MW  11 internal interfaces

    RA_pipe_South_West: South <-> West  +/-63.5 MW

    RA_pipe_East_South: East <-> South  +/-484.4 MW

    RA_pipe_East_North: East <-> North  +/-591.5 MW

    RA_pipe_Denver_South: Denver <-> South  +/-1,610.4 MW

    RA_pipe_Mountain_South: Mountain <-> South  +/-683.8 MW

    RA_pipe_Denver_East: Denver <-> East  +/-464.5 MW

    RA_pipe_Mountain_West: Mountain <-> West  +/-961.1 MW

    RA_pipe_Denver_Mountain: Denver <-> Mountain  +/-73.1 MW

    RA_pipe_Denver_North: Denver <-> North  +/-4,070.5 MW

    RA_pipe_Mountain_North: Mountain <-> North  +/-0.0 MW  (N-1 zero)

    RA_pipe_North_West: North <-> West  +/-0.0 MW  (N-1 zero)

  zonal load at t*:

    Denver: 9,966.6 MW

    North: 1,419.9 MW

    South: 3,020.3 MW

    Mountain: 333.4 MW

    East: 538.9 MW

    West: 1,144.5 MW

  large CC merge: cherokee__7_cc  576.0 MW  (CT 336.0 + CA 240.0, scale=1.000)  co2=803.6 lb/MWh  hr=6761 Btu/kWh


  large CC merge: cherokee__7_cc  576.0 MW  (CT 336.0 + CA 240.0, scale=1.000)  co2=803.6 lb/MWh  hr=6761 Btu/kWh


INFO:linopy.model: Solve problem using Highs solver

INFO:linopy.model:Solver options:

 - solver: simplex

 - threads: 2

  hybrid: 6 pairs  p_nom equality on 6 extendable  charge-from-solar on 6


INFO:linopy.io:Writing objective.


Writing constraints.:   0%|[38;2;128;191;255m          [0m| 0/52 [00:00<?, ?it/s]
Writing constraints.:  12%|[38;2;128;191;255m#1        [0m| 6/52 [00:00<00:01, 39.59it/s]
Writing constraints.:  29%|[38;2;128;191;255m##8       [0m| 15/52 [00:00<00:00, 61.96it/s]
Writing constraints.:  42%|[38;2;128;191;255m####2     [0m| 22/52 [00:00<00:00, 45.24it/s]
Writing constraints.:  67%|[38;2;128;191;255m######7   [0m| 35/52 [00:00<00:00, 68.55it/s]
Writing constraints.:  90%|[38;2;128;191;255m######### [0m| 47/52 [00:00<00:00, 82.24it/s]
Writing constraints.: 100%|[38;2;128;191;255m##########[0m| 52/52 [00:00<00:00, 71.85it/s]


Writing continuous variables.:   0%|[38;2;128;191;255m          [0m| 0/8 [00:00<?, ?it/s]
Writing continuous variables.: 100%|[38;2;128;191;255m##########[0m| 8/8 [00:00<00:00, 78.42it/s]
Writing continuous variables.: 100%|[38;2;128;191;255m##########[0m| 8/8 [00:00<00:00, 77.66it/s]

INFO:linopy.io: Writing time: 0.85s

Running HiGHS 1.15.1 (git hash: 04024d7): Copyright (c) 2026 under MIT licence terms

Includes third-party software components, see THIRD_PARTY_NOTICES.md for full details

LP linopy-problem-0uxtolpt has 564090 rows; 252256 cols; 1014445 nonzeros

Coefficient ranges:

  Matrix  [1e-04, 4e+00]

  Cost    [4e-01, 6e+05]

  Bound   [6e+01, 4e+03]

  RHS     [9e-04, 1e+04]

Presolving model

158851 rows, 218339 cols, 558196 nonzeros 1s

Dependent equations search running on 34550 equations with time limit of 1000.00s

Dependent equations search removed 0 rows and 0 nonzeros in 0.01s (limit = 1000.00s)

154207 rows, 190045 cols, 536744 nonzeros 2s

Presolve reductions: rows 154207(-409883); columns 190045(-62211); nonzeros 536744(-477701) 

Solving the presolved LP

Using dual simplex solver



========== HiGHS simplex: YEAR 2040 (step 3/5) ==========

2040 |   Iteration        Objective     Infeasibilities num(sum)

2040 |           0    -2.1967323221e+09 Pr: 10226(1.48985e+07) 2.9s

2040 |       20791    -1.9256332259e+09 Pr: 11153(1.26863e+07); Du: 0(2.27556e-05) 7.9s

2040 |       38157    -1.7964418746e+09 Pr: 13116(2.32976e+07); Du: 0(1.9523e-05) 13.1s

2040 |       55740    -1.4743022673e+09 Pr: 15357(1.19181e+07); Du: 0(1.75673e-05) 18.2s

2040 |       61403    -1.3424980597e+09 Pr: 16061(1.78028e+07); Du: 0(1.71846e-05) 23.6s

2040 |       66242    -1.2619908759e+09 Pr: 18380(1.68827e+07); Du: 0(1.82033e-05) 29.4s

2040 |       68844    -1.2017362351e+09 Pr: 18803(2.67989e+07); Du: 0(1.75485e-05) 34.5s

2040 |       74360    -1.1393600922e+09 Pr: 19077(1.50926e+07); Du: 0(1.8338e-05) 39.9s

2040 |       85080    -8.9342988376e+08 Pr: 17771(1.39332e+07); Du: 0(2.16126e-05) 45.2s

2040 |       93794    -7.0103293011e+08 Pr: 16523(1.11414e+07); Du: 0(2.47807e-05) 51.7s

2040 |       97105    -6.3076067836e+08 Pr: 22977(2.45828e+07); Du: 0(2.41487e-05) 57.6s

2040 |      100075    -5.7881947359e+08 Pr: 20568(1.33536e+07); Du: 0(2.3798e-05) 62.6s

2040 |      111305    -4.5559386334e+08 Pr: 14704(5.11242e+06); Du: 0(2.35425e-05) 68.8s

2040 |      120485    -3.7171411428e+08 Pr: 14316(9.27458e+06); Du: 0(2.62195e-05) 74.0s

2040 |      129074    -3.3059733918e+08 Pr: 11863(2.40121e+06); Du: 0(2.81292e-05) 79.2s

2040 |      138882    -3.0712598963e+08 Pr: 11730(3.26214e+06); Du: 0(2.85654e-05) 84.8s

2040 |      147755    -2.9444229408e+08 Pr: 13464(3.62174e+06); Du: 0(2.78719e-05) 89.9s

2040 |      156416    -2.8870875229e+08 Pr: 16898(3.23022e+06); Du: 0(2.95422e-05) 95.0s

2040 |      165410    -2.8546809547e+08 Pr: 6831(235922); Du: 0(3.14349e-05) 100.4s

2040 |      171525    -2.8325759009e+08 Pr: 0(0); Du: 0(4.50634e-10) 103.8s

2040 |      171525    -2.8325759009e+08 Pr: 0(0); Du: 0(4.50634e-10) 103.8s



Performed postsolve

Solving the original LP from the solution after postsolve



Model name          : linopy-problem-0uxtolpt

Model status        : Optimal

Simplex   iterations: 171525

Objective value     : -2.8325759009e+08

P-D objective error :  4.5557139588e-14

HiGHS run time      :        104.83

INFO:linopy.constants: Optimization successful: 

Status: ok

Termination condition: optimal

Solution: 252256 primals, 564277 duals

Objective: -2.83e+08

Solver: highs

Runtime: 104.83s

MIP gap: inf

Dual bound: 0.00e+00

Solver model: available

Solver message: Optimal



INFO:pypsa.optimization.optimize:The variable 'RA_pipe' could not be mapped to the network component because it does not include the symbol '-'.

INFO:pypsa.optimization.optimize:The shadow-prices of the constraints Generator-fix-p-lower, Generator-fix-p-upper, Generator-ext-p-lower, Generator-ext-p-upper, Link-fix-p-lower, Link-fix-p-upper, StorageUnit-fix-p_dispatch-lower, StorageUnit-fix-p_dispatch-upper, StorageUnit-ext-p_dispatch-lower, StorageUnit-ext-p_dispatch-upper, StorageUnit-fix-p_store-lower, StorageUnit-fix-p_store-upper, StorageUnit-ext-p_store-lower, StorageUnit-ext-p_store-upper, StorageUnit-fix-state_of_charge-lower, StorageUnit-fix-state_of_charge-upper, StorageUnit-ext-state_of_charge-lower, StorageUnit-ext-state_of_charge-upper, StorageUnit-energy_balance, reserve_margin_CO, RA_deliverability_Denver, RA_deliverability_North, RA_deliverability_South, RA_deliverability_Mountain, RA_deliverability_East, RA_deliverability_West, hybrid_charge_from_solar_Candidate_Solar_plus_Storage_Denver_Battery, hybrid_pair_p_nom_Candidate_Solar_plus_Storage_Denver_Battery, hybrid_charge_from_solar_Candidate_Solar_plus_Storage_East_Battery, hybrid_pair_p_nom_Candidate_Solar_plus_Storage_East_Battery, hybrid_charge_from_solar_Candidate_Solar_plus_Storage_Mountain_Battery, hybrid_pair_p_nom_Candidate_Solar_plus_Storage_Mountain_Battery, hybrid_charge_from_solar_Candidate_Solar_plus_Storage_North_Battery, hybrid_pair_p_nom_Candidate_Solar_plus_Storage_North_Battery, hybrid_charge_from_solar_Candidate_Solar_plus_Storage_South_Battery, hybrid_pair_p_nom_Candidate_Solar_plus_Storage_South_Battery, hybrid_charge_from_solar_Candidate_Solar_plus_Storage_West_Battery, hybrid_pair_p_nom_Candidate_Solar_plus_Storage_West_Battery were not assigned to the network.

=== YEAR 2040 DONE status=ok  wall=126s  objective=$-283,257,590  vintages_carried=17 ===

Build-out by carrier (MW):

layer            existing  vintage  new_build    total

carrier                                               

Wind              5,063.0 11,159.7      473.7 16,696.4

Gas:CT            1,116.2  7,677.5    2,238.0 11,031.7

Solar:PV          4,659.7      0.0    3,657.3  8,317.0

Storage:Battery     856.0    218.4      588.7  1,663.1

Gas:CC              764.0      0.0        0.0    764.0

Hydro               667.7      0.0        0.0    667.7

Hydro:Pumped        578.5      0.0        0.0    578.5

Zonal shadow prices, mean over snapshots ($/MWh):

name

Denver                 31.065047

North                  31.065047

South                  31.031889

Mountain               37.667365

East                   26.002224

West                   37.645115

Wyoming                38.281213

Utah                   38.281213

FourCorners            38.281213

NewMexico              38.281213

Nebraska               38.281213

EasternInterconnect    38.281213

  large CC merge: cherokee__7_cc  576.0 MW  (CT 336.0 + CA 240.0, scale=1.000)  co2=803.6 lb/MWh  hr=6761 Btu/kWh

Reserve margin (statewide, copper-plate):

  peak 16,423.6 MW at 2018-06-28 13:00:00  PRM 13.9%  requirement 18,706.4 MW

                 accredited_mw    p_nom

carrier                                

Gas:CC                   712.7    764.0

Gas:CT                 9,936.4 11,031.7

Geothermal                 0.0      0.0

Hydro                    564.0    667.7

Hydro:Pumped             532.0    578.5

Nuclear:SMR                0.0      0.0

Solar+Storage              0.0      0.0

Solar:PV                 124.9  8,317.0

Storage:Battery        1,171.0  1,663.1

Wind                   5,665.4 16,696.4

  accredited total 18,706.4 MW  slack -0.0 MW

  dual $97,585.91/MW-yr

  large CC merge: cherokee__7_cc  576.0 MW  (CT 336.0 + CA 240.0, scale=1.000)  co2=803.6 lb/MWh  hr=6761 Btu/kWh

Zonal deliverability (firm RA pipes at t*):

  t* 2018-06-28 13:00:00  statewide peak 16,423.6 MW

          accredited_mw  net_firm_in_mw  load_at_tstar_mw  slack_mw  dual

zone                                                                     

Denver          4,214.5         5,752.1           9,966.6       0.0  -0.0

North           5,102.0        -3,479.0           1,419.9     203.1  -0.0

South           2,932.6            87.7           3,020.3       0.0  -0.0

Mountain          342.7           204.2             333.4     213.5  -0.0

East            3,488.5        -1,540.4             538.9   1,409.3  -0.0

West            2,626.2        -1,024.6           1,144.5     457.0  -0.0

RA pipe flows (positive = from -> to):

                             from        to  flow_mw  limit_mw  at_bound

pipe                                                                    

RA_pipe_South_West          South      West    -63.5      63.5      True

RA_pipe_East_South           East     South    484.4     484.4      True

RA_pipe_East_North           East     North    591.5     591.5      True

RA_pipe_Denver_South       Denver     South -1,144.0   1,610.4     False

RA_pipe_Mountain_South   Mountain     South    683.8     683.8      True

RA_pipe_Denver_East        Denver      East   -464.5     464.5      True

RA_pipe_Mountain_West    Mountain      West   -961.1     961.1      True

RA_pipe_Denver_Mountain    Denver  Mountain    -73.1      73.1      True

RA_pipe_Denver_North       Denver     North -4,070.5   4,070.5      True

RA_pipe_Mountain_North   Mountain     North      0.0       0.0      True

RA_pipe_North_West          North      West      0.0       0.0      True

  reserve_margin_CO dual $97,585.91/MW-yr

Storage cyclic-week energy balance (expect ~0):

  week 0: max |net| = 0.0000 MWh  (Candidate_Storage:Battery_East)

  week 1: max |net| = 0.0000 MWh  (Candidate_Storage:Battery_East)

  week 2: max |net| = 0.0000 MWh  (Denver_Hydro:Pumped_agg)

  week 3: max |net| = 0.0000 MWh  (Candidate_Storage:Battery_East)

  week 4: max |net| = 0.0000 MWh  (Candidate_Storage:Battery_East)

  week 5: max |net| = 0.0000 MWh  (Candidate_Storage:Battery_East)

  week 6: max |net| = 0.0000 MWh  (Denver_Hydro:Pumped_agg)

  week 7: max |net| = 0.0000 MWh  (Denver_Hydro:Pumped_agg)

  week 8: max |net| = 0.0000 MWh  (Candidate_Storage:Battery_East)

  week 9: max |net| = 0.0000 MWh  (Denver_Hydro:Pumped_agg)

  week 10: max |net| = 0.0000 MWh  (Candidate_Storage:Battery_East)

Net interchange by interface (TWh, + = CO export):

  Link_West_FourCorners: West <-> FourCorners  +2.136 TWh

  Link_West_Utah: West <-> Utah  +6.234 TWh

  Link_East_Nebraska: East <-> Nebraska  +4.324 TWh

  Link_South_NewMexico: South <-> NewMexico  +0.858 TWh

  Link_Mountain_Wyoming: Mountain <-> Wyoming  +0.863 TWh

  Link_North_Wyoming: North <-> Wyoming  +5.398 TWh

  Link_East_EasternInterconnect: East <-> EasternInterconnect  +1.135 TWh

  total  +20.947 TWh

Annual cash-flow cost ($):

  capex_overnight  $5,840,262,112

  fom_existing  $313,855,301

  fom_vintage  $518,942,376

  fom_new  $133,843,823

  opex_instate  $2,812,786

  import_cost  $516,662,903

  export_revenue  $1,318,552,704

  annual_system_cost  $6,007,826,597

  annual_system_cost_ex_trade  $6,809,716,398

  lp_objective  $-283,257,590

  identity_gap  $0.00

  wrote pypsa\scenarios\no_co2_policy\dispatch_2040.csv (224,928 rows)

INFO:pypsa.network.io:Exported network 'Unnamed Network' saved to '.\pypsa\scenarios\no_co2_policy\2040.nc contains: carriers, loads, generators, sub_networks, links, buses, storage_units

  wrote pypsa\scenarios\no_co2_policy\2040.nc



=== YEAR 2045/2050 START (step 4/5) ===

  surviving vintages: 15 generators, 2 storage



[1/6] Buses...

  6 CO buses: ['Denver', 'North', 'South', 'Mountain', 'East', 'West']

  6 external buses: ['Wyoming', 'Utah', 'FourCorners', 'NewMexico', 'Nebraska', 'EasternInterconnect']



[2/6] Links...

  11 links, internal_limits (raw_sum_mw), bidirectional

    Link_South_West: South <-> West  p_nom=363.1 MW

    Link_East_South: East <-> South  p_nom=994.4 MW

    Link_East_North: East <-> North  p_nom=1,245.3 MW

    Link_Denver_South: Denver <-> South  p_nom=3,024.1 MW

    Link_Mountain_South: Mountain <-> South  p_nom=1,394.4 MW

    Link_Denver_East: Denver <-> East  p_nom=1,769.1 MW

    Link_Mountain_West: Mountain <-> West  p_nom=1,720.9 MW

    Link_Denver_Mountain: Denver <-> Mountain  p_nom=522.0 MW

    Link_Denver_North: Denver <-> North  p_nom=6,786.4 MW

    Link_Mountain_North: Mountain <-> North  p_nom=37.2 MW

    Link_North_West: North <-> West  p_nom=421.5 MW

  7 links, external (raw_sum_mw), bidirectional

    Link_West_FourCorners: West <-> FourCorners  p_nom=1,555.6 MW

    Link_West_Utah: West <-> Utah  p_nom=1,118.8 MW

    Link_East_Nebraska: East <-> Nebraska  p_nom=1,044.0 MW

    Link_South_NewMexico: South <-> NewMexico  p_nom=324.9 MW

    Link_Mountain_Wyoming: Mountain <-> Wyoming  p_nom=504.8 MW

    Link_North_Wyoming: North <-> Wyoming  p_nom=2,031.5 MW

    Link_East_EasternInterconnect: East <-> EasternInterconnect  p_nom=210.0 MW



[3/6] Representative weeks (Milestone 2 load + Milestone 3 clustering)...

.\.venv\Lib\site-packages\tsam\pipeline\orchestrator.py:296: UserWarning: The time series covers 8760 time steps, which is not a whole number of 168-step periods. The last period is filled up with the first 144 time steps of the series so it can be clustered; its occurrence count is reduced accordingly and the padding is dropped again on reconstruction.

  period_profiles = unstack_to_periods(norm_data.values, cfg.n_timesteps_per_period)

INFO:pyomo.contrib.appsi.solvers.highs:Running HiGHS 1.15.1 (git hash: 04024d7): Copyright (c) 2026 under MIT licence terms

INFO:pyomo.contrib.appsi.solvers.highs:Includes third-party software components, see THIRD_PARTY_NOTICES.md for full details

INFO:pyomo.contrib.appsi.solvers.highs:MIP has 2863 rows; 2809 cols; 8374 nonzeros; 2809 integer variables (2809 binary)

INFO:pyomo.contrib.appsi.solvers.highs:Coefficient ranges:

INFO:pyomo.contrib.appsi.solvers.highs:  Matrix  [1e+00, 1e+00]

INFO:pyomo.contrib.appsi.solvers.highs:  Cost    [7e+01, 8e+02]

INFO:pyomo.contrib.appsi.solvers.highs:  Bound   [1e+00, 1e+00]

INFO:pyomo.contrib.appsi.solvers.highs:  RHS     [1e+00, 1e+01]

INFO:pyomo.contrib.appsi.solvers.highs:Presolving model

INFO:pyomo.contrib.appsi.solvers.highs:2810 rows, 2809 cols, 8374 nonzeros 0s

INFO:pyomo.contrib.appsi.solvers.highs:2810 rows, 2809 cols, 8374 nonzeros 0s

INFO:pyomo.contrib.appsi.solvers.highs:Presolve reductions: rows 2810(-53); columns 2809(-0); nonzeros 8374(-0) 

INFO:pyomo.contrib.appsi.solvers.highs:

INFO:pyomo.contrib.appsi.solvers.highs:Solving MIP model with:

INFO:pyomo.contrib.appsi.solvers.highs:   2810 rows

INFO:pyomo.contrib.appsi.solvers.highs:   2809 cols (2809 binary, 0 integer, 0 implied int., 0 continuous, 0 domain fixed)

INFO:pyomo.contrib.appsi.solvers.highs:   8374 nonzeros

INFO:pyomo.contrib.appsi.solvers.highs:   Thread count 2 (of 4 threads). Using 1 max workers. Parallel search off

INFO:pyomo.contrib.appsi.solvers.highs:

INFO:pyomo.contrib.appsi.solvers.highs:Src: B => Branching; C => Central rounding; F => Feasibility pump; H => Heuristic;

INFO:pyomo.contrib.appsi.solvers.highs:     I => Shifting; J => Feasibility jump; L => Sub-MIP; P => Empty MIP; R => Randomized rounding;

INFO:pyomo.contrib.appsi.solvers.highs:     S => Solve LP; T => Evaluate node; U => Unbounded; X => User solution; Y => HiGHS solution;

INFO:pyomo.contrib.appsi.solvers.highs:     Z => ZI Round; l => Trivial lower; p => Trivial point; u => Trivial upper; z => Trivial zero

INFO:pyomo.contrib.appsi.solvers.highs:

INFO:pyomo.contrib.appsi.solvers.highs:        Nodes      |    B&B Tree     |            Objective Bounds              |  Dynamic Constraints |       Work      

INFO:pyomo.contrib.appsi.solvers.highs:Src  Proc. InQueue |  Leaves   Expl. | BestBound       BestSol              Gap |   Cuts   InLp Confl. | LpIters     Time

INFO:pyomo.contrib.appsi.solvers.highs:

INFO:pyomo.contrib.appsi.solvers.highs: J       0       0         0   0.00%   -inf            15201.935369       Large        0      0      0         0     0.3s

INFO:pyomo.contrib.appsi.solvers.highs: T       0       0         0   0.00%   0               7075.387446      100.00%        0      0      0       299     0.4s

INFO:pyomo.contrib.appsi.solvers.highs:         1       0         1 100.00%   7075.387446     7075.387446        0.00%        0      0      0       299     0.4s

INFO:pyomo.contrib.appsi.solvers.highs:

INFO:pyomo.contrib.appsi.solvers.highs:Solving report

INFO:pyomo.contrib.appsi.solvers.highs:  Status            Optimal

INFO:pyomo.contrib.appsi.solvers.highs:  Primal bound      7075.38744567

INFO:pyomo.contrib.appsi.solvers.highs:  Dual bound        7075.38744567

INFO:pyomo.contrib.appsi.solvers.highs:  Gap               0% (tolerance: 0.01%)

INFO:pyomo.contrib.appsi.solvers.highs:  P-D integral      0.0575826000422

INFO:pyomo.contrib.appsi.solvers.highs:  Solution status   feasible

INFO:pyomo.contrib.appsi.solvers.highs:                    7075.38744567 (objective)

INFO:pyomo.contrib.appsi.solvers.highs:                    0 (bound viol.)

INFO:pyomo.contrib.appsi.solvers.highs:                    0 (int. viol.)

INFO:pyomo.contrib.appsi.solvers.highs:                    0 (row viol.)

INFO:pyomo.contrib.appsi.solvers.highs:  Timing            0.36

INFO:pyomo.contrib.appsi.solvers.highs:                    0.15 (Presolve)

INFO:pyomo.contrib.appsi.solvers.highs:                    0.21 (Solve)

INFO:pyomo.contrib.appsi.solvers.highs:                    0.00 (Postsolve)

INFO:pyomo.contrib.appsi.solvers.highs:  Max sub-MIP depth 0

INFO:pyomo.contrib.appsi.solvers.highs:  Nodes             1

INFO:pyomo.contrib.appsi.solvers.highs:  Repair LPs        0

INFO:pyomo.contrib.appsi.solvers.highs:  LP iterations     299

INFO:pyomo.contrib.appsi.solvers.highs:                    0 (strong br.)

INFO:pyomo.contrib.appsi.solvers.highs:                    0 (separation)

INFO:pyomo.contrib.appsi.solvers.highs:                    0 (heuristics)

.\.venv\Lib\site-packages\tsam\pipeline\orchestrator.py:100: UserWarning: At least one maximal value of the aggregated time series exceeds the maximal value the input time series for: {'South': 4.547473508864641e-13, 'East_wind_pt3_cf': 1.1102230246251565e-16, 'South_wind_pt1_cf': 2.220446049250313e-16}. To silence the warning set the 'numerical_tolerance' to a higher value.

  warnings.warn(

  1704 snapshots in 11 periods (weighted hours=8451.4)

    2018-01-08 00:00 to 2018-01-14 23:00  (168h)  weight=4.00

    2018-02-12 00:00 to 2018-02-18 23:00  (168h)  weight=4.00

    2018-03-12 00:00 to 2018-03-18 23:00  (168h)  weight=9.00

    2018-06-04 00:00 to 2018-06-10 23:00  (168h)  weight=3.00

    2018-07-02 00:00 to 2018-07-08 23:00  (168h)  weight=2.00

    2018-07-16 00:00 to 2018-07-22 23:00  (168h)  weight=1.00

    2018-07-30 00:00 to 2018-08-05 23:00  (168h)  weight=3.00

    2018-09-17 00:00 to 2018-09-23 23:00  (168h)  weight=12.00

    2018-12-03 00:00 to 2018-12-09 23:00  (168h)  weight=11.00

    2018-12-31 00:00 to 2018-12-31 23:00  (24h)  weight=2.14

    2018-06-25 00:00 to 2018-07-01 23:00  (168h)  weight=1.00



[4/6] Existing fleet + candidates...

  large CC merge: cherokee__7_cc  576.0 MW  (CT 336.0 + CA 240.0, scale=1.000)  co2=803.6 lb/MWh  hr=6761 Btu/kWh

  21 existing + 15 vintage + 41 candidate generators

  3 existing + 2 vintage + 12 candidate storage

  hybrid_candidates: 6 Solar+Storage generators, 6 storage

  6 market generators at Candidate_Gas:CC MC = $36.51/MWh

    Market_Wyoming: bus=Wyoming  p_nom=2,536.3 MW

    Market_Utah: bus=Utah  p_nom=1,118.8 MW

    Market_FourCorners: bus=FourCorners  p_nom=1,555.6 MW

    Market_NewMexico: bus=NewMexico  p_nom=324.9 MW

    Market_Nebraska: bus=Nebraska  p_nom=1,044.0 MW

    Market_EasternInterconnect: bus=EasternInterconnect  p_nom=210.0 MW

  relax_pmin: p_min_pu=0 on 77 in-state generators (6 Market_* kept at p_min_pu=-1)



[5/6] Capacity factors (aligned to representative snapshots)...

  p_max_pu assigned to 37 of 77 generators (solar/wind only)

INFO:pypsa.consistency:Sanitizing network...

INFO:pypsa.components._types.carriers:Adding 12 missing carriers: ['AC', 'Gas:CC', 'Gas:CT', 'Geothermal', 'Hydro', 'Hydro:Pumped', 'Nuclear:SMR', 'Solar+Storage', 'Solar:PV', 'Storage:Battery', 'Wind', 'import']

INFO:pypsa.components._types.carriers:Assigned colors to 12 carriers using 'tab10' palette.

INFO:pypsa.consistency:Network sanitization complete.



[6/6] Network assembled.

Solving 2045 (1704 snapshots, week-cyclic SOC, statewide PRM, zonal RA pipes, relax_pmin, aggregate_large_cc, hybrid_candidates)...

  RA: peak=18,351.2 MW at 2018-06-28 13:00:00  PRM=13.9%  requirement=20,902.0 MW

  RA pipes: t*=2018-06-28 13:00:00  statewide peak=18,351.2 MW  11 internal interfaces

    RA_pipe_South_West: South <-> West  +/-63.5 MW

    RA_pipe_East_South: East <-> South  +/-484.4 MW

    RA_pipe_East_North: East <-> North  +/-591.5 MW

    RA_pipe_Denver_South: Denver <-> South  +/-1,610.4 MW

    RA_pipe_Mountain_South: Mountain <-> South  +/-683.8 MW

    RA_pipe_Denver_East: Denver <-> East  +/-464.5 MW

    RA_pipe_Mountain_West: Mountain <-> West  +/-961.1 MW

    RA_pipe_Denver_Mountain: Denver <-> Mountain  +/-73.1 MW

    RA_pipe_Denver_North: Denver <-> North  +/-4,070.5 MW

    RA_pipe_Mountain_North: Mountain <-> North  +/-0.0 MW  (N-1 zero)

    RA_pipe_North_West: North <-> West  +/-0.0 MW  (N-1 zero)

  zonal load at t*:

    Denver: 11,338.7 MW

    North: 1,488.6 MW

    South: 3,300.6 MW

    Mountain: 367.7 MW

    East: 598.4 MW

    West: 1,257.2 MW

  large CC merge: cherokee__7_cc  576.0 MW  (CT 336.0 + CA 240.0, scale=1.000)  co2=803.6 lb/MWh  hr=6761 Btu/kWh


  large CC merge: cherokee__7_cc  576.0 MW  (CT 336.0 + CA 240.0, scale=1.000)  co2=803.6 lb/MWh  hr=6761 Btu/kWh


  hybrid: 6 pairs  p_nom equality on 6 extendable  charge-from-solar on 6


INFO:linopy.model: Solve problem using Highs solver

INFO:linopy.model:Solver options:

 - solver: simplex

 - threads: 2

INFO:linopy.io:Writing objective.


Writing constraints.:   0%|[38;2;128;191;255m          [0m| 0/52 [00:00<?, ?it/s]
Writing constraints.:  10%|[38;2;128;191;255m9         [0m| 5/52 [00:00<00:00, 49.01it/s]
Writing constraints.:  21%|[38;2;128;191;255m##1       [0m| 11/52 [00:00<00:00, 51.32it/s]
Writing constraints.:  37%|[38;2;128;191;255m###6      [0m| 19/52 [00:00<00:00, 63.61it/s]
Writing constraints.:  50%|[38;2;128;191;255m#####     [0m| 26/52 [00:00<00:00, 50.05it/s]
Writing constraints.:  79%|[38;2;128;191;255m#######8  [0m| 41/52 [00:00<00:00, 79.17it/s]
Writing constraints.: 100%|[38;2;128;191;255m##########[0m| 52/52 [00:00<00:00, 76.31it/s]


Writing continuous variables.:   0%|[38;2;128;191;255m          [0m| 0/8 [00:00<?, ?it/s]
Writing continuous variables.: 100%|[38;2;128;191;255m##########[0m| 8/8 [00:00<00:00, 102.84it/s]

INFO:linopy.io: Writing time: 0.78s

Running HiGHS 1.15.1 (git hash: 04024d7): Copyright (c) 2026 under MIT licence terms

Includes third-party software components, see THIRD_PARTY_NOTICES.md for full details

LP linopy-problem-iye2b_8q has 577722 rows; 259072 cols; 1035186 nonzeros

Coefficient ranges:

  Matrix  [1e-04, 4e+00]

  Cost    [4e-01, 6e+05]

  Bound   [6e+01, 4e+03]

  RHS     [9e-04, 1e+04]

Presolving model

159413 rows, 222993 cols, 564114 nonzeros 0s

Dependent equations search running on 34674 equations with time limit of 1000.00s

Dependent equations search removed 0 rows and 0 nonzeros in 0.01s (limit = 1000.00s)

154895 rows, 190603 cols, 538455 nonzeros 2s

Presolve reductions: rows 154895(-422827); columns 190603(-68469); nonzeros 538455(-496731) 

Solving the presolved LP

Using dual simplex solver



========== HiGHS simplex: YEAR 2045 (step 4/5) ==========

2045 |   Iteration        Objective     Infeasibilities num(sum)

2045 |           0    -2.0949011641e+09 Pr: 10227(1.48565e+07) 2.9s

2045 |       26789    -1.7200015953e+09 Pr: 11336(8.4178e+06); Du: 0(2.12356e-05) 8.0s

2045 |       41221    -1.5702645572e+09 Pr: 13627(1.30807e+07); Du: 0(1.93504e-05) 13.0s

2045 |       53118    -1.3552464123e+09 Pr: 17379(2.32233e+07); Du: 0(1.87428e-05) 18.4s

2045 |       56677    -1.0332576495e+09 Pr: 26459(6.76411e+07); Du: 0(1.8272e-05) 23.6s

2045 |       58950    -1.0332573693e+09 Pr: 26819(7.85583e+07); Du: 0(1.77458e-05) 29.5s

2045 |       60535    -1.0212456460e+09 Pr: 32360(8.01103e+07); Du: 0(1.72207e-05) 34.5s

2045 |       62880    -9.8434972032e+08 Pr: 22633(1.88023e+07); Du: 0(1.72152e-05) 40.1s

2045 |       66321    -9.7061862372e+08 Pr: 25216(1.52317e+08); Du: 0(1.85165e-05) 48.7s

2045 |       67233    -9.6551070915e+08 Pr: 33489(4.97837e+08); Du: 0(1.80744e-05) 56.2s

2045 |       68641    -9.4131419638e+08 Pr: 24656(5.01169e+07); Du: 0(1.83971e-05) 62.6s

2045 |       70086    -8.9772717017e+08 Pr: 23239(2.66235e+07); Du: 0(1.79174e-05) 69.5s

2045 |       78049    -8.1228246314e+08 Pr: 28326(1.95976e+07); Du: 0(1.72435e-05) 75.4s

2045 |       85676    -7.5805854844e+08 Pr: 27679(1.53932e+07); Du: 0(1.71439e-05) 80.9s

2045 |       94066    -6.5992475036e+08 Pr: 20735(2.71488e+07); Du: 0(1.82007e-05) 86.1s

2045 |      102422    -6.0651732378e+08 Pr: 31446(4.06157e+08); Du: 0(1.88756e-05) 91.5s

2045 |      112612    -5.3028071137e+08 Pr: 30275(2.09542e+07); Du: 0(1.94919e-05) 97.1s

2045 |      120554    -4.3853358952e+08 Pr: 25335(2.79002e+07); Du: 0(1.89749e-05) 102.5s

2045 |      127062    -3.8116839751e+08 Pr: 23602(1.02034e+07); Du: 0(2.14426e-05) 107.8s

2045 |      134492    -3.3932582015e+08 Pr: 23822(9.57375e+06); Du: 0(2.47694e-05) 113.2s

2045 |      142772    -2.8915722447e+08 Pr: 19678(2.89075e+06); Du: 0(2.45995e-05) 119.1s

2045 |      148786    -2.4612528811e+08 Pr: 18672(2.24772e+06); Du: 0(2.54151e-05) 124.4s

2045 |      154748    -2.2014635673e+08 Pr: 16583(1.93315e+07); Du: 0(2.6921e-05) 129.4s

2045 |      161775    -1.6023924095e+08 Pr: 21451(2.04466e+07); Du: 0(2.81657e-05) 136.4s

2045 |      165156    -1.4922153717e+08 Pr: 12153(1.74059e+06); Du: 0(2.91223e-05) 141.7s

2045 |      171791    -1.2234360959e+08 Pr: 9201(1.98058e+06); Du: 0(3.17281e-05) 147.1s

2045 |      177796    -1.1923835568e+08 Pr: 15906(8.73406e+06); Du: 0(3.27356e-05) 152.7s

2045 |      180730    -1.1750705240e+08 Pr: 8738(2.43397e+06); Du: 0(3.31872e-05) 158.4s

2045 |      190981    -1.1461888380e+08 Pr: 0(0); Du: 0(4.55081e-10) 162.9s



Performed postsolve

Solving the original LP from the solution after postsolve



Model name          : linopy-problem-iye2b_8q

Model status        : Optimal

Simplex   iterations: 190981

Objective value     : -1.1461888380e+08

P-D objective error :  2.2497566263e-13

HiGHS run time      :        163.67

INFO:linopy.constants: Optimization successful: 

Status: ok

Termination condition: optimal

Solution: 259072 primals, 577909 duals

Objective: -1.15e+08

Solver: highs

Runtime: 163.67s

MIP gap: inf

Dual bound: 0.00e+00

Solver model: available

Solver message: Optimal



INFO:pypsa.optimization.optimize:The variable 'RA_pipe' could not be mapped to the network component because it does not include the symbol '-'.

INFO:pypsa.optimization.optimize:The shadow-prices of the constraints Generator-fix-p-lower, Generator-fix-p-upper, Generator-ext-p-lower, Generator-ext-p-upper, Link-fix-p-lower, Link-fix-p-upper, StorageUnit-fix-p_dispatch-lower, StorageUnit-fix-p_dispatch-upper, StorageUnit-ext-p_dispatch-lower, StorageUnit-ext-p_dispatch-upper, StorageUnit-fix-p_store-lower, StorageUnit-fix-p_store-upper, StorageUnit-ext-p_store-lower, StorageUnit-ext-p_store-upper, StorageUnit-fix-state_of_charge-lower, StorageUnit-fix-state_of_charge-upper, StorageUnit-ext-state_of_charge-lower, StorageUnit-ext-state_of_charge-upper, StorageUnit-energy_balance, reserve_margin_CO, RA_deliverability_Denver, RA_deliverability_North, RA_deliverability_South, RA_deliverability_Mountain, RA_deliverability_East, RA_deliverability_West, hybrid_charge_from_solar_Candidate_Solar_plus_Storage_Denver_Battery, hybrid_pair_p_nom_Candidate_Solar_plus_Storage_Denver_Battery, hybrid_charge_from_solar_Candidate_Solar_plus_Storage_East_Battery, hybrid_pair_p_nom_Candidate_Solar_plus_Storage_East_Battery, hybrid_charge_from_solar_Candidate_Solar_plus_Storage_Mountain_Battery, hybrid_pair_p_nom_Candidate_Solar_plus_Storage_Mountain_Battery, hybrid_charge_from_solar_Candidate_Solar_plus_Storage_North_Battery, hybrid_pair_p_nom_Candidate_Solar_plus_Storage_North_Battery, hybrid_charge_from_solar_Candidate_Solar_plus_Storage_South_Battery, hybrid_pair_p_nom_Candidate_Solar_plus_Storage_South_Battery, hybrid_charge_from_solar_Candidate_Solar_plus_Storage_West_Battery, hybrid_pair_p_nom_Candidate_Solar_plus_Storage_West_Battery were not assigned to the network.

=== YEAR 2045 DONE status=ok  wall=185s  objective=$-114,618,884  vintages_carried=22 ===

Build-out by carrier (MW):

layer            existing  vintage  new_build    total

carrier                                               

Wind              3,008.2 11,633.4    1,634.6 16,276.2

Gas:CT              936.2  9,915.5    4,233.1 15,084.9

Solar:PV          4,659.7  3,657.3      612.5  8,929.5

Storage:Battery       0.0    807.1       69.3    876.5

Hydro               667.7      0.0        0.0    667.7

Hydro:Pumped        578.5      0.0        0.0    578.5

Gas:CC              576.0      0.0        0.0    576.0

Zonal shadow prices, mean over snapshots ($/MWh):

name

Denver                 30.129393

North                  29.971175

South                  30.012196

Mountain               35.327629

East                   24.335081

West                   35.238433

Wyoming                36.506693

Utah                   36.506693

FourCorners            36.506693

NewMexico              36.506693

Nebraska               36.506693

EasternInterconnect    36.506693

  large CC merge: cherokee__7_cc  576.0 MW  (CT 336.0 + CA 240.0, scale=1.000)  co2=803.6 lb/MWh  hr=6761 Btu/kWh

Reserve margin (statewide, copper-plate):

  peak 18,351.2 MW at 2018-06-28 13:00:00  PRM 13.9%  requirement 20,902.0 MW

                 accredited_mw    p_nom

carrier                                

Gas:CC                   533.9    576.0

Gas:CT                13,588.4 15,084.9

Geothermal                 0.0      0.0

Hydro                    564.0    667.7

Hydro:Pumped             532.0    578.5

Nuclear:SMR                0.0      0.0

Solar+Storage              0.0      0.0

Solar:PV                 119.5  8,929.5

Storage:Battery          518.3    876.5

Wind                   5,045.8 16,276.2

  accredited total 20,902.0 MW  slack 0.0 MW

  dual $93,511.17/MW-yr

  large CC merge: cherokee__7_cc  576.0 MW  (CT 336.0 + CA 240.0, scale=1.000)  co2=803.6 lb/MWh  hr=6761 Btu/kWh

Zonal deliverability (firm RA pipes at t*):

  t* 2018-06-28 13:00:00  statewide peak 18,351.2 MW

          accredited_mw  net_firm_in_mw  load_at_tstar_mw  slack_mw  dual

zone                                                                     

Denver          8,029.9         3,308.8          11,338.7       0.0  -0.0

North           5,001.8        -1,833.1           1,488.6   1,680.1  -0.0

South           2,570.3           730.3           3,300.6       0.0  -0.0

Mountain          342.6            25.1             367.7       0.0  -0.0

East            3,009.5        -1,540.4             598.4     870.7  -0.0

West            1,947.8          -690.7           1,257.2       0.0  -0.0

RA pipe flows (positive = from -> to):

                             from        to  flow_mw  limit_mw  at_bound

pipe                                                                    

RA_pipe_South_West          South      West    -63.5      63.5      True

RA_pipe_East_South           East     South    484.4     484.4      True

RA_pipe_East_North           East     North    591.5     591.5      True

RA_pipe_Denver_South       Denver     South   -492.8   1,610.4     False

RA_pipe_Mountain_South   Mountain     South    675.2     683.8     False

RA_pipe_Denver_East        Denver      East   -464.5     464.5      True

RA_pipe_Mountain_West    Mountain      West   -627.2     961.1     False

RA_pipe_Denver_Mountain    Denver  Mountain     73.1      73.1      True

RA_pipe_Denver_North       Denver     North -2,424.6   4,070.5     False

RA_pipe_Mountain_North   Mountain     North      0.0       0.0      True

RA_pipe_North_West          North      West      0.0       0.0      True

  reserve_margin_CO dual $93,511.17/MW-yr

Storage cyclic-week energy balance (expect ~0):

  week 0: max |net| = 0.0000 MWh  (Denver_Hydro:Pumped_agg)

  week 1: max |net| = 0.0000 MWh  (Built_Storage:Battery_East_2040)

  week 2: max |net| = 0.0000 MWh  (Mountain_Hydro:Pumped_agg)

  week 3: max |net| = 0.0000 MWh  (Built_Storage:Battery_East_2040)

  week 4: max |net| = 0.0000 MWh  (Denver_Hydro:Pumped_agg)

  week 5: max |net| = 0.0000 MWh  (Denver_Hydro:Pumped_agg)

  week 6: max |net| = 0.0000 MWh  (Denver_Hydro:Pumped_agg)

  week 7: max |net| = 0.0000 MWh  (Denver_Hydro:Pumped_agg)

  week 8: max |net| = 0.0000 MWh  (Built_Storage:Battery_East_2040)

  week 9: max |net| = 0.0000 MWh  (Candidate_Storage:Battery_East)

  week 10: max |net| = 0.0000 MWh  (Denver_Hydro:Pumped_agg)

Net interchange by interface (TWh, + = CO export):

  Link_West_FourCorners: West <-> FourCorners  +0.943 TWh

  Link_West_Utah: West <-> Utah  +5.653 TWh

  Link_East_Nebraska: East <-> Nebraska  +3.935 TWh

  Link_South_NewMexico: South <-> NewMexico  +0.868 TWh

  Link_Mountain_Wyoming: Mountain <-> Wyoming  +0.812 TWh

  Link_North_Wyoming: North <-> Wyoming  +5.230 TWh

  Link_East_EasternInterconnect: East <-> EasternInterconnect  +1.060 TWh

  total  +18.502 TWh

Annual cash-flow cost ($):

  capex_overnight  $5,967,505,290

  fom_existing  $226,142,816

  fom_vintage  $652,786,199

  fom_new  $149,446,919

  opex_instate  $7,488,007

  import_cost  $534,564,546

  export_revenue  $1,210,001,757

  annual_system_cost  $6,327,932,020

  annual_system_cost_ex_trade  $7,003,369,231

  lp_objective  $-114,618,884

  identity_gap  $0.00

  wrote pypsa\scenarios\no_co2_policy\dispatch_2045.csv (231,744 rows)

INFO:pypsa.network.io:Exported network 'Unnamed Network' saved to '.\pypsa\scenarios\no_co2_policy\2045.nc contains: carriers, loads, generators, sub_networks, links, buses, storage_units

  wrote pypsa\scenarios\no_co2_policy\2045.nc



=== YEAR 2050/2050 START (step 5/5) ===

  surviving vintages: 19 generators, 2 storage



[1/6] Buses...

  6 CO buses: ['Denver', 'North', 'South', 'Mountain', 'East', 'West']

  6 external buses: ['Wyoming', 'Utah', 'FourCorners', 'NewMexico', 'Nebraska', 'EasternInterconnect']



[2/6] Links...

  11 links, internal_limits (raw_sum_mw), bidirectional

    Link_South_West: South <-> West  p_nom=363.1 MW

    Link_East_South: East <-> South  p_nom=994.4 MW

    Link_East_North: East <-> North  p_nom=1,245.3 MW

    Link_Denver_South: Denver <-> South  p_nom=3,024.1 MW

    Link_Mountain_South: Mountain <-> South  p_nom=1,394.4 MW

    Link_Denver_East: Denver <-> East  p_nom=1,769.1 MW

    Link_Mountain_West: Mountain <-> West  p_nom=1,720.9 MW

    Link_Denver_Mountain: Denver <-> Mountain  p_nom=522.0 MW

    Link_Denver_North: Denver <-> North  p_nom=6,786.4 MW

    Link_Mountain_North: Mountain <-> North  p_nom=37.2 MW

    Link_North_West: North <-> West  p_nom=421.5 MW

  7 links, external (raw_sum_mw), bidirectional

    Link_West_FourCorners: West <-> FourCorners  p_nom=1,555.6 MW

    Link_West_Utah: West <-> Utah  p_nom=1,118.8 MW

    Link_East_Nebraska: East <-> Nebraska  p_nom=1,044.0 MW

    Link_South_NewMexico: South <-> NewMexico  p_nom=324.9 MW

    Link_Mountain_Wyoming: Mountain <-> Wyoming  p_nom=504.8 MW

    Link_North_Wyoming: North <-> Wyoming  p_nom=2,031.5 MW

    Link_East_EasternInterconnect: East <-> EasternInterconnect  p_nom=210.0 MW



[3/6] Representative weeks (Milestone 2 load + Milestone 3 clustering)...

.\.venv\Lib\site-packages\tsam\pipeline\orchestrator.py:296: UserWarning: The time series covers 8760 time steps, which is not a whole number of 168-step periods. The last period is filled up with the first 144 time steps of the series so it can be clustered; its occurrence count is reduced accordingly and the padding is dropped again on reconstruction.

  period_profiles = unstack_to_periods(norm_data.values, cfg.n_timesteps_per_period)

INFO:pyomo.contrib.appsi.solvers.highs:Running HiGHS 1.15.1 (git hash: 04024d7): Copyright (c) 2026 under MIT licence terms

INFO:pyomo.contrib.appsi.solvers.highs:Includes third-party software components, see THIRD_PARTY_NOTICES.md for full details

INFO:pyomo.contrib.appsi.solvers.highs:MIP has 2863 rows; 2809 cols; 8374 nonzeros; 2809 integer variables (2809 binary)

INFO:pyomo.contrib.appsi.solvers.highs:Coefficient ranges:

INFO:pyomo.contrib.appsi.solvers.highs:  Matrix  [1e+00, 1e+00]

INFO:pyomo.contrib.appsi.solvers.highs:  Cost    [7e+01, 8e+02]

INFO:pyomo.contrib.appsi.solvers.highs:  Bound   [1e+00, 1e+00]

INFO:pyomo.contrib.appsi.solvers.highs:  RHS     [1e+00, 1e+01]

INFO:pyomo.contrib.appsi.solvers.highs:Presolving model

INFO:pyomo.contrib.appsi.solvers.highs:2810 rows, 2809 cols, 8374 nonzeros 0s

INFO:pyomo.contrib.appsi.solvers.highs:2810 rows, 2809 cols, 8374 nonzeros 0s

INFO:pyomo.contrib.appsi.solvers.highs:Presolve reductions: rows 2810(-53); columns 2809(-0); nonzeros 8374(-0) 

INFO:pyomo.contrib.appsi.solvers.highs:

INFO:pyomo.contrib.appsi.solvers.highs:Solving MIP model with:

INFO:pyomo.contrib.appsi.solvers.highs:   2810 rows

INFO:pyomo.contrib.appsi.solvers.highs:   2809 cols (2809 binary, 0 integer, 0 implied int., 0 continuous, 0 domain fixed)

INFO:pyomo.contrib.appsi.solvers.highs:   8374 nonzeros

INFO:pyomo.contrib.appsi.solvers.highs:   Thread count 2 (of 4 threads). Using 1 max workers. Parallel search off

INFO:pyomo.contrib.appsi.solvers.highs:

INFO:pyomo.contrib.appsi.solvers.highs:Src: B => Branching; C => Central rounding; F => Feasibility pump; H => Heuristic;

INFO:pyomo.contrib.appsi.solvers.highs:     I => Shifting; J => Feasibility jump; L => Sub-MIP; P => Empty MIP; R => Randomized rounding;

INFO:pyomo.contrib.appsi.solvers.highs:     S => Solve LP; T => Evaluate node; U => Unbounded; X => User solution; Y => HiGHS solution;

INFO:pyomo.contrib.appsi.solvers.highs:     Z => ZI Round; l => Trivial lower; p => Trivial point; u => Trivial upper; z => Trivial zero

INFO:pyomo.contrib.appsi.solvers.highs:

INFO:pyomo.contrib.appsi.solvers.highs:        Nodes      |    B&B Tree     |            Objective Bounds              |  Dynamic Constraints |       Work      

INFO:pyomo.contrib.appsi.solvers.highs:Src  Proc. InQueue |  Leaves   Expl. | BestBound       BestSol              Gap |   Cuts   InLp Confl. | LpIters     Time

INFO:pyomo.contrib.appsi.solvers.highs:

INFO:pyomo.contrib.appsi.solvers.highs: J       0       0         0   0.00%   -inf            16650.084472       Large        0      0      0         0     0.3s

INFO:pyomo.contrib.appsi.solvers.highs: T       0       0         0   0.00%   0               7536.522111      100.00%        0      0      0       261     0.4s

INFO:pyomo.contrib.appsi.solvers.highs:         1       0         1 100.00%   7536.522111     7536.522111        0.00%        0      0      0       261     0.4s

INFO:pyomo.contrib.appsi.solvers.highs:

INFO:pyomo.contrib.appsi.solvers.highs:Solving report

INFO:pyomo.contrib.appsi.solvers.highs:  Status            Optimal

INFO:pyomo.contrib.appsi.solvers.highs:  Primal bound      7536.52211092

INFO:pyomo.contrib.appsi.solvers.highs:  Dual bound        7536.52211092

INFO:pyomo.contrib.appsi.solvers.highs:  Gap               0% (tolerance: 0.01%)

INFO:pyomo.contrib.appsi.solvers.highs:  P-D integral      0.055164499674

INFO:pyomo.contrib.appsi.solvers.highs:  Solution status   feasible

INFO:pyomo.contrib.appsi.solvers.highs:                    7536.52211092 (objective)

INFO:pyomo.contrib.appsi.solvers.highs:                    0 (bound viol.)

INFO:pyomo.contrib.appsi.solvers.highs:                    0 (int. viol.)

INFO:pyomo.contrib.appsi.solvers.highs:                    0 (row viol.)

INFO:pyomo.contrib.appsi.solvers.highs:  Timing            0.39

INFO:pyomo.contrib.appsi.solvers.highs:                    0.14 (Presolve)

INFO:pyomo.contrib.appsi.solvers.highs:                    0.25 (Solve)

INFO:pyomo.contrib.appsi.solvers.highs:                    0.00 (Postsolve)

INFO:pyomo.contrib.appsi.solvers.highs:  Max sub-MIP depth 0

INFO:pyomo.contrib.appsi.solvers.highs:  Nodes             1

INFO:pyomo.contrib.appsi.solvers.highs:  Repair LPs        0

INFO:pyomo.contrib.appsi.solvers.highs:  LP iterations     261

INFO:pyomo.contrib.appsi.solvers.highs:                    0 (strong br.)

INFO:pyomo.contrib.appsi.solvers.highs:                    0 (separation)

INFO:pyomo.contrib.appsi.solvers.highs:                    0 (heuristics)

  1704 snapshots in 11 periods (weighted hours=8451.4)

    2018-01-15 00:00 to 2018-01-21 23:00  (168h)  weight=3.00

    2018-02-12 00:00 to 2018-02-18 23:00  (168h)  weight=5.00

    2018-03-12 00:00 to 2018-03-18 23:00  (168h)  weight=7.00

    2018-06-04 00:00 to 2018-06-10 23:00  (168h)  weight=2.00

    2018-07-02 00:00 to 2018-07-08 23:00  (168h)  weight=2.00

    2018-07-23 00:00 to 2018-07-29 23:00  (168h)  weight=3.00

    2018-09-17 00:00 to 2018-09-23 23:00  (168h)  weight=13.00

    2018-10-22 00:00 to 2018-10-28 23:00  (168h)  weight=10.00

    2018-12-10 00:00 to 2018-12-16 23:00  (168h)  weight=3.00

    2018-12-31 00:00 to 2018-12-31 23:00  (24h)  weight=2.14

    2018-06-25 00:00 to 2018-07-01 23:00  (168h)  weight=2.00



[4/6] Existing fleet + candidates...

  16 existing + 19 vintage + 41 candidate generators

  3 existing + 2 vintage + 12 candidate storage

  hybrid_candidates: 6 Solar+Storage generators, 6 storage

  6 market generators at Candidate_Gas:CC MC = $35.44/MWh

    Market_Wyoming: bus=Wyoming  p_nom=2,536.3 MW

    Market_Utah: bus=Utah  p_nom=1,118.8 MW

    Market_FourCorners: bus=FourCorners  p_nom=1,555.6 MW

    Market_NewMexico: bus=NewMexico  p_nom=324.9 MW

    Market_Nebraska: bus=Nebraska  p_nom=1,044.0 MW

    Market_EasternInterconnect: bus=EasternInterconnect  p_nom=210.0 MW

  relax_pmin: p_min_pu=0 on 76 in-state generators (6 Market_* kept at p_min_pu=-1)



[5/6] Capacity factors (aligned to representative snapshots)...

INFO:pypsa.consistency:Sanitizing network...

  p_max_pu assigned to 37 of 76 generators (solar/wind only)

INFO:pypsa.components._types.carriers:Adding 12 missing carriers: ['AC', 'Gas:CC', 'Gas:CT', 'Geothermal', 'Hydro', 'Hydro:Pumped', 'Nuclear:SMR', 'Solar+Storage', 'Solar:PV', 'Storage:Battery', 'Wind', 'import']

INFO:pypsa.components._types.carriers:Assigned colors to 12 carriers using 'tab10' palette.



[6/6] Network assembled.INFO:pypsa.consistency:Network sanitization complete.



Solving 2050 (1704 snapshots, week-cyclic SOC, statewide PRM, zonal RA pipes, relax_pmin, aggregate_large_cc, hybrid_candidates)...

  RA: peak=20,521.2 MW at 2018-06-28 13:00:00  PRM=13.9%  requirement=23,373.6 MW

  RA pipes: t*=2018-06-28 13:00:00  statewide peak=20,521.2 MW  11 internal interfaces

    RA_pipe_South_West: South <-> West  +/-63.5 MW

    RA_pipe_East_South: East <-> South  +/-484.4 MW

    RA_pipe_East_North: East <-> North  +/-591.5 MW

    RA_pipe_Denver_South: Denver <-> South  +/-1,610.4 MW

    RA_pipe_Mountain_South: Mountain <-> South  +/-683.8 MW

    RA_pipe_Denver_East: Denver <-> East  +/-464.5 MW

    RA_pipe_Mountain_West: Mountain <-> West  +/-961.1 MW

    RA_pipe_Denver_Mountain: Denver <-> Mountain  +/-73.1 MW

    RA_pipe_Denver_North: Denver <-> North  +/-4,070.5 MW

    RA_pipe_Mountain_North: Mountain <-> North  +/-0.0 MW  (N-1 zero)

    RA_pipe_North_West: North <-> West  +/-0.0 MW  (N-1 zero)

  zonal load at t*:

    Denver: 12,899.8 MW

    North: 1,562.5 MW

    South: 3,606.9 MW

    Mountain: 406.6 MW

    East: 664.4 MW

    West: 1,381.0 MW

  hybrid: 6 pairs  p_nom equality on 6 extendable  charge-from-solar on 6


INFO:linopy.model: Solve problem using Highs solver

INFO:linopy.model:Solver options:

 - solver: simplex

 - threads: 2

INFO:linopy.io:Writing objective.


Writing constraints.:   0%|[38;2;128;191;255m          [0m| 0/52 [00:00<?, ?it/s]
Writing constraints.:  10%|[38;2;128;191;255m9         [0m| 5/52 [00:00<00:01, 43.16it/s]
Writing constraints.:  19%|[38;2;128;191;255m#9        [0m| 10/52 [00:00<00:01, 41.60it/s]
Writing constraints.:  31%|[38;2;128;191;255m###       [0m| 16/52 [00:00<00:00, 48.58it/s]
Writing constraints.:  40%|[38;2;128;191;255m####      [0m| 21/52 [00:00<00:00, 40.44it/s]
Writing constraints.:  58%|[38;2;128;191;255m#####7    [0m| 30/52 [00:00<00:00, 54.25it/s]
Writing constraints.:  87%|[38;2;128;191;255m########6 [0m| 45/52 [00:00<00:00, 81.55it/s]
Writing constraints.: 100%|[38;2;128;191;255m##########[0m| 52/52 [00:00<00:00, 68.04it/s]


Writing continuous variables.:   0%|[38;2;128;191;255m          [0m| 0/8 [00:00<?, ?it/s]
Writing continuous variables.: 100%|[38;2;128;191;255m##########[0m| 8/8 [00:00<00:00, 112.08it/s]

INFO:linopy.io: Writing time: 0.86s

Running HiGHS 1.15.1 (git hash: 04024d7): Copyright (c) 2026 under MIT licence terms

Includes third-party software components, see THIRD_PARTY_NOTICES.md for full details

LP linopy-problem-aoliyc9_ has 574314 rows; 257368 cols; 1029804 nonzeros

Coefficient ranges:

  Matrix  [5e-05, 4e+00]

  Cost    [8e-01, 6e+05]

  Bound   [6e+01, 4e+03]

  RHS     [4e-04, 1e+04]

Presolving model

158814 rows, 220273 cols, 560041 nonzeros 1s

Dependent equations search running on 34510 equations with time limit of 1000.00s

Dependent equations search removed 0 rows and 0 nonzeros in 0.02s (limit = 1000.00s)

154132 rows, 190002 cols, 536803 nonzeros 2s

Presolve reductions: rows 154132(-420182); columns 190002(-67366); nonzeros 536803(-493001) 

Solving the presolved LP

Using dual simplex solver



========== HiGHS simplex: YEAR 2050 (step 5/5) ==========

2050 |   Iteration        Objective     Infeasibilities num(sum)

2050 |           0    -2.0337918121e+09 Pr: 10227(1.26118e+07) 3.3s

2050 |       20640    -1.5968676127e+09 Pr: 10529(1.99782e+07); Du: 0(2.0224e-05) 8.5s

2050 |       29585    -1.5007690473e+09 Pr: 11797(2.25089e+07); Du: 0(2.02533e-05) 13.8s

2050 |       40119    -1.3775371798e+09 Pr: 13475(1.53675e+07); Du: 0(2.13642e-05) 18.8s

2050 |       52361    -1.2281444202e+09 Pr: 17039(2.04989e+07); Du: 0(2.00055e-05) 24.0s

2050 |       55916    -1.1989345599e+09 Pr: 22706(6.01574e+07); Du: 0(1.81888e-05) 30.1s

2050 |       58514    -1.1494698164e+09 Pr: 18409(1.89239e+07); Du: 0(1.75743e-05) 35.2s

2050 |       60069    -1.1494698032e+09 Pr: 18645(2.00192e+07); Du: 0(1.75125e-05) 41.2s

2050 |       61257    -1.1494697903e+09 Pr: 18744(3.1254e+07); Du: 0(1.73336e-05) 46.8s

2050 |       63006    -1.1494697033e+09 Pr: 19097(2.53614e+07); Du: 0(1.61449e-05) 52.2s

2050 |       64545    -1.1448084318e+09 Pr: 28125(1.47273e+09); Du: 0(1.59396e-05) 57.6s

2050 |       66190    -1.1448084079e+09 Pr: 28289(1.47579e+09); Du: 0(1.57216e-05) 63.8s

2050 |       67491    -1.1448083800e+09 Pr: 28453(1.47934e+09); Du: 0(1.61615e-05) 68.9s

2050 |       68883    -1.1448081242e+09 Pr: 28661(1.54524e+09); Du: 0(1.50919e-05) 74.3s

2050 |       70425    -1.1320369751e+09 Pr: 29453(1.50555e+09); Du: 0(1.46271e-05) 80.4s

2050 |       71760    -1.0830522735e+09 Pr: 29557(1.40768e+09); Du: 0(1.41722e-05) 86.2s

2050 |       73822    -1.0525811565e+09 Pr: 26222(3.32394e+09); Du: 0(1.45834e-05) 91.5s

2050 |       75510    -1.0301962951e+09 Pr: 31270(1.49568e+08); Du: 0(1.50854e-05) 96.8s

2050 |       78108    -1.0012262090e+09 Pr: 38981(6.30737e+08); Du: 0(1.35379e-05) 102.5s

2050 |       80128    -9.5367693225e+08 Pr: 36396(3.42534e+08); Du: 0(1.3552e-05) 110.0s

2050 |       81438    -9.1754149533e+08 Pr: 26955(1.03978e+08); Du: 0(1.29846e-05) 115.2s

2050 |       83328    -9.0123568476e+08 Pr: 38563(6.15965e+07); Du: 0(1.36138e-05) 120.9s

2050 |       85430    -8.6927712822e+08 Pr: 34486(7.2464e+08); Du: 0(1.28627e-05) 128.5s

2050 |       87557    -8.2783835885e+08 Pr: 29868(5.75727e+08); Du: 0(1.28557e-05) 136.1s

2050 |       88179    -8.1106970260e+08 Pr: 34845(6.05318e+08); Du: 0(1.26731e-05) 144.2s

2050 |       91568    -7.1212844612e+08 Pr: 33580(2.67469e+08); Du: 0(1.40701e-05) 150.4s

2050 |       93184    -6.5307207069e+08 Pr: 33737(1.00505e+08); Du: 0(1.37559e-05) 156.0s

2050 |       95021    -6.1704430406e+08 Pr: 28530(6.88734e+08); Du: 0(1.35285e-05) 164.5s

2050 |       96532    -5.8929178140e+08 Pr: 33046(4.15953e+07); Du: 0(1.3426e-05) 171.5s

2050 |       97973    -5.6109368935e+08 Pr: 34272(1.34369e+08); Du: 0(1.41964e-05) 178.7s

2050 |      101111    -5.0882045188e+08 Pr: 30045(6.01409e+08); Du: 0(1.56584e-05) 184.4s

2050 |      104904    -4.4747627606e+08 Pr: 31875(1.88237e+08); Du: 0(1.63759e-05) 191.9s

2050 |      107389    -4.1309261285e+08 Pr: 33240(1.38861e+08); Du: 0(1.7389e-05) 199.5s

2050 |      112239    -3.6947920904e+08 Pr: 35975(1.99738e+07); Du: 0(1.64446e-05) 205.8s

2050 |      118922    -3.3220048533e+08 Pr: 29679(2.39313e+08); Du: 0(1.81809e-05) 211.0s

2050 |      124025    -3.0902079158e+08 Pr: 34268(3.14616e+07); Du: 0(1.9512e-05) 217.0s

2050 |      128691    -2.9540717964e+08 Pr: 27858(9.41666e+06); Du: 0(1.82704e-05) 222.4s

2050 |      130874    -2.9009172304e+08 Pr: 21869(8.82719e+06); Du: 0(1.90416e-05) 230.4s

2050 |      131944    -2.8807705723e+08 Pr: 16408(6.26739e+06); Du: 0(1.96831e-05) 238.2s

2050 |      134096    -2.8174590223e+08 Pr: 20922(8.03845e+06); Du: 0(1.99004e-05) 244.4s

2050 |      142106    -2.6518096149e+08 Pr: 23573(8.63019e+07); Du: 0(2.18915e-05) 250.0s

2050 |      148872    -2.5418852253e+08 Pr: 18797(3.71435e+06); Du: 0(2.34077e-05) 255.1s

2050 |      156317    -2.4233494607e+08 Pr: 23476(3.21254e+07); Du: 0(2.46834e-05) 260.3s

2050 |      163176    -2.3510050543e+08 Pr: 20158(4.72745e+06); Du: 0(2.36276e-05) 265.9s

2050 |      169728    -2.3125150091e+08 Pr: 27909(2.26452e+07); Du: 0(2.74298e-05) 271.3s

2050 |      177146    -2.2786687669e+08 Pr: 16160(766675); Du: 0(2.7729e-05) 276.4s

2050 |      185574    -2.2186335124e+08 Pr: 11945(398313); Du: 0(2.86337e-05) 281.9s

2050 |      192521    -2.2053008250e+08 Pr: 7677(119961); Du: 0(3.06562e-05) 287.2s

2050 |      194967    -2.1969759727e+08 Pr: 0(0); Du: 0(5.14318e-09) 288.4s



Performed postsolve

Solving the original LP from the solution after postsolve



Model name          : linopy-problem-aoliyc9_

Model status        : Optimal

Simplex   iterations: 194967

Objective value     : -2.1969759727e+08

P-D objective error :  9.6516086629e-14

HiGHS run time      :        289.11

INFO:linopy.constants: Optimization successful: 

Status: ok

Termination condition: optimal

Solution: 257368 primals, 574501 duals

Objective: -2.20e+08

Solver: highs

Runtime: 289.11s

MIP gap: inf

Dual bound: 0.00e+00

Solver model: available

Solver message: Optimal



INFO:pypsa.optimization.optimize:The variable 'RA_pipe' could not be mapped to the network component because it does not include the symbol '-'.

INFO:pypsa.optimization.optimize:The shadow-prices of the constraints Generator-fix-p-lower, Generator-fix-p-upper, Generator-ext-p-lower, Generator-ext-p-upper, Link-fix-p-lower, Link-fix-p-upper, StorageUnit-fix-p_dispatch-lower, StorageUnit-fix-p_dispatch-upper, StorageUnit-ext-p_dispatch-lower, StorageUnit-ext-p_dispatch-upper, StorageUnit-fix-p_store-lower, StorageUnit-fix-p_store-upper, StorageUnit-ext-p_store-lower, StorageUnit-ext-p_store-upper, StorageUnit-fix-state_of_charge-lower, StorageUnit-fix-state_of_charge-upper, StorageUnit-ext-state_of_charge-lower, StorageUnit-ext-state_of_charge-upper, StorageUnit-energy_balance, reserve_margin_CO, RA_deliverability_Denver, RA_deliverability_North, RA_deliverability_South, RA_deliverability_Mountain, RA_deliverability_East, RA_deliverability_West, hybrid_charge_from_solar_Candidate_Solar_plus_Storage_Denver_Battery, hybrid_pair_p_nom_Candidate_Solar_plus_Storage_Denver_Battery, hybrid_charge_from_solar_Candidate_Solar_plus_Storage_East_Battery, hybrid_pair_p_nom_Candidate_Solar_plus_Storage_East_Battery, hybrid_charge_from_solar_Candidate_Solar_plus_Storage_Mountain_Battery, hybrid_pair_p_nom_Candidate_Solar_plus_Storage_Mountain_Battery, hybrid_charge_from_solar_Candidate_Solar_plus_Storage_North_Battery, hybrid_pair_p_nom_Candidate_Solar_plus_Storage_North_Battery, hybrid_charge_from_solar_Candidate_Solar_plus_Storage_South_Battery, hybrid_pair_p_nom_Candidate_Solar_plus_Storage_South_Battery, hybrid_charge_from_solar_Candidate_Solar_plus_Storage_West_Battery, hybrid_pair_p_nom_Candidate_Solar_plus_Storage_West_Battery were not assigned to the network.

=== YEAR 2050 DONE status=ok  wall=317s  objective=$-219,697,597  vintages_carried=30 ===

Build-out by carrier (MW):

layer            existing  vintage  new_build    total

carrier                                               

Gas:CT              726.2 14,148.7    3,367.7 18,242.6

Wind                249.0 13,268.0    2,087.8 15,604.7

Solar:PV          4,329.2  4,269.8    1,294.0  9,893.1

Storage:Battery       0.0    658.1    1,801.7  2,459.8

Hydro               638.2      0.0        0.0    638.2

Hydro:Pumped        578.5      0.0        0.0    578.5

Zonal shadow prices, mean over snapshots ($/MWh):

name

Denver                 29.106899

North                  27.732537

South                  28.760523

Mountain               33.916893

East                   23.419290

West                   33.858987

Wyoming                35.441544

Utah                   35.441544

FourCorners            35.441544

NewMexico              35.441544

Nebraska               35.441544

EasternInterconnect    35.441544

Reserve margin (statewide, copper-plate):

  peak 20,521.2 MW at 2018-06-28 13:00:00  PRM 13.9%  requirement 23,373.6 MW

                 accredited_mw    p_nom

carrier                                

Gas:CC                     0.0      0.0

Gas:CT                16,436.8 18,242.6

Geothermal                 0.0      0.0

Hydro                    539.1    638.2

Hydro:Pumped             532.0    578.5

Nuclear:SMR                0.0      0.0

Solar+Storage              0.0      0.0

Solar:PV                 108.2  9,893.1

Storage:Battery        1,434.5  2,459.8

Wind                   4,322.9 15,604.7

  accredited total 23,373.6 MW  slack 0.0 MW

  dual $89,284.88/MW-yr

Zonal deliverability (firm RA pipes at t*):

  t* 2018-06-28 13:00:00  statewide peak 20,521.2 MW

          accredited_mw  net_firm_in_mw  load_at_tstar_mw  slack_mw  dual

zone                                                                     

Denver          9,381.0         3,518.8          12,899.8       0.0  -0.0

North           6,903.7        -3,666.5           1,562.5   1,674.7  -0.0

South           2,807.0         1,977.7           3,606.9   1,177.8  -0.0

Mountain          317.7            88.9             406.6       0.0  -0.0

East            2,017.3        -1,352.9             664.4       0.0  -0.0

West            1,946.9          -566.0           1,381.0       0.0  -0.0

RA pipe flows (positive = from -> to):

                             from        to  flow_mw  limit_mw  at_bound

pipe                                                                    

RA_pipe_South_West          South      West     63.5      63.5      True

RA_pipe_East_South           East     South    484.4     484.4      True

RA_pipe_East_North           East     North    404.0     591.5     False

RA_pipe_Denver_South       Denver     South  1,089.3   1,610.4     False

RA_pipe_Mountain_South   Mountain     South    467.5     683.8     False

RA_pipe_Denver_East        Denver      East   -464.5     464.5      True

RA_pipe_Mountain_West    Mountain      West   -629.5     961.1     False

RA_pipe_Denver_Mountain    Denver  Mountain    -73.1      73.1      True

RA_pipe_Denver_North       Denver     North -4,070.5   4,070.5      True

RA_pipe_Mountain_North   Mountain     North      0.0       0.0      True

RA_pipe_North_West          North      West      0.0       0.0      True

  reserve_margin_CO dual $89,284.88/MW-yr

Storage cyclic-week energy balance (expect ~0):

  week 0: max |net| = 0.0000 MWh  (Candidate_Storage:Battery_South)

  week 1: max |net| = 0.0000 MWh  (Candidate_Storage:Battery_North)

  week 2: max |net| = 0.0000 MWh  (Candidate_Storage:Battery_South)

  week 3: max |net| = 0.0000 MWh  (Candidate_Storage:Battery_North)

  week 4: max |net| = 0.0000 MWh  (Candidate_Storage:Battery_South)

  week 5: max |net| = 0.0000 MWh  (Candidate_Storage:Battery_North)

  week 6: max |net| = 0.0000 MWh  (Candidate_Storage:Battery_North)

  week 7: max |net| = 0.0000 MWh  (Candidate_Storage:Battery_North)

  week 8: max |net| = 0.0000 MWh  (Candidate_Storage:Battery_North)

  week 9: max |net| = 0.0000 MWh  (Candidate_Storage:Battery_South)

  week 10: max |net| = 0.0000 MWh  (Candidate_Storage:Battery_North)

Net interchange by interface (TWh, + = CO export):

  Link_West_FourCorners: West <-> FourCorners  +2.778 TWh

  Link_West_Utah: West <-> Utah  +6.305 TWh

  Link_East_Nebraska: East <-> Nebraska  +5.165 TWh

  Link_South_NewMexico: South <-> NewMexico  +1.110 TWh

  Link_Mountain_Wyoming: Mountain <-> Wyoming  +1.124 TWh

  Link_North_Wyoming: North <-> Wyoming  +8.067 TWh

  Link_East_EasternInterconnect: East <-> EasternInterconnect  +1.218 TWh

  total  +25.767 TWh

Annual cash-flow cost ($):

  capex_overnight  $7,241,859,045

  fom_existing  $145,769,440

  fom_vintage  $795,680,864

  fom_new  $183,819,956

  opex_instate  $21,176,432

  import_cost  $409,140,806

  export_revenue  $1,322,365,998

  annual_system_cost  $7,475,080,545

  annual_system_cost_ex_trade  $8,388,305,736

  lp_objective  $-219,697,597

  identity_gap  $0.00

  wrote pypsa\scenarios\no_co2_policy\dispatch_2050.csv (230,040 rows)

  NPV (r=0.03, base=2030, step=5): total $37,679,951,116  ex_trade $50,279,025,942

INFO:pypsa.network.io:Exported network 'Unnamed Network' saved to '.\pypsa\scenarios\no_co2_policy\2050.nc contains: carriers, loads, generators, sub_networks, links, buses, storage_units

  wrote pypsa\scenarios\no_co2_policy\2050.nc



=== MYOPIC SEQUENCE COMPLETE ===

  pypsa\scenarios\no_co2_policy\capacity_by_year.csv

  pypsa\scenarios\no_co2_policy\solve.log

  pypsa\scenarios\no_co2_policy\2030.nc

  pypsa\scenarios\no_co2_policy\2035.nc

  pypsa\scenarios\no_co2_policy\2040.nc

  pypsa\scenarios\no_co2_policy\2045.nc

  pypsa\scenarios\no_co2_policy\2050.nc

