EHA_PtID,EHA_PtGnID,PtName,Latitude,Longitude,Pt_Own,Type,EIA_PtID,EIA_GnID,EHA_GnID,FC_PtID,MW,OpYear,RhYear,TbType,Maker,Speed_rpm,Head_ft,Power_hp,MinMW,StTime,HUC12_All,FIPS_Census
hc0001_p01,hc0001_p01_1,Alcova,42.5484117,-106.7175364,U S Bureau of Reclamation,HY,6409,1,1,NA,20.7,1955,Unknown,Francis,Unknown,163.6,155,26500,0,10M,1.018E+11,56025
hc0001_p01,hc0001_p01_2,Alcova,42.5484117,-106.7175364,U S Bureau of Reclamation,HY,6409,2,2,NA,20.7,1955,Unknown,Francis,Unknown,163.6,155,26500,0,10M,1.018E+11,56025
hc0002_p01,hc0002_p01_1,Anderson Ranch,43.35706587,-115.4515169,U S Bureau of Reclamation,HY,6395,1,1,NA,20,1950,1950,Francis,Unknown,277,245,18500,0,10M,1.70501E+11,16039
hc0002_p01,hc0002_p01_2,Anderson Ranch,43.35706587,-115.4515169,U S Bureau of Reclamation,HY,6395,2,2,NA,20,1951,1950,Francis,Unknown,277,245,18500,0,10M,1.70501E+11,16039
hc0003_p01,hc0003_p01_1,Black Canyon,43.93046205,-116.4371721,U S Bureau of Reclamation,HY,6396,1,1,NA,5.1,1925,Unknown,Francis,Unknown,225,88,7100,0,10M,1.70501E+11,16045
hc0003_p01,hc0003_p01_2,Black Canyon,43.93046205,-116.4371721,U S Bureau of Reclamation,HY,6396,2,2,NA,5.1,1925,Unknown,Francis,Unknown,225,88,7100,0,10M,1.70501E+11,16045
hc0004_p01,hc0004_p01_1,Blue Mesa,38.45319056,-107.3374826,U S Bureau of Reclamation,HY,512,1,1,NA,43.2,1965,1995,Francis,Unknown,200,280,41500,0,10M,1.402E+11,08051
hc0004_p01,hc0004_p01_2,Blue Mesa,38.45319056,-107.3374826,U S Bureau of Reclamation,HY,512,2,2,NA,43.2,1965,1995,Francis,Unknown,200,280,41500,0,10M,1.402E+11,08051
hc0005_p01,hc0005_p01_1,Boise R Diversion,43.53768525,-116.0937557,U S Bureau of Reclamation,HY,6397,1A,1,NA,1.1,2004,2004,Francis,Unknown,240,31.4,864,0,10M,1.70501E+11,16001
hc0005_p01,hc0005_p01_2,Boise R Diversion,43.53768525,-116.0937557,U S Bureau of Reclamation,HY,6397,2A,2,NA,1.1,2004,2004,Francis,Unknown,240,31.4,864,0,10M,1.70501E+11,16001
hc0005_p01,hc0005_p01_3,Boise R Diversion,43.53768525,-116.0937557,U S Bureau of Reclamation,HY,6397,3A,3,NA,1.1,2004,2004,Francis,Unknown,240,31.4,864,0,10M,1.70501E+11,16001
hc0006_p01,hc0006_p01_1,Boysen,43.41787168,-108.1775449,U S Bureau of Reclamation,HY,505,1,1,NA,7.5,1956,Unknown,Francis,Unknown,180,96,10500,0,10M,1.008E+11,56013
hc0006_p01,hc0006_p01_2,Boysen,43.41787168,-108.1775449,U S Bureau of Reclamation,HY,505,2,2,NA,7.5,1956,Unknown,Francis,Unknown,180,96,10500,0,10M,1.008E+11,56013
hc0007_p01,hc0007_p01_1,Buffalo Bill,44.50816852,-109.1706613,U S Bureau of Reclamation,HY,7317,1,1,NA,6,1990,Unknown,Francis,Unknown,600,266,8300,0,10M,1.008E+11,56029
hc0007_p01,hc0007_p01_2,Buffalo Bill,44.50816852,-109.1706613,U S Bureau of Reclamation,HY,7317,2,2,NA,6,1990,Unknown,Francis,Unknown,600,266,8300,0,10M,1.008E+11,56029
hc0007_p01,hc0007_p01_3,Buffalo Bill,44.50816852,-109.1706613,U S Bureau of Reclamation,HY,7317,3,3,NA,6,1990,Unknown,Francis,Unknown,600,266,8300,0,10M,1.008E+11,56029
hc0007_p02,hc0007_p02_1,Shoshone,44.5028973,-109.1812276,U S Bureau of Reclamation,HY,4183,1,1,NA,3,1990,Unknown,Francis,Unknown,450,220,4150,0,10M,1.008E+11,56029
hc0007_p03,hc0007_p03_1,Heart Mountain,44.51376683,-109.129588,U S Bureau of Reclamation,HY,6408,1,1,NA,5,1948,Unknown,Francis,Unknown,450,265,8300,0,10M,1.008E+11,56029
hc0007_p04,hc0007_p04_1,Spirit Mountain,44.51269948,-109.1298776,U S Bureau of Reclamation,HY,7541,1,1,NA,4.5,1992,Unknown,Francis,Unknown,360,110,6200,0,10M,1.008E+11,56029
hc0008_p01,hc0008_p01_3,Canyon Ferry,46.64902592,-111.727874,U S Bureau of Reclamation,HY,6400,3,3,NA,19.2,1954,Unknown,Francis,Unknown,150,125,23500,0,10M,1.00301E+11,30049
hc0008_p01,hc0008_p01_1,Canyon Ferry,46.64902592,-111.727874,U S Bureau of Reclamation,HY,6400,1,1,NA,19.2,1954,2023,Francis,Unknown,150,125,23500,0,10M,1.00301E+11,30049
hc0008_p01,hc0008_p01_2,Canyon Ferry,46.64902592,-111.727874,U S Bureau of Reclamation,HY,6400,2,2,NA,16.6,1954,Unknown,Francis,Unknown,150,125,23500,0,10M,1.00301E+11,30049
hc0009_p01,hc0009_p01_1,Chandler,46.26678026,-119.5898213,U S Bureau of Reclamation,HY,6406,1,1,NA,6,1956,Unknown,Francis,Unknown,240,118,8200,0,10M,1.703E+11,53005
hc0009_p01,hc0009_p01_2,Chandler,46.26678026,-119.5898213,U S Bureau of Reclamation,HY,6406,2,2,NA,6,1956,Unknown,Francis,Unknown,240,118,8500,0,10M,1.703E+11,53005
hc0010_p01,hc0010_p01_1,Crystal,38.51057251,-107.6253351,U S Bureau of Reclamation,HY,6159,1,1,NA,28,1988,Unknown,Francis,Unknown,257,207,39000,0,10M,1.402E+11,08085
hc0011_p01,hc0011_p01_1,Davis,35.19704427,-114.5706692,U S Bureau of Reclamation,HY,152,3,1,NA,48,1953,2013,Francis,Unknown,94.7,120,62200,0,10M,1.50301E+11,04015
hc0011_p01,hc0011_p01_2,Davis,35.19704427,-114.5706692,U S Bureau of Reclamation,HY,152,1,2,NA,51.7,1953,2015,Francis,Unknown,94.7,120,62200,0,10M,1.50301E+11,04015
hc0011_p01,hc0011_p01_3,Davis,35.19704427,-114.5706692,U S Bureau of Reclamation,HY,152,2,3,NA,51.7,1953,2014,Francis,Unknown,94.7,120,62200,0,10M,1.50301E+11,04015
hc0011_p01,hc0011_p01_4,Davis,35.19704427,-114.5706692,U S Bureau of Reclamation,HY,152,4,4,NA,51.7,1953,2016,Francis,Unknown,94.7,120,62200,0,10M,1.50301E+11,04015
hc0011_p01,hc0011_p01_5,Davis,35.19704427,-114.5706692,U S Bureau of Reclamation,HY,152,5,5,NA,51.7,1953,2010,Francis,Unknown,94.7,120,62200,0,10M,1.50301E+11,04015
hc0012_p01,hc0012_p01_1,Deer Creek,40.40435356,-111.5284464,U S Bureau of Reclamation,HY,6404,1,1,NA,2.4,1958,2015,Francis,Unknown,360,120,3800,0,10M,1.60202E+11,49051
hc0012_p01,hc0012_p01_2,Deer Creek,40.40435356,-111.5284464,U S Bureau of Reclamation,HY,6404,2,2,NA,2.4,1958,2003,Francis,Unknown,360,120,3800,0,10M,1.60202E+11,49051
hc0013_p01,hc0013_p01_1,Elephant Butte,33.15335835,-107.191973,U S Bureau of Reclamation,HY,6402,1,1,NA,9.3,1940,2006,Francis,Unknown,257,140,11500,0,10M,1.30301E+11,35051
hc0013_p01,hc0013_p01_2,Elephant Butte,33.15335835,-107.191973,U S Bureau of Reclamation,HY,6402,2,2,NA,9.3,1940,2000,Francis,Unknown,257,140,11500,0,10M,1.30301E+11,35051
hc0013_p01,hc0013_p01_3,Elephant Butte,33.15335835,-107.191973,U S Bureau of Reclamation,HY,6402,3,3,NA,9.3,1940,2002,Francis,Unknown,257,140,11500,0,10M,1.30301E+11,35051
hc0014_p01,hc0014_p01_1,Flaming Gorge,40.91464595,-109.4216621,U S Bureau of Reclamation,HY,6405,3,1,NA,50.6,2006,Unknown,Francis,Unknown,240,440,68000,0,10M,1.40401E+11,49009
hc0014_p01,hc0014_p01_2,Flaming Gorge,40.91464595,-109.4216621,U S Bureau of Reclamation,HY,6405,2,2,NA,50.6,2007,Unknown,Francis,Unknown,240,440,68000,0,10M,1.40401E+11,49009
hc0014_p01,hc0014_p01_3,Flaming Gorge,40.91464595,-109.4216621,U S Bureau of Reclamation,HY,6405,1,3,NA,50.6,2008,Unknown,Francis,Unknown,240,440,68000,0,10M,1.40401E+11,49009
hc0015_p01,hc0015_p01_1,Flatiron,40.36499623,-105.2360322,U S Bureau of Reclamation,PS,518,3,1,NA,8.5,1954,1992,Francis,Unknown,300,290,13000,0,10M,1.019E+11,08069
hc0015_p01,hc0015_p01_2,Flatiron,40.36499623,-105.2360322,U S Bureau of Reclamation,HY,518,1,2,NA,43,1954,1987,Francis,Unknown,514,1055,65000,0,10M,1.019E+11,08069
hc0015_p01,hc0015_p01_3,Flatiron,40.36499623,-105.2360322,U S Bureau of Reclamation,HY,518,2,3,NA,43,1954,1987,Francis,Unknown,514,1055,65000,0,10M,1.019E+11,08069
hc0016_p01,hc0016_p01_1,Folsom,38.70675033,-121.1584432,U S Bureau of Reclamation,HY,441,1,1,NA,66.2,1955,2013,Francis,Unknown,163.6,300,74000,0,10M,1.80201E+11,06067
hc0016_p01,hc0016_p01_2,Folsom,38.70675033,-121.1584432,U S Bureau of Reclamation,HY,441,2,2,NA,66.2,1955,2011,Francis,Unknown,163.6,300,74000,0,10M,1.80201E+11,06067
hc0016_p01,hc0016_p01_3,Folsom,38.70675033,-121.1584432,U S Bureau of Reclamation,HY,441,3,3,NA,66.2,1955,2016,Francis,Unknown,163.6,330,95000,0,10M,1.80201E+11,06067
hc0017_p01,hc0017_p01_1,Fontenelle,42.02701298,-110.0639731,U S Bureau of Reclamation,HY,4185,1,1,NA,10,1968,Unknown,Francis,Unknown,150,94,16000,0,10M,1.40401E+11,56023
hc0018_p01,hc0018_p01_1,Fremont Canyon,42.46825656,-106.8521813,U S Bureau of Reclamation,HY,4176,2,1,NA,33.4,1988,2012,Francis,Unknown,257.14,300,39500,0,10M,1.018E+11,56025
hc0018_p01,hc0018_p01_2,Fremont Canyon,42.46825656,-106.8521813,U S Bureau of Reclamation,HY,4176,1,2,NA,33.4,1989,2013,Francis,Unknown,257.14,300,39500,0,10M,1.018E+11,56025
hc0019_p01,hc0019_p01_1,Glen Canyon,36.9366141,-111.4838719,U S Bureau of Reclamation,HY,153,2,1,NA,165,1964,2015,Francis,Unknown,150,510,210121,0,10M,1.407E+11,04005
hc0019_p01,hc0019_p01_2,Glen Canyon,36.9366141,-111.4838719,U S Bureau of Reclamation,HY,153,3,2,NA,165,1964,2014,Francis,Unknown,150,510,210121,0,10M,1.407E+11,04005
hc0019_p01,hc0019_p01_3,Glen Canyon,36.9366141,-111.4838719,U S Bureau of Reclamation,HY,153,4,3,NA,165,1964,2013,Francis,Unknown,150,510,210121,0,10M,1.407E+11,04005
hc0019_p01,hc0019_p01_4,Glen Canyon,36.9366141,-111.4838719,U S Bureau of Reclamation,HY,153,8,4,NA,165,2007,Unknown,Francis,Unknown,150,510,210121,0,10M,1.407E+11,04005
hc0019_p01,hc0019_p01_5,Glen Canyon,36.9366141,-111.4838719,U S Bureau of Reclamation,HY,153,5,5,NA,165,2008,Unknown,Francis,Unknown,150,510,210121,0,10M,1.407E+11,04005
hc0019_p01,hc0019_p01_6,Glen Canyon,36.9366141,-111.4838719,U S Bureau of Reclamation,HY,153,6,6,NA,165,2009,Unknown,Francis,Unknown,150,510,210121,0,10M,1.407E+11,04005
hc0019_p01,hc0019_p01_7,Glen Canyon,36.9366141,-111.4838719,U S Bureau of Reclamation,HY,153,7,7,NA,157,2011,Unknown,Francis,Unknown,150,510,210121,0,10M,1.407E+11,04005
hc0019_p01,hc0019_p01_8,Glen Canyon,36.9366141,-111.4838719,U S Bureau of Reclamation,HY,153,1,8,NA,165,2012,Unknown,Francis,Unknown,150,510,210121,0,10M,1.407E+11,04005
hc0020_p01,hc0020_p01_1,Glendo,42.46725436,-104.9555262,U S Bureau of Reclamation,HY,4177,1,1,NA,19,1958,1982,Francis,Unknown,180,100,26000,0,10M,1.018E+11,56031
hc0020_p01,hc0020_p01_2,Glendo,42.46725436,-104.9555262,U S Bureau of Reclamation,HY,4177,2,2,NA,19,1958,1983,Francis,Unknown,180,100,26000,0,10M,1.018E+11,56031
hc0021_p01,hc0021_p01_1,Grand Coulee,47.9575108,-118.9773228,U S Bureau of Reclamation,HY,6163,3,1,NA,125,1941,2001,Francis,Unknown,NA,NA,NA,0,10M,1.702E+11,53025
hc0021_p01,hc0021_p01_2,Grand Coulee,47.9575108,-118.9773228,U S Bureau of Reclamation,HY,6163,1,2,NA,125,1942,2003,Francis,Unknown,NA,NA,NA,0,10M,1.702E+11,53025
hc0021_p01,hc0021_p01_3,Grand Coulee,47.9575108,-118.9773228,U S Bureau of Reclamation,HY,6163,2,3,NA,125,1942,2006,Francis,Unknown,NA,NA,NA,0,10M,1.702E+11,53025
hc0021_p01,hc0021_p01_4,Grand Coulee,47.9575108,-118.9773228,U S Bureau of Reclamation,HY,6163,5,4,NA,125,1943,2009,Francis,Unknown,NA,NA,NA,0,10M,1.702E+11,53025
hc0021_p01,hc0021_p01_5,Grand Coulee,47.9575108,-118.9773228,U S Bureau of Reclamation,HY,6163,6,5,NA,125,1943,2007,Francis,Unknown,NA,NA,NA,0,10M,1.702E+11,53025
hc0021_p01,hc0021_p01_6,Grand Coulee,47.9575108,-118.9773228,U S Bureau of Reclamation,HY,6163,8,6,NA,125,1943,2009,Francis,Unknown,NA,NA,NA,0,10M,1.702E+11,53025
hc0021_p01,hc0021_p01_7,Grand Coulee,47.9575108,-118.9773228,U S Bureau of Reclamation,HY,6163,4,7,NA,125,1944,2005,Francis,Unknown,NA,NA,NA,0,10M,1.702E+11,53025
hc0021_p01,hc0021_p01_8,Grand Coulee,47.9575108,-118.9773228,U S Bureau of Reclamation,HY,6163,7,8,NA,125,1947,2004,Francis,Unknown,NA,NA,NA,0,10M,1.702E+11,53025
hc0021_p01,hc0021_p01_9,Grand Coulee,47.9575108,-118.9773228,U S Bureau of Reclamation,HY,6163,9,9,NA,125,1948,2008,Francis,Unknown,NA,NA,NA,0,10M,1.702E+11,53025
hc0021_p01,hc0021_p01_10,Grand Coulee,47.9575108,-118.9773228,U S Bureau of Reclamation,HY,6163,16,10,NA,125,1949,2005,Francis,Unknown,NA,NA,NA,0,10M,1.702E+11,53025
hc0021_p01,hc0021_p01_11,Grand Coulee,47.9575108,-118.9773228,U S Bureau of Reclamation,HY,6163,17,11,NA,125,1949,2004,Francis,Unknown,NA,NA,NA,0,10M,1.702E+11,53025
hc0021_p01,hc0021_p01_12,Grand Coulee,47.9575108,-118.9773228,U S Bureau of Reclamation,HY,6163,18,12,NA,125,1949,2010,Francis,Unknown,NA,NA,NA,0,10M,1.702E+11,53025
hc0021_p01,hc0021_p01_13,Grand Coulee,47.9575108,-118.9773228,U S Bureau of Reclamation,HY,6163,13,13,NA,125,1950,2009,Francis,Unknown,NA,NA,NA,0,10M,1.702E+11,53025
hc0021_p01,hc0021_p01_14,Grand Coulee,47.9575108,-118.9773228,U S Bureau of Reclamation,HY,6163,14,14,NA,125,1950,2005,Francis,Unknown,NA,NA,NA,0,10M,1.702E+11,53025
hc0021_p01,hc0021_p01_15,Grand Coulee,47.9575108,-118.9773228,U S Bureau of Reclamation,HY,6163,15,15,NA,125,1950,2007,Francis,Unknown,NA,NA,NA,0,10M,1.702E+11,53025
hc0021_p01,hc0021_p01_16,Grand Coulee,47.9575108,-118.9773228,U S Bureau of Reclamation,HY,6163,10,16,NA,125,1951,2009,Francis,Unknown,NA,NA,NA,0,10M,1.702E+11,53025
hc0021_p01,hc0021_p01_17,Grand Coulee,47.9575108,-118.9773228,U S Bureau of Reclamation,HY,6163,11,17,NA,125,1951,2003,Francis,Unknown,NA,NA,NA,0,10M,1.702E+11,53025
hc0021_p01,hc0021_p01_18,Grand Coulee,47.9575108,-118.9773228,U S Bureau of Reclamation,HY,6163,12,18,NA,125,1951,2002,Francis,Unknown,NA,NA,NA,0,10M,1.702E+11,53025
hc0021_p01,hc0021_p01_19,Grand Coulee,47.9575108,-118.9773228,U S Bureau of Reclamation,PS,6163,PG7,19,NA,50,1973,Unknown,Francis,Unknown,200,266,63000,0,10M,1.702E+11,53025
hc0021_p01,hc0021_p01_20,Grand Coulee,47.9575108,-118.9773228,U S Bureau of Reclamation,PS,6163,PG8,20,NA,50,1973,Unknown,Francis,Unknown,200,267,63001,0,10M,1.702E+11,53025
hc0021_p01,hc0021_p01_21,Grand Coulee,47.9575108,-118.9773228,U S Bureau of Reclamation,HY,6163,19,21,NA,600,1975,Unknown,Francis,Unknown,72,285,820000,0,10M,1.702E+11,53025
hc0021_p01,hc0021_p01_22,Grand Coulee,47.9575108,-118.9773228,U S Bureau of Reclamation,HY,6163,20,22,NA,600,1976,Unknown,Francis,Unknown,72,285,820000,0,10M,1.702E+11,53025
hc0021_p01,hc0021_p01_23,Grand Coulee,47.9575108,-118.9773228,U S Bureau of Reclamation,HY,6163,21,23,NA,600,1976,Unknown,Francis,Unknown,72,285,820000,0,10M,1.702E+11,53025
hc0021_p01,hc0021_p01_24,Grand Coulee,47.9575108,-118.9773228,U S Bureau of Reclamation,HY,6163,22,24,NA,805,1978,Unknown,Francis,Unknown,85.7,285,960000,0,10M,1.702E+11,53025
hc0021_p01,hc0021_p01_25,Grand Coulee,47.9575108,-118.9773228,U S Bureau of Reclamation,HY,6163,23,25,NA,805,1979,Unknown,Francis,Unknown,85.7,285,960000,0,10M,1.702E+11,53025
hc0021_p01,hc0021_p01_26,Grand Coulee,47.9575108,-118.9773228,U S Bureau of Reclamation,HY,6163,24,26,NA,805,1980,Unknown,Francis,Unknown,NA,NA,NA,0,10M,1.702E+11,53025
hc0021_p01,hc0021_p01_27,Grand Coulee,47.9575108,-118.9773228,U S Bureau of Reclamation,PS,6163,PG10,27,NA,53.5,1983,Unknown,Francis,Unknown,200,267,63501,0,10M,1.702E+11,53025
hc0021_p01,hc0021_p01_28,Grand Coulee,47.9575108,-118.9773228,U S Bureau of Reclamation,PS,6163,PG11,28,NA,53.5,1983,Unknown,Francis,Unknown,200,268,63502,0,10M,1.702E+11,53025
hc0021_p01,hc0021_p01_29,Grand Coulee,47.9575108,-118.9773228,U S Bureau of Reclamation,PS,6163,PG9,29,NA,53.5,1983,Unknown,Francis,Unknown,200,266,63500,0,10M,1.702E+11,53025
hc0021_p01,hc0021_p01_30,Grand Coulee,47.9575108,-118.9773228,U S Bureau of Reclamation,PS,6163,PG12,30,NA,53.5,1984,Unknown,Francis,Unknown,200,269,63503,0,10M,1.702E+11,53025
hc0021_p01,hc0021_p01_31,Grand Coulee,47.9575108,-118.9773228,U S Bureau of Reclamation,HY,6163,LS1,31,NA,10,1987,Unknown,Francis,Unknown,400,350,18000,0,10M,1.702E+11,53025
hc0021_p01,hc0021_p01_32,Grand Coulee,47.9575108,-118.9773228,U S Bureau of Reclamation,HY,6163,LS2,32,NA,10,1987,Unknown,Francis,Unknown,400,350,18000,0,10M,1.702E+11,53025
hc0021_p01,hc0021_p01_33,Grand Coulee,47.9575108,-118.9773228,U S Bureau of Reclamation,HY,6163,LS3,33,NA,10,1987,Unknown,Francis,Unknown,400,350,18000,0,10M,1.702E+11,53025
hc0022_p01,hc0022_p01_1,Green Mountain,39.87880536,-106.3327252,U S Bureau of Reclamation,HY,516,1,1,NA,13,1943,Unknown,Francis,Unknown,257,203,15000,0,10M,1.401E+11,08117
hc0022_p01,hc0022_p01_2,Green Mountain,39.87880536,-106.3327252,U S Bureau of Reclamation,HY,516,2,2,NA,13,1943,Unknown,Francis,Unknown,257,203,15000,0,10M,1.401E+11,08117
hc0023_p01,hc0023_p01_1,Green Springs,42.12116814,-122.5478957,U S Bureau of Reclamation,HY,6403,1,1,NA,17.2,1960,2016,Pelton,Unknown,600,1800,23500,0,10M,1.80102E+11,41029
hc0024_p01,hc0024_p01_1,Guernsey,42.28986789,-104.760634,U S Bureau of Reclamation,HY,4178,1,1,NA,3.2,1927,Unknown,Francis,Unknown,240,50,3400,0,10M,1.018E+11,56031
hc0024_p01,hc0024_p01_2,Guernsey,42.28986789,-104.760634,U S Bureau of Reclamation,HY,4178,2,2,NA,3.2,1927,Unknown,Francis,Unknown,240,65,3400,0,10M,1.018E+11,56031
hc0025_p01,hc0025_p01_1,Hoover Dam (NV),36.01550974,-114.7380056,U S Bureau of Reclamation,HY,154,N0,1,NA,2.4,1936,2019,Pelton,Unknown,300,490,3500,0,10M,1.50301E+11,32003
hc0025_p01,hc0025_p01_2,Hoover Dam (NV),36.01550974,-114.7380056,U S Bureau of Reclamation,HY,154,N1,2,NA,130,1936,1988,Francis,Unknown,180,490,178000,0,10M,1.50301E+11,32003
hc0025_p01,hc0025_p01_3,Hoover Dam (NV),36.01550974,-114.7380056,U S Bureau of Reclamation,HY,154,N2,3,NA,130,1936,1989,Francis,Unknown,180,490,178000,0,10M,1.50301E+11,32003
hc0025_p01,hc0025_p01_4,Hoover Dam (NV),36.01550974,-114.7380056,U S Bureau of Reclamation,HY,154,N4,4,NA,130,1936,2009,Francis,Unknown,180,490,178000,0,10M,1.50301E+11,32003
hc0025_p01,hc0025_p01_5,Hoover Dam (NV),36.01550974,-114.7380056,U S Bureau of Reclamation,HY,154,N3,5,NA,130,1937,2011,Francis,Unknown,180,490,178000,0,10M,1.50301E+11,32003
hc0025_p01,hc0025_p01_6,Hoover Dam (NV),36.01550974,-114.7380056,U S Bureau of Reclamation,HY,154,N5,6,NA,130,1938,2017,Francis,Unknown,180,490,157300,0,10M,1.50301E+11,32003
hc0025_p01,hc0025_p01_7,Hoover Dam (NV),36.01550974,-114.7380056,U S Bureau of Reclamation,HY,154,N6,7,NA,130,1938,2015,Francis,Unknown,180,445,200000,0,10M,1.50301E+11,32003
hc0025_p01,hc0025_p01_8,Hoover Dam (NV),36.01550974,-114.7380056,U S Bureau of Reclamation,HY,154,N7,8,NA,127,1944,1982,Francis,Unknown,180,490,157300,0,10M,1.50301E+11,32003
hc0025_p01,hc0025_p01_9,Hoover Dam (NV),36.01550974,-114.7380056,U S Bureau of Reclamation,HY,154,N8,9,NA,130,1961,2012,Francis,Unknown,180,445,200000,0,10M,1.50301E+11,32003
hc0025_p02,hc0025_p02_1,Hoover Dam (AZ),36.01550974,-114.7380056,U S Bureau of Reclamation,HY,8902,A0,1,NA,2.4,1936,2017,Pelton,Unknown,300,490,3500,0,10M,1.50301E+11,04015
hc0025_p02,hc0025_p02_2,Hoover Dam (AZ),36.01550974,-114.7380056,U S Bureau of Reclamation,HY,8902,A8,2,NA,61.5,1937,2014,Francis,Unknown,257,480,76000,0,10M,1.50301E+11,04015
hc0025_p02,hc0025_p02_3,Hoover Dam (AZ),36.01550974,-114.7380056,U S Bureau of Reclamation,HY,8902,A6,3,NA,130,1939,2010,Francis,Unknown,180,490,157300,0,10M,1.50301E+11,04015
hc0025_p02,hc0025_p02_4,Hoover Dam (AZ),36.01550974,-114.7380056,U S Bureau of Reclamation,HY,8902,A7,4,NA,130,1939,1981,Francis,Unknown,180,490,157300,0,10M,1.50301E+11,04015
hc0025_p02,hc0025_p02_5,Hoover Dam (AZ),36.01550974,-114.7380056,U S Bureau of Reclamation,HY,8902,A1,5,NA,130,1941,2014,Francis,Unknown,180,445,200000,0,10M,1.50301E+11,04015
hc0025_p02,hc0025_p02_6,Hoover Dam (AZ),36.01550974,-114.7380056,U S Bureau of Reclamation,HY,8902,A2,6,NA,130,1942,1989,Francis,Unknown,180,490,157300,0,10M,1.50301E+11,04015
hc0025_p02,hc0025_p02_7,Hoover Dam (AZ),36.01550974,-114.7380056,U S Bureau of Reclamation,HY,8902,A5,7,NA,127,1943,1989,Francis,Unknown,180,490,157300,0,10M,1.50301E+11,04015
hc0025_p02,hc0025_p02_8,Hoover Dam (AZ),36.01550974,-114.7380056,U S Bureau of Reclamation,HY,8902,A9,8,NA,68.5,1952,1991,Francis,Unknown,257,480,70000,0,10M,1.50301E+11,04015
hc0025_p02,hc0025_p02_9,Hoover Dam (AZ),36.01550974,-114.7380056,U S Bureau of Reclamation,HY,8902,A3,9,NA,130,1952,1992,Francis,Unknown,200,490,157000,0,10M,1.50301E+11,04015
hc0025_p02,hc0025_p02_10,Hoover Dam (AZ),36.01550974,-114.7380056,U S Bureau of Reclamation,HY,8902,A4,10,NA,130,1952,1982,Francis,Unknown,200,490,157000,0,10M,1.50301E+11,04015
hc0026_p01,hc0026_p01_1,Hungry Horse,48.34152069,-114.0144301,U S Bureau of Reclamation,HY,2203,1,1,NA,107,1953,Unknown,Francis,Unknown,180,400,105000,0,10M,1.70102E+11,30029
hc0026_p01,hc0026_p01_2,Hungry Horse,48.34152069,-114.0144301,U S Bureau of Reclamation,HY,2203,2,2,NA,107,1953,Unknown,Francis,Unknown,180,400,105000,0,10M,1.70102E+11,30029
hc0026_p01,hc0026_p01_3,Hungry Horse,48.34152069,-114.0144301,U S Bureau of Reclamation,HY,2203,3,3,NA,107,1953,Unknown,Francis,Unknown,180,400,105000,0,10M,1.70102E+11,30029
hc0026_p01,hc0026_p01_4,Hungry Horse,48.34152069,-114.0144301,U S Bureau of Reclamation,HY,2203,4,4,NA,107,1953,Unknown,Francis,Unknown,180,400,105000,0,10M,1.70102E+11,30029
hc0027_p01,hc0027_p01_1,Judge F Carr,40.64693399,-122.6269727,U S Bureau of Reclamation,HY,442,1,1,NA,77.2,1963,2012,Francis,Unknown,225,575,105000,0,10M,1.80102E+11,06089
hc0027_p01,hc0027_p01_2,Judge F Carr,40.64693399,-122.6269727,U S Bureau of Reclamation,HY,442,2,2,NA,77.2,1963,2011,Francis,Unknown,225,575,105000,0,10M,1.80102E+11,06089
hc0027_p02,hc0027_p02_1,Lewiston,40.72586504,-122.7937139,U S Bureau of Reclamation,HY,977,1,1,NA,0.35,1964,Unknown,Francis,Unknown,600,59.5,525,NA,NA,1.80102E+11,06105
hc0028_p01,hc0028_p01_1,Keswick,40.61185801,-122.4464413,U S Bureau of Reclamation,HY,443,1,1,NA,39,1949,Unknown,Francis,Unknown,94.7,84,34600,0,10M,1.80202E+11,06089
hc0028_p01,hc0028_p01_2,Keswick,40.61185801,-122.4464413,U S Bureau of Reclamation,HY,443,2,2,NA,39,1949,Unknown,Francis,Unknown,94.7,84,34600,0,10M,1.80202E+11,06089
hc0028_p01,hc0028_p01_3,Keswick,40.61185801,-122.4464413,U S Bureau of Reclamation,HY,443,3,3,NA,39,1949,Unknown,Francis,Unknown,94.7,84,34600,0,10M,1.80202E+11,06089
hc0029_p01,hc0029_p01_1,Kortes,42.17430142,-106.8805431,U S Bureau of Reclamation,HY,4180,1,1,NA,12,1951,2005,Francis,Unknown,240,200,18500,0,10M,1.018E+11,56007
hc0029_p01,hc0029_p01_2,Kortes,42.17430142,-106.8805431,U S Bureau of Reclamation,HY,4180,2,2,NA,12,1951,2006,Francis,Unknown,240,200,18500,0,10M,1.018E+11,56007
hc0029_p01,hc0029_p01_3,Kortes,42.17430142,-106.8805431,U S Bureau of Reclamation,HY,4180,3,3,NA,12,1951,2004,Francis,Unknown,240,200,18500,0,10M,1.018E+11,56007
hc0030_p01,hc0030_p01_1,Upper Molina,39.14380817,-108.004777,U S Bureau of Reclamation,HY,521,1,1,NA,9.9,1962,1999,Pelton,Unknown,600,2490,13125,0,10M,1.401E+11,08077
hc0030_p02,hc0030_p02_1,Lower Molina,39.19365969,-108.0440881,U S Bureau of Reclamation,HY,520,1,1,NA,5.6,1962,2005,Pelton,Unknown,450,1400,9000,0,10M,1.401E+11,08077
hc0031_p01,hc0031_p01_1,Estes,40.37677067,-105.509665,U S Bureau of Reclamation,HY,513,1,1,NA,15,1950,2015,Francis,Unknown,400,482,21000,0,10M,1.019E+11,08069
hc0031_p01,hc0031_p01_2,Estes,40.37677067,-105.509665,U S Bureau of Reclamation,HY,513,2,2,NA,15,1950,2014,Francis,Unknown,400,482,21000,0,10M,1.019E+11,08069
hc0031_p01,hc0031_p01_3,Estes,40.37677067,-105.509665,U S Bureau of Reclamation,HY,513,3,3,NA,15,1950,2013,Francis,Unknown,400,482,21000,0,10M,1.019E+11,08069
hc0032_p01,hc0032_p01_1,McPhee,37.57521971,-108.5740019,U S Bureau of Reclamation,HY,7372,1,1,NA,1.2,1992,Unknown,Francis,Unknown,720,215,1085,0,10M,1.403E+11,08083
hc0032_p02,hc0032_p02_1,Towaoc,37.42953788,-108.5748711,U S Bureau of Reclamation,HY,7373,1,1,NA,11.4,1993,Unknown,Pelton,Unknown,225,415,15700,0,10M,1.403E+11,08083
hc0033_p01,hc0033_p01_1,Minidoka,42.66989883,-113.4831751,U S Bureau of Reclamation,HY,6398,6,1,NA,2.7,1926,Unknown,Francis,Unknown,NA,NA,NA,0,10M,1.70402E+11,16067
hc0033_p01,hc0033_p01_2,Minidoka,42.66989883,-113.4831751,U S Bureau of Reclamation,HY,6398,7,2,NA,5,1940,Unknown,Kaplan,Unknown,180,47,7000,0,10M,1.70402E+11,16067
hc0033_p01,hc0033_p01_3,Minidoka,42.66989883,-113.4831751,U S Bureau of Reclamation,HY,6398,8,3,NA,10,1996,Unknown,Kaplan,Unknown,163.6,43.5,13900,0,10M,1.70402E+11,16067
hc0033_p01,hc0033_p01_4,Minidoka,42.66989883,-113.4831751,U S Bureau of Reclamation,HY,6398,9,4,NA,10,1996,Unknown,Kaplan,Unknown,163.6,43.5,13900,0,10M,1.70402E+11,16067
hc0034_p01,hc0034_p01_1,Morrow Point,38.45175333,-107.5392991,U S Bureau of Reclamation,HY,514,1,1,NA,86.6,1971,Unknown,Francis,Unknown,180,344,83000,0,10M,1.402E+11,08085
hc0034_p01,hc0034_p01_2,Morrow Point,38.45175333,-107.5392991,U S Bureau of Reclamation,HY,514,2,2,NA,86.6,1971,Unknown,Francis,Unknown,180,344,83000,0,10M,1.402E+11,08085
hc0035_p01,hc0035_p01_1,Mount Elbert,39.09419721,-106.3523309,U S Bureau of Reclamation,PS,6208,1,1,NA,100,1981,Unknown,Francis,Unknown,180,448,138000,0,10M,1.102E+11,08065
hc0035_p01,hc0035_p01_2,Mount Elbert,39.09419721,-106.3523309,U S Bureau of Reclamation,PS,6208,2,2,NA,100,1984,Unknown,Francis,Unknown,180,448,138000,0,10M,1.102E+11,08065
hc0036_p01,hc0036_p01_1,New Melones,37.9469274,-120.5282107,U S Bureau of Reclamation,HY,6158,1,1,NA,150,1979,2005,Francis,Unknown,171.4,487,256000,0,10M,1.804E+11,06109
hc0036_p01,hc0036_p01_2,New Melones,37.9469274,-120.5282107,U S Bureau of Reclamation,HY,6158,2,2,NA,150,1979,2007,Francis,Unknown,171.4,487,256000,0,10M,1.804E+11,06109
hc0037_p01,hc0037_p01_1,Nimbus,38.6373502,-121.2201978,U S Bureau of Reclamation,HY,444,1,1,NA,6.7,1955,1956,Kaplan,Unknown,150,41.5,9400,0,10M,1.80201E+11,06067
hc0037_p01,hc0037_p01_2,Nimbus,38.6373502,-121.2201978,U S Bureau of Reclamation,HY,444,2,2,NA,6.7,1955,1956,Kaplan,Unknown,150,41.5,9400,0,10M,1.80201E+11,06067
hc0038_p01,hc0038_p01_1,ONeill,37.09867123,-121.0477181,U S Bureau of Reclamation,PS,446,3,1,NA,4.2,1967,Unknown,Unknown,Unknown,NA,NA,NA,0,10M,1.804E+11,06047
hc0038_p01,hc0038_p01_2,ONeill,37.09867123,-121.0477181,U S Bureau of Reclamation,PS,446,4,2,NA,4.2,1967,Unknown,Unknown,Unknown,NA,NA,NA,0,10M,1.804E+11,06047
hc0038_p01,hc0038_p01_3,ONeill,37.09867123,-121.0477181,U S Bureau of Reclamation,PS,446,6,3,NA,4.2,1967,Unknown,Unknown,Unknown,NA,NA,NA,0,10M,1.804E+11,06047
hc0038_p01,hc0038_p01_4,ONeill,37.09867123,-121.0477181,U S Bureau of Reclamation,PS,446,1,4,NA,4.2,1968,Unknown,Unknown,Unknown,NA,NA,NA,0,10M,1.804E+11,06047
hc0038_p01,hc0038_p01_5,ONeill,37.09867123,-121.0477181,U S Bureau of Reclamation,PS,446,2,5,NA,4.2,1968,Unknown,Unknown,Unknown,NA,NA,NA,0,10M,1.804E+11,06047
hc0038_p01,hc0038_p01_6,ONeill,37.09867123,-121.0477181,U S Bureau of Reclamation,PS,446,5,6,NA,4.2,1968,Unknown,Unknown,Unknown,NA,NA,NA,0,10M,1.804E+11,06047
hc0039_p01,hc0039_p01_1,Palisades,43.3348488,-111.2057522,U S Bureau of Reclamation,HY,850,1,1,NA,44.1,1957,2013,Francis,Unknown,163.6,190,39500,0,10M,1.70401E+11,16019
hc0039_p01,hc0039_p01_2,Palisades,43.3348488,-111.2057522,U S Bureau of Reclamation,HY,850,2,2,NA,44.1,1957,2018,Francis,Unknown,163.6,190,39500,0,10M,1.70401E+11,16019
hc0039_p01,hc0039_p01_3,Palisades,43.3348488,-111.2057522,U S Bureau of Reclamation,HY,850,3,3,NA,44.1,1957,2015,Francis,Unknown,163.6,190,39500,0,10M,1.70401E+11,16019
hc0039_p01,hc0039_p01_4,Palisades,43.3348488,-111.2057522,U S Bureau of Reclamation,HY,850,4,4,NA,44.1,1958,2014,Francis,Unknown,163.6,190,39500,0,10M,1.70401E+11,16019
hc0040_p01,hc0040_p01_1,Parker,34.2953344,-114.1402216,U S Bureau of Reclamation,HY,447,3,1,NA,30,2005,Unknown,Francis,Unknown,94.7,80,40000,0,10M,1.50301E+11,06071
hc0040_p01,hc0040_p01_2,Parker,34.2953344,-114.1402216,U S Bureau of Reclamation,HY,447,1,2,NA,30,2008,Unknown,Francis,Unknown,94.7,80,40000,0,10M,1.50301E+11,06071
hc0040_p01,hc0040_p01_3,Parker,34.2953344,-114.1402216,U S Bureau of Reclamation,HY,447,2,3,NA,30,2009,Unknown,Francis,Unknown,94.7,80,40000,0,10M,1.50301E+11,06071
hc0040_p01,hc0040_p01_4,Parker,34.2953344,-114.1402216,U S Bureau of Reclamation,HY,447,4,4,NA,30,2010,Unknown,Francis,Unknown,94.7,80,40000,0,10M,1.50301E+11,06071
hc0041_p01,hc0041_p01_2,Pilot Butte,43.21901744,-108.7876807,U S Bureau of Reclamation,HY,674,2,2,NA,0.8,1929,Unknown,Francis,Unknown,NA,NA,NA,0,10M,1.008E+11,56013
hc0041_p01,hc0041_p01_1,Pilot Butte,43.21901744,-108.7876807,U S Bureau of Reclamation,HY,674,1,1,NA,0.8,1925,Unknown,Francis,Unknown,NA,NA,NA,0,10M,1.008E+11,56013
hc0042_p01,hc0042_p01_1,Pole Hill,40.36505622,-105.3250744,U S Bureau of Reclamation,HY,519,1,1,NA,38.2,1954,Unknown,Francis,Unknown,450,815,47500,0,10M,1.019E+11,08069
hc0043_p01,hc0043_p01_1,Roza,46.74906077,-120.4668247,U S Bureau of Reclamation,HY,6407,1,1,NA,12.9,1957,Unknown,Francis,Unknown,225,158,18000,0,10M,1.703E+11,53077
hc0044_p01,hc0044_p01_1,W R Gianelli,37.06917344,-121.0772654,California Dept. of Water Resources,PS,448,3,1,NA,53,1967,Unknown,Francis,NA,NA,NA,NA,0,10M,1.804E+11,06047
hc0044_p01,hc0044_p01_2,W R Gianelli,37.06917344,-121.0772654,California Dept. of Water Resources,PS,448,4,2,NA,53,1967,Unknown,Francis,NA,NA,NA,NA,0,10M,1.804E+11,06047
hc0044_p01,hc0044_p01_3,W R Gianelli,37.06917344,-121.0772654,California Dept. of Water Resources,PS,448,5,3,NA,53,1967,Unknown,Francis,NA,NA,NA,NA,0,10M,1.804E+11,06047
hc0044_p01,hc0044_p01_4,W R Gianelli,37.06917344,-121.0772654,California Dept. of Water Resources,PS,448,6,4,NA,53,1967,Unknown,Francis,NA,NA,NA,NA,0,10M,1.804E+11,06047
hc0044_p01,hc0044_p01_5,W R Gianelli,37.06917344,-121.0772654,California Dept. of Water Resources,PS,448,7,5,NA,53,1967,Unknown,Francis,NA,NA,NA,NA,0,10M,1.804E+11,06047
hc0044_p01,hc0044_p01_6,W R Gianelli,37.06917344,-121.0772654,California Dept. of Water Resources,PS,448,8,6,NA,53,1967,Unknown,Francis,NA,NA,NA,NA,0,10M,1.804E+11,06047
hc0044_p01,hc0044_p01_7,W R Gianelli,37.06917344,-121.0772654,California Dept. of Water Resources,PS,448,1,7,NA,53,1968,Unknown,Francis,NA,NA,NA,NA,0,10M,1.804E+11,06047
hc0044_p01,hc0044_p01_8,W R Gianelli,37.06917344,-121.0772654,California Dept. of Water Resources,PS,448,2,8,NA,53,1968,Unknown,Francis,NA,NA,NA,NA,0,10M,1.804E+11,06047
hc0045_p01,hc0045_p01_1,Seminoe,42.15612724,-106.908483,U S Bureau of Reclamation,HY,4182,1,1,NA,17.2,1939,1975,Francis,Unknown,225,171,20800,0,10M,1.018E+11,56007
hc0045_p01,hc0045_p01_2,Seminoe,42.15612724,-106.908483,U S Bureau of Reclamation,HY,4182,2,2,NA,17.2,1939,1972,Francis,Unknown,225,171,20800,0,10M,1.018E+11,56007
hc0045_p01,hc0045_p01_3,Seminoe,42.15612724,-106.908483,U S Bureau of Reclamation,HY,4182,3,3,NA,17.2,1939,1971,Francis,Unknown,225,171,20800,0,10M,1.018E+11,56007
hc0046_p01,hc0046_p01_1,Shasta,40.71745491,-122.422274,U S Bureau of Reclamation,HY,445,S1,1,NA,2,1944,2006,Francis,Unknown,600,330,3500,0,10M,1.80202E+11,06089
hc0046_p01,hc0046_p01_2,Shasta,40.71745491,-122.422274,U S Bureau of Reclamation,HY,445,S2,2,NA,2,1944,2006,Francis,Unknown,600,330,3500,0,10M,1.80202E+11,06089
hc0046_p01,hc0046_p01_3,Shasta,40.71745491,-122.422274,U S Bureau of Reclamation,HY,445,3,3,NA,142,1944,2005,Francis,Unknown,138.5,425,190735,0,10M,1.80202E+11,06089
hc0046_p01,hc0046_p01_4,Shasta,40.71745491,-122.422274,U S Bureau of Reclamation,HY,445,4,4,NA,142,1944,2003,Francis,Unknown,138.5,425,190735,0,10M,1.80202E+11,06089
hc0046_p01,hc0046_p01_5,Shasta,40.71745491,-122.422274,U S Bureau of Reclamation,HY,445,2,5,NA,142,1948,2008,Francis,Unknown,138.5,425,190735,0,10M,1.80202E+11,06089
hc0046_p01,hc0046_p01_6,Shasta,40.71745491,-122.422274,U S Bureau of Reclamation,HY,445,5,6,NA,142,1948,2004,Francis,Unknown,138.5,425,190735,0,10M,1.80202E+11,06089
hc0046_p01,hc0046_p01_7,Shasta,40.71745491,-122.422274,U S Bureau of Reclamation,HY,445,1,7,NA,142,1949,2007,Francis,Unknown,138.5,425,190735,0,10M,1.80202E+11,06089
hc0047_p01,hc0047_p01_1,Spring Creek,40.62811454,-122.4675091,U S Bureau of Reclamation,HY,450,1,1,NA,90,1964,1976,Francis,Unknown,225,566,105000,0,10M,1.80202E+11,06089
hc0047_p01,hc0047_p01_2,Spring Creek,40.62811454,-122.4675091,U S Bureau of Reclamation,HY,450,2,2,NA,90,1964,1975,Francis,Unknown,225,566,105000,0,10M,1.80202E+11,06089
hc0048_p01,hc0048_p01_1,Stampede,39.47044691,-120.1045501,U S Bureau of Reclamation,HY,7066,2,1,NA,0.6,1988,1985,Francis,Unknown,900,183,900,0,10M,1.60501E+11,06091
hc0048_p01,hc0048_p01_2,Stampede,39.47044691,-120.1045501,U S Bureau of Reclamation,HY,7066,1,2,NA,3,1988,1985,Francis,Unknown,600,183,4150,0,10M,1.60501E+11,06091
hc0049_p01,hc0049_p01_1,Trinity,40.79729606,-122.762553,U S Bureau of Reclamation,HY,451,1,1,01 - Trinity,70,1964,2016,Pelton,Unknown,NA,NA,390,0,10M,1.80102E+11,06105
hc0049_p01,hc0049_p01_2,Trinity,40.79729606,-122.762553,U S Bureau of Reclamation,HY,451,2,2,01 - Trinity,70,1964,Unknown,Pelton,Unknown,NA,NA,390,0,10M,1.80102E+11,06105
hc0050_p01,hc0050_p01_1,Yellowtail,45.30740605,-107.957515,U S Bureau of Reclamation,HY,2204,3,1,NA,71.9,1965,2000,Francis,Unknown,225,440,96500,0,10M,1.008E+11,30003
hc0050_p01,hc0050_p01_2,Yellowtail,45.30740605,-107.957515,U S Bureau of Reclamation,HY,2204,4,2,NA,71.9,1965,2000,Francis,Unknown,225,440,96500,0,10M,1.008E+11,30003
hc0050_p01,hc0050_p01_3,Yellowtail,45.30740605,-107.957515,U S Bureau of Reclamation,HY,2204,2,3,NA,62.5,1966,1988,Francis,Unknown,225,440,87000,0,10M,1.008E+11,30003
hc0050_p01,hc0050_p01_4,Yellowtail,45.30740605,-107.957515,U S Bureau of Reclamation,HY,2204,1,4,NA,71.9,1966,1987,Francis,Unknown,225,440,87000,0,10M,1.008E+11,30003
hc0051_p01,hc0051_p01_1,Marys Lake,40.3440796,-105.5343083,U S Bureau of Reclamation,HY,517,1,1,NA,8.1,1951,Unknown,Francis,Unknown,327,205,11300,0,10M,1.019E+11,08069
hc0052_p01,hc0052_p01_1,Big Thompson,40.42103106,-105.2238039,U S Bureau of Reclamation,HY,515,1,1,NA,4.5,1957,Unknown,Francis,Unknown,400,180,6300,0,10M,1.019E+11,08069
hc0103_p01,hc0103_p01_1,Tieton,46.65651,-121.1288,City of Burbank Water and Power,HY,57496,UNIT1,1,NA,6.9,2006,Unknown,Francis,NA,NA,NA,NA,2,1H,1.703E+11,53077
hc0103_p01,hc0103_p01_2,Tieton,46.65651,-121.1288,City of Burbank Water and Power,HY,57496,UNIT2,2,NA,6.9,2006,Unknown,Francis,NA,NA,NA,NA,2,1H,1.703E+11,53077
hc0104_p01,hc0104_p01_1,Drop 1,32.725523,-114.722242,Imperial Irrigation District,HY,585,1,1,NA,1.9,1984,Unknown,Unknown,NA,NA,NA,NA,0.2,1H,1.50301E+11,06025
hc0104_p01,hc0104_p01_2,Drop 1,32.725523,-114.722242,Imperial Irrigation District,HY,585,2,2,NA,1.9,1984,Unknown,Unknown,NA,NA,NA,NA,0.2,1H,1.50301E+11,06025
hc0104_p01,hc0104_p01_3,Drop 1,32.725523,-114.722242,Imperial Irrigation District,HY,585,3,3,NA,1.9,1984,Unknown,Unknown,NA,NA,NA,NA,0.2,1H,1.50301E+11,06025
hc0105_p01,hc0105_p01_1,Drop 2,32.725523,-114.722242,Imperial Irrigation District,HY,385,1,1,NA,5,1953,Unknown,Unknown,NA,NA,NA,NA,0.7,1H,1.50301E+11,06025
hc0105_p01,hc0105_p01_2,Drop 2,32.725523,-114.722242,Imperial Irrigation District,HY,385,2,2,NA,5,1953,Unknown,Unknown,NA,NA,NA,NA,0.7,1H,1.50301E+11,06025
hc0106_p01,hc0106_p01_1,Drop 3,32.725523,-114.722242,Imperial Irrigation District,HY,386,1,1,NA,4.8,1941,Unknown,Unknown,NA,NA,NA,NA,1,1H,1.50301E+11,06025
hc0106_p01,hc0106_p01_2,Drop 3,32.725523,-114.722242,Imperial Irrigation District,HY,386,2,2,NA,4.4,1966,Unknown,Unknown,NA,NA,NA,NA,1,1H,1.50301E+11,06025
hc0107_p01,hc0107_p01_1,Drop 4,32.725523,-114.722242,Imperial Irrigation District,HY,387,1,2,NA,10,1950,Unknown,Unknown,NA,NA,NA,NA,0.6,1H,1.50301E+11,06025
hc0107_p01,hc0107_p01_2,Drop 4,32.725523,-114.722242,Imperial Irrigation District,HY,387,2,1,NA,9.6,1941,Unknown,Unknown,NA,NA,NA,NA,1,1H,1.50301E+11,06025
hc0108_p01,hc0108_p01_1,Drop 5,32.673097,-115.392026,Imperial Irrigation District,HY,314,1,1,NA,2,1982,Unknown,Unknown,NA,NA,NA,NA,0.1,1H,1.81002E+11,06025
hc0108_p01,hc0108_p01_2,Drop 5,32.673097,-115.392026,Imperial Irrigation District,HY,314,2,2,NA,2,1982,Unknown,Unknown,NA,NA,NA,NA,0.1,1H,1.81002E+11,06025
hc0109_p01,hc0109_p01_1,Pilot Knob,32.73333333,-115.5,Imperial Irrigation District,HY,388,1,1,NA,16.5,1957,Unknown,Unknown,NA,NA,NA,NA,0.7,1H,1.81002E+11,06025
hc0109_p01,hc0109_p01_2,Pilot Knob,32.73333333,-115.5,Imperial Irrigation District,HY,388,2,2,NA,16.5,1957,Unknown,Unknown,NA,NA,NA,NA,0.7,1H,1.81002E+11,06025
hc0110_p01,hc0110_p01_3,Horse Mesa,33.59055182,-111.3439073,Salt River Project,HY,145,HM3,3,NA,11.7,1927,Unknown,Unknown,NA,NA,NA,NA,3,10M,1.50601E+11,04013
hc0110_p01,hc0110_p01_1,Horse Mesa,33.59055182,-111.3439073,Salt River Project,HY,145,HM1,1,NA,9.9,1927,Unknown,Unknown,NA,NA,NA,NA,3,10M,1.50601E+11,04013
hc0110_p01,hc0110_p01_2,Horse Mesa,33.59055182,-111.3439073,Salt River Project,HY,145,HM2,2,NA,9.9,1927,Unknown,Unknown,NA,NA,NA,NA,3,10M,1.50601E+11,04013
hc0110_p01,hc0110_p01_4,Horse Mesa,33.59055182,-111.3439073,Salt River Project,PS,145,HM4,4,NA,99.8,1972,Unknown,Unknown,NA,NA,NA,NA,80,10M,1.50601E+11,04013
hc0111_p01,hc0111_p01_1,Mormon Flat,33.55355982,-111.4428486,Salt River Project,HY,148,MF1,1,NA,9.2,1926,Unknown,Unknown,NA,NA,NA,NA,8,10M,1.50601E+11,04013
hc0111_p01,hc0111_p01_2,Mormon Flat,33.55355982,-111.4428486,Salt River Project,PS,148,MF2,2,NA,54.3,1971,Unknown,Unknown,NA,NA,NA,NA,10,10M,1.50601E+11,04013
hc0112_p01,hc0112_p01_1,Waddell,33.8464,-112.2663,Central Arizona Water Conservation Dist,PS,7164,PG3,1,NA,10,1993,Unknown,Unknown,NA,NA,NA,NA,10,10M,1.50701E+11,04013
hc0112_p01,hc0112_p01_2,Waddell,33.8464,-112.2663,Central Arizona Water Conservation Dist,PS,7164,PG6,2,NA,10,1993,Unknown,Unknown,NA,NA,NA,NA,10,10M,1.50701E+11,04013
hc0112_p01,hc0112_p01_3,Waddell,33.8464,-112.2663,Central Arizona Water Conservation Dist,PS,7164,PG7,3,NA,10,1993,Unknown,Unknown,NA,NA,NA,NA,10,10M,1.50701E+11,04013
hc0112_p01,hc0112_p01_4,Waddell,33.8464,-112.2663,Central Arizona Water Conservation Dist,PS,7164,PS1,4,NA,10,1993,Unknown,Unknown,NA,NA,NA,NA,10,10M,1.50701E+11,04013
hc0113_p01,hc0113_p01_1,New Lahontan,39.4629,-119.0658,Truckee-Carson Irrigation District,HY,50261,GEN1,1,01 - New Lahontan,4,1989,Unknown,Francis,NA,NA,82,5400,0.5,10M,1.60502E+11,32001
hc0113_p02,hc0113_p02_1,Lahontan,39.4629,-119.0658,Truckee-Carson Irrigation District,HY,6521,1,1,NA,0.6,1911,Unknown,Unknown,NA,NA,NA,NA,0.2,10M,1.60502E+11,32001
hc0113_p02,hc0113_p02_2,Lahontan,39.4629,-119.0658,Truckee-Carson Irrigation District,HY,6521,2,2,NA,0.6,1911,Unknown,Unknown,NA,NA,NA,NA,0.2,10M,1.60502E+11,32001
hc0113_p02,hc0113_p02_3,Lahontan,39.4629,-119.0658,Truckee-Carson Irrigation District,HY,6521,3,3,NA,0.6,1911,Unknown,Unknown,NA,NA,NA,NA,0.2,10M,1.60502E+11,32001
hc0114_p01,hc0114_p01_1,Crosscut,33.439188,-111.945885,Salt River Project,HY,143,CC5,1,NA,3,1939,Unknown,Unknown,NA,NA,NA,NA,0.1,10M,1.50601E+11,04013
hc0115_p01,hc0115_p01_1,South Consolidated,33.466463,-111.781074,Salt River Project,HY,100,SC1,1,NA,1.4,1981,Unknown,Unknown,NA,NA,NA,NA,0.1,10M,1.50601E+11,04013
hc0116_p01,hc0116_p01_1,Roosevelt,33.67136061,-111.1607649,Salt River Project,HY,149,ROOS,1,NA,36,1973,Unknown,Unknown,NA,NA,NA,NA,10,10M,1.50601E+11,04013
hc0117_p01,hc0117_p01_1,Stewart Mountain,33.56690922,-111.5346834,Salt River Project,HY,150,SM,1,NA,13,1930,Unknown,Unknown,NA,NA,NA,NA,0.1,10M,1.50601E+11,04013
hc0118_p01,hc0118_p01_1,Spanish Fork,40.07333,-111.5883,Strawberry Water Users Assn,HY,3691,3,1,NA,0.2,1937,Unknown,Unknown,NA,NA,NA,NA,0.1,10M,1.60202E+11,49049
hc0118_p01,hc0118_p01_2,Spanish Fork,40.07333,-111.5883,Strawberry Water Users Assn,HY,3691,1,2,NA,1.7,1983,Unknown,Unknown,NA,NA,NA,NA,0.1,10M,1.60202E+11,49049
hc0118_p01,hc0118_p01_3,Spanish Fork,40.07333,-111.5883,Strawberry Water Users Assn,HY,3691,2,3,NA,1.7,1983,Unknown,Unknown,NA,NA,NA,NA,0.1,10M,1.60202E+11,49049
hc0119_p01,hc0119_p01_1,Payson,40.01666667,-111.7166667,Strawberry Water Users Assn,HY,3692,1,1,NA,0.4,1941,Unknown,Unknown,NA,NA,NA,NA,NA,NA,1.60202E+11,49049
hc0120_p01,hc0120_p01_mini,Causey,41.29925994,-111.5875146,Weber Basin Water Conserv Dist,HY,7548,MINI,mini,NA,0.1,2021,Unknown,Unknown,NA,NA,NA,NA,0.1,10M,1.60201E+11,49057
hc0120_p01,hc0120_p01_2,Causey,41.29925994,-111.5875146,Weber Basin Water Conserv Dist,HY,7548,2,2,NA,0.6,1998,Unknown,Unknown,NA,NA,NA,NA,0.1,12H,1.60201E+11,49057
hc0120_p01,hc0120_p01_1,Causey,41.29925994,-111.5875146,Weber Basin Water Conserv Dist,HY,7548,1,1,NA,1.5,1998,Unknown,Unknown,NA,NA,NA,NA,0.3,12H,1.60201E+11,49057
hc0121_p01,hc0121_p01_1,Wanship,40.78836,-111.4053,Weber Basin Water Conserv Dist,HY,3698,1,1,NA,1.9,1958,Unknown,Unknown,NA,NA,NA,NA,0.3,12H,1.60201E+11,49043
hc0122_p01,hc0122_p01_1,Gateway,41.136605,-111.831108,Weber Basin Water Conserv Dist,HY,3697,1,1,NA,2,1958,Unknown,Unknown,NA,NA,NA,NA,0.3,12H,1.60201E+11,49029
hc0122_p01,hc0122_p01_2,Gateway,41.136605,-111.831108,Weber Basin Water Conserv Dist,HY,3697,2,2,NA,2,1958,Unknown,Unknown,NA,NA,NA,NA,0.3,12H,1.60201E+11,49029
hc0125_p01,hc0125_p01_1,American Falls,42.7792,-112.8748,Idaho Power Co,HY,809,1,1,01 - American Falls,30.8,1978,Unknown,Kaplan,Voest,NA,88,42000,0,10M,1.70402E+11,16077
hc0125_p01,hc0125_p01_2,American Falls,42.7792,-112.8748,Idaho Power Co,HY,809,2,2,01 - American Falls,30.8,1978,Unknown,Unknown,NA,NA,NA,NA,0,10M,1.70402E+11,16077
hc0125_p01,hc0125_p01_3,American Falls,42.7792,-112.8748,Idaho Power Co,HY,809,3,3,01 - American Falls,30.8,1978,Unknown,Unknown,NA,NA,NA,NA,0,10M,1.70402E+11,16077
hc0126_p01,hc0126_p01_1,Monticello,38.5133,-122.1037,Solano Irrigation District,HY,7646,3,1,01 - Monticello,1.5,1983,Unknown,Francis,NA,NA,112,2251,0.7,12H,1.80202E+11,NA
hc0126_p01,hc0126_p01_2,Monticello,38.5133,-122.1037,Solano Irrigation District,HY,7646,1,2,01 - Monticello,5,1983,Unknown,Francis,NA,NA,112,6971,1.6,12H,1.80202E+11,NA
hc0126_p01,hc0126_p01_3,Monticello,38.5133,-122.1037,Solano Irrigation District,HY,7646,2,3,01 - Monticello,5,1983,Unknown,Francis,NA,NA,112,6971,1.6,12H,1.80202E+11,NA
hc0128_p01,hc0128_p01_1,Cascade,44.5248,-116.0478,Idaho Power Co,HY,813,1,1,01 - Cascade,6.2,1984,Unknown,Kaplan,James Leffel & Co.,NA,81,8583,0,10M,1.70501E+11,16085
hc0128_p01,hc0128_p01_2,Cascade,44.5248,-116.0478,Idaho Power Co,HY,813,2,2,01 - Cascade,6.2,1984,Unknown,Kaplan,James Leffel & Co.,NA,81,8583,0,10M,1.70501E+11,16085
hc0129_p01,hc0129_p01_1,Dry Falls Dam (Main Canal Headworks),47.625,-119.2917,Columbia Basin Hydropower,HY,56698,1,1,NA,26.8,1987,Unknown,Unknown,NA,NA,NA,NA,3,1H,1.702E+11,53025
hc0130_p01,hc0130_p01_1,Whiskeytown,40.5978,-122.539,City of Redding - (CA),HY,7189,1,1,01 - Whiskeytown,3.5,1986,Unknown,Francis,Vevey Eng.Inc,NA,230,4734,1,10M,1.80202E+11,06089
hc0131_p01,hc0131_p01_01,Friant River Outlet 2 Powerhouse,36.99953123,-119.7051751,Friant Power Authority,HY,50393,NA,1,04 - New River Outlet Powerhouse,16.56,1985,Unknown,Unknown,NA,NA,NA,NA,0.5,1H,1.804E+11,06019
hc0131_p02,hc0131_p02_01,Friant-Kern Powerhouse ,36.99774,-119.7035596,Friant Power Authority,HY,50393,NA,1,02 - Madera,8.798,1985,Unknown,Kaplan,NA,NA,109,13,1,10M,1.804E+11,06019
hc0131_p03,hc0131_p03_01,Friant Madera Powerhouse,36.999275,-119.705146,Friant Power Authority,HY,50393,NA,1,01 - Friant-Kern No. 1,2,1985,Unknown,Kaplan,NA,NA,77,26300,1,10M,1.804E+11,06019
hc0131_p04,hc0131_p04_01,Friant Fishwater Release Powerhouse,36.998872,-119.704696,Orange County Irrigation District,HY,NA,NA,1,01 - Fishwater Release,0.52,1991,Unknown,Francis,Gilbert Gilkes And Gordon,NA,216,736,NA,NA,1.804E+11,06019
hc0131_p05,hc0131_p05_01,Friant New River Outlet Powerhouse,36.999155,-119.705447,Orange County Irrigation District,HY,50393,NA,1,03 - San Joaquin River Outlet,7.03,2017,Unknown,Francis,NA,NA,215,2945,0.5,10M,1.804E+11,06019
hc0132_p01,hc0132_p01_1,Russell D Smith,46.7458,-119.1083,Columbia Basin Hydropower,HY,56694,1,1,01 - Russell D. Smith,6.1,1982,Unknown,Kaplan,James Leffel & Co.,NA,52.5,8180,0.2,1H,1.702E+11,53021
hc0134_p01,hc0134_p01_3,Madera Canal (Site 980 65),37.0553,-119.8972,Madera-Chowchilla Power Auth,HY,50322,GEN1,3,01 - Site A,2.1,1985,Unknown,Unknown,NA,NA,32,2459,0.5,1H,1.804E+11,06039
hc0134_p01,hc0134_p01_1,Madera Canal (Site 980 65),37.0553,-119.8972,Madera-Chowchilla Power Auth,HY,NA,NA,1,02 - Site B,0.605,1985,Unknown,Unknown,NA,NA,14,810,NA,NA,1.804E+11,06039
hc0134_p01,hc0134_p01_2,Madera Canal (Site 980 65),37.0553,-119.8972,Madera-Chowchilla Power Auth,HY,NA,NA,2,03 - Site C,0.916,1985,Unknown,Unknown,NA,NA,25,1375,NA,NA,1.804E+11,06039
hc0135_p01,hc0135_p01_1,Mora Drop Hydroelectric Project,43.4597,-116.4726,Boise-Kuna Irrigation District,HY,56498,1,1,NA,1.7,2006,Unknown,Kaplan,CHEC,NA,NA,NA,0.1,10M,1.70501E+11,16001
hc0136_p01,hc0136_p01_1,Island Park,44.4189998,-111.3960003,Fall River Rural Elec Coop Inc,HY,4204,HY1,1,01 - Island Park,2.4,1994,Unknown,Francis,Bouvier,NA,60,NA,0.8,12H,1.70402E+11,16043
hc0136_p01,hc0136_p01_2,Island Park,44.4189998,-111.3960003,Fall River Rural Elec Coop Inc,HY,4204,HY2,2,01 - Island Park,2.4,1994,Unknown,Francis,Bouvier,NA,60,NA,0.8,12H,1.70402E+11,16043
hc0137_p01,hc0137_p01_1,Garland Canal,44.7197,-108.8699,Shoshone Irrigation District,HY,57551,MAIN,1,01 - Garland Canal,2.9,1983,Unknown,Kaplan,Axel Johnson,NA,52,4398,1.2,10M,1.008E+11,56029
hc0138_p01,hc0138_p01_1,Vallecito,37.3718,-107.5794,Ptarmigan Res & Engy Inc,HY,50206,GEN1,1,01 - Vallecito,0.8,1989,Unknown,Unknown,NA,NA,NA,NA,0.1,10M,1.40801E+11,08067
hc0138_p01,hc0138_p01_2,Vallecito,37.3718,-107.5794,Ptarmigan Res & Engy Inc,HY,50206,GEN2,2,01 - Vallecito,2.5,1989,Unknown,Francis,NA,NA,101,NA,0.3,10M,1.40801E+11,08067
hc0138_p01,hc0138_p01_3,Vallecito,37.3718,-107.5794,Ptarmigan Res & Engy Inc,HY,50206,GEN3,3,01 - Vallecito,2.5,1989,Unknown,Francis,NA,NA,101,NA,0.3,10M,1.40801E+11,08067
hc0139_p01,hc0139_p01_1,Stony Gorge,39.5862,-122.5325,City of Santa Clara - (CA),HY,7151,1,1,01 - Stony Gorge,2.5,1984,Unknown,Kaplan,Axel Johnson,NA,89.9,2300,0.3,10M,1.80201E+11,06021
hc0139_p01,hc0139_p01_2,Stony Gorge,39.5862,-122.5325,City of Santa Clara - (CA),HY,7151,2,2,01 - Stony Gorge,2.5,1984,Unknown,Kaplan,Axel Johnson,NA,89.9,2300,0.3,10M,1.80201E+11,06021
hc0140_p01,hc0140_p01_1,Summer Falls Power Plant,47.5,-119.2875,Columbia Basin Hydropower,HY,56695,1,1,01 - Summer Falls,46,1984,Unknown,Kaplan,Toshiba,NA,165,61686,14,1H,1.702E+11,53025
hc0140_p01,hc0140_p01_2,Summer Falls Power Plant,47.5,-119.2875,Columbia Basin Hydropower,HY,56695,2,2,01 - Summer Falls,46,1984,Unknown,Kaplan,Toshiba,NA,165,61686,14,1H,1.702E+11,53025
hc0141_p01,hc0141_p01_1,Tiber,48.32,-111.0901,Tiber Montana LLC,HY,56499,HY1,1,01 - Tiber Dam,7.5,2004,Unknown,Kaplan,Gilbert Gilkes And Gordon,NA,172.2,11454,1,10M,1.00302E+11,30051
hc0142_p01,hc0142_p01_1,Ruedi,39.3623,-106.8213,City of Aspen- (CO),HY,7458,1,1,01 - Ruedi,5,1985,Unknown,Unknown,NA,NA,NA,NA,0.7,10M,1.401E+11,08037
hc0143_p01,hc0143_p01_1,Echo Dam,40.9646,-111.4334,City of Bountiful,HY,4263,3,1,01 - Echo,1,1986,Unknown,Francis,NA,NA,105,1670,0.5,1H,1.60201E+11,49043
hc0143_p01,hc0143_p01_2,Echo Dam,40.9646,-111.4334,City of Bountiful,HY,4263,NA1,2,01 - Echo,1.7,1986,Unknown,Francis,NA,NA,105,2750,0.5,1H,1.60201E+11,49043
hc0143_p01,hc0143_p01_3,Echo Dam,40.9646,-111.4334,City of Bountiful,HY,4263,NA2,3,01 - Echo,1.7,1986,Unknown,Francis,NA,NA,105,2750,0.5,1H,1.60201E+11,49043
hc0144_p01,hc0144_p01_1,Sugarloaf Hydro Plant,39.2527,-106.3748,"Eagle Creek Renewable Energy, LLC",HY,50435,SUG1,1,01 - Sugarloaf,2.5,1985,Unknown,Francis,NA,NA,110,5000,0.4,10M,1.102E+11,08065
hc0145_p01,hc0145_p01_1,Eltopia Branch Canal 4.6,46.501777,-119.098191,Columbia Basin Hydropower,HY,56696,1,1,01 - E.B.C. 4.6,2.2,1983,Unknown,Francis,Voest,NA,127,2950,0.1,1H,1.702E+11,53021
hc0146_p01,hc0146_p01_1,Potholes East Canal 66.0,46.382173,-119.245268,Columbia Basin Hydropower,HY,56697,1,1,01 - P.E.C. 66.0,2.3,1984,Unknown,Francis,James Leffel & Co.,NA,325,3218,0.1,1H,1.702E+11,53021
hc0147_p01,hc0147_p01_1,Owyhee Dam Power Project,43.642,-117.2411,Owyhee Irrigation District,HY,50361,GEN1,1,01 - Owyhee Dam,5,1985,Unknown,Francis,Axel Johnson,NA,NA,5787,0.8,10M,1.70501E+11,41045
hc0148_p01,hc0148_p01_1,Tunnel 1 Power Project,43.6421,-117.2315,Owyhee Irrigation District,HY,50362,GEN1,1,01 - Owyhee Tunnel No. 1,8.5,1993,Unknown,Kaplan,IMPSA,NA,72,10885,1,10M,1.70501E+11,41045
hc0149_p01,hc0149_p01_1,Pine View Dam,41.2545,-111.8448,City of Bountiful,HY,7132,NA1,1,01 - Pine View,1.8,1991,Unknown,Francis,NA,NA,90,2414,0.5,1H,1.60201E+11,49057
hc0149_p02,hc0149_p02_1,Pioneer,41.234627,-111.924661,PacifiCorp,HY,3656,2,1,01 - Pioneer,2.5,1910,Unknown,Unknown,NA,NA,NA,NA,0,10M,1.60201E+11,49057
hc0149_p02,hc0149_p02_2,Pioneer,41.234627,-111.924661,PacifiCorp,HY,3656,1,2,01 - Pioneer,2.5,1913,Unknown,Pelton,NA,NA,425,NA,0,10M,1.60201E+11,49057
hc0150_p01,hc0150_p01_1,Navajo Dam,36.8058,-107.6137,City of Farmington - (NM),HY,584,1,1,01 - Navajo Dam,15,1989,Unknown,Francis,NA,NA,374,25000,6,12H,1.40801E+11,NA
hc0150_p01,hc0150_p01_2,Navajo Dam,36.8058,-107.6137,City of Farmington - (NM),HY,584,2,2,01 - Navajo Dam,15,1989,Unknown,Francis,NA,NA,374,25000,6,12H,1.40801E+11,NA
hc0151_p01,hc0151_p01_2,Felt,43.907493,-111.284564,Fall River Rural Elec Coop Inc,HY,6359,5,2,01 - Felt,1.1,1947,Unknown,Francis,James Leffel & Co.,NA,80,NA,0.7,12H,1.70402E+11,16081
hc0151_p01,hc0151_p01_1,Felt,43.907493,-111.284564,Fall River Rural Elec Coop Inc,HY,6359,4,1,01 - Felt,0.9,1946,Unknown,Francis,James Leffel & Co.,NA,80,NA,0.1,12H,1.70402E+11,16081
hc0151_p01,hc0151_p01_3,Felt,43.907493,-111.284564,Fall River Rural Elec Coop Inc,HY,6359,1,3,02 - Felt,2.7,1987,Unknown,Unknown,NA,NA,NA,NA,1,12H,1.70402E+11,16081
hc0151_p01,hc0151_p01_4,Felt,43.907493,-111.284564,Fall River Rural Elec Coop Inc,HY,6359,2,4,02 - Felt,2.7,1987,Unknown,Unknown,NA,NA,NA,NA,1,12H,1.70402E+11,16081
hc0152_p01,hc0152_p01_1,El Vado Dam,36.5929,-106.7336,Los Alamos County,HY,7593,1,1,01 - El Vado,8,1989,Unknown,Kaplan,NA,NA,105,11112,1,10M,1.30201E+11,35039
hc0153_p01,hc0153_p01_1,Michell Butte Power Project,43.7714,-117.1557,Owyhee Irrigation District,HY,50360,GEN2,2,02 - Mitchell Butte,1,1989,Unknown,Pump,Byron Jackson,NA,NA,1245,0.4,10M,1.70501E+11,41045
hc0154_p01,hc0154_p01_1,Madera Canal Mile 24.2 Powerhouse,37.0753,-119.9892,Madera-Chowchilla Water and Power Authority,HY,NA,NA,1,01 - Madera Canal Mile 24.2,0.424,1986,Unknown,Unknown,Voest,NA,31,584,NA,NA,1.804E+11,06039
hc0155_p01,hc0155_p01_1,High Line,39.7822,-122.2923,Santa Clara City of,HY,7224,1,1,01 - High Line Canal,0.53,1988,Unknown,Pump,Flygt,NA,27,NA,NA,NA,1.80201E+11,06021
hc0156_p01,hc0156_p01_1,Cowiche,46.6931,-120.7417,Yakima-Tieton Irrigation Dist,HY,50423,983,1,01 - Cowiche,1.7,1986,Unknown,Francis,Mitsubishi,NA,129,2090,1,10M,1.703E+11,53077
hc0157_p01,hc0157_p01_1,Orchard Avenue 1,46.5972,-120.6792,Yakima-Tieton Irrigation Dist,HY,50421,201,1,01 - Orchard Avenue,0.8,1987,Unknown,Francis,"Nikki Corporation, Japan",NA,298,1085,0.2,10M,1.703E+11,53077
hc0157_p01,hc0157_p01_2,Orchard Avenue 1,46.5972,-120.6792,Yakima-Tieton Irrigation Dist,HY,50421,301,2,01 - Orchard Avenue,0.8,1987,Unknown,Francis,"Nikki Corporation, Japan",NA,378,1085,0.2,10M,1.703E+11,53077
hc0158_p01,hc0158_p01_1,Little Wood Hydro Project,43.425,-114.024,Littlewood Irrigation District,HY,54386,GEN1,1,01 - Little Wood,2.8,1985,Unknown,Francis,Hydro West,NA,112,4023,0.4,1H,1.70402E+11,16013
hc0160_p01,hc0160_p01_1,Dietrich Drop,42.8352,-114.2672,"Wood Hydro, LLC",HY,10807,GEN1,1,01 - Dietrich Drop,4.8,1988,Unknown,Kaplan,Hydro West,NA,60,6660,0.1,10M,1.70402E+11,16063
hc0161_p01,hc0161_p01_1,Mile 28 Water Power Project,42.7414,-114.162,"Wood Hydro, LLC",HY,54812,1,1,01 - Mile 28,0.7,1994,Unknown,Kaplan,NA,NA,15,971,0.3,10M,1.70402E+11,16053
hc0161_p01,hc0161_p01_2,Mile 28 Water Power Project,42.7414,-114.162,"Wood Hydro, LLC",HY,54812,2,2,01 - Mile 28,0.7,1994,Unknown,Kaplan,NA,NA,15,971,0.3,10M,1.70402E+11,16053
hc0162_p01,hc0162_p01_1,Arrowrock,43.59542,-115.9225,Boise-Kuna Irrigation District,HY,56997,1,1,NA,7.5,2010,Unknown,Francis,CHEC,NA,NA,NA,0.1,10M,1.70501E+11,16039
hc0162_p01,hc0162_p01_2,Arrowrock,43.59542,-115.9225,Boise-Kuna Irrigation District,HY,56997,2,2,NA,7.5,2010,Unknown,Francis,CHEC,NA,NA,NA,0.1,10M,1.70501E+11,16039
hc0163_p01,hc0163_p01_1,Siphon Drop,32.778985,-114.634438,Yuma County Water User's Association,HY,57364,1,1,NA,2.2,1987,Unknown,Unknown,NA,NA,NA,NA,1,1H,1.50301E+11,06025
hc0163_p01,hc0163_p01_2,Siphon Drop,32.778985,-114.634438,Yuma County Water User's Association,HY,57364,2,2,NA,2.2,1987,Unknown,Unknown,NA,NA,NA,NA,1,1H,1.50301E+11,06025
hc0165_p01,hc0165_p01_1,Lower Turnbull Drop Project,47.598379,-112.067676,Turnbull Hydro LLC,HY,57690,2,1,NA,7.7,2011,Unknown,Francis,RiverBank,NA,NA,NA,2,10M,1.00302E+11,30099
hc0166_p01,hc0166_p01_1,Upper Turnbull Drop Project,47.605114,-112.09725,Turnbull Hydro LLC,HY,57690,1,1,NA,5.3,2011,Unknown,Francis,RiverBank,NA,NA,NA,1.5,10M,1.00301E+11,30099
hc0173_p01,hc0173_p01_1,C Drop,42.16593,-121.685051,C-Drop,HY,58470,GEN1,1,NA,1.1,2012,Unknown,Kaplan,Alstom,NA,NA,NA,0.3,10M,1.80102E+11,41035
hc0175_p01,hc0175_p01_1,Monroe Hydro,44.462195,-121.246717,"Monroe Hydro, LLC",HY,NA,NA,1,NA,0.3,2015,Unknown,Unknown,Natel,NA,15,NA,NA,NA,1.70703E+11,41031
hc0176_p01,hc0176_p01_1,Kings River Syphon,36.7638,-119.442,Orange Cove Irrigation District,HY,65033,UNIT1,1,01 - Kings River Siphon,0.3,1990,Unknown,Francis,ESAC,NA,11,500,0,1H,1.803E+11,06019
hc0176_p01,hc0176_p01_2,Kings River Syphon,36.7638,-119.442,Orange Cove Irrigation District,HY,65033,UNIT2,2,01 - Kings River Siphon,0.3,1990,Unknown,Francis,ESAC,NA,11,500,0,1H,1.803E+11,06019
hc0176_p01,hc0176_p01_3,Kings River Syphon,36.7638,-119.442,Orange Cove Irrigation District,HY,65033,UNIT3,3,01 - Kings River Siphon,0.3,1990,Unknown,Francis,ESAC,NA,11,500,0,1H,1.803E+11,06019
hc0176_p01,hc0176_p01_4,Kings River Syphon,36.7638,-119.442,Orange Cove Irrigation District,HY,65033,UNIT4,4,01 - Kings River Siphon,0.4,1990,Unknown,Francis,ESAC,NA,11,500,0,1H,1.803E+11,06019
hc0177_p01,hc0177_p01_1,South Canal Hydro-1,38.483333,-107.755,Delta-Montrose Electric Association,HY,58783,SC-1,1,NA,4,2013,Unknown,Unknown,NA,NA,NA,NA,1,10M,1.402E+11,08085
hc0178_p01,hc0178_p01_1,South Canal Hydro-3,38.470278,-107.771389,Delta-Montrose Electric Association,HY,58784,SC-3,1,NA,3.5,2013,Unknown,Unknown,NA,NA,NA,NA,1,10M,1.402E+11,08085
hc0179_p01,hc0179_p01_1,Carter Hydro,40.324167,-105.208889,Northern Colorado Water Conservancy District,HY,58622,1,1,NA,1.3,2012,Unknown,Unknown,NA,NA,NA,NA,0.3,10M,1.019E+11,08069
hc0179_p01,hc0179_p01_2,Carter Hydro,40.324167,-105.208889,Northern Colorado Water Conservancy District,HY,58622,2,2,NA,1.3,2012,Unknown,Unknown,NA,NA,NA,NA,0.3,10M,1.019E+11,08069
hc0180_p01,hc0180_p01_1,Arizona Falls,33.489875,-111.959097,Salt River Valley Water User's Association,HY,NA,NA,1,NA,0.75,1902,Unknown,Unknown,NA,NA,NA,NA,NA,NA,1.50601E+11,04013
hc0181_p01,hc0181_p01_1,Granby Dam,40.1487,-105.8673,Northern Water Hydropower Enterprise,HY,60119,GEN1,1,NA,1.2,2015,Unknown,Unknown,NA,NA,NA,NA,0.2,10M,1.401E+11,08049
hc0182_p01,hc0182_p01_1,MC6 Hydro Facility,43.490468,-116.393658,MC6 Hydro Facility,HY,64607,GEN1,1,NA,2.3,2021,Unknown,Unknown,NA,NA,NA,NA,0.1,10M,1.70501E+11,16001
hc0183_p01,hc0183_p01_1,Esquatzel,46.358598,-119.2573,"Green Energy Today, LLC",HY,NA,NA,1,NA,0.9,NA,Unknown,Kaplan,NA,NA,121,NA,NA,NA,1.702E+11,53021
hc0184_p01,hc0184_p01_1,Fargo No. 1,43.626533,-116.895833,Riverside Investments LLC,HY,58384,GEN1,1,NA,1.1,2013,Unknown,Francis,NA,NA,90,NA,0.1,12H,1.70501E+11,16027
hc0185_p01,hc0185_p01_1,Low Line No. 8,43.545263,-116.759305,Boise Project Board of Control,HY,NA,NA,1,NA,0.385,NA,Unknown,Unknown,NA,NA,NA,NA,NA,NA,1.70501E+11,16027
hc0186_p01,hc0186_p01_1,45 Mile Hydroelectric Project,44.528967,-121.153171,EBD Hydro LLC,HY,58455,1,1,NA,1,2015,Unknown,Francis,NA,NA,131,NA,0.9,10M,1.70703E+11,41031
hc0186_p01,hc0186_p01_2,45 Mile Hydroelectric Project,44.528967,-121.153171,EBD Hydro LLC,HY,58455,2,2,NA,1,2015,Unknown,Unknown,NA,NA,NA,NA,0.9,10M,1.70703E+11,41031
hc0186_p01,hc0186_p01_3,45 Mile Hydroelectric Project,44.528967,-121.153171,EBD Hydro LLC,HY,58455,3,3,NA,1,2015,Unknown,Unknown,NA,NA,NA,NA,0.9,10M,1.70703E+11,41031
hc0187_p01,hc0187_p01_1,Waldvogel Bluff,43.374235,-116.514258,Boise Project Board of Control,HY,NA,NA,1,NA,0.3,NA,Unknown,Unknown,NA,NA,72,NA,NA,NA,1.70501E+11,16015
hc0188_p01,hc0188_p01_1,Fargo No. 2,43.624959,-116.899728,Boise Project Board of Control,HY,NA,NA,1,NA,0.175,1981,Unknown,Unknown,NA,NA,NA,NA,NA,NA,1.70501E+11,16015
hc0189_p01,hc0189_p01_1,Golden Gate,43.641641,-116.814785,Boise Project Board of Control,HY,NA,NA,1,NA,0.175,1981,Unknown,Unknown,NA,NA,NA,NA,NA,NA,1.70501E+11,16027
hc0189_p01,hc0189_p01_2,Golden Gate,43.641641,-116.814785,Boise Project Board of Control,HY,NA,NA,2,NA,0.175,1981,Unknown,Unknown,NA,NA,NA,NA,NA,NA,1.70501E+11,16027
hc0189_p01,hc0189_p01_3,Golden Gate,43.641641,-116.814785,Boise Project Board of Control,HY,NA,NA,3,NA,0.175,1981,Unknown,Unknown,NA,NA,NA,NA,NA,NA,1.70501E+11,16027
hc0189_p01,hc0189_p01_4,Golden Gate,43.641641,-116.814785,Boise Project Board of Control,HY,NA,NA,4,NA,0.175,1981,Unknown,Unknown,NA,NA,NA,NA,NA,NA,1.70501E+11,16027
hc0190_p01,hc0190_p01_1,Arena Drop,43.719188,-116.961317,Boise Project Board of Control,HY,NA,NA,1,NA,0.27,1981,Unknown,Unknown,NA,NA,69.5,NA,NA,NA,1.70501E+11,16027
hc0190_p01,hc0190_p01_2,Arena Drop,43.719188,-116.961317,Boise Project Board of Control,HY,NA,NA,2,NA,0.27,1981,Unknown,Unknown,NA,NA,69.5,NA,NA,NA,1.70501E+11,16027
hc0191_p01,hc0191_p01_1,Main Canal No. 10,43.508207,-116.577445,Boise Project Board of Control,HY,NA,NA,1,NA,0.5,1981,Unknown,Unknown,NA,NA,NA,NA,NA,NA,1.70501E+11,16015
hc0192_p01,hc0192_p01_1,Grand Valley,39.10139,-108.345727,Grand Valley Water Users Association,HY,NA,NA,1,NA,3,1938,Unknown,Unknown,NA,NA,79,NA,NA,NA,1.401E+11,08077
hc0193_p01,hc0193_p01_1,Jackson Gulch,37.3986,-108.2742,Mancos Water Conservancy District,HY,NA,NA,1,NA,0.254,1995,Unknown,Unknown,NA,NA,NA,NA,NA,NA,1.40801E+11,08083
hc0194_p01,hc0194_p01_1,Ridgway,38.2366,-107.7585,Tri-County Water Conservancy District,HY,58901,TCWG2,1,NA,0.8,2014,Unknown,Unknown,NA,NA,NA,NA,0.3,10M,1.402E+11,08091
hc0194_p01,hc0194_p01_2,Ridgway,38.2366,-107.7585,Tri-County Water Conservancy District,HY,58901,TCWG1,2,NA,7.2,2014,Unknown,Unknown,NA,NA,NA,NA,2.9,10M,1.402E+11,08091
hc0195_p01,hc0195_p01_1,Jordanelle,40.596605,-111.423589,Central Utah Water Conservancy District,HY,61853,GEN 1,1,NA,6.5,2008,Unknown,Francis,VA Tech,360,270,8700,2.6,10M,1.60202E+11,49051
hc0195_p01,hc0195_p01_2,Jordanelle,40.596605,-111.423589,Central Utah Water Conservancy District,HY,61853,GEN 2,2,NA,6.5,2008,Unknown,Francis,VA Tech,360,270,8700,2.6,10M,1.60202E+11,49051
hc0196_p01,hc0196_p01_1,Lemon,37.3819,-107.661,Florida Water Conservancy District,HY,NA,NA,1,NA,0.12,1988,Unknown,Unknown,NA,NA,NA,NA,NA,NA,1.40801E+11,08067
hc0197_p01,hc0197_p01_1,South Canal Hydro-4,38.453827,-107.771733,Uncompahgre Valley Water Users Association,HY,NA,NA,1,NA,4.8,2015,Unknown,Kaplan,NA,NA,NA,NA,NA,NA,1.402E+11,08085
hc0198_p01,hc0198_p01_1,Shavano Falls Hydro,38.491984,-108.002302,Shavano Falls Hydro LLC,HY,61189,GEN1,1,NA,2.8,2015,Unknown,Francis,NA,NA,NA,NA,1.1000000000000001,10M,1.402E+11,08085
hc0199_p01,hc0199_p01_1,C.C. Craigin Dam and Powerplant,34.5544,-111.1838,"East, Quincy, and South, Columbia Basin Irrigation Districts",HY,NA,NA,1,01 - CC Cagin,3,1965,Unknown,Unknown,NA,NA,NA,NA,NA,NA,1.502E+11,04005
hc01A0_p01,hc01A0_p01_1,Senator Wash,32.91070135,-114.4794188,Imperial Irrigation District,PS,NA,NA,1,NA,1.2,1965,Unknown,Francis,NA,NA,74,NA,NA,NA,1.50301E+11,06025
hc01A0_p01,hc01A0_p01_2,Senator Wash,32.91070135,-114.4794188,Imperial Irrigation District,PS,NA,NA,2,NA,1.2,1965,Unknown,Francis,NA,NA,74,NA,NA,NA,1.50301E+11,06025
hc01A0_p01,hc01A0_p01_3,Senator Wash,32.91070135,-114.4794188,Imperial Irrigation District,PS,NA,NA,3,NA,1.2,1965,Unknown,Francis,NA,NA,74,NA,NA,NA,1.50301E+11,06025
hc01A0_p01,hc01A0_p01_4,Senator Wash,32.91070135,-114.4794188,Imperial Irrigation District,PS,NA,NA,4,NA,1.2,1965,Unknown,Francis,NA,NA,74,NA,NA,NA,1.50301E+11,06025
hc01A0_p01,hc01A0_p01_5,Senator Wash,32.91070135,-114.4794188,Imperial Irrigation District,PS,NA,NA,5,NA,1.2,1965,Unknown,Francis,NA,NA,74,NA,NA,NA,1.50301E+11,06025
hc01A0_p01,hc01A0_p01_6,Senator Wash,32.91070135,-114.4794188,Imperial Irrigation District,PS,NA,NA,6,NA,1.2,1965,Unknown,Francis,NA,NA,74,NA,NA,NA,1.50301E+11,06025
hc01A1_p01,hc01A1_p01_1,South Canal Hydro-5,38.403944,-107.810339,Uncompahgre Valley Water Users Association,HY,NA,NA,1,NA,2.4,2016,Unknown,Kaplan,NA,NA,NA,NA,NA,NA,1.402E+11,08085
hc0201_p01,hc0201_p01_1,Albeni Falls,48.17879019,-116.9992116,USACE Northwestern Division,HY,851,1,1,NA,14,1955,Unknown,Kaplan,Baldwin,54.5,NA,NA,14,10M,1.70102E+11,16017
hc0201_p01,hc0201_p01_2,Albeni Falls,48.17879019,-116.9992116,USACE Northwestern Division,HY,851,2,2,NA,14,1955,Unknown,Kaplan,Baldwin,54.5,NA,NA,14,10M,1.70102E+11,16017
hc0201_p01,hc0201_p01_3,Albeni Falls,48.17879019,-116.9992116,USACE Northwestern Division,HY,851,3,3,NA,14,1955,Unknown,Kaplan,Baldwin,NA,NA,NA,14,10M,1.70102E+11,16017
hc0202_p01,hc0202_p01_1,Allatoona,34.16385908,-84.72763731,USCE-Mobile District,HY,760,A,1,NA,2,1950,Unknown,Unknown,NA,NA,NA,NA,2,10M,031501041301,13015
hc0202_p01,hc0202_p01_2,Allatoona,34.16385908,-84.72763731,USCE-Mobile District,HY,760,1,2,NA,42.3,1950,Unknown,Francis,S. Morgan Smith,112.5,135,55000,20,10M,031501041301,13015
hc0202_p01,hc0202_p01_3,Allatoona,34.16385908,-84.72763731,USCE-Mobile District,HY,760,2,3,NA,42.3,1950,Unknown,Francis,S. Morgan Smith,112.5,135,55000,20,10M,031501041301,13015
hc0203_p01,hc0203_p01_1,Barkley,37.01768754,-88.22408784,USCE-Nashville District,HY,1371,1,1,NA,32.5,1966,Unknown,Kaplan,Newport News,65.5,44,58000,32.5,10M,051302050708,21143
hc0203_p01,hc0203_p01_2,Barkley,37.01768754,-88.22408784,USCE-Nashville District,HY,1371,2,2,NA,32.5,1966,Unknown,Kaplan,Newport News,65.5,44,58000,32.5,10M,051302050708,21143
hc0203_p01,hc0203_p01_3,Barkley,37.01768754,-88.22408784,USCE-Nashville District,HY,1371,3,3,NA,32.5,1966,Unknown,Kaplan,Newport News,65.5,44,58000,32.5,10M,051302050708,21143
hc0203_p01,hc0203_p01_4,Barkley,37.01768754,-88.22408784,USCE-Nashville District,HY,1371,4,4,NA,32.5,1966,Unknown,Kaplan,Newport News,65.5,44,58000,32.5,10M,051302050708,21143
hc0204_p01,hc0204_p01_1,Beaver,36.42108248,-93.8481779,USCE-Little Rock District,HY,182,1,1,NA,56,1965,Unknown,Francis,Newport News,105.9,164,77400,20,10M,1.101E+11,05015
hc0204_p01,hc0204_p01_2,Beaver,36.42108248,-93.8481779,USCE-Little Rock District,HY,182,2,2,NA,56,1965,Unknown,Francis,Newport News,105.9,164,77400,20,10M,1.101E+11,05015
hc0205_p01,hc0205_p01_1,Big Bend,44.03875607,-99.44658842,USACE-Omaha,HY,3375,1,1,NA,67.3,1964,Unknown,Kaplan,English Electric,81.8,67,90300,0,10M,1.01401E+11,46017
hc0205_p01,hc0205_p01_2,Big Bend,44.03875607,-99.44658842,USACE-Omaha,HY,3375,2,2,NA,67.3,1964,Unknown,Kaplan,English Electric,81.8,67,90300,0,10M,1.01401E+11,46017
hc0205_p01,hc0205_p01_3,Big Bend,44.03875607,-99.44658842,USACE-Omaha,HY,3375,3,3,NA,67.2,1965,Unknown,Kaplan,English Electric,81.8,67,90300,0,10M,1.01401E+11,46017
hc0205_p01,hc0205_p01_4,Big Bend,44.03875607,-99.44658842,USACE-Omaha,HY,3375,4,4,NA,67.3,1965,Unknown,Kaplan,English Electric,81.8,67,90300,0,10M,1.01401E+11,46017
hc0205_p01,hc0205_p01_5,Big Bend,44.03875607,-99.44658842,USACE-Omaha,HY,3375,5,5,NA,67.3,1965,Unknown,Kaplan,English Electric,81.8,67,90300,0,10M,1.01401E+11,46017
hc0205_p01,hc0205_p01_6,Big Bend,44.03875607,-99.44658842,USACE-Omaha,HY,3375,6,6,NA,67.3,1965,Unknown,Kaplan,English Electric,81.8,67,90300,0,10M,1.01401E+11,46017
hc0205_p01,hc0205_p01_7,Big Bend,44.03875607,-99.44658842,USACE-Omaha,HY,3375,7,7,NA,67.3,1966,Unknown,Kaplan,English Electric,81.8,67,90300,0,10M,1.01401E+11,46017
hc0205_p01,hc0205_p01_8,Big Bend,44.03875607,-99.44658842,USACE-Omaha,HY,3375,8,8,NA,67.3,1966,Unknown,Kaplan,English Electric,81.8,67,90300,0,10M,1.01401E+11,46017
hc0206_p01,hc0206_p01_1,Big Cliff,44.75068406,-122.2830611,USACE Northwestern Division,HY,3074,1,1,NA,18,1954,Unknown,Kaplan,Baldwin,NA,NA,NA,18,10M,1.709E+11,41047
hc0207_p01,hc0207_p01_1,Blakely Mountain,34.57339268,-93.1951605,USCE -Vickburg District,HY,197,1,1,NA,37.5,1955,Unknown,Francis,S. Morgan Smith,120,168,52000,20,10M,080401010604,05051
hc0207_p01,hc0207_p01_2,Blakely Mountain,34.57339268,-93.1951605,USCE -Vickburg District,HY,197,2,2,NA,37.5,1955,Unknown,Francis,S. Morgan Smith,120,168,52000,20,10M,080401010604,05051
hc0208_p01,hc0208_p01_3,Bonneville,45.64440086,-121.9404097,USACE Northwestern Division,HY,3075,F1,3,NA,13.1,1982,Unknown,Kaplan,NA,156.5,60,15,13.1,10M,1.708E+11,41051
hc0208_p01,hc0208_p01_4,Bonneville,45.64440086,-121.9404097,USACE Northwestern Division,HY,3075,F2,4,NA,13.1,1982,Unknown,Kaplan,NA,156.5,60,15,13.1,10M,1.708E+11,41051
hc0208_p01,hc0208_p01_11,Bonneville,45.64440086,-121.9404097,USACE Northwestern Division,HY,3075,4,11,NA,62.1,1999,Unknown,Kaplan,Voith,75,60,69,13.2,10M,1.708E+11,41051
hc0208_p01,hc0208_p01_12,Bonneville,45.64440086,-121.9404097,USACE Northwestern Division,HY,3075,6,12,NA,62.1,1999,Unknown,Kaplan,Voith,75,60,69,13.2,10M,1.708E+11,41051
hc0208_p01,hc0208_p01_13,Bonneville,45.64440086,-121.9404097,USACE Northwestern Division,HY,3075,3,13,NA,62.1,2002,Unknown,Kaplan,Voith,75,60,69,13.2,10M,1.708E+11,41051
hc0208_p01,hc0208_p01_14,Bonneville,45.64440086,-121.9404097,USACE Northwestern Division,HY,3075,5,14,NA,62.1,2002,Unknown,Kaplan,Voith,75,60,69,13.2,10M,1.708E+11,41051
hc0208_p01,hc0208_p01_15,Bonneville,45.64440086,-121.9404097,USACE Northwestern Division,HY,3075,1,15,NA,53.5,2004,Unknown,Kaplan,Voith,75,60,55.4,13.2,10M,1.708E+11,41051
hc0208_p01,hc0208_p01_16,Bonneville,45.64440086,-121.9404097,USACE Northwestern Division,HY,3075,2,16,NA,53.5,2007,Unknown,Kaplan,Voith,75,60,55.4,13.2,10M,1.708E+11,41051
hc0208_p01,hc0208_p01_17,Bonneville,45.64440086,-121.9404097,USACE Northwestern Division,HY,3075,10,17,NA,62.1,2007,Unknown,Kaplan,Voith,75,60,69,13.2,10M,1.708E+11,41051
hc0208_p01,hc0208_p01_18,Bonneville,45.64440086,-121.9404097,USACE Northwestern Division,HY,3075,8,18,NA,62.1,2008,Unknown,Kaplan,Voith,75,60,69,13.2,10M,1.708E+11,41051
hc0208_p01,hc0208_p01_19,Bonneville,45.64440086,-121.9404097,USACE Northwestern Division,HY,3075,7,19,NA,62.1,2010,Unknown,Kaplan,Voith,75,60,69,13.2,10M,1.708E+11,41051
hc0208_p01,hc0208_p01_20,Bonneville,45.64440086,-121.9404097,USACE Northwestern Division,HY,3075,9,20,NA,62.1,2010,Unknown,Kaplan,Voith,75,60,69,13.2,10M,1.708E+11,41051
hc0208_p01,hc0208_p01_1,Bonneville,45.64440086,-121.9404097,USACE Northwestern Division,HY,3075,17,1,NA,66.5,1981,Unknown,Kaplan,Allis-Chalmers,69.2,60,81,23.2,10M,1.708E+11,41051
hc0208_p01,hc0208_p01_2,Bonneville,45.64440086,-121.9404097,USACE Northwestern Division,HY,3075,18,2,NA,66.5,1981,Unknown,Kaplan,Allis-Chalmers,69.2,60,81,23.2,10M,1.708E+11,41051
hc0208_p01,hc0208_p01_5,Bonneville,45.64440086,-121.9404097,USACE Northwestern Division,HY,3075,11,5,NA,66.5,1982,Unknown,Kaplan,Allis-Chalmers,69.2,60,81,23.2,10M,1.708E+11,41051
hc0208_p01,hc0208_p01_6,Bonneville,45.64440086,-121.9404097,USACE Northwestern Division,HY,3075,12,6,NA,66.5,1982,Unknown,Kaplan,Allis-Chalmers,69.2,60,81,23.2,10M,1.708E+11,41051
hc0208_p01,hc0208_p01_7,Bonneville,45.64440086,-121.9404097,USACE Northwestern Division,HY,3075,13,7,NA,66.5,1982,Unknown,Kaplan,Allis-Chalmers,69.2,60,81,23.2,10M,1.708E+11,41051
hc0208_p01,hc0208_p01_8,Bonneville,45.64440086,-121.9404097,USACE Northwestern Division,HY,3075,14,8,NA,66.5,1982,Unknown,Kaplan,Allis-Chalmers,69.2,60,81,23.2,10M,1.708E+11,41051
hc0208_p01,hc0208_p01_9,Bonneville,45.64440086,-121.9404097,USACE Northwestern Division,HY,3075,15,9,NA,66.5,1982,Unknown,Kaplan,Allis-Chalmers,69.2,60,81,23.2,10M,1.708E+11,41051
hc0208_p01,hc0208_p01_10,Bonneville,45.64440086,-121.9404097,USACE Northwestern Division,HY,3075,16,10,NA,66.5,1982,Unknown,Kaplan,Allis-Chalmers,69.2,60,81,23.2,10M,1.708E+11,41051
hc0209_p01,hc0209_p01_1,Broken Bow,34.14552601,-94.68422523,USCE-Tulsa District,HY,6415,1,1,NA,50,1970,Unknown,Francis,Allis-Chalmers,128.6,175,69000,18,1H,1.11401E+11,40089
hc0209_p01,hc0209_p01_2,Broken Bow,34.14552601,-94.68422523,USCE-Tulsa District,HY,6415,2,2,NA,50,1970,Unknown,Francis,Allis-Chalmers,128.6,175,69000,18,1H,1.11401E+11,40089
hc0210_p01,hc0210_p01_3,Buford,34.16279135,-84.07548491,USCE-Mobile District,HY,759,3A,3,NA,7.2,2005,2004,Francis,Alstom,277,157.4,9770,6.6,10M,031300010806,13117
hc0210_p01,hc0210_p01_1,Buford,34.16279135,-84.07548491,USCE-Mobile District,HY,759,1A,1,NA,62,2003,2003,Francis,Alstom,100,148,79500,35,10M,031300010806,13117
hc0210_p01,hc0210_p01_2,Buford,34.16279135,-84.07548491,USCE-Mobile District,HY,759,2A,2,NA,62,2004,2004,Francis,Alstom,100,148,79500,35,10M,031300010806,13117
hc0211_p01,hc0211_p01_1,Bull Shoals,36.36624008,-92.57455097,USCE-Little Rock District,HY,198,1,1,NA,40,1952,Unknown,Francis,Allis-Chalmers,128.6,190,52000,10,10M,1.101E+11,05089
hc0211_p01,hc0211_p01_2,Bull Shoals,36.36624008,-92.57455097,USCE-Little Rock District,HY,198,2,2,NA,40,1952,Unknown,Francis,Allis-Chalmers,128.6,190,52000,10,10M,1.101E+11,05089
hc0211_p01,hc0211_p01_3,Bull Shoals,36.36624008,-92.57455097,USCE-Little Rock District,HY,198,3,3,NA,40,1952,Unknown,Francis,Allis-Chalmers,128.6,190,52000,10,10M,1.101E+11,05089
hc0211_p01,hc0211_p01_4,Bull Shoals,36.36624008,-92.57455097,USCE-Little Rock District,HY,198,4,4,NA,40,1953,Unknown,Francis,Allis-Chalmers,128.6,190,52000,10,10M,1.101E+11,05089
hc0211_p01,hc0211_p01_5,Bull Shoals,36.36624008,-92.57455097,USCE-Little Rock District,HY,198,5,5,NA,45,1962,Unknown,Francis,Newport News,128.6,190,62200,10,10M,1.101E+11,05089
hc0211_p01,hc0211_p01_6,Bull Shoals,36.36624008,-92.57455097,USCE-Little Rock District,HY,198,6,6,NA,45,1962,Unknown,Francis,Newport News,128.6,190,62200,10,10M,1.101E+11,05089
hc0211_p01,hc0211_p01_7,Bull Shoals,36.36624008,-92.57455097,USCE-Little Rock District,HY,198,7,7,NA,45,1963,Unknown,Francis,Newport News,128.6,190,62200,10,10M,1.101E+11,05089
hc0211_p01,hc0211_p01_8,Bull Shoals,36.36624008,-92.57455097,USCE-Little Rock District,HY,198,8,8,NA,45,1963,Unknown,Francis,Newport News,128.6,190,62200,10,10M,1.101E+11,05089
hc0212_p01,hc0212_p01_1,Carters,34.61667688,-84.67306071,USCE-Mobile District,HY,6130,1,1,NA,125,1975,Unknown,Francis,Newport News,163.6,345,172000,120,10M,031501020508,13213
hc0212_p01,hc0212_p01_2,Carters,34.61667688,-84.67306071,USCE-Mobile District,HY,6130,2,2,NA,125,1975,Unknown,Francis,Newport News,163.6,345,172000,120,10M,031501020508,13213
hc0212_p01,hc0212_p01_3,Carters,34.61667688,-84.67306071,USCE-Mobile District,PS,6130,3,3,NA,125,1977,Unknown,Francis,Allis-Chalmers,150,347,173000,140,10M,031501020508,13213
hc0212_p01,hc0212_p01_4,Carters,34.61667688,-84.67306071,USCE-Mobile District,PS,6130,4,4,NA,125,1977,Unknown,Francis,Allis-Chalmers,150,347,173000,140,10M,031501020508,13213
hc0213_p01,hc0213_p01_1,Center Hill,36.09763561,-85.82579578,USCE-Nashville District,HY,6417,1,1,NA,45,1950,Unknown,Francis,Voith,105.9,160,62500,45,10M,051301080905,47041
hc0213_p01,hc0213_p01_2,Center Hill,36.09763561,-85.82579578,USCE-Nashville District,HY,6417,3,2,NA,45,1951,Unknown,Francis,Voith,105.9,160,62500,45,10M,051301080905,47041
hc0213_p01,hc0213_p01_3,Center Hill,36.09763561,-85.82579578,USCE-Nashville District,HY,6417,2,3,NA,50,1951,Unknown,Unknown,NA,NA,NA,NA,45,10M,051301080905,47041
hc0214_p01,hc0214_p01_1,Cheatham,36.31980101,-87.22242771,USCE-Nashville District,HY,6418,1,1,NA,12,1958,Unknown,Kaplan,Newport News,60,22,20000,12,10M,051302050302,47043
hc0214_p01,hc0214_p01_2,Cheatham,36.31980101,-87.22242771,USCE-Nashville District,HY,6418,2,2,NA,12,1958,Unknown,Kaplan,Newport News,60,22,20000,12,10M,051302050302,47043
hc0214_p01,hc0214_p01_3,Cheatham,36.31980101,-87.22242771,USCE-Nashville District,HY,6418,3,3,NA,12,1958,Unknown,Kaplan,Newport News,60,22,20000,12,10M,051302050302,47043
hc0215_p01,hc0215_p01_1,Chief Joseph,47.99642513,-119.6335735,USACE Northwestern Division,HY,3921,10,1,NA,88.2,1955,Unknown,Unknown,NA,NA,NA,NA,47.6,10M,1.702E+11,53017
hc0215_p01,hc0215_p01_2,Chief Joseph,47.99642513,-119.6335735,USACE Northwestern Division,HY,3921,11,2,NA,88.2,1955,Unknown,Unknown,NA,NA,NA,NA,47.6,10M,1.702E+11,53017
hc0215_p01,hc0215_p01_3,Chief Joseph,47.99642513,-119.6335735,USACE Northwestern Division,HY,3921,12,3,NA,88.2,1955,Unknown,Unknown,NA,NA,NA,NA,47.6,10M,1.702E+11,53017
hc0215_p01,hc0215_p01_4,Chief Joseph,47.99642513,-119.6335735,USACE Northwestern Division,HY,3921,9,4,NA,88.2,1955,Unknown,Unknown,NA,NA,NA,NA,47.6,10M,1.702E+11,53017
hc0215_p01,hc0215_p01_5,Chief Joseph,47.99642513,-119.6335735,USACE Northwestern Division,HY,3921,6,5,NA,88.2,1956,Unknown,Unknown,NA,NA,NA,NA,47.6,10M,1.702E+11,53017
hc0215_p01,hc0215_p01_6,Chief Joseph,47.99642513,-119.6335735,USACE Northwestern Division,HY,3921,7,6,NA,88.2,1956,Unknown,Unknown,NA,NA,NA,NA,47.6,10M,1.702E+11,53017
hc0215_p01,hc0215_p01_7,Chief Joseph,47.99642513,-119.6335735,USACE Northwestern Division,HY,3921,8,7,NA,88.2,1956,Unknown,Unknown,NA,NA,NA,NA,47.6,10M,1.702E+11,53017
hc0215_p01,hc0215_p01_8,Chief Joseph,47.99642513,-119.6335735,USACE Northwestern Division,HY,3921,5,8,NA,88.2,1957,Unknown,Unknown,NA,NA,NA,NA,47.6,10M,1.702E+11,53017
hc0215_p01,hc0215_p01_9,Chief Joseph,47.99642513,-119.6335735,USACE Northwestern Division,HY,3921,13,9,NA,88.2,1957,Unknown,Unknown,NA,NA,NA,NA,47.6,10M,1.702E+11,53017
hc0215_p01,hc0215_p01_10,Chief Joseph,47.99642513,-119.6335735,USACE Northwestern Division,HY,3921,14,10,NA,88.2,1957,Unknown,Unknown,NA,NA,NA,NA,47.6,10M,1.702E+11,53017
hc0215_p01,hc0215_p01_11,Chief Joseph,47.99642513,-119.6335735,USACE Northwestern Division,HY,3921,15,11,NA,88.2,1957,Unknown,Unknown,NA,NA,NA,NA,47.6,10M,1.702E+11,53017
hc0215_p01,hc0215_p01_12,Chief Joseph,47.99642513,-119.6335735,USACE Northwestern Division,HY,3921,16,12,NA,88.2,1957,Unknown,Unknown,NA,NA,NA,NA,47.6,10M,1.702E+11,53017
hc0215_p01,hc0215_p01_13,Chief Joseph,47.99642513,-119.6335735,USACE Northwestern Division,HY,3921,1,13,NA,88.2,1958,Unknown,Unknown,NA,NA,NA,NA,47.6,10M,1.702E+11,53017
hc0215_p01,hc0215_p01_14,Chief Joseph,47.99642513,-119.6335735,USACE Northwestern Division,HY,3921,2,14,NA,88.2,1958,Unknown,Unknown,NA,NA,NA,NA,47.6,10M,1.702E+11,53017
hc0215_p01,hc0215_p01_15,Chief Joseph,47.99642513,-119.6335735,USACE Northwestern Division,HY,3921,3,15,NA,88.2,1958,Unknown,Unknown,NA,NA,NA,NA,47.6,10M,1.702E+11,53017
hc0215_p01,hc0215_p01_16,Chief Joseph,47.99642513,-119.6335735,USACE Northwestern Division,HY,3921,4,16,NA,88.2,1958,Unknown,Unknown,NA,NA,NA,NA,47.6,10M,1.702E+11,53017
hc0215_p01,hc0215_p01_17,Chief Joseph,47.99642513,-119.6335735,USACE Northwestern Division,HY,3921,17,17,NA,95,1989,Unknown,Francis,Hitachi,112.5,163,136000,95,10M,1.702E+11,53017
hc0215_p01,hc0215_p01_18,Chief Joseph,47.99642513,-119.6335735,USACE Northwestern Division,HY,3921,18,18,NA,95,1989,Unknown,Francis,Hitachi,112.5,163,136000,95,10M,1.702E+11,53017
hc0215_p01,hc0215_p01_19,Chief Joseph,47.99642513,-119.6335735,USACE Northwestern Division,HY,3921,19,19,NA,95,1989,Unknown,Francis,Hitachi,112.5,163,136000,95,10M,1.702E+11,53017
hc0215_p01,hc0215_p01_20,Chief Joseph,47.99642513,-119.6335735,USACE Northwestern Division,HY,3921,20,20,NA,95,1989,Unknown,Francis,Hitachi,112.5,163,136000,95,10M,1.702E+11,53017
hc0215_p01,hc0215_p01_21,Chief Joseph,47.99642513,-119.6335735,USACE Northwestern Division,HY,3921,21,21,NA,95,1989,Unknown,Francis,Hitachi,112.5,163,136000,95,10M,1.702E+11,53017
hc0215_p01,hc0215_p01_22,Chief Joseph,47.99642513,-119.6335735,USACE Northwestern Division,HY,3921,22,22,NA,95,1989,Unknown,Francis,Hitachi,112.5,163,136000,95,10M,1.702E+11,53017
hc0215_p01,hc0215_p01_23,Chief Joseph,47.99642513,-119.6335735,USACE Northwestern Division,HY,3921,23,23,NA,95,1989,Unknown,Francis,Hitachi,112.5,163,136000,95,10M,1.702E+11,53017
hc0215_p01,hc0215_p01_24,Chief Joseph,47.99642513,-119.6335735,USACE Northwestern Division,HY,3921,24,24,NA,95,1989,Unknown,Francis,Hitachi,112.5,163,136000,95,10M,1.702E+11,53017
hc0215_p01,hc0215_p01_25,Chief Joseph,47.99642513,-119.6335735,USACE Northwestern Division,HY,3921,25,25,NA,95,1989,Unknown,Francis,Hitachi,112.5,163,136000,95,10M,1.702E+11,53017
hc0215_p01,hc0215_p01_26,Chief Joseph,47.99642513,-119.6335735,USACE Northwestern Division,HY,3921,26,26,NA,95,1989,Unknown,Francis,Hitachi,112.5,163,136000,95,10M,1.702E+11,53017
hc0215_p01,hc0215_p01_27,Chief Joseph,47.99642513,-119.6335735,USACE Northwestern Division,HY,3921,27,27,NA,95,1989,Unknown,Francis,Hitachi,112.5,163,136000,95,10M,1.702E+11,53017
hc0216_p01,hc0216_p01_1,Clarence Cannon,39.52441701,-91.6439465,USCE-St Louis District,HY,6140,1,1,NA,27,1984,1990,Kaplan,Allis-Chalmers,128,75,42900,27,1H,071100070301,29173
hc0216_p01,hc0216_p01_2,Clarence Cannon,39.52441701,-91.6439465,USCE-St Louis District,PS,6140,2,2,NA,31,1984,2015,Francis,Allis-Chalmers,75,75,42900,31,1H,071100070301,29173
hc0217_p01,hc0217_p01_1,Cordell Hull,36.29040568,-85.94368804,USCE-Nashville District,HY,3423,2,1,NA,33.3,1972,Unknown,Kaplan,Baldwin,65.5,44,58200,30,10M,051301060309,47159
hc0217_p01,hc0217_p01_2,Cordell Hull,36.29040568,-85.94368804,USCE-Nashville District,HY,3423,3,2,NA,33.3,1972,Unknown,Kaplan,Baldwin,65.5,44,58200,33.299999999999997,10M,051301060309,47159
hc0217_p01,hc0217_p01_3,Cordell Hull,36.29040568,-85.94368804,USCE-Nashville District,HY,3423,1,3,NA,33.3,1973,Unknown,Kaplan,Baldwin,65.5,44,58200,33.299999999999997,10M,051301060309,47159
hc0218_p01,hc0218_p01_1,Cougar,44.12738353,-122.2435778,USACE Northwestern Division,HY,3076,1,1,NA,13,1964,2005,Francis,GE,400,NA,NA,12.5,10M,1.709E+11,41039
hc0218_p01,hc0218_p01_2,Cougar,44.12738353,-122.2435778,USACE Northwestern Division,HY,3076,2,2,NA,13,1964,2005,Francis,GE,400,NA,NA,12.5,10M,1.709E+11,41039
hc0219_p01,hc0219_p01_1,Dale Hollow,36.53713914,-85.45112698,USCE-Nashville District,HY,3424,1,1,NA,18,1948,Unknown,Francis,S. Morgan Smith,164,130,25000,18,10M,051301050504,47027
hc0219_p01,hc0219_p01_2,Dale Hollow,36.53713914,-85.45112698,USCE-Nashville District,HY,3424,2,2,NA,18,1949,Unknown,Francis,S. Morgan Smith,164,130,25000,18,10M,051301050504,47027
hc0219_p01,hc0219_p01_3,Dale Hollow,36.53713914,-85.45112698,USCE-Nashville District,HY,3424,3,3,NA,18,1953,Unknown,Francis,S. Morgan Smith,164,130,25000,18,10M,051301050504,47027
hc0220_p01,hc0220_p01_1,Dardanelle,35.24909908,-93.1707767,USCE-Little Rock District,HY,199,1,1,NA,40.2,1998,Unknown,Kaplan,Voith,75,46.75,55350,10,10M,1.11102E+11,05115
hc0220_p01,hc0220_p01_2,Dardanelle,35.24909908,-93.1707767,USCE-Little Rock District,HY,199,3,2,NA,40.2,1998,Unknown,Kaplan,Voith,75,46.75,55350,10,10M,1.11102E+11,05115
hc0220_p01,hc0220_p01_3,Dardanelle,35.24909908,-93.1707767,USCE-Little Rock District,HY,199,4,3,NA,40.2,1999,Unknown,Kaplan,Voith,75,46.75,55350,10,10M,1.11102E+11,05115
hc0220_p01,hc0220_p01_4,Dardanelle,35.24909908,-93.1707767,USCE-Little Rock District,HY,199,2,4,NA,40.2,2000,Unknown,Kaplan,Voith,75,46.75,55350,10,10M,1.11102E+11,05115
hc0221_p01,hc0221_p01_1,Degray,34.22,-93.11,USCE -Vickburg District,PS,187,2,1,NA,30,1972,Unknown,Francis,Newport News,128,171,44500,15,1H,080401020405,05019
hc0221_p01,hc0221_p01_2,Degray,34.22,-93.11,USCE -Vickburg District,HY,187,1,2,NA,40,1972,Unknown,Francis,Newport News,150,171,63600,15,1H,080401020405,05019
hc0222_p01,hc0222_p01_1,Denison,33.83333,-96.56667,USCE-Tulsa District,HY,6416,1,1,NA,53.5,1943,Unknown,Francis,Voith,90,102.5,56000,25,1H,1.11302E+11,48181
hc0222_p01,hc0222_p01_2,Denison,33.83333,-96.56667,USCE-Tulsa District,HY,6416,2,2,NA,50.8,1947,Unknown,Francis,Voith,90,102.5,56000,25,1H,1.11302E+11,48181
hc0223_p01,hc0223_p01_1,Detroit,44.72190326,-122.2497911,USACE Northwestern Division,HY,3077,1,1,NA,50,1953,Unknown,Francis,Baldwin,163.69999999999999,265,70000,50,10M,1.709E+11,41047
hc0223_p01,hc0223_p01_2,Detroit,44.72190326,-122.2497911,USACE Northwestern Division,HY,3077,2,2,NA,50,1953,Unknown,Francis,Baldwin,163.69999999999999,265,70000,50,10M,1.709E+11,41047
hc0224_p01,hc0224_p01_1,Dexter,43.92360547,-122.8055726,USACE Northwestern Division,HY,3078,1,1,NA,15,1955,Unknown,Kaplan,Newport News,NA,53,NA,15,10M,1.709E+11,41039
hc0225_p01,hc0225_p01_1,Dworshak,46.51517059,-116.2955713,USACE Northwestern Division,HY,840,1,1,NA,103,1973,Unknown,Francis,Allis-Chalmers,200,560,142000,90,10M,1.70603E+11,16035
hc0225_p01,hc0225_p01_2,Dworshak,46.51517059,-116.2955713,USACE Northwestern Division,HY,840,2,2,NA,103,1973,Unknown,Francis,Allis-Chalmers,200,560,142000,90,10M,1.70603E+11,16035
hc0225_p01,hc0225_p01_3,Dworshak,46.51517059,-116.2955713,USACE Northwestern Division,HY,840,3,3,NA,259,1973,Unknown,Francis,Allis-Chalmers,128.6,560,346000,220,10M,1.70603E+11,16035
hc0225_p02,hc0225_p02_1,Dworshak Fish,46.5064,-116.3073,Idaho Water Resource Board,HY,NA,NA,1,01 - Dworshak Small Hydro,0.4,2000,Unknown,Pelton,Gilbert Gilkes And Gordon,NA,314,552,NA,NA,1.70603E+11,16035
hc0225_p02,hc0225_p02_2,Dworshak Fish,46.5064,-116.3073,Idaho Water Resource Board,HY,NA,NA,2,01 - Dworshak Small Hydro,2.5,2000,Unknown,Pelton,Gilbert Gilkes And Gordon,NA,406,3378,NA,NA,1.70603E+11,16035
hc0226_p01,hc0226_p01_1,Eufaula Dam,35.30669841,-95.3583763,USCE-Tulsa District,HY,6419,1,1,NA,30,1964,Unknown,Francis,Newport News,100,96,41500,10,1H,1.10902E+11,40061
hc0226_p01,hc0226_p01_2,Eufaula Dam,35.30669841,-95.3583763,USCE-Tulsa District,HY,6419,2,2,NA,30,1964,Unknown,Francis,Newport News,100,96,41500,10,1H,1.10902E+11,40061
hc0226_p01,hc0226_p01_3,Eufaula Dam,35.30669841,-95.3583763,USCE-Tulsa District,HY,6419,3,3,NA,30,1964,Unknown,Francis,Newport News,100,96,96,10,1H,1.10902E+11,40061
hc0227_p01,hc0227_p01_1,Fort Gibson,35.86986214,-95.23121463,USCE-Tulsa District,HY,3003,1,1,NA,11.2,1953,Unknown,Francis,Baldwin,100,59,16000,4,1H,1.10702E+11,40021
hc0227_p01,hc0227_p01_2,Fort Gibson,35.86986214,-95.23121463,USCE-Tulsa District,HY,3003,2,2,NA,11.2,1953,Unknown,Francis,Baldwin,100,59,16000,4,1H,1.10702E+11,40021
hc0227_p01,hc0227_p01_3,Fort Gibson,35.86986214,-95.23121463,USCE-Tulsa District,HY,3003,3,3,NA,11.2,1953,Unknown,Francis,Baldwin,100,59,16000,4,1H,1.10702E+11,40021
hc0227_p01,hc0227_p01_4,Fort Gibson,35.86986214,-95.23121463,USCE-Tulsa District,HY,3003,4,4,NA,11.2,1953,Unknown,Francis,Baldwin,100,59,16000,4,1H,1.10702E+11,40021
hc0228_p01,hc0228_p01_1,Fort Peck,48.02122926,-106.3530391,USACE-Omaha,HY,6623,1,1,NA,41.2,1943,Unknown,Francis,S. Morgan Smith,128.6,170,50000,0,10M,1.006E+11,30055
hc0228_p01,hc0228_p01_2,Fort Peck,48.02122926,-106.3530391,USACE-Omaha,HY,6623,2,2,NA,17.3,1948,Unknown,Francis,S. Morgan Smith,163.6,140,20000,0,10M,1.006E+11,30055
hc0228_p01,hc0228_p01_3,Fort Peck,48.02122926,-106.3530391,USACE-Omaha,HY,6623,3,3,NA,41.2,1951,Unknown,Francis,S. Morgan Smith,128.6,170,50000,0,10M,1.006E+11,30055
hc0228_p01,hc0228_p01_4,Fort Peck,48.02122926,-106.3530391,USACE-Omaha,HY,6623,4,4,NA,40,1961,Unknown,Francis,Allis-Chalmers,128.6,170,55000,0,10M,1.006E+11,30055
hc0228_p01,hc0228_p01_5,Fort Peck,48.02122926,-106.3530391,USACE-Omaha,HY,6623,5,5,NA,40,1961,Unknown,Francis,Allis-Chalmers,128.6,170,55000,0,10M,1.006E+11,30055
hc0229_p01,hc0229_p01_1,Fort Randall,43.065,-98.555,USACE-Omaha,HY,3373,1,1,NA,40,1954,Unknown,Francis,Allis-Chalmers,85.7,112,57500,0,10M,1.01401E+11,46023
hc0229_p01,hc0229_p01_2,Fort Randall,43.065,-98.555,USACE-Omaha,HY,3373,2,2,NA,40,1954,Unknown,Francis,Allis-Chalmers,85.7,112,57500,0,10M,1.01401E+11,46023
hc0229_p01,hc0229_p01_3,Fort Randall,43.065,-98.555,USACE-Omaha,HY,3373,3,3,NA,40,1954,Unknown,Francis,Allis-Chalmers,85.7,112,57500,0,10M,1.01401E+11,46023
hc0229_p01,hc0229_p01_4,Fort Randall,43.065,-98.555,USACE-Omaha,HY,3373,4,4,NA,40,1954,Unknown,Francis,Allis-Chalmers,85.7,112,57500,0,10M,1.01401E+11,46023
hc0229_p01,hc0229_p01_5,Fort Randall,43.065,-98.555,USACE-Omaha,HY,3373,5,5,NA,40,1955,Unknown,Francis,Allis-Chalmers,85.7,112,57500,0,10M,1.01401E+11,46023
hc0229_p01,hc0229_p01_6,Fort Randall,43.065,-98.555,USACE-Omaha,HY,3373,6,6,NA,40,1955,Unknown,Francis,Allis-Chalmers,85.7,112,57500,0,10M,1.01401E+11,46023
hc0229_p01,hc0229_p01_7,Fort Randall,43.065,-98.555,USACE-Omaha,HY,3373,7,7,NA,40,1955,Unknown,Francis,Allis-Chalmers,85.7,112,57500,0,10M,1.01401E+11,46023
hc0229_p01,hc0229_p01_8,Fort Randall,43.065,-98.555,USACE-Omaha,HY,3373,8,8,NA,40,1956,Unknown,Francis,Allis-Chalmers,85.7,112,57500,0,10M,1.01401E+11,46023
hc0230_p01,hc0230_p01_1,Foster,44.41491533,-122.6698775,USACE Northwestern Division,HY,6552,1,1,NA,10,1967,Unknown,Kaplan,Baldwin,257,NA,NA,10,10M,1.709E+11,41043
hc0230_p01,hc0230_p01_2,Foster,44.41491533,-122.6698775,USACE Northwestern Division,HY,6552,2,2,NA,10,1967,Unknown,Kaplan,Baldwin,257,NA,NA,10,10M,1.709E+11,41043
hc0231_p01,hc0231_p01_1,Garrison,47.50167,-101.4317,USACE-Omaha,HY,2815,5,1,NA,109.3,2002,Unknown,Francis,Alstom,90,163,149500,0,10M,1.01301E+11,38057
hc0231_p01,hc0231_p01_2,Garrison,47.50167,-101.4317,USACE-Omaha,HY,2815,4,2,NA,109.3,2003,Unknown,Francis,Alstom,90,163,149500,0,10M,1.01301E+11,38057
hc0231_p01,hc0231_p01_3,Garrison,47.50167,-101.4317,USACE-Omaha,HY,2815,3,3,NA,121.6,2003,Unknown,Francis,Alstom,90,163,149500,0,10M,1.01301E+11,38057
hc0231_p01,hc0231_p01_4,Garrison,47.50167,-101.4317,USACE-Omaha,HY,2815,1,4,NA,121.6,2004,Unknown,Francis,Alstom,90,163,149500,0,10M,1.01301E+11,38057
hc0231_p01,hc0231_p01_5,Garrison,47.50167,-101.4317,USACE-Omaha,HY,2815,2,5,NA,121.6,2005,Unknown,Francis,Alstom,90,163,149500,0,10M,1.01301E+11,38057
hc0232_p01,hc0232_p01_1,Gavins Point,42.8486018,-97.48158809,USACE-Omaha,HY,6624,1,1,NA,44.1,1956,Unknown,Kaplan,Baldwin,75,48,54000,0,10M,1.01701E+11,31027
hc0232_p01,hc0232_p01_2,Gavins Point,42.8486018,-97.48158809,USACE-Omaha,HY,6624,2,2,NA,44.1,1956,Unknown,Kaplan,Baldwin,75,48,54000,0,10M,1.01701E+11,31027
hc0232_p01,hc0232_p01_3,Gavins Point,42.8486018,-97.48158809,USACE-Omaha,HY,6624,3,3,NA,44.1,1957,Unknown,Kaplan,Baldwin,75,48,54000,0,10M,1.01701E+11,31027
hc0233_p01,hc0233_p01_1,Green Peter,44.4502508,-122.5489983,USACE Northwestern Division,HY,3080,1,1,NA,40,1967,Unknown,Francis,Allis-Chalmers,163.69999999999999,NA,NA,40,10M,1.709E+11,41043
hc0233_p01,hc0233_p01_2,Green Peter,44.4502508,-122.5489983,USACE Northwestern Division,HY,3080,2,2,NA,40,1967,Unknown,Francis,Allis-Chalmers,163.69999999999999,NA,NA,40,10M,1.709E+11,41043
hc0234_p01,hc0234_p01_1,Greers Ferry Lake,35.52113455,-91.99345803,USCE-Little Rock District,HY,188,1,1,NA,48,1964,Unknown,Francis,Baldwin,120,175,66300,15,10M,1.101E+11,05023
hc0234_p01,hc0234_p01_2,Greers Ferry Lake,35.52113455,-91.99345803,USCE-Little Rock District,HY,188,2,2,NA,48,1964,Unknown,Francis,Baldwin,120,175,66300,15,10M,1.101E+11,05023
hc0235_p01,hc0235_p01_1,Harry Truman,38.26320327,-93.40498223,USCE-Kansas City District,PS,6141,6,1,NA,26.9,1979,1993,Kaplan,NA,100,46,NA,3,1H,1.02901E+11,29015
hc0235_p01,hc0235_p01_2,Harry Truman,38.26320327,-93.40498223,USCE-Kansas City District,PS,6141,5,2,NA,26.9,1981,1995,Kaplan,NA,100,46,NA,3,1H,1.02901E+11,29015
hc0235_p01,hc0235_p01_3,Harry Truman,38.26320327,-93.40498223,USCE-Kansas City District,PS,6141,1,3,NA,26.9,1982,1999,Kaplan,NA,100,46,NA,3,1H,1.02901E+11,29015
hc0235_p01,hc0235_p01_4,Harry Truman,38.26320327,-93.40498223,USCE-Kansas City District,PS,6141,2,4,NA,26.9,1982,1998,Kaplan,NA,100,46,NA,3,1H,1.02901E+11,29015
hc0235_p01,hc0235_p01_5,Harry Truman,38.26320327,-93.40498223,USCE-Kansas City District,PS,6141,3,5,NA,26.9,1982,1994,Kaplan,NA,100,46,NA,3,1H,1.02901E+11,29015
hc0235_p01,hc0235_p01_6,Harry Truman,38.26320327,-93.40498223,USCE-Kansas City District,PS,6141,4,6,NA,26.9,1982,1996,Kaplan,NA,100,46,NA,3,1H,1.02901E+11,29015
hc0236_p01,hc0236_p01_5,Hartwell Lake,34.35796921,-82.82145691,USCE-Savannah District,HY,754,5,5,NA,80,1983,Unknown,Francis,Voest,112.5,170,109500,25,10M,030601030405,13147
hc0236_p01,hc0236_p01_1,Hartwell Lake,34.35796921,-82.82145691,USCE-Savannah District,HY,754,1,1,NA,85,1962,Unknown,Francis,Newport News,100,170,91500,30,10M,030601030405,13147
hc0236_p01,hc0236_p01_2,Hartwell Lake,34.35796921,-82.82145691,USCE-Savannah District,HY,754,2,2,NA,85,1962,Unknown,Francis,Newport News,100,170,91500,30,10M,030601030405,13147
hc0236_p01,hc0236_p01_3,Hartwell Lake,34.35796921,-82.82145691,USCE-Savannah District,HY,754,3,3,NA,85,1962,Unknown,Francis,Newport News,100,170,91500,30,10M,030601030405,13147
hc0236_p01,hc0236_p01_4,Hartwell Lake,34.35796921,-82.82145691,USCE-Savannah District,HY,754,4,4,NA,85,1962,Unknown,Francis,Newport News,100,170,91500,55,10M,030601030405,13147
hc0237_p01,hc0237_p01_1,Hills Creek,43.70833787,-122.4236585,USACE Northwestern Division,HY,3081,1,1,NA,15,1962,2015,Francis,Andritz,277,256,21700,15,10M,1.709E+11,41039
hc0237_p01,hc0237_p01_2,Hills Creek,43.70833787,-122.4236585,USACE Northwestern Division,HY,3081,2,2,NA,15,1962,2016,Francis,Pelton Water Wheel Company,277,256,26168,15,10M,1.709E+11,41039
hc0238_p01,hc0238_p01_2,Ice Harbor,46.25003253,-118.8797038,USACE Northwestern Division,HY,3925,2,2,NA,90,1962,Unknown,Kaplan,Allis-Chalmers,90,89,143000,35.700000000000003,10M,1.70601E+11,53071
hc0238_p01,hc0238_p01_3,Ice Harbor,46.25003253,-118.8797038,USACE Northwestern Division,HY,3925,3,3,NA,90,1962,Unknown,Kaplan,Allis-Chalmers,90,89,143000,35.700000000000003,10M,1.70601E+11,53071
hc0238_p01,hc0238_p01_4,Ice Harbor,46.25003253,-118.8797038,USACE Northwestern Division,HY,3925,4,4,NA,111,1975,Unknown,Kaplan,Allis-Chalmers,85.7,89,174000,42.2,10M,1.70601E+11,53071
hc0238_p01,hc0238_p01_5,Ice Harbor,46.25003253,-118.8797038,USACE Northwestern Division,HY,3925,5,5,NA,111,1975,Unknown,Kaplan,Allis-Chalmers,85.7,89,174000,42.2,10M,1.70601E+11,53071
hc0238_p01,hc0238_p01_6,Ice Harbor,46.25003253,-118.8797038,USACE Northwestern Division,HY,3925,6,6,NA,111,1976,Unknown,Kaplan,Allis-Chalmers,85.7,89,174000,42.2,10M,1.70601E+11,53071
hc0238_p01,hc0238_p01_1,Ice Harbor,46.25003253,-118.8797038,USACE Northwestern Division,HY,3925,1,1,NA,90,1961,Unknown,Kaplan,Allis-Chalmers,85.7,89,174000,70,10M,1.70601E+11,53071
hc0239_p01,hc0239_p01_1,J P Priest,36.15607068,-86.61866064,USCE-Nashville District,HY,3428,1,1,NA,28,1970,Unknown,Kaplan,Allis-Chalmers,128.6,78,42700,28,10M,051302030309,47037
hc0240_p01,hc0240_p01_1,J Strom Thurmond,33.66107175,-82.20130045,USCE-Savannah District,HY,3323,4,1,NA,51.7,1953,Unknown,Unknown,NA,NA,NA,NA,25,10M,030601060105,45065
hc0240_p01,hc0240_p01_2,J Strom Thurmond,33.66107175,-82.20130045,USCE-Savannah District,HY,3323,5,2,NA,51.7,2003,Unknown,Francis,Voith,100,129,72500,25,10M,030601060105,45065
hc0240_p01,hc0240_p01_3,J Strom Thurmond,33.66107175,-82.20130045,USCE-Savannah District,HY,3323,7,3,NA,51.7,2003,Unknown,Francis,Voith,100,129,72500,25,10M,030601060105,45065
hc0240_p01,hc0240_p01_4,J Strom Thurmond,33.66107175,-82.20130045,USCE-Savannah District,HY,3323,3,4,NA,51.7,2004,Unknown,Francis,Voith,100,129,72500,25,10M,030601060105,45065
hc0240_p01,hc0240_p01_5,J Strom Thurmond,33.66107175,-82.20130045,USCE-Savannah District,HY,3323,6,5,NA,51.7,2004,Unknown,Francis,Voith,100,129,72500,25,10M,030601060105,45065
hc0240_p01,hc0240_p01_6,J Strom Thurmond,33.66107175,-82.20130045,USCE-Savannah District,HY,3323,1,6,NA,51.7,2005,Unknown,Francis,Voith,100,129,72500,25,10M,030601060105,45065
hc0240_p01,hc0240_p01_7,J Strom Thurmond,33.66107175,-82.20130045,USCE-Savannah District,HY,3323,2,7,NA,51.7,2006,Unknown,Francis,Voith,100,129,72500,25,10M,030601060105,45065
hc0241_p01,hc0241_p01_1,J Woodruff,30.70844949,-84.86547164,USCE-Mobile District,HY,690,3A,1,NA,14.5,2001,1999,Kaplan,VA Tech,75,32.5,20000,5,10M,031300080804,12039
hc0241_p01,hc0241_p01_2,J Woodruff,30.70844949,-84.86547164,USCE-Mobile District,HY,690,2A,2,NA,14.5,2002,2000,Kaplan,VA Tech,75,32.5,20000,5,10M,031300080804,12039
hc0241_p01,hc0241_p01_3,J Woodruff,30.70844949,-84.86547164,USCE-Mobile District,HY,690,1A,3,NA,14.5,2003,2001,Kaplan,VA Tech,75,32.5,20000,5,10M,031300080804,12039
hc0242_p01,hc0242_p01_1,John Day,45.71523913,-120.6918805,USACE Northwestern Division,HY,3082,1,1,NA,135,1968,1987,Kaplan,Baldwin,NA,NA,212400,52,10M,1.70701E+11,41055
hc0242_p01,hc0242_p01_2,John Day,45.71523913,-120.6918805,USACE Northwestern Division,HY,3082,2,2,NA,135,1968,1982,Kaplan,Baldwin,NA,NA,212400,52,10M,1.70701E+11,41055
hc0242_p01,hc0242_p01_3,John Day,45.71523913,-120.6918805,USACE Northwestern Division,HY,3082,3,3,NA,135,1968,1990,Kaplan,Baldwin,NA,NA,212400,52,10M,1.70701E+11,41055
hc0242_p01,hc0242_p01_4,John Day,45.71523913,-120.6918805,USACE Northwestern Division,HY,3082,4,4,NA,135,1968,1980,Kaplan,Baldwin,NA,NA,212400,52,10M,1.70701E+11,41055
hc0242_p01,hc0242_p01_5,John Day,45.71523913,-120.6918805,USACE Northwestern Division,HY,3082,10,5,NA,135,1969,1983,Kaplan,Baldwin,NA,NA,212400,52,10M,1.70701E+11,41055
hc0242_p01,hc0242_p01_6,John Day,45.71523913,-120.6918805,USACE Northwestern Division,HY,3082,7,6,NA,135,1969,1986,Kaplan,Baldwin,NA,NA,212400,52,10M,1.70701E+11,41055
hc0242_p01,hc0242_p01_7,John Day,45.71523913,-120.6918805,USACE Northwestern Division,HY,3082,8,7,NA,135,1969,1989,Kaplan,Baldwin,NA,NA,212400,52,10M,1.70701E+11,41055
hc0242_p01,hc0242_p01_8,John Day,45.71523913,-120.6918805,USACE Northwestern Division,HY,3082,9,8,NA,135,1969,1985,Kaplan,Baldwin,NA,NA,212400,52,10M,1.70701E+11,41055
hc0242_p01,hc0242_p01_9,John Day,45.71523913,-120.6918805,USACE Northwestern Division,HY,3082,5,9,NA,135,1969,1974,Kaplan,Baldwin,NA,NA,212400,52,10M,1.70701E+11,41055
hc0242_p01,hc0242_p01_10,John Day,45.71523913,-120.6918805,USACE Northwestern Division,HY,3082,6,10,NA,135,1969,2014,Kaplan,Baldwin,NA,NA,212400,52,10M,1.70701E+11,41055
hc0242_p01,hc0242_p01_11,John Day,45.71523913,-120.6918805,USACE Northwestern Division,HY,3082,12,11,NA,135,1970,1982,Kaplan,Baldwin,NA,NA,212400,52,10M,1.70701E+11,41055
hc0242_p01,hc0242_p01_12,John Day,45.71523913,-120.6918805,USACE Northwestern Division,HY,3082,13,12,NA,135,1970,1985,Kaplan,Baldwin,NA,NA,212400,52,10M,1.70701E+11,41055
hc0242_p01,hc0242_p01_13,John Day,45.71523913,-120.6918805,USACE Northwestern Division,HY,3082,11,13,NA,135,1970,1990,Kaplan,Baldwin,NA,NA,212400,52,10M,1.70701E+11,41055
hc0242_p01,hc0242_p01_14,John Day,45.71523913,-120.6918805,USACE Northwestern Division,HY,3082,14,14,NA,135,1971,1974,Kaplan,Baldwin,NA,NA,212400,52,10M,1.70701E+11,41055
hc0242_p01,hc0242_p01_15,John Day,45.71523913,-120.6918805,USACE Northwestern Division,HY,3082,15,15,NA,135,1971,1992,Kaplan,Baldwin,NA,NA,212400,52,10M,1.70701E+11,41055
hc0242_p01,hc0242_p01_16,John Day,45.71523913,-120.6918805,USACE Northwestern Division,HY,3082,16,16,NA,135,1971,2008,Kaplan,Baldwin,NA,NA,212400,52,10M,1.70701E+11,41055
hc0243_p01,hc0243_p01_1,John H Kerr,36.59851081,-78.29915159,USCE-Wilmington District,HY,3833,1,1,NA,13.8,1952,Unknown,Unknown,NA,NA,NA,NA,13,10M,030101060201,51117
hc0243_p01,hc0243_p01_2,John H Kerr,36.59851081,-78.29915159,USCE-Wilmington District,HY,3833,5,2,NA,46.8,1953,Unknown,Unknown,NA,NA,NA,NA,32,10M,030101060201,51117
hc0243_p01,hc0243_p01_3,John H Kerr,36.59851081,-78.29915159,USCE-Wilmington District,HY,3833,2,3,NA,46.8,2007,Unknown,Francis,GE,85.7,90,61500,32,10M,030101060201,51117
hc0243_p01,hc0243_p01_6,John H Kerr,36.59851081,-78.29915159,USCE-Wilmington District,HY,3833,4,6,NA,46.8,2008,Unknown,Francis,GE,85.7,90,61500,32,10M,030101060201,51117
hc0243_p01,hc0243_p01_7,John H Kerr,36.59851081,-78.29915159,USCE-Wilmington District,HY,3833,6,7,NA,46.8,2009,Unknown,Francis,GE,85.7,90,61500,32,10M,030101060201,51117
hc0243_p01,hc0243_p01_8,John H Kerr,36.59851081,-78.29915159,USCE-Wilmington District,HY,3833,7,8,NA,46.8,2009,Unknown,Francis,Andritz,85.7,90,61500,32,10M,030101060201,51117
hc0243_p01,hc0243_p01_9,John H Kerr,36.59851081,-78.29915159,USCE-Wilmington District,HY,3833,3,9,NA,46.8,2010,Unknown,Francis,Andritz,85.7,90,61500,32,10M,030101060201,51117
hc0243_p01,hc0243_p01_4,John H Kerr,36.59851081,-78.29915159,USCE-Wilmington District,HY,3833,A,4,NA,1.1,2008,Unknown,Francis,GE,NA,NA,NA,0,10M,030101060201,51117
hc0243_p01,hc0243_p01_5,John H Kerr,36.59851081,-78.29915159,USCE-Wilmington District,HY,3833,B,5,NA,1.1,2008,Unknown,Francis,GE,NA,NA,NA,0,10M,030101060201,51117
hc0244_p01,hc0244_p01_1,Keystone,36.14995061,-96.25307183,USCE-Tulsa District,HY,2984,1,1,NA,35,1968,Unknown,Kaplan,Allis-Chalmers,120,74,49000,25,1H,1.106E+11,40143
hc0244_p01,hc0244_p01_2,Keystone,36.14995061,-96.25307183,USCE-Tulsa District,HY,2984,2,2,NA,35,1968,Unknown,Kaplan,Allis-Chalmers,120,74,49000,25,1H,1.106E+11,40143
hc0245_p01,hc0245_p01_1,Laurel,36.96149781,-84.26768945,USCE-Nashville District,HY,6171,1,1,NA,70,1977,Unknown,Francis,Allis-Chalmers,144,237,98000,61,10M,051301010806,21125
hc0246_p01,hc0246_p01_1,Libby,48.41060766,-115.3141731,USACE Northwestern Division,HY,6172,1,1,NA,105,1975,Unknown,Francis,Allis-Chalmers,128.6,300,165000,105,10M,1.70101E+11,30053
hc0246_p01,hc0246_p01_2,Libby,48.41060766,-115.3141731,USACE Northwestern Division,HY,6172,2,2,NA,105,1975,Unknown,Francis,Allis-Chalmers,128.6,300,165000,105,10M,1.70101E+11,30053
hc0246_p01,hc0246_p01_3,Libby,48.41060766,-115.3141731,USACE Northwestern Division,HY,6172,3,3,NA,105,1976,Unknown,Francis,Allis-Chalmers,128.6,300,165000,105,10M,1.70101E+11,30053
hc0246_p01,hc0246_p01_4,Libby,48.41060766,-115.3141731,USACE Northwestern Division,HY,6172,4,4,NA,105,1976,Unknown,Francis,Allis-Chalmers,128.6,300,165000,105,10M,1.70101E+11,30053
hc0246_p01,hc0246_p01_5,Libby,48.41060766,-115.3141731,USACE Northwestern Division,HY,6172,5,5,NA,105,1984,Unknown,Francis,Allis-Chalmers,128.6,300,165000,105,10M,1.70101E+11,30053
hc0247_p01,hc0247_p01_1,Little Goose,46.58543133,-118.0268417,USACE Northwestern Division,HY,3926,1,1,NA,135,1970,2005,Kaplan,Baldwin,90,94,212400,51.3,10M,1.70601E+11,53013
hc0247_p01,hc0247_p01_2,Little Goose,46.58543133,-118.0268417,USACE Northwestern Division,HY,3926,2,2,NA,135,1970,2006,Kaplan,Baldwin,90,94,212400,51.3,10M,1.70601E+11,53013
hc0247_p01,hc0247_p01_3,Little Goose,46.58543133,-118.0268417,USACE Northwestern Division,HY,3926,3,3,NA,135,1971,2007,Kaplan,Baldwin,90,94,212400,51.3,10M,1.70601E+11,53013
hc0247_p01,hc0247_p01_4,Little Goose,46.58543133,-118.0268417,USACE Northwestern Division,HY,3926,4,4,NA,135,1978,2008,Kaplan,Allis-Chalmers,90,93,212400,59.7,10M,1.70601E+11,53013
hc0247_p01,hc0247_p01_5,Little Goose,46.58543133,-118.0268417,USACE Northwestern Division,HY,3926,5,5,NA,135,1978,2009,Kaplan,Allis-Chalmers,90,93,212400,59.7,10M,1.70601E+11,53013
hc0247_p01,hc0247_p01_6,Little Goose,46.58543133,-118.0268417,USACE Northwestern Division,HY,3926,6,6,NA,135,1978,2010,Kaplan,Allis-Chalmers,90,93,212400,59.7,10M,1.70601E+11,53013
hc0248_p01,hc0248_p01_1,Lookout Point,43.91491373,-122.7515524,USACE Northwestern Division,HY,3083,1,1,NA,40,1955,2013,Francis,Voith,128.6,185,63219,40,10M,1.709E+11,41039
hc0248_p01,hc0248_p01_2,Lookout Point,43.91491373,-122.7515524,USACE Northwestern Division,HY,3083,2,2,NA,40,1955,2012,Francis,Voith,128.6,185,63219,40,10M,1.709E+11,41039
hc0248_p01,hc0248_p01_3,Lookout Point,43.91491373,-122.7515524,USACE Northwestern Division,HY,3083,3,3,NA,40,1955,2014,Francis,Voith,128.6,185,63219,40,10M,1.709E+11,41039
hc0249_p01,hc0249_p01_1,Lost Creek,42.67371,-122.6743326,USACE Northwestern Division,HY,6174,1,1,NA,24.5,1977,Unknown,Francis,Boving,240,NA,38900,24.4,10M,1.71003E+11,41029
hc0249_p01,hc0249_p01_2,Lost Creek,42.67371,-122.6743326,USACE Northwestern Division,HY,6174,2,2,NA,24.5,1977,Unknown,Francis,Boving,240,NA,38900,24.4,10M,1.71003E+11,41029
hc0250_p01,hc0250_p01_1,Lower Granite,46.65998173,-117.4267843,USACE Northwestern Division,HY,6175,3,1,NA,135,1975,Unknown,Kaplan,Baldwin,90,94,212400,46.4,10M,1.70601E+11,53075
hc0250_p01,hc0250_p01_3,Lower Granite,46.65998173,-117.4267843,USACE Northwestern Division,HY,6175,2,3,NA,135,1975,Unknown,Unknown,NA,NA,NA,NA,46.4,10M,1.70601E+11,53075
hc0250_p01,hc0250_p01_4,Lower Granite,46.65998173,-117.4267843,USACE Northwestern Division,HY,6175,4,4,NA,135,1978,Unknown,Kaplan,Allis-Chalmers,90,93,212400,57.5,10M,1.70601E+11,53075
hc0250_p01,hc0250_p01_5,Lower Granite,46.65998173,-117.4267843,USACE Northwestern Division,HY,6175,5,5,NA,135,1978,Unknown,Kaplan,Allis-Chalmers,90,93,212400,57.5,10M,1.70601E+11,53075
hc0250_p01,hc0250_p01_6,Lower Granite,46.65998173,-117.4267843,USACE Northwestern Division,HY,6175,6,6,NA,135,1978,Unknown,Kaplan,Allis-Chalmers,90,93,212400,57.5,10M,1.70601E+11,53075
hc0250_p01,hc0250_p01_2,Lower Granite,46.65998173,-117.4267843,USACE Northwestern Division,HY,6175,1,2,NA,135,1975,Unknown,Unknown,NA,NA,NA,NA,110,10M,1.70601E+11,53075
hc0251_p01,hc0251_p01_1,Lower Monumental,46.56286,-118.5431,USACE Northwestern Division,HY,3927,2,1,NA,135,1969,Unknown,Kaplan,Baldwin,90,93.5,212400,53.8,10M,1.70601E+11,53071
hc0251_p01,hc0251_p01_3,Lower Monumental,46.56286,-118.5431,USACE Northwestern Division,HY,3927,3,3,NA,135,1970,Unknown,Kaplan,Baldwin,90,93.5,212400,53.8,10M,1.70601E+11,53071
hc0251_p01,hc0251_p01_4,Lower Monumental,46.56286,-118.5431,USACE Northwestern Division,HY,3927,4,4,NA,135,1979,Unknown,Kaplan,Allis-Chalmers,90,93,212400,63.3,10M,1.70601E+11,53071
hc0251_p01,hc0251_p01_5,Lower Monumental,46.56286,-118.5431,USACE Northwestern Division,HY,3927,5,5,NA,135,1979,Unknown,Kaplan,Allis-Chalmers,90,93,212400,63.3,10M,1.70601E+11,53071
hc0251_p01,hc0251_p01_6,Lower Monumental,46.56286,-118.5431,USACE Northwestern Division,HY,3927,6,6,NA,135,1979,Unknown,Kaplan,Allis-Chalmers,90,93,212400,63.3,10M,1.70601E+11,53071
hc0251_p01,hc0251_p01_2,Lower Monumental,46.56286,-118.5431,USACE Northwestern Division,HY,3927,1,2,NA,135,1969,Unknown,Unknown,NA,NA,NA,NA,119,10M,1.70601E+11,53071
hc0252_p01,hc0252_p01_1,McNary,45.936742,-119.2973345,USACE Northwestern Division,HY,3084,1,1,NA,70,1954,Unknown,Kaplan,S. Morgan Smith,85.7,80,111300,23.8,10M,1.70701E+11,41059
hc0252_p01,hc0252_p01_2,McNary,45.936742,-119.2973345,USACE Northwestern Division,HY,3084,2,2,NA,70,1954,Unknown,Kaplan,S. Morgan Smith,85.7,80,111300,23.8,10M,1.70701E+11,41059
hc0252_p01,hc0252_p01_3,McNary,45.936742,-119.2973345,USACE Northwestern Division,HY,3084,3,3,NA,70,1954,Unknown,Kaplan,S. Morgan Smith,85.7,80,111300,23.8,10M,1.70701E+11,41059
hc0252_p01,hc0252_p01_4,McNary,45.936742,-119.2973345,USACE Northwestern Division,HY,3084,4,4,NA,70,1954,Unknown,Kaplan,S. Morgan Smith,85.7,80,111300,23.8,10M,1.70701E+11,41059
hc0252_p01,hc0252_p01_5,McNary,45.936742,-119.2973345,USACE Northwestern Division,HY,3084,5,5,NA,70,1954,Unknown,Kaplan,S. Morgan Smith,85.7,80,111300,23.8,10M,1.70701E+11,41059
hc0252_p01,hc0252_p01_6,McNary,45.936742,-119.2973345,USACE Northwestern Division,HY,3084,6,6,NA,70,1954,Unknown,Kaplan,S. Morgan Smith,85.7,80,111300,23.8,10M,1.70701E+11,41059
hc0252_p01,hc0252_p01_7,McNary,45.936742,-119.2973345,USACE Northwestern Division,HY,3084,10,7,NA,70,1955,Unknown,Kaplan,S. Morgan Smith,85.7,80,111300,23.8,10M,1.70701E+11,41059
hc0252_p01,hc0252_p01_8,McNary,45.936742,-119.2973345,USACE Northwestern Division,HY,3084,11,8,NA,70,1955,Unknown,Kaplan,S. Morgan Smith,85.7,80,111300,23.8,10M,1.70701E+11,41059
hc0252_p01,hc0252_p01_9,McNary,45.936742,-119.2973345,USACE Northwestern Division,HY,3084,12,9,NA,70,1955,Unknown,Kaplan,S. Morgan Smith,85.7,80,111300,23.8,10M,1.70701E+11,41059
hc0252_p01,hc0252_p01_10,McNary,45.936742,-119.2973345,USACE Northwestern Division,HY,3084,13,10,NA,70,1955,Unknown,Kaplan,S. Morgan Smith,85.7,80,111300,23.8,10M,1.70701E+11,41059
hc0252_p01,hc0252_p01_11,McNary,45.936742,-119.2973345,USACE Northwestern Division,HY,3084,7,11,NA,70,1955,Unknown,Kaplan,S. Morgan Smith,85.7,80,111300,23.8,10M,1.70701E+11,41059
hc0252_p01,hc0252_p01_12,McNary,45.936742,-119.2973345,USACE Northwestern Division,HY,3084,8,12,NA,70,1955,Unknown,Kaplan,S. Morgan Smith,85.7,80,111300,23.8,10M,1.70701E+11,41059
hc0252_p01,hc0252_p01_13,McNary,45.936742,-119.2973345,USACE Northwestern Division,HY,3084,9,13,NA,70,1955,Unknown,Kaplan,S. Morgan Smith,85.7,80,111300,23.8,10M,1.70701E+11,41059
hc0252_p01,hc0252_p01_14,McNary,45.936742,-119.2973345,USACE Northwestern Division,HY,3084,14,14,NA,80.5,1955,Unknown,Kaplan,S. Morgan Smith,85.7,80,111300,23.8,10M,1.70701E+11,41059
hc0252_p02,hc0252_p02_1,McNary Fish,45.9409,-119.2989,Northern Wasco County PUD,HY,7511,1,1,01 - Mc Nary Fish,10,1997,Unknown,Kaplan,Kvaerner,NA,67,12895,8.5,10M,1.70701E+11,53005
hc0253_p01,hc0253_p01_1,Millers Ferry,32.10098862,-87.39958604,USCE-Mobile District,HY,38,1,1,NA,33.7,1969,Unknown,Kaplan,Newport News,69.3,35.5,34000,24,10M,031502030701,01131
hc0253_p01,hc0253_p01_2,Millers Ferry,32.10098862,-87.39958604,USCE-Mobile District,HY,38,2,2,NA,33.7,1969,Unknown,Kaplan,Newport News,69.3,35.5,34000,24,10M,031502030701,01131
hc0253_p01,hc0253_p01_3,Millers Ferry,32.10098862,-87.39958604,USCE-Mobile District,HY,38,3,3,NA,33.7,1969,Unknown,Kaplan,Newport News,69.3,35.5,34000,24,10M,031502030701,01131
hc0254_p01,hc0254_p01_1,Narrows,34.14876221,-93.71561043,USCE -Vickburg District,HY,195,1,1,NA,8.5,1950,Unknown,Francis,Baldwin,225,132,12000,5,1H,080401030107,05109
hc0254_p01,hc0254_p01_2,Narrows,34.14876221,-93.71561043,USCE -Vickburg District,HY,195,2,2,NA,8.5,1950,Unknown,Francis,Baldwin,225,132,12000,5,1H,080401030107,05109
hc0254_p01,hc0254_p01_3,Narrows,34.14876221,-93.71561043,USCE -Vickburg District,HY,195,3,3,NA,8.5,1969,Unknown,Francis,American Hydro,225,132,12000,5,1H,080401030107,05109
hc0255_p01,hc0255_p01_1,Norfork,36.24824034,-92.23749117,USCE-Little Rock District,HY,196,2,1,NA,40.2,1944,Unknown,Francis,S. Morgan Smith,128.6,160,42000,10,10M,1.101E+11,05005
hc0255_p01,hc0255_p01_2,Norfork,36.24824034,-92.23749117,USCE-Little Rock District,HY,196,1,2,NA,40.2,1950,Unknown,Francis,S. Morgan Smith,128.6,160,42000,10,10M,1.101E+11,05005
hc0256_p01,hc0256_p01_1,Oahe,44.45573253,-100.3922758,USACE-Omaha,HY,3356,1,1,NA,112.3,1962,Unknown,Francis,Allis-Chalmers,100,185,128500,0,10M,1.01401E+11,46065
hc0256_p01,hc0256_p01_2,Oahe,44.45573253,-100.3922758,USACE-Omaha,HY,3356,2,2,NA,112.3,1962,Unknown,Francis,Allis-Chalmers,100,185,128500,0,10M,1.01401E+11,46065
hc0256_p01,hc0256_p01_3,Oahe,44.45573253,-100.3922758,USACE-Omaha,HY,3356,3,3,NA,112.3,1962,Unknown,Francis,Allis-Chalmers,100,185,128500,0,10M,1.01401E+11,46065
hc0256_p01,hc0256_p01_4,Oahe,44.45573253,-100.3922758,USACE-Omaha,HY,3356,4,4,NA,112.3,1962,Unknown,Francis,Allis-Chalmers,100,185,128500,0,10M,1.01401E+11,46065
hc0256_p01,hc0256_p01_5,Oahe,44.45573253,-100.3922758,USACE-Omaha,HY,3356,5,5,NA,112.3,1963,Unknown,Francis,Allis-Chalmers,100,185,128500,0,10M,1.01401E+11,46065
hc0256_p01,hc0256_p01_6,Oahe,44.45573253,-100.3922758,USACE-Omaha,HY,3356,6,6,NA,112.3,1963,Unknown,Francis,Allis-Chalmers,100,185,128500,0,10M,1.01401E+11,46065
hc0256_p01,hc0256_p01_7,Oahe,44.45573253,-100.3922758,USACE-Omaha,HY,3356,7,7,NA,112.3,1963,Unknown,Francis,Allis-Chalmers,100,185,128500,0,10M,1.01401E+11,46065
hc0257_p01,hc0257_p01_1,Old Hickory,36.29664081,-86.65585804,USCE-Nashville District,HY,3426,2,1,NA,25,1957,Unknown,Kaplan,Baldwin,75,45,35000,25,10M,051302010605,47165
hc0257_p01,hc0257_p01_2,Old Hickory,36.29664081,-86.65585804,USCE-Nashville District,HY,3426,3,2,NA,25,1957,Unknown,Kaplan,Baldwin,75,45,35000,25,10M,051302010605,47165
hc0257_p01,hc0257_p01_3,Old Hickory,36.29664081,-86.65585804,USCE-Nashville District,HY,3426,4,3,NA,25,1957,Unknown,Kaplan,Baldwin,75,45,35000,25,10M,051302010605,47165
hc0257_p01,hc0257_p01_4,Old Hickory,36.29664081,-86.65585804,USCE-Nashville District,HY,3426,1,4,NA,28.7,1957,Unknown,Kaplan,Baldwin,75,45,35000,25,10M,051302010605,47165
hc0258_p01,hc0258_p01_1,Ozark,35.47211755,-93.8145993,USCE-Little Rock District,HY,6142,1,1,NA,20,1972,1972,Kaplan,Allis-Chalmers,60.24,32.299999999999997,33800,7,10M,1.11102E+11,05047
hc0258_p01,hc0258_p01_2,Ozark,35.47211755,-93.8145993,USCE-Little Rock District,HY,6142,2,2,NA,20,1973,2015,Kaplan,Allis-Chalmers,60.24,32.299999999999997,33800,7,10M,1.11102E+11,05047
hc0258_p01,hc0258_p01_3,Ozark,35.47211755,-93.8145993,USCE-Little Rock District,HY,6142,3,3,NA,20,1973,2017,Kaplan,Allis-Chalmers,60.24,32.299999999999997,33800,7,10M,1.11102E+11,05047
hc0258_p01,hc0258_p01_4,Ozark,35.47211755,-93.8145993,USCE-Little Rock District,HY,6142,4,4,NA,20,1973,2016,Kaplan,Allis-Chalmers,60.24,32.299999999999997,33800,7,10M,1.11102E+11,05047
hc0258_p01,hc0258_p01_5,Ozark,35.47211755,-93.8145993,USCE-Little Rock District,HY,6142,5,5,NA,20,1974,1974,Kaplan,Allis-Chalmers,60.24,32.299999999999997,33800,7,10M,1.11102E+11,05047
hc0259_p01,hc0259_p01_1,Philpott Lake,36.78135541,-80.02768465,USCE-Wilmington District,HY,3834,1,1,NA,6.7,1952,Unknown,Francis,James Leffel & Co.,277,152,9400,6,10M,030101030702,51089
hc0259_p01,hc0259_p01_2,Philpott Lake,36.78135541,-80.02768465,USCE-Wilmington District,HY,3834,2,2,NA,6.7,1952,Unknown,Francis,James Leffel & Co.,277,152,9400,6,10M,030101030702,51089
hc0259_p01,hc0259_p01_3,Philpott Lake,36.78135541,-80.02768465,USCE-Wilmington District,HY,3834,3,3,NA,0.6,2007,Unknown,Francis,James Leffel & Co.,720,152,860,0,10M,030101030702,51089
hc0260_p01,hc0260_p01_1,Robert D Willis,30.79546662,-94.1801197,USACE-Fort Worth District,HY,7200,1,1,NA,4,1988,Unknown,Kaplan,Sulzer,160,34,NA,0.5,10M,1.202E+11,48241
hc0260_p01,hc0260_p01_2,Robert D Willis,30.79546662,-94.1801197,USACE-Fort Worth District,HY,7200,2,2,NA,4,1988,Unknown,Kaplan,Sulzer,160,34,NA,0.5,10M,1.202E+11,48241
hc0261_p01,hc0261_p01_1,Jones Bluff,32.32438322,-86.78387518,USCE-Mobile District,HY,6131,1,1,NA,20.5,1975,Unknown,Kaplan,Newport News,72,28.2,23480,15,10M,031502011202,01001
hc0261_p01,hc0261_p01_2,Jones Bluff,32.32438322,-86.78387518,USCE-Mobile District,HY,6131,2,2,NA,20.5,1975,Unknown,Kaplan,Newport News,72,28.2,23480,15,10M,031502011202,01001
hc0261_p01,hc0261_p01_3,Jones Bluff,32.32438322,-86.78387518,USCE-Mobile District,HY,6131,3,3,NA,20.5,1975,Unknown,Kaplan,Newport News,72,28.2,23480,15,10M,031502011202,01001
hc0261_p01,hc0261_p01_4,Jones Bluff,32.32438322,-86.78387518,USCE-Mobile District,HY,6131,4,4,NA,20.5,1975,Unknown,Kaplan,Newport News,72,28.2,23480,15,10M,031502011202,01001
hc0262_p01,hc0262_p01_5,Richard B Russell,34.02602348,-82.59397425,USCE-Savannah District,PS,6132,5,5,NA,82,2002,Unknown,Francis,Dominion,120,144,104000,70,10M,030601030712,13105
hc0262_p01,hc0262_p01_6,Richard B Russell,34.02602348,-82.59397425,USCE-Savannah District,PS,6132,6,6,NA,82,2002,Unknown,Francis,Dominion,120,144,104000,70,10M,030601030712,13105
hc0262_p01,hc0262_p01_7,Richard B Russell,34.02602348,-82.59397425,USCE-Savannah District,PS,6132,7,7,NA,82,2002,Unknown,Francis,Dominion,120,144,104000,70,10M,030601030712,13105
hc0262_p01,hc0262_p01_8,Richard B Russell,34.02602348,-82.59397425,USCE-Savannah District,PS,6132,8,8,NA,82,2002,Unknown,Francis,Dominion,120,144,104000,70,10M,030601030712,13105
hc0262_p01,hc0262_p01_1,Richard B Russell,34.02602348,-82.59397425,USCE-Savannah District,HY,6132,1,1,NA,75,1985,Unknown,Francis,Voest,120,144,104000,70,10M,030601030712,13105
hc0262_p01,hc0262_p01_2,Richard B Russell,34.02602348,-82.59397425,USCE-Savannah District,HY,6132,2,2,NA,75,1985,Unknown,Francis,Voest,120,144,104000,70,10M,030601030712,13105
hc0262_p01,hc0262_p01_3,Richard B Russell,34.02602348,-82.59397425,USCE-Savannah District,HY,6132,3,3,NA,75,1985,Unknown,Francis,Voest,120,144,104000,70,10M,030601030712,13105
hc0262_p01,hc0262_p01_4,Richard B Russell,34.02602348,-82.59397425,USCE-Savannah District,HY,6132,4,4,NA,75,1986,Unknown,Francis,Voest,120,144,104000,70,10M,030601030712,13105
hc0263_p01,hc0263_p01_1,Robert S Kerr,35.34734195,-94.77817356,USCE-Tulsa District,HY,2985,1,1,NA,27.5,1971,Unknown,Kaplan,Allis-Chalmers,75,40.5,46000,10,1H,1.11101E+11,40135
hc0263_p01,hc0263_p01_2,Robert S Kerr,35.34734195,-94.77817356,USCE-Tulsa District,HY,2985,2,2,NA,27.5,1971,Unknown,Kaplan,Allis-Chalmers,75,40.5,46000,10,1H,1.11101E+11,40135
hc0263_p01,hc0263_p01_3,Robert S Kerr,35.34734195,-94.77817356,USCE-Tulsa District,HY,2985,3,3,NA,27.5,1971,Unknown,Kaplan,Allis-Chalmers,75,40.5,46000,10,1H,1.11101E+11,40135
hc0263_p01,hc0263_p01_4,Robert S Kerr,35.34734195,-94.77817356,USCE-Tulsa District,HY,2985,4,4,NA,27.5,1971,Unknown,Kaplan,Allis-Chalmers,75,40.5,46000,10,1H,1.11101E+11,40135
hc0264_p01,hc0264_p01_1,Sam Rayburn,31.06120822,-94.10622043,USACE-Fort Worth District,HY,6413,1,1,NA,26,1965,Unknown,Kaplan,Allis-Chalmers,120,70,41300,10,10M,1.202E+11,48241
hc0264_p01,hc0264_p01_2,Sam Rayburn,31.06120822,-94.10622043,USACE-Fort Worth District,HY,6413,2,2,NA,26,1965,Unknown,Kaplan,Allis-Chalmers,120,70,41300,10,10M,1.202E+11,48241
hc0265_p01,hc0265_p01_5,Saint Marys Falls,46.506206,-84.349285,USACE-Detroit District,HY,1865,3A,5,NA,2.5,1954,Unknown,Unknown,NA,NA,NA,NA,0.5,1H,040700010101,26033
hc0265_p01,hc0265_p01_2,Saint Marys Falls,46.506206,-84.349285,USACE-Detroit District,HY,1865,1,2,NA,6.2,1951,Unknown,Kaplan,Allis-Chalmers,80,21,6975,1,1H,040700010101,26033
hc0265_p01,hc0265_p01_3,Saint Marys Falls,46.506206,-84.349285,USACE-Detroit District,HY,1865,2,3,NA,6.2,1951,Unknown,Kaplan,Allis-Chalmers,80,21,6975,1,1H,040700010101,26033
hc0265_p01,hc0265_p01_4,Saint Marys Falls,46.506206,-84.349285,USACE-Detroit District,HY,1865,3,4,NA,6.2,1952,Unknown,Kaplan,Allis-Chalmers,80,21,6975,1,1H,040700010101,26033
hc0265_p01,hc0265_p01_1,Saint Marys Falls,46.506206,-84.349285,USACE-Detroit District,HY,1865,10,1,NA,2.6,1932,Unknown,Unknown,NA,NA,NA,NA,1.2,1H,040700010101,26033
hc0265_p02,hc0265_p02_2,Edison Sault,46.497388,-84.332086,Cloverland Electric Co-op,HY,1751,47,2,NA,0.6,1963,Unknown,Unknown,NA,NA,NA,NA,0.4,10M,040700010101,26033
hc0265_p02,hc0265_p02_1,Edison Sault,46.497388,-84.332086,Cloverland Electric Co-op,HY,1751,48,1,NA,0.6,1963,Unknown,Unknown,NA,NA,NA,NA,0.4,10M,040700010101,26033
hc0265_p02,hc0265_p02_8,Edison Sault,46.497388,-84.332086,Cloverland Electric Co-op,HY,1751,7,8,NA,0.6,1963,Unknown,Unknown,NA,NA,NA,NA,0.4,10M,040700010101,26033
hc0265_p02,hc0265_p02_19,Edison Sault,46.497388,-84.332086,Cloverland Electric Co-op,HY,1751,8,19,NA,0.6,1963,Unknown,Unknown,NA,NA,NA,NA,0.4,10M,040700010101,26033
hc0265_p02,hc0265_p02_21,Edison Sault,46.497388,-84.332086,Cloverland Electric Co-op,HY,1751,9,21,NA,0.6,1963,Unknown,Unknown,NA,NA,NA,NA,0.4,10M,040700010101,26033
hc0265_p02,hc0265_p02_22,Edison Sault,46.497388,-84.332086,Cloverland Electric Co-op,HY,1751,49,22,NA,0.6,1963,Unknown,Unknown,NA,NA,NA,NA,0.4,10M,040700010101,26033
hc0265_p02,hc0265_p02_64,Edison Sault,46.497388,-84.332086,Cloverland Electric Co-op,HY,1751,6,64,NA,0.6,1963,Unknown,Unknown,NA,NA,NA,NA,0.4,10M,040700010101,26033
hc0265_p02,hc0265_p02_68,Edison Sault,46.497388,-84.332086,Cloverland Electric Co-op,HY,1751,10,68,NA,0.6,1963,Unknown,Unknown,NA,NA,NA,NA,0.4,10M,040700010101,26033
hc0265_p02,hc0265_p02_71,Edison Sault,46.497388,-84.332086,Cloverland Electric Co-op,HY,1751,11,71,NA,0.6,1963,Unknown,Unknown,NA,NA,NA,NA,0.4,10M,040700010101,26033
hc0265_p02,hc0265_p02_72,Edison Sault,46.497388,-84.332086,Cloverland Electric Co-op,HY,1751,12,72,NA,0.6,1963,Unknown,Unknown,NA,NA,NA,NA,0.4,10M,040700010101,26033
hc0265_p02,hc0265_p02_73,Edison Sault,46.497388,-84.332086,Cloverland Electric Co-op,HY,1751,13,73,NA,0.6,1963,Unknown,Unknown,NA,NA,NA,NA,0.4,10M,040700010101,26033
hc0265_p02,hc0265_p02_23,Edison Sault,46.497388,-84.332086,Cloverland Electric Co-op,HY,1751,14,23,NA,0.6,1963,Unknown,Unknown,NA,NA,NA,NA,0.4,10M,040700010101,26033
hc0265_p02,hc0265_p02_24,Edison Sault,46.497388,-84.332086,Cloverland Electric Co-op,HY,1751,15,24,NA,0.6,1963,Unknown,Unknown,NA,NA,NA,NA,0.4,10M,040700010101,26033
hc0265_p02,hc0265_p02_25,Edison Sault,46.497388,-84.332086,Cloverland Electric Co-op,HY,1751,16,25,NA,0.6,1963,Unknown,Unknown,NA,NA,NA,NA,0.4,10M,040700010101,26033
hc0265_p02,hc0265_p02_26,Edison Sault,46.497388,-84.332086,Cloverland Electric Co-op,HY,1751,17,26,NA,0.6,1963,Unknown,Unknown,NA,NA,NA,NA,0.4,10M,040700010101,26033
hc0265_p02,hc0265_p02_27,Edison Sault,46.497388,-84.332086,Cloverland Electric Co-op,HY,1751,18,27,NA,0.6,1963,Unknown,Unknown,NA,NA,NA,NA,0.4,10M,040700010101,26033
hc0265_p02,hc0265_p02_28,Edison Sault,46.497388,-84.332086,Cloverland Electric Co-op,HY,1751,19,28,NA,0.6,1963,Unknown,Unknown,NA,NA,NA,NA,0.4,10M,040700010101,26033
hc0265_p02,hc0265_p02_29,Edison Sault,46.497388,-84.332086,Cloverland Electric Co-op,HY,1751,20,29,NA,0.6,1963,Unknown,Unknown,NA,NA,NA,NA,0.4,10M,040700010101,26033
hc0265_p02,hc0265_p02_30,Edison Sault,46.497388,-84.332086,Cloverland Electric Co-op,HY,1751,21,30,NA,0.6,1963,Unknown,Unknown,NA,NA,NA,NA,0.4,10M,040700010101,26033
hc0265_p02,hc0265_p02_31,Edison Sault,46.497388,-84.332086,Cloverland Electric Co-op,HY,1751,22,31,NA,0.6,1963,Unknown,Unknown,NA,NA,NA,NA,0.4,10M,040700010101,26033
hc0265_p02,hc0265_p02_32,Edison Sault,46.497388,-84.332086,Cloverland Electric Co-op,HY,1751,23,32,NA,0.6,1963,Unknown,Unknown,NA,NA,NA,NA,0.4,10M,040700010101,26033
hc0265_p02,hc0265_p02_33,Edison Sault,46.497388,-84.332086,Cloverland Electric Co-op,HY,1751,24,33,NA,0.6,1963,Unknown,Unknown,NA,NA,NA,NA,0.4,10M,040700010101,26033
hc0265_p02,hc0265_p02_34,Edison Sault,46.497388,-84.332086,Cloverland Electric Co-op,HY,1751,25,34,NA,0.6,1963,Unknown,Unknown,NA,NA,NA,NA,0.4,10M,040700010101,26033
hc0265_p02,hc0265_p02_35,Edison Sault,46.497388,-84.332086,Cloverland Electric Co-op,HY,1751,26,35,NA,0.6,1963,Unknown,Unknown,NA,NA,NA,NA,0.4,10M,040700010101,26033
hc0265_p02,hc0265_p02_36,Edison Sault,46.497388,-84.332086,Cloverland Electric Co-op,HY,1751,27,36,NA,0.6,1963,Unknown,Unknown,NA,NA,NA,NA,0.4,10M,040700010101,26033
hc0265_p02,hc0265_p02_37,Edison Sault,46.497388,-84.332086,Cloverland Electric Co-op,HY,1751,28,37,NA,0.6,1963,Unknown,Unknown,NA,NA,NA,NA,0.4,10M,040700010101,26033
hc0265_p02,hc0265_p02_38,Edison Sault,46.497388,-84.332086,Cloverland Electric Co-op,HY,1751,29,38,NA,0.6,1963,Unknown,Unknown,NA,NA,NA,NA,0.4,10M,040700010101,26033
hc0265_p02,hc0265_p02_39,Edison Sault,46.497388,-84.332086,Cloverland Electric Co-op,HY,1751,30,39,NA,0.6,1963,Unknown,Unknown,NA,NA,NA,NA,0.4,10M,040700010101,26033
hc0265_p02,hc0265_p02_40,Edison Sault,46.497388,-84.332086,Cloverland Electric Co-op,HY,1751,31,40,NA,0.6,1963,Unknown,Unknown,NA,NA,NA,NA,0.4,10M,040700010101,26033
hc0265_p02,hc0265_p02_41,Edison Sault,46.497388,-84.332086,Cloverland Electric Co-op,HY,1751,32,41,NA,0.6,1963,Unknown,Unknown,NA,NA,NA,NA,0.4,10M,040700010101,26033
hc0265_p02,hc0265_p02_42,Edison Sault,46.497388,-84.332086,Cloverland Electric Co-op,HY,1751,33,42,NA,0.6,1963,Unknown,Unknown,NA,NA,NA,NA,0.4,10M,040700010101,26033
hc0265_p02,hc0265_p02_43,Edison Sault,46.497388,-84.332086,Cloverland Electric Co-op,HY,1751,34,43,NA,0.6,1963,Unknown,Unknown,NA,NA,NA,NA,0.4,10M,040700010101,26033
hc0265_p02,hc0265_p02_44,Edison Sault,46.497388,-84.332086,Cloverland Electric Co-op,HY,1751,35,44,NA,0.6,1963,Unknown,Unknown,NA,NA,NA,NA,0.4,10M,040700010101,26033
hc0265_p02,hc0265_p02_45,Edison Sault,46.497388,-84.332086,Cloverland Electric Co-op,HY,1751,36,45,NA,0.6,1963,Unknown,Unknown,NA,NA,NA,NA,0.4,10M,040700010101,26033
hc0265_p02,hc0265_p02_46,Edison Sault,46.497388,-84.332086,Cloverland Electric Co-op,HY,1751,37,46,NA,0.6,1963,Unknown,Unknown,NA,NA,NA,NA,0.4,10M,040700010101,26033
hc0265_p02,hc0265_p02_47,Edison Sault,46.497388,-84.332086,Cloverland Electric Co-op,HY,1751,38,47,NA,0.6,1963,Unknown,Unknown,NA,NA,NA,NA,0.4,10M,040700010101,26033
hc0265_p02,hc0265_p02_48,Edison Sault,46.497388,-84.332086,Cloverland Electric Co-op,HY,1751,39,48,NA,0.6,1963,Unknown,Unknown,NA,NA,NA,NA,0.4,10M,040700010101,26033
hc0265_p02,hc0265_p02_49,Edison Sault,46.497388,-84.332086,Cloverland Electric Co-op,HY,1751,40,49,NA,0.6,1963,Unknown,Unknown,NA,NA,NA,NA,0.4,10M,040700010101,26033
hc0265_p02,hc0265_p02_50,Edison Sault,46.497388,-84.332086,Cloverland Electric Co-op,HY,1751,41,50,NA,0.6,1963,Unknown,Unknown,NA,NA,NA,NA,0.4,10M,040700010101,26033
hc0265_p02,hc0265_p02_51,Edison Sault,46.497388,-84.332086,Cloverland Electric Co-op,HY,1751,42,51,NA,0.5,1963,Unknown,Unknown,NA,NA,NA,NA,0.4,10M,040700010101,26033
hc0265_p02,hc0265_p02_52,Edison Sault,46.497388,-84.332086,Cloverland Electric Co-op,HY,1751,45,52,NA,0.6,1963,Unknown,Unknown,NA,NA,NA,NA,0.4,10M,040700010101,26033
hc0265_p02,hc0265_p02_53,Edison Sault,46.497388,-84.332086,Cloverland Electric Co-op,HY,1751,46,53,NA,0.6,1963,Unknown,Unknown,NA,NA,NA,NA,0.4,10M,040700010101,26033
hc0265_p02,hc0265_p02_54,Edison Sault,46.497388,-84.332086,Cloverland Electric Co-op,HY,1751,50,54,NA,0.6,1963,Unknown,Unknown,NA,NA,NA,NA,0.4,10M,040700010101,26033
hc0265_p02,hc0265_p02_55,Edison Sault,46.497388,-84.332086,Cloverland Electric Co-op,HY,1751,51,55,NA,0.6,1963,Unknown,Unknown,NA,NA,NA,NA,0.4,10M,040700010101,26033
hc0265_p02,hc0265_p02_56,Edison Sault,46.497388,-84.332086,Cloverland Electric Co-op,HY,1751,52,56,NA,0.6,1963,Unknown,Unknown,NA,NA,NA,NA,0.4,10M,040700010101,26033
hc0265_p02,hc0265_p02_57,Edison Sault,46.497388,-84.332086,Cloverland Electric Co-op,HY,1751,53,57,NA,0.6,1963,Unknown,Unknown,NA,NA,NA,NA,0.4,10M,040700010101,26033
hc0265_p02,hc0265_p02_58,Edison Sault,46.497388,-84.332086,Cloverland Electric Co-op,HY,1751,54,58,NA,0.6,1963,Unknown,Unknown,NA,NA,NA,NA,0.4,10M,040700010101,26033
hc0265_p02,hc0265_p02_59,Edison Sault,46.497388,-84.332086,Cloverland Electric Co-op,HY,1751,55,59,NA,0.6,1963,Unknown,Unknown,NA,NA,NA,NA,0.4,10M,040700010101,26033
hc0265_p02,hc0265_p02_60,Edison Sault,46.497388,-84.332086,Cloverland Electric Co-op,HY,1751,56,60,NA,0.6,1963,Unknown,Unknown,NA,NA,NA,NA,0.4,10M,040700010101,26033
hc0265_p02,hc0265_p02_61,Edison Sault,46.497388,-84.332086,Cloverland Electric Co-op,HY,1751,57,61,NA,0.6,1963,Unknown,Unknown,NA,NA,NA,NA,0.4,10M,040700010101,26033
hc0265_p02,hc0265_p02_62,Edison Sault,46.497388,-84.332086,Cloverland Electric Co-op,HY,1751,58,62,NA,0.6,1963,Unknown,Unknown,NA,NA,NA,NA,0.4,10M,040700010101,26033
hc0265_p02,hc0265_p02_63,Edison Sault,46.497388,-84.332086,Cloverland Electric Co-op,HY,1751,59,63,NA,0.6,1963,Unknown,Unknown,NA,NA,NA,NA,0.4,10M,040700010101,26033
hc0265_p02,hc0265_p02_65,Edison Sault,46.497388,-84.332086,Cloverland Electric Co-op,HY,1751,60,65,NA,0.6,1963,Unknown,Unknown,NA,NA,NA,NA,0.4,10M,040700010101,26033
hc0265_p02,hc0265_p02_66,Edison Sault,46.497388,-84.332086,Cloverland Electric Co-op,HY,1751,61,66,NA,0.6,1963,Unknown,Unknown,NA,NA,NA,NA,0.4,10M,040700010101,26033
hc0265_p02,hc0265_p02_67,Edison Sault,46.497388,-84.332086,Cloverland Electric Co-op,HY,1751,62,67,NA,0.5,1963,Unknown,Unknown,NA,NA,NA,NA,0.4,10M,040700010101,26033
hc0265_p02,hc0265_p02_69,Edison Sault,46.497388,-84.332086,Cloverland Electric Co-op,HY,1751,63,69,NA,0.5,1963,Unknown,Unknown,NA,NA,NA,NA,0.4,10M,040700010101,26033
hc0265_p02,hc0265_p02_70,Edison Sault,46.497388,-84.332086,Cloverland Electric Co-op,HY,1751,64,70,NA,0.5,1963,Unknown,Unknown,NA,NA,NA,NA,0.4,10M,040700010101,26033
hc0265_p02,hc0265_p02_3,Edison Sault,46.497388,-84.332086,Cloverland Electric Co-op,HY,1751,65,3,NA,0.5,1916,Unknown,Unknown,NA,NA,NA,NA,0.4,10M,040700010101,26033
hc0265_p02,hc0265_p02_4,Edison Sault,46.497388,-84.332086,Cloverland Electric Co-op,HY,1751,66,4,NA,0.5,1916,Unknown,Unknown,NA,NA,NA,NA,0.4,10M,040700010101,26033
hc0265_p02,hc0265_p02_5,Edison Sault,46.497388,-84.332086,Cloverland Electric Co-op,HY,1751,67,5,NA,0.5,1916,Unknown,Unknown,NA,NA,NA,NA,0.4,10M,040700010101,26033
hc0265_p02,hc0265_p02_6,Edison Sault,46.497388,-84.332086,Cloverland Electric Co-op,HY,1751,68,6,NA,0.5,1916,Unknown,Unknown,NA,NA,NA,NA,0.4,10M,040700010101,26033
hc0265_p02,hc0265_p02_7,Edison Sault,46.497388,-84.332086,Cloverland Electric Co-op,HY,1751,69,7,NA,0.5,1916,Unknown,Unknown,NA,NA,NA,NA,0.4,10M,040700010101,26033
hc0265_p02,hc0265_p02_9,Edison Sault,46.497388,-84.332086,Cloverland Electric Co-op,HY,1751,70,9,NA,0.5,1916,Unknown,Unknown,NA,NA,NA,NA,0.4,10M,040700010101,26033
hc0265_p02,hc0265_p02_10,Edison Sault,46.497388,-84.332086,Cloverland Electric Co-op,HY,1751,71,10,NA,0.5,1916,Unknown,Unknown,NA,NA,NA,NA,0.4,10M,040700010101,26033
hc0265_p02,hc0265_p02_11,Edison Sault,46.497388,-84.332086,Cloverland Electric Co-op,HY,1751,72,11,NA,0.5,1916,Unknown,Unknown,NA,NA,NA,NA,0.4,10M,040700010101,26033
hc0265_p02,hc0265_p02_12,Edison Sault,46.497388,-84.332086,Cloverland Electric Co-op,HY,1751,73,12,NA,0.5,1916,Unknown,Unknown,NA,NA,NA,NA,0.4,10M,040700010101,26033
hc0265_p02,hc0265_p02_13,Edison Sault,46.497388,-84.332086,Cloverland Electric Co-op,HY,1751,74,13,NA,0.5,1916,Unknown,Unknown,NA,NA,NA,NA,0.4,10M,040700010101,26033
hc0265_p02,hc0265_p02_14,Edison Sault,46.497388,-84.332086,Cloverland Electric Co-op,HY,1751,75,14,NA,0.5,1916,Unknown,Unknown,NA,NA,NA,NA,0.4,10M,040700010101,26033
hc0265_p02,hc0265_p02_15,Edison Sault,46.497388,-84.332086,Cloverland Electric Co-op,HY,1751,76,15,NA,0.5,1916,Unknown,Unknown,NA,NA,NA,NA,0.4,10M,040700010101,26033
hc0265_p02,hc0265_p02_16,Edison Sault,46.497388,-84.332086,Cloverland Electric Co-op,HY,1751,77,16,NA,0.5,1916,Unknown,Unknown,NA,NA,NA,NA,0.4,10M,040700010101,26033
hc0265_p02,hc0265_p02_17,Edison Sault,46.497388,-84.332086,Cloverland Electric Co-op,HY,1751,78,17,NA,0.5,1916,Unknown,Unknown,NA,NA,NA,NA,0.4,10M,040700010101,26033
hc0265_p02,hc0265_p02_18,Edison Sault,46.497388,-84.332086,Cloverland Electric Co-op,HY,1751,79,18,NA,0.5,1916,Unknown,Unknown,NA,NA,NA,NA,0.4,10M,040700010101,26033
hc0265_p02,hc0265_p02_20,Edison Sault,46.497388,-84.332086,Cloverland Electric Co-op,HY,1751,80,20,NA,0.5,1916,Unknown,Unknown,NA,NA,NA,NA,0.4,10M,040700010101,26033
hc0266_p01,hc0266_p01_1,St Stephen,33.42549015,-79.93011932,US Army Corps of Engineers,HY,6789,1,1,NA,28,1985,Unknown,Kaplan,Allis-Chalmers,100,49,39000,28,10M,030501120105,45015
hc0266_p01,hc0266_p01_2,St Stephen,33.42549015,-79.93011932,US Army Corps of Engineers,HY,6789,2,2,NA,28,1985,Unknown,Kaplan,Allis-Chalmers,100,49,39000,28,10M,030501120105,45015
hc0266_p01,hc0266_p01_3,St Stephen,33.42549015,-79.93011932,US Army Corps of Engineers,HY,6789,3,3,NA,28,1985,Unknown,Kaplan,Allis-Chalmers,100,49,39000,28,10M,030501120105,45015
hc0266_p02,hc0266_p02_1,Jefferies,33.2514,-79.9871,South Carolina Public Service Authority,HY,3319,H6,1,01 - Jefferies,10.2,1942,Unknown,Kaplan,Allis-Chalmers,NA,70,13300,9,10M,030502010701,45015
hc0266_p02,hc0266_p02_4,Jefferies,33.2514,-79.9871,South Carolina Public Service Authority,HY,3319,H2,4,01 - Jefferies,36.9,1942,Unknown,Kaplan,Allis-Chalmers,NA,70,40000,13,10M,030502010701,45015
hc0266_p02,hc0266_p02_5,Jefferies,33.2514,-79.9871,South Carolina Public Service Authority,HY,3319,H4,5,01 - Jefferies,36.9,1942,Unknown,Kaplan,Allis-Chalmers,NA,70,40000,13,10M,030502010701,45015
hc0266_p02,hc0266_p02_2,Jefferies,33.2514,-79.9871,South Carolina Public Service Authority,HY,3319,H1,2,01 - Jefferies,30.6,1942,Unknown,Kaplan,Newport News,NA,70,40000,18,10M,030502010701,45015
hc0266_p02,hc0266_p02_3,Jefferies,33.2514,-79.9871,South Carolina Public Service Authority,HY,3319,H3,3,01 - Jefferies,30.6,1942,Unknown,Kaplan,Newport News,NA,70,40000,18,10M,030502010701,45015
hc0267_p01,hc0267_p01_1,Stockton,37.69124661,-93.76002323,USCE-Kansas City District,HY,2124,1,1,NA,52,1973,2014,Kaplan,Voith,75,81,71800,52,1H,1.02901E+11,29039
hc0268_p01,hc0268_p01_1,Table Rock,36.59607721,-93.31124883,USCE-Little Rock District,HY,2166,1,1,NA,50,1959,Unknown,Francis,English Electric,128.6,190,68000,15,10M,1.101E+11,29213
hc0268_p01,hc0268_p01_2,Table Rock,36.59607721,-93.31124883,USCE-Little Rock District,HY,2166,2,2,NA,50,1959,Unknown,Francis,English Electric,128.6,190,68000,15,10M,1.101E+11,29213
hc0268_p01,hc0268_p01_3,Table Rock,36.59607721,-93.31124883,USCE-Little Rock District,HY,2166,3,3,NA,50,1961,Unknown,Francis,English Electric,128.6,190,68000,15,10M,1.101E+11,29213
hc0268_p01,hc0268_p01_4,Table Rock,36.59607721,-93.31124883,USCE-Little Rock District,HY,2166,4,4,NA,50,1961,Unknown,Francis,English Electric,128.6,190,68000,15,10M,1.101E+11,29213
hc0269_p01,hc0269_p01_1,Tenkiller Ferry,35.59695641,-95.0494247,USCE-Tulsa District,HY,3004,1,1,NA,19.5,1952,Unknown,Francis,S. Morgan Smith,150,132,23500,8,1H,1.11101E+11,40135
hc0269_p01,hc0269_p01_2,Tenkiller Ferry,35.59695641,-95.0494247,USCE-Tulsa District,HY,3004,2,2,NA,19.5,1952,Unknown,Francis,S. Morgan Smith,150,132,23500,8,1H,1.11101E+11,40135
hc0270_p01,hc0270_p01_1,The Dalles,45.61399713,-121.1329257,USACE Northwestern Division,HY,3895,F1,1,NA,14,1957,Unknown,Kaplan,Allis-Chalmers,NA,NA,18800,14,10M,1.70701E+11,41065
hc0270_p01,hc0270_p01_2,The Dalles,45.61399713,-121.1329257,USACE Northwestern Division,HY,3895,F2,2,NA,14,1957,Unknown,Kaplan,Allis-Chalmers,NA,NA,18800,14,10M,1.70701E+11,41065
hc0270_p01,hc0270_p01_3,The Dalles,45.61399713,-121.1329257,USACE Northwestern Division,HY,3895,1,3,NA,78,1957,Unknown,Kaplan,Baldwin,NA,NA,123800,24.8,10M,1.70701E+11,41065
hc0270_p01,hc0270_p01_4,The Dalles,45.61399713,-121.1329257,USACE Northwestern Division,HY,3895,2,4,NA,78,1957,Unknown,Kaplan,Baldwin,NA,NA,123800,24.8,10M,1.70701E+11,41065
hc0270_p01,hc0270_p01_5,The Dalles,45.61399713,-121.1329257,USACE Northwestern Division,HY,3895,3,5,NA,78,1958,Unknown,Kaplan,Baldwin,NA,NA,123800,24.8,10M,1.70701E+11,41065
hc0270_p01,hc0270_p01_6,The Dalles,45.61399713,-121.1329257,USACE Northwestern Division,HY,3895,4,6,NA,78,1958,Unknown,Kaplan,Baldwin,NA,NA,123800,24.8,10M,1.70701E+11,41065
hc0270_p01,hc0270_p01_7,The Dalles,45.61399713,-121.1329257,USACE Northwestern Division,HY,3895,6,7,NA,78,1958,Unknown,Kaplan,Baldwin,NA,NA,123800,24.8,10M,1.70701E+11,41065
hc0270_p01,hc0270_p01_8,The Dalles,45.61399713,-121.1329257,USACE Northwestern Division,HY,3895,5,8,NA,89.7,1958,Unknown,Kaplan,Baldwin,NA,NA,123800,24.8,10M,1.70701E+11,41065
hc0270_p01,hc0270_p01_9,The Dalles,45.61399713,-121.1329257,USACE Northwestern Division,HY,3895,10,9,NA,78,1959,Unknown,Kaplan,Baldwin,NA,NA,123800,24.8,10M,1.70701E+11,41065
hc0270_p01,hc0270_p01_10,The Dalles,45.61399713,-121.1329257,USACE Northwestern Division,HY,3895,7,10,NA,78,1959,Unknown,Kaplan,Baldwin,NA,NA,123800,24.8,10M,1.70701E+11,41065
hc0270_p01,hc0270_p01_11,The Dalles,45.61399713,-121.1329257,USACE Northwestern Division,HY,3895,8,11,NA,78,1959,Unknown,Kaplan,Baldwin,NA,NA,123800,24.8,10M,1.70701E+11,41065
hc0270_p01,hc0270_p01_12,The Dalles,45.61399713,-121.1329257,USACE Northwestern Division,HY,3895,9,12,NA,78,1959,Unknown,Kaplan,Baldwin,NA,NA,123800,24.8,10M,1.70701E+11,41065
hc0270_p01,hc0270_p01_13,The Dalles,45.61399713,-121.1329257,USACE Northwestern Division,HY,3895,11,13,NA,78,1960,Unknown,Kaplan,Baldwin,NA,NA,123800,24.8,10M,1.70701E+11,41065
hc0270_p01,hc0270_p01_14,The Dalles,45.61399713,-121.1329257,USACE Northwestern Division,HY,3895,12,14,NA,78,1960,Unknown,Kaplan,Baldwin,NA,NA,123800,24.8,10M,1.70701E+11,41065
hc0270_p01,hc0270_p01_15,The Dalles,45.61399713,-121.1329257,USACE Northwestern Division,HY,3895,13,15,NA,78,1960,Unknown,Kaplan,Baldwin,NA,NA,123800,24.8,10M,1.70701E+11,41065
hc0270_p01,hc0270_p01_16,The Dalles,45.61399713,-121.1329257,USACE Northwestern Division,HY,3895,14,16,NA,78,1960,Unknown,Kaplan,Pelton Water Wheel Company,NA,NA,4500,24.8,10M,1.70701E+11,41065
hc0270_p01,hc0270_p01_17,The Dalles,45.61399713,-121.1329257,USACE Northwestern Division,HY,3895,15,17,NA,86,1972,Unknown,Kaplan,Baldwin,NA,NA,136000,29,10M,1.70701E+11,41065
hc0270_p01,hc0270_p01_18,The Dalles,45.61399713,-121.1329257,USACE Northwestern Division,HY,3895,16,18,NA,86,1972,Unknown,Kaplan,Baldwin,NA,NA,136000,29,10M,1.70701E+11,41065
hc0270_p01,hc0270_p01_19,The Dalles,45.61399713,-121.1329257,USACE Northwestern Division,HY,3895,17,19,NA,86,1973,Unknown,Kaplan,Baldwin,NA,NA,136000,29,10M,1.70701E+11,41065
hc0270_p01,hc0270_p01_20,The Dalles,45.61399713,-121.1329257,USACE Northwestern Division,HY,3895,18,20,NA,86,1973,Unknown,Kaplan,Baldwin,NA,NA,136000,29,10M,1.70701E+11,41065
hc0270_p01,hc0270_p01_21,The Dalles,45.61399713,-121.1329257,USACE Northwestern Division,HY,3895,19,21,NA,86,1973,Unknown,Kaplan,Baldwin,NA,NA,136000,29,10M,1.70701E+11,41065
hc0270_p01,hc0270_p01_22,The Dalles,45.61399713,-121.1329257,USACE Northwestern Division,HY,3895,20,22,NA,86,1973,Unknown,Kaplan,Baldwin,NA,NA,136000,29,10M,1.70701E+11,41065
hc0270_p01,hc0270_p01_23,The Dalles,45.61399713,-121.1329257,USACE Northwestern Division,HY,3895,21,23,NA,86,1973,Unknown,Kaplan,Baldwin,NA,NA,136000,29,10M,1.70701E+11,41065
hc0270_p01,hc0270_p01_24,The Dalles,45.61399713,-121.1329257,USACE Northwestern Division,HY,3895,22,24,NA,86,1973,Unknown,Kaplan,Baldwin,NA,NA,136000,29,10M,1.70701E+11,41065
hc0270_p02,hc0270_p02_1,The Dalles Fishway,45.6144,-121.1361,Northern Wasco County PUD,HY,7431,1,1,NA,6.5,1991,Unknown,Francis,Dong Fang,NA,77,6700,5,12H,1.70701E+11,53039
hc0271_p01,hc0271_p01_1,Walter F George,31.62578648,-85.06389871,USCE-Mobile District,HY,761,1,1,NA,42,1963,2006,Kaplan,VA Tech,112.5,88,58000,40,10M,031300040104,13213
hc0271_p01,hc0271_p01_2,Walter F George,31.62578648,-85.06389871,USCE-Mobile District,HY,761,2,2,NA,42,1963,2007,Kaplan,VA Tech,112.5,88,58000,40,10M,031300040104,13213
hc0271_p01,hc0271_p01_3,Walter F George,31.62578648,-85.06389871,USCE-Mobile District,HY,761,3,3,NA,42,1963,2007,Kaplan,VA Tech,112.5,88,58000,40,10M,031300040104,13213
hc0271_p01,hc0271_p01_4,Walter F George,31.62578648,-85.06389871,USCE-Mobile District,HY,761,4,4,NA,42,1963,2010,Kaplan,VA Tech,112.5,88,58000,40,10M,031300040104,13213
hc0272_p01,hc0272_p01_1,Webbers Falls,35.55415448,-95.16907943,USCE-Tulsa District,HY,2987,2,1,NA,25,1973,Unknown,Kaplan,Allis-Chalmers,60.24,26.5,33800,7,1H,1.11101E+11,40101
hc0272_p01,hc0272_p01_2,Webbers Falls,35.55415448,-95.16907943,USCE-Tulsa District,HY,2987,1,2,NA,25,1973,Unknown,Unknown,NA,NA,NA,NA,7,1H,1.11101E+11,40101
hc0272_p01,hc0272_p01_3,Webbers Falls,35.55415448,-95.16907943,USCE-Tulsa District,HY,2987,3,3,NA,25,1973,Unknown,Unknown,NA,NA,NA,NA,7,1H,1.11101E+11,40101
hc0273_p01,hc0273_p01_1,West Point,32.91831642,-85.18767151,USCE-Mobile District,HY,6133,1,1,NA,3.3,1975,Unknown,Unknown,NA,NA,NA,NA,3,10M,031300020808,13285
hc0273_p01,hc0273_p01_2,West Point,32.91831642,-85.18767151,USCE-Mobile District,HY,6133,2,2,NA,35,1975,Unknown,Kaplan,Newport News,100,58,51500,35,10M,031300020808,13285
hc0273_p01,hc0273_p01_3,West Point,32.91831642,-85.18767151,USCE-Mobile District,HY,6133,3,3,NA,35,1975,Unknown,Kaplan,Newport News,100,58,51500,35,10M,031300020808,13285
hc0274_p01,hc0274_p01_1,Whitney,31.86554668,-97.37220423,USACE-Fort Worth District,HY,6414,2,1,NA,20.9,1953,Unknown,Francis,Toshiba,128.6,126,41890,1,10M,1.20602E+11,48035
hc0274_p01,hc0274_p01_2,Whitney,31.86554668,-97.37220423,USACE-Fort Worth District,HY,6414,1,2,NA,20.9,2011,Unknown,Francis,Toshiba,128.6,126,41890,1,10M,1.20602E+11,48035
hc0275_p01,hc0275_p01_6,Wolf Creek,36.86867854,-85.14742798,USCE-Nashville District,HY,1380,3,6,NA,45,1952,Unknown,Francis,Baldwin,105.9,160,62500,40,10M,051301030604,21207
hc0275_p01,hc0275_p01_1,Wolf Creek,36.86867854,-85.14742798,USCE-Nashville District,HY,1380,4,1,NA,45,1951,Unknown,Francis,Baldwin,105.9,160,62500,45,10M,051301030604,21207
hc0275_p01,hc0275_p01_2,Wolf Creek,36.86867854,-85.14742798,USCE-Nashville District,HY,1380,5,2,NA,45,1951,Unknown,Francis,Baldwin,105.9,160,62500,45,10M,051301030604,21207
hc0275_p01,hc0275_p01_3,Wolf Creek,36.86867854,-85.14742798,USCE-Nashville District,HY,1380,6,3,NA,45,1951,Unknown,Francis,Baldwin,105.9,160,62500,45,10M,051301030604,21207
hc0275_p01,hc0275_p01_4,Wolf Creek,36.86867854,-85.14742798,USCE-Nashville District,HY,1380,1,4,NA,45,1952,Unknown,Francis,Baldwin,105.9,160,62500,45,10M,051301030604,21207
hc0275_p01,hc0275_p01_5,Wolf Creek,36.86867854,-85.14742798,USCE-Nashville District,HY,1380,2,5,NA,45,1952,Unknown,Francis,Baldwin,105.9,160,62500,45,10M,051301030604,21207
hc0301_p01,hc0301_p01_1,Green Island Hydroelectric Station,42.748106,-73.69022,Albany Engineering Corporation,HY,61207,UNIT1,1,01 - Green Island,1.5,1922,Unknown,Kaplan,Allis-Chalmers,NA,13,2000,0.5,10M,020200031107,36001
hc0301_p01,hc0301_p01_2,Green Island Hydroelectric Station,42.748106,-73.69022,Albany Engineering Corporation,HY,61207,UNIT2,2,01 - Green Island,1.5,1922,Unknown,Kaplan,Allis-Chalmers,NA,13,2000,0.5,10M,020200031107,36001
hc0301_p01,hc0301_p01_3,Green Island Hydroelectric Station,42.748106,-73.69022,Albany Engineering Corporation,HY,61207,UNIT3,3,01 - Green Island,1.5,1922,Unknown,Kaplan,Allis-Chalmers,NA,13,2000,0.5,10M,020200031107,36001
hc0301_p01,hc0301_p01_4,Green Island Hydroelectric Station,42.748106,-73.69022,Albany Engineering Corporation,HY,61207,UNIT4,4,01 - Green Island,1.5,1922,Unknown,Kaplan,Allis-Chalmers,NA,13,2000,0.5,10M,020200031107,36001
hc0302_p01,hc0302_p01_1,Ohio Falls,38.2823,-85.7806,Louisville Gas & Electric Co,HY,1365,1,1,01 - Ohio Falls,13.7,1927,Unknown,Kaplan,Allis-Chalmers,NA,37,13500,2,1H,051401010904,21111
hc0302_p01,hc0302_p01_2,Ohio Falls,38.2823,-85.7806,Louisville Gas & Electric Co,HY,1365,2,2,01 - Ohio Falls,13.7,1927,Unknown,Kaplan,Allis-Chalmers,NA,37,13500,2,1H,051401010904,21111
hc0302_p01,hc0302_p01_3,Ohio Falls,38.2823,-85.7806,Louisville Gas & Electric Co,HY,1365,3,3,01 - Ohio Falls,13.7,1927,Unknown,Kaplan,Allis-Chalmers,NA,37,13500,2,1H,051401010904,21111
hc0302_p01,hc0302_p01_4,Ohio Falls,38.2823,-85.7806,Louisville Gas & Electric Co,HY,1365,5,4,01 - Ohio Falls,13.7,1927,Unknown,Kaplan,Allis-Chalmers,NA,37,13500,2,1H,051401010904,21111
hc0302_p01,hc0302_p01_5,Ohio Falls,38.2823,-85.7806,Louisville Gas & Electric Co,HY,1365,6,5,01 - Ohio Falls,13.7,1927,Unknown,Kaplan,Allis-Chalmers,NA,37,13500,2,1H,051401010904,21111
hc0302_p01,hc0302_p01_6,Ohio Falls,38.2823,-85.7806,Louisville Gas & Electric Co,HY,1365,7,6,01 - Ohio Falls,13.7,1927,Unknown,Kaplan,Allis-Chalmers,NA,34,13500,2,1H,051401010904,21111
hc0302_p01,hc0302_p01_7,Ohio Falls,38.2823,-85.7806,Louisville Gas & Electric Co,HY,1365,4,7,01 - Ohio Falls,13.7,1927,Unknown,Kaplan,Allis-Chalmers,NA,37,13500,2,1H,051401010904,21111
hc0302_p01,hc0302_p01_8,Ohio Falls,38.2823,-85.7806,Louisville Gas & Electric Co,HY,1365,8,8,01 - Ohio Falls,13.7,1927,Unknown,Kaplan,Allis-Chalmers,NA,37,13500,2,1H,051401010904,21111
hc0303_p01,hc0303_p01_1,Twin City,44.9155,-93.1998,Twin Cities Hydro LLC,HY,57069,4,1,01 - Twin City,4.5,1992,Unknown,Francis,Voith,NA,34,5800,2,10M,070102060703,27053
hc0303_p01,hc0303_p01_2,Twin City,44.9155,-93.1998,Twin Cities Hydro LLC,HY,57069,3,2,01 - Twin City,4.5,1993,Unknown,Francis,Voith,NA,34,5800,2,10M,070102060703,27053
hc0303_p01,hc0303_p01_3,Twin City,44.9155,-93.1998,Twin Cities Hydro LLC,HY,57069,1,3,01 - Twin City,4.5,1995,Unknown,Francis,Voith,NA,34,5800,2,10M,070102060703,27053
hc0303_p01,hc0303_p01_4,Twin City,44.9155,-93.1998,Twin Cities Hydro LLC,HY,57069,2,4,01 - Twin City,4.5,1995,Unknown,Francis,Voith,NA,34,5800,2,10M,070102060703,27053
hc0304_p01,hc0304_p01_1,Mother Ann Lee,37.8311,-84.7239,Lock 7 Hydro Partners LLC,HY,1359,1,1,01 - Ky River Lock & Dam No 7,0.7,2008,Unknown,Unknown,NA,NA,NA,NA,0.1,10M,051002040507,21167
hc0304_p01,hc0304_p01_2,Mother Ann Lee,37.8311,-84.7239,Lock 7 Hydro Partners LLC,HY,1359,2,2,01 - Ky River Lock & Dam No 7,0.7,2007,Unknown,Unknown,NA,NA,NA,NA,0.1,10M,051002040507,21167
hc0304_p01,hc0304_p01_3,Mother Ann Lee,37.8311,-84.7239,Lock 7 Hydro Partners LLC,HY,1359,3,3,01 - Ky River Lock & Dam No 7,0.7,2007,Unknown,Unknown,NA,NA,NA,NA,0.1,10M,051002040507,21167
hc0305_p01,hc0305_p01_1,Marmet,38.2541,-81.5698,Appalachian Power Co,HY,6561,1,1,01 - Marmet,4.8,1935,Unknown,Kaplan,Newport News,NA,23,6600,1,12H,050500060405,54039
hc0305_p01,hc0305_p01_2,Marmet,38.2541,-81.5698,Appalachian Power Co,HY,6561,2,2,01 - Marmet,4.8,1935,Unknown,Kaplan,Newport News,NA,23,7600,1,12H,050500060405,54039
hc0305_p01,hc0305_p01_3,Marmet,38.2541,-81.5698,Appalachian Power Co,HY,6561,3,3,01 - Marmet,4.8,1935,Unknown,Kaplan,I.P. Morris,NA,23,7250,1,12H,050500060405,54039
hc0306_p01,hc0306_p01_1,London,38.1927,-81.3721,Appalachian Power Co,HY,6560,1,1,01 - London,4.8,1935,Unknown,Kaplan,Newport News,NA,23,6600,1,12H,050500060306,54039
hc0306_p01,hc0306_p01_2,London,38.1927,-81.3721,Appalachian Power Co,HY,6560,2,2,01 - London,4.8,1935,Unknown,Kaplan,Newport News,NA,23,7600,1,12H,050500060306,54039
hc0306_p01,hc0306_p01_3,London,38.1927,-81.3721,Appalachian Power Co,HY,6560,3,3,01 - London,4.8,1935,Unknown,Kaplan,I.P. Morris,NA,23,7250,1,12H,050500060306,54039
hc0307_p01,hc0307_p01_1,Winfield,38.5251,-81.912,Appalachian Power Co,HY,6562,2,1,01 - Winfield,4.9,1938,Unknown,Kaplan,I.P. Morris,NA,26,9200,1,12H,050500080308,54079
hc0307_p01,hc0307_p01_2,Winfield,38.5251,-81.912,Appalachian Power Co,HY,6562,3,2,01 - Winfield,4.9,1938,Unknown,Kaplan,Newport News,NA,26,9150,1,12H,050500080308,54079
hc0307_p01,hc0307_p01_3,Winfield,38.5251,-81.912,Appalachian Power Co,HY,6562,1,3,01 - Winfield,14.7,1938,Unknown,Kaplan,I.P. Morris,NA,26,9200,1,12H,050500080308,54079
hc0308_p01,hc0308_p01_1,Narrows,39.3304469,-121.193846,Yuba County Water Agency,HY,262,1,1,01 - Narrows,10.2,1942,Unknown,Unknown,NA,NA,NA,NA,0,10M,1.80201E+11,06057
hc0309_p01,hc0309_p01_1,Raystown,40.4338,-78.0046,Allegheny Electric Coop Inc,HY,7128,1,1,01 - William F. Matson,7,1988,Unknown,Francis,Axel Johnson,NA,172,9000,2.4,10M,020503030804,42061
hc0309_p01,hc0309_p01_2,Raystown,40.4338,-78.0046,Allegheny Electric Coop Inc,HY,7128,2,2,01 - William F. Matson,14.7,1988,Unknown,Francis,Axel Johnson,NA,172,18000,6,10M,020503030804,42061
hc0310_p01,hc0310_p01_1,Hennepin Island,44.9833,-93.25,Northern States Power Co - Minnesota,HY,1911,1,1,01 - Hennepin Island,2.8,1954,Unknown,Francis,NA,NA,48,3200,0.6,10M,070102060703,27053
hc0310_p01,hc0310_p01_2,Hennepin Island,44.9833,-93.25,Northern States Power Co - Minnesota,HY,1911,4,2,01 - Hennepin Island,2.8,1954,Unknown,Francis,NA,NA,48,3200,0.6,10M,070102060703,27053
hc0310_p01,hc0310_p01_3,Hennepin Island,44.9833,-93.25,Northern States Power Co - Minnesota,HY,1911,5,3,01 - Hennepin Island,2.5,1955,Unknown,Kaplan,NA,NA,48,3200,0.6,10M,070102060703,27053
hc0310_p01,hc0310_p01_4,Hennepin Island,44.9833,-93.25,Northern States Power Co - Minnesota,HY,1911,2,4,01 - Hennepin Island,2.8,1955,Unknown,Francis,NA,NA,48,3200,0.6,10M,070102060703,27053
hc0310_p01,hc0310_p01_5,Hennepin Island,44.9833,-93.25,Northern States Power Co - Minnesota,HY,1911,3,5,01 - Hennepin Island,2.8,1955,Unknown,Francis,NA,NA,48,3200,0.6,10M,070102060703,27053
hc0310_p02,hc0310_p02_1,Crown Mill Hydroelectric,44.9833,-93.25,Crown Hydro Company,HY,NA,NA,1,NA,1.7,NA,Unknown,Unknown,NA,NA,NA,NA,NA,NA,070102060703,27053
hc0310_p02,hc0310_p02_2,Crown Mill Hydroelectric,44.9833,-93.25,Crown Hydro Company,HY,NA,NA,2,NA,1.7,NA,Unknown,Unknown,NA,NA,NA,NA,NA,NA,070102060703,27053
hc0311_p01,hc0311_p01_1,Bankhead,33.4586,-87.356,Alabama Power Co,HY,2,1,1,01 - Bankhead,53.9,1963,Unknown,Kaplan,Allis-Chalmers,NA,66.5,63200,52,1H,031601120203,01125
hc0312_p01,hc0312_p01_1,Holt,33.255,-87.45,Alabama Power Co,HY,12,1,1,01 - Holt,46.9,1968,Unknown,Kaplan,Baldwin,NA,58,55600,45,1H,031601120505,01125
hc0313_p01,hc0313_p01_1,Markland,38.7833,-84.9667,"Duke Energy Indiana, LLC",HY,1005,1,1,01 - Markland,25.9,1967,Unknown,Kaplan,Allis-Chalmers,NA,34,41500,15,10M,050902031006,18155
hc0313_p01,hc0313_p01_2,Markland,38.7833,-84.9667,"Duke Energy Indiana, LLC",HY,1005,2,2,01 - Markland,25.9,1967,Unknown,Kaplan,Allis-Chalmers,NA,34,41500,17.899999999999999,10M,050902031006,18155
hc0313_p01,hc0313_p01_3,Markland,38.7833,-84.9667,"Duke Energy Indiana, LLC",HY,1005,3,3,01 - Markland,25.9,1967,Unknown,Kaplan,Allis-Chalmers,NA,34,41500,17.899999999999999,10M,050902031006,18155
hc0314_p01,hc0314_p01_1,Seneca,41.8388,-79.0059,Seneca Generation LLC,HY,8225,3,1,01 - Seneca,26.1,1970,Unknown,Francis,NA,NA,760,39000,29.9,10M,050100011207,42123
hc0314_p01,hc0314_p01_2,Seneca,41.8388,-79.0059,Seneca Generation LLC,PS,8225,1,2,01 - Seneca,205.9,1970,Unknown,Pump,NA,NA,646,217000,78,10M,050100011207,42123
hc0314_p01,hc0314_p01_3,Seneca,41.8388,-79.0059,Seneca Generation LLC,PS,8225,2,3,01 - Seneca,205.9,1970,Unknown,Pump,NA,NA,646,284000,78,10M,050100011207,42123
hc0315_p01,hc0315_p01_1,Racine,38.9153,-81.9082,"Eagle Creek Renewable Energy, LLC",HY,6006,1,1,01 - Racine,23.7,1982,Unknown,Kaplan,NA,NA,19.5,27400,1,12H,050302020804,39105
hc0315_p01,hc0315_p01_2,Racine,38.9153,-81.9082,"Eagle Creek Renewable Energy, LLC",HY,6006,2,2,01 - Racine,23.7,1982,Unknown,Kaplan,NA,NA,19.5,27400,1,12H,050302020804,39105
hc0316_p01,hc0316_p01_1,Little Chute,44.2833,-88.3167,City of Kaukauna,HY,4119,1,1,01 - Little Chute,1.1,1948,Unknown,Kaplan,S. Morgan Smith,NA,13.5,1600,0.2,1H,040302040205,55087
hc0316_p01,hc0316_p01_2,Little Chute,44.2833,-88.3167,City of Kaukauna,HY,4119,2,2,01 - Little Chute,1.1,1948,Unknown,Kaplan,S. Morgan Smith,NA,13.5,1600,0.2,1H,040302040205,55087
hc0316_p01,hc0316_p01_3,Little Chute,44.2833,-88.3167,City of Kaukauna,HY,4119,3,3,01 - Little Chute,1.1,1948,Unknown,Kaplan,S. Morgan Smith,NA,13.5,1600,0.2,1H,040302040205,55087
hc0317_p01,hc0317_p01_1,Greenup,38.6466,-82.8546,City of Hamilton - (OH),HY,4258,1,1,01 - Greenup,23.4,1982,Unknown,Kaplan,Neyrpic,NA,27.6,332000,1,1H,050901030107,NA
hc0317_p01,hc0317_p01_2,Greenup,38.6466,-82.8546,City of Hamilton - (OH),HY,4258,2,2,01 - Greenup,23.4,1982,Unknown,Kaplan,Neyrpic,NA,27.6,33000,1,1H,050901030107,NA
hc0317_p01,hc0317_p01_3,Greenup,38.6466,-82.8546,City of Hamilton - (OH),HY,4258,3,3,01 - Greenup,23.4,1982,Unknown,Kaplan,Neyrpic,NA,27.6,33000,1,1H,050901030107,NA
hc0318_p01,hc0318_p01_1,Rapide Croche,44.3163998,-88.19802104,City of Kaukauna,HY,4122,1,1,01 - Rapide Croche,0.6,1926,Unknown,Kaplan,Allis-Chalmers,NA,8.5,800,0.2,1H,040302040205,55087
hc0318_p01,hc0318_p01_2,Rapide Croche,44.3163998,-88.19802104,City of Kaukauna,HY,4122,2,2,01 - Rapide Croche,0.6,1926,Unknown,Kaplan,Allis-Chalmers,NA,8.5,800,0.2,1H,040302040205,55087
hc0318_p01,hc0318_p01_3,Rapide Croche,44.3163998,-88.19802104,City of Kaukauna,HY,4122,3,3,01 - Rapide Croche,0.6,1926,Unknown,Kaplan,Allis-Chalmers,NA,8.5,800,0.2,1H,040302040205,55087
hc0318_p01,hc0318_p01_4,Rapide Croche,44.3163998,-88.19802104,City of Kaukauna,HY,4122,4,4,01 - Rapide Croche,0.6,1926,Unknown,Kaplan,Allis-Chalmers,NA,8.5,800,0.2,1H,040302040205,55087
hc0319_p02,hc0319_p02_3,New Badger,44.2772,-88.2678,City of Kaukauna,HY,4120,3,3,NA,4.1,2014,Unknown,Unknown,NA,NA,NA,NA,0.5,10M,040302040205,55087
hc0319_p02,hc0319_p02_4,New Badger,44.2772,-88.2678,City of Kaukauna,HY,4120,4,4,NA,4.1,2014,Unknown,Unknown,NA,NA,NA,NA,0.5,10M,040302040205,55087
hc0320_p01,hc0320_p01_1,North Hartland,43.6051,-72.3597,Vermont Electric Coop Inc,HY,590,1,1,01 - North Hartland,4,1985,Unknown,Kaplan,Voest,NA,66,5584,NA,NA,010801060207,50027
hc0321_p01,hc0321_p01_1,Lucky Peak,43.5467,-116.055,Boise-Kuna Irrigation District,HY,10014,U133,1,01 - Lucky Peak,11.2,1988,Unknown,Kaplan,NA,NA,240,11500,0,10M,1.70501E+11,16001
hc0321_p01,hc0321_p01_2,Lucky Peak,43.5467,-116.055,Boise-Kuna Irrigation District,HY,10014,U131,2,01 - Lucky Peak,45,1988,Unknown,Kaplan,NA,NA,240,46000,0,10M,1.70501E+11,16001
hc0321_p01,hc0321_p01_3,Lucky Peak,43.5467,-116.055,Boise-Kuna Irrigation District,HY,10014,U132,3,01 - Lucky Peak,45,1988,Unknown,Kaplan,NA,NA,237,46000,0,10M,1.70501E+11,16001
hc0322_p01,hc0322_p01_1,Lake Mendocino,39.1981,-123.1831,City of Ukiah - (CA),HY,7489,G1,1,01 - Lake Mendocino,1,1987,Unknown,Francis,Axel Johnson,NA,125,NA,0.1,10M,1.80101E+11,06045
hc0322_p01,hc0322_p01_2,Lake Mendocino,39.1981,-123.1831,City of Ukiah - (CA),HY,7489,G2,2,01 - Lake Mendocino,2.5,1987,Unknown,Francis,Axel Johnson,NA,125,NA,0.1,10M,1.80101E+11,06045
hc0323_p01,hc0323_p01_1,New Hogan,38.1499,-120.8142,Modesto Irrigation District,HY,50755,GEN2,1,01 - New Hogan,1,1989,Unknown,Francis,Sorums Verksted,NA,135,1182,0.1,1H,1.804E+11,06009
hc0323_p01,hc0323_p01_2,New Hogan,38.1499,-120.8142,Modesto Irrigation District,HY,50755,GEN1,2,01 - New Hogan,2,1989,Unknown,Francis,Sorums Verksted,NA,135,2375,0.2,1H,1.804E+11,06009
hc0324_p01,hc0324_p01_1,Allegheny 8,40.897,-79.4787,Allegheny Hydro LP,HY,50897,GEN1,1,01 - Allegheny Lock & Dam 8,6.8,1990,Unknown,Kaplan,Voest,NA,14,9490,1,10M,050100061105,42005
hc0324_p01,hc0324_p01_2,Allegheny 8,40.897,-79.4787,Allegheny Hydro LP,HY,50897,GEN2,2,01 - Allegheny Lock & Dam 8,6.8,1990,Unknown,Kaplan,Voest,NA,14,9490,1,10M,050100061105,42005
hc0325_p01,hc0325_p01_1,Allegheny 9,40.9562,-79.551,Allegheny Hydro LP,HY,50898,GEN1,1,01 - Allegheny Lock & Dam 9,8.9,1990,Unknown,Kaplan,Voest,NA,17,12470,1,10M,050100061105,42005
hc0325_p01,hc0325_p01_2,Allegheny 9,40.9562,-79.551,Allegheny Hydro LP,HY,50898,GEN2,2,01 - Allegheny Lock & Dam 9,8.9,1990,Unknown,Kaplan,Voest,NA,17,12470,1,10M,050100061105,42005
hc0326_p01,hc0326_p01_1,Dam 2,33.989,-91.313,Arkansas Electric Coop Corp,HY,7246,1,1,NA,34.2,1999,Unknown,Kaplan,Sulzer,NA,NA,NA,2,10M,080204010404,NA
hc0326_p01,hc0326_p01_2,Dam 2,33.989,-91.313,Arkansas Electric Coop Corp,HY,7246,2,2,NA,34.2,1999,Unknown,Kaplan,Sulzer,NA,NA,NA,2,10M,080204010404,NA
hc0326_p01,hc0326_p01_3,Dam 2,33.989,-91.313,Arkansas Electric Coop Corp,HY,7246,3,3,NA,34.2,1999,Unknown,Kaplan,Sulzer,NA,NA,NA,2,10M,080204010404,NA
hc0327_p01,hc0327_p01_1,Success,36.06,-118.9237,Lower Tule River Irrgtn Dist,HY,10222,SPP1,1,01 - Success,1.4,1989,Unknown,Unknown,NA,NA,NA,NA,0.8,1H,1.803E+11,06107
hc0328_p01,hc0328_p01_1,James Trimble Lock and Dam,35.35,-94.2976,Arkansas Electric Coop Corp,HY,7040,1,1,01 - Clyde T. Ellis,10.8,1988,Unknown,Kaplan,Voest,NA,15.8,15019,1,10M,1.11102E+11,05033
hc0328_p01,hc0328_p01_2,James Trimble Lock and Dam,35.35,-94.2976,Arkansas Electric Coop Corp,HY,7040,2,2,01 - Clyde T. Ellis,10.8,1988,Unknown,Kaplan,Voest,NA,15.8,15019,1,10M,1.11102E+11,05033
hc0328_p01,hc0328_p01_3,James Trimble Lock and Dam,35.35,-94.2976,Arkansas Electric Coop Corp,HY,7040,3,3,01 - Clyde T. Ellis,10.8,1988,Unknown,Kaplan,Voest,NA,15.8,15019,1,10M,1.11102E+11,05033
hc0329_p01,hc0329_p01_1,Arthur Ormond Lock & Dam,35.1252,-92.7874,Arkansas Electric Coop Corp,HY,7135,1,1,01 - Lock & Dam No. 9 Hydro Gen Sta,10.8,1993,Unknown,Kaplan,Voest,NA,14.8,15019,1,10M,1.11102E+11,05029
hc0329_p01,hc0329_p01_2,Arthur Ormond Lock & Dam,35.1252,-92.7874,Arkansas Electric Coop Corp,HY,7135,2,2,01 - Lock & Dam No. 9 Hydro Gen Sta,10.8,1993,Unknown,Kaplan,Voest,NA,14.8,15019,1,10M,1.11102E+11,05029
hc0329_p01,hc0329_p01_3,Arthur Ormond Lock & Dam,35.1252,-92.7874,Arkansas Electric Coop Corp,HY,7135,3,3,01 - Lock & Dam No. 9 Hydro Gen Sta,10.8,1993,Unknown,Kaplan,Voest,NA,14.8,15019,1,10M,1.11102E+11,05029
hc0330_p01,hc0330_p01_1,Kaw Hydro,36.6998,-96.9272,Oklahoma Municipal Power Authority,HY,7545,1,1,01 - Kaw,37,1989,Unknown,Kaplan,IMSA & VILLARES,NA,80,NA,2,1H,1.106E+11,40071
hc0331_p01,hc0331_p01_1,Black Butte,39.8142,-122.3328,City of Santa Clara - (CA),HY,7229,1,1,01 - Black Butte,6.1,1988,Unknown,Kaplan,NA,NA,96,9869,0.5,10M,1.80201E+11,06021
hc0332_p01,hc0332_p01_1,New Martinsville,39.667,-80.8644,New Martinsville Hannibal Hydro,HY,50036,UNT1,1,01 - New Martinsville,18.7,1988,Unknown,Kaplan,Fuji,NA,17.600000000000001,22280,1,10M,050302011004,54103
hc0332_p01,hc0332_p01_2,New Martinsville,39.667,-80.8644,New Martinsville Hannibal Hydro,HY,50036,UNT2,2,01 - New Martinsville,18.7,1988,Unknown,Kaplan,Fuji,NA,17.600000000000001,22280,1,10M,050302011004,54103
hc0333_p01,hc0333_p01_1,Conemaugh,40.4674,-79.3654,Pennsylvania Renewable Resources,HY,52173,GEN1,1,01 - Conemaugh,7.5,1989,Unknown,Kaplan,EB National Industries,NA,62.4,10000,1.1000000000000001,10M,050100071008,42129
hc0333_p01,hc0333_p01_2,Conemaugh Hydro Plant,40.4674,-79.3654,Pennsylvania Renewable Resources,HY,52173,GEN2,2,01 - Conemaugh,7.5,1989,Unknown,Kaplan,EB National Industries,NA,62.4,10000,1.1000000000000001,10M,050100071008,42129
hc0334_p01,hc0334_p01_1,Warm Springs,38.7182,-123.0087,Sonoma County Water Agency,HY,54261,3385,1,01 - Warm Springs,2.7,1988,Unknown,Francis,Kvaerner,NA,200,NA,0.4,1H,1.80101E+11,06097
hc0335_p01,hc0335_p01_1,Allegheny 6,40.7165,-79.577,"Eagle Creek Renewable Energy, LLC",HY,50894,GEN1,1,01 - Allegheny Lock & Dam 6,4.6,1988,Unknown,Kaplan,Voith,NA,11.5,5707,2,10M,050100061107,42005
hc0335_p01,hc0335_p01_2,Allegheny 6,40.7165,-79.577,"Eagle Creek Renewable Energy, LLC",HY,50894,GEN2,2,01 - Allegheny Lock & Dam 6,4.6,1988,Unknown,Kaplan,Voith,NA,11.5,5707,2,10M,050100061107,42005
hc0336_p01,hc0336_p01_1,Youghiogheny,39.7972,-79.3711,D/R Hydro Co,HY,52036,GEN1,1,01 - Youghiogheny,6.1,1989,Unknown,Francis,Voith,NA,104,6705,1,1H,050200060305,42051
hc0336_p01,hc0336_p01_2,Youghiogheny,39.7972,-79.3711,D/R Hydro Co,HY,52036,GEN2,2,01 - Youghiogheny,6.1,1989,Unknown,Francis,Voith,NA,104,6705,1,1H,050200060305,42051
hc0337_p01,hc0337_p01_1,Allegheny 5,40.6831,-79.6652,"Eagle Creek Renewable Energy, LLC",HY,50893,GEN1,1,01 - Allegheny Lock & Dam 5,4.6,1988,Unknown,Kaplan,Voith,NA,10.5,5707,2,10M,050100061107,42005
hc0337_p01,hc0337_p01_2,Allegheny 5,40.6831,-79.6652,"Eagle Creek Renewable Energy, LLC",HY,50893,GEN2,2,01 - Allegheny Lock & Dam 5,4.6,1988,Unknown,Kaplan,Voith,NA,10.5,5707,2,10M,050100061107,42005
hc0338_p01,hc0338_p01_1,Canyon,29.8701,-98.1948,Guadalupe Blanco River Authority,HY,791,1,1,01 - Canyon,3,1989,Unknown,Francis,Voith,NA,144,3400,1,1H,1.21002E+11,48091
hc0338_p01,hc0338_p01_2,Canyon,29.8701,-98.1948,Guadalupe Blanco River Authority,HY,791,2,2,01 - Canyon,3,1989,Unknown,Francis,Voith,NA,144,3400,1,1H,1.21002E+11,48091
hc0339_p01,hc0339_p01_1,Lewisville,33.0682,-96.964,City of Garland - (TX),HY,794,1,1,01 - Lewisville,2.8,1991,Unknown,Francis,Sulzer,NA,63,3875,0.5,1H,1.20301E+11,48121
hc0340_p01,hc0340_p01_1,Terminus Hydroelectric Project,36.4155,-119.0065,"Eagle Creek Renewable Energy, LLC",HY,54343,GEN1,1,01 - Terminus,20.1,1990,Unknown,Unknown,NA,NA,NA,NA,6,1H,1.803E+11,06107
hc0341_p01,hc0341_p01_1,Peru,41.3242,-88.9855,City of Peru - (IL),HY,955,HC1,1,01 - Starved Rock,1.9,1996,Unknown,Kaplan,Alstom,NA,17,2333,0.2,10M,071300010203,17099
hc0341_p01,hc0341_p01_2,Peru,41.3242,-88.9855,City of Peru - (IL),HY,955,HC2,2,01 - Starved Rock,1.9,1996,Unknown,Kaplan,Alstom,NA,NA,NA,0.2,10M,071300010203,17099
hc0341_p01,hc0341_p01_3,Peru,41.3242,-88.9855,City of Peru - (IL),HY,955,HC3,3,01 - Starved Rock,1.9,1996,Unknown,Kaplan,Alstom,NA,17,2333,0.2,10M,071300010203,17099
hc0341_p01,hc0341_p01_4,Peru,41.3242,-88.9855,City of Peru - (IL),HY,955,HC4,4,01 - Starved Rock,1.9,1996,Unknown,Kaplan,Alstom,NA,NA,NA,0.2,10M,071300010203,17099
hc0343_p01,hc0343_p01_1,Hastings Lock & Dam,44.7667,-92.8667,Hastings Lock & Dam,HY,54285,1,1,01 - Miss L&d No 2 (Hastings),2.2,1992,Unknown,Kaplan,NA,NA,11.55,1000,0.2,10M,070102060903,27037
hc0343_p01,hc0343_p01_2,Hastings Lock & Dam,44.7667,-92.8667,Hastings Lock & Dam,HY,54285,2,2,01 - Miss L&d No 2 (Hastings),2.2,1992,Unknown,Kaplan,NA,NA,11.55,1000,0.2,10M,070102060903,27037
hc0344_p01,hc0344_p01_1,De Pere,44.45,-88.05,International Paper Co,HY,54016,1,1,01 - De Pere,0.168,1992,Unknown,Unknown,James Leffel & Co.,NA,NA,166,NA,NA,040302040405,55009
hc0344_p01,hc0344_p01_2,De Pere,44.45,-88.05,International Paper Co,HY,54016,2,2,01 - De Pere,0.168,1992,Unknown,Unknown,James Leffel & Co.,NA,NA,166,NA,NA,040302040405,55009
hc0344_p01,hc0344_p01_3,De Pere,44.45,-88.05,International Paper Co,HY,54016,3,3,01 - De Pere,0.168,1992,Unknown,Unknown,James Leffel & Co.,NA,NA,166,NA,NA,040302040405,55009
hc0344_p01,hc0344_p01_4,De Pere,44.45,-88.05,International Paper Co,HY,54016,4,4,01 - De Pere,0.168,1992,Unknown,Unknown,James Leffel & Co.,NA,NA,166,NA,NA,040302040405,55009
hc0344_p01,hc0344_p01_5,De Pere,44.45,-88.05,International Paper Co,HY,54016,5,5,01 - De Pere,0.168,1992,Unknown,Unknown,James Leffel & Co.,NA,NA,166,NA,NA,040302040405,55009
hc0344_p01,hc0344_p01_6,De Pere,44.45,-88.05,International Paper Co,HY,54016,6,6,01 - De Pere,0.168,1992,Unknown,Unknown,James Leffel & Co.,NA,NA,166,NA,NA,040302040405,55009
hc0344_p01,hc0344_p01_7,De Pere,44.45,-88.05,International Paper Co,HY,54016,7,7,01 - De Pere,0.168,1992,Unknown,Unknown,James Leffel & Co.,NA,NA,166,NA,NA,040302040405,55009
hc0344_p01,hc0344_p01_8,De Pere,44.45,-88.05,International Paper Co,HY,54016,8,8,01 - De Pere,0.168,1992,Unknown,Unknown,James Leffel & Co.,NA,NA,166,NA,NA,040302040405,55009
hc0345_p01,hc0345_p01_1,Deweys Mill,43.6405,-72.4067,Green Mountain Power Corp,HY,10137,GEN2,1,01 - Deweys Mills,0.5,1989,Unknown,Kaplan,NA,NA,44.6,471,0.1,10M,010801060207,50027
hc0345_p01,hc0345_p01_2,Deweys Mill,43.6405,-72.4067,Green Mountain Power Corp,HY,10137,GEN1,2,01 - Deweys Mills,2.5,1989,Unknown,Kaplan,NA,NA,44.6,2060,0.1,10M,010801060207,50027
hc0346_p01,hc0346_p01_1,Belleville,39.119,-81.7382,"American Mun Power-Ohio, Inc",HY,7594,1,1,01 - Belleville,21,1999,Unknown,Kaplan,Voest,NA,18,33690,3,10M,050302020404,54107
hc0346_p01,hc0346_p01_2,Belleville,39.119,-81.7382,"American Mun Power-Ohio, Inc",HY,7594,2,2,01 - Belleville,21,1999,Unknown,Kaplan,Voest,NA,18,33690,3,10M,050302020404,54107
hc0347_p01,hc0347_p01_3,Abiquiu Dam,36.2397,-106.4233,Los Alamos County,HY,7789,3,3,NA,3,2011,Unknown,Francis,Indar,NA,NA,NA,0.5,10M,1.30201E+11,35039
hc0347_p01,hc0347_p01_1,Abiquiu Dam,36.2397,-106.4233,Los Alamos County,HY,7789,1,1,01 - Abiquiu,6.3,1990,Unknown,Francis,NA,NA,160,9500,1,10M,1.30201E+11,35039
hc0347_p01,hc0347_p01_2,Abiquiu Dam,36.2397,-106.4233,Los Alamos County,HY,7789,2,2,01 - Abiquiu,6.3,1990,Unknown,Francis,NA,NA,160,9500,1,10M,1.30201E+11,35039
hc0348_p01,hc0348_p01_1,Isabella Hydro Project,35.6443,-118.4818,Isabella Partners,HY,10139,GEN1,1,01 - Isabella,5.9,1991,Unknown,Francis,DEMW,NA,150,11000,0.5,1H,1.803E+11,06029
hc0348_p01,hc0348_p01_2,Isabella Hydro Project,35.6443,-118.4818,Isabella Partners,HY,10139,GEN2,2,01 - Isabella,5.9,1991,Unknown,Francis,DEMW,NA,150,11000,0.5,1H,1.803E+11,06029
hc0349_p01,hc0349_p01_1,Summersville,38.2223,-80.89,"Central Rivers Power WV, LLC",HY,56333,GEN1,1,01 - Summersville,40,2001,Unknown,Francis,IMPSA,NA,265,53334,0.1,10M,050500050805,54067
hc0349_p01,hc0349_p01_2,Summersville,38.2223,-80.89,"Central Rivers Power WV, LLC",HY,56333,GEN2,2,01 - Summersville,40,2001,Unknown,Francis,IMPSA,NA,265,53334,0.1,10M,050500050805,54067
hc0350_p01,hc0350_p01_1,Keokuk,40.39590754,-91.3733699,Union Electric Co - (MO),HY,1109,1,1,NA,7.6,1913,Unknown,Unknown,NA,NA,NA,NA,0,1H,070801041806,19111
hc0350_p01,hc0350_p01_2,Keokuk,40.39590754,-91.3733699,Union Electric Co - (MO),HY,1109,2,2,NA,7.6,1913,Unknown,Unknown,NA,NA,NA,NA,0,1H,070801041806,19111
hc0350_p01,hc0350_p01_3,Keokuk,40.39590754,-91.3733699,Union Electric Co - (MO),HY,1109,3,3,NA,7.6,1913,Unknown,Unknown,NA,NA,NA,NA,0,1H,070801041806,19111
hc0350_p01,hc0350_p01_4,Keokuk,40.39590754,-91.3733699,Union Electric Co - (MO),HY,1109,4,4,NA,7.6,1913,Unknown,Unknown,NA,NA,NA,NA,0,1H,070801041806,19111
hc0350_p01,hc0350_p01_5,Keokuk,40.39590754,-91.3733699,Union Electric Co - (MO),HY,1109,5,5,NA,7.6,1913,Unknown,Unknown,NA,NA,NA,NA,0,1H,070801041806,19111
hc0350_p01,hc0350_p01_6,Keokuk,40.39590754,-91.3733699,Union Electric Co - (MO),HY,1109,6,6,NA,7.6,1913,Unknown,Unknown,NA,NA,NA,NA,0,1H,070801041806,19111
hc0350_p01,hc0350_p01_7,Keokuk,40.39590754,-91.3733699,Union Electric Co - (MO),HY,1109,10,7,NA,8.8,1913,Unknown,Unknown,NA,NA,NA,NA,0,1H,070801041806,19111
hc0350_p01,hc0350_p01_8,Keokuk,40.39590754,-91.3733699,Union Electric Co - (MO),HY,1109,11,8,NA,8.8,1913,Unknown,Unknown,NA,NA,NA,NA,0,1H,070801041806,19111
hc0350_p01,hc0350_p01_9,Keokuk,40.39590754,-91.3733699,Union Electric Co - (MO),HY,1109,12,9,NA,8.8,1913,Unknown,Unknown,NA,NA,NA,NA,0,1H,070801041806,19111
hc0350_p01,hc0350_p01_10,Keokuk,40.39590754,-91.3733699,Union Electric Co - (MO),HY,1109,13,10,NA,8.8,1913,Unknown,Unknown,NA,NA,NA,NA,0,1H,070801041806,19111
hc0350_p01,hc0350_p01_11,Keokuk,40.39590754,-91.3733699,Union Electric Co - (MO),HY,1109,14,11,NA,8.8,1913,Unknown,Unknown,NA,NA,NA,NA,0,1H,070801041806,19111
hc0350_p01,hc0350_p01_12,Keokuk,40.39590754,-91.3733699,Union Electric Co - (MO),HY,1109,15,12,NA,8.8,1913,Unknown,Unknown,NA,NA,NA,NA,0,1H,070801041806,19111
hc0350_p01,hc0350_p01_13,Keokuk,40.39590754,-91.3733699,Union Electric Co - (MO),HY,1109,7,13,NA,8.8,1913,Unknown,Unknown,NA,NA,NA,NA,0,1H,070801041806,19111
hc0350_p01,hc0350_p01_14,Keokuk,40.39590754,-91.3733699,Union Electric Co - (MO),HY,1109,8,14,NA,8.8,1913,Unknown,Unknown,NA,NA,NA,NA,0,1H,070801041806,19111
hc0350_p01,hc0350_p01_15,Keokuk,40.39590754,-91.3733699,Union Electric Co - (MO),HY,1109,9,15,NA,8.8,1913,Unknown,Unknown,NA,NA,NA,NA,0,1H,070801041806,19111
hc0351_p01,hc0351_p01_1,Appleton,44.25348373,-88.41277444,Wisconsin Electric Power Co,HY,4043,5,1,NA,0.5,1916,Unknown,Unknown,NA,NA,NA,NA,0.1,10M,040302040205,55087
hc0351_p01,hc0351_p01_2,Appleton,44.25348373,-88.41277444,Wisconsin Electric Power Co,HY,4043,6,2,NA,0.5,1916,Unknown,Unknown,NA,NA,NA,NA,0.1,10M,040302040205,55087
hc0351_p01,hc0351_p01_3,Appleton,44.25348373,-88.41277444,Wisconsin Electric Power Co,HY,4043,4,3,NA,1.2,1980,Unknown,Unknown,NA,NA,NA,NA,0.1,10M,040302040205,55087
hc0352_p01,hc0352_p01_1,Hoague - Sprague,43.1887,-71.7476,GREEN MOUNTAIN POWER CORP      (VT),HY,NA,NA,1,01 - Hoague-Sprague No.1,0.5,1983,Unknown,Francis,NA,NA,23,665,NA,NA,010700030601,33013
hc0352_p01,hc0352_p01_2,Hoague - Sprague,43.1887,-71.7476,GREEN MOUNTAIN POWER CORP      (VT),HY,NA,NA,2,02 - Hoague-Sprague No.2,0.768,1988,Unknown,Francis,NA,NA,23,1020,NA,NA,010700030601,33013
hc0353_p01,hc0353_p01_1,Willow Island Hydro Station,39.35817054,-81.31795292,"American Mun Power-Ohio, Inc",HY,57401,WIG1,1,01 - Willow Island,22,2016,Unknown,Unknown,NA,NA,NA,NA,1,1H,050302011009,54073
hc0353_p01,hc0353_p01_2,Willow Island Hydro Station,39.35817054,-81.31795292,"American Mun Power-Ohio, Inc",HY,57401,WIG2,2,NA,22,2016,Unknown,Unknown,NA,NA,NA,NA,1,1H,050302011009,54073
hc0354_p01,hc0354_p01_1,Verney Mill Hydro Station,42.8868,-71.9864,American Hydro Power Company,HY,NA,NA,1,01 - Verney Mill,0.363,1990,Unknown,Pump,NA,NA,51,483,NA,NA,010700030103,33011
hc0356_p01,hc0356_p01_1,Mahoning Creek Hydro Station,40.9216668,-79.27787425,"Eagle Creek Renewable Energy, LLC",HY,58685,8107,1,01 - Mahoning Creek,6,2013,Unknown,Francis,NA,NA,NA,NA,0.8,10M,050100060707,42005
hc0359_p01,hc0359_p01_1,Meldahl Hydroelectric Project,38.794634,-84.172118,City of Hamilton - (OH),HY,56872,1,1,NA,35,2016,Unknown,Unknown,NA,NA,NA,NA,5,1H,050902011106,21023
hc0359_p01,hc0359_p01_2,Meldahl Hydroelectric Project,38.794634,-84.172118,City of Hamilton - (OH),HY,56872,2,2,NA,35,2016,Unknown,Unknown,NA,NA,NA,NA,5,1H,050902011106,21023
hc0359_p01,hc0359_p01_3,Meldahl Hydroelectric Project,38.794634,-84.172118,City of Hamilton - (OH),HY,56872,3,3,NA,35,2016,Unknown,Unknown,NA,NA,NA,NA,5,1H,050902011106,21023
hc0361_p01,hc0361_p01_1,FLANNAGAN,37.23333,-82.345,Jordan Hydroelectric LTD PTP,HY,58827,LEFT,1,NA,1,2012,Unknown,Unknown,NA,NA,NA,NA,NA,NA,050702020507,51051
hc0361_p01,hc0361_p01_2,FLANNAGAN,37.23333,-82.345,Jordan Hydroelectric LTD PTP,HY,58827,RGHT,2,NA,1,2012,Unknown,Unknown,NA,NA,NA,NA,NA,NA,050702020507,51051
hc0361_p01,hc0361_p01_3,FLANNAGAN,37.23333,-82.345,Jordan Hydroelectric LTD PTP,HY,58827,NA,3,NA,1,2012,Unknown,Unknown,NA,NA,NA,NA,NA,NA,050702020507,51051
hc0363_p01,hc0363_p01_1,Ball Mountain Dam Hydroelectric Project,43.127721,-72.774113,"Eagle Creek Renewable Energy, LLC",HY,59040,GEN 1,1,NA,0.2,2016,Unknown,Unknown,NA,NA,NA,NA,0.1,10M,010801070305,50025
hc0363_p01,hc0363_p01_2,Ball Mountain Dam Hydroelectric Project,43.127721,-72.774113,"Eagle Creek Renewable Energy, LLC",HY,59040,GEN 2,2,NA,0.2,2016,Unknown,Unknown,NA,NA,NA,NA,0.1,10M,010801070305,50025
hc0363_p01,hc0363_p01_3,Ball Mountain Dam Hydroelectric Project,43.127721,-72.774113,"Eagle Creek Renewable Energy, LLC",HY,59040,GEN 3,3,NA,0.2,2016,Unknown,Unknown,NA,NA,NA,NA,0.1,10M,010801070305,50025
hc0363_p01,hc0363_p01_4,Ball Mountain Dam Hydroelectric Project,43.127721,-72.774113,"Eagle Creek Renewable Energy, LLC",HY,59040,GEN 5,4,NA,0.2,2016,Unknown,Unknown,NA,NA,NA,NA,0.1,10M,010801070305,50025
hc0363_p01,hc0363_p01_5,Ball Mountain Dam Hydroelectric Project,43.127721,-72.774113,"Eagle Creek Renewable Energy, LLC",HY,59040,GEN 6,5,NA,0.2,2016,Unknown,Unknown,NA,NA,NA,NA,0.1,10M,010801070305,50025
hc0363_p01,hc0363_p01_6,Ball Mountain Dam Hydroelectric Project,43.127721,-72.774113,"Eagle Creek Renewable Energy, LLC",HY,59040,GEN 7,6,NA,0.2,2016,Unknown,Unknown,NA,NA,NA,NA,0.1,10M,010801070305,50025
hc0363_p01,hc0363_p01_7,Ball Mountain Dam Hydroelectric Project,43.127721,-72.774113,"Eagle Creek Renewable Energy, LLC",HY,59040,GEN 8,7,NA,0.2,2016,Unknown,Unknown,NA,NA,NA,NA,0.1,10M,010801070305,50025
hc0363_p01,hc0363_p01_8,Ball Mountain Dam Hydroelectric Project,43.127721,-72.774113,"Eagle Creek Renewable Energy, LLC",HY,59040,GEN 9,8,NA,0.2,2016,Unknown,Unknown,NA,NA,NA,NA,0.1,10M,010801070305,50025
hc0363_p01,hc0363_p01_9,Ball Mountain Dam Hydroelectric Project,43.127721,-72.774113,"Eagle Creek Renewable Energy, LLC",HY,59040,GEN10,9,NA,0.2,2016,Unknown,Unknown,NA,NA,NA,NA,0.1,10M,010801070305,50025
hc0363_p01,hc0363_p01_10,Ball Mountain Dam Hydroelectric Project,43.127721,-72.774113,"Eagle Creek Renewable Energy, LLC",HY,59040,GEN11,10,NA,0.2,2016,Unknown,Unknown,NA,NA,NA,NA,0.1,10M,010801070305,50025
hc0363_p01,hc0363_p01_11,Ball Mountain Dam Hydroelectric Project,43.127721,-72.774113,"Eagle Creek Renewable Energy, LLC",HY,59040,GEN12,11,NA,0.2,2016,Unknown,Unknown,NA,NA,NA,NA,0.1,10M,010801070305,50025
hc0363_p01,hc0363_p01_12,Ball Mountain Dam Hydroelectric Project,43.127721,-72.774113,"Eagle Creek Renewable Energy, LLC",HY,59040,GEN4,12,NA,0.2,2016,Unknown,Unknown,NA,NA,NA,NA,0.1,10M,010801070305,50025
hc0365_p01,hc0365_p01_1,Townshend Dam Hydroelectric Project,43.052238,-72.701554,Blue Heron Hydro LLC,HY,59089,GEN1,1,NA,0.077,2016,Unknown,Unknown,NA,NA,NA,NA,NA,NA,010801070402,50025
hc0365_p01,hc0365_p01_2,Townshend Dam Hydroelectric Project,43.052238,-72.701554,Blue Heron Hydro LLC,HY,59089,GEN10,2,NA,0.077,2016,Unknown,Unknown,NA,NA,NA,NA,NA,NA,010801070402,50025
hc0365_p01,hc0365_p01_3,Townshend Dam Hydroelectric Project,43.052238,-72.701554,Blue Heron Hydro LLC,HY,59089,GEN11,3,NA,0.077,2016,Unknown,Unknown,NA,NA,NA,NA,NA,NA,010801070402,50025
hc0365_p01,hc0365_p01_4,Townshend Dam Hydroelectric Project,43.052238,-72.701554,Blue Heron Hydro LLC,HY,59089,GEN12,4,NA,0.077,2016,Unknown,Unknown,NA,NA,NA,NA,NA,NA,010801070402,50025
hc0365_p01,hc0365_p01_5,Townshend Dam Hydroelectric Project,43.052238,-72.701554,Blue Heron Hydro LLC,HY,59089,GEN2,5,NA,0.077,2016,Unknown,Unknown,NA,NA,NA,NA,NA,NA,010801070402,50025
hc0365_p01,hc0365_p01_6,Townshend Dam Hydroelectric Project,43.052238,-72.701554,Blue Heron Hydro LLC,HY,59089,GEN3,6,NA,0.077,2016,Unknown,Unknown,NA,NA,NA,NA,NA,NA,010801070402,50025
hc0365_p01,hc0365_p01_7,Townshend Dam Hydroelectric Project,43.052238,-72.701554,Blue Heron Hydro LLC,HY,59089,GEN4,7,NA,0.077,2016,Unknown,Unknown,NA,NA,NA,NA,NA,NA,010801070402,50025
hc0365_p01,hc0365_p01_8,Townshend Dam Hydroelectric Project,43.052238,-72.701554,Blue Heron Hydro LLC,HY,59089,GEN5,8,NA,0.077,2016,Unknown,Unknown,NA,NA,NA,NA,NA,NA,010801070402,50025
hc0365_p01,hc0365_p01_9,Townshend Dam Hydroelectric Project,43.052238,-72.701554,Blue Heron Hydro LLC,HY,59089,GEN6,9,NA,0.077,2016,Unknown,Unknown,NA,NA,NA,NA,NA,NA,010801070402,50025
hc0365_p01,hc0365_p01_10,Townshend Dam Hydroelectric Project,43.052238,-72.701554,Blue Heron Hydro LLC,HY,59089,GEN7,10,NA,0.077,2016,Unknown,Unknown,NA,NA,NA,NA,NA,NA,010801070402,50025
hc0365_p01,hc0365_p01_11,Townshend Dam Hydroelectric Project,43.052238,-72.701554,Blue Heron Hydro LLC,HY,59089,GEN8,11,NA,0.077,2016,Unknown,Unknown,NA,NA,NA,NA,NA,NA,010801070402,50025
hc0365_p01,hc0365_p01_12,Townshend Dam Hydroelectric Project,43.052238,-72.701554,Blue Heron Hydro LLC,HY,59089,GEN9,12,NA,0.077,2016,Unknown,Unknown,NA,NA,NA,NA,NA,NA,010801070402,50025
hc0366_p01,hc0366_p01_1,Smithland,37.166473,-88.428011,"American Mun Power-Ohio, Inc",HY,57400,SG1,1,NA,25.3,2017,Unknown,Unknown,NA,NA,NA,NA,1,1H,051402030905,21139
hc0366_p01,hc0366_p01_2,Smithland,37.166473,-88.428011,"American Mun Power-Ohio, Inc",HY,57400,SG2,2,NA,25.3,2017,Unknown,Unknown,NA,NA,NA,NA,1,1H,051402030905,21139
hc0366_p01,hc0366_p01_3,Smithland,37.166473,-88.428011,"American Mun Power-Ohio, Inc",HY,57400,SG3,3,NA,25.3,2017,Unknown,Unknown,NA,NA,NA,NA,1,1H,051402030905,21139
hc0367_p01,hc0367_p01_1,Cannelton,37.898037,-86.704177,"American Mun Power-Ohio, Inc",HY,57399,CG1,1,NA,29.3,2016,Unknown,Unknown,NA,NA,NA,NA,1,1H,051402010205,21091
hc0367_p01,hc0367_p01_2,Cannelton,37.898037,-86.704177,"American Mun Power-Ohio, Inc",HY,57399,CG2,2,NA,29.3,2016,Unknown,Unknown,NA,NA,NA,NA,1,1H,051402010205,21091
hc0367_p01,hc0367_p01_3,Cannelton,37.898037,-86.704177,"American Mun Power-Ohio, Inc",HY,57399,CG3,3,NA,29.3,2016,Unknown,Unknown,NA,NA,NA,NA,1,1H,051402010205,21091
hc0368_p01,hc0368_p01_1,Jordan,35.654306,-79.067574,Jordan Hydroelectric LTD PTP,HY,58390,EMOD,1,NA,2.2,2012,Unknown,Kaplan,China Huadian Engineering Corp.,NA,NA,NA,0.2,10M,030300020705,37037
hc0368_p01,hc0368_p01_2,Jordan,35.654306,-79.067574,Jordan Hydroelectric LTD PTP,HY,58390,WMOD,2,NA,2.2,2012,Unknown,Kaplan,China Huadian Engineering Corp.,NA,NA,NA,0.2,10M,030300020705,37037
hc0370_p01,hc0370_p01_1,Dorena Lake Dam Project,43.786819,-122.956232,"Dorena Hydro, LLC",HY,59357,FRNCS,1,NA,1.4,2014,Unknown,Francis,NA,NA,NA,NA,0.4,10M,1.709E+11,41039
hc0370_p01,hc0370_p01_2,Dorena Lake Dam Project,43.786819,-122.956232,"Dorena Hydro, LLC",HY,59357,KAPLN,2,NA,6.1,2014,Unknown,Kaplan,NA,NA,NA,NA,1.8,10M,1.709E+11,41039
hc0372_p01,hc0372_p01_1,Lower St. Anthony Falls Hydroelectric Project,44.979202,-93.2477757,SAF Hydroelectric LLC,HY,57665,1,1,NA,0.6,2011,Unknown,Kaplan,Andritz,NA,NA,NA,0.3,10M,070102060703,27053
hc0372_p01,hc0372_p01_2,Lower St. Anthony Falls Hydroelectric Project,44.979202,-93.2477757,SAF Hydroelectric LLC,HY,57665,10,2,NA,0.6,2011,Unknown,Kaplan,Andritz,NA,NA,NA,0.3,10M,070102060703,27053
hc0372_p01,hc0372_p01_3,Lower St. Anthony Falls Hydroelectric Project,44.979202,-93.2477757,SAF Hydroelectric LLC,HY,57665,11,3,NA,0.6,2011,Unknown,Kaplan,Andritz,NA,NA,NA,0.3,10M,070102060703,27053
hc0372_p01,hc0372_p01_4,Lower St. Anthony Falls Hydroelectric Project,44.979202,-93.2477757,SAF Hydroelectric LLC,HY,57665,12,4,NA,0.6,2011,Unknown,Kaplan,Andritz,NA,NA,NA,0.3,10M,070102060703,27053
hc0372_p01,hc0372_p01_5,Lower St. Anthony Falls Hydroelectric Project,44.979202,-93.2477757,SAF Hydroelectric LLC,HY,57665,13,5,NA,0.6,2011,Unknown,Kaplan,Andritz,NA,NA,NA,0.3,10M,070102060703,27053
hc0372_p01,hc0372_p01_6,Lower St. Anthony Falls Hydroelectric Project,44.979202,-93.2477757,SAF Hydroelectric LLC,HY,57665,14,6,NA,0.6,2011,Unknown,Kaplan,Andritz,NA,NA,NA,0.3,10M,070102060703,27053
hc0372_p01,hc0372_p01_7,Lower St. Anthony Falls Hydroelectric Project,44.979202,-93.2477757,SAF Hydroelectric LLC,HY,57665,15,7,NA,0.6,2011,Unknown,Kaplan,Andritz,NA,NA,NA,0.3,10M,070102060703,27053
hc0372_p01,hc0372_p01_8,Lower St. Anthony Falls Hydroelectric Project,44.979202,-93.2477757,SAF Hydroelectric LLC,HY,57665,16,8,NA,0.6,2011,Unknown,Kaplan,Andritz,NA,NA,NA,0.3,10M,070102060703,27053
hc0372_p01,hc0372_p01_9,Lower St. Anthony Falls Hydroelectric Project,44.979202,-93.2477757,SAF Hydroelectric LLC,HY,57665,2,9,NA,0.6,2011,Unknown,Kaplan,Andritz,NA,NA,NA,0.3,10M,070102060703,27053
hc0372_p01,hc0372_p01_10,Lower St. Anthony Falls Hydroelectric Project,44.979202,-93.2477757,SAF Hydroelectric LLC,HY,57665,3,10,NA,0.6,2011,Unknown,Kaplan,Andritz,NA,NA,NA,0.3,10M,070102060703,27053
hc0372_p01,hc0372_p01_11,Lower St. Anthony Falls Hydroelectric Project,44.979202,-93.2477757,SAF Hydroelectric LLC,HY,57665,4,11,NA,0.6,2011,Unknown,Kaplan,Andritz,NA,NA,NA,0.3,10M,070102060703,27053
hc0372_p01,hc0372_p01_12,Lower St. Anthony Falls Hydroelectric Project,44.979202,-93.2477757,SAF Hydroelectric LLC,HY,57665,5,12,NA,0.6,2011,Unknown,Kaplan,Andritz,NA,NA,NA,0.3,10M,070102060703,27053
hc0372_p01,hc0372_p01_13,Lower St. Anthony Falls Hydroelectric Project,44.979202,-93.2477757,SAF Hydroelectric LLC,HY,57665,6,13,NA,0.6,2011,Unknown,Kaplan,Andritz,NA,NA,NA,0.3,10M,070102060703,27053
hc0372_p01,hc0372_p01_14,Lower St. Anthony Falls Hydroelectric Project,44.979202,-93.2477757,SAF Hydroelectric LLC,HY,57665,7,14,NA,0.6,2011,Unknown,Kaplan,Andritz,NA,NA,NA,0.3,10M,070102060703,27053
hc0372_p01,hc0372_p01_15,Lower St. Anthony Falls Hydroelectric Project,44.979202,-93.2477757,SAF Hydroelectric LLC,HY,57665,8,15,NA,0.6,2011,Unknown,Kaplan,Andritz,NA,NA,NA,0.3,10M,070102060703,27053
hc0372_p01,hc0372_p01_16,Lower St. Anthony Falls Hydroelectric Project,44.979202,-93.2477757,SAF Hydroelectric LLC,HY,57665,9,16,NA,0.6,2011,Unknown,Kaplan,Andritz,NA,NA,NA,0.3,10M,070102060703,27053
hc0373_p01,hc0373_p01_1,Pine Flat,36.8323384,-119.3255902,Kings River Conservation Dist,HY,7907,1,1,01 - Pine Flat,55,1984,Unknown,Francis,NA,NA,345,76000,5,1H,1.803E+11,06019
hc0373_p01,hc0373_p01_2,Pine Flat,36.8323384,-119.3255902,Kings River Conservation Dist,HY,7907,2,2,01 - Pine Flat,55,1984,Unknown,Francis,NA,NA,345,76000,5,1H,1.803E+11,06019
hc0373_p01,hc0373_p01_3,Pine Flat,36.8323384,-119.3255902,Kings River Conservation Dist,HY,7907,3,3,01 - Pine Flat,55,1984,Unknown,Francis,NA,NA,345,76000,5,1H,1.803E+11,06019
hc0374_p01,hc0374_p01_1,Lockport Powerhouse,41.5695,-88.0784,Metro Wtr Recl Dist Grtr Chi,HY,10903,1GEN,1,01 - Lockport Powerhouse,8,2002,Unknown,Kaplan,Voest,NA,37.5,9240,2.5,10M,071200040705,17197
hc0374_p01,hc0374_p01_2,Lockport Powerhouse,41.5695,-88.0784,Metro Wtr Recl Dist Grtr Chi,HY,10903,2GEN,2,01 - Lockport Powerhouse,8,2002,Unknown,Kaplan,Voest,NA,37.5,9240,2.5,10M,071200040705,17197
hc0375_p01,hc0375_p01_1,Sidney A Murray Jr Hydroelectric,31.0877,-91.6189,First National Bank-Commerce,HY,54678,1,1,"01 - Old River/Sidney A Murray, Jr.",24,1990,Unknown,Kaplan,Bouvier,NA,20.5,32000,3,10M,080403010503,22029
hc0375_p01,hc0375_p01_2,Sidney A Murray Jr Hydroelectric,31.0877,-91.6189,First National Bank-Commerce,HY,54678,2,2,"01 - Old River/Sidney A Murray, Jr.",24,1990,Unknown,Kaplan,Bouvier,NA,20.5,32000,3,10M,080403010503,22029
hc0375_p01,hc0375_p01_3,Sidney A Murray Jr Hydroelectric,31.0877,-91.6189,First National Bank-Commerce,HY,54678,3,3,"01 - Old River/Sidney A Murray, Jr.",24,1990,Unknown,Kaplan,Bouvier,NA,20.5,32000,3,10M,080403010503,22029
hc0375_p01,hc0375_p01_4,Sidney A Murray Jr Hydroelectric,31.0877,-91.6189,First National Bank-Commerce,HY,54678,4,4,"01 - Old River/Sidney A Murray, Jr.",24,1990,Unknown,Kaplan,Bouvier,NA,20.5,32000,3,10M,080403010503,22029
hc0375_p01,hc0375_p01_5,Sidney A Murray Jr Hydroelectric,31.0877,-91.6189,First National Bank-Commerce,HY,54678,5,5,"01 - Old River/Sidney A Murray, Jr.",24,1990,Unknown,Kaplan,Bouvier,NA,20.5,32000,3,10M,080403010503,22029
hc0375_p01,hc0375_p01_6,Sidney A Murray Jr Hydroelectric,31.0877,-91.6189,First National Bank-Commerce,HY,54678,6,6,"01 - Old River/Sidney A Murray, Jr.",24,1990,Unknown,Kaplan,Bouvier,NA,20.5,32000,3,10M,080403010503,22029
hc0375_p01,hc0375_p01_7,Sidney A Murray Jr Hydroelectric,31.0877,-91.6189,First National Bank-Commerce,HY,54678,7,7,"01 - Old River/Sidney A Murray, Jr.",24,1990,Unknown,Kaplan,Bouvier,NA,20.5,32000,3,10M,080403010503,22029
hc0375_p01,hc0375_p01_8,Sidney A Murray Jr Hydroelectric,31.0877,-91.6189,First National Bank-Commerce,HY,54678,8,8,"01 - Old River/Sidney A Murray, Jr.",24,1990,Unknown,Kaplan,Bouvier,NA,20.5,32000,3,10M,080403010503,22029
hc0376_p01,hc0376_p01_1,Murray,34.7943,-92.3578,City of North Little Rock - (AR),HY,7166,1,1,01 - Murray Lock and Dam No. 9,22.7,1988,Unknown,Kaplan,Voith,NA,18,23000,4,12H,1.11102E+11,05119
hc0376_p01,hc0376_p01_2,Murray,34.7943,-92.3578,City of North Little Rock - (AR),HY,7166,2,2,01 - Murray Lock and Dam No. 9,22.7,1988,Unknown,Kaplan,Voith,NA,18,23000,4,12H,1.11102E+11,05119
hc0377_p01,hc0377_p01_1,Wynoochee,47.3851,-123.6051,City of Tacoma - (WA),HY,7127,1,1,01 - Wynoochee,12.8,1994,Unknown,Kaplan,Leningrad Metal Works (Russia),NA,165,21333,1,1H,1.71001E+11,53027
hc0378_p01,hc0378_p01_1,Hopkinton,43.2223,-71.716,Green Mountain Power Corp,HY,54384,GEN1,1,01 - Hopkinton,1,1984,Unknown,Kaplan,Hydrolec,NA,9.6,183,0.1,10M,010700030601,33013
hc0384_p01,hc0384_p01_1,Kirby Mill,41.756123,-72.182794,"MANSFIELD HOLLOW HYDRO, LLC",HY,NA,NA,1,01 - Mansfield Hollow,0.1,NA,Unknown,Kaplan,"Windham Automated Machines, Inc.",NA,16,NA,NA,NA,011000020206,09013
hc0384_p01,hc0384_p01_2,Kirby Mill,41.756123,-72.182794,"MANSFIELD HOLLOW HYDRO, LLC",HY,NA,NA,2,01 - Mansfield Hollow,0.1,NA,Unknown,Kaplan,"Automated Machines, Inc.",NA,16,NA,NA,NA,011000020206,09013
hc0384_p01,hc0384_p01_3,Kirby Mill,41.756123,-72.182794,"MANSFIELD HOLLOW HYDRO, LLC",HY,NA,NA,3,01 - Mansfield Hollow,0.1,NA,Unknown,Kaplan,"Automated Machines, Inc.",NA,16,NA,NA,NA,011000020206,09013
hc0384_p01,hc0384_p01_4,Kirby Mill,41.756123,-72.182794,"MANSFIELD HOLLOW HYDRO, LLC",HY,NA,NA,4,01 - Mansfield Hollow,0.1,NA,Unknown,Kaplan,"Automated Machines, Inc.",NA,16,NA,NA,NA,011000020206,09013
hc0384_p01,hc0384_p01_5,Kirby Mill,41.756123,-72.182794,"MANSFIELD HOLLOW HYDRO, LLC",HY,NA,NA,5,01 - Mansfield Hollow,0.1,NA,Unknown,Kaplan,"Automated Machines, Inc.",NA,16,NA,NA,NA,011000020206,09013
hc0385_p01,hc0385_p01_1,Kimberly Mill,44.2799,-88.3321,City of Kaukauna,HY,54885,1H,1,01 - Kimberly,0.7,1926,Unknown,Unknown,NA,NA,NA,NA,0.2,1H,040302040205,55087
hc0385_p01,hc0385_p01_2,Kimberly Mill,44.2799,-88.3321,City of Kaukauna,HY,54885,2H,2,01 - Kimberly,0.7,1927,Unknown,Unknown,NA,NA,NA,NA,0.2,1H,040302040205,55087
hc0385_p01,hc0385_p01_3,Kimberly Mill,44.2799,-88.3321,City of Kaukauna,HY,54885,3H,3,01 - Kimberly,0.7,1927,Unknown,Unknown,NA,NA,NA,NA,0.2,1H,040302040205,55087
hc0801_p01,hc0801_p01_1,Apalachia,35.17,-84.295,Tennessee Valley Authority,HY,3394,2,1,NA,41.4,2004,Unknown,Francis,Voith,NA,436,NA,13.1,1H,060200020902,47139
hc0801_p01,hc0801_p01_2,Apalachia,35.17,-84.295,Tennessee Valley Authority,HY,3394,1,2,NA,52.2,2005,Unknown,Francis,Voith,NA,436,NA,13.1,1H,060200020902,47139
hc0802_p01,hc0802_p01_2,Blue Ridge,34.881,-84.28,Tennessee Valley Authority,HY,757,2,2,NA,1.5,1994,Unknown,Unknown,NA,NA,NA,NA,1,1H,060200030207,13111
hc0802_p01,hc0802_p01_1,Blue Ridge,34.881,-84.28,Tennessee Valley Authority,HY,757,1,1,NA,22,1931,Unknown,Francis,S. Morgan Smith,NA,129,NA,7.2,1H,060200030207,13111
hc0803_p01,hc0803_p01_1,Boone Dam,36.44018148,-82.43785598,Tennessee Valley Authority,HY,3395,1,1,NA,38,2004,Unknown,Francis,Newport News,NA,110,NA,19.7,1H,060101020701,47163
hc0803_p01,hc0803_p01_2,Boone Dam,36.44018148,-82.43785598,Tennessee Valley Authority,HY,3395,2,2,NA,38.3,2006,Unknown,Francis,Newport News,NA,110,NA,19.7,1H,060101020701,47163
hc0803_p01,hc0803_p01_3,Boone Dam,36.44018148,-82.43785598,Tennessee Valley Authority,HY,3395,3,3,NA,29.6,2008,Unknown,Francis,Newport News,NA,110,NA,19.7,1H,060101020701,47163
hc0804_p01,hc0804_p01_1,Chatuge,35.018,-83.791,Tennessee Valley Authority,HY,2778,1,1,NA,13.2,2003,Unknown,Francis,Voith,NA,113,NA,7.9,1H,060200020203,37043
hc0805_p01,hc0805_p01_1,Cherokee Dam,36.16632201,-83.49847638,Tennessee Valley Authority,HY,3397,1,1,NA,33.4,1942,Unknown,Francis,S. Morgan Smith,NA,121,NA,14.5,1H,060101040301,47089
hc0805_p01,hc0805_p01_2,Cherokee Dam,36.16632201,-83.49847638,Tennessee Valley Authority,HY,3397,3,2,NA,34.6,1942,Unknown,Francis,S. Morgan Smith,NA,121,NA,14.5,1H,060101040301,47089
hc0805_p01,hc0805_p01_3,Cherokee Dam,36.16632201,-83.49847638,Tennessee Valley Authority,HY,3397,4,3,NA,32.4,1953,Unknown,Francis,S. Morgan Smith,NA,121,NA,14.5,1H,060101040301,47089
hc0805_p01,hc0805_p01_4,Cherokee Dam,36.16632201,-83.49847638,Tennessee Valley Authority,HY,3397,2,4,NA,34.6,1953,Unknown,Francis,S. Morgan Smith,NA,121,NA,14.5,1H,060101040301,47089
hc0806_p01,hc0806_p01_1,Chickamauga,35.10619615,-85.22802538,Tennessee Valley Authority,HY,3398,3,1,NA,39.9,1994,Unknown,Kaplan,Voith,NA,43,NA,11.3,1H,060200011202,47065
hc0806_p01,hc0806_p01_2,Chickamauga,35.10619615,-85.22802538,Tennessee Valley Authority,HY,3398,1,2,NA,39.9,1995,Unknown,Kaplan,Voith,NA,43,NA,11.3,1H,060200011202,47065
hc0806_p01,hc0806_p01_3,Chickamauga,35.10619615,-85.22802538,Tennessee Valley Authority,HY,3398,2,3,NA,39.9,1996,Unknown,Kaplan,Voith,NA,43,NA,11.3,1H,060200011202,47065
hc0806_p01,hc0806_p01_4,Chickamauga,35.10619615,-85.22802538,Tennessee Valley Authority,HY,3398,4,4,NA,39.9,1997,Unknown,Kaplan,Voith,NA,43,NA,11.3,1H,060200011202,47065
hc0807_p01,hc0807_p01_1,Douglas Dam,35.96113568,-83.53826885,Tennessee Valley Authority,HY,3400,2,1,NA,41.4,1997,Unknown,Francis,S. Morgan Smith,NA,100,NA,13,1H,060101070403,47155
hc0807_p01,hc0807_p01_2,Douglas Dam,35.96113568,-83.53826885,Tennessee Valley Authority,HY,3400,4,2,NA,41.4,1998,Unknown,Francis,S. Morgan Smith,NA,100,NA,13,1H,060101070403,47155
hc0807_p01,hc0807_p01_3,Douglas Dam,35.96113568,-83.53826885,Tennessee Valley Authority,HY,3400,3,3,NA,31.5,2001,Unknown,Francis,Voith,NA,100,NA,14.2,1H,060101070403,47155
hc0807_p01,hc0807_p01_4,Douglas Dam,35.96113568,-83.53826885,Tennessee Valley Authority,HY,3400,1,4,NA,36.5,2003,Unknown,Francis,Voith,NA,100,NA,14.2,1H,060101070403,47155
hc0808_p01,hc0808_p01_1,Fontana Dam,35.45275841,-83.80456985,Tennessee Valley Authority,HY,2779,2,1,NA,92.7,2000,Unknown,Francis,Voith,NA,374,NA,56,1H,060102020505,37173
hc0808_p01,hc0808_p01_2,Fontana Dam,35.45275841,-83.80456985,Tennessee Valley Authority,HY,2779,1,2,NA,81,2001,Unknown,Francis,Voith,NA,374,NA,56,1H,060102020505,37173
hc0808_p01,hc0808_p01_3,Fontana Dam,35.45275841,-83.80456985,Tennessee Valley Authority,HY,2779,3,3,NA,81,2001,Unknown,Francis,Voith,NA,374,NA,56,1H,060102020505,37173
hc0809_p01,hc0809_p01_1,Fort Loudoun,35.79085321,-84.24255911,Tennessee Valley Authority,HY,3402,2,1,NA,34.2,1943,Unknown,Kaplan,Baldwin,NA,71,NA,10.6,1H,060102010211,47105
hc0809_p01,hc0809_p01_2,Fort Loudoun,35.79085321,-84.24255911,Tennessee Valley Authority,HY,3402,1,2,NA,35.5,1944,Unknown,Kaplan,Baldwin,NA,71,NA,10.6,1H,060102010211,47105
hc0809_p01,hc0809_p01_3,Fort Loudoun,35.79085321,-84.24255911,Tennessee Valley Authority,HY,3402,4,3,NA,40.6,2002,Unknown,Kaplan,Voith,NA,71,NA,24.1,1H,060102010211,47105
hc0809_p01,hc0809_p01_4,Fort Loudoun,35.79085321,-84.24255911,Tennessee Valley Authority,HY,3402,3,4,NA,43,2003,Unknown,Kaplan,Voith,NA,71,NA,24.1,1H,060102010211,47105
hc0810_p01,hc0810_p01_1,Fort Patrick Henry,36.49799514,-82.50875432,Tennessee Valley Authority,HY,3401,1,1,NA,29.7,1995,Unknown,Kaplan,Voith,NA,68,NA,11.8,1H,060101020704,47163
hc0810_p01,hc0810_p01_2,Fort Patrick Henry,36.49799514,-82.50875432,Tennessee Valley Authority,HY,3401,2,2,NA,29.7,1996,Unknown,Kaplan,Voith,NA,68,NA,11.8,1H,060101020704,47163
hc0811_p01,hc0811_p01_1,Great Falls,35.80685802,-85.63398737,Tennessee Valley Authority,HY,3404,2,1,NA,18.4,1989,Unknown,Francis,Voith,NA,139,NA,9,1H,051301080601,47177
hc0811_p01,hc0811_p01_2,Great Falls,35.80685802,-85.63398737,Tennessee Valley Authority,HY,3404,1,2,NA,15.3,1990,Unknown,Francis,Voith,NA,139,NA,9,1H,051301080601,47177
hc0812_p01,hc0812_p01_2,Guntersville,34.42612075,-86.39140184,Tennessee Valley Authority,HY,48,1,2,NA,28.8,2001,Unknown,Kaplan,Voith,NA,37,NA,9.6999999999999993,1H,060300020902,01095
hc0812_p01,hc0812_p01_4,Guntersville,34.42612075,-86.39140184,Tennessee Valley Authority,HY,48,3,4,NA,28.8,2003,Unknown,Kaplan,Voith,NA,37,NA,9.6999999999999993,1H,060300020902,01095
hc0812_p01,hc0812_p01_3,Guntersville,34.42612075,-86.39140184,Tennessee Valley Authority,HY,48,2,3,NA,28.8,2002,Unknown,Kaplan,Voith,NA,37,NA,12.9,1H,060300020902,01095
hc0812_p01,hc0812_p01_1,Guntersville,34.42612075,-86.39140184,Tennessee Valley Authority,HY,48,4,1,NA,28.8,2000,Unknown,Kaplan,Voith,NA,37,NA,14.6,1H,060300020902,01095
hc0813_p01,hc0813_p01_2,Hiwassee Dam,35.152,-84.178,Tennessee Valley Authority,HY,2780,1,2,NA,70.6,2002,Unknown,Francis,Voith,NA,213,NA,33.299999999999997,1H,060200020902,37039
hc0813_p01,hc0813_p01_1,Hiwassee Dam,35.152,-84.178,Tennessee Valley Authority,PS,2780,2,1,NA,95,1956,Unknown,Pump,Voith,NA,213,NA,56.7,1H,060200020902,37039
hc0814_p01,hc0814_p01_1,Kentucky Dam,37.01423661,-88.26406057,Tennessee Valley Authority,HY,1377,5,1,NA,44.6,1996,Unknown,Kaplan,Voith,NA,49,NA,18.899999999999999,1H,060400051005,21157
hc0814_p01,hc0814_p01_2,Kentucky Dam,37.01423661,-88.26406057,Tennessee Valley Authority,HY,1377,4,2,NA,44.6,1997,Unknown,Kaplan,Voith,NA,49,NA,18.899999999999999,1H,060400051005,21157
hc0814_p01,hc0814_p01_3,Kentucky Dam,37.01423661,-88.26406057,Tennessee Valley Authority,HY,1377,1,3,NA,44.6,1998,Unknown,Kaplan,Voith,NA,49,NA,18.899999999999999,1H,060400051005,21157
hc0814_p01,hc0814_p01_4,Kentucky Dam,37.01423661,-88.26406057,Tennessee Valley Authority,HY,1377,3,4,NA,42.4,2000,Unknown,Kaplan,Voith,NA,49,NA,18.899999999999999,1H,060400051005,21157
hc0814_p01,hc0814_p01_5,Kentucky Dam,37.01423661,-88.26406057,Tennessee Valley Authority,HY,1377,2,5,NA,42.4,2001,Unknown,Kaplan,Voith,NA,49,NA,18.899999999999999,1H,060400051005,21157
hc0815_p01,hc0815_p01_1,Melton Hill,35.88586308,-84.29984505,Tennessee Valley Authority,HY,3408,1,1,NA,36,1964,Unknown,Kaplan,Baldwin,NA,54,NA,9.3000000000000007,1H,060102070404,47105
hc0815_p01,hc0815_p01_2,Melton Hill,35.88586308,-84.29984505,Tennessee Valley Authority,HY,3408,2,2,NA,36,1964,Unknown,Kaplan,Baldwin,NA,54,NA,9.3000000000000007,1H,060102070404,47105
hc0816_p01,hc0816_p01_1,Nickajack,35.00167,-85.62167,Tennessee Valley Authority,HY,3409,3,1,NA,24.3,1968,Unknown,Kaplan,Allis-Chalmers,NA,37,NA,12.8,1H,060200011204,47115
hc0816_p01,hc0816_p01_2,Nickajack,35.00167,-85.62167,Tennessee Valley Authority,HY,3409,4,2,NA,24.3,1968,Unknown,Kaplan,Allis-Chalmers,NA,37,NA,12.8,1H,060200011204,47115
hc0816_p01,hc0816_p01_3,Nickajack,35.00167,-85.62167,Tennessee Valley Authority,HY,3409,1,3,NA,27.4,1968,Unknown,Kaplan,Voith,NA,37,NA,13.7,1H,060200011204,47115
hc0816_p01,hc0816_p01_4,Nickajack,35.00167,-85.62167,Tennessee Valley Authority,HY,3409,2,4,NA,27.9,1968,Unknown,Kaplan,Voith,NA,37,NA,13.7,1H,060200011204,47115
hc0817_p01,hc0817_p01_1,Norris Dam,36.22433421,-84.09259491,Tennessee Valley Authority,HY,3411,2,1,NA,65.7,1995,Unknown,Francis,Voith,NA,169,NA,25.8,1H,060102070401,47001
hc0817_p01,hc0817_p01_2,Norris Dam,36.22433421,-84.09259491,Tennessee Valley Authority,HY,3411,1,2,NA,65.7,1996,Unknown,Francis,Voith,NA,169,NA,25.8,1H,060102070401,47001
hc0818_p01,hc0818_p01_1,Nottely,34.95870607,-84.08958491,Tennessee Valley Authority,HY,758,2,1,NA,0.9,1993,Unknown,Unknown,Voith,NA,NA,NA,0.6,1H,060200020601,13291
hc0818_p01,hc0818_p01_2,Nottely,34.95870607,-84.08958491,Tennessee Valley Authority,HY,758,1,2,NA,15,1997,Unknown,Francis,Voith,NA,145,NA,13.6,1H,060200020601,13291
hc0819_p01,hc0819_p01_1,Ocoee 1,35.095,-84.64833,Tennessee Valley Authority,HY,3412,1,1,NA,3.8,1991,Unknown,Francis,Voith,NA,110,NA,2.2000000000000002,1H,060200030211,47139
hc0819_p01,hc0819_p01_2,Ocoee 1,35.095,-84.64833,Tennessee Valley Authority,HY,3412,2,2,NA,3.8,1991,Unknown,Francis,Voith,NA,110,NA,2.2000000000000002,1H,060200030211,47139
hc0819_p01,hc0819_p01_3,Ocoee 1,35.095,-84.64833,Tennessee Valley Authority,HY,3412,3,3,NA,3.8,1991,Unknown,Francis,Voith,NA,110,NA,2.2000000000000002,1H,060200030211,47139
hc0819_p01,hc0819_p01_4,Ocoee 1,35.095,-84.64833,Tennessee Valley Authority,HY,3412,4,4,NA,3.8,1991,Unknown,Francis,Voith,NA,110,NA,2.2000000000000002,1H,060200030211,47139
hc0819_p01,hc0819_p01_5,Ocoee 1,35.095,-84.64833,Tennessee Valley Authority,HY,3412,5,5,NA,3.8,1991,Unknown,Francis,Voith,NA,110,NA,2.2000000000000002,1H,060200030211,47139
hc0820_p01,hc0820_p01_1,Ocoee 2,35.08333,-84.49167,Tennessee Valley Authority,HY,3413,1,1,NA,11.5,1990,Unknown,Francis,I.P. Morris,NA,253,NA,6,1H,060200030210,47139
hc0820_p01,hc0820_p01_2,Ocoee 2,35.08333,-84.49167,Tennessee Valley Authority,HY,3413,2,2,NA,11.5,1991,Unknown,Francis,Wellman Seaver Morgan,NA,253,NA,6,1H,060200030210,47139
hc0821_p01,hc0821_p01_1,Ocoee 3,35.07507789,-84.48324876,Tennessee Valley Authority,HY,3414,1,1,NA,28.8,1943,Unknown,Francis,Voith,NA,311,NA,10.8,1H,060200030210,47139
hc0822_p01,hc0822_p01_1,Pickwick Landing Dam,35.07,-88.25,Tennessee Valley Authority,HY,3415,5,1,NA,40,1952,Unknown,Kaplan,Allis-Chalmers,NA,49,NA,30.8,1H,060400010504,47071
hc0822_p01,hc0822_p01_2,Pickwick Landing Dam,35.07,-88.25,Tennessee Valley Authority,HY,3415,6,2,NA,40,1952,Unknown,Kaplan,Allis-Chalmers,NA,49,NA,30.8,1H,060400010504,47071
hc0822_p01,hc0822_p01_3,Pickwick Landing Dam,35.07,-88.25,Tennessee Valley Authority,HY,3415,1,3,NA,40,1986,Unknown,Kaplan,Allis-Chalmers,NA,49,NA,32.700000000000003,1H,060400010504,47071
hc0822_p01,hc0822_p01_4,Pickwick Landing Dam,35.07,-88.25,Tennessee Valley Authority,HY,3415,2,4,NA,40,1987,Unknown,Kaplan,Allis-Chalmers,NA,49,NA,32.700000000000003,1H,060400010504,47071
hc0822_p01,hc0822_p01_5,Pickwick Landing Dam,35.07,-88.25,Tennessee Valley Authority,HY,3415,3,5,NA,40,1987,Unknown,Kaplan,Allis-Chalmers,NA,49,NA,32.700000000000003,1H,060400010504,47071
hc0822_p01,hc0822_p01_6,Pickwick Landing Dam,35.07,-88.25,Tennessee Valley Authority,HY,3415,4,6,NA,40,1988,Unknown,Kaplan,Allis-Chalmers,NA,49,NA,32.700000000000003,1H,060400010504,47071
hc0823_p01,hc0823_p01_2,Raccoon Mountain,35.045,-85.40833,Tennessee Valley Authority,PS,6151,1,2,NA,428.4,1979,Unknown,Pump,Voith,NA,1010,NA,40,1H,060200011203,47065
hc0823_p01,hc0823_p01_1,Raccoon Mountain,35.045,-85.40833,Tennessee Valley Authority,PS,6151,2,1,NA,428.4,1978,Unknown,Pump,Voith,NA,1010,NA,300,1H,060200011203,47065
hc0823_p01,hc0823_p01_3,Raccoon Mountain,35.045,-85.40833,Tennessee Valley Authority,PS,6151,3,3,NA,428.4,1979,Unknown,Pump,Voith,NA,1010,NA,300,1H,060200011203,47065
hc0823_p01,hc0823_p01_4,Raccoon Mountain,35.045,-85.40833,Tennessee Valley Authority,PS,6151,4,4,NA,428.4,1979,Unknown,Pump,Voith,NA,1010,NA,300,1H,060200011203,47065
hc0824_p01,hc0824_p01_1,South Holston,36.52430748,-82.08815232,Tennessee Valley Authority,HY,3416,1,1,NA,38.5,1951,Unknown,Francis,Voith,NA,219,NA,14.6,1H,060101020601,47163
hc0825_p01,hc0825_p01_1,Tims Ford,35.202,-86.278,Tennessee Valley Authority,HY,3417,2,1,NA,0.7,1987,Unknown,Unknown,Voith,NA,NA,NA,0.3,1H,060300030406,47051
hc0825_p01,hc0825_p01_2,Tims Ford,35.202,-86.278,Tennessee Valley Authority,HY,3417,1,2,NA,45,1992,Unknown,Kaplan,Voith,NA,130,NA,18.7,1H,060300030406,47051
hc0826_p01,hc0826_p01_2,Watauga,36.32260241,-82.12249765,Tennessee Valley Authority,HY,3418,2,2,NA,28.8,1949,Unknown,Francis,Newport News,NA,286,NA,15.7,1H,060101030306,47019
hc0826_p01,hc0826_p01_1,Watauga,36.32260241,-82.12249765,Tennessee Valley Authority,HY,3418,1,1,NA,28.8,1949,Unknown,Francis,Newport News,NA,286,NA,20.6,1H,060101030306,47019
hc0827_p01,hc0827_p01_2,Watts Bar Hydro,35.62,-84.78333,Tennessee Valley Authority,HY,3420,HY3,2,NA,33.4,2003,Unknown,Kaplan,Voith,NA,58,NA,16,1H,060200010601,47143
hc0827_p01,hc0827_p01_3,Watts Bar Hydro,35.62,-84.78333,Tennessee Valley Authority,HY,3420,HY2,3,NA,33.4,2004,Unknown,Kaplan,Voith,NA,58,NA,16,1H,060200010601,47143
hc0827_p01,hc0827_p01_4,Watts Bar Hydro,35.62,-84.78333,Tennessee Valley Authority,HY,3420,HY1,4,NA,41,2007,Unknown,Kaplan,Voith,NA,58,NA,16,1H,060200010601,47143
hc0827_p01,hc0827_p01_5,Watts Bar Hydro,35.62,-84.78333,Tennessee Valley Authority,HY,3420,HY5,5,NA,33.4,2010,Unknown,Kaplan,Voith,NA,58,NA,16,1H,060200010601,47143
hc0827_p01,hc0827_p01_1,Watts Bar Hydro,35.62,-84.78333,Tennessee Valley Authority,HY,3420,HY4,1,NA,33.4,1944,Unknown,Kaplan,Voith,NA,58,NA,30,1H,060200010601,47143
hc0828_p01,hc0828_p01_3,Wheeler Dam,34.81356915,-87.38268544,Tennessee Valley Authority,HY,49,3,3,NA,35.1,1941,Unknown,Kaplan,Baldwin,NA,46,NA,23,1H,060300021205,01079
hc0828_p01,hc0828_p01_5,Wheeler Dam,34.81356915,-87.38268544,Tennessee Valley Authority,HY,49,5,5,NA,35.1,1948,Unknown,Kaplan,Baldwin,NA,46,NA,23.3,1H,060300021205,01079
hc0828_p01,hc0828_p01_6,Wheeler Dam,34.81356915,-87.38268544,Tennessee Valley Authority,HY,49,6,6,NA,35.1,1949,Unknown,Kaplan,Baldwin,NA,46,NA,23.4,1H,060300021205,01079
hc0828_p01,hc0828_p01_8,Wheeler Dam,34.81356915,-87.38268544,Tennessee Valley Authority,HY,49,8,8,NA,35.1,1950,Unknown,Kaplan,Baldwin,NA,46,NA,23.4,1H,060300021205,01079
hc0828_p01,hc0828_p01_1,Wheeler Dam,34.81356915,-87.38268544,Tennessee Valley Authority,HY,49,1,1,NA,35.1,1936,Unknown,Kaplan,Baldwin,NA,46,NA,23.5,1H,060300021205,01079
hc0828_p01,hc0828_p01_7,Wheeler Dam,34.81356915,-87.38268544,Tennessee Valley Authority,HY,49,7,7,NA,35.1,1949,Unknown,Kaplan,Baldwin,NA,46,NA,25,1H,060300021205,01079
hc0828_p01,hc0828_p01_4,Wheeler Dam,34.81356915,-87.38268544,Tennessee Valley Authority,HY,49,4,4,NA,35.1,1941,Unknown,Kaplan,Baldwin,NA,46,NA,25.4,1H,060300021205,01079
hc0828_p01,hc0828_p01_10,Wheeler Dam,34.81356915,-87.38268544,Tennessee Valley Authority,HY,49,10,10,NA,36,1999,Unknown,Kaplan,Voith,NA,46,NA,27.2,1H,060300021205,01079
hc0828_p01,hc0828_p01_2,Wheeler Dam,34.81356915,-87.38268544,Tennessee Valley Authority,HY,49,2,2,NA,35.1,1937,Unknown,Kaplan,Baldwin,NA,46,NA,27.6,1H,060300021205,01079
hc0828_p01,hc0828_p01_11,Wheeler Dam,34.81356915,-87.38268544,Tennessee Valley Authority,HY,49,11,11,NA,43.6,1999,Unknown,Kaplan,Voith,NA,46,NA,27.9,1H,060300021205,01079
hc0828_p01,hc0828_p01_9,Wheeler Dam,34.81356915,-87.38268544,Tennessee Valley Authority,HY,49,9,9,NA,43.6,1996,Unknown,Kaplan,Voith,NA,46,NA,28,1H,060300021205,01079
hc0829_p01,hc0829_p01_1,Wilbur,36.34112461,-82.12628392,Tennessee Valley Authority,HY,3421,3,1,NA,1.2,1926,Unknown,Francis,James Leffel & Co.,NA,64,NA,1.2,1H,060101030505,47019
hc0829_p01,hc0829_p01_2,Wilbur,36.34112461,-82.12628392,Tennessee Valley Authority,HY,3421,1,2,NA,1.2,1929,Unknown,Francis,S. Morgan Smith,NA,64,NA,1.3,1H,060101030505,47019
hc0829_p01,hc0829_p01_3,Wilbur,36.34112461,-82.12628392,Tennessee Valley Authority,HY,3421,2,3,NA,1.2,1929,Unknown,Francis,S. Morgan Smith,NA,64,NA,1.3,1H,060101030505,47019
hc0829_p01,hc0829_p01_4,Wilbur,36.34112461,-82.12628392,Tennessee Valley Authority,HY,3421,4,4,NA,7,1950,Unknown,Kaplan,James Leffel & Co.,NA,64,NA,1.6,1H,060101030505,47019
hc0830_p01,hc0830_p01_12,Wilson Dam,34.80484855,-87.62656351,Tennessee Valley Authority,HY,6440,10,12,NA,29.2,1994,Unknown,Francis,Voith,NA,91,NA,18,1H,060300050801,01077
hc0830_p01,hc0830_p01_13,Wilson Dam,34.80484855,-87.62656351,Tennessee Valley Authority,HY,6440,9,13,NA,29.2,1994,Unknown,Francis,Voith,NA,91,NA,18,1H,060300050801,01077
hc0830_p01,hc0830_p01_14,Wilson Dam,34.80484855,-87.62656351,Tennessee Valley Authority,HY,6440,11,14,NA,29.2,1995,Unknown,Francis,Voith,NA,91,NA,18,1H,060300050801,01077
hc0830_p01,hc0830_p01_16,Wilson Dam,34.80484855,-87.62656351,Tennessee Valley Authority,HY,6440,17,16,NA,29.2,1996,Unknown,Francis,Voith,NA,91,NA,18,1H,060300050801,01077
hc0830_p01,hc0830_p01_17,Wilson Dam,34.80484855,-87.62656351,Tennessee Valley Authority,HY,6440,15,17,NA,29.2,1997,Unknown,Francis,Voith,NA,91,NA,18,1H,060300050801,01077
hc0830_p01,hc0830_p01_18,Wilson Dam,34.80484855,-87.62656351,Tennessee Valley Authority,HY,6440,16,18,NA,29.2,1997,Unknown,Francis,Voith,NA,91,NA,18,1H,060300050801,01077
hc0830_p01,hc0830_p01_19,Wilson Dam,34.80484855,-87.62656351,Tennessee Valley Authority,HY,6440,13,19,NA,29.2,1998,Unknown,Francis,Voith,NA,91,NA,18,1H,060300050801,01077
hc0830_p01,hc0830_p01_21,Wilson Dam,34.80484855,-87.62656351,Tennessee Valley Authority,HY,6440,18,21,NA,25.2,2000,Unknown,Francis,Voith,NA,91,NA,18,1H,060300050801,01077
hc0830_p01,hc0830_p01_8,Wilson Dam,34.80484855,-87.62656351,Tennessee Valley Authority,HY,6440,6,8,NA,30.9,1968,Unknown,Francis,Newport News,NA,91,NA,20,1H,060300050801,01077
hc0830_p01,hc0830_p01_9,Wilson Dam,34.80484855,-87.62656351,Tennessee Valley Authority,HY,6440,7,9,NA,30.9,1968,Unknown,Francis,Newport News,NA,91,NA,20,1H,060300050801,01077
hc0830_p01,hc0830_p01_10,Wilson Dam,34.80484855,-87.62656351,Tennessee Valley Authority,HY,6440,8,10,NA,30.9,1968,Unknown,Francis,Newport News,NA,91,NA,20,1H,060300050801,01077
hc0830_p01,hc0830_p01_11,Wilson Dam,34.80484855,-87.62656351,Tennessee Valley Authority,HY,6440,5,11,NA,36,1968,Unknown,Francis,Newport News,NA,91,NA,20,1H,060300050801,01077
hc0830_p01,hc0830_p01_4,Wilson Dam,34.80484855,-87.62656351,Tennessee Valley Authority,HY,6440,1,4,NA,23,1968,Unknown,Francis,Baldwin,NA,91,NA,21,1H,060300050801,01077
hc0830_p01,hc0830_p01_5,Wilson Dam,34.80484855,-87.62656351,Tennessee Valley Authority,HY,6440,2,5,NA,23,1968,Unknown,Francis,Baldwin,NA,91,NA,21,1H,060300050801,01077
hc0830_p01,hc0830_p01_6,Wilson Dam,34.80484855,-87.62656351,Tennessee Valley Authority,HY,6440,3,6,NA,23,1968,Unknown,Francis,Baldwin,NA,91,NA,21,1H,060300050801,01077
hc0830_p01,hc0830_p01_7,Wilson Dam,34.80484855,-87.62656351,Tennessee Valley Authority,HY,6440,4,7,NA,23,1968,Unknown,Francis,Baldwin,NA,91,NA,21,1H,060300050801,01077
hc0830_p01,hc0830_p01_15,Wilson Dam,34.80484855,-87.62656351,Tennessee Valley Authority,HY,6440,12,15,NA,29.2,1995,Unknown,Francis,Voith,NA,91,NA,22,1H,060300050801,01077
hc0830_p01,hc0830_p01_20,Wilson Dam,34.80484855,-87.62656351,Tennessee Valley Authority,HY,6440,14,20,NA,25.2,1999,Unknown,Francis,Voith,NA,91,NA,22,1H,060300050801,01077
hc0830_p01,hc0830_p01_1,Wilson Dam,34.80484855,-87.62656351,Tennessee Valley Authority,HY,6440,19,1,NA,54,1961,Unknown,Kaplan,Allis-Chalmers,NA,91,NA,50,1H,060300050801,01077
hc0830_p01,hc0830_p01_2,Wilson Dam,34.80484855,-87.62656351,Tennessee Valley Authority,HY,6440,20,2,NA,54,1962,Unknown,Kaplan,Allis-Chalmers,NA,91,NA,50,1H,060300050801,01077
hc0830_p01,hc0830_p01_3,Wilson Dam,34.80484855,-87.62656351,Tennessee Valley Authority,HY,6440,21,3,NA,54,1962,Unknown,Kaplan,Allis-Chalmers,NA,91,NA,51.2,1H,060300050801,01077
hc1001_p01,hc1001_p01_1,Selis Ksanka Qlispe,47.6774,-114.2331,Energy Keepers Inc,HY,2188,KER1,1,01 - Kerr,70.6,1938,Unknown,Francis,NA,NA,NA,77000,1,10M,1.70102E+11,30047
hc1001_p01,hc1001_p01_2,Selis Ksanka Qlispe,47.6774,-114.2331,Energy Keepers Inc,HY,2188,KER2,2,01 - Kerr,70.6,1949,Unknown,Francis,NA,NA,NA,77000,1,10M,1.70102E+11,30047
hc1001_p01,hc1001_p01_3,Selis Ksanka Qlispe,47.6774,-114.2331,Energy Keepers Inc,HY,2188,KER3,3,01 - Kerr,86.6,1954,Unknown,Francis,NA,NA,NA,78500,1,10M,1.70102E+11,30047
hc1002_p01,hc1002_p01_1,Twin Falls,42.5899,-114.3539,Idaho Power Co,HY,821,1,1,01 - Twin Falls No. 1,8.4,1935,Unknown,Francis,Allis-Chalmers,NA,142,13300,0,10M,1.70402E+11,16083
hc1002_p01,hc1002_p01_2,Twin Falls,42.5899,-114.3539,Idaho Power Co,HY,821,2,2,02 - Twin Falls No. 2,44.3,1995,Unknown,Kaplan,Toshiba,NA,141.6,59383,0,10M,1.70402E+11,16083
hc1003_p01,hc1003_p01_1,Soda,42.6442,-111.6956,PacifiCorp,HY,831,2,1,01 - Soda,7,1924,Unknown,Francis,NA,NA,75,10000,0,10M,1.60102E+11,16029
hc1003_p01,hc1003_p01_2,Soda,42.6442,-111.6956,PacifiCorp,HY,831,1,2,01 - Soda,7.6,1924,Unknown,Francis,NA,NA,75,10000,0,10M,1.60102E+11,16029
hc1004_p01,hc1004_p01_1,Grace,42.6167,-111.7667,PacifiCorp,HY,827,3,1,01 - Grace,11,1923,Unknown,Francis,NA,NA,482,16500,0,10M,1.60102E+11,16029
hc1004_p01,hc1004_p01_2,Grace,42.6167,-111.7667,PacifiCorp,HY,827,4,2,01 - Grace,11,1923,Unknown,Francis,NA,NA,482,16500,0,10M,1.60102E+11,16029
hc1004_p01,hc1004_p01_3,Grace,42.6167,-111.7667,PacifiCorp,HY,827,5,3,01 - Grace,11,1923,Unknown,Francis,NA,NA,482,16500,0,10M,1.60102E+11,16029
hc1005_p01,hc1005_p01_1,Oneida,42.2758,-111.7489,PacifiCorp,HY,829,1,1,01 - Oneida,10,1921,Unknown,Francis,NA,NA,140,15000,0,10M,1.60102E+11,16029
hc1005_p01,hc1005_p01_2,Oneida,42.2758,-111.7489,PacifiCorp,HY,829,2,2,01 - Oneida,10,1921,Unknown,Francis,NA,NA,140,15000,0,10M,1.60102E+11,16029
hc1005_p01,hc1005_p01_3,Oneida,42.2758,-111.7489,PacifiCorp,HY,829,3,3,01 - Oneida,10,1921,Unknown,Francis,NA,NA,140,15000,0,10M,1.60102E+11,16029
hc1006_p01,hc1006_p01_1,Big Creek 2A,37.144,-119.303,Southern California Edison Co,HY,322,1,1,01 - Big Creek No. 2A,55,1928,Unknown,Unknown,NA,NA,2418,74100,5.5,10M,1.804E+11,06019
hc1006_p01,hc1006_p01_2,Big Creek 2A,37.144,-119.303,Southern California Edison Co,HY,322,2,2,01 - Big Creek No. 2A,55,1928,Unknown,Unknown,NA,NA,2418,69000,5.5,10M,1.804E+11,06019
hc1007_p01,hc1007_p01_1,Big Creek 8,37.1997,-119.3056,Southern California Edison Co,HY,321,1,1,01 - Big Creek No. 8,30,1921,Unknown,Unknown,NA,NA,713,36500,2.6,10M,1.804E+11,06019
hc1007_p01,hc1007_p01_2,Big Creek 8,37.1997,-119.3056,Southern California Edison Co,HY,321,2,2,01 - Big Creek No. 8,45,1929,Unknown,Unknown,NA,NA,713,52500,4.5,10M,1.804E+11,06019
hc1008_p01,hc1008_p01_1,J S Eastwood,37.1596,-119.2449,Southern California Edison Co,PS,104,1,1,01 - Balsam Meadow Pumped Storage,199.8,1987,Unknown,Unknown,NA,NA,1338,296247,0,10M,1.804E+11,06019
hc1009_p01,hc1009_p01_1,Potter Valley,39.3861,-123.1162,Pacific Gas & Electric Co.,HY,274,2,1,01 - Potter Valley,2,1910,Unknown,Unknown,NA,NA,NA,NA,0,10M,1.80101E+11,06045
hc1009_p01,hc1009_p01_2,Potter Valley,39.3861,-123.1162,Pacific Gas & Electric Co.,HY,274,3,2,01 - Potter Valley,3,1917,Unknown,Unknown,NA,NA,NA,NA,0,10M,1.80101E+11,06045
hc1009_p01,hc1009_p01_3,Potter Valley,39.3861,-123.1162,Pacific Gas & Electric Co.,HY,274,1,3,01 - Potter Valley,4.4,1939,Unknown,Francis,NA,NA,478,6500,0,10M,1.80101E+11,06045
hc1010_p01,hc1010_p01_1,Mitchell,32.805,-86.4467,Alabama Power Co,HY,17,4,1,01 - Mitchell,20,1949,Unknown,Francis,Allis-Chalmers,NA,70,29000,19,1H,031501070906,NA
hc1010_p01,hc1010_p01_2,Mitchell,32.805,-86.4467,Alabama Power Co,HY,17,5,2,02 - Mitchell,50,1985,Unknown,Kaplan,Allis-Chalmers,NA,57.4,69000,46,1H,031501070906,NA
hc1010_p01,hc1010_p01_3,Mitchell,32.805,-86.4467,Alabama Power Co,HY,17,6,3,02 - Mitchell,50,1985,Unknown,Kaplan,Allis-Chalmers,NA,57.4,69000,46,1H,031501070906,NA
hc1010_p01,hc1010_p01_4,Mitchell,32.805,-86.4467,Alabama Power Co,HY,17,7,4,02 - Mitchell,50,1985,Unknown,Kaplan,Allis-Chalmers,NA,57.4,69000,46,1H,031501070906,NA
hc1011_p01,hc1011_p01_1,Kerckhoff,37.1284,-119.5274,Pacific Gas & Electric Co.,HY,250,H1,1,01 - Kerckhoff No. 1,11.3,1920,Unknown,Francis,NA,NA,350,15000,0.5,10M,1.804E+11,NA
hc1011_p01,hc1011_p01_2,Kerckhoff,37.1284,-119.5274,Pacific Gas & Electric Co.,HY,250,H3,2,01 - Kerckhoff No. 1,11.3,1920,Unknown,Unknown,NA,NA,NA,NA,0.5,10M,1.804E+11,NA
hc1011_p02,hc1011_p02_1,Kerckhoff 2,37.1284,-119.5274,Pacific Gas & Electric Co.,HY,682,1,1,02 - Kerckhoff No. 2,139.5,1983,Unknown,Francis,NA,NA,421,190000,5,10M,1.804E+11,NA
hc1012_p01,hc1012_p01_1,Big Creek 3,37.2075,-119.3306,Southern California Edison Co,HY,319,1,1,01 - Big Creek No. 3,34,1923,Unknown,Francis,NA,NA,740,41300,3.4,10M,1.804E+11,06019
hc1012_p01,hc1012_p01_2,Big Creek 3,37.2075,-119.3306,Southern California Edison Co,HY,319,2,2,01 - Big Creek No. 3,34,1923,Unknown,Francis,NA,NA,740,41300,3.4,10M,1.804E+11,06019
hc1012_p01,hc1012_p01_3,Big Creek 3,37.2075,-119.3306,Southern California Edison Co,HY,319,3,3,01 - Big Creek No. 3,34,1923,Unknown,Francis,NA,NA,740,41300,3.4,10M,1.804E+11,06019
hc1012_p01,hc1012_p01_4,Big Creek 3,37.2075,-119.3306,Southern California Edison Co,HY,319,4,4,01 - Big Creek No. 3,36,1948,Unknown,Francis,NA,NA,750,49500,3.6,10M,1.804E+11,06019
hc1012_p01,hc1012_p01_5,Big Creek 3,37.2075,-119.3306,Southern California Edison Co,HY,319,5,5,01 - Big Creek No. 3,36.5,1980,Unknown,Francis,NA,NA,820,57700,3.6,10M,1.804E+11,06019
hc1013_p01,hc1013_p01_1,Salt Springs,38.4983,-120.2155,Pacific Gas & Electric Co.,HY,279,1,1,01 - Salt Springs,12.3,1931,Unknown,Francis,Allis-Chalmers,NA,256.5,13500,0,1H,1.804E+11,06005
hc1013_p01,hc1013_p01_2,Salt Springs,38.4983,-120.2155,Pacific Gas & Electric Co.,HY,279,2,2,01 - Salt Springs,29.7,1953,Unknown,Francis,Pelton Water Wheel Company,NA,2109,40000,0,1H,1.804E+11,06005
hc1014_p01,hc1014_p01_1,Tiger Creek,38.4532,-120.4781,Pacific Gas & Electric Co.,HY,287,H1,1,01 - Tiger Creek,25.5,1931,Unknown,Pelton,Pelton Water Wheel Company,NA,1219,46500,0,10M,1.804E+11,06005
hc1014_p01,hc1014_p01_2,Tiger Creek,38.4532,-120.4781,Pacific Gas & Electric Co.,HY,287,H2,2,01 - Tiger Creek,26.7,1931,Unknown,Pelton,Pelton Water Wheel Company,NA,1219,56291,0,10M,1.804E+11,06005
hc1015_p01,hc1015_p01_1,West Point,38.4411,-120.5054,Pacific Gas & Electric Co.,HY,291,1,1,01 - West Point,13.6,1948,Unknown,Francis,Allis-Chalmers,NA,312,17000,0,10M,1.804E+11,NA
hc1016_p01,hc1016_p01_1,Electra,38.3478,-120.6664,Pacific Gas & Electric Co.,HY,239,1,1,01 - Electra,32.3,1948,Unknown,Pelton,Pelton Water Wheel Company,NA,1268,47750,0,10M,1.804E+11,06005
hc1016_p01,hc1016_p01_2,Electra,38.3478,-120.6664,Pacific Gas & Electric Co.,HY,239,2,2,01 - Electra,35.1,1948,Unknown,Unknown,NA,NA,NA,NA,0,10M,1.804E+11,06005
hc1016_p01,hc1016_p01_3,Electra,38.3478,-120.6664,Pacific Gas & Electric Co.,HY,239,3,3,01 - Electra,35.1,1948,Unknown,Unknown,NA,NA,NA,NA,0,10M,1.804E+11,06005
hc1017_p01,hc1017_p01_1,Balch 1,36.9198,-119.0234,Pacific Gas & Electric Co.,HY,217,1,1,01 - Balch No. 1,31,1927,Unknown,Pelton,NA,NA,2379,40000,0,10M,1.803E+11,06019
hc1017_p02,hc1017_p02_1,Balch 2,36.9198,-119.0234,Pacific Gas & Electric Co.,HY,218,3,1,02 - Balch No. 2,48.6,1958,Unknown,Unknown,NA,NA,NA,NA,0,10M,1.803E+11,06019
hc1017_p02,hc1017_p02_2,Balch 2,36.9198,-119.0234,Pacific Gas & Electric Co.,HY,218,2,2,02 - Balch No. 2,48.6,1958,Unknown,Pelton,NA,NA,2389,67000,0,10M,1.803E+11,06019
hc1018_p01,hc1018_p01_1,Rincon,33.245433,-116.96035,Escondido City of,HY,458,1,1,01 - Rincon,0.15,1915,Unknown,Pelton,NA,NA,821,200,NA,NA,1.80703E+11,06073
hc1018_p01,hc1018_p01_2,Rincon,33.245433,-116.96035,Escondido City of,HY,458,2,2,01 - Rincon,0.15,1915,Unknown,Pelton,NA,NA,821,200,NA,NA,1.80703E+11,06073
hc1019_p01,hc1019_p01_1,Bear Valley,33.1678,-117.0045,City of Escondido - (CA),HY,457,HC1,1,01 - Bear Valley,0.7,1986,Unknown,Pelton,NA,NA,495,940,0.2,10M,1.80703E+11,06073
hc1019_p01,hc1019_p01_2,Bear Valley,33.1678,-117.0045,City of Escondido - (CA),HY,457,HC2,2,01 - Bear Valley,0.7,1986,Unknown,Pelton,NA,NA,495,940,0.2,10M,1.80703E+11,06073
hc1020_p01,hc1020_p01_1,Kern Canyon,35.46,-118.7806,Kern and Tule Hydro LLC,HY,7911,1,1,01 - Kern Canyon,11.5,1921,Unknown,Francis,NA,NA,264,NA,0,10M,1.803E+11,06029
hc1021_p01,hc1021_p01_1,El Dorado,38.79344422,-120.6192396,El Dorado Irrigation District,HY,238,1,1,01 - El Dorado,10,1924,Unknown,Unknown,Allis-Chalmers,NA,1913.9,14000,2.5,12H,1.80201E+11,06017
hc1021_p01,hc1021_p01_2,El Dorado,38.79344422,-120.6192396,El Dorado Irrigation District,HY,238,2,2,01 - El Dorado,10,1924,Unknown,Unknown,Allis-Chalmers,NA,1913.9,14000,2.5,12H,1.80201E+11,06017
hc1022_p01,hc1022_p01_1,Uintah,40.5519,-110.07,Moon Lake Electric Assn Inc,HY,3704,1,1,01 - Uintah,0.6,1930,Unknown,Unknown,Pelton Water Wheel Company,NA,400,900,0.3,10M,1.406E+11,49013
hc1022_p01,hc1022_p01_2,Uintah,40.5519,-110.07,Moon Lake Electric Assn Inc,HY,3704,2,2,01 - Uintah,0.6,1940,Unknown,Unknown,Pelton Water Wheel Company,NA,400,900,0.3,10M,1.406E+11,49013
hc1023_p01,hc1023_p01_1,Santee,33.4543,-80.1644,South Carolina Public Service Authority,HY,3321,1,1,01 - Santee,2,1950,Unknown,Francis,James Leffel & Co.,NA,46,2720,1.5,10M,030501120101,NA
hc1024_p01,hc1024_p01_1,Centerville,39.801668,-121.656435,Pacific Gas & Electric Co.,HY,224,2,1,02 - Centerville,0.9,1900,Unknown,Pelton,Pelton Water Wheel Company,NA,577.29999999999995,1500,0,10M,1.80202E+11,06007
hc1024_p01,hc1024_p01_2,Centerville,39.801668,-121.656435,Pacific Gas & Electric Co.,HY,224,1,2,02 - Centerville,5.5,1900,Unknown,Francis,Pelton Water Wheel Company,NA,589.9,9700,0,10M,1.80202E+11,06007
hc1025_p01,hc1025_p01_1,Blind Slough,56.6,-132.8455,Petersburg Borough - (AK),HY,91,4,4,04 - Powerhouse No. 1,1.8,2023,NA,Pelton,Gilbert Gilkes And Gordon,NA,NA,NA,0.7,1H,1.90102E+11,NA
hc1026_p01,hc1026_p01_1,Pit 3,41.0218,-121.6767,Pacific Gas & Electric Co.,HY,266,H1,1,01 - Pit No. 3,26.7,1925,Unknown,Francis,NA,NA,315,33000,0,10M,1.802E+11,06089
hc1026_p01,hc1026_p01_2,Pit 3,41.0218,-121.6767,Pacific Gas & Electric Co.,HY,266,H2,2,01 - Pit No. 3,26.7,1925,Unknown,Francis,NA,NA,315,33000,0,10M,1.802E+11,06089
hc1026_p01,hc1026_p01_3,Pit 3,41.0218,-121.6767,Pacific Gas & Electric Co.,HY,266,H3,3,01 - Pit No. 3,26.7,1925,Unknown,Francis,NA,NA,315,33000,0,10M,1.802E+11,06089
hc1027_p01,hc1027_p01_1,Pit 4,40.9878,-121.7692,Pacific Gas & Electric Co.,HY,267,1,1,01 - Pit No. 4,51.7,1955,Unknown,Francis,NA,NA,382,62000,0,1H,1.802E+11,06089
hc1027_p01,hc1027_p01_2,Pit 4,40.9878,-121.7692,Pacific Gas & Electric Co.,HY,267,2,2,01 - Pit No. 4,51.7,1955,Unknown,Francis,NA,NA,382,62000,0,1H,1.802E+11,06089
hc1028_p01,hc1028_p01_1,Pit 5,40.9863925,-121.9773451,Pacific Gas & Electric Co.,HY,268,H4,1,01 - Pit No. 5,32,1944,Unknown,Francis,NA,NA,615,50000,0,10M,1.802E+11,06089
hc1028_p01,hc1028_p01_2,Pit 5,40.9863925,-121.9773451,Pacific Gas & Electric Co.,HY,268,H3,2,01 - Pit No. 5,33.2,1944,Unknown,Francis,NA,NA,615,50000,0,10M,1.802E+11,06089
hc1028_p01,hc1028_p01_3,Pit 5,40.9863925,-121.9773451,Pacific Gas & Electric Co.,HY,268,H1,3,01 - Pit No. 5,38.2,1944,Unknown,Francis,NA,NA,615,50000,0,10M,1.802E+11,06089
hc1028_p01,hc1028_p01_4,Pit 5,40.9863925,-121.9773451,Pacific Gas & Electric Co.,HY,268,H2,4,01 - Pit No. 5,38.2,1944,Unknown,Francis,NA,NA,615,50000,0,10M,1.802E+11,06089
hc1029_p01,hc1029_p01_1,Remmel,34.4272,-92.8939,Entergy Arkansas LLC,HY,174,2,1,01 - Remmel,3,1924,Unknown,Francis,James Leffel & Co.,NA,42,4500,1,10M,080401010806,05059
hc1029_p01,hc1029_p01_2,Remmel,34.4272,-92.8939,Entergy Arkansas LLC,HY,174,3,2,01 - Remmel,3,1924,Unknown,Francis,James Leffel & Co.,NA,42,4500,1,10M,080401010806,05059
hc1029_p01,hc1029_p01_3,Remmel,34.4272,-92.8939,Entergy Arkansas LLC,HY,174,1,3,01 - Remmel,3,1925,Unknown,Francis,James Leffel & Co.,NA,42,4500,1,10M,080401010806,05059
hc1030_p01,hc1030_p01_1,Carpenter,34.4428,-93.0265,Entergy Arkansas LLC,HY,166,1,1,01 - Carpenter,28,1932,Unknown,Francis,I.P. Morris,NA,89,39500,15,1H,080401010806,05051
hc1030_p01,hc1030_p01_2,Carpenter,34.4428,-93.0265,Entergy Arkansas LLC,HY,166,2,2,01 - Carpenter,28,1932,Unknown,Francis,I.P. Morris,NA,89,39500,15,1H,080401010806,05051
hc1031_p01,hc1031_p01_2,Dayton,41.3899,-88.7874,"Eagle Creek Renewable Energy, LLC",HY,10520,2,2,01 - Dayton,1,1947,Unknown,Kaplan,S. Morgan Smith,NA,30,2400,0.3,10M,071200070609,17099
hc1031_p01,hc1031_p01_3,Dayton,41.3899,-88.7874,"Eagle Creek Renewable Energy, LLC",HY,10520,3,3,01 - Dayton,1,1947,Unknown,Kaplan,S. Morgan Smith,NA,30,1450,0.3,10M,071200070609,17099
hc1031_p01,hc1031_p01_1,Dayton,41.3899,-88.7874,"Eagle Creek Renewable Energy, LLC",HY,10520,1,1,01 - Dayton,1.6,1924,Unknown,Kaplan,Allis-Chalmers,NA,30,1350,0.5,10M,071200070609,17099
hc1032_p01,hc1032_p01_1,Kaweah 1,36.46529,-118.861968,Southern California Edison Co,HY,337,1,1,01 - Kaweah No. 1,2.3,1929,Unknown,Pelton,Pelton Water Wheel Company,NA,NA,3017,0,10M,1.803E+11,06107
hc1032_p02,hc1032_p02_1,Kaweah 2,36.46147,-118.87975,Southern California Edison Co,HY,336,2,1,02 - Kaweah No. 2,1.8,1929,Unknown,Pelton,Pelton Water Wheel Company,NA,NA,2414,0.1,10M,1.803E+11,06107
hc1032_p03,hc1032_p03_1,Kaweah 3,36.485929,-118.835703,Southern California Edison Co,HY,338,1,1,03 - Kaweah No. 3,2.4,1913,Unknown,Pelton,Pelton Water Wheel Company,NA,NA,1877,0,10M,1.803E+11,06107
hc1032_p03,hc1032_p03_2,Kaweah 3,36.485929,-118.835703,Southern California Edison Co,HY,338,2,2,03 - Kaweah No. 3,2.4,1913,Unknown,Pelton,Pelton Water Wheel Company,NA,NA,1877,0,10M,1.803E+11,06107
hc1033_p01,hc1033_p01_1,Wallowa Falls,45.26669,-117.212746,PacifiCorp,HY,3041,1,1,01 - Wallowa Falls,1.1,1996,Unknown,Pelton,Canyon Hydro,NA,1173,1500,0,10M,1.70601E+11,41063
hc1034_p01,hc1034_p01_3,Piney,41.1918,-79.434,BP Piney & Deep Creek LLC,HY,3124,3,3,01 - Piney,10,1926,Unknown,Francis,Newport News,NA,75,12000,3,10M,050100050704,42031
hc1034_p01,hc1034_p01_1,Piney,41.1918,-79.434,BP Piney & Deep Creek LLC,HY,3124,1,1,01 - Piney,10,1924,Unknown,Francis,I.P. Morris,NA,75,11000,4,10M,050100050704,42031
hc1034_p01,hc1034_p01_2,Piney,41.1918,-79.434,BP Piney & Deep Creek LLC,HY,3124,2,2,01 - Piney,10,1924,Unknown,Francis,I.P. Morris,NA,75,11000,4,10M,050100050704,42031
hc1035_p02,hc1035_p02_1,San Gorgonio 2,34.0618,-116.808,Southern California Edison Co,HY,359,1,1,02 - San Gorgonio No. 2,0.938,1923,Unknown,Pelton,Pelton Water Wheel Company,NA,880,1030,NA,NA,1.81002E+11,06071
hc1036_p01,hc1036_p01_1,Blanchard,45.86,-94.3583,"ALLETE, Inc.",HY,1892,1,1,01 - Blanchard,6,1925,Unknown,Unknown,NA,NA,NA,NA,0.8,10M,070102010703,27097
hc1036_p01,hc1036_p01_2,Blanchard,45.86,-94.3583,"ALLETE, Inc.",HY,1892,2,2,01 - Blanchard,6,1925,Unknown,Unknown,NA,NA,NA,NA,0.8,10M,070102010703,27097
hc1036_p01,hc1036_p01_3,Blanchard,45.86,-94.3583,"ALLETE, Inc.",HY,1892,3,3,01 - Blanchard,6,1988,Unknown,Unknown,NA,NA,NA,NA,0.8,10M,070102010703,27097
hc1037_p01,hc1037_p01_1,Martin Dam,32.68,-85.9117,Alabama Power Co,HY,16,2,1,01 - Martin,50.2,1926,Unknown,Francis,Allis-Chalmers,NA,145,45000,40,1H,031501100406,NA
hc1037_p01,hc1037_p01_2,Martin Dam,32.68,-85.9117,Alabama Power Co,HY,16,3,2,01 - Martin,50.2,1926,Unknown,Francis,Allis-Chalmers,NA,145,45000,40,1H,031501100406,NA
hc1037_p01,hc1037_p01_3,Martin Dam,32.68,-85.9117,Alabama Power Co,HY,16,1,3,01 - Martin,50.2,1926,Unknown,Francis,I.P. Morris,NA,145,45000,40,1H,031501100406,NA
hc1037_p01,hc1037_p01_4,Martin Dam,32.68,-85.9117,Alabama Power Co,HY,16,4,4,01 - Martin,60,1952,Unknown,Francis,S. Morgan Smith,NA,145,78000,40,1H,031501100406,NA
hc1038_p01,hc1038_p01_1,Lower Tule,36.1632,-118.7072,Southern California Edison Co,HY,365,1,1,01 - Lower Tule,1.3,1909,Unknown,Pelton,NA,NA,1080,1800,0,10M,1.803E+11,06107
hc1038_p01,hc1038_p01_2,Lower Tule,36.1632,-118.7072,Southern California Edison Co,HY,365,2,2,01 - Lower Tule,1.3,1909,Unknown,Pelton,NA,NA,1080,1800,0,10M,1.803E+11,06107
hc1039_p01,hc1039_p01_1,Tacoma,37.5456,-107.8053,Public Service Co of Colorado,HY,6206,2,1,01 - Tacoma,2.3,1905,Unknown,Unknown,NA,NA,NA,NA,1,10M,1.40801E+11,08067
hc1039_p01,hc1039_p01_2,Tacoma,37.5456,-107.8053,Public Service Co of Colorado,HY,6206,1,2,01 - Tacoma,2.3,1906,Unknown,Unknown,NA,NA,NA,NA,1,10M,1.40801E+11,08067
hc1040_p01,hc1040_p01_1,Ames,37.8286,-107.8872,Public Service Co of Colorado,HY,6207,1,1,01 - Ames,3.6,1906,Unknown,Unknown,NA,NA,NA,NA,1,10M,1.403E+11,08113
hc1041_p01,hc1041_p01_1,Mottville,41.8067,-85.7483,Indiana Michigan Power Co,HY,1761,1,1,01 - Mottville,0.4,1923,Unknown,Unknown,NA,NA,NA,NA,0.1,1H,040500011304,NA
hc1041_p01,hc1041_p01_2,Mottville,41.8067,-85.7483,Indiana Michigan Power Co,HY,1761,2,2,01 - Mottville,0.4,1923,Unknown,Unknown,NA,NA,NA,NA,0.1,1H,040500011304,NA
hc1041_p01,hc1041_p01_3,Mottville,41.8067,-85.7483,Indiana Michigan Power Co,HY,1761,3,3,01 - Mottville,0.4,1923,Unknown,Unknown,NA,NA,NA,NA,0.1,1H,040500011304,NA
hc1041_p01,hc1041_p01_4,Mottville,41.8067,-85.7483,Indiana Michigan Power Co,HY,1761,4,4,01 - Mottville,0.4,1923,Unknown,Unknown,NA,NA,NA,NA,0.1,1H,040500011304,NA
hc1042_p01,hc1042_p01_1,Conowingo,39.661,-76.1735,"Constellation Power, Inc",HY,1574,2,1,01 - Conowingo,36,1928,Unknown,Francis,Allis-Chalmers,NA,89,54000,5,10M,020503061713,24025
hc1042_p01,hc1042_p01_2,Conowingo,39.661,-76.1735,"Constellation Power, Inc",HY,1574,5,2,01 - Conowingo,36,1928,Unknown,Francis,Allis-Chalmers,NA,89,54000,5,10M,020503061713,24025
hc1042_p01,hc1042_p01_3,Conowingo,39.661,-76.1735,"Constellation Power, Inc",HY,1574,1,3,01 - Conowingo,45,1928,Unknown,Francis,Allis-Chalmers,NA,92,59581,5,10M,020503061713,24025
hc1042_p01,hc1042_p01_4,Conowingo,39.661,-76.1735,"Constellation Power, Inc",HY,1574,6,4,01 - Conowingo,47.7,1928,Unknown,Francis,Allis-Chalmers,NA,92,59581,5,10M,020503061713,24025
hc1042_p01,hc1042_p01_5,Conowingo,39.661,-76.1735,"Constellation Power, Inc",HY,1574,4,5,01 - Conowingo,47.7,1928,Unknown,Francis,I.P. Morris,NA,92,59581,5,10M,020503061713,24025
hc1042_p01,hc1042_p01_6,Conowingo,39.661,-76.1735,"Constellation Power, Inc",HY,1574,3,6,01 - Conowingo,48,1928,Unknown,Francis,I.P. Morris,NA,92,59581,5,10M,020503061713,24025
hc1042_p01,hc1042_p01_7,Conowingo,39.661,-76.1735,"Constellation Power, Inc",HY,1574,7,7,01 - Conowingo,48,1928,Unknown,Francis,I.P. Morris,NA,92,59581,5,10M,020503061713,24025
hc1042_p01,hc1042_p01_8,Conowingo,39.661,-76.1735,"Constellation Power, Inc",HY,1574,10,8,01 - Conowingo,55.6,1964,Unknown,Kaplan,Allis-Chalmers,NA,89,85000,30,10M,020503061713,24025
hc1042_p01,hc1042_p01_9,Conowingo,39.661,-76.1735,"Constellation Power, Inc",HY,1574,11,9,01 - Conowingo,55.6,1964,Unknown,Kaplan,Allis-Chalmers,NA,89,85000,30,10M,020503061713,24025
hc1042_p01,hc1042_p01_10,Conowingo,39.661,-76.1735,"Constellation Power, Inc",HY,1574,8,10,01 - Conowingo,55.6,1964,Unknown,Kaplan,Allis-Chalmers,NA,89,85000,30,10M,020503061713,24025
hc1042_p01,hc1042_p01_11,Conowingo,39.661,-76.1735,"Constellation Power, Inc",HY,1574,9,11,01 - Conowingo,55.6,1964,Unknown,Kaplan,Allis-Chalmers,NA,89,85000,30,10M,020503061713,24025
hc1043_p01,hc1043_p01_1,Ketchikan Lakes,55.3531,-131.6217,Ketchikan Public Utilities,HY,84,3,1,01 - Ketchikan Lakes,1.4,1957,Unknown,Pelton,Pelton Water Wheel Company,NA,221,2500,0.3,1H,1.90101E+11,NA
hc1043_p01,hc1043_p01_2,Ketchikan Lakes,55.3531,-131.6217,Ketchikan Public Utilities,HY,84,4,2,01 - Ketchikan Lakes,1.4,1957,Unknown,Pelton,Pelton Water Wheel Company,NA,221,2500,0.3,1H,1.90101E+11,NA
hc1043_p01,hc1043_p01_3,Ketchikan Lakes,55.3531,-131.6217,Ketchikan Public Utilities,HY,84,5,3,01 - Ketchikan Lakes,1.4,1957,Unknown,Pelton,James Leffel & Co.,NA,221,2500,0.3,1H,1.90101E+11,NA
hc1044_p01,hc1044_p01_1,Walters,35.6949,-83.0506,Duke Energy Progress - (NC),HY,2715,1,1,01 - Walters,36,1930,Unknown,Francis,S. Morgan Smith,NA,755,49000,36,10M,060101060305,37087
hc1044_p01,hc1044_p01_2,Walters,35.6949,-83.0506,Duke Energy Progress - (NC),HY,2715,2,2,01 - Walters,36,1930,Unknown,Francis,S. Morgan Smith,NA,755,49000,36,10M,060101060305,37087
hc1044_p01,hc1044_p01_3,Walters,35.6949,-83.0506,Duke Energy Progress - (NC),HY,2715,3,3,01 - Walters,36,1930,Unknown,Francis,S. Morgan Smith,NA,755,49000,36,10M,060101060305,37087
hc1045_p01,hc1045_p01_1,Osage,38.2031,-92.6248,Union Electric Co - (MO),HY,2106,1,1,01 - Osage,27.5,1931,Unknown,Francis,Allis-Chalmers,NA,90,33500,0,10M,1.02901E+11,29131
hc1045_p01,hc1045_p01_2,Osage,38.2031,-92.6248,Union Electric Co - (MO),HY,2106,2,2,01 - Osage,27.5,1931,Unknown,Francis,Allis-Chalmers,NA,90,33500,0,10M,1.02901E+11,29131
hc1045_p01,hc1045_p01_3,Osage,38.2031,-92.6248,Union Electric Co - (MO),HY,2106,3,3,01 - Osage,27.5,1931,Unknown,Francis,Allis-Chalmers,NA,90,33500,0,10M,1.02901E+11,29131
hc1045_p01,hc1045_p01_4,Osage,38.2031,-92.6248,Union Electric Co - (MO),HY,2106,4,4,01 - Osage,27.5,1931,Unknown,Francis,Allis-Chalmers,NA,90,33500,0,10M,1.02901E+11,29131
hc1045_p01,hc1045_p01_5,Osage,38.2031,-92.6248,Union Electric Co - (MO),HY,2106,5,5,01 - Osage,27.5,1931,Unknown,Francis,Allis-Chalmers,NA,90,33500,0,10M,1.02901E+11,29131
hc1045_p01,hc1045_p01_6,Osage,38.2031,-92.6248,Union Electric Co - (MO),HY,2106,6,6,01 - Osage,27.5,1931,Unknown,Francis,Allis-Chalmers,NA,90,33500,0,10M,1.02901E+11,29131
hc1045_p01,hc1045_p01_7,Osage,38.2031,-92.6248,Union Electric Co - (MO),HY,2106,7,7,01 - Osage,21.5,1953,Unknown,Francis,Allis-Chalmers,NA,90,33500,0,10M,1.02901E+11,29131
hc1045_p01,hc1045_p01_8,Osage,38.2031,-92.6248,Union Electric Co - (MO),HY,2106,8,8,01 - Osage,21.5,1953,Unknown,Francis,Allis-Chalmers,NA,90,33500,0,10M,1.02901E+11,29131
hc1046_p01,hc1046_p01_1,Cushman 1,47.4228,-123.2214,City of Tacoma - (WA),HY,3914,21,1,01 - Cushman No. 1,21.6,1991,Unknown,Francis,Voith,NA,260,30900,1,1H,1.711E+11,53045
hc1046_p01,hc1046_p01_2,Cushman 1,47.4228,-123.2214,City of Tacoma - (WA),HY,3914,22,2,01 - Cushman No. 1,21.6,1992,Unknown,Francis,Voith,NA,260,30900,1,1H,1.711E+11,53045
hc1047_p01,hc1047_p01_4,Cushman 2,47.3978,-123.1997,City of Tacoma - (WA),HY,3915,34,4,NA,1.8,2013,Unknown,Unknown,NA,NA,NA,NA,1,1H,1.711E+11,53045
hc1047_p01,hc1047_p01_5,Cushman 2,47.3978,-123.1997,City of Tacoma - (WA),HY,3915,35,5,NA,1.8,2013,Unknown,Unknown,NA,NA,NA,NA,1,1H,1.711E+11,53045
hc1047_p01,hc1047_p01_1,Cushman 2,47.3978,-123.1997,City of Tacoma - (WA),HY,3915,33,1,01 - Cushman No. 2,27,1994,Unknown,Francis,Voith,NA,440,37500,8,1H,1.711E+11,53045
hc1047_p01,hc1047_p01_2,Cushman 2,47.3978,-123.1997,City of Tacoma - (WA),HY,3915,32,2,01 - Cushman No. 2,27,1995,Unknown,Francis,Voith,NA,440,37500,8,1H,1.711E+11,53045
hc1047_p01,hc1047_p01_3,Cushman 2,47.3978,-123.1997,City of Tacoma - (WA),HY,3915,31,3,01 - Cushman No. 2,27,1996,Unknown,Francis,Voith,NA,440,37500,8,1H,1.711E+11,53045
hc1048_p01,hc1048_p01_1,Winton,47.9332,-91.7629,"ALLETE, Inc.",HY,1902,2,1,01 - Winton,2,1923,Unknown,Francis,Allis-Chalmers,NA,NA,2500,0.3,10M,090300011105,27075
hc1048_p01,hc1048_p01_2,Winton,47.9332,-91.7629,"ALLETE, Inc.",HY,1902,3,2,01 - Winton,2,1923,Unknown,Francis,Allis-Chalmers,NA,NA,2500,0.3,10M,090300011105,27075
hc1049_p01,hc1049_p01_1,Bartletts Ferry,32.663,-85.0908,Georgia Power Co,HY,702,1,1,01 - Bartletts Ferry,15,1926,Unknown,Francis,S. Morgan Smith,NA,112,22000,16.399999999999999,1H,031300021302,13177
hc1049_p01,hc1049_p01_2,Bartletts Ferry,32.663,-85.0908,Georgia Power Co,HY,702,2,2,01 - Bartletts Ferry,15,1926,Unknown,Francis,S. Morgan Smith,NA,112,22000,16.399999999999999,1H,031300021302,13177
hc1049_p01,hc1049_p01_3,Bartletts Ferry,32.663,-85.0908,Georgia Power Co,HY,702,3,3,01 - Bartletts Ferry,15,1928,Unknown,Francis,Allis-Chalmers,NA,112,22000,16.399999999999999,1H,031300021302,13177
hc1049_p01,hc1049_p01_4,Bartletts Ferry,32.663,-85.0908,Georgia Power Co,HY,702,4,4,01 - Bartletts Ferry,20,1951,Unknown,Francis,S. Morgan Smith,NA,112,28500,21.9,1H,031300021302,13177
hc1049_p01,hc1049_p01_5,Bartletts Ferry,32.663,-85.0908,Georgia Power Co,HY,702,5,5,02 - Bartletts Ferry,54,1985,Unknown,Francis,HITACHI,NA,119,69000,59,1H,031300021302,13177
hc1049_p01,hc1049_p01_6,Bartletts Ferry,32.663,-85.0908,Georgia Power Co,HY,702,6,6,02 - Bartletts Ferry,54,1985,Unknown,Francis,HITACHI,NA,119,69000,59,1H,031300021302,13177
hc1050_p01,hc1050_p01_1,Wallenpaupack,41.4591,-75.1858,Wallenpuapack Hydro,HY,3153,WP1,1,01 - Wallenpaupack,20,1926,Unknown,Francis,I.P. Morris,NA,330,28500,2,1H,020401030505,42103
hc1050_p01,hc1050_p01_2,Wallenpaupack,41.4591,-75.1858,Wallenpuapack Hydro,HY,3153,WP2,2,01 - Wallenpaupack,20,1926,Unknown,Francis,I.P. Morris,NA,330,28500,2,1H,020401030505,42103
hc1051_p01,hc1051_p01_1,Swan Falls,43.2431,-116.3785,Idaho Power Co,HY,819,1,1,01 - Swan Falls,13.6,1994,Unknown,Kaplan,Voest,NA,22.5,16763,0,10M,1.70501E+11,NA
hc1051_p01,hc1051_p01_2,Swan Falls,43.2431,-116.3785,Idaho Power Co,HY,819,2,2,01 - Swan Falls,13.6,1994,Unknown,Kaplan,Voest,NA,22.5,16763,0,10M,1.70501E+11,NA
hc1052_p01,hc1052_p01_1,Saluda,34.0528,-81.2186,"Dominion Energy South Carolina, Inc",HY,3293,1,1,01 - Saluda,32.5,1930,Unknown,Francis,S. Morgan Smith,NA,180,55650,1.5,10M,030501091403,45063
hc1052_p01,hc1052_p01_2,Saluda,34.0528,-81.2186,"Dominion Energy South Carolina, Inc",HY,3293,2,2,01 - Saluda,32.5,1930,Unknown,Francis,S. Morgan Smith,NA,180,55650,1.5,10M,030501091403,45063
hc1052_p01,hc1052_p01_3,Saluda,34.0528,-81.2186,"Dominion Energy South Carolina, Inc",HY,3293,4,3,01 - Saluda,32.5,1930,Unknown,Francis,S. Morgan Smith,NA,180,55650,1.5,10M,030501091403,45063
hc1052_p01,hc1052_p01_4,Saluda,34.0528,-81.2186,"Dominion Energy South Carolina, Inc",HY,3293,3,4,01 - Saluda,42.3,1930,Unknown,Francis,S. Morgan Smith,NA,180,55650,2,10M,030501091403,45063
hc1052_p01,hc1052_p01_5,Saluda,34.0528,-81.2186,"Dominion Energy South Carolina, Inc",HY,3293,5,5,01 - Saluda,67.5,1971,Unknown,Francis,Baldwin,NA,156,98300,4,10M,030501091403,45063
hc1053_p01,hc1053_p01_1,Ross,48.7483,-121.0667,City of Seattle - (WA),HY,6202,44,1,01 - Ross,112.5,1952,Unknown,Francis,Baldwin,NA,355,120000,0,10M,1.711E+11,53073
hc1053_p01,hc1053_p01_2,Ross,48.7483,-121.0667,City of Seattle - (WA),HY,6202,43,2,01 - Ross,112.5,1953,Unknown,Francis,Baldwin,NA,355,120000,0,10M,1.711E+11,53073
hc1053_p01,hc1053_p01_3,Ross,48.7483,-121.0667,City of Seattle - (WA),HY,6202,42,3,01 - Ross,112.5,1954,Unknown,Francis,Baldwin,NA,355,120000,0,10M,1.711E+11,53073
hc1053_p01,hc1053_p01_4,Ross,48.7483,-121.0667,City of Seattle - (WA),HY,6202,41,4,01 - Ross,112.5,1956,Unknown,Francis,Newport News,NA,355,120000,0,10M,1.711E+11,53073
hc1054_p01,hc1054_p01_1,Diablo,48.73,-121.1467,City of Seattle - (WA),HY,6432,35,1,01 - Diablo,1.2,1936,Unknown,Francis,S. Morgan Smith,NA,330,NA,0,1H,1.711E+11,53073
hc1054_p01,hc1054_p01_2,Diablo,48.73,-121.1467,City of Seattle - (WA),HY,6432,36,2,01 - Diablo,1.2,1936,Unknown,Francis,S. Morgan Smith,NA,330,NA,0,1H,1.711E+11,53073
hc1054_p01,hc1054_p01_3,Diablo,48.73,-121.1467,City of Seattle - (WA),HY,6432,31,3,01 - Diablo,90,1994,Unknown,Francis,Noell,NA,330,117200,0,1H,1.711E+11,53073
hc1054_p01,hc1054_p01_4,Diablo,48.73,-121.1467,City of Seattle - (WA),HY,6432,32,4,01 - Diablo,90,1995,Unknown,Francis,Noell,NA,330,117200,0,1H,1.711E+11,53073
hc1055_p01,hc1055_p01_1,Gorge,48.675689,-121.240473,City of Seattle - (WA),HY,6431,24,1,01 - Gorge,96.9,1960,Unknown,Francis,Allis-Chalmers,NA,NA,NA,0,10M,1.711E+11,53073
hc1055_p01,hc1055_p01_2,Gorge,48.675689,-121.240473,City of Seattle - (WA),HY,6431,23,2,01 - Gorge,36.8,1990,Unknown,Francis,Voith,NA,325,45000,0,10M,1.711E+11,53073
hc1055_p01,hc1055_p01_3,Gorge,48.675689,-121.240473,City of Seattle - (WA),HY,6431,22,3,01 - Gorge,36.8,1991,Unknown,Francis,Noell,NA,325,51850,0,10M,1.711E+11,53073
hc1055_p01,hc1055_p01_4,Gorge,48.675689,-121.240473,City of Seattle - (WA),HY,6431,21,4,01 - Gorge,36.8,1992,Unknown,Francis,Noell,NA,325,51850,0,10M,1.711E+11,53073
hc1056_p01,hc1056_p01_1,Stairs,40.62343333,-111.75365,PacifiCorp,HY,3659,3,1,01 - Stairs,1,1912,Unknown,Unknown,NA,NA,NA,NA,0,10M,1.60202E+11,49035
hc1059_p01,hc1059_p01_1,Jordan Dam,32.6187,-86.2583,Alabama Power Co,HY,13,1,1,01 - Jordan,25,1928,Unknown,Francis,S. Morgan Smith,NA,90,36000,25,1H,031501070906,01051
hc1059_p01,hc1059_p01_2,Jordan Dam,32.6187,-86.2583,Alabama Power Co,HY,13,2,2,01 - Jordan,25,1928,Unknown,Francis,S. Morgan Smith,NA,90,36000,25,1H,031501070906,01051
hc1059_p01,hc1059_p01_3,Jordan Dam,32.6187,-86.2583,Alabama Power Co,HY,13,3,3,01 - Jordan,25,1928,Unknown,Francis,S. Morgan Smith,NA,90,36000,25,1H,031501070906,01051
hc1059_p01,hc1059_p01_4,Jordan Dam,32.6187,-86.2583,Alabama Power Co,HY,13,4,4,01 - Jordan,25,1928,Unknown,Francis,S. Morgan Smith,NA,90,36000,25,1H,031501070906,01051
hc1060_p01,hc1060_p01_1,Grizzly,39.9012,-121.2283,City of Santa Clara - (CA),HY,7338,NA1,1,01 - New Grizzly,22,1994,Unknown,Francis,NA,NA,708.3,NA,0,10M,1.80201E+11,06063
hc1061_p01,hc1061_p01_1,Bucks Creek,39.8914,-121.2919,Pacific Gas & Electric Co.,HY,220,H2,1,01 - Bucks Creek,33,1928,Unknown,Unknown,NA,NA,NA,NA,0,10M,1.80201E+11,06063
hc1061_p01,hc1061_p01_2,Bucks Creek,39.8914,-121.2919,Pacific Gas & Electric Co.,HY,220,H1,2,01 - Bucks Creek,33,1928,Unknown,Pelton,NA,NA,2558,40000,0,10M,1.80201E+11,06063
hc1062_p01,hc1062_p01_1,Lower Monroe,38.5988,-112.084,Monroe City of,HY,3679,1,1,01 - Lower Monroe,0.26,1985,Unknown,Pelton,Pelton Water Wheel Company,NA,468,333,NA,NA,1.603E+11,49041
hc1063_p01,hc1063_p01_1,Chelan,47.8347,-120.0133,PUD No 1 of Chelan County,HY,6424,A-1,1,01 - Chelan,29.6,1985,Unknown,Francis,Dominion,NA,377,34000,23,10M,1.702E+11,53007
hc1063_p01,hc1063_p01_2,Chelan,47.8347,-120.0133,PUD No 1 of Chelan County,HY,6424,A-2,2,01 - Chelan,29.6,1985,Unknown,Francis,Dominion,NA,377,34000,23,10M,1.702E+11,53007
hc1064_p01,hc1064_p01_4,Lake Blackshear,31.8368,-83.9346,Crisp County Power Comm,HY,752,4,4,01 - Lake Blackshear,5,1956,Unknown,Kaplan,Newport News,NA,30,5000,0.8,10M,031300060704,13321
hc1064_p01,hc1064_p01_1,Lake Blackshear,31.8368,-83.9346,Crisp County Power Comm,HY,752,1,1,01 - Lake Blackshear,2.4,1930,Unknown,Francis,Newport News,NA,30,3600,0.9,10M,031300060704,13321
hc1064_p01,hc1064_p01_3,Lake Blackshear,31.8368,-83.9346,Crisp County Power Comm,HY,752,3,3,01 - Lake Blackshear,4.8,1940,Unknown,Kaplan,Newport News,NA,30,6800,1.1000000000000001,10M,031300060704,13321
hc1064_p01,hc1064_p01_2,Lake Blackshear,31.8368,-83.9346,Crisp County Power Comm,HY,752,2,2,01 - Lake Blackshear,5,1930,Unknown,Kaplan,Newport News,NA,30,6000,1.4,10M,031300060704,13321
hc1066_p01,hc1066_p01_1,Paris,42.2167,-111.4,PacifiCorp,HY,830,1,1,01 - Paris,0.715,1909,Unknown,Pelton,Allis-Chalmers,NA,346,NA,NA,NA,1.60102E+11,16007
hc1067_p01,hc1067_p01_1,Shawano,44.835,-88.6233,Wisconsin Power & Light Co,HY,4058,1,1,01 - Shawano,0.75,1928,Unknown,Kaplan,Allis-Chalmers,NA,14,900,NA,NA,040302020702,55115
hc1068_p01,hc1068_p01_1,Claytor,37.0753,-80.5853,Appalachian Power Co,HY,3774,3,1,01 - Claytor,18.7,1939,Unknown,Francis,Allis-Chalmers,NA,110,26000,14,12H,050500011506,51155
hc1068_p01,hc1068_p01_2,Claytor,37.0753,-80.5853,Appalachian Power Co,HY,3774,4,2,01 - Claytor,18.7,1939,Unknown,Francis,Allis-Chalmers,NA,110,26000,14,12H,050500011506,51155
hc1068_p01,hc1068_p01_3,Claytor,37.0753,-80.5853,Appalachian Power Co,HY,3774,1,3,01 - Claytor,18.7,1939,Unknown,Francis,Newport News,NA,110,26000,14,12H,050500011506,51155
hc1068_p01,hc1068_p01_4,Claytor,37.0753,-80.5853,Appalachian Power Co,HY,3774,2,4,01 - Claytor,18.7,1939,Unknown,Francis,Newport News,NA,110,26000,14,12H,050500011506,51155
hc1069_p01,hc1069_p01_1,Ruxton Park,38.8333,-104.9667,City of Colorado Springs - (CO),HY,495,1,1,01 - Ruxton Park,1,1925,Unknown,Unknown,NA,NA,NA,NA,0.1,10M,1.102E+11,NA
hc1069_p02,hc1069_p02_1,Manitou Springs,38.8333,-104.9667,City of Colorado Springs - (CO),HY,494,2,1,02 - Manitou Springs,2.5,1927,Unknown,Pelton,Pelton Water Wheel Company,NA,2359,NA,0.1,10M,1.102E+11,NA
hc1069_p02,hc1069_p02_2,Manitou Springs,38.8333,-104.9667,City of Colorado Springs - (CO),HY,494,1,3,02 - Manitou Springs,2.5,1939,Unknown,Unknown,NA,NA,NA,NA,0.1,10M,1.102E+11,NA
hc1069_p02,hc1069_p02_3,Manitou Springs,38.8333,-104.9667,City of Colorado Springs - (CO),HY,494,3,4,02 - Manitou Springs,0.6,2006,Unknown,Pelton,Gracon Corporation,NA,NA,NA,0,10M,1.102E+11,NA
hc1069_p03,hc1069_p03_1,Manitou Springs,38.8333,-104.9667,City of Colorado Springs - (CO),HY,NA,NA,2,03 - Ruxton 2,1.8,1927,Unknown,Unknown,NA,NA,NA,NA,NA,NA,1.102E+11,NA
hc1070_p01,hc1070_p01_1,Calkins Bridge,42.5634,-85.9533,Consumers Energy Co - (MI),HY,1694,1,1,01 - Calkins Bridge,0.5,1935,Unknown,Kaplan,James Leffel & Co.,NA,17,650,0,10M,040500030907,26005
hc1070_p01,hc1070_p01_2,Calkins Bridge,42.5634,-85.9533,Consumers Energy Co - (MI),HY,1694,2,2,01 - Calkins Bridge,0.9,1935,Unknown,Kaplan,James Leffel & Co.,NA,17,1320,0,10M,040500030907,26005
hc1070_p01,hc1070_p01_3,Calkins Bridge,42.5634,-85.9533,Consumers Energy Co - (MI),HY,1694,3,3,01 - Calkins Bridge,1.2,1945,Unknown,Kaplan,James Leffel & Co.,NA,17,1820,0,10M,040500030907,26005
hc1071_p01,hc1071_p01_1,De Sabla,39.870838,-121.632294,Pacific Gas & Electric Co.,HY,232,1,1,01 - De Sabla,18.4,1963,Unknown,Pelton,Allis-Chalmers,NA,147.19999999999999,25000,0,10M,1.80202E+11,06007
hc1072_p01,hc1072_p01_1,Toadtown,39.885813,-121.597976,Pacific Gas & Electric Co.,HY,714,1,1,01 - Toadtown,1.8,1986,Unknown,Francis,NA,NA,177.4,2490,0,10M,1.80201E+11,06007
hc1073_p01,hc1073_p01_1,Upper Beaver,38.2858,-112.4433,Beaver City Corporation,HY,3643,2,1,01 - Upper Beaver,1.2,1907,Unknown,Unknown,NA,NA,NA,NA,0.1,10M,1.603E+11,49001
hc1073_p01,hc1073_p01_2,Upper Beaver,38.2858,-112.4433,Beaver City Corporation,HY,3643,1,2,01 - Upper Beaver,1.3,1907,Unknown,Unknown,NA,NA,NA,NA,0.1,10M,1.603E+11,49001
hc1074_p01,hc1074_p01_1,Trout Creek,41.0743,-115.0989,Wells Rural Electric Co,HY,2346,1,1,01 - Trout Creek,1,1927,Unknown,Pelton,Pelton Water Wheel Company,NA,386,NA,NA,NA,1.60401E+11,32007
hc1075_p01,hc1075_p01_1,Cushaw,37.5913,-79.3812,Cushaw Hydro LLC,HY,3798,1,1,01 - Cushaw,1.5,1930,Unknown,Francis,James Leffel & Co.,NA,27,2000,0.4,10M,020802030101,51009
hc1075_p01,hc1075_p01_2,Cushaw,37.5913,-79.3812,Cushaw Hydro LLC,HY,3798,2,2,01 - Cushaw,1.5,1930,Unknown,Francis,James Leffel & Co.,NA,27,2000,0.4,10M,020802030101,51009
hc1075_p01,hc1075_p01_3,Cushaw,37.5913,-79.3812,Cushaw Hydro LLC,HY,3798,3,3,01 - Cushaw,1.5,1930,Unknown,Francis,James Leffel & Co.,NA,27,2000,0.4,10M,020802030101,51009
hc1075_p01,hc1075_p01_4,Cushaw,37.5913,-79.3812,Cushaw Hydro LLC,HY,3798,4,4,01 - Cushaw,1.5,1930,Unknown,Francis,James Leffel & Co.,NA,27,2000,0.4,10M,020802030101,51009
hc1075_p01,hc1075_p01_5,Cushaw,37.5913,-79.3812,Cushaw Hydro LLC,HY,3798,5,5,01 - Cushaw,1.5,1930,Unknown,Francis,James Leffel & Co.,NA,27,2000,0.4,10M,020802030101,51009
hc1076_p01,hc1076_p01_2,Ottumwa,41.01,-92.4067,Ottumwa City of,HY,1173,3,2,01 - Ottumwa,1,1931,Unknown,Kaplan,Allis-Chalmers,NA,12.25,1400,0.3,1H,071000090709,19179
hc1076_p01,hc1076_p01_3,Ottumwa,41.01,-92.4067,Ottumwa City of,HY,1173,2,3,01 - Ottumwa,1.2,1931,Unknown,Kaplan,Allis-Chalmers,NA,12.25,1650,0.3,1H,071000090709,19179
hc1076_p01,hc1076_p01_1,Ottumwa,41.01,-92.4067,Ottumwa City of,HY,1173,1,1,01 - Ottumwa,1,1931,Unknown,Kaplan,Allis-Chalmers,NA,12.25,1400,0.5,1H,071000090709,19179
hc1077_p01,hc1077_p01_4,Merwin,45.955,-122.557,PacifiCorp,HY,3847,3,4,01 - Merwin,45,1958,Unknown,Francis,NA,NA,188,61500,0,10M,1.708E+11,53011
hc1077_p01,hc1077_p01_3,Merwin,45.955,-122.557,PacifiCorp,HY,3847,2,3,01 - Merwin,45,1949,Unknown,Francis,NA,NA,188,61500,0,10M,1.708E+11,53011
hc1077_p01,hc1077_p01_1,Merwin,45.955,-122.557,PacifiCorp,HY,3847,House,1,01 - Merwin,1,1931,Unknown,Francis,NA,NA,185,1059,0,10M,1.708E+11,53011
hc1077_p01,hc1077_p01_2,Merwin,45.955,-122.557,PacifiCorp,HY,3847,1,2,01 - Merwin,45,1931,Unknown,Francis,NA,NA,188,61500,0,10M,1.708E+11,53011
hc1078_p01,hc1078_p01_1,Rock Island,47.34159966,-120.0948386,PUD No 1 of Chelan County,HY,6200,A,1,NA,1.2,1931,Unknown,Unknown,NA,NA,NA,NA,0.2,10M,1.702E+11,53007
hc1078_p01,hc1078_p01_2,Rock Island,47.34159966,-120.0948386,PUD No 1 of Chelan County,HY,6200,B-1,2,01 - Powerhouse No. 1,20.7,1931,Unknown,Francis,Allis-Chalmers,NA,45,32000,10,10M,1.702E+11,53007
hc1078_p01,hc1078_p01_3,Rock Island,47.34159966,-120.0948386,PUD No 1 of Chelan County,HY,6200,B-2,3,01 - Powerhouse No. 1,20.7,1931,Unknown,Francis,Allis-Chalmers,NA,45,32000,10,10M,1.702E+11,53007
hc1078_p01,hc1078_p01_4,Rock Island,47.34159966,-120.0948386,PUD No 1 of Chelan County,HY,6200,B-3,4,01 - Powerhouse No. 1,20.7,1931,Unknown,Francis,Allis-Chalmers,NA,45,32000,10,10M,1.702E+11,53007
hc1078_p01,hc1078_p01_5,Rock Island,47.34159966,-120.0948386,PUD No 1 of Chelan County,HY,6200,B-4,5,01 - Powerhouse No. 1,20.7,1931,Unknown,Francis,Allis-Chalmers,NA,45,32000,10,10M,1.702E+11,53007
hc1078_p01,hc1078_p01_6,Rock Island,47.34159966,-120.0948386,PUD No 1 of Chelan County,HY,6200,B-10,6,01 - Powerhouse No. 1,22.5,1953,Unknown,Kaplan,Allis-Chalmers,NA,45,34000,10,10M,1.702E+11,53007
hc1078_p01,hc1078_p01_7,Rock Island,47.34159966,-120.0948386,PUD No 1 of Chelan County,HY,6200,B-5,7,01 - Powerhouse No. 1,22.5,1953,Unknown,Kaplan,Allis-Chalmers,NA,45,34000,10,10M,1.702E+11,53007
hc1078_p01,hc1078_p01_8,Rock Island,47.34159966,-120.0948386,PUD No 1 of Chelan County,HY,6200,B-6,8,01 - Powerhouse No. 1,22.5,1953,Unknown,Kaplan,Allis-Chalmers,NA,45,34000,10,10M,1.702E+11,53007
hc1078_p01,hc1078_p01_9,Rock Island,47.34159966,-120.0948386,PUD No 1 of Chelan County,HY,6200,B-7,9,01 - Powerhouse No. 1,22.5,1953,Unknown,Kaplan,Allis-Chalmers,NA,45,34000,10,10M,1.702E+11,53007
hc1078_p01,hc1078_p01_10,Rock Island,47.34159966,-120.0948386,PUD No 1 of Chelan County,HY,6200,B-8,10,01 - Powerhouse No. 1,22.5,1953,Unknown,Kaplan,Allis-Chalmers,NA,45,34000,10,10M,1.702E+11,53007
hc1078_p01,hc1078_p01_11,Rock Island,47.34159966,-120.0948386,PUD No 1 of Chelan County,HY,6200,B-9,11,01 - Powerhouse No. 1,22.5,1953,Unknown,Kaplan,Allis-Chalmers,NA,45,34000,10,10M,1.702E+11,53007
hc1078_p01,hc1078_p01_12,Rock Island,47.34159966,-120.0948386,PUD No 1 of Chelan County,HY,6200,U-1,12,02 - Powerhouse No. 2,51.3,1978,Unknown,Kaplan,Neyrpic,NA,45,32000,10,10M,1.702E+11,53007
hc1078_p01,hc1078_p01_13,Rock Island,47.34159966,-120.0948386,PUD No 1 of Chelan County,HY,6200,U-2,13,02 - Powerhouse No. 2,51.3,1978,Unknown,Kaplan,Neyrpic,NA,45,32000,10,10M,1.702E+11,53007
hc1078_p01,hc1078_p01_14,Rock Island,47.34159966,-120.0948386,PUD No 1 of Chelan County,HY,6200,U-3,14,02 - Powerhouse No. 2,51.3,1978,Unknown,Kaplan,Neyrpic,NA,45,32000,10,10M,1.702E+11,53007
hc1078_p01,hc1078_p01_15,Rock Island,47.34159966,-120.0948386,PUD No 1 of Chelan County,HY,6200,U-4,15,02 - Powerhouse No. 2,51.3,1978,Unknown,Kaplan,Neyrpic,NA,45,32000,10,10M,1.702E+11,53007
hc1078_p01,hc1078_p01_16,Rock Island,47.34159966,-120.0948386,PUD No 1 of Chelan County,HY,6200,U-5,16,02 - Powerhouse No. 2,51.3,1978,Unknown,Kaplan,Neyrpic,NA,45,32000,10,10M,1.702E+11,53007
hc1078_p01,hc1078_p01_17,Rock Island,47.34159966,-120.0948386,PUD No 1 of Chelan County,HY,6200,U-6,17,02 - Powerhouse No. 2,51.3,1978,Unknown,Kaplan,Neyrpic,NA,45,32000,10,10M,1.702E+11,53007
hc1078_p01,hc1078_p01_18,Rock Island,47.34159966,-120.0948386,PUD No 1 of Chelan County,HY,6200,U-7,18,02 - Powerhouse No. 2,51.3,1978,Unknown,Kaplan,Neyrpic,NA,45,32000,10,10M,1.702E+11,53007
hc1078_p01,hc1078_p01_19,Rock Island,47.34159966,-120.0948386,PUD No 1 of Chelan County,HY,6200,U-8,19,02 - Powerhouse No. 2,51.3,1978,Unknown,Kaplan,Neyrpic,NA,45,32000,10,10M,1.702E+11,53007
hc1079_p01,hc1079_p01_1,Hyrum,41.6272,-111.6781,Hyrum City Corp,HY,3674,1,1,01 - Hyrum,0.5,1931,Unknown,Francis,NA,NA,92,536,NA,NA,1.60102E+11,49005
hc1080_p01,hc1080_p01_1,Boulder Canyon Hydro,40.004725,-105.332495,Boulder City of,HY,466,1A,1,NA,5,2013,Unknown,Pelton,HMR2014,NA,NA,NA,0.3,10M,1.019E+11,08013
hc1081_p01,hc1081_p01_3,Safe Harbor,39.9246,-76.3894,Safe Harbor,HY,3175,3,3,01 - Safe Harbor,32,1931,Unknown,Kaplan,I.P. Morris,NA,55,42500,10,10M,020503061706,42071
hc1081_p01,hc1081_p01_4,Safe Harbor,39.9246,-76.3894,Safe Harbor,HY,3175,4,4,01 - Safe Harbor,32,1931,Unknown,Kaplan,S. Morgan Smith,NA,55,42500,10,10M,020503061706,42071
hc1081_p01,hc1081_p01_5,Safe Harbor,39.9246,-76.3894,Safe Harbor,HY,3175,5,5,01 - Safe Harbor,32,1932,Unknown,Kaplan,I.P. Morris,NA,55,42500,10,10M,020503061706,42071
hc1081_p01,hc1081_p01_6,Safe Harbor,39.9246,-76.3894,Safe Harbor,HY,3175,6,6,01 - Safe Harbor,32,1932,Unknown,Kaplan,S. Morgan Smith,NA,55,42500,10,10M,020503061706,42071
hc1081_p01,hc1081_p01_7,Safe Harbor,39.9246,-76.3894,Safe Harbor,HY,3175,7,7,01 - Safe Harbor,32,1933,Unknown,Kaplan,I.P. Morris,NA,55,42500,10,10M,020503061706,42071
hc1081_p01,hc1081_p01_8,Safe Harbor,39.9246,-76.3894,Safe Harbor,HY,3175,2,8,01 - Safe Harbor,33,1934,Unknown,Kaplan,S. Morgan Smith,NA,55,42500,10,10M,020503061706,42071
hc1081_p01,hc1081_p01_9,Safe Harbor,39.9246,-76.3894,Safe Harbor,HY,3175,1,9,01 - Safe Harbor,33,1940,Unknown,Kaplan,I.P. Morris,NA,55,42500,10,10M,020503061706,42071
hc1081_p01,hc1081_p01_10,Safe Harbor,39.9246,-76.3894,Safe Harbor,HY,3175,10,10,01 - Safe Harbor,37.5,1985,Unknown,Kaplan,Allis-Chalmers,NA,55,52000,33,10M,020503061706,42071
hc1081_p01,hc1081_p01_11,Safe Harbor,39.9246,-76.3894,Safe Harbor,HY,3175,12,11,01 - Safe Harbor,37.5,1985,Unknown,Kaplan,Allis-Chalmers,NA,55,52000,33,10M,020503061706,42071
hc1081_p01,hc1081_p01_12,Safe Harbor,39.9246,-76.3894,Safe Harbor,HY,3175,8,12,01 - Safe Harbor,37.5,1985,Unknown,Kaplan,Allis-Chalmers,NA,55,52000,33,10M,020503061706,42071
hc1081_p01,hc1081_p01_13,Safe Harbor,39.9246,-76.3894,Safe Harbor,HY,3175,11,13,01 - Safe Harbor,37.5,1986,Unknown,Kaplan,Allis-Chalmers,NA,55,52000,33,10M,020503061706,42071
hc1081_p01,hc1081_p01_14,Safe Harbor,39.9246,-76.3894,Safe Harbor,HY,3175,9,14,01 - Safe Harbor,37.5,1986,Unknown,Kaplan,Allis-Chalmers,NA,55,52000,33,10M,020503061706,42071
hc1081_p01,hc1081_p01_1,Safe Harbor,39.9246,-76.3894,Safe Harbor,HY,3175,41,1,01 - Safe Harbor,2,1931,Unknown,Francis,S. Morgan Smith,NA,55,3100,0,1H,020503061706,42071
hc1081_p01,hc1081_p01_2,Safe Harbor,39.9246,-76.3894,Safe Harbor,HY,3175,42,2,01 - Safe Harbor,2,1931,Unknown,Francis,S. Morgan Smith,NA,55,3100,0,10M,020503061706,42071
hc1082_p01,hc1082_p01_2,Dewey Lakes,59.4511,-135.3081,Alaska Power and Telephone Co,HY,66,1,2,01 - Dewey Lakes,0.4,1957,Unknown,Pelton,Pelton Water Wheel Company,NA,450,125,0,1H,1.90103E+11,NA
hc1082_p01,hc1082_p01_1,Dewey Lakes,59.4511,-135.3081,Alaska Power and Telephone Co,HY,66,2,1,01 - Dewey Lakes,0.1,1909,Unknown,Pelton,Pelton Water Wheel Company,NA,450,536,0,1H,1.90103E+11,NA
hc1082_p01,hc1082_p01_3,Dewey Lakes,59.4511,-135.3081,Alaska Power and Telephone Co,HY,66,3,3,01 - Dewey Lakes,0.3,1981,Unknown,Pelton,Pelton Water Wheel Company,NA,450,335,0,1H,1.90103E+11,NA
hc1082_p01,hc1082_p01_4,Dewey Lakes,59.4511,-135.3081,Alaska Power and Telephone Co,HY,66,4,4,01 - Dewey Lakes,0.2,1987,Unknown,Pelton,Cornell,NA,450,NA,0,1H,1.90103E+11,NA
hc1083_p01,hc1083_p01_1,Phoenix,38.0936,-120.1682,Pacific Gas & Electric Co.,HY,264,1,1,01 - Phoenix,1.6,1940,Unknown,Pelton,Pelton Water Wheel Company,NA,1013,2300,0,10M,1.804E+11,06109
hc1084_p01,hc1084_p01_1,Reeder Gulch,42.1562,-122.7183,Ashland City of,HY,7391,1A,1,01 - Reeder Gulch,0.85,1985,Unknown,Pelton,Sorums Verksted,NA,350,1140,NA,NA,1.71003E+11,41029
hc1085_p01,hc1085_p01_1,Volta 1,40.4832,-121.8638,Pacific Gas & Electric Co.,HY,290,1,1,01 - Volta I,8.5,1980,Unknown,Pelton,NA,NA,1030,11500,0,10M,1.80202E+11,06089
hc1085_p02,hc1085_p02_1,Volta 2,40.4832,-121.8638,Pacific Gas & Electric Co.,HY,180,1,1,02 - Volta II,1,1981,Unknown,Francis,NA,NA,125,NA,0,10M,1.80202E+11,06089
hc1086_p01,hc1086_p01_1,South,40.4773,-121.8622,Pacific Gas & Electric Co.,HY,280,1,1,01 - South,6.7,1979,Unknown,Pelton,NA,NA,480,9000,0,10M,1.80202E+11,06089
hc1087_p01,hc1087_p01_1,Coleman,40.413137,-122.11546,Pacific Gas & Electric Co.,HY,227,1,1,01 - Coleman,12.1,1979,Unknown,Francis,NA,NA,472,16000,0,10M,1.80202E+11,06089
hc1088_p01,hc1088_p01_1,Flint River,31.6026,-84.137,Georgia Power Co,HY,706,1,1,01 - Flint River,1.8,1921,Unknown,Francis,Wellman Seaver Morgan,NA,24,2750,1.9,1H,031300060905,13095
hc1088_p01,hc1088_p01_2,Flint River,31.6026,-84.137,Georgia Power Co,HY,706,2,2,01 - Flint River,1.8,1921,Unknown,Francis,Wellman Seaver Morgan,NA,24,2750,1.9,1H,031300060905,13095
hc1088_p01,hc1088_p01_3,Flint River,31.6026,-84.137,Georgia Power Co,HY,706,3,3,01 - Flint River,1.8,1925,Unknown,Francis,Newport News,NA,24,2750,2,1H,031300060905,13095
hc1089_p01,hc1089_p01_1,Radford,37.0784,-80.5728,City of Radford - (VA),HY,3827,1,1,01 - Radford,1,1934,Unknown,Unknown,NA,NA,NA,NA,0.3,1H,050500011705,51121
hc1090_p01,hc1090_p01_1,Azusa,34.1,-117.9333,City of Pasadena - (CA),HY,6449,1,1,01 - Azusa,3,1949,Unknown,Francis,NA,NA,400,4023,2,1H,1.80701E+11,06037
hc1091_p01,hc1091_p01_1,Columbus,41.4833,-97.3667,Loup River Public Power Dist,HY,2260,1,1,01 - Columbus,15.2,1936,Unknown,Unknown,NA,NA,NA,NA,0,10M,1.02002E+11,31141
hc1091_p01,hc1091_p01_2,Columbus,41.4833,-97.3667,Loup River Public Power Dist,HY,2260,2,2,01 - Columbus,15.2,1936,Unknown,Unknown,NA,NA,NA,NA,0,10M,1.02002E+11,31141
hc1091_p01,hc1091_p01_3,Columbus,41.4833,-97.3667,Loup River Public Power Dist,HY,2260,3,3,01 - Columbus,15.2,1936,Unknown,Unknown,NA,NA,NA,NA,0,10M,1.02002E+11,31141
hc1092_p01,hc1092_p01_1,Monroe,41.4417,-97.7417,Loup River Public Power Dist,HY,2273,1,1,01 - Monroe,2.8,1936,Unknown,Unknown,NA,NA,NA,NA,0,10M,1.021E+11,31141
hc1092_p01,hc1092_p01_2,Monroe,41.4417,-97.7417,Loup River Public Power Dist,HY,2273,2,2,01 - Monroe,2.8,1936,Unknown,Unknown,NA,NA,NA,NA,0,10M,1.021E+11,31141
hc1092_p01,hc1092_p01_3,Monroe,41.4417,-97.7417,Loup River Public Power Dist,HY,2273,3,3,01 - Monroe,2.8,1936,Unknown,Unknown,NA,NA,NA,NA,0,10M,1.021E+11,31141
hc1094_p01,hc1094_p01_1,Center Creek,37.749,-112.791,Parowan City Corp,HY,3685,1,1,01 - Center Creek,0.6,1950,Unknown,Pelton,Pelton Water Wheel Company,NA,490,760,NA,NA,1.603E+11,49021
hc1095_p01,hc1095_p01_1,Tule River,36.1923,-118.6578,Tule Hydro LLC,HY,289,2,1,01 - Tule River,4.2,1914,Unknown,Unknown,NA,NA,NA,NA,0,10M,1.803E+11,06107
hc1095_p01,hc1095_p01_2,Tule River,36.1923,-118.6578,Tule Hydro LLC,HY,289,1,2,01 - Tule River,4.2,1914,Unknown,Pelton,NA,NA,1532,NA,0,10M,1.803E+11,06107
hc1096_p01,hc1096_p01_1,Crane Valley,37.2923,-119.5292,Pacific Gas & Electric Co,HY,230,1,1,01 - Crane Valley,0.99,1919,Unknown,Francis,NA,NA,69,1740,NA,NA,1.804E+11,06039
hc1097_p01,hc1097_p01_1,San Joaquin 3,37.2535,-119.5325,Pacific Gas & Electric Co.,HY,277,3,1,01 - San Joaquin No. 3,4,1923,Unknown,Francis,NA,NA,378,6360,0,10M,1.804E+11,06039
hc1098_p01,hc1098_p01_1,San Joaquin 2,37.2078,-119.5073,Pacific Gas & Electric Co.,HY,276,1,1,01 - San Joaquin No. 2,2.8,1917,Unknown,Francis,NA,NA,292,5010,0,10M,1.804E+11,06039
hc1098_p02,hc1098_p02_1,San Joaquin 1A,37.2078,-119.5073,Pacific Gas & Electric Co,HY,278,1,1,02 - San Joaquin No. 1A,0.425,1919,Unknown,Francis,NA,NA,40,600,NA,NA,1.804E+11,06039
hc1099_p01,hc1099_p01_1,A G Wishon,37.159,-119.4963,Pacific Gas & Electric Co.,HY,293,2,1,01 - Wishon,3.2,1910,Unknown,Unknown,NA,NA,NA,NA,0,10M,1.804E+11,06039
hc1099_p01,hc1099_p01_2,A G Wishon,37.159,-119.4963,Pacific Gas & Electric Co.,HY,293,3,2,01 - Wishon,3.2,1910,Unknown,Unknown,NA,NA,NA,NA,0,10M,1.804E+11,06039
hc1099_p01,hc1099_p01_3,A G Wishon,37.159,-119.4963,Pacific Gas & Electric Co.,HY,293,4,3,01 - Wishon,3.2,1910,Unknown,Unknown,NA,NA,NA,NA,0,10M,1.804E+11,06039
hc1099_p01,hc1099_p01_4,A G Wishon,37.159,-119.4963,Pacific Gas & Electric Co.,HY,293,1,4,01 - Wishon,3.2,1910,Unknown,Pelton,NA,NA,1305,7000,0,10M,1.804E+11,06039
hc1100_p01,hc1100_p01_1,Poole,37.9351,-119.2326,Southern California Edison Co,HY,353,1,1,01 - Poole,11.3,1924,Unknown,Unknown,Pelton Water Wheel Company,NA,1550,17910,0,10M,1.80901E+11,06051
hc1101_p01,hc1101_p01_1,Rush Creek,37.76634937,-119.1229849,Southern California Edison Co,HY,357,1,1,01 - Rush Creek,5.9,1916,Unknown,Pelton,Pelton Water Wheel Company,NA,1750,8515,0,10M,1.80901E+11,06051
hc1101_p01,hc1101_p01_2,Rush Creek,37.76634937,-119.1229849,Southern California Edison Co,HY,357,2,2,01 - Rush Creek,7.2,1917,Unknown,Pelton,Pelton Water Wheel Company,NA,1650,8000,0,10M,1.80901E+11,06051
hc1102_p01,hc1102_p01_1,Lundy,38.0319,-119.2208,Southern California Edison Co,HY,342,1,1,01 - Lundy,1.5,1911,Unknown,Pelton,Pelton Water Wheel Company,NA,660,2010,0,10M,1.80901E+11,06051
hc1102_p01,hc1102_p01_2,Lundy,38.0319,-119.2208,Southern California Edison Co,HY,342,2,2,01 - Lundy,1.5,1912,Unknown,Pelton,Pelton Water Wheel Company,NA,660,2010,0,10M,1.80901E+11,06051
hc1103_p01,hc1103_p01_1,Bishop Creek 2,37.2479,-118.5823,Southern California Edison Co,HY,323,1,1,01 - Bishop Creek No. 2,2.5,1908,Unknown,Pelton,Pelton Water Wheel Company,NA,875,3670,0,10M,1.80901E+11,06027
hc1103_p01,hc1103_p01_2,Bishop Creek 2,37.2479,-118.5823,Southern California Edison Co,HY,323,2,2,01 - Bishop Creek No. 2,2.5,1908,Unknown,Pelton,Pelton Water Wheel Company,NA,875,3670,0,10M,1.80901E+11,06027
hc1103_p01,hc1103_p01_3,Bishop Creek 2,37.2479,-118.5823,Southern California Edison Co,HY,323,3,3,01 - Bishop Creek No. 2,2.3,1911,Unknown,Pelton,Pelton Water Wheel Company,NA,875,3530,0,10M,1.80901E+11,06027
hc1104_p01,hc1104_p01_1,Bishop Creek 3,37.2736,-118.5731,Southern California Edison Co,HY,324,1,1,01 - Bishop Creek No. 3,2.8,1913,Unknown,Pelton,Henry,NA,730,4000,0,10M,1.80901E+11,06027
hc1104_p01,hc1104_p01_2,Bishop Creek 3,37.2736,-118.5731,Southern California Edison Co,HY,324,2,2,01 - Bishop Creek No. 3,2.8,1913,Unknown,Pelton,Henry,NA,730,4000,0,10M,1.80901E+11,06027
hc1104_p01,hc1104_p01_3,Bishop Creek 3,37.2736,-118.5731,Southern California Edison Co,HY,324,3,3,01 - Bishop Creek No. 3,2.8,1913,Unknown,Pelton,Henry,NA,730,4000,0,10M,1.80901E+11,06027
hc1105_p01,hc1105_p01_1,Bishop Creek 4,37.302,-118.5309,Southern California Edison Co,HY,325,1,1,01 - Bishop Creek No. 4,1,1905,Unknown,Pelton,Pelton Water Wheel Company,NA,1053,3000,0,10M,1.80901E+11,06027
hc1105_p01,hc1105_p01_2,Bishop Creek 4,37.302,-118.5309,Southern California Edison Co,HY,325,2,2,01 - Bishop Creek No. 4,1,1905,Unknown,Pelton,Pelton Water Wheel Company,NA,1053,3000,0,10M,1.80901E+11,06027
hc1105_p01,hc1105_p01_3,Bishop Creek 4,37.302,-118.5309,Southern California Edison Co,HY,325,3,3,01 - Bishop Creek No. 4,2,1906,Unknown,Pelton,Pelton Water Wheel Company,NA,1053,3000,0,10M,1.80901E+11,06027
hc1105_p01,hc1105_p01_4,Bishop Creek 4,37.302,-118.5309,Southern California Edison Co,HY,325,4,4,01 - Bishop Creek No. 4,2.2,1907,Unknown,Pelton,Pelton Water Wheel Company,NA,1053,2850,0,10M,1.80901E+11,06027
hc1105_p01,hc1105_p01_5,Bishop Creek 4,37.302,-118.5309,Southern California Edison Co,HY,325,5,5,01 - Bishop Creek No. 4,2,1909,Unknown,Pelton,Pelton Water Wheel Company,NA,1053,2850,0,10M,1.80901E+11,06027
hc1106_p01,hc1106_p01_1,Bishop Creek 5,37.3237,-118.5009,Southern California Edison Co,HY,326,2,1,01 - Bishop Creek No. 5,2.5,1919,Unknown,Unknown,Pelton Water Wheel Company,NA,350,2800,0.1,10M,1.80901E+11,06027
hc1106_p01,hc1106_p01_2,Bishop Creek 5,37.3237,-118.5009,Southern California Edison Co,HY,326,1,2,01 - Bishop Creek No. 5,2,1943,Unknown,Unknown,Pelton Water Wheel Company,NA,350,2900,0.1,10M,1.80901E+11,06027
hc1107_p01,hc1107_p01_1,Bishop Creek 6,37.3353,-118.479,Southern California Edison Co,HY,327,1,1,01 - Bishop Creek No. 6,1.6,1913,Unknown,Unknown,Pelton Water Wheel Company,NA,220,2850,0,10M,1.80901E+11,06027
hc1108_p01,hc1108_p01_1,Buffalo,44.414593,-111.392711,Fall River Rural Elec Coop Inc,HY,7718,1,1,01 - Pond's Lodge,0.25,1994,Unknown,Kaplan,Bouvier,NA,NA,NA,NA,NA,1.70402E+11,16043
hc1109_p01,hc1109_p01_1,Johnson 2,40.6838,-99.7446,Central Nebraska Pub P&I Dist,HY,2229,1,1,01 - Johnson No 2,22.5,1941,Unknown,Unknown,NA,NA,NA,NA,3,10M,1.02001E+11,31073
hc1110_p01,hc1110_p01_1,Johnson 1,40.6937,-99.8175,Central Nebraska Pub P&I Dist,HY,2228,1,1,01 - Johnson No 1,10.8,1941,Unknown,Unknown,NA,NA,NA,NA,2,10M,1.02001E+11,31073
hc1110_p01,hc1110_p01_2,Johnson 1,40.6937,-99.8175,Central Nebraska Pub P&I Dist,HY,2228,2,2,01 - Johnson No 1,10.8,1941,Unknown,Unknown,NA,NA,NA,NA,2,10M,1.02001E+11,31073
hc1111_p01,hc1111_p01_1,Jeffrey,40.95,-100.4,Central Nebraska Pub P&I Dist,HY,2227,1,1,01 - Jeffrey,10.8,1941,Unknown,Unknown,NA,NA,NA,NA,2,10M,1.02001E+11,31111
hc1111_p01,hc1111_p01_2,Jeffrey,40.95,-100.4,Central Nebraska Pub P&I Dist,HY,2227,2,2,01 - Jeffrey,10.8,1941,Unknown,Unknown,NA,NA,NA,NA,2,10M,1.02001E+11,31111
hc1112_p01,hc1112_p01_1,Kingsley,41.2367,-101.6667,Central Nebraska Pub P&I Dist,HY,785,1,1,01 - Kingsley,50,1984,Unknown,Unknown,NA,NA,NA,NA,5,1H,1.018E+11,31101
hc1113_p01,hc1113_p01_6,Pensacola,36.4681,-95.0417,Grand River Dam Authority,HY,2981,5,6,01 - Pensacola,21.6,1946,Unknown,Francis,Allis-Chalmers,NA,115,20000,5,10M,1.10702E+11,40097
hc1113_p01,hc1113_p01_7,Pensacola,36.4681,-95.0417,Grand River Dam Authority,HY,2981,6,7,01 - Pensacola,21.6,1946,Unknown,Francis,Allis-Chalmers,NA,115,20000,5,10M,1.10702E+11,40097
hc1113_p01,hc1113_p01_1,Pensacola,36.4681,-95.0417,Grand River Dam Authority,HY,2981,A,1,NA,0.5,1940,Unknown,Unknown,NA,NA,NA,NA,0.5,10M,1.10702E+11,40097
hc1113_p01,hc1113_p01_2,Pensacola,36.4681,-95.0417,Grand River Dam Authority,HY,2981,1,2,01 - Pensacola,21.6,1940,Unknown,Francis,Allis-Chalmers,NA,115,20000,5,10M,1.10702E+11,40097
hc1113_p01,hc1113_p01_3,Pensacola,36.4681,-95.0417,Grand River Dam Authority,HY,2981,2,3,01 - Pensacola,21.6,1940,Unknown,Francis,Allis-Chalmers,NA,115,20000,5,10M,1.10702E+11,40097
hc1113_p01,hc1113_p01_4,Pensacola,36.4681,-95.0417,Grand River Dam Authority,HY,2981,3,4,01 - Pensacola,21.6,1940,Unknown,Francis,Allis-Chalmers,NA,115,20000,5,10M,1.10702E+11,40097
hc1113_p01,hc1113_p01_5,Pensacola,36.4681,-95.0417,Grand River Dam Authority,HY,2981,4,5,01 - Pensacola,21.6,1940,Unknown,Francis,Allis-Chalmers,NA,115,20000,5,10M,1.10702E+11,40097
hc1114_p01,hc1114_p01_1,Kaukauna,44.27985,-88.25563,City of Kaukauna,HY,7822,1,1,01 - Kaukauna,2.4,1940,Unknown,Kaplan,S. Morgan Smith,NA,22,3300,0.2,10M,040302040205,55087
hc1114_p01,hc1114_p01_2,Kaukauna,44.27985,-88.25563,City of Kaukauna,HY,7822,2,2,01 - Kaukauna,2.4,1942,Unknown,Kaplan,S. Morgan Smith,NA,22,3300,0.2,10M,040302040205,55087
hc1115_p01,hc1115_p01_1,Upper Monroe,38.6157,-112.0433,Monroe City of,HY,3680,1,1,01 - Upper Monroe,0.26,1940,Unknown,Unknown,NA,NA,NA,NA,NA,NA,1.603E+11,49041
hc1116_p01,hc1116_p01_1,Swift Creek,42.7253,-110.9104,Lower Valley Energy Inc,HY,6394,3,1,NA,0.8,2009,Unknown,Francis,Canyon Hydro,NA,NA,NA,0.1,1H,1.70401E+11,56023
hc1116_p01,hc1116_p01_2,Swift Creek,42.7253,-110.9104,Lower Valley Energy Inc,HY,6394,5,2,NA,0.3,2010,Unknown,Unknown,NA,NA,NA,NA,0.1,1H,1.70401E+11,56023
hc1116_p01,hc1116_p01_3,Swift Creek,42.7253,-110.9104,Lower Valley Energy Inc,HY,6394,4,3,NA,0.6,2010,Unknown,Unknown,NA,NA,NA,NA,0.1,1H,1.70401E+11,56023
hc1117_p01,hc1117_p01_1,Spring Creek,40.1606,-111.5745,Springville City of,HY,3690,3,1,01 - Spring Creek,0.5,1987,Unknown,Pelton,NA,NA,303,671,NA,NA,1.60202E+11,49049
hc1118_p01,hc1118_p01_1,Weber,41.137583,-111.885683,PacifiCorp,HY,3661,1,1,01 - Weber,3.8,1911,Unknown,Unknown,NA,NA,NA,NA,0,10M,1.60201E+11,49029
hc1119_p01,hc1119_p01_1,Way Dam,46.1583,-88.2333,Wisconsin Electric Power Co,HY,1785,1,1,01 - Way,1.8,1949,Unknown,Kaplan,Allis-Chalmers,NA,35,2500,0.5,10M,040301070305,26071
hc1121_p01,hc1121_p01_1,North Platte,41.055,-100.7833,Nebraska Public Power District,HY,2274,1,1,01 - Powerhouse,13.1,1935,Unknown,Unknown,NA,NA,NA,NA,0,10M,1.019E+11,31111
hc1121_p01,hc1121_p01_2,North Platte,41.055,-100.7833,Nebraska Public Power District,HY,2274,2,2,01 - Powerhouse,13.1,1935,Unknown,Unknown,NA,NA,NA,NA,0,10M,1.019E+11,31111
hc1122_p01,hc1122_p01_1,Bellows Falls,43.1376,-72.4472,"Great River Hydro, LLC",HY,3745,GEN1,1,01 - Bellows Falls,13.6,1928,Unknown,Francis,S. Morgan Smith,NA,57,18000,4,10M,010801070501,33005
hc1122_p01,hc1122_p01_2,Bellows Falls,43.1376,-72.4472,"Great River Hydro, LLC",HY,3745,GEN2,2,01 - Bellows Falls,13.6,1928,Unknown,Francis,S. Morgan Smith,NA,57,18000,4,10M,010801070501,33005
hc1122_p01,hc1122_p01_3,Bellows Falls,43.1376,-72.4472,"Great River Hydro, LLC",HY,3745,GEN3,3,01 - Bellows Falls,13.6,1928,Unknown,Francis,S. Morgan Smith,NA,57,18000,4,10M,010801070501,33005
hc1123_p01,hc1123_p01_1,Beaver City Lower,38.2611,-112.5205,Beaver City Corp,HY,6536,2,1,01 - Beaver City Lower,0.275,1914,Unknown,Unknown,NA,NA,NA,NA,NA,NA,1.603E+11,49001
hc1124_p01,hc1124_p01_1,Alder,46.80095939,-122.3105034,City of Tacoma - (WA),HY,3913,11,1,01 - Alder,25,1945,Unknown,Francis,Pelton Water Wheel Company,NA,273,34500,4,1H,1.711E+11,NA
hc1124_p01,hc1124_p01_2,Alder,46.80095939,-122.3105034,City of Tacoma - (WA),HY,3913,12,2,01 - Alder,25,1945,Unknown,Francis,Pelton Water Wheel Company,NA,273,34500,4,1H,1.711E+11,NA
hc1125_p01,hc1125_p01_1,LaGrande,46.83404728,-122.3240792,City of Tacoma - (WA),HY,3916,1,1,01 - Lagrande,6,1912,Unknown,Francis,Allis-Chalmers,NA,NA,8000,1,1H,1.711E+11,NA
hc1125_p01,hc1125_p01_2,LaGrande,46.83404728,-122.3240792,City of Tacoma - (WA),HY,3916,2,2,01 - Lagrande,6,1912,Unknown,Francis,Allis-Chalmers,NA,NA,8000,1,1H,1.711E+11,NA
hc1125_p01,hc1125_p01_3,LaGrande,46.83404728,-122.3240792,City of Tacoma - (WA),HY,3916,3,3,01 - Lagrande,6,1912,Unknown,Francis,Allis-Chalmers,NA,NA,8000,1,1H,1.711E+11,NA
hc1125_p01,hc1125_p01_4,LaGrande,46.83404728,-122.3240792,City of Tacoma - (WA),HY,3916,4,4,01 - Lagrande,6,1912,Unknown,Francis,Allis-Chalmers,NA,NA,8000,1,1H,1.711E+11,NA
hc1125_p01,hc1125_p01_5,LaGrande,46.83404728,-122.3240792,City of Tacoma - (WA),HY,3916,5,5,01 - Lagrande,40,1945,Unknown,Francis,Pelton Water Wheel Company,NA,416,55000,8,1H,1.711E+11,NA
hc1125_p02,hc1125_p02_1,LaGrande,46.83404728,-122.3240792,City of Tacoma  - (WA),HY,NA,NA,1,02 - Lagrande Dam Unit,0.439,2003,Unknown,Francis,Alstom,NA,191,582.70000000000005,NA,NA,1.711E+11,NA
hc1126_p01,hc1126_p01_1,Victoria,46.6862,-89.2295,Upper Peninsula Power Company,HY,1774,1,1,01 - Victoria,6,1931,Unknown,Francis,S. Morgan Smith,NA,210,9300,0,10M,040201020408,26131
hc1126_p01,hc1126_p01_2,Victoria,46.6862,-89.2295,Upper Peninsula Power Company,HY,1774,2,2,01 - Victoria,6,1931,Unknown,Francis,S. Morgan Smith,NA,210,9300,0,10M,040201020408,26131
hc1127_p01,hc1127_p01_1,Thompson Falls,47.5936,-115.3592,NorthWestern Energy (MT Hydro),HY,2195,TF1,1,01 - Thompson Falls Powerhouse,7,1915,Unknown,Francis,NA,NA,53,9350,1,10M,1.70102E+11,30089
hc1127_p01,hc1127_p01_2,Thompson Falls,47.5936,-115.3592,NorthWestern Energy (MT Hydro),HY,2195,TF2,2,01 - Thompson Falls Powerhouse,7,1915,Unknown,Francis,NA,NA,53,9350,1,10M,1.70102E+11,30089
hc1127_p01,hc1127_p01_3,Thompson Falls,47.5936,-115.3592,NorthWestern Energy (MT Hydro),HY,2195,TF4,3,01 - Thompson Falls Powerhouse,6,1916,Unknown,Francis,NA,NA,53,9350,1,10M,1.70102E+11,30089
hc1127_p01,hc1127_p01_4,Thompson Falls,47.5936,-115.3592,NorthWestern Energy (MT Hydro),HY,2195,TF3,4,01 - Thompson Falls Powerhouse,7,1916,Unknown,Francis,NA,NA,53,9350,1,10M,1.70102E+11,30089
hc1127_p01,hc1127_p01_5,Thompson Falls,47.5936,-115.3592,NorthWestern Energy (MT Hydro),HY,2195,TF5,5,01 - Thompson Falls Powerhouse,7,1917,Unknown,Francis,NA,NA,53,9350,1,10M,1.70102E+11,30089
hc1127_p01,hc1127_p01_6,Thompson Falls,47.5936,-115.3592,NorthWestern Energy (MT Hydro),HY,2195,TF6,6,01 - Thompson Falls Powerhouse,7,1917,Unknown,Francis,NA,NA,53,9350,1,10M,1.70102E+11,30089
hc1127_p01,hc1127_p01_7,Thompson Falls,47.5936,-115.3592,NorthWestern Energy (MT Hydro),HY,2195,TF7,7,01 - Thompson Falls Secondary Dev,57.1,1995,Unknown,Kaplan,Kvaerner,NA,54.5,70150,10,10M,1.70102E+11,30089
hc1128_p01,hc1128_p01_11,Holtwood,39.8266,-76.3372,BIF III Holtwood LLC,HY,3145,HW11,11,NA,1.4,2011,Unknown,Kaplan,Voith,NA,NA,NA,1,10M,020503061708,42071
hc1128_p01,hc1128_p01_12,Holtwood,39.8266,-76.3372,BIF III Holtwood LLC,HY,3145,HW13,12,NA,1.4,2011,Unknown,Kaplan,Voith,NA,NA,NA,1,10M,020503061708,42071
hc1128_p01,hc1128_p01_1,Holtwood,39.8266,-76.3372,BIF III Holtwood LLC,HY,3145,HW1,1,01 - Holtwood,10.4,1910,Unknown,Francis,I.P. Morris,NA,53,12667,3,10M,020503061708,42071
hc1128_p01,hc1128_p01_2,Holtwood,39.8266,-76.3372,BIF III Holtwood LLC,HY,3145,HW2,2,01 - Holtwood,10.4,1911,Unknown,Francis,I.P. Morris,NA,53,12667,4,10M,020503061708,42071
hc1128_p01,hc1128_p01_5,Holtwood,39.8266,-76.3372,BIF III Holtwood LLC,HY,3145,HW3,5,01 - Holtwood,13.5,1911,Unknown,Francis,I.P. Morris,NA,61.25,18267,4,10M,020503061708,42071
hc1128_p01,hc1128_p01_6,Holtwood,39.8266,-76.3372,BIF III Holtwood LLC,HY,3145,HW6,6,01 - Holtwood,10.4,1912,Unknown,Francis,I.P. Morris,NA,61.25,18267,4,10M,020503061708,42071
hc1128_p01,hc1128_p01_8,Holtwood,39.8266,-76.3372,BIF III Holtwood LLC,HY,3145,HW8,8,01 - Holtwood,11.4,1914,Unknown,Francis,I.P. Morris,NA,61.25,16267,4,10M,020503061708,42071
hc1128_p01,hc1128_p01_9,Holtwood,39.8266,-76.3372,BIF III Holtwood LLC,HY,3145,HW10,9,01 - Holtwood,12,1924,Unknown,Francis,I.P. Morris,NA,50.75,19000,4,10M,020503061708,42071
hc1128_p01,hc1128_p01_10,Holtwood,39.8266,-76.3372,BIF III Holtwood LLC,HY,3145,HW9,10,01 - Holtwood,13.2,1924,Unknown,Francis,I.P. Morris,NA,61.25,19733,4,10M,020503061708,42071
hc1128_p01,hc1128_p01_3,Holtwood,39.8266,-76.3372,BIF III Holtwood LLC,HY,3145,HW4,3,01 - Holtwood,10.4,1911,Unknown,Francis,I.P. Morris,NA,53,12667,7,10M,020503061708,42071
hc1128_p01,hc1128_p01_4,Holtwood,39.8266,-76.3372,BIF III Holtwood LLC,HY,3145,HW5,4,01 - Holtwood,10.4,1911,Unknown,Francis,I.P. Morris,NA,51,16300,7,10M,020503061708,42071
hc1128_p01,hc1128_p01_7,Holtwood,39.8266,-76.3372,BIF III Holtwood LLC,HY,3145,HW7,7,01 - Holtwood,10.4,1913,Unknown,Francis,I.P. Morris,NA,62,12000,7,10M,020503061708,42071
hc1128_p01,hc1128_p01_13,Holtwood,39.8266,-76.3372,BIF III Holtwood LLC,HY,3145,HW18,13,NA,66,2013,Unknown,Unknown,NA,NA,NA,NA,25,10M,020503061708,42071
hc1128_p01,hc1128_p01_14,Holtwood,39.8266,-76.3372,BIF III Holtwood LLC,HY,3145,HW19,14,NA,66,2013,Unknown,Unknown,NA,NA,NA,NA,25,10M,020503061708,42071
hc1129_p01,hc1129_p01_1,York Haven,40.1151,-76.713,"Eagle Creek Renewable Energy, LLC",HY,3117,1,1,01 - York Haven,19.6,1905,Unknown,Unknown,NA,NA,NA,NA,NA,NA,020503051011,42071
hc1130_p01,hc1130_p01_2,Turners Falls,42.6054,-72.5642,"FirstLight Power Resources, Inc. - MA",HY,6388,7,2,01 - Turners Falls No. 1 Station,1.3,1910,Unknown,Francis,Crocker,NA,43.7,1955,1.3,1H,010802010503,25011
hc1130_p01,hc1130_p01_4,Turners Falls,42.6054,-72.5642,"FirstLight Power Resources, Inc. - MA",HY,6388,2,4,01 - Turners Falls No. 1 Station,0.4,1913,Unknown,Francis,Holyoke,NA,43.7,590,0.4,1H,010802010503,25011
hc1130_p01,hc1130_p01_5,Turners Falls,42.6054,-72.5642,"FirstLight Power Resources, Inc. - MA",HY,6388,1,5,01 - Turners Falls No. 1 Station,1.4,1913,Unknown,Francis,Holyoke,NA,43.7,2100,0.9,1H,010802010503,25011
hc1130_p01,hc1130_p01_1,Turners Falls,42.6054,-72.5642,"FirstLight Power Resources, Inc. - MA",HY,6388,5,1,01 - Turners Falls No. 1 Station,1.3,1905,Unknown,Francis,Crocker,NA,43.7,1635,1.3,1H,010802010503,25011
hc1130_p01,hc1130_p01_3,Turners Falls,42.6054,-72.5642,"FirstLight Power Resources, Inc. - MA",HY,6388,3,3,01 - Turners Falls No. 1 Station,1.3,1910,Unknown,Francis,American Hydro,NA,43.7,1900,1.3,1H,010802010503,25011
hc1130_p02,hc1130_p02_1,Cabot,42.5874,-72.5798,"FirstLight Power Resources, Inc. - MA",HY,1629,1,1,01 - Cabot Station,10.3,1916,Unknown,Francis,VA Tech,NA,60,13867,8,1H,010802010503,25011
hc1130_p02,hc1130_p02_2,Cabot,42.5874,-72.5798,"FirstLight Power Resources, Inc. - MA",HY,1629,2,2,01 - Cabot Station,10.3,1916,Unknown,Francis,VA Tech,NA,60,13867,8,1H,010802010503,25011
hc1130_p02,hc1130_p02_3,Cabot,42.5874,-72.5798,"FirstLight Power Resources, Inc. - MA",HY,1629,3,3,01 - Cabot Station,10.3,1916,Unknown,Francis,VA Tech,NA,60,13867,8,1H,010802010503,25011
hc1130_p02,hc1130_p02_4,Cabot,42.5874,-72.5798,"FirstLight Power Resources, Inc. - MA",HY,1629,4,4,01 - Cabot Station,10.3,1916,Unknown,Francis,VA Tech,NA,60,13867,8,1H,010802010503,25011
hc1130_p02,hc1130_p02_5,Cabot,42.5874,-72.5798,"FirstLight Power Resources, Inc. - MA",HY,1629,5,5,01 - Cabot Station,10.3,1918,Unknown,Francis,VA Tech,NA,60,13867,8,1H,010802010503,25011
hc1130_p02,hc1130_p02_6,Cabot,42.5874,-72.5798,"FirstLight Power Resources, Inc. - MA",HY,1629,6,6,01 - Cabot Station,10.3,1918,Unknown,Francis,VA Tech,NA,60,13867,8,1H,010802010503,25011
hc1130_p03,hc1130_p03_1,Turners Falls,42.6076,-72.5613,FirstLight Power Resources Services LLC,HY,NA,NA,1,01 - Turners Falls,0.937,1917,Unknown,Francis,I.P. Morris,NA,42,1250,NA,NA,010802010503,25011
hc1131_p01,hc1131_p01_3,Wilder,43.6668,-72.3039,"Great River Hydro, LLC",HY,2353,GEN3,3,01 - Wilder,3.2,1987,Unknown,Francis,Allis-Chalmers,NA,58,4770,2.8,10M,010801040402,33009
hc1131_p01,hc1131_p01_1,Wilder,43.6668,-72.3039,"Great River Hydro, LLC",HY,2353,GEN1,1,01 - Wilder,16.2,1950,Unknown,Kaplan,S. Morgan Smith,NA,49,23750,3,10M,010801040402,33009
hc1131_p01,hc1131_p01_2,Wilder,43.6668,-72.3039,"Great River Hydro, LLC",HY,2353,GEN2,2,01 - Wilder,16.2,1950,Unknown,Kaplan,S. Morgan Smith,NA,49,23750,3,10M,010801040402,33009
hc1132_p01,hc1132_p01_1,Amoskeag,43.0021,-71.4719,"Central Rivers Power NH, LLC",HY,2354,2,1,01 - Amoskeag,5,1922,Unknown,Francis,I.P. Morris,NA,46,6250,0.7,10M,010700060802,33011
hc1132_p01,hc1132_p01_2,Amoskeag,43.0021,-71.4719,"Central Rivers Power NH, LLC",HY,2354,3,2,01 - Amoskeag,5,1922,Unknown,Francis,I.P. Morris,NA,46,6250,0.7,10M,010700060802,33011
hc1132_p01,hc1132_p01_3,Amoskeag,43.0021,-71.4719,"Central Rivers Power NH, LLC",HY,2354,1,3,01 - Amoskeag,6,1924,Unknown,Francis,I.P. Morris,NA,46,7500,0.7,10M,010700060802,33011
hc1133_p01,hc1133_p01_1,Hooksett,43.1014,-71.4666,"Central Rivers Power NH, LLC",HY,2359,1,1,01 - Hooksett,1.6,1927,Unknown,Kaplan,I.P. Morris,NA,14.5,2150,0.5,10M,010700060802,33013
hc1134_p01,hc1134_p01_1,Garvins Falls,43.1655,-71.51,"Central Rivers Power NH, LLC",HY,2357,3,1,01 - Garvins Falls,2.4,1925,Unknown,Kaplan,Allis-Chalmers,NA,30,3500,0.5,10M,010700060302,33013
hc1134_p01,hc1134_p01_2,Garvins Falls,43.1655,-71.51,"Central Rivers Power NH, LLC",HY,2357,4,2,01 - Garvins Falls,3.2,1925,Unknown,Kaplan,Allis-Chalmers,NA,30,4700,0.5,10M,010700060302,33013
hc1134_p01,hc1134_p01_3,Garvins Falls,43.1655,-71.51,"Central Rivers Power NH, LLC",HY,2357,1,3,01 - Garvins Falls,3.4,1981,Unknown,Kaplan,Allis-Chalmers,NA,30,4700,1.3,10M,010700060302,33013
hc1134_p01,hc1134_p01_4,Garvins Falls,43.1655,-71.51,"Central Rivers Power NH, LLC",HY,2357,2,4,01 - Garvins Falls,3.4,1981,Unknown,Kaplan,Allis-Chalmers,NA,30,4700,1.3,10M,010700060302,33013
hc1135_p01,hc1135_p01_1,Parr,34.261,-81.3321,"Dominion Energy South Carolina, Inc",HY,3290,1,1,01 - Parr,2.5,1914,Unknown,Francis,Allis-Chalmers,NA,35,3600,0.2,10M,030501060406,NA
hc1135_p01,hc1135_p01_2,Parr,34.261,-81.3321,"Dominion Energy South Carolina, Inc",HY,3290,2,2,01 - Parr,2.5,1914,Unknown,Francis,Allis-Chalmers,NA,35,3600,0.2,10M,030501060406,NA
hc1135_p01,hc1135_p01_3,Parr,34.261,-81.3321,"Dominion Energy South Carolina, Inc",HY,3290,3,3,01 - Parr,2.5,1914,Unknown,Francis,Allis-Chalmers,NA,35,3600,0.2,10M,030501060406,NA
hc1135_p01,hc1135_p01_4,Parr,34.261,-81.3321,"Dominion Energy South Carolina, Inc",HY,3290,4,4,01 - Parr,2.5,1914,Unknown,Francis,Allis-Chalmers,NA,35,3600,0.2,10M,030501060406,NA
hc1135_p01,hc1135_p01_5,Parr,34.261,-81.3321,"Dominion Energy South Carolina, Inc",HY,3290,5,5,01 - Parr,2.5,1914,Unknown,Francis,Allis-Chalmers,NA,35,3600,0.2,10M,030501060406,NA
hc1135_p01,hc1135_p01_6,Parr,34.261,-81.3321,"Dominion Energy South Carolina, Inc",HY,3290,6,6,01 - Parr,2.5,1921,Unknown,Unknown,NA,NA,NA,NA,0.2,10M,030501060406,NA
hc1136_p01,hc1136_p01_1,Fairfield,34.3122,-81.3281,"Dominion Energy South Carolina, Inc",PS,6126,1,1,01 - Fairfield,73.4,1978,Unknown,Francis,Allis-Chalmers,NA,150,86000,50,10M,030501060403,45039
hc1136_p01,hc1136_p01_2,Fairfield,34.3122,-81.3281,"Dominion Energy South Carolina, Inc",PS,6126,2,2,01 - Fairfield,73.4,1978,Unknown,Francis,Allis-Chalmers,NA,150,86000,50,10M,030501060403,45039
hc1136_p01,hc1136_p01_3,Fairfield,34.3122,-81.3281,"Dominion Energy South Carolina, Inc",PS,6126,3,3,01 - Fairfield,73.4,1978,Unknown,Francis,Allis-Chalmers,NA,150,86000,50,10M,030501060403,45039
hc1136_p01,hc1136_p01_4,Fairfield,34.3122,-81.3281,"Dominion Energy South Carolina, Inc",PS,6126,4,4,01 - Fairfield,73.4,1978,Unknown,Francis,Allis-Chalmers,NA,150,86000,50,10M,030501060403,45039
hc1136_p01,hc1136_p01_5,Fairfield,34.3122,-81.3281,"Dominion Energy South Carolina, Inc",PS,6126,5,5,01 - Fairfield,73.4,1978,Unknown,Francis,Allis-Chalmers,NA,150,86000,50,10M,030501060403,45039
hc1136_p01,hc1136_p01_6,Fairfield,34.3122,-81.3281,"Dominion Energy South Carolina, Inc",PS,6126,6,6,01 - Fairfield,73.4,1978,Unknown,Francis,Allis-Chalmers,NA,150,86000,50,10M,030501060403,45039
hc1136_p01,hc1136_p01_7,Fairfield,34.3122,-81.3281,"Dominion Energy South Carolina, Inc",PS,6126,7,7,01 - Fairfield,73.4,1978,Unknown,Francis,Allis-Chalmers,NA,150,93375,50,10M,030501060403,45039
hc1136_p01,hc1136_p01_8,Fairfield,34.3122,-81.3281,"Dominion Energy South Carolina, Inc",PS,6126,8,8,01 - Fairfield,73.4,1978,Unknown,Francis,Allis-Chalmers,NA,150,93375,50,10M,030501060403,45039
hc1137_p01,hc1137_p01_4,Columbia Canal,34.0333,-81.0667,City of Columbia SC,HY,3283,4,4,01 - Columbia Canal,1.3,1953,Unknown,Francis,James Leffel & Co.,NA,25,1500,1,10M,030501060708,45079
hc1137_p01,hc1137_p01_5,Columbia Canal,34.0333,-81.0667,City of Columbia SC,HY,3283,5,5,01 - Columbia Canal,1.3,1953,Unknown,Francis,James Leffel & Co.,NA,25,1500,1,10M,030501060708,45079
hc1137_p01,hc1137_p01_1,Columbia Canal,34.0333,-81.0667,City of Columbia SC,HY,3283,1,1,01 - Columbia Canal,1.6,1929,Unknown,Francis,S. Morgan Smith,NA,25,1780,1,10M,030501060708,45079
hc1137_p01,hc1137_p01_2,Columbia Canal,34.0333,-81.0667,City of Columbia SC,HY,3283,2,2,01 - Columbia Canal,1.6,1929,Unknown,Francis,James Leffel & Co.,NA,25,1500,1,10M,030501060708,45079
hc1137_p01,hc1137_p01_3,Columbia Canal,34.0333,-81.0667,City of Columbia SC,HY,3283,3,3,01 - Columbia Canal,1.6,1929,Unknown,Francis,James Leffel & Co.,NA,25,1500,1,10M,030501060708,45079
hc1137_p01,hc1137_p01_6,Columbia Canal,34.0333,-81.0667,City of Columbia SC,HY,3283,6,6,01 - Columbia Canal,1.6,1928,Unknown,Francis,S. Morgan Smith,NA,25,1780,1,10M,030501060708,45079
hc1137_p01,hc1137_p01_7,Columbia Canal,34.0333,-81.0667,City of Columbia SC,HY,3283,7,7,01 - Columbia Canal,1.6,1927,Unknown,Francis,James Leffel & Co.,NA,25,1500,1,10M,030501060708,45079
hc1138_p01,hc1138_p01_1,Vernon,42.7711,-72.5134,"Great River Hydro, LLC",HY,2352,1,1,01 - Vernon,2,1909,Unknown,Francis,S. Morgan Smith,NA,35,4190,2,10M,010801070507,33005
hc1138_p01,hc1138_p01_2,Vernon,42.7711,-72.5134,"Great River Hydro, LLC",HY,2352,2,2,01 - Vernon,2,1909,Unknown,Francis,S. Morgan Smith,NA,35,4190,2,10M,010801070507,33005
hc1138_p01,hc1138_p01_3,Vernon,42.7711,-72.5134,"Great River Hydro, LLC",HY,2352,3,3,01 - Vernon,2,1909,Unknown,Francis,S. Morgan Smith,NA,35,4190,2,10M,010801070507,33005
hc1138_p01,hc1138_p01_4,Vernon,42.7711,-72.5134,"Great River Hydro, LLC",HY,2352,4,4,01 - Vernon,2.5,1909,Unknown,Francis,S. Morgan Smith,NA,35,4190,2,10M,010801070507,33005
hc1138_p01,hc1138_p01_6,Vernon,42.7711,-72.5134,"Great River Hydro, LLC",HY,2352,9,6,01 - Vernon,4.2,1921,Unknown,Francis,S. Morgan Smith,NA,34,6000,3,10M,010801070507,33005
hc1138_p01,hc1138_p01_7,Vernon,42.7711,-72.5134,"Great River Hydro, LLC",HY,2352,5,7,01 - Vernon,4.5,2008,Unknown,Francis,Litostroj,NA,32,5364,3,10M,010801070507,33005
hc1138_p01,hc1138_p01_8,Vernon,42.7711,-72.5134,"Great River Hydro, LLC",HY,2352,8,8,01 - Vernon,4.5,2008,Unknown,Francis,Litostroj,NA,32,5364,3,10M,010801070507,33005
hc1138_p01,hc1138_p01_9,Vernon,42.7711,-72.5134,"Great River Hydro, LLC",HY,2352,6A,9,01 - Vernon,5,2008,Unknown,Unknown,NA,NA,NA,NA,3,10M,010801070507,33005
hc1138_p01,hc1138_p01_10,Vernon,42.7711,-72.5134,"Great River Hydro, LLC",HY,2352,7A,10,01 - Vernon,5,2008,Unknown,Unknown,NA,NA,NA,NA,3,10M,010801070507,33005
hc1138_p01,hc1138_p01_5,Vernon,42.7711,-72.5134,"Great River Hydro, LLC",HY,2352,10,5,01 - Vernon,4.2,1921,Unknown,Francis,S. Morgan Smith,NA,34,6000,4,10M,010801070507,33005
hc1139_p01,hc1139_p01_1,Silvis Lake,55.3792,-131.5167,Ketchikan Public Utilities,HY,6581,1,1,01 - Upper Silvis,2.1,1976,Unknown,Francis,Allis-Chalmers,NA,288,3000,0.1,1H,1.90101E+11,NA
hc1140_p01,hc1140_p01_1,Beaver Falls,55.3833,-131.5,Ketchikan Public Utilities,HY,6580,1,1,01 - Beaver Falls,1,1947,Unknown,Pelton,Pelton Water Wheel Company,NA,600,NA,0.3,1H,1.90101E+11,NA
hc1140_p01,hc1140_p01_2,Beaver Falls,55.3833,-131.5,Ketchikan Public Utilities,HY,6580,3,2,01 - Lower Silvis,2.2,1954,Unknown,Pelton,S. Morgan Smith,NA,800,3600,0.3,1H,1.90101E+11,NA
hc1140_p01,hc1140_p01_3,Beaver Falls,55.3833,-131.5,Ketchikan Public Utilities,HY,6580,4,3,01 - Lower Silvis,2.2,1954,Unknown,Pelton,S. Morgan Smith,NA,800,3600,0.3,1H,1.90101E+11,NA
hc1141_p01,hc1141_p01_1,Soda Springs,43.303,-122.4937,PacifiCorp,HY,3037,1,1,01 - Soda Springs,11,1952,Unknown,Francis,Allis-Chalmers,NA,107,16000,0,10M,1.71003E+11,41019
hc1142_p01,hc1142_p01_1,Slide Creek,43.275143,-122.448798,PacifiCorp,HY,3036,1,1,01 - Slide Creek,18,1951,Unknown,Francis,Allis-Chalmers,NA,169,25000,0,10M,1.71003E+11,41019
hc1143_p01,hc1143_p01_1,Fish Creek,43.2703,-122.4554,PacifiCorp,HY,3026,1,1,01 - Fish Creek,11,1952,Unknown,Pelton,Pelton Water Wheel Company,NA,995,15400,0,10M,1.71003E+11,41019
hc1144_p01,hc1144_p01_1,Toketee,43.2642,-122.4194,PacifiCorp,HY,3040,1,1,01 - Toketee,14.2,1949,Unknown,Francis,S. Morgan Smith,NA,440,21200,0,10M,1.71003E+11,41019
hc1144_p01,hc1144_p01_2,Toketee,43.2642,-122.4194,PacifiCorp,HY,3040,2,2,01 - Toketee,14.2,1949,Unknown,Francis,S. Morgan Smith,NA,440,21200,0,10M,1.71003E+11,41019
hc1144_p01,hc1144_p01_3,Toketee,43.2642,-122.4194,PacifiCorp,HY,3040,3,3,01 - Toketee,14.2,1949,Unknown,Francis,S. Morgan Smith,NA,440,21200,0,10M,1.71003E+11,41019
hc1145_p01,hc1145_p01_1,Clearwater 2,43.2647,-122.4081,PacifiCorp,HY,3021,1,1,01 - Clearwater No. 2,26,1953,Unknown,Francis,S. Morgan Smith,NA,722,36000,0,10M,1.71003E+11,41019
hc1146_p01,hc1146_p01_1,Clearwater 1,43.2567,-122.32,PacifiCorp,HY,3020,1,1,01 - Clearwater No. 1,15,1953,Unknown,Francis,S. Morgan Smith,NA,616,21000,0,10M,1.71003E+11,41019
hc1147_p01,hc1147_p01_1,Lemolo 2,43.2918,-122.4026,PacifiCorp,HY,6421,1,1,01 - Lemolo No. 2,43.7,1956,Unknown,Francis,Allis-Chalmers,NA,705,46000,0,10M,1.71003E+11,41019
hc1148_p01,hc1148_p01_1,Lemolo 1,43.3226,-122.1934,PacifiCorp,HY,3029,1,1,01 - Lemolo No. 1,32,1955,Unknown,Francis,Allis-Chalmers,NA,710,40000,0,10M,1.71003E+11,41019
hc1149_p01,hc1149_p01_1,Kern River No. 1,35.5283,-118.6711,Southern California Edison Co,HY,340,1,1,01 - Kern River No. 1,6.6,1907,Unknown,Pelton,NA,NA,865,10750,0,10M,1.803E+11,06029
hc1149_p01,hc1149_p01_2,Kern River No. 1,35.5283,-118.6711,Southern California Edison Co,HY,340,2,2,01 - Kern River No. 1,6.6,1907,Unknown,Pelton,NA,NA,865,10750,0,10M,1.803E+11,06029
hc1149_p01,hc1149_p01_3,Kern River No. 1,35.5283,-118.6711,Southern California Edison Co,HY,340,3,3,01 - Kern River No. 1,6.6,1907,Unknown,Pelton,NA,NA,865,10750,0,10M,1.803E+11,06029
hc1149_p01,hc1149_p01_4,Kern River No. 1,35.5283,-118.6711,Southern California Edison Co,HY,340,4,4,01 - Kern River No. 1,6.6,1907,Unknown,Pelton,NA,NA,865,10750,0,10M,1.803E+11,06029
hc1150_p01,hc1150_p01_1,Lytle Creek,34.2316,-117.4842,Southern California Edison Co,HY,343,1,1,01 - Lytle Creek,0.25,1904,Unknown,Unknown,NA,NA,454,500,NA,NA,1.80702E+11,06071
hc1150_p01,hc1150_p01_2,Lytle Creek,34.2316,-117.4842,Southern California Edison Co,HY,343,2,2,01 - Lytle Creek,0.25,1904,Unknown,Unknown,NA,NA,454,500,NA,NA,1.80702E+11,06071
hc1151_p01,hc1151_p01_1,Santa Ana 1,34.145262,-117.058216,Southern California Edison Co,HY,361,1,1,01 - Santa Ana No. 1,0.8,1899,Unknown,Pelton,NA,NA,723,1000,0,10M,1.80702E+11,06071
hc1151_p01,hc1151_p01_2,Santa Ana 1,34.145262,-117.058216,Southern California Edison Co,HY,361,2,2,01 - Santa Ana No. 1,0.8,1899,Unknown,Pelton,NA,NA,723,1000,0,10M,1.80702E+11,06071
hc1151_p01,hc1151_p01_3,Santa Ana 1,34.145262,-117.058216,Southern California Edison Co,HY,361,3,3,01 - Santa Ana No. 1,0.8,1899,Unknown,Pelton,NA,NA,723,1000,0,10M,1.80702E+11,06071
hc1151_p01,hc1151_p01_4,Santa Ana 1,34.145262,-117.058216,Southern California Edison Co,HY,361,4,4,01 - Santa Ana No. 1,0.8,1899,Unknown,Pelton,NA,NA,723,1000,0,10M,1.80702E+11,06071
hc1151_p02,hc1151_p02_1,Santa Ana 2,34.145262,-117.058216,Southern California Edison Co,HY,362,1,1,NA,0.4,1905,Unknown,Unknown,NA,NA,NA,NA,NA,NA,1.80702E+11,06071
hc1151_p02,hc1151_p02_2,Santa Ana 2,34.145262,-117.058216,Southern California Edison Co,HY,362,2,2,NA,0.4,1905,Unknown,Unknown,NA,NA,NA,NA,NA,NA,1.80702E+11,06071
hc1151_p03,hc1151_p03_1,Santa Ana 3,34.145262,-117.058216,Southern California Edison Co,HY,363,1,1,02 - Santa Ana No. 3,3.1,1999,Unknown,Pelton,Bouvier,NA,571,4162,0,10M,1.80702E+11,06071
hc1152_p01,hc1152_p01_1,Mill Creek 1,34.089189,-117.039175,Southern California Edison Co,HY,346,1,1,NA,0.8,1893,Unknown,Unknown,NA,NA,NA,NA,NA,NA,1.80702E+11,06071
hc1152_p02,hc1152_p02_1,Mill Creek 2,34.089189,-117.039175,Southern California Edison Co,HY,9762,1,1,01 - Mill Creek No. 2 and No. 3,0.25,1904,Unknown,Unknown,NA,NA,604,350,NA,NA,1.80702E+11,06071
hc1152_p03,hc1152_p03_1,Mill Creek 3,34.089189,-117.039175,Southern California Edison Co,HY,7147,3,1,01 - Mill Creek No. 2 and No. 3,1,1903,Unknown,Unknown,NA,NA,1771,1300,0,10M,1.80702E+11,06071
hc1152_p03,hc1152_p03_2,Mill Creek 3,34.089189,-117.039175,Southern California Edison Co,HY,7147,4,2,01 - Mill Creek No. 2 and No. 3,1,1904,Unknown,Unknown,NA,NA,1771,1300,0,10M,1.80702E+11,06071
hc1152_p03,hc1152_p03_3,Mill Creek 3,34.089189,-117.039175,Southern California Edison Co,HY,7147,5,3,01 - Mill Creek No. 2 and No. 3,1,1904,Unknown,Unknown,NA,NA,1771,1300,0,10M,1.80702E+11,06071
hc1153_p01,hc1153_p01_1,Tomahawk,45.4417,-89.73,Wisconsin Public Service Corp,HY,4075,1,1,01 - Tomahak,1.3,1938,Unknown,Kaplan,S. Morgan Smith,NA,16.5,2070,0,10M,070700011306,55069
hc1153_p01,hc1153_p01_2,Tomahawk,45.4417,-89.73,Wisconsin Public Service Corp,HY,4075,2,2,01 - Tomahak,1.3,1938,Unknown,Kaplan,S. Morgan Smith,NA,16.5,2070,0,10M,070700011306,55069
hc1153_p02,hc1153_p02_1,Packaging of America Tomahawk Mill,45.441721,-89.730191,PCA-Tomahawk Mill,HY,50476,GEN3,1,NA,1,1920,Unknown,Unknown,NA,NA,NA,NA,0.1,10M,070700011306,55069
hc1153_p02,hc1153_p02_2,Packaging of America Tomahawk Mill,45.441721,-89.730191,PCA-Tomahawk Mill,HY,50476,GEN4,2,NA,1,1920,Unknown,Unknown,NA,NA,NA,NA,0.1,10M,070700011306,55069
hc1153_p02,hc1153_p02_3,Packaging of America Tomahawk Mill,45.441721,-89.730191,PCA-Tomahawk Mill,HY,50476,GEN5,3,NA,1,1920,Unknown,Unknown,NA,NA,NA,NA,0.1,10M,070700011306,55069
hc1154_p01,hc1154_p01_1,Sinclair,33.1405,-83.2018,Georgia Power Co,HY,722,1,1,01 - Sinclair,22.5,1953,Unknown,Francis,S. Morgan Smith,NA,92,30500,21.9,1H,030701011805,13009
hc1154_p01,hc1154_p01_2,Sinclair,33.1405,-83.2018,Georgia Power Co,HY,722,2,2,01 - Sinclair,22.5,1953,Unknown,Francis,S. Morgan Smith,NA,92,30500,21.9,1H,030701011805,13009
hc1155_p01,hc1155_p01_1,Du Bay,44.6633,-89.6517,Consolidated Water Power Co,HY,3972,1,1,01 - Du Bay,1.2,1941,Unknown,Kaplan,James Leffel & Co.,NA,25,3000,1.2,12H,070700021807,55097
hc1155_p01,hc1155_p01_2,Du Bay,44.6633,-89.6517,Consolidated Water Power Co,HY,3972,2,2,01 - Du Bay,2,1941,Unknown,Kaplan,James Leffel & Co.,NA,25,3000,2,12H,070700021807,55097
hc1155_p01,hc1155_p01_3,Du Bay,44.6633,-89.6517,Consolidated Water Power Co,HY,3972,3,3,01 - Du Bay,2,1941,Unknown,Kaplan,James Leffel & Co.,NA,25,1680,2,12H,070700021807,55097
hc1155_p01,hc1155_p01_4,Du Bay,44.6633,-89.6517,Consolidated Water Power Co,HY,3972,4,4,01 - Du Bay,2,1941,Unknown,Kaplan,James Leffel & Co.,NA,25,3000,2,12H,070700021807,55097
hc1156_p01,hc1156_p01_1,Otter Rapids,45.9033,-89.32,Wisconsin Public Service Corp,HY,4069,3,1,NA,0.25,1924,Unknown,Unknown,NA,NA,NA,NA,NA,NA,070700010404,55125
hc1156_p01,hc1156_p01_2,Otter Rapids,45.9033,-89.32,Wisconsin Public Service Corp,HY,4069,1,2,01 - Otter Rapids,0.25,1927,Unknown,Francis,S. Morgan Smith,NA,12,370,NA,NA,070700010404,55125
hc1156_p01,hc1156_p01_3,Otter Rapids,45.9033,-89.32,Wisconsin Public Service Corp,HY,4069,2,3,01 - Otter Rapids,0.2,1992,Unknown,Francis,Kiser Johnson,NA,12,275,NA,NA,070700010404,55125
hc1157_p01,hc1157_p01_1,Flambeau,45.4919,-91.0473,Dairyland Power Coop,HY,4142,2,1,01 - Flambeau,6.2,1951,Unknown,Kaplan,S. Morgan Smith,NA,62,8600,0.5,10M,070500020703,55107
hc1157_p01,hc1157_p01_2,Flambeau,45.4919,-91.0473,Dairyland Power Coop,HY,4142,1,2,01 - Flambeau,7.9,1951,Unknown,Kaplan,S. Morgan Smith,NA,62,8600,0.5,10M,070500020703,55107
hc1157_p01,hc1157_p01_3,Flambeau,45.4919,-91.0473,Dairyland Power Coop,HY,4142,3,3,01 - Flambeau,7.9,1951,Unknown,Kaplan,S. Morgan Smith,NA,62,8600,0.5,10M,070500020703,55107
hc1158_p01,hc1158_p01_1,Cresta,39.8805,-121.3702,Pacific Gas & Electric Co.,HY,231,1,1,01 - Cresta,36.9,1949,Unknown,Francis,Pelton Water Wheel Company,NA,254,46500,0,10M,1.80201E+11,06063
hc1158_p01,hc1158_p01_2,Cresta,39.8805,-121.3702,Pacific Gas & Electric Co.,HY,231,2,2,01 - Cresta,36.9,1950,Unknown,Unknown,NA,NA,NA,NA,0,10M,1.80201E+11,06063
hc1159_p01,hc1159_p01_1,Rock Creek,39.9866,-121.2834,Pacific Gas & Electric Co.,HY,275,H1,1,01 - Rock Creek,63,1950,Unknown,Francis,Newport News,NA,481,73500,0,10M,1.80201E+11,06063
hc1159_p01,hc1159_p01_2,Rock Creek,39.9866,-121.2834,Pacific Gas & Electric Co.,HY,275,H2,2,01 - Rock Creek,63,1950,Unknown,Unknown,NA,NA,NA,NA,0,10M,1.80201E+11,06063
hc1160_p01,hc1160_p01_1,Grandfather Falls,45.3133,-89.785,Wisconsin Public Service Corp,HY,4063,2,1,01 - Grandfather Falls,6.2,1938,Unknown,Francis,S. Morgan Smith,NA,91,8350,0,10M,070700020402,55069
hc1160_p01,hc1160_p01_2,Grandfather Falls,45.3133,-89.785,Wisconsin Public Service Corp,HY,4063,1,2,01 - Grandfather Falls,11,1938,Unknown,Francis,S. Morgan Smith,NA,91,14700,0,10M,070700020402,55069
hc1161_p01,hc1161_p01_1,Hat Rapids,45.5717,-89.48,Wisconsin Public Service Corp,HY,4064,1,1,01 - Hat Rapids - West Plant,0.8,1923,Unknown,Kaplan,Allis-Chalmers,NA,20,1175,0,10M,070700011302,55085
hc1161_p01,hc1161_p01_2,Hat Rapids,45.5717,-89.48,Wisconsin Public Service Corp,HY,4064,3A,2,02 - Hat Rapids - East Plant,0.4,1984,Unknown,Francis,Allis-Chalmers,NA,20,725,0,10M,070700011302,55085
hc1161_p01,hc1161_p01_3,Hat Rapids,45.5717,-89.48,Wisconsin Public Service Corp,HY,4064,2A,3,02 - Hat Rapids - East Plant,0.5,1984,Unknown,Francis,James Leffel & Co.,NA,20,780,0,10M,070700011302,55085
hc1162_p01,hc1162_p01_1,Brownlee,44.8368,-116.9006,Idaho Power Co,HY,811,1,1,01 - Hells Canyon-Brownlee,112.5,1958,Unknown,Francis,S. Morgan Smith,NA,250,144000,0,10M,1.70502E+11,16087
hc1162_p01,hc1162_p01_2,Brownlee,44.8368,-116.9006,Idaho Power Co,HY,811,2,2,01 - Hells Canyon-Brownlee,112.5,1958,Unknown,Francis,S. Morgan Smith,NA,250,144000,0,10M,1.70502E+11,16087
hc1162_p01,hc1162_p01_3,Brownlee,44.8368,-116.9006,Idaho Power Co,HY,811,3,3,01 - Hells Canyon-Brownlee,112.5,1958,Unknown,Francis,S. Morgan Smith,NA,250,144000,0,10M,1.70502E+11,16087
hc1162_p01,hc1162_p01_4,Brownlee,44.8368,-116.9006,Idaho Power Co,HY,811,4,4,01 - Hells Canyon-Brownlee,112.5,1958,Unknown,Francis,S. Morgan Smith,NA,250,144000,0,10M,1.70502E+11,16087
hc1162_p01,hc1162_p01_5,Brownlee,44.8368,-116.9006,Idaho Power Co,HY,811,5,5,01 - Hells Canyon-Brownlee,225,1980,Unknown,Francis,Hitachi,NA,240,301609,0,10M,1.70502E+11,16087
hc1163_p01,hc1163_p01_1,Oxbow,44.9709,-116.8346,Idaho Power Co,HY,3014,1,1,01 - Hells Canyon-Oxbow Dev,47.5,1961,Unknown,Francis,Newport News,NA,115,73000,0,10M,1.70502E+11,41001
hc1163_p01,hc1163_p01_2,Oxbow,44.9709,-116.8346,Idaho Power Co,HY,3014,2,2,01 - Hells Canyon-Oxbow Dev,47.5,1961,Unknown,Francis,Newport News,NA,115,73000,0,10M,1.70502E+11,41001
hc1163_p01,hc1163_p01_3,Oxbow,44.9709,-116.8346,Idaho Power Co,HY,3014,3,3,01 - Hells Canyon-Oxbow Dev,47.5,1961,Unknown,Francis,Newport News,NA,115,73000,0,10M,1.70502E+11,41001
hc1163_p01,hc1163_p01_4,Oxbow,44.9709,-116.8346,Idaho Power Co,HY,3014,4,4,01 - Hells Canyon-Oxbow Dev,47.5,1961,Unknown,Francis,Newport News,NA,115,73000,0,10M,1.70502E+11,41001
hc1164_p01,hc1164_p01_1,Hells Canyon,45.2431,-116.7005,Idaho Power Co,HY,3013,1,1,01 - Hells Canyon,130.5,1967,Unknown,Francis,Newport News,NA,210,195000,0,10M,1.70601E+11,41063
hc1164_p01,hc1164_p01_2,Hells Canyon,45.2431,-116.7005,Idaho Power Co,HY,3013,2,2,01 - Hells Canyon,130.5,1967,Unknown,Francis,Newport News,NA,210,195000,0,10M,1.70601E+11,41063
hc1164_p01,hc1164_p01_3,Hells Canyon,45.2431,-116.7005,Idaho Power Co,HY,3013,3,3,01 - Hells Canyon,150.1,1967,Unknown,Francis,Newport News,NA,210,195000,0,10M,1.70601E+11,41063
hc1165_p01,hc1165_p01_1,Bliss,42.9131,-115.0686,Idaho Power Co,HY,810,1,1,01 - Bliss,25,1949,Unknown,Kaplan,Newport News,NA,70,32500,0,10M,1.70402E+11,NA
hc1165_p01,hc1165_p01_2,Bliss,42.9131,-115.0686,Idaho Power Co,HY,810,2,2,01 - Bliss,25,1950,Unknown,Kaplan,Newport News,NA,70,32500,0,10M,1.70402E+11,NA
hc1165_p01,hc1165_p01_3,Bliss,42.9131,-115.0686,Idaho Power Co,HY,810,3,3,01 - Bliss,25,1950,Unknown,Kaplan,S. Morgan Smith,NA,75,34600,0,10M,1.70402E+11,NA
hc1166_p01,hc1166_p01_1,Alexander,45.1883,-89.755,Wisconsin Public Service Corp,HY,4060,1,1,01 - Alexander,1.4,1925,Unknown,Francis,S. Morgan Smith,NA,23,2216,0,10M,070700020404,55069
hc1166_p01,hc1166_p01_2,Alexander,45.1883,-89.755,Wisconsin Public Service Corp,HY,4060,2,2,01 - Alexander,1.4,1925,Unknown,Francis,S. Morgan Smith,NA,23,2216,0,10M,070700020404,55069
hc1166_p01,hc1166_p01_3,Alexander,45.1883,-89.755,Wisconsin Public Service Corp,HY,4060,3,3,01 - Alexander,1.4,1999,Unknown,Francis,American Hydro,NA,23,2650,0,10M,070700020404,55069
hc1167_p01,hc1167_p01_1,Big Quinnesec Falls,45.7867,-88.0417,Wisconsin Electric Power Co,HY,7820,1,1,01 - Big Quinnesec Falls,8,1949,Unknown,Francis,Allis-Chalmers,NA,92,11000,3.2,10M,040301080704,26043
hc1167_p01,hc1167_p01_2,Big Quinnesec Falls,45.7867,-88.0417,Wisconsin Electric Power Co,HY,7820,2,2,01 - Big Quinnesec Falls,8,1949,Unknown,Francis,Allis-Chalmers,NA,92,11000,3.2,10M,040301080704,26043
hc1167_p02,hc1167_p02_1,Old Quinnesec Falls,45.7867,-88.0417,Wisconsin Electric Power Co,HY,7821,4,1,02 - Old Quinnesec Falls,2.2,1914,Unknown,Francis,Allis-Chalmers,NA,56,2800,1,10M,040301080705,26043
hc1167_p02,hc1167_p02_2,Old Quinnesec Falls,45.7867,-88.0417,Wisconsin Electric Power Co,HY,7821,5,2,02 - Old Quinnesec Falls,2.2,1914,Unknown,Francis,Allis-Chalmers,NA,56,2800,1,10M,040301080705,26043
hc1168_p01,hc1168_p01_1,Stiles,44.8579,-88.0536,Oconto Electric Cooperative,HY,4147,1,1,01 - Stiles,0.5,1949,Unknown,Kaplan,NA,NA,18.5,750,0.1,10M,040301040505,55083
hc1168_p01,hc1168_p01_2,Stiles,44.8579,-88.0536,Oconto Electric Cooperative,HY,4147,2,2,01 - Stiles,0.5,1949,Unknown,Kaplan,NA,NA,18.5,750,0.1,10M,040301040505,55083
hc1169_p01,hc1169_p01_1,Holcombe,45.2244,-91.1278,Northern States Power Co - Minnesota,HY,4007,1,1,01 - Holcombe,11.3,1950,Unknown,Kaplan,Baldwin,NA,42,16000,2.8,1H,070500050104,55017
hc1169_p01,hc1169_p01_2,Holcombe,45.2244,-91.1278,Northern States Power Co - Minnesota,HY,4007,2,2,01 - Holcombe,11.3,1950,Unknown,Kaplan,Baldwin,NA,42,16000,2.8,1H,070500050104,55017
hc1169_p01,hc1169_p01_3,Holcombe,45.2244,-91.1278,Northern States Power Co - Minnesota,HY,4007,3,3,NA,11.3,1950,Unknown,Unknown,NA,NA,NA,NA,2.8,1H,070500050104,55017
hc1170_p01,hc1170_p01_1,Castle Rock,43.8633,-89.9567,Wisconsin River Power Company,HY,4079,1,1,01 - Castle Rock,3,1950,Unknown,Kaplan,S. Morgan Smith,NA,28,4370,0,10M,070700031809,55001
hc1170_p01,hc1170_p01_2,Castle Rock,43.8633,-89.9567,Wisconsin River Power Company,HY,4079,2,2,01 - Castle Rock,3,1950,Unknown,Kaplan,S. Morgan Smith,NA,28,4370,0,10M,070700031809,55001
hc1170_p01,hc1170_p01_3,Castle Rock,43.8633,-89.9567,Wisconsin River Power Company,HY,4079,3,3,01 - Castle Rock,3,1950,Unknown,Kaplan,S. Morgan Smith,NA,28,4370,0,10M,070700031809,55001
hc1170_p01,hc1170_p01_4,Castle Rock,43.8633,-89.9567,Wisconsin River Power Company,HY,4079,4,4,01 - Castle Rock,3,1950,Unknown,Kaplan,S. Morgan Smith,NA,28,4370,0,10M,070700031809,55001
hc1170_p01,hc1170_p01_5,Castle Rock,43.8633,-89.9567,Wisconsin River Power Company,HY,4079,5,5,01 - Castle Rock,3,1950,Unknown,Kaplan,S. Morgan Smith,NA,28,4370,0,10M,070700031809,55001
hc1171_p01,hc1171_p01_1,Petenwell,44.0567,-89.02,Wisconsin River Power Company,HY,4080,1,1,01 - Petenwell,5,1949,Unknown,Kaplan,S. Morgan Smith,NA,41,7200,0,10M,070700030705,55001
hc1171_p01,hc1171_p01_2,Petenwell,44.0567,-89.02,Wisconsin River Power Company,HY,4080,2,2,01 - Petenwell,5,1949,Unknown,Kaplan,S. Morgan Smith,NA,41,7200,0,10M,070700030705,55001
hc1171_p01,hc1171_p01_3,Petenwell,44.0567,-89.02,Wisconsin River Power Company,HY,4080,3,3,01 - Petenwell,5,1949,Unknown,Kaplan,S. Morgan Smith,NA,41,7200,0,10M,070700030705,55001
hc1171_p01,hc1171_p01_4,Petenwell,44.0567,-89.02,Wisconsin River Power Company,HY,4080,4,4,01 - Petenwell,5,1949,Unknown,Kaplan,S. Morgan Smith,NA,41,7200,0,10M,070700030705,55001
hc1172_p01,hc1172_p01_1,Haas,37.0042,-118.9684,Pacific Gas & Electric Co.,HY,240,H2,1,01 - Haas,67.5,1958,Unknown,Unknown,NA,NA,NA,NA,0,10M,1.803E+11,06019
hc1172_p01,hc1172_p01_2,Haas,37.0042,-118.9684,Pacific Gas & Electric Co.,HY,240,H1,2,01 - Haas,67.5,1958,Unknown,Pelton,NA,NA,2271,92000,0,10M,1.803E+11,06019
hc1172_p02,hc1172_p02_1,Kings River,37.0042,-118.9684,Pacific Gas & Electric Co.,HY,254,H1,1,02 - Kings River,48.6,1962,Unknown,Francis,NA,NA,738,67550,0,10M,1.803E+11,06019
hc1173_p01,hc1173_p01_1,Merrill,45.1783,-89.6867,Wisconsin Public Service Corp,HY,4068,1,1,01 - Merrill,0.4,1917,Unknown,Francis,Allis-Chalmers,NA,14,575,0,10M,070700021401,55069
hc1173_p01,hc1173_p01_2,Merrill,45.1783,-89.6867,Wisconsin Public Service Corp,HY,4068,2,2,01 - Merrill,0.4,1917,Unknown,Francis,Allis-Chalmers,NA,14,575,0,10M,070700021401,55069
hc1173_p01,hc1173_p01_3,Merrill,45.1783,-89.6867,Wisconsin Public Service Corp,HY,4068,3,3,02 - New,1.5,1985,Unknown,Kaplan,Axel Johnson,NA,14,2012,0,10M,070700021401,55069
hc1174_p01,hc1174_p01_1,Moyie Springs,48.7333,-116.1733,City of Bonners Ferry,HY,6506,2,1,01 - Pwrhouse #1,0.4,1921,Unknown,Francis,James Leffel & Co.,NA,170,600,0.3,1H,1.70101E+11,16021
hc1174_p01,hc1174_p01_2,Moyie Springs,48.7333,-116.1733,City of Bonners Ferry,HY,6506,1,2,02 - Pwrhouse #2,1,1941,Unknown,Francis,James Leffel & Co.,NA,205,1350,0.7,1H,1.70101E+11,16021
hc1174_p01,hc1174_p01_3,Moyie Springs,48.7333,-116.1733,City of Bonners Ferry,HY,6506,3,3,02 - Pwrhouse #2,1,1949,Unknown,Francis,James Leffel & Co.,NA,205,1350,0.7,1H,1.70101E+11,16021
hc1174_p01,hc1174_p01_4,Moyie Springs,48.7333,-116.1733,City of Bonners Ferry,HY,6506,4,4,03 - Pwrhouse #3,1.5,1982,Unknown,Francis,James Leffel & Co.,NA,179,2000,1.2,1H,1.70101E+11,16021
hc1175_p01,hc1175_p01_1,Snake Creek,40.5605,-111.5289,Heber Light & Power Company,HY,3658,1,1,NA,0.6,1910,Unknown,Unknown,NA,NA,NA,NA,0.1,1H,1.60202E+11,49051
hc1175_p01,hc1175_p01_2,Snake Creek,40.5605,-111.5289,Heber Light & Power Company,HY,3658,2,2,NA,0.6,1910,Unknown,Unknown,NA,NA,NA,NA,0.1,1H,1.60202E+11,49051
hc1175_p02,hc1175_p02_1,Snake Creek,40.5605,-111.5289,Heber Light & Power Company,HY,NA,1,1,NA,0.8,1910,Unknown,Unknown,NA,NA,NA,NA,0.1,1H,1.60202E+11,49051
hc1176_p01,hc1176_p01_1,Wausau,44.9567,-89.635,Wisconsin Public Service Corp,HY,4077,2,1,01 - Wausau,1.8,1921,Unknown,Francis,Allis-Chalmers,NA,25,3660,0,10M,070700021403,55073
hc1176_p01,hc1176_p01_2,Wausau,44.9567,-89.635,Wisconsin Public Service Corp,HY,4077,1,2,NA,1.8,1921,Unknown,Unknown,NA,NA,NA,NA,0,10M,070700021403,55073
hc1176_p01,hc1176_p01_3,Wausau,44.9567,-89.635,Wisconsin Public Service Corp,HY,4077,3,3,01 - Wausau,1.8,1924,Unknown,Francis,S. Morgan Smith,NA,25,2660,0,10M,070700021403,55073
hc1177_p01,hc1177_p01_1,Robert Moses - St. Lawrence,45.0065,-74.7949,New York Power Authority,HY,2694,19,1,01 - Robert Moses - St. Lawrence,57,1958,Unknown,Kaplan,Allis-Chalmers,NA,81,76000,1,10M,041503010301,36089
hc1177_p01,hc1177_p01_2,Robert Moses - St. Lawrence,45.0065,-74.7949,New York Power Authority,HY,2694,20,2,01 - Robert Moses - St. Lawrence,57,1958,Unknown,Kaplan,Allis-Chalmers,NA,81,76000,1,10M,041503010301,36089
hc1177_p01,hc1177_p01_3,Robert Moses - St. Lawrence,45.0065,-74.7949,New York Power Authority,HY,2694,23,3,01 - Robert Moses - St. Lawrence,57,1958,Unknown,Kaplan,Allis-Chalmers,NA,81,76000,1,10M,041503010301,36089
hc1177_p01,hc1177_p01_4,Robert Moses - St. Lawrence,45.0065,-74.7949,New York Power Authority,HY,2694,17,4,01 - Robert Moses - St. Lawrence,57,1958,Unknown,Kaplan,American Hydro,NA,81,76000,1,10M,041503010301,36089
hc1177_p01,hc1177_p01_5,Robert Moses - St. Lawrence,45.0065,-74.7949,New York Power Authority,HY,2694,18,5,01 - Robert Moses - St. Lawrence,57,1958,Unknown,Kaplan,American Hydro,NA,81,76000,1,10M,041503010301,36089
hc1177_p01,hc1177_p01_6,Robert Moses - St. Lawrence,45.0065,-74.7949,New York Power Authority,HY,2694,24,6,01 - Robert Moses - St. Lawrence,57,1958,Unknown,Kaplan,Allis-Chalmers,NA,81,76000,1,10M,041503010301,36089
hc1177_p01,hc1177_p01_7,Robert Moses - St. Lawrence,45.0065,-74.7949,New York Power Authority,HY,2694,21,7,01 - Robert Moses - St. Lawrence,57,1958,Unknown,Kaplan,American Hydro,NA,81,76000,1,10M,041503010301,36089
hc1177_p01,hc1177_p01_8,Robert Moses - St. Lawrence,45.0065,-74.7949,New York Power Authority,HY,2694,22,8,01 - Robert Moses - St. Lawrence,57,1958,Unknown,Kaplan,American Hydro,NA,81,76000,1,10M,041503010301,36089
hc1177_p01,hc1177_p01_9,Robert Moses - St. Lawrence,45.0065,-74.7949,New York Power Authority,HY,2694,25,9,01 - Robert Moses - St. Lawrence,57,1958,Unknown,Kaplan,American Hydro,NA,81,76000,1,10M,041503010301,36089
hc1177_p01,hc1177_p01_10,Robert Moses - St. Lawrence,45.0065,-74.7949,New York Power Authority,HY,2694,27,10,01 - Robert Moses - St. Lawrence,57,1959,Unknown,Kaplan,Allis-Chalmers,NA,81,76000,1,10M,041503010301,36089
hc1177_p01,hc1177_p01_11,Robert Moses - St. Lawrence,45.0065,-74.7949,New York Power Authority,HY,2694,28,11,01 - Robert Moses - St. Lawrence,57,1959,Unknown,Kaplan,Allis-Chalmers,NA,81,76000,1,10M,041503010301,36089
hc1177_p01,hc1177_p01_12,Robert Moses - St. Lawrence,45.0065,-74.7949,New York Power Authority,HY,2694,31,12,01 - Robert Moses - St. Lawrence,57,1959,Unknown,Kaplan,Allis-Chalmers,NA,81,76000,1,10M,041503010301,36089
hc1177_p01,hc1177_p01_13,Robert Moses - St. Lawrence,45.0065,-74.7949,New York Power Authority,HY,2694,26,13,01 - Robert Moses - St. Lawrence,57,1959,Unknown,Kaplan,American Hydro,NA,81,76000,1,10M,041503010301,36089
hc1177_p01,hc1177_p01_14,Robert Moses - St. Lawrence,45.0065,-74.7949,New York Power Authority,HY,2694,32,14,01 - Robert Moses - St. Lawrence,57,1959,Unknown,Kaplan,Allis-Chalmers,NA,81,76000,1,10M,041503010301,36089
hc1177_p01,hc1177_p01_15,Robert Moses - St. Lawrence,45.0065,-74.7949,New York Power Authority,HY,2694,29,15,01 - Robert Moses - St. Lawrence,57,1959,Unknown,Kaplan,American Hydro,NA,81,76000,1,10M,041503010301,36089
hc1177_p01,hc1177_p01_16,Robert Moses - St. Lawrence,45.0065,-74.7949,New York Power Authority,HY,2694,30,16,01 - Robert Moses - St. Lawrence,57,1959,Unknown,Kaplan,American Hydro,NA,81,76000,1,10M,041503010301,36089
hc1178_p01,hc1178_p01_1,Hadley Falls,42.213606,-72.60233293,City of Holyoke Gas and Electric Dept.,HY,1605,1,1,01 - Hadley Falls,17.6,1950,Unknown,Kaplan,S. Morgan Smith,NA,52.3,22000,5,10M,010802010702,25013
hc1178_p01,hc1178_p01_2,Hadley Falls,42.213606,-72.60233293,City of Holyoke Gas and Electric Dept.,HY,1605,2,2,01 - Hadley Falls,15.8,1983,Unknown,Kaplan,Allis-Chalmers,NA,52.3,22000,10,10M,010802010702,25013
hc1179_p01,hc1179_p01_1,Boatlock,42.208878,-72.600228,City of Holyoke Gas and Electric Dept.,HY,1603,1,1,02 - Boatlock,0.7,1921,Unknown,Francis,James Leffel & Co.,NA,20,758,0.3,10M,010802010702,25013
hc1179_p01,hc1179_p01_2,Boatlock,42.208878,-72.600228,City of Holyoke Gas and Electric Dept.,HY,1603,2,2,02 - Boatlock,1.2,1924,Unknown,Francis,S. Morgan Smith,NA,20,1850,0.8,10M,010802010702,25013
hc1179_p01,hc1179_p01_3,Boatlock,42.208878,-72.600228,City of Holyoke Gas and Electric Dept.,HY,1603,3,3,02 - Boatlock,1.2,1924,Unknown,Francis,S. Morgan Smith,NA,20,1850,0.8,10M,010802010702,25013
hc1179_p02,hc1179_p02_1,Beebe Holbrook,42.205577,-72.605694,Holyoke Water Power Co,HY,1602,1,1,NA,0.25,1947,Unknown,Unknown,NA,NA,NA,NA,NA,NA,010802010702,25013
hc1179_p02,hc1179_p02_2,Beebe Holbrook,42.205577,-72.605694,Holyoke Water Power Co,HY,1602,2,2,01 - Beebe - Holbrook,0.266,1947,Unknown,Francis,James Leffel & Co.,NA,18.5,442,NA,NA,010802010702,25013
hc1179_p03,hc1179_p03_1,Skinner,42.2028106,-72.6083776,Holyoke Water Power Co,HY,1608,1,1,03 - Skinner,0.3,1924,Unknown,Francis,James Leffel & Co.,NA,20,400,NA,NA,010802010702,25013
hc1179_p04,hc1179_p04_1,Holyoke No. 1,42.1993594,-72.6116896,City of Holyoke Gas and Electric Dept.,HY,9864,3,1,01 - Holyoke No. 1,0.4,1939,Unknown,Kaplan,James Leffel & Co.,NA,19,400,0.3,10M,010802010702,25013
hc1179_p04,hc1179_p04_4,Holyoke No. 1,42.1993594,-72.6116896,City of Holyoke Gas and Electric Dept.,HY,9864,2,4,01 - Holyoke No. 1,0.8,1938,Unknown,Kaplan,James Leffel & Co.,NA,19,400,0.4,10M,010802010702,25013
hc1179_p04,hc1179_p04_2,Holyoke No. 1,42.1993594,-72.6116896,City of Holyoke Gas and Electric Dept.,HY,9864,4,2,01 - Holyoke No. 1,0.6,1923,Unknown,Kaplan,James Leffel & Co.,NA,19,400,0.4,10M,010802010702,25013
hc1179_p04,hc1179_p04_3,Holyoke No. 1,42.1993594,-72.6116896,City of Holyoke Gas and Electric Dept.,HY,9864,1,3,01 - Holyoke No. 1,0.8,1923,Unknown,Kaplan,James Leffel & Co.,NA,19,400,0.6,10M,010802010702,25013
hc1179_p05,hc1179_p05_1,Holyoke No. 4 Hydro Station,42.19971042,-72.61142155,City of Holyoke Gas & Electric Department,HY,NA,NA,1,01 - Holyoke No. 4,0.375,1901,Unknown,Francis,S. Morgan Smith,NA,18,410,NA,NA,010802010702,25013
hc1179_p05,hc1179_p05_2,Holyoke No. 4 Hydro Station,42.19971042,-72.61142155,City of Holyoke Gas & Electric Department,HY,NA,NA,2,01 - Holyoke No. 4,0.375,1901,Unknown,Francis,S. Morgan Smith,NA,18,410,NA,NA,010802010702,25013
hc1180_p01,hc1180_p01_1,Riverside,42.194852,-72.613794,City of Holyoke Gas and Electric Dept.,HY,1607,5,1,01 - Riverside,0.6,1905,Unknown,Francis,J. W. Jolly,NA,33,1040,0.4,10M,010802010702,25013
hc1180_p01,hc1180_p01_3,Riverside,42.194852,-72.613794,City of Holyoke Gas and Electric Dept.,HY,1607,4,3,01 - Riverside,0.8,1920,Unknown,Francis,James Leffel & Co.,NA,33,1250,0.4,10M,010802010702,25013
hc1180_p01,hc1180_p01_4,Riverside,42.194852,-72.613794,City of Holyoke Gas and Electric Dept.,HY,1607,7,4,01 - Riverside,1.5,1921,Unknown,Francis,James Leffel & Co.,NA,33,2180,0.9,10M,010802010702,25013
hc1180_p01,hc1180_p01_5,Riverside,42.194852,-72.613794,City of Holyoke Gas and Electric Dept.,HY,1607,8,5,01 - Riverside,4,1931,Unknown,Kaplan,James Leffel & Co.,NA,30,6000,2.7,10M,010802010702,25013
hc1180_p10,hc1180_p10_1,Holyoke No. 3 Hydro Station,42.1956,-72.613,City of Holyoke Gas and Electric Dept.,HY,NA,NA,1,01 - Holyoke No. 3,0.45,1940,Unknown,Francis,S. Morgan Smith,NA,12.5,746,NA,NA,010802010702,25013
hc1181_p01,hc1181_p01_1,Chemical,42.194898,-72.604356,City of Holyoke Gas and Electric Dept.,HY,1604,1,1,01 - Chemical,0.8,1935,Unknown,Kaplan,S. Morgan Smith,NA,24,1480,0.3,10M,010802010702,25013
hc1181_p01,hc1181_p01_2,Chemical,42.194898,-72.604356,City of Holyoke Gas and Electric Dept.,HY,1604,2,2,01 - Chemical,0.8,1935,Unknown,Kaplan,S. Morgan Smith,NA,24,1480,0.3,10M,010802010702,25013
hc1182_p01,hc1182_p01_1,Beardsley,38.2035,-120.0753,Oakdale&South San Joaquin Irrigation D.,HY,414,1,1,01 - Beardsley,10,1957,Unknown,Francis,Allis-Chalmers,NA,258,14000,1,1H,1.804E+11,06109
hc1183_p01,hc1183_p01_1,Donnells,38.3302,-119.9613,Oakdale&South San Joaquin Irrigation D.,HY,415,H1,1,01 - Donnells,72,1957,Unknown,Pelton,Allis-Chalmers,NA,1151,74500,5,1H,1.804E+11,06109
hc1184_p01,hc1184_p01_1,Roanoke Rapids,36.4817,-77.6733,Virginia Electric & Power Co,HY,2758,1,1,01 - Roanoke Rapids,25,1986,Unknown,Kaplan,Birdsboro Corp.,NA,74,37200,10,10M,030101070101,37083
hc1184_p01,hc1184_p01_2,Roanoke Rapids,36.4817,-77.6733,Virginia Electric & Power Co,HY,2758,3,2,01 - Roanoke Rapids,25,1986,Unknown,Kaplan,Birdsboro Corp.,NA,74,37200,10,10M,030101070101,37083
hc1184_p01,hc1184_p01_3,Roanoke Rapids,36.4817,-77.6733,Virginia Electric & Power Co,HY,2758,2,3,01 - Roanoke Rapids,25,1987,Unknown,Kaplan,Birdsboro Corp.,NA,74,37200,10,10M,030101070101,37083
hc1184_p01,hc1184_p01_4,Roanoke Rapids,36.4817,-77.6733,Virginia Electric & Power Co,HY,2758,4,4,01 - Roanoke Rapids,25,1988,Unknown,Kaplan,Birdsboro Corp.,NA,74,37200,10,10M,030101070101,37083
hc1185_p01,hc1185_p01_1,Gaston,36.5019,-77.811,Virginia Electric & Power Co,HY,2756,2,1,01 - Gaston,44.4,1963,Unknown,Kaplan,Newport News,NA,67,70000,0,10M,030101060402,37083
hc1185_p01,hc1185_p01_2,Gaston,36.5019,-77.811,Virginia Electric & Power Co,HY,2756,3,2,01 - Gaston,44.4,1963,Unknown,Kaplan,Newport News,NA,67,70000,0,10M,030101060402,37083
hc1185_p01,hc1185_p01_3,Gaston,36.5019,-77.811,Virginia Electric & Power Co,HY,2756,4,3,01 - Gaston,44.4,1963,Unknown,Kaplan,Newport News,NA,67,70000,0,10M,030101060402,37083
hc1185_p01,hc1185_p01_4,Gaston,36.5019,-77.811,Virginia Electric & Power Co,HY,2756,1,4,01 - Gaston,44.4,1963,Unknown,Kaplan,Newport News,NA,67,77000,0,10M,030101060402,37083
hc1186_p01,hc1186_p01_2,Mossyrock,46.5351,-122.4233,City of Tacoma - (WA),HY,3918,52,2,01 - Mossyrock,150,1968,Unknown,Francis,Nohab,NA,310,206000,85,1H,1.708E+11,53041
hc1186_p01,hc1186_p01_1,Mossyrock,46.5351,-122.4233,City of Tacoma - (WA),HY,3918,51,1,01 - Mossyrock,150,1968,Unknown,Francis,Nohab,NA,310,206000,100,1H,1.708E+11,53041
hc1187_p01,hc1187_p01_1,Mayfield,46.5033,-122.5972,City of Tacoma - (WA),HY,3917,42,1,01 - Mayfield,40.5,1963,Unknown,Francis,S. Morgan Smith,NA,182,55000,8,1H,1.708E+11,53041
hc1187_p01,hc1187_p01_2,Mayfield,46.5033,-122.5972,City of Tacoma - (WA),HY,3917,43,2,01 - Mayfield,40.5,1963,Unknown,Francis,S. Morgan Smith,NA,182,55000,8,1H,1.708E+11,53041
hc1187_p01,hc1187_p01_3,Mayfield,46.5033,-122.5972,City of Tacoma - (WA),HY,3917,44,3,01 - Mayfield,40.5,1963,Unknown,Francis,S. Morgan Smith,NA,182,55000,8,1H,1.708E+11,53041
hc1187_p01,hc1187_p01_4,Mayfield,46.5033,-122.5972,City of Tacoma - (WA),HY,3917,41,4,01 - Mayfield,40.5,1982,Unknown,Francis,Unknown,NA,182,64000,8,1H,1.708E+11,53041
hc1188_p01,hc1188_p01_1,Big Creek 4,37.13901247,-119.4899838,Southern California Edison Co,HY,320,1,1,01 - Big Creek No. 4,50,1951,Unknown,Francis,NA,NA,383,66000,5,10M,1.804E+11,06019
hc1188_p01,hc1188_p01_2,Big Creek 4,37.13901247,-119.4899838,Southern California Edison Co,HY,320,2,2,01 - Big Creek No. 4,50,1951,Unknown,Francis,NA,NA,383,66000,5,10M,1.804E+11,06019
hc1189_p01,hc1189_p01_1,Murphys,38.1493,-120.4293,Utica Water & Power Authority,HY,261,1,1,01 - Murphys,3.6,1954,Unknown,Unknown,Allis-Chalmers,NA,655,5375,0.5,10M,1.804E+11,06009
hc1190_p01,hc1190_p01_1,Round Butte,44.6042,-121.2769,Portland General Electric Co,HY,3050,1,1,01 - Round Butte,112.5,1964,Unknown,Francis,Allis-Chalmers,NA,315,135800,1,10M,1.70703E+11,41031
hc1190_p01,hc1190_p01_2,Round Butte,44.6042,-121.2769,Portland General Electric Co,HY,3050,2,2,01 - Round Butte,130,1964,Unknown,Francis,Allis-Chalmers,NA,315,135800,1,10M,1.70703E+11,41031
hc1190_p01,hc1190_p01_3,Round Butte,44.6042,-121.2769,Portland General Electric Co,HY,3050,3,3,01 - Round Butte,130,1964,Unknown,Francis,Allis-Chalmers,NA,315,115000,1,10M,1.70703E+11,41031
hc1191_p01,hc1191_p01_1,Pelton,44.6944,-121.2303,Portland General Electric Co,HY,3048,1,1,01 - Pelton,45,1957,Unknown,Francis,S. Morgan Smith,NA,150,52200,10,10M,1.70703E+11,41031
hc1191_p01,hc1191_p01_2,Pelton,44.6944,-121.2303,Portland General Electric Co,HY,3048,2,2,01 - Pelton,32.4,1958,Unknown,Francis,S. Morgan Smith,NA,150,52200,10,10M,1.70703E+11,41031
hc1191_p01,hc1191_p01_3,Pelton,44.6944,-121.2303,Portland General Electric Co,HY,3048,3,3,01 - Pelton,32.4,1958,Unknown,Francis,S. Morgan Smith,NA,150,52200,10,10M,1.70703E+11,41031
hc1192_p01,hc1192_p01_1,Warm Springs Power Enterprises,44.7247,-121.2458,Warm Springs Power Enterprises,HY,54721,1,1,01 - Reregulating,19.6,1982,Unknown,Kaplan,Voest,NA,42,27000,1,1H,1.70703E+11,41031
hc1193_p01,hc1193_p01_1,Bartholomew,40.1659,-111.4974,City of Springville - (UT),HY,3688,2,1,01 - Lower Bartholomew,1,1988,Unknown,Pelton,NA,NA,980,755,0.1,10M,1.60202E+11,49049
hc1193_p02,hc1193_p02_1,Hobble Creek,40.1659,-111.4974,Springville City of,HY,3689,1,1,02 - Hobble Creek,0.3,1950,Unknown,Pelton,NA,NA,135,755,NA,NA,1.60202E+11,49049
hc1193_p03,hc1193_p03_1,Upper Bartholomew,40.1659,-111.4974,Springville City of,HY,7027,1,1,03 - Upper Bartholomew,0.2,1992,Unknown,Pelton,NA,NA,900,350,NA,NA,1.60202E+11,49049
hc1194_p01,hc1194_p01_1,Strawberry Creek,42.9059,-110.8547,Lower Valley Energy Inc,HY,6393,1,1,01 - Strawberry,0.5,1951,Unknown,Pelton,S. Morgan Smith,NA,450,725,0.1,1H,1.70401E+11,56023
hc1194_p01,hc1194_p01_2,Strawberry Creek,42.9059,-110.8547,Lower Valley Energy Inc,HY,6393,2,2,01 - Strawberry,0.5,1951,Unknown,Pelton,S. Morgan Smith,NA,450,725,0.1,1H,1.70401E+11,56023
hc1194_p01,hc1194_p01_3,Strawberry Creek,42.9059,-110.8547,Lower Valley Energy Inc,HY,6393,3,3,01 - Strawberry,0.5,1951,Unknown,Pelton,S. Morgan Smith,NA,450,725,0.1,1H,1.70401E+11,56023
hc1195_p01,hc1195_p01_2,Gross,39.948,-105.3579,Denver City & County of,HY,10424,GEN2,2,NA,4,2007,NA,Francis,Alstom,NA,NA,NA,0.7,1H,1.019E+11,08013
hc1195_p01,hc1195_p01_1,Gross,39.948,-105.3579,Denver City & County of,HY,10424,GEN1,1,NA,4,2007,Unknown,Francis,Alstom,NA,NA,NA,0.7,1H,1.019E+11,08013
hc1196_p01,hc1196_p01_1,Box Canyon,48.7806,-117.4092,PUD No 1 of Pend Oreille County,HY,3891,1,1,01 - Box Canyon,22.5,1955,Unknown,Kaplan,NA,NA,41,24500,0,10M,1.70102E+11,53051
hc1196_p01,hc1196_p01_2,Box Canyon,48.7806,-117.4092,PUD No 1 of Pend Oreille County,HY,3891,2,2,01 - Box Canyon,22.5,1955,Unknown,Kaplan,NA,NA,41,24500,0,10M,1.70102E+11,53051
hc1196_p01,hc1196_p01_3,Box Canyon,48.7806,-117.4092,PUD No 1 of Pend Oreille County,HY,3891,3,3,01 - Box Canyon,22.5,1955,Unknown,Kaplan,NA,NA,41,24500,0,10M,1.70102E+11,53051
hc1196_p01,hc1196_p01_4,Box Canyon,48.7806,-117.4092,PUD No 1 of Pend Oreille County,HY,3891,4,4,01 - Box Canyon,22.5,1955,Unknown,Kaplan,NA,NA,41,24500,0,10M,1.70102E+11,53051
hc1197_p01,hc1197_p01_2,Stewarts Bridge,43.2967,-73.886,Erie Boulevard Hydropower LP,HY,2614,2,2,NA,2.5,2013,Unknown,Unknown,NA,NA,NA,NA,0.2,10M,020200020706,36091
hc1197_p01,hc1197_p01_1,Stewarts Bridge,43.2967,-73.886,Erie Boulevard Hydropower LP,HY,2614,1,1,01 - Stewarts Bridge,36,1952,Unknown,Francis,I.P. Morris,NA,97,42000,15,10M,020200020706,36091
hc1198_p01,hc1198_p01_1,C J Strike,42.947,-115.9759,Idaho Power Co,HY,812,1,1,01 - C J Strike,27.6,1952,Unknown,Kaplan,Newport News,NA,88,38000,0,10M,1.70501E+11,NA
hc1198_p01,hc1198_p01_2,C J Strike,42.947,-115.9759,Idaho Power Co,HY,812,2,2,01 - C J Strike,27.6,1952,Unknown,Kaplan,Newport News,NA,88,38000,0,10M,1.70501E+11,NA
hc1198_p01,hc1198_p01_3,C J Strike,42.947,-115.9759,Idaho Power Co,HY,812,3,3,01 - C J Strike,27.6,1952,Unknown,Kaplan,Newport News,NA,88,38000,0,10M,1.70501E+11,NA
hc1199_p01,hc1199_p01_1,Noxon Rapids,47.9597,-115.7306,Avista Corp,HY,2199,2,1,01 - Noxon Rapids,76.8,1959,Unknown,Francis,Allis-Chalmers,NA,152,130800,30,10M,1.70102E+11,30089
hc1199_p01,hc1199_p01_2,Noxon Rapids,47.9597,-115.7306,Avista Corp,HY,2199,1,2,01 - Noxon Rapids,99,1959,Unknown,Francis,Allis-Chalmers,NA,152,130800,30,10M,1.70102E+11,30089
hc1199_p01,hc1199_p01_3,Noxon Rapids,47.9597,-115.7306,Avista Corp,HY,2199,3,3,01 - Noxon Rapids,99,1959,Unknown,Francis,Allis-Chalmers,NA,152,130800,30,10M,1.70102E+11,30089
hc1199_p01,hc1199_p01_4,Noxon Rapids,47.9597,-115.7306,Avista Corp,HY,2199,4,4,01 - Noxon Rapids,99,1960,Unknown,Francis,Allis-Chalmers,NA,152,130800,30,10M,1.70102E+11,30089
hc1199_p01,hc1199_p01_5,Noxon Rapids,47.9597,-115.7306,Avista Corp,HY,2199,5,5,01 - Noxon Rapids,114,1977,Unknown,Francis,Allis-Chalmers,NA,152,167500,40,10M,1.70102E+11,30089
hc1200_p01,hc1200_p01_4,Cabinet Gorge,48.0867,-116.0633,Avista Corp,HY,833,1,4,01 - Cabinet Gorge,59.4,1994,Unknown,Kaplan,Voest,NA,111,86290,18,10M,1.70102E+11,16017
hc1200_p01,hc1200_p01_1,Cabinet Gorge,48.0867,-116.0633,Avista Corp,HY,833,4,1,01 - Cabinet Gorge,59.4,1952,Unknown,Kaplan,Baldwin,NA,111,70500,20,10M,1.70102E+11,16017
hc1200_p01,hc1200_p01_2,Cabinet Gorge,48.0867,-116.0633,Avista Corp,HY,833,3,2,01 - Cabinet Gorge,73.2,1952,Unknown,Kaplan,Baldwin,NA,111,83000,30,10M,1.70102E+11,16017
hc1200_p01,hc1200_p01_3,Cabinet Gorge,48.0867,-116.0633,Avista Corp,HY,833,2,3,01 - Cabinet Gorge,73.2,1953,Unknown,Kaplan,Baldwin,NA,111,70500,30,10M,1.70102E+11,16017
hc1201_p01,hc1201_p01_1,Lower Salmon,42.8421,-114.9043,Idaho Power Co,HY,816,1,1,01 - Lower Salmon Falls,15,1949,Unknown,Kaplan,Newport News,NA,55.5,21000,0,10M,1.70402E+11,NA
hc1201_p01,hc1201_p01_2,Lower Salmon,42.8421,-114.9043,Idaho Power Co,HY,816,3,2,01 - Lower Salmon Falls,15,1949,Unknown,Kaplan,Newport News,NA,55.5,21000,0,10M,1.70402E+11,NA
hc1201_p01,hc1201_p01_3,Lower Salmon,42.8421,-114.9043,Idaho Power Co,HY,816,4,3,01 - Lower Salmon Falls,15,1949,Unknown,Kaplan,S. Morgan Smith,NA,55.5,22800,0,10M,1.70402E+11,NA
hc1201_p01,hc1201_p01_4,Lower Salmon,42.8421,-114.9043,Idaho Power Co,HY,816,2,4,01 - Lower Salmon Falls,15,1949,Unknown,Kaplan,Newport News,NA,55.5,21000,0,10M,1.70402E+11,NA
hc1202_p01,hc1202_p01_1,Winter,45.9297,-90.964,Flambeau Hydro LLC,HY,3997,2,1,01 - Winter,0.4,1972,Unknown,Unknown,NA,NA,NA,NA,NA,NA,070500010213,55113
hc1202_p01,hc1202_p01_2,Winter,45.9297,-90.964,Flambeau Hydro LLC,HY,3997,1,2,01 - Winter,0.2,1973,Unknown,Unknown,NA,NA,NA,NA,NA,NA,070500010213,55113
hc1203_p01,hc1203_p01_1,Tulloch,37.8761,-120.6049,Oakdale&South San Joaquin Irrigation D.,HY,416,1,1,01 - Tulloch,11.7,1958,Unknown,Francis,NA,NA,150,12000,1,1H,1.804E+11,06009
hc1203_p01,hc1203_p01_2,Tulloch,37.8761,-120.6049,Oakdale&South San Joaquin Irrigation D.,HY,416,2,2,01 - Tulloch,11.7,1958,Unknown,Francis,NA,NA,150,12000,1,1H,1.804E+11,06009
hc1203_p01,hc1203_p01_3,Tulloch,37.8761,-120.6049,Oakdale&South San Joaquin Irrigation D.,HY,416,3,3,NA,6.5,2012,Unknown,Kaplan,Canadian Hydro Components,NA,NA,NA,1,1H,1.804E+11,06009
hc1204_p01,hc1204_p01_1,Yale,45.965,-122.333,PacifiCorp,HY,3852,1,1,01 - Yale,67,1953,Unknown,Francis,Unknown,NA,224,70000,0,10M,1.708E+11,53011
hc1204_p01,hc1204_p01_2,Yale,45.965,-122.333,PacifiCorp,HY,3852,2,2,01 - Yale,67,1953,Unknown,Francis,Unknown,NA,250,98257,0,10M,1.708E+11,53011
hc1205_p01,hc1205_p01_1,Lower Paint,46.02,-88.2617,Wisconsin Electric Power Co,HY,1779,1,1,01 - Lower Paint,0.1,1952,Unknown,Kaplan,Allis-Chalmers,NA,22,155,NA,NA,040301060408,26071
hc1206_p01,hc1206_p01_1,Michigamme Falls,45.955,-88.1967,Wisconsin Electric Power Co,HY,1780,1,1,01 - Michigamme Falls,4.8,1953,Unknown,Kaplan,Allis-Chalmers,NA,60,6500,1.5,10M,040301070308,26071
hc1206_p01,hc1206_p01_2,Michigamme Falls,45.955,-88.1967,Wisconsin Electric Power Co,HY,1780,2,2,01 - Michigamme Falls,4.8,1953,Unknown,Kaplan,Allis-Chalmers,NA,60,6500,1.5,10M,040301070308,26071
hc1207_p01,hc1207_p01_1,Hemlock Falls,46.1333,-88.225,Wisconsin Electric Power Co,HY,1777,1,1,01 - Hemlock Falls,2.8,1953,Unknown,Kaplan,Allis-Chalmers,NA,34,3800,1.1000000000000001,10M,040301070306,26071
hc1208_p01,hc1208_p01_1,Mcindoes,44.26,-72.0602,"Great River Hydro, LLC",HY,6483,GEN1,1,01 - McIndoes,2.6,1931,Unknown,Kaplan,S. Morgan Smith,NA,29,3800,2.2999999999999998,10M,010801030206,33009
hc1208_p01,hc1208_p01_2,Mcindoes,44.26,-72.0602,"Great River Hydro, LLC",HY,6483,GEN2,2,01 - McIndoes,2.6,1931,Unknown,Kaplan,S. Morgan Smith,NA,29,3800,2.2999999999999998,10M,010801030206,33009
hc1208_p01,hc1208_p01_3,Mcindoes,44.26,-72.0602,"Great River Hydro, LLC",HY,6483,GEN3,3,01 - McIndoes,2.6,1931,Unknown,Kaplan,S. Morgan Smith,NA,29,3800,2.5,10M,010801030206,33009
hc1208_p01,hc1208_p01_4,Mcindoes,44.26,-72.0602,"Great River Hydro, LLC",HY,6483,GEN4,4,01 - McIndoes,2.6,1931,Unknown,Kaplan,S. Morgan Smith,NA,29,3800,2.5,10M,010801030206,33009
hc1209_p01,hc1209_p01_1,Comerford,44.3249,-72.0013,"Great River Hydro, LLC",HY,2349,GEN2,1,01 - Comerford,48.6,1930,Unknown,Francis,S. Morgan Smith,NA,180,54200,12,10M,010801030205,33009
hc1209_p01,hc1209_p01_2,Comerford,44.3249,-72.0013,"Great River Hydro, LLC",HY,2349,GEN3,2,01 - Comerford,48.6,1930,Unknown,Francis,S. Morgan Smith,NA,180,54200,12,10M,010801030205,33009
hc1209_p01,hc1209_p01_3,Comerford,44.3249,-72.0013,"Great River Hydro, LLC",HY,2349,GEN4,3,01 - Comerford,48.6,1930,Unknown,Francis,S. Morgan Smith,NA,180,54200,12,10M,010801030205,33009
hc1209_p01,hc1209_p01_4,Comerford,44.3249,-72.0013,"Great River Hydro, LLC",HY,2349,GEN1,4,01 - Comerford,22,2007,Unknown,Francis,Voith,NA,172,29334,12,10M,010801030205,33009
hc1210_p01,hc1210_p01_1,S C Moore,44.3349,-71.8758,"Great River Hydro, LLC",HY,2351,GEN1,1,01 - Samuel C. Moore,47.7,1956,Unknown,Francis,S. Morgan Smith,NA,150,56400,1,10M,010801030203,33009
hc1210_p01,hc1210_p01_2,S C Moore,44.3349,-71.8758,"Great River Hydro, LLC",HY,2351,GEN2,2,01 - Samuel C. Moore,47.7,1956,Unknown,Francis,S. Morgan Smith,NA,150,56400,1,10M,010801030203,33009
hc1210_p01,hc1210_p01_3,S C Moore,44.3349,-71.8758,"Great River Hydro, LLC",HY,2351,GEN3,3,01 - Samuel C. Moore,47.7,1956,Unknown,Francis,S. Morgan Smith,NA,150,56400,1,10M,010801030203,33009
hc1210_p01,hc1210_p01_4,S C Moore,44.3349,-71.8758,"Great River Hydro, LLC",HY,2351,GEN4,4,01 - Samuel C. Moore,47.7,1956,Unknown,Francis,S. Morgan Smith,NA,150,56400,1,10M,010801030203,33009
hc1210_p01,hc1210_p01_5,S C Moore,44.3349,-71.8758,"Great River Hydro, LLC",HY,2351,GEN5,5,01 - Samuel C. Moore,4.6,2023,NA,Unknown,Unknown,NA,NA,NA,3.7,10M,010801030203,33009
hc1211_p01,hc1211_p01_1,French Meadows,39.1118,-120.4708,Placer County Water Agency,HY,424,1,1,01 - French Meadows,15.3,1966,Unknown,Francis,Toshiba,NA,655,24000,0,10M,1.80201E+11,06061
hc1212_p01,hc1212_p01_1,Hell Hole,39.058,-120.4091,Placer County Water Agency,HY,763,1,1,01 - Hell Hole,0.725,1983,Unknown,Francis,Oriental Eng. Supply of China,NA,385,1086,NA,NA,1.80201E+11,06061
hc1212_p02,hc1212_p02_1,Middle Fork,39.058,-120.4091,Placer County Water Agency,HY,425,1,1,02 - Middle Fork (L J Stephenson),61.2,1966,Unknown,Pelton,Voith,NA,2096,82000,0,10M,1.80201E+11,06061
hc1212_p02,hc1212_p02_2,Middle Fork,39.058,-120.4091,Placer County Water Agency,HY,425,2,2,02 - Middle Fork (L J Stephenson),61.2,1966,Unknown,Pelton,Voith,NA,2096,82000,0,10M,1.80201E+11,06061
hc1213_p01,hc1213_p01_1,Ralston,39.0264,-120.6032,Placer County Water Agency,HY,427,1,1,01 - Ralston,79.2,1966,Unknown,Pelton,Voith,NA,1344,106000,0,10M,1.80201E+11,06061
hc1214_p01,hc1214_p01_1,Oxbow,39.0043,-120.7464,Placer County Water Agency,HY,426,1,1,01 - Oxbow,6.1,1966,Unknown,Francis,Voith,NA,87,8800,0,10M,1.80201E+11,06061
hc1220_p01,hc1220_p01_1,South Colton,44.5173,-74.8817,Erie Boulevard Hydropower LP,HY,2611,1,1,01 - South Colton,21,1954,Unknown,Francis,S. Morgan Smith,NA,82.7,25400,1,10M,041503050602,36089
hc1221_p01,hc1221_p01_1,Five Falls,44.5298,-74.8438,Erie Boulevard Hydropower LP,HY,2562,1,1,01 - Five Falls,24,1954,Unknown,Francis,S. Morgan Smith,NA,100.7,30600,1,10M,041503050602,36089
hc1222_p01,hc1222_p01_1,Rainbow,44.5165,-74.8211,Erie Boulevard Hydropower LP,HY,2600,1,1,01 - Rainbow,25,1956,Unknown,Francis,S. Morgan Smith,NA,100.7,30600,1,10M,041503050602,36089
hc1223_p01,hc1223_p01_1,Blake,44.5023,-74.746,Erie Boulevard Hydropower LP,HY,2547,1,1,01 - Blake,15,1957,Unknown,Francis,S. Morgan Smith,NA,69,18650,1,10M,041503050507,36089
hc1224_p01,hc1224_p01_1,Stark,44.4533,-74.7632,Erie Boulevard Hydropower LP,HY,2613,1,1,01 - Stark,26,1957,Unknown,Francis,S. Morgan Smith,NA,105,32000,1,10M,041503050507,36089
hc1225_p01,hc1225_p01_1,Mammoth Pool,37.3231,-119.3172,Southern California Edison Co,HY,NA,NA,1,02 - Mammoth Pool Fishwater,0.938,1960,Unknown,Pelton,NA,NA,310,1400,NA,NA,1.804E+11,06019
hc1225_p01,hc1225_p01_2,Mammoth Pool,37.3231,-119.3172,Southern California Edison Co,HY,344,1,2,01 - Mammoth Pool,95,1960,Unknown,Francis,NA,NA,1004,100000,0,10M,1.804E+11,06019
hc1225_p01,hc1225_p01_3,Mammoth Pool,37.3231,-119.3172,Southern California Edison Co,HY,344,2,3,01 - Mammoth Pool,95,1960,Unknown,Francis,NA,NA,1004,100000,0,10M,1.804E+11,06019
hc1226_p01,hc1226_p01_1,Kelly Ridge,39.5048,-121.4575,South Feather Water and Power Agency,HY,418,1,1,01 - Kelly Ridge,10,1963,Unknown,Francis,NA,NA,628,13000,0,10M,1.80202E+11,06007
hc1227_p01,hc1227_p01_1,Forbestown,39.5515,-121.2095,South Feather Water and Power Agency,HY,417,1,1,01 - Forbestown,41.9,1996,Unknown,Francis,NA,NA,795,54500,0,10M,1.80201E+11,06007
hc1228_p01,hc1228_p01_1,Woodleaf,39.5763,-121.1357,South Feather Water and Power Agency,HY,419,1,1,01 - Woodleaf,67.2,1997,Unknown,Pelton,NA,NA,1456,80000,0,10M,1.80201E+11,06007
hc1229_p01,hc1229_p01_1,Sly Creek,39.5826,-121.1155,South Feather Water and Power Agency,HY,776,1,1,01 - Sly Creek,12.1,1983,Unknown,Francis,NA,NA,225,17960,0,10M,1.80201E+11,06007
hc1230_p01,hc1230_p01_1,Waterbury 22,44.3822,-72.7699,Green Mountain Power Corp,HY,6520,1,1,01 - Waterbury No. 22,5.5,1953,Unknown,Francis,James Leffel & Co.,NA,138,7800,2.5,1H,041504030603,50023
hc1231_p01,hc1231_p01_1,Edward C Hyatt,39.5388,-121.4855,California Dept. of Water Resources,PS,437,2,1,01 - Edward Hyatt,97.7,1968,Unknown,Francis,Allis-Chalmers,NA,615,173000,97,10M,1.80202E+11,06007
hc1231_p01,hc1231_p01_2,Edward C Hyatt,39.5388,-121.4855,California Dept. of Water Resources,PS,437,4,2,01 - Edward Hyatt,97.7,1968,Unknown,Francis,Allis-Chalmers,NA,615,173000,97,10M,1.80202E+11,06007
hc1231_p01,hc1231_p01_6,Edward C Hyatt,39.5388,-121.4855,California Dept. of Water Resources,PS,437,6,6,01 - Edward Hyatt,97.7,1969,Unknown,Francis,Allis-Chalmers,NA,615,173000,97,10M,1.80202E+11,06007
hc1231_p01,hc1231_p01_3,Edward C Hyatt,39.5388,-121.4855,California Dept. of Water Resources,HY,437,1,3,01 - Edward Hyatt,117,1968,Unknown,Francis,Allis-Chalmers,NA,615,173000,115,10M,1.80202E+11,06007
hc1231_p01,hc1231_p01_4,Edward C Hyatt,39.5388,-121.4855,California Dept. of Water Resources,HY,437,3,4,01 - Edward Hyatt,117,1968,Unknown,Francis,Allis-Chalmers,NA,615,173000,115,10M,1.80202E+11,06007
hc1231_p01,hc1231_p01_5,Edward C Hyatt,39.5388,-121.4855,California Dept. of Water Resources,HY,437,5,5,01 - Edward Hyatt,117,1968,Unknown,Francis,Allis-Chalmers,NA,615,173000,115,10M,1.80202E+11,06007
hc1232_p01,hc1232_p01_1,Thermalito Diverson Dam,39.5288,-121.5449,California Dept. of Water Resources,HY,7129,TD1,1,01 - Thermalito Diversion,3.4,1987,Unknown,Francis,NA,NA,67,4200,0,10M,1.80202E+11,06007
hc1233_p01,hc1233_p01_1,Thermalito,39.5252,-121.6012,California Dept. of Water Resources,PS,438,2,1,01 - Thermalito,27.5,1968,Unknown,Francis,Allis-Chalmers,NA,95,40000,27,10M,1.80202E+11,06007
hc1233_p01,hc1233_p01_2,Thermalito,39.5252,-121.6012,California Dept. of Water Resources,PS,438,3,2,01 - Thermalito,27.5,1968,Unknown,Francis,Allis-Chalmers,NA,95,40000,27,10M,1.80202E+11,06007
hc1233_p01,hc1233_p01_3,Thermalito,39.5252,-121.6012,California Dept. of Water Resources,PS,438,4,3,01 - Thermalito,27.5,1968,Unknown,Kaplan,Allis-Chalmers,NA,95,40000,27,10M,1.80202E+11,06007
hc1233_p01,hc1233_p01_4,Thermalito,39.5252,-121.6012,California Dept. of Water Resources,HY,438,1,4,01 - Thermalito,32.6,1968,Unknown,Francis,Allis-Chalmers,NA,95,45000,30,10M,1.80202E+11,06007
hc1234_p01,hc1234_p01_1,Loon Lake,39.0031,-120.3099,Sacramento Municipal Util Dist,HY,432,H1,1,01 - Loon Lake,74.1,1971,Unknown,Pelton,Hitachi,NA,1123,112000,1,10M,1.80201E+11,06017
hc1235_p01,hc1235_p01_1,Robbs Peak,38.8966059,-120.3782623,Sacramento Municipal Util Dist,HY,433,1,1,01 - Robbs Peak,25.5,1965,Unknown,Francis,James Leffel & Co.,NA,330,41000,1,10M,1.80201E+11,06017
hc1236_p01,hc1236_p01_1,Union Valley,38.8665,-120.4405,Sacramento Municipal Util Dist,HY,6612,1,1,01 - Union Valley,38.6,1963,Unknown,Francis,Voith,NA,360,61000,1,10M,1.80201E+11,06017
hc1237_p01,hc1237_p01_1,Jaybird,38.8521,-120.4574,Sacramento Municipal Util Dist,HY,431,H1,1,01 - Jaybird,80.8,1961,Unknown,Pelton,Allis-Chalmers,NA,1500,88000,1,10M,1.80201E+11,06017
hc1237_p01,hc1237_p01_2,Jaybird,38.8521,-120.4574,Sacramento Municipal Util Dist,HY,431,H2,2,01 - Jaybird,80.8,1962,Unknown,Pelton,Allis-Chalmers,NA,1500,88000,1,10M,1.80201E+11,06017
hc1238_p01,hc1238_p01_1,Camino,38.7956973,-120.6219648,Sacramento Municipal Util Dist,HY,430,H1,1,01 - Camino,78.9,1963,Unknown,Francis,Baldwin,NA,1000,100000,1,10M,1.80201E+11,06017
hc1238_p01,hc1238_p01_2,Camino,38.7956973,-120.6219648,Sacramento Municipal Util Dist,HY,430,H2,2,01 - Camino,78.9,1968,Unknown,Francis,Mitsubishi,NA,1000,112000,1,10M,1.80201E+11,06017
hc1239_p01,hc1239_p01_1,Slab Creek,38.7732,-120.699,Sacramento Municipal Util Dist,HY,522,1,1,01 - Slab Creek,0.482,1983,Unknown,Francis,Sorums Verksted,NA,160,670,NA,NA,1.80201E+11,06017
hc1239_p02,hc1239_p02_4,White Rock/Slab Creek,38.7732,-120.699,Sacramento Municipal Util Dist,HY,435,H3,4,02 - White Rock,2.7,2020,Unknown,Unknown,NA,NA,NA,NA,0.4,10M,1.80201E+11,06017
hc1239_p02,hc1239_p02_1,White Rock/Slab Creek,38.7732,-120.699,Sacramento Municipal Util Dist,HY,435,H1,1,02 - White Rock,133,1968,Unknown,Francis,Toshiba,NA,780,140000,1,10M,1.80201E+11,06017
hc1239_p02,hc1239_p02_2,White Rock/Slab Creek,38.7732,-120.699,Sacramento Municipal Util Dist,HY,435,H2,2,02 - White Rock,133,1968,Unknown,Francis,Toshiba,NA,780,140000,1,10M,1.80201E+11,06017
hc1239_p03,hc1239_p03_1,Jones Fork,38.850371,-120.381785,Sacramento Municipal Util Dist,HY,534,1,1,03 - Jones Fork,10,1985,Unknown,Francis,Fuji,NA,577,11888,1,10M,1.80201E+11,06017
hc1240_p01,hc1240_p01_1,Butt Valley,40.1744,-121.0888,Pacific Gas & Electric Co.,HY,221,1,1,01 - Butt Valley,40,1958,Unknown,Francis,S. Morgan Smith,NA,280,55000,0,10M,1.80201E+11,06063
hc1241_p01,hc1241_p01_1,Caribou 1,40.1154,-121.1461,Pacific Gas & Electric Co.,HY,222,1,1,01 - Caribou No. 1,23.8,1921,Unknown,Pelton,Allis-Chalmers,NA,1009,30000,0,10M,1.80201E+11,06063
hc1241_p01,hc1241_p01_2,Caribou 1,40.1154,-121.1461,Pacific Gas & Electric Co.,HY,222,2,2,01 - Caribou No. 1,25,1921,Unknown,Unknown,NA,NA,NA,NA,0,10M,1.80201E+11,06063
hc1241_p01,hc1241_p01_3,Caribou 1,40.1154,-121.1461,Pacific Gas & Electric Co.,HY,222,3,3,01 - Caribou No. 1,25,1924,Unknown,Unknown,NA,NA,NA,NA,0,10M,1.80201E+11,06063
hc1241_p02,hc1241_p02_1,Caribou 2,40.1154,-121.1461,Pacific Gas & Electric Co.,HY,223,5,1,02 - Caribou No. 2,57.6,1958,Unknown,Unknown,NA,NA,NA,NA,0,10M,1.80201E+11,06063
hc1241_p02,hc1241_p02_2,Caribou 2,40.1154,-121.1461,Pacific Gas & Electric Co.,HY,223,4,2,02 - Caribou No. 2,60.3,1958,Unknown,Pelton,Allis-Chalmers,NA,1100,76000,0,10M,1.80201E+11,06063
hc1242_p01,hc1242_p01_1,Belden,40.0757,-121.1612,Pacific Gas & Electric Co.,HY,219,1,1,01 - Canyon,117.9,1969,Unknown,Francis,Baldwin,NA,690,158000,0,10M,1.80201E+11,06063
hc1242_p02,hc1242_p02_1,Oak Flat,40.0757,-121.1612,Pacific Gas & Electric Co.,HY,626,1,1,02 - Oak Flat,1.4,1985,Unknown,Francis,Kvaerner,NA,137,1820,0,10M,1.80201E+11,06063
hc1243_p01,hc1243_p01_1,James B Black,40.9923406,-121.9751908,Pacific Gas & Electric Co.,HY,249,2,1,01 - James B. Black,83.5,1965,Unknown,Unknown,NA,NA,NA,NA,0,10M,1.802E+11,06089
hc1243_p01,hc1243_p01_2,James B Black,40.9923406,-121.9751908,Pacific Gas & Electric Co.,HY,249,1,2,01 - James B. Black,85.1,1966,Unknown,Pelton,NA,NA,1115,104000,0,10M,1.802E+11,06089
hc1244_p01,hc1244_p01_1,Pit 6,40.9224,-121.9931,Pacific Gas & Electric Co.,HY,269,H1,1,01 - Pit No. 6,39.6,1965,Unknown,Francis,NA,NA,154,53000,0,10M,1.802E+11,06089
hc1244_p01,hc1244_p01_2,Pit 6,40.9224,-121.9931,Pacific Gas & Electric Co.,HY,269,H2,2,01 - Pit No. 6,39.6,1965,Unknown,Francis,NA,NA,154,53000,0,10M,1.802E+11,06089
hc1245_p01,hc1245_p01_1,Pit 7,40.8481,-121.9903,Pacific Gas & Electric Co.,HY,270,H2,1,01 - Pit No. 7,52.2,1965,Unknown,Francis,NA,NA,204,70000,0,10M,1.802E+11,06089
hc1245_p01,hc1245_p01_2,Pit 7,40.8481,-121.9903,Pacific Gas & Electric Co.,HY,270,H1,2,01 - Pit No. 7,57.6,1965,Unknown,Francis,NA,NA,204,70000,0,10M,1.802E+11,06089
hc1246_p01,hc1246_p01_1,Poe,39.8097,-121.4318,Pacific Gas & Electric Co.,HY,272,1,1,01 - Poe,71.4,1958,Unknown,Francis,Pelton Water Wheel Company,NA,421,76000,0,10M,1.80201E+11,06007
hc1246_p01,hc1246_p01_2,Poe,39.8097,-121.4318,Pacific Gas & Electric Co.,HY,272,2,2,01 - Poe,71.4,1958,Unknown,Francis,Pelton Water Wheel Company,NA,421,76000,0,10M,1.80201E+11,06007
hc1247_p01,hc1247_p01_1,Stevens Point,44.515,-89.5867,Consolidated Water Power Co,HY,3973,1,1,01 - Stevens Point,0.8,1919,Unknown,Francis,Allis-Chalmers,NA,14,950,0.8,12H,070700030304,55097
hc1247_p01,hc1247_p01_2,Stevens Point,44.515,-89.5867,Consolidated Water Power Co,HY,3973,2,2,01 - Stevens Point,0.8,1919,Unknown,Francis,Allis-Chalmers,NA,14,950,0.8,12H,070700030304,55097
hc1247_p01,hc1247_p01_3,Stevens Point,44.515,-89.5867,Consolidated Water Power Co,HY,3973,6,3,01 - Stevens Point,0.8,1919,Unknown,Francis,Allis-Chalmers,NA,14,950,0.8,12H,070700030304,55097
hc1247_p01,hc1247_p01_4,Stevens Point,44.515,-89.5867,Consolidated Water Power Co,HY,3973,3,4,01 - Stevens Point,0.8,1986,Unknown,Francis,Allis-Chalmers,NA,14,950,0.8,12H,070700030304,55097
hc1247_p01,hc1247_p01_5,Stevens Point,44.515,-89.5867,Consolidated Water Power Co,HY,3973,5,5,01 - Stevens Point,0.8,1988,Unknown,Francis,Allis-Chalmers,NA,14,950,0.8,12H,070700030304,55097
hc1247_p01,hc1247_p01_6,Stevens Point,44.515,-89.5867,Consolidated Water Power Co,HY,3973,4,6,01 - Stevens Point,0.8,1990,Unknown,Francis,Allis-Chalmers,NA,14,950,0.8,12H,070700030304,55097
hc1248_p01,hc1248_p01_1,Swift 1,46.064,-122.197,PacifiCorp,HY,3850,HY11,1,01 - Swift No. 1,80,1958,Unknown,Francis,NA,NA,378,107000,0,10M,1.708E+11,53059
hc1248_p01,hc1248_p01_2,Swift 1,46.064,-122.197,PacifiCorp,HY,3850,HY12,2,01 - Swift No. 1,80,1958,Unknown,Francis,NA,NA,378,107000,0,10M,1.708E+11,53059
hc1248_p01,hc1248_p01_3,Swift 1,46.064,-122.197,PacifiCorp,HY,3850,HY13,3,01 - Swift No. 1,80,1958,Unknown,Francis,NA,NA,378,107000,0,10M,1.708E+11,53059
hc1249_p01,hc1249_p01_1,Priest Rapids,46.6461,-119.9058,PUD No 2 of Grant County,HY,3887,10,1,01 - Priest Rapids,95,1959,Unknown,Kaplan,Voith,NA,78,114000,50,10M,1.702E+11,53025
hc1249_p01,hc1249_p01_2,Priest Rapids,46.6461,-119.9058,PUD No 2 of Grant County,HY,3887,8,2,01 - Priest Rapids,95,1959,Unknown,Kaplan,Voith,NA,78,114000,50,10M,1.702E+11,53025
hc1249_p01,hc1249_p01_3,Priest Rapids,46.6461,-119.9058,PUD No 2 of Grant County,HY,3887,9,3,01 - Priest Rapids,95,1959,Unknown,Kaplan,Voith,NA,78,114000,50,10M,1.702E+11,53025
hc1249_p01,hc1249_p01_4,Priest Rapids,46.6461,-119.9058,PUD No 2 of Grant County,HY,3887,3,4,01 - Priest Rapids,95,1960,Unknown,Kaplan,Voith,NA,78,114000,50,10M,1.702E+11,53025
hc1249_p01,hc1249_p01_5,Priest Rapids,46.6461,-119.9058,PUD No 2 of Grant County,HY,3887,4,5,01 - Priest Rapids,95,1960,Unknown,Kaplan,Voith,NA,78,114000,50,10M,1.702E+11,53025
hc1249_p01,hc1249_p01_6,Priest Rapids,46.6461,-119.9058,PUD No 2 of Grant County,HY,3887,5,6,01 - Priest Rapids,95,1960,Unknown,Kaplan,Voith,NA,78,114000,50,10M,1.702E+11,53025
hc1249_p01,hc1249_p01_7,Priest Rapids,46.6461,-119.9058,PUD No 2 of Grant County,HY,3887,6,7,01 - Priest Rapids,95,1960,Unknown,Kaplan,Voith,NA,78,114000,50,10M,1.702E+11,53025
hc1249_p01,hc1249_p01_8,Priest Rapids,46.6461,-119.9058,PUD No 2 of Grant County,HY,3887,7,8,01 - Priest Rapids,95,1960,Unknown,Kaplan,Voith,NA,78,114000,50,10M,1.702E+11,53025
hc1249_p01,hc1249_p01_9,Priest Rapids,46.6461,-119.9058,PUD No 2 of Grant County,HY,3887,1,9,01 - Priest Rapids,95,1961,Unknown,Kaplan,Voith,NA,78,114000,50,10M,1.702E+11,53025
hc1249_p01,hc1249_p01_10,Priest Rapids,46.6461,-119.9058,PUD No 2 of Grant County,HY,3887,2,10,01 - Priest Rapids,95,1961,Unknown,Kaplan,Voith,NA,78,114000,50,10M,1.702E+11,53025
hc1250_p01,hc1250_p01_1,Wanapum,46.8731,-119.9703,PUD No 2 of Grant County,HY,3888,2A,1,01 - Wanapum,122,2012,Unknown,Kaplan,Voith,NA,80,120000,50,10M,1.702E+11,53025
hc1250_p01,hc1250_p01_2,Wanapum,46.8731,-119.9703,PUD No 2 of Grant County,HY,3888,5A,2,01 - Wanapum,122,2012,Unknown,Kaplan,Voith,NA,80,120000,50,10M,1.702E+11,53025
hc1250_p01,hc1250_p01_3,Wanapum,46.8731,-119.9703,PUD No 2 of Grant County,HY,3888,7A,3,01 - Wanapum,122,2011,Unknown,Kaplan,Dominion,NA,80,120000,50,10M,1.702E+11,53025
hc1250_p01,hc1250_p01_4,Wanapum,46.8731,-119.9703,PUD No 2 of Grant County,HY,3888,1A,4,01 - Wanapum,122,2011,Unknown,Kaplan,Voith,NA,80,120000,50,10M,1.702E+11,53025
hc1250_p01,hc1250_p01_5,Wanapum,46.8731,-119.9703,PUD No 2 of Grant County,HY,3888,10A,5,01 - Wanapum,122,2014,Unknown,Unknown,NA,NA,NA,NA,50,10M,1.702E+11,53025
hc1250_p01,hc1250_p01_6,Wanapum,46.8731,-119.9703,PUD No 2 of Grant County,HY,3888,9A,6,01 - Wanapum,122,2015,Unknown,Unknown,NA,NA,NA,NA,50,10M,1.702E+11,53025
hc1250_p01,hc1250_p01_7,Wanapum,46.8731,-119.9703,PUD No 2 of Grant County,HY,3888,6A,7,01 - Wanapum,122,2016,Unknown,Unknown,NA,NA,NA,NA,50,10M,1.702E+11,53025
hc1250_p01,hc1250_p01_8,Wanapum,46.8731,-119.9703,PUD No 2 of Grant County,HY,3888,3A,8,01 - Wanapum,122,2017,Unknown,Unknown,NA,NA,NA,NA,50,10M,1.702E+11,53025
hc1250_p01,hc1250_p01_9,Wanapum,46.8731,-119.9703,PUD No 2 of Grant County,HY,3888,8A,9,01 - Wanapum,122,2018,Unknown,Unknown,NA,NA,NA,NA,50,10M,1.702E+11,53025
hc1250_p01,hc1250_p01_10,Wanapum,46.8731,-119.9703,PUD No 2 of Grant County,HY,3888,4A,10,01 - Wanapum,122,2020,Unknown,Unknown,NA,NA,NA,NA,50,10M,1.702E+11,53025
hc1251_p01,hc1251_p01_1,Stanislaus,38.1448,-120.3583,Pacific Gas & Electric Co.,HY,285,HC1,1,01 - Stanislaus,81.9,1963,Unknown,Pelton,NA,NA,1525,113000,0,10M,1.804E+11,06109
hc1252_p01,hc1252_p01_1,Spring Gap,38.1995,-119.9893,Pacific Gas & Electric Co.,HY,284,1,1,01 - Spring Gap,6,1921,Unknown,Pelton,NA,NA,1865,9500,0,10M,1.804E+11,06109
hc1253_p01,hc1253_p01_1,Kingsford,45.8083,-88.1267,Wisconsin Electric Power Co,HY,1778,1,1,01 - Kingsford,2.4,1924,Unknown,Francis,Wellman Seaver Morgan,NA,30,3200,0.6,10M,040301080702,26043
hc1253_p01,hc1253_p01_2,Kingsford,45.8083,-88.1267,Wisconsin Electric Power Co,HY,1778,2,2,01 - Kingsford,2.4,1924,Unknown,Francis,Wellman Seaver Morgan,NA,30,3200,0.6,10M,040301080702,26043
hc1253_p01,hc1253_p01_3,Kingsford,45.8083,-88.1267,Wisconsin Electric Power Co,HY,1778,3,3,01 - Kingsford,2.4,1924,Unknown,Francis,Wellman Seaver Morgan,NA,30,3200,0.6,10M,040301080702,26043
hc1254_p01,hc1254_p01_4,Indian Pond,45.4603,-69.8662,Brookfield White Pine Hydro LLC,HY,1492,HA4,4,01 - Indian Pond,1.4,1955,Unknown,Francis,S. Morgan Smith,NA,145,2320,0.1,10M,010300010610,23025
hc1254_p01,hc1254_p01_1,Indian Pond,45.4603,-69.8662,Brookfield White Pine Hydro LLC,HY,1492,HA1,1,01 - Indian Pond,15,1954,Unknown,Francis,Baldwin,NA,145,21000,2,10M,010300010610,23025
hc1254_p01,hc1254_p01_2,Indian Pond,45.4603,-69.8662,Brookfield White Pine Hydro LLC,HY,1492,HA2,2,01 - Indian Pond,30,1954,Unknown,Francis,Baldwin,NA,145,42000,15,10M,010300010610,23025
hc1254_p01,hc1254_p01_3,Indian Pond,45.4603,-69.8662,Brookfield White Pine Hydro LLC,HY,1492,HA3,3,01 - Indian Pond,30,1954,Unknown,Francis,Baldwin,NA,145,42000,15,10M,010300010610,23025
hc1255_p01,hc1255_p01_4,Boundary,48.9867,-117.3464,City of Seattle - (WA),HY,6433,54,4,01 - Boundary,180.5,1967,Unknown,Francis,Nohab,NA,261,224000,0,10M,1.70102E+11,53051
hc1255_p01,hc1255_p01_1,Boundary,48.9867,-117.3464,City of Seattle - (WA),HY,6433,51,1,01 - Boundary,180.5,1967,Unknown,Francis,Nohab,NA,261,224000,0,10M,1.70102E+11,53051
hc1255_p01,hc1255_p01_2,Boundary,48.9867,-117.3464,City of Seattle - (WA),HY,6433,53,2,01 - Boundary,158.4,1967,Unknown,Francis,Nohab,NA,261,224000,0,10M,1.70102E+11,53051
hc1255_p01,hc1255_p01_3,Boundary,48.9867,-117.3464,City of Seattle - (WA),HY,6433,52,3,01 - Boundary,161.5,1967,Unknown,Francis,Nohab,NA,261,224000,0,10M,1.70102E+11,53051
hc1255_p01,hc1255_p01_5,Boundary,48.9867,-117.3464,City of Seattle - (WA),HY,6433,55,5,01 - Boundary,239.4,1985,Unknown,Francis,Toshiba,NA,261,268000,0,10M,1.70102E+11,53051
hc1255_p01,hc1255_p01_6,Boundary,48.9867,-117.3464,City of Seattle - (WA),HY,6433,56,6,01 - Boundary,239.4,1985,Unknown,Francis,Toshiba,NA,261,268000,0,10M,1.70102E+11,53051
hc1256_p01,hc1256_p01_4,Rocky Reach,47.5483,-120.3133,PUD No 1 of Chelan County,HY,3883,C-10,4,01 - Rocky Reach,125.4,1974,Unknown,Kaplan,Dominion,NA,92,177000,35,10M,1.702E+11,53017
hc1256_p01,hc1256_p01_5,Rocky Reach,47.5483,-120.3133,PUD No 1 of Chelan County,HY,3883,C-11,5,01 - Rocky Reach,125.4,1974,Unknown,Kaplan,Dominion,NA,92,177000,35,10M,1.702E+11,53017
hc1256_p01,hc1256_p01_1,Rocky Reach,47.5483,-120.3133,PUD No 1 of Chelan County,HY,3883,C-1,1,01 - Rocky Reach,114,1962,Unknown,Kaplan,Allis-Chalmers,NA,92,140000,35,10M,1.702E+11,53017
hc1256_p01,hc1256_p01_2,Rocky Reach,47.5483,-120.3133,PUD No 1 of Chelan County,HY,3883,C-2,2,01 - Rocky Reach,114,1962,Unknown,Kaplan,Allis-Chalmers,NA,92,140000,35,10M,1.702E+11,53017
hc1256_p01,hc1256_p01_3,Rocky Reach,47.5483,-120.3133,PUD No 1 of Chelan County,HY,3883,C-3,3,01 - Rocky Reach,114,1962,Unknown,Kaplan,Allis-Chalmers,NA,92,140000,35,10M,1.702E+11,53017
hc1256_p01,hc1256_p01_8,Rocky Reach,47.5483,-120.3133,PUD No 1 of Chelan County,HY,3883,C-6,8,01 - Rocky Reach,114,1996,Unknown,Kaplan,Voith,NA,92,140000,35,10M,1.702E+11,53017
hc1256_p01,hc1256_p01_9,Rocky Reach,47.5483,-120.3133,PUD No 1 of Chelan County,HY,3883,C-7,9,01 - Rocky Reach,114,1996,Unknown,Kaplan,Voith,NA,92,140000,35,10M,1.702E+11,53017
hc1256_p01,hc1256_p01_10,Rocky Reach,47.5483,-120.3133,PUD No 1 of Chelan County,HY,3883,C-4,10,01 - Rocky Reach,114,1997,Unknown,Kaplan,Voith,NA,92,140000,35,10M,1.702E+11,53017
hc1256_p01,hc1256_p01_11,Rocky Reach,47.5483,-120.3133,PUD No 1 of Chelan County,HY,3883,C-5,11,01 - Rocky Reach,114,1997,Unknown,Kaplan,Voith,NA,92,140000,35,10M,1.702E+11,53017
hc1256_p01,hc1256_p01_6,Rocky Reach,47.5483,-120.3133,PUD No 1 of Chelan County,HY,3883,C-8,6,01 - Rocky Reach,125.4,1971,Unknown,Kaplan,Dominion,NA,92,177000,40,10M,1.702E+11,53017
hc1256_p01,hc1256_p01_7,Rocky Reach,47.5483,-120.3133,PUD No 1 of Chelan County,HY,3883,C-9,7,01 - Rocky Reach,125.4,1971,Unknown,Kaplan,Dominion,NA,92,177000,80,10M,1.702E+11,53017
hc1257_p01,hc1257_p01_1,Walter Bouldin Dam,32.5838,-86.2833,Alabama Power Co,HY,4,1,1,01 - Walter Bouldin,75,1967,Unknown,Kaplan,Allis-Chalmers,NA,117,103600,74,1H,031502010101,01051
hc1257_p01,hc1257_p01_2,Walter Bouldin Dam,32.5838,-86.2833,Alabama Power Co,HY,4,2,2,01 - Walter Bouldin,75,1967,Unknown,Kaplan,Allis-Chalmers,NA,117,103600,74,1H,031502010101,01051
hc1257_p01,hc1257_p01_3,Walter Bouldin Dam,32.5838,-86.2833,Alabama Power Co,HY,4,3,3,01 - Walter Bouldin,75,1967,Unknown,Kaplan,Allis-Chalmers,NA,117,103600,74,1H,031502010101,01051
hc1258_p01,hc1258_p01_1,Lay Dam,32.9637,-86.5171,Alabama Power Co,HY,15,1,1,01 - Lay,29.5,1967,Unknown,Kaplan,Allis-Chalmers,NA,81,40000,29,1H,031501070503,NA
hc1258_p01,hc1258_p01_2,Lay Dam,32.9637,-86.5171,Alabama Power Co,HY,15,2,2,01 - Lay,29.5,1967,Unknown,Kaplan,Allis-Chalmers,NA,81,40000,29,1H,031501070503,NA
hc1258_p01,hc1258_p01_3,Lay Dam,32.9637,-86.5171,Alabama Power Co,HY,15,3,3,01 - Lay,29.5,1967,Unknown,Kaplan,Allis-Chalmers,NA,81,40000,29,1H,031501070503,NA
hc1258_p01,hc1258_p01_4,Lay Dam,32.9637,-86.5171,Alabama Power Co,HY,15,4,4,01 - Lay,29.5,1967,Unknown,Kaplan,Allis-Chalmers,NA,81,40000,29,1H,031501070503,NA
hc1258_p01,hc1258_p01_5,Lay Dam,32.9637,-86.5171,Alabama Power Co,HY,15,5,5,01 - Lay,29.5,1967,Unknown,Kaplan,Allis-Chalmers,NA,81,40000,29,1H,031501070503,NA
hc1258_p01,hc1258_p01_6,Lay Dam,32.9637,-86.5171,Alabama Power Co,HY,15,6,6,01 - Lay,29.5,1967,Unknown,Kaplan,Allis-Chalmers,NA,81,40000,29,1H,031501070503,NA
hc1259_p01,hc1259_p01_1,Logan Martin Dam,33.4267,-86.3383,Alabama Power Co,HY,14,1,1,01 - Logan Martin,42.7,1964,Unknown,Kaplan,Allis-Chalmers,NA,69,57000,41.6,1H,031501060810,NA
hc1259_p01,hc1259_p01_2,Logan Martin Dam,33.4267,-86.3383,Alabama Power Co,HY,14,2,2,01 - Logan Martin,42.7,1964,Unknown,Kaplan,Allis-Chalmers,NA,69,57000,41.6,1H,031501060810,NA
hc1259_p01,hc1259_p01_3,Logan Martin Dam,33.4267,-86.3383,Alabama Power Co,HY,14,3,3,01 - Logan Martin,42.7,1964,Unknown,Kaplan,Allis-Chalmers,NA,69,57000,41.8,1H,031501060810,NA
hc1260_p01,hc1260_p01_1,H Neely Henry Dam,33.7833,-86.0533,Alabama Power Co,HY,11,1,1,01 - H. Neely Henry,24.3,1966,Unknown,Kaplan,Allis-Chalmers,NA,35,33500,22.3,1H,031501060409,NA
hc1260_p01,hc1260_p01_2,H Neely Henry Dam,33.7833,-86.0533,Alabama Power Co,HY,11,2,2,01 - H. Neely Henry,24.3,1966,Unknown,Kaplan,Allis-Chalmers,NA,35,33500,22.3,1H,031501060409,NA
hc1260_p01,hc1260_p01_3,H Neely Henry Dam,33.7833,-86.0533,Alabama Power Co,HY,11,3,3,01 - H. Neely Henry,24.3,1966,Unknown,Kaplan,Allis-Chalmers,NA,35,33500,22.4,1H,031501060409,NA
hc1261_p01,hc1261_p01_1,Weiss Dam,34.1721,-85.7539,Alabama Power Co,HY,20,1,1,01 - Weiss,29.2,1961,Unknown,Kaplan,Allis-Chalmers,NA,49,39100,22.3,1H,031501051003,01019
hc1261_p01,hc1261_p01_2,Weiss Dam,34.1721,-85.7539,Alabama Power Co,HY,20,2,2,01 - Weiss,29.2,1961,Unknown,Kaplan,Allis-Chalmers,NA,49,39100,22.3,1H,031501051003,01019
hc1261_p01,hc1261_p01_3,Weiss Dam,34.1721,-85.7539,Alabama Power Co,HY,20,3,3,01 - Weiss,29.2,1961,Unknown,Kaplan,Allis-Chalmers,NA,49,39100,22.3,1H,031501051003,01019
hc1262_p01,hc1262_p01_1,Wells,47.9483,-119.8783,PUD No 1 of Douglas County,HY,3886,U-5,1,01 - Wells,89,1988,Unknown,Kaplan,Allis-Chalmers,NA,64,120000,55,10M,1.702E+11,53007
hc1262_p01,hc1262_p01_2,Wells,47.9483,-119.8783,PUD No 1 of Douglas County,HY,3886,U-7,2,01 - Wells,89,1988,Unknown,Kaplan,Allis-Chalmers,NA,64,120000,55,10M,1.702E+11,53007
hc1262_p01,hc1262_p01_6,Wells,47.9483,-119.8783,PUD No 1 of Douglas County,HY,3886,U-10,6,01 - Wells,89,1989,Unknown,Kaplan,Allis-Chalmers,NA,64,120000,55,10M,1.702E+11,53007
hc1262_p01,hc1262_p01_7,Wells,47.9483,-119.8783,PUD No 1 of Douglas County,HY,3886,U-2,7,01 - Wells,89,1989,Unknown,Kaplan,Allis-Chalmers,NA,64,120000,55,10M,1.702E+11,53007
hc1262_p01,hc1262_p01_8,Wells,47.9483,-119.8783,PUD No 1 of Douglas County,HY,3886,U-3,8,01 - Wells,89,1990,Unknown,Kaplan,Allis-Chalmers,NA,64,120000,55,10M,1.702E+11,53007
hc1262_p01,hc1262_p01_9,Wells,47.9483,-119.8783,PUD No 1 of Douglas County,HY,3886,U-4,9,01 - Wells,89,1990,Unknown,Kaplan,Allis-Chalmers,NA,64,120000,55,10M,1.702E+11,53007
hc1262_p01,hc1262_p01_10,Wells,47.9483,-119.8783,PUD No 1 of Douglas County,HY,3886,U-6,10,01 - Wells,89,1990,Unknown,Kaplan,Allis-Chalmers,NA,64,120000,55,10M,1.702E+11,53007
hc1262_p01,hc1262_p01_3,Wells,47.9483,-119.8783,PUD No 1 of Douglas County,HY,3886,U-8,3,01 - Wells,77.4,1988,Unknown,Kaplan,Allis-Chalmers,NA,64,120000,55,10M,1.702E+11,53007
hc1262_p01,hc1262_p01_4,Wells,47.9483,-119.8783,PUD No 1 of Douglas County,HY,3886,U-9,4,01 - Wells,77.4,1988,Unknown,Kaplan,Allis-Chalmers,NA,64,120000,55,10M,1.702E+11,53007
hc1262_p01,hc1262_p01_5,Wells,47.9483,-119.8783,PUD No 1 of Douglas County,HY,3886,U-1,5,01 - Wells,77.4,1989,Unknown,Kaplan,Allis-Chalmers,NA,64,120000,55,10M,1.702E+11,53007
hc1263_p01,hc1263_p01_1,Upper Baker,48.6492,-121.6894,Puget Sound Energy Inc,HY,3861,1,1,01 - Upper Baker,52.4,1959,Unknown,Francis,IP MORRIS,NA,285,70000,0.3,10M,1.711E+11,53073
hc1263_p01,hc1263_p01_2,Upper Baker,48.6492,-121.6894,Puget Sound Energy Inc,HY,3861,2,2,01 - Upper Baker,52.4,1959,Unknown,Francis,IP MORRIS,NA,285,70000,0.3,10M,1.711E+11,53073
hc1264_p01,hc1264_p01_1,Lower Baker,48.5478,-121.7394,Puget Sound Energy Inc,HY,3855,3,1,01 - Lower Baker,80.8,1968,Unknown,Francis,S. Morgan Smith,NA,250,75350,2,10M,1.711E+11,53057
hc1264_p01,hc1264_p01_2,Lower Baker,48.5478,-121.7394,Puget Sound Energy Inc,HY,3855,4,2,NA,23.1,2013,Unknown,Unknown,NA,NA,NA,NA,2,10M,1.711E+11,53057
hc1265_p01,hc1265_p01_1,Santa Felicia Dam,34.459605,-118.752486,United Water Conservation District,HY,50076,UNT1,1,01 - Santa Felicia,0.2,1986,Unknown,Francis,Bouvier,NA,160,350,0.1,1H,1.80701E+11,06111
hc1265_p01,hc1265_p01_2,Santa Felicia Dam,34.459605,-118.752486,United Water Conservation District,HY,50076,UNT2,2,01 - Santa Felicia,1.1,1986,Unknown,Francis,Bouvier,NA,190,1927,0.8,1H,1.80701E+11,06111
hc1266_p01,hc1266_p01_1,Chili Bar,38.7715,-120.8128,Sacramento Municipal Util Dist,HY,225,1,1,01 - Chili Bar,8.3,1965,Unknown,Kaplan,NA,NA,57,9700,0,1H,1.80201E+11,06017
hc1267_p01,hc1267_p01_1,Jackson,47.9746,-121.6868,PUD No 1 of Snohomish County,HY,7588,3,1,01 - Jackson,8.4,1984,Unknown,Francis,Fuji,NA,675,11500,0.5,1H,1.711E+11,53061
hc1267_p01,hc1267_p01_2,Jackson,47.9746,-121.6868,PUD No 1 of Snohomish County,HY,7588,4,2,01 - Jackson,8.4,1984,Unknown,Francis,Fuji,NA,675,11500,0.5,1H,1.711E+11,53061
hc1267_p01,hc1267_p01_3,Jackson,47.9746,-121.6868,PUD No 1 of Snohomish County,HY,7588,1,3,01 - Jackson,47.5,1984,Unknown,Pelton,Fuji,NA,1000,65000,5,1H,1.711E+11,53061
hc1267_p01,hc1267_p01_4,Jackson,47.9746,-121.6868,PUD No 1 of Snohomish County,HY,7588,2,4,01 - Jackson,47.5,1984,Unknown,Pelton,Fuji,NA,1000,65000,5,1H,1.711E+11,53061
hc1268_p01,hc1268_p01_1,Rhinelander,45.6417,-89.42,Ahlstrom-Munksjo,HY,50933,HYD1,1,01 - Rhinelander,0.5,1917,Unknown,Francis,NA,NA,31,1100,0.3,10M,070700010603,55085
hc1268_p01,hc1268_p01_2,Rhinelander,45.6417,-89.42,Ahlstrom-Munksjo,HY,50933,HYD2,2,01 - Rhinelander,0.5,1917,Unknown,Francis,NA,NA,31,1100,0.3,10M,070700010603,55085
hc1268_p01,hc1268_p01_3,Rhinelander,45.6417,-89.42,Ahlstrom-Munksjo,HY,50933,HYD3,3,01 - Rhinelander,1,1926,Unknown,Francis,NA,NA,31,1700,0.6,10M,070700010603,55085
hc1269_p01,hc1269_p01_1,Lewis Smith,33.9417,-87.1083,Alabama Power Co,HY,18,1,1,01 - Lewis Smith,90.5,1961,Unknown,Francis,Allis-Chalmers,NA,210,111500,83,10M,031601100507,NA
hc1269_p01,hc1269_p01_2,Lewis Smith,33.9417,-87.1083,Alabama Power Co,HY,18,2,2,01 - Lewis Smith,90.5,1962,Unknown,Francis,Allis-Chalmers,NA,210,111500,83,10M,031601100507,NA
hc1270_p01,hc1270_p01_1,Chilhowee,35.547,-84.0501,Brookfield Smoky Mountain Hydropower LP,HY,54901,1,1,01 - Chilhowee,16.6,1957,Unknown,Kaplan,Newport News,NA,56.5,23333,8,10M,060102040406,NA
hc1270_p01,hc1270_p01_2,Chilhowee,35.547,-84.0501,Brookfield Smoky Mountain Hydropower LP,HY,54901,2,2,01 - Chilhowee,16.6,1957,Unknown,Kaplan,Newport News,NA,56.5,23333,8,10M,060102040406,NA
hc1270_p01,hc1270_p01_3,Chilhowee,35.547,-84.0501,Brookfield Smoky Mountain Hydropower LP,HY,54901,3,3,01 - Chilhowee,16.6,1957,Unknown,Kaplan,Newport News,NA,56.5,23333,8,10M,060102040406,NA
hc1271_p01,hc1271_p01_3,Calderwood,35.4922,-83.9794,Brookfield Smoky Mountain Hydropower LP,HY,54900,3,3,01 - Calderwood,52.2,1938,Unknown,Francis,Allis-Chalmers,NA,213,56000,35,10M,060102040403,47009
hc1271_p01,hc1271_p01_1,Calderwood,35.4922,-83.9794,Brookfield Smoky Mountain Hydropower LP,HY,54900,1,1,01 - Calderwood,52.2,1930,Unknown,Francis,Allis-Chalmers,NA,213,56000,35,10M,060102040403,47009
hc1271_p01,hc1271_p01_2,Calderwood,35.4922,-83.9794,Brookfield Smoky Mountain Hydropower LP,HY,54900,2,2,01 - Calderwood,52.2,1930,Unknown,Francis,Allis-Chalmers,NA,213,56000,35,10M,060102040403,47009
hc1272_p01,hc1272_p01_1,Santeetlah,35.3772,-83.8767,Brookfield Smoky Mountain Hydropower LP,HY,54898,2,1,01 - Santeetlah,22.5,1966,Unknown,Francis,Allis-Chalmers,NA,660,33000,12,10M,060102040106,37075
hc1272_p01,hc1272_p01_2,Santeetlah,35.3772,-83.8767,Brookfield Smoky Mountain Hydropower LP,HY,54898,1,2,01 - Santeetlah,22.5,1968,Unknown,Francis,Allis-Chalmers,NA,660,33000,12,10M,060102040106,37075
hc1273_p01,hc1273_p01_3,Cheoah,35.4484,-83.9366,Brookfield Smoky Mountain Hydropower LP,HY,54899,3A,3,01 - Cheoah,27.5,2013,Unknown,Francis,Voith,NA,188,33000,14,10M,060102040403,37075
hc1273_p01,hc1273_p01_1,Cheoah,35.4484,-83.9366,Brookfield Smoky Mountain Hydropower LP,HY,54899,4A,1,01 - Cheoah,27.5,2012,Unknown,Francis,Allis-Chalmers,NA,188,33000,14,10M,060102040403,37075
hc1273_p01,hc1273_p01_2,Cheoah,35.4484,-83.9366,Brookfield Smoky Mountain Hydropower LP,HY,54899,2A,2,01 - Cheoah,27.5,2012,Unknown,Francis,Voith,NA,188,33000,14,10M,060102040403,37075
hc1273_p01,hc1273_p01_5,Cheoah,35.4484,-83.9366,Brookfield Smoky Mountain Hydropower LP,HY,54899,1A,5,01 - Cheoah,27.5,2012,Unknown,Francis,Voith,NA,188,33000,14,10M,060102040403,37075
hc1273_p01,hc1273_p01_4,Cheoah,35.4484,-83.9366,Brookfield Smoky Mountain Hydropower LP,HY,54899,5,4,01 - Cheoah,30,1949,Unknown,Francis,Allis-Chalmers,NA,188,45000,15,10M,060102040403,37075
hc1274_p01,hc1274_p01_1,Cooper Lake,60.4683,-149.8267,Chugach Electric Assn Inc,HY,6291,1,1,01 - Cooper Lake,9.7,2001,Unknown,Francis,GE,NA,726,12995,6.5,1H,1.90203E+11,NA
hc1274_p01,hc1274_p01_2,Cooper Lake,60.4683,-149.8267,Chugach Electric Assn Inc,HY,6291,2,2,01 - Cooper Lake,9.7,2001,Unknown,Francis,GE,NA,726,12995,6.5,1H,1.90203E+11,NA
hc1275_p01,hc1275_p01_1,Portal,37.2569813,-119.1589795,Southern California Edison Co,HY,354,1,1,01 - Portal,10.8,1956,Unknown,Francis,NA,NA,210,14745,1.1000000000000001,10M,1.804E+11,06019
hc1276_p01,hc1276_p01_4,Big Creek 1,37.2286,-119.2213,Southern California Edison Co,HY,317,4,4,01 - Big Creek No. 1,31.2,1925,Unknown,Pelton,NA,NA,1960,42100,3.1,10M,1.804E+11,06019
hc1276_p01,hc1276_p01_3,Big Creek 1,37.2286,-119.2213,Southern California Edison Co,HY,317,3,3,01 - Big Creek No. 1,21.6,1923,Unknown,Pelton,NA,NA,1885,29025,2.2000000000000002,10M,1.804E+11,06019
hc1276_p01,hc1276_p01_1,Big Creek 1,37.2286,-119.2213,Southern California Edison Co,HY,317,2,1,01 - Big Creek No. 1,15.8,1917,Unknown,Pelton,NA,NA,1885,28060,1.6,10M,1.804E+11,06019
hc1276_p01,hc1276_p01_2,Big Creek 1,37.2286,-119.2213,Southern California Edison Co,HY,317,1,2,01 - Big Creek No. 1,19.8,1917,Unknown,Pelton,NA,NA,1885,29025,2,10M,1.804E+11,06019
hc1277_p01,hc1277_p01_1,Big Creek 2,37.203,-119.242,Southern California Edison Co,HY,318,3,1,01 - Big Creek No. 2,15.8,1913,Unknown,Unknown,NA,NA,NA,NA,1.6,10M,1.804E+11,06019
hc1277_p01,hc1277_p01_2,Big Creek 2,37.203,-119.242,Southern California Edison Co,HY,318,4,2,01 - Big Creek No. 2,15.8,1914,Unknown,Unknown,NA,NA,NA,NA,1.6,10M,1.804E+11,06019
hc1277_p01,hc1277_p01_3,Big Creek 2,37.203,-119.242,Southern California Edison Co,HY,318,5,3,01 - Big Creek No. 2,17.5,1921,Unknown,Unknown,NA,NA,NA,NA,1.8,10M,1.804E+11,06019
hc1277_p01,hc1277_p01_4,Big Creek 2,37.203,-119.242,Southern California Edison Co,HY,318,6,4,01 - Big Creek No. 2,17.5,1925,Unknown,Unknown,NA,NA,NA,NA,1.8,10M,1.804E+11,06019
hc1278_p01,hc1278_p01_1,North Highlands,32.5,-85,Georgia Power Co,HY,719,4,1,01 - North Highlands,2,1963,Unknown,Kaplan,James Leffel & Co.,NA,35,2800,2.2999999999999998,1H,031300030104,13215
hc1278_p01,hc1278_p01_2,North Highlands,32.5,-85,Georgia Power Co,HY,719,1,2,01 - North Highlands,9.2,1963,Unknown,Kaplan,Allis-Chalmers,NA,35,13750,10.5,1H,031300030104,13215
hc1278_p01,hc1278_p01_3,North Highlands,32.5,-85,Georgia Power Co,HY,719,2,3,01 - North Highlands,9.2,1963,Unknown,Kaplan,Allis-Chalmers,NA,35,13750,10.5,1H,031300030104,13215
hc1278_p01,hc1278_p01_4,North Highlands,32.5,-85,Georgia Power Co,HY,719,3,4,01 - North Highlands,9.2,1963,Unknown,Kaplan,Allis-Chalmers,NA,35,13750,10.5,1H,031300030104,13215
hc1279_p01,hc1279_p01_1,Oliver,32.5155,-85.0004,Georgia Power Co,HY,720,4,1,01 - Oliver,6,1959,Unknown,Kaplan,Newport News,NA,67,8500,5.7,1H,031300021306,13215
hc1279_p01,hc1279_p01_2,Oliver,32.5155,-85.0004,Georgia Power Co,HY,720,1,2,01 - Oliver,18,1959,Unknown,Kaplan,Newport News,NA,67,25200,17.5,1H,031300021306,13215
hc1279_p01,hc1279_p01_3,Oliver,32.5155,-85.0004,Georgia Power Co,HY,720,2,3,01 - Oliver,18,1959,Unknown,Kaplan,Newport News,NA,67,25200,17.5,1H,031300021306,13215
hc1279_p01,hc1279_p01_4,Oliver,32.5155,-85.0004,Georgia Power Co,HY,720,3,4,01 - Oliver,18,1959,Unknown,Kaplan,Newport News,NA,67,25200,17.5,1H,031300021306,13215
hc1280_p01,hc1280_p01_1,Goat Rock,32.6096,-85.0795,Georgia Power Co,HY,707,7,1,01 - Goat Rock,9.3,2005,Unknown,Francis,S. Morgan Smith,NA,70,4800,9.3000000000000007,1H,031300021306,13177
hc1280_p01,hc1280_p01_2,Goat Rock,32.6096,-85.0795,Georgia Power Co,HY,707,8,2,01 - Goat Rock,9.3,2005,Unknown,Francis,S. Morgan Smith,NA,70,4800,9.3000000000000007,1H,031300021306,13177
hc1280_p01,hc1280_p01_3,Goat Rock,32.6096,-85.0795,Georgia Power Co,HY,707,3,3,01 - Goat Rock,5,1915,Unknown,Unknown,NA,NA,NA,NA,3.1,1H,031300021306,13177
hc1280_p01,hc1280_p01_4,Goat Rock,32.6096,-85.0795,Georgia Power Co,HY,707,4,4,01 - Goat Rock,5,1920,Unknown,Francis,Allis-Chalmers,NA,70,8000,5,1H,031300021306,13177
hc1280_p01,hc1280_p01_5,Goat Rock,32.6096,-85.0795,Georgia Power Co,HY,707,5,5,01 - Goat Rock,5,1955,Unknown,Francis,James Leffel & Co.,NA,60,7000,5,1H,031300021306,13177
hc1280_p01,hc1280_p01_6,Goat Rock,32.6096,-85.0795,Georgia Power Co,HY,707,6,6,01 - Goat Rock,5,1956,Unknown,Francis,James Leffel & Co.,NA,60,7000,5,1H,031300021306,13177
hc1281_p01,hc1281_p01_1,McSwain,37.521,-120.3109,Merced Irrigation District,HY,410,1,1,01 - Mc Swain,9,1967,Unknown,Kaplan,NA,NA,54,12000,0.1,10M,1.804E+11,06043
hc1282_p01,hc1282_p01_1,Exchequer,37.585,-120.2702,Merced Irrigation District,HY,409,1,1,01 - Exchequer,94.5,1967,Unknown,Francis,NA,NA,397,123000,0.1,10M,1.804E+11,06043
hc1283_p01,hc1283_p01_2,Menomonie,44.8838,-91.9298,Northern States Power Co - Minnesota,HY,4009,2,2,01 - Menomonie,2.7,1958,Unknown,Unknown,NA,NA,NA,NA,0.6,1H,070500071006,55033
hc1283_p01,hc1283_p01_1,Menomonie,44.8838,-91.9298,Northern States Power Co - Minnesota,HY,4009,1,1,01 - Menomonie,2.7,1958,Unknown,Unknown,NA,NA,NA,NA,0.7,1H,070500071006,55033
hc1284_p01,hc1284_p01_1,Markham Ferry,36.2342,-95.1824,Grand River Dam Authority,HY,2980,1,1,01 - Markham Ferry,32.1,1964,Unknown,Francis,ENGLISH ELECTRIC,NA,51,35000,18,10M,1.10702E+11,40097
hc1284_p01,hc1284_p01_2,Markham Ferry,36.2342,-95.1824,Grand River Dam Authority,HY,2980,2,2,01 - Markham Ferry,32.1,1964,Unknown,Francis,ENGLISH ELECTRIC,NA,51,35000,18,10M,1.10702E+11,40097
hc1284_p01,hc1284_p01_3,Markham Ferry,36.2342,-95.1824,Grand River Dam Authority,HY,2980,3,3,01 - Markham Ferry,32.1,1964,Unknown,Francis,ENGLISH ELECTRIC,NA,51,35000,18,10M,1.10702E+11,40097
hc1284_p01,hc1284_p01_4,Markham Ferry,36.2342,-95.1824,Grand River Dam Authority,HY,2980,4,4,01 - Markham Ferry,32.1,1964,Unknown,Francis,ENGLISH ELECTRIC,NA,51,35000,18,10M,1.10702E+11,40097
hc1285_p01,hc1285_p01_1,Georgetown,39.6919,-105.6981,Public Service Co of Colorado,HY,472,1,1,01 - Georgetown,0.6,1906,Unknown,Pelton,Pelton Water Wheel Company,NA,668,965,0.6,10M,1.019E+11,08019
hc1285_p01,hc1285_p01_2,Georgetown,39.6919,-105.6981,Public Service Co of Colorado,HY,472,2,2,01 - Georgetown,0.6,1908,Unknown,Pelton,Pelton Water Wheel Company,NA,668,965,0.6,10M,1.019E+11,08019
hc1286_p01,hc1286_p01_1,Morony,47.5813,-111.0595,NorthWestern Energy (MT Hydro),HY,2191,MOR1,1,01 - Morony,31.5,1929,Unknown,Francis,I.P. Morris,NA,82.5,31000,1,10M,1.00301E+11,30013
hc1286_p01,hc1286_p01_2,Morony,47.5813,-111.0595,NorthWestern Energy (MT Hydro),HY,2191,MOR2,2,01 - Morony,31.5,1929,Unknown,Francis,I.P. Morris,NA,82.5,31000,1,10M,1.00301E+11,30013
hc1287_p01,hc1287_p01_1,Ryan,47.5691,-111.1248,NorthWestern Energy (MT Hydro),HY,2194,RYA3,1,01 - Ryan,9.2,1914,Unknown,Francis,S. Morgan Smith,NA,150,15000,1,10M,1.00301E+11,30013
hc1287_p01,hc1287_p01_2,Ryan,47.5691,-111.1248,NorthWestern Energy (MT Hydro),HY,2194,RYA4,2,01 - Ryan,9.2,1914,Unknown,Francis,S. Morgan Smith,NA,150,15000,1,10M,1.00301E+11,30013
hc1287_p01,hc1287_p01_3,Ryan,47.5691,-111.1248,NorthWestern Energy (MT Hydro),HY,2194,RYA5,3,01 - Ryan,9.2,1914,Unknown,Francis,S. Morgan Smith,NA,150,15000,1,10M,1.00301E+11,30013
hc1287_p01,hc1287_p01_4,Ryan,47.5691,-111.1248,NorthWestern Energy (MT Hydro),HY,2194,RYA6,4,01 - Ryan,9.2,1914,Unknown,Francis,S. Morgan Smith,NA,150,15000,1,10M,1.00301E+11,30013
hc1287_p01,hc1287_p01_5,Ryan,47.5691,-111.1248,NorthWestern Energy (MT Hydro),HY,2194,RYA1,5,01 - Ryan,9.2,1915,Unknown,Francis,S. Morgan Smith,NA,150,15000,1,10M,1.00301E+11,30013
hc1287_p01,hc1287_p01_6,Ryan,47.5691,-111.1248,NorthWestern Energy (MT Hydro),HY,2194,RYA2,6,01 - Ryan,9.2,1915,Unknown,Francis,S. Morgan Smith,NA,150,15000,1,10M,1.00301E+11,30013
hc1288_p01,hc1288_p01_1,Cochrane,47.5527,-111.1484,NorthWestern Energy (MT Hydro),HY,2182,COC1,1,01 - Cochrane,28.4,1958,Unknown,Kaplan,S. Morgan Smith,NA,80,42000,1,10M,1.00301E+11,30013
hc1288_p01,hc1288_p01_2,Cochrane,47.5527,-111.1484,NorthWestern Energy (MT Hydro),HY,2182,COC2,2,01 - Cochrane,32,1958,Unknown,Kaplan,S. Morgan Smith,NA,80,42000,1,10M,1.00301E+11,30013
hc1289_p01,hc1289_p01_1,Rainbow,47.5346,-111.2041,NorthWestern Energy (MT Hydro),HY,2193,RAI9,1,NA,59,2013,Unknown,Unknown,NA,NA,NA,NA,1,10M,1.00301E+11,30013
hc1290_p01,hc1290_p01_3,Black Eagle,47.5197,-111.2625,NorthWestern Energy (MT Hydro),HY,2181,BLA3,3,01 - Black Eagle,9,1927,Unknown,Kaplan,S. Morgan Smith,NA,50,9300,1,10M,1.00301E+11,30013
hc1290_p01,hc1290_p01_2,Black Eagle,47.5197,-111.2625,NorthWestern Energy (MT Hydro),HY,2181,BLA2,2,01 - Black Eagle,8.7,1927,Unknown,Kaplan,S. Morgan Smith,NA,50,9300,1,10M,1.00301E+11,30013
hc1290_p01,hc1290_p01_1,Black Eagle,47.5197,-111.2625,NorthWestern Energy (MT Hydro),HY,2181,BLA1,1,01 - Black Eagle,9,1927,Unknown,Kaplan,S. Morgan Smith,NA,50,9300,1,10M,1.00301E+11,30013
hc1291_p01,hc1291_p01_1,Holter,46.9913,-112.0035,NorthWestern Energy (MT Hydro),HY,2186,HOL1,1,01 - Holter,15,1918,Unknown,Francis,S. Morgan Smith,NA,109,16500,1,10M,1.00301E+11,30049
hc1291_p01,hc1291_p01_2,Holter,46.9913,-112.0035,NorthWestern Energy (MT Hydro),HY,2186,HOL2,2,01 - Holter,15,1918,Unknown,Francis,S. Morgan Smith,NA,109,16500,1,10M,1.00301E+11,30049
hc1291_p01,hc1291_p01_4,Holter,46.9913,-112.0035,NorthWestern Energy (MT Hydro),HY,2186,HOL3,4,01 - Holter,15,1918,Unknown,Francis,S. Morgan Smith,NA,109,16500,1,10M,1.00301E+11,30049
hc1291_p01,hc1291_p01_3,Holter,46.9913,-112.0035,NorthWestern Energy (MT Hydro),HY,2186,HOL4,3,01 - Holter,9.6,1918,Unknown,Francis,S. Morgan Smith,NA,109,16500,1,10M,1.00301E+11,30049
hc1292_p01,hc1292_p01_11,Hauser,46.7649,-111.8863,NorthWestern Energy (MT Hydro),HY,2185,HAU11,11,01 - Hauser,3.5,2021,Unknown,Unknown,Unknown,NA,60,4000,1,10M,1.00301E+11,30049
hc1292_p01,hc1292_p01_8,Hauser,46.7649,-111.8863,NorthWestern Energy (MT Hydro),HY,2185,HAU8,8,01 - Hauser,3.5,2022,Unknown,Unknown,Unknown,NA,60,4000,1,10M,1.00301E+11,30049
hc1292_p01,hc1292_p01_2,Hauser,46.7649,-111.8863,NorthWestern Energy (MT Hydro),HY,2185,HAU3,2,01 - Hauser,2.8,1911,Unknown,Francis,Westinghouse,NA,60,4000,1,10M,1.00301E+11,30049
hc1292_p01,hc1292_p01_10,Hauser,46.7649,-111.8863,NorthWestern Energy (MT Hydro),HY,2185,HAU10,10,01 - Hauser,3.5,2025,Unknown,Unknown,Unknown,NA,NA,NA,NA,NA,1.00301E+11,30049
hc1292_p01,hc1292_p01_4,Hauser,46.7649,-111.8863,NorthWestern Energy (MT Hydro),HY,2185,HAU7,4,01 - Hauser,3.5,2019,Unknown,Unknown,NA,NA,60,4000,1,10M,1.00301E+11,30049
hc1293_p01,hc1293_p01_5,Madison,45.47,-111.6374,NorthWestern Energy (MT Hydro),HY,6422,MAD5,5,01 - Madison,4.1,2021,NA,Unknown,Unknown,NA,NA,NA,0.5,1H,1.002E+11,30057
hc1293_p01,hc1293_p01_6,Madison,45.47,-111.6374,NorthWestern Energy (MT Hydro),HY,6422,MAD6,6,01 - Madison,4.1,2021,NA,Unknown,Unknown,NA,NA,NA,0.5,1H,1.002E+11,30057
hc1293_p01,hc1293_p01_7,Madison,45.47,-111.6374,NorthWestern Energy (MT Hydro),HY,6422,MAD7,7,01 - Madison,4.1,2022,NA,Unknown,Unknown,NA,NA,NA,0.5,1H,1.002E+11,30057
hc1293_p01,hc1293_p01_8,Madison,45.47,-111.6374,NorthWestern Energy (MT Hydro),HY,6422,MAD8,8,01 - Madison,4.1,2022,NA,Unknown,Unknown,NA,NA,NA,0.5,1H,1.002E+11,30057
hc1294_p01,hc1294_p01_1,Biron,44.435,-89.7783,Consolidated Water Power Co,HY,3971,4,1,02 - Grinder Building,0.5,1896,Unknown,Francis,Allis-Chalmers,NA,18,737.5,0.4,12H,070700030306,55141
hc1294_p01,hc1294_p01_2,Biron,44.435,-89.7783,Consolidated Water Power Co,HY,3971,6,2,02 - Grinder Building,0.5,1896,Unknown,Francis,Allis-Chalmers,NA,18,737.5,0.4,12H,070700030306,55141
hc1294_p01,hc1294_p01_3,Biron,44.435,-89.7783,Consolidated Water Power Co,HY,3971,5,3,02 - Grinder Building,0.5,1896,Unknown,Francis,S. Morgan Smith,NA,18,737.5,0.4,12H,070700030306,55141
hc1294_p01,hc1294_p01_4,Biron,44.435,-89.7783,Consolidated Water Power Co,HY,3971,7,4,02 - Grinder Building,0.5,1896,Unknown,Francis,S. Morgan Smith,NA,18,737.5,0.4,12H,070700030306,55141
hc1294_p01,hc1294_p01_6,Biron,44.435,-89.7783,Consolidated Water Power Co,HY,3971,3,6,02 - Grinder Building,0.4,1916,Unknown,Francis,Allis-Chalmers,NA,18,700,0.4,12H,070700030306,55141
hc1294_p01,hc1294_p01_5,Biron,44.435,-89.7783,Consolidated Water Power Co,HY,3971,9,5,02 - Grinder Building,0.6,1896,Unknown,Francis,Allis-Chalmers,NA,18,737.5,0.8,12H,070700030306,55141
hc1294_p01,hc1294_p01_7,Biron,44.435,-89.7783,Consolidated Water Power Co,HY,3971,1,7,01 - Biron No 2,1.4,1920,Unknown,Francis,Allis-Chalmers,NA,20,1500,1.3,12H,070700030306,55141
hc1294_p01,hc1294_p01_8,Biron,44.435,-89.7783,Consolidated Water Power Co,HY,3971,2,8,01 - Biron No 2,1.4,1920,Unknown,Francis,Allis-Chalmers,NA,20,1500,1.3,12H,070700030306,55141
hc1296_p01,hc1296_p01_1,North Fork,45.2439,-122.2803,Portland General Electric Co,HY,3047,1,1,01 - North Fork,19.2,1958,Unknown,Francis,Newport News,NA,130,34500,4,10M,1.709E+11,41005
hc1296_p01,hc1296_p01_2,North Fork,45.2439,-122.2803,Portland General Electric Co,HY,3047,2,2,01 - North Fork,21.6,1958,Unknown,Francis,Newport News,NA,130,41500,4,10M,1.709E+11,41005
hc1297_p01,hc1297_p01_6,Faraday,45.2672,-122.32,Portland General Electric Co,HY,3045,6,6,01 - Faraday,19.2,1958,Unknown,Francis,Newport News,NA,130,41500,5,10M,1.709E+11,41005
hc1297_p01,hc1297_p01_7,Faraday,45.2672,-122.32,Portland General Electric Co,HY,3045,7,7,01 - Faraday,9,2023,Unknown,Unknown,NA,NA,NA,NA,9,10M,1.709E+11,41005
hc1297_p01,hc1297_p01_8,Faraday,45.2672,-122.32,Portland General Electric Co,HY,3045,8,8,01 - Faraday,9,2023,Unknown,Unknown,NA,NA,NA,NA,9,10M,1.709E+11,41005
hc1298_p01,hc1298_p01_1,River Mill,45.2981,-122.3469,Portland General Electric Co,HY,3049,1,1,01 - River Mill,3.3,1911,Unknown,Francis,Platt Iron Works,NA,81,6300,2,10M,1.709E+11,41005
hc1298_p01,hc1298_p01_2,River Mill,45.2981,-122.3469,Portland General Electric Co,HY,3049,2,2,01 - River Mill,3.3,1911,Unknown,Francis,Platt Iron Works,NA,81,6300,2,10M,1.709E+11,41005
hc1298_p01,hc1298_p01_3,River Mill,45.2981,-122.3469,Portland General Electric Co,HY,3049,3,3,01 - River Mill,3.3,1912,Unknown,Francis,Platt Iron Works,NA,81,6000,2,10M,1.709E+11,41005
hc1298_p01,hc1298_p01_5,River Mill,45.2981,-122.3469,Portland General Electric Co,HY,3049,5,5,01 - River Mill,5,1952,Unknown,Francis,S. Morgan Smith,NA,81,6825,2.5,10M,1.709E+11,41005
hc1298_p01,hc1298_p01_4,River Mill,45.2981,-122.3469,Portland General Electric Co,HY,3049,4,4,01 - River Mill,3.9,1927,Unknown,Francis,S. Morgan Smith,NA,81,6825,3,10M,1.709E+11,41005
hc1299_p01,hc1299_p01_1,Oak Grove,45.0749,-121.9685,Portland General Electric Co,HY,6505,1,1,NA,25.5,1924,Unknown,Unknown,NA,NA,NA,NA,4,10M,1.709E+11,41005
hc1299_p01,hc1299_p01_2,Oak Grove,45.0749,-121.9685,Portland General Electric Co,HY,6505,2,2,NA,25.5,1931,Unknown,Unknown,NA,NA,NA,NA,4,10M,1.709E+11,41005
hc1300_p01,hc1300_p01_1,Falls,35.3953,-80.0756,"Eagle Creek Renewable Energy, LLC",HY,54895,YF2,1,01 - Falls,11.2,1919,Unknown,Kaplan,Allis-Chalmers,NA,54,15000,5,10M,030401030605,NA
hc1300_p01,hc1300_p01_2,Falls,35.3953,-80.0756,"Eagle Creek Renewable Energy, LLC",HY,54895,YF3,2,01 - Falls,11.2,1919,Unknown,Kaplan,Allis-Chalmers,NA,54,15000,5,10M,030401030605,NA
hc1300_p01,hc1300_p01_3,Falls,35.3953,-80.0756,"Eagle Creek Renewable Energy, LLC",HY,54895,YF1,3,01 - Falls,9,1922,Unknown,Francis,S. Morgan Smith,NA,54,13950,5,10M,030401030605,NA
hc1301_p01,hc1301_p01_1,Narrows,35.4197,-80.0931,"Eagle Creek Renewable Energy, LLC",HY,54894,YN1,1,01 - Narrows,24.7,1917,Unknown,Francis,Allis-Chalmers,NA,175,36000,1,10M,030401030605,NA
hc1301_p01,hc1301_p01_2,Narrows,35.4197,-80.0931,"Eagle Creek Renewable Energy, LLC",HY,54894,YN2,2,01 - Narrows,24.7,1917,Unknown,Francis,Allis-Chalmers,NA,175,36000,1,10M,030401030605,NA
hc1301_p01,hc1301_p01_4,Narrows,35.4197,-80.0931,"Eagle Creek Renewable Energy, LLC",HY,54894,YN4,4,01 - Narrows,30.4,1924,Unknown,Francis,Allis-Chalmers,NA,175,36000,1,10M,030401030605,NA
hc1301_p01,hc1301_p01_3,Narrows,35.4197,-80.0931,"Eagle Creek Renewable Energy, LLC",HY,54894,YN3,3,01 - Narrows,29,1917,Unknown,Francis,AMERICAN HYDRO,NA,175,36000,29,10M,030401030605,NA
hc1302_p01,hc1302_p01_1,Tuckertown,35.4851,-80.1764,"Eagle Creek Renewable Energy, LLC",HY,54897,TT1,1,01 - Tuckertown,14,1962,Unknown,Kaplan,Newport News,NA,55,17000,5,10M,030401030604,NA
hc1302_p01,hc1302_p01_2,Tuckertown,35.4851,-80.1764,"Eagle Creek Renewable Energy, LLC",HY,54897,TT2,2,01 - Tuckertown,14,1962,Unknown,Kaplan,Newport News,NA,55,17000,5,10M,030401030604,NA
hc1302_p01,hc1302_p01_3,Tuckertown,35.4851,-80.1764,"Eagle Creek Renewable Energy, LLC",HY,54897,TT3,3,01 - Tuckertown,14,1962,Unknown,Kaplan,Newport News,NA,55,17000,5,10M,030401030604,NA
hc1303_p01,hc1303_p01_1,High Rock,35.6007,-80.2349,"Eagle Creek Renewable Energy, LLC",HY,54896,HR1,1,01 - High Rock,11,1927,Unknown,Francis,S. Morgan Smith,NA,52,14700,5,10M,030401030604,NA
hc1303_p01,hc1303_p01_2,High Rock,35.6007,-80.2349,"Eagle Creek Renewable Energy, LLC",HY,54896,HR2,2,01 - High Rock,11,1927,Unknown,Francis,S. Morgan Smith,NA,52,14700,5,10M,030401030604,NA
hc1303_p01,hc1303_p01_3,High Rock,35.6007,-80.2349,"Eagle Creek Renewable Energy, LLC",HY,54896,HR3,3,01 - High Rock,11,1927,Unknown,Francis,S. Morgan Smith,NA,52,14700,5,10M,030401030604,NA
hc1304_p01,hc1304_p01_1,Williams Fork Hydro Plant,40.0353,-106.205,Denver City & County of,HY,10422,GEN1,1,01 - Williams Fork,3,1959,Unknown,Francis,NA,NA,155,4250,0.5,10M,1.401E+11,08049
hc1304_p01,hc1304_p01_2,Williams Fork Hydro Plant,40.0353,-106.205,Denver City & County of,HY,10422,GEN2,2,NA,0.5,2012,Unknown,Francis,Canyon Hydro,NA,NA,NA,0.5,10M,1.401E+11,08049
hc1305_p01,hc1305_p01_1,Peterson,44.6387,-73.1628,Green Mountain Power Corp,HY,3720,1,1,01 - Peterson,6.3,1948,Unknown,Kaplan,S. Morgan Smith,NA,55,8500,0.2,10M,041504050306,50007
hc1306_p01,hc1306_p01_1,Milton,44.6367,-73.118,Green Mountain Power Corp,HY,3717,1,1,01 - Milton,3.7,1929,Unknown,Francis,S. Morgan Smith,NA,95,5000,0.5,10M,041504050306,50007
hc1306_p01,hc1306_p01_2,Milton,44.6367,-73.118,Green Mountain Power Corp,HY,3717,2,2,01 - Milton,3.7,1938,Unknown,Francis,S. Morgan Smith,NA,95,5000,0.5,10M,041504050306,50007
hc1307_p01,hc1307_p01_1,Clark Falls,44.6415,-73.1135,Green Mountain Power Corp,HY,3711,1,1,01 - Clark Falls,3,1937,Unknown,Kaplan,S. Morgan Smith,NA,41,4000,0.5,10M,041504050306,50007
hc1308_p01,hc1308_p01_1,Fairfax Falls,44.6512,-72.9907,Green Mountain Power Corp,HY,3712,1,1,01 - Fairfax Falls,1.4,1919,Unknown,Francis,Allis-Chalmers,NA,80,2900,0.2,10M,041504050304,50011
hc1308_p01,hc1308_p01_2,Fairfax Falls,44.6512,-72.9907,Green Mountain Power Corp,HY,3712,2,2,01 - Fairfax Falls,2.1,1921,Unknown,Francis,Allis-Chalmers,NA,80,2900,0.2,10M,041504050304,50011
hc1309_p01,hc1309_p01_1,Blewett,34.988,-79.8798,Duke Energy Progress - (NC),HY,2707,1,1,01 - Blewett Falls,3.2,1912,Unknown,Francis,S. Morgan Smith,NA,47,5350,3,10M,030401040506,NA
hc1309_p01,hc1309_p01_2,Blewett,34.988,-79.8798,Duke Energy Progress - (NC),HY,2707,2,2,01 - Blewett Falls,3.2,1912,Unknown,Francis,S. Morgan Smith,NA,47,5350,3,10M,030401040506,NA
hc1309_p01,hc1309_p01_3,Blewett,34.988,-79.8798,Duke Energy Progress - (NC),HY,2707,3,3,01 - Blewett Falls,3.2,1912,Unknown,Francis,S. Morgan Smith,NA,47,5350,3,10M,030401040506,NA
hc1309_p01,hc1309_p01_4,Blewett,34.988,-79.8798,Duke Energy Progress - (NC),HY,2707,4,4,01 - Blewett Falls,5,1912,Unknown,Francis,S. Morgan Smith,NA,47,6400,4,10M,030401040506,NA
hc1309_p01,hc1309_p01_5,Blewett,34.988,-79.8798,Duke Energy Progress - (NC),HY,2707,5,5,01 - Blewett Falls,5,1912,Unknown,Francis,S. Morgan Smith,NA,47,6400,4,10M,030401040506,NA
hc1309_p01,hc1309_p01_6,Blewett,34.988,-79.8798,Duke Energy Progress - (NC),HY,2707,6,6,01 - Blewett Falls,5,1912,Unknown,Francis,S. Morgan Smith,NA,47,6400,4,10M,030401040506,NA
hc1310_p01,hc1310_p01_1,Tillery,35.2067,-80.0658,Duke Energy Progress - (NC),HY,2714,2,1,01 - Tillery,18,1928,Unknown,Francis,I.P. Morris,NA,70,25600,18,10M,030401040205,NA
hc1310_p01,hc1310_p01_2,Tillery,35.2067,-80.0658,Duke Energy Progress - (NC),HY,2714,1,2,01 - Tillery,22,1928,Unknown,Francis,I.P. Morris,NA,70,31100,21,10M,030401040205,NA
hc1310_p01,hc1310_p01_3,Tillery,35.2067,-80.0658,Duke Energy Progress - (NC),HY,2714,3,3,01 - Tillery,22,1928,Unknown,Francis,I.P. Morris,NA,70,31100,21,10M,030401040205,NA
hc1310_p01,hc1310_p01_4,Tillery,35.2067,-80.0658,Duke Energy Progress - (NC),HY,2714,4,4,01 - Tillery,22,1960,Unknown,Kaplan,Allis-Chalmers,NA,70,33000,22,10M,030401040205,NA
hc1311_p01,hc1311_p01_3,Mosinee,44.79,-89.6967,"Ahlstrom-Munksjo NA Specialty Solutions, LLC",HY,50614,HYD1,3,01 - Mosinee - East,2.2,1924,Unknown,Francis,NA,NA,22,884,1,1H,070700021807,55073
hc1311_p01,hc1311_p01_1,Mosinee,44.79,-89.6967,"Ahlstrom-Munksjo NA Specialty Solutions, LLC",HY,50614,HYD2,1,02 - Mosinee - West,0.6,1919,Unknown,Francis,NA,NA,21,2500,0.5,1H,070700021807,55073
hc1311_p01,hc1311_p01_2,Mosinee,44.79,-89.6967,"Ahlstrom-Munksjo NA Specialty Solutions, LLC",HY,50614,HYD3,2,01 - Mosinee - East,0.6,1919,Unknown,Francis,NA,NA,22,884,0.5,1H,070700021807,55073
hc1312_p01,hc1312_p01_1,Leesville,37.0928,-79.4025,Appalachian Power Co,HY,3777,1,1,01 - Leesville,20,1964,Unknown,Kaplan,Baldwin,NA,77,323000,23,12H,030101011302,NA
hc1312_p01,hc1312_p01_2,Leesville,37.0928,-79.4025,Appalachian Power Co,HY,3777,2,2,01 - Leesville,20,1964,Unknown,Kaplan,Baldwin,NA,77,32300,23,12H,030101011302,NA
hc1313_p01,hc1313_p01_1,Smith Mountain,37.041,-79.5359,Appalachian Power Co,PS,3780,1,1,01 - Smith Mountain,66,1963,Unknown,Pump,Allis-Chalmers,NA,NA,87000,65,12H,030101010705,NA
hc1313_p01,hc1313_p01_3,Smith Mountain,37.041,-79.5359,Appalachian Power Co,PS,3780,5,3,01 - Smith Mountain,66,1966,Unknown,Pump,NA,NA,NA,87000,65,12H,030101010705,NA
hc1313_p01,hc1313_p01_5,Smith Mountain,37.041,-79.5359,Appalachian Power Co,PS,3780,3,5,01 - Smith Mountain,115.3,1979,Unknown,Pump,Allis-Chalmers,NA,NA,134400,105,12H,030101010705,NA
hc1313_p01,hc1313_p01_2,Smith Mountain,37.041,-79.5359,Appalachian Power Co,HY,3780,2,2,01 - Smith Mountain,150.1,1965,Unknown,Francis,Baldwin,NA,NA,204000,160,12H,030101010705,NA
hc1313_p01,hc1313_p01_4,Smith Mountain,37.041,-79.5359,Appalachian Power Co,HY,3780,4,4,01 - Smith Mountain,150.1,1966,Unknown,Francis,Baldwin,NA,NA,204000,160,12H,030101010705,NA
hc1314_p01,hc1314_p01_1,Rothschild,44.8933,-89.6267,Domtar Paper Company Rothschild,HY,50190,HG7,1,01 - Rothschild,0.5,1910,Unknown,Francis,James Leffel & Co.,NA,19,800,0.1,10M,070700021803,55073
hc1314_p01,hc1314_p01_2,Rothschild,44.8933,-89.6267,Domtar Paper Company Rothschild,HY,50190,HG3,2,01 - Rothschild,0.6,1910,Unknown,Francis,James Leffel & Co.,NA,19,800,0.2,10M,070700021803,55073
hc1315_p01,hc1315_p01_1,Swift 2,46.0667,-122.2,PacifiCorp,HY,6265,21,1,01 - Swift No.  2,36,1959,Unknown,Francis,S. Morgan Smith,NA,128,46000,0,10M,1.708E+11,NA
hc1315_p01,hc1315_p01_2,Swift 2,46.0667,-122.2,PacifiCorp,HY,6265,22,2,01 - Swift No.  2,36,1959,Unknown,Francis,S. Morgan Smith,NA,128,46000,0,10M,1.708E+11,NA
hc1316_p01,hc1316_p01_1,Robert Moses Niagara,43.1422,-79.0402,New York Power Authority,HY,2693,4,1,01 - Robert Moses - Niagara,193.5,1992,Unknown,Francis,Voith,NA,300,264000,1,10M,041201040605,36063
hc1316_p01,hc1316_p01_2,Robert Moses Niagara,43.1422,-79.0402,New York Power Authority,HY,2693,13,2,01 - Robert Moses - Niagara,193.5,1995,Unknown,Francis,Voith,NA,300,264000,1,10M,041201040605,36063
hc1316_p01,hc1316_p01_3,Robert Moses Niagara,43.1422,-79.0402,New York Power Authority,HY,2693,2,3,01 - Robert Moses - Niagara,193.5,1996,Unknown,Francis,Voith,NA,300,264000,1,10M,041201040605,36063
hc1316_p01,hc1316_p01_4,Robert Moses Niagara,43.1422,-79.0402,New York Power Authority,HY,2693,1,4,01 - Robert Moses - Niagara,193.5,1997,Unknown,Francis,Voith,NA,300,264000,1,10M,041201040605,36063
hc1316_p01,hc1316_p01_5,Robert Moses Niagara,43.1422,-79.0402,New York Power Authority,HY,2693,10,5,01 - Robert Moses - Niagara,193.5,1998,Unknown,Francis,Voith,NA,300,264000,1,10M,041201040605,36063
hc1316_p01,hc1316_p01_6,Robert Moses Niagara,43.1422,-79.0402,New York Power Authority,HY,2693,6,6,01 - Robert Moses - Niagara,193.5,1999,Unknown,Francis,Voith,NA,300,264000,1,10M,041201040605,36063
hc1316_p01,hc1316_p01_7,Robert Moses Niagara,43.1422,-79.0402,New York Power Authority,HY,2693,3,7,01 - Robert Moses - Niagara,193.5,2000,Unknown,Francis,Voith,NA,300,264000,1,10M,041201040605,36063
hc1316_p01,hc1316_p01_8,Robert Moses Niagara,43.1422,-79.0402,New York Power Authority,HY,2693,12,8,01 - Robert Moses - Niagara,193.5,2001,Unknown,Francis,Voith,NA,300,264000,1,10M,041201040605,36063
hc1316_p01,hc1316_p01_9,Robert Moses Niagara,43.1422,-79.0402,New York Power Authority,HY,2693,11,9,01 - Robert Moses - Niagara,193.5,2002,Unknown,Francis,Voith,NA,300,264000,1,10M,041201040605,36063
hc1316_p01,hc1316_p01_10,Robert Moses Niagara,43.1422,-79.0402,New York Power Authority,HY,2693,7,10,01 - Robert Moses - Niagara,193.5,2003,Unknown,Francis,Voith,NA,300,264000,1,10M,041201040605,36063
hc1316_p01,hc1316_p01_11,Robert Moses Niagara,43.1422,-79.0402,New York Power Authority,HY,2693,5,11,01 - Robert Moses - Niagara,193.5,2004,Unknown,Francis,Voith,NA,300,264000,1,10M,041201040605,36063
hc1316_p01,hc1316_p01_12,Robert Moses Niagara,43.1422,-79.0402,New York Power Authority,HY,2693,9,12,01 - Robert Moses - Niagara,150.3,2005,Unknown,Francis,Voith,NA,300,264000,1,10M,041201040605,36063
hc1316_p01,hc1316_p01_13,Robert Moses Niagara,43.1422,-79.0402,New York Power Authority,HY,2693,8,13,01 - Robert Moses - Niagara,150.3,2006,Unknown,Francis,Voith,NA,300,264000,1,10M,041201040605,36063
hc1317_p01,hc1317_p01_1,Lewiston,43.1428,-79.022,New York Power Authority,PS,2692,1,1,01 - Lewiston,20,1961,Unknown,Pump,Allis-Chalmers,NA,85,28000,1,10M,041201040605,36063
hc1317_p01,hc1317_p01_2,Lewiston,43.1428,-79.022,New York Power Authority,PS,2692,10,2,01 - Lewiston,20,1961,Unknown,Pump,Allis-Chalmers,NA,85,28000,1,10M,041201040605,36063
hc1317_p01,hc1317_p01_3,Lewiston,43.1428,-79.022,New York Power Authority,PS,2692,11,3,01 - Lewiston,20,1961,Unknown,Pump,Allis-Chalmers,NA,85,28000,1,10M,041201040605,36063
hc1317_p01,hc1317_p01_4,Lewiston,43.1428,-79.022,New York Power Authority,PS,2692,12,4,01 - Lewiston,20,1961,Unknown,Pump,Allis-Chalmers,NA,85,28000,1,10M,041201040605,36063
hc1317_p01,hc1317_p01_5,Lewiston,43.1428,-79.022,New York Power Authority,PS,2692,2,5,01 - Lewiston,20,1961,Unknown,Pump,Allis-Chalmers,NA,85,28000,1,10M,041201040605,36063
hc1317_p01,hc1317_p01_6,Lewiston,43.1428,-79.022,New York Power Authority,PS,2692,3,6,01 - Lewiston,20,1961,Unknown,Pump,Allis-Chalmers,NA,85,28000,1,10M,041201040605,36063
hc1317_p01,hc1317_p01_7,Lewiston,43.1428,-79.022,New York Power Authority,PS,2692,4,7,01 - Lewiston,20,1961,Unknown,Pump,Allis-Chalmers,NA,85,28000,1,10M,041201040605,36063
hc1317_p01,hc1317_p01_8,Lewiston,43.1428,-79.022,New York Power Authority,PS,2692,5,8,01 - Lewiston,20,1961,Unknown,Pump,Allis-Chalmers,NA,85,28000,1,10M,041201040605,36063
hc1317_p01,hc1317_p01_9,Lewiston,43.1428,-79.022,New York Power Authority,PS,2692,6,9,01 - Lewiston,20,1961,Unknown,Pump,Allis-Chalmers,NA,85,28000,1,10M,041201040605,36063
hc1317_p01,hc1317_p01_10,Lewiston,43.1428,-79.022,New York Power Authority,PS,2692,7,10,01 - Lewiston,20,1961,Unknown,Pump,Allis-Chalmers,NA,85,28000,1,10M,041201040605,36063
hc1317_p01,hc1317_p01_11,Lewiston,43.1428,-79.022,New York Power Authority,PS,2692,8,11,01 - Lewiston,20,1961,Unknown,Pump,Allis-Chalmers,NA,85,28000,1,10M,041201040605,36063
hc1317_p01,hc1317_p01_12,Lewiston,43.1428,-79.022,New York Power Authority,PS,2692,9,12,01 - Lewiston,20,1961,Unknown,Pump,Allis-Chalmers,NA,85,28000,1,10M,041201040605,36063
hc1318_p01,hc1318_p01_1,Boulder Creek,38.045,-111.4914,"Garkane Energy Coop, Inc",HY,3699,1,1,01 - Boulder Creek,1.4,1958,Unknown,Unknown,NA,NA,NA,NA,0.5,1H,1.407E+11,49017
hc1318_p01,hc1318_p01_2,Boulder Creek,38.045,-111.4914,"Garkane Energy Coop, Inc",HY,3699,2,2,01 - Boulder Creek,1.4,1958,Unknown,Unknown,NA,NA,NA,NA,0.5,1H,1.407E+11,49017
hc1318_p01,hc1318_p01_3,Boulder Creek,38.045,-111.4914,"Garkane Energy Coop, Inc",HY,3699,3,3,01 - Boulder Creek,1.4,1961,Unknown,Unknown,NA,NA,NA,NA,0.5,1H,1.407E+11,49017
hc1319_p01,hc1319_p01_1,Ozark Beach,36.6591212,-93.12438403,Empire District Electric Co,HY,6280,5,1,01 - Ozark Beach,4,1930,Unknown,Francis,James Leffel & Co.,NA,55,7250,1,10M,1.101E+11,29213
hc1319_p01,hc1319_p01_2,Ozark Beach,36.6591212,-93.12438403,Empire District Electric Co,HY,6280,6,2,01 - Ozark Beach,4,1930,Unknown,Francis,James Leffel & Co.,NA,55,7250,1,10M,1.101E+11,29213
hc1319_p01,hc1319_p01_3,Ozark Beach,36.6591212,-93.12438403,Empire District Electric Co,HY,6280,7,3,01 - Ozark Beach,4,1930,Unknown,Francis,James Leffel & Co.,NA,55,7250,1,10M,1.101E+11,29213
hc1319_p01,hc1319_p01_4,Ozark Beach,36.6591212,-93.12438403,Empire District Electric Co,HY,6280,8,4,01 - Ozark Beach,4,1930,Unknown,Francis,James Leffel & Co.,NA,55,7250,1,10M,1.101E+11,29213
hc1320_p01,hc1320_p01_1,Blue Lake,57.0633,-135.1917,City & Borough of Sitka - (AK),HY,93,3,1,NA,5.3,2014,Unknown,Unknown,NA,NA,NA,NA,1,1H,1.90102E+11,NA
hc1320_p01,hc1320_p01_2,Blue Lake,57.0633,-135.1917,City & Borough of Sitka - (AK),HY,93,4,2,NA,5.3,2014,Unknown,Unknown,NA,NA,NA,NA,1,1H,1.90102E+11,NA
hc1320_p01,hc1320_p01_3,Blue Lake,57.0633,-135.1917,City & Borough of Sitka - (AK),HY,93,5,3,NA,5.3,2014,Unknown,Unknown,NA,NA,NA,NA,1,1H,1.90102E+11,NA
hc1320_p02,hc1320_p02_1,Blue Lake Pulp Mill,57.0633,-135.1917,Sitka City of & Borough of,HY,7334,NA2,1,02 - Pulp Mill Feeder Unit,0.87,1992,Unknown,Francis,GE Alstom,NA,173,NA,NA,NA,1.90102E+11,NA
hc1320_p03,hc1320_p03_1,Blue Lake Fish Valve,57.0633,-135.1917,Sitka City of & Borough of,HY,7333,NA1,1,03 - Fish Valve Unit,0.67,1992,Unknown,Francis,GE Alstom,NA,191,NA,NA,NA,1.90102E+11,NA
hc1321_p01,hc1321_p01_1,Wateree,34.3367,-80.7015,"Duke Energy Carolinas, LLC",HY,3270,1,1,01 - Wateree,18.1,1919,Unknown,Francis,Allis-Chalmers,NA,68,21866,11.2,10M,030501040208,45055
hc1321_p01,hc1321_p01_2,Wateree,34.3367,-80.7015,"Duke Energy Carolinas, LLC",HY,3270,2,2,01 - Wateree,18.1,1919,Unknown,Francis,Allis-Chalmers,NA,68,21866,11.2,10M,030501040208,45055
hc1321_p01,hc1321_p01_3,Wateree,34.3367,-80.7015,"Duke Energy Carolinas, LLC",HY,3270,3,3,01 - Wateree,18.1,1919,Unknown,Francis,Allis-Chalmers,NA,68,21866,11.2,10M,030501040208,45055
hc1321_p01,hc1321_p01_4,Wateree,34.3367,-80.7015,"Duke Energy Carolinas, LLC",HY,3270,4,4,01 - Wateree,18.1,1919,Unknown,Francis,Allis-Chalmers,NA,68,21866,11.2,10M,030501040208,45055
hc1321_p01,hc1321_p01_5,Wateree,34.3367,-80.7015,"Duke Energy Carolinas, LLC",HY,3270,5,5,01 - Wateree,18.1,1919,Unknown,Francis,Allis-Chalmers,NA,68,21866,11.2,10M,030501040208,45055
hc1322_p02,hc1322_p02_1,Cedar Creek,34.5418,-80.8774,"Duke Energy Carolinas, LLC",HY,3255,1,1,02 - Cedar Creek,15,1926,Unknown,Francis,Allis-Chalmers,NA,65,20000,15,10M,030501030606,NA
hc1322_p02,hc1322_p02_2,Cedar Creek,34.5418,-80.8774,"Duke Energy Carolinas, LLC",HY,3255,2,2,02 - Cedar Creek,15,1926,Unknown,Francis,Allis-Chalmers,NA,65,20000,15,10M,030501030606,NA
hc1322_p02,hc1322_p02_3,Cedar Creek,34.5418,-80.8774,"Duke Energy Carolinas, LLC",HY,3255,3,3,02 - Cedar Creek,15,1926,Unknown,Francis,Allis-Chalmers,NA,65,20000,15,10M,030501030606,NA
hc1323_p01,hc1323_p01_1,Great Falls,34.5592,-80.8917,"Duke Energy Carolinas, LLC",HY,3259,5,1,01 - Great Falls,3,1907,Unknown,Francis,Allis-Chalmers,NA,72,5200,3,10M,030501030606,45057
hc1323_p01,hc1323_p01_2,Great Falls,34.5592,-80.8917,"Duke Energy Carolinas, LLC",HY,3259,6,2,01 - Great Falls,3,1907,Unknown,Francis,Allis-Chalmers,NA,72,5200,3,10M,030501030606,45057
hc1323_p01,hc1323_p01_3,Great Falls,34.5592,-80.8917,"Duke Energy Carolinas, LLC",HY,3259,1,3,01 - Great Falls,3,1907,Unknown,Francis,Voith,NA,72,5200,3,10M,030501030606,45057
hc1323_p01,hc1323_p01_4,Great Falls,34.5592,-80.8917,"Duke Energy Carolinas, LLC",HY,3259,2,4,01 - Great Falls,3,1907,Unknown,Francis,Voith,NA,72,5200,3,10M,030501030606,45057
hc1323_p02,hc1323_p02_1,Dearborn,34.5592,-80.8917,"Duke Energy Carolinas, LLC",HY,3256,1,1,02 - Dearborn,15,1923,Unknown,Francis,S. Morgan Smith,NA,68.5,17000,14,10M,030501030606,45057
hc1323_p02,hc1323_p02_2,Dearborn,34.5592,-80.8917,"Duke Energy Carolinas, LLC",HY,3256,2,2,02 - Dearborn,15,1923,Unknown,Francis,S. Morgan Smith,NA,68.5,17000,14,10M,030501030606,45057
hc1323_p02,hc1323_p02_3,Dearborn,34.5592,-80.8917,"Duke Energy Carolinas, LLC",HY,3256,3,3,02 - Dearborn,15,1923,Unknown,Francis,S. Morgan Smith,NA,68.5,17000,14,10M,030501030606,45057
hc1324_p01,hc1324_p01_1,Fishing Creek,34.6008,-80.8904,"Duke Energy Carolinas, LLC",HY,3257,5,1,01 - Fishing Creek,6,2000,Unknown,Francis,S. Morgan Smith,NA,59,11350,6,10M,030501030606,45023
hc1324_p01,hc1324_p01_2,Fishing Creek,34.6008,-80.8904,"Duke Energy Carolinas, LLC",HY,3257,2,2,01 - Fishing Creek,8.8,2000,Unknown,Francis,S. Morgan Smith,NA,59,12430,8.8000000000000007,10M,030501030606,45023
hc1324_p01,hc1324_p01_3,Fishing Creek,34.6008,-80.8904,"Duke Energy Carolinas, LLC",HY,3257,3,3,01 - Fishing Creek,8.8,2000,Unknown,Francis,S. Morgan Smith,NA,59,12430,8.8000000000000007,10M,030501030606,45023
hc1324_p01,hc1324_p01_4,Fishing Creek,34.6008,-80.8904,"Duke Energy Carolinas, LLC",HY,3257,1,4,01 - Fishing Creek,9.3,2001,Unknown,Francis,S. Morgan Smith,NA,59,14550,9.3000000000000007,10M,030501030606,45023
hc1324_p01,hc1324_p01_5,Fishing Creek,34.6008,-80.8904,"Duke Energy Carolinas, LLC",HY,3257,4,5,01 - Fishing Creek,9.4,2001,Unknown,Francis,S. Morgan Smith,NA,59,14550,9.4,10M,030501030606,45023
hc1325_p01,hc1325_p01_4,Wylie,35.0211,-81.0081,"Duke Energy Carolinas, LLC",HY,3271,4,4,01 - Wylie,15,1925,Unknown,Francis,Allis-Chalmers,NA,65.5,22420,6,10M,030501011508,45091
hc1325_p01,hc1325_p01_1,Wylie,35.0211,-81.0081,"Duke Energy Carolinas, LLC",HY,3271,1,1,01 - Wylie,15,1925,Unknown,Francis,Allis-Chalmers,NA,65.5,22420,15,10M,030501011508,45091
hc1325_p01,hc1325_p01_2,Wylie,35.0211,-81.0081,"Duke Energy Carolinas, LLC",HY,3271,2,2,01 - Wylie,15,1925,Unknown,Francis,Allis-Chalmers,NA,65.5,22420,15,10M,030501011508,45091
hc1325_p01,hc1325_p01_3,Wylie,35.0211,-81.0081,"Duke Energy Carolinas, LLC",HY,3271,3,3,01 - Wylie,15,1925,Unknown,Francis,Allis-Chalmers,NA,65.5,22420,15,10M,030501011508,45091
hc1326_p01,hc1326_p01_1,Mountain Island,35.3359,-80.9852,"Duke Energy Carolinas, LLC",HY,2728,1,1,01 - Mountain Island,15,1923,Unknown,Francis,S. Morgan Smith,NA,83,22700,14,10M,030501011402,37071
hc1326_p01,hc1326_p01_2,Mountain Island,35.3359,-80.9852,"Duke Energy Carolinas, LLC",HY,2728,2,2,01 - Mountain Island,15,1923,Unknown,Francis,S. Morgan Smith,NA,83,22700,14,10M,030501011402,37071
hc1326_p01,hc1326_p01_3,Mountain Island,35.3359,-80.9852,"Duke Energy Carolinas, LLC",HY,2728,3,3,01 - Mountain Island,15,1923,Unknown,Francis,S. Morgan Smith,NA,83,22700,15,10M,030501011402,37071
hc1326_p01,hc1326_p01_4,Mountain Island,35.3359,-80.9852,"Duke Energy Carolinas, LLC",HY,2728,4,4,01 - Mountain Island,15,1923,Unknown,Francis,S. Morgan Smith,NA,83,22700,15,10M,030501011402,37071
hc1327_p01,hc1327_p01_4,Cowans Ford,35.435,-80.9587,"Duke Energy Carolinas, LLC",HY,2722,4,4,01 - Cowans Ford,87.5,1967,Unknown,Kaplan,Allis-Chalmers,NA,81,95000,81,10M,030501011402,37109
hc1327_p01,hc1327_p01_1,Cowans Ford,35.435,-80.9587,"Duke Energy Carolinas, LLC",HY,2722,1,1,01 - Cowans Ford,87.5,1963,Unknown,Kaplan,Allis-Chalmers,NA,81,95000,81,10M,030501011402,37109
hc1327_p01,hc1327_p01_2,Cowans Ford,35.435,-80.9587,"Duke Energy Carolinas, LLC",HY,2722,2,2,01 - Cowans Ford,87.5,1963,Unknown,Kaplan,Allis-Chalmers,NA,81,95000,81,10M,030501011402,37109
hc1327_p01,hc1327_p01_3,Cowans Ford,35.435,-80.9587,"Duke Energy Carolinas, LLC",HY,2722,3,3,01 - Cowans Ford,87.5,1963,Unknown,Kaplan,Allis-Chalmers,NA,81,95000,81,10M,030501011402,37109
hc1328_p01,hc1328_p01_1,Lookout Shoals,35.7575,-81.0908,"Duke Energy Carolinas, LLC",HY,2726,1,1,01 - Lookout Shoals,8.6,1915,Unknown,Francis,Allis-Chalmers,NA,76,11700,8.6,10M,030501011005,37097
hc1328_p01,hc1328_p01_2,Lookout Shoals,35.7575,-81.0908,"Duke Energy Carolinas, LLC",HY,2726,2,2,01 - Lookout Shoals,8.6,1915,Unknown,Francis,Allis-Chalmers,NA,76,11700,8.6,10M,030501011005,37097
hc1328_p01,hc1328_p01_3,Lookout Shoals,35.7575,-81.0908,"Duke Energy Carolinas, LLC",HY,2726,3,3,01 - Lookout Shoals,8.6,1915,Unknown,Francis,Allis-Chalmers,NA,76,11700,8.6,10M,030501011005,37097
hc1329_p01,hc1329_p01_1,Oxford,35.8214,-81.1922,"Duke Energy Carolinas, LLC",HY,2729,1,1,01 - Oxford,18,1928,Unknown,Francis,ALSTH,NA,90,28000,18,10M,030501010904,37035
hc1329_p01,hc1329_p01_2,Oxford,35.8214,-81.1922,"Duke Energy Carolinas, LLC",HY,2729,2,2,01 - Oxford,18,1928,Unknown,Francis,Newport News,NA,90,28000,18,10M,030501010904,37035
hc1330_p01,hc1330_p01_1,Rhodhiss,35.7742,-81.4381,"Duke Energy Carolinas, LLC",HY,2730,1,1,01 - Rhodhiss,8.5,1925,Unknown,Francis,S. Morgan Smith,NA,60,14140,8.5,10M,030501010804,37027
hc1330_p01,hc1330_p01_2,Rhodhiss,35.7742,-81.4381,"Duke Energy Carolinas, LLC",HY,2730,3,2,01 - Rhodhiss,8.5,1925,Unknown,Francis,S. Morgan Smith,NA,60,14140,8.5,10M,030501010804,37027
hc1330_p01,hc1330_p01_3,Rhodhiss,35.7742,-81.4381,"Duke Energy Carolinas, LLC",HY,2730,2,3,01 - Rhodhiss,8.5,2000,Unknown,Francis,S. Morgan Smith,NA,60,14140,8.5,10M,030501010804,37027
hc1331_p01,hc1331_p01_3,Bridgewater,35.7433,-81.8387,"Duke Energy Carolinas, LLC",HY,2719,3,3,NA,1.7,2011,Unknown,Francis,Voith,NA,NA,NA,1.5,10M,030501010303,37023
hc1331_p01,hc1331_p01_1,Bridgewater,35.7433,-81.8387,"Duke Energy Carolinas, LLC",HY,2719,1,1,01 - Linville,13,1919,Unknown,Francis,I.P. Morris,NA,115,13200,13,10M,030501010303,37023
hc1331_p01,hc1331_p01_2,Bridgewater,35.7433,-81.8387,"Duke Energy Carolinas, LLC",HY,2719,2,2,01 - Linville,13,1919,Unknown,Francis,I.P. Morris,NA,115,13200,13,10M,030501010303,37023
hc1332_p01,hc1332_p01_3,Sullivan,45.3514,-122.6167,Portland General Electric Co,HY,3053,9,3,01 - Pge/sullivan,1,1924,Unknown,Francis,S. Morgan Smith,NA,35,1200,0.5,10M,1.709E+11,41005
hc1332_p01,hc1332_p01_5,Sullivan,45.3514,-122.6167,Portland General Electric Co,HY,3053,8,5,01 - Pge/sullivan,1.2,1952,Unknown,Kaplan,Pelton Water Wheel Company,NA,40,1600,0.9,10M,1.709E+11,41005
hc1332_p01,hc1332_p01_7,Sullivan,45.3514,-122.6167,Portland General Electric Co,HY,3053,10,7,01 - Pge/sullivan,1.2,1952,Unknown,Kaplan,Pelton Water Wheel Company,NA,40,1600,0.9,10M,1.709E+11,41005
hc1332_p01,hc1332_p01_8,Sullivan,45.3514,-122.6167,Portland General Electric Co,HY,3053,11,8,01 - Pge/sullivan,1.2,1952,Unknown,Kaplan,Pelton Water Wheel Company,NA,40,1600,0.9,10M,1.709E+11,41005
hc1332_p01,hc1332_p01_9,Sullivan,45.3514,-122.6167,Portland General Electric Co,HY,3053,12,9,01 - Pge/sullivan,1.2,1952,Unknown,Kaplan,Pelton Water Wheel Company,NA,40,1600,0.9,10M,1.709E+11,41005
hc1332_p01,hc1332_p01_10,Sullivan,45.3514,-122.6167,Portland General Electric Co,HY,3053,2,10,01 - Pge/sullivan,1.2,1952,Unknown,Kaplan,Pelton Water Wheel Company,NA,40,1600,0.9,10M,1.709E+11,41005
hc1332_p01,hc1332_p01_11,Sullivan,45.3514,-122.6167,Portland General Electric Co,HY,3053,3,11,01 - Pge/sullivan,1.2,1952,Unknown,Kaplan,Pelton Water Wheel Company,NA,40,1600,0.9,10M,1.709E+11,41005
hc1332_p01,hc1332_p01_12,Sullivan,45.3514,-122.6167,Portland General Electric Co,HY,3053,4,12,01 - Pge/sullivan,1.2,1952,Unknown,Kaplan,Pelton Water Wheel Company,NA,40,1600,0.9,10M,1.709E+11,41005
hc1332_p01,hc1332_p01_13,Sullivan,45.3514,-122.6167,Portland General Electric Co,HY,3053,5,13,01 - Pge/sullivan,1.2,1952,Unknown,Kaplan,Pelton Water Wheel Company,NA,40,1600,0.9,10M,1.709E+11,41005
hc1332_p01,hc1332_p01_14,Sullivan,45.3514,-122.6167,Portland General Electric Co,HY,3053,6,14,01 - Pge/sullivan,1.2,1952,Unknown,Kaplan,Pelton Water Wheel Company,NA,40,1600,0.9,10M,1.709E+11,41005
hc1332_p01,hc1332_p01_15,Sullivan,45.3514,-122.6167,Portland General Electric Co,HY,3053,7,15,01 - Pge/sullivan,1.2,1952,Unknown,Kaplan,Pelton Water Wheel Company,NA,40,1600,0.9,10M,1.709E+11,41005
hc1332_p01,hc1332_p01_1,Sullivan,45.3514,-122.6167,Portland General Electric Co,HY,NA,NA,1,02 - Blue Heron Paper Company,0.75,1916,Unknown,Francis,Victor,NA,32,1100,NA,NA,1.709E+11,41005
hc1332_p01,hc1332_p01_2,Sullivan,45.3514,-122.6167,Portland General Electric Co,HY,NA,NA,2,02 - Blue Heron Paper Company,0.75,1924,Unknown,Francis,Victor,NA,32,1100,NA,NA,1.709E+11,41005
hc1332_p01,hc1332_p01_4,Sullivan,45.3514,-122.6167,Portland General Electric Co,HY,3053,13,4,01 - Pge/sullivan,1.2,1952,Unknown,Kaplan,Pelton Water Wheel Company,NA,40,1600,0,10M,1.709E+11,41005
hc1332_p01,hc1332_p01_6,Sullivan,45.3514,-122.6167,Portland General Electric Co,HY,3053,1,6,01 - Pge/sullivan,1.2,1952,Unknown,Kaplan,Pelton Water Wheel Company,NA,40,1600,0,10M,1.709E+11,41005
hc1333_p01,hc1333_p01_7,Morgan Falls,33.9681,-84.3841,Georgia Power Co,HY,717,7,7,01 - Morgan Falls,2.4,1923,Unknown,Francis,S. Morgan Smith,NA,48,3300,1.4,1H,031300011102,NA
hc1333_p01,hc1333_p01_1,Morgan Falls,33.9681,-84.3841,Georgia Power Co,HY,717,1,1,01 - Morgan Falls,2.4,1923,Unknown,Francis,S. Morgan Smith,NA,48,3300,1.5,1H,031300011102,NA
hc1333_p01,hc1333_p01_2,Morgan Falls,33.9681,-84.3841,Georgia Power Co,HY,717,2,2,01 - Morgan Falls,2.4,1923,Unknown,Francis,S. Morgan Smith,NA,48,3300,1.5,1H,031300011102,NA
hc1333_p01,hc1333_p01_3,Morgan Falls,33.9681,-84.3841,Georgia Power Co,HY,717,3,3,01 - Morgan Falls,2.4,1923,Unknown,Francis,S. Morgan Smith,NA,48,4100,1.5,1H,031300011102,NA
hc1333_p01,hc1333_p01_4,Morgan Falls,33.9681,-84.3841,Georgia Power Co,HY,717,4,4,01 - Morgan Falls,2.4,1923,Unknown,Francis,S. Morgan Smith,NA,48,4100,1.5,1H,031300011102,NA
hc1333_p01,hc1333_p01_5,Morgan Falls,33.9681,-84.3841,Georgia Power Co,HY,717,5,5,01 - Morgan Falls,2.4,1923,Unknown,Francis,S. Morgan Smith,NA,48,3300,1.5,1H,031300011102,NA
hc1333_p01,hc1333_p01_6,Morgan Falls,33.9681,-84.3841,Georgia Power Co,HY,717,6,6,01 - Morgan Falls,2.4,1923,Unknown,Francis,S. Morgan Smith,NA,48,3300,1.5,1H,031300011102,NA
hc1334_p01,hc1334_p01_1,Kings Dam,45.4817,-89.68,Tomahawk Power & Pulp Co,HY,54568,4,1,01 - Kings Dam,0.312,1950,Unknown,Unknown,NA,NA,NA,NA,NA,NA,070700011305,55069
hc1334_p01,hc1334_p01_2,Kings Dam,45.4817,-89.68,Tomahawk Power & Pulp Co,HY,54568,3,2,01 - Kings Dam,0.79,1962,Unknown,Unknown,NA,NA,NA,NA,NA,NA,070700011305,55069
hc1334_p01,hc1334_p01_3,Kings Dam,45.4817,-89.68,Tomahawk Power & Pulp Co,HY,54568,1,3,01 - Kings Dam,0.746,1993,Unknown,Unknown,NA,NA,NA,NA,NA,NA,070700011305,55069
hc1334_p01,hc1334_p01_4,Kings Dam,45.4817,-89.68,Tomahawk Power & Pulp Co,HY,54568,2,4,01 - Kings Dam,0.812,2000,Unknown,Unknown,NA,NA,NA,NA,NA,NA,070700011305,55069
hc1335_p01,hc1335_p01_1,Carmen Smith,44.005,-122.1117,Eugene Water & Electric Board,HY,3067,3,1,01 - Trail Bridge,9.9,1963,Unknown,Kaplan,Allis-Chalmers,NA,67,11700,2,1H,1.709E+11,41043
hc1335_p01,hc1335_p01_2,Carmen Smith,44.005,-122.1117,Eugene Water & Electric Board,HY,3067,1,2,01 - Carmen,52.2,1963,Unknown,Francis,Allis-Chalmers,NA,490,56000,12,1H,1.709E+11,41043
hc1335_p01,hc1335_p01_3,Carmen Smith,44.005,-122.1117,Eugene Water & Electric Board,HY,3067,2,3,01 - Carmen,52.2,1963,Unknown,Unknown,NA,NA,NA,NA,12,1H,1.709E+11,41043
hc1336_p01,hc1336_p01_1,Packwood,46.5972,-121.5583,Energy Northwest,HY,3929,1,1,01 - Packwood,27.5,1964,Unknown,Pelton,Allis-Chalmers,NA,1588,36700,3,1H,1.708E+11,53041
hc1337_p01,hc1337_p01_1,Colgate,39.33076,-121.19163,Yuba County Water Agency,HY,454,1,1,01 - New Colgate,157.5,1969,Unknown,Unknown,NA,NA,NA,NA,0,10M,1.80201E+11,06115
hc1337_p01,hc1337_p01_2,Colgate,39.33076,-121.19163,Yuba County Water Agency,HY,454,2,2,01 - New Colgate,157.5,1969,Unknown,Unknown,NA,NA,NA,NA,0,10M,1.80201E+11,06115
hc1337_p02,hc1337_p02_1,Fish Power,39.3930997,-121.1432191,Yuba County Water Agency,HY,4229,HY1,1,02 - Fishwater Release,0.15,1986,Unknown,Unknown,NA,NA,NA,NA,NA,NA,1.80201E+11,06115
hc1337_p03,hc1337_p03_1,Narrows 2,39.238919,-121.2704521,Yuba County Water Agency,HY,455,1,1,03 - New Narrows,46.7,1969,Unknown,Unknown,NA,NA,NA,NA,4,10M,1.80201E+11,06115
hc1338_p01,hc1338_p01_1,Centralia,44.3683,-89.8567,Domtar Industries Inc,HY,54103,HG1,1,01 - Centralia,0.4,1913,Unknown,Francis,Allis-Chalmers,NA,15.5,700,0.2,1H,070700030704,55141
hc1338_p01,hc1338_p01_2,Centralia,44.3683,-89.8567,Domtar Industries Inc,HY,54103,HG2,2,01 - Centralia,0.4,1913,Unknown,Francis,Allis-Chalmers,NA,15.5,700,0.2,1H,070700030704,55141
hc1338_p01,hc1338_p01_3,Centralia,44.3683,-89.8567,Domtar Industries Inc,HY,54103,HG3,3,01 - Centralia,0.4,1913,Unknown,Francis,Allis-Chalmers,NA,15.5,700,0.2,1H,070700030704,55141
hc1338_p01,hc1338_p01_4,Centralia,44.3683,-89.8567,Domtar Industries Inc,HY,54103,HG4,4,01 - Centralia,0.4,1913,Unknown,Francis,Allis-Chalmers,NA,15.5,700,0.2,1H,070700030704,55141
hc1338_p01,hc1338_p01_5,Centralia,44.3683,-89.8567,Domtar Industries Inc,HY,54103,HG5,5,01 - Centralia,0.8,1926,Unknown,Unknown,Allis-Chalmers,NA,15.5,1150,0.4,1H,070700030704,55141
hc1338_p01,hc1338_p01_6,Centralia,44.3683,-89.8567,Domtar Industries Inc,HY,54103,HG6,6,01 - Centralia,0.8,1926,Unknown,Unknown,Allis-Chalmers,NA,15.5,1150,0.4,1H,070700030704,55141
hc1338_p02,hc1338_p02_3,Port Edwards,44.3517,-89.8533,Domtar Industries Inc,HY,54103,JHG4,3,01 - Port Edwards,0.4,1943,Unknown,Francis,James Leffel & Co.,NA,17.5,480,0.2,1H,070700030704,55141
hc1338_p02,hc1338_p02_2,Port Edwards,44.3517,-89.8533,Domtar Industries Inc,HY,54103,JHG3,2,01 - Port Edwards,0.6,1939,Unknown,Francis,James Leffel & Co.,NA,17.5,850,0.3,1H,070700030704,55141
hc1338_p02,hc1338_p02_1,Port Edwards,44.3517,-89.8533,Domtar Industries Inc,HY,54103,JHG2,1,01 - Port Edwards,0.6,1938,Unknown,Francis,James Leffel & Co.,NA,17.5,850,0.3,1H,070700030704,55141
hc1338_p02,hc1338_p02_5,Port Edwards,44.3517,-89.8533,Domtar Industries Inc,HY,54103,JHG5,5,01 - Port Edwards,0.6,1975,Unknown,Francis,James Leffel & Co.,NA,17.5,950,0.3,1H,070700030704,55141
hc1338_p02,hc1338_p02_4,Port Edwards,44.3517,-89.8533,Domtar Industries Inc,HY,54103,JHG1,4,01 - Port Edwards,1.3,1926,Unknown,Francis,James Leffel & Co.,NA,17.5,1615,0.6,1H,070700030704,55141
hc1339_p01,hc1339_p01_1,Wisconsin Rapids,44.3967,-89.8217,Consolidated Water Power Co,HY,3974,6,1,02 - Wisconsin Rapids Grinder Room,0.3,1903,Unknown,Francis,James Leffel & Co.,NA,30,900,0.3,12H,070700030701,55141
hc1339_p01,hc1339_p01_2,Wisconsin Rapids,44.3967,-89.8217,Consolidated Water Power Co,HY,3974,8,2,02 - Wisconsin Rapids Grinder Room,0.6,1903,Unknown,Francis,James Leffel & Co.,NA,30,900,0.3,12H,070700030701,55141
hc1339_p01,hc1339_p01_3,Wisconsin Rapids,44.3967,-89.8217,Consolidated Water Power Co,HY,3974,5,3,02 - Wisconsin Rapids Grinder Room,0.6,1903,Unknown,Francis,James Leffel & Co.,NA,NA,900,0.6,12H,070700030701,55141
hc1339_p01,hc1339_p01_4,Wisconsin Rapids,44.3967,-89.8217,Consolidated Water Power Co,HY,3974,7,4,02 - Wisconsin Rapids Grinder Room,0.6,1903,Unknown,Francis,James Leffel & Co.,NA,NA,900,0.6,12H,070700030701,55141
hc1339_p01,hc1339_p01_5,Wisconsin Rapids,44.3967,-89.8217,Consolidated Water Power Co,HY,3974,10,5,02 - Wisconsin Rapids Grinder Room,0.3,1903,Unknown,Francis,James Leffel & Co.,NA,30,900,0.6,12H,070700030701,55141
hc1339_p01,hc1339_p01_6,Wisconsin Rapids,44.3967,-89.8217,Consolidated Water Power Co,HY,3974,3,6,02 - Wisconsin Rapids Grinder Room,0.6,1903,Unknown,Francis,NA,NA,30,900,0.6,12H,070700030701,55141
hc1339_p01,hc1339_p01_7,Wisconsin Rapids,44.3967,-89.8217,Consolidated Water Power Co,HY,3974,4,7,02 - Wisconsin Rapids Grinder Room,0.6,1903,Unknown,Francis,NA,NA,30,900,0.6,12H,070700030701,55141
hc1339_p01,hc1339_p01_8,Wisconsin Rapids,44.3967,-89.8217,Consolidated Water Power Co,HY,3974,9,8,02 - Wisconsin Rapids Grinder Room,0.9,1907,Unknown,Francis,James Leffel & Co.,NA,30,900,0.6,12H,070700030701,55141
hc1339_p01,hc1339_p01_9,Wisconsin Rapids,44.3967,-89.8217,Consolidated Water Power Co,HY,3974,1,9,01 - Wisconsin Rapids Powerhouse,1.8,1920,Unknown,Francis,Allis-Chalmers,NA,30,3200,1.5,12H,070700030701,55141
hc1339_p01,hc1339_p01_10,Wisconsin Rapids,44.3967,-89.8217,Consolidated Water Power Co,HY,3974,2,10,01 - Wisconsin Rapids Powerhouse,1.8,1920,Unknown,Francis,NA,NA,30,3200,1.5,12H,070700030701,55141
hc1340_p01,hc1340_p01_1,Bowman,39.4485,-120.6527,Nevada Irrigation District,HY,50546,GEN1,1,01 - Bowman,3.6,1986,Unknown,Francis,NA,NA,135,4452,0.1,1H,1.80201E+11,06057
hc1341_p01,hc1341_p01_1,Dutch Flat 2,39.2242,-120.8355,Nevada Irrigation District,HY,413,3P,1,01 - Dutch Flat No. 2,27.3,1965,Unknown,Francis,James Leffel & Co.,NA,583,31000,5,12H,1.80201E+11,06057
hc1342_p01,hc1342_p01_1,Chicago Park,39.1817,-120.8848,Nevada Irrigation District,HY,412,2P,1,01 - Chicago Park,44,1965,Unknown,Francis,James Leffel & Co.,NA,470,50000,5,12H,1.80201E+11,06057
hc1343_p01,hc1343_p01_1,Rollins,39.1356,-120.953,Nevada Irrigation District,HY,34,1P,1,01 - Rollins,12.1,1980,Unknown,Francis,S. Morgan Smith,NA,225,14700,0.5,12H,1.80201E+11,NA
hc1344_p01,hc1344_p01_1,Salida No. 1,38.5403,-106.2481,Public Service Co of Colorado,HY,474,2,1,NA,0.6,1908,Unknown,Unknown,NA,NA,NA,NA,0.6,10M,1.102E+11,08015
hc1345_p01,hc1345_p01_1,Salida No. 2,38.5402,-106.2257,Public Service Co of Colorado,HY,475,1,1,01 - Salida No. 2,0.56,1902,Unknown,Pelton,Pelton Water Wheel Company,NA,350,775,NA,NA,1.102E+11,08015
hc1346_p01,hc1346_p01_1,Taum Sauk,37.5333,-90.8167,Union Electric Co - (MO),PS,2108,1,1,01 - Taum Sauk,204,1963,Unknown,Francis,Allis-Chalmers,NA,790,295000,165,10M,1.101E+11,29179
hc1346_p01,hc1346_p01_2,Taum Sauk,37.5333,-90.8167,Union Electric Co - (MO),PS,2108,2,2,01 - Taum Sauk,204,1963,Unknown,Francis,Allis-Chalmers,NA,790,295000,165,10M,1.101E+11,29179
hc1347_p01,hc1347_p01_1,Deer Rips,44.1362,-70.2023,Brookfield White Pine Hydro LLC,HY,1488,DR1,1,01 - Deer Rips,0.6,1903,Unknown,Francis,Holyoke,NA,31,1342,0.1,10M,010400020803,23001
hc1347_p01,hc1347_p01_2,Deer Rips,44.1362,-70.2023,Brookfield White Pine Hydro LLC,HY,1488,DR2,2,01 - Deer Rips,0.6,1903,Unknown,Francis,Holyoke,NA,31,1046,0.1,10M,010400020803,23001
hc1347_p01,hc1347_p01_3,Deer Rips,44.1362,-70.2023,Brookfield White Pine Hydro LLC,HY,1488,DR3,3,01 - Deer Rips,0.9,1906,Unknown,Francis,Holyoke,NA,31,1342,0.1,10M,010400020803,23001
hc1347_p01,hc1347_p01_4,Deer Rips,44.1362,-70.2023,Brookfield White Pine Hydro LLC,HY,1488,DR4,4,01 - Deer Rips,0.8,1911,Unknown,Francis,Holyoke,NA,31,1074,0.1,10M,010400020803,23001
hc1347_p01,hc1347_p01_5,Deer Rips,44.1362,-70.2023,Brookfield White Pine Hydro LLC,HY,1488,DR5,5,01 - Deer Rips,0.8,1913,Unknown,Francis,Holyoke,NA,31,1074,0.1,10M,010400020803,23001
hc1347_p01,hc1347_p01_6,Deer Rips,44.1362,-70.2023,Brookfield White Pine Hydro LLC,HY,1488,DR6,6,01 - Deer Rips,1.8,1919,Unknown,Francis,I.P. Morris,NA,31,2415,0.1,10M,010400020803,23001
hc1347_p01,hc1347_p01_7,Deer Rips,44.1362,-70.2023,Brookfield White Pine Hydro LLC,HY,1488,DR7,7,01 - Deer Rips,1,1924,Unknown,Francis,Wellman Seaver Morgan,NA,31,1610,0.1,10M,010400020803,23001
hc1348_p01,hc1348_p01_1,Gulf Island,44.1532,-70.2107,Brookfield White Pine Hydro LLC,HY,1491,GI1,1,01 - Gulf Island,6.4,1926,Unknown,Francis,Allis-Chalmers,NA,56,9000,0.5,10M,010400020803,23001
hc1348_p01,hc1348_p01_2,Gulf Island,44.1532,-70.2107,Brookfield White Pine Hydro LLC,HY,1491,GI2,2,01 - Gulf Island,6.4,1926,Unknown,Francis,Allis-Chalmers,NA,56,12350,0.5,10M,010400020803,23001
hc1348_p01,hc1348_p01_3,Gulf Island,44.1532,-70.2107,Brookfield White Pine Hydro LLC,HY,1491,GI3,3,01 - Gulf Island,6.4,1926,Unknown,Francis,Allis-Chalmers,NA,56,10800,0.5,10M,010400020803,23001
hc1349_p01,hc1349_p01_1,Brunswick,43.9206,-69.968,Brookfield White Pine Hydro LLC,HY,1483,B1,1,01 - Brunswick,12.6,1982,Unknown,Kaplan,NA,NA,32,16000,0.1,10M,010400021007,23005
hc1349_p01,hc1349_p01_2,Brunswick,43.9206,-69.968,Brookfield White Pine Hydro LLC,HY,1483,B2,2,01 - Brunswick,3.5,1983,Unknown,Kaplan,Allis-Chalmers,NA,NA,5000,0.1,10M,010400021007,23005
hc1349_p01,hc1349_p01_3,Brunswick,43.9206,-69.968,Brookfield White Pine Hydro LLC,HY,1483,B3,3,01 - Brunswick,3.5,1983,Unknown,Kaplan,Allis-Chalmers,NA,NA,5000,0.1,10M,010400021007,23005
hc1350_p01,hc1350_p01_1,Smith,44.4654033,-71.1840824,"Central Rivers Power NH, LLC",HY,2368,1,1,01 - J. Brodie Smith,15,1948,Unknown,Francis,Baldwin,NA,88,20500,3,10M,010400010607,33007
hc1351_p01,hc1351_p01_1,Gorham,44.3894,-71.1674,"Central Rivers Power NH, LLC",HY,2358,1,1,01 - Gorham,0.4,1917,Unknown,Francis,S. Morgan Smith,NA,18,583,0.1,10M,010400020102,33007
hc1351_p01,hc1351_p01_2,Gorham,44.3894,-71.1674,"Central Rivers Power NH, LLC",HY,2358,2,2,01 - Gorham,0.4,1917,Unknown,Francis,S. Morgan Smith,NA,18,583,0.1,10M,010400020102,33007
hc1351_p01,hc1351_p01_3,Gorham,44.3894,-71.1674,"Central Rivers Power NH, LLC",HY,2358,3,3,01 - Gorham,0.7,1923,Unknown,Kaplan,Allis-Chalmers,NA,18,1000,0.1,10M,010400020102,33007
hc1351_p01,hc1351_p01_4,Gorham,44.3894,-71.1674,"Central Rivers Power NH, LLC",HY,2358,4,4,01 - Gorham,0.7,1923,Unknown,Kaplan,Allis-Chalmers,NA,18,1000,0.1,10M,010400020102,33007
hc1352_p01,hc1352_p01_1,Kern River No. 3,35.9454,-118.478,Southern California Edison Co,HY,339,2,1,01 - Kern River No. 3,19.8,1921,Unknown,Francis,NA,NA,800,28700,0.8,10M,1.803E+11,06107
hc1352_p01,hc1352_p01_2,Kern River No. 3,35.9454,-118.478,Southern California Edison Co,HY,339,1,2,01 - Kern River No. 3,20.5,1921,Unknown,Francis,NA,NA,800,28700,0.8,10M,1.803E+11,06107
hc1353_p01,hc1353_p01_5,Nekoosa,44.3117,-89.8933,Domtar Industries Inc,HY,50395,NHG1,5,NA,0.2,1926,Unknown,Unknown,NA,NA,NA,NA,0.1,1H,070700030704,55141
hc1353_p01,hc1353_p01_1,Nekoosa,44.3117,-89.8933,Domtar Industries Inc,HY,50395,HY4,1,01 - Nekoosa,0.6,1912,Unknown,Francis,Allis-Chalmers,NA,21.5,592,0.3,1H,070700030704,55141
hc1353_p01,hc1353_p01_6,Nekoosa,44.3117,-89.8933,Domtar Industries Inc,HY,50395,HY5,6,01 - Nekoosa,0.7,1950,Unknown,Francis,James Leffel & Co.,NA,19,908,0.3,1H,070700030704,55141
hc1353_p01,hc1353_p01_2,Nekoosa,44.3117,-89.8933,Domtar Industries Inc,HY,50395,HY1,2,01 - Nekoosa,0.8,1917,Unknown,Francis,Allis-Chalmers,NA,21.5,1080,0.4,1H,070700030704,55141
hc1353_p01,hc1353_p01_3,Nekoosa,44.3117,-89.8933,Domtar Industries Inc,HY,50395,HY2,3,01 - Nekoosa,0.8,1917,Unknown,Francis,Allis-Chalmers,NA,21.5,1080,0.4,1H,070700030704,55141
hc1353_p01,hc1353_p01_4,Nekoosa,44.3117,-89.8933,Domtar Industries Inc,HY,50395,HY3,4,01 - Nekoosa,0.8,1923,Unknown,Francis,Allis-Chalmers,NA,21.5,1080,0.4,1H,070700030704,55141
hc1354_p01,hc1354_p01_4,Don Pedro,37.7007,-120.4221,Turlock Irrigation District,HY,439,4,4,01 - Don Pedro,34.3,1989,Unknown,Francis,NA,NA,450,37500,8,1H,1.804E+11,06109
hc1354_p01,hc1354_p01_1,Don Pedro,37.7007,-120.4221,Turlock Irrigation District,HY,439,1,1,01 - Don Pedro,45.5,1971,Unknown,Francis,NA,NA,450,77700,10,1H,1.804E+11,06109
hc1354_p01,hc1354_p01_2,Don Pedro,37.7007,-120.4221,Turlock Irrigation District,HY,439,2,2,01 - Don Pedro,45.5,1971,Unknown,Francis,NA,NA,450,77700,10,1H,1.804E+11,06109
hc1354_p01,hc1354_p01_3,Don Pedro,37.7007,-120.4221,Turlock Irrigation District,HY,439,3,3,01 - Don Pedro,45.5,1971,Unknown,Francis,NA,NA,450,77700,10,1H,1.804E+11,06109
hc1355_p01,hc1355_p01_1,Shelburne,44.40414953,-71.11567767,Great Lakes Hydro America LLC,HY,54639,SH2,1,01 - Shelburne,0.9,1917,Unknown,Francis,Allis-Chalmers,NA,17,1200,0.1,10M,010400020103,33007
hc1355_p01,hc1355_p01_2,Shelburne,44.40414953,-71.11567767,Great Lakes Hydro America LLC,HY,54639,SHL1,2,01 - Shelburne,0.9,1917,Unknown,Francis,Allis-Chalmers,NA,17,1200,0.1,10M,010400020103,33007
hc1355_p01,hc1355_p01_3,Shelburne,44.40414953,-71.11567767,Great Lakes Hydro America LLC,HY,54639,SHL3,3,01 - Shelburne,1.8,1929,Unknown,Kaplan,Allis-Chalmers,NA,17,2500,0.1,10M,010400020103,33007
hc1356_p01,hc1356_p01_1,Gorham,44.4082,-71.1952,Great Lakes Hydro America LLC,HY,54639,GOR1,1,01 - Gorham,1.2,1921,Unknown,Francis,Allis-Chalmers,NA,29,1400,0.1,10M,010400020101,33007
hc1356_p01,hc1356_p01_2,Gorham,44.4082,-71.1952,Great Lakes Hydro America LLC,HY,54639,GOR2,2,01 - Gorham,1.2,1921,Unknown,Francis,Allis-Chalmers,NA,29,1400,0.1,10M,010400020101,33007
hc1356_p01,hc1356_p01_3,Gorham,44.4082,-71.1952,Great Lakes Hydro America LLC,HY,54639,GOR3,3,01 - Gorham,1.2,1921,Unknown,Francis,Allis-Chalmers,NA,29,1400,0.1,10M,010400020101,33007
hc1356_p01,hc1356_p01_4,Gorham,44.4082,-71.1952,Great Lakes Hydro America LLC,HY,54639,GOR4,4,01 - Gorham,1.2,1921,Unknown,Francis,Allis-Chalmers,NA,29,1400,0.1,10M,010400020101,33007
hc1357_p01,hc1357_p01_1,Cross Power,44.45694546,-71.18606213,Great Lakes Hydro America LLC,HY,54639,XP1,1,01 - Cross Power,0.6,1921,Unknown,Kaplan,Allis-Chalmers,NA,21.3,950,0.1,10M,010400010607,33007
hc1357_p01,hc1357_p01_2,Cross Power,44.45694546,-71.18606213,Great Lakes Hydro America LLC,HY,54639,XP2,2,01 - Cross Power,0.6,1921,Unknown,Kaplan,Allis-Chalmers,NA,21.3,950,0.1,10M,010400010607,33007
hc1357_p01,hc1357_p01_3,Cross Power,44.45694546,-71.18606213,Great Lakes Hydro America LLC,HY,54639,XP3,3,01 - Cross Power,0.6,1921,Unknown,Kaplan,Allis-Chalmers,NA,21.3,950,0.1,10M,010400010607,33007
hc1357_p01,hc1357_p01_4,Cross Power,44.45694546,-71.18606213,Great Lakes Hydro America LLC,HY,54639,XP4,4,01 - Cross Power,0.5,1920,Unknown,Kaplan,Allis-Chalmers,NA,21.3,950,0.1,10M,010400010607,33007
hc1357_p01,hc1357_p01_5,Cross Power,44.45694546,-71.18606213,Great Lakes Hydro America LLC,HY,54639,XP5,5,01 - Cross Power,0.7,1925,Unknown,Francis,American Hydro,NA,19,1160,0.1,10M,010400010607,33007
hc1358_p01,hc1358_p01_1,Cascade,44.44912733,-71.18671687,Great Lakes Hydro America LLC,HY,54639,CAS1,1,01 - Cascade,2.4,1914,Unknown,Francis,Allis-Chalmers,NA,45,3400,0.1,10M,010400010607,33007
hc1358_p01,hc1358_p01_2,Cascade,44.44912733,-71.18671687,Great Lakes Hydro America LLC,HY,54639,CAS2,2,01 - Cascade,2.4,1916,Unknown,Francis,Allis-Chalmers,NA,45,3400,0.1,10M,010400010607,33007
hc1358_p01,hc1358_p01_3,Cascade,44.44912733,-71.18671687,Great Lakes Hydro America LLC,HY,54639,CAS3,3,01 - Cascade,3.1,1918,Unknown,Francis,Allis-Chalmers,NA,45,4420,0.1,10M,010400010607,33007
hc1359_p01,hc1359_p01_1,Sawmill,44.4790418,-71.16800173,Great Lakes Hydro America LLC,HY,54639,SM3,1,01 - Sawmill,0.7,1980,Unknown,Kaplan,Allis-Chalmers,NA,17,1083,0.1,10M,010400010606,33007
hc1359_p01,hc1359_p01_2,Sawmill,44.4790418,-71.16800173,Great Lakes Hydro America LLC,HY,54639,SM1,2,01 - Sawmill,0.8,1980,Unknown,Kaplan,Allis-Chalmers,NA,17,1083,0.1,10M,010400010606,33007
hc1359_p01,hc1359_p01_3,Sawmill,44.4790418,-71.16800173,Great Lakes Hydro America LLC,HY,54639,SM2,3,01 - Sawmill,0.8,1980,Unknown,Kaplan,Allis-Chalmers,NA,17,1177,0.1,10M,010400010606,33007
hc1359_p01,hc1359_p01_4,Sawmill,44.4790418,-71.16800173,Great Lakes Hydro America LLC,HY,54639,SM4,4,01 - Sawmill,0.8,1980,Unknown,Kaplan,Allis-Chalmers,NA,17,1177,0.1,10M,010400010606,33007
hc1360_p01,hc1360_p01_1,Riverside,44.4745,-71.17,Great Lakes Hydro America LLC,HY,54639,RS1,1,01 - Riverside,3.8,1921,Unknown,Francis,Allis-Chalmers,NA,65,5000,0.1,10M,010400010606,33007
hc1360_p01,hc1360_p01_2,Riverside,44.4745,-71.17,Great Lakes Hydro America LLC,HY,54639,RS3,2,01 - Riverside,4.1,1921,Unknown,Francis,American Hydro,NA,65,5700,0.1,10M,010400010606,33007
hc1361_p01,hc1361_p01_1,Mystic Lake,45.2253,-109.7593,NorthWestern Energy (MT Hydro),HY,2192,MYS1,1,01 - Mystic Lake,6,1927,Unknown,Pelton,Pelton Water Wheel Company,NA,1050,7500,1,10M,1.007E+11,30095
hc1361_p01,hc1361_p01_2,Mystic Lake,45.2253,-109.7593,NorthWestern Energy (MT Hydro),HY,2192,MYS2,2,01 - Mystic Lake,6,1927,Unknown,Pelton,Pelton Water Wheel Company,NA,1050,7500,1,10M,1.007E+11,30095
hc1362_p01,hc1362_p01_1,Charles E Monty,44.1013,-70.2229,Brookfield White Pine Hydro LLC,HY,805,M-1,1,01 - Charles E. Monty,14.2,1990,Unknown,Kaplan,DBS Escher Wyss,NA,52,18000,0.2,10M,010400020803,23001
hc1362_p01,hc1362_p01_2,Charles E Monty,44.1013,-70.2229,Brookfield White Pine Hydro LLC,HY,805,M2,2,01 - Charles E. Monty,14.2,1990,Unknown,Kaplan,DBS Escher Wyss,NA,52,18000,0.2,10M,010400020803,23001
hc1362_p04,hc1362_p04_1,Androscog Mill Lower,44.0858,-70.2129,Central Maine Power Co,HY,7047,1,1,01 - Lower Androscoggin,0.25,1950,Unknown,Francis,James Leffel & Co.,NA,12.5,345,NA,NA,010400020803,23001
hc1363_p01,hc1363_p01_1,Toledo Bend,31.1857,-93.5684,Entergy Texas Inc.,HY,6595,1,1,01 - Toledo Bend,40.5,1969,Unknown,Kaplan,ENGLISH ELECTRIC,NA,66.5,58500,32,10M,1.201E+11,48351
hc1363_p01,hc1363_p01_2,Toledo Bend,31.1857,-93.5684,Entergy Texas Inc.,HY,6595,2,2,01 - Toledo Bend,40.5,1969,Unknown,Kaplan,ENGLISH ELECTRIC,NA,66.5,58500,32,10M,1.201E+11,48351
hc1364_p01,hc1364_p01_1,Newport,44.934,-72.1771,Great Bay Hydro Corp,HY,3731,1,1,"01 - Newport 1, 2",1.7,1940,Unknown,Francis,Allis-Chalmers,NA,140,2400,0.1,10M,041505000303,50019
hc1364_p01,hc1364_p01_2,Newport,44.934,-72.1771,Great Bay Hydro Corp,HY,3731,2,2,"01 - Newport 1, 2",1.7,1944,Unknown,Francis,Allis-Chalmers,NA,140,2400,0.1,10M,041505000303,50019
hc1364_p01,hc1364_p01_3,Newport,44.934,-72.1771,Great Bay Hydro Corp,HY,3731,3,3,02 - Newport 3,0.6,1944,Unknown,Francis,S. Morgan Smith,NA,132,1000,0.1,10M,041505000303,50019
hc1365_p01,hc1365_p01_1,West Charleston,44.8951,-72.0554,Great Bay Hydro Corp,HY,3729,1,1,01 - West Charleston,0.8,1928,Unknown,Francis,S. Morgan Smith,NA,57,1000,NA,NA,041505000303,50019
hc1366_p01,hc1366_p01_1,Salmon Creek 1,58.3419,-134.4017,Alaska Electric Light & Power Co.,HY,65,HY7,1,01 - Salmon No. 1 (lower),8.5,1984,Unknown,Pelton,Gilbert Gilkes And Gordon,NA,800,9210,0.5,10M,1.90103E+11,NA
hc1367_p01,hc1367_p01_1,Annex Creek,58.3267,-134.1255,Alaska Electric Light & Power Co.,HY,62,5,1,01 - Annex Cr.,1.8,1915,Unknown,Pelton,Allis-Chalmers,NA,765,2500,0.1,10M,1.90103E+11,NA
hc1367_p01,hc1367_p01_2,Annex Creek,58.3267,-134.1255,Alaska Electric Light & Power Co.,HY,62,6,2,01 - Annex Cr.,2.2,1915,Unknown,Pelton,Allis-Chalmers,NA,765,2500,0.1,10M,1.90103E+11,NA
hc1368_p01,hc1368_p01_1,Yards Creek,41.0015,-75.0445,Yards Creek Energy,PS,6522,1,1,01 - Yards Creek,151,1965,Unknown,Pump,American Hydro,NA,730,200000,70,1H,020401050104,34041
hc1368_p01,hc1368_p01_2,Yards Creek,41.0015,-75.0445,Yards Creek Energy,PS,6522,2,2,01 - Yards Creek,151,1965,Unknown,Pump,American Hydro,NA,730,200000,70,1H,020401050104,34041
hc1368_p01,hc1368_p01_3,Yards Creek,41.0015,-75.0445,Yards Creek Energy,PS,6522,3,3,01 - Yards Creek,151,1965,Unknown,Pump,American Hydro,NA,730,200000,70,1H,020401050104,34041
hc1369_p01,hc1369_p01_1,Newcastle,39.4302,-120.6187,Pacific Gas & Electric Co.,HY,632,1,1,01 - Newcastle,12.7,1986,Unknown,Francis,Allis-Chalmers,NA,149.80000000000001,15700,0,10M,1.80201E+11,06057
hc1370_p01,hc1370_p01_1,Spaulding 3,39.3453,-120.6413,Pacific Gas & Electric Co.,HY,283,1,1,01 - Spaulding No. 3,6.6,1929,Unknown,Francis,Pelton Water Wheel Company,NA,318.3,8000,0,10M,1.80201E+11,06057
hc1371_p01,hc1371_p01_1,Spaulding 1,39.3271,-120.6431,Pacific Gas & Electric Co.,HY,281,1,1,01 - Spaulding No. 1,7,1928,Unknown,Francis,NA,NA,197,13750,0,10M,1.80201E+11,06057
hc1371_p02,hc1371_p02_1,Spaulding 2,39.3271,-120.6431,Pacific Gas & Electric Co.,HY,282,1,1,02 - Spaulding No. 2,3.7,1928,Unknown,Francis,Pelton Water Wheel Company,NA,344,5300,0,10M,1.80201E+11,06057
hc1372_p01,hc1372_p01_1,Drum 1,39.2508,-120.7506,Pacific Gas & Electric Co.,HY,235,2,1,01 - Drum No. 1,12,1913,Unknown,Unknown,NA,NA,NA,NA,0,10M,1.80201E+11,06061
hc1372_p01,hc1372_p01_2,Drum 1,39.2508,-120.7506,Pacific Gas & Electric Co.,HY,235,1,2,01 - Drum No. 1,12,1913,Unknown,Pelton,Pelton Water Wheel Company,NA,1372,18000,0,10M,1.80201E+11,06061
hc1372_p01,hc1372_p01_3,Drum 1,39.2508,-120.7506,Pacific Gas & Electric Co.,HY,235,3,3,01 - Drum No. 1,12,1922,Unknown,Unknown,NA,NA,NA,NA,0,10M,1.80201E+11,06061
hc1372_p01,hc1372_p01_4,Drum 1,39.2508,-120.7506,Pacific Gas & Electric Co.,HY,235,4,4,01 - Drum No. 1,13.2,1928,Unknown,Unknown,NA,NA,NA,NA,0,10M,1.80201E+11,06061
hc1372_p02,hc1372_p02_1,Drum 2,39.2508,-120.7506,Pacific Gas & Electric Co.,HY,236,5,1,02 - Drum No. 2,53.1,1969,Unknown,Pelton,Allis-Chalmers,NA,1369,59000,0,10M,1.80201E+11,06061
hc1373_p01,hc1373_p01_1,Dutch Flat,39.2543,-120.7755,Pacific Gas & Electric Co.,HY,237,1,1,01 - Dutch Flat No. 1,22,1943,Unknown,Pelton,Pelton Water Wheel Company,NA,643,29000,0,10M,1.80201E+11,NA
hc1374_p01,hc1374_p01_1,Halsey,38.9716,-121.0363,Pacific Gas & Electric Co.,HY,241,1,1,01 - Halsey,13.6,1916,Unknown,Francis,Allis-Chalmers,NA,331,18000,0,10M,1.80202E+11,06061
hc1375_p01,hc1375_p01_1,Wise,38.9129,-121.0843,Pacific Gas & Electric Co.,HY,292,1,1,01 - Wise No. 1,13.6,1917,Unknown,Francis,Pelton Water Wheel Company,NA,519,18700,0,10M,1.80202E+11,06061
hc1375_p01,hc1375_p01_2,Wise,38.9129,-121.0843,Pacific Gas & Electric Co.,HY,292,2,2,02 - Wise No. 2,2.8,1986,Unknown,Francis,NA,NA,462,3850,0,10M,1.80202E+11,06061
hc1376_p01,hc1376_p01_1,Deer Creek,39.2947,-120.8256,Nevada Irrigation District,HY,233,1,1,01 - Deer Creek,5.5,1908,Unknown,Unknown,NA,NA,NA,NA,0,10M,1.80201E+11,06057
hc1377_p01,hc1377_p01_1,Alta,39.2193,-120.7857,Pacific Gas & Electric Co.,HY,214,1,1,01 - Alta,1,1902,Unknown,Pelton,NA,NA,648.29999999999995,1500,0,10M,1.80201E+11,06061
hc1378_p01,hc1378_p01_1,Neal Shoals,34.6653,-81.4477,"Dominion Energy South Carolina, Inc",HY,3289,1,1,01 - Neal Shoals,1.1,1905,Unknown,Francis,S. Morgan Smith,NA,24,1300,0.3,10M,030501060303,NA
hc1378_p01,hc1378_p01_2,Neal Shoals,34.6653,-81.4477,"Dominion Energy South Carolina, Inc",HY,3289,2,2,01 - Neal Shoals,1.1,1905,Unknown,Francis,S. Morgan Smith,NA,24,1300,0.3,10M,030501060303,NA
hc1378_p01,hc1378_p01_3,Neal Shoals,34.6653,-81.4477,"Dominion Energy South Carolina, Inc",HY,3289,3,3,01 - Neal Shoals,1.1,1905,Unknown,Francis,Stillwell Bierce,NA,24,1300,0.3,10M,030501060303,NA
hc1378_p01,hc1378_p01_4,Neal Shoals,34.6653,-81.4477,"Dominion Energy South Carolina, Inc",HY,3289,4,4,01 - Neal Shoals,1.1,1905,Unknown,Francis,Stillwell Bierce,NA,24,1300,0.3,10M,030501060303,NA
hc1379_p01,hc1379_p01_1,E J West,43.3186,-73.9213,Erie Boulevard Hydropower LP,HY,6527,1,1,01 - E. J. West,11,1930,Unknown,Francis,S. Morgan Smith,NA,71,17150,1,10M,020200020705,36091
hc1379_p01,hc1379_p01_2,E J West,43.3186,-73.9213,Erie Boulevard Hydropower LP,HY,6527,2,2,01 - E. J. West,11,1930,Unknown,Francis,S. Morgan Smith,NA,71,17150,1,10M,020200020705,36091
hc1380_p01,hc1380_p01_1,Sugar Island,44.6296,-74.9745,Erie Boulevard Hydropower LP,HY,2616,1,1,01 - Sugar Island,2,1924,Unknown,Francis,James Leffel & Co.,NA,56,3110,0.2,10M,041503050604,36089
hc1380_p01,hc1380_p01_2,Sugar Island,44.6296,-74.9745,Erie Boulevard Hydropower LP,HY,2616,2,2,01 - Sugar Island,2,1924,Unknown,Francis,James Leffel & Co.,NA,56,3220,0.2,10M,041503050604,36089
hc1381_p01,hc1381_p01_1,Hannawa,44.6188104,-74.9730095,Erie Boulevard Hydropower LP,HY,2571,1,1,01 - Hannawa,3.6,1919,Unknown,Francis,Allis-Chalmers,NA,78,5600,0.2,10M,041503050604,36089
hc1381_p01,hc1381_p01_2,Hannawa,44.6188104,-74.9730095,Erie Boulevard Hydropower LP,HY,2571,2,2,01 - Hannawa,3.6,1920,Unknown,Francis,Allis-Chalmers,NA,78,5600,0.2,10M,041503050604,36089
hc1382_p01,hc1382_p01_1,Colton,44.58431581,-74.95711996,Erie Boulevard Hydropower LP,HY,2551,1,1,01 - Colton,10,1918,Unknown,Francis,Allis-Chalmers,NA,258,11000,0.2,10M,041503050604,36089
hc1382_p01,hc1382_p01_2,Colton,44.58431581,-74.95711996,Erie Boulevard Hydropower LP,HY,2551,3,2,01 - Colton,10,1928,Unknown,Francis,I.P. Morris,NA,270,15700,0.2,10M,041503050604,36089
hc1382_p01,hc1382_p01_3,Colton,44.58431581,-74.95711996,Erie Boulevard Hydropower LP,HY,2551,2,3,01 - Colton,10,1993,Unknown,Francis,Allis-Chalmers,NA,258,13650,0.2,10M,041503050604,36089
hc1383_p01,hc1383_p01_1,Higley,44.5305,-74.932,Erie Boulevard Hydropower LP,HY,2576,3N,1,01 - Higley No.2,1.5,2003,Unknown,Francis,Canadian Hydro Components,NA,43,2100,0.3,10M,041503050604,36089
hc1383_p01,hc1383_p01_2,Higley,44.5305,-74.932,Erie Boulevard Hydropower LP,HY,2576,4N,2,01 - Higley No.2,1.5,2003,Unknown,Francis,Canadian Hydro Components,NA,43,2100,0.3,10M,041503050604,36089
hc1383_p01,hc1383_p01_3,Higley,44.5305,-74.932,Erie Boulevard Hydropower LP,HY,2576,2N,3,01 - Higley No.2,1.5,2003,Unknown,Francis,Canadian Hydro Components,NA,43,2100,0.3,10M,041503050604,36089
hc1383_p01,hc1383_p01_4,Higley,44.5305,-74.932,Erie Boulevard Hydropower LP,HY,2576,1N,4,01 - Higley No.2,1.5,2003,Unknown,Francis,Canadian Hydro Components,NA,43,2100,0.3,10M,041503050604,36089
hc1384_p01,hc1384_p01_1,Shawmut,44.6309,-69.5835,Brookfield White Pine Hydro LLC,HY,1504,SH1,1,"01 - Shawmut - ""Old""",0.7,1913,Unknown,Francis,J. M. Voith,NA,20,1200,0.1,10M,010300031507,23011
hc1384_p01,hc1384_p01_2,Shawmut,44.6309,-69.5835,Brookfield White Pine Hydro LLC,HY,1504,SH2,2,"01 - Shawmut - ""Old""",0.7,1913,Unknown,Francis,J. M. Voith,NA,20,1200,0.1,10M,010300031507,23011
hc1384_p01,hc1384_p01_3,Shawmut,44.6309,-69.5835,Brookfield White Pine Hydro LLC,HY,1504,SH3,3,"01 - Shawmut - ""Old""",0.7,1913,Unknown,Francis,J. M. Voith,NA,20,1200,0.1,10M,010300031507,23011
hc1384_p01,hc1384_p01_4,Shawmut,44.6309,-69.5835,Brookfield White Pine Hydro LLC,HY,1504,SH5,4,"01 - Shawmut - ""Old""",0.7,1913,Unknown,Francis,J. M. Voith,NA,20,1200,0.1,10M,010300031507,23011
hc1384_p01,hc1384_p01_5,Shawmut,44.6309,-69.5835,Brookfield White Pine Hydro LLC,HY,1504,SH4,5,"01 - Shawmut - ""Old""",0.7,1918,Unknown,Francis,S. Morgan Smith,NA,20,1200,0.1,10M,010300031507,23011
hc1384_p01,hc1384_p01_6,Shawmut,44.6309,-69.5835,Brookfield White Pine Hydro LLC,HY,1504,SH6,6,"01 - Shawmut - ""Old""",0.9,1921,Unknown,Francis,S. Morgan Smith,NA,20,1200,0.1,10M,010300031507,23011
hc1384_p01,hc1384_p01_7,Shawmut,44.6309,-69.5835,Brookfield White Pine Hydro LLC,HY,1504,SH7,7,"02 - Shawmut - ""New""",2.2,1982,Unknown,Kaplan,Allis-Chalmers,NA,22.6,2860,0.1,10M,010300031507,23011
hc1384_p01,hc1384_p01_8,Shawmut,44.6309,-69.5835,Brookfield White Pine Hydro LLC,HY,1504,SH8,8,"02 - Shawmut - ""New""",2.2,1982,Unknown,Kaplan,Allis-Chalmers,NA,22.6,2860,0.1,10M,010300031507,23011
hc1385_p01,hc1385_p01_1,Deerfield No. 5,42.7221,-72.9394,"Great River Hydro, LLC",HY,1620,GEN1,1,01 - Deerfield No. 5,17.5,1974,Unknown,Francis,James Leffel & Co.,NA,156,20800,6.5,10M,010802030201,25011
hc1386_p01,hc1386_p01_1,Deerfield No. 2,42.573,-72.7071,"Great River Hydro, LLC",HY,6047,GEN1,1,01 - Deerfield No. 2,1.6,1913,Unknown,Francis,Wellman Seaver Morgan,NA,57,3200,1,10M,010802030502,25011
hc1386_p01,hc1386_p01_2,Deerfield No. 2,42.573,-72.7071,"Great River Hydro, LLC",HY,6047,GEN2,2,01 - Deerfield No. 2,1.6,1913,Unknown,Francis,Wellman Seaver Morgan,NA,57,3200,1,10M,010802030502,25011
hc1386_p01,hc1386_p01_3,Deerfield No. 2,42.573,-72.7071,"Great River Hydro, LLC",HY,6047,GEN3,3,01 - Deerfield No. 2,1.6,1913,Unknown,Francis,Wellman Seaver Morgan,NA,57,3200,1,10M,010802030502,25011
hc1387_p01,hc1387_p01_1,Deerfield No. 3,42.6017,-72.7379,"Great River Hydro, LLC",HY,6083,GEN1,1,01 - Deerfield No. 3,1.6,1912,Unknown,Francis,Wellman Seaver Morgan,NA,64,3200,1,10M,010802030502,25011
hc1387_p01,hc1387_p01_2,Deerfield No. 3,42.6017,-72.7379,"Great River Hydro, LLC",HY,6083,GEN2,2,01 - Deerfield No. 3,1.6,1912,Unknown,Francis,Wellman Seaver Morgan,NA,64,3200,1,10M,010802030502,25011
hc1387_p01,hc1387_p01_3,Deerfield No. 3,42.6017,-72.7379,"Great River Hydro, LLC",HY,6083,GEN3,3,01 - Deerfield No. 3,1.6,1912,Unknown,Francis,Wellman Seaver Morgan,NA,64,3200,1,10M,010802030502,25011
hc1388_p01,hc1388_p01_1,Deerfield No. 4,42.6198,-72.7453,"Great River Hydro, LLC",HY,6119,GEN1,1,01 - Deerfield No. 4,1.6,1912,Unknown,Francis,Wellman Seaver Morgan,NA,64,3200,1,10M,010802030205,25011
hc1388_p01,hc1388_p01_2,Deerfield No. 4,42.6198,-72.7453,"Great River Hydro, LLC",HY,6119,GEN2,2,01 - Deerfield No. 4,1.6,1912,Unknown,Francis,Wellman Seaver Morgan,NA,64,3200,1,10M,010802030205,25011
hc1388_p01,hc1388_p01_3,Deerfield No. 4,42.6198,-72.7453,"Great River Hydro, LLC",HY,6119,GEN3,3,01 - Deerfield No. 4,1.6,1912,Unknown,Francis,Wellman Seaver Morgan,NA,64,3200,1,10M,010802030205,25011
hc1389_p01,hc1389_p01_1,Sherman,42.7296,-72.9309,"Great River Hydro, LLC",HY,6012,GEN1,1,01 - Sherman,7.2,1927,Unknown,Francis,S. Morgan Smith,NA,86,10400,3,10M,010802030105,25011
hc1390_p01,hc1390_p01_1,Harriman,42.7924,-72.9134,"Great River Hydro, LLC",HY,3746,GEN2,1,01 - Harriman,11.2,1924,Unknown,Francis,Allis-Chalmers,NA,345,19500,8,10M,010802030105,50025
hc1390_p01,hc1390_p01_2,Harriman,42.7924,-72.9134,"Great River Hydro, LLC",HY,3746,GEN3,2,01 - Harriman,11.2,1924,Unknown,Francis,Allis-Chalmers,NA,345,19500,8,10M,010802030105,50025
hc1390_p01,hc1390_p01_3,Harriman,42.7924,-72.9134,"Great River Hydro, LLC",HY,3746,GEN1,3,01 - Harriman,11.2,1925,Unknown,Francis,Allis-Chalmers,NA,345,19500,8,10M,010802030105,50025
hc1391_p01,hc1391_p01_1,Searsburg,42.9018,-72.9505,"Great River Hydro, LLC",HY,6529,GEN1,1,01 - Searsburg,4,1922,Unknown,Francis,Allis-Chalmers,NA,205,6950,1,10M,010802030105,50003
hc1392_p01,hc1392_p01_1,Weston,44.7636,-69.7185,Brookfield White Pine Hydro LLC,HY,1509,WE1,1,01 - Weston,3,1920,Unknown,Francis,Wellman Seaver Morgan,NA,32,4250,0.1,10M,010300031501,23025
hc1392_p01,hc1392_p01_2,Weston,44.7636,-69.7185,Brookfield White Pine Hydro LLC,HY,1509,WE2,2,01 - Weston,3,1920,Unknown,Francis,Wellman Seaver Morgan,NA,32,4250,0.1,10M,010300031501,23025
hc1392_p01,hc1392_p01_3,Weston,44.7636,-69.7185,Brookfield White Pine Hydro LLC,HY,1509,WE3,3,01 - Weston,3,1921,Unknown,Francis,Wellman Seaver Morgan,NA,32,4250,0.1,10M,010300031501,23025
hc1392_p01,hc1392_p01_4,Weston,44.7636,-69.7185,Brookfield White Pine Hydro LLC,HY,1509,WE4,4,01 - Weston,3,1923,Unknown,Francis,S. Morgan Smith,NA,32,4600,0.1,10M,010300031501,23025
hc1393_p01,hc1393_p01_1,Wyman Hydro,45.0697,-69.9068,Brookfield White Pine Hydro LLC,HY,1511,WY1,1,01 - Wyman,24,1930,Unknown,Francis,Allis-Chalmers,NA,135,34000,8,10M,010300030106,23025
hc1393_p01,hc1393_p01_3,Wyman Hydro,45.0697,-69.9068,Brookfield White Pine Hydro LLC,HY,1511,WY3,3,01 - Wyman,24,1940,Unknown,Francis,Allis-Chalmers,NA,135,34000,8,10M,010300030106,23025
hc1393_p01,hc1393_p01_2,Wyman Hydro,45.0697,-69.9068,Brookfield White Pine Hydro LLC,HY,1511,WY2,2,01 - Wyman,24,1931,Unknown,Francis,Allis-Chalmers,NA,135,38000,23,10M,010300030106,23025
hc1394_p01,hc1394_p01_1,Raymondville,44.8339,-74.9807,Erie Boulevard Hydropower LP,HY,2601,1,1,01 - Raymondville,2,1928,Unknown,Kaplan,I.P. Morris,NA,21.5,2610,0.2,10M,041503050703,36089
hc1395_p01,hc1395_p01_1,Norfolk,44.8022,-74.9905,Erie Boulevard Hydropower LP,HY,2590,1,1,01 - Norfolk,5,1928,Unknown,Kaplan,S. Morgan Smith,NA,40.700000000000003,6000,1,10M,041503050703,36089
hc1396_p01,hc1396_p01_1,East Norfolk,44.7945,-74.9859,Erie Boulevard Hydropower LP,HY,2561,1,1,01 - East Norfolk,4,1928,Unknown,Kaplan,S. Morgan Smith,NA,31.4,4000,0.9,10M,041503050703,36089
hc1397_p01,hc1397_p01_1,Norwood,44.7433,-75.0054,Erie Boulevard Hydropower LP,HY,2591,1,1,01 - Norwood,2,1928,Unknown,Kaplan,I.P. Morris,NA,20.5,2710,0.3,10M,041503050703,36089
hc1398_p01,hc1398_p01_1,99 Islands,35.0327,-81.4949,"Duke Energy Carolinas, LLC",HY,3272,1,1,01 - Ninety-Nine Islands,3,1910,Unknown,Francis,Allis-Chalmers,NA,72,5200,1.6,10M,030501051603,45021
hc1398_p01,hc1398_p01_2,99 Islands,35.0327,-81.4949,"Duke Energy Carolinas, LLC",HY,3272,2,2,01 - Ninety-Nine Islands,3,1910,Unknown,Francis,Allis-Chalmers,NA,72,5200,1.6,10M,030501051603,45021
hc1398_p01,hc1398_p01_3,99 Islands,35.0327,-81.4949,"Duke Energy Carolinas, LLC",HY,3272,3,3,01 - Ninety-Nine Islands,3,1910,Unknown,Francis,Allis-Chalmers,NA,72,5200,1.6,10M,030501051603,45021
hc1398_p01,hc1398_p01_4,99 Islands,35.0327,-81.4949,"Duke Energy Carolinas, LLC",HY,3272,4,4,01 - Ninety-Nine Islands,3,1910,Unknown,Francis,Allis-Chalmers,NA,72,5200,1.6,10M,030501051603,45021
hc1399_p01,hc1399_p01_3,Gaston Shoals,35.1381,-81.5979,"Northbrook Carolina Hydro II, LLC",HY,3258,4,3,01 - Gaston Shoals,1.4,1993,Unknown,Francis,American Hydro,NA,48,2800,1,10M,030501051601,45021
hc1399_p01,hc1399_p01_4,Gaston Shoals,35.1381,-81.5979,"Northbrook Carolina Hydro II, LLC",HY,3258,5,4,01 - Gaston Shoals,1.4,1993,Unknown,Francis,American Hydro,NA,48,2800,1,10M,030501051601,45021
hc1399_p01,hc1399_p01_2,Gaston Shoals,35.1381,-81.5979,"Northbrook Carolina Hydro II, LLC",HY,3258,6,2,01 - Gaston Shoals,2.5,1927,Unknown,Francis,S. Morgan Smith,NA,51,4000,2,10M,030501051601,45021
hc1400_p01,hc1400_p01_1,Rumford Falls Power,44.5426,-70.5465,Brookfield Power New England,HY,10493,GEN4,1,01 - Rumford Falls Upper Station,4.3,1950,Unknown,Francis,Wellman Seaver Morgan,NA,96,11500,2,1H,010400020406,23017
hc1400_p01,hc1400_p01_3,Rumford Falls Power,44.5426,-70.5465,Brookfield Power New England,HY,10493,GEN5,3,01 - Rumford Falls Upper Station,7.6,1954,Unknown,Francis,William Cramp,NA,97,11750,3.5,1H,010400020406,23017
hc1400_p01,hc1400_p01_2,Rumford Falls Power,44.5426,-70.5465,Brookfield Power New England,HY,10493,GEN3,2,01 - Rumford Falls Upper Station,8.8,1926,Unknown,Francis,Wellman Seaver Morgan,NA,96,11500,8,1H,010400020406,23017
hc1400_p01,hc1400_p01_4,Rumford Falls Power,44.5426,-70.5465,Brookfield Power New England,HY,10493,GEN6,4,01 - Rumford Falls Upper Station,7.6,1954,Unknown,Francis,Baldwin,NA,97,6000,3.5,1H,010400020406,23017
hc1400_p01,hc1400_p01_5,Rumford Falls Power,44.5426,-70.5465,Brookfield Power New England,HY,10493,GEN1,5,01 - Rumford Falls Lower Station,8.1,1954,Unknown,Francis,Voith,NA,72,10594,4,1H,010400020406,23017
hc1400_p01,hc1400_p01_6,Rumford Falls Power,44.5426,-70.5465,Brookfield Power New England,HY,10493,GEN2,6,01 - Rumford Falls Lower Station,8.1,1954,Unknown,Francis,Voith,NA,72,10594,4,1H,010400020406,23017
hc1401_p01,hc1401_p01_1,Gardners Falls,42.5913,-72.7307,"Central Rivers Power MA, LLC",HY,1634,GF2,1,01 - Gardners Falls,0.4,1964,Unknown,Francis,Rodney Hunt,NA,37,784,0.4,1H,010802030502,25011
hc1401_p01,hc1401_p01_2,Gardners Falls,42.5913,-72.7307,"Central Rivers Power MA, LLC",HY,1634,GF3,2,01 - Gardners Falls,0.9,1914,Unknown,Francis,S. Morgan Smith,NA,37,1450,0.8,1H,010802030502,25011
hc1401_p01,hc1401_p01_3,Gardners Falls,42.5913,-72.7307,"Central Rivers Power MA, LLC",HY,1634,GF4,3,01 - Gardners Falls,0.9,1914,Unknown,Francis,S. Morgan Smith,NA,37,1450,0.8,1H,010802030502,25011
hc1401_p01,hc1401_p01_4,Gardners Falls,42.5913,-72.7307,"Central Rivers Power MA, LLC",HY,1634,GF5,4,01 - Gardners Falls,1.3,1925,Unknown,Francis,S. Morgan Smith,NA,37,1700,1,1H,010802030502,25011
hc1402_p01,hc1402_p01_1,Williams,44.9592,-69.8705,Brookfield White Pine Hydro LLC,HY,1510,WI1,1,01 - Williams,7,1939,Unknown,Kaplan,S. Morgan Smith,NA,45,10950,0.1,10M,010300030304,23025
hc1402_p01,hc1402_p01_2,Williams,44.9592,-69.8705,Brookfield White Pine Hydro LLC,HY,1510,WI2,2,01 - Williams,6,1950,Unknown,Kaplan,S. Morgan Smith,NA,45,8800,0.1,10M,010300030304,23025
hc1403_p01,hc1403_p01_1,Lloyd Shoals,33.3206,-83.8415,Georgia Power Co,HY,712,1,1,01 - Lloyd Shoals,2.4,1911,Unknown,Francis,S. Morgan Smith,NA,NA,5500,3.5,1H,030701031003,13035
hc1403_p01,hc1403_p01_2,Lloyd Shoals,33.3206,-83.8415,Georgia Power Co,HY,712,2,2,01 - Lloyd Shoals,2.4,1911,Unknown,Francis,S. Morgan Smith,NA,NA,5500,3.5,1H,030701031003,13035
hc1403_p01,hc1403_p01_3,Lloyd Shoals,33.3206,-83.8415,Georgia Power Co,HY,712,3,3,01 - Lloyd Shoals,2.4,1911,Unknown,Francis,S. Morgan Smith,NA,NA,5500,3.5,1H,030701031003,13035
hc1403_p01,hc1403_p01_4,Lloyd Shoals,33.3206,-83.8415,Georgia Power Co,HY,712,4,4,01 - Lloyd Shoals,2.4,1911,Unknown,Francis,S. Morgan Smith,NA,NA,5500,3.5,1H,030701031003,13035
hc1403_p01,hc1403_p01_5,Lloyd Shoals,33.3206,-83.8415,Georgia Power Co,HY,712,5,5,01 - Lloyd Shoals,2.4,1916,Unknown,Francis,S. Morgan Smith,NA,NA,5500,3.5,1H,030701031003,13035
hc1403_p01,hc1403_p01_6,Lloyd Shoals,33.3206,-83.8415,Georgia Power Co,HY,712,6,6,01 - Lloyd Shoals,2.4,1917,Unknown,Francis,S. Morgan Smith,NA,NA,5500,3.5,1H,030701031003,13035
hc1404_p01,hc1404_p01_1,Prospect 3,42.7062,-122.3873,PacifiCorp,HY,3034,1,1,01 - Prospect No. 3,7.2,1931,Unknown,Francis,Pelton Water Wheel Company,NA,693,10000,0,10M,1.71003E+11,41029
hc1406_p01,hc1406_p01_1,Millville,39.2688,-77.7823,"Eagle Creek Renewable Energy, LLC",HY,6546,1,1,01 - Millville,0.8,1913,Unknown,Francis,S. Morgan Smith,NA,22.5,1126,0.2,10M,020700070304,54037
hc1406_p01,hc1406_p01_2,Millville,39.2688,-77.7823,"Eagle Creek Renewable Energy, LLC",HY,6546,3,2,01 - Millville,1,1938,Unknown,Francis,S. Morgan Smith,NA,24,1500,0.3,10M,020700070304,54037
hc1406_p01,hc1406_p01_3,Millville,39.2688,-77.7823,"Eagle Creek Renewable Energy, LLC",HY,6546,2,3,01 - Millville,1,1939,Unknown,Francis,S. Morgan Smith,NA,24,1495,0.3,10M,020700070304,54037
hc1407_p01,hc1407_p01_1,Janesville,42.6817,-89.0217,Midwest Hydro LLC,HY,4052,1,1,01 - Janesville,0.25,1927,Unknown,Unknown,NA,NA,NA,NA,NA,NA,070900021303,55105
hc1407_p01,hc1407_p01_2,Janesville,42.6817,-89.0217,Midwest Hydro LLC,HY,4052,2,2,01 - Janesville,0.25,1927,Unknown,Unknown,NA,NA,NA,NA,NA,NA,070900021303,55105
hc1408_p01,hc1408_p01_1,Riverview,32.7929,-85.1433,Georgia Power Co,HY,721,1,1,01 - Riverview,0.24,1918,Unknown,Pump,James Leffel & Co.,NA,16,363,NA,NA,031300020908,13145
hc1408_p01,hc1408_p01_2,Riverview,32.7929,-85.1433,Georgia Power Co,HY,721,2,2,01 - Riverview,0.24,1918,Unknown,Pump,James Leffel & Co.,NA,16,363,NA,NA,031300020908,13145
hc1409_p01,hc1409_p01_1,Cabin Creek,39.65,-105.7189,Public Service Co of Colorado,PS,467,A,1,01 - Cabin Creek Pumped Storage,150,1967,Unknown,Pump,NA,NA,1200,223000,75,1H,1.019E+11,08019
hc1409_p01,hc1409_p01_2,Cabin Creek,39.65,-105.7189,Public Service Co of Colorado,PS,467,B,2,01 - Cabin Creek Pumped Storage,150,1967,Unknown,Pump,NA,NA,1200,223000,75,1H,1.019E+11,08019
hc1410_p01,hc1410_p01_1,Yonah,34.6814,-83.3425,Georgia Power Co,HY,729,1,1,01 - Yonah,7.5,1925,Unknown,Francis,S. Morgan Smith,NA,70.25,12500,9.5,1H,030601020403,13257
hc1410_p01,hc1410_p01_2,Yonah,34.6814,-83.3425,Georgia Power Co,HY,729,2,2,01 - Yonah,7.5,1925,Unknown,Francis,S. Morgan Smith,NA,70.25,12500,9.5,1H,030601020403,13257
hc1410_p01,hc1410_p01_3,Yonah,34.6814,-83.3425,Georgia Power Co,HY,729,3,3,01 - Yonah,7.5,1925,Unknown,Francis,S. Morgan Smith,NA,70.25,12500,9.5,1H,030601020403,13257
hc1411_p01,hc1411_p01_1,Tugalo,34.7144,-83.3519,Georgia Power Co,HY,725,1,1,01 - Tugalo,11.2,1923,Unknown,Francis,S. Morgan Smith,NA,150,22000,13,1H,030601020403,13137
hc1411_p01,hc1411_p01_2,Tugalo,34.7144,-83.3519,Georgia Power Co,HY,725,2,2,01 - Tugalo,11.2,1923,Unknown,Francis,S. Morgan Smith,NA,150,22000,13,1H,030601020403,13137
hc1411_p01,hc1411_p01_3,Tugalo,34.7144,-83.3519,Georgia Power Co,HY,725,3,3,01 - Tugalo,11.2,1923,Unknown,Francis,S. Morgan Smith,NA,150,22000,13,1H,030601020403,13137
hc1411_p01,hc1411_p01_4,Tugalo,34.7144,-83.3519,Georgia Power Co,HY,725,4,4,01 - Tugalo,11.2,1923,Unknown,Francis,S. Morgan Smith,NA,150,22000,13,1H,030601020403,13137
hc1412_p01,hc1412_p01_6,Tallulah Falls,34.7392,-83.3958,Georgia Power Co,HY,723,6,6,01 - Tallulah Falls,12,1920,Unknown,Francis,S. Morgan Smith,NA,603.4,3100,12.2,1H,030601020108,13241
hc1412_p01,hc1412_p01_1,Tallulah Falls,34.7392,-83.3958,Georgia Power Co,HY,723,1,1,01 - Tallulah Falls,12,1913,Unknown,Francis,S. Morgan Smith,NA,603.4,3100,12.1,1H,030601020108,13241
hc1412_p01,hc1412_p01_2,Tallulah Falls,34.7392,-83.3958,Georgia Power Co,HY,723,2,2,01 - Tallulah Falls,12,1913,Unknown,Francis,S. Morgan Smith,NA,603.4,3100,12.1,1H,030601020108,13241
hc1412_p01,hc1412_p01_3,Tallulah Falls,34.7392,-83.3958,Georgia Power Co,HY,723,3,3,01 - Tallulah Falls,12,1913,Unknown,Francis,S. Morgan Smith,NA,603.4,3100,12.1,1H,030601020108,13241
hc1412_p01,hc1412_p01_4,Tallulah Falls,34.7392,-83.3958,Georgia Power Co,HY,723,4,4,01 - Tallulah Falls,12,1913,Unknown,Francis,S. Morgan Smith,NA,603.4,3100,12.2,1H,030601020108,13241
hc1412_p01,hc1412_p01_5,Tallulah Falls,34.7392,-83.3958,Georgia Power Co,HY,723,5,5,01 - Tallulah Falls,12,1913,Unknown,Francis,S. Morgan Smith,NA,603.4,3100,12.2,1H,030601020108,13241
hc1413_p01,hc1413_p01_1,Terrora,34.7654,-83.4162,Georgia Power Co,HY,724,1,1,01 - Terrora,8,1925,Unknown,Francis,S. Morgan Smith,NA,189.6,7600,8.3000000000000007,1H,030601020108,13241
hc1413_p01,hc1413_p01_2,Terrora,34.7654,-83.4162,Georgia Power Co,HY,724,2,2,01 - Terrora,8,1925,Unknown,Francis,S. Morgan Smith,NA,189.6,7600,8.3000000000000007,1H,030601020108,13241
hc1414_p01,hc1414_p01_1,Nacoochee,34.7549,-83.5012,Georgia Power Co,HY,718,1,1,01 - Nacoochee,2.4,1926,Unknown,Kaplan,S. Morgan Smith,NA,62.9,3217,3,1H,030601020108,13241
hc1414_p01,hc1414_p01_2,Nacoochee,34.7549,-83.5012,Georgia Power Co,HY,718,2,2,01 - Nacoochee,2.4,1926,Unknown,Kaplan,S. Morgan Smith,NA,62.9,3217,3,1H,030601020108,13241
hc1415_p01,hc1415_p01_2,Burton,34.7937,-83.5403,Georgia Power Co,HY,704,2,2,01 - Burton,3,1927,Unknown,Francis,S. Morgan Smith,NA,114,4090,4.3,1H,030601020105,13241
hc1415_p01,hc1415_p01_1,Burton,34.7937,-83.5403,Georgia Power Co,HY,704,1,1,01 - Burton,3,1927,Unknown,Francis,S. Morgan Smith,NA,114,4090,4.4000000000000004,1H,030601020105,13241
hc1416_p01,hc1416_p01_1,Muddy Run,39.8169,-76.3011,"Constellation Power, Inc",PS,3164,1,1,01 - Muddy Run,134,1967,Unknown,Pump,Baldwin,NA,353,138000,50,10M,020503061708,42071
hc1416_p01,hc1416_p01_2,Muddy Run,39.8169,-76.3011,"Constellation Power, Inc",PS,3164,2,2,01 - Muddy Run,134,1967,Unknown,Pump,Baldwin,NA,353,138000,50,10M,020503061708,42071
hc1416_p01,hc1416_p01_3,Muddy Run,39.8169,-76.3011,"Constellation Power, Inc",PS,3164,3,3,01 - Muddy Run,134,1967,Unknown,Pump,Baldwin,NA,353,138000,50,10M,020503061708,42071
hc1416_p01,hc1416_p01_4,Muddy Run,39.8169,-76.3011,"Constellation Power, Inc",PS,3164,4,4,01 - Muddy Run,134,1967,Unknown,Pump,Baldwin,NA,353,138000,50,10M,020503061708,42071
hc1416_p01,hc1416_p01_5,Muddy Run,39.8169,-76.3011,"Constellation Power, Inc",PS,3164,5,5,01 - Muddy Run,134,1967,Unknown,Pump,Baldwin,NA,353,138000,50,10M,020503061708,42071
hc1416_p01,hc1416_p01_6,Muddy Run,39.8169,-76.3011,"Constellation Power, Inc",PS,3164,6,6,01 - Muddy Run,134,1967,Unknown,Pump,Baldwin,NA,353,138000,50,10M,020503061708,42071
hc1416_p01,hc1416_p01_7,Muddy Run,39.8169,-76.3011,"Constellation Power, Inc",PS,3164,7,7,01 - Muddy Run,134,1967,Unknown,Pump,Baldwin,NA,353,138000,50,10M,020503061708,42071
hc1416_p01,hc1416_p01_8,Muddy Run,39.8169,-76.3011,"Constellation Power, Inc",PS,3164,8,8,01 - Muddy Run,134,1967,Unknown,Pump,Baldwin,NA,353,138000,50,10M,020503061708,42071
hc1417_p01,hc1417_p01_2,White Rapids,45.48,-87.8033,Wisconsin Electric Power Co,HY,1786,2,2,01 - White Rapids,3,1927,Unknown,Francis,S. Morgan Smith,NA,NA,3100,0.5,10M,040301080711,26109
hc1417_p01,hc1417_p01_1,White Rapids,45.48,-87.8033,Wisconsin Electric Power Co,HY,1786,1,1,01 - White Rapids,3,1927,Unknown,Francis,S. Morgan Smith,NA,29,4385,0.7,10M,040301080711,26109
hc1417_p01,hc1417_p01_3,White Rapids,45.48,-87.8033,Wisconsin Electric Power Co,HY,1786,3,3,01 - White Rapids,2,1927,Unknown,Francis,S. Morgan Smith,NA,29,4385,0.7,10M,040301080711,26109
hc1418_p01,hc1418_p01_1,Fond Du Lac,46.665,-92.2933,"ALLETE, Inc.",HY,1894,1,1,01 - Fond Du Lac,12,1924,Unknown,Francis,NA,NA,73,15500,0.5,10M,040102011601,27017
hc1419_p01,hc1419_p01_1,Thomson,46.6661,-92.4066,"ALLETE, Inc.",HY,1901,1,1,01 - Thomson,13,1907,Unknown,Unknown,NA,NA,NA,NA,0.5,10M,040102011505,27017
hc1419_p01,hc1419_p01_2,Thomson,46.6661,-92.4066,"ALLETE, Inc.",HY,1901,2,2,01 - Thomson,13,1907,Unknown,Unknown,NA,NA,NA,NA,0.5,10M,040102011505,27017
hc1419_p01,hc1419_p01_3,Thomson,46.6661,-92.4066,"ALLETE, Inc.",HY,1901,3,3,01 - Thomson,13,1907,Unknown,Unknown,NA,NA,NA,NA,0.5,10M,040102011505,27017
hc1419_p01,hc1419_p01_4,Thomson,46.6661,-92.4066,"ALLETE, Inc.",HY,1901,4,4,01 - Thomson,10.8,1914,Unknown,Unknown,NA,NA,NA,NA,0.5,10M,040102011505,27017
hc1419_p01,hc1419_p01_5,Thomson,46.6661,-92.4066,"ALLETE, Inc.",HY,1901,5,5,01 - Thomson,10.8,1919,Unknown,Unknown,NA,NA,NA,NA,0.5,10M,040102011505,27017
hc1419_p01,hc1419_p01_6,Thomson,46.6661,-92.4066,"ALLETE, Inc.",HY,1901,6,6,01 - Thomson,12,1949,Unknown,Unknown,NA,NA,NA,NA,0.5,10M,040102011505,27017
hc1420_p01,hc1420_p01_1,Scanlon,46.71,-92.4217,"ALLETE, Inc.",HY,1899,1,1,01 - Scanlon,0.4,1923,Unknown,Francis,NA,NA,15,615,0.1,10M,040102011503,27017
hc1420_p01,hc1420_p01_2,Scanlon,46.71,-92.4217,"ALLETE, Inc.",HY,1899,2,2,01 - Scanlon,0.4,1923,Unknown,Francis,NA,NA,15,615,0.1,10M,040102011503,27017
hc1420_p01,hc1420_p01_3,Scanlon,46.71,-92.4217,"ALLETE, Inc.",HY,1899,3,3,01 - Scanlon,0.4,1923,Unknown,Francis,NA,NA,15,615,0.1,10M,040102011503,27017
hc1420_p01,hc1420_p01_4,Scanlon,46.71,-92.4217,"ALLETE, Inc.",HY,1899,4,4,01 - Scanlon,0.4,1923,Unknown,Francis,NA,NA,15,615,0.1,10M,040102011503,27017
hc1421_p01,hc1421_p01_1,Knife Falls,46.7267,-92.4483,"ALLETE, Inc.",HY,1895,1,1,01 - Knife Falls,0.8,1922,Unknown,Unknown,NA,NA,NA,NA,0.1,10M,040102011503,27017
hc1421_p01,hc1421_p01_2,Knife Falls,46.7267,-92.4483,"ALLETE, Inc.",HY,1895,2,2,01 - Knife Falls,0.8,1922,Unknown,Unknown,NA,NA,NA,NA,0.1,10M,040102011503,27017
hc1421_p01,hc1421_p01_3,Knife Falls,46.7267,-92.4483,"ALLETE, Inc.",HY,1895,3,3,01 - Knife Falls,0.8,1922,Unknown,Unknown,NA,NA,NA,NA,0.1,10M,040102011503,27017
hc1422_p01,hc1422_p01_1,Prairie River,47.2867,-93.4967,"ALLETE, Inc.",HY,378,2,1,01 - Prairie River,0.3,1920,Unknown,Unknown,NA,NA,NA,NA,0.1,10M,070101030207,27061
hc1422_p01,hc1422_p01_2,Prairie River,47.2867,-93.4967,"ALLETE, Inc.",HY,378,1,2,01 - Prairie River,0.7,1920,Unknown,Unknown,NA,NA,NA,NA,0.1,10M,070101030207,27061
hc1423_p01,hc1423_p01_1,Grand Rapids,47.2317,-93.53,"ALLETE, Inc.",HY,10686,HYD,1,01 - Grand Rapids,1.9,1943,Unknown,Unknown,NA,NA,NA,NA,0.2,10M,070101030301,27061
hc1424_p01,hc1424_p01_1,Cloquet,46.7267,-92.4283,Sappi Cloquet LLC,HY,50639,HGN5,1,01 - Cloquet,0.8,1929,Unknown,Unknown,NA,NA,NA,NA,0.1,1H,040102011503,27017
hc1424_p01,hc1424_p01_2,Cloquet,46.7267,-92.4283,Sappi Cloquet LLC,HY,50639,HGN6,2,01 - Cloquet,0.8,1929,Unknown,Unknown,NA,NA,NA,NA,0.1,1H,040102011503,27017
hc1424_p01,hc1424_p01_3,Cloquet,46.7267,-92.4283,Sappi Cloquet LLC,HY,50639,HGN1,3,01 - Cloquet,1.8,1950,Unknown,Unknown,NA,NA,NA,NA,0.5,1H,040102011503,27017
hc1424_p01,hc1424_p01_4,Cloquet,46.7267,-92.4283,Sappi Cloquet LLC,HY,50639,HGN7,4,01 - Cloquet,2.8,1980,Unknown,Unknown,NA,NA,NA,NA,0.5,1H,040102011503,27017
hc1425_p01,hc1425_p01_7,Abenaki,44.89259,-69.888424,"Eagle Creek Renewable Energy, LLC",HY,10186,AB8,7,01 - Abenaki,0.3,1990,Unknown,Francis,GSA,NA,43,400,0.2,10M,010300031301,23025
hc1425_p01,hc1425_p01_1,Abenaki,44.89259,-69.888424,"Eagle Creek Renewable Energy, LLC",HY,10186,AB7,1,01 - Abenaki,2.5,1950,Unknown,Francis,American Hydro,NA,43,3500,1,10M,010300031301,23025
hc1425_p01,hc1425_p01_2,Abenaki,44.89259,-69.888424,"Eagle Creek Renewable Energy, LLC",HY,10186,AB5,2,01 - Abenaki,2.5,1961,Unknown,Francis,American Hydro,NA,43,3500,1,10M,010300031301,23025
hc1425_p01,hc1425_p01_3,Abenaki,44.89259,-69.888424,"Eagle Creek Renewable Energy, LLC",HY,10186,AB2,3,01 - Abenaki,2.7,1981,Unknown,Francis,American Hydro,NA,43,3500,1,10M,010300031301,23025
hc1425_p01,hc1425_p01_4,Abenaki,44.89259,-69.888424,"Eagle Creek Renewable Energy, LLC",HY,10186,AB1,4,01 - Abenaki,3,1983,Unknown,Francis,American Hydro,NA,43,3500,1,10M,010300031301,23025
hc1425_p01,hc1425_p01_5,Abenaki,44.89259,-69.888424,"Eagle Creek Renewable Energy, LLC",HY,10186,AB3,5,01 - Abenaki,3,1983,Unknown,Francis,American Hydro,NA,43,3500,1,10M,010300031301,23025
hc1425_p01,hc1425_p01_6,Abenaki,44.89259,-69.888424,"Eagle Creek Renewable Energy, LLC",HY,10186,AB4,6,01 - Abenaki,3,1983,Unknown,Francis,American Hydro,NA,43,3500,1,10M,010300031301,23025
hc1425_p01,hc1425_p01_8,Abenaki,44.89259,-69.888424,"Eagle Creek Renewable Energy, LLC",HY,10186,AB6,8,01 - Abenaki,3,2007,Unknown,Francis,Norcan,NA,41.5,4020,2.1,10M,010300031301,23025
hc1426_p01,hc1426_p01_1,Anson,44.7984,-69.889,"Eagle Creek Renewable Energy, LLC",HY,10186,AN1,1,01 - Anson,1.8,1984,Unknown,Francis,I.P. Morris,NA,24.5,2400,0.6,10M,010300031301,23025
hc1426_p01,hc1426_p01_2,Anson,44.7984,-69.889,"Eagle Creek Renewable Energy, LLC",HY,10186,AN2,2,01 - Anson,1.8,1984,Unknown,Francis,I.P. Morris,NA,24.5,2400,0.6,10M,010300031301,23025
hc1426_p01,hc1426_p01_3,Anson,44.7984,-69.889,"Eagle Creek Renewable Energy, LLC",HY,10186,AN3,3,01 - Anson,1.8,1984,Unknown,Francis,I.P. Morris,NA,24.5,2400,0.6,10M,010300031301,23025
hc1426_p01,hc1426_p01_4,Anson,44.7984,-69.889,"Eagle Creek Renewable Energy, LLC",HY,10186,AN4,4,01 - Anson,1.8,1984,Unknown,Francis,I.P. Morris,NA,24.5,2400,0.6,10M,010300031301,23025
hc1426_p01,hc1426_p01_5,Anson,44.7984,-69.889,"Eagle Creek Renewable Energy, LLC",HY,10186,AN5,5,01 - Anson,1.8,1984,Unknown,Francis,I.P. Morris,NA,24.5,2400,0.6,10M,010300031301,23025
hc1428_p01,hc1428_p01_1,Squa Pan Hydro Station,46.5563,-68.3257,Algonquin Northern Maine,HY,1516,SP1,1,01 - Squa Pan,1.5,1941,Unknown,Kaplan,S. Morgan Smith,NA,30,2000,1,10M,010100040901,23003
hc1429_p01,hc1429_p01_1,Rockton,42.451,-89.0753,"Eagle Creek Renewable Energy, LLC",HY,903,2,1,01 - Rockton,0.5,1929,Unknown,Unknown,NA,NA,NA,NA,0.2,10M,070900031604,17201
hc1429_p01,hc1429_p01_2,Rockton,42.451,-89.0753,"Eagle Creek Renewable Energy, LLC",HY,903,1,2,01 - Rockton,0.6,1929,Unknown,Unknown,NA,NA,NA,NA,0.2,10M,070900031604,17201
hc1430_p01,hc1430_p01_1,Livermore Falls,44.4712,-70.1907,"Eagle Creek Renewable Energy, LLC",HY,50082,GEN6,1,01 - Livermore Falls,0.7,1910,Unknown,Kaplan,S. Morgan Smith,NA,33,1320,0.4,1H,010400020602,23001
hc1430_p01,hc1430_p01_2,Livermore Falls,44.4712,-70.1907,"Eagle Creek Renewable Energy, LLC",HY,50082,GEN7,2,01 - Livermore Falls,0.9,1910,Unknown,Kaplan,S. Morgan Smith,NA,33,1320,0.4,1H,010400020602,23001
hc1430_p01,hc1430_p01_3,Livermore Falls,44.4712,-70.1907,"Eagle Creek Renewable Energy, LLC",HY,50082,GEN8,3,01 - Livermore Falls,1,1910,Unknown,Kaplan,S. Morgan Smith,NA,33,1320,0.4,1H,010400020602,23001
hc1430_p01,hc1430_p01_4,Livermore Falls,44.4712,-70.1907,"Eagle Creek Renewable Energy, LLC",HY,50082,GEN1,4,01 - Livermore Falls,1.1,1910,Unknown,Kaplan,S. Morgan Smith,NA,33,1320,0.4,1H,010400020602,23001
hc1430_p01,hc1430_p01_5,Livermore Falls,44.4712,-70.1907,"Eagle Creek Renewable Energy, LLC",HY,50082,GEN2,5,01 - Livermore Falls,1.1,1910,Unknown,Kaplan,S. Morgan Smith,NA,33,1320,0.4,1H,010400020602,23001
hc1430_p01,hc1430_p01_6,Livermore Falls,44.4712,-70.1907,"Eagle Creek Renewable Energy, LLC",HY,50082,GEN3,6,01 - Livermore Falls,1.1,1910,Unknown,Kaplan,S. Morgan Smith,NA,33,1320,0.4,1H,010400020602,23001
hc1430_p01,hc1430_p01_7,Livermore Falls,44.4712,-70.1907,"Eagle Creek Renewable Energy, LLC",HY,50082,GEN5,7,01 - Livermore Falls,1.1,1910,Unknown,Kaplan,S. Morgan Smith,NA,33,1320,0.4,1H,010400020602,23001
hc1430_p01,hc1430_p01_8,Livermore Falls,44.4712,-70.1907,"Eagle Creek Renewable Energy, LLC",HY,50082,GEN4,8,01 - Livermore Falls,1.2,1910,Unknown,Kaplan,S. Morgan Smith,NA,33,1320,0.4,1H,010400020602,23001
hc1430_p01,hc1430_p01_9,Livermore Falls,44.4712,-70.1907,"Eagle Creek Renewable Energy, LLC",HY,50082,GEN9,9,02 - Livermore - Minimum Flow,1,2004,Unknown,Kaplan,Canadian Hydro Components,NA,30,1347,0.7,1H,010400020602,23001
hc1431_p01,hc1431_p01_1,Jay,44.5024,-70.2223,"Eagle Creek Renewable Energy, LLC",HY,50047,GEN1,1,01 - Jay,0.5,1913,Unknown,Kaplan,S. Morgan Smith,NA,15,620,0.2,1H,010400020602,23007
hc1431_p01,hc1431_p01_2,Jay,44.5024,-70.2223,"Eagle Creek Renewable Energy, LLC",HY,50047,GEN2,2,01 - Jay,0.5,1913,Unknown,Kaplan,S. Morgan Smith,NA,15,620,0.2,1H,010400020602,23007
hc1431_p01,hc1431_p01_3,Jay,44.5024,-70.2223,"Eagle Creek Renewable Energy, LLC",HY,50047,GEN3,3,01 - Jay,0.5,1913,Unknown,Kaplan,S. Morgan Smith,NA,15,620,0.2,1H,010400020602,23007
hc1431_p01,hc1431_p01_4,Jay,44.5024,-70.2223,"Eagle Creek Renewable Energy, LLC",HY,50047,GEN4,4,01 - Jay,0.5,1913,Unknown,Kaplan,S. Morgan Smith,NA,15,620,0.2,1H,010400020602,23007
hc1431_p01,hc1431_p01_5,Jay,44.5024,-70.2223,"Eagle Creek Renewable Energy, LLC",HY,50047,GEN5,5,01 - Jay,0.5,1913,Unknown,Kaplan,S. Morgan Smith,NA,15,620,0.2,1H,010400020602,23007
hc1431_p01,hc1431_p01_6,Jay,44.5024,-70.2223,"Eagle Creek Renewable Energy, LLC",HY,50047,GEN6,6,01 - Jay,0.6,1913,Unknown,Kaplan,S. Morgan Smith,NA,15,620,0.2,1H,010400020602,23007
hc1432_p01,hc1432_p01_1,Riley,44.5028,-70.2499,"Eagle Creek Renewable Energy, LLC",HY,50081,GEN1,1,01 - Riley,1.1,1982,Unknown,Kaplan,Allis-Chalmers,NA,20,1866,0.8,1H,010400020505,23007
hc1432_p01,hc1432_p01_2,Riley,44.5028,-70.2499,"Eagle Creek Renewable Energy, LLC",HY,50081,GEN2,2,01 - Riley,1.1,1982,Unknown,Kaplan,Allis-Chalmers,NA,20,1866,0.8,1H,010400020505,23007
hc1432_p01,hc1432_p01_3,Riley,44.5028,-70.2499,"Eagle Creek Renewable Energy, LLC",HY,50081,GEN3,3,01 - Riley,1.1,1982,Unknown,Kaplan,Allis-Chalmers,NA,20,1866,0.8,1H,010400020505,23007
hc1432_p01,hc1432_p01_4,Riley,44.5028,-70.2499,"Eagle Creek Renewable Energy, LLC",HY,50081,GEN4,4,01 - Riley,1.1,1982,Unknown,Kaplan,Allis-Chalmers,NA,20,1866,0.8,1H,010400020505,23007
hc1432_p01,hc1432_p01_5,Riley,44.5028,-70.2499,"Eagle Creek Renewable Energy, LLC",HY,50081,GEN5,5,01 - Riley,1.1,1982,Unknown,Kaplan,Allis-Chalmers,NA,20,1866,0.8,1H,010400020505,23007
hc1432_p01,hc1432_p01_6,Riley,44.5028,-70.2499,"Eagle Creek Renewable Energy, LLC",HY,50081,GEN6,6,01 - Riley,1.1,1982,Unknown,Kaplan,Allis-Chalmers,NA,20,1866,0.8,1H,010400020505,23007
hc1433_p01,hc1433_p01_1,Reusens,37.4634,-79.1857,"Eagle Creek Renewable Energy, LLC",HY,3779,1,1,"01 - Powerhouse ""A""",2.5,1930,Unknown,Francis,James Leffel & Co.,NA,32,3620,1,10M,020802030301,51009
hc1433_p01,hc1433_p01_2,Reusens,37.4634,-79.1857,"Eagle Creek Renewable Energy, LLC",HY,3779,2,2,"01 - Powerhouse ""A""",2.5,1930,Unknown,Francis,James Leffel & Co.,NA,32,3620,1,10M,020802030301,51009
hc1433_p01,hc1433_p01_3,Reusens,37.4634,-79.1857,"Eagle Creek Renewable Energy, LLC",HY,3779,3,3,"01 - Powerhouse ""A""",2.5,1930,Unknown,Francis,James Leffel & Co.,NA,32,3620,1,10M,020802030301,51009
hc1433_p01,hc1433_p01_4,Reusens,37.4634,-79.1857,"Eagle Creek Renewable Energy, LLC",HY,3779,4,4,"02 - Powerhouse ""B""",2.5,1930,Unknown,Francis,James Leffel & Co.,NA,32,3620,1,10M,020802030301,51009
hc1433_p01,hc1433_p01_5,Reusens,37.4634,-79.1857,"Eagle Creek Renewable Energy, LLC",HY,3779,5,5,"02 - Powerhouse ""B""",2.5,1930,Unknown,Francis,James Leffel & Co.,NA,32,3620,1,1H,020802030301,51009
hc1434_p01,hc1434_p01_1,Marshall,35.7931,-82.7106,Duke Energy Progress - (NC),HY,2710,HC1,1,01 - Marshall,2.5,1985,Unknown,Kaplan,Voest,NA,31.4,3140,2,10M,060101051102,37115
hc1434_p01,hc1434_p01_2,Marshall,35.7931,-82.7106,Duke Energy Progress - (NC),HY,2710,HC2,2,01 - Marshall,2.5,1985,Unknown,Kaplan,Voest,NA,31.4,3140,2,10M,060101051102,37115
hc1435_p01,hc1435_p01_1,Ashton,44.2453,-111.4961,PacifiCorp,HY,825,2,1,01 - Ashton,2,1925,Unknown,Francis,NA,NA,NA,NA,0,10M,1.70402E+11,16043
hc1435_p01,hc1435_p01_2,Ashton,44.2453,-111.4961,PacifiCorp,HY,825,3,2,01 - Ashton,2,1925,Unknown,Francis,NA,NA,NA,NA,0,10M,1.70402E+11,16043
hc1435_p01,hc1435_p01_3,Ashton,44.2453,-111.4961,PacifiCorp,HY,825,1,3,01 - Ashton,2.7,1917,Unknown,Francis,NA,NA,NA,NA,0,10M,1.70402E+11,16043
hc1436_p01,hc1436_p01_1,St Anthony,44.0833,-111.5,PacifiCorp,HY,832,1,1,01 - St. Anthony,0.5,1915,Unknown,Unknown,NA,NA,NA,NA,NA,NA,1.70402E+11,16043
hc1437_p01,hc1437_p01_1,South Glens Falls,43.3049,-73.643,Boralex Hydro Operations Inc,HY,54772,GEN1,1,01 - South Glens Falls,6.9,1994,Unknown,Kaplan,Kvaerner,NA,44,9770,0.1,10M,020200030506,NA
hc1437_p01,hc1437_p01_2,South Glens Falls,43.3049,-73.643,Boralex Hydro Operations Inc,HY,54772,GEN2,2,01 - South Glens Falls,6.9,1994,Unknown,Kaplan,Kvaerner,NA,44,9770,0.1,10M,020200030506,NA
hc1437_p03,hc1437_p03_1,Glens Falls,43.3049,-73.643,Erie Boulevard Hydropower LP,HY,56936,GEN5,1,01 - Glens Falls,2.8,1965,Unknown,Francis,S. Morgan Smith,NA,46,3400,1,10M,020200030506,NA
hc1437_p03,hc1437_p03_3,Glens Falls,43.3049,-73.643,Erie Boulevard Hydropower LP,HY,56936,GEN4,3,01 - Glens Falls,2.4,1980,Unknown,Francis,Wellman Seaver Morgan,NA,46,2600,1,10M,020200030506,NA
hc1437_p03,hc1437_p03_2,Glens Falls,43.3049,-73.643,Erie Boulevard Hydropower LP,HY,56936,GEN2,2,01 - Glens Falls,2,1962,Unknown,Francis,Wellman Seaver Morgan,NA,46,2600,1,10M,020200030506,NA
hc1437_p03,hc1437_p03_4,Glens Falls,43.3049,-73.643,Erie Boulevard Hydropower LP,HY,56936,GEN3,4,01 - Glens Falls,2.2,1979,Unknown,Francis,Wellman Seaver Morgan,NA,46,2600,1,10M,020200030506,NA
hc1437_p03,hc1437_p03_5,Glens Falls,43.3049,-73.643,Erie Boulevard Hydropower LP,HY,56936,GEN1,5,01 - Glens Falls,2.4,1995,Unknown,Francis,American Hydro,NA,46,3500,1,10M,020200030506,NA
hc1438_p01,hc1438_p01_1,Big Falls,45.5555,-90.9592,Northern States Power Co - Minnesota,HY,3983,3,1,01 - Big Falls,2.5,1993,Unknown,Francis,S. Morgan Smith,NA,52,4000,0.6,1H,070500020702,55107
hc1438_p01,hc1438_p01_2,Big Falls,45.5555,-90.9592,Northern States Power Co - Minnesota,HY,3983,1,2,01 - Big Falls,2.6,1922,Unknown,Francis,Wellman Seaver Morgan,NA,52,4000,0.7,1H,070500020702,55107
hc1438_p01,hc1438_p01_3,Big Falls,45.5555,-90.9592,Northern States Power Co - Minnesota,HY,3983,2,3,01 - Big Falls,2.6,1922,Unknown,Francis,Wellman Seaver Morgan,NA,52,4000,0.7,1H,070500020702,55107
hc1439_p01,hc1439_p01_1,Warren,38.9541,-78.1486,Potomac Edison Co,HY,3793,1,1,01 - Warren,0.25,1924,Unknown,Francis,S. Morgan Smith,NA,18,350,NA,NA,020700070102,51187
hc1439_p01,hc1439_p01_2,Warren,38.9541,-78.1486,Potomac Edison Co,HY,3793,2,2,01 - Warren,0.25,1924,Unknown,Francis,S. Morgan Smith,NA,18,350,NA,NA,020700070102,51187
hc1439_p01,hc1439_p01_3,Warren,38.9541,-78.1486,Potomac Edison Co,HY,3793,3,3,01 - Warren,0.25,1924,Unknown,Francis,James Leffel & Co.,NA,18,350,NA,NA,020700070102,51187
hc1440_p01,hc1440_p01_1,Gilman Mill,44.4098,-71.7177,Ampersand Gilman Hydro LP,HY,10608,GEN3,1,01 - Gilman,0.8,1941,Unknown,Francis,S. Morgan Smith,NA,24,1000,0.1,1H,010801030201,50009
hc1440_p01,hc1440_p01_2,Gilman Mill,44.4098,-71.7177,Ampersand Gilman Hydro LP,HY,10608,GEN4,2,01 - Gilman,0.8,1941,Unknown,Francis,S. Morgan Smith,NA,24,1000,0.1,1H,010801030201,50009
hc1440_p01,hc1440_p01_4,Gilman Mill,44.4098,-71.7177,Ampersand Gilman Hydro LP,HY,10608,GEN1,4,01 - Gilman,2.2,1985,Unknown,Kaplan,Allis-Chalmers,NA,24,2970,0.2,1H,010801030201,50009
hc1440_p01,hc1440_p01_3,Gilman Mill,44.4098,-71.7177,Ampersand Gilman Hydro LP,HY,10608,GEN2,3,01 - Gilman,1,1966,Unknown,Kaplan,S. Morgan Smith,NA,24,1500,0.3,1H,010801030201,50009
hc1441_p01,hc1441_p01_3,Chalk Hill,45.5137,-87.8018,Wisconsin Electric Power Co,HY,1776,3,3,01 - Chalk Hill,2.6,1927,Unknown,Unknown,NA,NA,NA,NA,0.6,10M,040301080711,26109
hc1441_p01,hc1441_p01_1,Chalk Hill,45.5137,-87.8018,Wisconsin Electric Power Co,HY,1776,1,1,01 - Chalk Hill,2.6,1927,Unknown,Kaplan,Allis-Chalmers,NA,28,3750,0.7,10M,040301080711,26109
hc1441_p01,hc1441_p01_2,Chalk Hill,45.5137,-87.8018,Wisconsin Electric Power Co,HY,1776,2,2,01 - Chalk Hill,2.6,1927,Unknown,Kaplan,Allis-Chalmers,NA,28,3750,0.7,10M,040301080711,26109
hc1442_p01,hc1442_p01_1,Pierce Mills,44.486,-72.0087,Central Vermont Pub Serv Corp,HY,3721,1,1,01 - Pierce Mills,0.25,1928,Unknown,Francis,S. Morgan Smith,NA,17,364,NA,NA,010801020302,50005
hc1443_p01,hc1443_p01_1,Gage,44.3971,-72.0241,Central Vermont Pub Serv Corp,HY,3713,1,1,01 - Gage,0.3,1921,Unknown,Francis,S. Morgan Smith,NA,15,490,NA,NA,010801020403,50005
hc1443_p01,hc1443_p01_2,Gage,44.3971,-72.0241,Central Vermont Pub Serv Corp,HY,3713,2,2,01 - Gage,0.4,1921,Unknown,Francis,S. Morgan Smith,NA,15,700,NA,NA,010801020403,50005
hc1444_p01,hc1444_p01_1,Arnold Falls,44.4243,-72.0141,Central Vermont Pub Serv Corp,HY,3707,1,1,01 - Arnold Falls,0.35,1928,Unknown,Kaplan,S. Morgan Smith,NA,17,450,NA,NA,010801020302,50005
hc1445_p01,hc1445_p01_1,Passumpsic,44.3746,-72.0264,Central Vermont Pub Serv Corp,HY,3718,1,1,01 - Passumpsic,0.7,1929,Unknown,Francis,James Leffel & Co.,NA,24,950,NA,NA,010801020403,50005
hc1446_p01,hc1446_p01_1,Prickett,46.7244,-88.6683,Upper Peninsula Power Company,HY,1773,1,1,01 - Prickett,1.1,1931,Unknown,Francis,S. Morgan Smith,NA,54,1600,0,10M,040201040108,26013
hc1446_p01,hc1446_p01_2,Prickett,46.7244,-88.6683,Upper Peninsula Power Company,HY,1773,2,2,01 - Prickett,1.1,1931,Unknown,Francis,S. Morgan Smith,NA,54,1600,0,10M,040201040108,26013
hc1447_p01,hc1447_p01_1,Ninth Street,45.0719,-83.4371,"Eagle Creek Renewable Energy, LLC",HY,54342,1,1,01 - Ninth Street,0.4,1990,Unknown,Francis,James Leffel & Co.,NA,16,600,0.1,10M,040700060605,26007
hc1447_p01,hc1447_p01_2,Ninth Street,45.0719,-83.4371,"Eagle Creek Renewable Energy, LLC",HY,54342,2,2,01 - Ninth Street,0.4,1990,Unknown,Francis,James Leffel & Co.,NA,16,600,0.1,10M,040700060605,26007
hc1447_p01,hc1447_p01_3,Ninth Street,45.0719,-83.4371,"Eagle Creek Renewable Energy, LLC",HY,54342,3,3,01 - Ninth Street,0.4,1990,Unknown,Francis,James Leffel & Co.,NA,16,600,0.1,10M,040700060605,26007
hc1448_p01,hc1448_p01_1,Four Mile,45.0927,-83.5026,"Eagle Creek Renewable Energy, LLC",HY,54341,1,1,01 - Four Mile,0.6,1990,Unknown,Unknown,NA,NA,NA,NA,0.2,10M,040700060605,26007
hc1448_p01,hc1448_p01_2,Four Mile,45.0927,-83.5026,"Eagle Creek Renewable Energy, LLC",HY,54341,2,2,01 - Four Mile,0.6,1990,Unknown,Unknown,NA,NA,NA,NA,0.2,10M,040700060605,26007
hc1448_p01,hc1448_p01_3,Four Mile,45.0927,-83.5026,"Eagle Creek Renewable Energy, LLC",HY,54341,3,3,01 - Four Mile,0.6,1990,Unknown,Unknown,NA,NA,NA,NA,0.2,10M,040700060605,26007
hc1448_p01,hc1448_p01_4,Four Mile,45.0927,-83.5026,"Eagle Creek Renewable Energy, LLC",HY,54341,4,4,NA,0.2,2005,Unknown,Unknown,Flygt,NA,NA,NA,0.2,10M,040700060605,26007
hc1449_p01,hc1449_p01_1,Norway Point,45.1019,-83.5192,"Eagle Creek Renewable Energy, LLC",HY,54340,2,1,01 - Norway Point,1.2,1990,Unknown,Francis,NA,NA,NA,1400,0.4,10M,040700060605,26007
hc1449_p01,hc1449_p01_2,Norway Point,45.1019,-83.5192,"Eagle Creek Renewable Energy, LLC",HY,54340,1,2,01 - Norway Point,2.8,1990,Unknown,Francis,NA,NA,NA,3350,0.8,10M,040700060605,26007
hc1450_p01,hc1450_p01_1,Hillman,45.0615,-83.9031,Thunder Bay Power Co,HY,1688,1,1,01 - Hillman,0.25,1947,Unknown,Francis,NA,NA,NA,NA,NA,NA,040700060309,26119
hc1451_p01,hc1451_p01_1,Yates Dam,32.5744,-85.8893,Alabama Power Co,HY,21,2,1,01 - Yates,25,1998,Unknown,Francis,GE,NA,53,29500,21,1H,031501100406,NA
hc1451_p01,hc1451_p01_2,Yates Dam,32.5744,-85.8893,Alabama Power Co,HY,21,1,2,01 - Yates,25.5,1998,Unknown,Francis,GE,NA,53,29500,21,1H,031501100406,NA
hc1452_p01,hc1452_p01_3,Thurlow Dam,32.535,-85.8883,Alabama Power Co,HY,19,3,3,01 - Thurlow,10,2000,Unknown,Francis,American Hydro,NA,91,11950,7,1H,031501100406,NA
hc1452_p01,hc1452_p01_1,Thurlow Dam,32.535,-85.8883,Alabama Power Co,HY,19,1,1,01 - Thurlow,40.5,1998,Unknown,Francis,American Hydro,NA,89,48900,32,1H,031501100406,NA
hc1452_p01,hc1452_p01_2,Thurlow Dam,32.535,-85.8883,Alabama Power Co,HY,19,2,2,01 - Thurlow,40.5,1998,Unknown,Francis,American Hydro,NA,89,48900,32,1H,031501100406,NA
hc1453_p01,hc1453_p01_1,Spicer Meadow Project,38.393,-119.9971,Northern California Power Agny,HY,54554,GEN3,1,01 - New Spicer Meadow,0.5,1989,Unknown,Francis,Koessler,NA,185,670,0.1,10M,1.804E+11,06109
hc1453_p01,hc1453_p01_2,Spicer Meadow Project,38.393,-119.9971,Northern California Power Agny,HY,54554,GEN1,2,01 - New Spicer Meadow,2.7,1989,Unknown,Francis,Sulzer,NA,244.2,3350,0.8,10M,1.804E+11,06109
hc1453_p01,hc1453_p01_3,Spicer Meadow Project,38.393,-119.9971,Northern California Power Agny,HY,54554,GEN2,3,01 - New Spicer Meadow,2.7,1989,Unknown,Francis,Sulzer,NA,244.2,3350,0.8,10M,1.804E+11,06109
hc1454_p01,hc1454_p01_1,Collierville Powerhouse,38.235,-120.2911,Northern California Power Agny,HY,54555,GEN1,1,01 - Collierville,126.5,1989,Unknown,Pelton,Sulzer,NA,2271,168600,3,1H,1.804E+11,NA
hc1454_p01,hc1454_p01_2,Collierville Powerhouse,38.235,-120.2911,Northern California Power Agny,HY,54555,GEN2,2,01 - Collierville,126.5,1989,Unknown,Pelton,Sulzer,NA,2271,168600,3,1H,1.804E+11,NA
hc1456_p01,hc1456_p01_1,Schoolfield Dam,36.5778,-79.4339,"Eagle Creek Renewable Energy, LLC",HY,54655,SCH1,1,01 - Schoolfield,1.5,1990,Unknown,Kaplan,STS HydroPower Ltd.,NA,25,1050,0.2,10M,030101030906,51143
hc1456_p01,hc1456_p01_2,Schoolfield Dam,36.5778,-79.4339,"Eagle Creek Renewable Energy, LLC",HY,54655,SCH2,2,01 - Schoolfield,1.5,1990,Unknown,Kaplan,STS HydroPower Ltd.,NA,25,1050,0.2,10M,030101030906,51143
hc1456_p01,hc1456_p01_3,Schoolfield Dam,36.5778,-79.4339,"Eagle Creek Renewable Energy, LLC",HY,54655,SCH3,3,01 - Schoolfield,1.5,1990,Unknown,Kaplan,STS HydroPower Ltd.,NA,25,1050,0.2,10M,030101030906,51143
hc1457_p01,hc1457_p01_1,Wallace Dam,33.3502,-83.1574,Georgia Power Co,PS,6087,1,1,01 - Wallace,52.2,1980,Unknown,Pump,Allis-Chalmers,NA,89,73000,50.7,1H,030701011306,NA
hc1457_p01,hc1457_p01_2,Wallace Dam,33.3502,-83.1574,Georgia Power Co,PS,6087,2,2,01 - Wallace,52.2,1980,Unknown,Pump,Allis-Chalmers,NA,89,73000,50.7,1H,030701011306,NA
hc1457_p01,hc1457_p01_3,Wallace Dam,33.3502,-83.1574,Georgia Power Co,PS,6087,5,3,01 - Wallace,52.2,1980,Unknown,Pump,Allis-Chalmers,NA,89,73000,50.7,1H,030701011306,NA
hc1457_p01,hc1457_p01_4,Wallace Dam,33.3502,-83.1574,Georgia Power Co,PS,6087,6,4,01 - Wallace,52.2,1980,Unknown,Pump,Allis-Chalmers,NA,89,73000,50.7,1H,030701011306,NA
hc1457_p01,hc1457_p01_5,Wallace Dam,33.3502,-83.1574,Georgia Power Co,HY,6087,3,5,01 - Wallace,56.2,1980,Unknown,Kaplan,Allis-Chalmers,NA,89,78000,54.6,1H,030701011306,NA
hc1457_p01,hc1457_p01_6,Wallace Dam,33.3502,-83.1574,Georgia Power Co,HY,6087,4,6,01 - Wallace,56.2,1980,Unknown,Kaplan,Allis-Chalmers,NA,89,78000,54.6,1H,030701011306,NA
hc1459_p01,hc1459_p01_1,Hayward Hydro,46.0066,-91.4844,Northern States Power Co,HY,3985,1,1,01 - Hayward,0.2,1925,Unknown,Unknown,NA,NA,NA,NA,NA,NA,070300020202,55113
hc1460_p01,hc1460_p01_1,Cutler,41.8167,-111.95,PacifiCorp,HY,3646,1,1,01 - Cutler,15,1927,Unknown,Francis,NA,NA,124,21500,0,10M,1.60102E+11,49003
hc1460_p01,hc1460_p01_2,Cutler,41.8167,-111.95,PacifiCorp,HY,3646,2,2,01 - Cutler,15,1927,Unknown,Francis,NA,NA,124,21500,0,10M,1.60102E+11,49003
hc1461_p01,hc1461_p01_1,Flambeau Lower Project,45.9133,-90.4467,Renewable World Energies LLC,HY,55685,GEN1,1,01 - Lower Hydro,0.4,1923,Unknown,Unknown,NA,NA,NA,NA,0,10M,070500020504,55099
hc1461_p01,hc1461_p01_2,Flambeau Lower Project,45.9133,-90.4467,Renewable World Energies LLC,HY,55685,GEN2,2,01 - Lower Hydro,0.4,1923,Unknown,Unknown,NA,NA,NA,NA,0,10M,070500020504,55099
hc1461_p01,hc1461_p01_3,Flambeau Lower Project,45.9133,-90.4467,Renewable World Energies LLC,HY,55685,GEN3,3,NA,0.4,1923,Unknown,Unknown,NA,NA,NA,NA,0,10M,070500020504,55099
hc1462_p01,hc1462_p01_1,Hydraulic Race,43.1709,-78.6916,Erie Boulevard Hydropower LP,HY,2578,1,1,01 - Hydraulic Race,3,1942,Unknown,Kaplan,NA,NA,46,6100,1.8,10M,041300010703,36063
hc1463_p01,hc1463_p01_2,Luray,38.6774,-78.4999,"Eagle Creek Renewable Energy, LLC",HY,3789,2,2,01 - Luray,0.4,1927,Unknown,Francis,James Leffel & Co.,NA,18,650,0.2,10M,020700050905,51139
hc1463_p01,hc1463_p01_1,Luray,38.6774,-78.4999,"Eagle Creek Renewable Energy, LLC",HY,3789,1,1,01 - Luray,0.6,1927,Unknown,Francis,James Leffel & Co.,NA,18,950,0.2,10M,020700050905,51139
hc1463_p01,hc1463_p01_3,Luray Hydro Station,38.6774,-78.4999,"Eagle Creek Renewable Energy, LLC",HY,3789,3,3,01 - Luray,0.6,1927,Unknown,Francis,James Leffel & Co.,NA,18,650,0.2,10M,020700050905,51139
hc1464_p01,hc1464_p01_1,Newport,38.5712,-78.5929,"Eagle Creek Renewable Energy, LLC",HY,3790,1,1,01 - Newport,0.4,1923,Unknown,Francis,James Leffel & Co.,NA,24,600,0.2,10M,020700050903,51139
hc1464_p01,hc1464_p01_2,Newport,38.5712,-78.5929,"Eagle Creek Renewable Energy, LLC",HY,3790,2,2,01 - Newport,0.4,1923,Unknown,Francis,James Leffel & Co.,NA,24,600,0.2,10M,020700050903,51139
hc1464_p01,hc1464_p01_3,Newport,38.5712,-78.5929,"Eagle Creek Renewable Energy, LLC",HY,3790,3,3,01 - Newport,0.6,1925,Unknown,Francis,James Leffel & Co.,NA,24,950,0.2,10M,020700050903,51139
hc1465_p01,hc1465_p01_1,Alamo,34.81545,-118.685953,California Dept. of Water Resources,HY,905,1,1,01 - Alamo,19.6,1985,Unknown,Kaplan,NA,NA,140,23600,4,10M,1.80701E+11,06037
hc1465_p02,hc1465_p02_1,Castaic,34.6443,-118.7643,Los Angeles Department of Water & Power,HY,392,7,1,02 - Castaic Pumped Storage,56,1972,Unknown,Unknown,NA,NA,NA,NA,2,10M,1.80701E+11,06037
hc1465_p02,hc1465_p02_2,Castaic,34.6443,-118.7643,Los Angeles Department of Water & Power,PS,392,1,2,02 - Castaic Pumped Storage,271,1973,Unknown,Unknown,NA,NA,NA,NA,10,10M,1.80701E+11,06037
hc1465_p02,hc1465_p02_3,Castaic,34.6443,-118.7643,Los Angeles Department of Water & Power,PS,392,2,3,02 - Castaic Pumped Storage,271,1974,Unknown,Unknown,NA,NA,NA,NA,10,10M,1.80701E+11,06037
hc1465_p02,hc1465_p02_4,Castaic,34.6443,-118.7643,Los Angeles Department of Water & Power,PS,392,3,4,02 - Castaic Pumped Storage,271,1977,Unknown,Unknown,NA,NA,NA,NA,10,10M,1.80701E+11,06037
hc1465_p02,hc1465_p02_5,Castaic,34.6443,-118.7643,Los Angeles Department of Water & Power,PS,392,4,5,02 - Castaic Pumped Storage,271,1977,Unknown,Unknown,NA,NA,NA,NA,10,10M,1.80701E+11,06037
hc1465_p02,hc1465_p02_6,Castaic,34.6443,-118.7643,Los Angeles Department of Water & Power,PS,392,5,6,02 - Castaic Pumped Storage,271,1978,Unknown,Unknown,NA,NA,NA,NA,10,10M,1.80701E+11,06037
hc1465_p02,hc1465_p02_7,Castaic,34.6443,-118.7643,Los Angeles Department of Water & Power,PS,392,6,7,02 - Castaic Pumped Storage,271,1978,Unknown,Unknown,NA,NA,NA,NA,10,10M,1.80701E+11,06037
hc1466_p01,hc1466_p01_1,Mojave Siphon,34.307676,-117.323289,California Dept. of Water Resources,HY,7072,1,1,01 - Mojave Siphon,10.9,1996,Unknown,Francis,American Hydro,NA,85,154000,2,10M,1.80902E+11,06071
hc1466_p01,hc1466_p01_2,Mojave Siphon,34.307676,-117.323289,California Dept. of Water Resources,HY,7072,2,2,01 - Mojave Siphon,10.9,1996,Unknown,Francis,American Hydro,NA,85,154000,2,10M,1.80902E+11,06071
hc1466_p01,hc1466_p01_3,Mojave Siphon,34.307676,-117.323289,California Dept. of Water Resources,HY,7072,3,3,NA,10.9,1996,Unknown,Francis,American Hydro,NA,NA,NA,2,10M,1.80902E+11,06071
hc1467_p01,hc1467_p01_1,W E Warne,34.7731,-118.7616,California Dept. of Water Resources,HY,6196,1,1,01 - William E. Warne,37.1,1982,Unknown,Pelton,NA,NA,739,51000,5,10M,1.80701E+11,06037
hc1467_p01,hc1467_p01_2,W E Warne,34.7731,-118.7616,California Dept. of Water Resources,HY,6196,2,2,01 - William E. Warne,37.1,1982,Unknown,Pelton,NA,NA,739,51000,5,10M,1.80701E+11,06037
hc1468_p01,hc1468_p01_1,Devil Canyon,34.2057,-117.3464,California Dept. of Water Resources,HY,436,1,1,01 - Devil Canyon,59.8,1972,Unknown,Unknown,NA,NA,NA,NA,15,10M,1.80702E+11,06071
hc1468_p01,hc1468_p01_2,Devil Canyon,34.2057,-117.3464,California Dept. of Water Resources,HY,436,2,2,01 - Devil Canyon,59.8,1976,Unknown,Unknown,NA,NA,NA,NA,15,10M,1.80702E+11,06071
hc1468_p01,hc1468_p01_3,Devil Canyon,34.2057,-117.3464,California Dept. of Water Resources,HY,436,4,3,01 - Devil Canyon,78.3,1992,Unknown,Unknown,NA,NA,NA,NA,15,10M,1.80702E+11,06071
hc1468_p01,hc1468_p01_4,Devil Canyon,34.2057,-117.3464,California Dept. of Water Resources,HY,436,3,4,01 - Devil Canyon,78.3,1994,Unknown,Unknown,NA,NA,NA,NA,15,10M,1.80702E+11,06071
hc1469_p01,hc1469_p01_1,Piedmont Hydro Power Project,34.7014,-82.4625,"Central Rivers Power US, LLC",HY,10787,GEN1,1,01 - Piedmont,1,1989,Unknown,Francis,James Leffel & Co.,NA,26,1450,0.1,10M,030501090307,45045
hc1470_p01,hc1470_p01_1,Ladysmith,45.4648,-91.0833,Northern States Power Co - Minnesota,HY,3986,1,1,01 - Ladysmith,0.9,1940,Unknown,Kaplan,Allis-Chalmers,NA,16,1500,0.2,10M,070500020703,55107
hc1470_p01,hc1470_p01_2,Ladysmith,45.4648,-91.0833,Northern States Power Co - Minnesota,HY,3986,2,2,01 - Ladysmith,0.9,1940,Unknown,Kaplan,Allis-Chalmers,NA,16,1500,0.2,10M,070500020703,55107
hc1470_p01,hc1470_p01_3,Ladysmith,45.4648,-91.0833,Northern States Power Co - Minnesota,HY,3986,3,3,01 - Ladysmith,1.6,1983,Unknown,Kaplan,J. M. Voith,NA,18,2200,0.4,10M,070500020703,55107
hc1471_p01,hc1471_p01_1,Brule,45.9474,-88.2187,Wisconsin Electric Power Co,HY,1775,1,1,01 - Brule,1.3,1919,Unknown,Francis,James Leffel & Co.,NA,60,3100,0.1,10M,040301060504,55037
hc1471_p01,hc1471_p01_2,Brule,45.9474,-88.2187,Wisconsin Electric Power Co,HY,1775,2,2,01 - Brule,2,1919,Unknown,Francis,James Leffel & Co.,NA,60,3300,0.1,10M,040301060504,55037
hc1471_p01,hc1471_p01_3,Brule,45.9474,-88.2187,Wisconsin Electric Power Co,HY,1775,3,3,01 - Brule,2,1919,Unknown,Francis,NA,NA,60,3300,0.1,10M,040301060504,55037
hc1472_p01,hc1472_p01_1,Grand Rapids,45.3624,-87.6562,Wisconsin Public Service Corp,HY,1787,5,1,01 - Grand Rapids,1.9,1923,Unknown,Francis,Allis-Chalmers,NA,29,2400,0,10M,040301080909,26109
hc1472_p01,hc1472_p01_2,Grand Rapids,45.3624,-87.6562,Wisconsin Public Service Corp,HY,1787,1,2,01 - Grand Rapids,1.1,1940,Unknown,Francis,S. Morgan Smith,NA,29,1700,0,10M,040301080909,26109
hc1472_p01,hc1472_p01_3,Grand Rapids,45.3624,-87.6562,Wisconsin Public Service Corp,HY,1787,2,3,01 - Grand Rapids,1.1,1941,Unknown,Francis,S. Morgan Smith,NA,29,1700,0,10M,040301080909,26109
hc1472_p01,hc1472_p01_4,Grand Rapids,45.3624,-87.6562,Wisconsin Public Service Corp,HY,1787,3,4,01 - Grand Rapids,1.5,1945,Unknown,Francis,S. Morgan Smith,NA,29,1700,0,10M,040301080909,26109
hc1472_p01,hc1472_p01_5,Grand Rapids,45.3624,-87.6562,Wisconsin Public Service Corp,HY,1787,4,5,01 - Grand Rapids,1.9,1990,Unknown,Kaplan,GE,NA,29,2500,0,10M,040301080909,26109
hc1473_p01,hc1473_p01_1,Foote,44.435,-83.44,Consumers Energy Co - (MI),HY,1705,1,1,01 - Foote,3,1918,Unknown,Francis,Allis-Chalmers,NA,47,4250,0,10M,040700070709,26069
hc1473_p01,hc1473_p01_2,Foote,44.435,-83.44,Consumers Energy Co - (MI),HY,1705,2,2,01 - Foote,3,1918,Unknown,Francis,Allis-Chalmers,NA,47,4250,0,10M,040700070709,26069
hc1473_p01,hc1473_p01_3,Foote,44.435,-83.44,Consumers Energy Co - (MI),HY,1705,3,3,01 - Foote,3,1918,Unknown,Francis,Allis-Chalmers,NA,47,4250,0,10M,040700070709,26069
hc1474_p01,hc1474_p01_1,Seneca Falls Hydroelectric Project,42.9149,-76.7871,"C-S Canal Hydro, LLC",HY,61641,23,1,01 - Seneca Falls,1.7,1917,Unknown,Francis,S. Morgan Smith,NA,48,2650,0.6,1H,041402010906,36099
hc1474_p01,hc1474_p01_2,Seneca Falls Hydroelectric Project,42.9149,-76.7871,"C-S Canal Hydro, LLC",HY,61641,24,2,01 - Seneca Falls,1.7,1917,Unknown,Francis,S. Morgan Smith,NA,48,2650,0.6,1H,041402010906,36099
hc1474_p01,hc1474_p01_3,Seneca Falls Hydroelectric Project,42.9149,-76.7871,"C-S Canal Hydro, LLC",HY,61641,25,3,01 - Seneca Falls,1.7,1917,Unknown,Francis,S. Morgan Smith,NA,48,2650,0.6,1H,041402010906,36099
hc1475_p01,hc1475_p01_1,Waterloo,42.901914,-76.86233,"C-S Canal Hydro, LLC",HY,61642,10,1,01 - Waterloo,0.5,1915,Unknown,Francis,Allis-Chalmers,NA,15.8,740,0.2,1H,041402010905,36099
hc1475_p01,hc1475_p01_2,Waterloo,42.901914,-76.86233,"C-S Canal Hydro, LLC",HY,61642,11,2,01 - Waterloo,0.5,1915,Unknown,Francis,Allis-Chalmers,NA,15.8,740,0.2,1H,041402010905,36099
hc1475_p01,hc1475_p01_3,Waterloo,42.901914,-76.86233,"C-S Canal Hydro, LLC",HY,61642,12,3,01 - Waterloo,0.5,1915,Unknown,Francis,Allis-Chalmers,NA,15.8,740,0.2,1H,041402010905,36099
hc1476_p01,hc1476_p01_1,Chippewa Falls,44.9321,-91.389,Northern States Power Co - Minnesota,HY,4000,1,1,01 - Chippewa Falls,3.6,1928,Unknown,Francis,NA,NA,NA,5000,0.9,1H,070500050501,55017
hc1476_p01,hc1476_p01_2,Chippewa Falls,44.9321,-91.389,Northern States Power Co - Minnesota,HY,4000,2,2,01 - Chippewa Falls,3.6,1928,Unknown,Francis,NA,NA,NA,5000,0.9,1H,070500050501,55017
hc1476_p01,hc1476_p01_3,Chippewa Falls,44.9321,-91.389,Northern States Power Co - Minnesota,HY,4000,3,3,01 - Chippewa Falls,3.6,1928,Unknown,Francis,NA,NA,NA,5000,0.9,1H,070500050501,55017
hc1476_p01,hc1476_p01_4,Chippewa Falls,44.9321,-91.389,Northern States Power Co - Minnesota,HY,4000,4,4,01 - Chippewa Falls,3.6,1928,Unknown,Francis,NA,NA,NA,5000,0.9,1H,070500050501,55017
hc1476_p01,hc1476_p01_5,Chippewa Falls,44.9321,-91.389,Northern States Power Co - Minnesota,HY,4000,5,5,01 - Chippewa Falls,3.6,1928,Unknown,Francis,NA,NA,NA,5000,0.9,1H,070500050501,55017
hc1476_p01,hc1476_p01_6,Chippewa Falls,44.9321,-91.389,Northern States Power Co - Minnesota,HY,4000,6,6,01 - Chippewa Falls,3.6,1928,Unknown,Francis,NA,NA,NA,5000,0.9,1H,070500050501,55017
hc1477_p01,hc1477_p01_1,Second Street,41.531107,-72.055384,Norwich City of,HY,580,1,1,01 - Second Street,0.4,1927,Unknown,Francis,James Leffel & Co.,NA,17,535,NA,NA,011000020303,09011
hc1477_p01,hc1477_p01_2,Second Street,41.531107,-72.055384,Norwich City of,HY,580,2,2,01 - Second Street,0.4,1927,Unknown,Francis,James Leffel & Co.,NA,17,535,NA,NA,011000020303,09011
hc1477_p02,hc1477_p02_1,Tenth Street,41.536779,-72.052738,City of Norwich - (CT),HY,583,1,1,02 - Tenth Street,1.4,1967,Unknown,Kaplan,Allis-Chalmers,NA,15,1999,0.1,10M,011000020303,09011
hc1478_p01,hc1478_p01_1,Watertown,43.9761,-75.8731,City of Watertown - (NY),HY,2700,1,1,01 - Marble Street,2.7,1924,Unknown,Francis,S. Morgan Smith,NA,25,2950,0.6,1H,041501011404,36045
hc1478_p01,hc1478_p01_2,Watertown,43.9761,-75.8731,City of Watertown - (NY),HY,2700,2,2,01 - Marble Street,2.7,1924,Unknown,Francis,S. Morgan Smith,NA,25,2950,0.6,1H,041501011404,36045
hc1478_p01,hc1478_p01_3,Watertown,43.9761,-75.8731,City of Watertown - (NY),HY,2700,3,3,01 - Marble Street,2.7,1924,Unknown,Francis,S. Morgan Smith,NA,25,2950,0.6,1H,041501011404,36045
hc1479_p01,hc1479_p01_1,White River,46.4977,-90.9089,Northern States Power Co - Minnesota,HY,3989,1,1,01 - White River,0.5,1907,Unknown,Unknown,NA,NA,NA,NA,0.1,10M,040103020611,55003
hc1479_p01,hc1479_p01_2,White River,46.4977,-90.9089,Northern States Power Co - Minnesota,HY,3989,2,2,01 - White River,0.5,1907,Unknown,Unknown,NA,NA,NA,NA,0.1,10M,040103020611,55003
hc1480_p01,hc1480_p01_1,Center Rutland,43.6029,-73.0127,Green Mountain Power Corp,HY,6453,1,1,01 - Center Rutland,0.3,1898,Unknown,Francis,Holyoke,NA,28,300,NA,NA,041504020109,50021
hc1481_p01,hc1481_p01_1,Dixon,41.8463,-89.481,"Eagle Creek Renewable Energy, LLC",HY,54969,1,1,01 - Dixon,0.6,1925,Unknown,Unknown,NA,NA,NA,NA,0.1,10M,070900050606,17103
hc1481_p01,hc1481_p01_2,Dixon,41.8463,-89.481,"Eagle Creek Renewable Energy, LLC",HY,54969,2,2,01 - Dixon,0.6,1925,Unknown,Unknown,NA,NA,NA,NA,0.1,10M,070900050606,17103
hc1481_p01,hc1481_p01_3,Dixon,41.8463,-89.481,"Eagle Creek Renewable Energy, LLC",HY,54969,3,3,01 - Dixon,0.6,1925,Unknown,Unknown,NA,NA,NA,NA,0.1,10M,070900050606,17103
hc1481_p01,hc1481_p01_4,Dixon,41.8463,-89.481,"Eagle Creek Renewable Energy, LLC",HY,54969,4,4,01 - Dixon,0.6,1925,Unknown,Unknown,NA,NA,NA,NA,0.1,10M,070900050606,17103
hc1481_p01,hc1481_p01_5,Dixon,41.8463,-89.481,"Eagle Creek Renewable Energy, LLC",HY,54969,5,5,01 - Dixon,0.6,1925,Unknown,Unknown,NA,NA,NA,NA,0.1,10M,070900050606,17103
hc1482_p01,hc1482_p01_1,Alcona,44.5619,-83.8042,Consumers Energy Co - (MI),HY,1693,1,1,01 - Alcona,4,1924,Unknown,Francis,Wellman Seaver Morgan,NA,38,5500,0,10M,040700070706,26001
hc1482_p01,hc1482_p01_2,Alcona,44.5619,-83.8042,Consumers Energy Co - (MI),HY,1693,2,2,01 - Alcona,4,1924,Unknown,Francis,Wellman Seaver Morgan,NA,38,5500,0,10M,040700070706,26001
hc1483_p01,hc1483_p01_1,Mio,44.6609,-84.1317,Consumers Energy Co - (MI),HY,1714,1,1,01 - Mio,2.5,1916,Unknown,Francis,Allis-Chalmers,NA,27,2679.7,0,10M,040700070502,26135
hc1483_p01,hc1483_p01_2,Mio,44.6609,-84.1317,Consumers Energy Co - (MI),HY,1714,2,2,01 - Mio,2.5,1916,Unknown,Francis,Allis-Chalmers,NA,27,2501.3000000000002,0,10M,040700070502,26135
hc1484_p01,hc1484_p01_1,Loud,44.4639,-83.7217,Consumers Energy Co - (MI),HY,1712,1,1,01 - Loud,2,1913,Unknown,Francis,Allis-Chalmers,NA,40,3400,0,10M,040700070706,26069
hc1484_p01,hc1484_p01_2,Loud,44.4639,-83.7217,Consumers Energy Co - (MI),HY,1712,2,2,01 - Loud,2,1913,Unknown,Francis,Allis-Chalmers,NA,40,3400,0,10M,040700070706,26069
hc1485_p01,hc1485_p01_1,Cooke,44.4725,-83.5717,Consumers Energy Co - (MI),HY,1700,1,1,01 - Cooke,3,1911,Unknown,Francis,Allis-Chalmers,NA,50,1861.3,0,10M,040700070708,26069
hc1485_p01,hc1485_p01_2,Cooke,44.4725,-83.5717,Consumers Energy Co - (MI),HY,1700,2,2,01 - Cooke,3,1911,Unknown,Francis,Allis-Chalmers,NA,50,3629.3,0,10M,040700070708,26069
hc1485_p01,hc1485_p01_3,Cooke,44.4725,-83.5717,Consumers Energy Co - (MI),HY,1700,3,3,01 - Cooke,3,1911,Unknown,Francis,Allis-Chalmers,NA,50,3321.3,0,10M,040700070708,26069
hc1486_p01,hc1486_p01_1,Rogers,43.6133,-85.4783,Consumers Energy Co - (MI),HY,1716,1,1,01 - Rogers,1.7,1922,Unknown,Francis,Allis-Chalmers,NA,40,1819,0,10M,040601020704,26107
hc1486_p01,hc1486_p01_2,Rogers,43.6133,-85.4783,Consumers Energy Co - (MI),HY,1716,2,2,01 - Rogers,1.7,1922,Unknown,Francis,Allis-Chalmers,NA,40,1793.3,0,10M,040601020704,26107
hc1486_p01,hc1486_p01_3,Rogers,43.6133,-85.4783,Consumers Energy Co - (MI),HY,1716,3,3,01 - Rogers,1.7,1922,Unknown,Francis,Allis-Chalmers,NA,40,1793.3,0,10M,040601020704,26107
hc1486_p01,hc1486_p01_4,Rogers,43.6133,-85.4783,Consumers Energy Co - (MI),HY,1716,4,4,01 - Rogers,1.7,1922,Unknown,Francis,Allis-Chalmers,NA,40,1818.7,0,10M,040601020704,26107
hc1487_p01,hc1487_p01_1,Hardy,43.487,-85.6291,Consumers Energy Co - (MI),HY,1707,1,1,01 - Hardy,10,1931,Unknown,Francis,I.P. Morris,NA,100,12243,0,10M,040601020706,26123
hc1487_p01,hc1487_p01_2,Hardy,43.487,-85.6291,Consumers Energy Co - (MI),HY,1707,2,2,01 - Hardy,10,1931,Unknown,Francis,I.P. Morris,NA,99,13244,0,10M,040601020706,26123
hc1487_p01,hc1487_p01_3,Hardy,43.487,-85.6291,Consumers Energy Co - (MI),HY,1707,3,3,01 - Hardy,11.5,1931,Unknown,Francis,I.P. Morris,NA,99,13485,0,10M,040601020706,26123
hc1488_p01,hc1488_p01_1,Five Channels,44.485,-83.6817,Consumers Energy Co - (MI),HY,1704,1,1,01 - Five Channels,3,1912,Unknown,Francis,Allis-Chalmers,NA,40,4500,0,10M,040700070707,26069
hc1488_p01,hc1488_p01_2,Five Channels,44.485,-83.6817,Consumers Energy Co - (MI),HY,1704,2,2,01 - Five Channels,3,1912,Unknown,Francis,Allis-Chalmers,NA,40,4500,0,10M,040700070707,26069
hc1489_p01,hc1489_p01_1,Sylvan,46.305,-94.3783,"ALLETE, Inc.",HY,1900,1,1,01 - Sylvan,0.6,1913,Unknown,Unknown,NA,NA,NA,NA,0.1,10M,070101061108,27097
hc1489_p01,hc1489_p01_2,Sylvan,46.305,-94.3783,"ALLETE, Inc.",HY,1900,2,2,01 - Sylvan,0.6,1913,Unknown,Unknown,NA,NA,NA,NA,0.1,10M,070101061108,27097
hc1489_p01,hc1489_p01_3,Sylvan,46.305,-94.3783,"ALLETE, Inc.",HY,1900,3,3,01 - Sylvan,0.6,1915,Unknown,Unknown,NA,NA,NA,NA,0.1,10M,070101061108,27097
hc1490_p01,hc1490_p01_1,Ayers Island,43.5977,-71.7181,"Central Rivers Power NH, LLC",HY,2355,1,1,01 - Ayers Island,2.8,1931,Unknown,Francis,S. Morgan Smith,NA,80,4400,0.5,10M,010700010801,33009
hc1490_p01,hc1490_p01_2,Ayers Island,43.5977,-71.7181,"Central Rivers Power NH, LLC",HY,2355,2,2,01 - Ayers Island,2.8,1931,Unknown,Francis,S. Morgan Smith,NA,80,4400,0.5,10M,010700010801,33009
hc1490_p01,hc1490_p01_3,Ayers Island,43.5977,-71.7181,"Central Rivers Power NH, LLC",HY,2355,3,3,01 - Ayers Island,2.8,1931,Unknown,Francis,S. Morgan Smith,NA,80,4400,0.5,10M,010700010801,33009
hc1491_p01,hc1491_p01_1,Eastman Falls,43.4471,-71.6584,"Central Rivers Power NH, LLC",HY,2356,1,1,01 - Eastman Falls,1.8,1937,Unknown,Kaplan,S. Morgan Smith,NA,33,2650,0.5,10M,010700010804,33013
hc1491_p01,hc1491_p01_2,Eastman Falls,43.4471,-71.6584,"Central Rivers Power NH, LLC",HY,2356,2,2,01 - Eastman Falls,4.6,1983,Unknown,Kaplan,Dominion,NA,33,6164,0.9,10M,010700010804,33013
hc1492_p01,hc1492_p01_1,East Millinocket,45.6209,-68.5764,Great Lakes Hydro America LLC,HY,54134,EMH1,1,01 - East Millinocket,1.6,1948,Unknown,Francis,S. Morgan Smith,NA,24,1550,0.2,10M,010200011007,23019
hc1492_p01,hc1492_p01_2,East Millinocket,45.6209,-68.5764,Great Lakes Hydro America LLC,HY,54134,EMH2,2,01 - East Millinocket,1.6,1948,Unknown,Francis,S. Morgan Smith,NA,24,1550,0.2,10M,010200011007,23019
hc1492_p01,hc1492_p01_3,East Millinocket,45.6209,-68.5764,Great Lakes Hydro America LLC,HY,54134,EMH3,3,01 - East Millinocket,1.6,1948,Unknown,Francis,S. Morgan Smith,NA,24,1550,0.2,10M,010200011007,23019
hc1492_p01,hc1492_p01_4,East Millinocket,45.6209,-68.5764,Great Lakes Hydro America LLC,HY,54134,EMH4,4,01 - East Millinocket,1.6,1948,Unknown,Francis,S. Morgan Smith,NA,24,1550,0.2,10M,010200011007,23019
hc1492_p01,hc1492_p01_5,East Millinocket,45.6209,-68.5764,Great Lakes Hydro America LLC,HY,54134,EMH5,5,01 - East Millinocket,1.6,1948,Unknown,Francis,S. Morgan Smith,NA,24,1550,0.2,10M,010200011007,23019
hc1492_p01,hc1492_p01_6,East Millinocket,45.6209,-68.5764,Great Lakes Hydro America LLC,HY,54134,EMH6,6,01 - East Millinocket,1.6,1948,Unknown,Francis,S. Morgan Smith,NA,24,1550,0.2,10M,010200011007,23019
hc1493_p01,hc1493_p01_1,Dolby,45.6325,-68.6075,Great Lakes Hydro America LLC,HY,54134,DOH2,1,01 - Dolby,1.3,1925,Unknown,Francis,I.P. Morris,NA,49,1800,0.2,10M,010200011007,23019
hc1493_p01,hc1493_p01_2,Dolby,45.6325,-68.6075,Great Lakes Hydro America LLC,HY,54134,DOH3,2,01 - Dolby,1.3,1925,Unknown,Francis,I.P. Morris,NA,49,1800,0.2,10M,010200011007,23019
hc1493_p01,hc1493_p01_3,Dolby,45.6325,-68.6075,Great Lakes Hydro America LLC,HY,54134,DOH4,3,01 - Dolby,1.8,1925,Unknown,Francis,I.P. Morris,NA,49,2400,0.2,10M,010200011007,23019
hc1493_p01,hc1493_p01_4,Dolby,45.6325,-68.6075,Great Lakes Hydro America LLC,HY,54134,DOH8,4,01 - Dolby,3,1930,Unknown,Kaplan,I.P. Morris,NA,48,3900,0.2,10M,010200011007,23019
hc1493_p01,hc1493_p01_5,Dolby,45.6325,-68.6075,Great Lakes Hydro America LLC,HY,54134,DOH6,5,01 - Dolby,4.1,1975,Unknown,Kaplan,Allis-Chalmers,NA,48,5680,0.5,10M,010200011007,23019
hc1493_p01,hc1493_p01_6,Dolby,45.6325,-68.6075,Great Lakes Hydro America LLC,HY,54134,DOH7,6,01 - Dolby,4.1,1975,Unknown,Kaplan,Allis-Chalmers,NA,48,5680,0.5,10M,010200011007,23019
hc1493_p01,hc1493_p01_7,Dolby,45.6325,-68.6075,Great Lakes Hydro America LLC,HY,54134,DOH5,7,01 - Dolby,5.3,1987,Unknown,Kaplan,Voith,NA,48.5,7472,0.5,10M,010200011007,23019
hc1494_p01,hc1494_p01_2,Millinocket,45.6374,-68.73,Great Lakes Hydro America LLC,HY,54134,MIHI,2,01 - Millinocket,5.4,1987,Unknown,Francis,I.P. Morris,NA,108,6980,0.5,10M,010200010907,23019
hc1494_p01,hc1494_p01_8,Millinocket,45.6374,-68.73,Great Lakes Hydro America LLC,HY,54134,MIH8,8,01 - Millinocket,5.4,1987,Unknown,Francis,I.P. Morris,NA,108,6885,0.5,10M,010200010907,23019
hc1494_p01,hc1494_p01_1,Millinocket,45.6374,-68.73,Great Lakes Hydro America LLC,HY,54134,MIH4,1,01 - Millinocket,5.1,1916,Unknown,Francis,I.P. Morris,NA,108,5250,0.5,10M,010200010907,23019
hc1494_p01,hc1494_p01_3,Millinocket,45.6374,-68.73,Great Lakes Hydro America LLC,HY,54134,MIH2,3,01 - Millinocket,5.5,1916,Unknown,Francis,I.P. Morris,NA,108,7000,0.5,10M,010200010907,23019
hc1494_p01,hc1494_p01_4,Millinocket,45.6374,-68.73,Great Lakes Hydro America LLC,HY,54134,MIH3,4,01 - Millinocket,5.5,1916,Unknown,Francis,I.P. Morris,NA,108,7000,0.5,10M,010200010907,23019
hc1494_p01,hc1494_p01_5,Millinocket,45.6374,-68.73,Great Lakes Hydro America LLC,HY,54134,MIH7,5,01 - Millinocket,4,1921,Unknown,Francis,I.P. Morris,NA,108,5500,0.5,10M,010200010907,23019
hc1494_p01,hc1494_p01_6,Millinocket,45.6374,-68.73,Great Lakes Hydro America LLC,HY,54134,MIH5,6,01 - Millinocket,5.1,1921,Unknown,Francis,I.P. Morris,NA,108,5250,0.5,10M,010200010907,23019
hc1494_p01,hc1494_p01_7,Millinocket,45.6374,-68.73,Great Lakes Hydro America LLC,HY,54134,MIH6,7,01 - Millinocket,5.1,1921,Unknown,Francis,I.P. Morris,NA,108,5250,0.5,10M,010200010907,23019
hc1495_p01,hc1495_p01_1,North Twin,45.6346,-68.7813,Great Lakes Hydro America LLC,HY,54134,NOH1,1,01 - North Twin,3.2,1986,Unknown,Francis,I.P. Morris,NA,28,3050,0.5,10M,010200010907,23019
hc1495_p01,hc1495_p01_2,North Twin,45.6346,-68.7813,Great Lakes Hydro America LLC,HY,54134,NOH2,2,01 - North Twin,3.2,1986,Unknown,Francis,I.P. Morris,NA,28,3050,0.5,10M,010200010907,23019
hc1495_p01,hc1495_p01_3,North Twin,45.6346,-68.7813,Great Lakes Hydro America LLC,HY,54134,NOH3,3,01 - North Twin,3.2,1986,Unknown,Kaplan,I.P. Morris,NA,28,3250,0.5,10M,010200010907,23019
hc1496_p01,hc1496_p01_1,Mattaceunk (Weldon),45.5703,-68.4095,Great Lakes Hydro America LLC,HY,54134,WEH3,1,01 - Mattaceunk (Weldon),4.8,1940,Unknown,Kaplan,I.P. Morris,NA,39,6250,0.5,10M,010200050104,23019
hc1496_p01,hc1496_p01_2,Mattaceunk (Weldon),45.5703,-68.4095,Great Lakes Hydro America LLC,HY,54134,WEH1,2,01 - Mattaceunk (Weldon),4.8,1940,Unknown,Kaplan,I.P. Morris,NA,39,5900,0.5,10M,010200050104,23019
hc1496_p01,hc1496_p01_3,Mattaceunk (Weldon),45.5703,-68.4095,Great Lakes Hydro America LLC,HY,54134,WEH2,3,01 - Mattaceunk (Weldon),4.8,1940,Unknown,Kaplan,I.P. Morris,NA,39,5900,0.5,10M,010200050104,23019
hc1496_p01,hc1496_p01_4,Mattaceunk (Weldon),45.5703,-68.4095,Great Lakes Hydro America LLC,HY,54134,WEH4,4,01 - Mattaceunk (Weldon),4.8,1942,Unknown,Kaplan,I.P. Morris,NA,39,6250,0.5,10M,010200050104,23019
hc1497_p01,hc1497_p01_1,McKay,45.8815,-69.1767,Great Lakes Hydro America LLC,HY,54134,MCH1,1,01 - McKay,12.2,1953,Unknown,Francis,S. Morgan Smith,NA,175,16590,8,10M,010200010509,23021
hc1497_p01,hc1497_p01_2,McKay,45.8815,-69.1767,Great Lakes Hydro America LLC,HY,54134,MCH2,2,01 - McKay,12.2,1953,Unknown,Francis,S. Morgan Smith,NA,175,16590,8,10M,010200010509,23021
hc1497_p01,hc1497_p01_3,McKay,45.8815,-69.1767,Great Lakes Hydro America LLC,HY,54134,MCH3,3,01 - McKay,13.2,1967,Unknown,Francis,Allis-Chalmers,NA,165,18330,9,10M,010200010509,23021
hc1498_p01,hc1498_p01_2,Lake Lynn Power Station,39.7195,-79.8572,"Eagle Creek Renewable Energy, LLC",HY,6636,2,2,01 - Lake Lynn,12.8,1929,Unknown,Francis,I.P. Morris,NA,81.5,18000,3,10M,050200040707,54061
hc1498_p01,hc1498_p01_1,Lake Lynn Power Station,39.7195,-79.8572,"Eagle Creek Renewable Energy, LLC",HY,6636,1,1,01 - Lake Lynn,12.8,1926,Unknown,Francis,I.P. Morris,NA,81.5,18000,3,10M,050200040707,54061
hc1498_p01,hc1498_p01_3,Lake Lynn Power Station,39.7195,-79.8572,"Eagle Creek Renewable Energy, LLC",HY,6636,3,3,01 - Lake Lynn,12.8,1926,Unknown,Francis,I.P. Morris,NA,81.5,18000,3,10M,050200040707,54061
hc1498_p01,hc1498_p01_4,Lake Lynn Power Station,39.7195,-79.8572,"Eagle Creek Renewable Energy, LLC",HY,6636,4,4,01 - Lake Lynn,12.8,1926,Unknown,Francis,I.P. Morris,NA,81.5,18000,3,10M,050200040707,54061
hc1499_p01,hc1499_p01_1,Weed,44.8417,-88.7617,Gresham Village of,HY,7812,2,1,01 - Weed,0.12,1967,Unknown,Unknown,NA,NA,NA,NA,NA,NA,040302020505,55115
hc1499_p01,hc1499_p01_2,Weed,44.8417,-88.7617,Gresham Village of,HY,7812,1,2,01 - Weed,0.5,1967,Unknown,Unknown,NA,NA,NA,NA,NA,NA,040302020505,55115
hc1500_p01,hc1500_p01_1,Niagara,37.2549,-79.875,Appalachian Power Co,HY,3778,2,1,01 - Niagara,1.2,1954,Unknown,Francis,James Leffel & Co.,NA,60,2200,0.3,12H,030101010404,51161
hc1500_p01,hc1500_p01_2,Niagara,37.2549,-79.875,Appalachian Power Co,HY,3778,1,2,01 - Niagara,2.4,1954,Unknown,Francis,James Leffel & Co.,NA,60,2200,0.3,12H,030101010404,51161
hc1501_p01,hc1501_p01_1,Merced Falls,37.5222,-120.3295,Merced Irrigation District,HY,258,1,1,01 - Merced Falls,3.4,1930,Unknown,Kaplan,NA,NA,26,4200,0,10M,1.804E+11,06047
hc1502_p01,hc1502_p01_1,Croton,43.4217,-85.8017,Consumers Energy Co - (MI),HY,1701,3,1,01 - Croton,1.4,1915,Unknown,Francis,Allis-Chalmers,NA,39,1309,0,10M,040601020901,26123
hc1502_p01,hc1502_p01_2,Croton,43.4217,-85.8017,Consumers Energy Co - (MI),HY,1701,4,2,01 - Croton,1.5,1915,Unknown,Francis,Allis-Chalmers,NA,39,1309,0,10M,040601020901,26123
hc1502_p01,hc1502_p01_3,Croton,43.4217,-85.8017,Consumers Energy Co - (MI),HY,1701,1,3,01 - Croton,3,1922,Unknown,Francis,Allis-Chalmers,NA,39.5,3648,0,10M,040601020901,26123
hc1502_p01,hc1502_p01_4,Croton,43.4217,-85.8017,Consumers Energy Co - (MI),HY,1701,2,4,01 - Croton,3,1922,Unknown,Francis,Allis-Chalmers,NA,39.5,3697,0,10M,040601020901,26123
hc1503_p01,hc1503_p01_1,Flambeau Crowley Rapids Project,45.8685,-90.5849,Renewable World Energies LLC,HY,55684,GEN2,1,01 - Crowley,0.5,1930,Unknown,Unknown,NA,NA,NA,NA,0,10M,070500020505,55099
hc1503_p01,hc1503_p01_2,Flambeau Crowley Rapids Project,45.8685,-90.5849,Renewable World Energies LLC,HY,55684,GEN1,2,01 - Crowley,1,1930,Unknown,Unknown,NA,NA,NA,NA,0,10M,070500020505,55099
hc1504_p01,hc1504_p01_1,Fulton,43.3234,-76.4202,Erie Boulevard Hydropower LP,HY,2566,1,1,01 - Fulton,0.8,1924,Unknown,Kaplan,Newport News,NA,17,1100,0.1,10M,041402030103,36075
hc1504_p01,hc1504_p01_2,Fulton,43.3234,-76.4202,Erie Boulevard Hydropower LP,HY,2566,2,2,01 - Fulton,0.5,1928,Unknown,Kaplan,Newport News,NA,17,600,0.1,10M,041402030103,36075
hc1504_p02,hc1504_p02_1,Granby,43.3234,-76.4202,Erie Boulevard Hydropower LP,HY,2569,1,1,01 - Granby,5,1983,Unknown,Kaplan,Dominion,NA,23.5,7000,2.8,10M,041402030103,36075
hc1504_p02,hc1504_p02_2,Granby,43.3234,-76.4202,Erie Boulevard Hydropower LP,HY,2569,2,2,01 - Granby,5,1983,Unknown,Kaplan,Dominion,NA,23.5,7000,2.8,10M,041402030103,36075
hc1505_p01,hc1505_p01_1,Minetto,43.3998,-76.4724,Erie Boulevard Hydropower LP,HY,2586,1,1,01 - Minetto,2,1915,Unknown,Francis,I.P. Morris,NA,17.5,2200,1.2,10M,041402030204,36075
hc1505_p01,hc1505_p01_2,Minetto,43.3998,-76.4724,Erie Boulevard Hydropower LP,HY,2586,2,2,01 - Minetto,2,1915,Unknown,Francis,I.P. Morris,NA,17.5,2200,1.2,10M,041402030204,36075
hc1505_p01,hc1505_p01_3,Minetto,43.3998,-76.4724,Erie Boulevard Hydropower LP,HY,2586,3,3,01 - Minetto,2,1915,Unknown,Francis,I.P. Morris,NA,17.5,2200,1.2,10M,041402030204,36075
hc1505_p01,hc1505_p01_4,Minetto,43.3998,-76.4724,Erie Boulevard Hydropower LP,HY,2586,4,4,01 - Minetto,2,1915,Unknown,Francis,I.P. Morris,NA,17.5,2200,1.2,10M,041402030204,36075
hc1505_p01,hc1505_p01_5,Minetto,43.3998,-76.4724,Erie Boulevard Hydropower LP,HY,2586,5,5,01 - Minetto,2,1915,Unknown,Francis,I.P. Morris,NA,17.5,2200,1.2,10M,041402030204,36075
hc1506_p01,hc1506_p01_1,Varick,43.4468,-76.5015,Erie Boulevard Hydropower LP,HY,2621,2,1,01 - Varick,2,1926,Unknown,Kaplan,Allis-Chalmers,NA,19.600000000000001,2600,0.9,10M,041402030204,36075
hc1506_p01,hc1506_p01_2,Varick,43.4468,-76.5015,Erie Boulevard Hydropower LP,HY,2621,3,2,01 - Varick,2,1926,Unknown,Kaplan,Allis-Chalmers,NA,19.600000000000001,2600,0.9,10M,041402030204,36075
hc1506_p01,hc1506_p01_3,Varick,43.4468,-76.5015,Erie Boulevard Hydropower LP,HY,2621,4,3,01 - Varick,2,1926,Unknown,Kaplan,Allis-Chalmers,NA,19.600000000000001,2900,0.9,10M,041402030204,36075
hc1506_p01,hc1506_p01_4,Varick,43.4468,-76.5015,Erie Boulevard Hydropower LP,HY,2621,5,4,01 - Varick,2,1926,Unknown,Kaplan,Allis-Chalmers,NA,19.600000000000001,2600,0.9,10M,041402030204,36075
hc1507_p01,hc1507_p01_1,Thornapple,45.4107,-91.2167,Northern States Power Co - Minnesota,HY,3988,1,1,01 - Thornapple,0.7,1927,Unknown,Unknown,NA,NA,NA,NA,0.2,10M,070500020703,55107
hc1507_p01,hc1507_p01_2,Thornapple,45.4107,-91.2167,Northern States Power Co - Minnesota,HY,3988,2,2,01 - Thornapple,0.7,1929,Unknown,Unknown,NA,NA,NA,NA,0.2,10M,070500020703,55107
hc1508_p01,hc1508_p01_1,Jersey,45.4917,-89.75,Wisconsin Public Service Corp,HY,4066,2,1,01 - Jersey,0.192,1920,Unknown,Francis,S. Morgan Smith,NA,14.5,250,NA,NA,070700011306,55069
hc1508_p01,hc1508_p01_2,Jersey,45.4917,-89.75,Wisconsin Public Service Corp,HY,4066,1,2,01 - Jersey,0.2,1922,Unknown,Francis,S. Morgan Smith,NA,14.5,180,NA,NA,070700011306,55069
hc1508_p01,hc1508_p01_3,Jersey,45.4917,-89.75,Wisconsin Public Service Corp,HY,4066,3,3,01 - Jersey,0.12,1923,Unknown,Francis,S. Morgan Smith,NA,14.5,262,NA,NA,070700011306,55069
hc1509_p01,hc1509_p01_1,Sherman Island,43.273,-73.7203,Erie Boulevard Hydropower LP,HY,2609,1,1,01 - Sherman Island,7,2009,Unknown,Francis,I.P. Morris,NA,66,10400,1,10M,020200030502,36091
hc1509_p01,hc1509_p01_6,Sherman Island,43.273,-73.7203,Erie Boulevard Hydropower LP,HY,2609,6,6,02 - Sherman Island Min. Flow,1.3,2008,Unknown,Kaplan,Canadian Hydro Components,NA,50.5,1773,0.2,10M,020200030502,36091
hc1509_p01,hc1509_p01_2,Sherman Island,43.273,-73.7203,Erie Boulevard Hydropower LP,HY,2609,2,2,01 - Sherman Island,7,1923,Unknown,Francis,I.P. Morris,NA,66,10400,1,10M,020200030502,36091
hc1509_p01,hc1509_p01_3,Sherman Island,43.273,-73.7203,Erie Boulevard Hydropower LP,HY,2609,3,3,01 - Sherman Island,7,1923,Unknown,Francis,I.P. Morris,NA,66,10400,1,10M,020200030502,36091
hc1509_p01,hc1509_p01_4,Sherman Island,43.273,-73.7203,Erie Boulevard Hydropower LP,HY,2609,4,4,01 - Sherman Island,7,1923,Unknown,Francis,I.P. Morris,NA,66,10400,1,10M,020200030502,36091
hc1509_p01,hc1509_p01_5,Sherman Island,43.273,-73.7203,Erie Boulevard Hydropower LP,HY,2609,5,5,01 - Sherman Island,7,1923,Unknown,Francis,I.P. Morris,NA,66,10400,1,10M,020200030502,36091
hc1510_p01,hc1510_p01_1,Spier Falls,43.2346,-73.7574,Erie Boulevard Hydropower LP,HY,2612,8,1,01 - Spier Falls,9,1924,Unknown,Francis,I.P. Morris,NA,80,9000,4,10M,020200030502,36091
hc1510_p01,hc1510_p01_2,Spier Falls,43.2346,-73.7574,Erie Boulevard Hydropower LP,HY,2612,9,2,01 - Spier Falls,47,1999,Unknown,Francis,Newport News,NA,81,69063,8,10M,020200030502,36091
hc1511_p01,hc1511_p01_1,Upper Weed,44.855,-88.7883,Gresham Village of,HY,6454,2,1,01 - Gresham,0.175,1944,Unknown,Unknown,NA,NA,NA,NA,NA,NA,040302020505,55115
hc1511_p01,hc1511_p01_2,Upper Weed,44.855,-88.7883,Gresham Village of,HY,6454,1,2,01 - Gresham,0.1,1946,Unknown,Unknown,NA,NA,NA,NA,NA,NA,040302020505,55115
hc1512_p01,hc1512_p01_1,Northfield Mountain,42.6102,-72.4388,"FirstLight Power Resources, Inc. - MA",PS,547,4,1,01 - Northfield Mountain,292,1972,Unknown,Francis,Baldwin,NA,745,348000,125,10M,010802010503,25011
hc1512_p01,hc1512_p01_2,Northfield Mountain,42.6102,-72.4388,"FirstLight Power Resources, Inc. - MA",PS,547,1,2,01 - Northfield Mountain,292,1973,Unknown,Francis,Baldwin,NA,745,348000,125,10M,010802010503,25011
hc1512_p01,hc1512_p01_3,Northfield Mountain,42.6102,-72.4388,"FirstLight Power Resources, Inc. - MA",PS,547,2,3,01 - Northfield Mountain,292,1973,Unknown,Francis,Baldwin,NA,745,348000,125,10M,010802010503,25011
hc1512_p01,hc1512_p01_4,Northfield Mountain,42.6102,-72.4388,"FirstLight Power Resources, Inc. - MA",PS,547,3,4,01 - Northfield Mountain,292,1973,Unknown,Francis,Baldwin,NA,745,348000,125,10M,010802010503,25011
hc1513_p01,hc1513_p01_1,Pine,45.8283,-88.2533,Wisconsin Electric Power Co,HY,4045,1,1,01 - Pine,1.8,1922,Unknown,Francis,S. Morgan Smith,NA,90,3000,0.2,10M,040301080209,55037
hc1513_p01,hc1513_p01_2,Pine,45.8283,-88.2533,Wisconsin Electric Power Co,HY,4045,2,2,01 - Pine,1.8,1922,Unknown,Francis,S. Morgan Smith,NA,90,3000,0.2,10M,040301080209,55037
hc1514_p01,hc1514_p01_1,Hoosick Falls,42.9116,-73.3607,Central Vermont Pub Serv Corp,HY,2489,1,1,01 - Hoosick Falls,1,1988,Unknown,Kaplan,Flygt,NA,22,400,NA,NA,020200030804,36083
hc1514_p01,hc1514_p01_2,Hoosick Falls,42.9116,-73.3607,Central Vermont Pub Serv Corp,HY,2489,3,2,01 - Hoosick Falls,1,1988,Unknown,Kaplan,Flygt,NA,22,710,NA,NA,020200030804,36083
hc1515_p01,hc1515_p01_1,Bradford,43.9913,-72.1296,Green Mountain Power Corp,HY,3709,HC2,1,01 - Bradford,0.5,1982,Unknown,Kaplan,Ossberger,NA,71,670,0.2,10M,010801040104,50017
hc1515_p01,hc1515_p01_2,Bradford,43.9913,-72.1296,Green Mountain Power Corp,HY,3709,1,2,01 - Bradford,1,1982,Unknown,Kaplan,Ossberger,NA,71,1330,0.2,10M,010801040104,50017
hc1516_p01,hc1516_p01_1,Cavendish,43.381,-72.5988,Green Mountain Power Corp,HY,3710,3,1,01 - Cavendish,0.5,1907,Unknown,Francis,Pelton Water Wheel Company,NA,119.5,800,0.2,10M,010801060502,50027
hc1516_p01,hc1516_p01_2,Cavendish,43.381,-72.5988,Green Mountain Power Corp,HY,3710,2,2,01 - Cavendish,0.6,1907,Unknown,Francis,Pelton Water Wheel Company,NA,119.5,800,0.2,10M,010801060502,50027
hc1516_p01,hc1516_p01_3,Cavendish,43.381,-72.5988,Green Mountain Power Corp,HY,3710,1,3,01 - Cavendish,0.6,1916,Unknown,Francis,Pelton Water Wheel Company,NA,119.5,850,0.2,10M,010801060502,50027
hc1517_p01,hc1517_p01_1,Taftsville,43.6312,-72.4686,Central Vermont Pub Serv Corp,HY,3727,1,1,01 - Taftsville,0.5,1943,Unknown,Kaplan,S. Morgan Smith,NA,20,675,NA,NA,010801060207,50027
hc1518_p01,hc1518_p01_1,Jim Falls,45.0605,-91.266,Northern States Power Co - Minnesota,HY,4008,4,1,02 - Minimum Flow Unit,0.6,1987,Unknown,Francis,NA,NA,30.4,750,0.2,1H,070500050108,55017
hc1518_p01,hc1518_p01_2,Jim Falls,45.0605,-91.266,Northern States Power Co - Minnesota,HY,4008,1,2,01 - Jim Falls,29.6,1988,Unknown,Kaplan,NA,NA,53,38750,7.4,1H,070500050108,55017
hc1518_p01,hc1518_p01_3,Jim Falls,45.0605,-91.266,Northern States Power Co - Minnesota,HY,4008,2,3,01 - Jim Falls,29.6,1988,Unknown,Kaplan,NA,NA,53,38750,7.4,1H,070500050108,55017
hc1519_p01,hc1519_p01_5,Snoqualmie,47.5417,-121.8367,Puget Sound Energy Inc,HY,3860,5A,5,01 - Plant No. 1,6.8,2013,Unknown,Francis,IP MORRIS,NA,260,10000,3.7,10M,1.711E+11,53033
hc1519_p01,hc1519_p01_1,Snoqualmie,47.5417,-121.8367,Puget Sound Energy Inc,HY,3860,1,1,01 - Plant No. 1,1.5,1898,Unknown,Pelton,ABNER DOBLE COMPANY ENGINEERS,NA,252,2500,0.5,10M,1.711E+11,53033
hc1519_p01,hc1519_p01_2,Snoqualmie,47.5417,-121.8367,Puget Sound Energy Inc,HY,3860,2,2,01 - Plant No. 1,1.5,1898,Unknown,Pelton,ABNER DOBLE COMPANY ENGINEERS,NA,252,2500,0.5,10M,1.711E+11,53033
hc1519_p01,hc1519_p01_3,Snoqualmie,47.5417,-121.8367,Puget Sound Energy Inc,HY,3860,3,3,01 - Plant No. 1,1.5,1898,Unknown,Pelton,ABNER DOBLE COMPANY ENGINEERS,NA,252,2500,0.5,10M,1.711E+11,53033
hc1519_p01,hc1519_p01_4,Snoqualmie,47.5417,-121.8367,Puget Sound Energy Inc,HY,3860,4,4,01 - Plant No. 1,1.5,1898,Unknown,Pelton,ABNER DOBLE COMPANY ENGINEERS,NA,252,2500,0.5,10M,1.711E+11,53033
hc1519_p02,hc1519_p02_1,Snoqualmie 2,47.5417,-121.8367,Puget Sound Energy Inc,HY,7867,6A,1,02 - Plant No. 2,14.4,2013,Unknown,Francis,IP MORRIS,NA,270,10000,5.2,10M,1.711E+11,53033
hc1519_p02,hc1519_p02_2,Snoqualmie 2,47.5417,-121.8367,Puget Sound Energy Inc,HY,7867,7,2,02 - Plant No. 2,24.3,1957,Unknown,Francis,S. Morgan Smith,NA,272,28000,5,10M,1.711E+11,53033
hc1521_p01,hc1521_p01_1,Walterville,44.07,-122.835,Eugene Water & Electric Board,HY,3071,1,1,01 - Walterville Canal,8,1951,Unknown,Kaplan,NA,NA,55,11000,2,1H,1.709E+11,41039
hc1522_p01,hc1522_p01_1,Hewittville Hydroelectric,44.704,-75.0078,Erie Boulevard Hydropower LP,HY,50268,HY1,1,01 - Hewittville,3,1984,Unknown,Kaplan,Axel Johnson,NA,17.7,4020,0.2,10M,041503050703,36089
hc1523_p01,hc1523_p01_1,Unionville Hydro Project 2499 NY,44.7148,-74.9975,Erie Boulevard Hydropower LP,HY,50269,HY1,1,01 - Unionville,3,1984,Unknown,Kaplan,Axel Johnson,NA,17.7,4020,0.3,10M,041503050703,36089
hc1524_p01,hc1524_p01_1,Keowee,34.7981,-82.8872,"Duke Energy Carolinas, LLC",HY,6517,1,1,01 - Keowee,78.8,1971,Unknown,Kaplan,Allis-Chalmers,NA,99,96000,76,10M,030601010802,45073
hc1524_p01,hc1524_p01_2,Keowee,34.7981,-82.8872,"Duke Energy Carolinas, LLC",HY,6517,2,2,01 - Keowee,78.8,1971,Unknown,Kaplan,Allis-Chalmers,NA,99,96000,76,10M,030601010802,45073
hc1525_p01,hc1525_p01_1,Jocassee,34.9606,-82.9183,"Duke Energy Carolinas, LLC",PS,3262,1,1,01 - Jocassee,193.5,1973,Unknown,Pump,Allis-Chalmers,NA,294,228000,155,10M,030601010105,45077
hc1525_p01,hc1525_p01_2,Jocassee,34.9606,-82.9183,"Duke Energy Carolinas, LLC",PS,3262,2,2,01 - Jocassee,193.5,1973,Unknown,Pump,Allis-Chalmers,NA,294,228000,155,10M,030601010105,45077
hc1525_p01,hc1525_p01_3,Jocassee,34.9606,-82.9183,"Duke Energy Carolinas, LLC",PS,3262,3,3,01 - Jocassee,193.5,1975,Unknown,Pump,Allis-Chalmers,NA,294,228000,155,10M,030601010105,45077
hc1525_p01,hc1525_p01_4,Jocassee,34.9606,-82.9183,"Duke Energy Carolinas, LLC",PS,3262,4,4,01 - Jocassee,193.5,1975,Unknown,Pump,Allis-Chalmers,NA,294,228000,155,10M,030601010105,45077
hc1526_p01,hc1526_p01_1,Escanaba No 1,45.795,-87.0783,Escanaba Operating Services LLC,HY,1771,4,1,01 - Escanaba No 1,9.9,1926,Unknown,Francis,James Leffel & Co.,NA,25,900,NA,NA,040301100308,26041
hc1526_p02,hc1526_p02_1,Escanaba No 3,45.8333,-87.11,Upper Peninsula Power Co,HY,NA,NA,1,01 - Escanaba No 3,1.25,1915,Unknown,Francis,Allis-Chalmers,NA,31,1550,NA,NA,040301100308,26041
hc1526_p03,hc1526_p03_1,Boney Falls,45.9801,-87.2689,Upper Peninsula Power Co,HY,NA,NA,1,Upper Peninsula Power Co,4.74,1920,Unknown,Unknown,NA,NA,NA,NA,NA,NA,040301100307,26041
hc1527_p01,hc1527_p01_1,Shenandoah,38.481641,-78.627317,Potomac Edison Co,HY,3792,1,1,01 - Shenandoah,0.25,1925,Unknown,Kaplan,S. Morgan Smith,NA,12,434,NA,NA,020700050901,51139
hc1527_p01,hc1527_p01_2,Shenandoah,38.481641,-78.627317,Potomac Edison Co,HY,3792,2,2,01 - Shenandoah,0.25,1925,Unknown,Kaplan,S. Morgan Smith,NA,12,434,NA,NA,020700050901,51139
hc1527_p01,hc1527_p01_3,Shenandoah,38.481641,-78.627317,Potomac Edison Co,HY,3792,4,3,01 - Shenandoah,0.112,1929,Unknown,Francis,James Leffel & Co.,NA,12,193,NA,NA,020700050901,51139
hc1527_p01,hc1527_p01_4,Shenandoah,38.481641,-78.627317,Potomac Edison Co,HY,3792,3,4,01 - Shenandoah,0.25,1929,Unknown,Francis,James Leffel & Co.,NA,12,434,NA,NA,020700050901,51139
hc1528_p01,hc1528_p01_1,Glen Ferris Hydro,38.1508,-81.2131,Hawks Nest Hydro LLC,HY,50010,GEN1,1,"01 - Glen Ferris - ""Old""",0.4,1913,Unknown,Francis,McCormick,NA,28,442,0.2,10M,050500060304,54019
hc1528_p01,hc1528_p01_2,Glen Ferris Hydro,38.1508,-81.2131,Hawks Nest Hydro LLC,HY,50010,GEN2,2,"01 - Glen Ferris - ""Old""",0.4,1913,Unknown,Francis,McCormick,NA,28,442,0.2,10M,050500060304,54019
hc1528_p01,hc1528_p01_3,Glen Ferris Hydro,38.1508,-81.2131,Hawks Nest Hydro LLC,HY,50010,GEN3,3,"01 - Glen Ferris - ""Old""",0.4,1913,Unknown,Francis,McCormick,NA,28,442,0.2,10M,050500060304,54019
hc1528_p01,hc1528_p01_4,Glen Ferris Hydro,38.1508,-81.2131,Hawks Nest Hydro LLC,HY,50010,GEN4,4,"01 - Glen Ferris - ""Old""",0.4,1913,Unknown,Francis,McCormick,NA,28,442,0.2,10M,050500060304,54019
hc1528_p01,hc1528_p01_5,Glen Ferris Hydro,38.1508,-81.2131,Hawks Nest Hydro LLC,HY,50010,GEN5,5,"01 - Glen Ferris - ""Old""",0.4,1913,Unknown,Francis,McCormick,NA,28,442,0.2,10M,050500060304,54019
hc1528_p01,hc1528_p01_6,Glen Ferris Hydro,38.1508,-81.2131,Hawks Nest Hydro LLC,HY,50010,GEN6,6,"01 - Glen Ferris - ""Old""",0.4,1913,Unknown,Francis,McCormick,NA,28,442,0.2,10M,050500060304,54019
hc1528_p01,hc1528_p01_7,Glen Ferris Hydro,38.1508,-81.2131,Hawks Nest Hydro LLC,HY,50010,GEN7,7,"02 - Glen Ferris - ""New""",1.9,1917,Unknown,Francis,S. Morgan Smith,NA,28,2250,0.7,10M,050500060304,54019
hc1528_p01,hc1528_p01_8,Glen Ferris Hydro,38.1508,-81.2131,Hawks Nest Hydro LLC,HY,50010,GEN8,8,"02 - Glen Ferris - ""New""",1.9,1917,Unknown,Francis,S. Morgan Smith,NA,28,2250,0.7,10M,050500060304,54019
hc1529_p01,hc1529_p01_1,Hawks Nest Hydro,38.119,-81.131,Hawks Nest Hydro LLC,HY,50011,GEN1,1,01 - Hawks Nest,25.5,1936,Unknown,Francis,I.P. Morris,NA,157,35000,2,10M,050500040306,54019
hc1529_p01,hc1529_p01_2,Hawks Nest Hydro,38.119,-81.131,Hawks Nest Hydro LLC,HY,50011,GEN2,2,01 - Hawks Nest,25.5,1936,Unknown,Francis,I.P. Morris,NA,157,35000,2,10M,050500040306,54019
hc1529_p01,hc1529_p01_3,Hawks Nest Hydro,38.119,-81.131,Hawks Nest Hydro LLC,HY,50011,GEN3,3,01 - Hawks Nest,25.5,1936,Unknown,Francis,I.P. Morris,NA,157,35000,2,10M,050500040306,54019
hc1529_p01,hc1529_p01_4,Hawks Nest Hydro,38.119,-81.131,Hawks Nest Hydro LLC,HY,50011,GEN4,4,01 - Hawks Nest,25.5,1936,Unknown,Francis,I.P. Morris,NA,157,35000,2,10M,050500040306,54019
hc1530_p01,hc1530_p01_1,Essex Junction 19,44.4822,-73.1148,Green Mountain Power Corp,HY,3737,H1,1,01 - Essex No. 19,1.8,1917,Unknown,Francis,S. Morgan Smith,NA,66,2980,0.3,10M,041504030704,50007
hc1530_p01,hc1530_p01_2,Essex Junction 19,44.4822,-73.1148,Green Mountain Power Corp,HY,3737,H2,2,01 - Essex No. 19,1.8,1917,Unknown,Francis,S. Morgan Smith,NA,66,2980,0.3,10M,041504030704,50007
hc1530_p01,hc1530_p01_3,Essex Junction 19,44.4822,-73.1148,Green Mountain Power Corp,HY,3737,H3,3,01 - Essex No. 19,1.8,1917,Unknown,Francis,S. Morgan Smith,NA,66,2980,0.3,10M,041504030704,50007
hc1530_p01,hc1530_p01_4,Essex Junction 19,44.4822,-73.1148,Green Mountain Power Corp,HY,3737,H4,4,01 - Essex No. 19,1.8,1917,Unknown,Francis,S. Morgan Smith,NA,66,2980,0.3,10M,041504030704,50007
hc1530_p01,hc1530_p01_5,Essex Junction 19,44.4822,-73.1148,Green Mountain Power Corp,HY,3737,H9,5,01 - Essex No. 19,0.8,2008,Unknown,Francis,GE,NA,NA,1165,0.3,10M,041504030704,50007
hc1531_p01,hc1531_p01_1,Byllesby,36.7858,-80.9336,Appalachian Power Co,HY,3773,1,1,01 - Byllesby,5.4,1912,Unknown,Francis,I.P. Morris,NA,NA,6000,1,12H,050500010704,51035
hc1531_p01,hc1531_p01_2,Byllesby,36.7858,-80.9336,Appalachian Power Co,HY,3773,2,2,01 - Byllesby,5.4,1912,Unknown,Francis,I.P. Morris,NA,NA,6000,1,12H,050500010704,51035
hc1531_p01,hc1531_p01_3,Byllesby,36.7858,-80.9336,Appalachian Power Co,HY,3773,3,3,01 - Byllesby,5.4,1912,Unknown,Francis,I.P. Morris,NA,NA,6000,1,12H,050500010704,51035
hc1531_p01,hc1531_p01_4,Byllesby,36.7858,-80.9336,Appalachian Power Co,HY,3773,4,4,01 - Byllesby,5.4,1912,Unknown,Francis,I.P. Morris,NA,NA,6000,1,12H,050500010704,51035
hc1532_p01,hc1532_p01_1,Buck,36.8078,-80.9386,Appalachian Power Co,HY,3772,1,1,01 - Buck,2.8,1912,Unknown,Francis,I.P. Morris,NA,NA,3500,0.2,12H,050500010704,51035
hc1532_p01,hc1532_p01_2,Buck,36.8078,-80.9386,Appalachian Power Co,HY,3772,2,2,01 - Buck,2.8,1912,Unknown,Francis,I.P. Morris,NA,NA,3500,0.2,12H,050500010704,51035
hc1532_p01,hc1532_p01_3,Buck,36.8078,-80.9386,Appalachian Power Co,HY,3772,3,3,01 - Buck,2.8,1912,Unknown,Francis,I.P. Morris,NA,NA,3500,0.2,12H,050500010704,51035
hc1533_p01,hc1533_p01_1,Dam 4,39.4941,-77.8274,"Eagle Creek Renewable Energy, LLC",HY,6543,1,1,01 - Dam No. 4,0.5,1909,Unknown,Francis,James Leffel & Co.,NA,18.5,850,0.2,10M,020700041106,54003
hc1533_p01,hc1533_p01_2,Dam 4,39.4941,-77.8274,"Eagle Creek Renewable Energy, LLC",HY,6543,2,2,01 - Dam No. 4,0.5,1909,Unknown,Francis,James Leffel & Co.,NA,18.5,850,0.2,10M,020700041106,54003
hc1533_p01,hc1533_p01_3,Dam 4,39.4941,-77.8274,"Eagle Creek Renewable Energy, LLC",HY,6543,3,3,01 - Dam No. 4,0.9,1989,Unknown,Kaplan,Ingersol Rand,NA,18.5,1200,0.2,10M,020700041106,54003
hc1534_p01,hc1534_p01_1,Dam 5,39.606,-77.9231,"Eagle Creek Renewable Energy, LLC",HY,6544,1,1,01 - Dam No. 5,0.5,1919,Unknown,Francis,James Leffel & Co.,NA,16.5,750,0.2,10M,020700041103,54003
hc1534_p01,hc1534_p01_2,Dam 5,39.606,-77.9231,"Eagle Creek Renewable Energy, LLC",HY,6544,2,2,01 - Dam No. 5,0.5,1919,Unknown,Francis,James Leffel & Co.,NA,16.5,870,0.2,10M,020700041103,54003
hc1535_p01,hc1535_p01_1,North Gorham,43.8023,-70.4506,Brookfield White Pine Hydro LLC,HY,1501,1,1,01 - North Gorham,1.1,1925,Unknown,Francis,S. Morgan Smith,NA,34,1460,0.1,10M,010600010304,23005
hc1535_p01,hc1535_p01_2,North Gorham,43.8023,-70.4506,Brookfield White Pine Hydro LLC,HY,1501,2,2,01 - North Gorham,1.1,1925,Unknown,Francis,S. Morgan Smith,NA,34,1460,0.1,10M,010600010304,23005
hc1536_p01,hc1536_p01_1,Johnson Falls,45.2867,-88.16,Wisconsin Public Service Corp,HY,4067,1,1,01 - Johnson Falls,1.7,1923,Unknown,Francis,Allis-Chalmers,NA,42,2500,0,10M,040301050408,55075
hc1536_p01,hc1536_p01_2,Johnson Falls,45.2867,-88.16,Wisconsin Public Service Corp,HY,4067,2,2,01 - Johnson Falls,1.7,1923,Unknown,Francis,Allis-Chalmers,NA,42,2500,0,10M,040301050408,55075
hc1537_p01,hc1537_p01_2,Oconto Falls,44.8767,-88.1467,"Eagle Creek Renewable Energy, LLC",HY,4044,1,2,01 - Oconto Falls,0.4,1924,Unknown,Francis,James Leffel & Co.,NA,28,670,0.1,10M,040301040505,55083
hc1537_p01,hc1537_p01_3,Oconto Falls,44.8767,-88.1467,"Eagle Creek Renewable Energy, LLC",HY,4044,2,3,01 - Oconto Falls,0.4,1921,Unknown,Francis,James Leffel & Co.,NA,28,670,0.1,10M,040301040505,55083
hc1537_p01,hc1537_p01_1,Oconto Falls,44.8767,-88.1467,"Eagle Creek Renewable Energy, LLC",HY,4044,3,1,01 - Oconto Falls,0.3,1918,Unknown,Francis,James Leffel & Co.,NA,28,670,0.1,10M,040301040505,55083
hc1538_p01,hc1538_p01_4,Salina,36.2661,-95.1056,Grand River Dam Authority,PS,2982,4,4,01 - Salina Pumped Storage,43.2,1971,Unknown,Pump,WESTINGHOUSE,NA,225,68000,14,10M,1.10702E+11,40097
hc1538_p01,hc1538_p01_5,Salina,36.2661,-95.1056,Grand River Dam Authority,PS,2982,5,5,01 - Salina Pumped Storage,43.2,1971,Unknown,Pump,WESTINGHOUSE,NA,225,68000,14,10M,1.10702E+11,40097
hc1538_p01,hc1538_p01_6,Salina,36.2661,-95.1056,Grand River Dam Authority,PS,2982,6,6,01 - Salina Pumped Storage,43.2,1971,Unknown,Pump,WESTINGHOUSE,NA,225,68000,14,10M,1.10702E+11,40097
hc1538_p01,hc1538_p01_1,Salina,36.2661,-95.1056,Grand River Dam Authority,PS,2982,1,1,01 - Salina Pumped Storage,43.2,1968,Unknown,Pump,WESTINGHOUSE,NA,225,68000,14,10M,1.10702E+11,40097
hc1538_p01,hc1538_p01_2,Salina,36.2661,-95.1056,Grand River Dam Authority,PS,2982,2,2,01 - Salina Pumped Storage,43.2,1968,Unknown,Pump,WESTINGHOUSE,NA,225,68000,14,10M,1.10702E+11,40097
hc1538_p01,hc1538_p01_3,Salina,36.2661,-95.1056,Grand River Dam Authority,PS,2982,3,3,01 - Salina Pumped Storage,43.2,1968,Unknown,Pump,WESTINGHOUSE,NA,225,68000,14,10M,1.10702E+11,40097
hc1539_p01,hc1539_p01_1,Caldron Falls,45.3567,-88.23,Wisconsin Public Service Corp,HY,4061,1,1,01 - Caldron Falls,3.2,1924,Unknown,Francis,Allis-Chalmers,NA,80,4650,0,10M,040301050407,55075
hc1539_p01,hc1539_p01_2,Caldron Falls,45.3567,-88.23,Wisconsin Public Service Corp,HY,4061,2,2,01 - Caldron Falls,3.2,1924,Unknown,Francis,Allis-Chalmers,NA,80,4650,0,10M,040301050407,55075
hc1540_p01,hc1540_p01_1,Skelton,43.5709,-70.5585,Brookfield White Pine Hydro LLC,HY,1505,1,1,01 - Skelton,8.4,1948,Unknown,Kaplan,S. Morgan Smith,NA,76,13350,0.5,10M,010600021103,23031
hc1540_p01,hc1540_p01_2,Skelton,43.5709,-70.5585,Brookfield White Pine Hydro LLC,HY,1505,2,2,01 - Skelton,8.4,1948,Unknown,Kaplan,S. Morgan Smith,NA,76,13350,0.5,10M,010600021103,23031
hc1541_p01,hc1541_p01_1,Cataract,43.4957,-70.4468,Brookfield White Pine Hydro LLC,HY,1486,1,1,01 - Cataract,6.6,1937,Unknown,Kaplan,S. Morgan Smith,NA,44,9000,0.5,10M,010600021105,23031
hc1542_p01,hc1542_p01_1,Bonny Eagle,43.6878,-70.6123,Brookfield White Pine Hydro LLC,HY,1482,3,1,01 - Bonny Eagle,1.2,1910,Unknown,Francis,Allis-Chalmers,NA,37,2400,0.1,10M,010600021102,23031
hc1542_p01,hc1542_p01_2,Bonny Eagle,43.6878,-70.6123,Brookfield White Pine Hydro LLC,HY,1482,1,2,01 - Bonny Eagle,1.2,1910,Unknown,Francis,S. Morgan Smith,NA,38,2400,0.1,10M,010600021102,23031
hc1542_p01,hc1542_p01_3,Bonny Eagle,43.6878,-70.6123,Brookfield White Pine Hydro LLC,HY,1482,2,3,01 - Bonny Eagle,1.2,1910,Unknown,Francis,S. Morgan Smith,NA,38,2400,0.1,10M,010600021102,23031
hc1542_p01,hc1542_p01_4,Bonny Eagle,43.6878,-70.6123,Brookfield White Pine Hydro LLC,HY,1482,4,4,01 - Bonny Eagle,1.2,1910,Unknown,Francis,S. Morgan Smith,NA,38,2400,0.1,10M,010600021102,23031
hc1542_p01,hc1542_p01_5,Bonny Eagle,43.6878,-70.6123,Brookfield White Pine Hydro LLC,HY,1482,5,5,01 - Bonny Eagle,1.2,1910,Unknown,Francis,S. Morgan Smith,NA,38,2400,0.1,10M,010600021102,23031
hc1542_p01,hc1542_p01_6,Bonny Eagle,43.6878,-70.6123,Brookfield White Pine Hydro LLC,HY,1482,6,6,01 - Bonny Eagle,1.2,1910,Unknown,Francis,S. Morgan Smith,NA,38,2400,0.1,10M,010600021102,23031
hc1543_p01,hc1543_p01_1,Hiram,43.8525,-70.7976,Brookfield White Pine Hydro LLC,HY,1493,1,1,01 - Hiram,2.4,1917,Unknown,Francis,Allis-Chalmers,NA,75,3750,0.1,10M,010600020504,23017
hc1543_p01,hc1543_p01_2,Hiram,43.8525,-70.7976,Brookfield White Pine Hydro LLC,HY,1493,2,2,01 - Hiram,8.1,1985,Unknown,Francis,Dominion,NA,70,11500,0.1,10M,010600020504,23017
hc1544_p01,hc1544_p01_1,West Buxton,43.6665,-70.6037,Brookfield White Pine Hydro LLC,HY,1508,WB1,1,01 - West Buxton Upper,0.6,1982,Unknown,Francis,S. Morgan Smith,NA,25,1100,0.1,10M,010600021102,23031
hc1544_p01,hc1544_p01_2,West Buxton,43.6665,-70.6037,Brookfield White Pine Hydro LLC,HY,1508,WB2,2,01 - West Buxton Upper,0.6,1982,Unknown,Francis,S. Morgan Smith,NA,25,1100,0.1,10M,010600021102,23031
hc1544_p01,hc1544_p01_3,West Buxton,43.6665,-70.6037,Brookfield White Pine Hydro LLC,HY,1508,WB4,3,01 - West Buxton Upper,0.7,1907,Unknown,Francis,S. Morgan Smith,NA,25,1300,0.1,10M,010600021102,23031
hc1544_p01,hc1544_p01_4,West Buxton,43.6665,-70.6037,Brookfield White Pine Hydro LLC,HY,1508,WB5,4,01 - West Buxton Upper,0.7,1907,Unknown,Francis,S. Morgan Smith,NA,25,1100,0.1,10M,010600021102,23031
hc1544_p01,hc1544_p01_5,West Buxton,43.6665,-70.6037,Brookfield White Pine Hydro LLC,HY,1508,WB3,5,01 - West Buxton Upper,1.1,1920,Unknown,Francis,S. Morgan Smith,NA,26,1350,0.1,10M,010600021102,23031
hc1544_p01,hc1544_p01_6,West Buxton,43.6665,-70.6037,Brookfield White Pine Hydro LLC,HY,1508,WB6,6,02 - West Buxton Lower,4,1927,Unknown,Kaplan,I.P. Morris,NA,27,5400,0.1,10M,010600021102,23031
hc1545_p01,hc1545_p01_1,Little Falls,45.9756,-94.3678,"ALLETE, Inc.",HY,1896,5,1,02 - Little Falls - Old,0.4,1906,Unknown,Francis,S. Morgan Smith,NA,NA,740,0.1,10M,070101040906,27097
hc1545_p01,hc1545_p01_2,Little Falls,45.9756,-94.3678,"ALLETE, Inc.",HY,1896,6,2,02 - Little Falls - Old,0.4,1906,Unknown,Francis,s. Morgan Smith,NA,NA,740,0.1,10M,070101040906,27097
hc1545_p01,hc1545_p01_3,Little Falls,45.9756,-94.3678,"ALLETE, Inc.",HY,1896,1,3,01 - Little Falls - Main,0.8,1919,Unknown,Francis,James Leffel & Co.,NA,NA,1370,0.1,10M,070101040906,27097
hc1545_p01,hc1545_p01_4,Little Falls,45.9756,-94.3678,"ALLETE, Inc.",HY,1896,2,4,01 - Little Falls - Main,0.8,1919,Unknown,Francis,James Leffel & Co.,NA,NA,1370,0.1,10M,070101040906,27097
hc1545_p01,hc1545_p01_5,Little Falls,45.9756,-94.3678,"ALLETE, Inc.",HY,1896,3,5,01 - Little Falls - Main,1,1920,Unknown,Francis,James Leffel & Co.,NA,NA,1550,0.3,10M,070101040906,27097
hc1545_p01,hc1545_p01_6,Little Falls,45.9756,-94.3678,"ALLETE, Inc.",HY,1896,4,6,01 - Little Falls - Main,1.2,1979,Unknown,Kaplan,James Leffel & Co.,NA,NA,1800,0.5,10M,070101040906,27097
hc1546_p01,hc1546_p01_5,Brainerd,46.3779,-94.1831,Brainerd Public Utilities,HY,50636,5,5,01 - Brainerd,0.6,1940,Unknown,Francis,NA,NA,20,750,0.1,12H,070101040505,27035
hc1546_p01,hc1546_p01_1,Brainerd,46.3779,-94.1831,Brainerd Public Utilities,HY,50636,3,1,01 - Brainerd,0.5,1936,Unknown,Francis,NA,NA,20,750,0.1,12H,070101040505,27035
hc1546_p01,hc1546_p01_4,Brainerd,46.3779,-94.1831,Brainerd Public Utilities,HY,50636,4,4,01 - Brainerd,0.6,1936,Unknown,Francis,NA,NA,20,750,0.1,12H,070101040505,27035
hc1546_p01,hc1546_p01_2,Brainerd,46.3779,-94.1831,Brainerd Public Utilities,HY,50636,1,2,01 - Brainerd,0.6,1916,Unknown,Francis,NA,NA,20,850,0.1,12H,070101040505,27035
hc1546_p01,hc1546_p01_3,Brainerd,46.3779,-94.1831,Brainerd Public Utilities,HY,50636,2,3,01 - Brainerd,0.6,1916,Unknown,Francis,NA,NA,20,850,0.1,12H,070101040505,27035
hc1547_p01,hc1547_p01_5,PPL Milford Hydro Station,44.9409,-68.6477,"Brookfield Black Bear Hydro, LLC",HY,1475,MF01,5,NA,0.7,2011,Unknown,Kaplan,Canadian Hydro Components,NA,NA,NA,0.2,1H,010200050603,23019
hc1547_p01,hc1547_p01_6,PPL Milford Hydro Station,44.9409,-68.6477,"Brookfield Black Bear Hydro, LLC",HY,1475,MF02,6,NA,0.7,2011,Unknown,Kaplan,Canadian Hydro Components,NA,NA,NA,0.2,1H,010200050603,23019
hc1547_p01,hc1547_p01_1,PPL Milford Hydro Station,44.9409,-68.6477,"Brookfield Black Bear Hydro, LLC",HY,1475,MF05,1,01 - Milford,1.6,1941,Unknown,Kaplan,S. Morgan Smith,NA,20,2600,0.7,1H,010200050603,23019
hc1547_p01,hc1547_p01_2,PPL Milford Hydro Station,44.9409,-68.6477,"Brookfield Black Bear Hydro, LLC",HY,1475,MF06,2,01 - Milford,1.6,1942,Unknown,Kaplan,S. Morgan Smith,NA,20,2600,0.7,1H,010200050603,23019
hc1547_p01,hc1547_p01_3,PPL Milford Hydro Station,44.9409,-68.6477,"Brookfield Black Bear Hydro, LLC",HY,1475,MF04,3,01 - Milford,1.6,1946,Unknown,Kaplan,S. Morgan Smith,NA,20,2600,0.8,1H,010200050603,23019
hc1547_p01,hc1547_p01_4,PPL Milford Hydro Station,44.9409,-68.6477,"Brookfield Black Bear Hydro, LLC",HY,1475,MF03,4,01 - Milford,1.6,1956,Unknown,Kaplan,S. Morgan Smith,NA,20,2400,1.2,1H,010200050603,23019
hc1548_p01,hc1548_p01_1,Stevens Creek,33.5639,-82.0491,"Dominion Energy South Carolina, Inc",HY,736,1,1,01 - Stevens Creek,2.2,1914,Unknown,Francis,I.P. Morris,NA,30,3125,0.1,1H,030601060105,13073
hc1548_p01,hc1548_p01_2,Stevens Creek,33.5639,-82.0491,"Dominion Energy South Carolina, Inc",HY,736,2,2,01 - Stevens Creek,2.2,1914,Unknown,Francis,I.P. Morris,NA,30,3125,0.1,1H,030601060105,13073
hc1548_p01,hc1548_p01_3,Stevens Creek,33.5639,-82.0491,"Dominion Energy South Carolina, Inc",HY,736,3,3,01 - Stevens Creek,2.2,1914,Unknown,Francis,I.P. Morris,NA,30,3125,0.1,10M,030601060105,13073
hc1548_p01,hc1548_p01_4,Stevens Creek,33.5639,-82.0491,"Dominion Energy South Carolina, Inc",HY,736,4,4,01 - Stevens Creek,2.2,1914,Unknown,Francis,I.P. Morris,NA,30,3125,0.1,1H,030601060105,13073
hc1548_p01,hc1548_p01_5,Stevens Creek,33.5639,-82.0491,"Dominion Energy South Carolina, Inc",HY,736,5,5,01 - Stevens Creek,2.2,1914,Unknown,Francis,I.P. Morris,NA,30,3125,0.1,1H,030601060105,13073
hc1548_p01,hc1548_p01_6,Stevens Creek,33.5639,-82.0491,"Dominion Energy South Carolina, Inc",HY,736,6,6,01 - Stevens Creek,2.2,1927,Unknown,Francis,S. Morgan Smith,NA,30,3125,0.1,1H,030601060105,13073
hc1548_p01,hc1548_p01_7,Stevens Creek,33.5639,-82.0491,"Dominion Energy South Carolina, Inc",HY,736,7,7,01 - Stevens Creek,2.2,1927,Unknown,Francis,S. Morgan Smith,NA,30,3125,0.1,1H,030601060105,13073
hc1548_p01,hc1548_p01_8,Stevens Creek,33.5639,-82.0491,"Dominion Energy South Carolina, Inc",HY,736,8,8,01 - Stevens Creek,2.2,1927,Unknown,Francis,S. Morgan Smith,NA,30,3125,0.1,10M,030601060105,13073
hc1549_p01,hc1549_p01_1,Little Quinnesec Falls,45.774,-87.989,"Eagle Creek Renewable Energy, LLC",HY,57190,UNIT2,1,01 - Little Quinnesec Falls,0.8,1900,Unknown,Francis,NA,NA,65,3240,0.1,10M,040301080706,55075
hc1549_p01,hc1549_p01_2,Little Quinnesec Falls,45.774,-87.989,"Eagle Creek Renewable Energy, LLC",HY,57190,UNIT4,2,01 - Little Quinnesec Falls,1,1900,Unknown,Francis,NA,NA,65,3240,0.1,10M,040301080706,55075
hc1549_p01,hc1549_p01_3,Little Quinnesec Falls,45.774,-87.989,"Eagle Creek Renewable Energy, LLC",HY,57190,UNIT5,3,01 - Little Quinnesec Falls,1,1900,Unknown,Francis,NA,NA,65,3240,0.1,10M,040301080706,55075
hc1549_p01,hc1549_p01_4,Little Quinnesec Falls,45.774,-87.989,"Eagle Creek Renewable Energy, LLC",HY,57190,UNIT1,4,01 - Little Quinnesec Falls,1.9,1909,Unknown,Francis,NA,NA,65,3240,0.3,10M,040301080706,55075
hc1549_p01,hc1549_p01_5,Little Quinnesec Falls,45.774,-87.989,"Eagle Creek Renewable Energy, LLC",HY,57190,UNIT3,5,01 - Little Quinnesec Falls,1.9,1911,Unknown,Francis,NA,NA,65,3240,0.3,10M,040301080706,55075
hc1549_p01,hc1549_p01_6,Little Quinnesec Falls,45.774,-87.989,"Eagle Creek Renewable Energy, LLC",HY,57190,UNIT6,6,01 - Little Quinnesec Falls,2.4,1916,Unknown,Francis,NA,NA,65,3240,0.4,10M,040301080706,55075
hc1550_p01,hc1550_p01_2,Beebee Island,43.9767,-75.9069,Erie Boulevard Hydropower LP,HY,10531,2,2,01 - Beebee Island,5,1931,Unknown,Kaplan,I.P. Morris,NA,32,6400,2.4,10M,041501011404,36045
hc1550_p01,hc1550_p01_1,Beebee Island,43.9767,-75.9069,Erie Boulevard Hydropower LP,HY,10531,1,1,01 - Beebee Island,4,1931,Unknown,Kaplan,I.P. Morris,NA,32,5600,2.8,10M,041501011404,36045
hc1551_p01,hc1551_p01_1,School Street,42.7969,-73.7138,Erie Boulevard Hydropower LP,HY,2605,1,1,01 - School Street,7.2,1916,Unknown,Francis,S. Morgan Smith,NA,95,10000,1,10M,020200041110,36001
hc1551_p01,hc1551_p01_2,School Street,42.7969,-73.7138,Erie Boulevard Hydropower LP,HY,2605,2,2,01 - School Street,7.2,1916,Unknown,Francis,S. Morgan Smith,NA,95,10000,1,10M,020200041110,36001
hc1551_p01,hc1551_p01_3,School Street,42.7969,-73.7138,Erie Boulevard Hydropower LP,HY,2605,3,3,01 - School Street,7.2,1916,Unknown,Francis,S. Morgan Smith,NA,95,10000,1,10M,020200041110,36001
hc1551_p01,hc1551_p01_4,School Street,42.7969,-73.7138,Erie Boulevard Hydropower LP,HY,2605,4,4,01 - School Street,7.2,1922,Unknown,Francis,S. Morgan Smith,NA,95,10000,1,10M,020200041110,36001
hc1551_p01,hc1551_p01_5,School Street,42.7969,-73.7138,Erie Boulevard Hydropower LP,HY,2605,5,5,01 - School Street,10,1924,Unknown,Francis,S. Morgan Smith,NA,96,14000,1,10M,020200041110,36001
hc1552_p01,hc1552_p01_2,Meyers Falls,48.594673,-118.061336,Hydro Technology Systems Inc,HY,3868,UN2,2,01 - Meyers Falls,0.3,1917,Unknown,Francis,Pelton Water Wheel Company,NA,125,550,0.1,10M,1.702E+11,53065
hc1552_p01,hc1552_p01_3,Meyers Falls,48.594673,-118.061336,Hydro Technology Systems Inc,HY,3868,UNA,3,01 - Meyers Falls,0.2,2006,Unknown,Unknown,NA,NA,NA,NA,0.1,10M,1.702E+11,53065
hc1552_p01,hc1552_p01_4,Meyers Falls,48.594673,-118.061336,Hydro Technology Systems Inc,HY,3868,UNB,4,01 - Meyers Falls,0.2,2006,Unknown,Unknown,NA,NA,NA,NA,0.1,10M,1.702E+11,53065
hc1552_p01,hc1552_p01_1,Meyers Falls,48.594673,-118.061336,Hydro Technology Systems Inc,HY,3868,UN1,1,01 - Meyers Falls,0.9,1915,Unknown,Francis,Pelton Water Wheel Company,NA,125,1110,0.2,10M,1.702E+11,53065
hc1553_p01,hc1553_p01_1,Monroe Street,47.6616,-117.4236,Avista Corp,HY,9095,6,1,01 - Monroe St.,14.8,1992,Unknown,Kaplan,Voest,NA,72,20340,1,10M,1.70103E+11,53063
hc1554_p01,hc1554_p01_1,Upper Falls,47.6611,-117.4208,Avista Corp,HY,9096,1,1,01 - Upper Falls,10,1922,Unknown,Francis,I.P. Morris,NA,64.5,14250,1,10M,1.70103E+11,53063
hc1555_p01,hc1555_p01_1,Nine Mile,47.7751,-117.5431,Avista Corp,HY,3869,2,1,01 - Nine Mile,8.8,1908,Unknown,Unknown,NA,NA,NA,NA,2,10M,1.70103E+11,53063
hc1555_p01,hc1555_p01_2,Nine Mile,47.7751,-117.5431,Avista Corp,HY,3869,1,2,01 - Nine Mile,8.8,1910,Unknown,Unknown,NA,NA,NA,NA,2,10M,1.70103E+11,53063
hc1555_p01,hc1555_p01_3,Nine Mile,47.7751,-117.5431,Avista Corp,HY,3869,3N,3,01 - Nine Mile,10,1994,Unknown,Francis,American Hydro,NA,65,14000,2,10M,1.70103E+11,53063
hc1555_p01,hc1555_p01_4,Nine Mile,47.7751,-117.5431,Avista Corp,HY,3869,4N,4,01 - Nine Mile,10,1994,Unknown,Francis,American Hydro,NA,65,14000,2,10M,1.70103E+11,53063
hc1556_p01,hc1556_p01_1,Long Lake,47.8371,-117.8387,Avista Corp,HY,3867,1,1,01 - Long Lake,17.5,1915,Unknown,Francis,I.P. Morris,NA,168,27800,3,10M,1.70103E+11,NA
hc1556_p01,hc1556_p01_2,Long Lake,47.8371,-117.8387,Avista Corp,HY,3867,2,2,01 - Long Lake,17.5,1915,Unknown,Francis,I.P. Morris,NA,168,27800,3,10M,1.70103E+11,NA
hc1556_p01,hc1556_p01_3,Long Lake,47.8371,-117.8387,Avista Corp,HY,3867,3,3,01 - Long Lake,17.5,1919,Unknown,Francis,"WM Cramp & Sons, S&EB Co.",NA,168,22500,3,10M,1.70103E+11,NA
hc1556_p01,hc1556_p01_4,Long Lake,47.8371,-117.8387,Avista Corp,HY,3867,4,4,01 - Long Lake,17.5,1923,Unknown,Francis,"WM Cramp & Sons, S&EB Co.",NA,168,27800,3,10M,1.70103E+11,NA
hc1557_p01,hc1557_p01_1,Post Falls,47.709,-116.9598,Avista Corp,HY,835,1,1,01 - Post Falls,2.2,1906,Unknown,Francis,I.P. Morris,NA,62.7,3260,0.3,10M,1.70103E+11,16055
hc1557_p01,hc1557_p01_2,Post Falls,47.709,-116.9598,Avista Corp,HY,835,2,2,01 - Post Falls,2.2,1906,Unknown,Francis,Platt Iron Works,NA,62.7,3260,0.3,10M,1.70103E+11,16055
hc1557_p01,hc1557_p01_3,Post Falls,47.709,-116.9598,Avista Corp,HY,835,3,3,01 - Post Falls,2.2,1906,Unknown,Francis,Platt Iron Works,NA,62.7,3260,0.3,10M,1.70103E+11,16055
hc1557_p01,hc1557_p01_4,Post Falls,47.709,-116.9598,Avista Corp,HY,835,4,4,01 - Post Falls,2.2,1907,Unknown,Francis,Platt Iron Works,NA,62.7,3260,0.3,10M,1.70103E+11,16055
hc1557_p01,hc1557_p01_5,Post Falls,47.709,-116.9598,Avista Corp,HY,835,5,5,01 - Post Falls,2.2,1908,Unknown,Francis,Platt Iron Works,NA,62.7,3260,0.3,10M,1.70103E+11,16055
hc1557_p01,hc1557_p01_6,Post Falls,47.709,-116.9598,Avista Corp,HY,835,6,6,01 - Post Falls,3.5,1980,Unknown,Francis,Allis-Chalmers,NA,62.7,5500,0.3,10M,1.70103E+11,16055
hc1558_p01,hc1558_p01_1,Sandstone Rapids,45.2333,-88.0683,Wisconsin Public Service Corp,HY,4074,1,1,01 - Sandstone,1.9,1925,Unknown,Francis,Allis-Chalmers,NA,43,2500,0,10M,040301050408,55075
hc1558_p01,hc1558_p01_2,Sandstone Rapids,45.2333,-88.0683,Wisconsin Public Service Corp,HY,4074,2,2,01 - Sandstone,1.9,1925,Unknown,Francis,Allis-Chalmers,NA,43,2500,0,10M,040301050408,55075
hc1559_p01,hc1559_p01_1,Highgate Falls,44.934,-73.048,Village of Swanton - (VT),HY,6618,2,1,01 - Orman E. Croft,1,1928,Unknown,Francis,S. Morgan Smith,NA,60,1340,0.1,10M,041504070601,50011
hc1559_p01,hc1559_p01_2,Highgate Falls,44.934,-73.048,Village of Swanton - (VT),HY,6618,1,2,01 - Orman E. Croft,1.1,1930,Unknown,Francis,S. Morgan Smith,NA,60,1340,0.1,10M,041504070601,50011
hc1559_p01,hc1559_p01_3,Highgate Falls,44.934,-73.048,Village of Swanton - (VT),HY,6618,3,3,01 - Orman E. Croft,3.2,1954,Unknown,Francis,Allis-Chalmers,NA,73,4070,0.1,10M,041504070601,50011
hc1559_p01,hc1559_p01_4,Highgate Falls,44.934,-73.048,Village of Swanton - (VT),HY,6618,4,4,01 - Orman E. Croft,5.8,1990,Unknown,Francis,Allis-Chalmers,NA,82,8040,0.1,10M,041504070601,50011
hc1559_p01,hc1559_p01_5,Highgate Falls,44.934,-73.048,Village of Swanton - (VT),HY,6618,5,5,01 - Orman E. Croft,0.5,2012,Unknown,Unknown,NA,NA,NA,NA,0.1,10M,041504070601,50011
hc1560_p01,hc1560_p01_1,Kosterville,43.6139,-75.332,Northbrook Lyons Falls LLC,HY,56705,4,1,01 - Kosterville - Mill B,0.5,1954,Unknown,Francis,S. Morgan Smith,NA,30,700,0.1,1H,041501010602,36049
hc1560_p01,hc1560_p01_2,Kosterville,43.6139,-75.332,Northbrook Lyons Falls LLC,HY,56705,5,2,01 - Kosterville - Mill B,0.5,1956,Unknown,Francis,S. Morgan Smith,NA,30,700,0.1,1H,041501010602,36049
hc1561_p01,hc1561_p01_1,Gouldtown,43.6125,-75.3386,Northbrook Lyons Falls LLC,HY,56704,3,1,01 - Gouldtown - Mill 5,2,1953,Unknown,Francis,James Leffel & Co.,NA,44,3000,0.1,1H,041501010602,36049
hc1562_p01,hc1562_p01_1,Lyons Falls,43.6179,-75.3579,Northbrook Lyons Falls LLC,HY,56703,1,1,"01 - Lyons Falls - Mill 3 (""Old"")",1,1923,Unknown,Francis,S. Morgan Smith,NA,67,1500,0.1,1H,041501010801,36049
hc1562_p01,hc1562_p01_2,Lyons Falls,43.6179,-75.3579,Northbrook Lyons Falls LLC,HY,56703,6,2,"02 - Lyons Falls - Mill 3 (""New"")",1.2,1966,Unknown,Francis,James Leffel & Co.,NA,69,1500,0.1,1H,041501010801,36049
hc1562_p01,hc1562_p01_3,Lyons Falls,43.6179,-75.3579,Northbrook Lyons Falls LLC,HY,56703,9,3,"02 - Lyons Falls - Mill 3 (""New"")",0.9,1981,Unknown,Francis,S. Morgan Smith,NA,64,1025,0.1,1H,041501010801,36049
hc1562_p01,hc1562_p01_4,Lyons Falls,43.6179,-75.3579,Northbrook Lyons Falls LLC,HY,56703,7,4,"02 - Lyons Falls - Mill 3 (""New"")",1.2,1981,Unknown,Francis,Rodney Hunt,NA,69,1500,0.1,1H,041501010801,36049
hc1562_p01,hc1562_p01_5,Lyons Falls,43.6179,-75.3579,Northbrook Lyons Falls LLC,HY,56703,8,5,"02 - Lyons Falls - Mill 3 (""New"")",1.3,1981,Unknown,Francis,Rodney Hunt,NA,69,1500,0.1,1H,041501010801,36049
hc1563_p01,hc1563_p01_1,Weyauwega,44.325,-88.935,N E W Hydro Inc,HY,4047,1,1,01 - Weyauwega,0.4,1930,Unknown,Kaplan,Allis-Chalmers,NA,12,600,NA,NA,040302021810,55135
hc1564_p01,hc1564_p01_1,Buchanan (MI),41.8391,-86.3512,Indiana Michigan Power Co,HY,1754,1,1,01 - Buchanan,0.4,1919,Unknown,Unknown,NA,NA,NA,NA,0.1,1H,040500012603,26021
hc1564_p01,hc1564_p01_2,Buchanan (MI),41.8391,-86.3512,Indiana Michigan Power Co,HY,1754,2,2,01 - Buchanan,0.4,1919,Unknown,Unknown,NA,NA,NA,NA,0.1,1H,040500012603,26021
hc1564_p01,hc1564_p01_3,Buchanan (MI),41.8391,-86.3512,Indiana Michigan Power Co,HY,1754,3,3,01 - Buchanan,0.4,1919,Unknown,Unknown,NA,NA,NA,NA,0.1,1H,040500012603,26021
hc1564_p01,hc1564_p01_4,Buchanan (MI),41.8391,-86.3512,Indiana Michigan Power Co,HY,1754,4,4,01 - Buchanan,0.4,1919,Unknown,Unknown,NA,NA,NA,NA,0.1,1H,040500012603,26021
hc1564_p01,hc1564_p01_5,Buchanan (MI),41.8391,-86.3512,Indiana Michigan Power Co,HY,1754,5,5,01 - Buchanan,0.4,1919,Unknown,Unknown,NA,NA,NA,NA,0.1,1H,040500012603,26021
hc1564_p01,hc1564_p01_6,Buchanan (MI),41.8391,-86.3512,Indiana Michigan Power Co,HY,1754,6,6,01 - Buchanan,0.4,1919,Unknown,Unknown,NA,NA,NA,NA,0.1,1H,040500012603,26021
hc1564_p01,hc1564_p01_7,Buchanan (MI),41.8391,-86.3512,Indiana Michigan Power Co,HY,1754,10,7,01 - Buchanan,0.5,1927,Unknown,Unknown,NA,NA,NA,NA,0.1,1H,040500012603,26021
hc1564_p01,hc1564_p01_8,Buchanan (MI),41.8391,-86.3512,Indiana Michigan Power Co,HY,1754,7,8,01 - Buchanan,0.5,1927,Unknown,Unknown,NA,NA,NA,NA,0.1,1H,040500012603,26021
hc1564_p01,hc1564_p01_9,Buchanan (MI),41.8391,-86.3512,Indiana Michigan Power Co,HY,1754,8,9,01 - Buchanan,0.5,1927,Unknown,Unknown,NA,NA,NA,NA,0.1,1H,040500012603,26021
hc1564_p01,hc1564_p01_10,Buchanan (MI),41.8391,-86.3512,Indiana Michigan Power Co,HY,1754,9,10,01 - Buchanan,0.5,1927,Unknown,Unknown,NA,NA,NA,NA,0.1,1H,040500012603,26021
hc1565_p01,hc1565_p01_1,Feeder Dam,43.2907,-73.6662,Erie Boulevard Hydropower LP,HY,10530,1,1,01 - Feeder Dam,1,1924,Unknown,Kaplan,I.P. Morris,NA,15.5,1500,0.5,10M,020200030506,36113
hc1565_p01,hc1565_p01_2,Feeder Dam,43.2907,-73.6662,Erie Boulevard Hydropower LP,HY,10530,2,2,01 - Feeder Dam,1,1924,Unknown,Kaplan,I.P. Morris,NA,15.5,1500,0.5,10M,020200030506,36113
hc1565_p01,hc1565_p01_3,Feeder Dam,43.2907,-73.6662,Erie Boulevard Hydropower LP,HY,10530,3,3,01 - Feeder Dam,1,1924,Unknown,Kaplan,I.P. Morris,NA,15.5,1500,0.5,10M,020200030506,36113
hc1565_p01,hc1565_p01_4,Feeder Dam,43.2907,-73.6662,Erie Boulevard Hydropower LP,HY,10530,4,4,01 - Feeder Dam,1,1924,Unknown,Kaplan,I.P. Morris,NA,15.5,1500,0.5,10M,020200030506,36113
hc1565_p01,hc1565_p01_5,Feeder Dam,43.2907,-73.6662,Erie Boulevard Hydropower LP,HY,10530,5,5,01 - Feeder Dam,1,1924,Unknown,Kaplan,I.P. Morris,NA,15.5,1500,0.5,10M,020200030506,36113
hc1566_p01,hc1566_p01_1,Automatic,44.5473,-69.6436,Central Maine Power Co,HY,1499,1,1,01 - Automatic,0.8,1924,Unknown,Francis,S. Morgan Smith,NA,23,1250,NA,NA,010300032205,23011
hc1567_p01,hc1567_p01_1,Union Gas,44.5342,-69.6527,Messalonskee Stream Hydro LLC,HY,1500,1,1,01 - Union Gas,1.8,1935,Unknown,Francis,Wellman Seaver Morgan,NA,35,2100,0.3,1H,010300032205,23011
hc1568_p01,hc1568_p01_1,Rice Rips,44.5647,-69.6876,Messalonskee Stream Hydro LLC,HY,1498,1,1,01 - Rice Rips,1.6,1918,Unknown,Francis,Allis-Chalmers,NA,42,2130,0.3,1H,010300032205,23011
hc1569_p01,hc1569_p01_1,Oakland,44.5475,-69.7116,Messalonskee Stream Hydro LLC,HY,1497,1,1,01 - Oakland,2.8,1924,Unknown,Francis,Wellman Seaver Morgan,NA,67,4000,0.3,1H,010300032205,23011
hc1570_p01,hc1570_p01_1,Huntington Falls,44.0705,-73.1958,Green Mountain Power Corp,HY,50713,GEN1,1,"01 - Huntington Falls - ""Old""",0.8,1988,Unknown,Francis,S. Morgan Smith,NA,40,1200,0.2,10M,041504020307,50001
hc1570_p01,hc1570_p01_2,Huntington Falls,44.0705,-73.1958,Green Mountain Power Corp,HY,50713,GEN2,2,"01 - Huntington Falls - ""Old""",0.8,1988,Unknown,Francis,S. Morgan Smith,NA,40,1200,0.2,10M,041504020307,50001
hc1570_p01,hc1570_p01_3,Huntington Falls,44.0705,-73.1958,Green Mountain Power Corp,HY,50713,GEN3,3,"02 - Huntington Falls - ""New""",4.1,1988,Unknown,Kaplan,Kvaerner,NA,42,5725,0.2,10M,041504020307,50001
hc1571_p01,hc1571_p01_1,Proctor,43.6635,-73.0342,Green Mountain Power Corp,HY,6450,2,1,01 - Proctor,0.8,1905,Unknown,Francis,I.P. Morris,NA,120,1200,0.2,10M,041504020109,50021
hc1571_p01,hc1571_p01_2,Proctor,43.6635,-73.0342,Green Mountain Power Corp,HY,6450,3,2,01 - Proctor,0.8,1905,Unknown,Francis,I.P. Morris,NA,120,1200,0.2,10M,041504020109,50021
hc1571_p01,hc1571_p01_3,Proctor,43.6635,-73.0342,Green Mountain Power Corp,HY,6450,4,3,01 - Proctor,0.8,1905,Unknown,Unknown,NA,NA,NA,NA,0.2,10M,041504020109,50021
hc1571_p01,hc1571_p01_4,Proctor,43.6635,-73.0342,Green Mountain Power Corp,HY,6450,1,4,01 - Proctor,1.6,1926,Unknown,Francis,S. Morgan Smith,NA,120,2400,0.2,10M,041504020109,50021
hc1571_p01,hc1571_p01_5,Proctor,43.6635,-73.0342,Green Mountain Power Corp,HY,6450,5,5,01 - Proctor,2.9,1984,Unknown,Francis,Boving,NA,120,4000,0.2,10M,041504020109,50021
hc1572_p01,hc1572_p01_1,Beldens,44.052,-73.1777,Green Mountain Power Corp,HY,6451,1,1,"01 - Beldens - ""Old""",0.8,1913,Unknown,Francis,S. Morgan Smith,NA,40,1200,0.2,10M,041504020307,50001
hc1572_p01,hc1572_p01_2,Beldens,44.052,-73.1777,Green Mountain Power Corp,HY,6451,2,2,"01 - Beldens - ""Old""",0.8,1913,Unknown,Francis,S. Morgan Smith,NA,40,1200,0.2,10M,041504020307,50001
hc1572_p01,hc1572_p01_3,Beldens,44.052,-73.1777,Green Mountain Power Corp,HY,6451,HC3,3,"02 - Beldens - ""New""",4.1,1988,Unknown,Kaplan,Kvaerner,NA,42,5725,0.2,10M,041504020307,50001
hc1573_p01,hc1573_p01_1,Potato Rapids,45.1145,-87.7618,Wisconsin Public Service Corp,HY,4071,2,1,01 - Potato Rapids,0.4,1921,Unknown,Francis,S. Morgan Smith,NA,18,676,0,10M,040301050604,55075
hc1573_p01,hc1573_p01_2,Potato Rapids,45.1145,-87.7618,Wisconsin Public Service Corp,HY,4071,3,2,01 - Potato Rapids,0.4,1921,Unknown,Francis,S. Morgan Smith,NA,18,676,0,10M,040301050604,55075
hc1573_p01,hc1573_p01_3,Potato Rapids,45.1145,-87.7618,Wisconsin Public Service Corp,HY,4071,1,3,01 - Potato Rapids,0.5,1926,Unknown,Francis,James Leffel & Co.,NA,18,780,0,10M,040301050604,55075
hc1575_p01,hc1575_p01_1,Webber,42.9567,-84.9033,Consumers Energy Co - (MI),HY,1722,2,1,01 - Webber,1,1949,Unknown,Francis,James Leffel & Co.,NA,25,1200,0,10M,040500040710,NA
hc1575_p01,hc1575_p01_2,Webber,42.9567,-84.9033,Consumers Energy Co - (MI),HY,1722,1,2,01 - Webber,3.3,1907,Unknown,Francis,James Leffel & Co.,NA,25,300,0,10M,040500040710,NA
hc1576_p01,hc1576_p01_1,Wissota,44.9379,-91.3403,Northern States Power Co - Minnesota,HY,4015,1,1,01 - Wissota,6,1917,Unknown,Francis,NA,NA,55,7500,1.5,1H,070500050308,55017
hc1576_p01,hc1576_p01_2,Wissota,44.9379,-91.3403,Northern States Power Co - Minnesota,HY,4015,3,2,01 - Wissota,6,1917,Unknown,Francis,NA,NA,55,7500,1.5,1H,070500050308,55017
hc1576_p01,hc1576_p01_3,Wissota,44.9379,-91.3403,Northern States Power Co - Minnesota,HY,4015,5,3,01 - Wissota,6,1917,Unknown,Francis,NA,NA,55,7500,1.5,1H,070500050308,55017
hc1576_p01,hc1576_p01_4,Wissota,44.9379,-91.3403,Northern States Power Co - Minnesota,HY,4015,6,4,01 - Wissota,6,1917,Unknown,Francis,NA,NA,55,7500,1.5,1H,070500050308,55017
hc1576_p01,hc1576_p01_5,Wissota,44.9379,-91.3403,Northern States Power Co - Minnesota,HY,4015,2,5,01 - Wissota,7.7,1917,Unknown,Francis,NA,NA,55,7500,1.5,1H,070500050308,55017
hc1576_p01,hc1576_p01_6,Wissota,44.9379,-91.3403,Northern States Power Co - Minnesota,HY,4015,4,6,01 - Wissota,7.7,1917,Unknown,Francis,NA,NA,55,7500,1.5,1H,070500050308,55017
hc1577_p01,hc1577_p01_2,Porterdale Hydro,33.5704,-83.8965,"VC Porterdale Hydroelectric, LLC",HY,50242,TB-2,2,01 - Porterdale,1.5,1927,Unknown,Francis,S. Morgan Smith,NA,48,1653,1,NA,030701030502,13217
hc1577_p01,hc1577_p01_1,Porterdale Hydro,33.5704,-83.8965,"VC Porterdale Hydroelectric, LLC",HY,50242,TB-1,1,01 - Porterdale,1.5,1927,Unknown,Francis,S. Morgan Smith,NA,48,1653,1.1000000000000001,NA,030701030502,13217
hc1578_p01,hc1578_p01_1,Herrings,44.0209,-75.6512,Erie Boulevard Hydropower LP,HY,2572,1,1,01 - Herrings,1.8,1924,Unknown,Kaplan,Allis-Chalmers,NA,19.5,2250,1,10M,041501011401,36045
hc1578_p01,hc1578_p01_2,Herrings,44.0209,-75.6512,Erie Boulevard Hydropower LP,HY,2572,2,2,01 - Herrings,1.8,1924,Unknown,Kaplan,Allis-Chalmers,NA,19.5,2250,1,10M,041501011401,36045
hc1578_p01,hc1578_p01_3,Herrings,44.0209,-75.6512,Erie Boulevard Hydropower LP,HY,2572,3,3,01 - Herrings,1.8,1924,Unknown,Kaplan,Allis-Chalmers,NA,19.5,2250,1,10M,041501011401,36045
hc1579_p01,hc1579_p01_1,Deferiet,44.0269,-75.6789,Erie Boulevard Hydropower LP,HY,2552,1,1,01 - Deferiet,4,1925,Unknown,Francis,S. Morgan Smith,NA,46,4960,2.8,10M,041501011401,36045
hc1579_p01,hc1579_p01_2,Deferiet,44.0269,-75.6789,Erie Boulevard Hydropower LP,HY,2552,2,2,01 - Deferiet,4,1925,Unknown,Francis,S. Morgan Smith,NA,46,4960,2.8,10M,041501011401,36045
hc1579_p01,hc1579_p01_3,Deferiet,44.0269,-75.6789,Erie Boulevard Hydropower LP,HY,2552,3,3,01 - Deferiet,4,1925,Unknown,Francis,S. Morgan Smith,NA,46,4960,2.8,10M,041501011401,36045
hc1580_p01,hc1580_p01_1,Kamargo,44.01169724,-75.79646355,Erie Boulevard Hydropower LP,HY,2581,1,1,01 - Kamargo,2,1921,Unknown,Francis,S. Morgan Smith,NA,25,2600,1,10M,041501011404,36045
hc1580_p01,hc1580_p01_2,Kamargo,44.01169724,-75.79646355,Erie Boulevard Hydropower LP,HY,2581,2,2,01 - Kamargo,2,1921,Unknown,Francis,S. Morgan Smith,NA,25,2600,1,10M,041501011404,36045
hc1580_p01,hc1580_p01_3,Kamargo,44.01169724,-75.79646355,Erie Boulevard Hydropower LP,HY,2581,3,3,01 - Kamargo,2,1921,Unknown,Francis,S. Morgan Smith,NA,25,2600,1,10M,041501011404,36045
hc1581_p01,hc1581_p01_1,Black River,44.0042,-75.8069,Erie Boulevard Hydropower LP,HY,2546,1,1,01 - Black River,2,1920,Unknown,Francis,S. Morgan Smith,NA,33,3250,1.5,10M,041501011404,36045
hc1581_p01,hc1581_p01_2,Black River,44.0042,-75.8069,Erie Boulevard Hydropower LP,HY,2546,2,2,01 - Black River,2,1920,Unknown,Francis,S. Morgan Smith,NA,33,3250,1.5,10M,041501011404,36045
hc1581_p01,hc1581_p01_3,Black River,44.0042,-75.8069,Erie Boulevard Hydropower LP,HY,2546,3,3,01 - Black River,2,1920,Unknown,Francis,S. Morgan Smith,NA,33,3250,1.5,10M,041501011404,36045
hc1582_p01,hc1582_p01_1,Sewalls,43.9773,-75.8945,Erie Boulevard Hydropower LP,HY,2608,1,1,01 - Sewalls Island,1,1925,Unknown,Kaplan,Allis-Chalmers,NA,15.5,1250,0.7,10M,041501011404,36045
hc1582_p01,hc1582_p01_2,Sewalls,43.9773,-75.8945,Erie Boulevard Hydropower LP,HY,2608,2,2,01 - Sewalls Island,1,1925,Unknown,Kaplan,Allis-Chalmers,NA,15.5,1250,0.7,10M,041501011404,36045
hc1583_p01,hc1583_p01_1,Lockwood - Old,44.5484,-69.6269,Merimil Ltd Partnership,HY,10066,GEN1,1,"01 - Lockwood - ""Old""",0.8,1985,Unknown,Francis,James Leffel & Co.,NA,21,1230,0.1,10M,010300031507,23011
hc1583_p01,hc1583_p01_2,Lockwood - Old,44.5484,-69.6269,Merimil Ltd Partnership,HY,10066,GEN2,2,"01 - Lockwood - ""Old""",0.8,1985,Unknown,Francis,James Leffel & Co.,NA,21,1230,0.1,10M,010300031507,23011
hc1583_p01,hc1583_p01_3,Lockwood - Old,44.5484,-69.6269,Merimil Ltd Partnership,HY,10066,GEN3,3,"01 - Lockwood - ""Old""",0.8,1985,Unknown,Francis,James Leffel & Co.,NA,21,1230,0.1,10M,010300031507,23011
hc1583_p01,hc1583_p01_4,Lockwood - Old,44.5484,-69.6269,Merimil Ltd Partnership,HY,10066,GEN4,4,"01 - Lockwood - ""Old""",0.8,1985,Unknown,Francis,James Leffel & Co.,NA,21,1230,0.1,10M,010300031507,23011
hc1583_p01,hc1583_p01_5,Lockwood - Old,44.5484,-69.6269,Merimil Ltd Partnership,HY,10066,GEN5,5,"01 - Lockwood - ""Old""",0.8,1985,Unknown,Francis,James Leffel & Co.,NA,21,1230,0.1,10M,010300031507,23011
hc1583_p01,hc1583_p01_6,Lockwood - Old,44.5484,-69.6269,Merimil Ltd Partnership,HY,10066,GEN6,6,"01 - Lockwood - ""Old""",0.8,1985,Unknown,Francis,James Leffel & Co.,NA,21,1230,0.1,10M,010300031507,23011
hc1583_p02,hc1583_p02_1,Lockwood - New,44.5484,-69.6269,Merimil Ltd Partnership,HY,10066,GEN7,1,"02 - Lockwood - ""New""",2.4,1988,Unknown,Kaplan,NA,NA,21,2625,0.1,10M,010300031507,23011
hc1584_p01,hc1584_p01_1,Shepaug,41.4479,-73.2964,FirstLight Power Resources Services LLC,HY,552,1,1,01 - Shepaug,37.2,1955,Unknown,Kaplan,Birdsboro Corp.,NA,96,62800,35,10M,011000050803,09009
hc1585_p01,hc1585_p01_1,Bulls Bridge,41.6781,-73.509,FirstLight Power Resources Services LLC,HY,541,1,1,01 - Bulls Bridge,1.2,1903,Unknown,Francis,S. Morgan Smith,NA,105,1750,0.3,1H,011000050402,09005
hc1585_p01,hc1585_p01_2,Bulls Bridge,41.6781,-73.509,FirstLight Power Resources Services LLC,HY,541,2,2,01 - Bulls Bridge,1.2,1903,Unknown,Francis,S. Morgan Smith,NA,105,1750,0.3,1H,011000050402,09005
hc1585_p01,hc1585_p01_3,Bulls Bridge,41.6781,-73.509,FirstLight Power Resources Services LLC,HY,541,3,3,01 - Bulls Bridge,1.2,1903,Unknown,Francis,S. Morgan Smith,NA,105,1750,0.3,1H,011000050402,09005
hc1585_p01,hc1585_p01_4,Bulls Bridge,41.6781,-73.509,FirstLight Power Resources Services LLC,HY,541,4,4,01 - Bulls Bridge,1.2,1903,Unknown,Francis,S. Morgan Smith,NA,105,1750,0.3,1H,011000050402,09005
hc1585_p01,hc1585_p01_5,Bulls Bridge,41.6781,-73.509,FirstLight Power Resources Services LLC,HY,541,5,5,01 - Bulls Bridge,1.2,1903,Unknown,Francis,S. Morgan Smith,NA,105,1750,0.3,1H,011000050402,09005
hc1585_p01,hc1585_p01_6,Bulls Bridge,41.6781,-73.509,FirstLight Power Resources Services LLC,HY,541,6,6,01 - Bulls Bridge,1.2,1903,Unknown,Francis,S. Morgan Smith,NA,105,1750,0.3,1H,011000050402,09005
hc1586_p01,hc1586_p01_1,Rocky River,41.582649,-73.4348199,FirstLight Power Resources Services LLC,PS,539,2,1,01 - Rocky River,3.5,1929,Unknown,Francis,S. Morgan Smith,NA,226,38430,2,1H,011000050601,09005
hc1586_p01,hc1586_p01_2,Rocky River,41.582649,-73.4348199,FirstLight Power Resources Services LLC,PS,539,1,2,01 - Rocky River,3.5,1929,Unknown,Pump,Worthington,NA,226,4700,2,1H,011000050601,09005
hc1586_p01,hc1586_p01_3,Rocky River,41.582649,-73.4348199,FirstLight Power Resources Services LLC,PS,539,3,3,01 - Rocky River,24,1929,Unknown,Pump,Worthington,NA,226,4700,23,1H,011000050601,09005
hc1587_p01,hc1587_p01_1,Stevenson,41.3832,-73.1721,FirstLight Power Resources Services LLC,HY,553,1,1,01 - Stevenson,7.5,1919,Unknown,Francis,S. Morgan Smith,NA,70,10000,0.8,10M,011000051003,09001
hc1587_p01,hc1587_p01_2,Stevenson,41.3832,-73.1721,FirstLight Power Resources Services LLC,HY,553,2,2,01 - Stevenson,7.5,1919,Unknown,Francis,S. Morgan Smith,NA,70,10000,0.8,10M,011000051003,09001
hc1587_p01,hc1587_p01_3,Stevenson,41.3832,-73.1721,FirstLight Power Resources Services LLC,HY,553,3,3,01 - Stevenson,7.5,1919,Unknown,Francis,S. Morgan Smith,NA,70,10000,0.8,10M,011000051003,09001
hc1587_p01,hc1587_p01_4,Stevenson,41.3832,-73.1721,FirstLight Power Resources Services LLC,HY,553,4,4,01 - Stevenson,8,1936,Unknown,Francis,S. Morgan Smith,NA,68.599999999999994,11000,0.8,10M,011000051003,09001
hc1588_p01,hc1588_p01_1,Falls Village,41.963,-73.3721,FirstLight Power Resources Services LLC,HY,560,1,1,01 - Falls Village,3,1913,Unknown,Francis,Wellman Seaver Morgan,NA,90,5000,0.3,1H,011000050306,09005
hc1588_p01,hc1588_p01_2,Falls Village,41.963,-73.3721,FirstLight Power Resources Services LLC,HY,560,2,2,01 - Falls Village,3,1913,Unknown,Francis,Wellman Seaver Morgan,NA,90,5000,0.3,1H,011000050306,09005
hc1588_p01,hc1588_p01_3,Falls Village,41.963,-73.3721,FirstLight Power Resources Services LLC,HY,560,3,3,01 - Falls Village,3,1913,Unknown,Francis,Wellman Seaver Morgan,NA,90,5000,0.3,1H,011000050306,09005
hc1589_p01,hc1589_p01_1,Twin Branch,41.6667,-86.1317,Indiana Michigan Power Co,HY,989,H1E,1,01 - Twin Branch,0.6,1989,Unknown,Unknown,NA,NA,NA,NA,0.2,1H,040500012203,NA
hc1589_p01,hc1589_p01_2,Twin Branch,41.6667,-86.1317,Indiana Michigan Power Co,HY,989,H1W,2,01 - Twin Branch,0.6,1989,Unknown,Unknown,NA,NA,NA,NA,0.2,1H,040500012203,NA
hc1589_p01,hc1589_p01_3,Twin Branch,41.6667,-86.1317,Indiana Michigan Power Co,HY,989,H6E,3,01 - Twin Branch,0.6,1989,Unknown,Unknown,NA,NA,NA,NA,0.2,1H,040500012203,NA
hc1589_p01,hc1589_p01_4,Twin Branch,41.6667,-86.1317,Indiana Michigan Power Co,HY,989,H6W,4,01 - Twin Branch,0.6,1989,Unknown,Unknown,NA,NA,NA,NA,0.2,1H,040500012203,NA
hc1589_p01,hc1589_p01_5,Twin Branch,41.6667,-86.1317,Indiana Michigan Power Co,HY,989,H2W,5,01 - Twin Branch,0.6,1992,Unknown,Unknown,NA,NA,NA,NA,0.2,1H,040500012203,NA
hc1589_p01,hc1589_p01_6,Twin Branch,41.6667,-86.1317,Indiana Michigan Power Co,HY,989,H3W,6,01 - Twin Branch,0.6,1992,Unknown,Unknown,NA,NA,NA,NA,0.2,1H,040500012203,NA
hc1589_p01,hc1589_p01_7,Twin Branch,41.6667,-86.1317,Indiana Michigan Power Co,HY,989,H4W,7,01 - Twin Branch,0.6,1992,Unknown,Unknown,NA,NA,NA,NA,0.2,1H,040500012203,NA
hc1589_p01,hc1589_p01_8,Twin Branch,41.6667,-86.1317,Indiana Michigan Power Co,HY,989,H5W,8,01 - Twin Branch,0.6,1992,Unknown,Unknown,NA,NA,NA,NA,0.2,1H,040500012203,NA
hc1590_p01,hc1590_p01_1,Tippy,44.2583,-85.9383,Consumers Energy Co - (MI),HY,1698,1,1,01 - Tippy,6.7,1918,Unknown,Francis,Wellman Seaver Morgan,NA,58,5838.7,0,10M,040601030701,26101
hc1590_p01,hc1590_p01_2,Tippy,44.2583,-85.9383,Consumers Energy Co - (MI),HY,1698,2,2,01 - Tippy,6.7,1918,Unknown,Francis,Wellman Seaver Morgan,NA,58,7124,0,10M,040601030701,26101
hc1590_p01,hc1590_p01_3,Tippy,44.2583,-85.9383,Consumers Energy Co - (MI),HY,1698,3,3,01 - Tippy,6.7,1918,Unknown,Francis,Wellman Seaver Morgan,NA,58,6044,0,10M,040601030701,26101
hc1591_p01,hc1591_p01_1,Peshtigo,45.0467,-87.745,Wisconsin Public Service Corp,HY,4070,1,1,01 - Peshtigo,0.224,1920,Unknown,Francis,James Leffel & Co.,NA,13,376,NA,NA,040301050606,55075
hc1591_p01,hc1591_p01_2,Peshtigo,45.0467,-87.745,Wisconsin Public Service Corp,HY,4070,4,2,01 - Peshtigo,0.36,1924,Unknown,Unknown,NA,NA,NA,NA,NA,NA,040301050606,55075
hc1592_p01,hc1592_p01_1,Rochester 2,43.1612,-77.6137,Rochester Gas & Electric Corp,HY,2639,1,1,01 - Station 2 - Old,8.5,1960,Unknown,Francis,Allis-Chalmers,NA,85,10000,0,1H,041300030704,36055
hc1593_p01,hc1593_p01_1,Rochester 5,43.1763,-77.6282,Rochester Gas & Electric Corp,HY,2641,2,1,01 - Station 5,12.8,1917,Unknown,Francis,I.P. Morris,NA,130,18750,0,1H,041300030704,36055
hc1593_p01,hc1593_p01_2,Rochester 5,43.1763,-77.6282,Rochester Gas & Electric Corp,HY,2641,HY1,2,01 - Station 5,12.8,1917,Unknown,Francis,I.P. Morris,NA,130,18750,0,1H,041300030704,36055
hc1593_p01,hc1593_p01_3,Rochester 5,43.1763,-77.6282,Rochester Gas & Electric Corp,HY,2641,HY3,3,01 - Station 5,18,1927,Unknown,Francis,Newport News,NA,130,27000,0,1H,041300030704,36055
hc1594_p01,hc1594_p01_1,Rochester 26,43.1522,-77.6098,Rochester Gas & Electric Corp,HY,2638,1,1,01 - Station 26,3,1952,Unknown,Kaplan,Allis-Chalmers,NA,NA,NA,0,1H,041300030704,36055
hc1595_p01,hc1595_p01_1,Gantt,31.4032,-86.4796,PowerSouth Energy Cooperative,HY,53,3,1,01 - Gantt,1.2,1926,Unknown,Francis,James Leffel & Co.,NA,27,1880,0.1,10M,031403010405,01039
hc1595_p01,hc1595_p01_2,Gantt,31.4032,-86.4796,PowerSouth Energy Cooperative,HY,53,4,2,01 - Gantt,1.8,1985,Unknown,Kaplan,Voest,NA,27,2800,0.1,10M,031403010405,01039
hc1596_p01,hc1596_p01_1,Point A,31.361,-86.5184,PowerSouth Energy Cooperative,HY,55,1,1,"01 - Point ""A""",1.6,1925,Unknown,Francis,James Leffel & Co.,NA,40,2452,0.1,10M,031403010501,01039
hc1596_p01,hc1596_p01_2,Point A,31.361,-86.5184,PowerSouth Energy Cooperative,HY,55,2,2,"01 - Point ""A""",1.6,1925,Unknown,Francis,James Leffel & Co.,NA,40,2452,0.1,10M,031403010501,01039
hc1596_p01,hc1596_p01_3,Point A,31.361,-86.5184,PowerSouth Energy Cooperative,HY,55,3,3,"01 - Point ""A""",2,1948,Unknown,Francis,James Leffel & Co.,NA,40,3000,0.1,10M,031403010501,01039
hc1597_p01,hc1597_p01_1,Superior Falls,46.5651,-90.4178,Northern States Power Co - Minnesota,HY,1757,1,1,01 - Superior Falls,0.7,1917,Unknown,Francis,NA,NA,127,1250,0.2,1H,040103020109,26053
hc1597_p01,hc1597_p01_2,Superior Falls,46.5651,-90.4178,Northern States Power Co - Minnesota,HY,1757,2,2,01 - Superior Falls,0.7,1917,Unknown,Francis,NA,NA,127,1250,0.2,1H,040103020109,26053
hc1598_p01,hc1598_p01_1,Marquette,46.5692,-87.4544,City of Marquette - (MI),HY,1842,1,1,01 - Marquette - Upper,1.6,1919,Unknown,Francis,NA,NA,125,2400,0.1,1H,040201050205,26103
hc1598_p01,hc1598_p01_2,Marquette,46.5692,-87.4544,City of Marquette - (MI),HY,1842,2,2,01 - Marquette - Upper,1.6,1922,Unknown,Francis,NA,NA,125,2400,0.1,1H,040201050205,26103
hc1599_p01,hc1599_p01_1,Tourist Park,46.571751,-87.413289,Marquette City of,HY,1839,1,1,01 - Tourist Park,0.7,1924,Unknown,Francis,NA,NA,NA,NA,NA,NA,040201050106,26103
hc1600_p01,hc1600_p01_1,Whiting,44.4867,-89.5767,Consolidated Water Power Co,HY,3975,10,1,02 - Grinder Building,0.3,1891,Unknown,Francis,NA,NA,22,530,0.3,12H,070700030304,55097
hc1600_p01,hc1600_p01_2,Whiting,44.4867,-89.5767,Consolidated Water Power Co,HY,3975,8,2,02 - Grinder Building,0.3,1891,Unknown,Francis,NA,NA,22,530,0.3,12H,070700030304,55097
hc1600_p01,hc1600_p01_3,Whiting,44.4867,-89.5767,Consolidated Water Power Co,HY,3975,9,3,02 - Grinder Building,0.3,1891,Unknown,Francis,NA,NA,22,530,0.3,12H,070700030304,55097
hc1600_p01,hc1600_p01_4,Whiting,44.4867,-89.5767,Consolidated Water Power Co,HY,3975,6,4,02 - Grinder Building,0.5,1891,Unknown,Kaplan,NA,NA,22,8700,0.5,12H,070700030304,55097
hc1600_p01,hc1600_p01_5,Whiting,44.4867,-89.5767,Consolidated Water Power Co,HY,3975,2,5,02 - Grinder Building,0.5,1891,Unknown,Francis,NA,NA,22,800,0.5,12H,070700030304,55097
hc1600_p01,hc1600_p01_6,Whiting,44.4867,-89.5767,Consolidated Water Power Co,HY,3975,3,6,02 - Grinder Building,0.5,1891,Unknown,Francis,NA,NA,22,800,0.5,12H,070700030304,55097
hc1600_p01,hc1600_p01_7,Whiting,44.4867,-89.5767,Consolidated Water Power Co,HY,3975,4,7,02 - Grinder Building,0.5,1891,Unknown,Francis,NA,NA,22,800,0.5,12H,070700030304,55097
hc1600_p01,hc1600_p01_8,Whiting,44.4867,-89.5767,Consolidated Water Power Co,HY,3975,5,8,02 - Grinder Building,0.5,1891,Unknown,Francis,NA,NA,22,700,0.5,12H,070700030304,55097
hc1600_p01,hc1600_p01_9,Whiting,44.4867,-89.5767,Consolidated Water Power Co,HY,3975,7,9,02 - Grinder Building,0.5,1891,Unknown,Francis,NA,NA,22,700,0.5,12H,070700030304,55097
hc1600_p01,hc1600_p01_10,Whiting,44.4867,-89.5767,Consolidated Water Power Co,HY,3975,1,10,01 - Powerhouse,1.2,1963,Unknown,Kaplan,NA,NA,22,2800,1,12H,070700030304,55097
hc1601_p01,hc1601_p01_1,Upper Beaver Falls,43.8835,-75.4284,"Eagle Creek Renewable Energy, LLC",HY,10490,1G,1,01 - Upper Beaver Falls,1.5,1985,Unknown,Kaplan,S. Morgan Smith,NA,30,2070,0.3,10M,041501011105,36049
hc1602_p01,hc1602_p01_1,Lake Creek,48.4383,-115.875,Champion International Corp,HY,2179,1,1,01 - Pwrhouse #1,1,1917,Unknown,Francis,Pelton Water Wheel Company,NA,136,1800,NA,NA,1.70101E+11,30053
hc1602_p01,hc1602_p01_2,Lake Creek,48.4383,-115.875,Champion International Corp,HY,2179,2,2,02 - Pwrhouse #2,3.5,1949,Unknown,Francis,S. Morgan Smith,NA,150,5280,NA,NA,1.70101E+11,30053
hc1603_p01,hc1603_p01_1,High Falls,45.28,-88.2,Wisconsin Public Service Corp,HY,4065,1,1,01 - High Falls,1.4,1910,Unknown,Francis,Allis-Chalmers,NA,80,1900,0,10M,040301050407,55075
hc1603_p01,hc1603_p01_2,High Falls,45.28,-88.2,Wisconsin Public Service Corp,HY,4065,2,2,01 - High Falls,1.4,1910,Unknown,Francis,Allis-Chalmers,NA,80,1900,0,10M,040301050407,55075
hc1603_p01,hc1603_p01_3,High Falls,45.28,-88.2,Wisconsin Public Service Corp,HY,4065,3,3,01 - High Falls,1.4,1910,Unknown,Francis,Allis-Chalmers,NA,80,1900,0,10M,040301050407,55075
hc1603_p01,hc1603_p01_4,High Falls,45.28,-88.2,Wisconsin Public Service Corp,HY,4065,4,4,01 - High Falls,1.4,1910,Unknown,Francis,Allis-Chalmers,NA,80,1900,0,10M,040301050407,55075
hc1603_p01,hc1603_p01_5,High Falls,45.28,-88.2,Wisconsin Public Service Corp,HY,4065,5,5,01 - High Falls,1.4,1910,Unknown,Francis,Allis-Chalmers,NA,80,1900,0,10M,040301050407,55075
hc1604_p01,hc1604_p01_1,Hodenpyl,44.363,-85.82,Consumers Energy Co - (MI),HY,1708,1,1,01 - Hodenpyl,8.5,1925,Unknown,Francis,Allis-Chalmers,NA,62,9421,0,10M,040601030308,26165
hc1604_p01,hc1604_p01_2,Hodenpyl,44.363,-85.82,Consumers Energy Co - (MI),HY,1708,2,2,01 - Hodenpyl,8.5,1925,Unknown,Francis,Allis-Chalmers,NA,62,9091,0,10M,040601030308,26165
hc1605_p01,hc1605_p01_1,West Enfield,45.2501,-68.6495,"Brookfield Black Bear Hydro, LLC",HY,10255,GEN1,1,01 - West Enfield,6.5,1988,Unknown,Kaplan,Voith,NA,25,14700,2,12H,010200050208,23019
hc1605_p01,hc1605_p01_2,West Enfield,45.2501,-68.6495,"Brookfield Black Bear Hydro, LLC",HY,10255,GEN2,2,01 - West Enfield,6.5,1988,Unknown,Kaplan,Voith,NA,25,14700,2,12H,010200050208,23019
hc1606_p01,hc1606_p01_1,Bryson,35.4453,-83.3749,Nantahala Power & Light Co,HY,2742,1,1,01 - Bryson,0.48,1925,Unknown,Francis,S. Morgan Smith,NA,34,700,NA,NA,060102030207,37173
hc1606_p01,hc1606_p01_2,Bryson,35.4453,-83.3749,Nantahala Power & Light Co,HY,2742,2,2,01 - Bryson,0.5,1925,Unknown,Francis,James Leffel & Co.,NA,34,700,NA,NA,060102030207,37173
hc1608_p01,hc1608_p01_1,Franklin,35.2195,-83.3713,"Northbrook Carolina Hydro II, LLC",HY,2745,1,1,01 - Franklin,0.5,1942,Unknown,Kaplan,James Leffel & Co.,NA,25,800,0.5,10M,060102020401,37113
hc1608_p01,hc1608_p01_2,Franklin,35.2195,-83.3713,"Northbrook Carolina Hydro II, LLC",HY,2745,2,2,01 - Franklin,0.5,1942,Unknown,Kaplan,James Leffel & Co.,NA,25,800,0.5,10M,060102020401,37113
hc1609_p01,hc1609_p01_1,Spencer Mountain,35.3092,-81.1116,Duke Energy Corp,HY,2733,1,1,01 - Spencer Mountain,0.32,1922,Unknown,Francis,James Leffel & Co.,NA,24,640,NA,NA,030501020605,37071
hc1609_p01,hc1609_p01_2,Spencer Mountain,35.3092,-81.1116,Duke Energy Corp,HY,2733,2,2,01 - Spencer Mountain,0.32,1922,Unknown,Francis,James Leffel & Co.,NA,24,640,NA,NA,030501020605,37071
hc1610_p01,hc1610_p01_1,Curtis,43.2467,-73.8286,Palmer Hydroelectric,HY,54580,C4,1,01 - Curtis,1,1985,Unknown,Francis,S. Morgan Smith,NA,24.5,1640,0.2,10M,020200030501,36091
hc1610_p01,hc1610_p01_2,Curtis,43.2467,-73.8286,Palmer Hydroelectric,HY,54580,C5,2,01 - Curtis,1,1985,Unknown,Francis,S. Morgan Smith,NA,24.5,1640,0.2,10M,020200030501,36091
hc1610_p01,hc1610_p01_3,Curtis,43.2467,-73.8286,Palmer Hydroelectric,HY,54580,C1,3,01 - Curtis,2.6,1986,Unknown,Kaplan,Allis-Chalmers,NA,24.5,3940,0.9,10M,020200030501,36091
hc1610_p01,hc1610_p01_4,Curtis,43.2467,-73.8286,Palmer Hydroelectric,HY,54580,C2,4,01 - Curtis,2.6,1986,Unknown,Kaplan,Allis-Chalmers,NA,24.5,3940,0.9,10M,020200030501,36091
hc1610_p01,hc1610_p01_5,Curtis,43.2467,-73.8286,Palmer Hydroelectric,HY,54580,C3,5,01 - Curtis,2.6,1986,Unknown,Kaplan,Allis-Chalmers,NA,24.5,3940,2.2999999999999998,10M,020200030501,36091
hc1610_p02,hc1610_p02_1,Palmer,43.2492,-73.8209,Palmer Hydroelectric,HY,54580,P1,1,01 - Palmer Falls,24.6,1986,Unknown,Kaplan,Toshiba,NA,82.5,34250,6,10M,020200030501,36091
hc1610_p02,hc1610_p02_2,Palmer,43.2492,-73.8209,Palmer Hydroelectric,HY,54580,P2,2,01 - Palmer Falls,24.6,1986,Unknown,Kaplan,Toshiba,NA,82.5,34250,6,10M,020200030501,36091
hc1611_p01,hc1611_p01_1,Saxon Falls,46.5362,-90.379,Northern States Power Co - Minnesota,HY,1756,1,1,01 - Saxon Falls,0.8,1913,Unknown,Unknown,NA,NA,NA,NA,0.2,1H,040103020109,26053
hc1611_p01,hc1611_p01_2,Saxon Falls,46.5362,-90.379,Northern States Power Co - Minnesota,HY,1756,2,2,01 - Saxon Falls,0.8,1913,Unknown,Unknown,NA,NA,NA,NA,0.2,1H,040103020109,26053
hc1612_p01,hc1612_p01_1,Hydro Kennebec Project,44.5639,-69.6207,Hydro Kennebec LLC,HY,54148,GEN1,1,01 - Hydro-kennebec,7.7,1989,Unknown,Kaplan,Voith,NA,25.9,10593,0.5,10M,010300031507,23011
hc1612_p01,hc1612_p01_2,Hydro Kennebec Project,44.5639,-69.6207,Hydro Kennebec LLC,HY,54148,GEN2,2,01 - Hydro-kennebec,7.7,1989,Unknown,Kaplan,Voith,NA,25.9,10593,0.5,10M,010300031507,23011
hc1613_p01,hc1613_p01_1,Brassua Hydroelectric Project,45.6601,-69.8134,Brassua Hydroelectric LP,HY,10555,1,1,01 - Brassua,3.6,1989,Unknown,Kaplan,Voith,NA,37,5600,0.2,10M,010300010404,23025
hc1614_p01,hc1614_p01_1,Schaghticoke,42.8936,-73.5887,Erie Boulevard Hydropower LP,HY,2606,1,1,01 - Schaghticoke,4,1908,Unknown,Francis,Pelton Water Wheel Company,NA,146,5500,1.5,10M,020200031006,36083
hc1614_p01,hc1614_p01_2,Schaghticoke,42.8936,-73.5887,Erie Boulevard Hydropower LP,HY,2606,2,2,01 - Schaghticoke,4,1908,Unknown,Francis,Pelton Water Wheel Company,NA,146,5500,1.5,10M,020200031006,36083
hc1614_p01,hc1614_p01_3,Schaghticoke,42.8936,-73.5887,Erie Boulevard Hydropower LP,HY,2606,3,3,01 - Schaghticoke,4,1908,Unknown,Francis,Pelton Water Wheel Company,NA,146,5500,1.5,10M,020200031006,36083
hc1614_p01,hc1614_p01_4,Schaghticoke,42.8936,-73.5887,Erie Boulevard Hydropower LP,HY,2606,4,4,01 - Schaghticoke,4,1908,Unknown,Francis,Pelton Water Wheel Company,NA,146,5500,1.5,10M,020200031006,36083
hc1615_p01,hc1615_p01_1,Johnsonville,42.9197,-73.5084,Erie Boulevard Hydropower LP,HY,2580,1,1,01 - Johnsonville,2,1909,Unknown,Francis,S. Morgan Smith,NA,34,1400,0.3,10M,020200031002,36083
hc1615_p01,hc1615_p01_2,Johnsonville,42.9197,-73.5084,Erie Boulevard Hydropower LP,HY,2580,2,2,01 - Johnsonville,2,1909,Unknown,Francis,S. Morgan Smith,NA,34,1400,0.3,10M,020200031002,36083
hc1616_p01,hc1616_p01_1,Mission,35.0646,-83.9259,"Northbrook Carolina Hydro II, LLC",HY,2746,1,1,01 - Mission,0.6,1924,Unknown,Francis,S. Morgan Smith,NA,38,930,0.6,10M,060200020203,37039
hc1616_p01,hc1616_p01_2,Mission,35.0646,-83.9259,"Northbrook Carolina Hydro II, LLC",HY,2746,2,2,01 - Mission,0.6,1924,Unknown,Francis,S. Morgan Smith,NA,38,930,0.6,10M,060200020203,37039
hc1616_p01,hc1616_p01_3,Mission,35.0646,-83.9259,"Northbrook Carolina Hydro II, LLC",HY,2746,3,3,01 - Mission,0.6,1943,Unknown,Francis,S. Morgan Smith,NA,40,1040,0.6,10M,060200020203,37039
hc1617_p01,hc1617_p01_1,Lockhart,34.7786,-81.4561,Lockhart Power Co,HY,3275,HY5,1,01 - Lockhart,1.2,1921,Unknown,Francis,Allis-Chalmers,NA,50,1600,0.8,10M,030501060301,45087
hc1617_p01,hc1617_p01_2,Lockhart,34.7786,-81.4561,Lockhart Power Co,HY,3275,2,2,01 - Lockhart,4.2,1921,Unknown,Francis,Allis-Chalmers,NA,50,4500,1,10M,030501060301,45087
hc1617_p01,hc1617_p01_3,Lockhart,34.7786,-81.4561,Lockhart Power Co,HY,3275,HY1,3,01 - Lockhart,4.2,1921,Unknown,Francis,Allis-Chalmers,NA,50,4500,1,10M,030501060301,45087
hc1617_p01,hc1617_p01_4,Lockhart,34.7786,-81.4561,Lockhart Power Co,HY,3275,HY3,4,01 - Lockhart,4.2,1921,Unknown,Francis,Allis-Chalmers,NA,50,4500,1,10M,030501060301,45087
hc1617_p01,hc1617_p01_5,Lockhart,34.7786,-81.4561,Lockhart Power Co,HY,3275,HY4,5,01 - Lockhart,4.2,1921,Unknown,Francis,Allis-Chalmers,NA,50,4500,1,10M,030501060301,45087
hc1618_p01,hc1618_p01_1,Harris,33.2585,-85.613,Alabama Power Co,HY,6188,1,1,01 - R. L. Harris,67.5,1983,Unknown,Francis,DOMINION,NA,121,95000,61.5,1H,031501090105,01111
hc1618_p01,hc1618_p01_2,Harris,33.2585,-85.613,Alabama Power Co,HY,6188,2,2,01 - R. L. Harris,67.5,1983,Unknown,Francis,DOMINION,NA,121,95000,61.5,1H,031501090105,01111
hc1619_p01,hc1619_p01_1,Cadys Falls,44.5741,-72.6116,Village of Morrisville - (VT),HY,3765,1,1,01 - Cadys Falls,0.8,1914,Unknown,Francis,James Leffel & Co.,NA,40,1040,0.1,1H,041504050106,50015
hc1619_p01,hc1619_p01_2,Cadys Falls,44.5741,-72.6116,Village of Morrisville - (VT),HY,3765,2,2,01 - Cadys Falls,0.8,1947,Unknown,Kaplan,S. Morgan Smith,NA,42,1000,0.1,1H,041504050106,50015
hc1620_p01,hc1620_p01_1,Morrisville,44.5618,-72.6024,Village of Morrisville - (VT),HY,3764,1,1,01 - Morrisville,0.6,1924,Unknown,Francis,S. Morgan Smith,NA,52,825,0.1,1H,041504050106,50015
hc1620_p01,hc1620_p01_2,Morrisville,44.5618,-72.6024,Village of Morrisville - (VT),HY,3764,2,2,01 - Morrisville,1.2,1924,Unknown,Francis,S. Morgan Smith,NA,52,1445,0.1,1H,041504050106,50015
hc1621_p01,hc1621_p01_1,Green River,44.6256,-72.5317,Village of Morrisville - (VT),HY,678,1,1,01 - Green River,0.9,1983,Unknown,Francis,James Leffel & Co.,NA,84,1303,0.3,1H,041504050105,50015
hc1621_p01,hc1621_p01_2,Green River,44.6256,-72.5317,Village of Morrisville - (VT),HY,678,2,2,01 - Green River,0.9,1983,Unknown,Francis,James Leffel & Co.,NA,84,1303,0.3,1H,041504050105,50015
hc1622_p01,hc1622_p01_1,Prospect 2,42.742,-122.5128,PacifiCorp,HY,3033,1,1,02 - Prospect No. 2,16,1927,Unknown,Francis,Pelton Water Wheel Company,NA,607,23400,0,10M,1.71003E+11,41029
hc1622_p01,hc1622_p01_2,Prospect 2,42.742,-122.5128,PacifiCorp,HY,3033,2,2,02 - Prospect No. 2,16,1927,Unknown,Francis,Pelton Water Wheel Company,NA,607,23400,0,10M,1.71003E+11,41029
hc1622_p02,hc1622_p02_1,Prospect 4,42.742,-122.5128,PacifiCorp,HY,3035,1,1,03 - Prospect No. 4,1,1944,Unknown,Francis,Pelton Water Wheel Company,NA,112,1400,0,10M,1.71003E+11,41029
hc1623_p01,hc1623_p01_1,Prospect 1,42.7333,-122.5153,PacifiCorp,HY,3032,1,1,01 - Prospect No. 1,3.8,1912,Unknown,Francis,Allis-Chalmers,NA,550,7000,0,10M,1.71003E+11,41029
hc1624_p01,hc1624_p01_2,Woronoco,42.165,-72.8294,"Eagle Creek Renewable Energy, LLC",HY,50166,GEN1,2,01 - Woronoco,0.5,1916,Unknown,Francis,Holyoke,NA,50,2100,0.2,10M,010802060301,25013
hc1624_p01,hc1624_p01_3,Woronoco,42.165,-72.8294,"Eagle Creek Renewable Energy, LLC",HY,50166,GEN2A,3,01 - Woronoco,0.5,1916,Unknown,Francis,Holyoke,NA,50,2100,0.2,10M,010802060301,25013
hc1624_p01,hc1624_p01_1,Woronoco,42.165,-72.8294,"Eagle Creek Renewable Energy, LLC",HY,50166,GEN2,1,01 - Woronoco,1.8,1913,Unknown,Unknown,NA,NA,NA,NA,0.3,10M,010802060301,25013
hc1625_p01,hc1625_p01_4,Cornell,45.1652,-91.1579,Northern States Power Co - Minnesota,HY,6086,4,4,01 - Cornell,0.8,1977,Unknown,Kaplan,James Leffel & Co.,NA,36,1072,0.2,1H,070500050104,55017
hc1625_p01,hc1625_p01_1,Cornell,45.1652,-91.1579,Northern States Power Co - Minnesota,HY,6086,1,1,01 - Cornell,11.5,1976,Unknown,Kaplan,Allis-Chalmers,NA,36,13900,2.9,1H,070500050104,55017
hc1625_p01,hc1625_p01_2,Cornell,45.1652,-91.1579,Northern States Power Co - Minnesota,HY,6086,2,2,01 - Cornell,11.5,1976,Unknown,Kaplan,Allis-Chalmers,NA,36,13900,2.9,1H,070500050104,55017
hc1625_p01,hc1625_p01_3,Cornell,45.1652,-91.1579,Northern States Power Co - Minnesota,HY,6086,3,3,01 - Cornell,11.5,1976,Unknown,Kaplan,Allis-Chalmers,NA,36,13900,2.9,1H,070500050104,55017
hc1626_p01,hc1626_p01_1,Flambeau River Papers,45.9383,-90.445,Flambeau River Papers,HY,50620,GEN4,1,NA,0.4,1923,Unknown,Unknown,NA,NA,NA,NA,NA,NA,070500020503,55099
hc1626_p01,hc1626_p01_2,Flambeau River Papers,45.9383,-90.445,Flambeau River Papers,HY,50620,GEN5,2,NA,0.4,1923,Unknown,Unknown,NA,NA,NA,NA,NA,NA,070500020503,55099
hc1626_p01,hc1626_p01_3,Flambeau River Papers,45.9383,-90.445,Flambeau River Papers,HY,50620,GEN6,3,NA,0.4,1923,Unknown,Unknown,NA,NA,NA,NA,NA,NA,070500020503,55099
hc1626_p01,hc1626_p01_4,Flambeau River Papers,45.9383,-90.445,Flambeau River Papers,HY,50620,GEN7,4,NA,0.6,1923,Unknown,Unknown,NA,NA,NA,NA,NA,NA,070500020503,55099
hc1626_p01,hc1626_p01_5,Flambeau River Papers,45.9383,-90.445,Flambeau River Papers,HY,50620,GEN8,5,NA,0.6,1923,Unknown,Unknown,NA,NA,NA,NA,NA,NA,070500020503,55099
hc1626_p01,hc1626_p01_6,Flambeau River Papers,45.9383,-90.445,Flambeau River Papers,HY,50620,GN10,6,NA,0.5,1930,Unknown,Unknown,NA,NA,NA,NA,NA,NA,070500020503,55099
hc1626_p01,hc1626_p01_7,Flambeau River Papers,45.9383,-90.445,Flambeau River Papers,HY,50620,GEN9,7,NA,1,1930,Unknown,Unknown,NA,NA,NA,NA,NA,NA,070500020503,55099
hc1626_p01,hc1626_p01_8,Flambeau River Papers,45.9383,-90.445,Flambeau River Papers,HY,50620,GEN2,8,01 - Upper Hydro,0.45,1952,Unknown,Unknown,NA,NA,NA,NA,NA,NA,070500020503,55099
hc1626_p01,hc1626_p01_9,Flambeau River Papers,45.9383,-90.445,Flambeau River Papers,HY,50620,GEN3,9,01 - Upper Hydro,0.45,1952,Unknown,Unknown,NA,NA,NA,NA,NA,NA,070500020503,55099
hc1627_p01,hc1627_p01_1,Kansas River,38.9717,-95.24,Bowersock Mills & Power Co,HY,10279,1,1,01 - Kansas River,0.3,1920,Unknown,Francis,James Leffel & Co.,NA,17,467,0.1,10M,1.02701E+11,20045
hc1627_p01,hc1627_p01_2,Kansas River,38.9717,-95.24,Bowersock Mills & Power Co,HY,10279,2,2,01 - Kansas River,0.3,1922,Unknown,Francis,James Leffel & Co.,NA,17,513,0.1,10M,1.02701E+11,20045
hc1627_p01,hc1627_p01_3,Kansas River,38.9717,-95.24,Bowersock Mills & Power Co,HY,10279,3,3,01 - Kansas River,0.3,1922,Unknown,Francis,James Leffel & Co.,NA,17,416,0.1,10M,1.02701E+11,20045
hc1627_p01,hc1627_p01_4,Kansas River,38.9717,-95.24,Bowersock Mills & Power Co,HY,10279,4,4,01 - Kansas River,0.3,1922,Unknown,Francis,James Leffel & Co.,NA,17,487,0.1,10M,1.02701E+11,20045
hc1627_p01,hc1627_p01_5,Kansas River,38.9717,-95.24,Bowersock Mills & Power Co,HY,10279,5,5,01 - Kansas River,0.4,1922,Unknown,Francis,James Leffel & Co.,NA,17,756,0.1,10M,1.02701E+11,20045
hc1627_p01,hc1627_p01_6,Kansas River,38.9717,-95.24,Bowersock Mills & Power Co,HY,10279,6,6,01 - Kansas River,0.4,1925,Unknown,Kaplan,James Leffel & Co.,NA,17,756,0.2,10M,1.02701E+11,20045
hc1627_p01,hc1627_p01_7,Kansas River,38.9717,-95.24,Bowersock Mills & Power Co,HY,10279,7,7,01 - Kansas River,0.4,1925,Unknown,Kaplan,James Leffel & Co.,NA,17,756,0.2,10M,1.02701E+11,20045
hc1627_p01,hc1627_p01_8,Kansas River,38.9717,-95.24,Bowersock Mills & Power Co,HY,10279,11,8,NA,1,2012,Unknown,Kaplan,HTE Engineering,NA,NA,NA,0.8,10M,1.02701E+11,20045
hc1627_p01,hc1627_p01_9,Kansas River,38.9717,-95.24,Bowersock Mills & Power Co,HY,10279,8,9,NA,1,2012,Unknown,Kaplan,HTE Engineering,NA,NA,NA,0.8,10M,1.02701E+11,20045
hc1627_p01,hc1627_p01_10,Kansas River,38.9717,-95.24,Bowersock Mills & Power Co,HY,10279,10,10,NA,1.3,2012,Unknown,Kaplan,HTE Engineering,NA,NA,NA,0.9,10M,1.02701E+11,20045
hc1627_p01,hc1627_p01_11,Kansas River,38.9717,-95.24,Bowersock Mills & Power Co,HY,10279,9,11,NA,1.3,2012,Unknown,Kaplan,HTE Engineering,NA,NA,NA,0.9,10M,1.02701E+11,20045
hc1628_p01,hc1628_p01_2,Effley,43.9228,-75.2776,Erie Boulevard Hydropower LP,HY,2557,2,2,"01 - Effley - ""Old""",0.4,1907,Unknown,Francis,NA,NA,55,550,0.4,10M,041501011103,36049
hc1628_p01,hc1628_p01_1,Effley,43.9228,-75.2776,Erie Boulevard Hydropower LP,HY,2557,1,1,"01 - Effley - ""Old""",0.4,1902,Unknown,Francis,NA,NA,55,550,0.4,10M,041501011103,36049
hc1628_p01,hc1628_p01_3,Effley,43.9228,-75.2776,Erie Boulevard Hydropower LP,HY,2557,3,3,"01 - Effley - ""Old""",0.6,1910,Unknown,Francis,NA,NA,54,1069,0.4,10M,041501011103,36049
hc1628_p01,hc1628_p01_4,Effley,43.9228,-75.2776,Erie Boulevard Hydropower LP,HY,2557,4,4,"02 - Effley - ""New""",1.6,1923,Unknown,Francis,NA,NA,52.6,2100,1.4,10M,041501011103,36049
hc1629_p01,hc1629_p01_1,Soft Maple,43.9191,-75.2429,Erie Boulevard Hydropower LP,HY,2610,1,1,01 - Soft Maple,8,1925,Unknown,Francis,NA,NA,121.5,10500,4,10M,041501011103,36049
hc1629_p01,hc1629_p01_2,Soft Maple,43.9191,-75.2429,Erie Boulevard Hydropower LP,HY,2610,2,2,01 - Soft Maple,8,1925,Unknown,Francis,NA,NA,121.5,10500,4,10M,041501011103,36049
hc1630_p01,hc1630_p01_1,Eagle,43.9018,-75.1948,Erie Boulevard Hydropower LP,HY,2555,2,1,01 - Eagle,1,1914,Unknown,Francis,NA,NA,135,2000,1,10M,041501011103,36049
hc1630_p01,hc1630_p01_3,Eagle,43.9018,-75.1948,Erie Boulevard Hydropower LP,HY,2555,3,3,01 - Eagle,1,1919,Unknown,Francis,NA,NA,135,2000,1,10M,041501011103,36049
hc1630_p01,hc1630_p01_2,Eagle,43.9018,-75.1948,Erie Boulevard Hydropower LP,HY,2555,1,2,01 - Eagle,2,1914,Unknown,Francis,NA,NA,135,2000,1.1000000000000001,10M,041501011103,36049
hc1630_p01,hc1630_p01_4,Eagle,43.9018,-75.1948,Erie Boulevard Hydropower LP,HY,2555,4,4,01 - Eagle,2,1925,Unknown,Francis,NA,NA,125,2500,1.8,10M,041501011103,36049
hc1631_p01,hc1631_p01_1,Moshier,43.8877,-75.1098,Erie Boulevard Hydropower LP,HY,2588,1,1,01 - Moshier,4,1929,Unknown,Francis,NA,NA,196,5900,2.5,10M,041501011101,36043
hc1631_p01,hc1631_p01_2,Moshier,43.8877,-75.1098,Erie Boulevard Hydropower LP,HY,2588,2,2,01 - Moshier,4,1929,Unknown,Francis,NA,NA,196,5900,2.5,10M,041501011101,36043
hc1632_p01,hc1632_p01_1,Elmer,43.9273,-75.2887,Erie Boulevard Hydropower LP,HY,2559,1,1,01 - Elmer,1,1916,Unknown,Francis,NA,NA,37,1200,0.7,10M,041501011103,36049
hc1632_p01,hc1632_p01_2,Elmer,43.9273,-75.2887,Erie Boulevard Hydropower LP,HY,2559,2,2,01 - Elmer,1,1916,Unknown,Francis,NA,NA,37,1200,0.7,10M,041501011103,36049
hc1633_p01,hc1633_p01_1,Taylorville,43.9278,-75.3117,Erie Boulevard Hydropower LP,HY,2617,1,1,01 - Taylorville,1,1913,Unknown,Francis,NA,NA,96.6,1660,0.9,10M,041501011103,36049
hc1633_p01,hc1633_p01_2,Taylorville,43.9278,-75.3117,Erie Boulevard Hydropower LP,HY,2617,2,2,01 - Taylorville,1,1913,Unknown,Francis,NA,NA,96.6,1660,0.9,10M,041501011103,36049
hc1633_p01,hc1633_p01_3,Taylorville,43.9278,-75.3117,Erie Boulevard Hydropower LP,HY,2617,3,3,01 - Taylorville,1,1913,Unknown,Francis,NA,NA,96.6,1660,0.9,10M,041501011103,36049
hc1633_p01,hc1633_p01_4,Taylorville,43.9278,-75.3117,Erie Boulevard Hydropower LP,HY,2617,4,4,01 - Taylorville,1,1927,Unknown,Francis,NA,NA,96.6,1820,1.1000000000000001,10M,041501011103,36049
hc1634_p01,hc1634_p01_1,Belfort,43.9275,-75.332,Erie Boulevard Hydropower LP,HY,2544,1,1,01 - Belfort,0.4,1903,Unknown,Francis,NA,NA,48,680,0.2,10M,041501011103,36049
hc1634_p01,hc1634_p01_2,Belfort,43.9275,-75.332,Erie Boulevard Hydropower LP,HY,2544,2,2,01 - Belfort,0.6,1915,Unknown,Francis,NA,NA,48,1360,0.4,10M,041501011103,36049
hc1634_p01,hc1634_p01_3,Belfort,43.9275,-75.332,Erie Boulevard Hydropower LP,HY,2544,3,3,01 - Belfort,1,1918,Unknown,Francis,NA,NA,48,1500,0.7,10M,041501011103,36049
hc1635_p01,hc1635_p01_1,High Falls,43.9248,-75.3735,Erie Boulevard Hydropower LP,HY,2575,1,1,01 - High Falls,2,1925,Unknown,Francis,NA,NA,100,2750,1,10M,041501011103,36049
hc1635_p01,hc1635_p01_2,High Falls,43.9248,-75.3735,Erie Boulevard Hydropower LP,HY,2575,2,2,01 - High Falls,2,1925,Unknown,Francis,NA,NA,100,2750,1,10M,041501011103,36049
hc1635_p01,hc1635_p01_3,High Falls,43.9248,-75.3735,Erie Boulevard Hydropower LP,HY,2575,3,3,01 - High Falls,2,1925,Unknown,Francis,NA,NA,100,2750,1,10M,041501011103,36049
hc1636_p01,hc1636_p01_1,Elkhart,41.6917,-85.9583,Indiana Michigan Power Co,HY,986,2,1,01 - Elkhart,1,1921,Unknown,Francis,James Leffel & Co.,NA,17.100000000000001,1400,0.3,1H,040500012004,18039
hc1636_p01,hc1636_p01_2,Elkhart,41.6917,-85.9583,Indiana Michigan Power Co,HY,986,3,2,01 - Elkhart,1,1921,Unknown,Francis,James Leffel & Co.,NA,17.100000000000001,1400,0.3,1H,040500012004,18039
hc1636_p01,hc1636_p01_3,Elkhart,41.6917,-85.9583,Indiana Michigan Power Co,HY,986,1,3,01 - Elkhart,1.4,1921,Unknown,Francis,S. Morgan Smith,NA,17.100000000000001,2400,0.5,1H,040500012004,18039
hc1637_p01,hc1637_p01_2,Big Fork,48.0593,-114.0699,PacifiCorp,HY,6459,1,2,01 - Big Fork,1.7,1927,Unknown,Francis,S. Morgan Smith,NA,105,2400,0,10M,1.70102E+11,30029
hc1637_p01,hc1637_p01_1,Big Fork,48.0593,-114.0699,PacifiCorp,HY,6459,3,1,01 - Big Fork,0.7,1910,Unknown,Francis,Allis-Chalmers,NA,110,1340,0,10M,1.70102E+11,30029
hc1637_p01,hc1637_p01_3,Big Fork,48.0593,-114.0699,PacifiCorp,HY,6459,2,3,01 - Big Fork,1.7,1928,Unknown,Francis,S. Morgan Smith,NA,105,2400,0,10M,1.70102E+11,30029
hc1638_p02,hc1638_p02_1,Farmers ID No. 2,45.6671,-121.5244,Farmer's Irrigation District,HY,10323,TURGO,1,NA,2.6,2015,Unknown,Unknown,NA,NA,NA,NA,0.5,1H,1.70701E+11,41027
hc1639_p01,hc1639_p01_1,Hat Creek 1,40.92931187,-121.5444471,Pacific Gas & Electric Co.,HY,243,1,1,01 - Hat Creek No. 1,10,1921,Unknown,Francis,NA,NA,200,15000,0,10M,1.802E+11,06089
hc1640_p01,hc1640_p01_1,Hat Creek 2,40.96065899,-121.5486344,Pacific Gas & Electric Co.,HY,244,1,1,01 - Hat Creek No. 2,10,1921,Unknown,Francis,NA,NA,198,15000,0,10M,1.802E+11,06089
hc1641_p01,hc1641_p01_1,Scotland Dam,41.6649,-72.1226,FirstLight Power Resources Services LLC,HY,551,1,1,01 - Scotland,2,1937,Unknown,Kaplan,S. Morgan Smith,NA,25,2910,0.2,1H,011000020303,09015
hc1642_p01,hc1642_p01_1,Pillager,46.315,-94.485,"ALLETE, Inc.",HY,1898,1,1,01 - Pillager,0.8,1917,Unknown,Francis,S. Morgan Smith,NA,22,1300,0.1,10M,070101061106,27097
hc1642_p01,hc1642_p01_2,Pillager,46.315,-94.485,"ALLETE, Inc.",HY,1898,2,2,01 - Pillager,0.8,1917,Unknown,Francis,S. Morgan Smith,NA,22,1300,0.1,10M,070101061106,27097
hc1643_p01,hc1643_p01_3,Medway,45.6074,-68.5459,"Brookfield Black Bear Hydro, LLC",HY,55288,MW03,3,01 - Medway,0.8,1923,Unknown,Francis,Wellman Seaver Morgan,NA,16,1000,0.3,12H,010200011007,23019
hc1643_p01,hc1643_p01_1,Medway,45.6074,-68.5459,"Brookfield Black Bear Hydro, LLC",HY,55288,MW01,1,01 - Medway,0.8,1923,Unknown,Francis,Wellman Seaver Morgan,NA,16,1000,0.4,12H,010200011007,23019
hc1643_p01,hc1643_p01_2,Medway,45.6074,-68.5459,"Brookfield Black Bear Hydro, LLC",HY,55288,MW02,2,01 - Medway,0.8,1923,Unknown,Francis,Wellman Seaver Morgan,NA,16,1000,0.4,12H,010200011007,23019
hc1643_p01,hc1643_p01_4,Medway,45.6074,-68.5459,"Brookfield Black Bear Hydro, LLC",HY,55288,MW04,4,01 - Medway,0.8,1925,Unknown,Francis,Wellman Seaver Morgan,NA,16,1000,0.4,12H,010200011007,23019
hc1643_p01,hc1643_p01_5,Medway,45.6074,-68.5459,"Brookfield Black Bear Hydro, LLC",HY,55288,MW05,5,01 - Medway,0.8,1925,Unknown,Francis,Newport News,NA,16,1000,0.4,12H,010200011007,23019
hc1644_p01,hc1644_p01_1,Bear Swamp,42.6838,-72.9603,Bear Swamp Power Company LLC,PS,8005,GEN1,1,01 - Bear Swamp,333,1974,Unknown,Pump,Hitachi,NA,720,406667,220,10M,010802030201,25011
hc1644_p01,hc1644_p01_2,Bear Swamp,42.6838,-72.9603,Bear Swamp Power Company LLC,PS,8005,GEN2,2,01 - Bear Swamp,333,1974,Unknown,Pump,Hitachi,NA,720,406667,220,10M,010802030201,25011
hc1645_p01,hc1645_p01_1,Fife Brook,42.6853,-72.9764,Bear Swamp Power Company LLC,HY,8004,GEN1,1,01 - Fife Brook,11.2,1974,Unknown,Francis,James Leffel & Co.,NA,98,15000,3,10M,010802030201,25011
hc1646_p01,hc1646_p01_2,Dells,44.8278,-91.5111,Northern States Power Co - Minnesota,HY,4002,5,2,01 - Dells - Powerhouse A,1.6,1924,Unknown,Kaplan,NA,NA,27,1830,0.4,10M,070500050502,55035
hc1646_p01,hc1646_p01_1,Dells,44.8278,-91.5111,Northern States Power Co - Minnesota,HY,4002,1,1,01 - Dells - Powerhouse A,2.9,1923,Unknown,Kaplan,NA,NA,27,1830,0.7,10M,070500050502,55035
hc1646_p01,hc1646_p01_3,Dells,44.8278,-91.5111,Northern States Power Co - Minnesota,HY,4002,2,3,01 - Dells - Powerhouse A,2.6,1924,Unknown,Kaplan,NA,NA,27,1830,0.7,10M,070500050502,55035
hc1646_p01,hc1646_p01_4,Dells,44.8278,-91.5111,Northern States Power Co - Minnesota,HY,4002,3,4,01 - Dells - Powerhouse A,2.6,1924,Unknown,Kaplan,NA,NA,27,1830,0.7,10M,070500050502,55035
hc1646_p01,hc1646_p01_5,Dells,44.8278,-91.5111,Northern States Power Co - Minnesota,HY,4002,4,5,01 - Dells - Powerhouse A,2.6,1924,Unknown,Kaplan,NA,NA,27,1830,0.7,10M,070500050502,55035
hc1647_p01,hc1647_p01_1,Vergennes 9,44.1662,-73.2563,Green Mountain Power Corp,HY,6519,1,1,01 - Vergennes No. 9,0.7,1912,Unknown,Francis,Holyoke,NA,35,1136,0.2,10M,041504020502,50001
hc1647_p01,hc1647_p01_2,Vergennes 9,44.1662,-73.2563,Green Mountain Power Corp,HY,6519,2,2,01 - Vergennes No. 9,0.7,1912,Unknown,Francis,Holyoke,NA,35,1136,0.2,10M,041504020502,50001
hc1647_p01,hc1647_p01_3,Vergennes 9,44.1662,-73.2563,Green Mountain Power Corp,HY,6519,4,3,01 - Vergennes No. 9B,1,1943,Unknown,Francis,James Leffel & Co.,NA,35,1400,0.2,10M,041504020502,50001
hc1648_p01,hc1648_p01_1,Ludington,43.895,-86.4283,Consumers Energy Co - (MI),PS,1713,1,1,01 - Ludington,329.8,1973,Unknown,Francis,Hitachi,NA,372.5,460000,240,10M,040601011002,26105
hc1648_p01,hc1648_p01_2,Ludington,43.895,-86.4283,Consumers Energy Co - (MI),PS,1713,2,2,01 - Ludington,329.8,1973,Unknown,Francis,Hitachi,NA,372.5,460000,240,10M,040601011002,26105
hc1648_p01,hc1648_p01_3,Ludington,43.895,-86.4283,Consumers Energy Co - (MI),PS,1713,3,3,01 - Ludington,329.8,1973,Unknown,Francis,Hitachi,NA,372.5,460000,240,10M,040601011002,26105
hc1648_p01,hc1648_p01_4,Ludington,43.895,-86.4283,Consumers Energy Co - (MI),PS,1713,4,4,01 - Ludington,329.8,1973,Unknown,Francis,Hitachi,NA,372.5,460000,240,10M,040601011002,26105
hc1648_p01,hc1648_p01_5,Ludington,43.895,-86.4283,Consumers Energy Co - (MI),PS,1713,5,5,01 - Ludington,329.8,1973,Unknown,Francis,Hitachi,NA,372.5,460000,240,10M,040601011002,26105
hc1648_p01,hc1648_p01_6,Ludington,43.895,-86.4283,Consumers Energy Co - (MI),PS,1713,6,6,01 - Ludington,329.8,1973,Unknown,Francis,Hitachi,NA,372.5,460000,240,10M,040601011002,26105
hc1649_p01,hc1649_p01_1,Arpin Dam,45.7516,-91.2025,Renewable World Energies LLC,HY,3995,3,1,01 - Arpin,0.2,1971,Unknown,Francis,James Leffel & Co.,NA,35,800,0,10M,070500010509,55113
hc1649_p01,hc1649_p01_2,Arpin Dam,45.7516,-91.2025,Renewable World Energies LLC,HY,3995,1,2,01 - Arpin,0.6,1971,Unknown,Kaplan,James Leffel & Co.,NA,NA,NA,0,10M,070500010509,55113
hc1649_p01,hc1649_p01_3,Arpin Dam,45.7516,-91.2025,Renewable World Energies LLC,HY,3995,2,3,01 - Arpin,0.6,1971,Unknown,Unknown,NA,NA,35,800,0,10M,070500010509,55113
hc1650_p01,hc1650_p01_1,Blenheim Gilboa,42.4451,-74.4384,New York Power Authority,PS,2691,1,1,01 - Blenheim-gilboa,250,1972,Unknown,Pump,Hitachi,NA,1007,350000,1,10M,020200050302,36095
hc1650_p01,hc1650_p01_2,Blenheim Gilboa,42.4451,-74.4384,New York Power Authority,PS,2691,2,2,01 - Blenheim-gilboa,250,1972,Unknown,Pump,Hitachi,NA,1007,350000,1,10M,020200050302,36095
hc1650_p01,hc1650_p01_3,Blenheim Gilboa,42.4451,-74.4384,New York Power Authority,PS,2691,3,3,01 - Blenheim-gilboa,250,1972,Unknown,Pump,Hitachi,NA,1007,350000,1,10M,020200050302,36095
hc1650_p01,hc1650_p01_4,Blenheim Gilboa,42.4451,-74.4384,New York Power Authority,PS,2691,4,4,01 - Blenheim-gilboa,250,1972,Unknown,Pump,Hitachi,NA,1007,350000,1,10M,020200050302,36095
hc1651_p01,hc1651_p01_1,Tuckasegee,35.2344,-83.1252,"Duke Energy Carolinas, LLC",HY,2751,1,1,01 - Tuckasegee,3,1950,Unknown,Francis,S. Morgan Smith,NA,118,3915,2.5,10M,060102030103,37099
hc1652_p01,hc1652_p01_1,Thorpe,35.1962,-83.1525,"Duke Energy Carolinas, LLC",HY,2750,1,1,01 - Thorpe,21.6,1941,Unknown,Pelton,Allis-Chalmers,NA,1150,30000,19.7,10M,060102030102,37099
hc1653_p01,hc1653_p01_1,Pit 1,41.0082,-121.4482,Pacific Gas & Electric Co.,HY,265,H1,1,01 - Pit No. 1,34.6,1922,Unknown,Francis,NA,NA,400,40000,0,10M,1.802E+11,06089
hc1653_p01,hc1653_p01_2,Pit 1,41.0082,-121.4482,Pacific Gas & Electric Co.,HY,265,H2,2,01 - Pit No. 1,34.6,1922,Unknown,Francis,NA,NA,400,40000,0,10M,1.802E+11,06089
hc1654_p01,hc1654_p01_1,Oconto Falls Lower,44.87,-88.1433,"Eagle Creek Renewable Energy, LLC",HY,50439,GEN1,1,01 - Oconto Falls #1,0.3,1971,Unknown,Unknown,NA,NA,NA,NA,0.1,10M,040301040505,55083
hc1654_p01,hc1654_p01_2,Oconto Falls Lower,44.87,-88.1433,"Eagle Creek Renewable Energy, LLC",HY,50439,GEN2,2,02 - Oconto Falls #2,1.7,1971,Unknown,Kaplan,S. Morgan Smith,NA,34,1500,0.5,10M,040301040505,55083
hc1655_p01,hc1655_p01_1,Nantahala,35.1992,-83.6538,"Duke Energy Carolinas, LLC",HY,2747,1,1,01 - Nantahala,43.2,1942,Unknown,Francis,Newport News,NA,925,60000,43.2,10M,060102020303,37113
hc1656_p01,hc1656_p01_1,Queens Creek,35.2758,-83.6571,"Duke Energy Carolinas, LLC",HY,6438,1,1,01 - Queens Creek,1.4,1948,Unknown,Pelton,S. Morgan Smith,NA,935,2250,1.4,10M,060102020305,37113
hc1657_p01,hc1657_p01_1,Dexter Plant,44.005,-76.0441,"Central Rivers Power US, LLC",HY,10538,GEN5,1,02 - Beanery Plant,0.2,1986,Unknown,Kaplan,James Leffel & Co.,NA,14,300,0.1,1H,041501011404,36045
hc1657_p01,hc1657_p01_2,Dexter Plant,44.005,-76.0441,"Central Rivers Power US, LLC",HY,10538,GEN3,2,01 - Dexter - Main Plant,0.2,1988,Unknown,Kaplan,James Leffel & Co.,NA,14,435,0.1,1H,041501011404,36045
hc1657_p01,hc1657_p01_3,Dexter Plant,44.005,-76.0441,"Central Rivers Power US, LLC",HY,10538,GEN4,3,01 - Dexter - Main Plant,0.2,1988,Unknown,Kaplan,James Leffel & Co.,NA,14,435,0.1,1H,041501011404,36045
hc1657_p01,hc1657_p01_4,Dexter Plant,44.005,-76.0441,"Central Rivers Power US, LLC",HY,10538,GEN1,4,01 - Dexter - Main Plant,0.5,1988,Unknown,Kaplan,James Leffel & Co.,NA,14,435,0.1,1H,041501011404,36045
hc1657_p01,hc1657_p01_5,Dexter Plant,44.005,-76.0441,"Central Rivers Power US, LLC",HY,10538,GEN2,5,01 - Dexter - Main Plant,0.5,1988,Unknown,Kaplan,James Leffel & Co.,NA,14,435,0.1,1H,041501011404,36045
hc1657_p01,hc1657_p01_6,Dexter Plant,44.005,-76.0441,"Central Rivers Power US, LLC",HY,10538,GEN6,6,01 - Frontenac Plant,1.3,1988,Unknown,Kaplan,ESAC,NA,16,1870,0.1,1H,041501011404,36045
hc1657_p01,hc1657_p01_7,Dexter Plant,44.005,-76.0441,"Central Rivers Power US, LLC",HY,10538,GEN7,7,01 - Frontenac Plant,1.3,1988,Unknown,Kaplan,ESAC,NA,16,1870,0.1,1H,041501011404,36045
hc1658_p01,hc1658_p01_1,Stuyvesant Falls,42.3591,-73.7315,Albany Engineering Corporation,HY,58873,UNIT1,1,01 - Stuyvesant Falls,3,2012,Unknown,Francis,NA,NA,75,4800,0.3,10M,020200060609,36021
hc1658_p01,hc1658_p01_2,Stuyvesant Falls,42.3591,-73.7315,Albany Engineering Corporation,HY,58873,UNIT2,2,NA,3,2012,Unknown,Unknown,NA,NA,NA,NA,0.3,10M,020200060609,36021
hc1659_p01,hc1659_p01_1,Cedar Falls,44.9358,-91.8889,Northern States Power Co - Minnesota,HY,3998,3,1,01 - Cedar Falls,2,1910,Unknown,Francis,NA,NA,48,3600,1.1000000000000001,1H,070500071003,55033
hc1659_p01,hc1659_p01_2,Cedar Falls,44.9358,-91.8889,Northern States Power Co - Minnesota,HY,3998,2,2,01 - Cedar Falls,2,1911,Unknown,Francis,NA,NA,48,3600,1.1000000000000001,1H,070500071003,55033
hc1659_p01,hc1659_p01_3,Cedar Falls,44.9358,-91.8889,Northern States Power Co - Minnesota,HY,3998,1,3,01 - Cedar Falls,2,1915,Unknown,Francis,NA,NA,48,3200,1.2,1H,070500071003,55033
hc1660_p01,hc1660_p01_1,East Fork,35.2136,-83.0023,"Duke Energy Carolinas, LLC",HY,2749,1,1,01 - East Fork (Tenn Cr),10.8,1955,Unknown,Francis,S. Morgan Smith,NA,502,12570,9.8000000000000007,10M,060102030101,37099
hc1661_p01,hc1661_p01_1,Bear Creek,35.2414,-83.0724,"Duke Energy Carolinas, LLC",HY,2741,1,1,01 - Bear Creek,9,1954,Unknown,Francis,S. Morgan Smith,NA,230,13040,9,10M,060102030104,37099
hc1662_p01,hc1662_p01_1,Cedar Cliff,35.2534,-83.0993,"Duke Energy Carolinas, LLC",HY,2743,1,1,01 - Cedar Cliff,6.4,1952,Unknown,Francis,S. Morgan Smith,NA,170,9400,6.4,10M,060102030104,37099
hc1663_p01,hc1663_p01_1,Angels,38.1163,-120.5157,Utica Water & Power Authority,HY,215,1,1,01 - Angels,1.4,1940,Unknown,Unknown,NA,NA,NA,NA,0.3,10M,1.804E+11,06009
hc1664_p01,hc1664_p01_1,Trenton Falls,43.2856,-75.153,Erie Boulevard Hydropower LP,HY,2619,6,1,01 - Trenton Falls,6.4,1919,Unknown,Francis,Platt Iron Works,NA,255,10500,2,10M,020200040507,36043
hc1664_p01,hc1664_p01_2,Trenton Falls,43.2856,-75.153,Erie Boulevard Hydropower LP,HY,2619,5,2,01 - Trenton Falls,6.8,1919,Unknown,Francis,Platt Iron Works,NA,255,10500,2,10M,020200040507,36043
hc1664_p01,hc1664_p01_3,Trenton Falls,43.2856,-75.153,Erie Boulevard Hydropower LP,HY,2619,7,3,01 - Trenton Falls,8.7,1922,Unknown,Francis,Platt Iron Works,NA,255,10500,2,10M,020200040507,36043
hc1665_p01,hc1665_p01_1,Prospect,43.3047,-75.1431,Erie Boulevard Hydropower LP,HY,2599,1,1,01 - Prospect,19,1959,Unknown,Francis,NA,NA,135,23700,4,10M,020200040507,36043
hc1666_p01,hc1666_p01_1,Newhalem,48.669248,-121.249872,City of Seattle - (WA),HY,9842,20,1,01 - Newhalem,2.3,1970,Unknown,Pelton,Pelton Impulse,NA,500,1500,0,10M,1.711E+11,53073
hc1667_p01,hc1667_p01_1,Orono,44.8835,-68.6652,"Brookfield Black Bear Hydro, LLC",HY,57184,1,1,01 - Orono,0.5,2009,Unknown,Francis,S. Morgan Smith,NA,25,800,0.2,1H,010200050603,23019
hc1667_p01,hc1667_p01_2,Orono,44.8835,-68.6652,"Brookfield Black Bear Hydro, LLC",HY,57184,2,2,01 - Orono,0.6,2009,Unknown,Francis,S. Morgan Smith,NA,25,800,0.2,1H,010200050603,23019
hc1667_p01,hc1667_p01_3,Orono,44.8835,-68.6652,"Brookfield Black Bear Hydro, LLC",HY,57184,3,3,01 - Orono,0.8,2009,Unknown,Francis,Rodney Hunt,NA,25,1200,0.3,1H,010200050603,23019
hc1667_p01,hc1667_p01_4,Orono,44.8835,-68.6652,"Brookfield Black Bear Hydro, LLC",HY,57184,4,4,01 - Orono,0.8,2009,Unknown,Francis,Rodney Hunt,NA,25,1200,0.3,1H,010200050603,23019
hc1667_p02,hc1667_p02_1,Orono B,44.884444,-68.663889,"Brookfield Black Bear Hydro, LLC",HY,59438,ORB-1,1,NA,1.3,2013,Unknown,Unknown,NA,NA,NA,NA,0.5,1H,010200050603,23019
hc1667_p02,hc1667_p02_2,Orono B,44.884444,-68.663889,"Brookfield Black Bear Hydro, LLC",HY,59438,ORB-2,2,NA,1.3,2013,Unknown,Unknown,NA,NA,NA,NA,0.5,1H,010200050603,23019
hc1667_p02,hc1667_p02_3,Orono B,44.884444,-68.663889,"Brookfield Black Bear Hydro, LLC",HY,59438,ORB-3,3,NA,1.3,2013,Unknown,Unknown,NA,NA,NA,NA,0.5,1H,010200050603,23019
hc1668_p01,hc1668_p01_1,Trego,45.9483,-91.8879,Northern States Power Co - Minnesota,HY,4012,2,1,01 - Trego,0.5,1927,Unknown,Francis,James Leffel & Co.,NA,29,785,0.1,10M,070300020403,55129
hc1668_p01,hc1668_p01_2,Trego,45.9483,-91.8879,Northern States Power Co - Minnesota,HY,4012,1,2,01 - Trego,0.7,1927,Unknown,Francis,James Leffel & Co.,NA,29,1095,0.2,10M,070300020403,55129
hc1669_p01,hc1669_p01_1,Stillwater Hydro Station,44.9111,-68.6841,"Brookfield Black Bear Hydro, LLC",HY,1478,SW01,1,01 - Stillwater,0.4,1949,Unknown,Francis,S. Morgan Smith,NA,19,590,0.2,1H,010200050510,23019
hc1669_p01,hc1669_p01_2,Stillwater Hydro Station,44.9111,-68.6841,"Brookfield Black Bear Hydro, LLC",HY,1478,SW02,2,01 - Stillwater,0.4,1949,Unknown,Francis,S. Morgan Smith,NA,19,590,0.2,1H,010200050510,23019
hc1669_p01,hc1669_p01_3,Stillwater Hydro Station,44.9111,-68.6841,"Brookfield Black Bear Hydro, LLC",HY,1478,SW03,3,01 - Stillwater,0.4,1949,Unknown,Francis,S. Morgan Smith,NA,19,590,0.2,1H,010200050510,23019
hc1669_p01,hc1669_p01_4,Stillwater Hydro Station,44.9111,-68.6841,"Brookfield Black Bear Hydro, LLC",HY,1478,SW04,4,01 - Stillwater,0.6,1949,Unknown,Francis,James Leffel & Co.,NA,19,890,0.2,1H,010200050510,23019
hc1669_p02,hc1669_p02_1,Stillwater B,44.912667,-68.683833,"Brookfield Black Bear Hydro, LLC",HY,59437,SWB-1,1,NA,0.8,2013,Unknown,Unknown,NA,NA,NA,NA,0.3,1H,010200050510,23019
hc1669_p02,hc1669_p02_2,Stillwater B,44.912667,-68.683833,"Brookfield Black Bear Hydro, LLC",HY,59437,SWB-2,2,NA,0.8,2013,Unknown,Unknown,NA,NA,NA,NA,0.3,1H,010200050510,23019
hc1669_p02,hc1669_p02_3,Stillwater B,44.912667,-68.683833,"Brookfield Black Bear Hydro, LLC",HY,59437,SWB-3,3,NA,0.8,2013,Unknown,Unknown,NA,NA,NA,NA,0.3,1H,010200050510,23019
hc1670_p01,hc1670_p01_1,Browns Falls,44.21141475,-75.05948019,Erie Boulevard Hydropower LP,HY,2548,1,1,01 - Browns Falls,8,1923,Unknown,Francis,Wellman Seaver Morgan,NA,260,11500,7,10M,041503020601,36089
hc1670_p01,hc1670_p01_2,Browns Falls,44.21141475,-75.05948019,Erie Boulevard Hydropower LP,HY,2548,2,2,01 - Browns Falls,8,1923,Unknown,Francis,Wellman Seaver Morgan,NA,260,11500,7,10M,041503020601,36089
hc1671_p01,hc1671_p01_1,Flat Rock,44.2215,-75.0738,Erie Boulevard Hydropower LP,HY,2563,1,1,01 - Flat Rock,2,1924,Unknown,Francis,American Hydro,NA,58,4000,1.4,10M,041503020601,36089
hc1671_p01,hc1671_p01_2,Flat Rock,44.2215,-75.0738,Erie Boulevard Hydropower LP,HY,2563,2,2,01 - Flat Rock,3,1924,Unknown,Francis,Wellman Seaver Morgan,NA,58,4000,2.5,10M,041503020601,36089
hc1672_p01,hc1672_p01_4,South Edwards,44.2665,-75.1921,Erie Boulevard Hydropower LP,HY,2604,4,4,"02 - South Edwards - ""Minimum Flow""",1,1994,Unknown,Pump,Flygt,NA,59.6,335,0.2,10M,041503020603,36089
hc1672_p01,hc1672_p01_3,South Edwards,44.2665,-75.1921,Erie Boulevard Hydropower LP,HY,2604,3,3,"01 - South Edwards - ""Main""",1,1921,Unknown,Francis,S. Morgan Smith,NA,80,950,0.6,10M,041503020603,36089
hc1672_p01,hc1672_p01_1,South Edwards,44.2665,-75.1921,Erie Boulevard Hydropower LP,HY,2604,1,1,"01 - South Edwards - ""Main""",1,1912,Unknown,Francis,S. Morgan Smith,NA,83,1725,0.9,10M,041503020603,36089
hc1672_p01,hc1672_p01_2,South Edwards,44.2665,-75.1921,Erie Boulevard Hydropower LP,HY,2604,2,2,"01 - South Edwards - ""Main""",1,1912,Unknown,Francis,S. Morgan Smith,NA,83,1725,0.9,10M,041503020603,36089
hc1673_p01,hc1673_p01_1,Eel Weir,44.6383,-75.4911,Erie Boulevard Hydropower LP,HY,2556,1,1,01 - Eel Weir,0.5,1928,Unknown,Francis,American Hydro,NA,12.5,600,0.4,10M,041503021003,36089
hc1673_p01,hc1673_p01_2,Eel Weir,44.6383,-75.4911,Erie Boulevard Hydropower LP,HY,2556,2,2,01 - Eel Weir,1,1928,Unknown,Kaplan,I.P. Morris,NA,12.5,1350,0.8,10M,041503021003,36089
hc1673_p01,hc1673_p01_3,Eel Weir,44.6383,-75.4911,Erie Boulevard Hydropower LP,HY,2556,3,3,01 - Eel Weir,1,1928,Unknown,Kaplan,I.P. Morris,NA,12.5,1350,0.8,10M,041503021003,36089
hc1674_p01,hc1674_p01_1,Heuvelton,44.6177,-75.4048,Erie Boulevard Hydropower LP,HY,2573,1,1,01 - Heuvelton,0.5,1924,Unknown,Francis,James Leffel & Co.,NA,13,730,0.2,10M,041503021002,36089
hc1674_p01,hc1674_p01_2,Heuvelton,44.6177,-75.4048,Erie Boulevard Hydropower LP,HY,2573,2,2,01 - Heuvelton,0.5,1924,Unknown,Francis,James Leffel & Co.,NA,14,730,0.2,10M,041503021002,36089
hc1675_p01,hc1675_p01_1,Oswegatchie,44.2698,-75.1989,Erie Boulevard Hydropower LP,HY,58678,1,1,01 - Oswegatchie,0.9,2002,Unknown,Kaplan,Canadian Hydro Components,NA,34.700000000000003,1280,0.5,10M,041503020603,36089
hc1675_p01,hc1675_p01_2,Oswegatchie,44.2698,-75.1989,Erie Boulevard Hydropower LP,HY,58678,2,2,01 - Oswegatchie,0.9,2002,Unknown,Kaplan,Canadian Hydro Components,NA,34.700000000000003,1280,0.5,10M,041503020603,36089
hc1676_p01,hc1676_p01_1,Combined Locks,44.3233,-88.315,City of Kaukauna,HY,4201,HC1,1,01 - Combined Locks,3.1,1987,Unknown,Kaplan,Voith,NA,19.3,3900,0.2,10M,040302040205,55087
hc1676_p01,hc1676_p01_2,Combined Locks,44.3233,-88.315,City of Kaukauna,HY,4201,HC2,2,01 - Combined Locks,3.1,1987,Unknown,Kaplan,Voith,NA,19.3,3900,0.2,10M,040302040205,55087
hc1677_p01,hc1677_p01_1,Bath County,38.2266,-79.8237,Virginia Electric & Power Co,PS,6167,1,1,01 - Bath County,477,1985,Unknown,Pump,Allis-Chalmers,NA,1100,509400,207,1H,020802010203,51017
hc1677_p01,hc1677_p01_2,Bath County,38.2266,-79.8237,Virginia Electric & Power Co,PS,6167,2,2,01 - Bath County,477,1985,Unknown,Pump,Allis-Chalmers,NA,1100,509400,207,1H,020802010203,51017
hc1677_p01,hc1677_p01_3,Bath County,38.2266,-79.8237,Virginia Electric & Power Co,PS,6167,3,3,01 - Bath County,477,1985,Unknown,Pump,Allis-Chalmers,NA,1100,509400,207,1H,020802010203,51017
hc1677_p01,hc1677_p01_4,Bath County,38.2266,-79.8237,Virginia Electric & Power Co,PS,6167,4,4,01 - Bath County,477,1985,Unknown,Pump,Allis-Chalmers,NA,1100,509400,207,1H,020802010203,51017
hc1677_p01,hc1677_p01_5,Bath County,38.2266,-79.8237,Virginia Electric & Power Co,PS,6167,5,5,01 - Bath County,477,1985,Unknown,Pump,Allis-Chalmers,NA,1100,509400,207,1H,020802010203,51017
hc1677_p01,hc1677_p01_6,Bath County,38.2266,-79.8237,Virginia Electric & Power Co,PS,6167,6,6,01 - Bath County,477,1985,Unknown,Pump,Allis-Chalmers,NA,1100,509400,207,1H,020802010203,51017
hc1678_p01,hc1678_p01_1,Sturgeon Falls,45.7416,-87.8635,City of Norway,HY,1848,2,1,01 - Sturgeon Falls,1.2,1905,Unknown,Unknown,NA,NA,NA,NA,0.8,1H,040301080707,26043
hc1678_p01,hc1678_p01_3,Sturgeon Falls,45.7416,-87.8635,City of Norway,HY,1848,4,3,NA,1.2,1986,Unknown,Unknown,NA,NA,NA,NA,0.8,1H,040301080707,26043
hc1678_p01,hc1678_p01_4,Sturgeon Falls,45.7416,-87.8635,City of Norway,HY,1848,3,4,01 - Sturgeon Falls,1.2,1988,Unknown,Unknown,NA,NA,NA,NA,0.8,1H,040301080707,26043
hc1678_p01,hc1678_p01_2,Sturgeon Falls,45.7416,-87.8635,City of Norway,HY,1848,1,2,01 - Sturgeon Falls,2.7,1905,Unknown,Unknown,NA,NA,NA,NA,1,1H,040301080707,26043
hc1680_p01,hc1680_p01_1,Hamilton,39.4103087,-84.5544526,City of Hamilton - (OH),HY,7807,3,1,01 - Hamilton,1.1,1995,Unknown,Francis,James Leffel & Co.,NA,27,1092,0.3,1H,050800020902,39017
hc1680_p01,hc1680_p01_2,Hamilton,39.4103087,-84.5544526,City of Hamilton - (OH),HY,7807,4,2,01 - Hamilton,1.1,1995,Unknown,Francis,James Leffel & Co.,NA,27,1092,0.3,1H,050800020902,39017
hc1681_p01,hc1681_p01_1,Rocky Mountain PS,34.355642,-85.304002,Oglethorpe Power Corporation,PS,6189,1,1,01 - Rocky Mountain PS,282.6,1995,Unknown,Francis,HITACHI,NA,613,353000,100,10M,031501030506,13115
hc1681_p01,hc1681_p01_2,Rocky Mountain PS,34.355642,-85.304002,Oglethorpe Power Corporation,PS,6189,2,2,01 - Rocky Mountain PS,282.6,1995,Unknown,Francis,HITACHI,NA,613,353000,100,10M,031501030506,13115
hc1681_p01,hc1681_p01_3,Rocky Mountain PS,34.355642,-85.304002,Oglethorpe Power Corporation,PS,6189,3,3,01 - Rocky Mountain PS,282.6,1995,Unknown,Francis,HITACHI,NA,613,353000,100,10M,031501030506,13115
hc1682_p01,hc1682_p01_1,Upper Malad,42.8657,-114.8679,Idaho Power Co,HY,823,1,1,01 - Upper Malad,8.3,1948,Unknown,Francis,Allis-Chalmers,NA,124,12000,0,10M,1.70402E+11,16047
hc1683_p01,hc1683_p01_1,Lower Malad,42.8644,-114.8844,Idaho Power Co,HY,815,1,1,01 - Lower Malad,13.5,1948,Unknown,Francis,Allis-Chalmers,NA,157,22000,0,10M,1.70402E+11,16047
hc1684_p01,hc1684_p01_1,PPL Ellsworth Hydro Station,44.5444,-68.43,"Brookfield Black Bear Hydro, LLC",HY,1469,EL04,1,01 - Ellsworth,2.4,1924,Unknown,Kaplan,S. Morgan Smith,NA,60,3800,1,12H,010500021302,23009
hc1684_p01,hc1684_p01_3,PPL Ellsworth Hydro Station,44.5444,-68.43,"Brookfield Black Bear Hydro, LLC",HY,1469,EL02,3,01 - Ellsworth,2,1938,Unknown,Kaplan,S. Morgan Smith,NA,60,2900,0.5,12H,010500021302,23009
hc1684_p01,hc1684_p01_4,PPL Ellsworth Hydro Station,44.5444,-68.43,"Brookfield Black Bear Hydro, LLC",HY,1469,EL03,4,01 - Ellsworth,2,1938,Unknown,Kaplan,S. Morgan Smith,NA,60,2900,0.5,12H,010500021302,23009
hc1684_p01,hc1684_p01_2,PPL Ellsworth Hydro Station,44.5444,-68.43,"Brookfield Black Bear Hydro, LLC",HY,1469,EL01,2,01 - Ellsworth,2.5,1924,Unknown,Kaplan,S. Morgan Smith,NA,60,3800,1,12H,010500021302,23009
hc1685_p01,hc1685_p01_1,Weybridge,44.0665,-73.2166,Green Mountain Power Corp,HY,3728,1,1,01 - Weybridge,3,1951,Unknown,Kaplan,S. Morgan Smith,NA,31,4900,0.5,10M,041504020307,50001
hc1686_p01,hc1686_p01_1,Helms Pumped Storage,37.0385,-118.9661,Pacific Gas & Electric Co.,PS,6100,1,1,01 - Helms,351,1984,Unknown,Francis,NA,NA,1625,480000,83,10M,1.803E+11,06019
hc1686_p01,hc1686_p01_2,Helms Pumped Storage,37.0385,-118.9661,Pacific Gas & Electric Co.,PS,6100,2,2,01 - Helms,351,1984,Unknown,Francis,NA,NA,1500,480000,83,10M,1.803E+11,06019
hc1686_p01,hc1686_p01_3,Helms Pumped Storage,37.0385,-118.9661,Pacific Gas & Electric Co.,PS,6100,3,3,01 - Helms,351,1984,Unknown,Francis,NA,NA,NA,480000,83,10M,1.803E+11,06019
hc1687_p01,hc1687_p01_1,Lower Middlebury,44.0253,-73.1783,Green Mountain Power Corp,HY,3716,1,1,01 - Middlebury Lower,0.8,1918,Unknown,Francis,James Leffel & Co.,NA,28,700,0.2,10M,041504020307,50001
hc1687_p01,hc1687_p01_2,Lower Middlebury,44.0253,-73.1783,Green Mountain Power Corp,HY,3716,2,2,01 - Middlebury Lower,0.8,1918,Unknown,Francis,James Leffel & Co.,NA,28,700,0.2,10M,041504020307,50001
hc1687_p01,hc1687_p01_3,Lower Middlebury,44.0253,-73.1783,Green Mountain Power Corp,HY,3716,3,3,01 - Middlebury Lower,0.8,1918,Unknown,Francis,James Leffel & Co.,NA,28,1400,0.2,10M,041504020307,50001
hc1688_p01,hc1688_p01_1,High Falls,44.6273,-73.7579,New York State Elec & Gas Corp,HY,2530,1,1,01 - High Falls,4,1949,Unknown,Francis,James Leffel & Co.,NA,255,6300,0,1H,041504060502,36019
hc1688_p01,hc1688_p01_2,High Falls,44.6273,-73.7579,New York State Elec & Gas Corp,HY,2530,2,2,01 - High Falls,4,1949,Unknown,Francis,James Leffel & Co.,NA,255,6300,0,1H,041504060502,36019
hc1688_p01,hc1688_p01_3,High Falls,44.6273,-73.7579,New York State Elec & Gas Corp,HY,2530,3,3,01 - High Falls,7,1955,Unknown,Francis,James Leffel & Co.,NA,230.5,8220,0,1H,041504060502,36019
hc1689_p01,hc1689_p01_1,Cadyville,44.6968,-73.6278,New York State Elec & Gas Corp,HY,2522,1,1,01 - Cadyville,1.2,1921,Unknown,Francis,James Leffel & Co.,NA,75.5,1690,0,1H,041504060503,36019
hc1689_p01,hc1689_p01_2,Cadyville,44.6968,-73.6278,New York State Elec & Gas Corp,HY,2522,2,2,01 - Cadyville,1.2,1921,Unknown,Francis,James Leffel & Co.,NA,75.7,1690,0,1H,041504060503,36019
hc1689_p01,hc1689_p01_3,Cadyville,44.6968,-73.6278,New York State Elec & Gas Corp,HY,2522,3,3,01 - Cadyville,3.1,1986,Unknown,Francis,Allis-Chalmers,NA,71,4429,0,1H,041504060503,36019
hc1690_p01,hc1690_p01_1,Mill C,44.696,-73.6136,New York State Elec & Gas Corp,HY,6486,1,1,01 - Mill C - Powerhouse A,1,1944,Unknown,Francis,Rodney Hunt,NA,65,1690,0,1H,041504060504,36019
hc1690_p01,hc1690_p01_2,Mill C,44.696,-73.6136,New York State Elec & Gas Corp,HY,6486,2,2,01 - Mill C - Powerhouse A,1.2,1943,Unknown,Francis,Rodney Hunt,NA,65,1690,0,1H,041504060504,36019
hc1690_p01,hc1690_p01_3,Mill C,44.696,-73.6136,New York State Elec & Gas Corp,HY,6486,3,3,02 - Mill C - Powerhouse  B,3.8,1984,Unknown,Kaplan,Allis-Chalmers,NA,64,5550,0,1H,041504060504,36019
hc1691_p01,hc1691_p01_1,Kent Falls,44.7018,-73.6053,New York State Elec & Gas Corp,HY,2532,1,1,01 - Kent Falls,3.2,1928,Unknown,Francis,I.P. Morris,NA,152,4780,0,1H,041504060504,36019
hc1691_p01,hc1691_p01_2,Kent Falls,44.7018,-73.6053,New York State Elec & Gas Corp,HY,2532,2,2,01 - Kent Falls,3.2,1928,Unknown,Francis,I.P. Morris,NA,152,4780,0,1H,041504060504,36019
hc1691_p01,hc1691_p01_3,Kent Falls,44.7018,-73.6053,New York State Elec & Gas Corp,HY,2532,3,3,01 - Kent Falls,6,1985,Unknown,Francis,Axel Johnson,NA,155,8910,0,1H,041504060504,36019
hc1692_p01,hc1692_p01_2,Bad Creek,35.0075,-83.0181,"Duke Energy Carolinas, LLC",PS,7125,4,2,01 - Bad Creek,420,1991,Unknown,Pump,Voith,NA,1013,344000,250,10M,030601010104,45073
hc1692_p01,hc1692_p01_1,Bad Creek,35.0075,-83.0181,"Duke Energy Carolinas, LLC",PS,7125,3,1,01 - Bad Creek,420,1991,Unknown,Pump,Voith,NA,1013,344000,250,10M,030601010104,45073
hc1692_p01,hc1692_p01_3,Bad Creek,35.0075,-83.0181,"Duke Energy Carolinas, LLC",PS,7125,1,3,01 - Bad Creek,420,1991,Unknown,Pump,Voith,NA,1013,344000,250,10M,030601010104,45073
hc1692_p01,hc1692_p01_4,Bad Creek,35.0075,-83.0181,"Duke Energy Carolinas, LLC",PS,7125,2,4,01 - Bad Creek,420,1991,Unknown,Pump,Voith,NA,1013,344000,320,10M,030601010104,45073
hc1694_p01,hc1694_p01_1,Solomon Gulch,61.09,-146.3017,"Copper Valley Elec Assn, Inc",HY,390,1,1,01 - Solomon Gulch,6,1980,Unknown,Francis,Fuji,NA,620,8770,0.5,1H,1.90202E+11,NA
hc1694_p01,hc1694_p01_2,Solomon Gulch,61.09,-146.3017,"Copper Valley Elec Assn, Inc",HY,390,2,2,01 - Solomon Gulch,6,1980,Unknown,Francis,Fuji,NA,620,8770,0.5,1H,1.90202E+11,NA
hc1695_p01,hc1695_p01_1,Terror Lake,57.6667,-153.1,Kodiak Electric Assn Inc,HY,71,1,1,01 - Terror Lake,11.2,1984,Unknown,Pelton,Fuji,NA,1136,13350,0.3,12H,1.90207E+11,NA
hc1695_p01,hc1695_p01_2,Terror Lake,57.6667,-153.1,Kodiak Electric Assn Inc,HY,71,2,2,01 - Terror Lake,11.2,1984,Unknown,Pelton,Fuji,NA,1136,13350,0.3,12H,1.90207E+11,NA
hc1695_p01,hc1695_p01_3,Terror Lake,57.6667,-153.1,Kodiak Electric Assn Inc,HY,71,3,3,NA,11.2,2014,Unknown,Unknown,NA,NA,NA,NA,0.3,12H,1.90207E+11,NA
hc1696_p01,hc1696_p01_1,Park Mill,45.1075,-87.66,"Eagle Creek Renewable Energy, LLC",HY,50408,1,1,01 - Park Mill,0.4,1920,Unknown,Unknown,NA,NA,NA,NA,0.1,10M,040301080913,55075
hc1696_p01,hc1696_p01_2,Park Mill,45.1075,-87.66,"Eagle Creek Renewable Energy, LLC",HY,50408,2,2,01 - Park Mill,0.2,1922,Unknown,Unknown,NA,NA,NA,NA,0.1,10M,040301080913,55075
hc1696_p01,hc1696_p01_3,Park Mill,45.1075,-87.66,"Eagle Creek Renewable Energy, LLC",HY,50408,3,3,01 - Park Mill,0.4,1946,Unknown,Unknown,NA,NA,NA,NA,0.1,10M,040301080913,55075
hc1696_p01,hc1696_p01_4,Park Mill,45.1075,-87.66,"Eagle Creek Renewable Energy, LLC",HY,50408,6,4,01 - Park Mill,0.4,1966,Unknown,Unknown,NA,NA,NA,NA,0.1,10M,040301080913,55075
hc1696_p01,hc1696_p01_5,Park Mill,45.1075,-87.66,"Eagle Creek Renewable Energy, LLC",HY,50408,7,5,01 - Park Mill,0.4,1968,Unknown,Unknown,NA,NA,NA,NA,0.1,10M,040301080913,55075
hc1696_p01,hc1696_p01_6,Park Mill,45.1075,-87.66,"Eagle Creek Renewable Energy, LLC",HY,50408,10,6,01 - Park Mill,0.3,1988,Unknown,Unknown,NA,NA,NA,NA,0.1,10M,040301080913,55075
hc1697_p01,hc1697_p01_1,Menominee Mill Marinette,45.4,-87.6,"Eagle Creek Renewable Energy, LLC",HY,50409,4,1,01 - Menominee,0.4,1924,Unknown,Unknown,NA,NA,NA,NA,0.1,10M,040301080913,26109
hc1697_p01,hc1697_p01_2,Menominee Mill Marinette,45.4,-87.6,"Eagle Creek Renewable Energy, LLC",HY,50409,5,2,01 - Menominee,0.4,1924,Unknown,Unknown,NA,NA,NA,NA,0.1,10M,040301080913,26109
hc1697_p01,hc1697_p01_3,Menominee Mill Marinette,45.4,-87.6,"Eagle Creek Renewable Energy, LLC",HY,50409,8,3,01 - Menominee,0.5,1978,Unknown,Unknown,NA,NA,NA,NA,0.2,10M,040301080913,26109
hc1697_p01,hc1697_p01_4,Menominee Mill Marinette,45.4,-87.6,"Eagle Creek Renewable Energy, LLC",HY,50409,9,4,01 - Menominee,0.5,1978,Unknown,Unknown,NA,NA,NA,NA,0.2,10M,040301080913,26109
hc1698_p01,hc1698_p01_1,Chace Mill Winooski One,44.4891,-73.1843,City of Burlington Electric - (VT),HY,54355,GEN1,1,01 - Chace Mill,2.5,1993,Unknown,Kaplan,DBS Escher Wyss,NA,35,3300,0.3,10M,041504030704,50007
hc1698_p01,hc1698_p01_2,Chace Mill Winooski One,44.4891,-73.1843,City of Burlington Electric - (VT),HY,54355,GEN2,2,01 - Chace Mill,2.5,1993,Unknown,Kaplan,DBS Escher Wyss,NA,35,3300,0.3,10M,041504030704,50007
hc1698_p01,hc1698_p01_3,Chace Mill Winooski One,44.4891,-73.1843,City of Burlington Electric - (VT),HY,54355,GEN3,3,01 - Chace Mill,2.5,1993,Unknown,Kaplan,DBS Escher Wyss,NA,35,3300,0.3,10M,041504030704,50007
hc1699_p01,hc1699_p01_1,Upper Salmon B,42.7666,-114.9073,Idaho Power Co,HY,7079,1,1,01 - B-Plant Powerhouse,8.2,1947,Unknown,Kaplan,Baldwin,NA,35.5,11500,0,10M,1.70402E+11,16083
hc1699_p01,hc1699_p01_2,Upper Salmon B,42.7666,-114.9073,Idaho Power Co,HY,7079,2,2,01 - B-Plant Powerhouse,8.3,1947,Unknown,Kaplan,Baldwin,NA,35.5,11500,0,10M,1.70402E+11,16083
hc1700_p01,hc1700_p01_1,Upper Salmon A,42.7684,-114.9147,Idaho Power Co,HY,822,1,1,01 - A-Plant Powerhouse,9,1937,Unknown,Kaplan,S. Morgan Smith,NA,44,13000,0,10M,1.70402E+11,16083
hc1700_p01,hc1700_p01_2,Upper Salmon A,42.7684,-114.9147,Idaho Power Co,HY,822,2,2,01 - A-Plant Powerhouse,9,1937,Unknown,Kaplan,S. Morgan Smith,NA,44,13000,0,10M,1.70402E+11,16083
hc1701_p01,hc1701_p01_1,Shoshone Falls,42.6,-114.4,Idaho Power Co,HY,818,3,1,01 - Shoshone Falls,11.5,1921,Unknown,Francis,S. Morgan Smith,NA,204,14500,0,10M,1.70402E+11,16053
hc1701_p01,hc1701_p01_2,Shoshone Falls,42.6,-114.4,Idaho Power Co,HY,818,4,2,01 - Shoshone Falls,3.2,2020,Unknown,Unknown,NA,NA,NA,NA,0,10M,1.70402E+11,16053
hc1702_p01,hc1702_p01_1,Red Creek,37.8669,-112.681,Parowan City Corp,HY,6538,1,1,01 - Red Creek,0.6,1954,Unknown,Pelton,Platt Iron Works,NA,732,670,NA,NA,1.603E+11,49021
hc1704_p01,hc1704_p01_1,Ottauquechee Hydro,43.5933,-72.3506,Green Mountain Power Corp,HY,50126,2,1,01 - Ottauquechee Woolen,0.6,1987,Unknown,Francis,James Leffel & Co.,NA,30,805,0.1,10M,010801060207,50027
hc1704_p01,hc1704_p01_2,Ottauquechee Hydro,43.5933,-72.3506,Green Mountain Power Corp,HY,50126,1,2,01 - Ottauquechee Woolen,1.2,1987,Unknown,Kaplan,Voith,NA,30,1676,0.1,10M,010801060207,50027
hc1705_p01,hc1705_p01_2,Colliersville,42.5036,-74.985,Hydroland Omega LLC,HY,50079,GEN2,2,01 - Colliersville,0.6,1980,Unknown,Kaplan,Ossberger,NA,31,1150,0.1,1H,020501010605,36077
hc1705_p01,hc1705_p01_1,Goodyear Lake Plant,42.5036,-74.985,Hydroland Omega LLC,HY,50079,GEN1,1,01 - Colliersville,0.8,1980,Unknown,Kaplan,Ossberger,NA,31,1150,0.1,1H,020501010605,36077
hc1706_p01,hc1706_p01_1,Boott Hydropower,42.6481,-71.3087,"Boott Hydro, LLC - Hybrid",HY,10556,GEN1,1,01 - Eldred L. Field (ELF),7.5,1985,Unknown,Kaplan,Fuji,NA,39,11538,0.1,10M,010700061206,25017
hc1706_p01,hc1706_p01_2,Boott Hydropower,42.6481,-71.3087,"Boott Hydro, LLC - Hybrid",HY,10556,GEN2,2,01 - Eldred L. Field (ELF),7.5,1985,Unknown,Kaplan,Fuji,NA,39,11538,0.1,10M,010700061206,25017
hc1706_p01,hc1706_p01_3,Boott Hydropower,42.6481,-71.3087,"Boott Hydro, LLC - Hybrid",HY,10556,GEN3,3,NA,7.9,1985,Unknown,Unknown,NA,NA,NA,NA,0.1,10M,010700061206,25017
hc1706_p02,hc1706_p02_1,Swamp Locks,42.6419,-71.316,"Boott Hydropower, Inc. & Eldred L. Field Hydroelectric Facility Trust",HY,NA,NA,1,01 - Assets,0.265,1911,Unknown,Francis,Holyoke,NA,13,444,NA,NA,010700061206,25017
hc1706_p02,hc1706_p02_2,Swamp Locks,42.6419,-71.316,"Boott Hydropower, Inc. & Eldred L. Field Hydroelectric Facility Trust",HY,NA,NA,2,01 - Assets,0.265,1911,Unknown,Francis,Holyoke,NA,13,444,NA,NA,010700061206,25017
hc1706_p02,hc1706_p02_3,Swamp Locks,42.6419,-71.316,"Boott Hydropower, Inc. & Eldred L. Field Hydroelectric Facility Trust",HY,NA,NA,3,01 - Assets,0.265,1911,Unknown,Francis,Holyoke,NA,13,444,NA,NA,010700061206,25017
hc1706_p02,hc1706_p02_4,Swamp Locks,42.6419,-71.316,"Boott Hydropower, Inc. & Eldred L. Field Hydroelectric Facility Trust",HY,NA,NA,4,02 - Hamilton,0.16,1918,Unknown,Francis,James Leffel & Co.,NA,13,287,NA,NA,010700061206,25017
hc1706_p02,hc1706_p02_5,Swamp Locks,42.6419,-71.316,"Boott Hydropower, Inc. & Eldred L. Field Hydroelectric Facility Trust",HY,NA,NA,5,02 - Hamilton,0.18,1919,Unknown,Francis,James Leffel & Co.,NA,13,341,NA,NA,010700061206,25017
hc1706_p02,hc1706_p02_6,Swamp Locks,42.6419,-71.316,"Boott Hydropower, Inc. & Eldred L. Field Hydroelectric Facility Trust",HY,NA,NA,6,02 - Hamilton,0.28,1920,Unknown,Francis,James Leffel & Co.,NA,13,459,NA,NA,010700061206,25017
hc1706_p02,hc1706_p02_7,Swamp Locks,42.6419,-71.316,"Boott Hydropower, Inc. & Eldred L. Field Hydroelectric Facility Trust",HY,NA,NA,7,02 - Hamilton,0.28,1920,Unknown,Francis,James Leffel & Co.,NA,13,459,NA,NA,010700061206,25017
hc1706_p02,hc1706_p02_8,Swamp Locks,42.6419,-71.316,"Boott Hydropower, Inc. & Eldred L. Field Hydroelectric Facility Trust",HY,NA,NA,8,02 - Hamilton,0.28,1922,Unknown,Francis,James Leffel & Co.,NA,13,459,NA,NA,010700061206,25017
hc1706_p03,hc1706_p03_1,Lower Pawtucket Locks,42.6442,-71.3076,"Boott Hydropower, Inc. & Eldred L. Field Hydroelectric Facility Trust",HY,NA,NA,1,03 - Bridge Street - Main,0.75,1910,Unknown,Francis,Holyoke,NA,22,1010,NA,NA,010700061206,25017
hc1706_p03,hc1706_p03_2,Lower Pawtucket Locks,42.6442,-71.3076,"Boott Hydropower, Inc. & Eldred L. Field Hydroelectric Facility Trust",HY,NA,NA,2,03 - Bridge Street - Main,1.25,1910,Unknown,Francis,Holyoke,NA,22,1010,NA,NA,010700061206,25017
hc1706_p03,hc1706_p03_3,Lower Pawtucket Locks,42.6442,-71.3076,"Boott Hydropower, Inc. & Eldred L. Field Hydroelectric Facility Trust",HY,NA,NA,3,02 - Bridge Street - Section 8,0.36,1918,Unknown,Francis,Holyoke,NA,22,655,NA,NA,010700061206,25017
hc1706_p03,hc1706_p03_4,Lower Pawtucket Locks,42.6442,-71.3076,"Boott Hydropower, Inc. & Eldred L. Field Hydroelectric Facility Trust",HY,NA,NA,4,02 - Bridge Street - Section 8,0.36,1918,Unknown,Francis,Holyoke,NA,22,655,NA,NA,010700061206,25017
hc1706_p03,hc1706_p03_5,Lower Pawtucket Locks,42.6442,-71.3076,"Boott Hydropower, Inc. & Eldred L. Field Hydroelectric Facility Trust",HY,NA,NA,5,02 - Bridge Street - Section 8,0.36,1918,Unknown,Francis,Holyoke,NA,22,655,NA,NA,010700061206,25017
hc1706_p03,hc1706_p03_6,Lower Pawtucket Locks,42.6442,-71.3076,"Boott Hydropower, Inc. & Eldred L. Field Hydroelectric Facility Trust",HY,NA,NA,6,01 - John Street,0.4,1919,Unknown,Francis,Allis-Chalmers,NA,21,680,NA,NA,010700061206,25017
hc1706_p03,hc1706_p03_7,Lower Pawtucket Locks,42.6442,-71.3076,"Boott Hydropower, Inc. & Eldred L. Field Hydroelectric Facility Trust",HY,NA,NA,7,03 - Bridge Street - Main,0.36,1920,Unknown,Francis,S. Morgan Smith,NA,17,588,NA,NA,010700061206,25017
hc1706_p03,hc1706_p03_8,Lower Pawtucket Locks,42.6442,-71.3076,"Boott Hydropower, Inc. & Eldred L. Field Hydroelectric Facility Trust",HY,NA,NA,8,01 - John Street,1.2,1923,Unknown,Francis,Allis-Chalmers,NA,21,1925,NA,NA,010700061206,25017
hc1706_p03,hc1706_p03_9,Lower Pawtucket Locks,42.6442,-71.3076,"Boott Hydropower, Inc. & Eldred L. Field Hydroelectric Facility Trust",HY,NA,NA,9,01 - John Street,0.3,1949,Unknown,Francis,James Leffel & Co.,NA,21,482,NA,NA,010700061206,25017
hc1706_p03,hc1706_p03_10,Lower Pawtucket Locks,42.6442,-71.3076,"Boott Hydropower, Inc. & Eldred L. Field Hydroelectric Facility Trust",HY,NA,NA,10,01 - John Street,0.3,1949,Unknown,Francis,James Leffel & Co.,NA,21,482,NA,NA,010700061206,25017
hc1706_p03,hc1706_p03_11,Lower Pawtucket Locks,42.6442,-71.3076,"Boott Hydropower, Inc. & Eldred L. Field Hydroelectric Facility Trust",HY,NA,NA,11,01 - John Street,0.3,1949,Unknown,Francis,James Leffel & Co.,NA,21,482,NA,NA,010700061206,25017
hc1707_p01,hc1707_p01_1,Lake Siskiyou,41.2822,-122.3285,Siskiyou Power Authority,HY,50179,GEN1,1,01 - Lake Siskiyou,2.5,1985,Unknown,Francis,NA,NA,173,4740,0.2,1H,1.802E+11,06093
hc1707_p01,hc1707_p01_2,Lake Siskiyou,41.2822,-122.3285,Siskiyou Power Authority,HY,50179,GEN2,2,01 - Lake Siskiyou,2.5,1985,Unknown,Francis,NA,NA,173,4740,0.2,1H,1.802E+11,06093
hc1708_p01,hc1708_p01_1,Lawrence Hydroelectric Associates,42.7006,-71.1665,"Central Rivers Power US, LLC",HY,50545,GEN1,1,01 - Lawrence,7.4,1981,Unknown,Kaplan,NA,NA,26.5,11260,0.1,10M,010700061207,25009
hc1708_p01,hc1708_p01_2,Lawrence Hydroelectric Associates,42.7006,-71.1665,"Central Rivers Power US, LLC",HY,50545,GEN2,2,01 - Lawrence,7.4,1981,Unknown,Kaplan,NA,NA,26.5,11260,0.1,10M,010700061207,25009
hc1709_p01,hc1709_p01_1,Barker Lower,44.0867,-70.2298,KEI (Maine) Power Management (III) LLC,HY,10728,GEN1,1,01 - Barker's Mill,1.5,1986,Unknown,Kaplan,Allis-Chalmers,NA,49,1950,0.3,1H,010400020910,23001
hc1710_p01,hc1710_p01_1,American Tissue,44.2257,-69.7847,KEI (Maine) Power Management (III) LLC,HY,50688,GEN1,1,01 - American Tissue,1,1983,Unknown,Kaplan,Neyrpic,NA,45,1540,0.3,1H,010300032309,23011
hc1711_p01,hc1711_p01_1,Great Falls Hydro Project,40.9153,-74.1824,"Eagle Creek Renewable Energy, LLC",HY,52068,GEN1,1,01 - Great Falls,4.1,1986,Unknown,Kaplan,Allis-Chalmers,NA,67.900000000000006,5040,0.3,10M,020301030802,34031
hc1711_p01,hc1711_p01_2,Great Falls Hydro Project,40.9153,-74.1824,"Eagle Creek Renewable Energy, LLC",HY,52068,GEN2,2,01 - Great Falls,4.1,1986,Unknown,Kaplan,Allis-Chalmers,NA,67.900000000000006,5040,0.3,10M,020301030802,34031
hc1711_p01,hc1711_p01_3,Great Falls Hydro Project,40.9153,-74.1824,"Eagle Creek Renewable Energy, LLC",HY,52068,GEN3,3,01 - Great Falls,4.1,1986,Unknown,Kaplan,Allis-Chalmers,NA,67.900000000000006,5040,0.3,10M,020301030802,34031
hc1712_p01,hc1712_p01_1,Green Lake,56.9833,-135.1333,City & Borough of Sitka - (AK),HY,313,1,1,01 - Green Lake,9.3,1981,Unknown,Francis,Mitsubishi,NA,354,13330,4,1H,1.90102E+11,NA
hc1712_p01,hc1712_p01_2,Green Lake,56.9833,-135.1333,City & Borough of Sitka - (AK),HY,313,2,2,01 - Green Lake,9.3,1981,Unknown,Francis,Mitsubishi,NA,354,13300,4,1H,1.90102E+11,NA
hc1713_p01,hc1713_p01_1,Portland No. 1,45.48163148,-122.0832892,Portland City of,HY,4213,1,1,01 - Portland No. 1,23.7,1981,Unknown,Francis,Fuji,NA,165,32700,12,1H,1.708E+11,41051
hc1714_p01,hc1714_p01_1,Portland No. 2,45.4489966,-122.1511304,Portland City of,HY,4214,2,1,01 - Portland No. 2,11.8,1981,Unknown,Kaplan,Fuji,NA,100,16300,0.9,1H,1.708E+11,41005
hc1715_p01,hc1715_p01_1,Lower Beaver Falls,43.8841,-75.4305,"Eagle Creek Renewable Energy, LLC",HY,54691,2G,1,01 - Lower Beaver Falls,0.5,1980,Unknown,Francis,James Leffel & Co.,NA,20,700,0.1,10M,041501011105,36049
hc1715_p01,hc1715_p01_2,Lower Beaver Falls,43.8841,-75.4305,"Eagle Creek Renewable Energy, LLC",HY,54691,3G,2,01 - Lower Beaver Falls,0.5,1980,Unknown,Francis,James Leffel & Co.,NA,20,700,0.1,10M,041501011105,36049
hc1717_p01,hc1717_p01_1,Cowlitz Falls,46.4667,-122.1167,PUD No 1 of Lewis County,HY,7427,U#1,1,01 - Cowlitz Falls,35,1994,Unknown,Kaplan,Hitachi,NA,87.5,48000,12,10M,1.708E+11,53041
hc1717_p01,hc1717_p01_2,Cowlitz Falls,46.4667,-122.1167,PUD No 1 of Lewis County,HY,7427,U#2,2,01 - Cowlitz Falls,35,1994,Unknown,Kaplan,Hitachi,NA,87.5,48000,12,10M,1.708E+11,53041
hc1718_p01,hc1718_p01_1,Rainbow Falls,44.5233,-73.4596,New York State Elec & Gas Corp,HY,6526,1,1,01 - Rainbow Falls,1.3,1926,Unknown,Francis,S. Morgan Smith,NA,89,1850,0,1H,041504040302,36019
hc1718_p01,hc1718_p01_2,Rainbow Falls,44.5233,-73.4596,New York State Elec & Gas Corp,HY,6526,2,2,01 - Rainbow Falls,1.3,1926,Unknown,Francis,S. Morgan Smith,NA,89,1850,0,1H,041504040302,36019
hc1719_p01,hc1719_p01_1,Great Falls,44.501,-71.9987,The Town of Lyndon Electric Department,HY,3762,1,1,01 - Great Falls,0.3,1915,Unknown,Francis,S. Morgan Smith,NA,60,430,0.1,1H,010801020302,50005
hc1719_p01,hc1719_p01_2,Great Falls,44.501,-71.9987,The Town of Lyndon Electric Department,HY,3762,2,2,01 - Great Falls,0.3,1915,Unknown,Francis,S. Morgan Smith,NA,60,430,0.1,1H,010801020302,50005
hc1719_p01,hc1719_p01_3,Great Falls,44.501,-71.9987,The Town of Lyndon Electric Department,HY,3762,3,3,01 - Great Falls,1.3,1979,Unknown,Francis,James Leffel & Co.,NA,60,1850,0.1,1H,010801020302,50005
hc1720_p01,hc1720_p01_1,Upper Power Plant,43.5528,-112.0496,City of Idaho Falls - (ID),HY,844,4,1,01 - Upper Plant,8,1982,Unknown,Kaplan,Voest,NA,18,11067,8,1H,1.70402E+11,16019
hc1721_p01,hc1721_p01_1,City Power Plant,43.4916,-112.0444,City of Idaho Falls - (ID),HY,841,3,1,01 - City Plant,8,1982,Unknown,Kaplan,NA,NA,NA,NA,8,1H,1.70402E+11,16019
hc1722_p01,hc1722_p01_1,Lower No 2,43.469,-112.0607,City of Idaho Falls - (ID),HY,843,1,1,01 - Lower Plant- Original,3,1940,Unknown,Unknown,NA,NA,NA,NA,3,1H,1.70402E+11,16019
hc1722_p02,hc1722_p02_1,Lower No 1,43.469,-112.0607,City of Idaho Falls - (ID),HY,7012,2,1,02 - Lower Plant- New,8,1982,Unknown,Kaplan,NA,NA,18,NA,8,1H,1.70402E+11,16019
hc1723_p01,hc1723_p01_1,Emeryville,44.2972,-75.3663,Hampshire Paper Co Inc,HY,10116,5,1,01 - Emeryville,3.4,1987,Unknown,Kaplan,Allis-Chalmers,NA,32,4650,0.4,1H,041503020801,36089
hc1724_p01,hc1724_p01_1,Natural Dam,44.3344,-75.5041,BiOrigin Specialty Products,HY,54878,2,1,01 - Natural Dam,0.3,1959,Unknown,Francis,James Leffel & Co.,NA,24,430,0.1,1H,041503020802,36089
hc1724_p01,hc1724_p01_2,Natural Dam,44.3344,-75.5041,BiOrigin Specialty Products,HY,54878,3,2,01 - Natural Dam,0.3,1959,Unknown,Francis,James Leffel & Co.,NA,24,430,0.1,1H,041503020802,36089
hc1724_p01,hc1724_p01_3,Natural Dam,44.3344,-75.5041,BiOrigin Specialty Products,HY,54878,1,3,01 - Natural Dam,0.4,1959,Unknown,Francis,James Leffel & Co.,NA,24,430,0.1,1H,041503020802,36089
hc1725_p01,hc1725_p01_1,Broadwater Power Project,46.1201,-111.4073,Montana Dept-Natural Res&Consv,HY,54006,GEN1,1,01 - Broadwater,9.7,1989,Unknown,Kaplan,Voith,NA,21,14000,1.5,1H,1.00301E+11,30007
hc1727_p01,hc1727_p01_1,Pontook Hydro Facility,44.6331,-71.2484,Pontook Operating LP,HY,50741,GEN1,1,01 - Pontook,3.5,1986,Unknown,Kaplan,Neyrpic,NA,58.2,4267,1,1H,010400010604,33007
hc1727_p01,hc1727_p01_2,Pontook Hydro Facility,44.6331,-71.2484,Pontook Operating LP,HY,50741,GEN2,2,01 - Pontook,3.5,1986,Unknown,Kaplan,Neyrpic,NA,58.2,4267,1,1H,010400010604,33007
hc1727_p01,hc1727_p01_3,Pontook Hydro Facility,44.6331,-71.2484,Pontook Operating LP,HY,50741,GEN3,3,01 - Pontook,3.5,1986,Unknown,Kaplan,Neyrpic,NA,58.2,4267,1,1H,010400010604,33007
hc1729_p01,hc1729_p01_1,Drop No. 1 Powerhouse (Turlock Lake),37.6176,-120.5977,Turlock Irrigation District,HY,161,1,1,01 - Drop No. 1,1.1,1980,Unknown,Kaplan,NA,NA,29,1534,0.3,10M,1.804E+11,06099
hc1729_p01,hc1729_p01_2,Drop No. 1 Powerhouse (Turlock Lake),37.6176,-120.5977,Turlock Irrigation District,HY,161,2,2,01 - Drop No. 1,1.1,1980,Unknown,Kaplan,NA,NA,29,1534,0.3,10M,1.804E+11,06099
hc1729_p01,hc1729_p01_3,Drop No. 1 Powerhouse (Turlock Lake),37.6176,-120.5977,Turlock Irrigation District,HY,161,3,3,01 - Drop No. 1,1.1,1980,Unknown,Kaplan,NA,NA,29,1534,0.3,10M,1.804E+11,06099
hc1730_p01,hc1730_p01_1,Drop No. 9,37.626,-120.7502,Turlock Irrigation District,HY,162,1,1,01 - Drop No. 9,0.5,1979,Unknown,Kaplan,NA,NA,18,780,0.1,10M,1.804E+11,06099
hc1730_p01,hc1730_p01_2,Drop No. 9,37.626,-120.7502,Turlock Irrigation District,HY,162,2,2,01 - Drop No. 9,0.5,1979,Unknown,Kaplan,NA,NA,18,780,0.1,10M,1.804E+11,06099
hc1731_p01,hc1731_p01_1,Bolton Falls,44.3595,-72.8172,Green Mountain Power Corp,HY,7056,1,1,01 - Deforge,4.4,1986,Unknown,Kaplan,Dominion,NA,40,5300,0.9,1H,041504030604,50023
hc1731_p01,hc1731_p01_2,Bolton Falls,44.3595,-72.8172,Green Mountain Power Corp,HY,7056,2,2,01 - Deforge,4.4,1986,Unknown,Kaplan,Dominion,NA,40,5300,0.9,1H,041504030604,50023
hc1732_p01,hc1732_p01_1,Cherokee Falls,35.0638,-81.5484,Hydroland Omega LLC,HY,10173,T-1,1,01 - Cherokee Falls,4.3,1985,Unknown,Kaplan,Voest,NA,18,4350,0.1,10M,030501051603,45021
hc1733_p01,hc1733_p01_2,Fries Hydroelectric Project,36.7137,-80.9867,"Central Rivers Power US, LLC",HY,10798,GEN4,2,02 - Fries,2.4,1981,Unknown,Francis,S. Morgan Smith,NA,39,119,0.1,10M,050500010602,51077
hc1733_p01,hc1733_p01_1,Fries Hydroelectric Project,36.7137,-80.9867,"Central Rivers Power US, LLC",HY,10798,GEN3,1,01 - Fries,0.2,1933,Unknown,Francis,S. Morgan Smith,NA,39,119,0.1,10M,050500010602,51077
hc1733_p01,hc1733_p01_3,Fries Hydroelectric Project,36.7137,-80.9867,"Central Rivers Power US, LLC",HY,10798,GEN2,3,01 - Fries,0.8,1936,Unknown,Francis,James Leffel & Co.,NA,39,119,0.1,10M,050500010602,51077
hc1733_p01,hc1733_p01_4,Fries Hydroelectric Project,36.7137,-80.9867,"Central Rivers Power US, LLC",HY,10798,GEN1,4,01 - Fries,2,1939,Unknown,Kaplan,S. Morgan Smith,NA,46,NA,0.1,10M,050500010602,51077
hc1736_p01,hc1736_p01_1,Black Brook Dam,45.264,-92.264,Flambeau Hydro LLC,HY,347,1,1,01 - Black Brook,0.262,1982,Unknown,Francis,James Leffel & Co.,NA,26,318,NA,NA,070300050807,55095
hc1736_p01,hc1736_p01_2,Black Brook Dam,45.264,-92.264,Flambeau Hydro LLC,HY,347,2,2,01 - Black Brook,0.388,1982,Unknown,Francis,James Leffel & Co.,NA,26,565,NA,NA,070300050807,55095
hc1737_p02,hc1737_p02_1,Lake Mathews,33.9167,-117.8,Metropolitan Water District of S CA,HY,6644,1,1,02 - Lake Mathews,4.9,1980,Unknown,Unknown,NA,NA,NA,NA,2,12H,1.80701E+11,06065
hc1737_p03,hc1737_p03_1,Foothill Feeder,33.9167,-117.8,Metropolitan Water District of S CA,HY,6645,1,1,03 - Foothill Feeder,4.5,1981,Unknown,Unknown,NA,NA,NA,NA,2,12H,1.80701E+11,06037
hc1737_p03,hc1737_p03_2,Foothill Feeder,33.9167,-117.8,Metropolitan Water District of S CA,HY,6645,2,2,03 - Foothill Feeder,4.5,1981,Unknown,Unknown,NA,NA,NA,NA,2,12H,1.80701E+11,06037
hc1737_p04,hc1737_p04_1,San Dimas,33.9167,-117.8,Metropolitan Water District of S CA,HY,6646,1,1,04 - San Dimas,9.9,1981,Unknown,Unknown,NA,NA,NA,NA,1,12H,1.80701E+11,06037
hc1737_p05,hc1737_p05_1,Yorba Linda,33.9167,-117.8,Metropolitan Water District of S CA,HY,6647,1,1,05 - Yorba Linda Feeder,5.1,1981,Unknown,Unknown,NA,NA,NA,NA,1,12H,1.80701E+11,06059
hc1739_p01,hc1739_p01_1,Milner Hydro,42.5256,-114.0085,Idaho Power Co,HY,7190,3,1,01 - Milner Dam,0.8,1992,Unknown,Kaplan,Hydro West,NA,56.4,1130,0,10M,1.70402E+11,16083
hc1739_p01,hc1739_p01_2,Milner Hydro,42.5256,-114.0085,Idaho Power Co,HY,7190,2,2,01 - Main Powerhouse,12.1,1992,Unknown,Kaplan,Toshiba,NA,148,15475,0,10M,1.70402E+11,16083
hc1739_p01,hc1739_p01_3,Milner Hydro,42.5256,-114.0085,Idaho Power Co,HY,7190,1,3,01 - Main Powerhouse,46.6,1992,Unknown,Kaplan,Toshiba,NA,148,62398,0,10M,1.70402E+11,16083
hc1740_p01,hc1740_p01_1,Holcomb Rock,37.5101,-79.2659,Holcomb Rock Company,HY,56314,HG1,1,01 - Holcomb Rock,0.6,1920,Unknown,Unknown,NA,NA,NA,NA,0.1,10M,020802030301,NA
hc1740_p01,hc1740_p01_2,Holcomb Rock,37.5101,-79.2659,Holcomb Rock Company,HY,56314,HG2,2,01 - Holcomb Rock,0.6,1920,Unknown,Unknown,NA,NA,NA,NA,0.1,10M,020802030301,NA
hc1740_p01,hc1740_p01_3,Holcomb Rock,37.5101,-79.2659,Holcomb Rock Company,HY,56314,HG3,3,01 - Holcomb Rock,0.6,1920,Unknown,Unknown,NA,NA,NA,NA,0.1,10M,020802030301,NA
hc1741_p01,hc1741_p01_1,Big Island,37.5363,-79.3568,GP Big Island LLC,HY,50479,BHG1,1,01 - Big Island,0.2,1920,Unknown,Unknown,NA,NA,NA,NA,0.2,10M,020802030101,NA
hc1741_p01,hc1741_p01_2,Big Island,37.5363,-79.3568,GP Big Island LLC,HY,50479,BHG2,2,01 - Big Island,0.2,1920,Unknown,Unknown,NA,NA,NA,NA,0.2,10M,020802030101,NA
hc1742_p01,hc1742_p01_1,Village Plant,44.9023,-72.8077,Enosburg Falls Village of,HY,4246,HY1,1,01 - Village Plant,0.6,1943,Unknown,Kaplan,S. Morgan Smith,NA,21.5,890,NA,NA,041504070402,50011
hc1742_p02,hc1742_p02_1,Kendall,44.9023,-72.8077,Enosburg Falls Village of,HY,3757,HY2,1,02 - Kendall Plant,0.375,1992,Unknown,Francis,NA,NA,NA,400,NA,NA,041504070402,50011
hc1743_p01,hc1743_p01_1,Swan Lake,55.5319,-131.4053,Southeast Alaska Power Agency,HY,70,1,1,01 - Swan Lake,11.3,1982,Unknown,Francis,LITOSTROJ,NA,291,15200,1,10M,1.90101E+11,NA
hc1743_p01,hc1743_p01_2,Swan Lake,55.5319,-131.4053,Southeast Alaska Power Agency,HY,70,2,2,01 - Swan Lake,11.3,1982,Unknown,Francis,LITOSTROJ,NA,330,17000,1,10M,1.90101E+11,NA
hc1744_p01,hc1744_p01_1,Pardee,38.2571,-120.85,East Bay Municipal Util Dist,HY,376,1,1,01 - Pardee,7.5,1930,Unknown,Francis,Platt Iron Works,NA,317,13600,5,10M,1.804E+11,NA
hc1744_p01,hc1744_p01_2,Pardee,38.2571,-120.85,East Bay Municipal Util Dist,HY,376,2,2,01 - Pardee,7.5,1930,Unknown,Francis,Platt Iron Works,NA,317,13600,5,10M,1.804E+11,NA
hc1744_p01,hc1744_p01_3,Pardee,38.2571,-120.85,East Bay Municipal Util Dist,HY,376,3,3,01 - Pardee,8.6,1983,Unknown,Francis,Fuji,NA,305,14500,5,10M,1.804E+11,NA
hc1745_p01,hc1745_p01_1,Camanche,38.2252,-121.0225,East Bay Municipal Util Dist,HY,537,1,1,01 - Camanche,3.6,1983,Unknown,Kaplan,Dong Fang,NA,105,4200,0.8,10M,1.804E+11,06077
hc1745_p01,hc1745_p01_2,Camanche,38.2252,-121.0225,East Bay Municipal Util Dist,HY,537,2,2,01 - Camanche,3.6,1983,Unknown,Kaplan,Dong Fang,NA,105,4200,0.8,10M,1.804E+11,06077
hc1745_p01,hc1745_p01_3,Camanche,38.2252,-121.0225,East Bay Municipal Util Dist,HY,537,3,3,01 - Camanche,3.6,1983,Unknown,Kaplan,Dong Fang,NA,105,4200,0.8,10M,1.804E+11,06077
hc1746_p01,hc1746_p01_1,Eagle Pass,28.8292,-100.5518,Maverick Cty Water Control & Improvement,HY,3437,1,1,01 - Eagle Pass,3.2,1932,Unknown,Francis,James Leffel & Co.,NA,81,4500,0.1,1H,1.308E+11,48323
hc1746_p01,hc1746_p01_2,Eagle Pass,28.8292,-100.5518,Maverick Cty Water Control & Improvement,HY,3437,2,2,01 - Eagle Pass,3.2,1932,Unknown,Francis,James Leffel & Co.,NA,81,4500,0.1,1H,1.308E+11,48323
hc1746_p01,hc1746_p01_3,Eagle Pass,28.8292,-100.5518,Maverick Cty Water Control & Improvement,HY,3437,3,3,01 - Eagle Pass,3.2,1932,Unknown,Francis,James Leffel & Co.,NA,81,4500,0.1,1H,1.308E+11,48323
hc1748_p01,hc1748_p01_1,Gambo,43.747,-70.4392,Relevate Power Management LLC,HY,50447,GEN4,1,01 - Gambo,0.8,1913,Unknown,Francis,Allis-Chalmers,NA,NA,1340,0.3,12H,010600010304,23005
hc1748_p01,hc1748_p01_2,Gambo,43.747,-70.4392,Relevate Power Management LLC,HY,50447,GEN5,2,01 - Gambo,0.8,1913,Unknown,Francis,Allis-Chalmers,NA,NA,1340,0.3,12H,010600010304,23005
hc1749_p01,hc1749_p01_1,Mallison Falls,43.7271,-70.4199,Relevate Power Management LLC,HY,50447,GEN7,1,01 - Mallison Falls,0.6,1940,Unknown,Francis,S. Morgan Smith,NA,19,540,0.2,12H,010600010304,23005
hc1749_p01,hc1749_p01_2,Mallison Falls,43.7271,-70.4199,Relevate Power Management LLC,HY,50447,GEN6,2,01 - Mallison Falls,0.8,1923,Unknown,Francis,S. Morgan Smith,NA,19,540,0.3,12H,010600010304,23005
hc1750_p01,hc1750_p01_1,Upper Mechanicville,42.9123,-73.6792,New York State Elec & Gas Corp,HY,625,1,1,01 - Upper Mechanicville,8.2,1983,Unknown,Kaplan,Allis-Chalmers,NA,19,11500,0,1H,020200031104,36091
hc1750_p01,hc1750_p01_2,Upper Mechanicville,42.9123,-73.6792,New York State Elec & Gas Corp,HY,625,2,2,01 - Upper Mechanicville,8.2,1983,Unknown,Kaplan,Allis-Chalmers,NA,19,11500,0,1H,020200031104,36091
hc1751_p01,hc1751_p01_1,Enterprise,33.4764,-81.9826,Augusta Canal Authority,HY,54462,1,1,01 - Enterprise,0.6,1920,Unknown,Francis,S. Morgan Smith,NA,30,815,0.3,1H,030601060601,13245
hc1751_p01,hc1751_p01_2,Enterprise,33.4764,-81.9826,Augusta Canal Authority,HY,54462,2,2,01 - Enterprise,0.6,1920,Unknown,Francis,S. Morgan Smith,NA,30,815,0.3,1H,030601060601,13245
hc1753_p01,hc1753_p01_1,Little Falls,43.734,-70.4249,Relevate Power Management LLC,HY,50447,GN12,1,01 - Little Falls,0.2,1940,Unknown,Francis,NA,NA,18,335,0.1,12H,010600010304,23005
hc1753_p01,hc1753_p01_2,Little Falls,43.734,-70.4249,Relevate Power Management LLC,HY,50447,GN13,2,01 - Little Falls,0.2,1940,Unknown,Francis,NA,NA,18,335,0.1,12H,010600010304,23005
hc1753_p01,hc1753_p01_3,Little Falls,43.734,-70.4249,Relevate Power Management LLC,HY,50447,GN14,3,01 - Little Falls,0.2,1940,Unknown,Francis,NA,NA,18,335,0.1,12H,010600010304,23005
hc1753_p01,hc1753_p01_4,Little Falls,43.734,-70.4249,Relevate Power Management LLC,HY,50447,GN11,4,01 - Little Falls,0.6,1940,Unknown,Francis,NA,NA,18,335,0.2,12H,010600010304,23005
hc1754_p01,hc1754_p01_1,Dundee,43.7801062,-70.45317493,Relevate Power Management LLC,HY,50447,GEN1,1,01 - Dundee,0.6,1903,Unknown,Unknown,NA,NA,48,1600,0.1,12H,010600010304,23005
hc1754_p01,hc1754_p01_2,Dundee,43.7801062,-70.45317493,Relevate Power Management LLC,HY,50447,GEN2,2,01 - Dundee,0.6,1903,Unknown,Unknown,NA,NA,48,1600,0.1,12H,010600010304,23005
hc1754_p01,hc1754_p01_3,Dundee,43.7801062,-70.45317493,Relevate Power Management LLC,HY,50447,GEN3,3,01 - Dundee,0.6,1903,Unknown,Unknown,NA,NA,48,1600,0.1,12H,010600010304,23005
hc1754_p01,hc1754_p01_4,Dundee,43.7801062,-70.45317493,Relevate Power Management LLC,HY,50447,GEN4,4,01 - Dundee,0.8,1913,Unknown,Francis,S. Morgan Smith,NA,48,1600,0.1,12H,010600010304,23005
hc1754_p01,hc1754_p01_5,Dundee,43.7801062,-70.45317493,Relevate Power Management LLC,HY,50447,GEN5,5,01 - Dundee,0.8,1913,Unknown,Francis,S. Morgan Smith,NA,48,1600,0.2,12H,010600010304,23005
hc1754_p01,hc1754_p01_6,Dundee,43.7801062,-70.45317493,Relevate Power Management LLC,HY,50447,GEN6,6,01 - Dundee,0.8,1913,Unknown,Francis,S. Morgan Smith,NA,48,1600,0.2,12H,010600010304,23005
hc1754_p01,hc1754_p01_7,Dundee,43.7801062,-70.45317493,Relevate Power Management LLC,HY,50447,GEN7,7,01 - Dundee,0.6,1940,Unknown,Francis,S. Morgan Smith,NA,48,1600,0.2,12H,010600010304,23005
hc1754_p01,hc1754_p01_11,Dundee,43.7801062,-70.45317493,Relevate Power Management LLC,HY,50447,GN11,11,01 - Dundee,0.6,1940,Unknown,Francis,S. Morgan Smith,NA,48,1600,0.2,12H,010600010304,23005
hc1754_p01,hc1754_p01_12,Dundee,43.7801062,-70.45317493,Relevate Power Management LLC,HY,50447,GN12,12,01 - Dundee,0.2,1940,Unknown,Francis,S. Morgan Smith,NA,48,1600,0.2,12H,010600010304,23005
hc1754_p01,hc1754_p01_13,Dundee,43.7801062,-70.45317493,Relevate Power Management LLC,HY,50447,GN13,13,01 - Dundee,0.2,1940,Unknown,Francis,S. Morgan Smith,NA,48,1600,0.2,12H,010600010304,23005
hc1754_p01,hc1754_p01_14,Dundee,43.7801062,-70.45317493,Relevate Power Management LLC,HY,50447,GN14,14,01 - Dundee,0.2,1940,Unknown,Francis,S. Morgan Smith,NA,48,1600,0.2,12H,010600010304,23005
hc1754_p01,hc1754_p01_15,Dundee,43.7801062,-70.45317493,Relevate Power Management LLC,HY,50447,GN15,15,01 - Dundee,0.2,1940,Unknown,Francis,S. Morgan Smith,NA,48,1600,0.2,12H,010600010304,23005
hc1754_p01,hc1754_p01_16,Dundee,43.7801062,-70.45317493,Relevate Power Management LLC,HY,50447,GN16,16,01 - Dundee,0.5,1940,Unknown,Francis,S. Morgan Smith,NA,48,1600,0.2,12H,010600010304,23005
hc1754_p01,hc1754_p01_17,Dundee,43.7801062,-70.45317493,Relevate Power Management LLC,HY,50447,GN17,17,01 - Dundee,0.5,1940,Unknown,Francis,S. Morgan Smith,NA,48,1600,0.2,12H,010600010304,23005
hc1756_p01,hc1756_p01_1,High Falls,41.8297,-74.133,Central Hudson Gas & Elec Corp,HY,579,1,1,01 - High Falls,3.2,1986,Unknown,Kaplan,Voith,NA,47.2,5205,0.2,10M,020200070604,36111
hc1757_p01,hc1757_p01_1,Gem State,43.4219,-112.102,City of Idaho Falls - (ID),HY,790,1,1,01 - Gem State,23.4,1988,Unknown,Kaplan,Hitachi,NA,42,22600,23.4,1H,1.70402E+11,16019
hc1758_p01,hc1758_p01_1,Normanskill Hydro Project,42.7113,-73.9607,Watervliet City of,HY,50123,GEN1,1,01 - Normanskill,1.2,1983,Unknown,Kaplan,James Leffel & Co.,NA,66,1600,0.5,10M,020200060205,36001
hc1759_p01,hc1759_p01_1,South Fork Tolt,47.7069,-121.8067,City of Seattle - (WA),HY,622,1,1,01 - South Fork Tolt,16.8,1995,Unknown,Pelton,Voith,NA,891,22273,0,12H,1.711E+11,53033
hc1760_p01,hc1760_p01_1,Gonzales Hydro Plant,29.4968,-97.4549,City of Gonzales - (TX),HY,7394,1,1,01 - Gonzales,0.3,1984,Unknown,Kaplan,James Leffel & Co.,NA,15,530,0.2,10M,1.21002E+11,48177
hc1760_p01,hc1760_p01_2,Gonzales Hydro Plant,29.4968,-97.4549,City of Gonzales - (TX),HY,7394,2,2,01 - Gonzales,0.3,1984,Unknown,Kaplan,James Leffel & Co.,NA,15,530,0.2,10M,1.21002E+11,48177
hc1760_p01,hc1760_p01_3,Gonzales Hydro Plant,29.4968,-97.4549,City of Gonzales - (TX),HY,7394,3,3,01 - Gonzales,0.3,1984,Unknown,Kaplan,James Leffel & Co.,NA,15,530,0.2,10M,1.21002E+11,48177
hc1761_p01,hc1761_p01_2,Sturgis,41.9667,-85.5333,City of Sturgis - (MI),HY,1856,2,2,01 - Sturgis - Old Powerhouse,0.4,1911,Unknown,Unknown,NA,NA,NA,NA,0.1,1H,040500010903,NA
hc1761_p01,hc1761_p01_1,Sturgis,41.9667,-85.5333,City of Sturgis - (MI),HY,1856,1,1,01 - Sturgis - Old Powerhouse,0.4,1911,Unknown,Unknown,NA,NA,NA,NA,0.2,1H,040500010903,NA
hc1761_p01,hc1761_p01_3,Sturgis,41.9667,-85.5333,City of Sturgis - (MI),HY,1856,3,3,02 - Sturgis - New Powerhouse,0.7,1983,Unknown,Unknown,NA,NA,NA,NA,0.4,1H,040500010903,NA
hc1761_p01,hc1761_p01_4,Sturgis,41.9667,-85.5333,City of Sturgis - (MI),HY,1856,4,4,02 - Sturgis - New Powerhouse,0.7,1983,Unknown,Unknown,NA,NA,NA,NA,0.4,1H,040500010903,NA
hc1762_p01,hc1762_p01_1,Clement Dam Hydro LLC,43.4407,-71.5958,"Eagle Creek Renewable Energy, LLC",HY,10276,49,1,01 - Clement,2.4,1984,Unknown,Kaplan,Kvaerner,NA,34,3458,0.1,10M,010700020202,33001
hc1764_p01,hc1764_p01_1,Thundermist Hydro,41.9994,-71.5183,City of Woonsocket,HY,54688,HYD1,1,01 - Woonsocket Falls,1.2,1981,Unknown,Kaplan,Allis-Chalmers,NA,19.5,1511,0.3,10M,010900030206,44007
hc1765_p01,hc1765_p01_1,Sand Bar Power Plant,38.186,-120.153,Tri-Dam Power Authority,HY,50400,GEN1,1,01 - Sand Bar,16.2,1986,Unknown,Unknown,NA,NA,NA,NA,1,1H,1.804E+11,06109
hc1766_p01,hc1766_p01_1,Combie South,39.0098,-121.058,Nevada Irrigation District,HY,846,1,1,01 - Lake Combie,0.5,1984,Unknown,Francis,NA,NA,60,108,0.5,1H,1.80201E+11,06061
hc1766_p01,hc1766_p01_2,Combie South,39.0098,-121.058,Nevada Irrigation District,HY,846,2,2,01 - Lake Combie,0.5,1984,Unknown,Francis,NA,NA,60,108,0.5,1H,1.80201E+11,06061
hc1766_p01,hc1766_p01_3,Combie South,39.0098,-121.058,Nevada Irrigation District,HY,846,3,3,01 - Lake Combie,0.5,1984,Unknown,Francis,NA,NA,60,108,0.5,1H,1.80201E+11,06061
hc1766_p02,hc1766_p02_1,Combie North,39.0103,-121.0585,Nevada Irrigation District,HY,NA,NA,1,01 - Combie North Aqueduct,0.15,1985,Unknown,Kaplan,NA,NA,40,112,NA,NA,1.80201E+11,06057
hc1766_p02,hc1766_p02_2,Combie North,39.0103,-121.0585,Nevada Irrigation District,HY,NA,NA,2,01 - Combie North Aqueduct,0.3,1985,Unknown,Kaplan,NA,NA,40,112,NA,NA,1.80201E+11,06057
hc1768_p01,hc1768_p01_1,Camp Far West,39.0501,-121.3165,South Sutter Water District,HY,531,1,1,01 - Camp Far West,7.2,1985,Unknown,Francis,NA,NA,132,8960,1,10M,1.80201E+11,NA
hc1769_p01,hc1769_p01_1,Tupperware,42.0153,-71.554,Blackstone Hydro Inc.,HY,50177,GEN1,1,01 - Tupperware,0.4,1980,Unknown,Francis,Gilbert Gilkes And Gordon,NA,30.9,600,0.1,1H,010900030206,44007
hc1769_p01,hc1769_p01_2,Tupperware,42.0153,-71.554,Blackstone Hydro Inc.,HY,50177,GEN2,2,01 - Tupperware,0.4,1980,Unknown,Francis,Gilbert Gilkes And Gordon,NA,30.9,600,0.1,1H,010900030206,44007
hc1769_p01,hc1769_p01_3,Tupperware,42.0153,-71.554,Blackstone Hydro Inc.,HY,50177,GEN3,3,01 - Tupperware,0.4,1980,Unknown,Francis,Gilbert Gilkes And Gordon,NA,30.9,600,0.1,1H,010900030206,44007
hc1769_p01,hc1769_p01_4,Tupperware,42.0153,-71.554,Blackstone Hydro Inc.,HY,50177,GEN4,4,01 - Tupperware,0.4,1980,Unknown,Francis,Gilbert Gilkes And Gordon,NA,30.9,600,0.1,1H,010900030206,44007
hc1770_p01,hc1770_p01_1,Elk Rapids,44.9,-85.4,Traverse City of,HY,4248,3,1,01 - Elk Rapids,0.375,1982,Unknown,Unknown,NA,NA,NA,NA,NA,NA,040601050702,26009
hc1770_p01,hc1770_p01_2,Elk Rapids,44.9,-85.4,Traverse City of,HY,4248,4,2,01 - Elk Rapids,0.375,1982,Unknown,Unknown,NA,NA,NA,NA,NA,NA,040601050702,26009
hc1771_p01,hc1771_p01_1,East Barnet,44.3265,-72.0365,Green Mountain Power Corp,HY,788,1,1,01 - East Barnet,2.2,1984,Unknown,Kaplan,Allis-Chalmers,NA,25,3000,0.2,10M,010801020403,50005
hc1772_p01,hc1772_p01_1,Black River Falls,44.2917,-90.8625,Black River Falls City of,HY,4104,HY2,1,01 - Black River Falls,0.3,1919,Unknown,Francis,James Leffel & Co.,NA,19,428,NA,NA,070400071004,55053
hc1772_p01,hc1772_p01_2,Black River Falls,44.2917,-90.8625,Black River Falls City of,HY,4104,HY1,2,01 - Black River Falls,0.6,1993,Unknown,Francis,AMERICAN HYDRO,NA,20,925,NA,NA,070400071004,55053
hc1773_p01,hc1773_p01_1,Parker,37.4779,-120.4444,Merced Irrigation District,HY,428,1,1,01 - Richard B. Parker,2.7,1982,Unknown,Kaplan,Fuji,NA,20,3106,0.1,10M,1.804E+11,06047
hc1774_p01,hc1774_p01_1,Woodward Power Plant,37.864,-120.8857,Turlock Irrigation District,HY,50218,U1,1,01 - Woodward,2.8,1981,Unknown,Kaplan,Voith,NA,41,4021,0.3,10M,1.80401E+11,06099
hc1775_p01,hc1775_p01_2,Wappinger Falls Hydroelectric,41.6006,-73.92,Windsor Machinery Co Inc,HY,54573,1,2,01 - Wappingers Falls,1,1989,Unknown,Francis,Dumont,NA,79,1380,1,10M,020200080206,36027
hc1775_p01,hc1775_p01_3,Wappinger Falls Hydroelectric,41.6006,-73.92,Windsor Machinery Co Inc,HY,54573,2,3,01 - Wappingers Falls,1,1989,Unknown,Francis,Dumont,NA,79,1380,1,10M,020200080206,36027
hc1775_p01,hc1775_p01_1,Wappinger Falls Hydroelectric,41.6006,-73.92,Windsor Machinery Co Inc,HY,54573,NA,1,02 - W.F. Controlled Release Facility,0.025,1988,Unknown,Kaplan,Unknown,NA,19,20,NA,NA,020200080206,36027
hc1776_p01,hc1776_p01_1,Rapidan Hydro Facility,44.093,-94.108,"Eagle Creek Renewable Energy, LLC",HY,52054,GEN1,1,01 - Rapidan,3.4,1984,Unknown,Kaplan,Allis-Chalmers,NA,62,3470,1,10M,070200091103,27013
hc1776_p01,hc1776_p01_2,Rapidan Hydro Facility,44.093,-94.108,"Eagle Creek Renewable Energy, LLC",HY,52054,GEN2,2,01 - Rapidan,3.4,1984,Unknown,Kaplan,Allis-Chalmers,NA,62,3470,1,10M,070200091103,27013
hc1777_p01,hc1777_p01_1,Upriver Dam Hydro Plant,47.6869,-117.345,City of Spokane,HY,50380,GEN1,1,01 - Powerhouse No. 1,2,1936,Unknown,Kaplan,NA,NA,33,1800,0.2,1H,1.70103E+11,53063
hc1777_p01,hc1777_p01_2,Upriver Dam Hydro Plant,47.6869,-117.345,City of Spokane,HY,50380,GEN2,2,01 - Powerhouse No. 1,2,1936,Unknown,Kaplan,NA,NA,33,1800,0.2,1H,1.70103E+11,53063
hc1777_p01,hc1777_p01_3,Upriver Dam Hydro Plant,47.6869,-117.345,City of Spokane,HY,50380,GEN3,3,01 - Powerhouse No. 1,2,1936,Unknown,Kaplan,NA,NA,33,1800,0.2,1H,1.70103E+11,53063
hc1777_p01,hc1777_p01_4,Upriver Dam Hydro Plant,47.6869,-117.345,City of Spokane,HY,50380,GEN4,4,02 - Powerhouse No. 2,5.8,1982,Unknown,Kaplan,Fuji,NA,38,8000,0.5,12H,1.70103E+11,53063
hc1777_p01,hc1777_p01_5,Upriver Dam Hydro Plant,47.6869,-117.345,City of Spokane,HY,50380,GEN5,5,02 - Powerhouse No. 2,5.8,1982,Unknown,Kaplan,Fuji,NA,38,8000,0.5,12H,1.70103E+11,53063
hc1778_p01,hc1778_p01_1,Vail,44.5095,-71.9953,Lyndonville Village of,HY,3763,1,1,01 - Vail,0.4,1949,Unknown,Kaplan,S. Morgan Smith,NA,20,557,NA,NA,010801020302,50005
hc1780_p01,hc1780_p01_1,Ashokan,41.9493,-74.2063,New York Power Authority,HY,88,1,1,01 - Ashokan,2.3,1982,Unknown,Kaplan,James Leffel & Co.,NA,70,3013,1,10M,020200060905,36111
hc1780_p01,hc1780_p01_2,Ashokan,41.9493,-74.2063,New York Power Authority,HY,88,2,2,01 - Ashokan,2.3,1982,Unknown,Kaplan,James Leffel & Co.,NA,70,3013,1,10M,020200060905,36111
hc1782_p01,hc1782_p01_1,Newfound Hydroelectric,43.5905,-71.733,"Eagle Creek Renewable Energy, LLC",HY,50324,1,1,01 - Newfound,0.7,1984,Unknown,Kaplan,Neyrpic,NA,90,1000,0.1,1H,010700010801,33009
hc1782_p01,hc1782_p01_2,Newfound Hydroelectric,43.5905,-71.733,"Eagle Creek Renewable Energy, LLC",HY,50324,2,2,01 - Newfound,0.7,1984,Unknown,Kaplan,Neyrpic,NA,90,1000,0.1,1H,010700010801,33009
hc1783_p01,hc1783_p01_1,Frankenheimer Power Plant,37.8472,-120.8232,Turlock Irrigation District,HY,50219,U1,1,01 - Frankenheimer,5.3,1983,Unknown,Kaplan,Fuji,NA,75,3929,0.5,10M,1.80401E+11,06099
hc1784_p01,hc1784_p01_1,Reta (Canal Creek),37.4532,-120.4898,Merced Irrigation District,HY,461,1,1,01 - Canal Creek,0.9,1982,Unknown,Kaplan,Axel Johnson,NA,30,500,NA,NA,1.804E+11,06047
hc1785_p01,hc1785_p01_1,Papazian (Fairfield),37.3668,-120.4186,Merced Irrigation District,HY,459,1,1,01 - Fairfield,0.9,1982,Unknown,Kaplan,Axel Johnson,NA,30,500,NA,NA,1.804E+11,06047
hc1786_p01,hc1786_p01_1,Pioneer Hydro Electric Co Inc,42.2583,-72.2393,Ware River Power Inc,HY,50889,HY3,1,01 - Ware Upper,0.345,1981,Unknown,Francis,James Leffel & Co.,NA,42,667,NA,NA,010802040207,25015
hc1786_p01,hc1786_p01_2,Pioneer Hydro Electric Co Inc,42.2583,-72.2393,Ware River Power Inc,HY,50889,HY2,2,01 - Ware Upper,0.35,1981,Unknown,Francis,James Leffel & Co.,NA,47,527,NA,NA,010802040207,25015
hc1786_p01,hc1786_p01_3,Pioneer Hydro Electric Co Inc,42.2583,-72.2393,Ware River Power Inc,HY,50889,HY4,3,01 - Ware Upper,0.3,1982,Unknown,Francis,Rodney Hunt,NA,47,460,NA,NA,010802040207,25015
hc1786_p01,hc1786_p01_4,Pioneer Hydro Electric Co Inc,42.2583,-72.2393,Ware River Power Inc,HY,50889,HY1,4,01 - Ware Lower,0.35,1982,Unknown,Francis,Rodney Hunt,NA,19.5,455,NA,NA,010802040207,25015
hc1786_p01,hc1786_p01_5,Pioneer Hydro Electric Co Inc,42.2583,-72.2393,Ware River Power Inc,HY,50889,HY5,5,01 - Ware Upper,0.25,1990,Unknown,Kaplan,S. Morgan Smith,NA,45,420,NA,NA,010802040207,25015
hc1787_p01,hc1787_p01_1,Lochmere Hydroelectric Plant,43.4731,-71.534,"Eagle Creek Renewable Energy, LLC",HY,54572,UNT1,1,"01 - Lochmere - ""Main""",0.3,1984,Unknown,Francis,NA,NA,16,332,0.1,10M,010700020201,33001
hc1787_p01,hc1787_p01_2,Lochmere Hydroelectric Plant,43.4731,-71.534,"Eagle Creek Renewable Energy, LLC",HY,54572,UNT2,2,"01 - Lochmere - ""Main""",0.3,1984,Unknown,Francis,NA,NA,16,332,0.1,10M,010700020201,33001
hc1787_p01,hc1787_p01_3,Lochmere Hydroelectric Plant,43.4731,-71.534,"Eagle Creek Renewable Energy, LLC",HY,54572,UNT3,3,"01 - Lochmere - ""Main""",0.3,1984,Unknown,Francis,NA,NA,16,332,0.1,10M,010700020201,33001
hc1787_p01,hc1787_p01_4,Lochmere Hydroelectric Plant,43.4731,-71.534,"Eagle Creek Renewable Energy, LLC",HY,54572,UNT4,4,"01 - Lochmere - ""Main""",0.3,1984,Unknown,Francis,NA,NA,16,332,0.1,10M,010700020201,33001
hc1788_p01,hc1788_p01_1,Errol Hydroelectric Project,44.7866,-71.1249,Errol Hydroelectric Co LLC,HY,10570,1,1,01 - Errol,3,1986,Unknown,Kaplan,Voest,NA,15.8,4192,1,1H,010400010602,33007
hc1789_p01,hc1789_p01_1,Upper Dawson,37.6505,-120.4709,Turlock Irrigation District,HY,489,1,1,01 - Upper Dawson,4.4,1983,Unknown,Kaplan,NA,NA,22,6250,0.6,10M,1.804E+11,06109
hc1790_p01,hc1790_p01_1,Gregg Falls,43.0169,-71.5686,"Eagle Creek Renewable Energy, LLC",HY,50384,2,1,01 - Gregg's Falls,1.3,1986,Unknown,Francis,Kvaerner,NA,64,1862,0.2,10M,010700060607,33011
hc1790_p01,hc1790_p01_2,Gregg Falls,43.0169,-71.5686,"Eagle Creek Renewable Energy, LLC",HY,50384,1,2,01 - Gregg's Falls,2.2,1986,Unknown,Francis,Kvaerner,NA,64,2793,0.3,10M,010700060607,33011
hc1791_p01,hc1791_p01_1,Hailesboro No 6 Mill,44.3077,-75.4377,Hydro Development Group Inc,HY,453,1,1,01 - Hailesboro No. 6 Mill,0.5,1981,Unknown,Francis,National Machine Co,NA,18,700,NA,NA,041503020801,36089
hc1791_p01,hc1791_p01_2,Hailesboro No 6 Mill,44.3077,-75.4377,Hydro Development Group Inc,HY,453,2,2,01 - Hailesboro No. 6 Mill,0.5,1981,Unknown,Francis,National Machine Co,NA,18,700,NA,NA,041503020801,36089
hc1792_p01,hc1792_p01_1,Pembroke Hydro,43.1292,-71.4508,"Eagle Creek Renewable Energy, LLC",HY,50312,1,1,01 - Pembroke,2.7,1985,Unknown,Kaplan,Voith,NA,50,3667,0.2,10M,010700060503,33013
hc1793_p01,hc1793_p01_1,Rock Creek LP,38.7938,-120.7755,Hydroland Omega LLC,HY,50892,GEN1,1,01 - Rock Creek,1.5,1986,Unknown,Francis,Allis-Chalmers,NA,200,2475,0.1,10M,1.80201E+11,06017
hc1793_p01,hc1793_p01_2,Rock Creek LP,38.7938,-120.7755,Hydroland Omega LLC,HY,50892,GEN2,2,01 - Rock Creek,1.5,1986,Unknown,Francis,Allis-Chalmers,NA,200,2475,0.1,10M,1.80201E+11,06017
hc1794_p01,hc1794_p01_1,Jarvis (Hinckley),43.3114,-75.1085,New York Power Authority,HY,808,1,1,01 - Gregory B. Jarvis,4.5,1991,Unknown,Kaplan,Sulzer,NA,63,6020,1,10M,020200040507,36043
hc1794_p01,hc1794_p01_2,Jarvis (Hinckley),43.3114,-75.1085,New York Power Authority,HY,808,2,2,01 - Gregory B. Jarvis,4.5,1991,Unknown,Kaplan,Sulzer,NA,63,6020,1,10M,020200040507,36043
hc1795_p01,hc1795_p01_2,Lowline Canal Drop Hydro,42.4958,-114.3014,South Forks Joint Venture,HY,10296,GEN2,2,01 - Lowline Canal Drop Hydro,4,1984,Unknown,Francis,Hydro West,NA,87,5776,0.8,1H,1.70402E+11,16083
hc1795_p01,hc1795_p01_1,Lowline Canal Drop Hydro,42.4958,-114.3014,South Forks Joint Venture,HY,10296,GEN1,1,01 - Lowline Canal Drop Hydro,4,1984,Unknown,Francis,Hydro West,NA,87,5776,1,1H,1.70402E+11,16083
hc1796_p01,hc1796_p01_1,Chateaugay Chasm,44.9318,-74.1125,Ampersand Chasm Hydro LLC,HY,50315,1100,1,01 - Chateaugay Chasm,1,1982,Unknown,Francis,Baldwin,NA,85,1000,0.2,10M,041503080104,36033
hc1796_p01,hc1796_p01_2,Chateaugay Chasm,44.9318,-74.1125,Ampersand Chasm Hydro LLC,HY,50315,2600,2,01 - Chateaugay Chasm,0.6,1984,Unknown,Francis,Worthington,NA,85,800,0.5,10M,041503080104,36033
hc1797_p01,hc1797_p01_1,Koma Kulshan,48.6847,-121.8061,"Eagle Creek Renewable Energy, LLC",HY,54267,GEN1,1,01 - Koma Kulshan,12,1990,Unknown,Pelton,Sulzer,NA,1474,18465,0.3,12H,1.711E+11,53073
hc1798_p01,hc1798_p01_1,Rolfe Canal Hydro,43.2725,-71.6045,Briar-Hydro Associates,HY,50351,1,1,01 - Rolfe Canal,4.3,1985,Unknown,Kaplan,Allis-Chalmers,NA,36,5735,0.2,1H,010700030603,33013
hc1799_p01,hc1799_p01_1,Cornell Hydro,42.4518,-76.4799,Cornell Hydro,HY,10286,1,1,01 - Cornell University,0.8,1982,Unknown,Kaplan,Ossberger,NA,114.8,954,0.2,1H,041402011005,36109
hc1799_p01,hc1799_p01_2,Cornell Hydro,42.4518,-76.4799,Cornell Hydro,HY,10286,2,2,01 - Cornell University,1.1,1982,Unknown,Kaplan,Ossberger,NA,114.8,1336,0.2,1H,041402011005,36109
hc1800_p01,hc1800_p01_1,Lyonsdale,43.6188,-75.3044,"Eagle Creek Renewable Energy, LLC",HY,50652,GEN1,1,01 - Lyonsdale,1.5,1984,Unknown,Kaplan,Allis-Chalmers,NA,33,1600,0.1,1H,041501010602,36049
hc1800_p01,hc1800_p01_2,Lyonsdale,43.6188,-75.3044,"Eagle Creek Renewable Energy, LLC",HY,50652,GEN2,2,01 - Lyonsdale,1.5,1984,Unknown,Kaplan,Allis-Chalmers,NA,33,1600,0.1,1H,041501010602,36049
hc1801_p01,hc1801_p01_1,Penacook Lower Falls,43.2852,-71.5952,Briar-Hydro Associates,HY,50353,1,1,01 - Penacook Lower Falls,4.6,1983,Unknown,Kaplan,Allis-Chalmers,NA,35,6130,0.1,1H,010700030603,33013
hc1802_p01,hc1802_p01_1,Magic Dam Hydroelectric Project,43.2547,-114.3569,"Wood Hydro, LLC",HY,10740,GEN1,1,01 - Magic Dam,3,1989,Unknown,Francis,Niagara,NA,125,4020,1,1H,1.70402E+11,16013
hc1802_p01,hc1802_p01_2,Magic Dam Hydroelectric Project,43.2547,-114.3569,"Wood Hydro, LLC",HY,10740,GEN2,2,01 - Magic Dam,3,1989,Unknown,Francis,Niagara,NA,125,4020,1,1H,1.70402E+11,16013
hc1802_p01,hc1802_p01_3,Magic Dam Hydroelectric Project,43.2547,-114.3569,"Wood Hydro, LLC",HY,10740,GEN3,3,01 - Magic Dam,3,1989,Unknown,Francis,Niagara,NA,125,4020,1,1H,1.70402E+11,16013
hc1803_p01,hc1803_p01_1,Worumbo Hydro Station,43.9939,-70.0636,"Eagle Creek Renewable Energy, LLC",HY,50278,GEN1,1,01 - Worumbo,9.7,1989,Unknown,Kaplan,Neyrpic,NA,27,14000,2,1H,010400021005,23001
hc1803_p01,hc1803_p01_2,Worumbo Hydro Station,43.9939,-70.0636,"Eagle Creek Renewable Energy, LLC",HY,50278,GEN2,2,01 - Worumbo,9.7,1989,Unknown,Kaplan,Neyrpic,NA,27,14000,2,1H,010400021005,23001
hc1804_p01,hc1804_p01_1,R.W. Matthews,40.3685,-123.4332,Humboldt Bay Mun Water Dist,HY,10128,GEN1,1,01 - R.W. Matthews,1,1982,Unknown,Francis,NA,NA,84,NA,0.1,1H,1.80101E+11,06105
hc1804_p01,hc1804_p01_2,R.W. Matthews,40.3685,-123.4332,Humboldt Bay Mun Water Dist,HY,10128,GEN2,2,01 - R.W. Matthews,1,1982,Unknown,Francis,NA,NA,84,NA,0.1,1H,1.80101E+11,06105
hc1805_p01,hc1805_p01_1,Mine Falls Generating Station,42.7503,-71.5055,"City of Nashua, NH",HY,10183,GEN1,1,01 - Mine Falls,1.5,1985,Unknown,Kaplan,NA,NA,40,2000,0.4,10M,010700040402,33011
hc1805_p01,hc1805_p01_2,Mine Falls Generating Station,42.7503,-71.5055,"City of Nashua, NH",HY,10183,GEN2,2,01 - Mine Falls,1.5,1985,Unknown,Kaplan,NA,NA,40,2000,0.4,10M,010700040402,33011
hc1807_p01,hc1807_p01_1,Townsend Hydro,40.7333,-80.3158,Beaver Falls Municipal Auth,HY,10285,GEN1,1,01 - Townsend,2.6,1987,Unknown,Kaplan,Voith,NA,16,3520,0.5,10M,050301040103,42007
hc1807_p01,hc1807_p01_2,Townsend Hydro,40.7333,-80.3158,Beaver Falls Municipal Auth,HY,10285,GEN2,2,01 - Townsend,2.6,1987,Unknown,Kaplan,Voith,NA,16,3520,0.5,10M,050301040103,42007
hc1808_p01,hc1808_p01_1,Oak Orchard,43.2222,-78.3825,Niagara Mohawk Power Corp,HY,2592,1,1,01 - Oak Orchard,0.35,1913,Unknown,Francis,S. Morgan Smith,NA,26,400,NA,NA,041300010405,36073
hc1809_p01,hc1809_p01_1,Lilliwaup Falls Generating,47.470699,-123.115795,William G. Reed Jr,HY,50700,4735,1,01 - Lilliwaup Falls,0.2,1985,Unknown,Pelton,Cornell,NA,274,NA,0.2,10M,1.711E+11,53045
hc1809_p01,hc1809_p01_2,Lilliwaup Falls Generating,47.470699,-123.115795,William G. Reed Jr,HY,50700,4736,2,01 - Lilliwaup Falls,0.2,1985,Unknown,Pelton,Cornell,NA,274,NA,0.2,10M,1.711E+11,53045
hc1809_p01,hc1809_p01_3,Lilliwaup Falls Generating,47.470699,-123.115795,William G. Reed Jr,HY,50700,4737,3,01 - Lilliwaup Falls,0.2,1985,Unknown,Pelton,Cornell,NA,274,NA,0.2,10M,1.711E+11,53045
hc1809_p01,hc1809_p01_4,Lilliwaup Falls Generating,47.470699,-123.115795,William G. Reed Jr,HY,50700,4738,4,01 - Lilliwaup Falls,0.2,1985,Unknown,Pelton,Cornell,NA,274,NA,0.2,10M,1.711E+11,53045
hc1809_p01,hc1809_p01_5,Lilliwaup Falls Generating,47.470699,-123.115795,William G. Reed Jr,HY,50700,4739,5,01 - Lilliwaup Falls,0.2,1985,Unknown,Pelton,Cornell,NA,274,NA,0.2,10M,1.711E+11,53045
hc1809_p01,hc1809_p01_6,Lilliwaup Falls Generating,47.470699,-123.115795,William G. Reed Jr,HY,50700,4740,6,01 - Lilliwaup Falls,0.2,1985,Unknown,Pelton,Cornell,NA,274,NA,0.2,10M,1.711E+11,53045
hc1809_p01,hc1809_p01_7,Lilliwaup Falls Generating,47.470699,-123.115795,William G. Reed Jr,HY,50700,4741,7,01 - Lilliwaup Falls,0.2,1985,Unknown,Pelton,Cornell,NA,274,NA,0.2,10M,1.711E+11,53045
hc1810_p01,hc1810_p01_1,North Fork Hydro Plant,39.4609,-105.6709,Denver City & County of,HY,10423,GEN1,1,01 - North Fork,5.5,1988,Unknown,Francis,NA,NA,277,9056,0.8,10M,1.019E+11,08093
hc1811_p01,hc1811_p01_1,El Dorado Hydro Elk Creek,45.2348,-116.3024,Hydroland Omega LLC,HY,50891,GEN1,1,01 - Elk Creek,2.6,1986,Unknown,Pelton,Neyrpic,NA,1050,3093,0.1,10M,1.70602E+11,16049
hc1812_p01,hc1812_p01_1,Little Falls Hydro,43.0372,-74.8647,"Eagle Creek Renewable Energy, LLC",HY,51034,GEN1,1,01 - Little Falls,6.5,1986,Unknown,Kaplan,Dominion,NA,40,8579,0.8,1H,020200040709,36043
hc1812_p01,hc1812_p01_2,Little Falls Hydro,43.0372,-74.8647,"Eagle Creek Renewable Energy, LLC",HY,51034,GEN2,2,01 - Little Falls,6.5,1986,Unknown,Kaplan,Dominion,NA,40,8579,0.8,1H,020200040709,36043
hc1813_p01,hc1813_p01_1,Hart Lake,43.7,-86.3667,Hart Hydro City of,HY,1828,1,1,01 - Hart Lake,0.16,1926,Unknown,Unknown,NA,NA,NA,NA,NA,NA,040601010605,26127
hc1813_p01,hc1813_p01_2,Hart Lake,43.7,-86.3667,Hart Hydro City of,HY,1828,2,2,01 - Hart Lake,0.16,1926,Unknown,Unknown,NA,NA,NA,NA,NA,NA,040601010605,26127
hc1814_p01,hc1814_p01_1,Patterson,40.7452,-80.3157,"Central Rivers Power US, LLC",HY,10546,GEN1,1,01 - Patterson,0.4,1983,Unknown,Francis,James Leffel & Co.,NA,18,670,0.1,1H,050301040103,42007
hc1814_p01,hc1814_p01_2,Patterson,40.7452,-80.3157,"Central Rivers Power US, LLC",HY,10546,GEN2,2,01 - Patterson,0.4,1983,Unknown,Francis,James Leffel & Co.,NA,18,670,0.1,1H,050301040103,42007
hc1814_p01,hc1814_p01_3,Patterson,40.7452,-80.3157,"Central Rivers Power US, LLC",HY,10546,GEN3,3,01 - Patterson,0.4,1983,Unknown,Francis,James Leffel & Co.,NA,18,670,0.1,1H,050301040103,42007
hc1815_p01,hc1815_p01_1,Barker Mill Upper,44.0786,-70.2354,KEI (Maine) Power Management (III) LLC,HY,52171,GEN1,1,01 - Barker Mill Upper,1,1987,Unknown,Kaplan,Allis-Chalmers,NA,24,1273,0.2,1H,010400020910,23001
hc1816_p01,hc1816_p01_1,Central Oregon Siphon,44.0177,-121.3501,Central Oregon Irrigation Dist,HY,50980,GEN1,1,01 - Central Oregon Siphon,2.7,1989,Unknown,Francis,Kvaerner,NA,130,4000,0.8,10M,1.70703E+11,41017
hc1816_p01,hc1816_p01_2,Central Oregon Siphon,44.0177,-121.3501,Central Oregon Irrigation Dist,HY,50980,GEN2,2,01 - Central Oregon Siphon,2.7,1989,Unknown,Francis,Kvaerner,NA,130,4000,0.8,10M,1.70703E+11,41017
hc1817_p01,hc1817_p01_1,Montgomery Creek Hydro,40.8362,-121.939,"Central Rivers Power US, LLC",HY,55009,GEN1,1,01 - Montgomery Creek,2.6,1987,Unknown,Pelton,NA,NA,471,3487,0.1,10M,1.802E+11,06089
hc1818_p01,hc1818_p01_1,Mohawk Paper Mills,42.7835,-73.6921,Albany Engineering Corporation,HY,10467,1,1,01 - Mohawk Paper Mills,3.3,1987,Unknown,Kaplan,Kvaerner,NA,14.5,4500,0.1,10M,020200041110,36083
hc1819_p01,hc1819_p01_1,Ada Dam,42.85,-85.5,"Eagle Creek Renewable Energy, LLC",HY,50433,ADA1,1,01 - Ada,1.4,1984,Unknown,Kaplan,NA,NA,25.5,1000,0.2,10M,040500070408,26081
hc1820_p01,hc1820_p01_1,High Falls,43.8972,-75.664,"Central Rivers Power US, LLC",HY,10545,GEN1,1,01 - High Falls,1.5,1983,Unknown,Kaplan,NA,NA,160,2000,0.1,1H,041501011204,36049
hc1820_p01,hc1820_p01_2,High Falls,43.8972,-75.664,"Central Rivers Power US, LLC",HY,10545,GEN2,2,01 - High Falls,1.5,1983,Unknown,Kaplan,NA,NA,160,2000,0.1,1H,041501011204,36049
hc1820_p01,hc1820_p01_3,High Falls,43.8972,-75.664,"Central Rivers Power US, LLC",HY,10545,GEN3,3,01 - High Falls,0.3,1984,Unknown,Kaplan,Ingersol Rand,NA,160,572,0.1,1H,041501011204,36049
hc1821_p01,hc1821_p01_1,Steven Mills,43.4463,-71.6476,"Eagle Creek Renewable Energy, LLC",HY,10109,1G,1,02 - River Bend,0.2,1985,Unknown,Francis,Dominion,NA,NA,NA,0.2,10M,010700020202,33013
hc1821_p01,hc1821_p01_2,Steven Mills,43.4463,-71.6476,"Eagle Creek Renewable Energy, LLC",HY,10109,3G,2,01 - Bow Street,1.7,1985,Unknown,Pump,Flygt,NA,NA,NA,0.3,10M,010700020202,33013
hc1822_p01,hc1822_p01_1,Diana Hydroelectric,44.1548,-75.3202,EONY Generation Limited,HY,10237,GEN1,1,01 - Diana,1.8,1985,Unknown,Kaplan,Sulzer,NA,38,2486,0.4,1H,041503020503,36049
hc1823_p01,hc1823_p01_2,Rollinsford,43.2378,-70.8182,Green Mountain Power Corp,HY,54418,GEN2,2,01 - Rollinsford,0.7,1995,Unknown,Francis,NA,NA,47,1000,0.1,10M,010600030507,33017
hc1823_p01,hc1823_p01_1,Rollinsford,43.2378,-70.8182,Green Mountain Power Corp,HY,54418,GEN1,1,01 - Rollinsford,0.7,1986,Unknown,Francis,NA,NA,47,1000,0.1,10M,010600030507,33017
hc1824_p01,hc1824_p01_1,Rocky Brook Hydroelectric,47.7217,-122.9415,Rocky Brook Electric Inc,HY,50228,GEN1,1,01 - Rocky Brook,1.6,1986,Unknown,Pump,Lane Bowlin,NA,461,NA,0.1,10M,1.711E+11,53031
hc1826_p01,hc1826_p01_1,Lost Creek I,40.7595,-121.408,Snow Mountain Hydro LLC,HY,10708,GEN1,1,01 - Lost Creek No. 1,1.1,1989,Unknown,Francis,Dumont,NA,222,1450,0.1,1H,1.802E+11,06089
hc1827_p01,hc1827_p01_1,Slate Creek,40.9882,-122.4855,"Central Rivers Power US, LLC",HY,50961,GEN1,1,01 - Slate Creek,4.2,1990,Unknown,Unknown,Gilbert Gilkes And Gordon,NA,558,5444,0.1,10M,1.802E+11,06089
hc1828_p01,hc1828_p01_1,Milton Hydro,43.403,-70.9866,SFR Hydro Cor,HY,10519,1,1,01 - South Milton - Mill No. 1,0.2,1982,Unknown,Francis,Platt Iron Works,NA,NA,450,0.1,10M,010600030506,33017
hc1828_p01,hc1828_p01_2,Milton Hydro,43.403,-70.9866,SFR Hydro Cor,HY,10519,3,2,01 - South Milton - Mill No. 1,0.3,1982,Unknown,Francis,Pelton Water Wheel Company,NA,NA,400,0.1,10M,010600030506,33017
hc1828_p01,hc1828_p01_3,Milton Hydro,43.403,-70.9866,SFR Hydro Cor,HY,10519,2,3,02 - South Milton - Mill No. 2,0.4,1982,Unknown,Francis,Platt Iron Works,NA,NA,600,0.2,10M,010600030506,33017
hc1828_p01,hc1828_p01_4,Milton Hydro,43.403,-70.9866,SFR Hydro Cor,HY,10519,4,4,01 - South Milton - Mill No. 1,0.5,1987,Unknown,Francis,NA,NA,NA,670,0.2,10M,010600030506,33017
hc1829_p01,hc1829_p01_1,Dolgeville Hydro,43.0917,-74.7664,EONY Generation Limited,HY,10238,GEN1,1,01 - Dolgeville,5,1985,Unknown,Kaplan,Sulzer,NA,78,6700,0,1H,020200040808,36043
hc1830_p01,hc1830_p01_1,Aziscohos Hydroelectric Project,44.9441,-70.9976,Brookfield White Pine Hydro LLC,HY,50999,GEN1,1,01 - Aziscohos,6.7,1988,Unknown,Kaplan,Voith,NA,133,7120,0.1,10M,010400010306,23017
hc1831_p01,hc1831_p01_1,Nephi,39.7179,-111.7307,Nephi City Corp,HY,7435,7120,1,01 - Nephi,0.5,1986,Unknown,Pelton,NA,NA,520,NA,NA,NA,1.60202E+11,49023
hc1832_p01,hc1832_p01_1,Koyle Ranch Hydroelectric Project,42.95,-114.8,Koyle Hydro Inc,HY,10781,GEN1,1,01 - Koyle Ranch,0.2,1984,Unknown,Pump,Ingersol Rand,NA,60,227,0.2,10M,1.70402E+11,16047
hc1832_p01,hc1832_p01_2,Koyle Ranch Hydroelectric Project,42.95,-114.8,Koyle Hydro Inc,HY,10781,GEN2,2,01 - Koyle Ranch,0.3,1984,Unknown,Pump,Ingersol Rand,NA,60,398,0.3,10M,1.70402E+11,16047
hc1832_p01,hc1832_p01_3,Koyle Ranch Hydroelectric Project,42.95,-114.8,Koyle Hydro Inc,HY,10781,GEN3,3,01 - Koyle Ranch,0.8,1984,Unknown,Pump,Ingersol Rand,NA,60,813,0.8,10M,1.70402E+11,16047
hc1833_p01,hc1833_p01_1,Sepulveda Canyon,34.096,-118.4735,Metropolitan Water District of S CA,HY,316,1,1,01 - Sepulveda Canyon,8.5,1982,Unknown,Pelton,Fuji,NA,273,NA,1.5,12H,1.80701E+11,06037
hc1834_p01,hc1834_p01_1,Clear Lake Hydro Project,38.9227,-122.5663,Yolo County Flood Control WCD,HY,50128,3381,1,01 - Clear Lake,2.5,1985,Unknown,Kaplan,NA,NA,NA,NA,0.1,1H,1.80201E+11,06033
hc1835_p01,hc1835_p01_1,Indian Valley Dam Hydro Project,39.0795,-122.536,Yolo County Flood Control WCD,HY,50129,8332,1,01 - Indian Valley,0.1,1983,Unknown,Francis,NA,NA,155,139,0.1,1H,1.80201E+11,06033
hc1835_p01,hc1835_p01_2,Indian Valley Dam Hydro Project,39.0795,-122.536,Yolo County Flood Control WCD,HY,50129,1641,2,01 - Indian Valley,1.4,1983,Unknown,Francis,NA,NA,155,1958,1,1H,1.80201E+11,06033
hc1835_p01,hc1835_p01_3,Indian Valley Dam Hydro Project,39.0795,-122.536,Yolo County Flood Control WCD,HY,50129,1642,3,01 - Indian Valley,1.4,1983,Unknown,Francis,NA,NA,155,1958,1,1H,1.80201E+11,06033
hc1836_p01,hc1836_p01_1,Phoenix Hydro Project,43.2278,-76.3015,"Eagle Creek Renewable Energy, LLC",HY,54865,1,1,01 - Phoenix,1.6,1991,Unknown,Kaplan,ESAC,NA,9.3000000000000007,2120,0.3,10M,041402030102,36075
hc1836_p01,hc1836_p01_2,Phoenix Hydro Project,43.2278,-76.3015,"Eagle Creek Renewable Energy, LLC",HY,54865,2,2,01 - Phoenix,1.6,1991,Unknown,Kaplan,ESAC,NA,9.3000000000000007,2120,0.3,10M,041402030102,36075
hc1837_p01,hc1837_p01_1,Lower Saranac Hydroelectric Facility,44.6693,-73.5078,"Central Rivers Power US, LLC",HY,10214,GEN3,1,"02 - Lower Saranac - ""Minimum Flow""",0.3,1990,Unknown,Pump,Flygt,NA,NA,400,0.1,10M,041504060504,36019
hc1837_p01,hc1837_p01_2,Lower Saranac Hydroelectric Facility,44.6693,-73.5078,"Central Rivers Power US, LLC",HY,10214,GEN1,2,"01 - Lower Saranac - ""Main""",3.2,1990,Unknown,Francis,GE Alstom,NA,75,4300,0.1,10M,041504060504,36019
hc1837_p01,hc1837_p01_3,Lower Saranac Hydroelectric Facility,44.6693,-73.5078,"Central Rivers Power US, LLC",HY,10214,GEN2,3,"01 - Lower Saranac - ""Main""",3.2,1990,Unknown,Francis,GE Alstom,NA,75,4300,0.1,10M,041504060504,36019
hc1838_p01,hc1838_p01_1,Rio Bravo Hydro Project,35.4338,-118.8075,Olcese Water District,HY,50037,UNT1,1,01 - Rio Bravo,7,1989,Unknown,Kaplan,NA,NA,116.5,9735,1.5,12H,1.803E+11,06029
hc1838_p01,hc1838_p01_2,Rio Bravo Hydro Project,35.4338,-118.8075,Olcese Water District,HY,50037,UNT2,2,01 - Rio Bravo,7,1989,Unknown,Kaplan,NA,NA,116.5,9735,1.5,12H,1.803E+11,06029
hc1839_p01,hc1839_p01_1,Lowell Tannery,45.1866,-68.4652,KEI (Maine) Power Management (II) LLC,HY,50699,GEN1,1,01 - Lowell Tannery,1,1987,Unknown,Kaplan,NA,NA,18,1340,0.1,1H,010200050311,23019
hc1840_p01,hc1840_p01_1,White River Lock & Dam NO. 1,35.75667,-91.63667,"Ozark Hydro Management, LLC",HY,57160,LD#1,1,NA,4.3,2007,Unknown,Kaplan,North American Hydro,NA,NA,NA,1,1H,1.101E+11,05063
hc1841_p01,hc1841_p01_1,Fort Miller Hydroelectric Facility,43.1615,-73.5836,Fort Miller Associates,HY,50514,GEN1,1,NA,2.5,1984,Unknown,Unknown,NA,NA,NA,NA,2.5,10M,020200030508,36091
hc1841_p01,hc1841_p01_2,Fort Miller Hydroelectric Facility,43.1615,-73.5836,Fort Miller Associates,HY,50514,GEN2,2,NA,2.5,1984,Unknown,Unknown,NA,NA,NA,NA,2.5,10M,020200030508,36091
hc1842_p01,hc1842_p01_1,Hydro II,41.7437142,-111.7831916,City of Logan - (UT),HY,7034,1,1,01 - Logan No. 2,3.3,1986,Unknown,Francis,NA,NA,327,4224,0.6,10M,1.60102E+11,49005
hc1842_p01,hc1842_p01_2,Hydro II,41.7437142,-111.7831916,City of Logan - (UT),HY,7034,2,2,01 - Logan No. 2,3.3,1986,Unknown,Francis,NA,NA,327,4224,0.6,10M,1.60102E+11,49005
hc1843_p01,hc1843_p01_1,Hydro III,41.7531,-111.7233,City of Logan - (UT),HY,3675,HY1,1,01 - Logan No. 3,0.7,1925,Unknown,Francis,NA,NA,NA,939,0.1,10M,1.60102E+11,49005
hc1843_p01,hc1843_p01_2,Hydro III,41.7531,-111.7233,City of Logan - (UT),HY,3675,HY2,2,01 - Logan No. 3,0.7,1925,Unknown,Francis,NA,NA,NA,939,0.1,10M,1.60102E+11,49005
hc1844_p01,hc1844_p01_1,Whitewater Hydro Plant,33.9352,-116.6385,Desert Water Agency,HY,10162,WWHI,1,01 - Whitewater,1.3,1986,Unknown,Francis,NA,NA,350,NA,0.8,1H,1.81002E+11,06065
hc1845_p01,hc1845_p01_1,Goodwin Hydroelectric,41.9892,-73.0201,Metropolitan Dist of Hartford,HY,54302,G1,1,01 - Goodwin,1.6,1986,Unknown,Francis,Neyrpic,NA,100,2260,0.6,1H,010802070204,09003
hc1845_p01,hc1845_p01_2,Goodwin Hydroelectric,41.9892,-73.0201,Metropolitan Dist of Hartford,HY,54302,G2,2,01 - Goodwin,1.6,1986,Unknown,Francis,Neyrpic,NA,100,2260,0.6,1H,010802070204,09003
hc1846_p01,hc1846_p01_1,Philadlephia,44.1581,-75.7084,EONY Generation Limited,HY,10197,GEN1,1,01 - Philadelphia,3.6,1986,Unknown,Kaplan,Voest,NA,54.6,4820,0.6,1H,041503030303,36045
hc1848_p01,hc1848_p01_1,Moose River,43.6216,-75.3125,EONY Generation Limited,HY,10196,GEN1,1,01 - Moose River,12.6,1987,Unknown,Kaplan,Voith,NA,123,18254,2.5,1H,041501010602,36049
hc1849_p01,hc1849_p01_1,Talcville,44.3084,-75.3086,Erie Boulevard Hydropower LP,HY,7583,2,1,"02 - Talcville - ""Minimum Flow""",0.1,1986,Unknown,Pump,Flygt,NA,19,134,0.1,10M,041503020604,36089
hc1849_p01,hc1849_p01_2,Talcville,44.3084,-75.3086,Erie Boulevard Hydropower LP,HY,7583,1,2,"01 - Talcville - ""Main""",1,1986,Unknown,Kaplan,ESAC,NA,19,1099,0.4,10M,041503020604,36089
hc1850_p01,hc1850_p01_1,Walden,41.5593,-74.195,Hydroland Omega LLC,HY,10848,GEN3,1,01 - Walden,0.4,1986,Unknown,Francis,S. Morgan Smith,NA,34,464,0.1,10M,020200070405,36071
hc1850_p01,hc1850_p01_2,Walden,41.5593,-74.195,Hydroland Omega LLC,HY,10848,GEN2,2,01 - Walden,0.8,1986,Unknown,Francis,S. Morgan Smith,NA,34,995,0.1,10M,020200070405,36071
hc1850_p01,hc1850_p01_3,Walden,41.5593,-74.195,Hydroland Omega LLC,HY,10848,GEN1,3,01 - Walden,1.2,1986,Unknown,Francis,S. Morgan Smith,NA,34,1491,0.1,10M,020200070405,36071
hc1851_p01,hc1851_p01_1,Skookumchuck,46.735,-122.6333,TransAlta Centralia Gen LLC,HY,7259,1,1,01 - Skookumchuck,1,1990,Unknown,Unknown,NA,NA,NA,NA,0.3,10M,1.71001E+11,53067
hc1852_p01,hc1852_p01_1,Lower Great Falls,43.2544,-70.8448,Green Mountain Power Corp,HY,50704,GEN1,1,01 - Lower Great Falls,1.3,1984,Unknown,Francis,James Leffel & Co.,NA,35,534,0.1,10M,010600030507,33017
hc1853_p01,hc1853_p01_1,Middle Fork Irrigation District,45.4583,-121.657,Middle Fork Irrigation Dist,HY,50917,GEN2,1,02 - No. 2,0.5,1985,Unknown,Francis,Boving,NA,164,670,0.1,1H,1.70701E+11,41027
hc1853_p01,hc1853_p01_2,Middle Fork Irrigation District,45.4583,-121.657,Middle Fork Irrigation Dist,HY,50917,GEN3,2,03 - No. 3,0.8,1985,Unknown,Pelton,Axel Johnson,NA,268,1072,0.1,1H,1.70701E+11,41027
hc1853_p01,hc1853_p01_3,Middle Fork Irrigation District,45.4583,-121.657,Middle Fork Irrigation Dist,HY,50917,GEN1,3,01 - No. 1,2,1985,Unknown,Pelton,Axel Johnson,NA,710,3029,0.2,1H,1.70701E+11,41027
hc1854_p01,hc1854_p01_1,Franklin,44.4376,-73.973,Erie Boulevard Hydropower LP,HY,2564,1,1,01 - Franklin Falls,1,1911,Unknown,Francis,James Leffel & Co.,NA,45,1400,0.8,10M,041504060401,36033
hc1854_p01,hc1854_p01_2,Franklin,44.4376,-73.973,Erie Boulevard Hydropower LP,HY,2564,2,2,01 - Franklin Falls,1,1926,Unknown,Francis,James Leffel & Co.,NA,52,1780,1,10M,041504060401,36033
hc1855_p01,hc1855_p01_1,Union Falls,44.5072,-73.9162,Union Falls Hydro Power LP,HY,50176,GEN1,1,01 - Union Falls,1.3,1987,Unknown,Kaplan,Voith,NA,55,1750,0.1,1H,041504060402,36019
hc1855_p01,hc1855_p01_2,Union Falls,44.5072,-73.9162,Union Falls Hydro Power LP,HY,50176,GEN2,2,01 - Union Falls,1.3,1987,Unknown,Kaplan,Voith,NA,55,1750,0.1,1H,041504060402,36019
hc1856_p01,hc1856_p01_1,Theresa Plant,44.2174,-75.7945,"Central Rivers Power US, LLC",HY,10539,GEN2,1,01 - Theresa,0.3,1927,Unknown,Francis,James Leffel & Co.,NA,70,825,0.1,1H,041503030401,36045
hc1856_p01,hc1856_p01_2,Theresa Plant,44.2174,-75.7945,"Central Rivers Power US, LLC",HY,10539,GEN1,2,01 - Theresa,1,1929,Unknown,Francis,James Leffel & Co.,NA,70,1350,0.1,1H,041503030401,36045
hc1857_p01,hc1857_p01_2,Saxapahaw,35.9479,-79.3258,Haw River Hydro Co,HY,10258,2,2,01 - Saxapahaw,0.5,1982,Unknown,Unknown,NA,NA,NA,NA,0.1,1H,030300020502,37001
hc1857_p01,hc1857_p01_1,Saxapahaw,35.9479,-79.3258,Haw River Hydro Co,HY,10258,1,1,01 - Saxapahaw,1,1981,Unknown,Unknown,NA,NA,NA,NA,0.2,1H,030300020502,37001
hc1858_p01,hc1858_p01_1,Last Chance,42.603336,-111.705286,PacifiCorp,HY,987,1,1,01 - Last Chance,0.2,1983,Unknown,Unknown,NA,NA,NA,NA,0,10M,1.60102E+11,16029
hc1858_p01,hc1858_p01_2,Last Chance,42.603336,-111.705286,PacifiCorp,HY,987,2,2,01 - Last Chance,0.5,1983,Unknown,Unknown,NA,NA,NA,NA,0,10M,1.60102E+11,16029
hc1858_p01,hc1858_p01_3,Last Chance,42.603336,-111.705286,PacifiCorp,HY,987,3,3,01 - Last Chance,1,1983,Unknown,Unknown,NA,NA,NA,NA,0,10M,1.60102E+11,16029
hc1859_p01,hc1859_p01_1,Dillon Hydro Plant,39.6207,-106.0662,Denver City & County of,HY,10421,GEN1,1,01 - Dillon,1.8,1987,Unknown,Francis,Gilbert Gilkes And Gordon,NA,223,2423,0.8,1H,1.401E+11,08117
hc1860_p01,hc1860_p01_1,Longfalls Facility,43.9789,-75.6208,"Ampersand Long Falls Hydro, LLC",HY,54548,1,1,01 - Long Falls,3.3,1991,Unknown,Kaplan,Unknown,NA,28,4397,1,10M,041501011401,36045
hc1861_p01,hc1861_p01_1,Dahowa Hydro,43.1028,-73.538,GR Catalyst Two LLC,HY,50280,GEN1,1,01 - Dahowa,10.5,1987,Unknown,Kaplan,Voith,NA,95,14080,1.2,1H,020200030303,36115
hc1862_p01,hc1862_p01_1,White River Lock & Dam NO. 3,35.84333,-91.85,"Ozark Hydro Management, LLC",HY,57162,LD#3,1,NA,4.3,2006,Unknown,Kaplan,North American Hydro,NA,NA,NA,1,1H,1.101E+11,05063
hc1863_p01,hc1863_p01_1,White River Lock & Dam NO. 2,35.74445,-91.76583,"Ozark Hydro Management, LLC",HY,57161,LD#2,1,NA,3.5,2007,Unknown,Kaplan,North American Hydro,NA,NA,NA,1,1H,1.101E+11,05063
hc1864_p01,hc1864_p01_1,Clarks Mill Upper,43.1185,-73.555,Hollingworth & Vose Co,HY,52067,5,1,01 - Clark Mills Upper,0.112,1985,Unknown,Francis,NA,NA,27,175,NA,NA,020200030303,36115
hc1864_p01,hc1864_p01_2,Clarks Mill Upper,43.1185,-73.555,Hollingworth & Vose Co,HY,52067,1,2,01 - Clark Mills Upper,0.224,1985,Unknown,Francis,NA,NA,27,460,NA,NA,020200030303,36115
hc1864_p01,hc1864_p01_3,Clarks Mill Upper,43.1185,-73.555,Hollingworth & Vose Co,HY,52067,2,3,01 - Clark Mills Upper,0.224,1985,Unknown,Francis,NA,NA,27,460,NA,NA,020200030303,36115
hc1864_p01,hc1864_p01_4,Clarks Mill Upper,43.1185,-73.555,Hollingworth & Vose Co,HY,52067,3,4,01 - Clark Mills Upper,0.224,1985,Unknown,Francis,NA,NA,27,460,NA,NA,020200030303,36115
hc1864_p01,hc1864_p01_5,Clarks Mill Upper,43.1185,-73.555,Hollingworth & Vose Co,HY,52067,4,5,01 - Clark Mills Upper,0.224,1985,Unknown,Francis,NA,NA,27,460,NA,NA,020200030303,36115
hc1865_p01,hc1865_p01_1,Center Falls,43.0968,-73.4598,Hollingworth & Vose Co Center Falls,HY,10853,3,1,01 - Center Falls,0.3,1986,Unknown,Francis,NA,NA,NA,500,0.1,1H,020200030303,36115
hc1865_p01,hc1865_p01_2,Center Falls,43.0968,-73.4598,Hollingworth & Vose Co Center Falls,HY,10853,1,2,01 - Center Falls,0.4,1986,Unknown,Francis,NA,NA,NA,600,0.1,1H,020200030303,36115
hc1865_p01,hc1865_p01_3,Center Falls,43.0968,-73.4598,Hollingworth & Vose Co Center Falls,HY,10853,2,3,01 - Center Falls,0.4,1986,Unknown,Francis,NA,NA,NA,600,0.1,1H,020200030303,36115
hc1866_p01,hc1866_p01_1,Crescent,42.8065,-73.7222,New York Power Authority,HY,2685,1,1,01 - Crescent,2.8,1925,Unknown,Francis,S. Morgan Smith,NA,26.5,4000,1,10M,020200041110,36091
hc1866_p01,hc1866_p01_2,Crescent,42.8065,-73.7222,New York Power Authority,HY,2685,2,2,01 - Crescent,2.8,1925,Unknown,Francis,S. Morgan Smith,NA,26.5,4000,1,10M,020200041110,36091
hc1866_p01,hc1866_p01_3,Crescent,42.8065,-73.7222,New York Power Authority,HY,2685,3,3,01 - Crescent,3,1990,Unknown,Kaplan,Voith,NA,27.5,4200,1,10M,020200041110,36091
hc1866_p01,hc1866_p01_4,Crescent,42.8065,-73.7222,New York Power Authority,HY,2685,4,4,01 - Crescent,3,1990,Unknown,Kaplan,Voith,NA,27.5,4200,1,10M,020200041110,36091
hc1867_p01,hc1867_p01_1,Vischer Ferry,42.8048,-73.8455,New York Power Authority,HY,2686,1,1,01 - Vischer Ferry,2.8,1925,Unknown,Francis,S. Morgan Smith,NA,26.5,4000,1,10M,020200041109,NA
hc1867_p01,hc1867_p01_2,Vischer Ferry,42.8048,-73.8455,New York Power Authority,HY,2686,2,2,01 - Vischer Ferry,2.8,1925,Unknown,Francis,S. Morgan Smith,NA,26.5,4000,1,10M,020200041109,NA
hc1867_p01,hc1867_p01_3,Vischer Ferry,42.8048,-73.8455,New York Power Authority,HY,2686,3,3,01 - Vischer Ferry,3,1990,Unknown,Kaplan,Voith,NA,27.5,4200,1,10M,020200041109,NA
hc1867_p01,hc1867_p01_4,Vischer Ferry,42.8048,-73.8455,New York Power Authority,HY,2686,4,4,01 - Vischer Ferry,3,1990,Unknown,Kaplan,Voith,NA,27.5,4200,1,10M,020200041109,NA
hc1868_p01,hc1868_p01_1,Stillwater Hydro Electric Project,42.9366,-73.6536,"GR Catalyst One, LLC",HY,54395,1,1,01 - Stillwater,1.7,1993,Unknown,Kaplan,ESAC,NA,10,3650,0.4,1H,020200031104,36091
hc1868_p01,hc1868_p01_2,Stillwater Hydro Electric Project,42.9366,-73.6536,"GR Catalyst One, LLC",HY,54395,2,2,01 - Stillwater,1.7,1993,Unknown,Kaplan,ESAC,NA,10,3650,0.4,1H,020200031104,36091
hc1870_p01,hc1870_p01_1,Wells River,44.1708,-72.0999,Boltonville Hydro Associates,HY,50539,2,1,01 - Wells River,0.3,1984,Unknown,Kaplan,Ingersol Rand,NA,75,490,0,1H,010801030602,50017
hc1870_p01,hc1870_p01_2,Wells River,44.1708,-72.0999,Boltonville Hydro Associates,HY,50539,1,2,01 - Wells River,0.5,1984,Unknown,Kaplan,Ingersol Rand,NA,75,840,0,1H,010801030602,50017
hc1870_p01,hc1870_p01_3,Wells River,44.1708,-72.0999,Boltonville Hydro Associates,HY,50539,3,3,01 - Wells River,0.3,1988,Unknown,Kaplan,Ossberger,NA,73.8,440,0,1H,010801030602,50017
hc1871_p01,hc1871_p01_1,Pejepscot Hydroelectric Project,43.9568,-70.0256,Topsham Hydro Partners,HY,50758,GEN2,1,"01 - Pejepscot - ""Old""",0.4,1987,Unknown,Francis,NA,NA,23,677,0.1,10M,010400021007,23005
hc1871_p01,hc1871_p01_2,Pejepscot Hydroelectric Project,43.9568,-70.0256,Topsham Hydro Partners,HY,50758,GEN4,2,"01 - Pejepscot - ""Old""",0.5,1987,Unknown,Francis,NA,NA,23,746,0.1,10M,010400021007,23005
hc1871_p01,hc1871_p01_3,Pejepscot Hydroelectric Project,43.9568,-70.0256,Topsham Hydro Partners,HY,50758,GEN3,3,"01 - Pejepscot - ""Old""",0.3,1987,Unknown,Unknown,NA,NA,NA,NA,0.1,10M,010400021007,23005
hc1871_p01,hc1871_p01_4,Pejepscot Hydroelectric Project,43.9568,-70.0256,Topsham Hydro Partners,HY,50758,GEN1,4,"02 - Pejepscot - ""New""",12.3,1987,Unknown,Kaplan,NA,NA,25,17000,1.5,10M,010400021007,23005
hc1872_p01,hc1872_p01_1,Glen Park Hydroelectric Project,44.000676,-75.961238,"Eagle Creek Renewable Energy, LLC",HY,50512,GEN1,1,"01 - Glen Park - ""Main""",14.5,1999,Unknown,Kaplan,Axel Johnson,NA,65,19500,2.2000000000000002,10M,041501011404,36045
hc1872_p01,hc1872_p01_2,Glen Park Hydroelectric Project,44.000676,-75.961238,"Eagle Creek Renewable Energy, LLC",HY,50512,GEN2,2,"01 - Glen Park - ""Main""",14.5,1999,Unknown,Kaplan,Axel Johnson,NA,65,19500,2.2000000000000002,10M,041501011404,36045
hc1872_p01,hc1872_p01_3,Glen Park Hydroelectric Project,44.000676,-75.961238,"Eagle Creek Renewable Energy, LLC",HY,50512,GEN3,3,"02 - Glen Park - ""Minimum Flow""",3.6,1999,Unknown,Kaplan,Voith,NA,40,5019,0.5,10M,041501011404,36045
hc1873_p01,hc1873_p01_1,High Shoals Hydro,35.3964,-81.203,"Central Rivers Power US, LLC",HY,10550,GEN1,1,01 - High Shoals,1.8,1981,Unknown,Kaplan,S. Morgan Smith,NA,30,2500,0.1,10M,030501020504,37071
hc1874_p01,hc1874_p01_1,Barber Dam,43.5606,-116.1207,Barber Pool Hydro LLC,HY,10735,GEN1,1,01 - Barber Dam,4.1,1989,Unknown,Kaplan,Voith,NA,24.69,2776,0.1,10M,1.70501E+11,16001
hc1875_p01,hc1875_p01_1,Twin Falls Hydro,47.4444,-121.6858,"Central Rivers Power US, LLC",HY,50827,UNI1,1,01 - Twin Falls,12,1990,Unknown,Unknown,NA,NA,NA,NA,0.1,10M,1.711E+11,53033
hc1875_p01,hc1875_p01_2,Twin Falls Hydro,47.4444,-121.6858,"Central Rivers Power US, LLC",HY,50827,UNI2,2,01 - Twin Falls,12,1990,Unknown,Unknown,NA,NA,NA,NA,0.1,10M,1.711E+11,53033
hc1876_p01,hc1876_p01_1,Forestport,43.4403,-75.2062,"Clear Energy Capital, LLC",HY,50768,1,1,01 - Forestport,3.4,1988,Unknown,Kaplan,Dominion,NA,57,4400,0.5,10M,041501010302,36065
hc1877_p01,hc1877_p01_1,Tannery Island Power,43.9817,-75.6158,Relevate Power Management LLC,HY,50416,GEN1,1,01 - Tannery Island,0.3,1986,Unknown,Pump,Flygt,NA,15,520,0.1,10M,041501011401,36045
hc1877_p01,hc1877_p01_2,Tannery Island Power,43.9817,-75.6158,Relevate Power Management LLC,HY,50416,GEN2,2,01 - Tannery Island,0.3,1986,Unknown,Pump,Flygt,NA,15,520,0.1,10M,041501011401,36045
hc1877_p01,hc1877_p01_3,Tannery Island Power,43.9817,-75.6158,Relevate Power Management LLC,HY,50416,GEN3,3,01 - Tannery Island,0.3,1986,Unknown,Pump,Flygt,NA,15,520,0.1,10M,041501011401,36045
hc1877_p01,hc1877_p01_4,Tannery Island Power,43.9817,-75.6158,Relevate Power Management LLC,HY,50416,GEN4,4,01 - Tannery Island,0.3,1986,Unknown,Pump,Flygt,NA,15,520,0.1,10M,041501011401,36045
hc1877_p01,hc1877_p01_5,Tannery Island Power,43.9817,-75.6158,Relevate Power Management LLC,HY,50416,GEN5,5,01 - Tannery Island,0.3,1986,Unknown,Pump,Flygt,NA,15,520,0.1,10M,041501011401,36045
hc1878_p01,hc1878_p01_1,Mill Creek,46.5517,-122.6306,PUD No 1 of Lewis County,HY,7426,U#1,1,01 - Mill Creek,0.3,1983,Unknown,Francis,James Leffel & Co.,NA,NA,400,NA,NA,1.708E+11,53041
hc1878_p01,hc1878_p01_2,Mill Creek,46.5517,-122.6306,PUD No 1 of Lewis County,HY,7426,U#2,2,01 - Mill Creek,0.3,1983,Unknown,Francis,James Leffel & Co.,NA,NA,400,NA,NA,1.708E+11,53041
hc1879_p01,hc1879_p01_1,Sibley Mill,33.4876,-81.9927,Augusta Canal Authority,HY,54322,4,1,01 - Sibley Mill,0.8,1946,Unknown,Francis,S. Morgan Smith,NA,36,1320,0.4,1H,030601060601,13245
hc1879_p01,hc1879_p01_2,Sibley Mill,33.4876,-81.9927,Augusta Canal Authority,HY,54322,2,2,01 - Sibley Mill,0.6,1946,Unknown,Francis,James Leffel & Co.,NA,36,900,0.4,1H,030601060601,13245
hc1879_p01,hc1879_p01_3,Sibley Mill,33.4876,-81.9927,Augusta Canal Authority,HY,54322,3,3,01 - Sibley Mill,0.7,1946,Unknown,Francis,James Leffel & Co.,NA,36,1080,0.4,1H,030601060601,13245
hc1880_p01,hc1880_p01_1,Quinebaug Lower Project,41.8014,-71.8878,Quinebaug Associates LLC,HY,55860,MF,1,"02 - Quinebaug - ""Upper""",0.1,1989,Unknown,Unknown,NA,NA,NA,NA,0.1,10M,011000010403,09015
hc1880_p01,hc1880_p01_4,Quinebaug Lower Project,41.8014,-71.8878,Quinebaug Associates LLC,HY,55860,5-M,4,01 - Five Mile Pond,0.3,2006,Unknown,Kaplan,Neyrpic,NA,20,450,0.1,10M,011000010403,09015
hc1880_p01,hc1880_p01_2,Quinebaug Lower Project,41.8014,-71.8878,Quinebaug Associates LLC,HY,55860,U2,2,"01 - Quinebaug - ""Lower""",0.8,1990,Unknown,Kaplan,Neyrpic,NA,25,950,0.2,10M,011000010403,09015
hc1880_p01,hc1880_p01_3,Quinebaug Lower Project,41.8014,-71.8878,Quinebaug Associates LLC,HY,55860,UI,3,"01 - Quinebaug - ""Lower""",1.3,1990,Unknown,Kaplan,Neyrpic,NA,25,1500,0.3,10M,011000010403,09015
hc1881_p01,hc1881_p01_2,Benton Falls,44.5800978,-69.554655,Essex Hydro Associates LLC,HY,10523,GEN2,2,01 - Benton Falls,0.7,1987,Unknown,Francis,NA,NA,28.5,1006,0.3,1H,010300032106,23011
hc1881_p01,hc1881_p01_1,Benton Falls Associates,44.5800978,-69.554655,Essex Hydro Associates LLC,HY,10523,GEN1,1,01 - Benton Falls,3.5,1987,Unknown,Francis,NA,NA,28.5,1006,0.3,1H,010300032106,23011
hc1882_p01,hc1882_p01_2,Big Sheep Creek,48.9498,-117.7946,Sheep Creek Hydro Inc,HY,50091,TB2,2,01 - Big Sheep Creek,0.3,2003,Unknown,Francis,Ossberger,NA,200,486,0.1,1H,1.702E+11,53065
hc1882_p01,hc1882_p01_1,Big Sheep Creek,48.9498,-117.7946,Sheep Creek Hydro Inc,HY,50091,TB1,1,01 - Big Sheep Creek,1.3,1986,Unknown,Pelton,NA,NA,NA,1334,0.4,1H,1.702E+11,53065
hc1883_p01,hc1883_p01_1,North Branch 3,44.3096,-72.5752,Washington Electric Coop - (VT),HY,7051,1,1,01 - North Branch 3  (Wrightsville),0.1,1985,Unknown,Francis,NA,NA,NA,128,0.1,10M,041504030302,50023
hc1883_p01,hc1883_p01_2,North Branch 3,44.3096,-72.5752,Washington Electric Coop - (VT),HY,7051,2,2,01 - North Branch 3  (Wrightsville),0.3,1985,Unknown,Francis,NA,NA,NA,346,0.2,10M,041504030302,50023
hc1883_p01,hc1883_p01_3,North Branch 3,44.3096,-72.5752,Washington Electric Coop - (VT),HY,7051,3,3,01 - North Branch 3  (Wrightsville),0.6,1985,Unknown,Francis,NA,NA,NA,771,0.4,10M,041504030302,50023
hc1885_p01,hc1885_p01_2,Newport Hydro,43.1852,-75.0179,"Eagle Creek Renewable Energy, LLC",HY,50354,1,2,"01 - Newport - ""Main""",0.8,1987,Unknown,Francis,NA,NA,11.5,1000,0.2,1H,020200040602,36043
hc1885_p01,hc1885_p01_3,Newport Hydro,43.1852,-75.0179,"Eagle Creek Renewable Energy, LLC",HY,50354,2,3,"01 - Newport - ""Main""",0.8,1987,Unknown,Francis,NA,NA,11.5,1000,0.2,1H,020200040602,36043
hc1885_p01,hc1885_p01_1,Newport Hydro,43.1852,-75.0179,"Eagle Creek Renewable Energy, LLC",HY,50354,3,1,"02 - Newport - ""Minimum Flow""",0.1,1987,Unknown,Pump,NA,NA,11.5,270,0,1H,020200040602,36043
hc1886_p01,hc1886_p01_1,Venice,34.0112,-118.4167,Metropolitan Water District of S CA,HY,72,1,1,01 - Venice,10.1,1982,Unknown,Francis,Fuji,NA,283,NA,3.8,12H,1.80701E+11,06037
hc1887_p01,hc1887_p01_1,Baldwinsville,43.1572,-76.3329,Niagara Mohawk Power Corp,HY,2542,1,1,01 - Baldwinsville,0.32,1927,Unknown,Kaplan,I.P. Morris,NA,8.5,425,NA,NA,041402011611,36067
hc1887_p01,hc1887_p01_2,Baldwinsville,43.1572,-76.3329,Niagara Mohawk Power Corp,HY,2542,2,2,01 - Baldwinsville,0.32,1927,Unknown,Kaplan,I.P. Morris,NA,8.5,425,NA,NA,041402011611,36067
hc1887_p02,hc1887_p02_1,Seneca,43.157,-76.3338,"Northline Energy, LLC",HY,NA,NA,1,01 - Seneca,0.15,1981,Unknown,Kaplan,James Leffel & Co.,NA,8,200,NA,NA,041402011611,36067
hc1887_p02,hc1887_p02_2,Seneca,43.157,-76.3338,"Northline Energy, LLC",HY,NA,NA,2,01 - Seneca,0.4,1985,Unknown,Kaplan,MCI,NA,8,530,NA,NA,041402011611,36067
hc1887_p02,hc1887_p02_3,Seneca,43.157,-76.3338,"Northline Energy, LLC",HY,NA,NA,3,01 - Seneca,0.4,1985,Unknown,Kaplan,MCI,NA,8,530,NA,NA,041402011611,36067
hc1888_p01,hc1888_p01_1,International Falls Power,48.6,-93.4,Boise White Paper LLC,HY,10487,GEN6,1,01 - International Falls,1.6,1924,Unknown,Francis,S. Morgan Smith,NA,29,2100,0,12H,090300080501,NA
hc1888_p01,hc1888_p01_2,International Falls Power,48.6,-93.4,Boise White Paper LLC,HY,10487,GEN7,2,01 - International Falls,1.6,1924,Unknown,Francis,S. Morgan Smith,NA,29,2100,0,12H,090300080501,NA
hc1888_p01,hc1888_p01_3,International Falls Power,48.6,-93.4,Boise White Paper LLC,HY,10487,GEN5,3,01 - International Falls,2.2,1945,Unknown,Francis,S. Morgan Smith,NA,29,2500,0,12H,090300080501,NA
hc1888_p01,hc1888_p01_4,International Falls Power,48.6,-93.4,Boise White Paper LLC,HY,10487,GEN1,4,01 - International Falls,2.2,1991,Unknown,Kaplan,American Hydro,NA,29,3500,0,12H,090300080501,NA
hc1888_p01,hc1888_p01_5,International Falls Power,48.6,-93.4,Boise White Paper LLC,HY,10487,GEN2,5,01 - International Falls,2.2,1991,Unknown,Francis,American Hydro,NA,29,3600,0,12H,090300080501,NA
hc1888_p01,hc1888_p01_6,International Falls Power,48.6,-93.4,Boise White Paper LLC,HY,10487,GEN3,6,01 - International Falls,2.2,1991,Unknown,Francis,American Hydro,NA,29,3500,0,12H,090300080501,NA
hc1888_p01,hc1888_p01_7,International Falls Power,48.6,-93.4,Boise White Paper LLC,HY,10487,GEN4,7,01 - International Falls,2.2,1991,Unknown,Francis,American Hydro,NA,29,3100,0,12H,090300080501,NA
hc1889_p01,hc1889_p01_1,Lee Creek Water Treatment Facility,35.4866,-94.4148,City of Fort Smith,HY,54283,209,1,01 - Lee Creek,1.3,1992,Unknown,Kaplan,Kvaerner,NA,28.75,2010,0.5,1H,1.11101E+11,05033
hc1890_p01,hc1890_p01_1,Stone Creek,45.080536,-121.893335,Eugene Water & Electric Board,HY,7508,1,1,01 - Stone Creek,12,1994,Unknown,Pelton,NA,NA,NA,NA,3,12H,1.709E+11,41005
hc1891_p01,hc1891_p01_1,Squam Lake Dam,43.7055,-71.6298,Town of Ashland,HY,7395,1,1,01 - Squam Lake,0.04,1982,Unknown,Pump,Hydrolec,NA,12,53,NA,NA,010700010502,33009
hc1891_p01,hc1891_p01_2,Squam Lake Dam,43.7055,-71.6298,Town of Ashland,HY,7395,2,2,01 - Squam Lake,0.04,1982,Unknown,Pump,Hydrolec,NA,12,53,NA,NA,010700010502,33009
hc1892_p01,hc1892_p01_1,Hudson Falls Hydroelectric Project,43.2969,-73.5926,Boralex Hydro Operations Inc,HY,54953,GEN1,1,01 - Hudson Falls,22,1995,Unknown,Kaplan,Kvaerner,NA,65,29334,0.1,10M,020200030506,36091
hc1892_p01,hc1892_p01_2,Hudson Falls Hydroelectric Project,43.2969,-73.5926,Boralex Hydro Operations Inc,HY,54953,GEN2,2,01 - Hudson Falls,22,1995,Unknown,Kaplan,Kvaerner,NA,65,29334,0.1,10M,020200030506,36091
hc1893_p01,hc1893_p01_1,Moccasin Low Head Hydro Project,37.8147,-120.3085,City & County of San Francisco,HY,751,1,1,01 - Moccasin Low Head,2.9,1987,Unknown,Francis,NA,NA,76,2510,0,1H,1.804E+11,06109
hc1894_p01,hc1894_p01_1,Kesslen,43.3839,-70.5423,Kennebunk Light & Power Dist,HY,7401,1,1,01 - Kesslen,0.15,1928,Unknown,Francis,James Leffel & Co.,NA,12,200,NA,NA,010600030205,23031
hc1895_p01,hc1895_p01_1,Twine Mill,43.4021,-70.576,Kennebunk Light & Power Dist,HY,7402,2,1,01 - Twine Mill,0.3,1980,Unknown,Kaplan,Allis-Chalmers,NA,18,400,NA,NA,010600030205,23031
hc1896_p01,hc1896_p01_1,Dane Perkins,43.4032,-70.5856,Kennebunk Light & Power Dist,HY,7403,3,1,01 - Dane Perkins,0.15,1979,Unknown,Kaplan,S. Morgan Smith,NA,12,200,NA,NA,010600030205,23031
hc1897_p01,hc1897_p01_1,Horseshoe Bend Hydro Partners,43.9094,-116.1881,Horseshoe Bend Hydroelectric Co,HY,54524,GEN1,1,01 - Horseshoe Bend,4.7,1995,Unknown,Kaplan,Voith,NA,46,5498,0.5,10M,1.70501E+11,16015
hc1897_p01,hc1897_p01_2,Horseshoe Bend Hydro Partners,43.9094,-116.1881,Horseshoe Bend Hydroelectric Co,HY,54524,GEN2,2,01 - Horseshoe Bend,4.7,1995,Unknown,Kaplan,Voith,NA,46,5029,0.5,10M,1.70501E+11,16015
hc1898_p01,hc1898_p01_1,R E Badger Filtration Plant,33.0512,-117.1753,Santa Fe Irrigation District,HY,50147,1,1,01 - R. E. Badger Filtration,1.4,1987,Unknown,Francis,NA,NA,350,805,0.5,1H,1.80703E+11,06073
hc1900_p01,hc1900_p01_1,Coleman Falls,37.5023,-79.3002,Holcomb Rock Company,HY,56313,CGH2,1,01 - Coleman  Falls,0.5,1984,Unknown,Francis,Allis-Chalmers,NA,18,825,0.1,10M,020802030103,NA
hc1900_p01,hc1900_p01_2,Coleman Falls,37.5023,-79.3002,Holcomb Rock Company,HY,56313,CGH3,2,01 - Coleman  Falls,0.5,1984,Unknown,Francis,Allis-Chalmers,NA,18,825,0.1,10M,020802030103,NA
hc1900_p01,hc1900_p01_3,Coleman Falls,37.5023,-79.3002,Holcomb Rock Company,HY,56313,CHG1,3,01 - Coleman  Falls,0.5,1984,Unknown,Francis,Allis-Chalmers,NA,18,825,0.1,10M,020802030103,NA
hc1901_p01,hc1901_p01_1,Mt Ida Hydroelectric,42.7212,-73.6769,"Clear Energy Capital, LLC",HY,50031,3983,1,01 - Mount Ida,1.5,1992,Unknown,Francis,Boving,NA,163.5,1947,0.2,10M,020200060104,36083
hc1901_p01,hc1901_p01_2,Mt Ida Hydroelectric,42.7212,-73.6769,"Clear Energy Capital, LLC",HY,50031,3986,2,01 - Mount Ida,1.5,1992,Unknown,Francis,Boving,NA,163.5,1947,0.2,10M,020200060104,36083
hc1902_p01,hc1902_p01_1,Black River Hydro Associates,43.5453,-75.3251,"Central Rivers Power US, LLC",HY,10687,DE1,1,"01 - Denley - ""Old""",1.6,1984,Unknown,Francis,James Leffel & Co.,NA,21,110,0.1,1H,041501010305,36049
hc1902_p01,hc1902_p01_2,Black River Hydro Associates,43.5453,-75.3251,"Central Rivers Power US, LLC",HY,10687,RI1,2,01 - Rock Island,1.9,1984,Unknown,Kaplan,Axel Johnson,NA,21,2550,0.1,1H,041501010305,36049
hc1902_p01,hc1902_p01_3,Black River Hydro Associates,43.5453,-75.3251,"Central Rivers Power US, LLC",HY,10687,PL1,3,01 - Port Leyden,2.2,1984,Unknown,Kaplan,Axel Johnson,NA,23,2800,0.1,1H,041501010305,36049
hc1903_p01,hc1903_p01_1,Bedford,37.576,-79.3744,Town of Bedford - (VA),HY,3821,4,1,01 - Bedford,2.5,1987,Unknown,Kaplan,Siemens - Allis,NA,19.600000000000001,3850,0.6,10M,020802030101,NA
hc1903_p01,hc1903_p01_2,Bedford,37.576,-79.3744,Town of Bedford - (VA),HY,3821,5,2,01 - Bedford,2.5,1987,Unknown,Kaplan,Siemens - Allis,NA,19.600000000000001,3850,0.6,10M,020802030101,NA
hc1904_p01,hc1904_p01_1,Hailesboro No 3 Mill,44.311,-75.4445,Hydro Development Group Inc,HY,743,1,1,01 - No. 3 Mill,0.5,1984,Unknown,Francis,S. Morgan Smith,NA,18,650,NA,NA,041503020801,36089
hc1904_p01,hc1904_p01_2,Hailesboro No 3 Mill,44.311,-75.4445,Hydro Development Group Inc,HY,743,2,2,01 - No. 3 Mill,0.5,1984,Unknown,Francis,S. Morgan Smith,NA,18,550,NA,NA,041503020801,36089
hc1905_p01,hc1905_p01_1,San Dimas Wash Generating Station,34.124178,-117.804994,San Gabriel Valley Mun Wtr Dt,HY,50233,4011,1,01 - San Dimas Wash,1,1986,Unknown,Unknown,NA,NA,455,NA,0.3,1H,1.80701E+11,06037
hc1907_p01,hc1907_p01_1,Chateaugay High Falls Hydro,44.9092,-74.0871,Hydroland Omega LLC,HY,50093,WT,1,01 - High Falls,1.7,1987,Unknown,Francis,Voith,NA,110,1680,0.1,10M,041503080104,36033
hc1908_p01,hc1908_p01_1,Clark Mills Lower,43.1158,-73.5681,Hollingworth & Vose Co,HY,10852,3,1,01 - Clarks Mills Lower,0.187,1985,Unknown,Francis,NA,NA,NA,250,NA,NA,020200030303,36115
hc1908_p01,hc1908_p01_2,Clark Mills Lower,43.1158,-73.5681,Hollingworth & Vose Co,HY,10852,2,2,01 - Clarks Mills Lower,0.205,1985,Unknown,Francis,NA,NA,NA,450,NA,NA,020200030303,36115
hc1908_p01,hc1908_p01_3,Clark Mills Lower,43.1158,-73.5681,Hollingworth & Vose Co,HY,10852,1,3,01 - Clarks Mills Lower,0.3,1985,Unknown,Francis,NA,NA,NA,400,NA,NA,020200030303,36115
hc1908_p01,hc1908_p01_4,Clark Mills Lower,43.1158,-73.5681,Hollingworth & Vose Co,HY,10852,4,4,01 - Clarks Mills Lower,0.373,1985,Unknown,Francis,NA,NA,NA,500,NA,NA,020200030303,36115
hc1911_p01,hc1911_p01_1,Lachute Hydro Upper,43.8373,-73.4296,"Central Rivers Power US, LLC",HY,10753,GEN1,1,01 - Upper Lachute River,5.2,1987,Unknown,Francis,Barber,NA,120,6934,0.1,10M,041504080205,36031
hc1912_p01,hc1912_p01_1,Lachute Hydro Lower,43.8468,-73.4281,"Central Rivers Power US, LLC",HY,10752,GEN1,1,01 - Lower Lachute River,3.8,1987,Unknown,Francis,Barber,NA,83,4800,0.1,10M,041504080206,36031
hc1913_p01,hc1913_p01_1,Nichols,40.5295,-121.9415,"Central Rivers Power US, LLC",HY,50156,GEN1,1,01 - Nichols,3.2,1990,Unknown,Unknown,NA,NA,650,4086,0.1,10M,1.80202E+11,06089
hc1914_p01,hc1914_p01_1,Foothills Hydro Plant,39.4574,-105.0671,Denver City & County-Foothills,HY,10070,GEN1,1,01 - Foothills,3.1,1985,Unknown,Unknown,NA,NA,NA,NA,0.4,1H,1.019E+11,08059
hc1915_p01,hc1915_p01_1,Carthage Mill,43.9817,-75.6204,Relevate Power Management LLC,HY,50759,GEN1,1,01 - Carthage Mill,2.2,1985,Unknown,Kaplan,Voith,NA,18.100000000000001,3467,0.3,10M,041501011401,36045
hc1915_p01,hc1915_p01_2,Carthage Mill,43.9817,-75.6204,Relevate Power Management LLC,HY,50759,GEN2,2,01 - Carthage Mill,2.2,1985,Unknown,Kaplan,Voith,NA,17.2,3200,0.3,10M,041501011401,36045
hc1916_p01,hc1916_p01_1,Diamond Island Plant,43.9784,-75.8859,"Central Rivers Power US, LLC",HY,10540,GEN1,1,01 - Diamond Island,0.4,1914,Unknown,Francis,NA,NA,9,600,0.1,1H,041501011404,36045
hc1916_p01,hc1916_p01_2,Diamond Island Plant,43.9784,-75.8859,"Central Rivers Power US, LLC",HY,10540,GEN2,2,01 - Diamond Island,0.4,1914,Unknown,Francis,NA,NA,9,600,0.1,1H,041501011404,36045
hc1916_p01,hc1916_p01_3,Diamond Island Plant,43.9784,-75.8859,"Central Rivers Power US, LLC",HY,10540,GEN3,3,01 - Diamond Island,0.4,1914,Unknown,Francis,NA,NA,9,600,0.1,1H,041501011404,36045
hc1917_p01,hc1917_p01_1,Alice Falls Hydro Project,44.5191,-73.4653,"Eagle Creek Renewable Energy, LLC",HY,54391,2,1,01 - Alice Falls,0.6,1991,Unknown,Kaplan,S. Morgan Smith,NA,36,580,0.1,10M,041504040302,36031
hc1917_p01,hc1917_p01_2,Alice Falls Hydro Project,44.5191,-73.4653,"Eagle Creek Renewable Energy, LLC",HY,54391,1,2,01 - Alice Falls,1.5,1991,Unknown,Kaplan,ESAC,NA,36,1520,0.5,10M,041504040302,36031
hc1918_p01,hc1918_p01_1,Opal Springs Hydro,44.490042,-121.298955,Deschutes Valley Water District,HY,54251,1,1,01 - Opal Springs,4.3,1985,Unknown,Kaplan,Allis-Chalmers,NA,41,5750,2,10M,1.70703E+11,41031
hc1919_p01,hc1919_p01_1,Little Cottonwood,40.583,-111.8013,City of Murray - (UT),HY,6537,1,1,01 - Little Cottonwood Creek,2.4,1982,Unknown,Unknown,NA,NA,569,NA,0.1,1H,1.60202E+11,49035
hc1919_p01,hc1919_p01_2,Little Cottonwood,40.583,-111.8013,City of Murray - (UT),HY,6537,2,2,01 - Little Cottonwood Creek,2.4,1982,Unknown,Unknown,NA,NA,569,NA,0.1,1H,1.60202E+11,49035
hc1920_p01,hc1920_p01_1,Scott Flat,39.2719,-120.931,Nevada Irrigation District,HY,839,7P,1,01 - Scotts Flat,1,1984,Unknown,Francis,NA,NA,140,1310,0.1,1H,1.80201E+11,06057
hc1921_p01,hc1921_p01_1,Hatchet Creek Project,40.8738,-121.92,Mega Renewables,HY,10882,GEN1,1,01 - Hatchet Creek,6.8,1987,Unknown,Pelton,GEC  L,NA,1025,9813,0.3,10M,1.802E+11,06089
hc1922_p01,hc1922_p01_1,Temescal,33.831,-117.4977,Metropolitan Water District of S CA,HY,479,1,1,01 - Temescal,2.9,1983,Unknown,Francis,NA,NA,130,3953,1.5,12H,1.80702E+11,06065
hc1923_p01,hc1923_p01_1,Moretown No. 8,44.2857,-72.7108,Moretown Hydroelectric LLC,HY,52033,1,1,01 - Moretown No. 8,1.2,1988,Unknown,Kaplan,NA,NA,34.5,1700,0.1,10M,041504030504,50023
hc1924_p01,hc1924_p01_1,Oswego Falls East,43.3148,-76.4158,Erie Boulevard Hydropower LP,HY,2595,1,1,01 - Oswego Falls East,2,1916,Unknown,Francis,Wellman Seaver Morgan,NA,17,2200,1,10M,041402030103,36075
hc1924_p01,hc1924_p01_2,Oswego Falls East,43.3148,-76.4158,Erie Boulevard Hydropower LP,HY,2595,2,2,01 - Oswego Falls East,2,1916,Unknown,Francis,Wellman Seaver Morgan,NA,17,2200,1,10M,041402030103,36075
hc1924_p01,hc1924_p01_3,Oswego Falls East,43.3148,-76.4158,Erie Boulevard Hydropower LP,HY,2595,3,3,01 - Oswego Falls East,2,1916,Unknown,Francis,Wellman Seaver Morgan,NA,17,2200,1,10M,041402030103,36075
hc1924_p02,hc1924_p02_3,Oswego Falls West,43.3148,-76.4158,Erie Boulevard Hydropower LP,HY,2596,6,3,NA,0.5,2008,Unknown,Unknown,NA,NA,NA,NA,0.4,10M,041402030103,36075
hc1924_p02,hc1924_p02_4,Oswego Falls West,43.3148,-76.4158,Erie Boulevard Hydropower LP,HY,2596,7,4,NA,0.5,2008,Unknown,Unknown,NA,NA,NA,NA,0.4,10M,041402030103,36075
hc1924_p02,hc1924_p02_1,Oswego Falls West,43.3148,-76.4158,Erie Boulevard Hydropower LP,HY,2596,4,1,02 - Oswego Falls West,1,1927,Unknown,Francis,Barber,NA,17,1600,0.7,10M,041402030103,36075
hc1924_p02,hc1924_p02_2,Oswego Falls West,43.3148,-76.4158,Erie Boulevard Hydropower LP,HY,2596,5,2,02 - Oswego Falls West,1,1927,Unknown,Francis,Barber,NA,17,1600,0.7,10M,041402030103,36075
hc1925_p01,hc1925_p01_1,Emporia,36.6963,-77.5585,Emporia Hydro Power LP,HY,50175,GEN2,1,01 - Emporia,0.5,1986,Unknown,Kaplan,Axel Johnson,NA,41,693,0.1,12H,030102040603,51081
hc1925_p01,hc1925_p01_2,Emporia,36.6963,-77.5585,Emporia Hydro Power LP,HY,50175,GEN1,2,01 - Emporia,2,1986,Unknown,Kaplan,Axel Johnson,NA,38,2682,0.3,12H,030102040603,51081
hc1926_p01,hc1926_p01_1,Corona,33.8585,-117.6098,Metropolitan Water District of S CA,HY,480,1,1,01 - Corona,2.9,1983,Unknown,Francis,NA,NA,130,3953,1.4,12H,1.80702E+11,06065
hc1927_p01,hc1927_p01_1,Rock Creek II,42.616293,-114.526903,Hydroland Omega LLC,HY,10809,GEN1,1,01 - Rock Creek No. 2,1.9,1989,Unknown,Francis,Voith,NA,119,2648,0.1,10M,1.70402E+11,16083
hc1928_p01,hc1928_p01_1,Lower Haypress Creek,39.5615,-120.5805,EIF Haypress LLC,HY,10253,LGEN,1,01 - Lower Haypress Creek,5,1989,Unknown,Unknown,NA,NA,NA,NA,0.7,10M,1.80201E+11,06091
hc1928_p02,hc1928_p02_1,Haypress Creek,39.5693,-120.5622,EIF Haypress LLC,HY,10253,UGEN,1,01 - Haypress Creek,5,1989,Unknown,Unknown,NA,NA,NA,NA,0.7,10M,1.80201E+11,06091
hc1929_p01,hc1929_p01_1,Mechanicville Hydroelectric Station,42.8796,-73.6762,Mechanicville Hydroelectric Station,HY,62322,MG8,1,01 - Mechanicville,2,2011,Unknown,Unknown,NA,NA,NA,NA,0.3,1H,020200031106,36091
hc1929_p01,hc1929_p01_2,Mechanicville Hydroelectric Station,42.8796,-73.6762,Mechanicville Hydroelectric Station,HY,62322,MG9,2,01 - Mechanicville,2,2011,Unknown,Unknown,NA,NA,NA,NA,0.3,1H,020200031106,36091
hc1930_p01,hc1930_p01_1,Perris,33.833,-117.1745,Metropolitan Water District of S CA,HY,481,1,1,01 - Perris,7.9,1983,Unknown,Francis,NA,NA,178,10940,1.5,12H,1.80702E+11,06065
hc1931_p01,hc1931_p01_1,Hailesboro 4 Plant,44.3111,-75.4446,"Central Rivers Power US, LLC",HY,10544,GEN2,1,01 - Hailesboro #4,0.6,1987,Unknown,Francis,Barber,NA,32,850,0.1,1H,041503020801,36089
hc1931_p01,hc1931_p01_2,Hailesboro 4 Plant,44.3111,-75.4446,"Central Rivers Power US, LLC",HY,10544,GEN1,2,01 - Hailesboro #4,0.8,1987,Unknown,Francis,Barber,NA,32,1150,0.1,1H,041503020801,36089
hc1932_p01,hc1932_p01_1,Fowler No 7 Mill,44.3042,-75.4254,Hydro Development Group Inc,HY,6572,1,1,01 - Fowler #7,0.3,1922,Unknown,Francis,Wellman Seaver Morgan,NA,20,425,NA,NA,041503020801,36089
hc1932_p01,hc1932_p01_2,Fowler No 7 Mill,44.3042,-75.4254,Hydro Development Group Inc,HY,6572,2,2,01 - Fowler #7,0.3,1922,Unknown,Francis,Wellman Seaver Morgan,NA,20,425,NA,NA,041503020801,36089
hc1932_p01,hc1932_p01_3,Fowler No 7 Mill,44.3042,-75.4254,Hydro Development Group Inc,HY,6572,3,3,01 - Fowler #7,0.3,1922,Unknown,Francis,Wellman Seaver Morgan,NA,20,425,NA,NA,041503020801,36089
hc1933_p01,hc1933_p01_1,Derby Hydro,41.3252,-73.1029,McCallum Enterprises I LP,HY,10063,GEN3,1,01 - Derby,0.3,1988,Unknown,Francis,James Leffel & Co.,NA,22,467,0.2,10M,011000051003,09001
hc1933_p01,hc1933_p01_2,Derby Hydro,41.3252,-73.1029,McCallum Enterprises I LP,HY,10063,GEN4,2,01 - Derby,0.3,1988,Unknown,Francis,James Leffel & Co.,NA,22,467,0.2,10M,011000051003,09001
hc1933_p01,hc1933_p01_3,Derby Hydro,41.3252,-73.1029,McCallum Enterprises I LP,HY,10063,GEN1,3,02 - Shelton,4,1989,Unknown,Kaplan,Allis-Chalmers,NA,22,5200,2.5,10M,011000051003,09001
hc1933_p01,hc1933_p01_4,Derby Hydro,41.3252,-73.1029,McCallum Enterprises I LP,HY,10063,GEN2,4,02 - Shelton,4,1989,Unknown,Kaplan,Allis-Chalmers,NA,22,5200,2.5,10M,011000051003,09001
hc1934_p01,hc1934_p01_1,Rio Hondo,33.9405,-118.1685,Metropolitan Water District of S CA,HY,482,1,1,01 - Rio Hondo,1.9,1984,Unknown,Francis,Fuji,NA,233,NA,0.5,12H,1.80701E+11,06037
hc1935_p01,hc1935_p01_1,Pyrites Plant,44.5165,-75.1877,"Central Rivers Power US, LLC",HY,10547,GEN1,1,"01 - Pyrites  - ""Old Thelma""""",1.2,1948,Unknown,Francis,James Leffel & Co.,NA,76,1700,0.1,1H,041503040403,36089
hc1935_p01,hc1935_p01_2,Pyrites Plant,44.5165,-75.1877,"Central Rivers Power US, LLC",HY,10547,GEN2,2,"02 - Pyrites  - ""New""",3.5,1985,Unknown,Francis,Axel Johnson,NA,111,4700,0.1,1H,041503040403,36089
hc1935_p01,hc1935_p01_3,Pyrites Plant,44.5165,-75.1877,"Central Rivers Power US, LLC",HY,10547,GEN3,3,"02 - Pyrites  - ""New""",3.5,1985,Unknown,Francis,Axel Johnson,NA,111,4700,0.1,1H,041503040403,36089
hc1936_p01,hc1936_p01_1,Hosiery Mill,43.1133,-71.8944,Silverstreet Hydro,HY,10036,GEN1,1,01 - Hosiery Mill,0.6,1989,Unknown,Kaplan,Obermeyer,NA,22,800,0.2,10M,010700030301,33011
hc1936_p01,hc1936_p01_2,Hosiery Mill,43.1133,-71.8944,Silverstreet Hydro,HY,10036,GEN2,2,01 - Hosiery Mill,0.6,1989,Unknown,Kaplan,Obermeyer,NA,22,800,0.2,10M,010700030301,33011
hc1937_p01,hc1937_p01_1,Ephraim City,39.3429,-111.5109,City of Ephraim - (UT),HY,925,2,1,01 - Ephraim City,0.7,1984,Unknown,Pelton,Hydro West,NA,400,NA,0.1,10M,1.603E+11,49039
hc1937_p01,hc1937_p01_2,Ephraim City,39.3429,-111.5109,City of Ephraim - (UT),HY,925,3,2,01 - Ephraim City,2.1,1984,Unknown,Pelton,Hydro West,NA,850,NA,0.1,10M,1.603E+11,49039
hc1938_p01,hc1938_p01_1,Stone Drop,37.6433,-120.7191,Modesto Irrigation District,HY,499,1,1,01 - Stone Drop,0.6,1982,Unknown,Unknown,NA,NA,14.3,321.83999999999997,NA,NA,1.804E+11,06099
hc1939_p01,hc1939_p01_1,Coyote Creek,33.9242,-117.955,Metropolitan Water District of S CA,HY,483,1,1,01 - Coyote Creek,3.1,1984,Unknown,Francis,NA,NA,238,4331,0.7,12H,1.80701E+11,06059
hc1940_p01,hc1940_p01_1,Black Creek,47.5349,-121.7034,Black Creek Hydro Inc,HY,54860,GEN1,1,01 - Black Creek,3.7,1994,Unknown,Pelton,Hydro West,NA,1302,5190,0.1,10M,1.711E+11,53033
hc1941_p01,hc1941_p01_1,Lake Creek,40.4397,-111.3134,Heber Light & Power Company,HY,159,1,1,01 - Lake Creek,1.5,1981,Unknown,Unknown,NA,NA,899,1118.5,0.2,1H,1.60202E+11,49051
hc1942_p01,hc1942_p01_1,Cascade Dam,42.9095,-85.499,"Eagle Creek Renewable Energy, LLC",HY,50436,CAS1,1,01 - Cascade,1.6,1986,Unknown,Kaplan,NA,NA,27.5,1000,0.2,10M,040500070408,26081
hc1943_p01,hc1943_p01_1,Lateral No. 10,42.5667,-114.9167,Lateral 10 Ventures,HY,54753,GEN1,1,01 - Lateral No. 10,2.4,1985,Unknown,Pelton,Hayward Tyler,NA,461.5,3825,0.2,1H,1.70402E+11,16083
hc1945_p01,hc1945_p01_1,Betasso,40.1833,-105.1333,Boulder City of,HY,54680,1,1,01 - Betasso,3,1987,Unknown,Pelton,NA,NA,1240,3737,0.3,10M,1.019E+11,08013
hc1947_p01,hc1947_p01_1,Sharp Falls,36.4588,-81.5553,Blue Ridge Elec Member Corp,HY,2782,1,1,01 - Sharp Falls,0.2,1931,Unknown,Unknown,NA,NA,NA,NA,NA,NA,050500010106,37009
hc1948_p01,hc1948_p01_1,Lake Anna,38.0119,-77.7133,Virginia Electric & Power Co,HY,6168,HC1,1,01 - Lake Anna,1,1987,Unknown,Kaplan,Ingersol Rand,NA,72,400,0,1H,020801060603,51109
hc1949_p01,hc1949_p01_1,Nacimiento Hydro Project,35.759,-120.884,Monterey Cnty Water Res Agency,HY,50352,2,1,01 - Nacimiento,0.4,1987,Unknown,Francis,Borg Warner,NA,192,453,0.1,1H,1.806E+11,06079
hc1949_p01,hc1949_p01_2,Nacimiento Hydro Project,35.759,-120.884,Monterey Cnty Water Res Agency,HY,50352,1,2,01 - Nacimiento,4,1987,Unknown,Francis,Axel Johnson,NA,192,5421,0.7,1H,1.806E+11,06079
hc1951_p01,hc1951_p01_1,James Thompson,42.9045,-73.5622,Valley Falls Associates,HY,50034,GEN1,1,01 - James Thompson,2.5,1985,Unknown,Kaplan,Axel Johnson,NA,16,3350,0.4,10M,020200031006,36083
hc1952_p01,hc1952_p01_1,Port Leyden Hydroelectric Project,43.5834,-75.3402,"Lyonsdale Hydroelectric Co., Inc.",HY,10817,GEN1,1,01 - Port Leyden,0.5,1984,Unknown,Kaplan,S. Morgan Smith,NA,14,670,0.2,12H,041501010305,36049
hc1952_p01,hc1952_p01_2,Port Leyden Hydroelectric Project,43.5834,-75.3402,"Lyonsdale Hydroelectric Co., Inc.",HY,10817,GEN2,2,01 - Port Leyden,0.5,1984,Unknown,Kaplan,S. Morgan Smith,NA,14,670,0.5,12H,041501010305,36049
hc1953_p01,hc1953_p01_1,Little Mac Project,42.6311,-114.6634,Little Mac Power Company,HY,10049,1,1,01 - Little Mac,0.3,1983,Unknown,Pump,Worthington,NA,165,257,0,10M,1.70402E+11,16083
hc1953_p01,hc1953_p01_2,Little Mac Project,42.6311,-114.6634,Little Mac Power Company,HY,10049,2,2,01 - Little Mac,0.4,1983,Unknown,Pump,Worthington,NA,165,411,0,10M,1.70402E+11,16083
hc1953_p01,hc1953_p01_3,Little Mac Project,42.6311,-114.6634,Little Mac Power Company,HY,10049,3,3,01 - Little Mac,0.4,1983,Unknown,Pump,Worthington,NA,165,411,0,10M,1.70402E+11,16083
hc1953_p01,hc1953_p01_4,Little Mac Project,42.6311,-114.6634,Little Mac Power Company,HY,10049,4,4,01 - Little Mac,0.4,1983,Unknown,Pump,Worthington,NA,165,411,0,10M,1.70402E+11,16083
hc1954_p01,hc1954_p01_1,Rock Creek,42.63221,-114.537465,Shorock Hydro Inc,HY,50987,GEN1,1,01 - Rock Creek,2.1,1983,Unknown,Francis,Worthington,NA,175,NA,0.2,10M,1.70402E+11,16083
hc1956_p01,hc1956_p01_1,Quail Creek Hydro Plant #1,37.18545,-113.358383,Washington Cnty Wtr Consv Dist,HY,52039,1,1,01 - Quail Creek,2.3,1985,Unknown,Unknown,NA,NA,234,3186,0.5,1H,1.501E+11,49053
hc1957_p01,hc1957_p01_1,Viva Naughton,41.9675,-110.6583,PacifiCorp,HY,7050,2,1,01 - Viva Naughton,0.175,1986,Unknown,Francis,NA,NA,74,756,NA,NA,1.40401E+11,56023
hc1957_p01,hc1957_p01_2,Viva Naughton,41.9675,-110.6583,PacifiCorp,HY,7050,1,2,01 - Viva Naughton,0.567,1986,Unknown,Francis,NA,NA,74,230,NA,NA,1.40401E+11,56023
hc1958_p01,hc1958_p01_1,Marshall,42.3,-85.0167,City of Marshall - (MI),HY,1844,1,1,01 - Marshall,0.2,1928,Unknown,Francis,James Leffel & Co.,NA,15.5,260,0.1,1H,040500030406,26025
hc1958_p01,hc1958_p01_2,Marshall,42.3,-85.0167,City of Marshall - (MI),HY,1844,3,2,01 - Marshall,0.1,1929,Unknown,Unknown,NA,NA,NA,NA,0.1,1H,040500030406,26025
hc1959_p01,hc1959_p01_1,Chicopee Hydroelectric Station,42.1597,-72.5814,City of Chicopee - (MA),HY,50832,1,1,01 - Chicopee,1.2,1985,Unknown,Kaplan,ESAC,NA,28,1675,0,10M,010802040402,25013
hc1959_p01,hc1959_p01_2,Chicopee Hydroelectric Station,42.1597,-72.5814,City of Chicopee - (MA),HY,50832,2,2,01 - Chicopee,1.2,1985,Unknown,Kaplan,ESAC,NA,28,1675,0,10M,010802040402,25013
hc1960_p01,hc1960_p01_1,Collins Facility,42.1569,-72.4227,Relevate Power Management LLC,HY,52166,1,1,01 - Collins,0.6,1984,Unknown,Kaplan,ESAC,NA,14,750,0.2,10M,010802040402,25013
hc1960_p01,hc1960_p01_2,Collins Facility,42.1569,-72.4227,Relevate Power Management LLC,HY,52166,2,2,01 - Collins,0.6,1984,Unknown,Kaplan,ESAC,NA,14,750,0.2,10M,010802040402,25013
hc1961_p01,hc1961_p01_1,North Fork Hydro,42.5017,-120.9869,Sprague Hydro LLC,HY,10737,GEN1,1,01 - North Fork Sprague River,1.2,1989,Unknown,Francis,NA,NA,182,894,0.1,10M,1.80102E+11,41035
hc1962_p01,hc1962_p01_5,Auglaize Hydro,41.2374,-84.4,City of Bryan - (OH),HY,7657,3A,5,01 - Auglaize Hydro,0.9,2004,Unknown,Kaplan,Allis-Chalmers,NA,20,1875,0.6,10M,041000071209,39039
hc1962_p01,hc1962_p01_2,Auglaize Hydro,41.2374,-84.4,City of Bryan - (OH),HY,7657,5,2,01 - Auglaize Hydro,0.5,1988,Unknown,Unknown,NA,NA,NA,NA,0.3,10M,041000071209,39039
hc1962_p01,hc1962_p01_6,Auglaize Hydro,41.2374,-84.4,City of Bryan - (OH),HY,7657,6,6,01 - Auglaize Hydro,0.1,2004,Unknown,Francis,GE,NA,NA,NA,0.1,10M,041000071209,39039
hc1962_p01,hc1962_p01_1,Auglaize Hydro,41.2374,-84.4,City of Bryan - (OH),HY,7657,4,1,01 - Auglaize Hydro,0.5,1985,Unknown,Francis,S. Morgan Smith,NA,18,1000,0.3,10M,041000071209,39039
hc1962_p01,hc1962_p01_4,Auglaize Hydro,41.2374,-84.4,City of Bryan - (OH),HY,7657,1,4,01 - Auglaize Hydro,0.7,1987,Unknown,Francis,S. Morgan Smith,NA,18,1000,0.3,10M,041000071209,39039
hc1962_p01,hc1962_p01_7,Auglaize Hydro,41.2374,-84.4,City of Bryan - (OH),HY,7657,2A,7,01 - Auglaize Hydro,0.9,2004,Unknown,Kaplan,GE,NA,20,1875,0.6,10M,041000071209,39039
hc1963_p01,hc1963_p01_1,Lacomb Irrigation District,44.5809,-122.6305,Lacomb Irrigation Dist,HY,52155,GEN1,1,01 - Lacomb,1,1986,Unknown,Francis,Gilbert Gilkes And Gordon,NA,227,NA,0.2,1H,1.709E+11,41043
hc1964_p01,hc1964_p01_1,Falls Creek,44.3801,-122.3511,"Eagle Creek Renewable Energy, LLC",HY,52187,GE-1,1,01 - Falls Creek,4.1,1984,Unknown,Pelton,Gilbert Gilkes And Gordon,NA,2269,6090,0.2,1H,1.709E+11,41043
hc1965_p01,hc1965_p01_1,Gunlock Hydro,37.25001934,-113.7783844,St George City of,HY,7069,1,1,NA,0.186,1987,Unknown,Unknown,NA,NA,NA,NA,NA,NA,1.501E+11,49053
hc1965_p01,hc1965_p01_2,Gunlock Hydro,37.25001934,-113.7783844,St George City of,HY,7069,2,2,NA,0.186,1987,Unknown,Unknown,NA,NA,NA,NA,NA,NA,1.501E+11,49053
hc1966_p01,hc1966_p01_1,Penacook Upper Falls Hydro,43.2836,-71.6022,Briar-Hydro Associates,HY,50414,1,1,01 - Penacook Upper Falls,3.4,1986,Unknown,Kaplan,NA,NA,25,4000,0.1,1H,010700030603,33013
hc1967_p01,hc1967_p01_1,Stillwater Reservoir Hydro,43.8995,-75.0523,Northern Power & Light,HY,50513,GEN1,1,01 - Stillwater,1.8,1987,Unknown,Kaplan,Barber,NA,30,2500,0.3,10M,041501011101,36043
hc1968_p01,hc1968_p01_1,Lower Village Water Power Project,43.3744,-72.3468,Sugar River Power LLC,HY,50285,1,1,01 - Lower Valley,0.6,1995,Unknown,Unknown,NA,NA,NA,NA,0.5,10M,010801060407,33019
hc1968_p01,hc1968_p01_2,Lower Village Water Power Project,43.3744,-72.3468,Sugar River Power LLC,HY,50285,2,2,01 - Lower Valley,0.6,1995,Unknown,Unknown,NA,NA,NA,NA,0.5,10M,010801060407,33019
hc1969_p01,hc1969_p01_1,N-32 Canal,42.6365,-114.5572,Marco Power Inc,HY,50323,1,1,01 - N-32 Canal,0.3,1985,Unknown,Pelton,Canyon Hydro,NA,530,600,0.1,10M,1.70402E+11,16083
hc1969_p01,hc1969_p01_2,N-32 Canal,42.6365,-114.5572,Marco Power Inc,HY,50323,2,2,01 - N-32 Canal,0.3,1985,Unknown,Pelton,Canyon Hydro,NA,530,600,0.1,10M,1.70402E+11,16083
hc1969_p01,hc1969_p01_3,N-32 Canal,42.6365,-114.5572,Marco Power Inc,HY,50323,3,3,01 - N-32 Canal,0.3,1985,Unknown,Pelton,Canyon Hydro,NA,530,600,0.1,10M,1.70402E+11,16083
hc1969_p01,hc1969_p01_4,N-32 Canal,42.6365,-114.5572,Marco Power Inc,HY,50323,4,4,01 - N-32 Canal,0.3,1985,Unknown,Pelton,Canyon Hydro,NA,530,600,0.1,10M,1.70402E+11,16083
hc1970_p01,hc1970_p01_1,Deadwood Creek,39.5478,-121.0947,"Hydro Sierra Energy, LLC",HY,7507,1,1,01 - Deadwood Creek,2,1993,Unknown,Unknown,NA,NA,NA,NA,0.1,10M,1.80201E+11,06115
hc1971_p01,hc1971_p01_1,Peters Drive Plant,45.6676,-121.5469,Farmer's Irrigation District,HY,10324,GEN3,1,01 - Farmers ID No. 3,1.8,1987,Unknown,Pelton,NA,NA,740,2800,0.3,1H,1.70701E+11,41027
hc1973_p01,hc1973_p01_1,East Portal Generator,34.2647,-118.6303,Calleguas Mun Water District,HY,50375,GEN1,1,01 - East Portal,1.2,1987,Unknown,Francis,Allis-Chalmers,NA,84,1242,0.3,1H,1.80701E+11,06037
hc1974_p01,hc1974_p01_1,Forks of Butte Hydro Project,39.902,-121.623,"Hypower Energy, LLC",HY,50350,GEN1,1,01 - Butte,14.5,1992,Unknown,Pelton,NA,NA,734,17700,0.7,1H,1.80202E+11,06007
hc1975_p01,hc1975_p01_1,Strontia Springs Hydro Plant,39.4327,-105.1262,Denver City & County of,HY,10081,GEN1,1,01 - Strontia Springs,1,1986,Unknown,Francis,NA,NA,216.5,NA,0.5,1H,1.019E+11,08035
hc1976_p01,hc1976_p01_1,Tallassee Shoals,33.9899,-83.5007,Tallassee Shoals LLC,HY,7191,2,1,02 - Auxiliary Unit,0.1,1986,Unknown,Kaplan,Allis-Chalmers,NA,40,150,0.1,1H,030701010302,13157
hc1976_p01,hc1976_p01_2,Tallassee Shoals,33.9899,-83.5007,Tallassee Shoals LLC,HY,7191,1,2,01 - Tallassee Shoals,2.2,1986,Unknown,Kaplan,Allis-Chalmers,NA,39,3169,0.2,1H,030701010302,13157
hc1977_p01,hc1977_p01_1,Redlands Water & Power,39.0286,-108.5637,Redlands Water & Power Company,HY,50267,RED1,1,01 - Redlands,1.4,1931,Unknown,Unknown,NA,NA,NA,NA,1.2,10M,1.402E+11,08077
hc1978_p01,hc1978_p01_1,Hollow Dam Power Partnership,44.2971,-75.3363,Ampersand Hollow Dam Hydro LLC,HY,10124,HY1,1,01 - Hollow Dam,0.5,1987,Unknown,Pump,Flygt,NA,23,710,0.1,10M,041503020504,36089
hc1978_p01,hc1978_p01_2,Hollow Dam Power Partnership,44.2971,-75.3363,Ampersand Hollow Dam Hydro LLC,HY,10124,HY2,2,01 - Hollow Dam,0.5,1988,Unknown,Pump,Flygt,NA,23,710,0.1,10M,041503020504,36089
hc1979_p01,hc1979_p01_1,Kinneytown New Old,41.3685,-73.0858,Hydroland Omega LLC,HY,54385,GEN1,1,"01 - Kinneytown - ""Old""",0.8,1986,Unknown,Francis,Allis-Chalmers,NA,29,1140,0.1,10M,011000051207,09009
hc1979_p01,hc1979_p01_2,Kinneytown New Old,41.3685,-73.0858,Hydroland Omega LLC,HY,54385,GEN2,2,"02 - Kinneytown - ""New""",1.5,1995,Unknown,Kaplan,Allis-Chalmers,NA,29,2025,0.1,10M,011000051207,09009
hc1980_p01,hc1980_p01_1,Upper Sterling,41.75,-89.6667,City of Rock Falls - (IL),HY,7474,1,1,01 - Upper Sterling,1.1,1988,Unknown,Unknown,NA,NA,NA,NA,0.5,10M,070900051001,17195
hc1980_p01,hc1980_p01_2,Upper Sterling,41.75,-89.6667,City of Rock Falls - (IL),HY,7474,2,2,01 - Upper Sterling,1.1,1988,Unknown,Unknown,NA,NA,NA,NA,0.5,10M,070900051001,17195
hc1981_p01,hc1981_p01_1,Big Creek Water Works,40.6487,-123.5207,Big Creek Water Works Ltd,HY,10282,BCHY,1,01 - Big Creek - Hyampom,5,1987,Unknown,Pelton,NA,NA,728,NA,0.2,10M,1.80102E+11,06105
hc1983_p01,hc1983_p01_1,Monroe Pumping Sta,38.6185,-112.1225,Monroe City of,PS,NA,NA,1,01 - Monroe,0.04,1981,Unknown,Unknown,NA,NA,NA,NA,NA,NA,1.603E+11,49041
hc1983_p01,hc1983_p01_2,Monroe Pumping Sta,38.6185,-112.1225,Monroe City of,PS,NA,NA,2,01 - Monroe,0.1,1981,Unknown,Unknown,NA,NA,NA,NA,NA,NA,1.603E+11,49041
hc1984_p01,hc1984_p01_1,Kekawaka Power House,40.1107,-123.466,"Eagle Creek Renewable Energy, LLC",HY,54654,KEK1,1,01 - Kekawaka Creek,4.9,1990,Unknown,Pelton,NA,NA,1120,NA,0.7,10M,1.80101E+11,06105
hc1985_p01,hc1985_p01_1,Milstead,33.691,-83.9942,Hydroland Omega LLC,HY,54872,GEN1,1,01 - Milstead,1,1925,Unknown,Francis,James Leffel & Co.,NA,43,1340,0.1,10M,030701030405,13247
hc1986_p01,hc1986_p01_1,Cheboygan,45.65,-84.45,Great Lakes Tissue Co,HY,50461,GEN1,1,01 - Cheboygan,1.5,1984,Unknown,Kaplan,Allis-Chalmers,NA,13.5,2050,0.1,1H,040700040404,26031
hc1987_p01,hc1987_p01_1,Victory Mills,43.0871,-73.5929,"Central Rivers Power US, LLC",HY,10902,GEN1,1,01 - Victory Mills,1.7,1986,Unknown,Kaplan,Voith,NA,39,2200,0.1,10M,020200030408,36091
hc1988_p01,hc1988_p01_1,Galesville Project,42.849,-123.1788,Douglas County,HY,50938,GV1,1,01 - Galesville,0.8,1987,Unknown,Francis,Boving,NA,132,1377,0.1,10M,1.71003E+11,41019
hc1988_p01,hc1988_p01_2,Galesville Project,42.849,-123.1788,Douglas County,HY,50938,GV2,2,01 - Galesville,0.8,1987,Unknown,Francis,Boving,NA,132,1377,0.1,10M,1.71003E+11,41019
hc1989_p01,hc1989_p01_1,Sheldon Springs Hydroelectric,44.9109,-72.974,"Central Rivers Power US, LLC",HY,10494,IG-3,1,02 - Sheldon Springs #2,0.2,1988,Unknown,Francis,James Leffel & Co.,NA,70,1340,0.1,10M,041504070601,50011
hc1989_p01,hc1989_p01_2,Sheldon Springs Hydroelectric,44.9109,-72.974,"Central Rivers Power US, LLC",HY,10494,IG-2,2,02 - Sheldon Springs #2,1.8,1988,Unknown,Francis,James Leffel & Co.,NA,70,1340,0.1,10M,041504070601,50011
hc1989_p01,hc1989_p01_3,Sheldon Springs Hydroelectric,44.9109,-72.974,"Central Rivers Power US, LLC",HY,10494,IG-1,3,01 - Sheldon Springs #1,1.8,1988,Unknown,Francis,James Leffel & Co.,NA,72,1450,0.1,10M,041504070601,50011
hc1989_p01,hc1989_p01_5,Sheldon Springs Hydroelectric,44.9109,-72.974,"Central Rivers Power US, LLC",HY,10494,SG-1,5,03 - Sheldon Springs #3,10.2,1988,Unknown,Kaplan,Voest,NA,105,14500,0.1,10M,041504070601,50011
hc1989_p01,hc1989_p01_4,Sheldon Springs Hydroelectric,44.9109,-72.974,"Central Rivers Power US, LLC",HY,10494,SG-3,4,04 - Sheldon Springs #4,1,1988,Unknown,Kaplan,Howard Galt,NA,34,220,1,10M,041504070601,50011
hc1989_p01,hc1989_p01_6,Sheldon Springs Hydroelectric,44.9109,-72.974,"Central Rivers Power US, LLC",HY,10494,SG-2,6,03 - Sheldon Springs #3,10.2,1988,Unknown,Kaplan,Voest,NA,105,14500,1,10M,041504070601,50011
hc1990_p01,hc1990_p01_1,Birch Creek Power,44.0595,-112.8659,Birch Power Co,HY,10140,GEN1,1,01 - Birch Creek,2.6,1986,Unknown,Pelton,Gilbert Gilkes And Gordon,NA,489,3557,0.2,10M,1.70402E+11,16033
hc1992_p01,hc1992_p01_1,Middle Appleton,44.257303,-88.404806,N E W Hydro Inc,HY,10054,NAL,1,01 - Middle Appleton,0.24,1950,Unknown,Unknown,NA,NA,NA,NA,NA,NA,040302040205,55087
hc1992_p01,hc1992_p01_2,Middle Appleton,44.257303,-88.404806,N E W Hydro Inc,HY,10054,SAL,2,01 - Middle Appleton,0.24,1950,Unknown,Unknown,NA,NA,NA,NA,NA,NA,040302040205,55087
hc1992_p01,hc1992_p01_3,Middle Appleton,44.257303,-88.404806,N E W Hydro Inc,HY,10054,TEL1,3,01 - Middle Appleton,0.14,1965,Unknown,Kaplan,James Leffel & Co.,NA,10,187,NA,NA,040302040205,55087
hc1992_p01,hc1992_p01_4,Middle Appleton,44.257303,-88.404806,N E W Hydro Inc,HY,10054,TEL2,4,01 - Middle Appleton,0.14,1965,Unknown,Kaplan,James Leffel & Co.,NA,10,187,NA,NA,040302040205,55087
hc1992_p01,hc1992_p01_5,Middle Appleton,44.257303,-88.404806,N E W Hydro Inc,HY,10054,TEL3,5,01 - Middle Appleton,0.14,1965,Unknown,Kaplan,James Leffel & Co.,NA,10,187,NA,NA,040302040205,55087
hc1992_p01,hc1992_p01_6,Middle Appleton,44.257303,-88.404806,N E W Hydro Inc,HY,10054,TEL4,6,01 - Middle Appleton,0.14,1965,Unknown,Kaplan,James Leffel & Co.,NA,10,187,NA,NA,040302040205,55087
hc1993_p01,hc1993_p01_1,Roaring Creek Water Power,40.8822,-121.9482,Shasta Hydroelectric Inc,HY,10881,GEN1,1,01 - Roaring Creek,2,1985,Unknown,Unknown,Gilbert Gilkes And Gordon,NA,290,2700,0.2,1H,1.802E+11,06089
hc1994_p01,hc1994_p01_1,Chasm,44.7454,-74.2233,Erie Boulevard Hydropower LP,HY,2550,1,1,01 - Chasm,1,1913,Unknown,Francis,S. Morgan Smith,NA,267.7,1756,0.5,10M,041503070104,36033
hc1994_p01,hc1994_p01_2,Chasm,44.7454,-74.2233,Erie Boulevard Hydropower LP,HY,2550,2,2,01 - Chasm,1,1913,Unknown,Francis,S. Morgan Smith,NA,267.7,1756,0.5,10M,041503070104,36033
hc1994_p01,hc1994_p01_3,Chasm,44.7454,-74.2233,Erie Boulevard Hydropower LP,HY,2550,3,3,01 - Chasm,1,1926,Unknown,Francis,S. Morgan Smith,NA,267.7,2185,0.6,10M,041503070104,36033
hc1995_p01,hc1995_p01_1,Macomb,44.8774,-74.3067,Erie Boulevard Hydropower LP,HY,2583,1,1,01 - Macomb,1,1940,Unknown,Francis,S. Morgan Smith,NA,53,1450,0.6,10M,041503070302,36033
hc1996_p01,hc1996_p01_1,Manti Canyon Lower,39.2605,-111.5923,City of Manti - (UT),HY,1020,2,1,01 - Manti Canyon Lower,0.6,1989,Unknown,Francis,Gilbert Gilkes And Gordon,NA,360,NA,0.1,10M,1.603E+11,49039
hc1996_p01,hc1996_p01_2,Manti Canyon Lower,39.2605,-111.5923,City of Manti - (UT),HY,1020,HC1,2,01 - Manti Canyon Lower,0.6,1989,Unknown,Francis,Gilbert Gilkes And Gordon,NA,360,NA,0.1,10M,1.603E+11,49039
hc1997_p01,hc1997_p01_1,Manti Canyon Upper,39.2561,-111.6218,City of Manti - (UT),HY,3676,1,1,01 - Manti Canyon Upper No. 1,0.6,1939,Unknown,Pelton,NA,NA,NA,NA,0.1,10M,1.603E+11,49039
hc1997_p01,hc1997_p01_2,Manti Canyon Upper,39.2561,-111.6218,City of Manti - (UT),HY,3676,HC2,2,02 - Manti Canyon Upper No. 1,1,1988,Unknown,Pelton,NA,NA,NA,NA,0.1,10M,1.603E+11,49039
hc1998_p01,hc1998_p01_1,Kings Falls Hydroelectric,43.9172,-75.6337,Silverstreet Hydro,HY,10872,1,1,01 - Kings Falls,1.6,1988,Unknown,Kaplan,NA,NA,67,2000,0.1,10M,041501011204,36049
hc1999_p01,hc1999_p01_1,Piercefield,44.2331,-74.5654,Erie Boulevard Hydropower LP,HY,2598,2,1,01 - Piercefield,0.6,1924,Unknown,Francis,S. Morgan Smith,NA,34,1000,0.4,10M,041503050502,36089
hc1999_p01,hc1999_p01_2,Piercefield,44.2331,-74.5654,Erie Boulevard Hydropower LP,HY,2598,3,2,01 - Piercefield,0.6,1924,Unknown,Francis,S. Morgan Smith,NA,34,1000,0.4,10M,041503050502,36089
hc1999_p01,hc1999_p01_3,Piercefield,44.2331,-74.5654,Erie Boulevard Hydropower LP,HY,2598,1,3,01 - Piercefield,1.5,1957,Unknown,Francis,James Leffel & Co.,NA,35,2600,1,10M,041503050502,36089
hc2000_p01,hc2000_p01_1,New York State Dam Hydro,42.7777,-73.6952,Boralex Hydro Operations Inc,HY,10221,GEN1,1,01 - NY State Dam,5.7,1990,Unknown,Kaplan,Voith,NA,21,6896,0.1,10M,020200041110,36091
hc2000_p01,hc2000_p01_2,New York State Dam Hydro,42.7777,-73.6952,Boralex Hydro Operations Inc,HY,10221,GEN2,2,01 - NY State Dam,5.7,1990,Unknown,Kaplan,Voith,NA,21,6896,0.1,10M,020200041110,36091
hc2001_p01,hc2001_p01_1,Craggy Dam,35.6333,-82.6,Metropolitan Sewerage District,HY,10181,GEN1,1,01 - Craggy Dam,0.8,1986,Unknown,Kaplan,Allis-Chalmers,NA,22,NA,0.8,10M,060101050907,37021
hc2001_p01,hc2001_p01_2,Craggy Dam,35.6333,-82.6,Metropolitan Sewerage District,HY,10181,GEN2,2,01 - Craggy Dam,0.8,1986,Unknown,Kaplan,Allis-Chalmers,NA,22,NA,0.8,10M,060101050907,37021
hc2001_p01,hc2001_p01_3,Craggy Dam,35.6333,-82.6,Metropolitan Sewerage District,HY,10181,GEN3,3,01 - Craggy Dam,0.8,1986,Unknown,Kaplan,Allis-Chalmers,NA,22,NA,0.8,10M,060101050907,37021
hc2002_p01,hc2002_p01_1,Ivy River Hydro,35.7718,-82.619,Madison Hydro Partners,HY,50890,GEN1,1,01 - Ivy River,0.2,1984,Unknown,Francis,James Leffel & Co.,NA,6,255,0,10M,060101050805,37115
hc2002_p01,hc2002_p01_2,Ivy River Hydro,35.7718,-82.619,Madison Hydro Partners,HY,50890,GEN2,2,NA,0.2,1985,Unknown,Unknown,NA,NA,NA,NA,0,10M,060101050805,37115
hc2002_p01,hc2002_p01_3,Ivy River Hydro,35.7718,-82.619,Madison Hydro Partners,HY,50890,GEN3,3,NA,0.2,1985,Unknown,Unknown,NA,NA,NA,NA,0,10M,060101050805,37115
hc2002_p01,hc2002_p01_4,Ivy River Hydro,35.7718,-82.619,Madison Hydro Partners,HY,50890,GEN4,4,NA,0.2,1985,Unknown,Unknown,NA,NA,NA,NA,0,10M,060101050805,37115
hc2002_p01,hc2002_p01_5,Ivy River Hydro,35.7718,-82.619,Madison Hydro Partners,HY,50890,GEN5,5,NA,0.2,1985,Unknown,Unknown,NA,NA,NA,NA,0,10M,060101050805,37115
hc2002_p01,hc2002_p01_6,Ivy River Hydro,35.7718,-82.619,Madison Hydro Partners,HY,50890,GEN6,6,NA,0.2,1985,Unknown,Unknown,NA,NA,NA,NA,0,10M,060101050805,37115
hc2003_p01,hc2003_p01_1,Point Loma,32.6806,-117.2483,City of San Diego,HY,50492,3,1,01 - Point Loma,1.5,2002,Unknown,Francis,NA,NA,55,1825,0.5,10M,1.80703E+11,06073
hc2005_p01,hc2005_p01_1,Canaan,44.9992,-71.5308,"Central Rivers Power NH, LLC",HY,3750,1,1,01 - Canaan,1.1,1928,Unknown,Francis,S. Morgan Smith,NA,35,1550,0.1,10M,010801010305,33007
hc2007_p01,hc2007_p01_1,Notch Butte Hydro,42.9541,-114.4536,"Koosh, Inc.",HY,50718,HYD1,1,01 - GEO-BON #2,1,1986,Unknown,Kaplan,Voith,NA,30.5,1414,0.1,10M,1.70402E+11,16063
hc2008_p01,hc2008_p01_1,Weeks Falls,47.43348,-121.648302,"Eagle Creek Renewable Energy, LLC",HY,54387,GEN1,1,01 - Weeks Falls,4.3,1990,Unknown,Kaplan,NA,NA,95,6397,0.3,1H,1.711E+11,53033
hc2009_p01,hc2009_p01_1,Barton Village,44.8843,-72.056,"Barton Village, Inc",HY,3753,1,1,01 - Barton Village,0.7,1930,Unknown,Francis,James Leffel & Co.,NA,74,950,0,10M,041505000303,50019
hc2009_p01,hc2009_p01_2,Barton Village,44.8843,-72.056,"Barton Village, Inc",HY,3753,2,2,01 - Barton Village,0.7,1949,Unknown,Francis,S. Morgan Smith,NA,74,950,0,10M,041505000303,50019
hc2010_p01,hc2010_p01_1,Mirror Lake,48.6636,-122.2173,Hutchinson Hydro LLC,HY,54652,GEN1,1,01 - Mirror Lake,0.2,1985,Unknown,Pelton,Canyon Hydro,NA,277,350,NA,NA,1.711E+11,53073
hc2010_p01,hc2010_p01_2,Mirror Lake,48.6636,-122.2173,Hutchinson Hydro LLC,HY,54652,GEN2,2,01 - Mirror Lake,0.2,1985,Unknown,Pelton,Canyon Hydro,NA,277,350,NA,NA,1.711E+11,53073
hc2010_p01,hc2010_p01_3,Mirror Lake,48.6636,-122.2173,Hutchinson Hydro LLC,HY,54652,GEN3,3,01 - Mirror Lake,0.2,1985,Unknown,Pelton,Canyon Hydro,NA,277,350,NA,NA,1.711E+11,53073
hc2010_p01,hc2010_p01_4,Mirror Lake,48.6636,-122.2173,Hutchinson Hydro LLC,HY,54652,GEN4,4,01 - Mirror Lake,0.2,1985,Unknown,Pelton,Canyon Hydro,NA,277,350,NA,NA,1.711E+11,53073
hc2011_p01,hc2011_p01_1,Minnewawa,42.9172,-72.1783,Marlborough Hydro Corp,HY,50901,1,1,01 - Minnewawa,1,1992,Unknown,Francis,Bouvier,NA,263,1350,NA,NA,010802010202,33005
hc2012_p01,hc2012_p01_1,Soda Creek,42.54,-111.6,Soda Springs City of,HY,7150,1,1,01 - Soda Creek,0.35,1988,Unknown,Kaplan,Kato Engineering,NA,64,367,NA,NA,1.60102E+11,16029
hc2012_p02,hc2012_p02_1,Soda Spgs-Hooper,42.54,-111.6,Soda Springs City of,HY,845,4,1,01 - Soda # 4,0.3,1955,Unknown,Francis,James Leffel & Co.,NA,81.5,470,NA,NA,1.60102E+11,16029
hc2013_p01,hc2013_p01_1,Ford Hydro LP,46.3836,-115.948,Ford Hydro Ltd Partnership,HY,54674,GEN1,1,01 - Ford,0.4,1989,Unknown,Pelton,Hydro West,NA,NA,NA,0.1,1H,1.70603E+11,16035
hc2013_p01,hc2013_p01_2,Ford Hydro LP,46.3836,-115.948,Ford Hydro Ltd Partnership,HY,54674,GEN2,2,01 - Ford,0.4,1989,Unknown,Pelton,Hydro West,NA,NA,NA,0.1,1H,1.70603E+11,16035
hc2013_p01,hc2013_p01_3,Ford Hydro LP,46.3836,-115.948,Ford Hydro Ltd Partnership,HY,54674,GEN3,3,01 - Ford,0.4,1989,Unknown,Pelton,Hydro West,NA,NA,NA,0.1,1H,1.70603E+11,16035
hc2014_p01,hc2014_p01_1,Dodge Falls Associates,44.2083,-72.0582,Dodge Falls Associates LP,HY,10526,1UNI,1,01 - Dodge Falls,5,1990,Unknown,Kaplan,NA,NA,12,6700,0.4,1H,010801030206,33009
hc2015_p01,hc2015_p01_1,Warrior Ridge Hydro,40.5394,-78.0351,American Hydro Power Company,HY,10152,L-1,1,01 - Warrior Ridge,0.7,1985,Unknown,Francis,James Leffel & Co.,NA,28,1000,0.2,10M,020503020801,42061
hc2015_p01,hc2015_p01_2,Warrior Ridge Hydro,40.5394,-78.0351,American Hydro Power Company,HY,10152,L-2,2,01 - Warrior Ridge,0.7,1985,Unknown,Francis,James Leffel & Co.,NA,28,1000,0.2,10M,020503020801,42061
hc2015_p01,hc2015_p01_3,Warrior Ridge Hydro,40.5394,-78.0351,American Hydro Power Company,HY,10152,L-4,3,01 - Warrior Ridge,0.7,1985,Unknown,Francis,James Leffel & Co.,NA,28,1000,0.2,10M,020503020801,42061
hc2015_p01,hc2015_p01_4,Warrior Ridge Hydro,40.5394,-78.0351,American Hydro Power Company,HY,10152,L-5,4,01 - Warrior Ridge,0.7,1985,Unknown,Francis,James Leffel & Co.,NA,28,1000,0.2,10M,020503020801,42061
hc2016_p01,hc2016_p01_1,Clifton Dam 3 Power Station,34.995,-81.834,Converse Energy Inc,HY,52049,2V,1,01 - Clifton No. 3,0.5,1987,Unknown,Francis,James Leffel & Co.,NA,28,667,0.1,1H,030501051504,45083
hc2016_p01,hc2016_p01_2,Clifton Dam 3 Power Station,34.995,-81.834,Converse Energy Inc,HY,52049,1H,2,01 - Clifton No. 3,0.7,1987,Unknown,Francis,S. Morgan Smith,NA,28,1600,0.1,1H,030501051504,45083
hc2017_p01,hc2017_p01_1,Bradley Lake,59.84,-150.7547,Homer Electric Assn Inc,HY,7367,1,1,01 - Bradley Lake,63,1991,Unknown,Pelton,Fuji,NA,1100,84640,63,10M,1.90203E+11,NA
hc2017_p01,hc2017_p01_2,Bradley Lake,59.84,-150.7547,Homer Electric Assn Inc,HY,7367,2,2,01 - Bradley Lake,63,1991,Unknown,Pelton,Fuji,NA,1065,85550,63,10M,1.90203E+11,NA
hc2018_p01,hc2018_p01_1,Nephi Culinary System,39.7147,-111.7874,Nephi City Corp,HY,7434,7122,1,01 - Nephi Culinary System,0.2,1986,Unknown,Pelton,NA,NA,478,NA,NA,NA,1.60202E+11,49023
hc2019_p01,hc2019_p01_1,Otis Hydro,44.4786,-70.2011,"Eagle Creek Renewable Energy, LLC",HY,50080,GEN1,1,01 - Otis,5.1,1984,Unknown,Kaplan,Allis-Chalmers,NA,26,7250,2,1H,010400020602,23007
hc2019_p01,hc2019_p01_2,Otis Hydro,44.4786,-70.2011,"Eagle Creek Renewable Energy, LLC",HY,50080,GEN2,2,01 - Otis,5.1,1984,Unknown,Kaplan,Allis-Chalmers,NA,26,7250,2,1H,010400020602,23007
hc2020_p01,hc2020_p01_1,Crystal Springs,42.648607,-114.659689,Crystal Springs Hydro Elec LP,HY,10806,GEN1,1,01 - Cedar Draw,2.3,1986,Unknown,Pump,Ingersol Rand,NA,267,736,0.1,10M,1.70402E+11,16083
hc2021_p01,hc2021_p01_1,Muck Valley Hydroelectric,40.972373,-121.251771,Brookfield Renewable Trading and Marketing LP,HY,10458,GEN1,1,01 - Muck Valley,29.9,1988,Unknown,Pelton,Sulzer,NA,691,23470,1,1H,1.802E+11,06035
hc2022_p01,hc2022_p01_1,Sartell Dam,45.617996,-94.200786,"Eagle Creek Renewable Energy, LLC",HY,50252,HG8,1,01 - Sartell,0.7,1985,Unknown,Unknown,NA,NA,NA,NA,0.2,10M,070102010705,27009
hc2022_p01,hc2022_p01_2,Sartell Dam,45.617996,-94.200786,"Eagle Creek Renewable Energy, LLC",HY,50252,HG9,2,01 - Sartell,0.7,1985,Unknown,Unknown,NA,NA,NA,NA,0.2,10M,070102010705,27009
hc2022_p01,hc2022_p01_3,Sartell Dam,45.617996,-94.200786,"Eagle Creek Renewable Energy, LLC",HY,50252,HG6,3,01 - Sartell,0.8,1985,Unknown,Unknown,NA,NA,NA,NA,0.2,10M,070102010705,27009
hc2022_p01,hc2022_p01_4,Sartell Dam,45.617996,-94.200786,"Eagle Creek Renewable Energy, LLC",HY,50252,HG7,4,01 - Sartell,0.8,1985,Unknown,Unknown,NA,NA,NA,NA,0.2,10M,070102010705,27009
hc2022_p01,hc2022_p01_5,Sartell Dam,45.617996,-94.200786,"Eagle Creek Renewable Energy, LLC",HY,50252,HG10,5,01 - Sartell,0.9,1985,Unknown,Unknown,NA,NA,NA,NA,0.3,10M,070102010705,27009
hc2022_p01,hc2022_p01_6,Sartell Dam,45.617996,-94.200786,"Eagle Creek Renewable Energy, LLC",HY,50252,HG11,6,01 - Sartell,0.9,1985,Unknown,Unknown,NA,NA,NA,NA,0.3,10M,070102010705,27009
hc2022_p01,hc2022_p01_7,Sartell Dam,45.617996,-94.200786,"Eagle Creek Renewable Energy, LLC",HY,50252,HG12,7,01 - Sartell,0.9,1985,Unknown,Unknown,NA,NA,NA,NA,0.3,10M,070102010705,27009
hc2022_p01,hc2022_p01_8,Sartell Dam,45.617996,-94.200786,"Eagle Creek Renewable Energy, LLC",HY,50252,HG2,8,01 - Sartell,0.9,1985,Unknown,Unknown,NA,NA,NA,NA,0.3,10M,070102010705,27009
hc2022_p01,hc2022_p01_9,Sartell Dam,45.617996,-94.200786,"Eagle Creek Renewable Energy, LLC",HY,50252,HG3,9,01 - Sartell,0.9,1985,Unknown,Unknown,NA,NA,NA,NA,0.3,10M,070102010705,27009
hc2022_p01,hc2022_p01_10,Sartell Dam,45.617996,-94.200786,"Eagle Creek Renewable Energy, LLC",HY,50252,HG4,10,01 - Sartell,0.9,1985,Unknown,Unknown,NA,NA,NA,NA,0.3,10M,070102010705,27009
hc2022_p01,hc2022_p01_11,Sartell Dam,45.617996,-94.200786,"Eagle Creek Renewable Energy, LLC",HY,50252,HG5,11,01 - Sartell,0.9,1985,Unknown,Unknown,NA,NA,NA,NA,0.3,10M,070102010705,27009
hc2023_p01,hc2023_p01_1,Ponderosa Bailey Creek,40.4658,-121.824,Snow Mountain Hydro LLC,HY,10709,GEN1,1,01 - Ponderosa/Bailey,1.1,1990,Unknown,Francis,Neyrpic,NA,281,1365,0.1,1H,1.80202E+11,06089
hc2024_p01,hc2024_p01_1,Olsen,40.6695,-121.8913,Olsen Power Partners,HY,50180,GEN1,1,01 - Olsen,5,1990,Unknown,Kaplan,NA,NA,549,NA,0.2,1H,1.80202E+11,06089
hc2025_p01,hc2025_p01_1,Anamosa,42.1033,-91.2917,IES Utilities Inc,HY,1053,HC1,1,01 - Anamosa,0.25,1990,Unknown,Unknown,NA,NA,NA,NA,NA,NA,070801030201,19105
hc2026_p01,hc2026_p01_1,Blind Canyon Hydro,42.6979,-114.8104,"Blind Canyon Aquaranch, Inc.",HY,54514,1,1,01 - Blind Canyon,1.3,1992,Unknown,Pelton,Hydraulic Turbine Equipment,NA,300,1600,1.3,12H,1.70402E+11,16047
hc2027_p01,hc2027_p01_1,Mascoma Hydro,43.635,-72.3043,Green Mountain Power Corp,HY,54471,1,1,01 - Glen,0.5,1988,Unknown,Kaplan,Allis-Chalmers,NA,69,725,0.1,10M,010801060106,33009
hc2027_p01,hc2027_p01_2,Mascoma Hydro,43.635,-72.3043,Green Mountain Power Corp,HY,54471,2,2,01 - Glen,0.5,1988,Unknown,Kaplan,Allis-Chalmers,NA,69,625,0.1,10M,010801060106,33009
hc2027_p01,hc2027_p01_3,Mascoma Hydro,43.635,-72.3043,Green Mountain Power Corp,HY,54471,3,3,01 - Glen,0.5,1988,Unknown,Kaplan,Allis-Chalmers,NA,69,625,0.1,10M,010801060106,33009
hc2028_p01,hc2028_p01_1,Granite Falls,44.811961,-95.535695,City of Granite Falls - (MN),HY,1977,2,1,01 - Granite Falls,0.2,1932,Unknown,Francis,James Leffel & Co.,NA,17.899999999999999,NA,0.2,10M,070200040207,27173
hc2028_p01,hc2028_p01_2,Granite Falls,44.811961,-95.535695,City of Granite Falls - (MN),HY,1977,1,2,01 - Granite Falls,0.3,1940,Unknown,Francis,James Leffel & Co.,NA,17.899999999999999,NA,0.2,10M,070200040207,27173
hc2028_p01,hc2028_p01_3,Granite Falls,44.811961,-95.535695,City of Granite Falls - (MN),HY,1977,HC3,3,01 - Granite Falls,0.8,1986,Unknown,Kaplan,Ingersol Rand,NA,18,NA,0.7,10M,070200040207,27173
hc2029_p01,hc2029_p01_1,Smith Creek,48.959475,-116.557464,"Smith Creek Hydro, LLC",HY,54249,GEN3,1,01 - Smith Creek,2.1,1990,Unknown,Pelton,Bateliers Bouv,NA,1583.3,2993,1,1H,1.70101E+11,16021
hc2029_p01,hc2029_p01_2,Smith Creek,48.959475,-116.557464,"Smith Creek Hydro, LLC",HY,54249,GEN1,2,01 - Smith Creek,18,1990,Unknown,Pelton,Bateliers Bouv,NA,1583.3,23889,4.5,1H,1.70101E+11,16021
hc2029_p01,hc2029_p01_3,Smith Creek,48.959475,-116.557464,"Smith Creek Hydro, LLC",HY,54249,GEN2,3,01 - Smith Creek,18,1990,Unknown,Pelton,Bateliers Bouv,NA,1583.3,23889,4.5,1H,1.70101E+11,16021
hc2030_p01,hc2030_p01_1,Red Mountain,33.3915,-117.1885,Metropolitan Water District of S CA,HY,484,1,1,01 - Red Mountain,5.9,1985,Unknown,Francis,NA,NA,232,NA,1,12H,1.80703E+11,06073
hc2031_p01,hc2031_p01_1,Schuylerville,43.0951,-73.5851,Erie Boulevard Hydropower LP,HY,2607,1,1,01 - Schuylerville,2,1919,Unknown,Francis,NA,NA,58,2360,0.1,10M,020200030408,36091
hc2032_p01,hc2032_p01_1,Middle Falls,43.0988,-73.5254,Boralex Hydro Operations Inc,HY,10219,HY1,1,01 - Middle Falls,1.1,1989,Unknown,Kaplan,Ossberger,NA,48,1564,0.1,10M,020200030303,36115
hc2032_p01,hc2032_p01_2,Middle Falls,43.0988,-73.5254,Boralex Hydro Operations Inc,HY,10219,HY2,2,01 - Middle Falls,1.1,1989,Unknown,Kaplan,Ossberger,NA,48,1564,0.1,10M,020200030303,36115
hc2033_p01,hc2033_p01_1,Kankakee Hydro Facility,41.1,-87.8333,Kankakee City of,HY,54525,1,1,01 - Kankakee,0.4,1991,Unknown,Kaplan,NA,NA,9,674.6,0.1,10M,071200011805,17091
hc2033_p01,hc2033_p01_2,Kankakee Hydro Facility,41.1,-87.8333,Kankakee City of,HY,54525,2,2,01 - Kankakee,0.4,1991,Unknown,Kaplan,NA,NA,9,674.6,0.1,10M,071200011805,17091
hc2033_p01,hc2033_p01_3,Kankakee Hydro Facility,41.1,-87.8333,Kankakee City of,HY,54525,3,3,01 - Kankakee,0.4,1991,Unknown,Kaplan,NA,NA,9,674.6,0.1,10M,071200011805,17091
hc2034_p01,hc2034_p01_1,Mink Creek Hydro,42.279,-111.6317,Mink Creek Hydro Entity,HY,10325,GEN1,1,01 - Mink Creek,3.1,1986,Unknown,Pelton,Gilbert Gilkes And Gordon,NA,430,4234,0.2,10M,1.60102E+11,16041
hc2035_p01,hc2035_p01_1,Burney Creek,40.8597,-121.7227,Snow Mountain Hydro LLC,HY,10706,GEN1,1,01 - Burney Creek,3,1989,Unknown,Unknown,Gilbert Gilkes And Gordon,NA,611,4732,0.2,1H,1.802E+11,06089
hc2036_p01,hc2036_p01_1,San Gabriel Hydro Project,34.2065,-117.8592,Los Angeles County-San Gabriel,HY,54017,U2,1,01 - San Gabriel,1.1,1988,Unknown,Francis,NA,NA,190,1408,0.1,10M,1.80701E+11,06037
hc2036_p01,hc2036_p01_2,San Gabriel Hydro Project,34.2065,-117.8592,Los Angeles County-San Gabriel,HY,54017,U1,2,01 - San Gabriel,3.9,1988,Unknown,Francis,NA,NA,270,5230,0.8,10M,1.80701E+11,06037
hc2037_p01,hc2037_p01_1,Ledgemere,43.6649,-70.7231,"Ledgemere Hydro, LLC",HY,7667,1,1,01 - Ledgemere,0.2,1989,Unknown,Kaplan,NA,NA,24,600,NA,NA,010600021006,23031
hc2038_p01,hc2038_p01_1,Valley View,33.8992,-117.8288,Metropolitan Water District of S CA,HY,487,1,1,01 - Valley View,4.1,1985,Unknown,Unknown,NA,NA,NA,NA,1.2,12H,1.80701E+11,06059
hc2039_p01,hc2039_p01_1,South Dry Creek Hydro,45.2046,-109.146,Hydrodynamics Inc,HY,10138,1,1,01 - South Dry Creek,2,1985,Unknown,Pelton,Heywood Tyler Pump co.,NA,1025,2850,0.2,1H,1.007E+11,30009
hc2040_p01,hc2040_p01_1,Humpback Creek,60.5833,-145.75,"Cordova Electric Coop, Inc",HY,7042,3,1,01 - Humpback Creek,0.2,1991,Unknown,Unknown,NA,NA,NA,NA,0.1,10M,1.90202E+11,NA
hc2040_p01,hc2040_p01_2,Humpback Creek,60.5833,-145.75,"Cordova Electric Coop, Inc",HY,7042,1,2,01 - Humpback Creek,0.5,1991,Unknown,Francis,Dependable Turbine LTD,NA,162,780,0.2,10M,1.90202E+11,NA
hc2040_p01,hc2040_p01_3,Humpback Creek,60.5833,-145.75,"Cordova Electric Coop, Inc",HY,7042,2,3,01 - Humpback Creek,0.5,1991,Unknown,Francis,Dependable Turbine LTD,NA,162,780,0.2,10M,1.90202E+11,NA
hc2041_p01,hc2041_p01_1,Taylor Draw Hydroelectric Facility,40.1075,-108.7132,Rio Blanco Water Conserv Dist,HY,54729,COX1,1,01 - Taylor Draw,2.3,1993,Unknown,Unknown,NA,NA,NA,NA,0.2,12H,1.405E+11,08103
hc2042_p01,hc2042_p01_1,Lower Low Line,42.4818,-114.3677,Lower Lowline LLC,HY,10808,GEN1,1,01 - Lower Low Line,2.8,1988,Unknown,Kaplan,Voith,NA,32,3732,0.1,10M,1.70402E+11,16083
hc2043_p01,hc2043_p01_1,Apple River,45.1578,-92.716,Northern States Power Co - Minnesota,HY,6231,1,1,01 - Apple River,0.8,1901,Unknown,Francis,NA,NA,80,1800,0.2,10M,070300050809,NA
hc2043_p01,hc2043_p01_2,Apple River,45.1578,-92.716,Northern States Power Co - Minnesota,HY,6231,3,2,01 - Apple River,0.8,1901,Unknown,Francis,NA,NA,80,1800,0.2,10M,070300050809,NA
hc2043_p01,hc2043_p01_3,Apple River,45.1578,-92.716,Northern States Power Co - Minnesota,HY,6231,4,3,01 - Apple River,0.8,1901,Unknown,Francis,NA,NA,80,1800,0.2,10M,070300050809,NA
hc2044_p01,hc2044_p01_1,Riverdale,45.1316,-92.6405,Northern States Power Co,HY,4010,1,1,01 - Riverdale,0.25,1905,Unknown,Francis,NA,NA,22,500,NA,NA,070300050809,NA
hc2044_p01,hc2044_p01_2,Riverdale,45.1316,-92.6405,Northern States Power Co,HY,4010,2,2,01 - Riverdale,0.25,1905,Unknown,Francis,NA,NA,22,500,NA,NA,070300050809,NA
hc2045_p01,hc2045_p01_1,Halifax,36.782,-78.9236,Banister Hydro LP,HY,50178,GEN2,1,01 - Halifax,0.4,1928,Unknown,Francis,S. Morgan Smith,NA,28,730,0.1,12H,030101050401,51083
hc2045_p01,hc2045_p01_2,Halifax,36.782,-78.9236,Banister Hydro LP,HY,50178,GEN3,2,01 - Halifax,0.4,1928,Unknown,Francis,S. Morgan Smith,NA,28,730,0.1,12H,030101050401,51083
hc2045_p01,hc2045_p01_3,Halifax,36.782,-78.9236,Banister Hydro LP,HY,50178,GEN1,3,01 - Halifax,0.8,1928,Unknown,Francis,S. Morgan Smith,NA,28,1400,0.2,12H,030101050401,51083
hc2046_p01,hc2046_p01_1,Nelson Creek,41.039023,-121.881097,Nelson Creek Power Inc,HY,50223,1296,1,01 - Nelson Creek,1.2,1987,Unknown,Unknown,NA,NA,NA,NA,0.1,1H,1.802E+11,06089
hc2047_p01,hc2047_p01_1,Cobble Rock,39.5534,-111.8332,Levan Town Corp,HY,7586,1,1,01 - Cobble Rock,0.11,1987,Unknown,Unknown,NA,NA,1256,NA,NA,NA,1.603E+11,49023
hc2048_p01,hc2048_p01_1,Pigeon Creek,39.5582,-111.834,Levan Town Corp,HY,7787,2,1,01 - Pidgeon Creek,0.21,1987,Unknown,Unknown,NA,NA,653,NA,NA,NA,1.603E+11,49023
hc2049_p01,hc2049_p01_1,Bypass,42.5607,-114.057,North Side Energy Company,HY,50895,GEN1,1,01 - Bypass,3.3,1988,Unknown,Kaplan,Neyrpic,NA,40,4466,0.1,10M,1.70402E+11,16053
hc2049_p01,hc2049_p01_2,Bypass,42.5607,-114.057,North Side Energy Company,HY,50895,GEN2,2,01 - Bypass,3.3,1988,Unknown,Kaplan,Neyrpic,NA,40,4466,0.1,10M,1.70402E+11,16053
hc2049_p01,hc2049_p01_3,Bypass,42.5607,-114.057,North Side Energy Company,HY,50895,GEN3,3,01 - Bypass,3.3,1988,Unknown,Kaplan,Neyrpic,NA,40,4466,0.1,10M,1.70402E+11,16053
hc2050_p01,hc2050_p01_1,Warrensburg Hydroelectric,43.4829,-73.7989,Boralex Hydro Operations Inc,HY,10218,HY1,1,01 - Warrensburg,2.9,1989,Unknown,Kaplan,Voith,NA,28,4470,0.1,10M,020200010608,36113
hc2051_p01,hc2051_p01_1,Cove Hydroelectric,40.8713,-121.9482,Snow Mountain Hydro LLC,HY,10707,GEN1,1,01 - Cove,5,1990,Unknown,Pelton,Dumont,NA,920,7295,0.2,1H,1.802E+11,06089
hc2052_p01,hc2052_p01_1,Riverdale Mills,42.1388,-71.6402,Riverdale Mills Corp,HY,50601,HYDR,1,01 - Riverdale Mills,0.1,1901,Unknown,Francis,Holyoke,NA,10,200,NA,NA,010900030105,25027
hc2053_p01,hc2053_p01_1,Dry Creek Project,44.1575,-113.3152,Dry Creek LLC,HY,54394,GEN1,1,01 - Dry Creek,3.6,1987,Unknown,Pelton,Gilbert Gilkes And Gordon,NA,784,5892,0.2,10M,1.70402E+11,16023
hc2054_p01,hc2054_p01_1,West Delaware Tunnel Plant,41.8531,-74.5141,Erie Boulevard Hydropower LP,HY,51033,GEN1,1,01 - West Delaware Tunnel Outlet,7.5,1988,Unknown,Francis,Voith,NA,214,10226,5,10M,020200070502,36105
hc2055_p01,hc2055_p01_1,Danbury Powerhouse 1,46.0020449,-92.369942,Renewable World Energies LLC,HY,4019,1,1,01 - Danbury Powerhouse #1,0.1,1921,Unknown,Francis,S. Morgan Smith,NA,30,275,0,10M,070300010506,55013
hc2055_p01,hc2055_p01_2,Danbury Powerhouse 1,46.0020449,-92.369942,Renewable World Energies LLC,HY,4019,2,2,01 - Danbury Powerhouse #1,0.3,1927,Unknown,Francis,James Leffel & Co.,NA,30,450,0,10M,070300010506,55013
hc2055_p02,hc2055_p02_1,Danbury Powerhouse 2,46.0021743,-92.3704004,Renewable World Energies LLC,HY,4019,HY3,1,02 - Danbury Powerhouse #2,0.6,1950,Unknown,Francis,James Leffel & Co.,NA,39,960,0,10M,070300010506,55013
hc2056_p01,hc2056_p01_1,Clam River,45.9467,-92.5381,Renewable World Energies LLC,HY,4018,1,1,01 - Clam River,0.4,1942,Unknown,Francis,James Leffel & Co.,NA,35,585,0,10M,070300010906,55013
hc2056_p01,hc2056_p01_2,Clam River,45.9467,-92.5381,Renewable World Energies LLC,HY,4018,2,2,01 - Clam River,0.4,1943,Unknown,Francis,James Leffel & Co.,NA,35,585,0,10M,070300010906,55013
hc2056_p01,hc2056_p01_3,Clam River,45.9467,-92.5381,Renewable World Energies LLC,HY,4018,3,3,01 - Clam River,0.4,1967,Unknown,Francis,James Leffel & Co.,NA,35,585,0,10M,070300010906,55013
hc2057_p01,hc2057_p01_1,Passaic Valley Water Commission,40.8841,-74.2344,Passaic Valley Water Comm,HY,50311,GEN1,1,01 - Little Falls,0.6,1935,Unknown,Kaplan,Allis-Chalmers,NA,32,800,0.3,OVER,020301030801,34031
hc2057_p01,hc2057_p01_2,Passaic Valley Water Commission,40.8841,-74.2344,Passaic Valley Water Comm,HY,50311,GEN2,2,01 - Little Falls,0.6,1935,Unknown,Kaplan,Allis-Chalmers,NA,32,800,0.3,OVER,020301030801,34031
hc2057_p01,hc2057_p01_3,Passaic Valley Water Commission,40.8841,-74.2344,Passaic Valley Water Comm,HY,50311,GEN3,3,01 - Little Falls,0.6,1935,Unknown,Kaplan,Allis-Chalmers,NA,32,800,0.3,OVER,020301030801,34031
hc2057_p01,hc2057_p01_4,Passaic Valley Water Commission,40.8841,-74.2344,Passaic Valley Water Comm,HY,50311,GEN4,4,01 - Little Falls,0.6,1935,Unknown,Kaplan,Allis-Chalmers,NA,32,800,0.3,OVER,020301030801,34031
hc2058_p01,hc2058_p01_1,Tesla,38.9792,-104.9586,City of Colorado Springs - (CO),HY,7233,1,1,01 - Tesla,26.6,1997,Unknown,Pelton,Sulzer,NA,1750,35800,0.5,10M,1.102E+11,08041
hc2059_p01,hc2059_p01_2,Yaleville,44.7661,-74.9988,Erie Boulevard Hydropower LP,HY,2624,2,2,01 - Yaleville,1,1940,Unknown,Francis,James Leffel & Co.,NA,14,335,0.1,10M,041503050703,36089
hc2059_p01,hc2059_p01_1,Yaleville,44.7661,-74.9988,Erie Boulevard Hydropower LP,HY,2624,1,1,01 - Yaleville,1,1940,Unknown,Francis,James Leffel & Co.,NA,14,740,0.3,10M,041503050703,36089
hc2060_p01,hc2060_p01_1,Sissonville Hydro,44.6865,-75.0059,Boralex Hydro Operations Inc,HY,10220,HY1,1,01 - Sissonville,3,1990,Unknown,Kaplan,Voest,NA,14,2908,0.1,10M,041503050703,36089
hc2061_p01,hc2061_p01_1,Veyo,37.352463,-113.666773,PacifiCorp,HY,3635,1,1,01 - Veyo,0.5,1920,Unknown,Pelton,NA,NA,NA,NA,NA,NA,1.501E+11,49053
hc2061_p02,hc2061_p02_1,Sand Cove,37.280848,-113.727924,PacifiCorp,HY,3636,1,1,02 - Sand Cove,0.8,1925,Unknown,Pelton,NA,NA,NA,NA,NA,NA,1.501E+11,49053
hc2061_p03,hc2061_p03_1,Gunlock,37.285808,-113.758606,PacifiCorp,HY,3634,1,1,03 - Gunlock,0.75,1926,Unknown,Pelton,NA,NA,NA,NA,NA,NA,1.501E+11,49053
hc2062_p01,hc2062_p01_1,Upper-Unit,39.5273,-111.3397,Mt Pleasant City of,HY,3682,1,1,01 - Upper,0.175,1936,Unknown,Pelton,NA,NA,333,NA,NA,NA,1.603E+11,49039
hc2062_p02,hc2062_p02_1,Unit 4,39.5273,-111.3397,City of Mt Pleasant - (UT),HY,7015,1,1,02 - Lower Debris Basin,1.3,1993,Unknown,Pelton,NA,NA,424,NA,0.2,1H,1.603E+11,49039
hc2063_p01,hc2063_p01_1,Unit 3,39.547,-111.4223,Mt Pleasant City of,HY,7016,1,1,01 - Pressure Reducing Station,0.225,1993,Unknown,Francis,NA,NA,405,NA,NA,NA,1.60202E+11,49039
hc2064_p01,hc2064_p01_1,Lower-Unit,39.5328,-111.3583,Mt Pleasant City of,HY,3681,1,1,01 - Lower,0.15,1913,Unknown,Pelton,NA,NA,263,NA,NA,NA,1.603E+11,49039
hc2065_p01,hc2065_p01_1,Lower Kezar Falls,43.8098,-70.8834,Central Maine Power Co,HY,NA,NA,1,01 - Lower Kezar Falls #1,0.62,1910,Unknown,Kaplan,S. Morgan Smith,NA,14,595,NA,NA,010600020904,23031
hc2065_p01,hc2065_p01_2,Lower Kezar Falls,43.8098,-70.8834,Central Maine Power Co,HY,NA,NA,2,02 - Lower Kezar Falls #2,0.15,1993,Unknown,Kaplan,V.P. & L.E. Smith,NA,11,200,NA,NA,010600020904,23031
hc2066_p01,hc2066_p01_1,Upper Kezar Falls,43.8069,-70.8889,Central Maine Power Co,HY,7668,1,1,01 - Upper Kezar Falls,0.35,1910,Unknown,Kaplan,S. Morgan Smith,NA,13,506,NA,NA,010600020904,23031
hc2067_p01,hc2067_p01_1,Bidwell Ditch Project,40.8018,-121.4473,Mega Renewables,HY,10880,GEN1,1,01 - Bidwell Ditch,1.8,1987,Unknown,Unknown,NA,NA,NA,NA,0.2,1H,1.802E+11,06089
hc2068_p01,hc2068_p01_1,Rio,41.4796,-74.7559,"Eagle Creek Renewable Energy, LLC",HY,2631,RIO2,1,01 - Rio,0.8,2013,Unknown,Francis,S. Morgan Smith,NA,170,7000,0.4,10M,020401040107,36105
hc2068_p01,hc2068_p01_2,Rio,41.4796,-74.7559,"Eagle Creek Renewable Energy, LLC",HY,2631,RIO,2,01 - Rio,10,1927,Unknown,Francis,S. Morgan Smith,NA,170,7000,4,10M,020401040107,36105
hc2069_p01,hc2069_p01_1,Herkimer,43.0527,-74.9865,ECOsponsible LLC,HY,52057,1,1,"01 - Herkimer - ""Main""",0.4,1987,Unknown,Kaplan,ESAC,NA,13,536,0.1,10M,020200040604,36043
hc2069_p01,hc2069_p01_2,Herkimer,43.0527,-74.9865,ECOsponsible LLC,HY,52057,2,2,"01 - Herkimer - ""Main""",0.4,1987,Unknown,Kaplan,ESAC,NA,13,536,0.1,10M,020200040604,36043
hc2069_p01,hc2069_p01_3,Herkimer,43.0527,-74.9865,ECOsponsible LLC,HY,52057,3,3,"01 - Herkimer - ""Main""",0.4,1987,Unknown,Kaplan,ESAC,NA,13,536,0.1,10M,020200040604,36043
hc2069_p01,hc2069_p01_4,Herkimer,43.0527,-74.9865,ECOsponsible LLC,HY,52057,4,4,"01 - Herkimer - ""Main""",0.4,1987,Unknown,Kaplan,ESAC,NA,13,536,0.1,10M,020200040604,36043
hc2070_p01,hc2070_p01_1,Ogdensburg,44.6922,-75.4934,"Ampersand Ogdensburg Hydro, LLC",HY,52058,1,1,01 - Ogdensburg,0.7,1987,Unknown,Kaplan,Sulzer,NA,11,795,0.1,10M,041503021003,36089
hc2070_p01,hc2070_p01_2,Ogdensburg,44.6922,-75.4934,"Ampersand Ogdensburg Hydro, LLC",HY,52058,2,2,01 - Ogdensburg,0.7,1987,Unknown,Kaplan,Sulzer,NA,11,795,0.1,10M,041503021003,36089
hc2070_p01,hc2070_p01_3,Ogdensburg,44.6922,-75.4934,"Ampersand Ogdensburg Hydro, LLC",HY,52058,3,3,01 - Ogdensburg,0.7,1987,Unknown,Kaplan,Sulzer,NA,11,795,0.1,10M,041503021003,36089
hc2070_p01,hc2070_p01_4,Ogdensburg,44.6922,-75.4934,"Ampersand Ogdensburg Hydro, LLC",HY,52058,4,4,01 - Ogdensburg,0.7,1987,Unknown,Kaplan,Sulzer,NA,11,795,0.1,10M,041503021003,36089
hc2070_p01,hc2070_p01_5,Ogdensburg,44.6922,-75.4934,"Ampersand Ogdensburg Hydro, LLC",HY,52058,5,5,01 - Ogdensburg,0.7,1987,Unknown,Kaplan,Sulzer,NA,11,795,0.1,10M,041503021003,36089
hc2071_p01,hc2071_p01_1,Brasfield,37.2206,-77.525,Appomattox River Associates LP,HY,10155,1,1,01 - Brasfield (Appomattox),2.9,1995,Unknown,Kaplan,Voith,NA,42,4550,0.3,12H,020802070806,NA
hc2072_p01,hc2072_p01_1,Falls River Hydro,44.0667,-111.2167,Marysville Hydro Partners,HY,54668,1,1,01 - Falls River,4.5,1993,Unknown,Francis,Bouvier,NA,252,NA,1,1H,1.70402E+11,16043
hc2072_p01,hc2072_p01_2,Falls River Hydro,44.0667,-111.2167,Marysville Hydro Partners,HY,54668,2,2,NA,4.5,1993,Unknown,Unknown,NA,NA,NA,NA,1,1H,1.70402E+11,16043
hc2073_p01,hc2073_p01_1,Boulder City Lakewood Hydro,39.9911,-105.4999,Boulder City of,HY,54679,1,1,NA,3.5,2004,Unknown,Unknown,NA,NA,NA,NA,NA,NA,1.019E+11,08013
hc2074_p01,hc2074_p01_1,French Landing Dam,42.2144,-83.4408,"Eagle Creek Renewable Energy, LLC",HY,50437,FRL1,1,01 - French Landing,1.6,1988,Unknown,Francis,NA,NA,32,2200,0.2,10M,040900050404,26163
hc2075_p01,hc2075_p01_1,Beaver Mid Hydro 2,38.2697,-112.4805,Beaver City Corp,HY,3664,1,1,01 - Beaver City Canyon Upper Plant,0.625,1942,Unknown,Pelton,Gilbert Gilkes And Gordon,NA,NA,NA,NA,NA,1.603E+11,49001
hc2076_p01,hc2076_p01_1,S E Hazelton A,42.5873,-114.0677,North Side Energy Company,HY,50896,GEN1,1,01 - Hazelton A,2.9,1990,Unknown,Kaplan,NA,NA,37,3883,0.1,10M,1.70402E+11,16053
hc2076_p01,hc2076_p01_2,S E Hazelton A,42.5873,-114.0677,North Side Energy Company,HY,50896,GEN2,2,01 - Hazelton A,2.9,1990,Unknown,Kaplan,NA,NA,37,3883,0.1,10M,1.70402E+11,16053
hc2076_p01,hc2076_p01_3,S E Hazelton A,42.5873,-114.0677,North Side Energy Company,HY,50896,GEN3,3,01 - Hazelton A,2.9,1990,Unknown,Kaplan,NA,NA,37,3883,0.1,10M,1.70402E+11,16053
hc2077_p01,hc2077_p01_1,North Troy,44.9953,-72.4005,Citizens Utilities Co,HY,3733,1,1,"01 - North Troy - ""Main""",0.6,1993,Unknown,Francis,NA,NA,26,477,NA,NA,041504070105,50019
hc2078_p01,hc2078_p01_1,Pelican,57.9567,-136.2133,Pelican Utility,HY,6702,HC1,1,01 - Pelican,0.65,1941,1984,Francis,Barber,NA,120,804,0.1,10M,1.90102E+11,NA
hc2079_p01,hc2079_p01_1,Pelzer Lower,34.6163,-82.4478,"Central Rivers Power US, LLC",HY,10800,GEN1,1,01 - Lower Pelzer,3.3,1989,Unknown,Francis,Stillwell Bierce,NA,40,1000,0.1,10M,030501090307,45007
hc2080_p01,hc2080_p01_1,Pelzer Upper,34.643,-82.4549,"Central Rivers Power US, LLC",HY,10799,GEN1,1,01 - Upper Pelzer,2,1989,Unknown,Francis,NA,NA,25,670,0.1,10M,030501090307,45007
hc2081_p01,hc2081_p01_1,Hazelton B Hydro,42.6023,-114.0851,Hazelton/Wilson Joint Venture,HY,54558,U1,1,01 - Hazelton B,3.8,1993,Unknown,Kaplan,SEW,NA,29,5092,1.4,1H,1.70402E+11,16053
hc2081_p01,hc2081_p01_2,Hazelton B Hydro,42.6023,-114.0851,Hazelton/Wilson Joint Venture,HY,54558,U2,2,01 - Hazelton B,3.8,1993,Unknown,Kaplan,SEW,NA,29,5092,1.4,1H,1.70402E+11,16053
hc2082_p01,hc2082_p01_1,Twin Reservoirs,45.9904,-118.0474,Walla Walla City of,HY,50382,GEN1,1,01 - Twin Reservoirs,2.2,1988,Unknown,Pelton,Atelier Bouvier,NA,1151,NA,0.4,1H,1.70701E+11,53071
hc2083_p01,hc2083_p01_1,Black Bear Lake,55.5667,-132.8833,Alaska Power and Telephone Co,HY,7752,1,1,01 - Black Bear Lake,4.5,1995,Unknown,Pelton,Kvaerner,NA,1426.5,6350,1.8,1H,1.90101E+11,NA
hc2084_p01,hc2084_p01_1,Maroon Creek,39.177812,-106.863783,Aspen City of,HY,7796,1,1,01 - Maroon Creek,0.42,1987,Unknown,Unknown,NA,NA,NA,NA,NA,NA,1.401E+11,08097
hc2085_p01,hc2085_p01_1,Wilson Lake Hydroelectric Project,42.6283,-114.1717,Hazelton/Wilson Joint Venture,HY,54306,1,1,01 - Wilson Lake,4.2,1993,Unknown,Kaplan,SEW,NA,40,6250,1.6,1H,1.70402E+11,16053
hc2085_p01,hc2085_p01_2,Wilson Lake Hydroelectric Project,42.6283,-114.1717,Hazelton/Wilson Joint Venture,HY,54306,2,2,01 - Wilson Lake,4.2,1993,Unknown,Kaplan,SEW,NA,40,6250,1.6,1H,1.70402E+11,16053
hc2086_p01,hc2086_p01_1,Parishville,44.6278,-74.8157,Erie Boulevard Hydropower LP,HY,2597,1,1,01 - Parishville,3,1925,Unknown,Francis,NA,NA,130,3060,0.8,10M,041503060205,36089
hc2087_p01,hc2087_p01_1,Allens Falls,44.6367,-74.8429,Erie Boulevard Hydropower LP,HY,2540,1,1,01 - Allens Falls,4,1927,Unknown,Francis,Newport News,NA,190,6667,3.5,10M,041503060207,36089
hc2088_p01,hc2088_p01_1,Marsh Valley Development,42.6259,-112.1498,Marsh Valley Development Inc,HY,50972,1,1,01 - Marsh Valley,1.6,1993,Unknown,Francis,Hangzhou,NA,98,NA,0.1,10M,1.70402E+11,16005
hc2089_p01,hc2089_p01_1,Mongaup,41.5371,-74.7718,"Eagle Creek Renewable Energy, LLC",HY,2630,GEN2,1,NA,1.1,1923,Unknown,Unknown,NA,NA,NA,NA,0.4,10M,020401040107,36105
hc2089_p01,hc2089_p01_2,Mongaup,41.5371,-74.7718,"Eagle Creek Renewable Energy, LLC",HY,2630,GEN3,2,NA,1.1,1923,Unknown,Unknown,NA,NA,NA,NA,0.4,10M,020401040107,36105
hc2089_p01,hc2089_p01_3,Mongaup,41.5371,-74.7718,"Eagle Creek Renewable Energy, LLC",HY,2630,GEN4,3,NA,1.1,1923,Unknown,Unknown,NA,NA,NA,NA,0.4,10M,020401040107,36105
hc2089_p01,hc2089_p01_4,Mongaup,41.5371,-74.7718,"Eagle Creek Renewable Energy, LLC",HY,2630,GEN1,4,NA,4,1923,Unknown,Unknown,NA,NA,NA,NA,0.4,10M,020401040107,36105
hc2090_p02,hc2090_p02_2,Swinging Bridge 2,41.5721,-74.7829,"Eagle Creek Renewable Energy, LLC",HY,2634,SWI3,2,02 - Swinging Bridge No. 2,1.2,2019,Unknown,Unknown,NA,NA,NA,NA,0.4,10M,020401040107,36105
hc2090_p02,hc2090_p02_1,Swinging Bridge 2,41.5721,-74.7829,"Eagle Creek Renewable Energy, LLC",HY,2634,SWI2,1,02 - Swinging Bridge No. 2,6.8,1939,Unknown,Francis,S. Morgan Smith,NA,110,9500,5,10M,020401040107,36105
hc2091_p01,hc2091_p01_1,River Falls,44.855219,-92.634238,City of River Falls,HY,4133,1,1,01 - River Falls,0.2,1948,Unknown,Francis,James Leffel & Co.,NA,42,330,NA,NA,070300051104,55093
hc2092_p01,hc2092_p01_1,Powell Falls,44.8,-92.6333,River Falls City of,HY,4134,1,1,01 - Powell Falls,0.125,1948,Unknown,Francis,James Leffel & Co.,NA,20,180,NA,NA,070300051105,55093
hc2093_p01,hc2093_p01_1,Lower Boulder,37.9703,-111.4596,Garkane Energy Cooperative Inc,HY,7590,1,1,01 - Lower Boulder Creek,0.35,1995,Unknown,Unknown,NA,NA,NA,NA,NA,NA,1.407E+11,49017
hc2093_p01,hc2093_p01_2,Lower Boulder,37.9703,-111.4596,Garkane Energy Cooperative Inc,HY,7590,2,2,01 - Lower Boulder Creek,0.35,1995,Unknown,Unknown,NA,NA,NA,NA,NA,NA,1.407E+11,49017
hc2094_p01,hc2094_p01_1,High Dam,43.4433,-76.4959,Oswego City of,HY,2574,3,1,01 - High Dam,2.8,1928,Unknown,Kaplan,GE,NA,20,3360,0.7,10M,041402030204,36075
hc2094_p01,hc2094_p01_2,High Dam,43.4433,-76.4959,Oswego City of,HY,2574,1,2,01 - High Dam,2.8,1928,Unknown,Kaplan,GE,NA,20,3530,0.7,10M,041402030204,36075
hc2094_p01,hc2094_p01_3,High Dam,43.4433,-76.4959,Oswego City of,HY,2574,2,3,01 - High Dam,2.8,1928,Unknown,Kaplan,GE,NA,20,3530,0.7,10M,041402030204,36075
hc2094_p01,hc2094_p01_4,High Dam,43.4433,-76.4959,Oswego City of,HY,2574,4,4,01 - High Dam,3.5,1949,Unknown,Kaplan,GE,NA,20,3169,0.7,10M,041402030204,36075
hc2095_p01,hc2095_p01_1,Kleber,45.4,-84.3333,Tower Kleber Ltd Partnership,HY,1871,T1,1,01 - Tower,0.3,1925,Unknown,Kaplan,James Leffel & Co.,NA,20,370,0.1,10M,040700050213,26031
hc2095_p01,hc2095_p01_2,Kleber,45.4,-84.3333,Tower Kleber Ltd Partnership,HY,1871,T2,2,01 - Tower,0.3,1925,Unknown,Kaplan,James Leffel & Co.,NA,20,370,0.1,10M,040700050213,26031
hc2095_p01,hc2095_p01_3,Kleber,45.4,-84.3333,Tower Kleber Ltd Partnership,HY,1871,K1,3,01 - Kleber,0.6,1948,Unknown,Kaplan,S. Morgan Smith,NA,44,900,0.2,10M,040700050213,26031
hc2095_p01,hc2095_p01_4,Kleber,45.4,-84.3333,Tower Kleber Ltd Partnership,HY,1871,K2,4,01 - Kleber,0.6,1948,Unknown,Kaplan,S. Morgan Smith,NA,44,900,0.2,10M,040700050213,26031
hc2096_p01,hc2096_p01_1,French Paper Hydro,41.8181,-86.2592,French Paper Co,HY,10656,4,1,01 - Niles,0.2,1921,Unknown,Unknown,NA,NA,NA,NA,0,1H,040500012210,26021
hc2096_p01,hc2096_p01_2,French Paper Hydro,41.8181,-86.2592,French Paper Co,HY,10656,1,2,01 - Niles,0.3,1922,Unknown,Unknown,NA,NA,NA,NA,0,1H,040500012210,26021
hc2096_p01,hc2096_p01_3,French Paper Hydro,41.8181,-86.2592,French Paper Co,HY,10656,2,3,01 - Niles,0.4,1927,Unknown,Unknown,NA,NA,NA,NA,0,1H,040500012210,26021
hc2096_p01,hc2096_p01_4,French Paper Hydro,41.8181,-86.2592,French Paper Co,HY,10656,3,4,01 - Niles,0.4,1930,Unknown,Unknown,NA,NA,NA,NA,0,1H,040500012210,26021
hc2097_p01,hc2097_p01_3,Constantine,41.85,-85.6667,Indiana Michigan Power Co,HY,1760,3,3,01 - Constantine,0.3,1929,Unknown,Francis,S. Morgan Smith,NA,12.5,426,0.1,1H,040500010904,NA
hc2097_p01,hc2097_p01_1,Constantine,41.85,-85.6667,Indiana Michigan Power Co,HY,1760,1,1,01 - Constantine,0.3,1923,Unknown,Francis,S. Morgan Smith,NA,12.5,426,0.1,1H,040500010904,NA
hc2097_p01,hc2097_p01_2,Constantine,41.85,-85.6667,Indiana Michigan Power Co,HY,1760,2,2,01 - Constantine,0.3,1923,Unknown,Francis,S. Morgan Smith,NA,12.5,426,0.1,1H,040500010904,NA
hc2097_p01,hc2097_p01_4,Constantine,41.85,-85.6667,Indiana Michigan Power Co,HY,1760,4,4,01 - Constantine,0.3,1923,Unknown,Francis,S. Morgan Smith,NA,12.25,426,0.1,1H,040500010904,NA
hc2098_p01,hc2098_p01_1,Dwight,42.1497,-72.6007,"Central Rivers Power MA, LLC",HY,6378,DW2,1,01 - Dwight,0.4,1920,Unknown,Francis,S. Morgan Smith,NA,30,650,0.4,1H,010802040402,25013
hc2098_p01,hc2098_p01_2,Dwight,42.1497,-72.6007,"Central Rivers Power MA, LLC",HY,6378,DW3,2,01 - Dwight,0.4,1920,Unknown,Francis,S. Morgan Smith,NA,30,650,0.4,1H,010802040402,25013
hc2098_p01,hc2098_p01_3,Dwight,42.1497,-72.6007,"Central Rivers Power MA, LLC",HY,6378,DW4,3,01 - Dwight,0.4,1920,Unknown,Francis,S. Morgan Smith,NA,30,650,0.4,1H,010802040402,25013
hc2099_p01,hc2099_p01_1,Redbridge,42.1774,-72.4092,"Central Rivers Power MA, LLC",HY,1638,RB4,1,01 - Red Bridge,1.8,1926,Unknown,Francis,S. Morgan Smith,NA,49,3000,0.5,1H,010802040401,25013
hc2099_p01,hc2099_p01_2,Redbridge,42.1774,-72.4092,"Central Rivers Power MA, LLC",HY,1638,RB3,2,01 - Red Bridge,1.8,1934,Unknown,Francis,S. Morgan Smith,NA,49,3000,0.5,1H,010802040401,25013
hc2100_p01,hc2100_p01_1,Putts Bridge,42.1563,-72.4848,"Central Rivers Power MA, LLC",HY,1637,PB2,1,01 - Putts Bridge,1.6,1918,Unknown,Francis,Allis-Chalmers,NA,40,2600,0.5,1H,010802040402,25013
hc2100_p01,hc2100_p01_2,Putts Bridge,42.1563,-72.4848,"Central Rivers Power MA, LLC",HY,1637,PB3,2,01 - Putts Bridge,1.6,1918,Unknown,Francis,Allis-Chalmers,NA,40,2600,0.5,1H,010802040402,25013
hc2101_p01,hc2101_p01_1,Indian Orchard,42.1619,-72.5028,"Central Rivers Power MA, LLC",HY,6379,IO3,1,01 - Indian Orchard,1.5,1928,Unknown,Kaplan,Rodney Hunt,NA,34,2100,1.5,1H,010802040402,25013
hc2101_p01,hc2101_p01_2,Indian Orchard,42.1619,-72.5028,"Central Rivers Power MA, LLC",HY,6379,IO4,2,01 - Indian Orchard,2.2,1928,Unknown,Kaplan,Rodney Hunt,NA,34,3000,2.2000000000000002,1H,010802040402,25013
hc2103_p01,hc2103_p01_1,Cosgrove Intake and Power Station,42.3985,-71.6897,Massachusetts Water Res Auth,HY,10825,UNI1,1,01 - Cosgrove,1.6,1967,Unknown,Kaplan,James Leffel & Co.,NA,80,2200,0.8,10M,010700040203,25027
hc2103_p01,hc2103_p01_2,Cosgrove Intake and Power Station,42.3985,-71.6897,Massachusetts Water Res Auth,HY,10825,UNI2,2,01 - Cosgrove,1.6,1967,Unknown,Kaplan,James Leffel & Co.,NA,80,2200,0.8,10M,010700040203,25027
hc2104_p01,hc2104_p01_1,Oakdale Power Station,42.387,-71.8031,Massachusetts Water Res Auth,HY,10824,OAKD,1,01 - Oakdale,3.5,1951,Unknown,Francis,S. Morgan Smith,NA,115,5225,1,10M,010700040201,25027
hc2105_p01,hc2105_p01_1,Yelm,46.974956,-122.635725,City of Centralia - (WA),HY,3878,1,1,01 - Yelm,3,1975,Unknown,Francis,GE,NA,205,3100,0.5,1H,1.711E+11,53067
hc2105_p01,hc2105_p01_2,Yelm,46.974956,-122.635725,City of Centralia - (WA),HY,3878,2,2,01 - Yelm,3,1975,Unknown,Francis,GE,NA,205,3100,0.5,1H,1.711E+11,53067
hc2105_p01,hc2105_p01_3,Yelm,46.974956,-122.635725,City of Centralia - (WA),HY,3878,3,3,01 - Yelm,6,1994,Unknown,Francis,GE,NA,205,8400,0.5,1H,1.711E+11,53067
hc2106_p01,hc2106_p01_1,Ephraim City No. 3,39.3485,-111.5619,Ephraim City of,HY,3668,1,1,01 - Ephraim City No. 3,0.2,1989,Unknown,Pelton,Canyon Hydro,NA,245,12.07,NA,NA,1.603E+11,49039
hc2107_p01,hc2107_p01_1,Hatfield,44.41,-90.72,Northern States Power Co,HY,NA,NA,1,01 - Hatfield,2.4,1926,Unknown,Francis,Allis-Chalmers,NA,90,4270,NA,NA,070400070906,55053
hc2107_p01,hc2107_p01_2,Hatfield,44.41,-90.72,Northern States Power Co,HY,NA,NA,2,01 - Hatfield,2.4,1927,Unknown,Francis,Allis-Chalmers,NA,90,4270,NA,NA,070400070906,55053
hc2107_p01,hc2107_p01_3,Hatfield,44.41,-90.72,Northern States Power Co,HY,NA,NA,3,02 - Hatfield - Min Flow Units,0.4,2002,Unknown,Pelton,Flygt,NA,45,520,NA,NA,070400070906,55053
hc2107_p01,hc2107_p01_4,Hatfield,44.41,-90.72,Northern States Power Co,HY,NA,NA,4,02 - Hatfield - Min Flow Units,0.4,2002,Unknown,Pelton,Flygt,NA,NA,NA,NA,NA,070400070906,55053
hc2107_p01,hc2107_p01_5,Hatfield,44.41,-90.72,Northern States Power Co,HY,NA,NA,5,01 - Hatfield,0.4,2003,Unknown,Pelton,Flygt,NA,90,NA,NA,NA,070400070906,55053
hc2108_p01,hc2108_p01_1,Edenville,43.8142,-84.3769,Boyce Hydro Power LLC,HY,50158,1,1,01 - Edenvville,2.4,1925,Unknown,Francis,Allis-Chalmers,NA,45,3900,0.6,10M,040802010309,26051
hc2108_p01,hc2108_p01_2,Edenville,43.8142,-84.3769,Boyce Hydro Power LLC,HY,50158,2,2,01 - Edenvville,2.4,1925,Unknown,Francis,Allis-Chalmers,NA,45,3900,0.6,10M,040802010309,26051
hc2111_p01,hc2111_p01_1,Hoot Lake,46.2900492,-96.0424535,Otter Tail Power Co,HY,1943,H1,1,01 - Hoot Lake,1,1914,Unknown,Unknown,NA,NA,NA,NA,0,10M,090201030903,NA
hc2112_p02,hc2112_p02_1,Taplin Gorge,46.38226509,-96.02121704,Otter Tail Power Co,HY,6540,1,1,NA,0.56,1925,Unknown,Unknown,NA,NA,NA,NA,NA,NA,090201030903,27111
hc2113_p01,hc2113_p01_1,Wright,46.2833,-96.0683,Otter Tail Power Co,HY,1949,1,1,01 - Central,0.4,1922,Unknown,Unknown,NA,NA,NA,NA,NA,NA,090201030904,NA
hc2114_p01,hc2114_p01_1,Pisgah,46.28,-96.1033,Otter Tail Power Co,HY,1947,1,1,01 - Pisgah,0.52,1918,Unknown,Unknown,NA,NA,NA,NA,NA,NA,090201030904,NA
hc2115_p01,hc2115_p01_1,Dayton Hollow,46.2317,-96.1167,Otter Tail Power Co,HY,1941,2,1,01 - Dayton Hollow,0.45,1909,Unknown,Unknown,NA,NA,NA,NA,NA,NA,090201030905,NA
hc2115_p01,hc2115_p01_2,Dayton Hollow,46.2317,-96.1167,Otter Tail Power Co,HY,1941,1,2,01 - Dayton Hollow,0.53,1928,Unknown,Unknown,NA,NA,NA,NA,NA,NA,090201030905,NA
hc2116_p01,hc2116_p01_1,Cataract,46.316,-87.5127,"Cataract Hydro, LLC",HY,7118,1,1,01 - Cataract,2,1988,Unknown,Francis,Allis-Chalmers,NA,65,2700,0,10M,040301100111,26103
hc2117_p01,hc2117_p01_1,Hoist,46.56,-87.56,Upper Peninsula Power Company,HY,7115,2,1,01 - Hoist,1.4,1988,Unknown,Francis,NA,NA,142,142,0,10M,040201050205,26103
hc2117_p01,hc2117_p01_2,Hoist,46.56,-87.56,Upper Peninsula Power Company,HY,7115,3,2,01 - Hoist,2,1988,Unknown,Francis,NA,NA,142,142,0,10M,040201050205,26103
hc2118_p01,hc2118_p01_1,McClure,46.6,-87.5167,Upper Peninsula Power Company,HY,7116,1,1,01 - Mc Clure,4,1988,Unknown,Francis,S. Morgan Smith,NA,424,6575,0,10M,040201050205,26103
hc2118_p01,hc2118_p01_2,McClure,46.6,-87.5167,Upper Peninsula Power Company,HY,7116,2,2,01 - Mc Clure,4,1988,Unknown,Francis,S. Morgan Smith,NA,424,6575,0,10M,040201050205,26103
hc2119_p01,hc2119_p01_1,Autrain,46.3333,-86.85,Upper Peninsula Power Co,HY,7117,1,1,01 - Au Train,0.45,1910,Unknown,Francis,Pelton Water Wheel Company,NA,134,800,NA,NA,040202010111,26003
hc2119_p01,hc2119_p01_2,Autrain,46.3333,-86.85,Upper Peninsula Power Co,HY,7117,2,2,01 - Au Train,0.45,1910,Unknown,Francis,Pelton Water Wheel Company,NA,134,800,NA,NA,040202010111,26003
hc2120_p01,hc2120_p01_1,Three Forks Water Power Project,40.199826,-123.523182,Grizzly Mountain Ranch,HY,54308,1,1,01 - Three Forks,1.3,1984,Unknown,Unknown,NA,NA,886,2300,0.1,10M,1.80101E+11,06105
hc2121_p01,hc2121_p01_1,Pinnacles,36.6856,-80.4303,"Northbrook Virginia Hydro, LLC",HY,3825,1,1,01 - Pinnacles (Talbott/Townes),3.7,1944,Unknown,Pelton,IMPSA,NA,679,5400,0.1,1H,030101030102,51141
hc2121_p01,hc2121_p01_2,Pinnacles,36.6856,-80.4303,"Northbrook Virginia Hydro, LLC",HY,3825,2,2,01 - Pinnacles (Talbott/Townes),3.7,1994,Unknown,Pelton,IMPSA,NA,679,5400,0.1,1H,030101030102,51141
hc2121_p01,hc2121_p01_3,Pinnacles,36.6856,-80.4303,"Northbrook Virginia Hydro, LLC",HY,3825,3,3,01 - Pinnacles (Talbott/Townes),3.7,1994,Unknown,Pelton,IMPSA,NA,679,5400,0.1,1H,030101030102,51141
hc2121_p01,hc2121_p01_4,Pinnacles,36.6856,-80.4303,"Northbrook Virginia Hydro, LLC",HY,3825,4,4,01 - Pinnacles (Talbott/Townes),0.7,2021,Unknown,Unknown,Unknown,NA,NA,NA,0.2,10M,030101030102,51141
hc2122_p01,hc2122_p01_1,Talbott,36.6781,-80.3972,Danville City of,HY,7516,1,1,01 - Talbott,0.75,2000,Unknown,Francis,Sulzer,NA,120.41,403.6,NA,NA,030101030101,51141
hc2123_p01,hc2123_p01_1,Longmont,40.2583,-105.2167,Longmont City of,HY,509,1,1,01 - Longmont,0.3,1911,Unknown,Pelton,NA,NA,519,410,NA,NA,1.019E+11,08013
hc2123_p01,hc2123_p01_2,Longmont,40.2583,-105.2167,Longmont City of,HY,509,2,2,01 - Longmont,0.3,1911,Unknown,Pelton,NA,NA,519,410,NA,NA,1.019E+11,08013
hc2124_p01,hc2124_p01_1,Hillcrest Pump Station,39.6411,-104.9135,Denver City & County of,HY,54142,GEN1,1,01 - Hillcrest,2,1993,Unknown,Francis,Neyrpic,NA,170,NA,0.2,1H,1.019E+11,08031
hc2125_p01,hc2125_p01_1,Goat Lake Hydro,59.5274,-135.1833,Alaska Power and Telephone Co,HY,7751,1,1,01 - Goat Lake,4,1997,Unknown,Pelton,Hydro West,NA,2000,6000,1.6,1H,1.90103E+11,NA
hc2126_p01,hc2126_p01_1,Springville Hydroelectric,34.2273,-119.0863,Calleguas Mun Water District,HY,56125,4152,1,01 - Springville,1,1995,Unknown,Francis,Bouvier,NA,289,NA,0.4,1H,1.80701E+11,06111
hc2127_p01,hc2127_p01_1,Middleville,42.7117,-85.465,Mid-State Service Co,HY,7801,1,1,01 - Middleville,0.35,1940,Unknown,Kaplan,NA,NA,12,518,NA,NA,040500070406,26015
hc2128_p01,hc2128_p01_2,Prairie Du Sac,43.3101,-89.7253,Wisconsin Power & Light Co,HY,4056,7,2,01 - Prairie Du Sac,4,1940,Unknown,Francis,Allis-Chalmers,NA,32,4050,0.7,1H,070700050303,55111
hc2128_p01,hc2128_p01_1,Prairie Du Sac,43.3101,-89.7253,Wisconsin Power & Light Co,HY,4056,1,1,01 - Prairie Du Sac,3.5,1915,Unknown,Francis,Allis-Chalmers,NA,32,4040,0.7,1H,070700050303,55111
hc2128_p01,hc2128_p01_6,Prairie Du Sac,43.3101,-89.7253,Wisconsin Power & Light Co,HY,4056,5,6,01 - Prairie Du Sac,4,1938,Unknown,Unknown,NA,NA,NA,NA,0.7,1H,070700050303,55111
hc2128_p01,hc2128_p01_7,Prairie Du Sac,43.3101,-89.7253,Wisconsin Power & Light Co,HY,4056,6,7,01 - Prairie Du Sac,4,1938,Unknown,Unknown,NA,NA,NA,NA,0.7,1H,070700050303,55111
hc2128_p01,hc2128_p01_8,Prairie Du Sac,43.3101,-89.7253,Wisconsin Power & Light Co,HY,4056,8,8,01 - Prairie Du Sac,4,1940,Unknown,Unknown,NA,NA,NA,NA,0.7,1H,070700050303,55111
hc2128_p01,hc2128_p01_3,Prairie Du Sac,43.3101,-89.7253,Wisconsin Power & Light Co,HY,4056,2,3,01 - Prairie Du Sac,4.3,1920,Unknown,Francis,Allis-Chalmers,NA,32,5600,0.9,1H,070700050303,55111
hc2128_p01,hc2128_p01_4,Prairie Du Sac,43.3101,-89.7253,Wisconsin Power & Light Co,HY,4056,3,4,01 - Prairie Du Sac,4.8,1922,Unknown,Francis,Allis-Chalmers,NA,32,5600,1,1H,070700050303,55111
hc2128_p01,hc2128_p01_5,Prairie Du Sac,43.3101,-89.7253,Wisconsin Power & Light Co,HY,4056,4,5,01 - Prairie Du Sac,4.8,1922,Unknown,Francis,Allis-Chalmers,NA,32,4050,1,1H,070700050303,55111
hc2129_p01,hc2129_p01_1,Salmon Falls,43.2266,-70.8118,Green Mountain Power Corp,HY,50702,GEN1,1,01 - South Berwick,0.4,1986,Unknown,Francis,James Leffel & Co.,NA,22,600,0.1,10M,010600030507,33017
hc2129_p01,hc2129_p01_2,Salmon Falls,43.2266,-70.8118,Green Mountain Power Corp,HY,50702,GEN2,2,01 - South Berwick,0.4,1986,Unknown,Francis,James Leffel & Co.,NA,22,600,0.1,10M,010600030507,33017
hc2129_p01,hc2129_p01_3,Salmon Falls,43.2266,-70.8118,Green Mountain Power Corp,HY,50702,GEN3,3,01 - South Berwick,0.4,1986,Unknown,Francis,James Leffel & Co.,NA,22,600,0.1,10M,010600030507,33017
hc2130_p01,hc2130_p01_1,Avalon/Mayo Hydropower (Upper),36.4281,-79.9478,Avalon Hydropower LLC,HY,54801,GEN1,1,01 - Upper Mayo,0.8,1997,Unknown,Francis,NA,NA,NA,139,0.1,10M,030101030409,37157
hc2130_p01,hc2130_p01_2,Avalon/Mayo Hydropower (Upper),36.4281,-79.9478,Avalon Hydropower LLC,HY,54801,GEN2,2,01 - Upper Mayo,0.3,2000,Unknown,Francis,NA,NA,NA,139,0.1,10M,030101030409,37157
hc2130_p02,hc2130_p02_1,Avalon/Mayo Hydropower (Lower),36.4195,-79.9618,Avalon Hydropower LLC,HY,54801,GEN3,1,01 - Upper Avalon,0.1,2003,Unknown,Francis,NA,NA,NA,NA,0.1,10M,030101030409,37157
hc2131_p01,hc2131_p01_1,Pine Valley,37.2035,-113.5663,St George City of,HY,7362,1,1,01 - Pine Valley,0.6,1995,Unknown,Unknown,NA,NA,1050,985,NA,NA,1.501E+11,49053
hc2132_p01,hc2132_p01_1,Power Creek,60.5935,-145.5785,"Cordova Electric Coop, Inc",HY,7862,4,1,01 - Power Creek,3,2002,Unknown,Francis,Gilbert Gilkes And Gordon,NA,NA,NA,0.1,10M,1.90201E+11,NA
hc2132_p01,hc2132_p01_2,Power Creek,60.5935,-145.5785,"Cordova Electric Coop, Inc",HY,7862,5,2,01 - Power Creek,3,2002,Unknown,Francis,Gilbert Gilkes And Gordon,NA,NA,NA,0.1,10M,1.90201E+11,NA
hc2133_p01,hc2133_p01_1,Rocky River,34.2577,-82.6095,City of Abbeville - (SC),HY,3305,2,1,01 - Abbeville,0.8,1940,Unknown,Francis,S. Morgan Smith,NA,80,1375,0.2,10M,030601030205,45001
hc2133_p01,hc2133_p01_2,Rocky River,34.2577,-82.6095,City of Abbeville - (SC),HY,3305,1,2,01 - Abbeville,1.8,1940,Unknown,Francis,S. Morgan Smith,NA,80,2740,0.2,10M,030601030205,45001
hc2134_p01,hc2134_p01_1,Tazimina,60.0833,-153.1,I-N-N Electric Coop Inc,HY,7183,5,1,01 - Tazimina,0.412,1997,Unknown,Francis,Gilbert Gilkes And Gordon,NA,96.6,552,NA,NA,1.90206E+11,NA
hc2134_p01,hc2134_p01_2,Tazimina,60.0833,-153.1,I-N-N Electric Coop Inc,HY,7183,6,2,01 - Tazimina,0.412,1997,Unknown,Francis,Gilbert Gilkes And Gordon,NA,96.6,552,NA,NA,1.90206E+11,NA
hc2135_p01,hc2135_p01_1,Crystal Falls,46.1066,-88.3345,City of Crystal Falls,HY,1821,1,1,01 - Crystal Falls,0.3,1914,Unknown,Unknown,NA,NA,NA,NA,0.1,10M,040301060408,26071
hc2135_p01,hc2135_p01_2,Crystal Falls,46.1066,-88.3345,City of Crystal Falls,HY,1821,2,2,01 - Crystal Falls,0.3,1924,Unknown,Unknown,NA,NA,NA,NA,0.1,10M,040301060408,26071
hc2135_p01,hc2135_p01_3,Crystal Falls,46.1066,-88.3345,City of Crystal Falls,HY,1821,3,3,01 - Crystal Falls,0.4,1954,Unknown,Unknown,NA,NA,NA,NA,0.1,10M,040301060408,26071
hc2136_p01,hc2136_p01_3,Bennetts Bridge,43.5445,-75.9195,Erie Boulevard Hydropower LP,HY,2545,3,3,01 - Bennetts Bridge,9,1966,Unknown,Francis,S. Morgan Smith,NA,270,12350,3,10M,041401020702,36075
hc2136_p01,hc2136_p01_4,Bennetts Bridge,43.5445,-75.9195,Erie Boulevard Hydropower LP,HY,2545,4,4,01 - Bennetts Bridge,9,1966,Unknown,Francis,S. Morgan Smith,NA,270,12350,3,10M,041401020702,36075
hc2136_p01,hc2136_p01_1,Bennetts Bridge,43.5445,-75.9195,Erie Boulevard Hydropower LP,HY,2545,1,1,01 - Bennetts Bridge,9,1932,Unknown,Francis,S. Morgan Smith,NA,270,12350,3,10M,041401020702,36075
hc2136_p01,hc2136_p01_2,Bennetts Bridge,43.5445,-75.9195,Erie Boulevard Hydropower LP,HY,2545,2,2,01 - Bennetts Bridge,9,1932,Unknown,Francis,S. Morgan Smith,NA,270,12350,3,10M,041401020702,36075
hc2137_p01,hc2137_p01_1,Lighthouse Hill,43.5245,-75.9706,Erie Boulevard Hydropower LP,HY,2582,1,1,01 - Lighthouse Hill,4,1930,Unknown,Francis,I.P. Morris,NA,62,5250,0.5,10M,041401020702,36075
hc2137_p01,hc2137_p01_2,Lighthouse Hill,43.5245,-75.9706,Erie Boulevard Hydropower LP,HY,2582,2,2,01 - Lighthouse Hill,4,1930,Unknown,Francis,I.P. Morris,NA,62,5250,0.5,10M,041401020702,36075
hc2138_p01,hc2138_p01_1,Deer Island Treatment Plant,42.3544,-70.958,Massachusetts Wtr Rauth-Deer I,HY,10823,H101,1,01 - Deer Island,1,2001,Unknown,Kaplan,Bouvier,NA,28,1703,0.2,10M,010900010402,25025
hc2138_p01,hc2138_p01_2,Deer Island Treatment Plant,42.3544,-70.958,Massachusetts Wtr Rauth-Deer I,HY,10823,H201,2,01 - Deer Island,1,2001,Unknown,Kaplan,Bouvier,NA,28,1703,0.2,10M,010900010402,25025
hc2139_p01,hc2139_p01_1,St Louis,43.412452,-84.607721,City of St Louis - (MI),HY,1852,5,1,01 - St Louis,0.2,1919,Unknown,Unknown,NA,NA,NA,NA,0.1,10M,040802020403,26057
hc2139_p01,hc2139_p01_2,St Louis,43.412452,-84.607721,City of St Louis - (MI),HY,1852,6,2,01 - St Louis,0.2,1919,Unknown,Unknown,NA,NA,NA,NA,0.1,10M,040802020403,26057
hc2140_p01,hc2140_p01_1,Etiwanda,34.104,-117.5261,Metropolitan Water District of S CA,HY,745,1,1,01 - Etiwanda,23.9,1994,Unknown,Unknown,NA,NA,NA,NA,2.5,12H,1.80702E+11,06071
hc2141_p01,hc2141_p01_1,Burnham,44.721,-69.412,KEI (Maine) Power Management (II) LLC,HY,54124,GEN2,1,01 - Burnham,0.3,1986,Unknown,Francis,Holyoke,NA,27.6,600,0.1,1H,010300031904,NA
hc2141_p01,hc2141_p01_2,Burnham,44.721,-69.412,KEI (Maine) Power Management (II) LLC,HY,54124,GEN1,2,01 - Burnham,0.4,1986,Unknown,Francis,Holyoke,NA,27.6,450,0.1,1H,010300031904,NA
hc2141_p01,hc2141_p01_3,Burnham,44.721,-69.412,KEI (Maine) Power Management (II) LLC,HY,54124,GEN3,3,01 - Burnham,0.4,1986,Unknown,Francis,Holyoke,NA,27.6,450,0.1,1H,010300031904,NA
hc2142_p01,hc2142_p01_1,Carver Falls,43.6273,-73.307,Green Mountain Power Corp,HY,6456,1,1,01 - Carver Falls,1.3,1922,Unknown,Francis,S. Morgan Smith,NA,112,1700,0.2,10M,041504010305,50021
hc2142_p01,hc2142_p01_2,Carver Falls,43.6273,-73.307,Green Mountain Power Corp,HY,6456,2,2,01 - Carver Falls,0.6,1922,Unknown,Francis,American Hydro,NA,112,1250,0.2,10M,041504010305,50021
hc2143_p01,hc2143_p01_1,Silver Lake,43.904309,-73.066493,Green Mountain Power Corp,HY,3725,1,1,01 - Silver Lake,2.2,1917,Unknown,Francis,Pelton Water Wheel Company,NA,670,3000,0.2,10M,041504020305,50001
hc2144_p01,hc2144_p01_1,Mechanic Falls,44.1111,-70.3917,KEI (Maine) Power Management (IV) LLC,HY,54123,GEN2,1,01 - Marcal,0.4,1986,Unknown,Francis,S. Morgan Smith,NA,37.700000000000003,616,0.1,1H,010400020908,23001
hc2144_p01,hc2144_p01_2,Mechanic Falls,44.1111,-70.3917,KEI (Maine) Power Management (IV) LLC,HY,54123,GEN1,2,01 - Marcal,1,1986,Unknown,Francis,S. Morgan Smith,NA,37.700000000000003,1332,0.1,1H,010400020908,23001
hc2145_p01,hc2145_p01_1,Albany,44.634473,-123.111723,PacifiCorp,HY,3017,2,1,NA,0.4,1923,Unknown,Unknown,NA,NA,NA,NA,NA,NA,1.709E+11,41043
hc2145_p01,hc2145_p01_2,Albany,44.634473,-123.111723,PacifiCorp,HY,3017,1,2,01 - Albany,0.4,1924,Unknown,Francis,Unknown,NA,39,670,NA,NA,1.709E+11,41043
hc2146_p01,hc2146_p01_1,Irving,42.69,-85.4183,Mid-State Service Co,HY,7800,1,1,01 - Irving,0.6,1940,Unknown,Kaplan,NA,NA,NA,NA,NA,NA,040500070404,26015
hc2147_p01,hc2147_p01_1,Boulder City Silver Lake Hydro,39.9911,-105.4999,Boulder City of,HY,55931,1,1,01 - Silver Lake,3.3,2000,Unknown,Unknown,NA,NA,NA,NA,0.3,10M,1.019E+11,08013
hc2148_p01,hc2148_p01_1,Kirby,43.8034,-115.1625,Atlanta Power Co Inc,HY,6700,1,1,NA,0.187,1963,Unknown,Unknown,NA,NA,NA,NA,NA,NA,1.70501E+11,16039
hc2149_p01,hc2149_p01_1,Thief River Falls,48.11430165,-96.17903349,City of Thief River Falls,HY,2014,HY2,1,01 - Thief River Falls,0.2,1927,Unknown,Francis,James Leffel & Co.,NA,14,325,0,1H,090203030301,27113
hc2149_p01,hc2149_p01_2,Thief River Falls,48.11430165,-96.17903349,City of Thief River Falls,HY,2014,HY1,2,01 - Thief River Falls,0.3,1927,Unknown,Unknown,NA,NA,NA,NA,0,1H,090203030301,27113
hc2150_p01,hc2150_p01_1,Dunkirk,42.88,-89.21,Stoughton City of,HY,4136,1,1,01 - Dunkirk,1,2002,Unknown,Francis,GE,NA,11,228,NA,NA,070900020904,55025
hc2150_p01,hc2150_p01_2,Dunkirk,42.88,-89.21,Stoughton City of,HY,4136,2,2,01 - Dunkirk,1,2002,Unknown,Francis,GE,NA,11,166,NA,NA,070900020904,55025
hc2151_p01,hc2151_p01_1,Occum,41.5971,-72.0502,Norwich City of,HY,582,1,1,01 - Occum,0.8,1936,Unknown,Kaplan,S. Morgan Smith,NA,13,1260,NA,NA,011000020303,09011
hc2152_p01,hc2152_p01_1,Kasidaya Creek,59.404494,-135.338774,Alaska Power and Telephone Co,HY,56542,1,1,01 - Otter Creek,3,2008,Unknown,Francis,Gilbert Gilkes And Gordon,NA,NA,NA,1.2,1H,1.90103E+11,NA
hc2153_p01,hc2153_p01_1,Portland,42.8891,-84.9308,Portland City of,HY,7804,1,1,01 - Portland,0.125,1930,Unknown,Francis,James Leffel & Co.,NA,11,200,NA,NA,040500040710,26067
hc2153_p01,hc2153_p01_2,Portland,42.8891,-84.9308,Portland City of,HY,7804,2,2,01 - Portland,0.25,1930,Unknown,Francis,James Leffel & Co.,NA,11,400,NA,NA,040500040710,26067
hc2154_p01,hc2154_p01_1,Peavy Falls,45.98,-88.21,Wisconsin Electric Power Co,HY,1781,1,1,01 - Peavy Falls,6,1943,Unknown,Francis,Allis-Chalmers,NA,95,10700,2.5,10M,040301070308,26071
hc2154_p01,hc2154_p01_2,Peavy Falls,45.98,-88.21,Wisconsin Electric Power Co,HY,1781,2,2,01 - Peavy Falls,6,1943,Unknown,Francis,Allis-Chalmers,NA,95,10700,2.5,10M,040301070308,26071
hc2156_p01,hc2156_p01_1,Diamond Valley Lake,33.6810158,-117.0698309,Metropolitan Water District of S CA,HY,7942,10,1,NA,3.3,2001,Unknown,Unknown,NA,NA,NA,NA,2,10M,1.80703E+11,06065
hc2156_p01,hc2156_p01_2,Diamond Valley Lake,33.6810158,-117.0698309,Metropolitan Water District of S CA,HY,7942,11,2,NA,3.3,2001,Unknown,Unknown,NA,NA,NA,NA,2,10M,1.80703E+11,06065
hc2156_p01,hc2156_p01_3,Diamond Valley Lake,33.6810158,-117.0698309,Metropolitan Water District of S CA,HY,7942,12,3,NA,3.3,2001,Unknown,Unknown,NA,NA,NA,NA,2,10M,1.80703E+11,06065
hc2156_p01,hc2156_p01_4,Diamond Valley Lake,33.6810158,-117.0698309,Metropolitan Water District of S CA,HY,7942,2,4,NA,3.3,2001,Unknown,Unknown,NA,NA,NA,NA,2,10M,1.80703E+11,06065
hc2156_p01,hc2156_p01_5,Diamond Valley Lake,33.6810158,-117.0698309,Metropolitan Water District of S CA,HY,7942,3,5,NA,3.3,2001,Unknown,Unknown,NA,NA,NA,NA,2,10M,1.80703E+11,06065
hc2156_p01,hc2156_p01_6,Diamond Valley Lake,33.6810158,-117.0698309,Metropolitan Water District of S CA,HY,7942,4,6,NA,3.3,2001,Unknown,Unknown,NA,NA,NA,NA,2,10M,1.80703E+11,06065
hc2156_p01,hc2156_p01_7,Diamond Valley Lake,33.6810158,-117.0698309,Metropolitan Water District of S CA,HY,7942,6,7,NA,3.3,2001,Unknown,Unknown,NA,NA,NA,NA,2,10M,1.80703E+11,06065
hc2156_p01,hc2156_p01_8,Diamond Valley Lake,33.6810158,-117.0698309,Metropolitan Water District of S CA,HY,7942,7,8,NA,3.3,2001,Unknown,Unknown,NA,NA,NA,NA,2,10M,1.80703E+11,06065
hc2156_p01,hc2156_p01_9,Diamond Valley Lake,33.6810158,-117.0698309,Metropolitan Water District of S CA,HY,7942,8,9,NA,3.3,2001,Unknown,Unknown,NA,NA,NA,NA,2,10M,1.80703E+11,06065
hc2157_p01,hc2157_p01_1,Goodrich Falls,44.1262,-71.1906,New Hampshire Elec Coop Inc,HY,9858,1,1,01 - Goodrich Falls,1,1953,Unknown,Francis,James Leffel & Co.,NA,67,800,NA,NA,010600020105,33003
hc2158_p01,hc2158_p01_1,Lake Dorothy Hydroelectric Project,58.246669,-133.982391,Alaska Electric Light & Power Co.,HY,57085,1,1,NA,14.3,2009,Unknown,Pelton,Gilbert Gilkes And Gordon,NA,NA,NA,1,10M,1.90103E+11,NA
hc2159_p01,hc2159_p01_3,Oakdale,40.6566,-86.7533,Northern Indiana Pub Serv Co,HY,999,3,3,01 - Oakdale,4.3,1925,Unknown,Francis,NA,NA,45,2380,0.4,1H,051201061304,18015
hc2159_p01,hc2159_p01_1,Oakdale,40.6566,-86.7533,Northern Indiana Pub Serv Co,HY,999,2,1,01 - Oakdale,3.2,1925,Unknown,Francis,NA,NA,45,4350,0.8,1H,051201061304,18015
hc2159_p01,hc2159_p01_2,Oakdale,40.6566,-86.7533,Northern Indiana Pub Serv Co,HY,999,1,2,01 - Oakdale,4.3,1925,Unknown,Francis,NA,NA,45,5100,1,1H,051201061304,18015
hc2160_p01,hc2160_p01_1,Norway,40.78,-86.76,Northern Indiana Pub Serv Co,HY,998,4,1,01 - Norway,1.3,1923,Unknown,Francis,NA,NA,28,2650,0.4,1H,051201061301,18181
hc2160_p01,hc2160_p01_2,Norway,40.78,-86.76,Northern Indiana Pub Serv Co,HY,998,1,2,01 - Norway,2,1923,Unknown,Francis,NA,NA,28,2650,0.5,1H,051201061301,18181
hc2160_p01,hc2160_p01_3,Norway,40.78,-86.76,Northern Indiana Pub Serv Co,HY,998,2,3,01 - Norway,2,1923,Unknown,Francis,NA,NA,28,2650,0.5,1H,051201061301,18181
hc2160_p01,hc2160_p01_4,Norway,40.78,-86.76,Northern Indiana Pub Serv Co,HY,998,3,4,01 - Norway,2,1923,Unknown,Francis,NA,NA,28,1788,0.5,1H,051201061301,18181
hc2162_p01,hc2162_p01_1,Juniper Ridge Hydroelectric Project,44.141705,-121.27004,Central Oregon Irrigation Dist,HY,57437,21-01,1,NA,5,2010,Unknown,Francis,James Leffel & Co.,NA,NA,NA,1,10M,1.70703E+11,41017
hc2163_p01,hc2163_p01_1,Granite,40.619214,-111.782037,PacifiCorp,HY,3651,1,1,NA,2,1896,Unknown,Unknown,NA,NA,NA,NA,0,10M,1.60202E+11,49035
hc2164_p01,hc2164_p01_1,Youngs Creek,47.798944,-121.823616,PUD No 1 of Snohomish County,HY,57763,1,1,NA,7.5,2011,Unknown,Pelton,Gilbert Gilkes And Gordon,NA,NA,10200,0.5,1H,1.711E+11,53061
hc2165_p01,hc2165_p01_1,Lower South Fork Irrigation Project,45.209126,-109.143977,Lower South Fork LLC,HY,58120,LSF 1,1,NA,0.47,2012,Unknown,Pelton,NA,NA,235,NA,0.1,1H,1.007E+11,30009
hc2166_p01,hc2166_p01_1,Spearfish,44.4083,-103.8953,City of Spearfish,HY,58438,TURB1,1,01 - Hydro Plant No 1,2,1912,Unknown,Pelton,NA,NA,577.5,NA,0.3,10M,1.01202E+11,46081
hc2166_p01,hc2166_p01_2,Spearfish,44.4083,-103.8953,City of Spearfish,HY,58438,TURB2,2,01 - Hydro Plant No 1,2,1912,Unknown,Pelton,NA,NA,577.5,NA,0.3,10M,1.01202E+11,46081
hc2167_p01,hc2167_p01_1,Newton Falls Upper,44.2147,-74.9869,Erie Boulevard Hydropower LP,HY,58679,4,1,01 - Newton Falls Upper,0.3,1927,Unknown,Francis,James Leffel & Co.,NA,46,450,0.2,10M,041503020601,36089
hc2167_p01,hc2167_p01_2,Newton Falls Upper,44.2147,-74.9869,Erie Boulevard Hydropower LP,HY,58679,2,2,01 - Newton Falls Upper,0.6,1927,Unknown,Francis,James Leffel & Co.,NA,46,800,0.3,10M,041503020601,36089
hc2167_p01,hc2167_p01_3,Newton Falls Upper,44.2147,-74.9869,Erie Boulevard Hydropower LP,HY,58679,3,3,01 - Newton Falls Upper,0.6,1927,Unknown,Francis,James Leffel & Co.,NA,46,800,0.3,10M,041503020601,36089
hc2168_p01,hc2168_p01_1,Flint Creek Hydroelectric Project,46.22727,-113.29466,Hydrodynamics Inc,HY,58392,GEN1,1,NA,2,2013,Unknown,Unknown,NA,NA,728.5,NA,0.1,10M,1.70102E+11,30039
hc2169_p01,hc2169_p01_1,Pacolet,34.9203,-81.7375,Lockhart Power Co,HY,58257,UP1,1,01 - Pacolet,1.1,2013,Unknown,Francis,James Leffel & Co.,NA,26,475,0.2,10M,030501051505,45083
hc2170_p01,hc2170_p01_1,Chester Diversion Hydroelectric Project,44.017856,-111.583323,Fall River Rural Elec Coop Inc,HY,56893,1,1,NA,1.2,2014,Unknown,Kaplan,NA,NA,13,NA,0.5,12H,1.70402E+11,16043
hc2170_p01,hc2170_p01_2,Chester Diversion Hydroelectric Project,44.017856,-111.583323,Fall River Rural Elec Coop Inc,HY,56893,2,2,NA,1.2,2014,Unknown,Kaplan,NA,NA,13,NA,0.5,12H,1.70402E+11,16043
hc2170_p01,hc2170_p01_3,Chester Diversion Hydroelectric Project,44.017856,-111.583323,Fall River Rural Elec Coop Inc,HY,56893,3,3,NA,1.2,2014,Unknown,Unknown,NA,NA,NA,NA,0.5,12H,1.70402E+11,16043
hc2171_p01,hc2171_p01_1,Baker Creek Diversion,40.526389,-123.725556,"Baker Station Associates, LP",HY,59428,GENE2,1,01 - Baker Creek,0.1,2014,Unknown,Pelton,Marathon Elect,NA,NA,NA,NA,1,1.80101E+11,06023
hc2171_p01,hc2171_p01_2,Baker Creek Diversion,40.526389,-123.725556,"Baker Station Associates, LP",HY,59428,GENE1,2,01 - Baker Creek,1.4,2014,Unknown,Pelton,Bateliers Bouv,NA,758,NA,NA,1,1.80101E+11,06023
hc2174_p01,hc2174_p01_1,Allison Lake,61.080447,-146.353858,"Copper Valley Elec Assn, Inc",HY,58982,GEN1,1,NA,6.5,2016,Unknown,Unknown,NA,NA,NA,NA,0.3,1H,1.90202E+11,NA
hc2175_p01,hc2175_p01_1,Whitman Lake Project,55.333047,-131.531968,Ketchikan Public Utilities,HY,58977,WPG-2,1,NA,0.9,2015,Unknown,Unknown,NA,NA,NA,1100,0.3,10M,1.90101E+11,NA
hc2175_p01,hc2175_p01_2,Whitman Lake Project,55.333047,-131.531968,Ketchikan Public Utilities,HY,58977,WPG-1,2,NA,3.9,2015,Unknown,Unknown,NA,NA,NA,1100,0.4,10M,1.90101E+11,NA
hc2177_p01,hc2177_p01_1,Pepperell Hydro Power Plant,42.6651978,-71.5757778,"Eagle Creek Renewable Energy, LLC",HY,10694,2121,1,NA,0.8,1920,Unknown,Francis,NA,NA,28,NA,0.3,10M,010700040402,25017
hc2177_p01,hc2177_p01_2,Pepperell Hydro Power Plant,42.6651978,-71.5757778,"Eagle Creek Renewable Energy, LLC",HY,10694,8281,2,NA,0.8,1920,Unknown,Francis,NA,NA,28,NA,0.3,10M,010700040402,25017
hc2177_p01,hc2177_p01_3,Pepperell Hydro Power Plant,42.6651978,-71.5757778,"Eagle Creek Renewable Energy, LLC",HY,10694,G3,3,NA,0.6,2006,Unknown,Francis,American Hydro,NA,28,NA,0.3,10M,010700040402,25017
hc4001_p01,hc4001_p01_1,Eklutna Hydro Project,61.40528,-149.1425,Chugach Electric Assn Inc,HY,77,1,1,NA,22.2,1955,Unknown,Unknown,NA,NA,NA,NA,3,1H,1.90204E+11,NA
hc4001_p01,hc4001_p01_2,Eklutna Hydro Project,61.40528,-149.1425,Chugach Electric Assn Inc,HY,77,2,2,NA,22.2,1955,Unknown,Unknown,NA,NA,NA,NA,3,1H,1.90204E+11,NA
hc4002_p01,hc4002_p01_1,Snettisham,58.16679551,-133.726732,Alaska Electric Light & Power Co.,HY,78,1,1,NA,23.6,1973,Unknown,Unknown,NA,NA,NA,NA,2,10M,1.90102E+11,NA
hc4002_p01,hc4002_p01_2,Snettisham,58.16679551,-133.726732,Alaska Electric Light & Power Co.,HY,78,2,2,NA,23.6,1973,Unknown,Unknown,NA,NA,NA,NA,2,10M,1.90102E+11,NA
hc4002_p01,hc4002_p01_3,Snettisham,58.16679551,-133.726732,Alaska Electric Light & Power Co.,HY,78,3,3,NA,31,1990,Unknown,Unknown,NA,NA,NA,NA,3,10M,1.90102E+11,NA
hc4003_p01,hc4003_p01_1,Gold Creek,58.307598,-134.406945,Alaska Electric Light & Power Co.,HY,63,2,1,NA,0.4,1914,Unknown,Unknown,NA,NA,NA,NA,0.1,1H,1.90103E+11,NA
hc4003_p01,hc4003_p01_2,Gold Creek,58.307598,-134.406945,Alaska Electric Light & Power Co.,HY,63,3,2,NA,0.4,1914,Unknown,Unknown,NA,NA,NA,NA,0.1,1H,1.90103E+11,NA
hc4003_p01,hc4003_p01_3,Gold Creek,58.307598,-134.406945,Alaska Electric Light & Power Co.,HY,63,1,3,NA,0.8,1951,Unknown,Unknown,NA,NA,NA,NA,0.1,1H,1.90103E+11,NA
hc4005_p01,hc4005_p01_1,Hamilton Branch,40.28345127,-121.0246487,Pacific Gas & Electric Co.,HY,242,1,1,NA,2.6,1921,Unknown,Unknown,NA,NA,NA,NA,0,10M,1.80201E+11,06063
hc4005_p01,hc4005_p01_2,Hamilton Branch,40.28345127,-121.0246487,Pacific Gas & Electric Co.,HY,242,2,2,NA,2.7,1921,Unknown,Unknown,NA,NA,NA,NA,0,10M,1.80201E+11,06063
hc4007_p01,hc4007_p01_1,Dion R Holm,37.97571641,-119.9118824,City & County of San Francisco,HY,380,1,1,NA,90.1,1960,Unknown,Unknown,NA,NA,NA,NA,0,1H,1.804E+11,06109
hc4007_p01,hc4007_p01_2,Dion R Holm,37.97571641,-119.9118824,City & County of San Francisco,HY,380,2,2,NA,90.1,1960,Unknown,Unknown,NA,NA,NA,NA,0,1H,1.804E+11,06109
hc4008_p01,hc4008_p01_1,Moccasin,37.802,-120.265,City & County of San Francisco,HY,381,1,1,NA,45,1969,Unknown,Unknown,NA,NA,NA,NA,0,1H,1.804E+11,06109
hc4008_p01,hc4008_p01_2,Moccasin,37.802,-120.265,City & County of San Francisco,HY,381,2,2,NA,51.8,1969,Unknown,Unknown,NA,NA,NA,NA,0,1H,1.804E+11,06109
hc4009_p01,hc4009_p01_1,R C Kirkwood,37.94791261,-119.7879365,City & County of San Francisco,HY,382,1,1,NA,45.4,1967,Unknown,Unknown,NA,NA,NA,NA,0,1H,1.804E+11,06109
hc4009_p01,hc4009_p01_2,R C Kirkwood,37.94791261,-119.7879365,City & County of San Francisco,HY,382,2,2,NA,45.4,1967,Unknown,Unknown,NA,NA,NA,NA,0,1H,1.804E+11,06109
hc4009_p01,hc4009_p01_3,R C Kirkwood,37.94791261,-119.7879365,City & County of San Francisco,HY,382,3,3,NA,36.5,1987,Unknown,Unknown,NA,NA,NA,NA,0,1H,1.804E+11,06109
hc4010_p01,hc4010_p01_1,Big Pine,37.12449841,-118.4852909,Los Angeles Department of Water & Power,HY,391,1,1,NA,3.2,1925,Unknown,Unknown,NA,NA,NA,NA,0.3,12H,1.80901E+11,06027
hc4011_p01,hc4011_p01_1,Franklin,34.095,-118.41,Los Angeles Department of Water & Power,HY,397,1,1,NA,2,1921,Unknown,Unknown,NA,NA,NA,NA,0.1,10M,1.80701E+11,06037
hc4012_p01,hc4012_p01_1,Control Gorge,37.43761,-118.557023,Los Angeles Department of Water & Power,HY,393,1,1,NA,37.5,1952,Unknown,Unknown,NA,NA,NA,NA,0.5,1H,1.80901E+11,06027
hc4013_p01,hc4013_p01_1,Cottonwood,36.444407,-118.041025,Los Angeles Department of Water & Power,HY,394,1,1,NA,0.8,1908,Unknown,Unknown,NA,NA,NA,NA,0.1,1H,1.80901E+11,06027
hc4013_p01,hc4013_p01_2,Cottonwood,36.444407,-118.041025,Los Angeles Department of Water & Power,HY,394,2,2,NA,0.8,1909,Unknown,Unknown,NA,NA,NA,NA,0.1,1H,1.80901E+11,06027
hc4014_p01,hc4014_p01_1,Division Creek,36.939546,-118.282671,Los Angeles City of,HY,395,1,1,NA,0.6,1909,Unknown,Unknown,NA,NA,NA,NA,NA,NA,1.80901E+11,06027
hc4015_p01,hc4015_p01_1,Foothill,34.313888,-118.492613,Los Angeles Department of Water & Power,HY,396,1,1,NA,8.8,1971,Unknown,Unknown,NA,NA,NA,NA,0.1,10M,1.80701E+11,06037
hc4016_p01,hc4016_p01_1,Haiwee,36.13916908,-117.9564083,Los Angeles Department of Water & Power,HY,398,1,1,NA,2.8,1927,Unknown,Unknown,NA,NA,NA,NA,0.5,1H,1.80901E+11,06027
hc4016_p01,hc4016_p01_2,Haiwee,36.13916908,-117.9564083,Los Angeles Department of Water & Power,HY,398,2,2,NA,2.8,1927,Unknown,Unknown,NA,NA,NA,NA,0.5,1H,1.80901E+11,06027
hc4017_p01,hc4017_p01_1,Upper Gorge,37.545,-118.587,Los Angeles Department of Water & Power,HY,407,1,1,NA,37.5,1953,Unknown,Unknown,NA,NA,NA,NA,0.5,1H,1.80901E+11,06051
hc4017_p02,hc4017_p02_1,Middle Gorge,37.545,-118.587,Los Angeles Department of Water & Power,HY,401,1,1,NA,37.5,1952,Unknown,Unknown,NA,NA,NA,NA,0.5,1H,1.80901E+11,06051
hc4018_p01,hc4018_p01_1,Pleasant Valley,37.41503788,-118.5239909,Los Angeles Department of Water & Power,HY,402,1,1,NA,3.2,1958,Unknown,Unknown,NA,NA,NA,NA,0.3,1H,1.80901E+11,06027
hc4019_p01,hc4019_p01_1,San Fernando,34.28534855,-118.4783027,Los Angeles Department of Water & Power,HY,403,1,1,NA,2.8,1922,Unknown,Unknown,NA,NA,NA,NA,0.1,10M,1.80701E+11,06037
hc4019_p01,hc4019_p01_2,San Fernando,34.28534855,-118.4783027,Los Angeles Department of Water & Power,HY,403,2,2,NA,2.8,1922,Unknown,Unknown,NA,NA,NA,NA,0.1,10M,1.80701E+11,06037
hc4020_p01,hc4020_p01_1,La Grange,37.67224848,-120.4443272,Turlock Irrigation District,HY,440,1,1,NA,1.2,1924,Unknown,Unknown,NA,NA,NA,NA,0.1,10M,1.804E+11,06099
hc4020_p01,hc4020_p01_2,La Grange,37.67224848,-120.4443272,Turlock Irrigation District,HY,440,2,2,NA,3.3,1924,Unknown,Unknown,NA,NA,NA,NA,0.1,10M,1.804E+11,06099
hc4021_p01,hc4021_p01_1,Palisade,39.104639,-108.349496,Orchard Mesa Irrigation District,HY,473,1,1,NA,1.5,1932,Unknown,Unknown,Unknown,NA,NA,NA,0.5,1H,1.401E+11,08077
hc4022_p01,hc4022_p01_1,Shoshone,39.759216,-105.660549,Public Service Co of Colorado,HY,476,A,1,NA,7.2,1909,Unknown,Unknown,NA,NA,NA,NA,1,10M,1.019E+11,08045
hc4022_p01,hc4022_p01_2,Shoshone,39.759216,-105.660549,Public Service Co of Colorado,HY,476,B,2,NA,7.2,1909,Unknown,Unknown,NA,NA,NA,NA,1,10M,1.019E+11,08045
hc4023_p01,hc4023_p01_1,Taftville,41.57270687,-72.04559353,FirstLight Power Resources Services LLC,HY,554,2,1,NA,0.3,1906,Unknown,Unknown,NA,NA,NA,NA,0.1,1H,011000020303,09011
hc4023_p01,hc4023_p01_2,Taftville,41.57270687,-72.04559353,FirstLight Power Resources Services LLC,HY,554,3,2,NA,0.3,1906,Unknown,Unknown,NA,NA,NA,NA,0.1,1H,011000020303,09011
hc4023_p01,hc4023_p01_3,Taftville,41.57270687,-72.04559353,FirstLight Power Resources Services LLC,HY,554,1,3,NA,0.4,1926,Unknown,Unknown,NA,NA,NA,NA,0.1,1H,011000020303,09011
hc4023_p01,hc4023_p01_4,Taftville,41.57270687,-72.04559353,FirstLight Power Resources Services LLC,HY,554,4,4,NA,0.3,1949,Unknown,Unknown,NA,NA,NA,NA,0.1,1H,011000020303,09011
hc4023_p01,hc4023_p01_5,Taftville,41.57270687,-72.04559353,FirstLight Power Resources Services LLC,HY,554,5,5,NA,0.3,1949,Unknown,Unknown,NA,NA,NA,NA,0.1,1H,011000020303,09011
hc4024_p01,hc4024_p01_1,Tunnel,41.5558748,-72.04161746,FirstLight Power Resources Services LLC,HY,557,1,1,NA,1,1919,Unknown,Unknown,NA,NA,NA,NA,0.3,1H,011000010704,09011
hc4024_p01,hc4024_p01_2,Tunnel,41.5558748,-72.04161746,FirstLight Power Resources Services LLC,HY,557,2,2,NA,1,1949,Unknown,Unknown,NA,NA,NA,NA,0.3,1H,011000010704,09011
hc4025_p01,hc4025_p01_1,Rainbow,41.91545647,-72.69360573,Farmington River Power Company,HY,559,1,1,NA,4,1925,Unknown,Unknown,NA,NA,NA,NA,4,10M,010802070602,09003
hc4025_p01,hc4025_p01_2,Rainbow,41.91545647,-72.69360573,Farmington River Power Company,HY,559,2,2,NA,4,1925,Unknown,Unknown,NA,NA,NA,NA,4,10M,010802070602,09003
hc4026_p01,hc4026_p01_1,East Highline,32.697701,-115.283124,Imperial Irrigation District,HY,586,1,1,NA,2.4,1984,Unknown,Unknown,NA,NA,NA,NA,0.3,1H,1.81002E+11,06025
hc4026_p04,hc4026_p04_1,Turnip,32.697701,-115.283124,Imperial Irrigation District,HY,6370,1,1,NA,0.42,1964,Unknown,Unknown,NA,NA,NA,NA,NA,NA,1.81002E+11,06025
hc4028_p01,hc4028_p01_1,Clear Lake,42.669519,-114.777584,Idaho Power Co,HY,814,1,1,NA,2.5,1937,Unknown,Unknown,NA,NA,NA,NA,0,10M,1.70402E+11,16047
hc4029_p01,hc4029_p01_1,Thousand Springs,42.74375,-114.840758,Idaho Power Co,HY,820,3,1,NA,6.8,1920,Unknown,Unknown,NA,NA,NA,NA,0,10M,1.70402E+11,16047
hc4030_p01,hc4030_p01_1,Moline,41.51,-90.53,MidAmerican Energy Co,HY,899,HY1,1,NA,0.9,1942,Unknown,Unknown,NA,NA,NA,NA,0.1,12H,070801010406,17161
hc4030_p01,hc4030_p01_2,Moline,41.51,-90.53,MidAmerican Energy Co,HY,899,HY2,2,NA,0.9,1942,Unknown,Unknown,NA,NA,NA,NA,0.1,12H,070801010406,17161
hc4030_p01,hc4030_p01_3,Moline,41.51,-90.53,MidAmerican Energy Co,HY,899,HY3,3,NA,0.9,1942,Unknown,Unknown,NA,NA,NA,NA,0.1,12H,070801010406,17161
hc4030_p01,hc4030_p01_4,Moline,41.51,-90.53,MidAmerican Energy Co,HY,899,HY4,4,NA,0.9,1942,Unknown,Unknown,NA,NA,NA,NA,0.1,12H,070801010406,17161
hc4031_p01,hc4031_p01_1,Iowa Falls,42.51865133,-93.25918477,IES Utilities Inc,HY,1065,1,1,NA,0.54,1926,Unknown,Unknown,NA,NA,NA,NA,NA,NA,070802070901,19083
hc4032_p01,hc4032_p01_1,Maquoketa,42.0702122,-90.69798484,Renewable World Energies LLC,HY,1067,1,1,NA,0.6,1924,Unknown,Unknown,NA,NA,NA,NA,0,10M,070600061001,19097
hc4032_p01,hc4032_p01_2,Maquoketa,42.0702122,-90.69798484,Renewable World Energies LLC,HY,1067,2,2,NA,0.6,1924,Unknown,Unknown,NA,NA,NA,NA,0,10M,070600061001,19097
hc4033_p01,hc4033_p01_1,East Hydro,42.72665627,-92.47108343,Waverly Municipal Elec Utility,HY,1196,1,1,NA,0.12,1921,Unknown,Unknown,NA,NA,NA,NA,NA,NA,070802011204,19017
hc4033_p01,hc4033_p01_2,East Hydro,42.72665627,-92.47108343,Waverly Municipal Elec Utility,HY,1196,2,2,NA,0.2,1923,Unknown,Unknown,NA,NA,NA,NA,NA,NA,070802011204,19017
hc4033_p01,hc4033_p01_3,East Hydro,42.72665627,-92.47108343,Waverly Municipal Elec Utility,HY,1196,3,3,NA,0.175,1927,Unknown,Unknown,NA,NA,NA,NA,NA,NA,070802011204,19017
hc4034_p01,hc4034_p01_1,Dix Dam,37.78546708,-84.70378511,Kentucky Utilities Co,HY,1354,1,1,NA,9.4,1925,Unknown,Unknown,NA,NA,NA,NA,2,10M,051002050507,21167
hc4034_p01,hc4034_p01_2,Dix Dam,37.78546708,-84.70378511,Kentucky Utilities Co,HY,1354,2,2,NA,9.4,1925,Unknown,Unknown,NA,NA,NA,NA,2,10M,051002050507,21167
hc4034_p01,hc4034_p01_3,Dix Dam,37.78546708,-84.70378511,Kentucky Utilities Co,HY,1354,3,3,NA,9.4,1925,Unknown,Unknown,NA,NA,NA,NA,2,10M,051002050507,21167
hc4035_p01,hc4035_p01_1,Deep Creek,39.50957967,-79.39096972,BP Piney & Deep Creek LLC,HY,1567,1,1,NA,10,1925,Unknown,Unknown,NA,NA,NA,NA,5,10M,050200060202,24023
hc4035_p01,hc4035_p01_2,Deep Creek,39.50957967,-79.39096972,BP Piney & Deep Creek LLC,HY,1567,2,2,NA,10,1925,Unknown,Unknown,NA,NA,NA,NA,5,10M,050200060202,24023
hc4036_p01,hc4036_p01_1,Cobble Mountain,42.12199434,-72.89163073,City of Holyoke Gas and Electric Dept.,HY,1630,2,1,NA,7,1930,Unknown,Unknown,NA,NA,NA,NA,1,10M,010802060302,25013
hc4036_p01,hc4036_p01_2,Cobble Mountain,42.12199434,-72.89163073,City of Holyoke Gas and Electric Dept.,HY,1630,1,2,NA,13,1930,Unknown,Unknown,NA,NA,NA,NA,3,10M,010802060302,25013
hc4036_p01,hc4036_p01_3,Cobble Mountain,42.12199434,-72.89163073,City of Holyoke Gas and Electric Dept.,HY,1630,3,3,NA,13,1930,Unknown,Unknown,NA,NA,NA,NA,3,10M,010802060302,25013
hc4037_p01,hc4037_p01_1,Berrien Springs,41.94331027,-86.32786984,Indiana Michigan Power Co,HY,1753,10,1,NA,0.6,1996,Unknown,Unknown,Flygt,NA,NA,NA,0.1,1H,040500012603,26021
hc4037_p01,hc4037_p01_2,Berrien Springs,41.94331027,-86.32786984,Indiana Michigan Power Co,HY,1753,11,2,NA,0.6,1996,Unknown,Unknown,Flygt,NA,NA,NA,0.1,1H,040500012603,26021
hc4037_p01,hc4037_p01_3,Berrien Springs,41.94331027,-86.32786984,Indiana Michigan Power Co,HY,1753,12,3,NA,0.6,1996,Unknown,Unknown,Flygt,NA,NA,NA,0.1,1H,040500012603,26021
hc4037_p01,hc4037_p01_4,Berrien Springs,41.94331027,-86.32786984,Indiana Michigan Power Co,HY,1753,1A,4,NA,0.6,1996,Unknown,Unknown,Flygt,NA,NA,NA,0.1,1H,040500012603,26021
hc4037_p01,hc4037_p01_5,Berrien Springs,41.94331027,-86.32786984,Indiana Michigan Power Co,HY,1753,2A,5,NA,0.6,1996,Unknown,Unknown,Flygt,NA,NA,NA,0.1,1H,040500012603,26021
hc4037_p01,hc4037_p01_6,Berrien Springs,41.94331027,-86.32786984,Indiana Michigan Power Co,HY,1753,3A,6,NA,0.6,1996,Unknown,Unknown,Flygt,NA,NA,NA,0.1,1H,040500012603,26021
hc4037_p01,hc4037_p01_7,Berrien Springs,41.94331027,-86.32786984,Indiana Michigan Power Co,HY,1753,4A,7,NA,0.6,1996,Unknown,Unknown,Flygt,NA,NA,NA,0.1,1H,040500012603,26021
hc4037_p01,hc4037_p01_8,Berrien Springs,41.94331027,-86.32786984,Indiana Michigan Power Co,HY,1753,5,8,NA,0.6,1996,Unknown,Unknown,Flygt,NA,NA,NA,0.1,1H,040500012603,26021
hc4037_p01,hc4037_p01_9,Berrien Springs,41.94331027,-86.32786984,Indiana Michigan Power Co,HY,1753,6,9,NA,0.6,1996,Unknown,Unknown,Flygt,NA,NA,NA,0.1,1H,040500012603,26021
hc4037_p01,hc4037_p01_10,Berrien Springs,41.94331027,-86.32786984,Indiana Michigan Power Co,HY,1753,7,10,NA,0.6,1996,Unknown,Unknown,Flygt,NA,NA,NA,0.1,1H,040500012603,26021
hc4037_p01,hc4037_p01_11,Berrien Springs,41.94331027,-86.32786984,Indiana Michigan Power Co,HY,1753,8,11,NA,0.6,1996,Unknown,Unknown,Flygt,NA,NA,NA,0.1,1H,040500012603,26021
hc4037_p01,hc4037_p01_12,Berrien Springs,41.94331027,-86.32786984,Indiana Michigan Power Co,HY,1753,9,12,NA,0.6,1996,Unknown,Unknown,Flygt,NA,NA,NA,0.1,1H,040500012603,26021
hc4038_p01,hc4038_p01_1,Riley,42.04449314,-85.20248204,Union City  Village of,HY,1863,2,1,NA,0.167,1922,Unknown,Unknown,NA,NA,NA,NA,NA,NA,040500010403,26023
hc4038_p01,hc4038_p01_2,Riley,42.04449314,-85.20248204,Union City  Village of,HY,1863,1,2,NA,0.25,1922,Unknown,Unknown,NA,NA,NA,NA,NA,NA,040500010403,26023
hc4039_p01,hc4039_p01_1,Bemidji Hydro,47.48357366,-94.7298399,Otter Tail Power Co,HY,1938,1,1,NA,0.24,1907,Unknown,Unknown,NA,NA,NA,NA,NA,NA,070101010503,27007
hc4039_p01,hc4039_p01_2,Bemidji Hydro,47.48357366,-94.7298399,Otter Tail Power Co,HY,1938,2,2,NA,0.5,1907,Unknown,Unknown,NA,NA,NA,NA,NA,NA,070101010503,27007
hc4040_p01,hc4040_p01_1,Lanesboro,43.71691,-91.97879,Lanesboro Public Utility Comm,HY,1987,2,1,NA,0.3,1923,Unknown,Unknown,NA,NA,NA,NA,0.1,10M,070400080410,27045
hc4041_p01,hc4041_p01_1,Rochester Hydro,44.21426887,-92.47779797,Rochester Public Utilities,HY,2007,1,1,NA,1.3,1984,Unknown,Unknown,NA,NA,NA,NA,0.5,10M,070400040502,27157
hc4041_p01,hc4041_p01_2,Rochester Hydro,44.21426887,-92.47779797,Rochester Public Utilities,HY,2007,2,2,NA,1.3,1984,Unknown,Unknown,NA,NA,NA,NA,0.5,10M,070400040502,27157
hc4042_p01,hc4042_p01_1,Kearney,40.70287192,-99.10072882,Nebraska Public Power District,HY,2268,1,1,NA,1.5,1921,Unknown,Unknown,NA,NA,NA,NA,0,1H,1.02001E+11,31019
hc4044_p01,hc4044_p01_1,Spalding,41.68118,-98.367422,Village of Spalding - (NE),HY,2303,1,1,NA,0.1,1919,Unknown,Unknown,NA,NA,NA,NA,0.1,10M,1.021E+11,31077
hc4044_p01,hc4044_p01_2,Spalding,41.68118,-98.367422,Village of Spalding - (NE),HY,2303,2,2,NA,0.1,1956,Unknown,Unknown,NA,NA,NA,NA,0.1,10M,1.021E+11,31077
hc4045_p01,hc4045_p01_1,Jackman,43.11086093,-71.94868393,"Central Rivers Power NH, LLC",HY,2360,1,1,NA,3.2,1926,Unknown,Unknown,NA,NA,NA,NA,0.5,10M,010700030204,33011
hc4047_p01,hc4047_p01_1,Dashville,41.822134,-74.050332,Central Hudson Gas & Elec Corp,HY,2481,1,1,NA,2.4,1920,Unknown,Unknown,NA,NA,NA,NA,0.3,10M,020200070407,36111
hc4047_p01,hc4047_p01_2,Dashville,41.822134,-74.050332,Central Hudson Gas & Elec Corp,HY,2481,2,2,NA,2.4,1920,Unknown,Unknown,NA,NA,NA,NA,0.3,10M,020200070407,36111
hc4048_p01,hc4048_p01_1,Neversink,41.82600607,-74.63941806,New York Power Authority,HY,2483,H1,1,NA,25,1953,Unknown,Unknown,NA,NA,NA,NA,1,10M,020401040305,36105
hc4049_p01,hc4049_p01_1,Sturgeon,41.8482226,-74.04502913,Central Hudson Gas & Elec Corp,HY,2486,H1,1,NA,4.8,1924,Unknown,Unknown,NA,NA,NA,NA,4,10M,020200070407,36111
hc4049_p01,hc4049_p01_2,Sturgeon,41.8482226,-74.04502913,Central Hudson Gas & Elec Corp,HY,2486,H2,2,NA,4.8,1924,Unknown,Unknown,NA,NA,NA,NA,4,10M,020200070407,36111
hc4049_p01,hc4049_p01_3,Sturgeon,41.8482226,-74.04502913,Central Hudson Gas & Elec Corp,HY,2486,H3,3,NA,4.8,1924,Unknown,Unknown,NA,NA,NA,NA,4,10M,020200070407,36111
hc4050_p01,hc4050_p01_1,Beardslee,43.0243752,-74.74383299,Erie Boulevard Hydropower LP,HY,2543,1,1,NA,10,1924,Unknown,Unknown,NA,NA,NA,NA,4,10M,020200040808,36043
hc4050_p01,hc4050_p01_2,Beardslee,43.0243752,-74.74383299,Erie Boulevard Hydropower LP,HY,2543,2,2,NA,10,1924,Unknown,Unknown,NA,NA,NA,NA,4,10M,020200040808,36043
hc4051_p01,hc4051_p01_1,Ephratah,43.03639,-74.52333,Erie Boulevard Hydropower LP,HY,2560,2,1,NA,1,1911,Unknown,Unknown,NA,NA,NA,NA,0.2,10M,020200040905,36035
hc4051_p01,hc4051_p01_2,Ephratah,43.03639,-74.52333,Erie Boulevard Hydropower LP,HY,2560,3,2,NA,1,1911,Unknown,Unknown,NA,NA,NA,NA,0.2,10M,020200040905,36035
hc4051_p01,hc4051_p01_3,Ephratah,43.03639,-74.52333,Erie Boulevard Hydropower LP,HY,2560,4,3,NA,1,1911,Unknown,Unknown,NA,NA,NA,NA,0.2,10M,020200040905,36035
hc4051_p01,hc4051_p01_4,Ephratah,43.03639,-74.52333,Erie Boulevard Hydropower LP,HY,2560,1,4,NA,1,1920,Unknown,Unknown,NA,NA,NA,NA,0.2,10M,020200040905,36035
hc4052_p01,hc4052_p01_1,Glenwood,43.237929,-78.39315679,Erie Boulevard Hydropower LP,HY,2568,1,1,NA,0.5,1950,Unknown,Unknown,NA,NA,NA,NA,0.3,10M,041300010405,36073
hc4052_p01,hc4052_p01_2,Glenwood,43.237929,-78.39315679,Erie Boulevard Hydropower LP,HY,2568,2,2,NA,0.5,1950,Unknown,Unknown,NA,NA,NA,NA,0.3,10M,041300010405,36073
hc4052_p01,hc4052_p01_3,Glenwood,43.237929,-78.39315679,Erie Boulevard Hydropower LP,HY,2568,3,3,NA,0.5,1950,Unknown,Unknown,NA,NA,NA,NA,0.3,10M,041300010405,36073
hc4053_p01,hc4053_p01_1,Inghams,43.0622378,-74.76564653,Erie Boulevard Hydropower LP,HY,2579,1,1,NA,3,1912,Unknown,Unknown,NA,NA,NA,NA,1,10M,020200040808,36035
hc4053_p01,hc4053_p01_2,Inghams,43.0622378,-74.76564653,Erie Boulevard Hydropower LP,HY,2579,2,2,NA,3,1912,Unknown,Unknown,NA,NA,NA,NA,1,10M,020200040808,36035
hc4054_p01,hc4054_p01_1,Waterport,43.32645473,-78.23987146,Erie Boulevard Hydropower LP,HY,2623,1,1,NA,2,1921,Unknown,Unknown,NA,NA,NA,NA,1,10M,041300010408,36073
hc4054_p01,hc4054_p01_2,Waterport,43.32645473,-78.23987146,Erie Boulevard Hydropower LP,HY,2623,2,2,NA,2,1921,Unknown,Unknown,NA,NA,NA,NA,1.1000000000000001,10M,041300010408,36073
hc4055_p01,hc4055_p01_1,Grahamsville,42.07890787,-74.96516266,New York Power Authority,HY,2627,GRHM,1,NA,18,1956,Unknown,Unknown,NA,NA,NA,NA,1,10M,020401020502,36105
hc4057_p01,hc4057_p01_1,Turner Shoals,35.33547128,-82.18738205,Northbrook Carolina Hydro LLC,HY,2735,1,1,NA,2.7,1996,Unknown,Unknown,Voest,NA,NA,NA,0.4,10M,030501050204,37149
hc4057_p01,hc4057_p01_2,Turner Shoals,35.33547128,-82.18738205,Northbrook Carolina Hydro LLC,HY,2735,2,2,NA,2.7,1996,Unknown,Unknown,Voest,NA,NA,NA,0.4,10M,030501050204,37149
hc4058_p01,hc4058_p01_1,Tuxedo,35.23331135,-82.39931145,"Northbrook Tuxedo, LLC",HY,2736,1,1,NA,2.5,1920,Unknown,Unknown,NA,NA,NA,NA,2.5,10M,030501050101,37089
hc4058_p01,hc4058_p01_2,Tuxedo,35.23331135,-82.39931145,"Northbrook Tuxedo, LLC",HY,2736,2,2,NA,2.5,1920,Unknown,Unknown,NA,NA,NA,NA,2.5,10M,030501050101,37089
hc4059_p01,hc4059_p01_1,Lake Lure,35.42586748,-82.18419552,Lake Lure Town of,HY,2773,1,1,NA,1.2,1927,Unknown,Unknown,NA,NA,NA,NA,0.6,12H,030501050308,37161
hc4059_p01,hc4059_p01_2,Lake Lure,35.42586748,-82.18419552,Lake Lure Town of,HY,2773,2,2,NA,2.4,1927,Unknown,Unknown,NA,NA,NA,NA,0.6,12H,030501050308,37161
hc4060_p01,hc4060_p01_1,Eagle Point,42.475167,-122.75769,PacifiCorp,HY,3024,1,1,NA,2.8,1957,Unknown,Unknown,NA,NA,NA,NA,0,10M,1.71003E+11,41029
hc4061_p01,hc4061_p01_1,Boyds Mill Hydro,34.455368,-82.199439,Northbrook Carolina Hydro LLC,HY,3253,1,1,NA,0.7,1996,Unknown,Unknown,NA,NA,NA,NA,0.1,10M,030501090604,45045
hc4061_p01,hc4061_p01_2,Boyds Mill Hydro,34.455368,-82.199439,Northbrook Carolina Hydro LLC,HY,3253,2,2,NA,0.7,1996,Unknown,Unknown,NA,NA,NA,NA,0.1,10M,030501090604,45045
hc4062_p01,hc4062_p01_1,Hollidays Bridge,34.52943721,-82.37730705,Northbrook Carolina Hydro LLC,HY,3261,1,1,01 - Hollidays Bridge,1,1996,Unknown,Francis,Holyoke,NA,35,160,0.1,10M,030501090805,45007
hc4062_p01,hc4062_p01_2,Hollidays Bridge,34.52943721,-82.37730705,Northbrook Carolina Hydro LLC,HY,3261,2,2,01 - Hollidays Bridge,1,1996,Unknown,Francis,Holyoke,NA,35,160,0.1,10M,030501090805,45007
hc4062_p01,hc4062_p01_3,Hollidays Bridge,34.52943721,-82.37730705,Northbrook Carolina Hydro LLC,HY,3261,3,3,01 - Hollidays Bridge,1,1996,Unknown,Francis,Holyoke,NA,35,160,0.1,10M,030501090805,45007
hc4062_p01,hc4062_p01_4,Hollidays Bridge,34.52943721,-82.37730705,Northbrook Carolina Hydro LLC,HY,3261,4,4,01 - Hollidays Bridge,1,1996,Unknown,Francis,S. Morgan Smith,NA,35,800,0.1,10M,030501090805,45007
hc4063_p01,hc4063_p01_1,Saluda,34.85247795,-82.48448998,Northbrook Carolina Hydro LLC,HY,3267,1,1,01 - Saluda,0.6,1996,Unknown,Francis,S. Morgan Smith,NA,42,1100,0.1,10M,030501090301,45045
hc4063_p01,hc4063_p01_2,Saluda,34.85247795,-82.48448998,Northbrook Carolina Hydro LLC,HY,3267,2,2,01 - Saluda,0.6,1996,Unknown,Francis,S. Morgan Smith,NA,42,1100,0.1,10M,030501090301,45045
hc4063_p01,hc4063_p01_3,Saluda,34.85247795,-82.48448998,Northbrook Carolina Hydro LLC,HY,3267,3,3,01 - Saluda,0.6,1996,Unknown,Francis,S. Morgan Smith,NA,42,1100,0.1,10M,030501090301,45045
hc4063_p01,hc4063_p01_4,Saluda,34.85247795,-82.48448998,Northbrook Carolina Hydro LLC,HY,3267,4,4,01 - Saluda,0.6,1996,Unknown,Francis,S. Morgan Smith,NA,42,1100,0.1,10M,030501090301,45045
hc4064_p01,hc4064_p01_1,Abbott TP 3,29.59438362,-98.04083462,Guadalupe Blanco River Authority,HY,3581,1,1,NA,1.4,1927,Unknown,Unknown,NA,NA,NA,NA,1.1000000000000001,1H,1.21002E+11,48187
hc4064_p01,hc4064_p01_2,Abbott TP 3,29.59438362,-98.04083462,Guadalupe Blanco River Authority,HY,3581,2,2,NA,1.4,1927,Unknown,Unknown,NA,NA,NA,NA,1.1000000000000001,1H,1.21002E+11,48187
hc4065_p01,hc4065_p01_1,Dunlap TP 1,29.65410642,-98.06638142,Guadalupe Blanco River Authority,HY,3582,1,1,NA,1.8,1927,Unknown,Unknown,NA,NA,NA,NA,1.7,1H,1.21002E+11,48187
hc4065_p01,hc4065_p01_2,Dunlap TP 1,29.65410642,-98.06638142,Guadalupe Blanco River Authority,HY,3582,2,2,NA,1.8,1927,Unknown,Unknown,NA,NA,NA,NA,1.7,1H,1.21002E+11,48187
hc4066_p01,hc4066_p01_1,H 4,29.49587375,-97.62458576,Guadalupe Blanco River Authority,HY,3583,1,1,NA,2.4,1931,Unknown,Unknown,NA,NA,NA,NA,0.5,1H,1.21002E+11,48177
hc4067_p01,hc4067_p01_1,H 5,29.46832655,-97.49215416,Guadalupe Blanco River Authority,HY,3584,1,1,NA,2.4,1931,Unknown,Unknown,NA,NA,NA,NA,0.5,1H,1.21002E+11,48177
hc4068_p01,hc4068_p01_1,Nolte,29.53769362,-97.93182856,Guadalupe Blanco River Authority,HY,3585,1,1,NA,1.2,1927,Unknown,Unknown,NA,NA,NA,NA,0.6,1H,1.21002E+11,48187
hc4068_p01,hc4068_p01_2,Nolte,29.53769362,-97.93182856,Guadalupe Blanco River Authority,HY,3585,2,2,NA,1.2,1927,Unknown,Unknown,NA,NA,NA,NA,0.6,1H,1.21002E+11,48187
hc4069_p01,hc4069_p01_1,TP 4,29.54844635,-97.99964622,Guadalupe Blanco River Authority,HY,3586,1,1,NA,2.4,1932,Unknown,Unknown,NA,NA,NA,NA,0.5,1H,1.21002E+11,48187
hc4070_p01,hc4070_p01_1,Austin,30.29422829,-97.78639669,Lower Colorado River Authority,HY,3594,1,1,NA,9,1940,Unknown,Unknown,NA,NA,NA,NA,7,10M,1.20902E+11,48453
hc4070_p01,hc4070_p01_2,Austin,30.29422829,-97.78639669,Lower Colorado River Authority,HY,3594,2,2,NA,9,1940,Unknown,Unknown,NA,NA,NA,NA,7,10M,1.20902E+11,48453
hc4071_p01,hc4071_p01_1,Buchanan,30.75126469,-98.41833309,Lower Colorado River Authority,HY,3595,1,1,NA,18.3,1938,Unknown,Unknown,NA,NA,NA,NA,11,10M,1.20902E+11,48299
hc4071_p01,hc4071_p01_2,Buchanan,30.75126469,-98.41833309,Lower Colorado River Authority,HY,3595,2,2,NA,18.3,1938,Unknown,Unknown,NA,NA,NA,NA,11,10M,1.20902E+11,48299
hc4071_p01,hc4071_p01_3,Buchanan,30.75126469,-98.41833309,Lower Colorado River Authority,HY,3595,3,3,NA,18.3,1950,Unknown,Unknown,NA,NA,NA,NA,11,10M,1.20902E+11,48299
hc4072_p01,hc4072_p01_1,Granite Shoals,30.55544755,-98.33811776,Lower Colorado River Authority,HY,3597,1,1,NA,27,1951,Unknown,Unknown,NA,NA,NA,NA,23,10M,1.20902E+11,48053
hc4072_p01,hc4072_p01_2,Granite Shoals,30.55544755,-98.33811776,Lower Colorado River Authority,HY,3597,2,2,NA,27,1951,Unknown,Unknown,NA,NA,NA,NA,23,10M,1.20902E+11,48053
hc4073_p01,hc4073_p01_1,Inks,30.73082095,-98.38431476,Lower Colorado River Authority,HY,3598,1,1,NA,15,1938,Unknown,Unknown,NA,NA,NA,NA,7,10M,1.20902E+11,48053
hc4074_p01,hc4074_p01_1,Marble Falls,30.55652402,-98.25670556,Lower Colorado River Authority,HY,3599,1,1,NA,19.8,1951,Unknown,Unknown,NA,NA,NA,NA,9,10M,1.20902E+11,48053
hc4074_p01,hc4074_p01_2,Marble Falls,30.55652402,-98.25670556,Lower Colorado River Authority,HY,3599,2,2,NA,19.8,1951,Unknown,Unknown,NA,NA,NA,NA,9,10M,1.20902E+11,48053
hc4075_p01,hc4075_p01_1,Marshall Ford,30.39226502,-97.90725489,Lower Colorado River Authority,HY,3600,1,1,NA,36,1941,Unknown,Unknown,NA,NA,NA,NA,15,10M,1.20902E+11,48453
hc4075_p01,hc4075_p01_3,Marshall Ford,30.39226502,-97.90725489,Lower Colorado River Authority,HY,3600,3,3,NA,36,1941,Unknown,Unknown,NA,NA,NA,NA,15,10M,1.20902E+11,48453
hc4075_p01,hc4075_p01_2,Marshall Ford,30.39226502,-97.90725489,Lower Colorado River Authority,HY,3600,2,2,NA,36,1941,Unknown,Unknown,NA,NA,NA,NA,20,10M,1.20902E+11,48453
hc4076_p01,hc4076_p01_1,Seguin,29.55124875,-97.97079136,Seguin City of,HY,3616,HY1,1,NA,0.25,1926,Unknown,Unknown,NA,NA,NA,NA,NA,NA,1.21002E+11,48187
hc4077_p01,hc4077_p01_1,Brigham City,41.501399,-111.9424094,Brigham City Corporation,HY,3666,1,1,NA,0.6,1921,Unknown,Unknown,NA,NA,NA,NA,0.2,10M,1.60102E+11,49003
hc4077_p01,hc4077_p01_2,Brigham City,41.501399,-111.9424094,Brigham City Corporation,HY,3666,2,2,NA,0.6,1921,Unknown,Unknown,NA,NA,NA,NA,0.2,10M,1.60102E+11,49003
hc4077_p01,hc4077_p01_3,Brigham City,41.501399,-111.9424094,Brigham City Corporation,HY,3666,8182,3,NA,0.6,1964,Unknown,Unknown,NA,NA,NA,NA,0.2,10M,1.60102E+11,49003
hc4078_p01,hc4078_p01_1,Glen,43.64951027,-72.95356673,Green Mountain Power Corp,HY,3714,1,1,NA,1,1920,Unknown,Unknown,NA,NA,NA,NA,0.2,10M,041504020107,50021
hc4078_p01,hc4078_p01_2,Glen,43.64951027,-72.95356673,Green Mountain Power Corp,HY,3714,2,2,NA,1,1920,Unknown,Unknown,NA,NA,NA,NA,0.2,10M,041504020107,50021
hc4079_p01,hc4079_p01_1,Patch,43.63000607,-72.98518013,Central Vermont Pub Serv Corp,HY,3719,1,1,NA,0.4,1921,Unknown,Unknown,NA,NA,NA,NA,NA,NA,041504020107,50021
hc4080_p01,hc4080_p01_1,Pittsford,43.72312113,-72.92325693,Green Mountain Power Corp,HY,3722,3,1,NA,1,1914,Unknown,Unknown,NA,NA,NA,NA,0.2,10M,041504020107,50021
hc4080_p01,hc4080_p01_2,Pittsford,43.72312113,-72.92325693,Green Mountain Power Corp,HY,3722,1,2,NA,1.3,1914,Unknown,Unknown,NA,NA,NA,NA,0.2,10M,041504020107,50021
hc4080_p01,hc4080_p01_3,Pittsford,43.72312113,-72.92325693,Green Mountain Power Corp,HY,3722,2,3,NA,1.3,1914,Unknown,Unknown,NA,NA,NA,NA,0.2,10M,041504020107,50021
hc4081_p01,hc4081_p01_1,Salisbury,43.90976853,-73.0875622,Green Mountain Power Corp,HY,3724,1,1,NA,1.3,1917,Unknown,Unknown,NA,NA,NA,NA,0.2,10M,041504020305,50001
hc4082_p01,hc4082_p01_1,Marshfield 6,44.36065506,-72.30336473,Green Mountain Power Corp,HY,3739,1,1,NA,5,1927,Unknown,Unknown,NA,NA,NA,NA,2.5,10M,041504030201,50023
hc4083_p01,hc4083_p01_1,Middlesex 2,44.29240333,-72.6824298,Green Mountain Power Corp,HY,3740,1,1,NA,1.6,1928,Unknown,Unknown,NA,NA,NA,NA,0.2,10M,041504030403,50023
hc4083_p01,hc4083_p01_2,Middlesex 2,44.29240333,-72.6824298,Green Mountain Power Corp,HY,3740,2,2,NA,1.6,1928,Unknown,Unknown,NA,NA,NA,NA,0.2,10M,041504030403,50023
hc4084_p01,hc4084_p01_1,West Danville 15,44.40879886,-72.1963296,Green Mountain Power Corp,HY,3743,1,1,NA,1,1917,Unknown,Unknown,NA,NA,NA,NA,0.2,10M,010801020402,50005
hc4085_p01,hc4085_p01_1,Martinsville,36.66419881,-79.88389612,City of Martinsville - (VA),HY,3826,1,1,NA,0.3,1932,Unknown,Unknown,NA,NA,NA,NA,0.1,10M,030101030801,51089
hc4085_p01,hc4085_p01_2,Martinsville,36.66419881,-79.88389612,City of Martinsville - (VA),HY,3826,2,2,NA,1,1932,Unknown,Unknown,NA,NA,NA,NA,0.3,10M,030101030801,51089
hc4086_p01,hc4086_p01_1,Electron,46.99085,-122.174717,Electron Hydro LLC,HY,3854,1,1,NA,5.1,1904,Unknown,Unknown,NA,NA,NA,NA,0.1,10M,1.711E+11,53053
hc4086_p01,hc4086_p01_2,Electron,46.99085,-122.174717,Electron Hydro LLC,HY,3854,2,2,NA,5.1,1904,Unknown,Unknown,NA,NA,NA,NA,0.1,10M,1.711E+11,53053
hc4086_p01,hc4086_p01_3,Electron,46.99085,-122.174717,Electron Hydro LLC,HY,3854,3,3,NA,5.1,1904,Unknown,Unknown,NA,NA,NA,NA,0.1,10M,1.711E+11,53053
hc4086_p01,hc4086_p01_4,Electron,46.99085,-122.174717,Electron Hydro LLC,HY,3854,4,4,NA,7.5,1929,Unknown,Unknown,NA,NA,NA,NA,1,10M,1.711E+11,53053
hc4087_p01,hc4087_p01_1,Little Falls,47.83001059,-117.9183927,Avista Corp,HY,3866,1,1,NA,10.8,1910,Unknown,Francis,GE,NA,NA,9000,2,10M,1.70103E+11,53043
hc4087_p01,hc4087_p01_2,Little Falls,47.83001059,-117.9183927,Avista Corp,HY,3866,2,2,NA,10.8,1910,Unknown,Francis,GE,NA,NA,9000,2,10M,1.70103E+11,53043
hc4087_p01,hc4087_p01_3,Little Falls,47.83001059,-117.9183927,Avista Corp,HY,3866,3,3,NA,10.8,1910,Unknown,Francis,GE,NA,NA,9000,2,10M,1.70103E+11,53043
hc4087_p01,hc4087_p01_4,Little Falls,47.83001059,-117.9183927,Avista Corp,HY,3866,4,4,NA,10.8,1911,2019,Francis,GE,NA,NA,9000,2,10M,1.70103E+11,53043
hc4088_p01,hc4088_p01_1,Calispel,48.24052833,-117.3623751,PUD No 1 of Pend Oreille Cnty,HY,3892,1,1,NA,0.3,1922,Unknown,Unknown,GE,NA,NA,NA,NA,NA,1.70102E+11,53051
hc4088_p01,hc4088_p01_2,Calispel,48.24052833,-117.3623751,PUD No 1 of Pend Oreille Cnty,HY,3892,2,2,NA,0.3,1922,Unknown,Unknown,GE,NA,NA,NA,NA,NA,1.70102E+11,53051
hc4090_p01,hc4090_p01_3,St Croix Falls,45.4121796,-92.64694457,Northern States Power Co - Minnesota,HY,4011,1,3,NA,2.5,1917,Unknown,Unknown,NA,NA,NA,NA,0.6,1H,070300050902,55095
hc4090_p01,hc4090_p01_4,St Croix Falls,45.4121796,-92.64694457,Northern States Power Co - Minnesota,HY,4011,2,4,NA,2.5,1917,Unknown,Unknown,NA,NA,NA,NA,0.6,1H,070300050902,55095
hc4090_p01,hc4090_p01_5,St Croix Falls,45.4121796,-92.64694457,Northern States Power Co - Minnesota,HY,4011,3,5,NA,2.5,1917,Unknown,Unknown,NA,NA,NA,NA,0.6,1H,070300050902,55095
hc4090_p01,hc4090_p01_6,St Croix Falls,45.4121796,-92.64694457,Northern States Power Co - Minnesota,HY,4011,4,6,NA,2.5,1917,Unknown,Unknown,NA,NA,NA,NA,0.6,10M,070300050902,55095
hc4090_p01,hc4090_p01_7,St Croix Falls,45.4121796,-92.64694457,Northern States Power Co - Minnesota,HY,4011,7,7,NA,3.2,1923,Unknown,Unknown,NA,NA,NA,NA,0.8,1H,070300050902,55095
hc4090_p01,hc4090_p01_8,St Croix Falls,45.4121796,-92.64694457,Northern States Power Co - Minnesota,HY,4011,8,8,NA,3.2,1923,Unknown,Unknown,NA,NA,NA,NA,0.8,1H,070300050902,55095
hc4090_p01,hc4090_p01_1,St Croix Falls,45.4121796,-92.64694457,Northern States Power Co - Minnesota,HY,4011,5,1,NA,3.4,1910,Unknown,Unknown,NA,NA,NA,NA,0.9,1H,070300050902,55095
hc4090_p01,hc4090_p01_2,St Croix Falls,45.4121796,-92.64694457,Northern States Power Co - Minnesota,HY,4011,6,2,NA,3.4,1910,Unknown,Unknown,NA,NA,NA,NA,0.9,1H,070300050902,55095
hc4091_p01,hc4091_p01_1,Clam Falls Dam,45.68714486,-92.29553463,Northwestern Wisconsin Elec Co,HY,4017,1,1,NA,0.112,1917,Unknown,Unknown,NA,NA,NA,NA,NA,NA,070300010903,55095
hc4091_p01,hc4091_p01_2,Clam Falls Dam,45.68714486,-92.29553463,Northwestern Wisconsin Elec Co,HY,4017,2,2,NA,0.096,1946,Unknown,Unknown,NA,NA,NA,NA,NA,NA,070300010903,55095
hc4092_p01,hc4092_p01_1,Kilbourn,43.6268126,-89.78122544,Wisconsin Power & Light Co,HY,4053,HC1,1,NA,2.2,1926,Unknown,Unknown,NA,NA,NA,NA,0.4,1H,070700031906,55021
hc4092_p01,hc4092_p01_2,Kilbourn,43.6268126,-89.78122544,Wisconsin Power & Light Co,HY,4053,HC5,2,NA,2.5,1935,Unknown,Unknown,NA,NA,NA,NA,0.5,1H,070700031906,55021
hc4092_p01,hc4092_p01_3,Kilbourn,43.6268126,-89.78122544,Wisconsin Power & Light Co,HY,4053,HC6,3,NA,2.5,1937,Unknown,Unknown,NA,NA,NA,NA,0.5,1H,070700031906,55021
hc4092_p01,hc4092_p01_4,Kilbourn,43.6268126,-89.78122544,Wisconsin Power & Light Co,HY,4053,2,4,NA,2.5,1939,Unknown,Unknown,NA,NA,NA,NA,0.5,1H,070700031906,55021
hc4093_p01,hc4093_p01_2,Barron,45.40664833,-91.8596163,City of Barron - (WI),HY,4102,H2,2,NA,0.1,1923,Unknown,Unknown,NA,NA,NA,NA,0.1,10M,070500070206,55005
hc4094_p01,hc4094_p01_1,Merrillan,44.44775993,-90.84176184,Merrillan Village of,HY,4128,2,1,NA,0.1,1992,Unknown,Unknown,NA,NA,NA,NA,NA,NA,070400070802,55053
hc4095_p01,hc4095_p01_1,Muscoda,43.22355,-90.46626,Muscoda City of,HY,4129,1,1,NA,0.06,1934,Unknown,Unknown,NA,NA,NA,NA,NA,NA,070700051303,55103
hc4096_p01,hc4096_p01_2,Amistad Dam & Power,29.44995555,-101.0571498,International Bound & Wtr Comm,HY,6128,2,2,NA,33,1983,Unknown,Unknown,NA,NA,NA,NA,27,10M,1.308E+11,48465
hc4096_p01,hc4096_p01_1,Amistad Dam & Power,29.44995555,-101.0571498,International Bound & Wtr Comm,HY,6128,1,1,NA,33,1983,Unknown,Unknown,NA,NA,NA,NA,29,10M,1.308E+11,48465
hc4098_p01,hc4098_p01_1,Purple Lake,55.095168,-131.527119,Metlakatla Power & Light,HY,6302,1,1,NA,1.3,1956,Unknown,Unknown,NA,NA,NA,NA,0.2,10M,1.90101E+11,NA
hc4098_p01,hc4098_p01_2,Purple Lake,55.095168,-131.527119,Metlakatla Power & Light,HY,6302,2,2,NA,1.3,1956,Unknown,Unknown,NA,NA,NA,NA,0.2,10M,1.90101E+11,NA
hc4098_p01,hc4098_p01_3,Purple Lake,55.095168,-131.527119,Metlakatla Power & Light,HY,6302,3,3,NA,1.3,1962,Unknown,Unknown,NA,NA,NA,NA,0.2,10M,1.90101E+11,NA
hc4099_p01,hc4099_p01_1,Falcon Dam & Power,26.55850389,-99.16186042,International Bound & Wtr Comm,HY,6410,1,1,NA,10.5,1954,Unknown,Unknown,NA,NA,NA,NA,3,10M,1.309E+11,48427
hc4099_p01,hc4099_p01_2,Falcon Dam & Power,26.55850389,-99.16186042,International Bound & Wtr Comm,HY,6410,2,2,NA,10.5,1954,Unknown,Unknown,NA,NA,NA,NA,3,10M,1.309E+11,48427
hc4099_p01,hc4099_p01_3,Falcon Dam & Power,26.55850389,-99.16186042,International Bound & Wtr Comm,HY,6410,3,3,NA,10.5,1954,Unknown,Unknown,NA,NA,NA,NA,3,10M,1.309E+11,48427
hc4100_p01,hc4100_p01_1,Cedar Falls,47.41221,-121.7526,City of Seattle - (WA),HY,6430,5,1,NA,15,1921,Unknown,Unknown,NA,NA,NA,NA,0.2,12H,1.711E+11,53033
hc4100_p01,hc4100_p01_2,Cedar Falls,47.41221,-121.7526,City of Seattle - (WA),HY,6430,6,2,NA,15,1929,Unknown,Unknown,NA,NA,NA,NA,0.2,12H,1.711E+11,53033
hc4101_p01,hc4101_p01_1,Gorge 18,44.48994033,-73.16948473,Green Mountain Power Corp,HY,6475,1,1,NA,3,1928,Unknown,Unknown,NA,NA,NA,NA,0.3,10M,041504030704,50007
hc4102_p01,hc4102_p01_1,Wolcott,44.53743486,-72.44283406,Hardwick Town of,HY,6477,1,1,NA,1,1961,Unknown,Unknown,NA,NA,NA,NA,NA,NA,041504050104,50015
hc4103_p01,hc4103_p01_1,San Francisquito 1,34.53027895,-118.5225303,Los Angeles Department of Water & Power,HY,6479,3,1,NA,9.9,1917,Unknown,Pelton,NA,NA,940,92000,0.1,10M,1.80701E+11,06037
hc4103_p01,hc4103_p01_2,San Francisquito 1,34.53027895,-118.5225303,Los Angeles Department of Water & Power,HY,6479,4,2,NA,10.6,1923,Unknown,Unknown,NA,NA,NA,NA,0.1,10M,1.80701E+11,06037
hc4103_p01,hc4103_p01_3,San Francisquito 1,34.53027895,-118.5225303,Los Angeles Department of Water & Power,HY,6479,1A,3,NA,22.5,1983,Unknown,Unknown,NA,NA,NA,NA,0.1,10M,1.80701E+11,06037
hc4103_p01,hc4103_p01_4,San Francisquito 1,34.53027895,-118.5225303,Los Angeles Department of Water & Power,HY,6479,6,4,NA,22.5,1987,Unknown,Unknown,NA,NA,NA,NA,0.1,10M,1.80701E+11,06037
hc4103_p02,hc4103_p02_1,San Francisquito 2,34.53027895,-118.5225303,Los Angeles Department of Water & Power,HY,6480,1,1,NA,14,1920,Unknown,Pelton,NA,NA,530,62000,0.1,10M,1.80701E+11,06037
hc4103_p02,hc4103_p02_2,San Francisquito 2,34.53027895,-118.5225303,Los Angeles Department of Water & Power,HY,6480,2,2,NA,14,1920,Unknown,Pelton,NA,NA,530,62000,0.1,1H,1.80701E+11,06037
hc4103_p02,hc4103_p02_3,San Francisquito 2,34.53027895,-118.5225303,Los Angeles Department of Water & Power,HY,6480,3,3,NA,18,1932,Unknown,Unknown,NA,NA,NA,NA,0.1,10M,1.80701E+11,06037
hc4105_p01,hc4105_p01_1,Bend,44.06181,-121.3142,PacifiCorp,HY,6484,1,1,NA,0.2,1913,Unknown,Unknown,NA,NA,NA,NA,0,10M,1.70703E+11,41017
hc4105_p01,hc4105_p01_2,Bend,44.06181,-121.3142,PacifiCorp,HY,6484,2,2,NA,0.3,1916,Unknown,Unknown,NA,NA,NA,NA,0,10M,1.70703E+11,41017
hc4105_p01,hc4105_p01_3,Bend,44.06181,-121.3142,PacifiCorp,HY,6484,3,3,NA,0.6,1917,Unknown,Unknown,NA,NA,NA,NA,0,10M,1.70703E+11,41017
hc4106_p01,hc4106_p01_1,Drop 2,46.448828,-120.534235,Yakama Power,HY,6507,1,1,NA,2.5,1942,Unknown,Unknown,NA,NA,NA,NA,0.8,1H,1.703E+11,53077
hc4107_p01,hc4107_p01_1,Drop 3,46.423149,-120.560054,Yakama Power,HY,6508,1,1,NA,0.8,1932,Unknown,Unknown,NA,NA,NA,NA,0.2,1H,1.703E+11,53077
hc4107_p01,hc4107_p01_2,Drop 3,46.423149,-120.560054,Yakama Power,HY,6508,2,2,NA,0.8,1932,Unknown,Unknown,NA,NA,NA,NA,0.2,1H,1.703E+11,53077
hc4108_p01,hc4108_p01_1,Fleish,39.481019,-119.992729,Truckee Meadows Water Authority,HY,6513,1,1,NA,2.5,1914,Unknown,Francis,Platt Iron Works,300,124,3400,0.2,12H,1.60501E+11,32031
hc4109_p01,hc4109_p01_1,Verdi,39.523879,-119.980544,Truckee Meadows Water Authority,HY,6531,1,1,NA,2.4,1911,Unknown,Francis,Allis-Chalmers,277,96,3200,0.2,12H,1.60501E+11,32031
hc4110_p01,hc4110_p01_1,Washoe,39.506218,-119.93455,Truckee Meadows Water Authority,HY,6532,1,1,NA,1.3,1904,Unknown,Francis,New American Dayton Globe Iron Works,360,88,1200,0.2,12H,1.60501E+11,32031
hc4110_p01,hc4110_p01_2,Washoe,39.506218,-119.93455,Truckee Meadows Water Authority,HY,6532,2,2,NA,1.3,1904,Unknown,Francis,New American Dayton Globe Iron Works,361,89,1200,0.2,12H,1.60501E+11,32031
hc4112_p01,hc4112_p01_1,Sawtelle,34.10640468,-118.4536647,Los Angeles City of,HY,7077,1,1,NA,0.64,1986,Unknown,Unknown,NA,NA,NA,NA,NA,NA,1.80701E+11,06037
hc4113_p01,hc4113_p01_1,Chester Lake,55.118833,-131.530638,Metlakatla Power & Light,HY,7168,1,1,NA,1.3,1988,Unknown,Unknown,NA,NA,NA,NA,0.2,10M,1.90101E+11,NA
hc4114_p01,hc4114_p01_1,Headgate Rock,34.16878908,-114.2768217,Colorado River Indian Irr Proj,HY,7179,1,1,NA,6.5,1993,Unknown,Unknown,NA,NA,NA,NA,1,1H,1.50301E+11,04012
hc4114_p01,hc4114_p01_2,Headgate Rock,34.16878908,-114.2768217,Colorado River Indian Irr Proj,HY,7179,2,2,NA,6.5,1993,Unknown,Unknown,NA,NA,NA,NA,1,1H,1.50301E+11,04012
hc4114_p01,hc4114_p01_3,Headgate Rock,34.16878908,-114.2768217,Colorado River Indian Irr Proj,HY,7179,3,3,NA,6.5,1993,Unknown,Unknown,NA,NA,NA,NA,1,1H,1.50301E+11,04012
hc4115_p01,hc4115_p01_1,Pardeeville Hydro,43.54463873,-89.3005923,Pardeeville Village of,HY,7390,W875,1,NA,0.05,1945,Unknown,Unknown,NA,NA,NA,NA,NA,NA,040302010102,55021
hc4116_p01,hc4116_p01_1,Mahoona Lake,57.9232,-152.4819,Ouzinkie City of,HY,7410,1,1,NA,0.135,1988,Unknown,Unknown,NA,NA,NA,NA,NA,NA,1.90207E+11,NA
hc4117_p01,hc4117_p01_1,Kodak Park Site,43.14667,-77.73333,"RED-Rochester, LLC",HY,10025,KPR1,1,NA,0.4,1957,Unknown,Unknown,NA,NA,NA,NA,0.1,12H,041300030701,36055
hc4118_p01,hc4118_p01_1,Kalaheo Hydro,21.936075,-159.528581,BBCP Kauai Operating LLC,HY,10412,KPH1,1,NA,2,2016,Unknown,Unknown,NA,NA,NA,NA,0.2,1H,2.007E+11,NA
hc4119_p01,hc4119_p01_2,LAC Courte Oreilles Hydroelect,45.88848293,-90.87932077,Renewable World Energies LLC,HY,10453,U2,2,NA,1.6,1986,Unknown,Unknown,NA,NA,NA,NA,0.3,10M,070500010503,55113
hc4119_p01,hc4119_p01_3,LAC Courte Oreilles Hydroelect,45.88848293,-90.87932077,Renewable World Energies LLC,HY,10453,U3,3,NA,1.6,1986,Unknown,Unknown,NA,NA,NA,NA,0.3,10M,070500010503,55113
hc4119_p01,hc4119_p01_1,LAC Courte Oreilles Hydroelect,45.88848293,-90.87932077,Renewable World Energies LLC,HY,10453,U1,1,NA,0.2,1986,Unknown,Unknown,NA,NA,NA,NA,0,10M,070500010503,55113
hc4120_p01,hc4120_p01_1,WoodlandMill,45.15805,-67.40166,Woodland Pulp LLC,HY,10613,HG4,1,NA,0.8,1906,Unknown,Unknown,NA,NA,NA,NA,0.7,10M,010500010802,23029
hc4120_p01,hc4120_p01_2,WoodlandMill,45.15805,-67.40166,Woodland Pulp LLC,HY,10613,HG5,2,NA,0.8,1906,Unknown,Unknown,NA,NA,NA,NA,0.7,10M,010500010802,23029
hc4120_p01,hc4120_p01_3,WoodlandMill,45.15805,-67.40166,Woodland Pulp LLC,HY,10613,HG6,3,NA,0.8,1906,Unknown,Unknown,NA,NA,NA,NA,0.7,10M,010500010802,23029
hc4120_p01,hc4120_p01_5,WoodlandMill,45.15805,-67.40166,Woodland Pulp LLC,HY,10613,HG2,5,NA,3,1912,Unknown,Unknown,NA,NA,NA,NA,0.7,10M,010500010802,23029
hc4120_p01,hc4120_p01_7,WoodlandMill,45.15805,-67.40166,Woodland Pulp LLC,HY,10613,HG10,7,NA,1.2,1970,Unknown,Unknown,NA,NA,NA,NA,0.7,10M,010500010802,23029
hc4120_p01,hc4120_p01_8,WoodlandMill,45.15805,-67.40166,Woodland Pulp LLC,HY,10613,HG7,8,NA,1.6,1970,Unknown,Unknown,NA,NA,NA,NA,0.7,10M,010500010802,23029
hc4120_p01,hc4120_p01_9,WoodlandMill,45.15805,-67.40166,Woodland Pulp LLC,HY,10613,HG8,9,NA,2,1970,Unknown,Unknown,NA,NA,NA,NA,0.7,10M,010500010802,23029
hc4120_p01,hc4120_p01_10,WoodlandMill,45.15805,-67.40166,Woodland Pulp LLC,HY,10613,HG9,10,NA,2,1970,Unknown,Unknown,NA,NA,NA,NA,0.7,10M,010500010802,23029
hc4120_p01,hc4120_p01_4,WoodlandMill,45.15805,-67.40166,Woodland Pulp LLC,HY,10613,HG1,4,NA,3,1912,Unknown,Unknown,NA,NA,NA,NA,1.5,10M,010500010802,23029
hc4120_p01,hc4120_p01_6,WoodlandMill,45.15805,-67.40166,Woodland Pulp LLC,HY,10613,HG3,6,NA,3.3,1929,Unknown,Unknown,NA,NA,NA,NA,1.5,10M,010500010802,23029
hc4124_p01,hc4124_p01_1,China Mill Hydro,43.1300874,-71.45608053,New Hampshire Hydro Associates,HY,50103,GEN 1,1,NA,1.7,1981,Unknown,Unknown,NA,NA,NA,NA,0,1H,010700060503,33013
hc4126_p01,hc4126_p01_1,Spartanburg Water System,35.11099728,-81.97025485,Spartanburg Commissioners PW,HY,54675,HG1,1,NA,0.5,1926,Unknown,Francis,S. Morgan Smith,NA,NA,NA,0.4,1H,030501051302,45083
hc4126_p01,hc4126_p01_2,Spartanburg Water System,35.11099728,-81.97025485,Spartanburg Commissioners PW,HY,54675,HG2,2,NA,0.5,1926,Unknown,Francis,S. Morgan Smith,NA,NA,NA,0.4,1H,030501051302,45083
hc4127_p01,hc4127_p01_1,Puueo,19.726334,-155.090846,Hawaii Electric Light Co Inc,HY,771,1,1,NA,0.7,1918,Unknown,Unknown,NA,NA,NA,NA,0.1,1H,2.001E+11,NA
hc4127_p01,hc4127_p01_2,Puueo,19.726334,-155.090846,Hawaii Electric Light Co Inc,HY,771,2A,2,NA,2.4,2005,Unknown,Pelton,Turgo,NA,NA,NA,0.3,1H,2.001E+11,NA
hc4128_p01,hc4128_p01_1,Waiau,19.720277,-155.118854,Hawaii Electric Light Co Inc,HY,774,1,1,NA,0.7,1921,Unknown,Unknown,NA,NA,NA,NA,0.1,1H,2.001E+11,NA
hc4128_p01,hc4128_p01_2,Waiau,19.720277,-155.118854,Hawaii Electric Light Co Inc,HY,774,2,2,NA,0.3,1928,Unknown,Unknown,NA,NA,NA,NA,0.1,1H,2.001E+11,NA
hc4129_p01,hc4129_p01_6,Delta Creek,55.118612,-162.315473,City of King Cove,HY,7493,6,6,NA,0.4,2017,Unknown,Unknown,NA,NA,NA,NA,0.2,10M,1.90301E+11,NA
hc4129_p01,hc4129_p01_5,Delta Creek,55.118612,-162.315473,City of King Cove,HY,7493,5,5,NA,0.8,1995,Unknown,Unknown,NA,NA,NA,NA,0.1,10M,1.90301E+11,NA
hc4130_p01,hc4130_p01_1,Wainiha,22.196217,-159.556136,BBCP Kauai Operating LLC,HY,10413,WAIA,1,NA,1.8,1906,Unknown,Unknown,NA,NA,NA,NA,0.2,10M,2.007E+11,NA
hc4130_p01,hc4130_p01_2,Wainiha,22.196217,-159.556136,BBCP Kauai Operating LLC,HY,10413,WAIB,2,NA,1.8,1910,Unknown,Unknown,NA,NA,NA,NA,0.2,10M,2.007E+11,NA
hc4131_p01,hc4131_p01_1,Hamakua Hydro,20.87876806,-156.3295547,Hawaiian Commercial and Sugar Company,HY,10604,HHYD,1,NA,0.5,1983,Unknown,Unknown,NA,NA,NA,NA,NA,NA,2.002E+11,NA
hc4132_p01,hc4132_p01_1,Olokele Ditch,22.00074306,-159.6116544,Gay & Robinson Inc,HY,50333,HYD2,1,NA,1.2,1982,Unknown,Unknown,NA,NA,NA,NA,0.2,12H,2.007E+11,NA
hc4132_p01,hc4132_p01_2,Olokele Ditch,22.00074306,-159.6116544,Gay & Robinson Inc,HY,50333,HYD3,2,NA,6.5,2019,Unknown,Unknown,NA,NA,NA,NA,0.5,1H,2.007E+11,NA
hc4133_p01,hc4133_p01_1,Wailuku,19.71299,-155.148578,Wailuku Holding Company LLC,HY,54827,8101,1,NA,5.2,1993,Unknown,Unknown,NA,NA,NA,NA,0.1,10M,2.001E+11,NA
hc4133_p01,hc4133_p01_2,Wailuku,19.71299,-155.148578,Wailuku Holding Company LLC,HY,54827,8102,2,NA,5.2,1993,Unknown,Unknown,NA,NA,NA,NA,0.1,10M,2.001E+11,NA
hc4134_p01,hc4134_p01_1,Waiahi Hydro (Upper),22.02196333,-159.4644247,Lihue Plantation Co Ltd,HY,10073,GEN2,1,NA,0.5,1930,Unknown,Unknown,NA,NA,NA,NA,NA,NA,2.007E+11,NA
hc4134_p02,hc4134_p02_1,Waiahi Hydro (Lower),22.0185125,-159.4441311,Lihue Plantation Co Ltd,HY,10073,GEN3,1,NA,0.8,1941,Unknown,Unknown,NA,NA,NA,NA,NA,NA,2.007E+11,NA
hc4135_p01,hc4135_p01_1,South Fork Black Bear,55.55,-132.9,Alaska Power and Telephone Co,HY,56265,1,1,NA,2,2005,Unknown,Pelton,Turgo,NA,NA,NA,0.8,1H,1.90101E+11,NA
hc4136_p01,hc4136_p01_1,Kaheka Hydro,20.88870556,-156.3566386,Mahi Pono LLC,HY,55864,KAH1,1,NA,1.5,1925,Unknown,Unknown,NA,NA,NA,NA,0.2,10M,2.002E+11,NA
hc4136_p01,hc4136_p01_2,Kaheka Hydro,20.88870556,-156.3566386,Mahi Pono LLC,HY,55864,KAH2,2,NA,1.5,1925,Unknown,Unknown,NA,NA,NA,NA,0.2,10M,2.002E+11,NA
hc4136_p01,hc4136_p01_3,Kaheka Hydro,20.88870556,-156.3566386,Mahi Pono LLC,HY,55864,KAH3,3,NA,1.5,1925,Unknown,Unknown,NA,NA,NA,NA,0.2,10M,2.002E+11,NA
hc4137_p01,hc4137_p01_1,Paia Hydro,20.90362,-156.369572,Mahi Pono LLC,HY,58277,PAH1,1,NA,1.3,1912,Unknown,Unknown,NA,NA,NA,NA,0.2,1H,2.002E+11,NA
hc4139_p01,hc4139_p01_1,Redwood Falls,44.5431,-95.1178,Redwood Falls Public Util Comm,HY,2009,8,1,NA,0.5,2013,Unknown,Unknown,NA,NA,NA,NA,0.1,1H,070200060704,27127
hc4140_p01,hc4140_p01_1,Nooksack,48.9059,-121.80755,Puget Sound Hydro LLC,HY,58696,GEN1,1,NA,1.5,1906,Unknown,Unknown,NA,NA,NA,NA,0.4,1H,1.711E+11,53073
hc7001_p01,hc7001_p01_1,Chignik,56.2867,-158.4233,"Norquest Seafoods, Inc.",HY,NA,NA,1,01 - Chignik,0.06,NA,Unknown,Pelton,Gilbert Gilkes And Gordon,NA,NA,80,NA,NA,1.90207E+11,NA
hc7003_p01,hc7003_p01_1,Trinity,48.082566,-120.852939,"Trinity Conservancy, Inc.",HY,NA,NA,1,01 - Trinity,0.24,1923,Unknown,Pelton,NA,NA,NA,390,NA,NA,1.702E+11,53007
hc7004_p01,hc7004_p01_1,Ouray,38.0084,-107.6645,Eric Jacobson,HY,NA,NA,1,01 - Ouray,0.1,NA,Unknown,Pelton,NA,NA,NA,NA,NA,NA,1.402E+11,08091
hc7004_p01,hc7004_p01_2,Ouray,38.0084,-107.6645,Eric Jacobson,HY,NA,NA,2,01 - Ouray,0.1,NA,Unknown,Pelton,NA,NA,NA,NA,NA,NA,1.402E+11,08091
hc7004_p01,hc7004_p01_3,Ouray,38.0084,-107.6645,Eric Jacobson,HY,NA,NA,3,01 - Ouray,0.1,NA,Unknown,Pelton,NA,NA,NA,NA,NA,NA,1.402E+11,08091
hc7004_p01,hc7004_p01_4,Ouray,38.0084,-107.6645,Eric Jacobson,HY,NA,NA,4,01 - Ouray,0.45,NA,Unknown,Pelton,NA,NA,NA,NA,NA,NA,1.402E+11,08091
hc7006_p01,hc7006_p01_1,Upper Swift,42.7417,-110.8832,Swift Creek Power Company,HY,NA,NA,1,01 - Upper Swift,0.4,1940,Unknown,Francis,James Leffel & Co.,NA,193,540,NA,NA,1.70401E+11,56023
hc7006_p01,hc7006_p01_2,Upper Swift,42.7417,-110.8832,Swift Creek Power Company,HY,NA,NA,2,01 - Upper Swift,0.4,1940,Unknown,Francis,James Leffel & Co.,NA,193,540,NA,NA,1.70401E+11,56023
hc7007_p01,hc7007_p01_1,Fire Mountain Lodge No. 2,40.3063,-121.411,Ken Willis,HY,NA,NA,1,01 - Fire Mountain Lodge,0.05,NA,Unknown,Unknown,NA,NA,NA,NA,NA,NA,1.80202E+11,06103
hc7008_p01,hc7008_p01_1,Vermilion,37.3699,-118.9873,Southern California Edison Company,HY,NA,NA,1,01 - Vermilion,0.003,1997,Unknown,Pelton,NA,NA,50,5,NA,NA,1.804E+11,06019
hc7009_p01,hc7009_p01_1,Grandmother,45.3667,-89.7283,PCA Hydro Inc.,HY,NA,NA,1,01 - Grandmother,1,NA,Unknown,Francis,Allis-Chalmers,NA,19,1500,NA,NA,070700020402,55069
hc7009_p01,hc7009_p01_2,Grandmother,45.3667,-89.7283,PCA Hydro Inc.,HY,NA,NA,2,01 - Grandmother,1,NA,Unknown,Francis,Allis-Chalmers,NA,19,1500,NA,NA,070700020402,55069
hc7009_p01,hc7009_p01_3,Grandmother,45.3667,-89.7283,PCA Hydro Inc.,HY,NA,NA,3,01 - Grandmother,1,NA,Unknown,Francis,Allis-Chalmers,NA,19,1500,NA,NA,070700020402,55069
hc7010_p01,hc7010_p01_1,Pixley,45.88,-90.5117,"Flambeau Hydro, Llc",HY,NA,NA,1,01 - Pixley,0.48,NA,Unknown,Unknown,S. Morgan Smith,180,NA,800,NA,NA,070500020504,55099
hc7010_p01,hc7010_p01_2,Pixley,45.88,-90.5117,"Flambeau Hydro, Llc",HY,NA,NA,2,01 - Pixley,0.48,NA,Unknown,Unknown,S. Morgan Smith,180,NA,800,NA,NA,070500020504,55099
hc7011_p01,hc7011_p01_1,West Springfield,42.099,-72.648,"A & D Hydro, Inc.",HY,NA,NA,1,01 - West Springfield,0.5,1930,Unknown,Francis,Rodney Hunt,NA,31,625,NA,NA,010802060305,25013
hc7011_p01,hc7011_p01_2,West Springfield,42.099,-72.648,"A & D Hydro, Inc.",HY,NA,NA,2,01 - West Springfield,0.9,1930,Unknown,Francis,Rodney Hunt,NA,32,1268,NA,NA,010802060305,25013
hc7013_p01,hc7013_p01_1,Glendale,42.2789,-73.3513,"Littleville Power Company, Inc.",HY,69671,NA,1,01 - Glendale,0,1995,Unknown,Unknown,NA,NA,NA,NA,NA,NA,011000050107,25003
hc7013_p01,hc7013_p01_2,Glendale,42.2789,-73.3513,"Littleville Power Company, Inc.",HY,69671,NA,2,01 - Glendale,0.298,1995,Unknown,Kaplan,Canadian Hydro Components,NA,11,380,NA,NA,011000050107,25003
hc7013_p01,hc7013_p01_3,Glendale,42.2789,-73.3513,"Littleville Power Company, Inc.",HY,69671,NA,3,01 - Glendale,0.298,1995,Unknown,Kaplan,Canadian Hydro Components,NA,11,380,NA,NA,011000050107,25003
hc7013_p01,hc7013_p01_4,Glendale,42.2789,-73.3513,"Littleville Power Company, Inc.",HY,69671,NA,4,01 - Glendale,0.298,1995,Unknown,Kaplan,Canadian Hydro Components,NA,11,380,NA,NA,011000050107,25003
hc7013_p01,hc7013_p01_5,Glendale,42.2789,-73.3513,"Littleville Power Company, Inc.",HY,69671,NA,5,01 - Glendale,0.298,1995,Unknown,Kaplan,Canadian Hydro Components,NA,11,380,NA,NA,011000050107,25003
hc7014_p01,hc7014_p01_1,Mason,44.457,-69.0068,"Goose River Hydro, Inc.",HY,NA,NA,1,01 - Masons,0.045,1986,Unknown,Unknown,NA,NA,NA,NA,NA,NA,010500021802,23027
hc7014_p01,hc7014_p01_2,Mason,44.457,-69.0068,"Goose River Hydro, Inc.",HY,NA,NA,2,01 - Masons,0.045,1986,Unknown,Unknown,NA,NA,NA,NA,NA,NA,010500021802,23027
hc7015_p01,hc7015_p01_1,Mill,44.4438,-68.9996,"Goose River Hydro, Inc.",HY,NA,NA,1,01 - Mill,0.094,1986,Unknown,Unknown,NA,NA,NA,NA,NA,NA,010500021802,23027
hc7017_p01,hc7017_p01_1,Potsdam - East Dam,44.6689,-74.9888,"Village of Potsdam, NY",HY,NA,NA,1,01 - Potsdam,0.4,1983,Unknown,Kaplan,Axel Johnson,NA,10,540,NA,NA,041503050703,36089
hc7017_p01,hc7017_p01_2,Potsdam - East Dam,44.6689,-74.9888,"Village of Potsdam, NY",HY,NA,NA,2,01 - Potsdam,0.4,1983,Unknown,Kaplan,Axel Johnson,NA,10,540,NA,NA,041503050703,36089
hc7017_p02,hc7017_p02_1,Potsdam - West Dam,44.6677,-74.9901,"Village of Potsdam, NY",HY,NA,NA,1,01 - West Dam Powerhouse,0.7,1983,Unknown,Unknown,NA,NA,NA,NA,NA,NA,041503050703,36089
hc7019_p01,hc7019_p01_1,Crescent Mills,42.2214,-72.8598,"Littleville Power Company, Inc.",HY,NA,NA,1,01 - Crescent,1.5,1985,Unknown,Kaplan,Axel Johnson,NA,32.5,2300,NA,NA,010802060301,25013
hc7020_p01,hc7020_p01_1,Cornwell,41.41,-123.4697,Howard and Verna Jean Cornwell,HY,NA,NA,1,01 - Cornwell,0.012,1983,Unknown,Pelton,Platt Iron Works,NA,NA,NA,NA,NA,1.80102E+11,06093
hc7021_p01,hc7021_p01_1,Centennial Island,42.6293,-71.2984,Centennial Island Hydroelectric Company,HY,NA,NA,1,01 - Centennial Island,0.64,1990,Unknown,Kaplan,S. Morgan Smith,NA,22,950,NA,NA,010700050206,25017
hc7023_p01,hc7023_p01_1,Tyee Lake Hydroelectric Facility,56.2153,-131.5106,Southeast Alaska Power Agency,HY,61166,UNIT1,1,01 - Tyee Lake,11.3,1983,Unknown,Pelton,Escherwyss,NA,1306,16750,2,10M,1.90101E+11,NA
hc7023_p01,hc7023_p01_2,Tyee Lake Hydroelectric Facility,56.2153,-131.5106,Southeast Alaska Power Agency,HY,61166,UNIT2,2,01 - Tyee Lake,11.3,1983,Unknown,Pelton,Escherwyss,NA,1306,16750,2,10M,1.90101E+11,NA
hc7024_p01,hc7024_p01_1,Jetty Lake,56.3,-134.6833,"Armstrong-Keta, Inc.",HY,NA,NA,1,01 - Jetty Lake,0.054,2000,Unknown,Francis,NA,NA,NA,NA,NA,NA,1.90102E+11,NA
hc7024_p01,hc7024_p01_2,Jetty Lake,56.3,-134.6833,"Armstrong-Keta, Inc.",HY,NA,NA,2,01 - Jetty Lake,0.054,2000,Unknown,Francis,NA,NA,NA,NA,NA,NA,1.90102E+11,NA
hc7024_p01,hc7024_p01_3,Jetty Lake,56.3,-134.6833,"Armstrong-Keta, Inc.",HY,NA,NA,3,01 - Jetty Lake,0.054,2003,Unknown,Francis,NA,NA,NA,NA,NA,NA,1.90102E+11,NA
hc7025_p01,hc7025_p01_1,Kelley's Falls,42.9935,-71.4962,"KELLEY'S FALLS, LLC",HY,NA,NA,1,01 - Kelley's Falls,0.45,1985,Unknown,Francis,Kvaerner,NA,22,600,NA,NA,010700060607,33011
hc7026_p01,hc7026_p01_1,Central Falls,41.9011,-71.3898,"Gelardin/Bruner/Cott, Inc.",HY,NA,NA,1,01 - Central Falls,0.35,1983,Unknown,Kaplan,NA,NA,14,576,NA,NA,010900030208,44007
hc7026_p01,hc7026_p01_2,Central Falls,41.9011,-71.3898,"Gelardin/Bruner/Cott, Inc.",HY,NA,NA,2,01 - Central Falls,0.35,1983,Unknown,Kaplan,NA,NA,14,576,NA,NA,010900030208,44007
hc7027_p01,hc7027_p01_1,Virginia Ranch,39.3236,-121.3097,Browns Valley Irrigation District,HY,NA,NA,1,01 - Virginia Ranch Dam,0.05,1984,Unknown,Francis,Yueqing Machinery,NA,100,84,NA,NA,1.80201E+11,06115
hc7027_p01,hc7027_p01_2,Virginia Ranch,39.3236,-121.3097,Browns Valley Irrigation District,HY,NA,NA,2,01 - Virginia Ranch Dam,0.95,1984,Unknown,Francis,Hangzhou,NA,100,1267,NA,NA,1.80201E+11,06115
hc7028_p01,hc7028_p01_1,Brockways Mills,43.2087192,-72.5170421,"AMPERSAND BROCKWAY MILLS HYDRO, LLC",HY,NA,NA,1,01 - Brockways Mills,0.7,2000,Unknown,Kaplan,Ossberger,NA,NA,752,NA,NA,010801060603,50025
hc7029_p01,hc7029_p01_1,Barton Dam,42.3083,-83.7543,"Ann Arbor, City of",HY,NA,NA,1,01 - Barton Powerhouse,0.9,1985,Unknown,Kaplan,Voest,NA,23.5,1206,NA,NA,040900050309,26161
hc7030_p01,hc7030_p01_1,Superior Dam,42.2655,-83.6442,"Ann Arbor, City of",HY,NA,NA,1,01 - Superior,0.9,1986,Unknown,Kaplan,Voest,NA,14,763.8,NA,NA,040900050403,26161
hc7031_p01,hc7031_p01_1,Graeagle Diversion,39.7483,-120.6443,"Henwood Energy Services, Inc.",HY,NA,NA,1,01 - Graeagle,0.36,1988,Unknown,Unknown,NA,NA,NA,NA,NA,NA,1.80201E+11,06063
hc7032_p01,hc7032_p01_1,Campton Hydro Station,43.8622,-71.6325,Mad River Power Associates,HY,NA,NA,1,01 - Campton,0.236,1985,Unknown,Pump,Flygt,NA,37,315,NA,NA,010700010401,33009
hc7032_p01,hc7032_p01_2,Campton Hydro Station,43.8622,-71.6325,Mad River Power Associates,HY,NA,NA,2,01 - Campton,0.236,1985,Unknown,Pump,Flygt,NA,37,315,NA,NA,010700010401,33009
hc7032_p01,hc7032_p01_3,Campton Hydro Station,43.8622,-71.6325,Mad River Power Associates,HY,NA,NA,3,01 - Campton,0.167,1986,Unknown,Pump,Rodney Hunt,NA,37,250,NA,NA,010700010401,33009
hc7033_p01,hc7033_p01_1,Steels Pond,43.0804,-71.9681,"Steels Pond Hydro, Inc. & NH DES, Water Division, Dam Bureau",HY,NA,NA,1,01 - Steels Pond,0.125,1984,Unknown,Kaplan,Essex Turbine,NA,86,166,NA,NA,010700030204,33011
hc7033_p01,hc7033_p01_2,Steels Pond,43.0804,-71.9681,"Steels Pond Hydro, Inc. & NH DES, Water Division, Dam Bureau",HY,NA,NA,2,01 - Steels Pond,0.125,1984,Unknown,Kaplan,Essex Turbine,NA,86,166,NA,NA,010700030204,33011
hc7033_p01,hc7033_p01_3,Steels Pond,43.0804,-71.9681,"Steels Pond Hydro, Inc. & NH DES, Water Division, Dam Bureau",HY,NA,NA,3,01 - Steels Pond,0.125,1984,Unknown,Kaplan,Essex Turbine,NA,86,166,NA,NA,010700030204,33011
hc7033_p01,hc7033_p01_4,Steels Pond,43.0804,-71.9681,"Steels Pond Hydro, Inc. & NH DES, Water Division, Dam Bureau",HY,NA,NA,4,01 - Steels Pond,0.3,1984,Unknown,Kaplan,Essex Turbine,NA,86,400,NA,NA,010700030204,33011
hc7033_p01,hc7033_p01_5,Steels Pond,43.0804,-71.9681,"Steels Pond Hydro, Inc. & NH DES, Water Division, Dam Bureau",HY,NA,NA,5,01 - Steels Pond,0.3,1984,Unknown,Kaplan,Essex Turbine,NA,86,400,NA,NA,010700030204,33011
hc7034_p01,hc7034_p01_1,Ballard Mill,44.8455,-74.2805,"ECOSPONSIBLE, LLC",HY,NA,NA,1,01 - Ballard Mill,0.275,1986,Unknown,Kaplan,Holyoke,NA,11,466,NA,NA,041503070104,36033
hc7035_p01,hc7035_p01_1,Chittenden Falls,42.3333,-73.7447,Chittenden Falls Hydro Power  Inc. & Chittenden Falls Dam,HY,NA,NA,1,01 - Chittenden Falls - East,0.15,1928,Unknown,Francis,James Leffel & Co.,NA,34,178,NA,NA,020200060609,36021
hc7035_p01,hc7035_p01_2,Chittenden Falls,42.3333,-73.7447,Chittenden Falls Hydro Power  Inc. & Chittenden Falls Dam,HY,NA,NA,2,01 - Chittenden Falls - East,0.4,1928,Unknown,Francis,James Leffel & Co.,NA,32,440,NA,NA,020200060609,36021
hc7035_p01,hc7035_p01_3,Chittenden Falls,42.3333,-73.7447,Chittenden Falls Hydro Power  Inc. & Chittenden Falls Dam,HY,NA,NA,3,02 - Chittenden Falls - West,0.3,1989,Unknown,Kaplan,Essex Turbine,NA,32,400,NA,NA,020200060609,36021
hc7036_p01,hc7036_p01_1,Burnshire,38.8767,-78.4673,"Gilbert, Britt & Scully, Thomas&john Iii",HY,NA,NA,1,01 - South Powerhouse,0.05,NA,Unknown,Unknown,NA,NA,NA,NA,NA,NA,020700060501,51171
hc7036_p01,hc7036_p01_2,Burnshire,38.8767,-78.4673,"Gilbert, Britt & Scully, Thomas&john Iii",HY,NA,NA,2,01 - South Powerhouse,0.091,NA,Unknown,Unknown,NA,NA,NA,NA,NA,NA,020700060501,51171
hc7036_p01,hc7036_p01_3,Burnshire,38.8767,-78.4673,"Gilbert, Britt & Scully, Thomas&john Iii",HY,NA,NA,3,01 - South Powerhouse,0.091,NA,Unknown,Unknown,NA,NA,NA,NA,NA,NA,020700060501,51171
hc7037_p01,hc7037_p01_1,Nash Mill,43.0978,-72.1999,"Marlow Hydro, LLC",HY,NA,NA,1,01 - Nash Mill,0.075,1984,Unknown,Kaplan,Hydrolec,NA,38,100,NA,NA,010802010102,33005
hc7037_p01,hc7037_p01_2,Nash Mill,43.0978,-72.1999,"Marlow Hydro, LLC",HY,NA,NA,2,01 - Nash Mill,0.1,1993,Unknown,Kaplan,Ossberger,NA,38,133,NA,NA,010802010102,33005
hc7037_p01,hc7037_p01_3,Nash Mill,43.0978,-72.1999,"Marlow Hydro, LLC",HY,NA,NA,3,01 - Nash Mill,0.037,2002,Unknown,Kaplan,Unknown,NA,38,50,NA,NA,010802010102,33005
hc7038_p01,hc7038_p01_1,Sugar River I,43.3665,-72.1629,William B. Ruger,HY,NA,NA,1,01 - Sugar River I,0.15,1986,Unknown,Francis,Rodney Hunt,NA,19,200,NA,NA,010801060405,33019
hc7038_p02,hc7038_p02_1,Sugar River II,43.3645,-72.165499,William B. Ruger,HY,NA,NA,1,01 - Sugar River Ii,0.2,NA,Unknown,Unknown,NA,NA,18,NA,NA,NA,010801060405,33019
hc7039_p01,hc7039_p01_1,Walker Mill Dam,37.7875,-78.6994,"Hydro-WM, LLC",HY,NA,NA,1,01 - Walker  Mill,0.1,1985,Unknown,Francis,Holyoke,NA,30,133,NA,NA,020802031002,51125
hc7039_p01,hc7039_p01_2,Walker Mill Dam,37.7875,-78.6994,"Hydro-WM, LLC",HY,NA,NA,2,01 - Walker  Mill,0.14,1985,Unknown,Francis,Holyoke,NA,30,187,NA,NA,020802031002,51125
hc7040_p01,hc7040_p01_1,Boyne River,45.1958,-84.952,Boyne USA Inc,HY,NA,NA,1,01 - Boyne River,0.25,1980,Unknown,Kaplan,James Leffel & Co.,NA,640.5,250,NA,NA,040601050205,26029
hc7041_p01,hc7041_p01_1,Woods Lake,39.434,-106.6135,Woods Lake Hydro,HY,NA,NA,1,01 - Woods Lake,0.045,1937,Unknown,Pelton,NA,NA,144,NA,NA,NA,1.403E+11,08037
hc7042_p01,hc7042_p01_1,Rocky Gorge Upper,43.2193,-70.7979,Rocky Gorge Corporation,HY,NA,NA,1,01 - Rocky Gorge Upper,0.08,1984,Unknown,Pump,Flygt,NA,NA,110,NA,NA,010600030402,23031
hc7042_p01,hc7042_p01_2,Rocky Gorge Upper,43.2193,-70.7979,Rocky Gorge Corporation,HY,NA,NA,2,02 - Rocky Gorge Lower,0.235,1984,Unknown,Pump,Flygt,NA,NA,315,NA,NA,010600030402,23031
hc7042_p01,hc7042_p01_3,Rocky Gorge Upper,43.2193,-70.7979,Rocky Gorge Corporation,HY,NA,NA,3,02 - Rocky Gorge Lower,0.235,1984,Unknown,Pump,Flygt,NA,NA,315,NA,NA,010600030402,23031
hc7043_p01,hc7043_p01_1,Capitola,35.7948,-82.6803,French Broad Electric Membership Coop,HY,NA,NA,1,01 - Capitola,1.5,1985,Unknown,Kaplan,Axel Johnson,NA,NA,NA,NA,NA,060101051102,37115
hc7043_p01,hc7043_p01_2,Capitola,35.7948,-82.6803,French Broad Electric Membership Coop,HY,NA,NA,2,01 - Capitola,1.5,1985,Unknown,Kaplan,Axel Johnson,NA,NA,NA,NA,NA,060101051102,37115
hc7044_p01,hc7044_p01_1,Lower Lisbon,44.2143,-71.9113,White Mountain Hydroelectric Corporation,HY,NA,NA,1,01 - Lisbon,0.325,1986,Unknown,Kaplan,S. Morgan Smith,NA,16,434,NA,NA,010801030503,33009
hc7044_p01,hc7044_p01_2,Lower Lisbon,44.2143,-71.9113,White Mountain Hydroelectric Corporation,HY,NA,NA,2,01 - Lisbon,0.35,1986,Unknown,Francis,S. Morgan Smith,NA,16,467,NA,NA,010801030503,33009
hc7045_p01,hc7045_p01_1,Wyre - Wynd,41.6098,-71.9856,"Aspinook Hydro, LLC",HY,69673,NA,1,"02 - Wyre - Wynd (""Minimum Flow"")",0.08,1984,Unknown,Pump,NA,NA,NA,110,NA,NA,011000010704,09011
hc7045_p01,hc7045_p01_2,Wyre - Wynd,41.6098,-71.9856,"Aspinook Hydro, LLC",HY,69673,NA,2,"01 - Wyre - Wynd (""Main"")",2.7,1984,Unknown,Francis,NA,NA,21.9,3600,NA,NA,011000010704,09011
hc7046_p01,hc7046_p01_1,Pine Grove,39.7972,-76.0422,Chester Water Authority,HY,NA,NA,1,01 - Pine Grove,0.52,1985,Unknown,Francis,Allis-Chalmers,NA,39,694,NA,NA,020503061502,42029
hc7047_p01,hc7047_p01_1,Groveville,41.5133,-73.9452,Lower Saranac Corporation,HY,NA,NA,1,01 - Groveville,0.141,1983,Unknown,Kaplan,Ingersol Rand,NA,30,189,NA,NA,020200080306,36027
hc7047_p01,hc7047_p01_2,Groveville,41.5133,-73.9452,Lower Saranac Corporation,HY,NA,NA,2,01 - Groveville,0.256,1983,Unknown,Kaplan,Ingersol Rand,NA,30,342,NA,NA,020200080306,36027
hc7047_p01,hc7047_p01_3,Groveville,41.5133,-73.9452,Lower Saranac Corporation,HY,NA,NA,3,01 - Groveville,0.515,1983,Unknown,Kaplan,Ingersol Rand,NA,35,687,NA,NA,020200080306,36027
hc7048_p01,hc7048_p01_1,Cottonwood Canyon Ranch Powerhouse,37.64,-118.3815,Edward S. Cruz and William L. Beaver,HY,NA,NA,1,01 - Cottonwood Canyon Ranch,0.84,1982,Unknown,Unknown,Atelier Bouvier,NA,1385,1165,NA,NA,1.80901E+11,06051
hc7049_p01,hc7049_p01_1,Piute Creek Diversion,37.5083,-118.2995,"Hi-Head Hydro, Inc.",HY,NA,NA,1,01 - Piute Creek,0.371,1982,Unknown,Pelton,Koessler,NA,1969,501,NA,NA,1.80901E+11,06051
hc7051_p01,hc7051_p01_1,Woods Creek,47.9002,-121.8763,"Gull Industries, Inc.",HY,NA,NA,1,01 - Woods Creek,0.2,1983,Unknown,Francis,NA,NA,72,360,NA,NA,1.711E+11,53061
hc7051_p01,hc7051_p01_2,Woods Creek,47.9002,-121.8763,"Gull Industries, Inc.",HY,NA,NA,2,01 - Woods Creek,0.45,1983,Unknown,Francis,NA,NA,72,818,NA,NA,1.711E+11,53061
hc7052_p01,hc7052_p01_1,Brighton,39.1934,-77.0055,KC Brighton LLC,HY,NA,NA,1,01 - Brighton,0.186,1986,Unknown,Kaplan,Byron Jackson,NA,52,238,NA,NA,020600060105,24031
hc7052_p01,hc7052_p01_2,Brighton,39.1934,-77.0055,KC Brighton LLC,HY,NA,NA,2,01 - Brighton,0.186,1986,Unknown,Kaplan,Byron Jackson,NA,52,238,NA,NA,020600060105,24031
hc7053_p01,hc7053_p01_1,Pawtucket Lower,41.8769,-71.3827,Pawtucket Hydropower LLC,HY,69672,NA,1,01 - Pawtucket No. 2,0.82,1984,Unknown,Kaplan,Voest,NA,16.5,1093,NA,NA,010900040901,44007
hc7053_p01,hc7053_p01_2,Pawtucket Lower,41.8769,-71.3827,Pawtucket Hydropower LLC,HY,69672,NA,2,01 - Pawtucket No. 2,0.82,1984,Unknown,Kaplan,Voest,NA,16.5,1093,NA,NA,010900040901,44007
hc7054_p01,hc7054_p01_1,Salmon Creek Diversion,39.622,-120.6122,Salmon Creek Hydroelectric CO.,HY,NA,NA,1,01 - Salmon Creek,0.6,1984,Unknown,Pelton,NA,NA,437,1590,NA,NA,1.80201E+11,06091
hc7056_p01,hc7056_p01_1,James E. White,48.117385,-116.179965,James E. White,HY,NA,NA,1,01 - James White,0.05,1981,Unknown,Pelton,Independent Power Developers,NA,486,63,NA,NA,1.70102E+11,16017
hc7056_p01,hc7056_p01_2,James E. White,48.117385,-116.179965,James E. White,HY,NA,NA,2,01 - James White,0.05,1981,Unknown,Pelton,Independent Power Developers,NA,486,63,NA,NA,1.70102E+11,16017
hc7056_p01,hc7056_p01_3,James E. White,48.117385,-116.179965,James E. White,HY,NA,NA,3,01 - James White,0.05,1981,Unknown,Pelton,Independent Power Developers,NA,486,63,NA,NA,1.70102E+11,16017
hc7056_p01,hc7056_p01_4,James E. White,48.117385,-116.179965,James E. White,HY,NA,NA,4,01 - James White,0.05,1981,Unknown,Pelton,Independent Power Developers,NA,486,63,NA,NA,1.70102E+11,16017
hc7056_p01,hc7056_p01_5,James E. White,48.117385,-116.179965,James E. White,HY,NA,NA,5,01 - James White,0.05,1981,Unknown,Pelton,Independent Power Developers,NA,486,63,NA,NA,1.70102E+11,16017
hc7057_p01,hc7057_p01_1,Little River,35.2842,-79.8938,"Hilton Cochran, Sr.",HY,NA,NA,1,01 - Little River,0.2,1997,Unknown,Unknown,NA,NA,NA,NA,NA,NA,030401040306,37123
hc7057_p01,hc7057_p01_2,Little River,35.2842,-79.8938,"Hilton Cochran, Sr.",HY,NA,NA,2,01 - Little River,0.375,1997,Unknown,Unknown,NA,NA,NA,NA,NA,NA,030401040306,37123
hc7058_p01,hc7058_p01_1,Bailey Creek Diversion,40.4603,-121.8518,Bailey Creek Hydroelectric,HY,NA,NA,1,01 - Bailey Creek Ranch,0.64,NA,Unknown,Francis,Hangzhou,NA,160,NA,NA,NA,1.80202E+11,06089
hc7059_p01,hc7059_p01_1,North Rochester,43.3784,-70.9842,Spaulding Avenue Industrial Complex LLC,HY,NA,NA,1,01 - North Rochester,0.3,1981,Unknown,Francis,GE,NA,25,400,NA,NA,010600030506,33017
hc7060_p01,hc7060_p01_1,Millner Creek No. 1,37.5942,-118.3093,"Henwood Energy Services, Inc.",HY,NA,NA,1,01 - Millner Creek No. 1,0.4,1981,Unknown,Pelton,Allis-Chalmers,NA,1092,350,NA,NA,1.80901E+11,06051
hc7061_p01,hc7061_p01_1,Shingle Creek,45.3697,-116.4136,Willis D. DeVeny,HY,NA,NA,1,01 - Shingle Creek,0.112,1984,Unknown,Pelton,Peltech,NA,340,NA,NA,NA,1.70602E+11,16049
hc7061_p01,hc7061_p01_2,Shingle Creek,45.3697,-116.4136,Willis D. DeVeny,HY,NA,NA,2,01 - Shingle Creek,0.112,1984,Unknown,Pelton,Peltech,NA,440,NA,NA,NA,1.70602E+11,16049
hc7062_p01,hc7062_p01_1,Ravenscroft Diversion,42.871889,-114.813423,Vernon F. Ravenscroft,HY,NA,NA,1,01 - Ravenscroft Ranch,0.1125,1983,Unknown,Pump,Byron Jackson,NA,46,150,NA,NA,1.70402E+11,16047
hc7062_p01,hc7062_p01_2,Ravenscroft Diversion,42.871889,-114.813423,Vernon F. Ravenscroft,HY,NA,NA,2,01 - Ravenscroft Ranch,0.213,1983,Unknown,Pump,Ingersol Rand,NA,46,282,NA,NA,1.70402E+11,16047
hc7062_p01,hc7062_p01_3,Ravenscroft Diversion,42.871889,-114.813423,Vernon F. Ravenscroft,HY,NA,NA,3,02 - Ravenscroft Ranch,0.37,1983,Unknown,Pump,NA,NA,NA,NA,NA,NA,1.70402E+11,16047
hc7062_p01,hc7062_p01_4,Ravenscroft Diversion,42.871889,-114.813423,Vernon F. Ravenscroft,HY,NA,NA,4,01 - Ravenscroft Ranch,0.45,1983,Unknown,Pump,Byron Jackson,NA,46,600,NA,NA,1.70402E+11,16047
hc7063_p01,hc7063_p01_1,Bynum,35.7757,-79.1492,"PK Ventures, Incorporated",HY,NA,NA,1,01 - Bynum,0.6,NA,Unknown,Unknown,NA,NA,NA,NA,NA,NA,030300020702,37037
hc7064_p01,hc7064_p01_1,St. Cloud Hydro,45.5476,-94.1473,St. Cloud Hydroelectric Generation Facility,HY,64242,GEN#1,1,01 - St Cloud,4.3,1988,Unknown,Kaplan,Voith,NA,17.5,5853.5,0.2,12H,070102030103,27145
hc7064_p01,hc7064_p01_2,St. Cloud Hydro,45.5476,-94.1473,St. Cloud Hydroelectric Generation Facility,HY,64242,GEN#2,2,01 - St Cloud,4.3,1988,Unknown,Kaplan,Voith,NA,17.5,5853.5,0.2,12H,070102030103,27145
hc7065_p01,hc7065_p01_1,White Ranch,42.6211,-114.8241,Mud Creek Hydro Partners,HY,NA,NA,1,01 - White Ranch,0.045,1986,Unknown,Pump,BYRON JACKSON,NA,79,300,NA,NA,1.70402E+11,16083
hc7065_p01,hc7065_p01_2,White Ranch,42.6211,-114.8241,Mud Creek Hydro Partners,HY,NA,NA,2,01 - White Ranch,0.224,1986,Unknown,Pump,CASCADE PUMP,NA,79,60,NA,NA,1.70402E+11,16083
hc7066_p01,hc7066_p01_1,Mcadenville,35.2617,-81.0766,Stowe Mills Inc,HY,NA,NA,1,01 - Mc Adenville,1.04,1984,Unknown,Kaplan,NA,NA,NA,NA,NA,NA,030501020605,37071
hc7067_p01,hc7067_p01_1,Elm Street,42.8788,-71.9543,"CONTOOCOOK HYDRO, LLC.",HY,NA,NA,1,01 - Elm Street,0.012,1983,Unknown,Kaplan,NA,NA,5,16,NA,NA,010700030103,33011
hc7068_p01,hc7068_p01_1,Bell Mill,42.8785,-71.9539,River Street Associates,HY,NA,NA,1,01 - Bell Mill,0.1,1983,Unknown,Kaplan,NA,NA,24,133,NA,NA,010700030103,33011
hc7070_p01,hc7070_p01_1,Sutter's Mill Diversion,40.4985,-121.8485,"Shamrock Utilities, LLC",HY,NA,NA,1,01 - Sutter's Mill,0.15,NA,Unknown,Unknown,NA,NA,NA,NA,NA,NA,1.80202E+11,06089
hc7071_p01,hc7071_p01_1,Waverly Avenue,44.7947,-69.3869,Christopher M. Anthony,HY,NA,NA,1,01 - Waverly Avenue,0.4,1984,Unknown,Kaplan,Turbolec,NA,11,535,NA,NA,010300031702,23025
hc7073_p01,hc7073_p01_1,"Tunnel Hill, Buckeye Powerhouses",38.9433,-120.7179,Georgetown Divide Public Utility District,HY,NA,NA,1,01 - Tunnel Hill,0.22,1983,Unknown,Unknown,NA,NA,NA,NA,NA,NA,1.80201E+11,06017
hc7073_p01,hc7073_p01_2,"Tunnel Hill, Buckeye Powerhouses",38.9433,-120.7179,Georgetown Divide Public Utility District,HY,NA,NA,2,01 - Tunnel Hill,0.35,1983,Unknown,Unknown,NA,727,250,NA,NA,NA,1.80201E+11,06017
hc7073_p01,hc7073_p01_3,"Tunnel Hill, Buckeye Powerhouses",38.9433,-120.7179,Georgetown Divide Public Utility District,HY,NA,NA,3,02 - Buckeye,0.375,1983,Unknown,Kaplan,NA,NA,250,NA,NA,NA,1.80201E+11,06017
hc7074_p01,hc7074_p01_1,Noone Mills,42.8596,-71.9614,The Cobbs LLC,HY,NA,NA,1,01 - Noone Mills,0.075,1984,Unknown,Kaplan,NA,NA,21,100,NA,NA,010700030104,33011
hc7074_p01,hc7074_p01_2,Noone Mills,42.8596,-71.9614,The Cobbs LLC,HY,NA,NA,2,01 - Noone Mills,0.075,1984,Unknown,Kaplan,NA,NA,21,100,NA,NA,010700030104,33011
hc7075_p01,hc7075_p01_1,South Barre Mill Pond,42.3863,-72.0961,South Barre Hydro Electric Company,HY,NA,NA,1,"01 - South Barre Mill Pond - ""Old""",0.15,1942,Unknown,Francis,James Leffel & Co.,NA,18,200,NA,NA,010802040205,25027
hc7075_p01,hc7075_p01_2,South Barre Mill Pond,42.3863,-72.0961,South Barre Hydro Electric Company,HY,NA,NA,2,"02 - South Barre Mill Pond - ""New""",0.125,1986,Unknown,Francis,Rodney Hunt,NA,21,100,NA,NA,010802040205,25027
hc7076_p01,hc7076_p01_1,Briggs Creek Diversion,42.677563,-114.821152,Richard Kaster,HY,NA,NA,1,01 - Briggs Creek,0.35,1986,Unknown,Francis,S. Morgan Smith,NA,95,400,NA,NA,1.70402E+11,16047
hc7076_p01,hc7076_p01_2,Briggs Creek Diversion,42.677563,-114.821152,Richard Kaster,HY,NA,NA,2,01 - Briggs Creek,0.35,1986,Unknown,Francis,NA,NA,95,400,NA,NA,1.70402E+11,16047
hc7078_p01,hc7078_p01_1,Mill Street Dam,42.9286,-76.5594,"City of Auburn, NY",HY,NA,NA,1,01 - Mill Street,0.41,1981,Unknown,Kaplan,James Leffel & Co.,NA,21,600,NA,NA,041402011306,36011
hc7079_p01,hc7079_p01_1,Mahaney,45.1027,-70.7779,"Kennebago Hydro Corporation, Inc.",HY,NA,NA,1,01 - Mahaney,0.2,1987,Unknown,Pump,Essex Turbine,NA,NA,300,NA,NA,010400010104,23007
hc7080_p01,hc7080_p01_1,Kennebago Falls,45.101,-70.7786,"Kennebago Hydro Corporation, Inc.",HY,NA,NA,1,01 - Kennebago Falls,0.7,1991,Unknown,Francis,NA,NA,NA,1000,NA,NA,010400010104,23007
hc7081_p01,hc7081_p01_1,Harris Bridge,37.7912,-78.7227,"Rockfish Corporation, Inc",HY,NA,NA,1,01 - Harris Bridge,0.4,1981,Unknown,Francis,James Leffel & Co.,NA,22,267,NA,NA,020802031002,51125
hc7082_p01,hc7082_p01_1,Bell Powerhouse,41.1135,-122.8742,Adam Fencil,HY,NA,NA,1,01 - Bell,0.05,1982,Unknown,Pelton,GE,NA,NA,NA,NA,NA,1.80102E+11,06105
hc7083_p01,hc7083_p01_1,Montgomery Worsted,41.5308,-74.2277,"Steinberger Brothers, Inc.",HY,NA,NA,1,01 - Montgomery Worsted Mill,0.075,1988,Unknown,Francis,Stillwell Bierce,NA,12.5,130,NA,NA,020200070405,36071
hc7083_p01,hc7083_p01_2,Montgomery Worsted,41.5308,-74.2277,"Steinberger Brothers, Inc.",HY,NA,NA,2,01 - Montgomery Worsted Mill,0.112,1989,Unknown,Kaplan,China National,NA,12.5,160,NA,NA,020200070405,36071
hc7083_p01,hc7083_p01_3,Montgomery Worsted,41.5308,-74.2277,"Steinberger Brothers, Inc.",HY,NA,NA,3,01 - Montgomery Worsted Mill,0.188,1990,Unknown,Francis,NA,NA,12.5,130,NA,NA,020200070405,36071
hc7084_p01,hc7084_p01_1,Boston Felt,43.3369,-70.9343,Salmon Falls Power & Light Company,HY,NA,NA,1,01 - Boston Felt,0.189,1983,Unknown,Kaplan,Leroy - Somer,NA,11,250,NA,NA,010600030506,33017
hc7085_p01,hc7085_p01_1,Lemoyne,42.761452,-114.881503,John Lemoyne,HY,NA,NA,1,01 - Lemoyne,0.075,1984,Unknown,Francis,James Leffel & Co.,NA,35,125,NA,NA,1.70402E+11,16047
hc7086_p01,hc7086_p01_1,Kaster Riverview North,42.703,-114.8261,"BC Hydro, LLC.",HY,NA,NA,1,01 - Kaster Riverview North,0.15,1984,Unknown,Francis,NA,NA,15,205,NA,NA,1.70402E+11,16083
hc7086_p02,hc7086_p02_1,Kaster Riverview South,42.703,-114.8261,"BC Hydro, LLC.",HY,NA,NA,1,01 - Kaster Riverview South,0.15,1984,Unknown,Francis,NA,NA,12,164,NA,NA,1.70402E+11,16083
hc7087_p01,hc7087_p01_1,Ammonoosuc River,44.1668,-71.9669,"Bath Electric Power Company, LLC",HY,NA,NA,1,01 - Ammonoosuc River,0.3,1985,Unknown,Francis,S. Morgan Smith,NA,16.5,410,NA,NA,010801030506,33009
hc7088_p01,hc7088_p01_1,Conejo Pump Station Powerhouse,34.2462,-118.8337,Calleguas Municipal Water District,HY,NA,NA,1,01 - Conejo Pump Station,0.75,1983,Unknown,Unknown,NA,NA,NA,NA,NA,NA,1.80701E+11,06111
hc7090_p01,hc7090_p01_1,Christine Falls,43.5128,-74.3098,"Christine Falls of New York, Inc.",HY,NA,NA,1,01 - Christine Falls,0.275,1988,Unknown,Francis,NA,NA,47,367,NA,NA,020200020304,36041
hc7090_p01,hc7090_p01_2,Christine Falls,43.5128,-74.3098,"Christine Falls of New York, Inc.",HY,NA,NA,2,01 - Christine Falls,0.575,1988,Unknown,Francis,NA,NA,47,767,NA,NA,020200020304,36041
hc7091_p01,hc7091_p01_1,McFadden Farm Diversion,39.361602,-123.127701,Eugene McFadden,HY,NA,NA,1,01 - Mc Fadden Farm,0.187,1982,Unknown,Unknown,NA,NA,NA,NA,NA,NA,1.80101E+11,06045
hc7091_p01,hc7091_p01_2,McFadden Farm Diversion,39.361602,-123.127701,Eugene McFadden,HY,NA,NA,2,01 - Mc Fadden Farm,0.375,1982,Unknown,Unknown,NA,NA,NA,NA,NA,NA,1.80101E+11,06045
hc7092_p01,hc7092_p01_1,Digger Creek Diversion,40.435483,-121.734557,Tompkins and Associates,HY,NA,NA,1,01 - Digger Creek,0.675,NA,Unknown,Pelton,NA,NA,453,675,NA,NA,1.80202E+11,06103
hc7093_p01,hc7093_p01_1,Cocheco Falls,43.1964,-70.8738,Cocheco Falls Associates,HY,NA,NA,1,01 - Cocheco Falls,0.238,1983,Unknown,Pump,Flygt,NA,34,320,NA,NA,010600030608,33017
hc7093_p01,hc7093_p01_2,Cocheco Falls,43.1964,-70.8738,Cocheco Falls Associates,HY,NA,NA,2,01 - Cocheco Falls,0.238,1983,Unknown,Pump,Flygt,NA,34,320,NA,NA,010600030608,33017
hc7093_p01,hc7093_p01_3,Cocheco Falls,43.1964,-70.8738,Cocheco Falls Associates,HY,NA,NA,3,01 - Cocheco Falls,0.238,1983,Unknown,Pump,Flygt,NA,34,320,NA,NA,010600030608,33017
hc7095_p01,hc7095_p01_1,Mud Creek,42.62023,-114.824869,Zions Credit Corporation,HY,NA,NA,1,01 - Mud Creek Upper,0.02,1982,Unknown,Pump,Worthington,NA,90,NA,NA,NA,1.70402E+11,16083
hc7095_p01,hc7095_p01_2,Mud Creek,42.62023,-114.824869,Zions Credit Corporation,HY,NA,NA,2,01 - Mud Creek Upper,0.06,1982,Unknown,Pump,Worthington,NA,90,NA,NA,NA,1.70402E+11,16083
hc7095_p01,hc7095_p01_3,Mud Creek,42.62023,-114.824869,Zions Credit Corporation,HY,NA,NA,3,01 - Mud Creek Upper,0.3,1982,Unknown,Pump,Worthington,NA,90,NA,NA,NA,1.70402E+11,16083
hc7096_p01,hc7096_p01_1,Hat Creek Diversion,40.7815,-121.4987,Mr. And Mrs. Howard Lakey,HY,NA,NA,1,01 - Hat Creek Hereford Ranch,0.1,NA,Unknown,Pelton,Wellman Seaver Morgan,225,212.8,175,NA,NA,1.802E+11,06089
hc7097_p01,hc7097_p01_1,Eury,35.2538,-79.909,Catalyst Energy Development Corp,HY,NA,NA,1,01 - Eury,0.8,1983,Unknown,Kaplan,NA,NA,48,NA,NA,NA,030401040306,37123
hc7098_p01,hc7098_p01_1,Baker-Kosk,41.055,-121.92,Lofton Ranch,HY,NA,NA,1,01 - Baker-Kosk,0.27,1984,Unknown,Francis,Pacific Diesel,NA,176,360,NA,NA,1.802E+11,06089
hc7099_p01,hc7099_p01_1,Kayuta,43.4232,-75.2077,"AMPERSAND KAYUTA LAKE HYDRO, LLC",HY,NA,NA,1,01 - Kayuta Lake,0.4,1984,Unknown,Kaplan,ESAC,NA,14.7,540,NA,NA,041501010104,36065
hc7104_p01,hc7104_p01_1,Charles L. Woodman,43.4083,-110.1487,Kinky Creek Operating Company,HY,NA,NA,1,01 - Charles L. Woodman,0.012,1984,Unknown,Pelton,Canyon Hydro,NA,200,NA,NA,NA,1.70401E+11,56039
hc7105_p01,hc7105_p01_1,Sygitowicz Creek,48.769159,-122.216737,KINGDOM ENERGY PRODUCTS,HY,NA,NA,1,01 - Sygitowicz Creek,0.447,1987,Unknown,Pelton,NA,NA,458,600,NA,NA,1.711E+11,53073
hc7106_p01,hc7106_p01_1,San Luis Bypass Powerhouse,37.073,-120.9592,Central California Irrigation District,HY,NA,NA,1,01 - San Luis Bypass,0.6,1985,Unknown,Kaplan,Shinko Elect,NA,27,805,NA,NA,1.804E+11,06047
hc7107_p01,hc7107_p01_1,Wolfsen Bypass Powerhouse,37.0562,-120.9438,Central California Irrigation District,HY,NA,NA,1,01 - Wolfsen Bypass,1,1985,Unknown,Kaplan,Shinko Elect,NA,23,1340,NA,NA,1.804E+11,06047
hc7108_p01,hc7108_p01_1,Lost Creek No. 2 Diversion,40.7583,-121.4237,Snow Mountain Hydro LLC,HY,NA,NA,1,01 - Lost Creek No. 2,0.455,1989,Unknown,Francis,Gilbert Gilkes And Gordon,NA,85,629,NA,NA,1.802E+11,06089
hc7109_p01,hc7109_p01_1,Downers Mill,43.6455,-72.4194,"Simon Pearce (U.S.), Inc.",HY,NA,NA,1,01 - Downers Mill,0.4,1983,Unknown,Francis,S. Morgan Smith,NA,29,550,NA,NA,010801060207,50027
hc7110_p01,hc7110_p01_1,San Luis Obispo Powerhouse,35.327,-120.6665,City of San Luis Obispo,HY,NA,NA,1,01 - San Luis Obispo,0.68,1985,Unknown,Unknown,NA,NA,NA,NA,NA,NA,1.806E+11,06001
hc7111_p01,hc7111_p01_1,Salisbury Mills,41.43,-74.1184,Salisbury Hydro Associates,HY,NA,NA,1,01 - Salisbury Mills,0.76,1986,Unknown,Francis,James Leffel & Co.,NA,38,650,NA,NA,020200080406,36071
hc7112_p01,hc7112_p01_1,Newbury,44.1519,-72.0546,"Newbury Hydro Company, L.P.",HY,NA,NA,1,"01 - Newbury - ""Upper""",0.06,1984,Unknown,Francis,NA,NA,NA,NA,NA,NA,010801030602,50017
hc7112_p01,hc7112_p01_2,Newbury,44.1519,-72.0546,"Newbury Hydro Company, L.P.",HY,NA,NA,2,"01 - Newbury - ""Upper""",0.25,1984,Unknown,Francis,NA,NA,NA,NA,NA,NA,010801030602,50017
hc7112_p01,hc7112_p01_3,Newbury,44.1519,-72.0546,"Newbury Hydro Company, L.P.",HY,NA,NA,3,"02 - Newbury - ""Lower""",0.1,1989,Unknown,Francis,NA,NA,NA,NA,NA,NA,010801030602,50017
hc7113_p01,hc7113_p01_1,Champlain Spinners,43.5574,-73.4005,"Champlain Spinners Power Company, Inc.",HY,NA,NA,1,01 - Champlain Spinners,0.3,1992,Unknown,Francis,GE,NA,15.3,420,NA,NA,041504010307,36115
hc7113_p01,hc7113_p01_2,Champlain Spinners,43.5574,-73.4005,"Champlain Spinners Power Company, Inc.",HY,NA,NA,2,01 - Champlain Spinners,0.328,1992,Unknown,Francis,GE,NA,15.3,450,NA,NA,041504010307,36115
hc7114_p01,hc7114_p01_1,Mega No. 1,40.681509,-122.003893,Mega Renewables,HY,NA,NA,1,01 - Mega No. 1,1,1986,Unknown,Pelton,Hayward Tyler,NA,448,1433,NA,NA,1.80202E+11,06089
hc7115_p01,hc7115_p01_1,Woodsville,44.1545,-72.0365,GREEN MOUNTAIN POWER CORP      (VT),HY,NA,NA,1,01 - Woodsville,0.36,1982,Unknown,Francis,James Leffel & Co.,NA,15,480,NA,NA,010801030506,33009
hc7116_p01,hc7116_p01_1,Beaverton,43.8833,-84.4833,"Beaverton, City of",HY,NA,NA,1,01 - Beaverton,0.5,1985,Unknown,Kaplan,Unknown,NA,30,500,NA,NA,040802010309,26051
hc7117_p01,hc7117_p01_1,Ford Lake,42.2,-83.5667,Charter Township of Ypsilanti,HY,NA,NA,1,01 - Ford Lake,0.8,NA,Unknown,Unknown,NA,NA,NA,2800,NA,NA,040900050404,26161
hc7117_p01,hc7117_p01_2,Ford Lake,42.2,-83.5667,Charter Township of Ypsilanti,HY,NA,NA,2,01 - Ford Lake,1.6,NA,Unknown,Unknown,NA,NA,NA,2800,NA,NA,040900050404,26161
hc7119_p01,hc7119_p01_1,Jackson Creek,38.3037,-120.8888,Jackson Valley Irrigation District,HY,NA,NA,1,01 - Jackson Creek,0.08,1983,Unknown,Unknown,NA,NA,155,NA,NA,NA,1.804E+11,06005
hc7119_p01,hc7119_p01_2,Jackson Creek,38.3037,-120.8888,Jackson Valley Irrigation District,HY,NA,NA,2,01 - Jackson Creek,0.14,1983,Unknown,Unknown,NA,NA,155,NA,NA,NA,1.804E+11,06005
hc7119_p01,hc7119_p01_3,Jackson Creek,38.3037,-120.8888,Jackson Valley Irrigation District,HY,NA,NA,3,01 - Jackson Creek,0.14,1983,Unknown,Unknown,NA,NA,155,NA,NA,NA,1.804E+11,06005
hc7119_p01,hc7119_p01_4,Jackson Creek,38.3037,-120.8888,Jackson Valley Irrigation District,HY,NA,NA,4,01 - Jackson Creek,0.14,1983,Unknown,Unknown,NA,NA,155,NA,NA,NA,1.804E+11,06005
hc7120_p01,hc7120_p01_1,Mill Creek,45.283206,-117.74857,City of Cove,HY,NA,NA,1,01 - Mill Creek,0.8,1984,Unknown,Pelton,NA,NA,860,NA,NA,NA,1.70601E+11,41061
hc7121_p01,hc7121_p01_1,Falls Creek,48.0725,-123.7215,A H Haley,HY,NA,NA,1,01 - Falls Creek,0.075,1984,Unknown,Pelton,NA,NA,NA,NA,NA,NA,1.711E+11,53009
hc7122_p01,hc7122_p01_1,Hatfields,43.3354,-70.9409,Woodsville/Rochester Hydro Associates,HY,NA,NA,1,01 - Hatfields,0.184,1982,Unknown,Francis,NA,NA,22,250,NA,NA,010600030603,33017
hc7123_p01,hc7123_p01_1,Wallkill,41.6052,-74.1865,"Natural Power Group, Inc.",HY,NA,NA,1,01 - Wallkill,0.25,1987,Unknown,Kaplan,GSA,NA,12,287,NA,NA,020200070405,36111
hc7123_p01,hc7123_p01_2,Wallkill,41.6052,-74.1865,"Natural Power Group, Inc.",HY,NA,NA,2,01 - Wallkill,0.262,1987,Unknown,Kaplan,Leroy - Somer,NA,12,259,NA,NA,020200070405,36111
hc7124_p01,hc7124_p01_1,Fleming Hill Powerhouse,38.1387,-122.2437,City of Vallejo,HY,NA,NA,1,01 - Fleming Hill,0.3,1984,Unknown,Francis,Hangzhou,NA,200,400,NA,NA,1.805E+11,06095
hc7125_p01,hc7125_p01_1,Poestenkill,42.7287,-73.6436,Stevens Family,HY,NA,NA,1,01 - Poestenkill,0.03,1979,Unknown,Francis,S. Morgan Smith,NA,26,59,NA,NA,020200060104,36083
hc7126_p01,hc7126_p01_1,Brown's Mill,45.1835,-69.2194,Ridgewood Maine Hydro Partners LP,HY,NA,NA,1,01 - Browns Mill,0.144,1949,Unknown,Francis,James Leffel & Co.,NA,23.8,225,NA,NA,010200040205,23021
hc7126_p01,hc7126_p01_2,Brown's Mill,45.1835,-69.2194,Ridgewood Maine Hydro Partners LP,HY,NA,NA,2,01 - Browns Mill,0.45,1949,Unknown,Francis,Allis-Chalmers,NA,23.8,695,NA,NA,010200040205,23021
hc7127_p01,hc7127_p01_1,Pancheri,44.2043,-113.294,"Pancheri, Inc.",HY,NA,NA,1,01 - Pancheri,0.16,1983,Unknown,Pelton,Unknown,NA,422,390,NA,NA,1.70402E+11,16023
hc7128_p01,hc7128_p01_1,Ashland Paper Mill,43.6926,-71.6377,"Northwoods Renewables, LLC.",HY,NA,NA,1,01 - Ashland Paper Mill,0.105,1984,Unknown,Francis,Hydrolec,NA,18,140,NA,NA,010700010502,33009
hc7129_p01,hc7129_p01_1,Putnam,41.9217,-71.909,"Putnam Hydropower, Inc.",HY,NA,NA,1,01 - Putnam,0.275,1923,Unknown,Francis,James Leffel & Co.,NA,NA,400,NA,NA,011000010403,09015
hc7129_p01,hc7129_p01_2,Putnam,41.9217,-71.909,"Putnam Hydropower, Inc.",HY,NA,NA,2,01 - Putnam,0.275,1989,Unknown,Francis,NA,NA,NA,400,NA,NA,011000010403,09015
hc7130_p01,hc7130_p01_1,Crooke's Falls Diversion,38.0141,-107.3118,Dan L. Plies,HY,NA,NA,1,01 - Crooke's Falls,0.525,1995,Unknown,Kaplan,NA,NA,60,750,NA,NA,1.402E+11,NA
hc7131_p01,hc7131_p01_1,Milo,45.2511,-68.9883,Ridgewood Maine Hydro Partners LP,HY,NA,NA,1,01 - Milo,0.225,1982,Unknown,Kaplan,Leroy - Somer,NA,14,315,NA,NA,010200040312,23021
hc7131_p01,hc7131_p01_2,Milo,45.2511,-68.9883,Ridgewood Maine Hydro Partners LP,HY,NA,NA,2,01 - Milo,0.235,1982,Unknown,Kaplan,Leroy - Somer,NA,14,315,NA,NA,010200040312,23021
hc7131_p01,hc7131_p01_3,Milo,45.2511,-68.9883,Ridgewood Maine Hydro Partners LP,HY,NA,NA,3,01 - Milo,0.235,1982,Unknown,Kaplan,Leroy - Somer,NA,14,315,NA,NA,010200040312,23021
hc7132_p01,hc7132_p01_1,Snake River Pottery,42.882,-114.918,Aldrich Bowler,HY,NA,NA,1,01 - Snake River Pottery,0.086,1985,Unknown,Pump,Byron Jackson,NA,90,115,NA,NA,1.70402E+11,16047
hc7134_p01,hc7134_p01_1,Toutant,41.9231,-71.9072,"Energy Stream, LLC.",HY,NA,NA,1,01 - MSC Power,0.4,1989,Unknown,Kaplan,James Leffel & Co.,NA,16,625,NA,NA,011000010403,09015
hc7135_p01,hc7135_p01_1,Nikola I Powerhouse,40.432,-121.8495,Robert W. Lee,HY,NA,NA,1,01 - Nikola I,0.03,NA,Unknown,Unknown,NA,NA,NA,NA,NA,NA,1.80202E+11,06103
hc7136_p01,hc7136_p01_1,Barnet Diversion,44.2964,-72.0506,"Barnet Hydro Company, L.P.",HY,NA,NA,1,01 - Barnet,0.525,1986,Unknown,Kaplan,Ossberger,NA,90.9,735,NA,NA,010801030204,50005
hc7137_p01,hc7137_p01_1,Sandy Hollow,44.1496,-75.7288,"Sandy Hollow Power Company, Inc.",HY,NA,NA,1,01 - Sandy Hollow,0.265,1987,Unknown,Francis,Essex Turbine,NA,24,464,NA,NA,041503030303,36045
hc7137_p01,hc7137_p01_2,Sandy Hollow,44.1496,-75.7288,"Sandy Hollow Power Company, Inc.",HY,NA,NA,2,01 - Sandy Hollow,0.4,1987,Unknown,Francis,Essex Turbine,NA,24,700,NA,NA,041503030303,36045
hc7137_p01,hc7137_p01_3,Sandy Hollow,44.1496,-75.7288,"Sandy Hollow Power Company, Inc.",HY,NA,NA,3,01 - Sandy Hollow,0.15,1998,Unknown,Kaplan,James Leffel & Co.,NA,NA,200,NA,NA,041503030303,36045
hc7138_p01,hc7138_p01_1,Snedigar Ranch,42.6608,-114.7512,David Snedigar,HY,NA,NA,1,01 - Snedigar Ranch,0.54,1986,Unknown,Francis,Siemens - Allis,NA,84,650,NA,NA,1.70402E+11,16083
hc7139_p01,hc7139_p01_1,Anderson,37.1676,-121.6308,Santa Clara Valley Water District,HY,NA,NA,1,01 - Anderson Dam,0.377,1987,Unknown,Unknown,NA,NA,NA,NA,NA,NA,1.805E+11,06085
hc7139_p01,hc7139_p01_2,Anderson,37.1676,-121.6308,Santa Clara Valley Water District,HY,NA,NA,2,01 - Anderson Dam,0.377,1987,Unknown,Unknown,NA,NA,NA,NA,NA,NA,1.805E+11,06085
hc7140_p01,hc7140_p01_1,LQLS,42.640344,-114.591524,LQ-LS Hydroelectric Partners,HY,NA,NA,1,01 - Lq-ls,1.75,1985,Unknown,Pelton,Hydro West,NA,449,2900,NA,NA,1.70402E+11,16083
hc7141_p01,hc7141_p01_1,North Village Pond,42.0633,-71.8807,"Webster Hydro Electric Company, Inc.",HY,NA,NA,1,01 - North Village Pond,0.15,1916,Unknown,Francis,McCormick,NA,16,134,NA,NA,011000010203,25027
hc7141_p01,hc7141_p01_2,North Village Pond,42.0633,-71.8807,"Webster Hydro Electric Company, Inc.",HY,NA,NA,2,01 - North Village Pond,0.25,1916,Unknown,Francis,McCormick,NA,16,134,NA,NA,011000010203,25027
hc7142_p01,hc7142_p01_1,Cereghino Diversion,45.5741,-116.2302,David Cereghino,HY,NA,NA,1,01 - Cereghino,1.01,1988,Unknown,Pelton,Gilbert Gilkes And Gordon,NA,609,1368,NA,NA,1.70602E+11,16049
hc7143_p01,hc7143_p01_1,Preston,42.1266,-111.8123,City of Preston,HY,NA,NA,1,01 - Preston,0.41,1982,Unknown,Pelton,Gilbert Gilkes And Gordon,NA,576,575,NA,NA,1.60102E+11,16041
hc7144_p01,hc7144_p01_1,Frank Hooper Forebay,40.7846,-115.3684,Frank Hooper,HY,NA,NA,1,01 - Frank Hooper,0.6728,1985,Unknown,Unknown,NA,NA,NA,NA,NA,NA,1.60401E+11,32007
hc7145_p01,hc7145_p01_1,Moosehead,45.1836,-69.2304,Town of Dover-Foxcroft,HY,NA,NA,1,01 - Moosehead,0.3,1906,Unknown,Francis,Holyoke,NA,12,230,NA,NA,010200040203,23021
hc7146_p01,hc7146_p01_1,Burgess Creek Diversion,40.1942,-123.4778,Thomas and Carol Benninghoven,HY,NA,NA,1,01 - Burgess,0.025,1982,Unknown,Unknown,NA,NA,NA,NA,NA,NA,1.80101E+11,06105
hc7147_p01,hc7147_p01_1,Diamond Creek,48.819581,-122.229641,Gary A. Cromwell,HY,NA,NA,1,01 - Diamond Creek,0.025,NA,Unknown,Pelton,Canyon Hydro,NA,800,NA,NA,NA,1.711E+11,53073
hc7148_p01,hc7148_p01_1,Smith Creek,48.848,-122.2508,Seefeld Corporation,HY,NA,NA,1,01 - Smith Creek,0.06,1982,Unknown,Pelton,NA,NA,207,80,NA,NA,1.711E+11,53073
hc7148_p01,hc7148_p01_2,Smith Creek,48.848,-122.2508,Seefeld Corporation,HY,NA,NA,2,01 - Smith Creek,0.06,1982,Unknown,Pelton,NA,NA,207,80,NA,NA,1.711E+11,53073
hc7149_p01,hc7149_p01_1,Sunapee,43.3855,-72.082,"Town of Sunapee, NH",HY,NA,NA,1,01 - Sunapee,0.6,1985,Unknown,Kaplan,Ossberger,NA,79,809,NA,NA,010801060405,33019
hc7150_p01,hc7150_p01_1,Deep Creek,48.9175,-117.7443,"Deep Creek Energy, LLC",HY,NA,NA,1,01 - Deep Creek,0.187,1984,Unknown,Francis,James Leffel & Co.,NA,40,180,NA,NA,1.702E+11,53065
hc7150_p01,hc7150_p01_2,Deep Creek,48.9175,-117.7443,"Deep Creek Energy, LLC",HY,NA,NA,2,01 - Deep Creek,0.224,1984,Unknown,Francis,James Leffel & Co.,NA,40,200,NA,NA,1.702E+11,53065
hc7151_p01,hc7151_p01_1,Lake Jefferson,41.7774,-74.9253,Kevin J. & Barbara A. Gref,HY,NA,NA,1,01 - Lake Jefferson,0.049,1986,Unknown,Kaplan,Newfound Power,NA,22,33,NA,NA,020401010503,36105
hc7151_p01,hc7151_p01_2,Lake Jefferson,41.7774,-74.9253,Kevin J. & Barbara A. Gref,HY,NA,NA,2,01 - Lake Jefferson,0.056,1986,Unknown,Kaplan,Newfound Power,NA,22,60,NA,NA,020401010503,36105
hc7153_p01,hc7153_p01_1,Old Sturbridge Village,42.1065,-72.0946,Old Sturbridge Village,HY,NA,NA,1,01 - Old Sturbridge Village,0.034,1982,Unknown,Kaplan,Leroy - Somer,NA,7.8,45,NA,NA,011000010103,25027
hc7153_p01,hc7153_p01_2,Old Sturbridge Village,42.1065,-72.0946,Old Sturbridge Village,HY,NA,NA,2,01 - Old Sturbridge Village,0.034,1982,Unknown,Kaplan,Leroy - Somer,NA,7.8,45,NA,NA,011000010103,25027
hc7154_p01,hc7154_p01_1,New Home,42.5894,-72.3101,Mini-Watt Hydroelectric LLC,HY,NA,NA,1,01 - New Home - North Bank,0.175,1940,Unknown,Francis,James Leffel & Co.,NA,13,348,NA,NA,010802020205,25011
hc7154_p01,hc7154_p01_2,New Home,42.5894,-72.3101,Mini-Watt Hydroelectric LLC,HY,NA,NA,2,02 - New Home - South Bank,0.12,1992,Unknown,Kaplan,James Leffel & Co.,NA,13,161,NA,NA,010802020205,25011
hc7154_p01,hc7154_p01_3,New Home,42.5894,-72.3101,Mini-Watt Hydroelectric LLC,HY,NA,NA,3,02 - New Home - South Bank,0.12,1995,Unknown,Kaplan,James Leffel & Co.,NA,13,161,NA,NA,010802020205,25011
hc7155_p01,hc7155_p01_1,Camp Creek Diversion,39.8292,-121.4232,Lassen Station Hydroelectric Limited Partnership,HY,NA,NA,1,01 - Camp Creek,0.995,1986,Unknown,Unknown,NA,NA,NA,NA,NA,NA,1.80201E+11,06007
hc7156_p01,hc7156_p01_1,Black Canyon 3,43.0344,-114.7243,"Consolidated Hydro Mountain States, Inc.",HY,NA,NA,1,01 - Black Canyon No.3,0.112,1984,Unknown,Francis,BYRON JACKSON,NA,61,150,NA,NA,1.70402E+11,16047
hc7158_p01,hc7158_p01_1,Mill and Sulphur Creek,40.4648,-123.6012,North Coast Hydroelectric,HY,NA,NA,1,01 - Mill and Sulphur Creek,0.995,1985,Unknown,Pelton,Canyon Hydro,NA,1156,NA,NA,NA,1.80101E+11,06023
hc7159_p01,hc7159_p01_1,San Bernardino,34.1,-117.3333,City of San Bernardino,HY,NA,NA,1,01 - Devore (2100 Site Facility),0.054,NA,Unknown,Unknown,NA,NA,NA,NA,NA,NA,1.80702E+11,06071
hc7159_p01,hc7159_p01_2,San Bernardino,34.1,-117.3333,City of San Bernardino,HY,NA,NA,2,02 - Cajon (1895 Site Facility),0.059,NA,Unknown,Pelton,NA,514,NA,2330,NA,NA,1.80702E+11,06071
hc7159_p01,hc7159_p01_3,San Bernardino,34.1,-117.3333,City of San Bernardino,HY,NA,NA,3,03 - Palm (1720 Site Facility),0.178,NA,Unknown,Unknown,NA,NA,NA,NA,NA,NA,1.80702E+11,06071
hc7159_p01,hc7159_p01_4,San Bernardino,34.1,-117.3333,City of San Bernardino,HY,NA,NA,4,03 - Palm (1720 Site Facility),0.178,NA,Unknown,Unknown,NA,NA,NA,NA,NA,NA,1.80702E+11,06071
hc7160_p01,hc7160_p01_1,Cedar Flat Diversion,40.7763,-123.4477,"B.C. Hydro, Inc.",HY,NA,NA,1,01 - Bean-Castagna,0.32,NA,Unknown,Pelton,NA,NA,NA,NA,NA,NA,1.80102E+11,06105
hc7161_p01,hc7161_p01_1,Billingsley Creek,42.8364,-114.8903,Mike & Katherine Branchflower,HY,NA,NA,1,01 - Billingsley Creek,0.08,1986,Unknown,Francis,NA,NA,20,NA,NA,NA,1.70402E+11,16047
hc7161_p01,hc7161_p01_2,Billingsley Creek,42.8364,-114.8903,Mike & Katherine Branchflower,HY,NA,NA,2,01 - Billingsley Creek,0.1,1986,Unknown,Kaplan,NA,NA,20,NA,NA,NA,1.70402E+11,16047
hc7161_p01,hc7161_p01_3,Billingsley Creek,42.8364,-114.8903,Mike & Katherine Branchflower,HY,NA,NA,3,01 - Billingsley Creek,0.1,1986,Unknown,Kaplan,NA,NA,20,NA,NA,NA,1.70402E+11,16047
hc7162_p01,hc7162_p01_1,Reynolds Irr.,43.3422,-116.6001,Reynolds Irrigation District,HY,NA,NA,1,01 - Reynolds Irrigation District,0.35,1986,Unknown,Pelton,Gilbert Gilkes And Gordon,NA,105,NA,NA,NA,1.70501E+11,16027
hc7162_p01,hc7162_p01_2,Reynolds Irr.,43.3422,-116.6001,Reynolds Irrigation District,HY,NA,NA,2,01 - Reynolds Irrigation District,0.8,1986,Unknown,Unknown,NA,NA,NA,NA,NA,NA,1.70501E+11,16027
hc7162_p01,hc7162_p01_3,Reynolds Irr.,43.3422,-116.6001,Reynolds Irrigation District,HY,NA,NA,3,01 - Reynolds Irrigation District,0.975,1986,Unknown,Unknown,NA,NA,NA,NA,NA,NA,1.70501E+11,16027
hc7163_p01,hc7163_p01_1,Watson,43.2136,-70.9227,Watson Associates,HY,NA,NA,1,01 - Watson,0.265,1984,Unknown,Francis,NA,NA,13,355,NA,NA,010600030608,33017
hc7164_p01,hc7164_p01_1,Wolf Creek Powerhouse,39.2284,-121.0264,Sheila St. Germain,HY,NA,NA,1,01 - Wolf Creek,0.00225,1991,Unknown,Kaplan,Unknown,NA,14.3,3,NA,NA,1.80201E+11,06057
hc7165_p01,hc7165_p01_1,White Water Power-A,45.237804,-114.669898,White Water Power Company,HY,NA,NA,1,01 - White Water Ranch-PHA,0.03,1986,Unknown,Francis,Unknown,NA,85,75,NA,NA,1.70602E+11,16047
hc7165_p02,hc7165_p02_1,White Water Power-B,45.237804,-114.669898,White Water Power Company,HY,NA,NA,1,01 - White Water Ranch-PHC,0.115,1986,Unknown,Francis,Byron Jackson,NA,110,154,NA,NA,1.70602E+11,16047
hc7166_p01,hc7166_p01_1,Croton Falls,41.3569,-73.6563,Edward W. Kelly,HY,NA,NA,1,01 - Croton Falls,0.1,1984,Unknown,Kaplan,GSA,NA,22,130,NA,NA,020301010204,36079
hc7166_p01,hc7166_p01_2,Croton Falls,41.3569,-73.6563,Edward W. Kelly,HY,NA,NA,2,01 - Croton Falls,0.03,1992,Unknown,Kaplan,GSA,NA,22,40,NA,NA,020301010204,36079
hc7167_p01,hc7167_p01_1,Five Bears Diversion,40.0018,-120.7037,"Five Bears Hydro, Inc.",HY,NA,NA,1,01 - Five Bears,0.935,1989,Unknown,Unknown,NA,NA,1400,1250,NA,NA,1.80201E+11,06063
hc7168_p01,hc7168_p01_1,Mud Creek Diversion,39.8389,-121.7677,Mud Creek Hydro Partners,HY,NA,NA,1,01 - Mud Creek,0.15,1982,Unknown,Unknown,NA,NA,NA,NA,NA,NA,1.80202E+11,06007
hc7168_p01,hc7168_p01_2,Mud Creek Diversion,39.8389,-121.7677,Mud Creek Hydro Partners,HY,NA,NA,2,01 - Mud Creek,0.15,1982,Unknown,Pelton,NA,NA,176,200,NA,NA,1.80202E+11,06007
hc7169_p01,hc7169_p01_1,Verdugo Metropolitan Powerhouse,34.1593,-118.2548,City of Glendale,HY,NA,NA,1,01 - Verdugo Metropolitan,0.4,NA,Unknown,Unknown,NA,NA,NA,NA,NA,NA,1.80701E+11,06037
hc7170_p01,hc7170_p01_1,Hackett Mills,44.0884,-70.3337,Hackett Mills Hydro Associates,HY,NA,NA,1,01 - Hackett Mills,0.485,1986,Unknown,Kaplan,Neyrpic,NA,15.8,650,NA,NA,010400020910,23001
hc7171_p01,hc7171_p01_1,Canyon Creek,45.087221,-121.996238,Douglas Water Power Company,HY,NA,NA,1,01 - Canyon Creek,0.075,1985,Unknown,Pelton,Pelton Water Wheel Company,NA,405,100,NA,NA,1.709E+11,41005
hc7172_p01,hc7172_p01_1,A J Allen,39.4893,-106.6578,BURFORD JUDITH A,HY,NA,NA,1,01 - A J Allen,0.008,1929,Unknown,Pelton,NA,NA,155,NA,NA,NA,1.401E+11,08037
hc7173_p01,hc7173_p01_1,Russell Mill Pond,41.9172,-70.627,Michael & Janice Goodman,HY,NA,NA,1,01 - Russell Mill Pond,0.015,1983,Unknown,Francis,NA,NA,NA,20,NA,NA,010900020106,25023
hc7174_p01,hc7174_p01_1,Lakeport,43.5486,-71.4655,Lakeport Hydroelectric Associates,HY,NA,NA,1,01 - Lakeport,0.235,1983,Unknown,Francis,NA,NA,11.5,313,NA,NA,010700020110,33001
hc7174_p01,hc7174_p01_2,Lakeport,43.5486,-71.4655,Lakeport Hydroelectric Associates,HY,NA,NA,2,01 - Lakeport,0.235,1983,Unknown,Francis,NA,NA,11.5,313,NA,NA,010700020110,33001
hc7174_p01,hc7174_p01_3,Lakeport,43.5486,-71.4655,Lakeport Hydroelectric Associates,HY,NA,NA,3,01 - Lakeport,0.235,1983,Unknown,Francis,NA,NA,11.5,313,NA,NA,010700020110,33001
hc7175_p01,hc7175_p01_1,Georgetown,42.4833,-111.3603,Georgetown Irrigation Company,HY,NA,NA,1,01 - Georgetown,0.48,1986,Unknown,Pelton,Gilbert Gilkes And Gordon,NA,214,619,NA,NA,1.60102E+11,16007
hc7176_p01,hc7176_p01_1,Eckert Powerhouse,41.265,-123.663,David W. Eckert,HY,NA,NA,1,01 - Eckert,0.0009,1983,Unknown,Pelton,Dan Harris,NA,461,0.7,NA,NA,1.80102E+11,06093
hc7177_p01,hc7177_p01_1,Upper Birch Creek,42.8522,-114.8974,"Everand Jensen, Birch Creek Trout, Inc",HY,NA,NA,1,01 - Upper Birch Cr.,0.03,1984,Unknown,Kaplan,PACIFIC HYDRO WORKS,NA,35,40,NA,NA,1.70402E+11,16047
hc7178_p01,hc7178_p01_1,Lower Birch Creek,42.8517,-114.9004,"Everand Jensen, Birch Creek Trout, Inc",HY,NA,NA,1,01 - Lower Birch Cr.,0.056,1984,Unknown,Pump,BYRON JACKSON,NA,57,75,NA,NA,1.70402E+11,16047
hc7179_p01,hc7179_p01_1,Winooski No. 8,44.2381,-72.5254,Winooski Hydroelectric Company,HY,NA,NA,1,01 - Winooski No. 8,0.06,1985,Unknown,Pump,ITT-Flygt Corp.,NA,30,90,NA,NA,041504030204,50023
hc7179_p01,hc7179_p01_2,Winooski No. 8,44.2381,-72.5254,Winooski Hydroelectric Company,HY,NA,NA,2,01 - Winooski No. 8,0.27,1985,Unknown,Pump,ITT-Flygt Corp.,NA,34,400,NA,NA,041504030204,50023
hc7179_p01,hc7179_p01_3,Winooski No. 8,44.2381,-72.5254,Winooski Hydroelectric Company,HY,NA,NA,3,01 - Winooski No. 8,0.48,1985,Unknown,Pump,ITT-Flygt Corp.,NA,34,650,NA,NA,041504030204,50023
hc7180_p01,hc7180_p01_1,Eastman Brook,43.9695,-72.0796,"KC PITTSFIELD, LLC",HY,NA,NA,1,01 - Eastman Brook,0.1,1983,Unknown,Kaplan,Ossberger,NA,42,120,NA,NA,010801040201,33009
hc7181_p01,hc7181_p01_1,Neshonoc,43.9167,-91.0667,North American Hydro Inc,HY,NA,NA,1,01 - Neshonoc,0.175,1995,Unknown,Francis,SAMSON 40 SPECIAL,NA,17.7,235,NA,NA,070400060402,55063
hc7181_p01,hc7181_p01_2,Neshonoc,43.9167,-91.0667,North American Hydro Inc,HY,NA,NA,2,01 - Neshonoc,0.25,1995,Unknown,Francis,James Leffel & Co.,NA,17.5,335,NA,NA,070400060402,55063
hc7182_p01,hc7182_p01_1,Hardins,35.3823,-81.1853,"Steve Mason Enterprises, Inc.",HY,NA,NA,1,01 - Hardins,0.2,NA,Unknown,Kaplan,James Leffel & Co.,NA,12,316,NA,NA,030501020504,37071
hc7182_p01,hc7182_p01_2,Hardins,35.3823,-81.1853,"Steve Mason Enterprises, Inc.",HY,NA,NA,2,01 - Hardins,0.24,NA,Unknown,Kaplan,James Leffel & Co.,NA,14,410,NA,NA,030501020504,37071
hc7182_p01,hc7182_p01_3,Hardins,35.3823,-81.1853,"Steve Mason Enterprises, Inc.",HY,NA,NA,3,01 - Hardins,0.28,NA,Unknown,Kaplan,James Leffel & Co.,NA,14,410,NA,NA,030501020504,37071
hc7183_p01,hc7183_p01_1,Box Canyon,42.7083,-114.8583,"Clear Springs Foods, Inc.",HY,NA,NA,1,01 - Box Canyon,0.188,1983,Unknown,Kaplan,Allis-Chalmers,NA,26.5,218,NA,NA,1.70402E+11,16083
hc7183_p01,hc7183_p01_2,Box Canyon,42.7083,-114.8583,"Clear Springs Foods, Inc.",HY,NA,NA,2,01 - Box Canyon,0.188,1983,Unknown,Kaplan,Allis-Chalmers,NA,26.5,218,NA,NA,1.70402E+11,16083
hc7183_p01,hc7183_p01_3,Box Canyon,42.7083,-114.8583,"Clear Springs Foods, Inc.",HY,NA,NA,3,01 - Box Canyon,0.188,1983,Unknown,Kaplan,Allis-Chalmers,NA,26.5,218,NA,NA,1.70402E+11,16083
hc7184_p01,hc7184_p01_1,Goose Valley Powerhouse,40.9222,-121.7235,"George P. Denny, III",HY,NA,NA,1,01 - Goose Valley,0.065,NA,Unknown,Unknown,NA,NA,NA,NA,NA,NA,1.802E+11,06089
hc7184_p01,hc7184_p01_2,Goose Valley Powerhouse,40.9222,-121.7235,"George P. Denny, III",HY,NA,NA,2,01 - Goose Valley,0.159,NA,Unknown,Unknown,NA,NA,NA,NA,NA,NA,1.802E+11,06089
hc7185_p01,hc7185_p01_1,Spellenberg,40.7802,-123.459,"Bidden Creek Bores Properties, LLC",HY,NA,NA,1,01 - Spellenberg,0.022,NA,Unknown,Unknown,NA,NA,NA,NA,NA,NA,1.80102E+11,06105
hc7186_p01,hc7186_p01_1,Cox Lake,35.7605,-79.7536,Cox H. Bruce,HY,NA,NA,1,01 - Cox Lake,0.125,1986,Unknown,Francis,S. Morgan Smith,NA,20,335,NA,NA,030300030110,37151
hc7186_p01,hc7186_p01_2,Cox Lake,35.7605,-79.7536,Cox H. Bruce,HY,NA,NA,2,01 - Cox Lake,0.25,1986,Unknown,Francis,S. Morgan Smith,NA,20,335,NA,NA,030300030110,37151
hc7187_p01,hc7187_p01_1,Indian Falls,44.2028,-75.7908,Kinetic Energy LLC,HY,NA,NA,1,01 - Indian Falls,0.15,1986,Unknown,Kaplan,Essex Turbine,NA,15,200,NA,NA,041503030401,36045
hc7187_p01,hc7187_p01_2,Indian Falls,44.2028,-75.7908,Kinetic Energy LLC,HY,NA,NA,2,01 - Indian Falls,0.25,1986,Unknown,Kaplan,Essex Turbine,NA,15,335,NA,NA,041503030401,36045
hc7187_p01,hc7187_p01_3,Indian Falls,44.2028,-75.7908,Kinetic Energy LLC,HY,NA,NA,3,01 - Indian Falls,0.25,1986,Unknown,Kaplan,Essex Turbine,NA,15,335,NA,NA,041503030401,36045
hc7188_p01,hc7188_p01_1,Little Butte Ranch,42.391127,-122.490694,William W. Smith,HY,NA,NA,1,01 - Little Butte Ranch,0.027,1983,Unknown,Francis,James Leffel & Co.,NA,15,NA,NA,NA,1.71003E+11,41029
hc7189_p01,hc7189_p01_1,Tetrick Powerhouse,40.5833,-122.0833,Steve and Bonnie Tetrick,HY,NA,NA,1,01 - Tetrick,0.1,NA,Unknown,Francis,NA,NA,40,NA,NA,NA,1.80202E+11,06089
hc7190_p01,hc7190_p01_1,Lake Creek No 1,42.1583,-123.4708,"Mountain Energy, Inc.",HY,NA,NA,1,01 - Lake Creek No. 1,0.05,1984,Unknown,Pelton,NA,NA,174,84,NA,NA,1.71003E+11,41033
hc7191_p01,hc7191_p01_1,Monadnock,42.9998,-71.9266,"Monadnock Paper Mills, Inc.",HY,NA,NA,1,01 - Monadnock,0.125,1915,Unknown,Kaplan,James Leffel & Co.,NA,17,146,NA,NA,010700030108,33011
hc7191_p01,hc7191_p01_2,Monadnock,42.9998,-71.9266,"Monadnock Paper Mills, Inc.",HY,NA,NA,2,01 - Monadnock,0.3,1915,Unknown,Kaplan,Dominion,NA,17,400,NA,NA,010700030108,33011
hc7192_p01,hc7192_p01_1,Pierce Mill,43.0023,-71.9258,"Monadnock Paper Mills, Inc.",HY,NA,NA,1,01 - Pierce,0.22,1915,Unknown,Kaplan,James Leffel & Co.,NA,23,310,NA,NA,010700030108,33011
hc7192_p01,hc7192_p01_2,Pierce Mill,43.0023,-71.9258,"Monadnock Paper Mills, Inc.",HY,NA,NA,2,01 - Pierce,0.55,1920,Unknown,Kaplan,James Leffel & Co.,NA,23,670,NA,NA,010700030108,33011
hc7193_p01,hc7193_p01_1,Paper Mill,43.0057,-71.9276,"Monadnock Paper Mills, Inc.",HY,NA,NA,1,01 - Paper Mill,0.75,1920,Unknown,Francis,Rodney Hunt,NA,27,1000,NA,NA,010700030108,33011
hc7195_p01,hc7195_p01_1,Raeford Dam and Fuseplug,34.9581,-79.0009,"Lake Upchurch Power, Inc",HY,NA,NA,1,"01 - Lake Upchurch Power, Inc.",0.26,NA,Unknown,Francis,NA,NA,28,750,NA,NA,030300040607,37051
hc7195_p01,hc7195_p01_2,Raeford Dam and Fuseplug,34.9581,-79.0009,"Lake Upchurch Power, Inc",HY,NA,NA,2,"01 - Lake Upchurch Power, Inc.",0.3,NA,Unknown,Francis,NA,NA,28,750,NA,NA,030300040607,37051
hc7196_p01,hc7196_p01_1,Bridal Veil,37.8747,-107.7745,NEWMONT MINING CORPORATION,HY,NA,NA,1,01 - Bridal Veil,0.5,NA,Unknown,Pelton,NA,NA,NA,NA,NA,NA,1.403E+11,08113
hc7197_p01,hc7197_p01_1,Spencer Lake,48.5541,-122.8132,Seattle Pacific University,HY,NA,NA,1,01 - Spencer Lake,0.04,1983,Unknown,Pelton,NA,NA,200,54,NA,NA,1.711E+11,53055
hc7198_p01,hc7198_p01_1,Cascade Creek,45.4699,-110.5572,James Walker Sievers,HY,NA,NA,1,01 - Cascade Creek,0.075,1983,Unknown,Pelton,Small Hydroelectric Systems,NA,860,NA,NA,NA,1.007E+11,30067
hc7199_p01,hc7199_p01_1,Macks Creek,43.7889,-115.9946,Marvenna Hodgins,HY,NA,NA,1,01 - Mack's Creek,0.0075,1983,Unknown,Pelton,Unknown,NA,100,NA,NA,NA,1.70501E+11,16015
hc7200_p01,hc7200_p01_1,Prather Creek,41.773944,-122.106043,"Ralphs Ranches, Inc.",HY,NA,NA,1,01 - Prather Creek,0.1,1983,Unknown,Pelton,Hydro -Stock,NA,517,NA,NA,NA,1.80102E+11,06093
hc7201_p01,hc7201_p01_1,Big Elk Creek Ymca,43.1667,-111.0833,Idaho Falls Family YMCA,HY,NA,NA,1,01 - Big Elk Creek Ymca,0.0075,1989,Unknown,Pelton,NA,NA,200,NA,NA,NA,1.70401E+11,16019
hc7202_p01,hc7202_p01_1,Philipsburg Lower,46.3336,-113.2555,Town of Phillipsburg,HY,NA,NA,1,01 - Philipsburg Lower,0.1,1982,Unknown,Pelton,"Edelman Enterprises, Inc.",NA,NA,NA,NA,NA,1.70102E+11,30039
hc7203_p01,hc7203_p01_1,Philipsburg Upper,46.3255,-113.2598,Town of Phillipsburg,HY,NA,NA,1,01 - Philipsburg Upper,0.1,1983,Unknown,Pelton,"Edelman Enterprises, Inc.",NA,NA,NA,NA,NA,1.70102E+11,30039
hc7204_p01,hc7204_p01_1,Thayn,39.081,-110.1407,Lee Thayn,HY,NA,NA,1,01 - Thayn,0.2,NA,Unknown,Kaplan,NA,NA,9,149.13999999999999,NA,NA,1.406E+11,49015
hc7204_p01,hc7204_p01_2,Thayn,39.081,-110.1407,Lee Thayn,HY,NA,NA,2,01 - Thayn,0.2,NA,Unknown,Kaplan,NA,NA,9,149.13999999999999,NA,NA,1.406E+11,49015
hc7206_p01,hc7206_p01_1,Doug Hull,42.5384,-114.564,Doug Hull,HY,NA,NA,1,01 - Doug Hull,0.022,NA,Unknown,Unknown,NA,NA,NA,NA,NA,NA,1.70402E+11,16083
hc7206_p01,hc7206_p01_2,Doug Hull,42.5384,-114.564,Doug Hull,HY,NA,NA,2,01 - Doug Hull,0.045,NA,Unknown,Unknown,NA,NA,NA,NA,NA,NA,1.70402E+11,16083
hc7206_p01,hc7206_p01_3,Doug Hull,42.5384,-114.564,Doug Hull,HY,NA,NA,3,01 - Doug Hull,0.045,NA,Unknown,Unknown,NA,NA,NA,NA,NA,NA,1.70402E+11,16083
hc7206_p01,hc7206_p01_4,Doug Hull,42.5384,-114.564,Doug Hull,HY,NA,NA,4,01 - Doug Hull,0.149,NA,Unknown,Unknown,NA,NA,NA,NA,NA,NA,1.70402E+11,16083
hc7207_p01,hc7207_p01_1,Days Mill,43.4575,-70.6066,James Quincy,HY,NA,NA,1,01 - Days Mill,0.03,1985,Unknown,Francis,NA,NA,12,40,NA,NA,010600030101,23031
hc7208_p01,hc7208_p01_1,Coneross Dam,34.6347,-82.9694,Coneross Power Corp,HY,NA,NA,1,01 - Coneross,0.106,1984,Unknown,Francis,Ingersol Rand,NA,62,75,NA,NA,030601010503,45073
hc7208_p01,hc7208_p01_2,Coneross Dam,34.6347,-82.9694,Coneross Power Corp,HY,NA,NA,2,01 - Coneross,0.243,1984,Unknown,Kaplan,Ingersol Rand,NA,62,349,NA,NA,030601010503,45073
hc7208_p01,hc7208_p01_3,Coneross Dam,34.6347,-82.9694,Coneross Power Corp,HY,NA,NA,3,01 - Coneross,0.54,1984,Unknown,Kaplan,Ingersol Rand,NA,62,776,NA,NA,030601010503,45073
hc7209_p01,hc7209_p01_1,Avery,43.5345,-71.4681,Ashuelot River Hydro Inc.,HY,NA,NA,1,01 - Avery,0.2,1986,Unknown,Pump,Flygt,NA,9,266,NA,NA,010700020110,33001
hc7209_p01,hc7209_p01_2,Avery,43.5345,-71.4681,Ashuelot River Hydro Inc.,HY,NA,NA,2,01 - Avery,0.235,1986,Unknown,Pump,Flygt,NA,9,313,NA,NA,010700020110,33001
hc7210_p01,hc7210_p01_1,Dog River,44.1534,-72.6551,Nantana Mills Dam Partnership,HY,NA,NA,1,01 - Northfield,0.111,1985,Unknown,Unknown,NA,NA,NA,NA,NA,NA,041504030402,50023
hc7210_p01,hc7210_p01_2,Dog River,44.1534,-72.6551,Nantana Mills Dam Partnership,HY,NA,NA,2,01 - Northfield,0.111,1985,Unknown,Unknown,NA,NA,NA,NA,NA,NA,041504030402,50023
hc7211_p01,hc7211_p01_1,Sixmile Creek Diversion,39.2121,-111.6073,"BMB Enterprises, Inc.",HY,NA,NA,1,01 - Sixmile Creek,0.325,NA,Unknown,Unknown,NA,NA,NA,NA,NA,NA,1.603E+11,49039
hc7211_p01,hc7211_p01_2,Sixmile Creek Diversion,39.2121,-111.6073,"BMB Enterprises, Inc.",HY,NA,NA,2,01 - Sixmile Creek,0.325,NA,Unknown,Unknown,NA,NA,NA,NA,NA,NA,1.603E+11,49039
hc7212_p01,hc7212_p01_1,Joint Water Line Powerhouse,34.0393,-117.8283,Walnut Valley Water District,HY,NA,NA,1,01 - Joint Water Line,0.077,1984,Unknown,Unknown,NA,NA,123,NA,NA,NA,1.80701E+11,06037
hc7212_p01,hc7212_p01_2,Joint Water Line Powerhouse,34.0393,-117.8283,Walnut Valley Water District,HY,NA,NA,2,01 - Joint Water Line,0.105,1984,Unknown,Unknown,NA,NA,123,NA,NA,NA,1.80701E+11,06037
hc7213_p01,hc7213_p01_1,Pownal,42.7953,-73.2642,"HOOSIC RIVER HYDRO, LLC.",HY,NA,NA,1,01 - Pownal,0.4,1947,Unknown,Francis,Rodney Hunt,NA,19,600,NA,NA,020200030803,50003
hc7214_p01,hc7214_p01_1,Snow Creek Diversion,33.8667,-116.6819,Desert Water Agency,HY,NA,NA,1,01 - Snow Creek,0.4,1988,Unknown,Francis,NA,NA,795,NA,NA,NA,1.81002E+11,06065
hc7215_p01,hc7215_p01_1,South Rivanna,38.1043,-78.4678,Rivanna Water & Sewer Authority,HY,NA,NA,1,01 - South Rivanna,1.07,1991,Unknown,Kaplan,Allis-Chalmers,NA,60,1333,NA,NA,020802040203,51003
hc7216_p01,hc7216_p01_1,Adams,43.8069,-76.019,"Trafalgar Power, Inc.",HY,NA,NA,1,01 - Adams,0.387,1987,Unknown,Kaplan,ESAC,NA,16.399999999999999,440,NA,NA,041401020304,36045
hc7217_p01,hc7217_p01_1,Cinnamon Ranch,37.6978,-118.3738,Richard Moss,HY,NA,NA,1,01 - Cinnamon Ranch,0.175,1960,Unknown,Pelton,NA,NA,600,NA,NA,NA,1.80901E+11,06051
hc7219_p01,hc7219_p01_1,Middle Greenwich,43.0862,-73.4957,Batten Kill Hydro Associates,HY,NA,NA,1,01 - Middle Greenwich,0.3,1989,Unknown,Pump,Flygt,NA,12,400,NA,NA,020200030303,36115
hc7220_p01,hc7220_p01_1,Upper Greenwich,43.0906,-73.4952,Batten Kill Hydro Associates,HY,NA,NA,1,01 - Upper Greenwich,0.287,1988,Unknown,Pump,Flygt,NA,11,400,NA,NA,020200030303,36115
hc7220_p01,hc7220_p01_2,Upper Greenwich,43.0906,-73.4952,Batten Kill Hydro Associates,HY,NA,NA,2,01 - Upper Greenwich,0.287,1988,Unknown,Pump,Flygt,NA,11,400,NA,NA,020200030303,36115
hc7221_p01,hc7221_p01_1,T & G Hydro,40.682511,-121.868058,G. Neil Tocher and Missy Tocher,HY,NA,NA,1,01 - T & G Hydro,0.35,1984,Unknown,Pelton,GE,NA,600,NA,NA,NA,1.80202E+11,06089
hc7222_p01,hc7222_p01_1,Peter Ranch Powerhouse,40.1222,-120.7897,James B. Peter,HY,NA,NA,1,01 - Peter Ranch,0.037,1996,Unknown,Pelton,NA,NA,110,NA,NA,NA,1.80201E+11,06063
hc7223_p01,hc7223_p01_1,Garland Mill,44.4729,-71.4799,Thomas R. & Harrison T. Southworth,HY,NA,NA,1,01 - Garland Mill,0.022,1982,Unknown,Francis,S. Morgan Smith,NA,10,20,NA,NA,010801010804,33007
hc7224_p01,hc7224_p01_1,Whitefish - Third Creek Diversion,48.4693,-114.3087,City of Whitefish,HY,NA,NA,1,01 - Whitefish Water Power,0.19,1983,Unknown,Pelton,Hyteck Hydro,NA,615,NA,NA,NA,1.70102E+11,30029
hc7225_p01,hc7225_p01_1,Little Bear Creek Diversion,39.215,-120.8142,HOLLY PARRISH AND KEVIN BEZNER,HY,NA,NA,1,01 - Little Bear Creek,0.01,1964,Unknown,Unknown,NA,NA,10,NA,NA,NA,1.80201E+11,06061
hc7226_p01,hc7226_p01_1,Water Street,44.7954,-122.7927,Santiam Water Control District,HY,NA,NA,1,01 - Water Street,0.02,1985,Unknown,Pump,NA,NA,NA,NA,NA,NA,1.709E+11,41047
hc7226_p01,hc7226_p01_2,Water Street,44.7954,-122.7927,Santiam Water Control District,HY,NA,NA,2,01 - Water Street,0.055,1985,Unknown,Pump,NA,NA,NA,NA,NA,NA,1.709E+11,41047
hc7226_p01,hc7226_p01_3,Water Street,44.7954,-122.7927,Santiam Water Control District,HY,NA,NA,3,01 - Water Street,0.055,1985,Unknown,Pump,NA,NA,NA,NA,NA,NA,1.709E+11,41047
hc7226_p01,hc7226_p01_4,Water Street,44.7954,-122.7927,Santiam Water Control District,HY,NA,NA,4,01 - Water Street,0.055,1985,Unknown,Pump,NA,NA,NA,NA,NA,NA,1.709E+11,41047
hc7227_p01,hc7227_p01_1,Franklin Falls,43.4428,-71.6498,Franklin Falls Hydro Electric Corporation,HY,NA,NA,1,01 - Franklin Falls #1,0.3,1935,Unknown,Francis,Rodney Hunt,NA,15,450,NA,NA,010700020202,33013
hc7227_p01,hc7227_p01_2,Franklin Falls,43.4428,-71.6498,Franklin Falls Hydro Electric Corporation,HY,NA,NA,2,03 - Franklin Falls #3,0.18,1984,Unknown,Pump,Essex Turbine,NA,15,300,NA,NA,010700020202,33013
hc7227_p01,hc7227_p01_3,Franklin Falls,43.4428,-71.6498,Franklin Falls Hydro Electric Corporation,HY,NA,NA,3,02 - Franklin Falls #2,0.2,1984,Unknown,Pump,Essex Turbine,NA,15,300,NA,NA,010700020202,33013
hc7228_p01,hc7228_p01_1,Water Wheel Ranch,40.7805,-121.8762,McMillan Hydro Co.,HY,NA,NA,1,01 - Water Wheel Ranch No. 1,0.199,NA,Unknown,Pelton,NA,NA,NA,NA,NA,NA,1.80202E+11,06089
hc7228_p01,hc7228_p01_2,Water Wheel Ranch,40.7805,-121.8762,McMillan Hydro Co.,HY,NA,NA,2,02 - Water Wheel Ranch No. 2,0.3,NA,Unknown,Pelton,NA,NA,NA,NA,NA,NA,1.80202E+11,06089
hc7228_p01,hc7228_p01_3,Water Wheel Ranch,40.7805,-121.8762,McMillan Hydro Co.,HY,NA,NA,3,01 - Water Wheel Ranch No. 1,0.5,NA,Unknown,Pelton,NA,NA,NA,NA,NA,NA,1.80202E+11,06089
hc7230_p01,hc7230_p01_1,Weber Flat No. 1,40.8694,-122.89,"Pan Pacific Hydro, Inc.",HY,NA,NA,1,01 - Weber Flat,0.75,1983,Unknown,Unknown,Hayward Tyler,NA,490,800,NA,NA,1.80102E+11,06105
hc7232_p01,hc7232_p01_1,Newton Falls Lower,44.2121,-74.9989,"Erie Boulevard Hydropower, LP",HY,NA,NA,1,01 - Newton Falls Lower,0.68,1918,Unknown,Francis,James Leffel & Co.,NA,22,900,NA,NA,041503020601,36089
hc7233_p01,hc7233_p01_1,Charcoal Ravine,39.5608,-120.7032,Nancy A. and Louis E. Peshette,HY,NA,NA,1,01 - Charcoal Ravine,0.058,NA,Unknown,Pelton,NA,NA,240,NA,NA,NA,1.80201E+11,06091
hc7236_p01,hc7236_p01_1,Halls Brook,44.0503,-72.0911,White Oak Power Company,HY,NA,NA,1,01 - Halls Brook,0.005,1986,Unknown,Kaplan,S.R.J. Thanhauser,NA,17,10,NA,NA,010801030702,50017
hc7237_p01,hc7237_p01_1,Clover Leaf Ranch,40.702995,-121.933244,"Shamrock Utilities, LLC",HY,NA,NA,1,01 - Clover Leaf Ranch,0.224,1985,Unknown,Pelton,Norris Steel Fabrication,NA,127,300,NA,NA,1.80202E+11,06089
hc7238_p01,hc7238_p01_1,Wolf Creek,45.4931,-122.7917,Tualatin Valley Water District,HY,NA,NA,1,01 - Wolf Creek,0.12,1983,Unknown,Pump,Worthington,NA,88,156,NA,NA,1.709E+11,41067
hc7239_p01,hc7239_p01_1,Lower Cold Springs Powerhouse,41.9298,-122.3525,J. N. and H.E. Foster and R.Z. Walker,HY,NA,NA,1,01 - Lower Cold Springs,0.09,1984,Unknown,Pelton,Kato Engineering,NA,NA,NA,NA,NA,1.80102E+11,06001
hc7240_p01,hc7240_p01_1,Boulder Creek,47.8049,-113.9982,Confederated Salish and Kootenai Tribes,HY,NA,NA,1,01 - Boulder Creek,0.35,1984,Unknown,Pelton,Gilbert Gilkes And Gordon,NA,600,456,NA,NA,1.70102E+11,30047
hc7241_p01,hc7241_p01_1,San Francisco Peak Powerhouse,33.1708,-117.2617,City of Oceanside,HY,NA,NA,1,01 - San Francisco Peak,0.093,1983,Unknown,Francis,NA,NA,340,120,NA,NA,1.80703E+11,06073
hc7241_p01,hc7241_p01_2,San Francisco Peak Powerhouse,33.1708,-117.2617,City of Oceanside,HY,NA,NA,2,01 - San Francisco Peak,0.112,1985,Unknown,Francis,NA,NA,340,148,NA,NA,1.80703E+11,06073
hc7241_p01,hc7241_p01_3,San Francisco Peak Powerhouse,33.1708,-117.2617,City of Oceanside,HY,NA,NA,3,01 - San Francisco Peak,0.22,1990,Unknown,Francis,NA,NA,340,295,NA,NA,1.80703E+11,06073
hc7242_p01,hc7242_p01_1,Assabet,42.4407,-71.4316,"Acton Hydro Company, Inc.",HY,NA,NA,1,01 - Assabet,0.178,1923,Unknown,Francis,James Leffel & Co.,NA,12.5,240,NA,NA,010700050204,25017
hc7243_p01,hc7243_p01_1,Arbuckle Mountain,40.4095,-122.8813,"Arbuckle Mountain Hydro, LLC",HY,NA,NA,1,01 - Arbuckle Mountain,0.4,1986,Unknown,Kaplan,NA,NA,55,450,NA,NA,1.80202E+11,06089
hc7244_p01,hc7244_p01_1,Green Lake,44.6259,-68.4451,Green Lake Water Power Company,HY,NA,NA,1,01 - Green Lake,0.4,1984,Unknown,Francis,Allis-Chalmers,NA,50,535,NA,NA,010500021214,23009
hc7244_p01,hc7244_p01_2,Green Lake,44.6259,-68.4451,Green Lake Water Power Company,HY,NA,NA,2,01 - Green Lake,0.1,1987,Unknown,Francis,S. Morgan Smith,NA,50,135,NA,NA,010500021214,23009
hc7245_p01,hc7245_p01_1,Canyon Creek Diversion,38.9413,-120.8908,Eagle Hydro Partners,HY,NA,NA,1,01 - Canyon Creek,0.615,1985,Unknown,Pelton,NA,NA,880,800,NA,NA,1.80201E+11,NA
hc7246_p01,hc7246_p01_1,Spring Creek Diversion,45.811957,-121.494665,Lane W. Smith,HY,NA,NA,1,01 - Spring Creek,0.005,1991,Unknown,Pump,NA,NA,13,10,NA,NA,1.70701E+11,53039
hc7247_p01,hc7247_p01_1,Fallasburg Dam,42.962,-85.331,STS HydroPower Ltd.,HY,NA,NA,1,01 - Fallasburg,0.45,1983,Unknown,Francis,James Leffel & Co.,NA,34,390,NA,NA,040500060209,26081
hc7247_p01,hc7247_p01_2,Fallasburg Dam,42.962,-85.331,STS HydroPower Ltd.,HY,NA,NA,2,01 - Fallasburg,0.45,1983,Unknown,Francis,James Leffel & Co.,NA,34,390,NA,NA,040500060209,26081
hc7248_p01,hc7248_p01_1,Forster's Mill,43.3355,-71.9529,"Otter Lane Hydro, LLC",HY,NA,NA,1,01 - Forsters' Mill,0.112,1984,Unknown,Kaplan,Ossberger,NA,65,146,NA,NA,010700030403,33013
hc7249_p01,hc7249_p01_1,Dalesmoore Plantation,33.0789,-84.6142,Forbes H. Mathews,HY,NA,NA,1,01 - Dalesmoore Plantation,0.096,1958,Unknown,Francis,James Leffel & Co.,NA,15,200,NA,NA,031300050505,13199
hc7250_p01,hc7250_p01_1,Giles Pond,43.4952,-71.6444,Franklin Falls Hydro Electric Corporation,HY,NA,NA,1,01 - Giles Pond,0.125,1985,Unknown,Pump,NA,NA,96,166,NA,NA,010700010802,33013
hc7250_p01,hc7250_p01_2,Giles Pond,43.4952,-71.6444,Franklin Falls Hydro Electric Corporation,HY,NA,NA,2,01 - Giles Pond,0.125,1985,Unknown,Pump,NA,NA,96,166,NA,NA,010700010802,33013
hc7250_p01,hc7250_p01_3,Giles Pond,43.4952,-71.6444,Franklin Falls Hydro Electric Corporation,HY,NA,NA,3,01 - Giles Pond,0.125,1985,Unknown,Pump,NA,NA,96,166,NA,NA,010700010802,33013
hc7251_p01,hc7251_p01_1,Sebec,45.2701294,-69.1153612,Ampersand Sebec Lake Hydro LLC,HY,NA,NA,1,01 - Sebec,0.317,1984,Unknown,Francis,Hydresac,NA,14,442,NA,NA,010200040312,23021
hc7251_p01,hc7251_p01_2,Sebec,45.2701294,-69.1153612,Ampersand Sebec Lake Hydro LLC,HY,NA,NA,2,01 - Sebec,0.55,1984,Unknown,Francis,Hydresac,NA,14,733,NA,NA,010200040312,23021
hc7252_p01,hc7252_p01_1,West Dudley,42.0501,-71.9817,"A & D Hydro, Inc.",HY,NA,NA,1,01 - West Dudley,0.104,1984,Unknown,Kaplan,Flygt,NA,13,140,NA,NA,011000010105,25027
hc7252_p01,hc7252_p01_2,West Dudley,42.0501,-71.9817,"A & D Hydro, Inc.",HY,NA,NA,2,01 - West Dudley,0.105,1984,Unknown,Kaplan,A & D,NA,13,140,NA,NA,011000010105,25027
hc7252_p01,hc7252_p01_3,West Dudley,42.0501,-71.9817,"A & D Hydro, Inc.",HY,NA,NA,3,01 - West Dudley,0.137,1984,Unknown,Kaplan,A & D,NA,13,180,NA,NA,011000010105,25027
hc7253_p01,hc7253_p01_1,Woodside,44.6321,-72.6276,Mr. & Mrs. Robert M. Woodside,HY,NA,NA,1,01 - Woodside,0.125,1987,Unknown,Kaplan,Ossberger,NA,9.8000000000000007,200,NA,NA,041504050301,50015
hc7254_p01,hc7254_p01_1,Elmer Smith,37.7943,-87.0655,Owensboro Municipal Utilities,HY,NA,NA,1,01 - Elmer Smith,0.903,1985,Unknown,Kaplan,NA,NA,28,1133,NA,NA,051402011202,21059
hc7255_p01,hc7255_p01_1,Lake Algonquin,43.3902,-74.2926,"Town of Wells, NY",HY,NA,NA,1,01 - Lake Algonquin,0.698,1987,Unknown,Kaplan,Hydrolec,NA,14,992,NA,NA,020200020306,36041
hc7256_p01,hc7256_p01_1,Luckey Hydro Powerhouse,41.9333,-122.3533,Howard P. Luckey,HY,NA,NA,1,01 - Luckey Hydro,0.05,NA,Unknown,Unknown,NA,NA,NA,NA,NA,NA,1.80102E+11,06093
hc7257_p01,hc7257_p01_1,CPUD Pipeline,38.2667,-120.6333,Calaveras Public Utility District,HY,NA,NA,1,01 - Ponderosa,0.09325,1984,Unknown,Unknown,Cornell,NA,423,122,NA,NA,1.804E+11,06001
hc7257_p01,hc7257_p01_2,CPUD Pipeline,38.2667,-120.6333,Calaveras Public Utility District,HY,NA,NA,2,03 - Garamendi,0.09325,1984,Unknown,Unknown,Cornell,NA,454,89,NA,NA,1.804E+11,06001
hc7257_p01,hc7257_p01_3,CPUD Pipeline,38.2667,-120.6333,Calaveras Public Utility District,HY,NA,NA,3,02 - Main Control Valve,0.09325,1984,Unknown,Unknown,Cornell,NA,428,124,NA,NA,1.804E+11,06001
hc7258_p01,hc7258_p01_1,Zilm Powerhouse,39.4229,-107.3042,Charlotte B. and William M. Zilm,HY,NA,NA,1,01 - Zilm,0.02,NA,Unknown,Unknown,NA,NA,NA,NA,NA,NA,1.401E+11,08045
hc7259_p01,hc7259_p01_1,Denny Creek,42.3667,-122,Cameron & Deanna Curtiss,HY,NA,NA,1,01 - Denny Creek,0.075,1983,Unknown,Francis,James Leffel & Co.,NA,72,NA,NA,NA,1.80102E+11,41035
hc7260_p01,hc7260_p01_1,Martinsville Upper,43.5368,-72.4018,"Jay (John L.) Boeri, Jr.",HY,NA,NA,1,01 - Martinsville Upper,0.125,1986,Unknown,Kaplan,NA,NA,NA,NA,NA,NA,010801060302,50027
hc7260_p01,hc7260_p01_2,Martinsville Upper,43.5368,-72.4018,"Jay (John L.) Boeri, Jr.",HY,NA,NA,2,01 - Martinsville Upper,0.125,1986,Unknown,Kaplan,NA,NA,NA,NA,NA,NA,010801060302,50027
hc7261_p01,hc7261_p01_1,Turtle Rock/Quail Hill Powerhouse,33.6583,-117.8137,Irvine Ranch Water District,HY,NA,NA,1,01 - Turtle Rock / Quail Hill,0.224,1983,Unknown,Pump,NA,NA,NA,300,NA,NA,1.80702E+11,06059
hc7263_p01,hc7263_p01_1,Union Street,42.8872,-71.9839,American Hydro Power Company,HY,NA,NA,1,01 - Union Street,0.26,1989,Unknown,Pump,NA,NA,31,345,NA,NA,010700030103,33011
hc7264_p01,hc7264_p01_1,Kingsbury,44.3032,-72.4475,Kingsbury Hydroelectric Company,HY,NA,NA,1,01 - Kingsbury,0.02,NA,Unknown,Francis,NA,NA,NA,26.6,NA,NA,041504030203,50023
hc7264_p01,hc7264_p01_2,Kingsbury,44.3032,-72.4475,Kingsbury Hydroelectric Company,HY,NA,NA,2,01 - Kingsbury,0.1,NA,Unknown,Francis,NA,NA,NA,133,NA,NA,041504030203,50023
hc7264_p01,hc7264_p01_3,Kingsbury,44.3032,-72.4475,Kingsbury Hydroelectric Company,HY,NA,NA,3,01 - Kingsbury,0.1,NA,Unknown,Francis,NA,NA,NA,133,NA,NA,041504030203,50023
hc7265_p01,hc7265_p01_1,Portneuf Diversion,42.6237,-111.9949,"Commercial Energy Management, Inc.",HY,NA,NA,1,01 - Portneuf,0.9,1993,Unknown,Francis,Kumming Electrical Machinery W,NA,58,1206.4000000000001,NA,NA,1.70402E+11,16005
hc7266_p01,hc7266_p01_1,Marden Brook,44.457,-71.4921,Margaret Moser,HY,NA,NA,1,01 - Marden Brook,0.0055,1985,Unknown,Kaplan,Unknown,NA,11,7.5,NA,NA,010801010804,33007
hc7268_p01,hc7268_p01_1,Burt Dam,43.3137,-78.716,"Ampersand Olcott Harbor Hydro, LLC",HY,NA,NA,1,01 - Burt Dam,0.6,1987,Unknown,Francis,Barber,NA,46,820,NA,NA,041300010704,36063
hc7269_p01,hc7269_p01_1,Coleridge,35.639,-79.6173,"Deep River Hydro, Inc.",HY,NA,NA,1,01 - Coleridge,0.14,1986,Unknown,Francis,James Leffel & Co.,NA,19,101,NA,NA,030300030208,37151
hc7269_p01,hc7269_p01_2,Coleridge,35.639,-79.6173,"Deep River Hydro, Inc.",HY,NA,NA,2,01 - Coleridge,0.34,1986,Unknown,Francis,James Leffel & Co.,NA,19,416,NA,NA,030300030208,37151
hc7270_p01,hc7270_p01_1,CPUD Middle Fork,38.3848,-120.4425,Calaveras Public Utility District,HY,NA,NA,1,01 - CPUD Middle Fork,0.015,1985,Unknown,Francis,NA,NA,97,167.6,NA,NA,1.804E+11,06009
hc7270_p01,hc7270_p01_2,CPUD Middle Fork,38.3848,-120.4425,Calaveras Public Utility District,HY,NA,NA,2,01 - CPUD Middle Fork,0.215,1985,Unknown,Francis,NA,NA,97,167.6,NA,NA,1.804E+11,06009
hc7271_p01,hc7271_p01_1,Little Wood River,42.9635,-114.5659,"Arkoosh Hydro, Inc.",HY,NA,NA,1,01 - Little Wood River Ranch,0.318,1986,Unknown,Francis,Gilbert Gilkes And Gordon,NA,29,435,NA,NA,1.70402E+11,16063
hc7271_p01,hc7271_p01_2,Little Wood River,42.9635,-114.5659,"Arkoosh Hydro, Inc.",HY,NA,NA,2,01 - Little Wood River Ranch,0.696,1986,Unknown,Francis,Gilbert Gilkes And Gordon,NA,29,950,NA,NA,1.70402E+11,16063
hc7271_p02,hc7271_p02_1,"AJMS, LLC",42.963352,-114.566288,"AJMS, LLC",HY,66406,AJMS,1,NA,1.2,2015,Unknown,Unknown,NA,NA,NA,NA,NA,NA,1.70402E+11,16079
hc7272_p01,hc7272_p01_1,Maxwell Powerhouse,40.1333,-105.15,City of Boulder,HY,NA,NA,1,01 - Maxwell,0.068,1985,Unknown,Pump,NA,NA,200,91,NA,NA,1.019E+11,08013
hc7273_p01,hc7273_p01_01,Notre Dame Hydro,41.676093,-86.246154,University of Notre Dame,HY,62918,HYD1,1,NA,2.5,2022,NA,NA,NA,NA,NA,NA,0.2,10M,040500012205,NA
hc7274_p01,hc7274_p01_1,Burton Creek,46.54248,-121.74959,"Sollos Energy, LLC.",HY,NA,NA,1,01 - Burton,0.56,1996,Unknown,Pelton,Almanor Machine Works,NA,600,750,NA,NA,1.708E+11,53041
hc7276_p01,hc7276_p01_1,Jackson Mills,42.7635,-71.4645,"CITY OF NASHUA , NEW HAMPSHIRE",HY,NA,NA,1,01 - Jackson Mills,1,1984,Unknown,Kaplan,NA,NA,21,1463,NA,NA,010700040402,33011
hc7277_p01,hc7277_p01_1,Wight Brook,44.5777,-70.8644,James D. Sysko,HY,NA,NA,1,01 - Wight Brook,0.03,1984,Unknown,Pelton,Unknown,NA,296,40,NA,NA,010400020206,23017
hc7278_p01,hc7278_p01_1,Faulkner Hydro Plant,42.9583,-115.025,Faulkner Land & Livestock Co.,HY,NA,NA,1,01 - Faulkner Hydro Plant,0.87,1987,Unknown,Francis,Gilbert Gilkes And Gordon,NA,140,1163,NA,NA,1.70402E+11,16047
hc7279_p01,hc7279_p01_1,Whittles Mill Dam,36.8018,-78.1692,"Rockfish Corporation, Inc",HY,NA,NA,1,01 - Whittles Mill Dam,0.075,NA,Unknown,Unknown,NA,NA,NA,NA,NA,NA,030102040302,51117
hc7279_p01,hc7279_p01_2,Whittles Mill Dam,36.8018,-78.1692,"Rockfish Corporation, Inc",HY,NA,NA,2,01 - Whittles Mill Dam,0.095,NA,Unknown,Unknown,NA,NA,NA,NA,NA,NA,030102040302,51117
hc7280_p01,hc7280_p01_1,Buttermilk Falls,41.3699,-73.9627,"VILLAGE  HIGHLAND FALLS HP UTL, LDC",HY,NA,NA,1,01 - Buttermilk Falls,0.019,1986,Unknown,Kaplan,Ossberger,NA,96,26,NA,NA,020200080505,36071
hc7280_p01,hc7280_p01_2,Buttermilk Falls,41.3699,-73.9627,"VILLAGE  HIGHLAND FALLS HP UTL, LDC",HY,NA,NA,2,01 - Buttermilk Falls,0.06,1986,Unknown,Kaplan,Ossberger,NA,96,80,NA,NA,020200080505,36071
hc7282_p01,hc7282_p01_1,Jim Knight,42.9278,-114.61,Mutual Hydro Company,HY,NA,NA,1,01 - Jim Knight,0.063,1984,Unknown,Pump,Flygt,NA,20,NA,NA,NA,1.70402E+11,16047
hc7282_p01,hc7282_p01_2,Jim Knight,42.9278,-114.61,Mutual Hydro Company,HY,NA,NA,2,01 - Jim Knight,0.113,1984,Unknown,Pump,Flygt,NA,20,NA,NA,NA,1.70402E+11,16047
hc7282_p01,hc7282_p01_3,Jim Knight,42.9278,-114.61,Mutual Hydro Company,HY,NA,NA,3,01 - Jim Knight,0.113,1984,Unknown,Pump,Flygt,NA,20,NA,NA,NA,1.70402E+11,16047
hc7283_p01,hc7283_p01_1,O J Power Hydro,42.3498,-112.2463,O J Power Company,HY,NA,NA,1,01 - O J Power Hydro,0.188,1986,Unknown,Unknown,NA,NA,NA,NA,NA,NA,1.70402E+11,NA
hc7284_p01,hc7284_p01_1,Long Shoals,35.4131,-81.2422,"Steve Mason Enterprises, Inc.",HY,NA,NA,1,01 - Long Shoals,0.45,1984,Unknown,Francis,Barber,NA,16,500,NA,NA,030501020504,37109
hc7284_p01,hc7284_p01_2,Long Shoals,35.4131,-81.2422,"Steve Mason Enterprises, Inc.",HY,NA,NA,2,01 - Long Shoals,0.45,1984,Unknown,Francis,Barber,NA,16,500,NA,NA,030501020504,37109
hc7285_p01,hc7285_p01_1,Barney Creek,45.481,-110.5483,James Walker Sievers,HY,NA,NA,1,01 - Barney Creek,0.068,1985,Unknown,Pelton,Pelton Water Wheel Company,NA,830,NA,NA,NA,1.007E+11,30067
hc7287_p01,hc7287_p01_1,Ashuelot Paper,42.7897,-72.4556,Ashuelot River Hydro Inc.,HY,NA,NA,1,01 - Ashuelot Paper,0.27,1987,Unknown,Pump,Flygt,NA,15,400,NA,NA,010802010403,33005
hc7287_p01,hc7287_p01_2,Ashuelot Paper,42.7897,-72.4556,Ashuelot River Hydro Inc.,HY,NA,NA,2,01 - Ashuelot Paper,0.27,1987,Unknown,Pump,Flygt,NA,15,400,NA,NA,010802010403,33005
hc7287_p01,hc7287_p01_3,Ashuelot Paper,42.7897,-72.4556,Ashuelot River Hydro Inc.,HY,NA,NA,3,01 - Ashuelot Paper,0.27,1987,Unknown,Pump,Flygt,NA,15,400,NA,NA,010802010403,33005
hc7288_p01,hc7288_p01_1,North Willow Creek Diversion,45.6414,-111.9191,Gerald and Glenda Ohs,HY,NA,NA,1,01 - North Willow Creek,0.4,1988,Unknown,Pelton,NA,NA,NA,NA,NA,NA,1.002E+11,30057
hc7289_p01,hc7289_p01_1,Emerson Falls,44.435,-72.0389,Emerson Falls Hydro Associates,HY,NA,NA,1,01 - Emerson Falls,0.25,1985,Unknown,Kaplan,Ossberger,NA,47.5,342,NA,NA,010801020401,50005
hc7290_p01,hc7290_p01_1,Pocono Lake,41.0962,-75.5423,Pocono Lake Preserve,HY,NA,NA,1,01 - Pocono Lake,0.063,1986,Unknown,Pump,Flygt,NA,26,85,NA,NA,020401060104,42089
hc7290_p01,hc7290_p01_2,Pocono Lake,41.0962,-75.5423,Pocono Lake Preserve,HY,NA,NA,2,01 - Pocono Lake,0.114,1986,Unknown,Pump,Flygt,NA,26,153,NA,NA,020401060104,42089
hc7290_p01,hc7290_p01_3,Pocono Lake,41.0962,-75.5423,Pocono Lake Preserve,HY,NA,NA,3,01 - Pocono Lake,0.114,1986,Unknown,Pump,Flygt,NA,26,153,NA,NA,020401060104,42089
hc7292_p01,hc7292_p01_1,Nicholson-Rocky Run Creek,44.0058,-113.1386,Orville Nicholson,HY,NA,NA,1,01 - Nicholson,0.45,1986,Unknown,Pelton,Hydro West,NA,844,605,NA,NA,1.70402E+11,16023
hc7293_p01,hc7293_p01_1,Weston,44.5929,-71.5155,Powerhouse Systems,HY,NA,NA,1,01 - Weston,0.24,1987,Unknown,Kaplan,Hydrolec,NA,15.2,275,NA,NA,010801010707,33007
hc7293_p01,hc7293_p01_2,Weston,44.5929,-71.5155,Powerhouse Systems,HY,NA,NA,2,01 - Weston,0.3,1987,Unknown,Kaplan,Hydrolec,NA,15.2,360,NA,NA,010801010707,33007
hc7294_p01,hc7294_p01_1,Fisheries Development,42.824172,-114.872798,Fisheries Development Company,HY,NA,NA,1,01 - Fisheries Development,0.149,1990,Unknown,Francis,NA,NA,NA,200,NA,NA,1.70402E+11,16047
hc7294_p01,hc7294_p01_2,Fisheries Development,42.824172,-114.872798,Fisheries Development Company,HY,NA,NA,2,01 - Fisheries Development,0.1,1991,Unknown,Unknown,NA,NA,NA,NA,NA,NA,1.70402E+11,16047
hc7295_p01,hc7295_p01_1,Comtu Falls,43.2989,-72.4832,Comtu Falls Corporation & Comtu Falls Associates,HY,NA,NA,1,01 - Comtu Falls,0.46,1989,Unknown,Kaplan,Dumont,NA,30,620,NA,NA,010801060505,50027
hc7296_p01,hc7296_p01_1,Wright Ranch Diversion,39.5367,-120.8755,Elizabeth Bertillion Smart,HY,NA,NA,1,01 - Wright Ranch,0.02,NA,Unknown,Unknown,NA,NA,NA,NA,NA,NA,1.80201E+11,06091
hc7297_p01,hc7297_p01_1,Shadybrook Powerhouse,38.0448,-120.2347,Twain Harte Community Services,HY,NA,NA,1,01 - Shadybrook,0.0262,NA,Unknown,Unknown,NA,NA,NA,NA,NA,NA,1.804E+11,06109
hc7299_p01,hc7299_p01_1,Gansner,39.9383,-120.96,WILLIAM SHELTON,HY,NA,NA,1,01 - Gansner,0.25,1985,Unknown,Unknown,NA,NA,NA,NA,NA,NA,1.80201E+11,06063
hc7300_p01,hc7300_p01_1,Waterloom Falls,42.7497,-71.8367,"TRIDAM ENERGY, LLC",HY,NA,NA,1,01 - Waterloom Falls,0.15,1981,Unknown,Francis,Holyoke,NA,24,134,NA,NA,010700060901,33011
hc7301_p01,hc7301_p01_1,Otis Falls,42.767,-71.8125,"TRIDAM ENERGY, LLC",HY,NA,NA,1,01 - Otis Falls,0.2,1983,Unknown,Francis,Holyoke,NA,27,225,NA,NA,010700060902,33011
hc7302_p01,hc7302_p01_1,Chamberlain Falls,42.7688,-71.8109,"TRIDAM ENERGY, LLC",HY,NA,NA,1,01 - Chamberlain Falls,0.13,1984,Unknown,Francis,Holyoke,NA,26,200,NA,NA,010700060902,33011
hc7303_p01,hc7303_p01_1,29 Mile Creek Diversion,38.7728,-120.3602,Larry Hensley,HY,NA,NA,1,01 - 29 Mile Creek,0.03,NA,Unknown,Pelton,NA,NA,NA,NA,NA,NA,1.80201E+11,06017
hc7304_p01,hc7304_p01_1,Pettyboro Brook,44.1949,-71.9652,Robert McHugh,HY,NA,NA,1,01 - Pettyboro Brook,0.058,1985,Unknown,Kaplan,Ossberger,NA,32,80,NA,NA,010801030506,33009
hc7305_p01,hc7305_p01_1,Foss Mill,44.5316,-69.1455,Lesia Sochor,HY,NA,NA,1,01 - Foss Mill,0.015,1985,Unknown,Kaplan,Camden Turbine & Power,NA,13,27,NA,NA,010200050901,23027
hc7306_p01,hc7306_p01_1,Deer Creek Diversion,35.8762,-118.6897,Daniel M. Bates,HY,NA,NA,1,01 - Deer Creek,0.385,1989,Unknown,Unknown,NA,NA,270,416,NA,NA,1.803E+11,06107
hc7307_p01,hc7307_p01_1,Celley Mill Hydro Station,43.9698,-72.0817,"KC PITTSFIELD, LLC",HY,NA,NA,1,01 - Celley Mill,0.14,1984,Unknown,Kaplan,Ossberger,NA,NA,185,NA,NA,010801040201,33009
hc7308_p01,hc7308_p01_1,High Falls,35.4778,-79.5255,"UP PROPERTY 2, LLC.",HY,NA,NA,1,01 - High Falls,0.24,1984,Unknown,Francis,NA,NA,19,300,NA,NA,030300030407,37125
hc7308_p01,hc7308_p01_2,High Falls,35.4778,-79.5255,"UP PROPERTY 2, LLC.",HY,NA,NA,2,01 - High Falls,0.26,1985,Unknown,Francis,NA,NA,19,320,NA,NA,030300030407,37125
hc7308_p01,hc7308_p01_3,High Falls,35.4778,-79.5255,"UP PROPERTY 2, LLC.",HY,NA,NA,3,01 - High Falls,0.1,1997,Unknown,Francis,NA,NA,19,170,NA,NA,030300030407,37125
hc7309_p01,hc7309_p01_1,Moomaws,37.7442,-79.3675,COLUMBIA MILLS HYDROELECTRIC  LP,HY,NA,NA,1,01 - Moomaws,0.52,NA,Unknown,Kaplan,ESAC,NA,18,475,NA,NA,020802020501,51163
hc7310_p01,hc7310_p01_1,Hunts Pond,42.6791,-72.0478,"O'Connell Engineering & Financial, Inc.",HY,NA,NA,1,01 - Hunts Pond,0.03,1986,Unknown,Kaplan,Harris,NA,17.5,40,NA,NA,010802020103,25027
hc7310_p01,hc7310_p01_2,Hunts Pond,42.6791,-72.0478,"O'Connell Engineering & Financial, Inc.",HY,NA,NA,2,01 - Hunts Pond,0.09,1986,Unknown,Kaplan,Harris,NA,17.5,120,NA,NA,010802020103,25027
hc7311_p01,hc7311_p01_1,Slack,43.2974,-72.4834,Springfield Hydroelectric Company,HY,NA,NA,1,01 - Slack Dam,0.4,1986,Unknown,Kaplan,Escherwyss,NA,20,400,NA,NA,010801060505,50027
hc7312_p01,hc7312_p01_1,Shawano Paper Mills,44.7833,-88.6167,"NEW Hydro, Inc",HY,NA,NA,1,01 - Shawano,0.18,NA,Unknown,Unknown,NA,NA,NA,NA,NA,NA,040302020901,55115
hc7312_p01,hc7312_p01_2,Shawano Paper Mills,44.7833,-88.6167,"NEW Hydro, Inc",HY,NA,NA,2,01 - Shawano,0.18,NA,Unknown,Unknown,NA,NA,NA,NA,NA,NA,040302020901,55115
hc7313_p01,hc7313_p01_1,Sagebrush,42.9481,-114.5912,Mutual Hydro Company,HY,NA,NA,1,01 - Sagebrush,0.075,1985,Unknown,Pump,Flygt,NA,24,100,NA,NA,1.70402E+11,16047
hc7313_p01,hc7313_p01_2,Sagebrush,42.9481,-114.5912,Mutual Hydro Company,HY,NA,NA,2,01 - Sagebrush,0.12,1985,Unknown,Pump,Flygt,NA,24,160,NA,NA,1.70402E+11,16047
hc7313_p01,hc7313_p01_3,Sagebrush,42.9481,-114.5912,Mutual Hydro Company,HY,NA,NA,3,01 - Sagebrush,0.12,1985,Unknown,Pump,Flygt,NA,24,160,NA,NA,1.70402E+11,16047
hc7314_p01,hc7314_p01_1,Willimantic No. 2 - Spool Dam,41.7098,-72.2102,Willimantic Power Corporation,HY,NA,NA,1,01 - Willimantic No. 2,0.77,1990,Unknown,Francis,NA,NA,21,1030,NA,NA,011000020108,09015
hc7315_p01,hc7315_p01_1,Willimantic No. 1,41.7103,-72.2042,Willimantic Power Corporation,HY,NA,NA,1,01 - Willimantic No. 1,0.77,1990,Unknown,Francis,NA,NA,24,1030,NA,NA,011000020108,09015
hc7316_p01,hc7316_p01_1,Methuen Falls,42.727,-71.1889,Methuen Falls Hydro Electric Company,HY,NA,NA,1,01 - Methuen Falls,0.072,1988,Unknown,Unknown,NA,NA,NA,NA,NA,NA,010700061102,25009
hc7316_p01,hc7316_p01_2,Methuen Falls,42.727,-71.1889,Methuen Falls Hydro Electric Company,HY,NA,NA,2,01 - Methuen Falls,0.285,1988,Unknown,Unknown,NA,NA,NA,NA,NA,NA,010700061102,25009
hc7318_p01,hc7318_p01_1,Boulder Creek Diversion,41.721,-123.9748,Clarke N. Moore,HY,NA,NA,1,01 - Boulder Creek,0.00055,1985,Unknown,Pelton,Peltech,NA,75,NA,NA,NA,1.80101E+11,06015
hc7319_p01,hc7319_p01_1,Picay Powerhouse,34.4495,-119.579,Montecito Water District,HY,NA,NA,1,01 - Picay,0.149,1987,Unknown,Pelton,NA,NA,663,200,NA,NA,1.806E+11,06083
hc7321_p01,hc7321_p01_1,Lower Robertson,42.7889,-72.443,Ashuelot River Hydro Inc.,HY,NA,NA,1,01 - Lower Robertson,0.27,1987,Unknown,Pump,Flygt,NA,15,400,NA,NA,010802010403,33005
hc7321_p01,hc7321_p01_2,Lower Robertson,42.7889,-72.443,Ashuelot River Hydro Inc.,HY,NA,NA,2,01 - Lower Robertson,0.27,1987,Unknown,Pump,Flygt,NA,15,400,NA,NA,010802010403,33005
hc7321_p01,hc7321_p01_3,Lower Robertson,42.7889,-72.443,Ashuelot River Hydro Inc.,HY,NA,NA,3,01 - Lower Robertson,0.27,1987,Unknown,Pump,Flygt,NA,15,400,NA,NA,010802010403,33005
hc7322_p01,hc7322_p01_1,Ladd's Mill,44.3723,-72.5457,"Worcester Hydro Company, Inc.",HY,NA,NA,1,01 - Worcester Generating Station,0.187,1986,Unknown,Kaplan,Ossberger,NA,17.600000000000001,230,NA,NA,041504030302,50023
hc7323_p01,hc7323_p01_1,Chippewa Reservoir,45.8883,-91.0771,Northern States Power Co,HY,NA,NA,1,01 - Chippewa,0.2,NA,Unknown,Unknown,NA,NA,NA,NA,NA,NA,070500010501,55113
hc7323_p01,hc7323_p01_2,Chippewa Reservoir,45.8883,-91.0771,Northern States Power Co,HY,NA,NA,2,01 - Chippewa,1.45,NA,Unknown,Unknown,NA,NA,NA,NA,NA,NA,070500010501,55113
hc7323_p01,hc7323_p01_3,Chippewa Reservoir,45.8883,-91.0771,Northern States Power Co,HY,NA,NA,3,01 - Chippewa,1.45,NA,Unknown,Unknown,NA,NA,NA,NA,NA,NA,070500010501,55113
hc7324_p01,hc7324_p01_1,Deep Springs Powerhouse,37.3762,-117.9813,Deep Springs College,HY,NA,NA,1,01 - Deep Springs,0.1,1989,Unknown,Unknown,NA,NA,380,80,NA,NA,1.80902E+11,06027
hc7325_p01,hc7325_p01_1,Killington,43.6802,-72.7876,Killington Hydroelectric Company,HY,NA,NA,1,01 - Killington,0.033,1985,Unknown,Unknown,NA,NA,NA,NA,NA,NA,010801060201,50021
hc7325_p01,hc7325_p01_2,Killington,43.6802,-72.7876,Killington Hydroelectric Company,HY,NA,NA,2,01 - Killington,0.033,1985,Unknown,Unknown,NA,NA,NA,NA,NA,NA,010801060201,50021
hc7325_p01,hc7325_p01_3,Killington,43.6802,-72.7876,Killington Hydroelectric Company,HY,NA,NA,3,01 - Killington,0.034,1985,Unknown,Unknown,NA,NA,NA,NA,NA,NA,010801060201,50021
hc7326_p01,hc7326_p01_1,Strawberry Creek,45.4372,-110.5711,South Dry Creek Partnership,HY,NA,NA,1,01 - Strawberry Creek,0.275,1987,Unknown,Pelton,Canyon Hydro,NA,1000,NA,NA,NA,1.007E+11,30067
hc7327_p01,hc7327_p01_1,Lake Flower,44.3244,-74.1329,"Village of Saranac Lake, NY",HY,NA,NA,1,01 - Lake Flower,0.2,1996,Unknown,Kaplan,Flygt,NA,11,280,NA,NA,041504060203,36033
hc7329_p01,hc7329_p01_1,Rapidan Mill,38.31,-78.0656,"Hall, Melvin R.",HY,NA,NA,1,01 - Rapidan Mill,0.04,1985,Unknown,Kaplan,S. Morgan Smith,NA,15,53,NA,NA,020801031001,51137
hc7329_p01,hc7329_p01_2,Rapidan Mill,38.31,-78.0656,"Hall, Melvin R.",HY,NA,NA,2,01 - Rapidan Mill,0.065,1985,Unknown,Kaplan,S. Morgan Smith,NA,10,87,NA,NA,020801031001,51137
hc7331_p01,hc7331_p01_1,Schaffner,45.0915,-113.6231,"Lemhi Hydro Power, Inc.",HY,NA,NA,1,01 - Schaffner,0.45,1986,Unknown,Pelton,Gilbert Gilkes And Gordon,NA,1204,593,NA,NA,1.70602E+11,16059
hc7332_p01,hc7332_p01_1,Stony Brook,44.5134,-70.7692,Small Hydro East,HY,NA,NA,1,01 - Stony Brook Micro,0.035,NA,Unknown,Pump,Small Hydro East,NA,395,50,NA,NA,010400020207,23017
hc7333_p01,hc7333_p01_1,L&M Angus Ranch-Upper,44.4167,-114.1147,"Shiloh Warm Springs Ranch, LLC.",HY,NA,NA,1,01 - Upp. Ingram Warm,0.35,1991,Unknown,Francis,Oenco,NA,54.86,685,NA,NA,1.70602E+11,16037
hc7334_p01,hc7334_p01_1,L&M Angus Ranch-Lower,44.4714,-114.1575,"Shiloh Warm Springs Ranch, LLC.",HY,NA,NA,1,01 - L & M Ranch- Lower,0.51,1988,Unknown,Pelton,Gilbert Gilkes And Gordon,NA,284,668,NA,NA,1.70602E+11,16037
hc7335_p01,hc7335_p01_1,Abbott's Mill,44.4752,-70.6297,Abbott's Mills Hydro-Electric Company,HY,NA,NA,1,01 - Abbott's Mill,0.04,1985,Unknown,Kaplan,NA,NA,NA,40,NA,NA,010400020401,23017
hc7335_p01,hc7335_p01_2,Abbott's Mill,44.4752,-70.6297,Abbott's Mills Hydro-Electric Company,HY,NA,NA,2,01 - Abbott's Mill,0.05,1987,Unknown,Kaplan,NA,NA,NA,55,NA,NA,010400020401,23017
hc7336_p01,hc7336_p01_1,North East Hydro Station,42.1943,-79.818,"Borough of North East, PA",HY,NA,NA,1,01 - North East,0.07,1986,Unknown,Pump,Hydrowatt,NA,NA,95,NA,NA,041201010403,42049
hc7337_p01,hc7337_p01_1,Rock Creek Powerhouse,37.9753,-120.7995,Rock Creek Water District,HY,NA,NA,1,01 - Rock Creek,0.7,1985,Unknown,Pelton,Hydro -Stock,NA,510,NA,NA,NA,1.80401E+11,06009
hc7338_p01,hc7338_p01_1,Pine Creek,45.5021,-110.5379,Allen Rae Carter,HY,NA,NA,1,01 - Pine Creek,0.373,1988,Unknown,Pelton,Canyon Hydro,NA,256,NA,NA,NA,1.007E+11,30067
hc7339_p01,hc7339_p01_1,Granite Creek Diversion,39.7778,-113.8614,Deep Creek Mountains Ranch,HY,NA,NA,1,01 - Granite Creek,0.125,1991,Unknown,Pelton,NA,NA,464,200,NA,NA,1.60203E+11,49023
hc7340_p01,hc7340_p01_1,Fiske Mill,42.7858,-72.4822,"Fiske Hydro, Inc.",HY,NA,NA,1,01 - Fiske Mill,0.147,1987,Unknown,Francis,NA,NA,NA,200,NA,NA,010802010403,33005
hc7340_p01,hc7340_p01_2,Fiske Mill,42.7858,-72.4822,"Fiske Hydro, Inc.",HY,NA,NA,2,01 - Fiske Mill,0.221,1987,Unknown,Francis,NA,NA,NA,300,NA,NA,010802010403,33005
hc7340_p01,hc7340_p01_3,Fiske Mill,42.7858,-72.4822,"Fiske Hydro, Inc.",HY,NA,NA,3,01 - Fiske Mill,0.221,1987,Unknown,Francis,NA,NA,NA,300,NA,NA,010802010403,33005
hc7340_p01,hc7340_p01_4,Fiske Mill,42.7858,-72.4822,"Fiske Hydro, Inc.",HY,NA,NA,4,01 - Fiske Mill,0.221,1987,Unknown,Francis,NA,NA,NA,300,NA,NA,010802010403,33005
hc7341_p01,hc7341_p01_1,Seabright,44.2235,-69.08,Town of Camden Wastewater Department,HY,NA,NA,1,01 - Seabright,0.046,1987,Unknown,Pump,Allis-Chalmers,NA,16,60,NA,NA,010500021904,23013
hc7341_p01,hc7341_p01_2,Seabright,44.2235,-69.08,Town of Camden Wastewater Department,HY,NA,NA,2,01 - Seabright,0.048,1987,Unknown,Pump,Allis-Chalmers,NA,16,60,NA,NA,010500021904,23013
hc7343_p01,hc7343_p01_1,Little Gold Diversion,46.4142,-113.1275,Boulder Hydro Limited Partnership,HY,NA,NA,1,01 - Little Gold,0.45,1988,Unknown,Pelton,Canyon Hydro,NA,834,NA,NA,NA,1.70102E+11,30039
hc7344_p01,hc7344_p01_1,Lakeview,37.2717,-77.4182,"Colonial Heights, City of",HY,NA,NA,1,01 - Lakeview,0.4,1989,Unknown,Kaplan,Ossberger,NA,31,625,NA,NA,020802070904,51041
hc7345_p01,hc7345_p01_1,Amy Ranch-Black Creek,44.1818,-113.2703,New Energy Inc,HY,NA,NA,1,01 - Amy Ranch-Black,0.65,1986,Unknown,Pelton,NA,NA,986,870,NA,NA,1.70402E+11,16023
hc7346_p01,hc7346_p01_1,Nichols Gap,42.4833,-122.75,Oregon Dept of Energy,HY,NA,NA,1,01 - Nichols Gap,0.9,1987,Unknown,Francis,Gilbert Gilkes And Gordon,NA,147,1454,NA,NA,1.71003E+11,41029
hc7348_p01,hc7348_p01_1,Upper Cold Springs Powerhouse,41.9298,-122.3524,J. N. and H.E. Foster and R.Z. Walker,HY,NA,NA,1,01 - Upper Cold Springs,0.066,NA,Unknown,Unknown,NA,NA,NA,NA,NA,NA,1.80102E+11,06093
hc7349_p01,hc7349_p01_1,Upper Pine Creek,48.65,-116.0333,G Wesley White,HY,NA,NA,1,01 - Upper Pine Creek,0.012,1985,Unknown,Pelton,NA,NA,354,NA,NA,NA,1.70101E+11,30053
hc7350_p01,hc7350_p01_1,Pioneer,44.786,-69.38,Christopher M. Anthony,HY,NA,NA,1,01 - Pioneer,0.15,1986,Unknown,Kaplan,Hydrolec,NA,9,161,NA,NA,010300031702,23025
hc7350_p01,hc7350_p01_2,Pioneer,44.786,-69.38,Christopher M. Anthony,HY,NA,NA,2,01 - Pioneer,0.15,1986,Unknown,Kaplan,Hydrolec,NA,9,161,NA,NA,010300031702,23025
hc7351_p01,hc7351_p01_1,Starks,44.7305,-69.9625,"R.J. Fortier Hydropower, Inc.",HY,NA,NA,1,01 - Starks,0.01,1985,Unknown,Kaplan,NA,NA,NA,14,NA,NA,010300031204,23025
hc7351_p01,hc7351_p01_2,Starks,44.7305,-69.9625,"R.J. Fortier Hydropower, Inc.",HY,NA,NA,2,01 - Starks,0.025,1985,Unknown,Kaplan,NA,NA,NA,34,NA,NA,010300031204,23025
hc7352_p01,hc7352_p01_1,Pah Tempe Powerhouse,37.1904,-113.2756,Washington County Water Conservancy District,HY,NA,NA,1,01 - Pah Tempe,0.597,1987,Unknown,Unknown,NA,NA,333,811,NA,NA,1.501E+11,49053
hc7353_p01,hc7353_p01_1,Eklutna  Energy Recovery Sta,61.2194,-149.7292,Municipality of Anchorage,HY,NA,NA,1,01 - Eklutna Energy Recovery Sta.,0.75,1988,Unknown,Kaplan,Gilbert Gilkes And Gordon,NA,44,922,NA,NA,1.90204E+11,NA
hc7354_p01,hc7354_p01_1,Otter Creek,43.7246,-75.359,"Tug Hill Energy, Inc.",HY,NA,NA,1,01 - Otter Creek,0.525,1986,Unknown,Kaplan,Ossberger,NA,34,771,NA,NA,041501010804,36049
hc7355_p01,hc7355_p01_1,Stevenson No. 1,42.8964,-114.9404,Stanley Standal,HY,NA,NA,1,01 - No. 1,0.115,NA,Unknown,Unknown,NA,NA,NA,NA,NA,NA,1.70402E+11,16047
hc7356_p01,hc7356_p01_1,Stevenson No. 2,42.9043,-114.9501,"Black Canyon Bliss, LLC.",HY,NA,NA,1,01 - No. 2,0.085,1984,Unknown,Unknown,NA,NA,NA,NA,NA,NA,1.70402E+11,16047
hc7357_p01,hc7357_p01_1,Armstrong-Keta,56.2989,-134.6792,"Armstrong-Keta, Inc.",HY,NA,NA,1,01 - Armstrong-Keta,0.08,NA,Unknown,Pelton,NA,NA,275,NA,NA,NA,1.90102E+11,NA
hc7358_p01,hc7358_p01_1,Tannery Pond,42.6804,-72.0538,"French River Land Company, Inc.",HY,NA,NA,1,01 - Tannery Pond,0.093,2000,Unknown,Francis,Rodney Hunt,NA,14,142,NA,NA,010802020103,25027
hc7358_p01,hc7358_p01_2,Tannery Pond,42.6804,-72.0538,"French River Land Company, Inc.",HY,NA,NA,2,01 - Tannery Pond,0.096,2000,Unknown,Kaplan,Leroy - Somer,NA,14,128,NA,NA,010802020103,25027
hc7360_p01,hc7360_p01_1,North Division Street,42.932,-76.5852,"City of Auburn, NY",HY,NA,NA,1,01 - North Division Street,0.75,1992,Unknown,Kaplan,Flygt,NA,32,1000,NA,NA,041402011306,36011
hc7361_p01,hc7361_p01_1,Kohler Powerhouse,40.0333,-105.3167,City of Boulder,HY,NA,NA,1,01 - Kohler,0.075,1986,Unknown,Pump,NA,NA,240,100,NA,NA,1.019E+11,08013
hc7361_p01,hc7361_p01_2,Kohler Powerhouse,40.0333,-105.3167,City of Boulder,HY,NA,NA,2,01 - Kohler,0.075,1986,Unknown,Pump,NA,NA,240,100,NA,NA,1.019E+11,08013
hc7362_p01,hc7362_p01_1,Silver Springs Powerhouse,40.94,-121.9908,Mega Renewables,HY,NA,NA,1,01 - Silver Springs,0.6,1987,Unknown,Unknown,Gilbert Gilkes And Gordon,NA,550,633,NA,NA,1.802E+11,06089
hc7363_p01,hc7363_p01_1,White Bridge,43.0206,-85.2928,White Bridge Hydro Company,HY,NA,NA,1,01 - White's Bridge,0.15,1984,Unknown,Francis,James Leffel & Co.,NA,18,200,NA,NA,040500060209,26067
hc7363_p01,hc7363_p01_2,White Bridge,43.0206,-85.2928,White Bridge Hydro Company,HY,NA,NA,2,01 - White's Bridge,0.35,1984,Unknown,Francis,James Leffel & Co.,NA,18,485,NA,NA,040500060209,26067
hc7363_p01,hc7363_p01_3,White Bridge,43.0206,-85.2928,White Bridge Hydro Company,HY,NA,NA,3,01 - White's Bridge,0.275,1985,Unknown,Francis,James Leffel & Co.,NA,18,365,NA,NA,040500060209,26067
hc7364_p01,hc7364_p01_1,Morrow,42.2825,-85.4915,STS HydroPower Ltd.,HY,NA,NA,1,01 - Morrow,0.22,1984,Unknown,Unknown,NA,NA,NA,NA,NA,NA,040500030604,26077
hc7364_p01,hc7364_p01_2,Morrow,42.2825,-85.4915,STS HydroPower Ltd.,HY,NA,NA,2,01 - Morrow,0.22,1984,Unknown,Unknown,NA,NA,NA,NA,NA,NA,040500030604,26077
hc7364_p01,hc7364_p01_3,Morrow,42.2825,-85.4915,STS HydroPower Ltd.,HY,NA,NA,3,01 - Morrow,0.22,1984,Unknown,Unknown,NA,NA,NA,NA,NA,NA,040500030604,26077
hc7364_p01,hc7364_p01_4,Morrow,42.2825,-85.4915,STS HydroPower Ltd.,HY,NA,NA,4,01 - Morrow,0.22,1984,Unknown,Unknown,NA,NA,NA,NA,NA,NA,040500030604,26077
hc7365_p01,hc7365_p01_1,Bell Powerhouse,38.9093,-121.0908,Swiss American Company,HY,NA,NA,1,01 - Bell Power,0.1,1985,Unknown,Unknown,NA,NA,NA,NA,NA,NA,1.80202E+11,06061
hc7366_p01,hc7366_p01_1,Biggs Creek Diversion,45.8429,-122.45,Fredrick Earl Pickering,HY,NA,NA,1,01 - Biggs Creek,0.015,1987,Unknown,Pelton,NA,NA,245,20,NA,NA,1.708E+11,53011
hc7367_p01,hc7367_p01_1,Santa Rosa Valley Powerhouse,34.2422,-118.8857,Calleguas Municipal Water District,HY,NA,NA,1,01 - Santa Rosa Valley,0.261,1988,Unknown,Unknown,NA,NA,NA,NA,NA,NA,1.80701E+11,06111
hc7368_p01,hc7368_p01_1,Upper Spears Hydro Station,44.4722,-70.5009,"R.J. Fortier Hydropower, Inc.",HY,NA,NA,1,01 - Upper Spears,0.05,1986,Unknown,Francis,NA,NA,64,68,NA,NA,010400020503,23017
hc7368_p01,hc7368_p01_2,Upper Spears Hydro Station,44.4722,-70.5009,"R.J. Fortier Hydropower, Inc.",HY,NA,NA,2,01 - Upper Spears,0.015,1993,Unknown,Unknown,NA,NA,NA,NA,NA,NA,010400020503,23017
hc7369_p01,hc7369_p01_1,Sunshine Powerhouse,40.167,-105.3833,City of Boulder,HY,NA,NA,1,01 - Sunshine,0.8,1987,Unknown,Francis,NA,NA,320,NA,NA,NA,1.019E+11,08013
hc7370_p01,hc7370_p01_1,Lower Village,43.3744,-72.3494,"SUGAR RIVER POWER, LLC",HY,NA,NA,1,01 - Lower Village,0.675,1995,Unknown,Unknown,NA,NA,NA,NA,NA,NA,010801060407,33019
hc7370_p01,hc7370_p01_2,Lower Village,43.3744,-72.3494,"SUGAR RIVER POWER, LLC",HY,NA,NA,2,01 - Lower Village,0.675,1995,Unknown,Unknown,NA,NA,NA,NA,NA,NA,010801060407,33019
hc7372_p01,hc7372_p01_1,Stagecoach,40.2851,-106.8306,Upper Yampa Water Conservancy District,HY,NA,NA,1,01 - Stagecoach,0.8,1989,Unknown,Francis,NA,NA,109,1050,NA,NA,1.405E+11,08107
hc7373_p01,hc7373_p01_1,Rock City Falls,43.0622,-73.9184,"Cottrell Paper Company, Inc.",HY,NA,NA,1,01 - Rock City Falls,0.243,1986,Unknown,Francis,Barber,NA,33,324,NA,NA,020200030403,36091
hc7373_p01,hc7373_p01_2,Rock City Falls,43.0622,-73.9184,"Cottrell Paper Company, Inc.",HY,NA,NA,2,01 - Rock City Falls,0.243,1986,Unknown,Francis,Barber,NA,33,324,NA,NA,020200030403,36091
hc7374_p01,hc7374_p01_1,Pine Valley,42.8389,-71.7289,"PVC Commercial Center, LLC.",HY,NA,NA,1,01 - Pine Valley,0.245,1987,Unknown,Francis,S. Morgan Smith,NA,36,728,NA,NA,010700060904,33011
hc7374_p01,hc7374_p01_2,Pine Valley,42.8389,-71.7289,"PVC Commercial Center, LLC.",HY,NA,NA,2,01 - Pine Valley,0.28,1988,Unknown,Francis,NA,300,NA,750,NA,NA,010700060904,33011
hc7375_p01,hc7375_p01_1,Belding,43.1003,-85.2347,"Grenfell Hydroelectric Associates, Inc.",HY,NA,NA,1,01 - Belding,0.14,1987,Unknown,Unknown,NA,NA,NA,NA,NA,NA,040500060208,26067
hc7375_p01,hc7375_p01_2,Belding,43.1003,-85.2347,"Grenfell Hydroelectric Associates, Inc.",HY,NA,NA,2,01 - Belding,0.14,1987,Unknown,Unknown,NA,NA,NA,NA,NA,NA,040500060208,26067
hc7377_p01,hc7377_p01_1,Mascoma,43.6377,-72.2585,Nnew Hamshire Hydro Associates,HY,NA,NA,1,01 - Rivermill Mascoma,0.234,1989,Unknown,Francis,Unknown,NA,17,312,NA,NA,010801060106,33009
hc7378_p01,hc7378_p01_1,Biscoe Falls,44.28554071,-70.5350704,John Crouch Jr. & Sons,HY,NA,NA,1,01 - Biscoe Falls,0.093,1990,Unknown,Francis,NA,NA,20,125,NA,NA,010400020904,23017
hc7380_p01,hc7380_p01_1,Yellowjacket,38.6535,-122.6363,Yellow Jacket Ranch,HY,NA,NA,1,01 - Yellowjacket,0.1,1987,Unknown,Francis,NA,NA,475,NA,NA,NA,1.80101E+11,06097
hc7381_p01,hc7381_p01_1,Black Brook - Intake,44.4614,-73.7439,"Oakvale Construction Company, Ltd.",HY,NA,NA,1,01 - Black Brook,0.205,NA,Unknown,Unknown,NA,NA,NA,500,NA,NA,041504040205,36019
hc7381_p01,hc7381_p01_2,Black Brook - Intake,44.4614,-73.7439,"Oakvale Construction Company, Ltd.",HY,NA,NA,2,01 - Black Brook,0.205,NA,Unknown,Unknown,NA,NA,NA,500,NA,NA,041504040205,36019
hc7382_p01,hc7382_p01_1,Wisconsin Noble,45.5167,-112.1346,Wisconsin-Noble Limited Partnership,HY,NA,NA,1,01 - Wisconsin-noble,0.5,1990,Unknown,Unknown,NA,NA,NA,600,NA,NA,1.002E+11,30057
hc7383_p01,hc7383_p01_1,Cheshire,42.817,-72.0087,"D.D. Bean & Sons Company, Inc.",HY,NA,NA,1,01 - Cheshire,0.1,1987,Unknown,Francis,Newfound Power,NA,21,133,NA,NA,010700030101,33005
hc7384_p01,hc7384_p01_1,Hotchkiss Powerhouse,38.8364,-107.7486,Town of Hotchkiss,HY,NA,NA,1,01 - Hotchkiss,0.06,1988,Unknown,Pelton,NA,NA,178,80,NA,NA,1.402E+11,08029
hc7385_p01,hc7385_p01_1,Mechanicsville,41.943,-71.8955,Saywatt Hydro Associates,HY,NA,NA,1,01 - Mechanicsville,0.325,1989,Unknown,Kaplan,NA,NA,15,435,NA,NA,011000010204,09015
hc7387_p01,hc7387_p01_1,Fellows,43.3022,-72.4876,"Town of Springfield, VT & Siemens Westinghouse Technical Services",HY,NA,NA,1,01 - Fellows,0.15,NA,Unknown,Francis,NA,NA,NA,NA,NA,NA,010801060505,50027
hc7388_p01,hc7388_p01_1,Lovejoy,43.2951,-72.4819,Lovejoy Tool Co. & Siemens Westinghouse Technical Services,HY,NA,NA,1,01 - Lovejoy Tool,0.056,NA,Unknown,Francis,NA,NA,NA,NA,NA,NA,010801060505,50027
hc7388_p01,hc7388_p01_2,Lovejoy,43.2951,-72.4819,Lovejoy Tool Co. & Siemens Westinghouse Technical Services,HY,NA,NA,2,01 - Lovejoy Tool,0.094,NA,Unknown,Francis,NA,NA,NA,NA,NA,NA,010801060505,50027
hc7389_p01,hc7389_p01_1,Gilman,43.2999,-72.4844,Factory Falls Associates,HY,NA,NA,1,01 - Gilman,0.125,1920,Unknown,Francis,Rodney Hunt,NA,27,170,NA,NA,010801060505,50027
hc7391_p01,hc7391_p01_1,Weisenberger Mill,38.1283,-84.637,WEISENBERGER MILLS INC         (KY),HY,NA,NA,1,01 - Weisenberger Mill,0.056,1985,Unknown,Kaplan,NA,NA,11,66,NA,NA,051002050903,21209
hc7392_p01,hc7392_p01_1,Cranberry Lake,44.2206,-74.8483,"AMPERSAND CRANBERRY LAKE HYDRO, LLC",HY,NA,NA,1,01 - Cranberry Lake,0.595,1987,Unknown,Kaplan,ESAC,NA,14,687,NA,NA,041503020601,36089
hc7393_p01,hc7393_p01_1,Wadhams,44.2303,-73.4612,"8 CHURCH LANE, LLC.",HY,NA,NA,1,01 - Wadhams,0.09,1979,Unknown,Francis,S. Morgan Smith,NA,48,125,NA,NA,041504080707,36031
hc7393_p01,hc7393_p01_2,Wadhams,44.2303,-73.4612,"8 CHURCH LANE, LLC.",HY,NA,NA,2,01 - Wadhams,0.32,1982,Unknown,Francis,Rodney Hunt,NA,48,500,NA,NA,041504080707,36031
hc7393_p01,hc7393_p01_3,Wadhams,44.2303,-73.4612,"8 CHURCH LANE, LLC.",HY,NA,NA,3,01 - Wadhams,0.15,1991,Unknown,Francis,James Leffel & Co.,NA,48,250,NA,NA,041504080707,36031
hc7394_p01,hc7394_p01_1,Albany Hydro Station,42.5509,-73.869,Albany Hydro Associates,HY,NA,NA,1,01 - Albany,0.15,1987,Unknown,Kaplan,Borg Warner,NA,45,200,NA,NA,020200060402,36001
hc7395_p01,hc7395_p01_1,Powder Mill,42.3897,-72.0795,South Barre Hydro Electric Company,HY,NA,NA,1,01 - Powder Mill Pond,0.12,1990,Unknown,Kaplan,James Leffel & Co.,NA,14,160,NA,NA,010802040205,25027
hc7396_p01,hc7396_p01_1,MWD Service Connection F-8 Powerhouse,33.9238,-117.9462,American Energy Inc.,HY,NA,NA,1,01 - Mwd Service Connection F-8,0.187,NA,Unknown,Francis,NA,NA,260,250,NA,NA,1.80701E+11,06059
hc7396_p01,hc7396_p01_2,MWD Service Connection F-8 Powerhouse,33.9238,-117.9462,American Energy Inc.,HY,NA,NA,2,01 - Mwd Service Connection F-8,0.405,NA,Unknown,Unknown,NA,NA,260,543,NA,NA,1.80701E+11,06059
hc7397_p01,hc7397_p01_1,Manawa Dam,44.4667,-88.9167,"WISCONSIN8, LLC",HY,NA,NA,1,01 - Manawa,0.192,NA,Unknown,Unknown,NA,128,13,304,NA,NA,040302021704,55135
hc7398_p01,hc7398_p01_1,Bethel Mills,43.832,-72.6346,"Bethel Mills, Inc.",HY,NA,NA,1,01 - Bethel Mills,0.125,1941,Unknown,Francis,S. Morgan Smith,NA,22,140,NA,NA,010801050203,50027
hc7398_p01,hc7398_p01_2,Bethel Mills,43.832,-72.6346,"Bethel Mills, Inc.",HY,NA,NA,2,01 - Bethel Mills,0.2,1941,Unknown,Francis,Rodney Hunt,NA,22,250,NA,NA,010801050203,50027
hc7400_p01,hc7400_p01_1,Woodcreek Road Powerhouse,34.2372,-118.9977,Camrosa Water District,HY,NA,NA,1,01 - Woodcreek Road,0.15,NA,Unknown,Unknown,NA,NA,NA,NA,NA,NA,1.80701E+11,06111
hc7401_p01,hc7401_p01_1,Valatie Falls South,42.4125,-73.6743,"Valatie Falls Hydro Power, Inc.",HY,NA,NA,1,01 - Valatie Falls,0.2,1895,Unknown,Francis,McCormick,NA,22.7,267,NA,NA,020200060609,36021
hc7401_p01,hc7401_p01_2,Valatie Falls South,42.4125,-73.6743,"Valatie Falls Hydro Power, Inc.",HY,NA,NA,2,01 - Valatie Falls,0.25,1993,Unknown,Francis,Rodney Hunt,NA,22.7,334,NA,NA,020200060609,36021
hc7402_p01,hc7402_p01_1,Roger Miller Powerhouse,33.0725,-117.199,Olivenhain Municipal Water District,HY,NA,NA,1,01 - Roger Miller,0.45,1990,Unknown,Unknown,NA,NA,NA,NA,NA,NA,1.80703E+11,06073
hc7403_p01,hc7403_p01_1,Orodell Powerhouse,40.1667,-105.15,City of Boulder,HY,NA,NA,1,01 - Orodell,0.225,1987,Unknown,Francis,NA,NA,417,301,NA,NA,1.019E+11,08013
hc7404_p01,hc7404_p01_1,Shoshone,42.952072,-114.453776,"Shorock Hydro, Inc.",HY,NA,NA,1,01 - Shoshone,0.095,1922,Unknown,Francis,NA,NA,NA,NA,NA,NA,1.70402E+11,16063
hc7404_p01,hc7404_p01_2,Shoshone,42.952072,-114.453776,"Shorock Hydro, Inc.",HY,NA,NA,2,01 - Shoshone,0.095,1922,Unknown,Francis,NA,NA,NA,NA,NA,NA,1.70402E+11,16063
hc7404_p01,hc7404_p01_3,Shoshone,42.952072,-114.453776,"Shorock Hydro, Inc.",HY,NA,NA,3,01 - Shoshone,0.16,1922,Unknown,Francis,NA,NA,45,NA,NA,NA,1.70402E+11,16063
hc7404_p01,hc7404_p01_4,Shoshone,42.952072,-114.453776,"Shorock Hydro, Inc.",HY,NA,NA,4,01 - Shoshone,0.595,1922,Unknown,Francis,S. Morgan Smith,NA,44,NA,NA,NA,1.70402E+11,16063
hc7406_p01,hc7406_p01_1,Springbrook - Nesbitt Hydro Station,41.3278,-75.6862,Pennsylvania-American Water Company,HY,NA,NA,1,01 - Springbrook - Nesbitt,0.15,1991,Unknown,Kaplan,Byron Jackson,NA,152,200,NA,NA,020501070108,42069
hc7407_p01,hc7407_p01_1,Upper Watertown,43.185476,-88.705354,"Rough & Ready Water Power Company, Inc",HY,NA,NA,1,01 - Upper Watertown,0.265,1994,Unknown,Kaplan,NA,NA,12,NA,NA,NA,070900010608,55055
hc7408_p01,hc7408_p01_1,Ashley Reservoir Hydro Station,42.4122,-73.1952,"City of Pittsfield, MA",HY,NA,NA,1,01 - Ashley Reservoir,0.225,1987,Unknown,Kaplan,Byron Jackson,NA,270,300,NA,NA,011000050104,25003
hc7409_p01,hc7409_p01_1,Rocky Glen,41.4326,-73.2769,Sandy Hook Hydro LLC,HY,NA,NA,1,01 - Rocky Glen,0.11,1938,Unknown,Francis,S. Morgan Smith,NA,40,150,NA,NA,011000051001,09001
hc7410_p01,hc7410_p01_1,Mill Pond Hydro,42.2526,-73.899,"Rivers Electric, LLC",HY,65399,U1,1,01 - Mill Pond,0.5,1994,Unknown,Francis,S. Morgan Smith,NA,24,666,0.5,10M,020200060808,36039
hc7410_p01,hc7410_p01_2,Mill Pond Hydro,42.2526,-73.899,"Rivers Electric, LLC",HY,65399,U2,2,01 - Mill Pond,0.5,1994,Unknown,Francis,S. Morgan Smith,NA,24,666,0.5,10M,020200060808,36039
hc7411_p01,hc7411_p01_1,King Mill,33.4851,-81.9912,Augusta Canal Authority,HY,61000,1,1,01 - King Mill,0.7,1944,Unknown,Kaplan,S. Morgan Smith,NA,32,917,0.3,1H,030601060601,13245
hc7411_p01,hc7411_p01_2,King Mill,33.4851,-81.9912,Augusta Canal Authority,HY,61000,2,2,01 - King Mill,1.5,1944,Unknown,Francis,S. Morgan Smith,NA,32,1835,0.3,1H,030601060601,13245
hc7412_p01,hc7412_p01_1,San Gorgonio Energy Recovery,33.9667,-116.8833,City of Banning,HY,NA,NA,1,02 - Middle Basin,0.22,1988,Unknown,Unknown,NA,NA,NA,NA,NA,NA,1.81002E+11,06065
hc7412_p01,hc7412_p01_2,San Gorgonio Energy Recovery,33.9667,-116.8833,City of Banning,HY,NA,NA,2,01 - Lower Basin,0.26,1988,Unknown,Unknown,NA,NA,NA,NA,NA,NA,1.81002E+11,06065
hc7413_p01,hc7413_p01_1,Bellevue Mill Dam,42.45,-85.0167,Michiana Hydro-Electric Power Corporation,HY,NA,NA,1,01 - Bellevue Mill,0.03,1983,Unknown,Unknown,NA,NA,NA,NA,NA,NA,040500030307,26045
hc7413_p01,hc7413_p01_2,Bellevue Mill Dam,42.45,-85.0167,Michiana Hydro-Electric Power Corporation,HY,NA,NA,2,01 - Bellevue Mill,0.03,1986,Unknown,Unknown,NA,NA,NA,NA,NA,NA,040500030307,26045
hc7414_p01,hc7414_p01_1,Eau Galle,44.6833,-92.0167,Eau Galle Renewable Energy Co.,HY,NA,NA,1,01 - Eau Galle,0.345,1992,Unknown,Pump,Flygt,NA,NA,NA,NA,NA,070500051008,55033
hc7415_p01,hc7415_p01_1,San Gorgonio Upper Basin Powerhouse,33.9982,-116.8922,City of Banning,HY,NA,NA,1,01 - San Gorgonio Upper Basin,0.41,1990,Unknown,Unknown,NA,NA,NA,NA,NA,NA,1.81002E+11,06065
hc7416_p01,hc7416_p01_1,Springer,38.9623,-106.2059,Franklin Springer,HY,NA,NA,1,01 - Springer,0.045,NA,Unknown,Pelton,NA,NA,196,NA,NA,NA,1.102E+11,08015
hc7417_p01,hc7417_p01_1,Lower Watertown Dam,43.191886,-88.725653,Rock River Power and Light Corporation,HY,NA,NA,1,01 - Lower Watertown,0.148,1993,Unknown,Francis,S. Morgan Smith,NA,NA,133.4,NA,NA,070900010608,55055
hc7417_p01,hc7417_p01_2,Lower Watertown Dam,43.191886,-88.725653,Rock River Power and Light Corporation,HY,NA,NA,2,01 - Lower Watertown,0.188,1993,Unknown,Francis,S. Morgan Smith,NA,9,242,NA,NA,070900010608,55055
hc7418_p01,hc7418_p01_1,Cresticon Upper,42.5961,-72.2192,L.P. Athol Corporation,HY,NA,NA,1,01 - Cresticon Upper,0.25,1931,Unknown,Francis,S. Morgan Smith,NA,15,300,NA,NA,010802020204,25027
hc7419_p01,hc7419_p01_1,Cresticon Lower,42.5965,-72.2206,L.P. Athol Corporation,HY,NA,NA,1,01 - Cresticon Lower,0.25,1948,Unknown,Kaplan,S. Morgan Smith,NA,10,337,NA,NA,010802020204,25027
hc7421_p01,hc7421_p01_1,Hood St Reservoir,47.2317,-122.4447,City of Tacoma,HY,NA,NA,1,01 - Hood Street,0.85,1990,Unknown,Pelton,Dependable Turbine LTD,NA,280,1095,NA,NA,1.711E+11,53053
hc7422_p01,hc7422_p01_1,Miramar Powerhouse,34.1262,-117.6987,Three Valleys Municipal Water District,HY,NA,NA,1,01 - Miramar,0.53,NA,Unknown,Francis,NA,NA,NA,300,NA,NA,1.80702E+11,06037
hc7423_p01,hc7423_p01_1,Fulton Road Powerhouse,34.0998,-117.7562,Three Valleys Municipal Water District,HY,NA,NA,1,01 - Fulton Road,0.2,NA,Unknown,Francis,NA,NA,188,NA,NA,NA,1.80701E+11,06037
hc7424_p01,hc7424_p01_1,Williams Avenue Powerhouse,34.1192,-117.7502,Three Valleys Municipal Water District,HY,NA,NA,1,01 - Williams Avenue,0.35,NA,Unknown,Francis,NA,NA,288,NA,NA,NA,1.80701E+11,06037
hc7425_p01,hc7425_p01_1,Scott Fodor,45.0987,-115.3163,"SCOTT M. FODOR, TRUST",HY,NA,NA,1,01 - Flying W,0.008,1979,Unknown,Pelton,Pelton Water Wheel Company,NA,198,NA,NA,NA,1.70602E+11,16085
hc7427_p01,hc7427_p01_1,Ebey Hill Diversion,48.23,-122.0267,Kevin T. Duncan,HY,NA,NA,1,01 - Ebey Hill,0.1,1991,Unknown,Pelton,Poppleton,NA,1148,147,NA,NA,1.711E+11,53061
hc7428_p01,hc7428_p01_1,St. Regis Falls,44.6724,-74.5446,Azure Mountain Power Company,HY,NA,NA,1,01 - St. Regis Falls,0.3,1993,Unknown,Francis,Electric Machinery Mfg.,NA,17.5,400,NA,NA,041503060405,36033
hc7428_p01,hc7428_p01_2,St. Regis Falls,44.6724,-74.5446,Azure Mountain Power Company,HY,NA,NA,2,01 - St. Regis Falls,0.5,1994,Unknown,Francis,Allis-Chalmers,NA,17.5,700,NA,NA,041503060405,36033
hc7429_p01,hc7429_p01_1,Utica Water Line Hydro Station,43.2766,-75.1666,Upper Mohawk Valley Regional Water Board,HY,NA,NA,1,01 - Utica Water Line (Filtration Plant),0.2,1993,Unknown,Francis,Byron Jackson,NA,52,220,NA,NA,020200040506,36043
hc7429_p01,hc7429_p01_2,Utica Water Line Hydro Station,43.2766,-75.1666,Upper Mohawk Valley Regional Water Board,HY,NA,NA,2,02 - Utica Water Line - Downstream,0.25,1993,Unknown,Francis,Byron Jackson,NA,102,280,NA,NA,020200040506,36043
hc7430_p01,hc7430_p01_1,Monte Vista Powerhouse,34.0915,-117.6868,Monte Vista Water District,HY,NA,NA,1,01 - Monte Vista,0.112,NA,Unknown,Unknown,NA,NA,NA,NA,NA,NA,1.80702E+11,06071
hc7430_p01,hc7430_p01_2,Monte Vista Powerhouse,34.0915,-117.6868,Monte Vista Water District,HY,NA,NA,2,01 - Monte Vista,0.373,NA,Unknown,Unknown,NA,NA,NA,NA,NA,NA,1.80702E+11,06071
hc7430_p01,hc7430_p01_3,Monte Vista Powerhouse,34.0915,-117.6868,Monte Vista Water District,HY,NA,NA,3,01 - Monte Vista,0.373,NA,Unknown,Unknown,NA,NA,NA,NA,NA,NA,1.80702E+11,06071
hc7431_p01,hc7431_p01_1,Wichita,37.75,-97.35,"Wichita, City of",HY,NA,NA,1,01 - Wichita,0.18,1990,Unknown,Unknown,NA,NA,90,241,NA,NA,1.103E+11,NA
hc7431_p01,hc7431_p01_2,Wichita,37.75,-97.35,"Wichita, City of",HY,NA,NA,2,01 - Wichita,0.268,1990,Unknown,Unknown,NA,NA,NA,NA,NA,NA,1.103E+11,NA
hc7433_p01,hc7433_p01_1,Graeagle Golf Course Powerhouse,39.7578,-120.6012,Graeagle Land and Water Co.,HY,NA,NA,1,01 - Graeagle Golf Course,0.09,NA,Unknown,Unknown,NA,NA,NA,NA,NA,NA,1.80201E+11,06063
hc7434_p01,hc7434_p01_1,Whittelsey,44.8473,-74.2933,"Malone's Next Gen, LLC.",HY,NA,NA,1,01 - Whittelsey,0.325,1927,Unknown,Francis,S. Morgan Smith,NA,21,560,NA,NA,041503070302,36033
hc7435_p01,hc7435_p01_1,WFA-JPA Station No. 1 Powerhouse,34.0937,-117.6562,WFA,HY,NA,NA,1,01 - WFA-JPA Station No. 1,0.225,1992,Unknown,Francis,NA,NA,198,302,NA,NA,1.80702E+11,06071
hc7436_p01,hc7436_p01_1,Elba,31.364,-86.0936,"Elba Hydro-Electric Power, Inc.",HY,NA,NA,1,01 - Elba,0.447,NA,Unknown,Francis,NA,NA,NA,658,NA,NA,031402020603,01031
hc7436_p01,hc7436_p01_2,Elba,31.364,-86.0936,"Elba Hydro-Electric Power, Inc.",HY,NA,NA,2,01 - Elba,1,NA,Unknown,Francis,NA,NA,NA,NA,NA,NA,031402020603,01031
hc7436_p01,hc7436_p01_3,Elba,31.364,-86.0936,"Elba Hydro-Electric Power, Inc.",HY,NA,NA,3,01 - Elba,1,NA,Unknown,Francis,NA,NA,NA,NA,NA,NA,031402020603,01031
hc7437_p01,hc7437_p01_1,Gaillard Hydro Station,41.332,-72.7976,South Central Connecticut Regional Water Authority,HY,NA,NA,1,01 - Gaillard,0.336,1989,Unknown,Francis,NA,NA,5,400,NA,NA,011000040206,09009
hc7438_p01,hc7438_p01_1,Big Creek,45.1283,-115.3234,"Big Creek Lodge & Outfitters, Inc.",HY,NA,NA,1,01 - Big Creek,0.022,1968,Unknown,Pelton,NA,NA,NA,NA,NA,NA,1.70602E+11,16085
hc7439_p01,hc7439_p01_1,Mesa Powerhouse,33.6456,-117.932,Mesa Consolidated Water District,HY,NA,NA,1,01 - Mesa,0.03,1989,Unknown,Pump,NA,NA,140,40,NA,NA,1.80702E+11,06059
hc7439_p01,hc7439_p01_2,Mesa Powerhouse,33.6456,-117.932,Mesa Consolidated Water District,HY,NA,NA,2,01 - Mesa,0.03,1989,Unknown,Pump,NA,NA,140,40,NA,NA,1.80702E+11,06059
hc7440_p01,hc7440_p01_1,Burnett River Hatchery,56.1153,-132.4667,"Southern Southeast Regional Aquaculture Association, Inc.",HY,NA,NA,1,01 - Burnett River Hatchery,0.08,1999,Unknown,Francis,Cornell,NA,150,NA,NA,NA,1.90102E+11,NA
hc7441_p01,hc7441_p01_1,Ross Creek Diversion,45.8455,-110.9772,"Ross Creek Hydro, L.C.",HY,NA,NA,1,01 - Ross Creek,0.597,1996,Unknown,Pelton,Canyon Hydro,NA,320,NA,NA,NA,1.002E+11,30031
hc7442_p01,hc7442_p01_1,Station No. 5 Powerhouse,42.2081,-72.5968,City of Holyoke Gas & Electric Department,HY,NA,NA,1,01 - Station No. 5,0.79,1931,Unknown,Kaplan,S. Morgan Smith,NA,26,1070,NA,NA,010802010702,25013
hc7445_p01,hc7445_p01_1,WTP Powerhouse No. 2,37.5417,-121.9252,Alameda County Water District,HY,NA,NA,1,01 - WTP No. 2,0.125,1993,Unknown,Francis,NA,NA,320,3.5,NA,NA,1.805E+11,06001
hc7445_p01,hc7445_p01_2,WTP Powerhouse No. 2,37.5417,-121.9252,Alameda County Water District,HY,NA,NA,2,01 - WTP No. 2,0.125,1993,Unknown,Francis,NA,NA,320,3.5,NA,NA,1.805E+11,06001
hc7445_p01,hc7445_p01_3,WTP Powerhouse No. 2,37.5417,-121.9252,Alameda County Water District,HY,NA,NA,3,01 - WTP No. 2,0.25,1993,Unknown,Francis,NA,NA,320,7,NA,NA,1.805E+11,06001
hc7445_p01,hc7445_p01_4,WTP Powerhouse No. 2,37.5417,-121.9252,Alameda County Water District,HY,NA,NA,4,01 - WTP No. 2,0.25,1993,Unknown,Francis,NA,NA,320,7,NA,NA,1.805E+11,06001
hc7445_p01,hc7445_p01_5,WTP Powerhouse No. 2,37.5417,-121.9252,Alameda County Water District,HY,NA,NA,5,01 - WTP No. 2,0.25,1993,Unknown,Francis,NA,NA,320,7,NA,NA,1.805E+11,06001
hc7445_p01,hc7445_p01_6,WTP Powerhouse No. 2,37.5417,-121.9252,Alameda County Water District,HY,NA,NA,6,01 - WTP No. 2,0.25,1993,Unknown,Francis,NA,NA,320,7,NA,NA,1.805E+11,06001
hc7448_p01,hc7448_p01_1,Carthage Paper Maker,43.97833,-75.615,CLIMAX MANUFACTURING CO        (NY),HY,NA,NA,1,01 - Carthage Paper Maker,0.8,1912,Unknown,Kaplan,S. Morgan Smith,NA,16.399999999999999,1140,NA,NA,041501011401,NA
hc7449_p01,hc7449_p01_1,Sweetwater,43.3905,-72.3766,"Sweetwater Hydroelectric, Inc.",HY,NA,NA,1,01 - Sweetwater - South Bank,0.225,1924,Unknown,Francis,James Leffel & Co.,NA,32,335,NA,NA,010801060407,33019
hc7449_p01,hc7449_p01_2,Sweetwater,43.3905,-72.3766,"Sweetwater Hydroelectric, Inc.",HY,NA,NA,2,01 - Sweetwater - South Bank,0.25,1924,Unknown,Francis,James Leffel & Co.,NA,32,335,NA,NA,010801060407,33019
hc7449_p01,hc7449_p01_3,Sweetwater,43.3905,-72.3766,"Sweetwater Hydroelectric, Inc.",HY,NA,NA,3,02 - Sweetwater - North Bank,0.425,1924,Unknown,Francis,Rodney Hunt,NA,32,570,NA,NA,010801060407,33019
hc7450_p01,hc7450_p01_1,Zena Creek Ranch,45.0423,-115.741,James B Adkins,HY,NA,NA,1,01 - Zena Creek Ranch,0.055,1952,Unknown,Pelton,NA,NA,87,NA,NA,NA,1.70602E+11,16085
hc7451_p01,hc7451_p01_1,Sahko Dam,42.651767,-114.638215,"J M Miller Enterprises, Inc",HY,NA,NA,1,01 - Sahko,0.5,NA,Unknown,Pelton,NA,NA,320,621,NA,NA,1.70402E+11,16083
hc7453_p01,hc7453_p01_1,Eustis,45.2176,-70.4761,KEI (Maine) Power Management (I) LLC,HY,NA,NA,1,01 - Eustis,0.25,1952,Unknown,Kaplan,S. Morgan Smith,NA,NA,335,NA,NA,010300020106,23007
hc7454_p01,hc7454_p01_1,Brunswick,41.7172,-71.8614,"Glen Falls Hydro, LLC",HY,NA,NA,1,01 - Glen Falls,0.25,1945,Unknown,Francis,Rodney Hunt,NA,17.5,387,NA,NA,011000010503,09015
hc7455_p01,hc7455_p01_1,Mix,42.5140964,-84.6553934,Cameron Gas & Electric Company,HY,NA,NA,1,01 - Mix,0.058,NA,Unknown,Francis,James Leffel & Co.,NA,9,105,NA,NA,040500040308,26045
hc7455_p01,hc7455_p01_2,Mix,42.5140964,-84.6553934,Cameron Gas & Electric Company,HY,NA,NA,2,01 - Mix,0.144,NA,Unknown,Francis,S. Morgan Smith,NA,9,NA,NA,NA,040500040308,26045
hc7456_p01,hc7456_p01_1,Smithville,42.4997,-84.629,Cameron Gas & Electric Company,HY,NA,NA,1,01 - Smithville,0.085,NA,Unknown,Francis,NA,NA,13,NA,NA,NA,040500040308,26045
hc7456_p01,hc7456_p01_2,Smithville,42.4997,-84.629,Cameron Gas & Electric Company,HY,NA,NA,2,01 - Smithville,0.165,NA,Unknown,Kaplan,NA,NA,13,NA,NA,NA,040500040308,26045
hc7456_p01,hc7456_p01_3,Smithville,42.4997,-84.629,Cameron Gas & Electric Company,HY,NA,NA,3,01 - Smithville,0.25,NA,Unknown,Francis,NA,NA,13,NA,NA,NA,040500040308,26045
hc7457_p01,hc7457_p01_1,Dayville Wasteway,41.8483,-71.8893,"Summit Hydro, LLC",HY,NA,NA,1,01 - Dayville Pond,0.1,1925,Unknown,Francis,Holyoke,NA,14,147,NA,NA,011000010302,09015
hc7458_p01,hc7458_p01_1,Gillihan,45.1189,-115.3143,Catherine Gillihan,HY,NA,NA,1,01 - Gillihan,0.015,1976,Unknown,Pelton,NA,NA,80,NA,NA,NA,1.70602E+11,16085
hc7459_p01,hc7459_p01_1,Still River,41.8756,-72.0854,Richard G. Mackowiak,HY,NA,NA,1,01 - Still River,0.0374,2000,Unknown,Francis,Bradway Machine Company,NA,11,16,NA,NA,011000020202,09015
hc7460_p01,hc7460_p01_1,Coolemee,35.81,-80.5633,Yadkin Inc,HY,NA,NA,1,01 - Cooleemee,0.746,1996,Unknown,Francis,James Leffel & Co.,NA,23,495,NA,NA,030401020603,37059
hc7460_p01,hc7460_p01_2,Coolemee,35.81,-80.5633,Yadkin Inc,HY,NA,NA,2,01 - Cooleemee,0.6,2004,Unknown,Unknown,NA,NA,NA,NA,NA,NA,030401020603,37059
hc7461_p01,hc7461_p01_1,La Barge,42.811,-85.484,Commonwealth Power Co,HY,NA,NA,1,01 - La Barge,0.3,NA,Unknown,Francis,James Leffel & Co.,NA,NA,NA,NA,NA,040500070407,26081
hc7461_p01,hc7461_p01_2,La Barge,42.811,-85.484,Commonwealth Power Co,HY,NA,NA,2,01 - La Barge,0.5,NA,Unknown,Francis,Allis-Chalmers,NA,NA,NA,NA,NA,040500070407,26081
hc7462_p01,hc7462_p01_1,Apthorp,44.306,-71.7461,White Mountain Hydroelectric Corporation,HY,NA,NA,1,01 - Apthorp,0.425,1936,Unknown,Kaplan,S. Morgan Smith,NA,21,570,NA,NA,010801030403,33009
hc7463_p01,hc7463_p01_1,Granite Creek Powerhouse,39.7838,-113.792,"BMB Enterprises, Inc.",HY,NA,NA,1,01 - Granite Creek,0.35,1994,Unknown,Unknown,NA,NA,982,NA,NA,NA,1.60203E+11,49023
hc7464_p01,hc7464_p01_1,Columbia Water Supply Powerhouse,38.063,-120.4263,Tuolumne Utilities District,HY,NA,NA,1,01 - Columbia Water Supply,0.375,1993,Unknown,Pelton,NA,NA,1315,470,NA,NA,1.804E+11,06109
hc7465_p01,hc7465_p01_1,Swans Falls,44.038,-70.984,"Saco River Hydro, LLC",HY,NA,NA,1,01 - Swans Falls,0.41,1923,Unknown,Francis,S. Morgan Smith,NA,13,475,NA,NA,010600020404,23017
hc7465_p01,hc7465_p01_2,Swans Falls,44.038,-70.984,"Saco River Hydro, LLC",HY,NA,NA,2,01 - Swans Falls,0.41,1923,Unknown,Francis,S. Morgan Smith,NA,13,475,NA,NA,010600020404,23017
hc7466_p01,hc7466_p01_1,Greene Mill Dam,42.8951,-92.8031,"Butler County, IA",HY,NA,NA,1,01 - Green Mill,0.25,1925,Unknown,Kaplan,James Leffel & Co.,NA,10.6,NA,NA,NA,070802020605,19023
hc7466_p01,hc7466_p01_2,Greene Mill Dam,42.8951,-92.8031,"Butler County, IA",HY,NA,NA,2,01 - Green Mill,0.15,1926,Unknown,Kaplan,S. Morgan Smith,NA,10.6,NA,NA,NA,070802020605,19023
hc7468_p01,hc7468_p01_1,Buffalo,44.3366,-106.7648,"City of Buffalo, WY",HY,NA,NA,1,01 - Buffalo Hydropower Facility,0.2025,1997,Unknown,Pelton,Sulzer,NA,492,295,NA,NA,1.00902E+11,56019
hc7469_p01,hc7469_p01_1,Blackstone Mill,40.6457,-76.8019,"Theodore A. Keck, III & Holly S. Keck",HY,NA,NA,1,01 - Blackstone Mill,0.015,1983,Unknown,Francis,NA,NA,10,10,NA,NA,020503010802,42043
hc7469_p01,hc7469_p01_2,Blackstone Mill,40.6457,-76.8019,"Theodore A. Keck, III & Holly S. Keck",HY,NA,NA,2,01 - Blackstone Mill,0.05,1983,Unknown,Francis,NA,NA,10,40,NA,NA,020503010802,42043
hc7471_p01,hc7471_p01_1,John Forgy,45.2025,-116.3562,John W. Forgy,HY,NA,NA,1,01 - John Forgy,0.00018,1995,Unknown,Pelton,Harris,NA,425,0.24,NA,NA,1.70602E+11,16003
hc7472_p01,hc7472_p01_1,Mitchell Mill,43.3183,-92.8804,Mitchell County Conservation Board,HY,NA,NA,1,01 - Mitchell Mill Dam Powerhouse,0.38,1998,Unknown,Kaplan,Unknown,NA,NA,380,NA,NA,070802010605,19131
hc7472_p01,hc7472_p01_2,Mitchell Mill,43.3183,-92.8804,Mitchell County Conservation Board,HY,NA,NA,2,01 - Mitchell Mill Dam Powerhouse,0.38,1998,Unknown,Kaplan,Unknown,NA,NA,506.666,NA,NA,070802010605,19131
hc7473_p01,hc7473_p01_1,Damariscotta Mills,44.0617,-69.5278,KEI (Maine) Power Management (IV) LLC,HY,NA,NA,1,01 - Damariscotta Mills,0.46,1923,Unknown,Francis,NA,NA,NA,620,NA,NA,010500030302,23015
hc7475_p01,hc7475_p01_1,Cherry Grove Powerhouse,39.9722,-111.5125,Gary R. Hubbs,HY,NA,NA,1,01 - Cherry Grove,0.224,NA,Unknown,Unknown,NA,NA,NA,NA,NA,NA,1.60202E+11,49049
hc7476_p01,hc7476_p01_1,Falls Creek,58.423011,-135.599844,Alaska Power and Telephone Co,HY,65767,1,1,NA,0.8,1984,Unknown,Unknown,NA,NA,NA,1100,NA,NA,1.90103E+11,NA
hc7477_p01,hc7477_p01_1,Stockport Mill Country Inn Water Power Project,39.548,-81.7898,Stockport Mill Country Inn,HY,NA,NA,1,01 - Stockport Mill Country Inn,0.1,NA,Unknown,Francis,James Leffel & Co.,NA,NA,NA,NA,NA,050400040809,39115
hc7477_p01,hc7477_p01_2,Stockport Mill Country Inn Water Power Project,39.548,-81.7898,Stockport Mill Country Inn,HY,NA,NA,2,01 - Stockport Mill Country Inn,0.1,NA,Unknown,Francis,James Leffel & Co.,NA,NA,NA,NA,NA,050400040809,39115
hc7478_p01,hc7478_p01_1,Alverno,45.5517,-84.395,Black River Limited Partnership,HY,69632,1,1,01 - Alverno,0.6,1981,Unknown,Kaplan,NA,NA,NA,NA,NA,NA,040700050304,26031
hc7478_p01,hc7478_p01_2,Alverno,45.5517,-84.395,Black River Limited Partnership,HY,69632,2,2,01 - Alverno,0.7,1982,Unknown,Kaplan,NA,NA,NA,NA,NA,NA,040700050304,26031
hc7479_p01,hc7479_p01_1,Three Rivers,41.9417,-85.625,Grande Pointe Power,HY,NA,NA,1,01 - Three Rivers,0.3,1918,Unknown,Francis,James Leffel & Co.,NA,12,340,NA,NA,040500010904,NA
hc7479_p01,hc7479_p01_2,Three Rivers,41.9417,-85.625,Grande Pointe Power,HY,NA,NA,2,01 - Three Rivers,0.3,1918,Unknown,Francis,James Leffel & Co.,NA,12,340,NA,NA,040500010904,NA
hc7479_p01,hc7479_p01_3,Three Rivers,41.9417,-85.625,Grande Pointe Power,HY,NA,NA,3,01 - Three Rivers,0.3,1918,Unknown,Francis,James Leffel & Co.,NA,12,340,NA,NA,040500010904,NA
hc7481_p01,hc7481_p01_1,Harrisburg Water Supply,40.46167,-76.74528,City of Harrisburg,HY,NA,NA,1,01 - Harrisburg Water Supply,0.19,2002,Unknown,Kaplan,Byron Jackson,NA,150,250,NA,NA,020503051002,42043
hc7483_p01,hc7483_p01_1,Powercat Production Facility,42.643367,-114.786487,Donald K. and Diane G. Campbell,HY,NA,NA,1,NA,0.02,NA,Unknown,Unknown,NA,NA,1.08,NA,NA,NA,1.70402E+11,16083
hc7485_p01,hc7485_p01_1,Pristine Springs Hydro #3,42.610038,-114.479342,"Pristine Springs, Inc.",HY,NA,NA,1,NA,0.5,NA,Unknown,Unknown,NA,NA,NA,NA,NA,NA,1.70402E+11,16053
hc7486_p01,hc7486_p01_1,Valley Pumping Plant,34.186521,-118.347934,City of Burbank,HY,NA,NA,1,01 - Valley Power Plant,0.15,NA,Unknown,Unknown,NA,NA,NA,NA,NA,NA,1.80701E+11,NA
hc7486_p01,hc7486_p01_2,Valley Pumping Plant,34.186521,-118.347934,City of Burbank,HY,NA,NA,2,01 - Valley Power Plant,0.15,NA,Unknown,Unknown,NA,NA,NA,NA,NA,NA,1.80701E+11,NA
hc7487_p01,hc7487_p01_1,Orderville,37.257766,-112.655203,Kane County Water Conservancy District,HY,NA,NA,1,01 - Orderville,0.2,NA,Unknown,Unknown,NA,NA,200,268,NA,NA,1.501E+11,49025
hc7488_p01,hc7488_p01_1,Goodco Power Hydroelectric Project,42.603531,-114.826119,Jeffery P. Comer and Jack Goodman,HY,NA,NA,1,NA,0.0125,NA,Unknown,Unknown,NA,NA,120,NA,NA,NA,1.70402E+11,16083
hc7488_p01,hc7488_p01_2,Goodco Power Hydroelectric Project,42.603531,-114.826119,Jeffery P. Comer and Jack Goodman,HY,NA,NA,2,NA,0.0125,NA,Unknown,Unknown,NA,NA,120,NA,NA,NA,1.70402E+11,16083
hc7489_p01,hc7489_p01_1,Low Line Midway,42.518897,-114.324127,Twin Falls Canal Company,HY,NA,NA,1,NA,1.15,NA,Unknown,Kaplan,NA,NA,25,NA,NA,NA,1.70402E+11,16083
hc7489_p01,hc7489_p01_2,Low Line Midway,42.518897,-114.324127,Twin Falls Canal Company,HY,NA,NA,2,NA,1.15,NA,Unknown,Kaplan,NA,NA,25,NA,NA,NA,1.70402E+11,16083
hc7490_p01,hc7490_p01_1,Big Falls Milldam,44.62,-89.015,"Neshkoro Power Associates, LLC",HY,NA,NA,1,01 - Big Falls Milldam,0.35,NA,Unknown,Francis,James Leffel & Co.,NA,NA,466.66699999999997,NA,NA,040302021504,55135
hc7491_p01,hc7491_p01_1,Palmdale Energy Recovery Facility Powerhouse,34.561334,-118.129037,Palmdale Water District,HY,NA,NA,1,01 - Palmdale Energy Recovery Facility,0.24,NA,Unknown,Unknown,NA,NA,120,NA,NA,NA,1.80902E+11,NA
hc7492_p01,hc7492_p01_1,Indian River Hydro,42.1871,-72.8512,"Eagle Creek Renewable Energy, LLC",HY,65294,1,1,01 - Russell Falls,0.7,1909,Unknown,Francis,NA,NA,20,1067,0.1,10M,010802060301,25013
hc7492_p01,hc7492_p01_2,Indian River Hydro,42.1871,-72.8512,"Eagle Creek Renewable Energy, LLC",HY,65294,2,2,01 - Russell Falls,0.7,1909,Unknown,Francis,NA,NA,20,1067,0.1,10M,010802060301,25013
hc7494_p01,hc7494_p01_1,Linden,36.170551,-115.043099,Southern Nevada Water Authority,HY,NA,NA,1,01 - Sloan Small Conduit,0.93,2005,Unknown,Francis,Canyon Hydro,NA,133,NA,NA,NA,1.501E+11,NA
hc7495_p01,hc7495_p01_1,Sloan,36.170551,-115.043099,Southern Nevada Water Authority,HY,NA,NA,1,01 - Sloan LVVWD Interconnection Small Conduit,0.522,2005,Unknown,Francis,Canyon Hydro,NA,216,NA,NA,NA,1.501E+11,NA
hc7496_p01,hc7496_p01_1,Horizon Ridge,36.003033,-115.090966,Southern Nevada Water Authority,HY,NA,NA,1,01 - Horizon Ridge Small Conduit,0.671,2005,Unknown,Francis,Canyon Hydro,NA,164,NA,NA,NA,1.501E+11,NA
hc7499_p01,hc7499_p01_1,Royal Mills,41.71266047,-71.51654107,"SBER ROYAL MILL, LLC.",HY,NA,NA,1,01 - Royal Mills,0.225,2007,Unknown,Kaplan,NA,NA,21.4,390,NA,NA,010900040603,44003
hc7501_p01,hc7501_p01_1,Ring Shop,42.1094,-71.6662,"Alternatives Unlimited, Inc.",HY,NA,NA,1,01 - Alternatives Hydro Power,0.047,NA,Unknown,Kaplan,NA,NA,11,63,NA,NA,010900030104,25027
hc7502_p01,hc7502_p01_1,Cascade,38.890555,-104.967869,Colorado Springs Utilities,HY,NA,NA,1,01 - Cascade,0.9,1984,Unknown,Pelton,NA,NA,975,NA,NA,NA,1.102E+11,08041
hc7503_p01,hc7503_p01_1,Cedar Lake Dam Hydroelectric,42.9553,-92.5357,"City of Nashua, Iowa",HY,NA,NA,1,NA,0.2,2012,Unknown,Unknown,NA,NA,NA,NA,NA,NA,070802011005,19037
hc7503_p01,hc7503_p01_2,Cedar Lake Dam Hydroelectric,42.9553,-92.5357,"City of Nashua, Iowa",HY,NA,NA,2,NA,0.2,2012,Unknown,Unknown,NA,NA,NA,NA,NA,NA,070802011005,19037
hc7503_p01,hc7503_p01_3,Cedar Lake Dam Hydroelectric,42.9553,-92.5357,"City of Nashua, Iowa",HY,NA,NA,3,NA,0.2,2012,Unknown,Unknown,NA,NA,NA,NA,NA,NA,070802011005,19037
hc7503_p01,hc7503_p01_4,Cedar Lake Dam Hydroelectric,42.9553,-92.5357,"City of Nashua, Iowa",HY,NA,NA,4,NA,0.2,2012,Unknown,Unknown,NA,NA,NA,NA,NA,NA,070802011005,19037
hc7504_p01,hc7504_p01_1,Corriveau,44.5874269,-70.5634395,"GREEN POWER USA, LLC",HY,NA,NA,1,01 - Corriveau,0.085,1985,Unknown,Francis,James Leffel & Co.,NA,20,108,NA,NA,010400020405,23017
hc7504_p01,hc7504_p01_2,Corriveau,44.5874269,-70.5634395,"GREEN POWER USA, LLC",HY,NA,NA,2,01 - Corriveau,0.115,1985,Unknown,Francis,James Leffel & Co.,NA,20,145,NA,NA,010400020405,23017
hc7504_p01,hc7504_p01_3,Corriveau,44.5874269,-70.5634395,"GREEN POWER USA, LLC",HY,NA,NA,3,01 - Corriveau,0.15,1985,Unknown,Francis,James Leffel & Co.,NA,20,197,NA,NA,010400020405,23017
hc7508_p01,hc7508_p01_1,Ice House,42.5528,-71.6189,"Ice House Partners, Inc.",HY,NA,NA,1,01 - Ice House,0.14,NA,Unknown,Francis,Canadian Hydro Components,NA,9,180,NA,NA,010700040205,25017
hc7508_p01,hc7508_p01_2,Ice House,42.5528,-71.6189,"Ice House Partners, Inc.",HY,NA,NA,2,01 - Ice House,0.14,NA,Unknown,Francis,Canadian Hydro Components,NA,9,180,NA,NA,010700040205,25017
hc7510_p01,hc7510_p01_1,Plateau Creek,39.134059,-108.305916,Ute Water Conservancy District,HY,NA,NA,1,NA,0.61,2015,Unknown,Francis,NA,NA,200,NA,NA,NA,1.401E+11,08077
hc7511_p01,hc7511_p01_1,Cargill Falls,41.923279,-71.906521,"Putnam Green Power, LLC",HY,NA,NA,1,NA,0.875,2016,Unknown,Kaplan,NA,NA,28,NA,NA,NA,011000010403,09015
hc7512_p01,hc7512_p01_1,Pine Creek Mine,37.359618,-118.70101,"Bishop Tungsten Development, LLC",HY,NA,NA,1,NA,0.15,2013,Unknown,Unknown,NA,NA,210,NA,NA,NA,1.80901E+11,06027
hc7513_p01,hc7513_p01_1,Veazie Energy Recovery Hydro Plant,44.823856,-68.708925,Bangor Water District,HY,NA,NA,1,01 - Veazie Energy Recovery,0.075,2011,Unknown,Unknown,NA,NA,315,NA,NA,NA,010200051003,23019
hc7514_p01,hc7514_p01_1,Bennington Water Treatment Hydro Plant,42.895641,-73.130236,"Town of Bennington, Vermont",HY,NA,NA,1,01 - Bennington Water Treatment,0.017,NA,Unknown,Francis,Canyon Hydro,1200,115,NA,NA,NA,020200030701,50003
hc7515_p01,hc7515_p01_1,Culinary Water System Hydroelectric Project,42.731099,-110.892944,Town of Afton,HY,NA,NA,1,NA,0.225,NA,Unknown,Pelton,NA,NA,310,NA,NA,NA,1.70401E+11,56023
hc7516_p01,hc7516_p01_1,Cortez Micro Hydroelectric Project,37.407051,-108.539,"City of Cortez, Colorado",HY,NA,NA,1,NA,0.24,NA,Unknown,Pelton,NA,NA,400,NA,NA,NA,1.40802E+11,08083
hc7517_p01,hc7517_p01_1,South Extension Canal Powerhouse,33.362393,-112.538708,Buckeye Water Conservation and Drainage District,HY,NA,NA,1,01 - South Extension Canal,0.0096,NA,Unknown,Unknown,NA,NA,NA,NA,NA,NA,1.50701E+11,04013
hc7519_p01,hc7519_p01_1,Project 7,38.488163,-107.754593,Project 7 Water Authority,HY,NA,NA,1,NA,0.061,NA,Unknown,Francis,Cornell,NA,132,NA,NA,NA,1.402E+11,NA
hc7519_p01,hc7519_p01_2,Project 7,38.488163,-107.754593,Project 7 Water Authority,HY,NA,NA,2,NA,0.091,NA,Unknown,Francis,Cornell,NA,132,NA,NA,NA,1.402E+11,NA
hc7520_p01,hc7520_p01_1,Troy Hydroelectric Project,44.91686,-72.39648,Troy Mills Hydroelectric,HY,NA,NA,1,NA,0.85,2013,Unknown,Kaplan,NA,NA,75,NA,NA,NA,041504070105,50019
hc7521_p01,hc7521_p01_1,Hettinger,45.2481,-115.5368,Mackay Bar Corp.,HY,NA,NA,1,01 - Hettinger,0.0125,1974,Unknown,Pelton,NA,NA,56,NA,NA,NA,1.70602E+11,16049
hc7522_p01,hc7522_p01_1,Loring Road Hydro Plant,42.34631,-71.267082,Massachusetts Water Resources Authority,HY,NA,NA,1,01 - Loring Road,0.2,NA,Unknown,Kaplan,NA,NA,75,NA,NA,NA,010900010703,25017
hc7524_p01,hc7524_p01_1,Swalley Main Canal,44.135468,-121.277819,Swalley Irrigation District,HY,NA,NA,1,NA,0.75,NA,Unknown,Francis,NA,1700,165,NA,NA,NA,1.70703E+11,41017
hc7525_p01,hc7525_p01_1,Los Vaqueros Pipeline Energy Recovery,37.98375,-121.748557,Contra Costa Water District,HY,NA,NA,1,NA,1,NA,Unknown,Francis,NA,NA,90,NA,NA,NA,1.804E+11,06013
hc7526_p01,hc7526_p01_1,Alder Brook Mini Hydro Plant,44.933423,-72.652287,Charlie Hotchkin and Claire Fay,HY,NA,NA,1,01 - Alder Brook Mini Hydro,0.007,2015,Unknown,Unknown,Canyon Hydro,1730,62,NA,NA,NA,041504070302,50011
hc7527_p01,hc7527_p01_1,Arrow Canyon Conduit Energy Recover,36.742035,-114.742552,Southern Nevada Water Authority,HY,NA,NA,1,NA,0.5,2011,Unknown,Unknown,NA,NA,NA,NA,NA,NA,1.501E+11,32003
hc7528_p01,hc7528_p01_1,Byron Weston,42.470506,-73.169299,Crane and Company,HY,NA,NA,1,NA,0.25,2013,Unknown,Pelton,NA,NA,445,NA,NA,NA,011000050103,NA
hc7529_p01,hc7529_p01_1,Rice Reservoir,43.095799,-74.335386,City of Gloversville,HY,NA,NA,1,NA,0.025,2011,Unknown,Kaplan,NA,514,21.5,NA,NA,NA,020200020605,36035
hc7530_p01,hc7530_p01_1,Keene Water Treatment Facility Hydro,42.93642,-72.260417,"City of Keene, New Hampshire",HY,NA,NA,1,NA,0.022,NA,Unknown,Unknown,NA,NA,225,NA,NA,NA,010802010202,33005
hc7530_p01,hc7530_p01_2,Keene Water Treatment Facility Hydro,42.93642,-72.260417,"City of Keene, New Hampshire",HY,NA,NA,2,NA,0.04,NA,Unknown,Unknown,NA,NA,134,NA,NA,NA,010802010202,33005
hc7531_p01,hc7531_p01_1,Potter Creek,48.521096,-114.640961,Gary E. Hall and Rita C. Hall,HY,NA,NA,1,NA,0.00005,2010,Unknown,Unknown,Energy Systems and Design of Canada,NA,8.5,NA,NA,NA,1.70102E+11,30029
hc7532_p01,hc7532_p01_1,Coltsville Flow Control Station,42.468061,-73.200746,"City of Pittsfield, Massachusetts",HY,NA,NA,1,NA,0.066,2011,Unknown,Unknown,Cornell,1200,155,NA,NA,NA,011000050103,NA
hc7534_p01,hc7534_p01_1,Santa Fe Canyon Hydroelectric Project,35.679858,-105.915276,"City of Santa Fe, New Mexico",HY,NA,NA,1,NA,0.09,2011,Unknown,Unknown,NA,1200,168,NA,NA,NA,1.30202E+11,NA
hc7535_p01,hc7535_p01_1,Vernon Station Hydroelectric Project,45.555063,-122.646062,Portland Water Bureau,HY,NA,NA,1,NA,0.025,2012,Unknown,Francis,NA,NA,52,NA,NA,NA,1.709E+11,41051
hc7537_p01,hc7537_p01_1,Cox Station,37.282433,-122.020286,San Jose Water Company,HY,NA,NA,1,NA,0.055,2011,Unknown,Unknown,NA,NA,72,NA,NA,NA,1.805E+11,06085
hc7537_p01,hc7537_p01_2,Cox Station,37.282433,-122.020286,San Jose Water Company,HY,NA,NA,2,NA,0.055,2011,Unknown,Unknown,NA,NA,72,NA,NA,NA,1.805E+11,06085
hc7538_p01,hc7538_p01_1,Palos Verdes Energy Recovery Project,33.760936,-118.377857,California Water Service Company,HY,NA,NA,1,NA,0.325,NA,Unknown,Unknown,NA,NA,NA,NA,NA,NA,1.80701E+11,NA
hc7542_p01,hc7542_p01_1,SPS of Oregon Hydroelectric Project,45.515835,-117.49364,SPS of Oregon,HY,NA,NA,1,NA,0.011,NA,Unknown,Unknown,NA,NA,NA,NA,NA,NA,1.70601E+11,41063
hc7543_p01,hc7543_p01_1,Humphreys Hydroelectric Project,37.68028,-106.8503,Wagon Wheel Associates,HY,NA,NA,1,NA,0.31,2012,Unknown,Kaplan,Canyon Hydro,NA,91,NA,NA,NA,1.301E+11,08079
hc7545_p01,hc7545_p01_1,Frostburg Low Head Project,39.675613,-78.944872,"City of Frostburg, Maryland",HY,NA,NA,1,NA,0.075,NA,Unknown,Unknown,NA,NA,NA,NA,NA,NA,020700020301,24001
hc7548_p01,hc7548_p01_1,Big Willow Hydroelectric Project,40.539871,-111.818655,Draper Irrigation Company,HY,NA,NA,1,NA,0.511,NA,Unknown,Unknown,NA,NA,908,NA,NA,NA,1.60202E+11,NA
hc7549_p01,hc7549_p01_1,Meeker Wenschhof Hydroelectric Project,39.99464444,-107.9176333,"2C Land & Cattle Company, LLC",HY,NA,NA,1,NA,0.023,2011,Unknown,Pelton,NA,NA,166,NA,NA,NA,1.405E+11,08103
hc7550_p01,hc7550_p01_1,Oak Springs Hydroelectric Project,45.219549,-121.082538,Oregon Department of Fish and Wildlife,HY,NA,NA,1,NA,0.085,2012,Unknown,Unknown,NA,NA,110,NA,NA,NA,1.70703E+11,41065
hc7551_p01,hc7551_p01_1,Eightmile Hydroelectric Project,44.66731,-113.479714,Jordan Whittaker,HY,NA,NA,1,NA,0.46,2014,Unknown,Unknown,NA,NA,338,NA,NA,NA,1.70602E+11,16059
hc7553_p01,hc7553_p01_1,Town of Basalt Hydroelectric Project,39.37518,-107.027586,"Town of Basalt, Colorado",HY,NA,NA,1,NA,0.04,2012,Unknown,Pelton,NA,NA,380,NA,NA,NA,1.401E+11,08037
hc7554_p01,hc7554_p01_1,Three Sisters Irrigation District Hydroelectric Project,44.26461,-121.493356,Three Sisters Irrigation District,HY,NA,NA,1,NA,0.7,2015,Unknown,Francis,NA,NA,NA,NA,NA,NA,1.70703E+11,41017
hc7555_p01,hc7555_p01_1,Hubbardston,43.0719,-84.8484,Hayes Resources Corporation,HY,NA,NA,1,01 - Hubardston,0.12,1954,Unknown,Unknown,NA,NA,NA,NA,NA,NA,040500050306,26067
hc7555_p01,hc7555_p01_2,Hubbardston,43.0719,-84.8484,Hayes Resources Corporation,HY,NA,NA,2,01 - Hubardston,0.12,1954,Unknown,Unknown,NA,NA,NA,NA,NA,NA,040500050306,26067
hc7556_p01,hc7556_p01_1,Poysippi,44.1367,-88.9967,North American Hydro Inc,HY,NA,NA,1,01 - Poysippi,0.075,1954,Unknown,Unknown,NA,NA,NA,NA,NA,NA,040302022003,55137
hc7557_p01,hc7557_p01_1,Spearfish Intake Dam (Savoy),44.343,-103.9213,Homestake Mining Company,HY,NA,NA,1,01 - Hydro Plant No 2,2,1954,Unknown,Pelton,NA,NA,577.5,NA,NA,NA,1.01202E+11,46081
hc7558_p01,hc7558_p01_1,Rock River Beach Dam,46.464264,-86.916517,"Rock River Beach, Inc.",HY,NA,NA,1,01 - Rock River Beach Powerhouse,0.003,1990,Unknown,Kaplan,NA,NA,5.5,NA,NA,NA,040202010108,26003
hc7558_p01,hc7558_p01_2,Rock River Beach Dam,46.464264,-86.916517,"Rock River Beach, Inc.",HY,NA,NA,2,NA,0.005,1990,Unknown,Kaplan,NA,NA,5.5,NA,NA,NA,040202010108,26003
hc7563_p01,hc7563_p01_1,Will Crandall,45.551263,-122.991263,"City of Hillsboro, Oregon",HY,NA,NA,1,NA,0.094,2015,Unknown,Unknown,NA,NA,NA,NA,NA,NA,1.709E+11,41067
hc7564_p01,hc7564_p01_1,Dividers Hydroelectric Project,39.09435833,-108.5589528,Grand Valley Irrigation Company,HY,NA,NA,1,NA,0.185,2021,Unknown,Unknown,NA,NA,NA,NA,NA,NA,1.401E+11,08077
hc7565_p01,hc7565_p01_1,Grandsen,34.275173,-118.873377,Calleguas Municipal Water District,HY,NA,NA,1,NA,0.18,2019,Unknown,Unknown,NA,NA,NA,NA,NA,NA,1.80701E+11,06111
hc7565_p01,hc7565_p01_2,Grandsen,34.275173,-118.873377,Calleguas Municipal Water District,HY,NA,NA,2,NA,0.18,2019,Unknown,Unknown,NA,NA,NA,NA,NA,NA,1.80701E+11,06111
hc7567_p01,hc7567_p01_1,Pendleton Well 1,45.676198,-118.767127,City of Pendleton,HY,NA,NA,1,NA,0.0675,2012,Unknown,Unknown,NA,NA,NA,NA,NA,NA,1.70701E+11,41059
hc7568_p01,hc7568_p01_1,Pendleton Well 5,45.675679,-118.783901,City of Pendleton,HY,NA,NA,1,NA,0.0255,2012,Unknown,Unknown,NA,NA,NA,NA,NA,NA,1.70701E+11,41059
hc7568_p01,hc7568_p01_2,Pendleton Well 5,45.675679,-118.783901,City of Pendleton,HY,NA,NA,2,NA,0.04,2012,Unknown,Unknown,NA,NA,NA,NA,NA,NA,1.70701E+11,41059
hc7569_p01,hc7569_p01_1,Pendleton Well 14,45.670403,-118.851976,City of Pendleton,HY,NA,NA,1,NA,0.0283,2012,Unknown,Unknown,NA,NA,NA,NA,NA,NA,1.70701E+11,41059
hc7570_p01,hc7570_p01_1,Pendleton Well 2,45.670336,-118.797366,City of Pendleton,HY,NA,NA,1,NA,0.1186,2016,Unknown,Unknown,NA,NA,NA,NA,NA,NA,1.70701E+11,41059
hc7571_p01,hc7571_p01_1,Pendleton Well 4,45.672169,-118.813411,City of Pendleton,HY,NA,NA,1,NA,0.0601,2016,Unknown,Unknown,NA,NA,NA,NA,NA,NA,1.70701E+11,41059
hc7572_p01,hc7572_p01_1,Pendleton Well 8,45.669893,-118.817896,City of Pendleton,HY,NA,NA,1,NA,0.0601,2016,Unknown,Unknown,NA,NA,NA,NA,NA,NA,1.70701E+11,41059
hc7573_p01,hc7573_p01_1,Monroe Cold Spring,38.6057,-112.0956,Monroe City,HY,NA,NA,1,NA,0.037,2013,Unknown,Unknown,NA,NA,NA,NA,NA,NA,1.603E+11,49041
hc7574_p01,hc7574_p01_1,Lincoln Metering Station,38.847579,-121.231916,Placer County Water Agency,HY,NA,NA,1,NA,0.19,2015,Unknown,Unknown,NA,NA,NA,NA,NA,NA,1.80202E+11,06061
hc7574_p01,hc7574_p01_2,Lincoln Metering Station,38.847579,-121.231916,Placer County Water Agency,HY,NA,NA,2,NA,0.19,2015,Unknown,Unknown,NA,NA,NA,NA,NA,NA,1.80202E+11,06061
hc7575_p01,hc7575_p01_1,Angelo Dam,43.96841,-90.7756,Western Technical College,HY,NA,NA,1,NA,0.95,2014,Unknown,Unknown,NA,NA,NA,NA,NA,NA,070400060204,55081
hc7576_p01,hc7576_p01_1,Gartina Falls,58.06991,-135.382897,Inside Passage Electric Cooperative,HY,NA,NA,1,NA,0.45,2015,Unknown,Unknown,NA,NA,NA,NA,NA,NA,1.90102E+11,NA
hc7577_p01,hc7577_p01_1,Cheshire Mills,42.944453,-72.092801,"Historic Harrisville,inc",HY,NA,NA,1,NA,0.09,1971,Unknown,Unknown,NA,NA,NA,NA,NA,NA,010700030103,33005
hc7578_p01,hc7578_p01_1,Vermont Tissue Mill,42.913065,-73.233512,"Carbon Zero, LLC",HY,NA,NA,1,NA,0.145,2015,Unknown,Unknown,NA,NA,NA,NA,NA,NA,020200030704,50003
hc7578_p01,hc7578_p01_2,Vermont Tissue Mill,42.913065,-73.233512,"Carbon Zero, LLC",HY,NA,NA,2,NA,0.215,2015,Unknown,Unknown,NA,NA,NA,NA,NA,NA,020200030704,50003
hc7579_p01,hc7579_p01_1,Freedom Falls,44.527828,-69.297638,"Freedom Falls, LLC",HY,NA,NA,1,NA,0.05,2016,Unknown,Unknown,NA,NA,NA,NA,NA,NA,010300032004,23027
hc7580_p01,hc7580_p01_1,Sandhill Water Treatment Plant,34.152814,-117.39957,San Gabriel Valley Water Company,HY,NA,NA,1,NA,0.155,2015,Unknown,Unknown,NA,NA,NA,NA,NA,NA,1.80702E+11,06071
hc7580_p01,hc7580_p01_2,Sandhill Water Treatment Plant,34.152814,-117.39957,San Gabriel Valley Water Company,HY,NA,NA,2,NA,0.155,2015,Unknown,Unknown,NA,NA,NA,NA,NA,NA,1.80702E+11,06071
hc7581_p01,hc7581_p01_1,Crescent Street,42.594814,-72.226549,L.S. Starrett Company,HY,NA,NA,1,NA,0.198,2014,Unknown,Unknown,NA,NA,NA,NA,NA,NA,010802020204,25027
hc7581_p01,hc7581_p01_2,Crescent Street,42.594814,-72.226549,L.S. Starrett Company,HY,NA,NA,2,NA,0.25,2014,Unknown,Unknown,NA,NA,NA,NA,NA,NA,010802020204,25027
hc7583_p01,hc7583_p01_1,Tank 4 In-Conduit,36.015487,-120.128681,"City of Avenal, California",HY,NA,NA,1,NA,0.11,2015,Unknown,Unknown,NA,NA,NA,NA,NA,NA,1.803E+11,06031
hc7584_p01,hc7584_p01_1,Sackett Filtration,42.092936,-72.803169,Westfield Water Resources Department,HY,NA,NA,1,NA,0.08,2014,Unknown,Unknown,NA,NA,NA,NA,NA,NA,010802060303,25013
hc7585_p01,hc7585_p01_1,Conduit 3,45.498715,-122.512279,City of Portland Water Bureau,HY,NA,NA,1,NA,0.05,2015,Unknown,Unknown,NA,NA,NA,NA,NA,NA,1.709E+11,41051
hc7585_p01,hc7585_p01_2,Conduit 3,45.498715,-122.512279,City of Portland Water Bureau,HY,NA,NA,2,NA,0.05,2015,Unknown,Unknown,NA,NA,NA,NA,NA,NA,1.709E+11,41051
hc7585_p01,hc7585_p01_3,Conduit 3,45.498715,-122.512279,City of Portland Water Bureau,HY,NA,NA,3,NA,0.05,2015,Unknown,Unknown,NA,NA,NA,NA,NA,NA,1.709E+11,41051
hc7585_p01,hc7585_p01_4,Conduit 3,45.498715,-122.512279,City of Portland Water Bureau,HY,NA,NA,4,NA,0.05,2015,Unknown,Unknown,NA,NA,NA,NA,NA,NA,1.709E+11,41051
hc7589_p01,hc7589_p01_1,Carlsbad,33.152841,-117.26149,Carlsbad Municipal Water District,HY,NA,NA,1,NA,0.135,2015,Unknown,Unknown,NA,NA,NA,NA,NA,NA,1.80703E+11,06073
hc7594_p01,hc7594_p01_1,Antrim Micro,41.629374,-77.287113,Antrim Treatment Trust,HY,NA,NA,1,NA,0.02,2012,Unknown,Pelton,NA,NA,NA,NA,NA,NA,020502050402,42117
hc7594_p01,hc7594_p01_2,Antrim Micro,41.629374,-77.287113,Antrim Treatment Trust,HY,NA,NA,2,NA,0.02,2012,Unknown,Pelton,NA,NA,NA,NA,NA,NA,020502050402,42117
hc7599_p01,hc7599_p01_1,Calligan Creek,47.606052,-121.710446,PUD No 1 of Snohomish County,HY,60418,CC6MW,1,NA,6,2018,Unknown,Pelton,Gilbert Gilkes And Gordon,NA,1038,8043,0.5,1H,1.711E+11,NA
hc7600_p01,hc7600_p01_1,Hancock Creek,47.57108,-121.714417,PUD No 1 of Snohomish County,HY,60517,HY1,1,NA,6,2018,Unknown,Pelton,Gilbert Gilkes And Gordon,NA,1116,8043,0.5,1H,1.711E+11,NA
hc7607_p01,hc7607_p01_1,Zealand Falls Hydroelectric Project,44.195,-71.4916667,Appalachian Mountain Club,HY,NA,NA,1,NA,0.00025,NA,Unknown,Unknown,NA,NA,254,NA,NA,NA,010700010101,33009
hc7608_p01,hc7608_p01_1,Brooklyn Dam Hydroelectric Project,44.6,-71.5055,"5440 Hydro, Inc.",HY,NA,NA,1,NA,0.3,2015,Unknown,Kaplan,NA,NA,14,NA,NA,NA,010801010707,33007
hc7608_p01,hc7608_p01_2,Brooklyn Dam Hydroelectric Project,44.6,-71.5055,"5440 Hydro, Inc.",HY,NA,NA,2,NA,0.3,2015,Unknown,Kaplan,NA,NA,14,NA,NA,NA,010801010707,33007
hc7613_p01,hc7613_p01_1,Hanover Pond Dam Hydroelectric Project,41.52,-72.82667,"New England Hydropower Company, LLC",HY,NA,NA,1,NA,0.22,2017,Unknown,Pump,Spaans Babcock,NA,15.2,NA,NA,NA,011000040103,09009
hc9001_p01,hc9001_p01_1,Makila Hydro Plant,20.882897,-156.683117,Makila Hydro LLC,HY,NA,NA,1,NA,0.5,1954,Unknown,Unknown,NA,NA,NA,NA,NA,NA,2.002E+11,NA
hc9007_p01,hc9007_p01_1,Green Energy Hydro,21.936,-159.471,Hawaiian Mahogany,HY,NA,NA,1,NA,0.125,1954,Unknown,Unknown,NA,NA,NA,NA,NA,NA,2.007E+11,NA
hc9008_p01,hc9008_p01_1,Kauai Coffee Hydro,21.924604,-159.529327,Kauai Coffee,HY,NA,NA,1,NA,4,1954,Unknown,Unknown,NA,NA,NA,NA,NA,NA,2.007E+11,NA
hc9009_p01,hc9009_p01_1,Waimea Mauka Hydro Project,21.95344,-159.662783,Waimea Mauka Hydro Project,HY,NA,NA,1,NA,1,1954,Unknown,Unknown,NA,NA,NA,NA,NA,NA,2.007E+11,NA
hc9010_p01,hc9010_p01_1,Waiawa Hydro Project,21.988169,-159.725716,Waiawa Hydro Project,HY,NA,NA,1,NA,0.5,1954,Unknown,Unknown,NA,NA,NA,NA,NA,NA,2.007E+11,NA
hc9011_p01,hc9011_p01_1,Larsen Bay,57.513,-153.987,"City of Larsen Bay, AK",HY,NA,NA,1,NA,0.475,1954,Unknown,Unknown,NA,NA,NA,NA,NA,NA,1.90207E+11,NA
hc9012_p01,hc9012_p01_1,Lutak,59.279287,-135.477053,NA,HY,NA,NA,1,NA,0.285,1954,Unknown,Unknown,NA,NA,NA,NA,NA,NA,1.90103E+11,NA
hc9013_p01,hc9013_p01_1,Town Creek,54.13604,-165.77296,City of Akutan,HY,NA,NA,1,NA,0.1,1954,Unknown,Unknown,NA,NA,NA,NA,NA,NA,1.90301E+11,NA
hc9014_p01,hc9014_p01_1,Ten Mile,59.2867,-135.68,NA,HY,NA,NA,1,NA,0.125,1954,Unknown,Unknown,NA,NA,NA,NA,NA,NA,1.90103E+11,NA
hc9015_p01,hc9015_p01_1,Chuniisax Creek,52.19,-174.197,City of Atka,HY,NA,NA,1,NA,0.284,1954,Unknown,Unknown,NA,NA,NA,NA,NA,NA,1.90301E+11,NA
hc9016_p01,hc9016_p01_1,McRoberts Creek,61.6,-148.96,Estate of David Ausman,HY,NA,NA,1,NA,0.125,1991,Unknown,Unknown,NA,NA,NA,NA,NA,NA,1.90204E+11,NA
hc9017_p01,hc9017_p01_1,Southfork Hydro,61.27,-149.47,Southfork Hydro LLC,HY,NA,NA,1,NA,1.1,2013,Unknown,Unknown,NA,NA,NA,NA,NA,NA,1.90204E+11,NA
hc9018_p01,hc9018_p01_1,Kahaluu Shaft Tank,19.58167333,-155.9544194,Department of Water Supply,HY,NA,NA,1,NA,0.04,1954,Unknown,Unknown,NA,NA,NA,NA,NA,NA,2.001E+11,NA
hc9019_p01,hc9019_p01_1,Kaloko Generator,19.697,-155.996,SOAR-Technologies Inc.,HY,NA,NA,1,NA,0.04,1954,Unknown,Unknown,NA,NA,NA,NA,NA,NA,2.001E+11,NA
hc9020_p01,hc9020_p01_1,Waimea/Waikoloa Pipeline,20.03865694,-155.6748075,NA,HY,NA,NA,1,NA,0.04,1954,Unknown,Unknown,NA,NA,NA,NA,NA,NA,2.001E+11,NA
hc9021_p01,hc9021_p01_1,Kohala Ditch Hydro,20.24046222,-155.8382244,NA,HY,NA,NA,1,NA,0.04,1954,Unknown,Unknown,NA,NA,NA,NA,NA,NA,2.001E+11,NA
hc9022_p01,hc9022_p01_1,Hoowaiwai Farms Hydro,19.79400083,-155.1257533,NA,HY,NA,NA,1,NA,0.08,1954,Unknown,Unknown,NA,NA,NA,NA,NA,NA,2.001E+11,NA
hc9023_p01,hc9023_p01_1,Ainako Hydro,19.71114278,-155.1236114,NA,HY,NA,NA,1,NA,0.0067,1954,Unknown,Unknown,NA,NA,NA,NA,NA,NA,2.001E+11,NA
hc9024_p01,hc9024_p01_1,Mayflower Mill Project,37.82829833,-107.6281486,San Juan County Historical Society,HY,NA,NA,1,NA,0.011,2014,Unknown,Pelton,NA,NA,NA,NA,NA,NA,1.40801E+11,08111
hc9025_p01,hc9025_p01_1,Pandora Water System Project,37.930916,-107.778022,Town of Telluride,HY,NA,NA,1,NA,0.32,2014,Unknown,Pelton,NA,NA,NA,NA,NA,NA,1.403E+11,08113
hc9027_p01,hc9027_p01_1,Little Sand Creek Project,48.321804,-116.572122,City of Sandpoint,HY,NA,NA,1,NA,0.065,2018,Unknown,Pelton,NA,NA,NA,NA,NA,NA,1.70102E+11,16017
hc9030_p01,hc9030_p01_1,Gibraltar Conduit Hydroelectric Project,34.4581,-119.7247,City of Santa Barbara,HY,NA,NA,1,NA,0.82,2015,Unknown,Unknown,NA,604,536,1087,NA,NA,1.806E+11,06083
hc9032_p01,hc9032_p01_1,U Canal Hydro 2,42.76861111,-114.4722222,North Side Energy Company,HY,61217,HY1,1,NA,1.2,2015,Unknown,Kaplan,NA,NA,43,NA,NA,NA,1.70402E+11,16053
hc9035_p01,hc9035_p01_1,Battle Creek Microhydro Power Generation Project,40.36223333,-111.7012694,"Pleasant Grove City, Utah",HY,NA,NA,1,NA,0.12,2015,Unknown,Unknown,NA,NA,NA,NA,NA,NA,1.60202E+11,49049
hc9039_p01,hc9039_p01_1,Head of U Canal Hydro Project,42.76277778,-114.3958333,North Side Energy Company,HY,61217,HY1,1,NA,1.2,2015,Unknown,Unknown,NA,NA,19,NA,0.1,10M,1.70402E+11,16053
hc9040_p01,hc9040_p01_1,Box Elder,41.50132778,-111.9912083,Brigham City Corporation,HY,NA,NA,1,NA,0.8,2014,Unknown,Unknown,NA,NA,NA,NA,NA,NA,1.60102E+11,49003
hc9042_p01,hc9042_p01_1,Station 29,40.205526,-75.236485,North Wales Water Authority,HY,NA,NA,1,NA,0.011,2014,Unknown,Unknown,NA,NA,NA,NA,NA,NA,020402030901,42091
hc9048_p01,hc9048_p01_1,Tanner In-Conduit Hydroelectric Project,38.38241944,-120.7887667,Amador Water Agency,HY,NA,NA,1,NA,0.08,2016,Unknown,Unknown,NA,NA,NA,NA,NA,NA,1.804E+11,06005
hc9048_p01,hc9048_p01_2,Tanner In-Conduit Hydroelectric Project,38.38241944,-120.7887667,Amador Water Agency,HY,NA,NA,2,NA,0.08,2016,Unknown,Unknown,NA,NA,NA,NA,NA,NA,1.804E+11,06005
hc9050_p01,hc9050_p01_1,Waterman Turnout In-Conduit Hydroelectric Project,34.172625,-117.2780333,San Bernardino Valley Mun. Water Dist.,HY,60466,WTHF,1,NA,1,2024,2024,Pelton,NA,NA,NA,NA,NA,NA,1.80702E+11,06071
hc9051_p01,hc9051_p01_1,Glendale Conduit Hydro Project,42.132621,-111.775181,Consolidated Irrigation Company,HY,NA,NA,1,NA,0.45,2015,Unknown,Unknown,NA,514,163,NA,NA,NA,1.60102E+11,16041
hc9063_p01,hc9063_p01_1,Soldier Canyon Micro Hydro Facility,40.592903,-105.160188,Soldier Canyon Filter Plant,HY,NA,NA,1,NA,0.1,2018,Unknown,Francis,Canyon Hydro,900,610,NA,NA,NA,1.019E+11,08069
hc9066_p01,hc9066_p01_1,North Gooding Main Hydroelectric Project,43.0451,-114.5588,North Gooding Main Hydro LLC,HY,61688,NGM1,1,NA,1.3,2016,Unknown,Kaplan,NA,NA,NA,NA,0.4,10M,1.70402E+11,16063
hc9067_p01,hc9067_p01_1,Plant 134 Hydroelectric Project,34.13861667,-117.1884611,East Valley Water District,HY,NA,NA,1,NA,0.056,2018,Unknown,Unknown,NA,NA,NA,NA,NA,NA,1.80702E+11,06071
hc9067_p01,hc9067_p01_2,Plant 134 Hydroelectric Project,34.13861667,-117.1884611,East Valley Water District,HY,NA,NA,2,NA,0.186,2018,Unknown,Unknown,NA,NA,NA,NA,NA,NA,1.80702E+11,06071
hc9074_p01,hc9074_p01_1,SPS2 Hydro Project,45.52277778,-117.4955556,SPS of Oregon,HY,NA,NA,1,NA,0.013,2016,Unknown,Unknown,NA,NA,NA,NA,NA,NA,1.70601E+11,41063
hc9076_p01,hc9076_p01_1,Perdue Water Treatment Plant Hydroelectric Project,32.69358333,-117.0097222,Sweetwater Authority,HY,NA,NA,1,NA,0.35,2017,Unknown,Unknown,NA,NA,NA,NA,NA,NA,1.80703E+11,06073
hc9076_p01,hc9076_p01_2,Perdue Water Treatment Plant Hydroelectric Project,32.69358333,-117.0097222,Sweetwater Authority,HY,NA,NA,2,NA,0.35,2017,Unknown,Unknown,NA,NA,NA,NA,NA,NA,1.80703E+11,06073
hc9083_p01,hc9083_p01_1,Powell Mesa Micro-Hydropower Project,38.823018,-107.712897,Susan Raymond,HY,NA,NA,1,NA,0.0038,2017,Unknown,Unknown,NA,NA,NA,NA,NA,NA,1.402E+11,08029
hc9083_p01,hc9083_p01_2,Powell Mesa Micro-Hydropower Project,38.823018,-107.712897,Susan Raymond,HY,NA,NA,2,NA,0.0038,2017,Unknown,Unknown,NA,NA,NA,NA,NA,NA,1.402E+11,08029
hc9086_p01,hc9086_p01_1,Park Farm Hydro Project,40.33748611,-104.4348056,James W. Park,HY,NA,NA,1,NA,0.0015,2017,Unknown,Kaplan,Scott Hydroelectric,NA,NA,NA,NA,NA,1.019E+11,08123
hc9086_p01,hc9086_p01_2,Park Farm Hydro Project,40.33748611,-104.4348056,James W. Park,HY,NA,NA,2,NA,0.0015,2017,Unknown,Kaplan,Scott Hydroelectric,NA,NA,NA,NA,NA,1.019E+11,08123
hc9086_p01,hc9086_p01_3,Park Farm Hydro Project,40.33748611,-104.4348056,James W. Park,HY,NA,NA,3,NA,0.0015,2017,Unknown,Kaplan,Scott Hydroelectric,NA,NA,NA,NA,NA,1.019E+11,08123
hc9086_p01,hc9086_p01_4,Park Farm Hydro Project,40.33748611,-104.4348056,James W. Park,HY,NA,NA,4,NA,0.0015,2017,Unknown,Kaplan,Scott Hydroelectric,NA,NA,NA,NA,NA,1.019E+11,08123
hc9086_p01,hc9086_p01_5,Park Farm Hydro Project,40.33748611,-104.4348056,James W. Park,HY,NA,NA,5,NA,0.0015,2017,Unknown,Kaplan,Scott Hydroelectric,NA,NA,NA,NA,NA,1.019E+11,08123
hc9086_p01,hc9086_p01_6,Park Farm Hydro Project,40.33748611,-104.4348056,James W. Park,HY,NA,NA,6,NA,0.0015,2017,Unknown,Kaplan,Scott Hydroelectric,NA,NA,NA,NA,NA,1.019E+11,08123
hc9086_p01,hc9086_p01_7,Park Farm Hydro Project,40.33748611,-104.4348056,James W. Park,HY,NA,NA,7,NA,0.0015,2017,Unknown,Kaplan,Scott Hydroelectric,NA,NA,NA,NA,NA,1.019E+11,08123
hc9086_p01,hc9086_p01_8,Park Farm Hydro Project,40.33748611,-104.4348056,James W. Park,HY,NA,NA,8,NA,0.0015,2017,Unknown,Kaplan,Scott Hydroelectric,NA,NA,NA,NA,NA,1.019E+11,08123
hc9086_p01,hc9086_p01_9,Park Farm Hydro Project,40.33748611,-104.4348056,James W. Park,HY,NA,NA,9,NA,0.0015,2017,Unknown,Kaplan,Scott Hydroelectric,NA,NA,NA,NA,NA,1.019E+11,08123
hc9086_p01,hc9086_p01_10,Park Farm Hydro Project,40.33748611,-104.4348056,James W. Park,HY,NA,NA,10,NA,0.0015,2017,Unknown,Kaplan,Scott Hydroelectric,NA,NA,NA,NA,NA,1.019E+11,08123
hc9087_p01,hc9087_p01_1,Miller Creek Ditch Hydropower Project,39.97688,-107.927758,White River Electric Association,HY,NA,NA,1,NA,0.18,2017,Unknown,Kaplan,Canyon Hydro,NA,NA,NA,NA,NA,1.405E+11,08103
hc9088_p01,hc9088_p01_1,SCMWD Treatment Plant Project,38.22055556,-104.5141667,St. Charles Mesa Water District,HY,NA,NA,1,NA,0.01,2016,Unknown,Unknown,Cornell,NA,NA,NA,NA,NA,1.102E+11,08101
hc9088_p01,hc9088_p01_2,SCMWD Treatment Plant Project,38.22055556,-104.5141667,St. Charles Mesa Water District,HY,NA,NA,2,NA,0.01,2016,Unknown,Unknown,Cornell,NA,NA,NA,NA,NA,1.102E+11,08101
hc9088_p01,hc9088_p01_3,SCMWD Treatment Plant Project,38.22055556,-104.5141667,St. Charles Mesa Water District,HY,NA,NA,3,NA,0.02,2016,Unknown,Unknown,Cornell,NA,NA,NA,NA,NA,1.102E+11,08101
hc9090_p01,hc9090_p01_1,Watson Net Meter/Micro Hydroelectric Demonstration Facility,44.26434722,-121.493375,Three Sisters Irrigation District,HY,NA,NA,1,NA,0.01119,2019,Unknown,Unknown,Canyon Hydro,NA,70,15,NA,NA,1.70703E+11,41017
hc9090_p01,hc9090_p01_2,Watson Net Meter/Micro Hydroelectric Demonstration Facility,44.26434722,-121.493375,Three Sisters Irrigation District,HY,NA,NA,2,NA,0.015,2019,Unknown,Pelton,HydroTEK,NA,70,20.100000000000001,NA,NA,1.70703E+11,41017
hc9090_p01,hc9090_p01_3,Watson Net Meter/Micro Hydroelectric Demonstration Facility,44.26434722,-121.493375,Three Sisters Irrigation District,HY,NA,NA,3,NA,0.02238,2019,Unknown,Francis,Soar,NA,70,30,NA,NA,1.70703E+11,41017
hc9090_p01,hc9090_p01_4,Watson Net Meter/Micro Hydroelectric Demonstration Facility,44.26434722,-121.493375,Three Sisters Irrigation District,HY,NA,NA,4,NA,0.15,2019,Unknown,Pump,Cornell,NA,70,201,NA,NA,1.70703E+11,41017
hc9091_p01,hc9091_p01_1,Libby PRV Station Hydroelectric Project,48.378164,-115.55759,"City of Libby, MT",HY,NA,NA,1,NA,0.018,2017,Unknown,Francis,NA,NA,NA,NA,NA,NA,1.70101E+11,30053
hc9096_p01,hc9096_p01_1,Ione Hydroelectric Station,38.338621,-120.907297,Amador Water Agency,HY,NA,NA,1,NA,0.4476,2017,Unknown,Pelton,NA,NA,NA,NA,NA,NA,1.804E+11,06005
hc9106_p01,hc9106_p01_1,Silver Creek Hydro Energy Recovery Facility,40.73336111,-111.4829556,Mountain Regional Water Special Services District,HY,NA,NA,1,NA,0.1,2018,Unknown,Francis,NA,NA,NA,NA,NA,NA,1.60201E+11,49043
hc9106_p01,hc9106_p01_2,Silver Creek Hydro Energy Recovery Facility,40.73336111,-111.4829556,Mountain Regional Water Special Services District,HY,NA,NA,2,NA,0.1,2018,Unknown,Francis,NA,NA,NA,NA,NA,NA,1.60201E+11,49043
hc9108_p01,hc9108_p01_1,Yoder Farm Water Supply System Project,43.330218,-73.050136,Ryan Yoder,HY,NA,NA,1,NA,0.0008,2017,Unknown,Unknown,NA,NA,NA,NA,NA,NA,041504020101,50021
hc9108_p01,hc9108_p01_2,Yoder Farm Water Supply System Project,43.330218,-73.050136,Ryan Yoder,HY,NA,NA,2,NA,0.0008,2017,Unknown,Unknown,NA,NA,NA,NA,NA,NA,041504020101,50021
hc9128_p01,hc9128_p01_1,Stevens Mills Hydroelectric Project,43.446111,-71.644444,Eagle Creek RE LLC,HY,58712,1G,1,NA,0.2,1985,Unknown,Unknown,NA,NA,NA,NA,0.2,10M,010700020202,33013
hc9128_p01,hc9128_p01_2,Stevens Mills Hydroelectric Project,43.446111,-71.644444,Eagle Creek RE LLC,HY,58712,3G,2,NA,1.9,1985,Unknown,Unknown,NA,NA,NA,NA,0.3,10M,010700020202,33013
hc9129_p01,hc9129_p01_1,Twin Falls (WI),45.872778,-88.070833,Wisconsin Electric Power Co,HY,59836,11,1,NA,4.6,2016,Unknown,Unknown,NA,NA,NA,NA,1.5,10M,040301080702,55037
hc9129_p01,hc9129_p01_2,Twin Falls (WI),45.872778,-88.070833,Wisconsin Electric Power Co,HY,59836,12,2,NA,4.6,2016,Unknown,Unknown,NA,NA,NA,NA,1.5,10M,040301080702,55037
hc9130_p01,hc9130_p01_1,Shavano Falls Hydro Drop 4,38.450483,-107.776727,Shavano Falls Hydro LLC - Drop 4 Project,HY,61190,GEN1,1,NA,4.8,2015,Unknown,Unknown,NA,NA,NA,NA,1.4,10M,1.402E+11,08085
hc9131_p01,hc9131_p01_1,Drop 5,38.404377,-107.810213,Drop 5 Hydro LLC,HY,61191,GEN1,1,NA,2.4,2017,Unknown,Kaplan,NA,NA,NA,NA,2.4,10M,1.402E+11,08085
hc9132_p01,hc9132_p01_1,Texon Hydroelectric Project,42.221412,-72.85964,"Hitchcock Hydro, LLC",HY,61640,1,1,NA,1.5,1982,Unknown,Unknown,NA,NA,NA,NA,0.2,1H,010802060301,25013
hc9133_p01,hc9133_p01_1,A-MILL ARTIST LOFTS,44.983712,-93.25324,MINNEAPOLIS LEASED HOUSING ASSN IV,HY,NA,NA,1,NA,0.6,2017,Unknown,Kaplan,NA,NA,NA,NA,NA,NA,070102060703,27053
hc9134_p01,hc9134_p01_1,Pueblo Dam,38.26998,-104.7233,James W. Broderick Hydropower Plant,HY,64123,GEN35,1,NA,3.5,2019,Unknown,Francis,NA,NA,NA,NA,1,10M,1.102E+11,08101
hc9134_p01,hc9134_p01_2,Pueblo Dam,38.26998,-104.7233,James W. Broderick Hydropower Plant,HY,64123,GEN40,2,NA,4,2019,Unknown,Francis,NA,NA,NA,NA,1.5,10M,1.102E+11,08101
hc9135_p01,hc9135_p01_1,Rolfe Hydro Project,38.29416944,-107.5696833,Rolfe Hydro Project,HY,NA,NA,1,NA,0.002,2015,Unknown,Unknown,NA,NA,NA,NA,NA,NA,1.402E+11,08051
hc9136_p01,hc9136_p01_1,Fulton Hydropower Project,44.14066667,-113.88365,Gordon Fulton,HY,NA,NA,1,NA,0.406,2019,Unknown,Unknown,NA,NA,NA,NA,NA,NA,1.70402E+11,16037
hc9137_p01,hc9137_p01_1,Timothy Lake Powerhouse,45.113699,-121.8076304,Portland General Electric Co,HY,60868,1,1,NA,1.2,2018,Unknown,Unknown,NA,NA,NA,NA,0.1,10M,1.709E+11,41005
hc9139_p01,hc9139_p01_1,Campbellas Ferry Micro-Hydro Unit Project,45.486692,-115.327767,"Campbellas Ferry Ranch, LLC",HY,NA,NA,1,NA,0.0011,2020,Unknown,Pelton,AMP Hydro,NA,NA,NA,NA,NA,1.70602E+11,16049
hc9140_p01,hc9140_p01_1,Drop 8 Facility,32.126612,-106.724159,Elephant Butte Irrigation District,HY,NA,NA,1,NA,0.02,2016,Unknown,Kaplan,NA,NA,NA,NA,NA,NA,1.30301E+11,35013
hc9140_p01,hc9140_p01_2,Drop 8 Facility,32.126612,-106.724159,Elephant Butte Irrigation District,HY,NA,NA,2,NA,0.02,2016,Unknown,Kaplan,NA,NA,NA,NA,NA,NA,1.30301E+11,35013
hc9141_p01,hc9141_p01_1,C.C. Cragin Raw Water Supply Line,34.279432,-111.297255,"Town Of Payson, az",HY,NA,NA,1,NA,0.2,2020,Unknown,Pelton,NA,NA,NA,NA,NA,NA,1.50601E+11,04007
hc9142_p01,hc9142_p01_1,Roemer Water Filtration Facility Hydroelectric Project,34.154786,-117.397752,West Valley Water District,HY,NA,NA,1,NA,0.242,2019,Unknown,Horizontal Pump,NA,NA,NA,NA,NA,NA,1.80702E+11,06071
hc9142_p01,hc9142_p01_2,Roemer Water Filtration Facility Hydroelectric Project,34.154786,-117.397752,West Valley Water District,HY,NA,NA,2,NA,0.242,2019,Unknown,Horizontal Pump,NA,NA,NA,NA,NA,NA,1.80702E+11,06071
hc9143_p01,hc9143_p01_1,FMC 33B Micro-hydro Project,38.87900556,-107.6162917,Joseph W. Yeamans,HY,NA,NA,1,NA,0.005,2019,Unknown,Francis,NA,NA,NA,NA,NA,NA,1.402E+11,08029
hc9144_p01,hc9144_p01_1,Deep Creek Hydroelectric Project,34.39047222,-117.2381111,Mojave Water Agency,HY,NA,NA,1,NA,0.8,2019,Unknown,Pelton,NA,NA,NA,NA,NA,NA,1.80902E+11,06071
hc9145_p01,hc9145_p01_1,Lake Livingston,30.632576,-95.012083,"East Texas Electric Coop, Inc",HY,58645,RCT1,1,NA,8.9,2020,Unknown,Kaplan,NA,NA,NA,NA,3.3,10M,1.20302E+11,48373
hc9145_p01,hc9145_p01_2,Lake Livingston,30.632576,-95.012083,"East Texas Electric Coop, Inc",HY,58645,RCT2,2,NA,8.9,2020,Unknown,Kaplan,NA,NA,NA,NA,3.3,10M,1.20302E+11,48373
hc9145_p01,hc9145_p01_3,Lake Livingston,30.632576,-95.012083,"East Texas Electric Coop, Inc",HY,58645,RCT3,3,NA,8.9,2020,Unknown,Kaplan,NA,NA,NA,NA,3.3,10M,1.20302E+11,48373
hc9146_p01,hc9146_p01_1,Red Rock,41.3695,-92.9803,Western Minnesota Mun Pwr Agny,HY,58434,1,1,NA,27.6,2021,Unknown,Unknown,NA,NA,NA,NA,6.2,10M,071000081509,19125
hc9146_p01,hc9146_p01_2,Red Rock,41.3695,-92.9803,Western Minnesota Mun Pwr Agny,HY,58434,2,2,NA,27.6,2021,Unknown,Unknown,NA,NA,NA,NA,6.2,10M,071000081509,19125
hc9147_p01,hc9147_p01_1,Crocker,42.5690726,-71.88105706,Ketchikan Public Utilities,HY,NA,NA,1,NA,0.145,2020,Unknown,Kaplan,NA,NA,NA,NA,0.3,10M,010700040101,25027
hc9148_p01,hc9148_p01_1,Hiilangaay Hydro,55.215572,-132.597942,"Haida Energy, Inc.",HY,59037,GEN 1,1,NA,5,2021,Unknown,Horizontal Impulse,NA,NA,NA,NA,0,1H,1.90101E+11,NA
hc9149_p01,hc9149_p01_1,Gordon Faber Hydroelectric Project,45.554174,-122.910232,"City of Hillsboro, Oregon",HY,NA,NA,1,NA,0.03,2020,Unknown,Centrifugal,NA,NA,NA,NA,NA,NA,1.709E+11,41067
hc9150_p01,hc9150_p01_1,Mechanicville Hydroelectric Station,42.876535,-73.680169,Mechanicville Hydroelectric Station,HY,62322,MG8,1,NA,2,2018,Unknown,Unknown,NA,NA,NA,NA,0.3,1H,020200031106,36091
hc9150_p01,hc9150_p01_2,Mechanicville Hydroelectric Station,42.876535,-73.680169,Mechanicville Hydroelectric Station,HY,62322,MG9,2,NA,2,2018,Unknown,Unknown,NA,NA,NA,NA,0.3,1H,020200031106,36091
hc9151_p01,hc9151_p01_1,Enery Recovery Phase 1,45.675921,-118.767138,"City Of Pendleton, or",HY,NA,NA,1,NA,0.0255,2012,Unknown,Unknown,NA,NA,NA,NA,NA,NA,1.70701E+11,41059
hc9151_p01,hc9151_p01_2,Enery Recovery Phase 1,45.675921,-118.767138,"City Of Pendleton, or",HY,NA,NA,2,NA,0.0283,2012,Unknown,Unknown,NA,NA,NA,NA,NA,NA,1.70701E+11,41059
hc9151_p01,hc9151_p01_3,Enery Recovery Phase 1,45.675921,-118.767138,"City Of Pendleton, or",HY,NA,NA,3,NA,0.04,2012,Unknown,Unknown,NA,NA,NA,NA,NA,NA,1.70701E+11,41059
hc9151_p01,hc9151_p01_4,Enery Recovery Phase 1,45.675921,-118.767138,"City Of Pendleton, or",HY,NA,NA,4,NA,0.0675,2012,Unknown,Unknown,NA,NA,NA,NA,NA,NA,1.70701E+11,41059
hc9152_p01,hc9152_p01_1,Hidden Falls Lake,57.217,-134.873,Alaska Dept Of Fish And Games,HY,NA,NA,1,NA,0.25,1985,Unknown,Unknown,NA,NA,NA,NA,NA,NA,1.90102E+11,NA
hc9152_p01,hc9152_p01_2,Hidden Falls Lake,57.217,-134.873,Alaska Dept Of Fish And Games,HY,NA,NA,2,NA,0.08,2019,Unknown,Unknown,NA,NA,NA,NA,NA,NA,1.90102E+11,NA
hc9153_p01,hc9153_p01_1,Wallowa Lake County Service District Hydro Station Project,45.281,-117.215,Wallowa Resources Community Solutions Inc.,HY,NA,NA,1,NA,0.02,2020,Unknown,Pelton,NA,NA,NA,NA,NA,NA,1.70601E+11,41063
hc9154_p01,hc9154_p01_1,B24 Hydroelectric Station Project,34.03588056,-117.9709861,San Gabriel Valley Water Company,HY,NA,NA,1,NA,0.15,2019,Unknown,Pump,NA,NA,NA,NA,NA,NA,1.80701E+11,06037
hc9155_p01,hc9155_p01_1,Pioneer Valley Hydro Site Project,38.28938611,-107.5905278,"Pioneer Valley, LLC",HY,NA,NA,1,NA,0.002,2020,Unknown,Unknown,NA,NA,NA,NA,NA,NA,1.402E+11,08051
hc9155_p01,hc9155_p01_2,Pioneer Valley Hydro Site Project,38.28938611,-107.5905278,"Pioneer Valley, LLC",HY,NA,NA,2,NA,0.004,2020,Unknown,Unknown,NA,NA,NA,NA,NA,NA,1.402E+11,08051
hc9156_p01,hc9156_p01_1,Rock Creek,44.909282,-118.062062,Eastern Oregon Light & Pwr Co. LLC.,HY,NA,NA,1,01 - Rock Creek,0.85,2021,Unknown,Pelton,NA,NA,NA,NA,NA,NA,1.70502E+11,41001
hc9157_p01,hc9157_p01_1,GOUVERNEUR,44.335,-75.4714,"VILLAGE OF GOUVERNEUR, NEW YORK",HY,NA,NA,1,01 - GOUVERNEUR,0.08,1927,2007,Kaplan,James Leffel & Company,NA,NA,NA,NA,NA,041503020802,36089
hc9157_p01,hc9157_p01_2,GOUVERNEUR,44.335,-75.4714,"VILLAGE OF GOUVERNEUR, NEW YORK",HY,NA,NA,2,01 - GOUVERNEUR,0.08,1927,2007,Kaplan,James Leffel & Company,NA,NA,NA,NA,NA,041503020802,36089
hc9158_p01,hc9158_p01_1,Kupreanof Microhydro,56.8023,-132.996,Douglas Leen,HY,NA,NA,1,01 - Kupreanof Microhydro,0.0015,2021,Unknown,Unknown,NA,NA,NA,NA,NA,NA,1.90102E+11,NA
hc9159_p01,hc9159_p01_1,Division Booster Pump Station Project,48.420778,-122.297056,Skagit Public Utility District,HY,NA,NA,1,01 - Division Booster Pump Station Project,0.025,2021,Unknown,Unknown,NA,NA,NA,NA,NA,NA,1.711E+11,53057
hc9160_p01,hc9160_p01_1,McKenzie Reservoir Hydroelectric Facility,44.312768,-121.423556,Three Sisters Irrigation Distric,HY,NA,NA,1,01 - McKenzie Reservoir Hydroelectric Facility,0.3,2020,Unknown,Unknown,NA,NA,NA,NA,NA,NA,1.70703E+11,41017
hc9161_p01,hc9161_p01_1,Upper Collinsville,41.810503,-72.92556186,Canton Hydro LLC,HY,NA,NA,1,01 - Upper Collinsville,1,2021,Unknown,Kaplan,NA,NA,NA,NA,NA,NA,010802070402,09003
hc9162_p01,hc9162_p01_1,Dodd Hydroelectric Facility Project,40.108222,-105.196642,Left Hand Water District,HY,NA,NA,1,01 - Dodd Hydroelectric Facility Project,0.3,2020,Unknown,Unknown,NA,NA,NA,NA,NA,NA,1.019E+11,08013
hc9163_p01,hc9163_p01_1,Matilda Hamilton Fee Hydroelectric Station,37.67731,-83.9482,"Lock 12 Hydro Partners, LLC",HY,62747,1,1,01 - Matilda Hamilton Fee Hydroelectric Station,0.5,2021,Unknown,Kaplan,Flygt,NA,NA,NA,0.1,NA,051002040505,21065
hc9163_p01,hc9163_p01_2,Matilda Hamilton Fee Hydroelectric Station,37.67731,-83.9482,"Lock 12 Hydro Partners, LLC",HY,62747,2,2,01 - Matilda Hamilton Fee Hydroelectric Station,0.5,2021,Unknown,Kaplan,Flygt,NA,NA,NA,0.1,NA,051002040505,21065
hc9163_p01,hc9163_p01_3,Matilda Hamilton Fee Hydroelectric Station,37.67731,-83.9482,"Lock 12 Hydro Partners, LLC",HY,62747,3,3,01 - Matilda Hamilton Fee Hydroelectric Station,0.5,2021,Unknown,Kaplan,Flygt,NA,NA,NA,0.1,NA,051002040505,21065
hc9163_p01,hc9163_p01_4,Matilda Hamilton Fee Hydroelectric Station,37.67731,-83.9482,"Lock 12 Hydro Partners, LLC",HY,62747,4,4,01 - Matilda Hamilton Fee Hydroelectric Station,0.5,2021,Unknown,Kaplan,Flygt,NA,NA,NA,0.1,NA,051002040505,21065
hc9163_p01,hc9163_p01_5,Matilda Hamilton Fee Hydroelectric Station,37.67731,-83.9482,"Lock 12 Hydro Partners, LLC",HY,62747,5,5,01 - Matilda Hamilton Fee Hydroelectric Station,0.5,2021,Unknown,Kaplan,Flygt,NA,NA,NA,0.1,NA,051002040505,21065
hc9164_p01,hc9164_p01_1,Vinelands Power Plant,39.10163607,-108.3458013,Grand Valley Power LLC,HY,68234,GEN1,1,NA,4.5,2022,Unknown,Kaplan,Unknown,NA,NA,NA,NA,NA,1.401E+11,08077
hc9165_p01,hc9165_p01_1,Reservoirs 3 and 4 Energy Recovery Turbine Project,61.178897,-149.754503,Anchorage Water & Wastewater Utility,HY,NA,NA,1,01 - Reservoirs 3 and 4 Energy Recovery Turbine Project,0.037,2022,Unknown,5TR2,Cornell,NA,NA,NA,NA,NA,1.90204E+11,NA
hc9166_p01,hc9166_p01_1,Holyoke Number 2 Hydro Project,42.19888328,-72.61087284,Holyoke Gas & Electric Department,HY,NA,NA,1,01 - Holyoke Number 2 Hydro Project,0.8,1983,Unknown,Vertical,Unknown,NA,NA,NA,NA,NA,010802010702,25013
hc9167_p01,hc9167_p01_1,First Dam,41.74064166,-111.7917766,Utah State University,HY,NA,NA,1,01 - First Dam,0.3,1911,Unknown,Unknown,Unknown,NA,NA,NA,NA,NA,1.60102E+11,49005
hc9168_p01,hc9168_p01_1,Rio Blanco,18.268,-65.794,Puerto Rico Electric Pwr Authority,HY,61236,1,1,NA,2.5,1929,Unknown,Unknown,Unknown,NA,NA,NA,NA,NA,2.101E+11,NA
hc9168_p01,hc9168_p01_2,Rio Blanco,18.268,-65.794,Puerto Rico Electric Pwr Authority,HY,61236,2,2,NA,2.5,1929,Unknown,Unknown,Unknown,NA,NA,NA,NA,NA,2.101E+11,NA
hc9169_p01,hc9169_p01_1,Yauco,18.1105,-66.871,Puerto Rico Electric Pwr Authority,HY,61235,1,1,NA,4.5,1956,Unknown,Unknown,Unknown,NA,NA,NA,NA,NA,2.101E+11,NA
hc9169_p01,hc9169_p01_2,Yauco,18.1105,-66.871,Puerto Rico Electric Pwr Authority,HY,61235,2,2,NA,4.5,1956,Unknown,Unknown,Unknown,NA,NA,NA,NA,NA,2.101E+11,NA
hc9169_p01,hc9169_p01_3,Yauco,18.1105,-66.871,Puerto Rico Electric Pwr Authority,HY,61235,3,3,NA,25,1956,Unknown,Unknown,Unknown,NA,NA,NA,NA,NA,2.101E+11,NA
hc9170_p01,hc9170_p01_1,Toro Negro,18.1317,-66.488,Puerto Rico Electric Pwr Authority,HY,61231,1,1,NA,1.4,1937,Unknown,Unknown,Unknown,NA,NA,NA,NA,NA,2.101E+11,NA
hc9170_p01,hc9170_p01_2,Toro Negro,18.1317,-66.488,Puerto Rico Electric Pwr Authority,HY,61231,2,2,NA,1.4,1937,Unknown,Unknown,Unknown,NA,NA,NA,NA,NA,2.101E+11,NA
hc9170_p01,hc9170_p01_3,Toro Negro,18.1317,-66.488,Puerto Rico Electric Pwr Authority,HY,61231,3,3,NA,1.4,1937,Unknown,Unknown,Unknown,NA,NA,NA,NA,NA,2.101E+11,NA
hc9170_p01,hc9170_p01_4,Toro Negro,18.1317,-66.488,Puerto Rico Electric Pwr Authority,HY,61231,4,4,NA,4.3,1937,Unknown,Unknown,Unknown,NA,NA,NA,NA,NA,2.101E+11,NA
hc9171_p01,hc9171_p01_1,Patillas,18.017,-66.019,Puerto Rico Electric Pwr Authority,HY,61230,1,1,NA,0.8,1985,Unknown,Unknown,Unknown,NA,NA,NA,NA,NA,2.101E+11,NA
hc9171_p01,hc9171_p01_2,Patillas,18.017,-66.019,Puerto Rico Electric Pwr Authority,HY,61230,2,2,NA,0.6,1985,Unknown,Unknown,Unknown,NA,NA,NA,NA,NA,2.101E+11,NA
hc9172_p01,hc9172_p01_1,Garzas,18.0733,-66.73,Puerto Rico Electric Pwr Authority,HY,61229,1,1,NA,3.6,1941,Unknown,Unknown,Unknown,NA,NA,NA,NA,NA,2.101E+11,NA
hc9172_p01,hc9172_p01_2,Garzas,18.0733,-66.73,Puerto Rico Electric Pwr Authority,HY,61229,2,2,NA,3.6,1941,Unknown,Unknown,Unknown,NA,NA,NA,NA,NA,2.101E+11,NA
hc9172_p01,hc9172_p01_3,Garzas,18.0733,-66.73,Puerto Rico Electric Pwr Authority,HY,61229,3,3,NA,5,1941,Unknown,Unknown,Unknown,NA,NA,NA,NA,NA,2.101E+11,NA
hc9173_p01,hc9173_p01_1,Dos Bocas,18.337,-66.667,Puerto Rico Electric Pwr Authority,HY,61228,1,1,NA,5,1942,Unknown,Unknown,Unknown,NA,NA,NA,NA,NA,2.101E+11,NA
hc9173_p01,hc9173_p01_2,Dos Bocas,18.337,-66.667,Puerto Rico Electric Pwr Authority,HY,61228,2,2,NA,5,1942,Unknown,Unknown,Unknown,NA,NA,NA,NA,NA,2.101E+11,NA
hc9173_p01,hc9173_p01_3,Dos Bocas,18.337,-66.667,Puerto Rico Electric Pwr Authority,HY,61228,3,3,NA,5,1942,Unknown,Unknown,Unknown,NA,NA,NA,NA,NA,2.101E+11,NA
hc9174_p01,hc9174_p01_1,Caonillas,18.277,-66.656,Puerto Rico Electric Pwr Authority,HY,61225,1,1,NA,9,1949,Unknown,Unknown,Unknown,NA,NA,NA,NA,NA,2.101E+11,NA
hc9174_p01,hc9174_p01_2,Caonillas,18.277,-66.656,Puerto Rico Electric Pwr Authority,HY,61225,2,2,NA,9,1949,Unknown,Unknown,Unknown,NA,NA,NA,NA,NA,2.101E+11,NA
hc9174_p01,hc9174_p01_3,Caonillas,18.277,-66.656,Puerto Rico Electric Pwr Authority,HY,61225,3,3,NA,4,1949,Unknown,Unknown,Unknown,NA,NA,NA,NA,NA,2.101E+11,NA
hc9175_p01,hc9175_p01_1,Albion Dam,41.94059301,-71.43535121,"Albion Hydro, LLC",HY,NA,NA,1,NA,0.215,2023,Unknown,Archimedes Screw,"New England Hydropower Company, LLC",NA,NA,NA,NA,NA,010900030208,44007
hc9175_p01,hc9175_p01_2,Albion Dam,41.94059301,-71.43535121,"Albion Hydro, LLC",HY,NA,NA,2,NA,0.215,2023,Unknown,Archimedes Screw,"New England Hydropower Company, LLC",NA,NA,NA,NA,NA,010900030208,44007
hc9176_p01,hc9176_p01_1,Taylor Park Dam,38.818535,-106.608495,Uncompahgre Valley Water Users Association,HY,NA,NA,1,NA,0.5,2024,NA,Francis,Canyon Hydro,NA,NA,NA,NA,NA,1.402E+11,08051
hc9178_p01,hc9178_p01_1,Sexton Mountain Pump Station Hydroelectric Project,45.459307,-122.827228,"City of Beaverton, Oregon",HY,NA,NA,1,NA,0.1,2024,NA,Unknown,Unknown,NA,NA,NA,NA,NA,1.709E+11,41067
hc9178_p01,hc9178_p01_2,Sexton Mountain Pump Station Hydroelectric Project,45.459307,-122.827228,"City of Beaverton, Oregon",HY,NA,NA,2,NA,0.1,2024,NA,Unknown,Unknown,NA,NA,NA,NA,NA,1.709E+11,41067
hc9179_p01,hc9179_p01_1,Whitlock Hydroelectric Facility Project,38.272642,-104.647931,"Board of Water Works of Pueblo, Colorado",HY,NA,NA,1,NA,0.5,2024,NA,Francis,Gugler,NA,NA,NA,NA,NA,1.102E+11,08101
hc9180_p01,hc9180_p01_1,Tank 7 In-Conduit,38.63724311,-121.0597957,El Dorado Irrigation District,HY,NA,NA,1,NA,0.21,2016,NA,Pump,"Domenichelli & Associates, Inc.",NA,NA,NA,NA,NA,1.804E+11,06017
hc9180_p01,hc9180_p01_2,Tank 7 In-Conduit,38.63724311,-121.0597957,El Dorado Irrigation District,HY,NA,NA,2,NA,0.21,2016,NA,Pump,"Domenichelli & Associates, Inc.",NA,NA,NA,NA,NA,1.804E+11,06017
hc9181_p01,hc9181_p01_1,DeWitt Pipeline Hydroelectric Project,41.7451706,-111.7875467,Logan City,HY,NA,NA,1,NA,0.2,2011,NA,Francis,Canyon Hydro,NA,NA,NA,NA,NA,1.60102E+11,49005
hc9182_p01,hc9182_p01_1,Fontana,34.155162,-117.397119,Southern California Edison Co,HY,332,1,1,NA,1.5,1917,Unknown,Unknown,Unknown,NA,NA,NA,NA,NA,1.80702E+11,06071
hc9182_p01,hc9182_p01_2,Fontana,34.155162,-117.397119,Southern California Edison Co,HY,332,2,2,NA,1.5,1917,Unknown,Unknown,Unknown,NA,NA,NA,NA,NA,1.80702E+11,06071
hc9183_p01,hc9183_p01_1,92nd Avenue Pressure Relief Valve Facility Project,61.304167,-149.87,Anchorage Water & Wastewater Utility,HY,NA,NA,1,NA,0.045,2024,NA,10TR2,Cornell,NA,NA,NA,NA,NA,1.90204E+11,NA
hc9184_p01,hc9184_p01_1,Sexton Mountain Pump Station Hydroelectric Project,45.459307,-122.827228,"City of Beaverton, Oregon",HY,NA,NA,1,NA,0.2,2024,Unknown,Unknown,Unknown,NA,NA,NA,NA,NA,NA,41067
hc9185_p01,hc9185_p01_1,Packers Creek hydro powerhouse,56.3074058,-158.5266658,Chignik Lagoon Electric Utility,HY,NA,NA,1,NA,0.167,2015,Unknown,Unknown,Unknown,NA,NA,NA,NA,NA,NA,NA
hc9186_p01,hc9186_p01_1,Juniper Creek,61.25682759,-149.277305,"Ram Valley, LLC",HY,NA,NA,1,NA,0.3,2021,Unknown,Unknown,Unknown,NA,NA,NA,NA,NA,NA,NA
